game_date,game_pk,away_team,home_team,away_starter,home_starter,predicted_winner,home_win_prob,away_win_prob,commence_time,home_ml,away_ml,best_ev,best_ev_odds,bet_recommended,units_bet,units_profit,running_units_bet,running_units_profit,running_roi,model_version,actual_winner,home_score,away_score,status,correct
2026-03-25,823244,NYY,SF,Max Fried,Logan Webb,SF,0.5270777311033198,0.4729222688966802,2026-03-26T00:05:00Z,,,,,,,,,,,v2:logistic:through_2025-09-28,NYY,0,7,Final,0.0
2026-03-26,823081,TB,STL,Drew Rasmussen,Matthew Liberatore,STL,0.5241617124559428,0.4758382875440572,2026-03-26T20:15:00Z,,,,,,,,,,,v2:logistic:through_2025-09-28,STL,9,7,Final,1.0
2026-03-26,823163,CLE,SEA,Tanner Bibee,Logan Gilbert,SEA,0.5222731719532508,0.4777268280467491,2026-03-27T02:10:00Z,,,,,,,,,,,v2:logistic:through_2025-09-28,CLE,4,6,Final,0.0
2026-03-26,823325,DET,SD,Tarik Skubal,Nick Pivetta,SD,0.5458213618229729,0.4541786381770271,2026-03-26T20:10:00Z,,,,,,,,,,,v2:logistic:through_2025-09-28,DET,2,8,Final,0.0
2026-03-26,823486,TEX,PHI,Nathan Eovaldi,Cristopher Sánchez,PHI,0.5523660413186899,0.44763395868131,2026-03-26T20:15:00Z,,,,,,,,,,,v2:logistic:through_2025-09-28,PHI,5,3,Final,1.0
2026-03-26,823649,PIT,NYM,Paul Skenes,Freddy Peralta,NYM,0.5178401578339715,0.4821598421660285,2026-03-26T17:15:00Z,,,,,,,,,,,v2:logistic:through_2025-09-28,NYM,11,7,Final,1.0
2026-03-26,823812,CWS,MIL,Shane Smith,Jacob Misiorowski,MIL,0.5470934667682147,0.4529065332317853,2026-03-26T18:10:00Z,,,,,,,,,,,v2:logistic:through_2025-09-28,MIL,14,2,Final,1.0
2026-03-26,823974,AZ,LAD,Zac Gallen,Yoshinobu Yamamoto,LAD,0.5425210857067737,0.4574789142932263,2026-03-27T00:30:00Z,,,,,,,,,,,v2:logistic:through_2025-09-28,LAD,8,2,Final,1.0
2026-03-26,824218,LAA,HOU,José Soriano,Hunter Brown,HOU,0.5562202831413919,0.443779716858608,2026-03-26T20:10:00Z,,,,,,,,,,,v2:logistic:through_2025-09-28,LAA,0,3,Final,0.0
2026-03-26,824541,BOS,CIN,Garrett Crochet,Andrew Abbott,CIN,0.5189670048764274,0.4810329951235725,2026-03-26T20:10:00Z,,,,,,,,,,,v2:logistic:through_2025-09-28,BOS,0,3,Final,0.0
2026-03-26,824704,WSH,CHC,Cade Cavalli,Matthew Boyd,CHC,0.5612381840936537,0.4387618159063463,2026-03-26T18:20:00Z,,,,,,,,,,,v2:logistic:through_2025-09-28,WSH,4,10,Final,0.0
2026-03-26,824865,MIN,BAL,Joe Ryan,Trevor Rogers,BAL,0.5331123734575163,0.4668876265424837,2026-03-26T19:05:00Z,,,,,,,,,,,v2:logistic:through_2025-09-28,BAL,2,1,Final,1.0
2026-03-27,822839,ATH,TOR,Luis Severino,Kevin Gausman,TOR,0.5574108834106164,0.4425891165893836,2026-03-27T23:07:00Z,,,,,,,,,,,v2:logistic:through_2025-09-28,TOR,3,2,Final,1.0
2026-03-27,823162,CLE,SEA,Gavin Williams,George Kirby,CLE,0.4461901205468526,0.5538098794531474,2026-03-28T01:45:00Z,,,,,,,,,,,v2:logistic:through_2025-09-28,SEA,5,1,Final,0.0
2026-03-27,823243,NYY,SF,Cam Schlittler,Robbie Ray,NYY,0.4140163998484981,0.5859836001515019,2026-03-27T20:35:00Z,,,,,,,,,,,v2:logistic:through_2025-09-28,NYY,0,3,Final,1.0
2026-03-27,823324,DET,SD,Framber Valdez,Michael King,DET,0.4693407642798179,0.530659235720182,2026-03-28T01:40:00Z,,,,,,,,,,,v2:logistic:through_2025-09-28,DET,2,5,Final,1.0
2026-03-27,823893,COL,MIA,Kyle Freeland,Sandy Alcantara,MIA,0.5660093864864668,0.4339906135135332,2026-03-27T23:10:00Z,,,,,,,,,,,v2:logistic:through_2025-09-28,MIA,2,1,Final,1.0
2026-03-27,823971,AZ,LAD,Ryne Nelson,Emmet Sheehan,LAD,0.644686036033567,0.355313963966433,2026-03-28T02:10:00Z,,,,,,,,,,,v2:logistic:through_2025-09-28,LAD,5,4,Final,1.0
2026-03-27,824216,LAA,HOU,Yusei Kikuchi,Mike Burrows,LAA,0.4653964143044116,0.5346035856955884,2026-03-28T00:15:00Z,,,,,,,,,,,v2:logistic:through_2025-09-28,LAA,2,6,Final,1.0
2026-03-27,824946,KC,ATL,Cole Ragans,Chris Sale,ATL,0.5337732879126192,0.4662267120873807,2026-03-27T23:15:00Z,,,,,,,,,,,v2:logistic:through_2025-09-28,ATL,6,0,Final,1.0
2026-03-28,822838,ATH,TOR,Jeffrey Springs,Dylan Cease,TOR,0.648361423429792,0.351638576570208,2026-03-28T19:07:00Z,,,,,,,,,,,v2:logistic:through_2025-09-28,TOR,8,7,Final,1.0
2026-03-28,823082,TB,STL,Joe Boyle,Michael McGreevy,STL,0.5867444861006008,0.4132555138993992,2026-03-28T18:15:00Z,,,,,,,,,,,v2:logistic:through_2025-09-28,STL,6,5,Final,1.0
2026-03-28,823161,CLE,SEA,Joey Cantillo,Bryan Woo,SEA,0.5283361246259417,0.4716638753740583,2026-03-29T01:40:00Z,,,,,,,,,,,v2:logistic:through_2025-09-28,CLE,5,6,Final,0.0
2026-03-28,823241,NYY,SF,Will Warren,Tyler Mahle,NYY,0.4184209504536165,0.5815790495463835,2026-03-28T23:15:00Z,,,,,,,,,,,v2:logistic:through_2025-09-28,NYY,1,3,Final,1.0
2026-03-28,823323,DET,SD,Jack Flaherty,Randy Vásquez,DET,0.4612259752304295,0.5387740247695705,2026-03-29T00:40:00Z,,,,,,,,,,,v2:logistic:through_2025-09-28,SD,3,0,Final,0.0
2026-03-28,823488,TEX,PHI,Jacob Latz,Aaron Nola,PHI,0.6272206835109124,0.3727793164890876,2026-03-28T20:05:00Z,,,,,,,,,,,v2:logistic:through_2025-09-28,TEX,4,5,Final,0.0
2026-03-28,823651,PIT,NYM,Mitch Keller,David Peterson,NYM,0.6172801179894574,0.3827198820105426,2026-03-28T20:10:00Z,,,,,,,,,,,v2:logistic:through_2025-09-28,NYM,4,2,Final,1.0
2026-03-28,823811,CWS,MIL,Sean Burke,Chad Patrick,MIL,0.6894697547945742,0.3105302452054258,2026-03-28T23:10:00Z,,,,,,,,,,,v2:logistic:through_2025-09-28,MIL,6,1,Final,1.0
2026-03-28,823892,COL,MIA,Michael Lorenzen,Eury Pérez,MIA,0.6356193481834447,0.3643806518165553,2026-03-28T20:10:00Z,,,,,,,,,,,v2:logistic:through_2025-09-28,MIA,4,3,Final,1.0
2026-03-28,823973,AZ,LAD,Eduardo Rodriguez,Tyler Glasnow,LAD,0.6328777866517652,0.3671222133482348,2026-03-29T01:10:00Z,,,,,,,,,,,v2:logistic:through_2025-09-28,LAD,3,2,Final,1.0
2026-03-28,824213,LAA,HOU,Reid Detmers,Cristian Javier,LAA,0.4477656655948756,0.5522343344051244,2026-03-28T23:10:00Z,,,,,,,,,,,v2:logistic:through_2025-09-28,HOU,11,9,Final,0.0
2026-03-28,824540,BOS,CIN,Sonny Gray,Brady Singer,BOS,0.416707856983957,0.5832921430160429,2026-03-28T20:10:00Z,,,,,,,,,,,v2:logistic:through_2025-09-28,CIN,6,5,Final,0.0
2026-03-28,824701,WSH,CHC,Miles Mikolas,Cade Horton,WSH,0.4914938525084676,0.5085061474915323,2026-03-28T18:20:00Z,,,,,,,,,,,v2:logistic:through_2025-09-28,CHC,10,2,Final,0.0
2026-03-28,824862,MIN,BAL,Taj Bradley,Kyle Bradish,BAL,0.5901445020860431,0.4098554979139569,2026-03-28T20:05:00Z,,,,,,,,,,,v2:logistic:through_2025-09-28,MIN,1,4,Final,0.0
2026-03-28,824945,KC,ATL,Michael Wacha,Reynaldo López,ATL,0.6627778946628079,0.3372221053371921,2026-03-28T23:15:00Z,,,,,,,,,,,v2:logistic:through_2025-09-28,ATL,6,2,Final,1.0
2026-03-29,822837,ATH,TOR,Luis Morales,Eric Lauer,TOR,0.6601345007310162,0.3398654992689838,2026-03-29T17:37:00Z,,,,,,,,,,,v2:logistic:through_2025-09-28,TOR,5,2,Final,1.0
2026-03-29,823079,TB,STL,Steven Matz,Dustin May,STL,0.5800553141899274,0.4199446858100726,2026-03-29T18:15:00Z,,,,,,,,,,,v2:logistic:through_2025-09-28,TB,7,11,Final,0.0
2026-03-29,823160,CLE,SEA,Slade Cecconi,Emerson Hancock,CLE,0.4969657647734237,0.5030342352265762,2026-03-29T23:20:00Z,,,,,,,,,,,v2:logistic:through_2025-09-28,SEA,8,0,Final,0.0
2026-03-29,823487,TEX,PHI,MacKenzie Gore,Jesús Luzardo,PHI,0.5518177557351441,0.4481822442648558,2026-03-29T17:35:00Z,,,,,,,,,,,v2:logistic:through_2025-09-28,TEX,3,8,Final,0.0
2026-03-29,823647,PIT,NYM,Carmen Mlodzinski,Nolan McLean,NYM,0.6163513896398236,0.3836486103601764,2026-03-29T17:40:00Z,,,,,,,,,,,v2:logistic:through_2025-09-28,PIT,3,4,Final,0.0
2026-03-29,823810,CWS,MIL,Anthony Kay,Brandon Sproat,MIL,0.6622735009554459,0.3377264990445541,2026-03-29T18:10:00Z,,,,,,,,,,,v2:logistic:through_2025-09-28,MIL,9,7,Final,1.0
2026-03-29,823891,COL,MIA,Jose Quintana,Max Meyer,MIA,0.6504227917866727,0.3495772082133273,2026-03-29T17:40:00Z,,,,,,,,,,,v2:logistic:through_2025-09-28,MIA,4,3,Final,1.0
2026-03-29,824215,LAA,HOU,Jack Kochanowicz,Tatsuya Imai,LAA,0.4978945855063701,0.5021054144936299,2026-03-29T18:10:00Z,,,,,,,,,,,v2:logistic:through_2025-09-28,HOU,9,7,Final,0.0
2026-03-29,824538,BOS,CIN,Connelly Early,Rhett Lowder,BOS,0.4818385969217993,0.5181614030782007,2026-03-29T17:40:00Z,,,,,,,,,,,v2:logistic:through_2025-09-28,CIN,3,2,Final,0.0
2026-03-29,824700,WSH,CHC,Jake Irvin,Shota Imanaga,CHC,0.5772933594701758,0.4227066405298242,2026-03-29T18:20:00Z,,,,,,,,,,,v2:logistic:through_2025-09-28,WSH,3,6,Final,0.0
2026-03-29,824864,MIN,BAL,Bailey Ober,Shane Baz,BAL,0.5129685550497771,0.4870314449502229,2026-03-29T17:35:00Z,,,,,,,,,,,v2:logistic:through_2025-09-28,BAL,8,6,Final,1.0
2026-03-29,824944,KC,ATL,Seth Lugo,Grant Holmes,ATL,0.6691430135221069,0.3308569864778931,2026-03-29T17:35:00Z,,,,,,,,,,,v2:logistic:through_2025-09-28,KC,1,4,Final,0.0
2026-03-30,822834,COL,TOR,Tomoyuki Sugano,Cody Ponce,TOR,0.6557511034034684,0.3442488965965316,2026-03-30T23:07:00Z,,,,,,,,,,,v2:logistic:through_2025-09-28,COL,5,14,Final,0.0
2026-03-30,823080,NYM,STL,Clay Holmes,Kyle Leahy,STL,0.5366588556327893,0.4633411443672107,2026-03-30T23:45:00Z,,,,,,,,,,,v2:logistic:through_2025-09-28,NYM,2,4,Final,0.0
2026-03-30,823159,NYY,SEA,Ryan Weathers,Luis Castillo,SEA,0.5094717514353161,0.4905282485646839,2026-03-31T01:40:00Z,,,,,,,,,,,v2:logistic:through_2025-09-28,SEA,2,1,Final,1.0
2026-03-30,823320,SF,SD,Landen Roupp,Walker Buehler,SD,0.5627961626086897,0.4372038373913103,2026-03-31T01:40:00Z,,,,,,,,,,,v2:logistic:through_2025-09-28,SF,2,3,Final,0.0
2026-03-30,823484,WSH,PHI,Foster Griffin,Taijuan Walker,WSH,0.489241618583465,0.510758381416535,2026-03-30T22:40:00Z,,,,,,,,,,,v2:logistic:through_2025-09-28,WSH,2,13,Final,1.0
2026-03-30,823809,TB,MIL,Nick Martinez,Kyle Harrison,MIL,0.6079977346885151,0.3920022653114848,2026-03-30T23:40:00Z,,,,,,,,,,,v2:logistic:through_2025-09-28,TB,2,3,Final,0.0
2026-03-30,823890,CWS,MIA,Davis Martin,Chris Paddack,MIA,0.6293642141746438,0.3706357858253561,2026-03-30T22:40:00Z,,,,,,,,,,,v2:logistic:through_2025-09-28,CWS,4,9,Final,0.0
2026-03-30,823972,CLE,LAD,Parker Messick,Roki Sasaki,LAD,0.55780214243407,0.44219785756593,2026-03-31T02:10:00Z,,,,,,,,,,,v2:logistic:through_2025-09-28,CLE,2,4,Final,0.0
2026-03-30,824135,MIN,KC,Simeon Woods Richardson,Kris Bubic,KC,0.5307712220234045,0.4692287779765954,2026-03-30T20:10:00Z,,,,,,,,,,,v2:logistic:through_2025-09-28,KC,3,1,Final,1.0
2026-03-30,824214,BOS,HOU,Ranger Suarez,Lance McCullers Jr.,HOU,0.5327908081113081,0.4672091918886919,2026-03-31T00:10:00Z,,,,,,,,,,,v2:logistic:through_2025-09-28,HOU,8,1,Final,1.0
2026-03-30,824539,PIT,CIN,Braxton Ashcraft,Chase Burns,CIN,0.5258449342836722,0.4741550657163278,2026-03-30T22:40:00Z,,,,,,,,,,,v2:logistic:through_2025-09-28,CIN,2,0,Final,1.0
2026-03-30,824702,LAA,CHC,Ryan Johnson,Edward Cabrera,CHC,0.5207283282153329,0.4792716717846671,2026-03-30T23:40:00Z,,,,,,,,,,,v2:logistic:through_2025-09-28,CHC,7,2,Final,1.0
2026-03-30,824863,TEX,BAL,Jack Leiter,Chris Bassitt,BAL,0.5222964857063498,0.4777035142936502,2026-03-30T22:35:00Z,,,,,,,,,,,v2:logistic:through_2025-09-28,TEX,2,5,Final,0.0
2026-03-30,824943,ATH,ATL,Jacob Lopez,Bryce Elder,ATL,0.6499506056297255,0.3500493943702745,2026-03-30T23:15:00Z,,,,,,,,,,,v2:logistic:through_2025-09-28,ATL,4,0,Final,1.0
2026-03-30,825108,DET,AZ,Justin Verlander,Michael Soroka,DET,0.4799931712043807,0.5200068287956192,2026-03-31T02:10:00Z,,,,,,,,,,,v2:logistic:through_2025-09-28,AZ,9,6,Final,0.0
2026-03-31,822836,COL,TOR,Ryan Feltner,Max Scherzer,TOR,0.5821039718042703,0.4178960281957297,2026-03-31T23:07:00Z,,,,,,,,,,,v2:logistic:through_2025-09-28,TOR,5,1,Final,1.0
2026-03-31,823077,NYM,STL,Kodai Senga,Andre Pallante,NYM,0.4859590199182806,0.5140409800817194,2026-03-31T23:45:00Z,,,,,,,,,,,v2:logistic:through_2025-09-28,STL,3,0,Final,0.0
2026-03-31,823158,NYY,SEA,Max Fried,Logan Gilbert,SEA,0.5445451921229737,0.4554548078770263,2026-04-01T01:40:00Z,,,,,,,,,,,v2:logistic:through_2025-09-28,NYY,0,5,Final,0.0
2026-03-31,823322,SF,SD,Logan Webb,Germán Márquez,SD,0.5024511641508852,0.4975488358491148,2026-04-01T01:40:00Z,,,,,,,,,,,v2:logistic:through_2025-09-28,SF,3,9,Final,0.0
2026-03-31,823485,WSH,PHI,PJ Poulin,Andrew Painter,WSH,0.4634924555733551,0.5365075444266449,2026-03-31T22:40:00Z,,,,,,,,,,,v2:logistic:through_2025-09-28,PHI,3,2,Final,0.0
2026-03-31,823807,TB,MIL,Shane McClanahan,Brandon Woodruff,MIL,0.580109131120212,0.419890868879788,2026-03-31T23:40:00Z,,,,,,,,,,,v2:logistic:through_2025-09-28,MIL,6,2,Final,1.0
2026-03-31,823888,CWS,MIA,Erick Fedde,Janson Junk,MIA,0.6211255544529707,0.3788744455470293,2026-03-31T22:40:00Z,,,,,,,,,,,v2:logistic:through_2025-09-28,MIA,9,2,Final,1.0
2026-03-31,823969,CLE,LAD,Tanner Bibee,Shohei Ohtani,LAD,0.5787939190306286,0.4212060809693714,2026-04-01T02:10:00Z,,,,,,,,,,,v2:logistic:through_2025-09-28,LAD,4,1,Final,1.0
2026-03-31,824212,BOS,HOU,Brayan Bello,Hunter Brown,HOU,0.5969489613202704,0.4030510386797296,2026-04-01T00:10:00Z,,,,,,,,,,,v2:logistic:through_2025-09-28,HOU,9,2,Final,1.0
2026-03-31,824537,PIT,CIN,Bubba Chandler,Brandon Williamson,CIN,0.5090312097548043,0.4909687902451957,2026-03-31T22:40:00Z,,,,,,,,,,,v2:logistic:through_2025-09-28,PIT,3,8,Final,0.0
2026-03-31,824699,LAA,CHC,José Soriano,Jameson Taillon,CHC,0.551462591895486,0.448537408104514,2026-03-31T23:40:00Z,,,,,,,,,,,v2:logistic:through_2025-09-28,LAA,0,2,Final,0.0
2026-03-31,824861,TEX,BAL,Jacob deGrom,Zach Eflin,TEX,0.4879133951669099,0.5120866048330901,2026-03-31T22:35:00Z,,,,,,,,,,,v2:logistic:through_2025-09-28,TEX,5,8,Final,1.0
2026-03-31,824942,ATH,ATL,Aaron Civale,José Suarez,ATL,0.6568614828979775,0.3431385171020225,2026-03-31T23:15:00Z,,,,,,,,,,,v2:logistic:through_2025-09-28,ATH,2,5,Final,0.0
2026-03-31,825107,DET,AZ,Casey Mize,Brandon Pfaadt,AZ,0.5052645349606965,0.4947354650393035,2026-04-01T01:40:00Z,,,,,,,,,,,v2:logistic:through_2025-09-28,AZ,7,5,Final,1.0
2026-04-01,822835,COL,TOR,Kyle Freeland,Kevin Gausman,TOR,0.6632817847830355,0.3367182152169645,2026-04-01T17:07:00Z,,,,,,,,,,,v2:logistic:through_2025-09-28,COL,1,2,Final,0.0
2026-04-01,823078,NYM,STL,Freddy Peralta,Matthew Liberatore,NYM,0.4716521014547183,0.5283478985452816,2026-04-01T17:15:00Z,,,,,,,,,,,v2:logistic:through_2025-09-28,STL,2,1,Final,0.0
2026-04-01,823157,NYY,SEA,Cam Schlittler,George Kirby,NYY,0.4821331098756501,0.5178668901243498,2026-04-01T20:10:00Z,,,,,,,,,,,v2:logistic:through_2025-09-28,NYY,3,5,Final,1.0
2026-04-01,823321,SF,SD,Adrian Houser,Nick Pivetta,SD,0.5094335607161863,0.4905664392838137,2026-04-01T20:10:00Z,,,,,,,,,,,v2:logistic:through_2025-09-28,SD,7,1,Final,1.0
2026-04-01,823483,WSH,PHI,Cade Cavalli,Cristopher Sánchez,PHI,0.551025534168523,0.448974465831477,2026-04-01T17:05:00Z,,,,,,,,,,,v2:logistic:through_2025-09-28,PHI,6,5,Final,1.0
2026-04-01,823806,TB,MIL,Drew Rasmussen,Jacob Misiorowski,MIL,0.6286991037855026,0.3713008962144973,2026-04-01T17:40:00Z,,,,,,,,,,,v2:logistic:through_2025-09-28,MIL,8,2,Final,1.0
2026-04-01,823889,CWS,MIA,Shane Smith,Sandy Alcantara,MIA,0.6424988517281607,0.3575011482718393,2026-04-01T17:10:00Z,,,,,,,,,,,v2:logistic:through_2025-09-28,MIA,10,0,Final,1.0
2026-04-01,823970,CLE,LAD,Gavin Williams,Yoshinobu Yamamoto,LAD,0.609145579026486,0.3908544209735139,2026-04-02T00:20:00Z,,,,,,,,,,,v2:logistic:through_2025-09-28,CLE,1,4,Final,0.0
2026-04-01,824136,MIN,KC,Joe Ryan,Noah Cameron,KC,0.5474909797156442,0.4525090202843558,2026-04-01T23:40:00Z,,,,,,,,,,,v2:logistic:through_2025-09-28,KC,13,9,Final,1.0
2026-04-01,824211,BOS,HOU,Garrett Crochet,Mike Burrows,HOU,0.6043031704656805,0.3956968295343195,2026-04-01T18:10:00Z,,,,,,,,,,,v2:logistic:through_2025-09-28,HOU,6,4,Final,1.0
2026-04-01,824536,PIT,CIN,Paul Skenes,Andrew Abbott,CIN,0.526357019316576,0.473642980683424,2026-04-01T16:40:00Z,,,,,,,,,,,v2:logistic:through_2025-09-28,PIT,3,8,Final,0.0
2026-04-01,824698,LAA,CHC,Yusei Kikuchi,Matthew Boyd,CHC,0.5645128096776432,0.4354871903223568,2026-04-01T18:20:00Z,,,,,,,,,,,v2:logistic:through_2025-09-28,CHC,6,2,Final,1.0
2026-04-01,824860,TEX,BAL,Nathan Eovaldi,Trevor Rogers,TEX,0.4599418542613626,0.5400581457386373,2026-04-01T16:35:00Z,,,,,,,,,,,v2:logistic:through_2025-09-28,BAL,8,3,Final,0.0
2026-04-01,824940,ATH,ATL,Luis Severino,Chris Sale,ATL,0.652353240359573,0.347646759640427,2026-04-01T16:15:00Z,,,,,,,,,,,v2:logistic:through_2025-09-28,ATL,5,1,Final,1.0
2026-04-01,825106,DET,AZ,Tarik Skubal,Zac Gallen,AZ,0.5008621547232359,0.4991378452767641,2026-04-01T19:40:00Z,,,,,,,,,,,v2:logistic:through_2025-09-28,AZ,1,0,Final,1.0
2026-04-02,823242,NYM,SF,David Peterson,Robbie Ray,SF,0.5130464399528097,0.4869535600471902,2026-04-03T01:45:00Z,,,,,,,,,,,v2:logistic:through_2025-09-28,SF,7.0,2.0,Final,1.0
2026-04-02,824133,MIN,KC,Taj Bradley,Cole Ragans,KC,0.5690047993126092,0.4309952006873908,2026-04-02T18:10:00Z,,,,,,,,,,,v2:logistic:through_2025-09-28,MIN,1.0,5.0,Final,0.0
2026-04-02,825105,ATL,AZ,Reynaldo López,Ryne Nelson,ATL,0.4783126389452681,0.5216873610547319,2026-04-03T01:40:00Z,,,,,,,,,,,v2:logistic:through_2025-09-28,ATL,2.0,17.0,Final,1.0
2026-04-03,822758,LAD,WSH,Emmet Sheehan,Miles Mikolas,LAD,0.4816407582153034,0.5183592417846966,2026-04-03T17:05:00Z,,,,,,,,,,,v2:logistic:through_2025-09-28,LAD,6.0,13.0,Final,1.0
2026-04-03,822919,CIN,TEX,Brady Singer,MacKenzie Gore,TEX,0.5693007031083245,0.4306992968916755,2026-04-03T20:05:00Z,,,,,,,,,,,v2:logistic:through_2025-09-28,CIN,3.0,5.0,Final,0.0
2026-04-03,823240,NYM,SF,Nolan McLean,Tyler Mahle,SF,0.5184522547767514,0.4815477452232486,2026-04-04T02:15:00Z,,,,,,,,,,,v2:logistic:through_2025-09-28,NYM,3.0,10.0,Final,0.0
2026-04-03,823406,BAL,PIT,Kyle Bradish,Mitch Keller,PIT,0.542956255859574,0.457043744140426,2026-04-03T20:12:00Z,,,,,,,,,,,v2:logistic:through_2025-09-28,PIT,5.0,4.0,Final,1.0
2026-04-03,823568,MIA,NYY,Eury Pérez,Will Warren,MIA,0.4418981866807407,0.5581018133192592,2026-04-03T17:35:00Z,,,,,,,,,,,v2:logistic:through_2025-09-28,NYY,8.0,2.0,Final,0.0
2026-04-03,823732,TB,MIN,Joe Boyle,Bailey Ober,MIN,0.518493685103633,0.4815063148963669,2026-04-03T20:10:00Z,,,,,,,,,,,v2:logistic:through_2025-09-28,MIN,10.0,4.0,Final,1.0
2026-04-03,824056,SEA,LAA,Bryan Woo,Reid Detmers,LAA,0.5126976982355441,0.4873023017644559,2026-04-04T01:38:00Z,,,,,,,,,,,v2:logistic:through_2025-09-28,SEA,1.0,3.0,Final,0.0
2026-04-03,824299,STL,DET,Michael McGreevy,Framber Valdez,DET,0.5183401027924164,0.4816598972075836,2026-04-03T17:10:00Z,,,,,,,,,,,v2:logistic:through_2025-09-28,DET,4.0,0.0,Final,1.0
2026-04-03,824377,PHI,COL,Aaron Nola,Michael Lorenzen,PHI,0.4994316800946065,0.5005683199053934,2026-04-03T20:10:00Z,,,,,,,,,,,v2:logistic:through_2025-09-28,PHI,1.0,10.0,Final,1.0
2026-04-03,824458,CHC,CLE,Cade Horton,Joey Cantillo,CLE,0.5064308321386861,0.4935691678613139,2026-04-03T20:10:00Z,,,,,,,,,,,v2:logistic:through_2025-09-28,CLE,4.0,1.0,Final,1.0
2026-04-03,824621,TOR,CWS,Dylan Cease,Grant Taylor,TOR,0.4470459351051042,0.5529540648948957,2026-04-03T18:10:00Z,,,,,,,,,,,v2:logistic:through_2025-09-28,CWS,5.0,4.0,Final,0.0
2026-04-03,824786,SD,BOS,Michael King,Sonny Gray,BOS,0.5266370680457224,0.4733629319542776,2026-04-03T18:10:00Z,,,,,,,,,,,v2:logistic:through_2025-09-28,BOS,5.0,2.0,Final,1.0
2026-04-03,825026,HOU,ATH,Cristian Javier,Jeffrey Springs,HOU,0.4281976918519305,0.5718023081480694,2026-04-04T01:40:00Z,,,,,,,,,,,v2:logistic:through_2025-09-28,ATH,11.0,4.0,Final,0.0
2026-04-03,825103,ATL,AZ,Grant Holmes,Eduardo Rodriguez,ATL,0.4541440235565696,0.5458559764434303,2026-04-04T01:45:00Z,,,,,,,,,,,v2:logistic:through_2025-09-28,ATL,0.0,2.0,Final,1.0
2026-04-04,822757,LAD,WSH,Tyler Glasnow,Jake Irvin,LAD,0.4818858735457006,0.5181141264542993,2026-04-04T20:05:00Z,,,,,,,,,,,v2:logistic:through_2025-09-28,LAD,5.0,10.0,Final,1.0
2026-04-04,822920,CIN,TEX,Rhett Lowder,Kumar Rocker,TEX,0.5579259298384635,0.4420740701615365,2026-04-04T23:05:00Z,,,,,,,,,,,v2:logistic:through_2025-09-28,CIN,0.0,2.0,Final,0.0
2026-04-04,823239,NYM,SF,Clay Holmes,Landen Roupp,SF,0.5137774672426066,0.4862225327573933,2026-04-05T01:05:00Z,,,,,,,,,,,v2:logistic:through_2025-09-28,NYM,0.0,9.0,Final,0.0
2026-04-04,823404,BAL,PIT,Shane Baz,Carmen Mlodzinski,PIT,0.5684068201609711,0.4315931798390289,2026-04-04T20:05:00Z,,,,,,,,,,,v2:logistic:through_2025-09-28,PIT,3.0,2.0,Final,1.0
2026-04-04,823569,MIA,NYY,Max Meyer,Ryan Weathers,NYY,0.5284241571484343,0.4715758428515657,2026-04-04T23:05:00Z,,,,,,,,,,,v2:logistic:through_2025-09-28,NYY,9.0,7.0,Final,1.0
2026-04-04,823730,TB,MIN,Steven Matz,Mick Abel,MIN,0.5441251457766968,0.4558748542233032,2026-04-04T23:10:00Z,,,,,,,,,,,v2:logistic:through_2025-09-28,TB,1.0,7.0,Final,0.0
2026-04-04,824054,SEA,LAA,Emerson Hancock,Jack Kochanowicz,SEA,0.4340539312002409,0.5659460687997591,2026-04-05T01:38:00Z,,,,,,,,,,,v2:logistic:through_2025-09-28,LAA,1.0,0.0,Final,0.0
2026-04-04,824132,MIL,KC,Chad Patrick,Luinder Avila,MIL,0.4829187952352694,0.5170812047647306,2026-04-04T18:10:00Z,,,,,,,,,,,v2:logistic:through_2025-09-28,MIL,2.0,5.0,Final,1.0
2026-04-04,824134,MIL,KC,Logan Henderson,Seth Lugo,MIL,0.4467140261346934,0.5532859738653065,2026-04-04T23:10:00Z,,,,,,,,,,,v2:logistic:through_2025-09-28,KC,8.0,2.0,Final,0.0
2026-04-04,824295,STL,DET,Dustin May,Jack Flaherty,DET,0.5355822393736112,0.4644177606263888,2026-04-04T17:10:00Z,,,,,,,,,,,v2:logistic:through_2025-09-28,DET,11.0,6.0,Completed Early,1.0
2026-04-04,824378,PHI,COL,Jesús Luzardo,Brennan Bernardino,PHI,0.4679130124916811,0.532086987508319,2026-04-05T00:10:00Z,,,,,,,,,,,v2:logistic:through_2025-09-28,PHI,1.0,2.0,Final,1.0
2026-04-04,824622,TOR,CWS,Mason Fluharty,Grant Taylor,TOR,0.4659630531444534,0.5340369468555466,2026-04-04T18:10:00Z,,,,,,,,,,,v2:logistic:through_2025-09-28,CWS,6.0,3.0,Final,0.0
2026-04-04,824782,SD,BOS,Randy Vásquez,Connelly Early,BOS,0.5592566596442606,0.4407433403557393,2026-04-04T20:10:00Z,,,,,,,,,,,v2:logistic:through_2025-09-28,SD,2.0,3.0,Final,0.0
2026-04-04,825027,HOU,ATH,Tatsuya Imai,Luis Morales,HOU,0.4700544236427404,0.5299455763572596,2026-04-04T20:05:00Z,,,,,,,,,,,v2:logistic:through_2025-09-28,HOU,0.0,11.0,Final,1.0
2026-04-04,825104,ATL,AZ,Bryce Elder,Michael Soroka,ATL,0.4661519437845025,0.5338480562154975,2026-04-04T23:15:00Z,,,,,,,,,,,v2:logistic:through_2025-09-28,AZ,2.0,1.0,Final,0.0
2026-04-05,822756,LAD,WSH,Roki Sasaki,Foster Griffin,WSH,0.5076840714922607,0.4923159285077393,2026-04-05T17:35:00Z,,,,,,,,,,,v2:logistic:through_2025-09-28,LAD,6,8,Final,0.0
2026-04-05,822917,CIN,TEX,Chase Burns,Jack Leiter,TEX,0.5458047685983448,0.4541952314016552,2026-04-05T18:35:00Z,,,,,,,,,,,v2:logistic:through_2025-09-28,CIN,1,2,Final,0.0
2026-04-05,823238,NYM,SF,Kodai Senga,Logan Webb,NYM,0.4877374090763811,0.5122625909236189,2026-04-05T20:05:00Z,,,,,,,,,,,v2:logistic:through_2025-09-28,NYM,2,5,Final,1.0
2026-04-05,823405,BAL,PIT,Chris Bassitt,Braxton Ashcraft,PIT,0.567447388163815,0.432552611836185,2026-04-05T17:35:00Z,,,,,,,,,,,v2:logistic:through_2025-09-28,PIT,8,2,Final,1.0
2026-04-05,823566,MIA,NYY,Pete Fairbanks,Max Fried,NYY,0.5292778390931663,0.4707221609068337,2026-04-05T17:35:00Z,,,,,,,,,,,v2:logistic:through_2025-09-28,MIA,6,7,Final,0.0
2026-04-05,823729,TB,MIN,Nick Martinez,Simeon Woods Richardson,MIN,0.5122765515295155,0.4877234484704845,2026-04-05T18:10:00Z,,,,,,,,,,,v2:logistic:through_2025-09-28,TB,1,4,Final,0.0
2026-04-05,824053,SEA,LAA,Luis Castillo,George Klassen,LAA,0.5130395288714664,0.4869604711285336,2026-04-05T20:07:00Z,,,,,,,,,,,v2:logistic:through_2025-09-28,LAA,8,7,Final,1.0
2026-04-05,824131,MIL,KC,Kyle Harrison,Kris Bubic,MIL,0.4809891458065257,0.5190108541934743,2026-04-05T18:10:00Z,,,,,,,,,,,v2:logistic:through_2025-09-28,MIL,5,8,Final,1.0
2026-04-05,824296,STL,DET,Kyle Leahy,Keider Montero,DET,0.5690656190323363,0.4309343809676637,2026-04-05T23:20:00Z,,,,,,,,,,,v2:logistic:through_2025-09-28,STL,3,5,Final,0.0
2026-04-05,824379,PHI,COL,Taijuan Walker,Tomoyuki Sugano,PHI,0.4828635708180686,0.5171364291819314,2026-04-05T19:10:00Z,,,,,,,,,,,v2:logistic:through_2025-09-28,COL,4,1,Final,0.0
2026-04-05,824459,CHC,CLE,Edward Cabrera,Slade Cecconi,CLE,0.5276768701360979,0.4723231298639021,2026-04-05T17:10:00Z,,,,,,,,,,,v2:logistic:through_2025-09-28,CHC,0,1,Final,0.0
2026-04-05,824460,CHC,CLE,Shota Imanaga,Parker Messick,CLE,0.5565687826156945,0.4434312173843054,2026-04-05T17:15:00Z,,,,,,,,,,,v2:logistic:through_2025-09-28,CLE,6,5,Final,1.0
2026-04-05,824620,TOR,CWS,Eric Lauer,Davis Martin,TOR,0.4535962815513637,0.5464037184486363,2026-04-05T18:10:00Z,,,,,,,,,,,v2:logistic:through_2025-09-28,CWS,3,0,Final,0.0
2026-04-05,824781,SD,BOS,Walker Buehler,Ranger Suarez,BOS,0.5470658541798887,0.4529341458201112,2026-04-05T17:35:00Z,,,,,,,,,,,v2:logistic:through_2025-09-28,SD,6,8,Final,0.0
2026-04-05,825025,HOU,ATH,Lance McCullers Jr.,Jacob Lopez,HOU,0.3716103697423058,0.6283896302576941,2026-04-05T20:05:00Z,,,,,,,,,,,v2:logistic:through_2025-09-28,ATH,12,10,Final,0.0
2026-04-05,825102,ATL,AZ,Martín Pérez,Brandon Pfaadt,ATL,0.4551822432979816,0.5448177567020184,2026-04-05T20:10:00Z,,,,,,,,,,,v2:logistic:through_2025-09-28,AZ,6,5,Final,0.0
2026-04-06,822755,STL,WSH,Andre Pallante,Zack Littell,WSH,0.5466679024709413,0.4533320975290587,2026-04-06T22:45:00Z,,,,,,,,,,,v2:logistic:through_2025-09-28,WSH,9,6,Final,1.0
2026-04-06,822832,LAD,TOR,Justin Wrobleski,Max Scherzer,LAD,0.4854472363575998,0.5145527636424001,2026-04-06T23:07:00Z,,,,,,,,,,,v2:logistic:through_2025-09-28,LAD,2,14,Final,1.0
2026-04-06,822918,SEA,TEX,Logan Gilbert,Jacob deGrom,TEX,0.5522535757283279,0.4477464242716721,2026-04-07T00:05:00Z,,,,,,,,,,,v2:logistic:through_2025-09-28,TEX,2,1,Final,1.0
2026-04-06,823002,CHC,TB,Jameson Taillon,Shane McClanahan,TB,0.5541073182847367,0.4458926817152633,2026-04-06T20:10:00Z,,,,,,,,,,,v2:logistic:through_2025-09-28,TB,6,4,Final,1.0
2026-04-06,823237,PHI,SF,Andrew Painter,Adrian Houser,PHI,0.4359637747841432,0.5640362252158568,2026-04-07T01:45:00Z,,,,,,,,,,,v2:logistic:through_2025-09-28,PHI,4,6,Final,1.0
2026-04-06,823401,SD,PIT,Germán Márquez,Bubba Chandler,PIT,0.6007635840896285,0.3992364159103715,2026-04-06T22:40:00Z,,,,,,,,,,,v2:logistic:through_2025-09-28,SD,0,5,Final,0.0
2026-04-06,823728,DET,MIN,Casey Mize,Joe Ryan,DET,0.4819313971925273,0.5180686028074727,2026-04-06T23:40:00Z,,,,,,,,,,,v2:logistic:through_2025-09-28,MIN,7,3,Final,0.0
2026-04-06,823886,CIN,MIA,Brandon Williamson,Janson Junk,MIA,0.620797376945411,0.3792026230545889,2026-04-06T22:40:00Z,,,,,,,,,,,v2:logistic:through_2025-09-28,CIN,0,2,Final,0.0
2026-04-06,824052,ATL,LAA,Chris Sale,José Soriano,ATL,0.4374742720520583,0.5625257279479416,2026-04-07T01:38:00Z,,,,,,,,,,,v2:logistic:through_2025-09-28,LAA,6,2,Final,0.0
2026-04-06,824376,HOU,COL,Cody Bolton,Ryan Feltner,HOU,0.4525492308245824,0.5474507691754176,2026-04-07T00:40:00Z,,,,,,,,,,,v2:logistic:through_2025-09-28,COL,9,7,Final,0.0
2026-04-06,824456,KC,CLE,Michael Wacha,Tanner Bibee,CLE,0.5207168481425105,0.4792831518574895,2026-04-06T22:10:00Z,,,,,,,,,,,v2:logistic:through_2025-09-28,KC,2,4,Final,0.0
2026-04-06,824619,BAL,CWS,Brandon Young,Grant Taylor,CWS,0.5432479519497897,0.4567520480502103,2026-04-06T23:40:00Z,,,,,,,,,,,v2:logistic:through_2025-09-28,BAL,1,2,Final,0.0
2026-04-06,824783,MIL,BOS,Brandon Woodruff,Brayan Bello,MIL,0.4004045130457197,0.5995954869542803,2026-04-06T22:45:00Z,,,,,,,,,,,v2:logistic:through_2025-09-28,MIL,6,8,Final,1.0
2026-04-07,822754,STL,WSH,Matthew Liberatore,Cade Cavalli,WSH,0.5726343058622355,0.4273656941377645,2026-04-07T22:45:00Z,,,,,,,,,,,v2:logistic:through_2025-09-28,STL,6,7,Final,0.0
2026-04-07,822831,LAD,TOR,Yoshinobu Yamamoto,Kevin Gausman,LAD,0.4787198839083132,0.5212801160916868,2026-04-07T23:07:00Z,,,,,,,,,,,v2:logistic:through_2025-09-28,LAD,1,4,Final,1.0
2026-04-07,822916,SEA,TEX,George Kirby,Nathan Eovaldi,TEX,0.5478977784428748,0.4521022215571252,2026-04-08T00:05:00Z,,,,,,,,,,,v2:logistic:through_2025-09-28,TEX,3,2,Final,1.0
2026-04-07,822999,CHC,TB,Javier Assad,Mason Englert,TB,0.5798939934426501,0.4201060065573498,2026-04-07T22:40:00Z,,,,,,,,,,,v2:logistic:through_2025-09-28,CHC,2,9,Final,0.0
2026-04-07,823235,PHI,SF,Cristopher Sánchez,Robbie Ray,PHI,0.4418710800864719,0.5581289199135281,2026-04-08T01:45:00Z,,,,,,,,,,,v2:logistic:through_2025-09-28,SF,6,0,Final,0.0
2026-04-07,823402,SD,PIT,Nick Pivetta,Paul Skenes,PIT,0.549475617598816,0.450524382401184,2026-04-07T22:40:00Z,,,,,,,,,,,v2:logistic:through_2025-09-28,PIT,7,1,Final,1.0
2026-04-07,823567,ATH,NYY,Aaron Civale,Cam Schlittler,NYY,0.6438948129618067,0.3561051870381932,2026-04-07T23:05:00Z,,,,,,,,,,,v2:logistic:through_2025-09-28,NYY,5,3,Final,1.0
2026-04-07,823648,AZ,NYM,Zac Gallen,Freddy Peralta,NYM,0.6069868045590524,0.3930131954409476,2026-04-07T20:10:00Z,,,,,,,,,,,v2:logistic:through_2025-09-28,NYM,4,3,Final,1.0
2026-04-07,823727,DET,MIN,Tarik Skubal,Taj Bradley,MIN,0.5059694335555327,0.4940305664444673,2026-04-07T23:40:00Z,,,,,,,,,,,v2:logistic:through_2025-09-28,MIN,4,2,Final,1.0
2026-04-07,823887,CIN,MIA,Andrew Abbott,Sandy Alcantara,MIA,0.5790401335562992,0.4209598664437007,2026-04-07T22:40:00Z,,,,,,,,,,,v2:logistic:through_2025-09-28,CIN,3,6,Final,0.0
2026-04-07,824051,ATL,LAA,Reynaldo López,Yusei Kikuchi,ATL,0.450739752164199,0.549260247835801,2026-04-08T01:38:00Z,,,,,,,,,,,v2:logistic:through_2025-09-28,ATL,2,7,Final,1.0
2026-04-07,824375,HOU,COL,Mike Burrows,Kyle Freeland,HOU,0.4630482273219551,0.5369517726780448,2026-04-08T00:40:00Z,,,,,,,,,,,v2:logistic:through_2025-09-28,COL,5,1,Final,0.0
2026-04-07,824457,KC,CLE,Noah Cameron,Gavin Williams,CLE,0.5375714656098045,0.4624285343901955,2026-04-07T17:10:00Z,,,,,,,,,,,v2:logistic:through_2025-09-28,CLE,2,1,Final,1.0
2026-04-07,824618,BAL,CWS,Trevor Rogers,Shane Smith,BAL,0.4948413691472714,0.5051586308527286,2026-04-07T19:10:00Z,,,,,,,,,,,v2:logistic:through_2025-09-28,BAL,2,4,Final,1.0
2026-04-07,824780,MIL,BOS,Jacob Misiorowski,Garrett Crochet,MIL,0.4669340988551113,0.5330659011448887,2026-04-07T22:45:00Z,,,,,,,,,,,v2:logistic:through_2025-09-28,BOS,3,2,Final,0.0
2026-04-08,822753,STL,WSH,Michael McGreevy,Miles Mikolas,WSH,0.5306720233777801,0.4693279766222199,2026-04-08T20:05:00Z,,,,,,,,,,,v2:logistic:through_2025-09-28,STL,1,6,Final,0.0
2026-04-08,822833,LAD,TOR,Shohei Ohtani,Dylan Cease,LAD,0.4501774329263636,0.5498225670736364,2026-04-08T19:07:00Z,,,,,,,,,,,v2:logistic:through_2025-09-28,TOR,4,3,Final,0.0
2026-04-08,822915,SEA,TEX,Bryan Woo,MacKenzie Gore,TEX,0.5381667855715472,0.4618332144284528,2026-04-08T18:35:00Z,,,,,,,,,,,v2:logistic:through_2025-09-28,TEX,3,0,Final,1.0
2026-04-08,823000,CHC,TB,Colin Rea,Joe Boyle,TB,0.527016049184595,0.472983950815405,2026-04-08T22:40:00Z,,,,,,,,,,,v2:logistic:through_2025-09-28,CHC,2,6,Final,0.0
2026-04-08,823234,PHI,SF,Aaron Nola,Tyler Mahle,PHI,0.4840787232603682,0.5159212767396317,2026-04-08T19:45:00Z,,,,,,,,,,,v2:logistic:through_2025-09-28,SF,5,0,Final,0.0
2026-04-08,823403,SD,PIT,Michael King,Mitch Keller,PIT,0.5690347292865279,0.4309652707134721,2026-04-08T16:35:00Z,,,,,,,,,,,v2:logistic:through_2025-09-28,SD,2,8,Final,0.0
2026-04-08,823564,ATH,NYY,Luis Severino,Will Warren,NYY,0.6151938783149541,0.3848061216850459,2026-04-08T23:05:00Z,,,,,,,,,,,v2:logistic:through_2025-09-28,ATH,2,3,Final,0.0
2026-04-08,823646,AZ,NYM,Ryne Nelson,David Peterson,NYM,0.5886553516039734,0.4113446483960266,2026-04-08T20:10:00Z,,,,,,,,,,,v2:logistic:through_2025-09-28,AZ,2,7,Final,0.0
2026-04-08,823726,DET,MIN,Framber Valdez,Bailey Ober,MIN,0.526109081183247,0.473890918816753,2026-04-08T23:40:00Z,,,,,,,,,,,v2:logistic:through_2025-09-28,MIN,8,6,Final,1.0
2026-04-08,823885,CIN,MIA,Brady Singer,Eury Pérez,MIA,0.542190085385269,0.457809914614731,2026-04-08T22:40:00Z,,,,,,,,,,,v2:logistic:through_2025-09-28,MIA,7,4,Final,1.0
2026-04-08,824050,ATL,LAA,Grant Holmes,Reid Detmers,ATL,0.4625182763283971,0.5374817236716029,2026-04-08T20:07:00Z,,,,,,,,,,,v2:logistic:through_2025-09-28,ATL,2,8,Final,1.0
2026-04-08,824374,HOU,COL,Cristian Javier,Michael Lorenzen,COL,0.5092378165307632,0.4907621834692368,2026-04-08T19:10:00Z,,,,,,,,,,,v2:logistic:through_2025-09-28,COL,9,1,Final,1.0
2026-04-08,824455,KC,CLE,Cole Ragans,Joey Cantillo,CLE,0.5283881956457562,0.4716118043542437,2026-04-08T17:10:00Z,,,,,,,,,,,v2:logistic:through_2025-09-28,CLE,10,2,Final,1.0
2026-04-08,824617,BAL,CWS,Kyle Bradish,Sean Burke,BAL,0.486117004478987,0.5138829955210129,2026-04-08T18:10:00Z,,,,,,,,,,,v2:logistic:through_2025-09-28,BAL,3,5,Final,1.0
2026-04-08,824779,MIL,BOS,Shane Drohan,Sonny Gray,MIL,0.4676420247403393,0.5323579752596608,2026-04-08T17:35:00Z,,,,,,,,,,,v2:logistic:through_2025-09-28,BOS,5,0,Final,0.0
2026-04-09,823319,COL,SD,Jimmy Herget,Randy Vásquez,SD,0.522095748346939,0.477904251653061,2026-04-10T01:40:00Z,,,,,,,,,,,v2:logistic:through_2025-09-28,SD,7,3,Final,1.0
2026-04-09,823565,ATH,NYY,Jeffrey Springs,Ryan Weathers,NYY,0.6043138864570401,0.3956861135429599,2026-04-09T17:35:00Z,,,,,,,,,,,v2:logistic:through_2025-09-28,ATH,0,1,Final,0.0
2026-04-09,823645,AZ,NYM,Eduardo Rodriguez,Nolan McLean,NYM,0.5812112973656567,0.4187887026343433,2026-04-09T23:10:00Z,,,,,,,,,,,v2:logistic:through_2025-09-28,AZ,1,7,Final,0.0
2026-04-09,823724,DET,MIN,Jack Flaherty,Mick Abel,MIN,0.530190110278235,0.4698098897217649,2026-04-09T17:40:00Z,,,,,,,,,,,v2:logistic:through_2025-09-28,MIN,3,1,Final,1.0
2026-04-09,823884,CIN,MIA,Rhett Lowder,Max Meyer,MIA,0.5587617874526404,0.4412382125473596,2026-04-09T16:10:00Z,,,,,,,,,,,v2:logistic:through_2025-09-28,MIA,8,1,Final,1.0
2026-04-09,824130,CWS,KC,Anthony Kay,Seth Lugo,KC,0.5736719849278391,0.4263280150721609,2026-04-09T23:40:00Z,,,,,,,,,,,v2:logistic:through_2025-09-28,CWS,0,2,Final,0.0
2026-04-10,822829,MIN,TOR,Simeon Woods Richardson,Patrick Corbin,TOR,0.5213076948504949,0.4786923051495051,2026-04-10T23:07:00Z,,,,,,,,,,,v2:logistic:through_2025-09-28,TOR,10,4,Final,1.0
2026-04-10,822997,NYY,TB,Luis Gil,Steven Matz,TB,0.5310855574416928,0.4689144425583071,2026-04-10T23:10:00Z,,,,,,,,,,,v2:logistic:through_2025-09-28,TB,5,3,Final,1.0
2026-04-10,823076,BOS,STL,Connelly Early,Dustin May,STL,0.5191903164511303,0.4808096835488696,2026-04-11T00:15:00Z,,,,,,,,,,,v2:logistic:through_2025-09-28,STL,3,2,Final,1.0
2026-04-10,823156,HOU,SEA,Tatsuya Imai,Emerson Hancock,HOU,0.4780068891434689,0.521993110856531,2026-04-11T01:40:00Z,,,,,,,,,,,v2:logistic:through_2025-09-28,SEA,9,6,Final,0.0
2026-04-10,823318,COL,SD,Tomoyuki Sugano,Walker Buehler,SD,0.5194581945184817,0.4805418054815182,2026-04-11T01:40:00Z,,,,,,,,,,,v2:logistic:through_2025-09-28,SD,5,2,Final,1.0
2026-04-10,823482,AZ,PHI,Michael Soroka,Jesús Luzardo,PHI,0.5552341422452444,0.4447658577547556,2026-04-10T22:40:00Z,,,,,,,,,,,v2:logistic:through_2025-09-28,AZ,4,5,Final,0.0
2026-04-10,823643,ATH,NYM,J.T. Ginn,Clay Holmes,NYM,0.5751388656889018,0.4248611343110982,2026-04-10T23:10:00Z,,,,,,,,,,,v2:logistic:through_2025-09-28,ATH,0,4,Final,0.0
2026-04-10,823808,WSH,MIL,Jake Irvin,Aaron Ashby,MIL,0.5586664653097962,0.4413335346902037,2026-04-10T23:40:00Z,,,,,,,,,,,v2:logistic:through_2025-09-28,WSH,3,7,Final,0.0
2026-04-10,823968,TEX,LAD,Kumar Rocker,Tyler Glasnow,LAD,0.6077093348817564,0.3922906651182436,2026-04-11T02:10:00Z,,,,,,,,,,,v2:logistic:through_2025-09-28,LAD,8,7,Final,1.0
2026-04-10,824128,CWS,KC,Davis Martin,Kris Bubic,KC,0.5456465840355158,0.4543534159644842,2026-04-10T23:40:00Z,,,,,,,,,,,v2:logistic:through_2025-09-28,KC,2,0,Final,1.0
2026-04-10,824297,MIA,DET,Chris Paddack,Keider Montero,MIA,0.4718192579091553,0.5281807420908446,2026-04-10T22:40:00Z,,,,,,,,,,,v2:logistic:through_2025-09-28,DET,2,0,Final,0.0
2026-04-10,824534,LAA,CIN,Jack Kochanowicz,Chase Burns,CIN,0.6146587705076488,0.3853412294923511,2026-04-10T22:45:00Z,,,,,,,,,,,v2:logistic:through_2025-09-28,LAA,2,10,Final,0.0
2026-04-10,824695,PIT,CHC,Carmen Mlodzinski,Shota Imanaga,CHC,0.5025497499754118,0.4974502500245882,2026-04-10T18:20:00Z,,,,,,,,,,,v2:logistic:through_2025-09-28,PIT,0,2,Final,0.0
2026-04-10,824858,SF,BAL,Landen Roupp,Shane Baz,BAL,0.534012114936426,0.465987885063574,2026-04-10T23:15:00Z,,,,,,,,,,,v2:logistic:through_2025-09-28,SF,3,6,Final,0.0
2026-04-10,824941,CLE,ATL,Slade Cecconi,Bryce Elder,ATL,0.5844098146107937,0.4155901853892063,2026-04-10T23:15:00Z,,,,,,,,,,,v2:logistic:through_2025-09-28,ATL,11,5,Final,1.0
2026-04-11,822830,MIN,TOR,Joe Ryan,Eric Lauer,TOR,0.5449343153140241,0.4550656846859758,2026-04-11T19:07:00Z,,,,,,,,,,,v2:logistic:through_2025-09-28,MIN,4,7,Final,0.0
2026-04-11,822996,NYY,TB,Max Fried,Nick Martinez,TB,0.5264162542118831,0.4735837457881169,2026-04-11T22:10:00Z,,,,,,,,,,,v2:logistic:through_2025-09-28,TB,5,4,Final,1.0
2026-04-11,823074,BOS,STL,Ranger Suarez,Kyle Leahy,STL,0.533744532635438,0.466255467364562,2026-04-11T23:15:00Z,,,,,,,,,,,v2:logistic:through_2025-09-28,BOS,1,7,Final,0.0
2026-04-11,823155,HOU,SEA,Lance McCullers Jr.,Luis Castillo,SEA,0.5045245004899493,0.4954754995100506,2026-04-12T01:40:00Z,,,,,,,,,,,v2:logistic:through_2025-09-28,SEA,8,7,Final,1.0
2026-04-11,823316,COL,SD,Ryan Feltner,Germán Márquez,SD,0.5300344939939555,0.4699655060060445,2026-04-12T00:40:00Z,,,,,,,,,,,v2:logistic:through_2025-09-28,SD,9,5,Final,1.0
2026-04-11,823480,AZ,PHI,Brandon Pfaadt,Taijuan Walker,PHI,0.5128906022231142,0.4871093977768858,2026-04-11T17:05:00Z,,,,,,,,,,,v2:logistic:through_2025-09-28,PHI,4,3,Final,1.0
2026-04-11,823644,ATH,NYM,Jacob Lopez,Kodai Senga,NYM,0.5817528332224269,0.4182471667775731,2026-04-11T20:10:00Z,,,,,,,,,,,v2:logistic:through_2025-09-28,ATH,6,11,Final,0.0
2026-04-11,823805,WSH,MIL,Foster Griffin,Kyle Harrison,MIL,0.5551046858665615,0.4448953141334385,2026-04-11T23:10:00Z,,,,,,,,,,,v2:logistic:through_2025-09-28,WSH,1,3,Final,0.0
2026-04-11,823967,TEX,LAD,Jack Leiter,Emmet Sheehan,LAD,0.5706669863229044,0.4293330136770956,2026-04-12T01:10:00Z,,,,,,,,,,,v2:logistic:through_2025-09-28,LAD,6,3,Final,1.0
2026-04-11,824129,CWS,KC,Erick Fedde,Michael Wacha,KC,0.5850290580931604,0.4149709419068396,2026-04-11T20:10:00Z,,,,,,,,,,,v2:logistic:through_2025-09-28,KC,2,0,Final,1.0
2026-04-11,824294,MIA,DET,Janson Junk,Casey Mize,DET,0.5024428185226081,0.4975571814773919,2026-04-11T17:10:00Z,,,,,,,,,,,v2:logistic:through_2025-09-28,DET,6,1,Final,1.0
2026-04-11,824535,LAA,CIN,George Klassen,Brandon Williamson,CIN,0.5620994308877064,0.4379005691122936,2026-04-11T20:10:00Z,,,,,,,,,,,v2:logistic:through_2025-09-28,CIN,7,3,Final,1.0
2026-04-11,824697,PIT,CHC,Braxton Ashcraft,Edward Cabrera,CHC,0.5023928316107744,0.4976071683892256,2026-04-11T18:20:00Z,,,,,,,,,,,v2:logistic:through_2025-09-28,PIT,3,4,Final,0.0
2026-04-11,824857,SF,BAL,Logan Webb,Chris Bassitt,BAL,0.5029480229765866,0.4970519770234134,2026-04-11T23:15:00Z,,,,,,,,,,,v2:logistic:through_2025-09-28,BAL,6,2,Final,1.0
2026-04-11,824939,CLE,ATL,Parker Messick,Martín Pérez,ATL,0.5392871083765212,0.4607128916234788,2026-04-11T23:15:00Z,,,,,,,,,,,v2:logistic:through_2025-09-28,CLE,0,6,Final,0.0
2026-04-12,822828,MIN,TOR,Taj Bradley,Max Scherzer,TOR,0.5361757676463916,0.4638242323536083,2026-04-12T17:37:00Z,,,,,,,,,,,v2:logistic:through_2025-09-28,MIN,2,8,Final,0.0
2026-04-12,822998,NYY,TB,Cam Schlittler,Drew Rasmussen,NYY,0.4980743534245862,0.5019256465754138,2026-04-12T17:40:00Z,,,,,,,,,,,v2:logistic:through_2025-09-28,TB,5,4,Final,0.0
2026-04-12,823075,BOS,STL,Brayan Bello,Andre Pallante,STL,0.5241572175576958,0.4758427824423041,2026-04-12T18:15:00Z,,,,,,,,,,,v2:logistic:through_2025-09-28,BOS,3,9,Final,0.0
2026-04-12,823154,HOU,SEA,Cody Bolton,Logan Gilbert,SEA,0.5000306405162355,0.4999693594837645,2026-04-12T20:10:00Z,,,,,,,,,,,v2:logistic:through_2025-09-28,SEA,6,1,Final,1.0
2026-04-12,823317,COL,SD,Kyle Freeland,Nick Pivetta,SD,0.5999789819868858,0.4000210180131142,2026-04-12T20:10:00Z,,,,,,,,,,,v2:logistic:through_2025-09-28,SD,7,2,Final,1.0
2026-04-12,823479,AZ,PHI,Zac Gallen,Zach Pop,PHI,0.5358633239969106,0.4641366760030894,2026-04-12T17:35:00Z,,,,,,,,,,,v2:logistic:through_2025-09-28,AZ,3,4,Final,0.0
2026-04-12,823642,ATH,NYM,Aaron Civale,Freddy Peralta,NYM,0.5541006705205547,0.4458993294794453,2026-04-12T17:40:00Z,,,,,,,,,,,v2:logistic:through_2025-09-28,ATH,0,1,Final,0.0
2026-04-12,823804,WSH,MIL,Zack Littell,Brandon Woodruff,MIL,0.5528404225136692,0.4471595774863308,2026-04-12T18:10:00Z,,,,,,,,,,,v2:logistic:through_2025-09-28,WSH,6,8,Final,0.0
2026-04-12,823966,TEX,LAD,Jacob deGrom,Roki Sasaki,LAD,0.5596702374486381,0.4403297625513619,2026-04-12T20:10:00Z,,,,,,,,,,,v2:logistic:through_2025-09-28,TEX,2,5,Final,0.0
2026-04-12,824126,CWS,KC,Grant Taylor,Noah Cameron,KC,0.5202074978889137,0.4797925021110862,2026-04-12T18:10:00Z,,,,,,,,,,,v2:logistic:through_2025-09-28,CWS,5,6,Final,0.0
2026-04-12,824293,MIA,DET,Sandy Alcantara,Tarik Skubal,DET,0.5308110434239606,0.4691889565760394,2026-04-12T17:40:00Z,,,,,,,,,,,v2:logistic:through_2025-09-28,DET,8,2,Final,1.0
2026-04-12,824533,LAA,CIN,José Soriano,Andrew Abbott,CIN,0.5418265555711382,0.4581734444288617,2026-04-12T17:40:00Z,,,,,,,,,,,v2:logistic:through_2025-09-28,LAA,6,9,Final,0.0
2026-04-12,824696,PIT,CHC,Bubba Chandler,Jameson Taillon,CHC,0.5041095226141378,0.4958904773858622,2026-04-12T18:20:00Z,,,,,,,,,,,v2:logistic:through_2025-09-28,CHC,7,6,Final,1.0
2026-04-12,824859,SF,BAL,Adrian Houser,Cade Povich,BAL,0.5554311164139495,0.4445688835860505,2026-04-12T17:35:00Z,,,,,,,,,,,v2:logistic:through_2025-09-28,BAL,6,2,Final,1.0
2026-04-12,824938,CLE,ATL,Tanner Bibee,Chris Sale,ATL,0.5737303203336409,0.4262696796663591,2026-04-12T23:20:00Z,,,,,,,,,,,v2:logistic:through_2025-09-28,ATL,13,1,Final,1.0
2026-04-13,823073,CLE,STL,Gavin Williams,Matthew Liberatore,CLE,0.4842643164902635,0.5157356835097364,2026-04-13T23:45:00Z,,,,,,,,,,,v2:logistic:through_2025-09-28,CLE,3,9,Final,1.0
2026-04-13,823153,HOU,SEA,Mike Burrows,George Kirby,SEA,0.534850655740053,0.465149344259947,2026-04-13T20:10:00Z,,,,,,,,,,,v2:logistic:through_2025-09-28,SEA,6,2,Final,1.0
2026-04-13,823400,WSH,PIT,PJ Poulin,Paul Skenes,PIT,0.5646626520621267,0.4353373479378732,2026-04-13T22:40:00Z,,,,,,,,,,,v2:logistic:through_2025-09-28,PIT,16,5,Final,1.0
2026-04-13,823481,CHC,PHI,Javier Assad,Cristopher Sánchez,PHI,0.5861575061470143,0.4138424938529856,2026-04-13T22:40:00Z,,,,,,,,,,,v2:logistic:through_2025-09-28,PHI,13,7,Final,1.0
2026-04-13,823563,LAA,NYY,Yusei Kikuchi,Will Warren,NYY,0.5516893553009674,0.4483106446990326,2026-04-13T23:05:00Z,,,,,,,,,,,v2:logistic:through_2025-09-28,NYY,11,10,Final,1.0
2026-04-13,823725,BOS,MIN,Garrett Crochet,Bailey Ober,BOS,0.4851963109643263,0.5148036890356738,2026-04-13T23:40:00Z,,,,,,,,,,,v2:logistic:through_2025-09-28,MIN,13,6,Final,0.0
2026-04-13,823964,NYM,LAD,David Peterson,Justin Wrobleski,LAD,0.5505073628024681,0.4494926371975318,2026-04-14T02:10:00Z,,,,,,,,,,,v2:logistic:through_2025-09-28,LAD,4,0,Final,1.0
2026-04-13,824856,AZ,BAL,Ryne Nelson,Dean Kremer,BAL,0.5478081952209457,0.4521918047790543,2026-04-13T22:35:00Z,,,,,,,,,,,v2:logistic:through_2025-09-28,BAL,9,7,Final,1.0
2026-04-13,824937,MIA,ATL,Eury Pérez,Grant Holmes,ATL,0.5779301415641914,0.4220698584358086,2026-04-13T23:15:00Z,,,,,,,,,,,v2:logistic:through_2025-09-28,MIA,4,10,Final,0.0
2026-04-13,825024,TEX,ATH,Nathan Eovaldi,Luis Severino,ATH,0.5162664312228052,0.4837335687771947,2026-04-14T01:40:00Z,,,,,,,,,,,v2:logistic:through_2025-09-28,TEX,1,8,Final,0.0
2026-04-14,823072,CLE,STL,Joey Cantillo,Michael McGreevy,CLE,0.4796054187009398,0.5203945812990602,2026-04-14T23:45:00Z,,,,,,,,,,,v2:logistic:through_2025-09-28,STL,6,5,Final,0.0
2026-04-14,823315,SEA,SD,Bryan Woo,Michael King,SD,0.530874660365601,0.4691253396343989,2026-04-15T01:40:00Z,,,,,,,,,,,v2:logistic:through_2025-09-28,SD,4,1,Final,1.0
2026-04-14,823398,WSH,PIT,PJ Poulin,Mitch Keller,PIT,0.5031136564211555,0.4968863435788445,2026-04-14T22:40:00Z,,,,,,,,,,,v2:logistic:through_2025-09-28,WSH,4,5,Final,0.0
2026-04-14,823478,CHC,PHI,Riley Martin,Aaron Nola,PHI,0.5540456325132458,0.4459543674867542,2026-04-14T22:40:00Z,,,,,,,,,,,v2:logistic:through_2025-09-28,CHC,4,10,Final,0.0
2026-04-14,823562,LAA,NYY,Reid Detmers,Ryan Weathers,NYY,0.5519757891575869,0.448024210842413,2026-04-14T23:05:00Z,,,,,,,,,,,v2:logistic:through_2025-09-28,LAA,1,7,Final,0.0
2026-04-14,823723,BOS,MIN,Sonny Gray,Mick Abel,MIN,0.5155367068298893,0.4844632931701107,2026-04-14T23:40:00Z,,,,,,,,,,,v2:logistic:through_2025-09-28,MIN,6,0,Final,1.0
2026-04-14,823802,TOR,MIL,Kevin Gausman,Jacob Misiorowski,MIL,0.5174490688313124,0.4825509311686876,2026-04-14T23:40:00Z,,,,,,,,,,,v2:logistic:through_2025-09-28,TOR,7,9,Final,0.0
2026-04-14,823965,NYM,LAD,Nolan McLean,Yoshinobu Yamamoto,LAD,0.5836229744451328,0.4163770255548672,2026-04-15T02:10:00Z,,,,,,,,,,,v2:logistic:through_2025-09-28,LAD,2,1,Final,1.0
2026-04-14,824210,COL,HOU,Michael Lorenzen,Spencer Arrighetti,HOU,0.5477762271123932,0.4522237728876068,2026-04-15T00:10:00Z,,,,,,,,,,,v2:logistic:through_2025-09-28,HOU,7,6,Final,1.0
2026-04-14,824292,KC,DET,Cole Ragans,Framber Valdez,DET,0.5309279245881099,0.4690720754118901,2026-04-14T22:40:00Z,,,,,,,,,,,v2:logistic:through_2025-09-28,DET,2,1,Final,1.0
2026-04-14,824531,SF,CIN,Robbie Ray,Brady Singer,CIN,0.5395640109831538,0.4604359890168462,2026-04-14T22:40:00Z,,,,,,,,,,,v2:logistic:through_2025-09-28,CIN,2,1,Final,1.0
2026-04-14,824616,TB,CWS,Shane McClanahan,Noah Schultz,TB,0.4905948213749979,0.509405178625002,2026-04-14T23:40:00Z,,,,,,,,,,,v2:logistic:through_2025-09-28,TB,5,8,Final,1.0
2026-04-14,824853,AZ,BAL,Merrill Kelly,Trevor Rogers,BAL,0.5534235533610786,0.4465764466389214,2026-04-14T22:35:00Z,,,,,,,,,,,v2:logistic:through_2025-09-28,AZ,3,4,Final,0.0
2026-04-14,824935,MIA,ATL,Max Meyer,Reynaldo López,ATL,0.5845901536406279,0.415409846359372,2026-04-14T23:15:00Z,,,,,,,,,,,v2:logistic:through_2025-09-28,ATL,6,5,Final,1.0
2026-04-14,825022,TEX,ATH,MacKenzie Gore,Jeffrey Springs,ATH,0.5000272573419378,0.4999727426580622,2026-04-15T01:40:00Z,,,,,,,,,,,v2:logistic:through_2025-09-28,ATH,2,1,Final,1.0
2026-04-15,823071,CLE,STL,Slade Cecconi,Dustin May,STL,0.5001122349431696,0.4998877650568304,2026-04-15T17:15:00Z,,,,,,,,,,,v2:logistic:through_2025-09-28,STL,5,3,Final,1.0
2026-04-15,823314,SEA,SD,Emerson Hancock,Randy Vásquez,SD,0.5802321113264047,0.4197678886735952,2026-04-16T01:40:00Z,,,,,,,,,,,v2:logistic:through_2025-09-28,SD,7,6,Final,1.0
2026-04-15,823399,WSH,PIT,Jake Irvin,Mason Montgomery,PIT,0.5544590520369713,0.4455409479630287,2026-04-15T22:40:00Z,,,,,,,,,,,v2:logistic:through_2025-09-28,PIT,2,0,Final,1.0
2026-04-15,823477,CHC,PHI,Shota Imanaga,Jesús Luzardo,PHI,0.5486341597521023,0.4513658402478977,2026-04-15T22:40:00Z,,,,,,,,,,,v2:logistic:through_2025-09-28,CHC,2,11,Final,0.0
2026-04-15,823561,LAA,NYY,Jack Kochanowicz,Luis Gil,NYY,0.5114962680843553,0.4885037319156446,2026-04-15T23:05:00Z,,,,,,,,,,,v2:logistic:through_2025-09-28,NYY,5,4,Final,1.0
2026-04-15,823722,BOS,MIN,Connelly Early,Simeon Woods Richardson,MIN,0.527511692675574,0.472488307324426,2026-04-15T17:40:00Z,,,,,,,,,,,v2:logistic:through_2025-09-28,BOS,5,9,Final,0.0
2026-04-15,823803,TOR,MIL,Dylan Cease,Chad Patrick,TOR,0.4946447495297037,0.5053552504702963,2026-04-15T23:40:00Z,,,,,,,,,,,v2:logistic:through_2025-09-28,MIL,2,1,Final,0.0
2026-04-15,823963,NYM,LAD,Clay Holmes,Shohei Ohtani,LAD,0.6168963068826055,0.3831036931173944,2026-04-16T02:10:00Z,,,,,,,,,,,v2:logistic:through_2025-09-28,LAD,8,2,Final,1.0
2026-04-15,824209,COL,HOU,Jose Quintana,Spencer Arrighetti,HOU,0.5500859854203533,0.4499140145796467,2026-04-16T00:10:00Z,,,,,,,,,,,v2:logistic:through_2025-09-28,HOU,3,1,Final,1.0
2026-04-15,824291,KC,DET,Seth Lugo,Jack Flaherty,DET,0.5721099273765916,0.4278900726234084,2026-04-15T22:40:00Z,,,,,,,,,,,v2:logistic:through_2025-09-28,DET,2,1,Final,1.0
2026-04-15,824532,SF,CIN,Tyler Mahle,Rhett Lowder,CIN,0.5356129698186997,0.4643870301813003,2026-04-15T22:40:00Z,,,,,,,,,,,v2:logistic:through_2025-09-28,CIN,8,3,Final,1.0
2026-04-15,824615,TB,CWS,Jesse Scholtens,Sean Burke,TB,0.4939340464258885,0.5060659535741114,2026-04-15T23:40:00Z,,,,,,,,,,,v2:logistic:through_2025-09-28,TB,3,8,Final,1.0
2026-04-15,824855,AZ,BAL,Eduardo Rodriguez,Kyle Bradish,BAL,0.5679572875959754,0.4320427124040246,2026-04-15T16:35:00Z,,,,,,,,,,,v2:logistic:through_2025-09-28,AZ,5,8,Final,0.0
2026-04-15,824936,MIA,ATL,Chris Paddack,Bryce Elder,ATL,0.5821373754623759,0.4178626245376241,2026-04-15T23:15:00Z,,,,,,,,,,,v2:logistic:through_2025-09-28,ATL,6,3,Final,1.0
2026-04-15,825021,TEX,ATH,Kumar Rocker,J.T. Ginn,ATH,0.5373282495910832,0.4626717504089168,2026-04-16T01:40:00Z,,,,,,,,,,,v2:logistic:through_2025-09-28,ATH,6,5,Final,1.0
2026-04-16,823313,SEA,SD,Luis Castillo,Walker Buehler,SD,0.5567603869749166,0.4432396130250834,2026-04-17T00:40:00Z,,,,,,,,,,,v2:logistic:through_2025-09-28,SD,5,2,Final,1.0
2026-04-16,823396,WSH,PIT,Foster Griffin,Braxton Ashcraft,PIT,0.587495818454188,0.412504181545812,2026-04-16T16:35:00Z,,,,,,,,,,,v2:logistic:through_2025-09-28,WSH,7,8,Final,0.0
2026-04-16,823560,LAA,NYY,Brent Suter,Max Fried,NYY,0.5373994172005461,0.4626005827994539,2026-04-16T17:35:00Z,,,,,,,,,,,v2:logistic:through_2025-09-28,LAA,4,11,Final,0.0
2026-04-16,823801,TOR,MIL,Patrick Corbin,Brandon Sproat,MIL,0.5120718482438995,0.4879281517561005,2026-04-16T17:40:00Z,,,,,,,,,,,v2:logistic:through_2025-09-28,MIL,2,1,Final,1.0
2026-04-16,824208,COL,HOU,Juan Mejia,Ryan Weiss,HOU,0.5399768318640854,0.4600231681359146,2026-04-17T00:10:00Z,,,,,,,,,,,v2:logistic:through_2025-09-28,COL,2,3,Final,0.0
2026-04-16,824289,KC,DET,Kris Bubic,Keider Montero,DET,0.5725010284875287,0.4274989715124713,2026-04-16T17:10:00Z,,,,,,,,,,,v2:logistic:through_2025-09-28,DET,10,9,Final,1.0
2026-04-16,824453,BAL,CLE,Shane Baz,Parker Messick,CLE,0.5478671942917859,0.4521328057082141,2026-04-16T22:10:00Z,,,,,,,,,,,v2:logistic:through_2025-09-28,CLE,4,2,Final,1.0
2026-04-16,824530,SF,CIN,Landen Roupp,Chase Burns,CIN,0.5489425371663627,0.4510574628336373,2026-04-16T16:40:00Z,,,,,,,,,,,v2:logistic:through_2025-09-28,SF,0,3,Final,0.0
2026-04-16,824614,TB,CWS,Steven Matz,Jordan Leasure,TB,0.4300474374138761,0.5699525625861239,2026-04-16T18:10:00Z,,,,,,,,,,,v2:logistic:through_2025-09-28,TB,3,5,Final,1.0
2026-04-16,825023,TEX,ATH,Jack Leiter,Jacob Lopez,TEX,0.496603738962186,0.503396261037814,2026-04-16T19:05:00Z,,,,,,,,,,,v2:logistic:through_2025-09-28,TEX,6,9,Final,1.0
2026-04-17,822752,SF,WSH,Logan Webb,Zack Littell,WSH,0.5292494891935918,0.4707505108064082,2026-04-17T22:45:00Z,,,,,,,,,,,v2:logistic:through_2025-09-28,SF,5,10,Final,0.0
2026-04-17,823152,TEX,SEA,Jacob deGrom,Logan Gilbert,SEA,0.5130196671021715,0.4869803328978285,2026-04-18T01:40:00Z,,,,,,,,,,,v2:logistic:through_2025-09-28,TEX,0,5,Final,0.0
2026-04-17,823397,TB,PIT,Nick Martinez,Bubba Chandler,PIT,0.5276455976719714,0.4723544023280286,2026-04-17T22:45:00Z,,,,,,,,,,,v2:logistic:through_2025-09-28,PIT,5,1,Final,1.0
2026-04-17,823476,ATL,PHI,Martín Pérez,Taijuan Walker,ATL,0.486071115813666,0.513928884186334,2026-04-17T22:40:00Z,,,,,,,,,,,v2:logistic:through_2025-09-28,ATL,0,9,Final,1.0
2026-04-17,823559,KC,NYY,Michael Wacha,Cam Schlittler,NYY,0.5800494674869265,0.4199505325130734,2026-04-17T23:05:00Z,,,,,,,,,,,v2:logistic:through_2025-09-28,NYY,4,2,Final,1.0
2026-04-17,823720,CIN,MIN,Brandon Williamson,Joe Ryan,MIN,0.5943723779994053,0.4056276220005946,2026-04-18T00:10:00Z,,,,,,,,,,,v2:logistic:through_2025-09-28,CIN,1,2,Final,0.0
2026-04-17,823883,MIL,MIA,Coleman Crow,Janson Junk,MIA,0.5394035489656369,0.4605964510343631,2026-04-17T23:10:00Z,,,,,,,,,,,v2:logistic:through_2025-09-28,MIL,5,7,Final,0.0
2026-04-17,824048,SD,LAA,Matt Waldron,José Soriano,LAA,0.5051431870456408,0.4948568129543592,2026-04-18T01:38:00Z,,,,,,,,,,,v2:logistic:through_2025-09-28,LAA,8,0,Final,1.0
2026-04-17,824207,STL,HOU,Kyle Leahy,Peter Lambert,HOU,0.5238850394395864,0.4761149605604136,2026-04-18T00:10:00Z,,,,,,,,,,,v2:logistic:through_2025-09-28,STL,4,9,Final,0.0
2026-04-17,824373,LAD,COL,Tyler Glasnow,Tomoyuki Sugano,LAD,0.441402680809538,0.558597319190462,2026-04-18T00:40:00Z,,,,,,,,,,,v2:logistic:through_2025-09-28,LAD,1,7,Final,1.0
2026-04-17,824454,BAL,CLE,Chris Bassitt,Tanner Bibee,CLE,0.5511000560748717,0.4488999439251283,2026-04-17T22:10:00Z,,,,,,,,,,,v2:logistic:through_2025-09-28,BAL,4,6,Final,0.0
2026-04-17,824693,NYM,CHC,Kodai Senga,Edward Cabrera,CHC,0.5779678507502196,0.4220321492497804,2026-04-17T18:20:00Z,,,,,,,,,,,v2:logistic:through_2025-09-28,CHC,12,4,Final,1.0
2026-04-17,824778,DET,BOS,Casey Mize,Ranger Suarez,BOS,0.5185373604675854,0.4814626395324146,2026-04-17T23:15:00Z,,,,,,,,,,,v2:logistic:through_2025-09-28,BOS,1,0,Final,1.0
2026-04-17,825019,CWS,ATH,Davis Martin,Aaron Civale,ATH,0.5654572869215602,0.4345427130784398,2026-04-18T01:40:00Z,,,,,,,,,,,v2:logistic:through_2025-09-28,CWS,2,9,Final,0.0
2026-04-17,825101,TOR,AZ,Braydon Fisher,Michael Soroka,AZ,0.6521181121372654,0.3478818878627345,2026-04-18T01:40:00Z,,,,,,,,,,,v2:logistic:through_2025-09-28,AZ,6,3,Final,1.0
2026-04-18,822751,SF,WSH,Adrian Houser,Cade Cavalli,WSH,0.5105469909384752,0.4894530090615248,2026-04-18T20:05:00Z,,,,,,,,,,,v2:logistic:through_2025-09-28,SF,6,7,Final,0.0
2026-04-18,823151,TEX,SEA,Nathan Eovaldi,George Kirby,SEA,0.5048329475285405,0.4951670524714595,2026-04-18T23:15:00Z,,,,,,,,,,,v2:logistic:through_2025-09-28,SEA,7,3,Final,1.0
2026-04-18,823394,TB,PIT,Drew Rasmussen,Paul Skenes,PIT,0.5460343145119828,0.4539656854880172,2026-04-18T19:30:00Z,,,,,,,,,,,v2:logistic:through_2025-09-28,TB,7,8,Final,0.0
2026-04-18,823474,ATL,PHI,Chris Sale,Cristopher Sánchez,ATL,0.4778268438217521,0.5221731561782479,2026-04-18T23:15:00Z,,,,,,,,,,,v2:logistic:through_2025-09-28,ATL,1,3,Final,1.0
2026-04-18,823558,KC,NYY,Noah Cameron,Will Warren,NYY,0.5634537976481301,0.4365462023518699,2026-04-18T17:35:00Z,,,,,,,,,,,v2:logistic:through_2025-09-28,NYY,13,4,Final,1.0
2026-04-18,823721,CIN,MIN,Andrew Abbott,Taj Bradley,MIN,0.5859896085104198,0.4140103914895802,2026-04-18T18:10:00Z,,,,,,,,,,,v2:logistic:through_2025-09-28,CIN,4,5,Final,0.0
2026-04-18,823882,MIL,MIA,Brandon Woodruff,Sandy Alcantara,MIA,0.5298653539192848,0.4701346460807152,2026-04-18T20:10:00Z,,,,,,,,,,,v2:logistic:through_2025-09-28,MIL,2,5,Final,0.0
2026-04-18,824049,SD,LAA,Germán Márquez,Yusei Kikuchi,LAA,0.5456437239776519,0.454356276022348,2026-04-19T01:38:00Z,,,,,,,,,,,v2:logistic:through_2025-09-28,SD,1,4,Final,0.0
2026-04-18,824206,STL,HOU,Andre Pallante,Lance McCullers Jr.,HOU,0.5186152039698088,0.4813847960301912,2026-04-18T23:10:00Z,,,,,,,,,,,v2:logistic:through_2025-09-28,STL,5,7,Final,0.0
2026-04-18,824372,LAD,COL,Emmet Sheehan,Ryan Feltner,LAD,0.4322293831750734,0.5677706168249266,2026-04-19T00:10:00Z,,,,,,,,,,,v2:logistic:through_2025-09-28,COL,4,3,Final,0.0
2026-04-18,824451,BAL,CLE,Dean Kremer,Gavin Williams,CLE,0.5059597241720201,0.4940402758279799,2026-04-18T22:10:00Z,,,,,,,,,,,v2:logistic:through_2025-09-28,CLE,4,2,Final,1.0
2026-04-18,824694,NYM,CHC,Freddy Peralta,Jameson Taillon,CHC,0.5901325606051309,0.4098674393948691,2026-04-18T18:20:00Z,,,,,,,,,,,v2:logistic:through_2025-09-28,CHC,4,2,Final,1.0
2026-04-18,824775,DET,BOS,Tarik Skubal,Brayan Bello,DET,0.4810612304778093,0.5189387695221908,2026-04-18T20:10:00Z,,,,,,,,,,,v2:logistic:through_2025-09-28,DET,1,4,Final,1.0
2026-04-18,825020,CWS,ATH,Erick Fedde,Luis Severino,ATH,0.5617913312286716,0.4382086687713283,2026-04-18T20:05:00Z,,,,,,,,,,,v2:logistic:through_2025-09-28,ATH,7,6,Final,1.0
2026-04-18,825098,TOR,AZ,Max Scherzer,Zac Gallen,AZ,0.5512497472900831,0.4487502527099168,2026-04-19T00:10:00Z,,,,,,,,,,,v2:logistic:through_2025-09-28,AZ,6,2,Final,1.0
2026-04-19,822750,SF,WSH,Robbie Ray,PJ Poulin,WSH,0.5344723751412387,0.4655276248587613,2026-04-19T17:35:00Z,,,,,,,,,,,v2:logistic:through_2025-09-28,WSH,3,0,Final,1.0
2026-04-19,823150,TEX,SEA,MacKenzie Gore,Bryan Woo,SEA,0.5130698557615846,0.4869301442384154,2026-04-19T20:10:00Z,,,,,,,,,,,v2:logistic:through_2025-09-28,SEA,5,2,Final,1.0
2026-04-19,823393,TB,PIT,Shane McClanahan,Mitch Keller,PIT,0.5419210518302545,0.4580789481697455,2026-04-19T17:35:00Z,,,,,,,,,,,v2:logistic:through_2025-09-28,PIT,6,3,Final,1.0
2026-04-19,823475,ATL,PHI,Grant Holmes,Andrew Painter,ATL,0.4767543427823856,0.5232456572176144,2026-04-19T23:20:00Z,,,,,,,,,,,v2:logistic:through_2025-09-28,ATL,2,4,Final,1.0
2026-04-19,823556,KC,NYY,Cole Ragans,Ryan Weathers,NYY,0.5844789252600612,0.4155210747399388,2026-04-19T17:35:00Z,,,,,,,,,,,v2:logistic:through_2025-09-28,NYY,7,0,Final,1.0
2026-04-19,823718,CIN,MIN,Brady Singer,Bailey Ober,MIN,0.5466964264624846,0.4533035735375154,2026-04-19T18:10:00Z,,,,,,,,,,,v2:logistic:through_2025-09-28,CIN,4,7,Final,0.0
2026-04-19,823881,MIL,MIA,Jacob Misiorowski,Eury Pérez,MIA,0.5184210541954685,0.4815789458045315,2026-04-19T17:40:00Z,,,,,,,,,,,v2:logistic:through_2025-09-28,MIA,5,3,Final,1.0
2026-04-19,824047,SD,LAA,Michael King,Walbert Ureña,LAA,0.5143071358991651,0.4856928641008349,2026-04-19T20:07:00Z,,,,,,,,,,,v2:logistic:through_2025-09-28,SD,1,2,Final,0.0
2026-04-19,824205,STL,HOU,Matthew Liberatore,Mike Burrows,HOU,0.523103414366718,0.4768965856332819,2026-04-19T18:10:00Z,,,,,,,,,,,v2:logistic:through_2025-09-28,STL,5,7,Final,0.0
2026-04-19,824371,LAD,COL,Roki Sasaki,Michael Lorenzen,LAD,0.4696959255219021,0.5303040744780979,2026-04-19T19:10:00Z,,,,,,,,,,,v2:logistic:through_2025-09-28,COL,9,6,Final,0.0
2026-04-19,824452,BAL,CLE,Trevor Rogers,Joey Cantillo,CLE,0.539270984725036,0.460729015274964,2026-04-19T17:40:00Z,,,,,,,,,,,v2:logistic:through_2025-09-28,CLE,8,4,Final,1.0
2026-04-19,824691,NYM,CHC,Tobias Myers,Javier Assad,CHC,0.5951384055477426,0.4048615944522574,2026-04-19T18:20:00Z,,,,,,,,,,,v2:logistic:through_2025-09-28,CHC,2,1,Final,1.0
2026-04-19,824777,DET,BOS,Framber Valdez,Garrett Crochet,BOS,0.5287294568710098,0.4712705431289902,2026-04-19T20:35:00Z,,,,,,,,,,,v2:logistic:through_2025-09-28,DET,2,6,Final,0.0
2026-04-19,825018,CWS,ATH,Noah Schultz,Jeffrey Springs,ATH,0.5792405541417763,0.4207594458582236,2026-04-19T20:05:00Z,,,,,,,,,,,v2:logistic:through_2025-09-28,CWS,4,7,Final,0.0
2026-04-19,825100,TOR,AZ,Kevin Gausman,Ryne Nelson,AZ,0.5405380554529094,0.4594619445470905,2026-04-19T20:10:00Z,,,,,,,,,,,v2:logistic:through_2025-09-28,TOR,4,10,Final,0.0
2026-04-20,822749,ATL,WSH,Bryce Elder,Jake Irvin,ATL,0.4513439663064936,0.5486560336935064,2026-04-20T22:45:00Z,,,,,,,,,,,v2:logistic:through_2025-09-28,ATL,4,9,Final,1.0
2026-04-20,822994,CIN,TB,Rhett Lowder,Jesse Scholtens,TB,0.5580043485416257,0.4419956514583743,2026-04-20T22:40:00Z,,,,,,,,,,,v2:logistic:through_2025-09-28,CIN,1,6,Final,0.0
2026-04-20,823149,ATH,SEA,J.T. Ginn,Emerson Hancock,SEA,0.5467866721935251,0.4532133278064749,2026-04-21T01:40:00Z,,,,,,,,,,,v2:logistic:through_2025-09-28,ATH,4,6,Final,0.0
2026-04-20,823879,STL,MIA,Michael McGreevy,Max Meyer,MIA,0.5247334999796466,0.4752665000203534,2026-04-20T22:40:00Z,,,,,,,,,,,v2:logistic:through_2025-09-28,MIA,5,3,Final,1.0
2026-04-20,824046,TOR,LAA,Dylan Cease,Reid Detmers,LAA,0.5307740454099766,0.4692259545900233,2026-04-21T01:38:00Z,,,,,,,,,,,v2:logistic:through_2025-09-28,TOR,2,5,Final,0.0
2026-04-20,824125,BAL,KC,Kyle Bradish,Seth Lugo,BAL,0.4618563410815327,0.5381436589184673,2026-04-20T23:40:00Z,,,,,,,,,,,v2:logistic:through_2025-09-28,BAL,5,7,Final,1.0
2026-04-20,824370,LAD,COL,Justin Wrobleski,Jose Quintana,LAD,0.451600673972106,0.5483993260278939,2026-04-21T00:40:00Z,,,,,,,,,,,v2:logistic:through_2025-09-28,LAD,3,12,Final,1.0
2026-04-20,824450,HOU,CLE,Spencer Arrighetti,Slade Cecconi,CLE,0.5527806455206985,0.4472193544793015,2026-04-20T22:10:00Z,,,,,,,,,,,v2:logistic:through_2025-09-28,HOU,2,9,Final,0.0
2026-04-20,824692,PHI,CHC,Aaron Nola,Colin Rea,CHC,0.5674389548574885,0.4325610451425115,2026-04-20T23:40:00Z,,,,,,,,,,,v2:logistic:through_2025-09-28,CHC,5,1,Final,1.0
2026-04-20,824776,DET,BOS,Jack Flaherty,Sonny Gray,DET,0.4962922601035243,0.5037077398964757,2026-04-20T15:10:00Z,,,,,,,,,,,v2:logistic:through_2025-09-28,BOS,8,6,Final,0.0
2026-04-21,822747,ATL,WSH,Reynaldo López,Foster Griffin,ATL,0.459135452219881,0.540864547780119,2026-04-21T22:45:00Z,,,,,,,,,,,v2:logistic:through_2025-09-28,WSH,11,4,Final,0.0
2026-04-21,822914,PIT,TEX,Carmen Mlodzinski,Kumar Rocker,TEX,0.5003185684219199,0.4996814315780801,2026-04-22T00:05:00Z,,,,,,,,,,,v2:logistic:through_2025-09-28,TEX,5,1,Final,1.0
2026-04-21,822995,CIN,TB,Chase Burns,Steven Matz,TB,0.5452235985550555,0.4547764014449444,2026-04-21T22:40:00Z,,,,,,,,,,,v2:logistic:through_2025-09-28,CIN,6,12,Final,0.0
2026-04-21,823148,ATH,SEA,Jacob Lopez,Luis Castillo,SEA,0.5376663034451592,0.4623336965548408,2026-04-22T01:40:00Z,,,,,,,,,,,v2:logistic:through_2025-09-28,ATH,2,5,Final,0.0
2026-04-21,823236,LAD,SF,Yoshinobu Yamamoto,Landen Roupp,LAD,0.4658571981279844,0.5341428018720156,2026-04-22T01:45:00Z,,,,,,,,,,,v2:logistic:through_2025-09-28,SF,3,1,Final,0.0
2026-04-21,823640,MIN,NYM,Simeon Woods Richardson,Nolan McLean,NYM,0.5271890240899729,0.4728109759100271,2026-04-21T23:10:00Z,,,,,,,,,,,v2:logistic:through_2025-09-28,MIN,3,5,Final,0.0
2026-04-21,823880,STL,MIA,Dustin May,Chris Paddack,MIA,0.532351864990672,0.467648135009328,2026-04-21T22:40:00Z,,,,,,,,,,,v2:logistic:through_2025-09-28,STL,3,5,Final,0.0
2026-04-21,824045,TOR,LAA,Patrick Corbin,Jack Kochanowicz,TOR,0.4904487955947271,0.5095512044052728,2026-04-22T01:38:00Z,,,,,,,,,,,v2:logistic:through_2025-09-28,TOR,2,4,Final,1.0
2026-04-21,824127,BAL,KC,Shane Baz,Kris Bubic,BAL,0.495987277173311,0.504012722826689,2026-04-21T23:40:00Z,,,,,,,,,,,v2:logistic:through_2025-09-28,KC,6,5,Final,0.0
2026-04-21,824290,MIL,DET,Kyle Harrison,Keider Montero,DET,0.5791287121312458,0.4208712878687541,2026-04-21T22:40:00Z,,,,,,,,,,,v2:logistic:through_2025-09-28,MIL,4,12,Final,0.0
2026-04-21,824369,SD,COL,Randy Vásquez,Jimmy Herget,SD,0.4251423108890114,0.5748576891109886,2026-04-22T00:40:00Z,,,,,,,,,,,v2:logistic:through_2025-09-28,SD,0,1,Final,1.0
2026-04-21,824448,HOU,CLE,Ryan Weiss,Parker Messick,CLE,0.6108662443235913,0.3891337556764087,2026-04-21T22:10:00Z,,,,,,,,,,,v2:logistic:through_2025-09-28,CLE,8,5,Final,1.0
2026-04-21,824690,PHI,CHC,Jesús Luzardo,Shota Imanaga,CHC,0.57229071054114,0.42770928945886,2026-04-21T23:40:00Z,,,,,,,,,,,v2:logistic:through_2025-09-28,CHC,7,4,Final,1.0
2026-04-21,824773,NYY,BOS,Luis Gil,Connelly Early,BOS,0.5529919227957293,0.4470080772042707,2026-04-21T22:45:00Z,,,,,,,,,,,v2:logistic:through_2025-09-28,NYY,0,4,Final,0.0
2026-04-21,825099,CWS,AZ,Sean Burke,Merrill Kelly,AZ,0.5705417701034715,0.4294582298965285,2026-04-22T01:40:00Z,,,,,,,,,,,v2:logistic:through_2025-09-28,CWS,5,11,Final,0.0
2026-04-22,822748,ATL,WSH,Didier Fuentes,Zack Littell,ATL,0.4994051222674473,0.5005948777325526,2026-04-22T22:45:00Z,,,,,,,,,,,v2:logistic:through_2025-09-28,ATL,6,8,Final,1.0
2026-04-22,822913,PIT,TEX,Braxton Ashcraft,Jack Leiter,TEX,0.5141460844842791,0.4858539155157209,2026-04-23T00:05:00Z,,,,,,,,,,,v2:logistic:through_2025-09-28,PIT,4,8,Final,0.0
2026-04-22,822993,CIN,TB,Brandon Williamson,Nick Martinez,TB,0.5590619343890085,0.4409380656109914,2026-04-22T17:10:00Z,,,,,,,,,,,v2:logistic:through_2025-09-28,TB,6,1,Final,1.0
2026-04-22,823147,ATH,SEA,Aaron Civale,Logan Gilbert,SEA,0.5193794809179986,0.4806205190820014,2026-04-22T20:10:00Z,,,,,,,,,,,v2:logistic:through_2025-09-28,SEA,5,4,Final,1.0
2026-04-22,823231,LAD,SF,Shohei Ohtani,Tyler Mahle,LAD,0.4534571094282751,0.5465428905717249,2026-04-23T01:45:00Z,,,,,,,,,,,v2:logistic:through_2025-09-28,SF,3,0,Final,0.0
2026-04-22,823641,MIN,NYM,Connor Prielipp,Clay Holmes,MIN,0.4933505910981415,0.5066494089018585,2026-04-22T23:10:00Z,,,,,,,,,,,v2:logistic:through_2025-09-28,NYM,3,2,Final,0.0
2026-04-22,823878,STL,MIA,Kyle Leahy,Janson Junk,MIA,0.5519190439544553,0.4480809560455446,2026-04-22T16:10:00Z,,,,,,,,,,,v2:logistic:through_2025-09-28,MIA,4,1,Final,1.0
2026-04-22,824044,TOR,LAA,Eric Lauer,José Soriano,LAA,0.5518988736834369,0.448101126316563,2026-04-22T19:07:00Z,,,,,,,,,,,v2:logistic:through_2025-09-28,LAA,7,3,Final,1.0
2026-04-22,824123,BAL,KC,Chris Bassitt,Michael Wacha,KC,0.5100745701908913,0.4899254298091087,2026-04-22T18:10:00Z,,,,,,,,,,,v2:logistic:through_2025-09-28,BAL,6,8,Final,0.0
2026-04-22,824286,MIL,DET,DL Hall,Casey Mize,DET,0.5581020501107554,0.4418979498892446,2026-04-22T22:40:00Z,,,,,,,,,,,v2:logistic:through_2025-09-28,DET,5,2,Final,1.0
2026-04-22,824367,SD,COL,Walker Buehler,Tomoyuki Sugano,SD,0.4771516260694263,0.5228483739305737,2026-04-23T00:40:00Z,,,,,,,,,,,v2:logistic:through_2025-09-28,COL,8,3,Final,0.0
2026-04-22,824449,HOU,CLE,Peter Lambert,Tanner Bibee,CLE,0.533378333793387,0.466621666206613,2026-04-22T17:10:00Z,,,,,,,,,,,v2:logistic:through_2025-09-28,HOU,0,2,Final,0.0
2026-04-22,824688,PHI,CHC,Kyle Backhus,Matthew Boyd,CHC,0.5964057921303655,0.4035942078696345,2026-04-22T23:40:00Z,,,,,,,,,,,v2:logistic:through_2025-09-28,CHC,7,2,Final,1.0
2026-04-22,824774,NYY,BOS,Max Fried,Ranger Suarez,NYY,0.4935148108650528,0.5064851891349472,2026-04-22T22:45:00Z,,,,,,,,,,,v2:logistic:through_2025-09-28,NYY,1,4,Final,1.0
2026-04-22,825097,CWS,AZ,Anthony Kay,Eduardo Rodriguez,AZ,0.5579171314743547,0.4420828685256452,2026-04-23T01:40:00Z,,,,,,,,,,,v2:logistic:through_2025-09-28,AZ,11,7,Final,1.0
2026-04-23,822745,ATL,WSH,JR Ritchie,Cade Cavalli,ATL,0.4717079463658397,0.5282920536341603,2026-04-23T17:05:00Z,,,,,,,,,,,v2:logistic:through_2025-09-28,ATL,2,7,Final,1.0
2026-04-23,822912,PIT,TEX,Bubba Chandler,Jacob deGrom,TEX,0.5415942999116832,0.4584057000883168,2026-04-24T00:05:00Z,,,,,,,,,,,v2:logistic:through_2025-09-28,TEX,6,1,Final,1.0
2026-04-23,823233,LAD,SF,Tyler Glasnow,Logan Webb,LAD,0.4798928020480402,0.5201071979519598,2026-04-23T19:45:00Z,,,,,,,,,,,v2:logistic:through_2025-09-28,LAD,0,3,Final,1.0
2026-04-23,823639,MIN,NYM,Joe Ryan,Christian Scott,MIN,0.4895761243608709,0.510423875639129,2026-04-23T23:10:00Z,,,,,,,,,,,v2:logistic:through_2025-09-28,NYM,10,8,Final,0.0
2026-04-23,824288,MIL,DET,Brandon Sproat,Tarik Skubal,DET,0.5806485659449487,0.4193514340550512,2026-04-23T17:10:00Z,,,,,,,,,,,v2:logistic:through_2025-09-28,DET,5,4,Final,1.0
2026-04-23,824368,SD,COL,Matt Waldron,Ryan Feltner,SD,0.4963981442261861,0.5036018557738138,2026-04-23T19:10:00Z,,,,,,,,,,,v2:logistic:through_2025-09-28,SD,8,10,Final,1.0
2026-04-23,824689,PHI,CHC,Cristopher Sánchez,Edward Cabrera,CHC,0.5880364920361003,0.4119635079638997,2026-04-23T18:20:00Z,,,,,,,,,,,v2:logistic:through_2025-09-28,CHC,8,7,Final,1.0
2026-04-23,824770,NYY,BOS,Cam Schlittler,Payton Tolle,NYY,0.4637405728523223,0.5362594271476777,2026-04-23T22:10:00Z,,,,,,,,,,,v2:logistic:through_2025-09-28,NYY,2,4,Final,1.0
2026-04-23,825096,CWS,AZ,Davis Martin,Michael Soroka,AZ,0.5956673541900533,0.4043326458099466,2026-04-23T19:40:00Z,,,,,,,,,,,v2:logistic:through_2025-09-28,CWS,1,4,Final,0.0
2026-04-24,822827,CLE,TOR,Gavin Williams,Max Scherzer,TOR,0.5131403590846589,0.486859640915341,2026-04-24T23:07:00Z,,,,,,,,,,,v2:logistic:through_2025-09-28,CLE,6,8,Final,0.0
2026-04-24,822909,ATH,TEX,Luis Severino,Nathan Eovaldi,TEX,0.5525264871092308,0.4474735128907692,2026-04-25T00:05:00Z,,,,,,,,,,,v2:logistic:through_2025-09-28,ATH,1,8,Final,0.0
2026-04-24,822992,MIN,TB,Taj Bradley,Drew Rasmussen,TB,0.5270672081698689,0.4729327918301311,2026-04-24T23:10:00Z,,,,,,,,,,,v2:logistic:through_2025-09-28,TB,6,2,Final,1.0
2026-04-24,823069,SEA,STL,George Kirby,Andre Pallante,STL,0.5124880277605043,0.4875119722394957,2026-04-25T00:15:00Z,,,,,,,,,,,v2:logistic:through_2025-09-28,SEA,2,3,Final,0.0
2026-04-24,823232,MIA,SF,Sandy Alcantara,Adrian Houser,SF,0.5103433989136591,0.4896566010863409,2026-04-25T02:15:00Z,,,,,,,,,,,v2:logistic:through_2025-09-28,MIA,4,9,Final,0.0
2026-04-24,823638,COL,NYM,Michael Lorenzen,Freddy Peralta,NYM,0.511858113503353,0.488141886496647,2026-04-24T23:10:00Z,,,,,,,,,,,v2:logistic:through_2025-09-28,COL,3,4,Final,0.0
2026-04-24,823800,PIT,MIL,Paul Skenes,Brandon Woodruff,MIL,0.5186177856801246,0.4813822143198754,2026-04-24T23:40:00Z,,,,,,,,,,,v2:logistic:through_2025-09-28,PIT,0,6,Final,0.0
2026-04-24,823962,CHC,LAD,Jameson Taillon,Emmet Sheehan,LAD,0.5291382919056286,0.4708617080943714,2026-04-25T02:15:00Z,,,,,,,,,,,v2:logistic:through_2025-09-28,CHC,4,6,Final,0.0
2026-04-24,824124,LAA,KC,Yusei Kikuchi,Noah Cameron,LAA,0.4885130162171212,0.5114869837828788,2026-04-24T23:40:00Z,,,,,,,,,,,v2:logistic:through_2025-09-28,KC,6,3,Final,0.0
2026-04-24,824204,NYY,HOU,Will Warren,Lance McCullers Jr.,NYY,0.4876782969747864,0.5123217030252136,2026-04-25T00:10:00Z,,,,,,,,,,,v2:logistic:through_2025-09-28,NYY,4,12,Final,1.0
2026-04-24,824529,DET,CIN,Framber Valdez,Andrew Abbott,CIN,0.5074882091391293,0.4925117908608707,2026-04-24T22:40:00Z,,,,,,,,,,,v2:logistic:through_2025-09-28,CIN,9,8,Final,1.0
2026-04-24,824611,WSH,CWS,PJ Poulin,Bryan Hudson,CWS,0.5312325789498749,0.4687674210501251,2026-04-24T23:40:00Z,,,,,,,,,,,v2:logistic:through_2025-09-28,CWS,5,4,Final,1.0
2026-04-24,824854,BOS,BAL,Brayan Bello,Brandon Young,BAL,0.5638805261389435,0.4361194738610565,2026-04-24T23:05:00Z,,,,,,,,,,,v2:logistic:through_2025-09-28,BAL,10,3,Final,1.0
2026-04-24,824932,PHI,ATL,Andrew Painter,Grant Holmes,ATL,0.5979055239006701,0.4020944760993299,2026-04-24T23:15:00Z,,,,,,,,,,,v2:logistic:through_2025-09-28,ATL,5,3,Final,1.0
2026-04-25,822826,CLE,TOR,Joey Cantillo,Kevin Gausman,TOR,0.554338769344055,0.445661230655945,2026-04-25T19:07:00Z,,,,,,,,,,,v2:logistic:through_2025-09-28,TOR,5.0,3.0,Final,1.0
2026-04-25,822910,ATH,TEX,Jeffrey Springs,MacKenzie Gore,TEX,0.5164921051058927,0.4835078948941073,2026-04-25T23:05:00Z,,,,,,,,,,,v2:logistic:through_2025-09-28,TEX,4.0,3.0,Final,1.0
2026-04-25,822989,MIN,TB,Bailey Ober,Shane McClanahan,TB,0.5337641735886923,0.4662358264113077,2026-04-25T20:10:00Z,,,,,,,,,,,v2:logistic:through_2025-09-28,TB,6.0,1.0,Final,1.0
2026-04-25,823070,SEA,STL,Bryan Woo,Matthew Liberatore,STL,0.5161515960482133,0.4838484039517867,2026-04-25T18:15:00Z,,,,,,,,,,,v2:logistic:through_2025-09-28,SEA,9.0,11.0,Final,0.0
2026-04-25,823229,MIA,SF,Eury Pérez,Robbie Ray,SF,0.5027347879985401,0.4972652120014599,2026-04-25T20:05:00Z,,,,,,,,,,,v2:logistic:through_2025-09-28,SF,6.0,2.0,Final,1.0
2026-04-25,823799,PIT,MIL,Mitch Keller,Jacob Misiorowski,MIL,0.5384299622243438,0.4615700377756562,2026-04-25T23:10:00Z,,,,,,,,,,,v2:logistic:through_2025-09-28,PIT,3.0,6.0,Final,0.0
2026-04-25,823960,CHC,LAD,Colin Rea,Roki Sasaki,CHC,0.4925511902644036,0.5074488097355964,2026-04-25T23:15:00Z,,,,,,,,,,,v2:logistic:through_2025-09-28,LAD,12.0,4.0,Final,0.0
2026-04-25,824121,LAA,KC,Walbert Ureña,Cole Ragans,LAA,0.4671057434813375,0.5328942565186625,2026-04-25T23:10:00Z,,,,,,,,,,,v2:logistic:through_2025-09-28,KC,12.0,1.0,Final,0.0
2026-04-25,824203,NYY,HOU,Ryan Weathers,Mike Burrows,HOU,0.5019767526629326,0.4980232473370674,2026-04-25T23:10:00Z,,,,,,,,,,,v2:logistic:through_2025-09-28,NYY,3.0,8.0,Final,0.0
2026-04-25,824527,DET,CIN,Jack Flaherty,Brady Singer,CIN,0.510349353621114,0.489650646378886,2026-04-25T23:15:00Z,,,,,,,,,,,v2:logistic:through_2025-09-28,CIN,9.0,2.0,Final,1.0
2026-04-25,824613,WSH,CWS,Jake Irvin,Noah Schultz,CWS,0.5557745471991424,0.4442254528008575,2026-04-25T20:10:00Z,,,,,,,,,,,v2:logistic:through_2025-09-28,WSH,3.0,6.0,Final,0.0
2026-04-25,824851,BOS,BAL,Garrett Crochet,Trevor Rogers,BAL,0.5588441914668775,0.4411558085331225,2026-04-25T16:05:00Z,,,,,,,,,,,v2:logistic:through_2025-09-28,BOS,1.0,17.0,Final,0.0
2026-04-25,824933,PHI,ATL,Zack Wheeler,Bryce Elder,ATL,0.6171225463466884,0.3828774536533116,2026-04-25T23:15:00Z,,,,,,,,,,,v2:logistic:through_2025-09-28,PHI,5.0,8.0,Final,0.0
2026-04-25,825093,SD,AZ,Germán Márquez,Zac Gallen,AZ,0.5545029487890694,0.4454970512109306,2026-04-25T22:05:00Z,,,,,,,,,,,v2:logistic:through_2025-09-28,SD,4.0,6.0,Final,0.0
2026-04-26,822824,CLE,TOR,Slade Cecconi,Patrick Corbin,TOR,0.5538933001531573,0.4461066998468427,2026-04-26T17:37:00Z,,,,,,,,,,,v2:logistic:through_2025-09-28,TOR,4,2,Final,1.0
2026-04-26,822911,ATH,TEX,J.T. Ginn,Kumar Rocker,TEX,0.520347016492802,0.479652983507198,2026-04-26T18:35:00Z,,,,,,,,,,,v2:logistic:through_2025-09-28,ATH,1,2,Final,0.0
2026-04-26,822991,MIN,TB,Simeon Woods Richardson,Griffin Jax,TB,0.5659423101006771,0.4340576898993229,2026-04-26T17:40:00Z,,,,,,,,,,,v2:logistic:through_2025-09-28,TB,4,2,Final,1.0
2026-04-26,823068,SEA,STL,Emerson Hancock,Michael McGreevy,STL,0.5127467847695923,0.4872532152304076,2026-04-26T18:15:00Z,,,,,,,,,,,v2:logistic:through_2025-09-28,SEA,2,3,Final,0.0
2026-04-26,823230,MIA,SF,Max Meyer,Landen Roupp,SF,0.5298621471087295,0.4701378528912705,2026-04-26T20:05:00Z,,,,,,,,,,,v2:logistic:through_2025-09-28,SF,6,3,Final,1.0
2026-04-26,823635,COL,NYM,Jose Quintana,Nolan McLean,NYM,0.5707552243735231,0.4292447756264769,2026-04-26T17:40:00Z,,,,,,,,,,,v2:logistic:through_2025-09-28,COL,1,3,Final,0.0
2026-04-26,823637,COL,NYM,Chase Dollander,Kodai Senga,COL,0.4976590207791329,0.5023409792208671,2026-04-26T17:45:00Z,,,,,,,,,,,v2:logistic:through_2025-09-28,COL,0,3,Final,1.0
2026-04-26,823797,PIT,MIL,Carmen Mlodzinski,Kyle Harrison,MIL,0.5130639948494522,0.4869360051505478,2026-04-26T18:10:00Z,,,,,,,,,,,v2:logistic:through_2025-09-28,MIL,5,0,Final,1.0
2026-04-26,823959,CHC,LAD,Shota Imanaga,Justin Wrobleski,LAD,0.5044586185144717,0.4955413814855283,2026-04-26T20:10:00Z,,,,,,,,,,,v2:logistic:through_2025-09-28,LAD,6,0,Final,1.0
2026-04-26,824122,LAA,KC,Reid Detmers,Seth Lugo,KC,0.5226331289412803,0.4773668710587196,2026-04-26T20:10:00Z,,,,,,,,,,,v2:logistic:through_2025-09-28,KC,11,9,Final,1.0
2026-04-26,824202,NYY,HOU,Luis Gil,Spencer Arrighetti,NYY,0.497379519670088,0.502620480329912,2026-04-26T18:10:00Z,,,,,,,,,,,v2:logistic:through_2025-09-28,HOU,7,4,Final,0.0
2026-04-26,824528,DET,CIN,Keider Montero,Rhett Lowder,CIN,0.5076745038976567,0.4923254961023433,2026-04-26T17:40:00Z,,,,,,,,,,,v2:logistic:through_2025-09-28,DET,3,8,Final,0.0
2026-04-26,824612,WSH,CWS,Foster Griffin,Bryan Hudson,CWS,0.5219812164981379,0.4780187835018621,2026-04-26T18:10:00Z,,,,,,,,,,,v2:logistic:through_2025-09-28,WSH,1,2,Final,0.0
2026-04-26,824852,BOS,BAL,Connelly Early,Kyle Bradish,BAL,0.5380905980385357,0.4619094019614643,2026-04-26T17:35:00Z,,,,,,,,,,,v2:logistic:through_2025-09-28,BOS,3,5,Final,0.0
2026-04-26,824934,PHI,ATL,Aaron Nola,Chris Sale,ATL,0.6277771077397959,0.3722228922602041,2026-04-26T17:35:00Z,,,,,,,,,,,v2:logistic:through_2025-09-28,ATL,6,2,Final,1.0
2026-04-26,825094,SD,AZ,Michael King,Ryne Nelson,AZ,0.5500682964875435,0.4499317035124565,2026-04-26T20:05:00Z,,,,,,,,,,,v2:logistic:through_2025-09-28,AZ,12,7,Final,1.0
2026-04-27,822825,BOS,TOR,Ranger Suarez,Dylan Cease,TOR,0.5804029136167366,0.4195970863832634,2026-04-27T23:07:00Z,,,,,,,,,,,v2:logistic:through_2025-09-28,BOS,0,5,Final,0.0
2026-04-27,822906,NYY,TEX,Max Fried,Jack Leiter,TEX,0.5046490184670097,0.4953509815329903,2026-04-28T00:05:00Z,,,,,,,,,,,v2:logistic:through_2025-09-28,NYY,2,4,Final,0.0
2026-04-27,823311,CHC,SD,Matthew Boyd,Randy Vásquez,CHC,0.4849149787394669,0.5150850212605331,2026-04-28T01:40:00Z,,,,,,,,,,,v2:logistic:through_2025-09-28,SD,9,7,Final,0.0
2026-04-27,823395,STL,PIT,Dustin May,Mason Montgomery,PIT,0.5726894031462008,0.4273105968537992,2026-04-27T22:40:00Z,,,,,,,,,,,v2:logistic:through_2025-09-28,STL,2,4,Final,0.0
2026-04-27,823719,SEA,MIN,Luis Castillo,Connor Prielipp,MIN,0.5695573291768459,0.4304426708231541,2026-04-27T23:40:00Z,,,,,,,,,,,v2:logistic:through_2025-09-28,MIN,11,4,Final,1.0
2026-04-27,823961,MIA,LAD,Chris Paddack,Yoshinobu Yamamoto,LAD,0.6017209068224932,0.3982790931775067,2026-04-28T02:10:00Z,,,,,,,,,,,v2:logistic:through_2025-09-28,LAD,5,4,Final,1.0
2026-04-27,824446,TB,CLE,Steven Matz,Parker Messick,CLE,0.5316691852283495,0.4683308147716505,2026-04-27T22:10:00Z,,,,,,,,,,,v2:logistic:through_2025-09-28,TB,2,3,Final,0.0
2026-04-27,824609,LAA,CWS,Jack Kochanowicz,Anthony Kay,CWS,0.5522038355188937,0.4477961644811062,2026-04-27T23:40:00Z,,,,,,,,,,,v2:logistic:through_2025-09-28,CWS,8,7,Final,1.0
2026-04-28,822823,BOS,TOR,Payton Tolle,Trey Yesavage,TOR,0.5505835906604466,0.4494164093395534,2026-04-28T23:07:00Z,,,,,,,,,,,v2:logistic:through_2025-09-28,TOR,3,0,Final,1.0
2026-04-28,822908,NYY,TEX,Cam Schlittler,Jacob deGrom,NYY,0.4811543233252525,0.5188456766747475,2026-04-29T00:05:00Z,,,,,,,,,,,v2:logistic:through_2025-09-28,NYY,2,3,Final,1.0
2026-04-28,823310,CHC,SD,Edward Cabrera,Walker Buehler,SD,0.5017301442858016,0.4982698557141983,2026-04-29T01:40:00Z,,,,,,,,,,,v2:logistic:through_2025-09-28,CHC,3,8,Final,0.0
2026-04-28,823390,STL,PIT,Kyle Leahy,Braxton Ashcraft,PIT,0.569096109993817,0.430903890006183,2026-04-28T22:40:00Z,,,,,,,,,,,v2:logistic:through_2025-09-28,STL,7,11,Final,0.0
2026-04-28,823473,SF,PHI,Tyler Mahle,Jesús Luzardo,PHI,0.514435889555872,0.4855641104441279,2026-04-28T22:40:00Z,,,,,,,,,,,v2:logistic:through_2025-09-28,PHI,7,0,Final,1.0
2026-04-28,823636,WSH,NYM,Zack Littell,Clay Holmes,NYM,0.5240778082275228,0.4759221917724772,2026-04-28T23:10:00Z,,,,,,,,,,,v2:logistic:through_2025-09-28,NYM,8,0,Final,1.0
2026-04-28,823716,SEA,MIN,Logan Gilbert,Joe Ryan,MIN,0.5233604031889716,0.4766395968110284,2026-04-28T23:40:00Z,,,,,,,,,,,v2:logistic:through_2025-09-28,SEA,1,7,Final,0.0
2026-04-28,823798,AZ,MIL,Merrill Kelly,Chad Patrick,AZ,0.4993169387308019,0.500683061269198,2026-04-28T23:40:00Z,,,,,,,,,,,v2:logistic:through_2025-09-28,MIL,13,2,Final,0.0
2026-04-28,823956,MIA,LAD,Janson Junk,Shohei Ohtani,LAD,0.6152380458957417,0.3847619541042583,2026-04-29T02:10:00Z,,,,,,,,,,,v2:logistic:through_2025-09-28,MIA,1,2,Final,0.0
2026-04-28,824447,TB,CLE,Nick Martinez,Tanner Bibee,CLE,0.5326335590282614,0.4673664409717386,2026-04-28T22:10:00Z,,,,,,,,,,,v2:logistic:through_2025-09-28,TB,0,1,Final,0.0
2026-04-28,824526,COL,CIN,Kyle Freeland,Chase Burns,CIN,0.5414043603315759,0.4585956396684241,2026-04-28T22:40:00Z,,,,,,,,,,,v2:logistic:through_2025-09-28,CIN,7,2,Final,1.0
2026-04-28,824610,LAA,CWS,José Soriano,Davis Martin,CWS,0.5313075640155966,0.4686924359844033,2026-04-28T23:40:00Z,,,,,,,,,,,v2:logistic:through_2025-09-28,CWS,5,2,Final,1.0
2026-04-28,824849,HOU,BAL,Kai-Wei Teng,Shane Baz,BAL,0.5388355349854294,0.4611644650145706,2026-04-28T22:35:00Z,,,,,,,,,,,v2:logistic:through_2025-09-28,BAL,5,3,Final,1.0
2026-04-28,824931,DET,ATL,Casey Mize,Martín Pérez,ATL,0.5463521904469908,0.4536478095530092,2026-04-28T23:15:00Z,,,,,,,,,,,v2:logistic:through_2025-09-28,ATL,5,2,Final,1.0
2026-04-28,825017,KC,ATH,Kris Bubic,Aaron Civale,ATH,0.5710599773998395,0.4289400226001605,2026-04-29T01:40:00Z,,,,,,,,,,,v2:logistic:through_2025-09-28,KC,1,4,Final,0.0
2026-04-29,822821,BOS,TOR,Brayan Bello,Eric Lauer,TOR,0.5530641422512709,0.4469358577487291,2026-04-29T19:07:00Z,,,,,,,,,,,v2:logistic:through_2025-09-28,TOR,8.0,1.0,Final,1.0
2026-04-29,822907,NYY,TEX,Elmer Rodríguez,Nathan Eovaldi,NYY,0.4865896351752973,0.5134103648247027,2026-04-29T18:35:00Z,,,,,,,,,,,v2:logistic:through_2025-09-28,TEX,3.0,0.0,Final,0.0
2026-04-29,823312,CHC,SD,Jameson Taillon,Matt Waldron,CHC,0.4789071690326468,0.5210928309673531,2026-04-29T20:10:00Z,,,,,,,,,,,v2:logistic:through_2025-09-28,CHC,4.0,5.0,Final,1.0
2026-04-29,823392,STL,PIT,Andre Pallante,Bubba Chandler,PIT,0.535881927958408,0.4641180720415919,2026-04-29T22:40:00Z,,,,,,,,,,,v2:logistic:through_2025-09-28,STL,4.0,5.0,Final,0.0
2026-04-29,823633,WSH,NYM,Cade Cavalli,David Peterson,NYM,0.5371930682360825,0.4628069317639175,2026-04-29T23:10:00Z,,,,,,,,,,,v2:logistic:through_2025-09-28,WSH,2.0,14.0,Final,0.0
2026-04-29,823717,SEA,MIN,George Kirby,Taj Bradley,MIN,0.5185686991982994,0.4814313008017006,2026-04-29T17:40:00Z,,,,,,,,,,,v2:logistic:through_2025-09-28,SEA,3.0,5.0,Final,0.0
2026-04-29,823796,AZ,MIL,Eduardo Rodriguez,Brandon Sproat,MIL,0.5345199923147649,0.4654800076852351,2026-04-29T23:40:00Z,,,,,,,,,,,v2:logistic:through_2025-09-28,AZ,2.0,6.0,Final,0.0
2026-04-29,823958,MIA,LAD,Sandy Alcantara,Tyler Glasnow,LAD,0.6183202837085612,0.3816797162914388,2026-04-29T19:10:00Z,,,,,,,,,,,v2:logistic:through_2025-09-28,MIA,2.0,3.0,Final,0.0
2026-04-29,824445,TB,CLE,Drew Rasmussen,Gavin Williams,CLE,0.5281643493970325,0.4718356506029675,2026-04-29T17:10:00Z,,,,,,,,,,,v2:logistic:through_2025-09-28,CLE,3.0,1.0,Final,1.0
2026-04-29,824525,COL,CIN,Tomoyuki Sugano,Brandon Williamson,CIN,0.5170482311511788,0.4829517688488212,2026-04-29T22:40:00Z,,,,,,,,,,,v2:logistic:through_2025-09-28,COL,2.0,13.0,Final,0.0
2026-04-29,824608,LAA,CWS,Yusei Kikuchi,Erick Fedde,CWS,0.5325180061885839,0.4674819938114161,2026-04-29T17:10:00Z,,,,,,,,,,,v2:logistic:through_2025-09-28,CWS,3.0,2.0,Final,1.0
2026-04-29,824930,DET,ATL,Tarik Skubal,JR Ritchie,ATL,0.5449221084357695,0.4550778915642305,2026-04-29T23:15:00Z,,,,,,,,,,,v2:logistic:through_2025-09-28,ATL,4.0,3.0,Final,1.0
2026-04-29,825015,KC,ATH,Michael Wacha,Luis Severino,ATH,0.5438635003143663,0.4561364996856337,2026-04-30T01:40:00Z,,,,,,,,,,,v2:logistic:through_2025-09-28,ATH,5.0,2.0,Final,1.0
2026-04-30,823391,STL,PIT,Hunter Dobbins,Paul Skenes,PIT,0.545063300111997,0.454936699888003,2026-04-30T16:35:00Z,,,,,,,,,,,v2:logistic:through_2025-09-28,STL,5,10,Final,0.0
2026-04-30,823471,SF,PHI,Adrian Houser,Tim Mayza,PHI,0.5074625744549695,0.4925374255450305,2026-04-30T21:35:00Z,,,,,,,,,,,v2:logistic:through_2025-09-28,PHI,6,5,Final,1.0
2026-04-30,823472,SF,PHI,Logan Webb,Cristopher Sánchez,PHI,0.541439409158199,0.458560590841801,2026-04-30T16:35:00Z,,,,,,,,,,,v2:logistic:through_2025-09-28,PHI,3,2,Final,1.0
2026-04-30,823634,WSH,NYM,Miles Mikolas,Freddy Peralta,NYM,0.5450167405345739,0.454983259465426,2026-04-30T17:10:00Z,,,,,,,,,,,v2:logistic:through_2025-09-28,WSH,4,5,Final,0.0
2026-04-30,823714,TOR,MIN,Kevin Gausman,Bailey Ober,TOR,0.4904420911126155,0.5095579088873845,2026-04-30T23:40:00Z,,,,,,,,,,,v2:logistic:through_2025-09-28,MIN,7,1,Final,0.0
2026-04-30,823795,AZ,MIL,Michael Soroka,Brandon Woodruff,MIL,0.5087211666691225,0.4912788333308775,2026-04-30T17:40:00Z,,,,,,,,,,,v2:logistic:through_2025-09-28,MIL,13,1,Final,1.0
2026-04-30,824524,COL,CIN,Michael Lorenzen,Andrew Abbott,CIN,0.519751701545021,0.4802482984549789,2026-04-30T16:40:00Z,,,,,,,,,,,v2:logistic:through_2025-09-28,CIN,6,4,Final,1.0
2026-04-30,824848,HOU,BAL,Peter Lambert,Chris Bassitt,HOU,0.4988897674039542,0.5011102325960457,2026-04-30T16:35:00Z,,,,,,,,,,,v2:logistic:through_2025-09-28,BAL,10,3,Final,0.0
2026-04-30,824850,HOU,BAL,Lance McCullers Jr.,Brandon Young,BAL,0.5507896156310329,0.4492103843689671,2026-04-30T16:40:00Z,,,,,,,,,,,v2:logistic:through_2025-09-28,HOU,5,11,Final,0.0
2026-04-30,824929,DET,ATL,Framber Valdez,Bryce Elder,ATL,0.60948740429573,0.39051259570427,2026-04-30T16:15:00Z,,,,,,,,,,,v2:logistic:through_2025-09-28,DET,2,5,Final,0.0
2026-04-30,825016,KC,ATH,Noah Cameron,Jeffrey Springs,ATH,0.5676023218903047,0.4323976781096953,2026-04-30T19:05:00Z,,,,,,,,,,,v2:logistic:through_2025-09-28,ATH,6,3,Final,1.0
2026-05-01,822744,MIL,WSH,Jacob Misiorowski,Jake Irvin,MIL,0.4771987054312127,0.5228012945687872,2026-05-01T22:45:00Z,,,,,,,,,,,v2:logistic:through_2025-09-28,MIL,1,6,Final,1.0
2026-05-01,822990,SF,TB,Robbie Ray,Shane McClanahan,TB,0.5552632176456939,0.4447367823543061,2026-05-01T23:10:00Z,,,,,,,,,,,v2:logistic:through_2025-09-28,TB,3,0,Final,1.0
2026-05-01,823066,LAD,STL,Emmet Sheehan,Matthew Liberatore,LAD,0.456700049368945,0.543299950631055,2026-05-02T00:15:00Z,,,,,,,,,,,v2:logistic:through_2025-09-28,STL,7,2,Final,0.0
2026-05-01,823146,KC,SEA,Cole Ragans,Bryan Woo,SEA,0.5567424876857587,0.4432575123142412,2026-05-02T01:45:00Z,,,,,,,,,,,v2:logistic:through_2025-09-28,KC,6,7,Final,0.0
2026-05-01,823309,CWS,SD,Noah Schultz,Germán Márquez,SD,0.5077203274021164,0.4922796725978836,2026-05-02T01:40:00Z,,,,,,,,,,,v2:logistic:through_2025-09-28,CWS,2,8,Final,0.0
2026-05-01,823389,CIN,PIT,Brady Singer,Mitch Keller,PIT,0.5215408974242371,0.4784591025757628,2026-05-01T22:45:00Z,,,,,,,,,,,v2:logistic:through_2025-09-28,PIT,9,1,Final,1.0
2026-05-01,823557,BAL,NYY,Cade Povich,Will Warren,NYY,0.5852940393746673,0.4147059606253327,2026-05-01T23:05:00Z,,,,,,,,,,,v2:logistic:through_2025-09-28,NYY,7,2,Final,1.0
2026-05-01,823713,TOR,MIN,Patrick Corbin,Simeon Woods Richardson,MIN,0.5019681481695276,0.4980318518304724,2026-05-02T00:10:00Z,,,,,,,,,,,v2:logistic:through_2025-09-28,TOR,3,7,Final,0.0
2026-05-01,823877,PHI,MIA,Zack Wheeler,Eury Pérez,MIA,0.5391626830218142,0.4608373169781857,2026-05-01T23:10:00Z,,,,,,,,,,,v2:logistic:through_2025-09-28,PHI,5,6,Final,0.0
2026-05-01,824041,NYM,LAA,Christian Scott,Walbert Ureña,LAA,0.5703926550146627,0.4296073449853372,2026-05-02T01:38:00Z,,,,,,,,,,,v2:logistic:through_2025-09-28,NYM,3,4,Final,0.0
2026-05-01,824287,TEX,DET,MacKenzie Gore,Jack Flaherty,DET,0.51811257393786,0.4818874260621399,2026-05-01T22:40:00Z,,,,,,,,,,,v2:logistic:through_2025-09-28,TEX,4,5,Final,0.0
2026-05-01,824366,ATL,COL,Grant Holmes,Jose Quintana,ATL,0.4741429421001079,0.525857057899892,2026-05-02T00:40:00Z,,,,,,,,,,,v2:logistic:through_2025-09-28,ATL,6,8,Final,1.0
2026-05-01,824686,AZ,CHC,Zac Gallen,Colin Rea,CHC,0.5727512286984386,0.4272487713015613,2026-05-01T18:20:00Z,,,,,,,,,,,v2:logistic:through_2025-09-28,CHC,6,5,Final,1.0
2026-05-01,824772,HOU,BOS,Mike Burrows,Jake Bennett,BOS,0.5367078313399628,0.4632921686600372,2026-05-01T23:10:00Z,,,,,,,,,,,v2:logistic:through_2025-09-28,BOS,3,1,Final,1.0
2026-05-01,825012,CLE,ATH,Joey Cantillo,J.T. Ginn,ATH,0.5370751988889301,0.4629248011110699,2026-05-02T01:40:00Z,,,,,,,,,,,v2:logistic:through_2025-09-28,CLE,5,8,Final,0.0
2026-05-02,822746,MIL,WSH,Kyle Harrison,Foster Griffin,MIL,0.4678909675562945,0.5321090324437054,2026-05-02T20:05:00Z,,,,,,,,,,,v2:logistic:through_2025-09-28,MIL,1,4,Final,1.0
2026-05-02,822988,SF,TB,Landen Roupp,Griffin Jax,TB,0.5586260254161022,0.4413739745838978,2026-05-02T22:10:00Z,,,,,,,,,,,v2:logistic:through_2025-09-28,TB,5,1,Final,1.0
2026-05-02,823067,LAD,STL,Roki Sasaki,Michael McGreevy,STL,0.5215934711373668,0.4784065288626332,2026-05-02T23:15:00Z,,,,,,,,,,,v2:logistic:through_2025-09-28,STL,3,2,Final,1.0
2026-05-02,823144,KC,SEA,Seth Lugo,Emerson Hancock,SEA,0.5345034311889805,0.4654965688110195,2026-05-03T01:40:00Z,,,,,,,,,,,v2:logistic:through_2025-09-28,KC,2,3,Final,0.0
2026-05-02,823308,CWS,SD,Sean Burke,Michael King,SD,0.5299263415776776,0.4700736584223224,2026-05-03T00:40:00Z,,,,,,,,,,,v2:logistic:through_2025-09-28,CWS,0,4,Final,0.0
2026-05-02,823388,CIN,PIT,Rhett Lowder,Carmen Mlodzinski,PIT,0.5473418988147468,0.4526581011852532,2026-05-02T20:05:00Z,,,,,,,,,,,v2:logistic:through_2025-09-28,PIT,17,7,Final,1.0
2026-05-02,823554,BAL,NYY,Kyle Bradish,Ryan Weathers,NYY,0.5955767782615626,0.4044232217384373,2026-05-02T17:35:00Z,,,,,,,,,,,v2:logistic:through_2025-09-28,NYY,9,4,Final,1.0
2026-05-02,823715,TOR,MIN,Dylan Cease,Connor Prielipp,MIN,0.5117193102774213,0.4882806897225786,2026-05-02T18:10:00Z,,,,,,,,,,,v2:logistic:through_2025-09-28,TOR,4,11,Final,0.0
2026-05-02,823876,PHI,MIA,Andrew Painter,Max Meyer,MIA,0.5538825919095365,0.4461174080904635,2026-05-02T20:10:00Z,,,,,,,,,,,v2:logistic:through_2025-09-28,MIA,4,0,Final,1.0
2026-05-02,824042,NYM,LAA,Nolan McLean,Reid Detmers,LAA,0.5026800661354146,0.4973199338645854,2026-05-03T01:38:00Z,,,,,,,,,,,v2:logistic:through_2025-09-28,LAA,4,3,Final,1.0
2026-05-02,824284,TEX,DET,Kumar Rocker,Keider Montero,DET,0.5495539358736197,0.4504460641263803,2026-05-02T23:15:00Z,,,,,,,,,,,v2:logistic:through_2025-09-28,DET,5,1,Final,1.0
2026-05-02,824365,ATL,COL,Chris Sale,Brennan Bernardino,ATL,0.4160056692233276,0.5839943307766724,2026-05-03T00:10:00Z,,,,,,,,,,,v2:logistic:through_2025-09-28,ATL,1,9,Final,1.0
2026-05-02,824685,AZ,CHC,Ryne Nelson,Shota Imanaga,CHC,0.5945711040164715,0.4054288959835285,2026-05-02T18:20:00Z,,,,,,,,,,,v2:logistic:through_2025-09-28,CHC,2,0,Final,1.0
2026-05-02,824771,HOU,BOS,Spencer Arrighetti,Connelly Early,BOS,0.5499163455628193,0.4500836544371807,2026-05-02T20:10:00Z,,,,,,,,,,,v2:logistic:through_2025-09-28,HOU,3,6,Final,0.0
2026-05-02,825014,CLE,ATH,Slade Cecconi,Jacob Lopez,ATH,0.5301483254727858,0.4698516745272142,2026-05-02T20:05:00Z,,,,,,,,,,,v2:logistic:through_2025-09-28,CLE,6,14,Final,0.0
2026-05-03,822742,MIL,WSH,Logan Henderson,PJ Poulin,MIL,0.463601897902093,0.536398102097907,2026-05-03T17:35:00Z,,,,,,,,,,,v2:logistic:through_2025-09-28,WSH,3,2,Final,0.0
2026-05-03,822987,SF,TB,Tyler Mahle,Steven Matz,TB,0.5894352720422598,0.4105647279577402,2026-05-03T17:40:00Z,,,,,,,,,,,v2:logistic:through_2025-09-28,TB,2,1,Final,1.0
2026-05-03,823065,LAD,STL,Justin Wrobleski,Dustin May,STL,0.5234997591932312,0.4765002408067688,2026-05-03T18:15:00Z,,,,,,,,,,,v2:logistic:through_2025-09-28,LAD,1,4,Final,0.0
2026-05-03,823145,KC,SEA,Kris Bubic,Luis Castillo,SEA,0.528171073782244,0.4718289262177559,2026-05-03T20:10:00Z,,,,,,,,,,,v2:logistic:through_2025-09-28,KC,1,4,Final,0.0
2026-05-03,823307,CWS,SD,Anthony Kay,Griffin Canning,SD,0.5419155254157586,0.4580844745842414,2026-05-03T20:10:00Z,,,,,,,,,,,v2:logistic:through_2025-09-28,SD,4,3,Final,1.0
2026-05-03,823387,CIN,PIT,Chase Burns,Braxton Ashcraft,PIT,0.5568738357065957,0.4431261642934043,2026-05-03T17:35:00Z,,,,,,,,,,,v2:logistic:through_2025-09-28,PIT,1,0,Final,1.0
2026-05-03,823555,BAL,NYY,Trey Gibson,Max Fried,NYY,0.600231139849789,0.3997688601502109,2026-05-03T17:35:00Z,,,,,,,,,,,v2:logistic:through_2025-09-28,NYY,11,3,Final,1.0
2026-05-03,823711,TOR,MIN,Trey Yesavage,Joe Ryan,TOR,0.48426225496969,0.51573774503031,2026-05-03T16:45:00Z,,,,,,,,,,,v2:logistic:through_2025-09-28,MIN,4,3,Final,0.0
2026-05-03,823875,PHI,MIA,Jesús Luzardo,Chris Paddack,MIA,0.5327749841847275,0.4672250158152725,2026-05-03T17:40:00Z,,,,,,,,,,,v2:logistic:through_2025-09-28,PHI,2,7,Final,0.0
2026-05-03,824043,NYM,LAA,Clay Holmes,Jack Kochanowicz,LAA,0.511499877407609,0.4885001225923909,2026-05-03T20:07:00Z,,,,,,,,,,,v2:logistic:through_2025-09-28,NYM,1,5,Final,0.0
2026-05-03,824285,TEX,DET,Jack Leiter,Tyler Holton,DET,0.5461547718253903,0.4538452281746097,2026-05-03T23:20:00Z,,,,,,,,,,,v2:logistic:through_2025-09-28,DET,7,1,Final,1.0
2026-05-03,824364,ATL,COL,Spencer Strider,Kyle Freeland,ATL,0.481783955478035,0.518216044521965,2026-05-03T19:10:00Z,,,,,,,,,,,v2:logistic:through_2025-09-28,ATL,6,11,Final,1.0
2026-05-03,824687,AZ,CHC,Merrill Kelly,Matthew Boyd,CHC,0.6189923803565218,0.3810076196434782,2026-05-03T18:20:00Z,,,,,,,,,,,v2:logistic:through_2025-09-28,CHC,8,4,Final,1.0
2026-05-03,824769,HOU,BOS,Cody Bolton,Ranger Suarez,BOS,0.5681377144069666,0.4318622855930334,2026-05-03T17:35:00Z,,,,,,,,,,,v2:logistic:through_2025-09-28,HOU,1,3,Final,0.0
2026-05-03,825013,CLE,ATH,Parker Messick,Aaron Civale,ATH,0.5066516661030895,0.4933483338969104,2026-05-03T20:05:00Z,,,,,,,,,,,v2:logistic:through_2025-09-28,ATH,7,1,Final,1.0
2026-05-04,822984,TOR,TB,Eric Lauer,Nick Martinez,TB,0.556196895474268,0.443803104525732,2026-05-04T22:40:00Z,,,,,,,,,,,v2:logistic:through_2025-09-28,TB,5,1,Final,1.0
2026-05-04,823064,MIL,STL,Chad Patrick,Kyle Leahy,STL,0.5233836699782437,0.4766163300217563,2026-05-04T23:45:00Z,,,,,,,,,,,v2:logistic:through_2025-09-28,STL,6,3,Final,1.0
2026-05-04,823143,ATL,SEA,JR Ritchie,Logan Gilbert,ATL,0.4906207677844855,0.5093792322155145,2026-05-05T01:40:00Z,,,,,,,,,,,v2:logistic:through_2025-09-28,SEA,5,4,Final,0.0
2026-05-04,823228,SD,SF,Randy Vásquez,Trevor McDonald,SF,0.5163031606725077,0.4836968393274923,2026-05-05T01:45:00Z,,,,,,,,,,,v2:logistic:through_2025-09-28,SF,3,2,Final,1.0
2026-05-04,823552,BAL,NYY,Shane Baz,Cam Schlittler,NYY,0.6495822147348708,0.3504177852651292,2026-05-04T23:05:00Z,,,,,,,,,,,v2:logistic:through_2025-09-28,NYY,12,1,Final,1.0
2026-05-04,823874,PHI,MIA,Aaron Nola,Janson Junk,MIA,0.5397848934521907,0.4602151065478093,2026-05-04T22:40:00Z,,,,,,,,,,,v2:logistic:through_2025-09-28,PHI,0,1,Final,0.0
2026-05-04,824039,CWS,LAA,Davis Martin,José Soriano,LAA,0.5139738910966125,0.4860261089033875,2026-05-05T01:38:00Z,,,,,,,,,,,v2:logistic:through_2025-09-28,CWS,0,6,Final,0.0
2026-05-04,824120,CLE,KC,Tanner Bibee,Michael Wacha,KC,0.5232887733206447,0.4767112266793553,2026-05-04T23:40:00Z,,,,,,,,,,,v2:logistic:through_2025-09-28,KC,6,2,Final,1.0
2026-05-04,824201,LAD,HOU,Yoshinobu Yamamoto,Steven Okert,LAD,0.4857499564951891,0.514250043504811,2026-05-05T00:10:00Z,,,,,,,,,,,v2:logistic:through_2025-09-28,LAD,3,8,Final,1.0
2026-05-04,824283,BOS,DET,Payton Tolle,Tyler Holton,DET,0.5651319823464396,0.4348680176535604,2026-05-04T22:10:00Z,,,,,,,,,,,v2:logistic:through_2025-09-28,BOS,4,5,Final,0.0
2026-05-04,824363,NYM,COL,Huascar Brazobán,Tomoyuki Sugano,COL,0.5074790578541706,0.4925209421458294,2026-05-04T21:40:00Z,,,,,,,,,,,v2:logistic:through_2025-09-28,NYM,2,4,Final,0.0
2026-05-04,824684,CIN,CHC,Chase Petty,Edward Cabrera,CHC,0.6475428377618527,0.3524571622381472,2026-05-04T23:10:00Z,,,,,,,,,,,v2:logistic:through_2025-09-28,CHC,5,4,Final,1.0
2026-05-05,822743,MIN,WSH,Taj Bradley,Cade Cavalli,WSH,0.5252895113354735,0.4747104886645265,2026-05-05T22:45:00Z,,,,,,,,,,,v2:logistic:through_2025-09-28,MIN,3.0,11.0,Final,0.0
2026-05-05,822986,TOR,TB,Kevin Gausman,Drew Rasmussen,TB,0.5367865229964215,0.4632134770035785,2026-05-05T22:40:00Z,,,,,,,,,,,v2:logistic:through_2025-09-28,TB,4.0,3.0,Final,1.0
2026-05-05,823142,ATL,SEA,Bryce Elder,George Kirby,ATL,0.4676924209576041,0.5323075790423959,2026-05-06T01:40:00Z,,,,,,,,,,,v2:logistic:through_2025-09-28,ATL,2.0,3.0,Final,1.0
2026-05-05,823227,SD,SF,Walker Buehler,Logan Webb,SF,0.5319416553543451,0.4680583446456549,2026-05-06T01:45:00Z,,,,,,,,,,,v2:logistic:through_2025-09-28,SD,5.0,10.0,Final,0.0
2026-05-05,823469,ATH,PHI,Luis Severino,Cristopher Sánchez,PHI,0.5272807000813166,0.4727192999186834,2026-05-05T22:40:00Z,,,,,,,,,,,v2:logistic:through_2025-09-28,PHI,9.0,1.0,Final,1.0
2026-05-05,823553,TEX,NYY,Jacob deGrom,Elmer Rodríguez,NYY,0.5538847590716895,0.4461152409283104,2026-05-05T23:05:00Z,,,,,,,,,,,v2:logistic:through_2025-09-28,NYY,7.0,4.0,Final,1.0
2026-05-05,823873,BAL,MIA,Chris Bassitt,Sandy Alcantara,MIA,0.5703234939615492,0.4296765060384507,2026-05-05T22:40:00Z,,,,,,,,,,,v2:logistic:through_2025-09-28,BAL,7.0,9.0,Final,0.0
2026-05-05,824040,CWS,LAA,Erick Fedde,Sam Aldegheri,CWS,0.4885102414877397,0.5114897585122603,2026-05-06T01:38:00Z,,,,,,,,,,,v2:logistic:through_2025-09-28,LAA,4.0,3.0,Final,0.0
2026-05-05,824119,CLE,KC,Gavin Williams,Stephen Kolek,KC,0.5203979059004553,0.4796020940995447,2026-05-05T23:40:00Z,,,,,,,,,,,v2:logistic:through_2025-09-28,KC,5.0,3.0,Final,1.0
2026-05-05,824200,LAD,HOU,Shohei Ohtani,Peter Lambert,LAD,0.4492952450610345,0.5507047549389654,2026-05-06T00:10:00Z,,,,,,,,,,,v2:logistic:through_2025-09-28,HOU,2.0,1.0,Final,0.0
2026-05-05,824281,BOS,DET,Jovani Morán,Framber Valdez,DET,0.5374324116268931,0.4625675883731068,2026-05-05T22:40:00Z,,,,,,,,,,,v2:logistic:through_2025-09-28,BOS,3.0,10.0,Final,0.0
2026-05-05,824682,CIN,CHC,Andrew Abbott,Jameson Taillon,CHC,0.6156440746950796,0.3843559253049203,2026-05-05T23:40:00Z,,,,,,,,,,,v2:logistic:through_2025-09-28,CHC,3.0,2.0,Final,1.0
2026-05-05,825092,PIT,AZ,Bubba Chandler,Eduardo Rodriguez,PIT,0.492883454493047,0.5071165455069531,2026-05-06T01:40:00Z,,,,,,,,,,,v2:logistic:through_2025-09-28,AZ,9.0,0.0,Final,0.0
2026-05-06,822740,MIN,WSH,Bailey Ober,Miles Mikolas,MIN,0.4900555734632784,0.5099444265367216,2026-05-06T22:45:00Z,,,,,,,,,,,v2:logistic:through_2025-09-28,WSH,15,2,Final,0.0
2026-05-06,822985,TOR,TB,Patrick Corbin,Shane McClanahan,TB,0.5513951220836645,0.4486048779163355,2026-05-06T17:10:00Z,,,,,,,,,,,v2:logistic:through_2025-09-28,TB,3,0,Final,1.0
2026-05-06,823063,MIL,STL,Brandon Sproat,Andre Pallante,STL,0.5195275751459545,0.4804724248540455,2026-05-06T17:15:00Z,,,,,,,,,,,v2:logistic:through_2025-09-28,MIL,2,6,Final,0.0
2026-05-06,823141,ATL,SEA,Martín Pérez,Bryan Woo,ATL,0.4993886095561963,0.5006113904438036,2026-05-06T20:10:00Z,,,,,,,,,,,v2:logistic:through_2025-09-28,SEA,3,1,Final,0.0
2026-05-06,823226,SD,SF,Bradgley Rodriguez,Adrian Houser,SD,0.4984171985656437,0.5015828014343562,2026-05-06T19:45:00Z,,,,,,,,,,,v2:logistic:through_2025-09-28,SD,1,5,Final,1.0
2026-05-06,823470,ATH,PHI,Jeffrey Springs,Zack Wheeler,PHI,0.5377527086288892,0.4622472913711107,2026-05-06T22:40:00Z,,,,,,,,,,,v2:logistic:through_2025-09-28,PHI,6,3,Final,1.0
2026-05-06,823550,TEX,NYY,Nathan Eovaldi,Will Warren,NYY,0.6246809017670525,0.3753190982329475,2026-05-06T23:05:00Z,,,,,,,,,,,v2:logistic:through_2025-09-28,TEX,1,6,Final,0.0
2026-05-06,823872,BAL,MIA,Brandon Young,Eury Pérez,MIA,0.5906334449790113,0.4093665550209887,2026-05-06T22:40:00Z,,,,,,,,,,,v2:logistic:through_2025-09-28,BAL,4,7,Final,0.0
2026-05-06,824036,CWS,LAA,Noah Schultz,Walbert Ureña,CWS,0.4984541157574877,0.5015458842425122,2026-05-06T20:07:00Z,,,,,,,,,,,v2:logistic:through_2025-09-28,LAA,8,2,Final,0.0
2026-05-06,824118,CLE,KC,Joey Cantillo,Cole Ragans,KC,0.5398736883261804,0.4601263116738195,2026-05-06T23:40:00Z,,,,,,,,,,,v2:logistic:through_2025-09-28,CLE,1,3,Final,0.0
2026-05-06,824198,LAD,HOU,Tyler Glasnow,Lance McCullers Jr.,LAD,0.4357161006802459,0.5642838993197541,2026-05-06T18:10:00Z,,,,,,,,,,,v2:logistic:through_2025-09-28,LAD,2,12,Final,1.0
2026-05-06,824282,BOS,DET,Sonny Gray,Jack Flaherty,DET,0.5118331005611032,0.4881668994388968,2026-05-06T22:40:00Z,,,,,,,,,,,v2:logistic:through_2025-09-28,BOS,0,4,Final,0.0
2026-05-06,824361,NYM,COL,Freddy Peralta,Michael Lorenzen,COL,0.5053523326016005,0.4946476673983995,2026-05-07T01:20:00Z,,,,,,,,,,,v2:logistic:through_2025-09-28,NYM,5,10,Final,0.0
2026-05-06,824683,CIN,CHC,Brady Singer,Colin Rea,CHC,0.6260424798307992,0.3739575201692008,2026-05-06T23:40:00Z,,,,,,,,,,,v2:logistic:through_2025-09-28,CHC,7,6,Final,1.0
2026-05-06,825091,PIT,AZ,Paul Skenes,Michael Soroka,AZ,0.503997547260382,0.4960024527396179,2026-05-07T01:40:00Z,,,,,,,,,,,v2:logistic:through_2025-09-28,PIT,0,1,Final,0.0
2026-05-07,822741,MIN,WSH,Simeon Woods Richardson,Jake Irvin,WSH,0.5519184463377088,0.4480815536622912,2026-05-07T17:05:00Z,,,,,,,,,,,v2:logistic:through_2025-09-28,WSH,7,5,Final,1.0
2026-05-07,823306,STL,SD,Matthew Liberatore,Michael King,SD,0.5514066681574313,0.4485933318425686,2026-05-08T02:10:00Z,,,,,,,,,,,v2:logistic:through_2025-09-28,STL,1,2,Final,0.0
2026-05-07,823467,ATH,PHI,J.T. Ginn,Andrew Painter,PHI,0.5343462435344594,0.4656537564655406,2026-05-07T22:40:00Z,,,,,,,,,,,v2:logistic:through_2025-09-28,ATH,1,12,Final,0.0
2026-05-07,823551,TEX,NYY,MacKenzie Gore,Paul Blackburn,NYY,0.5936548343891177,0.4063451656108823,2026-05-07T16:35:00Z,,,,,,,,,,,v2:logistic:through_2025-09-28,NYY,9,2,Final,1.0
2026-05-07,823870,BAL,MIA,Cade Povich,Max Meyer,MIA,0.5590860909019831,0.4409139090980168,2026-05-07T22:40:00Z,,,,,,,,,,,v2:logistic:through_2025-09-28,MIA,4,3,Final,1.0
2026-05-07,824117,CLE,KC,Slade Cecconi,Seth Lugo,KC,0.5376190001804746,0.4623809998195254,2026-05-07T18:10:00Z,,,,,,,,,,,v2:logistic:through_2025-09-28,CLE,5,8,Final,0.0
2026-05-07,824362,NYM,COL,Christian Scott,Jose Quintana,NYM,0.4964980107189628,0.5035019892810372,2026-05-07T19:10:00Z,,,,,,,,,,,v2:logistic:through_2025-09-28,COL,6,2,Final,0.0
2026-05-07,824681,CIN,CHC,Rhett Lowder,Shota Imanaga,CHC,0.6355486312006874,0.3644513687993126,2026-05-07T18:20:00Z,,,,,,,,,,,v2:logistic:through_2025-09-28,CHC,8,3,Final,1.0
2026-05-07,824767,TB,BOS,Griffin Jax,Jake Bennett,TB,0.4824690711295204,0.5175309288704796,2026-05-07T23:10:00Z,,,,,,,,,,,v2:logistic:through_2025-09-28,TB,4,8,Final,1.0
2026-05-07,825090,PIT,AZ,Mitch Keller,Zac Gallen,AZ,0.5043932992455556,0.4956067007544443,2026-05-07T19:40:00Z,,,,,,,,,,,v2:logistic:through_2025-09-28,PIT,2,4,Final,0.0
2026-05-08,822822,LAA,TOR,Reid Detmers,Dylan Cease,TOR,0.5770698595543349,0.4229301404456651,2026-05-08T23:07:00Z,,,,,,,,,,,v2:logistic:through_2025-09-28,TOR,2,0,Final,1.0
2026-05-08,822904,CHC,TEX,Ben Brown,Kumar Rocker,CHC,0.4661648464863777,0.5338351535136223,2026-05-09T00:05:00Z,,,,,,,,,,,v2:logistic:through_2025-09-28,CHC,1,7,Final,1.0
2026-05-08,823225,PIT,SF,Carmen Mlodzinski,Robbie Ray,PIT,0.4559131609506436,0.5440868390493563,2026-05-09T02:15:00Z,,,,,,,,,,,v2:logistic:through_2025-09-28,SF,5,2,Final,0.0
2026-05-08,823303,STL,SD,Michael McGreevy,Griffin Canning,SD,0.5340408342430092,0.4659591657569908,2026-05-09T01:45:00Z,,,,,,,,,,,v2:logistic:through_2025-09-28,STL,0,6,Final,0.0
2026-05-08,823466,COL,PHI,Chase Dollander,Jesús Luzardo,PHI,0.57405822405824,0.4259417759417599,2026-05-08T22:40:00Z,,,,,,,,,,,v2:logistic:through_2025-09-28,COL,7,9,Final,0.0
2026-05-08,823794,NYY,MIL,Max Fried,Jacob Misiorowski,MIL,0.5175669873654095,0.4824330126345905,2026-05-08T23:40:00Z,,,,,,,,,,,v2:logistic:through_2025-09-28,MIL,6,0,Final,1.0
2026-05-08,823871,WSH,MIA,Foster Griffin,Robby Snelling,MIA,0.5264798297614796,0.4735201702385204,2026-05-08T23:10:00Z,,,,,,,,,,,v2:logistic:through_2025-09-28,WSH,2,3,Final,0.0
2026-05-08,823957,ATL,LAD,Chris Sale,Emmet Sheehan,LAD,0.544622415616353,0.4553775843836469,2026-05-09T02:10:00Z,,,,,,,,,,,v2:logistic:through_2025-09-28,LAD,3,1,Final,1.0
2026-05-08,824116,DET,KC,Keider Montero,Kris Bubic,KC,0.5388682149580937,0.4611317850419063,2026-05-08T23:40:00Z,,,,,,,,,,,v2:logistic:through_2025-09-28,KC,4,3,Final,1.0
2026-05-08,824443,MIN,CLE,Connor Prielipp,Parker Messick,CLE,0.5671900715532376,0.4328099284467623,2026-05-08T23:15:00Z,,,,,,,,,,,v2:logistic:through_2025-09-28,CLE,6,4,Final,1.0
2026-05-08,824522,HOU,CIN,Mike Burrows,Nick Lodolo,CIN,0.528437044794408,0.471562955205592,2026-05-08T22:10:00Z,,,,,,,,,,,v2:logistic:through_2025-09-28,HOU,0,10,Final,0.0
2026-05-08,824607,SEA,CWS,Emerson Hancock,Sean Burke,CWS,0.5218767479495081,0.4781232520504919,2026-05-08T23:40:00Z,,,,,,,,,,,v2:logistic:through_2025-09-28,SEA,8,12,Final,0.0
2026-05-08,824768,TB,BOS,Jesse Scholtens,Connelly Early,TB,0.4661657530134879,0.533834246986512,2026-05-08T23:10:00Z,,,,,,,,,,,v2:logistic:through_2025-09-28,BOS,2,0,Final,0.0
2026-05-08,824846,ATH,BAL,Jacob Lopez,Kyle Bradish,BAL,0.5102889751860952,0.4897110248139048,2026-05-08T23:05:00Z,,,,,,,,,,,v2:logistic:through_2025-09-28,ATH,3,4,Final,0.0
2026-05-08,825088,NYM,AZ,Nolan McLean,Ryne Nelson,NYM,0.4884083453215965,0.5115916546784034,2026-05-09T01:40:00Z,,,,,,,,,,,v2:logistic:through_2025-09-28,NYM,1,3,Final,1.0
2026-05-09,822820,LAA,TOR,Jack Kochanowicz,Trey Yesavage,TOR,0.6063101822433772,0.3936898177566228,2026-05-09T19:07:00Z,,,,,,,,,,,v2:logistic:through_2025-09-28,TOR,14.0,1.0,Final,1.0
2026-05-09,822905,CHC,TEX,Edward Cabrera,Jack Leiter,CHC,0.4717454246461464,0.5282545753538536,2026-05-09T23:05:00Z,,,,,,,,,,,v2:logistic:through_2025-09-28,TEX,6.0,0.0,Final,0.0
2026-05-09,823224,PIT,SF,Braxton Ashcraft,Landen Roupp,PIT,0.4664204009760967,0.5335795990239032,2026-05-10T01:05:00Z,,,,,,,,,,,v2:logistic:through_2025-09-28,PIT,3.0,13.0,Final,1.0
2026-05-09,823304,STL,SD,Dustin May,Randy Vásquez,SD,0.5251737687117164,0.4748262312882836,2026-05-09T23:15:00Z,,,,,,,,,,,v2:logistic:through_2025-09-28,SD,4.0,2.0,Final,1.0
2026-05-09,823468,COL,PHI,Kyle Freeland,Aaron Nola,PHI,0.5512923911954879,0.4487076088045121,2026-05-09T22:05:00Z,,,,,,,,,,,v2:logistic:through_2025-09-28,PHI,9.0,3.0,Final,1.0
2026-05-09,823792,NYY,MIL,Cam Schlittler,Kyle Harrison,MIL,0.5056621550447207,0.4943378449552793,2026-05-09T23:10:00Z,,,,,,,,,,,v2:logistic:through_2025-09-28,MIL,4.0,3.0,Final,1.0
2026-05-09,823869,WSH,MIA,Richard Lovelady,Janson Junk,MIA,0.5259279966990688,0.4740720033009312,2026-05-09T20:10:00Z,,,,,,,,,,,v2:logistic:through_2025-09-28,MIA,8.0,7.0,Final,1.0
2026-05-09,823955,ATL,LAD,Spencer Strider,Blake Snell,LAD,0.576472356788382,0.4235276432116179,2026-05-10T01:10:00Z,,,,,,,,,,,v2:logistic:through_2025-09-28,ATL,2.0,7.0,Final,0.0
2026-05-09,824115,DET,KC,Burch Smith,Michael Wacha,KC,0.5388085129288623,0.4611914870711376,2026-05-09T23:10:00Z,,,,,,,,,,,v2:logistic:through_2025-09-28,KC,5.0,1.0,Final,1.0
2026-05-09,824444,MIN,CLE,Joe Ryan,Tanner Bibee,CLE,0.5502531231569894,0.4497468768430106,2026-05-09T22:10:00Z,,,,,,,,,,,v2:logistic:through_2025-09-28,MIN,1.0,2.0,Final,0.0
2026-05-09,824523,HOU,CIN,Spencer Arrighetti,Chase Burns,CIN,0.5171198327265494,0.4828801672734506,2026-05-09T20:10:00Z,,,,,,,,,,,v2:logistic:through_2025-09-28,CIN,3.0,1.0,Final,1.0
2026-05-09,824606,SEA,CWS,Luis Castillo,Anthony Kay,CWS,0.5229277613593803,0.4770722386406196,2026-05-09T23:10:00Z,,,,,,,,,,,v2:logistic:through_2025-09-28,CWS,6.0,1.0,Final,1.0
2026-05-09,824847,ATH,BAL,Aaron Civale,Shane Baz,ATH,0.491059031614394,0.5089409683856059,2026-05-09T20:05:00Z,,,,,,,,,,,v2:logistic:through_2025-09-28,ATH,2.0,6.0,Final,1.0
2026-05-09,825089,NYM,AZ,Clay Holmes,Merrill Kelly,AZ,0.5044558979528919,0.4955441020471081,2026-05-09T23:15:00Z,,,,,,,,,,,v2:logistic:through_2025-09-28,AZ,2.0,1.0,Final,1.0
2026-05-10,822819,LAA,TOR,José Soriano,Spencer Miles,TOR,0.5974797211530376,0.4025202788469624,2026-05-10T17:37:00Z,,,,,,,,,,,v2:logistic:through_2025-09-28,LAA,1,6,Final,0.0
2026-05-10,822902,CHC,TEX,Jameson Taillon,Jacob deGrom,TEX,0.5018191421927798,0.4981808578072202,2026-05-10T18:35:00Z,,,,,,,,,,,v2:logistic:through_2025-09-28,TEX,3,0,Final,1.0
2026-05-10,823221,PIT,SF,Bubba Chandler,Tyler Mahle,PIT,0.4602680601387816,0.5397319398612184,2026-05-10T20:05:00Z,,,,,,,,,,,v2:logistic:through_2025-09-28,SF,7,6,Final,0.0
2026-05-10,823305,STL,SD,Kyle Leahy,Walker Buehler,SD,0.529786994615838,0.470213005384162,2026-05-10T20:10:00Z,,,,,,,,,,,v2:logistic:through_2025-09-28,SD,3,2,Final,1.0
2026-05-10,823463,COL,PHI,Tomoyuki Sugano,Cristopher Sánchez,PHI,0.5952599717100552,0.4047400282899448,2026-05-10T17:35:00Z,,,,,,,,,,,v2:logistic:through_2025-09-28,PHI,6,0,Final,1.0
2026-05-10,823793,NYY,MIL,Carlos Rodón,Logan Henderson,MIL,0.5451342377736209,0.4548657622263791,2026-05-10T18:10:00Z,,,,,,,,,,,v2:logistic:through_2025-09-28,MIL,4,3,Final,1.0
2026-05-10,823868,WSH,MIA,Cade Cavalli,Sandy Alcantara,MIA,0.5116808354911627,0.4883191645088373,2026-05-10T16:15:00Z,,,,,,,,,,,v2:logistic:through_2025-09-28,MIA,5,2,Final,1.0
2026-05-10,823954,ATL,LAD,Bryce Elder,Justin Wrobleski,LAD,0.5185396180456986,0.4814603819543014,2026-05-10T20:10:00Z,,,,,,,,,,,v2:logistic:through_2025-09-28,ATL,2,7,Final,0.0
2026-05-10,824113,DET,KC,Brenan Hanifee,Noah Cameron,KC,0.5533579988638266,0.4466420011361733,2026-05-10T23:20:00Z,,,,,,,,,,,v2:logistic:through_2025-09-28,DET,3,6,Final,0.0
2026-05-10,824440,MIN,CLE,Andrew Morris,Gavin Williams,CLE,0.5712717213816346,0.4287282786183654,2026-05-10T17:40:00Z,,,,,,,,,,,v2:logistic:through_2025-09-28,MIN,4,5,Final,0.0
2026-05-10,824520,HOU,CIN,Kai-Wei Teng,Andrew Abbott,HOU,0.4729465639403962,0.5270534360596038,2026-05-10T17:40:00Z,,,,,,,,,,,v2:logistic:through_2025-09-28,CIN,5,0,Final,0.0
2026-05-10,824605,SEA,CWS,Logan Gilbert,Davis Martin,CWS,0.5606665860919477,0.4393334139080522,2026-05-10T18:10:00Z,,,,,,,,,,,v2:logistic:through_2025-09-28,CWS,2,1,Final,1.0
2026-05-10,824765,TB,BOS,Nick Martinez,Payton Tolle,BOS,0.513557602345583,0.486442397654417,2026-05-10T17:35:00Z,,,,,,,,,,,v2:logistic:through_2025-09-28,TB,1,4,Final,0.0
2026-05-10,824845,ATH,BAL,Luis Severino,Keegan Akin,ATH,0.487564032785995,0.512435967214005,2026-05-10T17:35:00Z,,,,,,,,,,,v2:logistic:through_2025-09-28,BAL,2,1,Final,0.0
2026-05-10,825085,NYM,AZ,Huascar Brazobán,Eduardo Rodriguez,AZ,0.5304995750468142,0.4695004249531858,2026-05-10T20:10:00Z,,,,,,,,,,,v2:logistic:through_2025-09-28,AZ,5,1,Final,1.0
2026-05-11,822818,TB,TOR,Drew Rasmussen,Kevin Gausman,TOR,0.5122462326152946,0.4877537673847054,2026-05-11T23:07:00Z,,,,,,,,,,,v2:logistic:through_2025-09-28,TB,5,8,Final,0.0
2026-05-11,822901,AZ,TEX,Michael Soroka,Jakob Junis,TEX,0.5476348605346176,0.4523651394653823,2026-05-12T00:05:00Z,,,,,,,,,,,v2:logistic:through_2025-09-28,AZ,0,1,Final,0.0
2026-05-11,823953,SF,LAD,Trevor McDonald,Roki Sasaki,LAD,0.5681277370873214,0.4318722629126785,2026-05-12T02:10:00Z,,,,,,,,,,,v2:logistic:through_2025-09-28,SF,3,9,Final,0.0
2026-05-11,824199,SEA,HOU,George Kirby,Peter Lambert,HOU,0.536612600333,0.463387399667,2026-05-12T00:10:00Z,,,,,,,,,,,v2:logistic:through_2025-09-28,SEA,1,3,Final,0.0
2026-05-11,824441,LAA,CLE,Brent Suter,Joey Cantillo,CLE,0.5923759276870232,0.4076240723129768,2026-05-11T22:10:00Z,,,,,,,,,,,v2:logistic:through_2025-09-28,CLE,7,2,Final,1.0
2026-05-11,824844,NYY,BAL,Ryan Weathers,Brandon Young,NYY,0.4174320275103317,0.5825679724896683,2026-05-11T22:35:00Z,,,,,,,,,,,v2:logistic:through_2025-09-28,BAL,3,2,Final,0.0
2026-05-12,822817,TB,TOR,Shane McClanahan,Patrick Corbin,TB,0.4869121889213005,0.5130878110786994,2026-05-12T23:07:00Z,,,,,,,,,,,v2:logistic:through_2025-09-28,TB,6,7,Final,1.0
2026-05-12,822903,AZ,TEX,Zac Gallen,MacKenzie Gore,TEX,0.5383295848060303,0.4616704151939697,2026-05-13T00:05:00Z,,,,,,,,,,,v2:logistic:through_2025-09-28,TEX,7,4,Final,1.0
2026-05-12,823385,COL,PIT,Michael Lorenzen,Paul Skenes,PIT,0.6188504074193183,0.3811495925806817,2026-05-12T22:40:00Z,,,,,,,,,,,v2:logistic:through_2025-09-28,PIT,3,1,Final,1.0
2026-05-12,823632,DET,NYM,Jack Flaherty,Freddy Peralta,NYM,0.5349633874957019,0.465036612504298,2026-05-12T23:10:00Z,,,,,,,,,,,v2:logistic:through_2025-09-28,NYM,10,2,Final,1.0
2026-05-12,823712,MIA,MIN,Eury Pérez,Bailey Ober,MIA,0.4973869512700412,0.5026130487299588,2026-05-12T23:40:00Z,,,,,,,,,,,v2:logistic:through_2025-09-28,MIN,3,0,Final,0.0
2026-05-12,823790,SD,MIL,Bradgley Rodriguez,Brandon Sproat,MIL,0.58028054393601,0.4197194560639899,2026-05-12T23:40:00Z,,,,,,,,,,,v2:logistic:through_2025-09-28,MIL,6,4,Final,1.0
2026-05-12,823951,SF,LAD,Adrian Houser,Yoshinobu Yamamoto,LAD,0.6332527776565824,0.3667472223434176,2026-05-13T02:10:00Z,,,,,,,,,,,v2:logistic:through_2025-09-28,SF,2,6,Final,0.0
2026-05-12,824197,SEA,HOU,Bryan Woo,Tatsuya Imai,HOU,0.5045105016169813,0.4954894983830187,2026-05-13T00:10:00Z,,,,,,,,,,,v2:logistic:through_2025-09-28,SEA,2,10,Final,0.0
2026-05-12,824442,LAA,CLE,Walbert Ureña,Slade Cecconi,CLE,0.5637027261314645,0.4362972738685354,2026-05-12T22:10:00Z,,,,,,,,,,,v2:logistic:through_2025-09-28,CLE,3,2,Final,1.0
2026-05-12,824521,WSH,CIN,Miles Mikolas,Brady Singer,WSH,0.494305497011767,0.5056945029882329,2026-05-12T22:40:00Z,,,,,,,,,,,v2:logistic:through_2025-09-28,WSH,4,10,Final,1.0
2026-05-12,824604,KC,CWS,Stephen Kolek,Erick Fedde,CWS,0.5253413960480712,0.4746586039519288,2026-05-12T23:40:00Z,,,,,,,,,,,v2:logistic:through_2025-09-28,CWS,6,5,Final,1.0
2026-05-12,824764,PHI,BOS,Zack Wheeler,Jovani Morán,PHI,0.4501336040318685,0.5498663959681316,2026-05-12T22:45:00Z,,,,,,,,,,,v2:logistic:through_2025-09-28,PHI,1,2,Final,1.0
2026-05-12,824843,NYY,BAL,Will Warren,Trevor Rogers,NYY,0.4382059232718552,0.5617940767281449,2026-05-12T22:35:00Z,,,,,,,,,,,v2:logistic:through_2025-09-28,NYY,2,6,Final,1.0
2026-05-12,824927,CHC,ATL,Colin Rea,Grant Holmes,ATL,0.5230484360658577,0.4769515639341423,2026-05-12T23:15:00Z,,,,,,,,,,,v2:logistic:through_2025-09-28,ATL,5,2,Final,1.0
2026-05-12,825011,STL,ATH,Andre Pallante,Jeffrey Springs,ATH,0.5429528071778896,0.4570471928221103,2026-05-13T01:40:00Z,,,,,,,,,,,v2:logistic:through_2025-09-28,STL,4,6,Final,0.0
2026-05-13,822815,TB,TOR,Griffin Jax,Dylan Cease,TOR,0.5101867875967968,0.4898132124032032,2026-05-13T23:07:00Z,,,,,,,,,,,v2:logistic:through_2025-09-28,TOR,5,3,Final,1.0
2026-05-13,822900,AZ,TEX,Ryne Nelson,Kumar Rocker,TEX,0.5206181232603331,0.4793818767396669,2026-05-14T00:05:00Z,,,,,,,,,,,v2:logistic:through_2025-09-28,TEX,6,5,Final,1.0
2026-05-13,823386,COL,PIT,Jose Quintana,Mitch Keller,PIT,0.6177731790313045,0.3822268209686955,2026-05-13T22:40:00Z,,,,,,,,,,,v2:logistic:through_2025-09-28,COL,4,10,Final,0.0
2026-05-13,823631,DET,NYM,Framber Valdez,Christian Scott,NYM,0.5433829934917315,0.4566170065082685,2026-05-13T23:10:00Z,,,,,,,,,,,v2:logistic:through_2025-09-28,NYM,3,2,Final,1.0
2026-05-13,823710,MIA,MIN,Max Meyer,Simeon Woods Richardson,MIA,0.4775670024675177,0.5224329975324823,2026-05-13T23:40:00Z,,,,,,,,,,,v2:logistic:through_2025-09-28,MIA,5,9,Final,1.0
2026-05-13,823791,SD,MIL,Michael King,Jacob Misiorowski,MIL,0.6006902087331594,0.3993097912668406,2026-05-13T23:40:00Z,,,,,,,,,,,v2:logistic:through_2025-09-28,SD,1,3,Final,0.0
2026-05-13,823952,SF,LAD,Robbie Ray,Shohei Ohtani,LAD,0.6204866953679894,0.3795133046320106,2026-05-14T02:10:00Z,,,,,,,,,,,v2:logistic:through_2025-09-28,LAD,4,0,Final,1.0
2026-05-13,824195,SEA,HOU,Bryce Miller,Lance McCullers Jr.,HOU,0.5039636062155833,0.4960363937844166,2026-05-14T00:10:00Z,,,,,,,,,,,v2:logistic:through_2025-09-28,HOU,4,3,Final,1.0
2026-05-13,824438,LAA,CLE,Reid Detmers,Parker Messick,CLE,0.5733565385504856,0.4266434614495143,2026-05-13T17:10:00Z,,,,,,,,,,,v2:logistic:through_2025-09-28,CLE,4,2,Final,1.0
2026-05-13,824519,WSH,CIN,Jake Irvin,Nick Lodolo,WSH,0.4886772632290513,0.5113227367709486,2026-05-13T22:40:00Z,,,,,,,,,,,v2:logistic:through_2025-09-28,WSH,7,8,Final,1.0
2026-05-13,824603,KC,CWS,Seth Lugo,Noah Schultz,CWS,0.5297100819041661,0.4702899180958338,2026-05-13T23:40:00Z,,,,,,,,,,,v2:logistic:through_2025-09-28,CWS,6,5,Final,1.0
2026-05-13,824763,PHI,BOS,Andrew Painter,Sonny Gray,BOS,0.5258400022639645,0.4741599977360354,2026-05-13T22:45:00Z,,,,,,,,,,,v2:logistic:through_2025-09-28,BOS,3,1,Final,1.0
2026-05-13,824841,NYY,BAL,Max Fried,Kyle Bradish,NYY,0.4531519252966235,0.5468480747033764,2026-05-13T17:05:00Z,,,,,,,,,,,v2:logistic:through_2025-09-28,BAL,7,0,Final,0.0
2026-05-13,824928,CHC,ATL,Shota Imanaga,JR Ritchie,ATL,0.5208581088544285,0.4791418911455715,2026-05-13T23:15:00Z,,,,,,,,,,,v2:logistic:through_2025-09-28,ATL,4,1,Final,1.0
2026-05-13,825010,STL,ATH,Matthew Liberatore,J.T. Ginn,ATH,0.5319222424380821,0.4680777575619179,2026-05-14T01:40:00Z,,,,,,,,,,,v2:logistic:through_2025-09-28,ATH,6,2,Final,1.0
2026-05-14,823383,COL,PIT,Chase Dollander,Mason Montgomery,PIT,0.6198818169673711,0.3801181830326289,2026-05-14T16:35:00Z,,,,,,,,,,,v2:logistic:through_2025-09-28,PIT,7,2,Final,1.0
2026-05-14,823630,DET,NYM,Keider Montero,Nolan McLean,NYM,0.5559570221106949,0.4440429778893051,2026-05-14T17:10:00Z,,,,,,,,,,,v2:logistic:through_2025-09-28,NYM,9,4,Final,1.0
2026-05-14,823709,MIA,MIN,Braxton Garrett,Zebby Matthews,MIA,0.4973613480010347,0.5026386519989652,2026-05-14T17:40:00Z,,,,,,,,,,,v2:logistic:through_2025-09-28,MIN,9,1,Final,0.0
2026-05-14,823789,SD,MIL,Griffin Canning,Kyle Harrison,MIL,0.5825929773053162,0.4174070226946837,2026-05-14T17:40:00Z,,,,,,,,,,,v2:logistic:through_2025-09-28,MIL,7,1,Final,1.0
2026-05-14,823950,SF,LAD,Landen Roupp,Emmet Sheehan,LAD,0.6130563755593154,0.3869436244406846,2026-05-15T02:10:00Z,,,,,,,,,,,v2:logistic:through_2025-09-28,LAD,5,2,Final,1.0
2026-05-14,824196,SEA,HOU,Luis Castillo,Mike Burrows,HOU,0.5079833330385267,0.4920166669614733,2026-05-14T18:10:00Z,,,,,,,,,,,v2:logistic:through_2025-09-28,SEA,3,8,Final,0.0
2026-05-14,824517,WSH,CIN,Foster Griffin,Chase Burns,WSH,0.4944449603287811,0.5055550396712188,2026-05-14T16:40:00Z,,,,,,,,,,,v2:logistic:through_2025-09-28,CIN,15,1,Final,0.0
2026-05-14,824602,KC,CWS,Kris Bubic,Anthony Kay,CWS,0.5214882698637736,0.4785117301362264,2026-05-14T23:40:00Z,,,,,,,,,,,v2:logistic:through_2025-09-28,CWS,6,2,Final,1.0
2026-05-14,824762,PHI,BOS,Jesús Luzardo,Ranger Suarez,PHI,0.4922319412228618,0.5077680587771382,2026-05-14T22:45:00Z,,,,,,,,,,,v2:logistic:through_2025-09-28,PHI,1,3,Final,1.0
2026-05-14,824926,CHC,ATL,Ben Brown,Chris Sale,ATL,0.5891851397847641,0.4108148602152359,2026-05-14T23:15:00Z,,,,,,,,,,,v2:logistic:through_2025-09-28,CHC,0,2,Final,0.0
2026-05-14,825008,STL,ATH,Michael McGreevy,Jacob Lopez,ATH,0.5146582510033715,0.4853417489966285,2026-05-14T19:05:00Z,,,,,,,,,,,v2:logistic:through_2025-09-28,STL,4,5,Final,0.0
2026-05-15,822739,BAL,WSH,Shane Baz,Zack Littell,WSH,0.5470374946776605,0.4529625053223395,2026-05-15T22:45:00Z,,,,,,,,,,,v2:logistic:through_2025-09-28,WSH,3,2,Final,1.0
2026-05-15,822983,MIA,TB,Janson Junk,Ian Seymour,TB,0.5829682705347125,0.4170317294652875,2026-05-15T23:10:00Z,,,,,,,,,,,v2:logistic:through_2025-09-28,TB,7,2,Final,1.0
2026-05-15,823061,KC,STL,Michael Wacha,Dustin May,STL,0.530072080954057,0.469927919045943,2026-05-16T00:15:00Z,,,,,,,,,,,v2:logistic:through_2025-09-28,STL,5,4,Final,1.0
2026-05-15,823140,SD,SEA,Randy Vásquez,Emerson Hancock,SEA,0.5585905938494156,0.4414094061505844,2026-05-16T01:40:00Z,,,,,,,,,,,v2:logistic:through_2025-09-28,SD,0,2,Final,0.0
2026-05-15,823384,PHI,PIT,Aaron Nola,Braxton Ashcraft,PIT,0.5399326748253647,0.4600673251746353,2026-05-15T22:40:00Z,,,,,,,,,,,v2:logistic:through_2025-09-28,PHI,9,11,Final,0.0
2026-05-15,823629,NYY,NYM,Cam Schlittler,Clay Holmes,NYY,0.4693845721035835,0.5306154278964166,2026-05-15T23:15:00Z,,,,,,,,,,,v2:logistic:through_2025-09-28,NYY,2,5,Final,1.0
2026-05-15,823707,MIL,MIN,Coleman Crow,Joe Ryan,MIL,0.4862438880325136,0.5137561119674863,2026-05-15T23:10:00Z,,,,,,,,,,,v2:logistic:through_2025-09-28,MIL,2,3,Final,1.0
2026-05-15,824037,LAD,LAA,Will Klein,Jack Kochanowicz,LAD,0.4637244663272397,0.5362755336727603,2026-05-16T01:38:00Z,,,,,,,,,,,v2:logistic:through_2025-09-28,LAD,0,6,Final,1.0
2026-05-15,824194,TEX,HOU,Jack Leiter,Spencer Arrighetti,TEX,0.4992692404110759,0.5007307595889241,2026-05-16T00:10:00Z,,,,,,,,,,,v2:logistic:through_2025-09-28,HOU,2,0,Final,0.0
2026-05-15,824280,TOR,DET,Trey Yesavage,Brenan Hanifee,TOR,0.4902648346450193,0.5097351653549806,2026-05-15T22:45:00Z,,,,,,,,,,,v2:logistic:through_2025-09-28,DET,3,2,Final,0.0
2026-05-15,824360,AZ,COL,Merrill Kelly,Kyle Freeland,COL,0.5217028204114804,0.4782971795885196,2026-05-16T00:40:00Z,,,,,,,,,,,v2:logistic:through_2025-09-28,AZ,1,9,Final,0.0
2026-05-15,824439,CIN,CLE,Andrew Abbott,Tanner Bibee,CLE,0.5767646674397915,0.4232353325602085,2026-05-15T23:10:00Z,,,,,,,,,,,v2:logistic:through_2025-09-28,CIN,6,7,Final,0.0
2026-05-15,824601,CHC,CWS,Edward Cabrera,Sean Burke,CWS,0.5237417085442008,0.4762582914557992,2026-05-15T23:40:00Z,,,,,,,,,,,v2:logistic:through_2025-09-28,CHC,5,10,Final,0.0
2026-05-15,824925,BOS,ATL,Connelly Early,Spencer Strider,ATL,0.5844896033040365,0.4155103966959634,2026-05-15T23:15:00Z,,,,,,,,,,,v2:logistic:through_2025-09-28,ATL,3,2,Final,1.0
2026-05-15,825009,SF,ATH,Tyler Mahle,Aaron Civale,ATH,0.5708004456483213,0.4291995543516786,2026-05-16T01:40:00Z,,,,,,,,,,,v2:logistic:through_2025-09-28,ATH,5,2,Final,1.0
2026-05-16,822737,BAL,WSH,Chris Bassitt,Cade Cavalli,WSH,0.5866840800073372,0.4133159199926628,2026-05-16T20:05:00Z,,,,,,,,,,,v2:logistic:through_2025-09-28,WSH,13,3,Final,1.0
2026-05-16,822981,MIA,TB,Sandy Alcantara,Nick Martinez,TB,0.5804683203921616,0.4195316796078384,2026-05-16T20:10:00Z,,,,,,,,,,,v2:logistic:through_2025-09-28,MIA,5,10,Final,0.0
2026-05-16,823060,KC,STL,Noah Cameron,Kyle Leahy,STL,0.5450755350284148,0.4549244649715852,2026-05-16T18:15:00Z,,,,,,,,,,,v2:logistic:through_2025-09-28,STL,4,2,Final,1.0
2026-05-16,823139,SD,SEA,Walker Buehler,Logan Gilbert,SEA,0.549420095742539,0.450579904257461,2026-05-16T23:15:00Z,,,,,,,,,,,v2:logistic:through_2025-09-28,SD,4,7,Final,0.0
2026-05-16,823382,PHI,PIT,Cristopher Sánchez,Bubba Chandler,PHI,0.4893462147842126,0.5106537852157873,2026-05-16T20:05:00Z,,,,,,,,,,,v2:logistic:through_2025-09-28,PHI,0,6,Final,1.0
2026-05-16,823627,NYY,NYM,Carlos Rodón,Huascar Brazobán,NYY,0.4743624612009987,0.5256375387990013,2026-05-16T23:15:00Z,,,,,,,,,,,v2:logistic:through_2025-09-28,NYM,6,3,Final,0.0
2026-05-16,823706,MIL,MIN,Logan Henderson,Connor Prielipp,MIL,0.4664099494516476,0.5335900505483524,2026-05-16T23:10:00Z,,,,,,,,,,,v2:logistic:through_2025-09-28,MIL,1,2,Final,1.0
2026-05-16,824038,LAD,LAA,Justin Wrobleski,José Soriano,LAD,0.4892848657918788,0.5107151342081211,2026-05-17T01:38:00Z,,,,,,,,,,,v2:logistic:through_2025-09-28,LAD,2,15,Final,1.0
2026-05-16,824193,TEX,HOU,Jacob deGrom,Kai-Wei Teng,TEX,0.4954675040637005,0.5045324959362996,2026-05-16T23:10:00Z,,,,,,,,,,,v2:logistic:through_2025-09-28,HOU,4,1,Final,0.0
2026-05-16,824278,TOR,DET,Mason Fluharty,Casey Mize,DET,0.5998343957878283,0.4001656042121717,2026-05-16T17:10:00Z,,,,,,,,,,,v2:logistic:through_2025-09-28,TOR,1,2,Final,0.0
2026-05-16,824359,AZ,COL,Eduardo Rodriguez,Tomoyuki Sugano,AZ,0.4870341467705424,0.5129658532294576,2026-05-16T19:10:00Z,,,,,,,,,,,v2:logistic:through_2025-09-28,COL,4,2,Final,0.0
2026-05-16,824435,CIN,CLE,Chris Paddack,Joey Cantillo,CLE,0.5714770343681148,0.4285229656318852,2026-05-16T22:10:00Z,,,,,,,,,,,v2:logistic:through_2025-09-28,CLE,7,4,Final,1.0
2026-05-16,824600,CHC,CWS,Jameson Taillon,Davis Martin,CWS,0.5524316294740699,0.4475683705259301,2026-05-16T23:10:00Z,,,,,,,,,,,v2:logistic:through_2025-09-28,CWS,8,3,Final,1.0
2026-05-16,824924,BOS,ATL,Payton Tolle,Bryce Elder,ATL,0.5750950710905105,0.4249049289094895,2026-05-16T23:15:00Z,,,,,,,,,,,v2:logistic:through_2025-09-28,BOS,2,3,Final,0.0
2026-05-16,825007,SF,ATH,Trevor McDonald,Luis Severino,ATH,0.5491145393693749,0.450885460630625,2026-05-17T01:40:00Z,,,,,,,,,,,v2:logistic:through_2025-09-28,SF,4,6,Final,0.0
2026-05-17,822738,BAL,WSH,Brandon Young,Richard Lovelady,WSH,0.6362238865898594,0.3637761134101406,2026-05-17T17:35:00Z,,,,,,,,,,,v2:logistic:through_2025-09-28,BAL,3,7,Final,0.0
2026-05-17,822982,MIA,TB,Eury Pérez,Drew Rasmussen,TB,0.5696526375852017,0.4303473624147983,2026-05-17T16:15:00Z,,,,,,,,,,,v2:logistic:through_2025-09-28,TB,6,3,Final,1.0
2026-05-17,823058,KC,STL,Stephen Kolek,Andre Pallante,STL,0.5393558476408978,0.4606441523591021,2026-05-17T18:15:00Z,,,,,,,,,,,v2:logistic:through_2025-09-28,KC,0,2,Final,0.0
2026-05-17,823138,SD,SEA,Lucas Giolito,George Kirby,SEA,0.5515862820234411,0.4484137179765589,2026-05-17T23:20:00Z,,,,,,,,,,,v2:logistic:through_2025-09-28,SD,3,8,Final,0.0
2026-05-17,823381,PHI,PIT,Zack Wheeler,Paul Skenes,PIT,0.541148879095044,0.4588511209049559,2026-05-17T17:35:00Z,,,,,,,,,,,v2:logistic:through_2025-09-28,PHI,0,6,Final,0.0
2026-05-17,823628,NYY,NYM,Elmer Rodríguez,Freddy Peralta,NYM,0.5537858500775691,0.4462141499224309,2026-05-17T17:40:00Z,,,,,,,,,,,v2:logistic:through_2025-09-28,NYM,7,6,Final,1.0
2026-05-17,823708,MIL,MIN,Robert Gasser,Bailey Ober,MIL,0.4802935259689556,0.5197064740310444,2026-05-17T18:10:00Z,,,,,,,,,,,v2:logistic:through_2025-09-28,MIN,5,4,Final,0.0
2026-05-17,824034,LAD,LAA,Roki Sasaki,Grayson Rodriguez,LAD,0.4718937335742941,0.5281062664257059,2026-05-17T20:07:00Z,,,,,,,,,,,v2:logistic:through_2025-09-28,LAD,1,10,Final,1.0
2026-05-17,824192,TEX,HOU,Nathan Eovaldi,Peter Lambert,HOU,0.5266734465598272,0.4733265534401728,2026-05-17T18:10:00Z,,,,,,,,,,,v2:logistic:through_2025-09-28,TEX,0,8,Final,0.0
2026-05-17,824279,TOR,DET,Kevin Gausman,Jack Flaherty,TOR,0.4979450827930519,0.5020549172069481,2026-05-17T17:40:00Z,,,,,,,,,,,v2:logistic:through_2025-09-28,TOR,1,4,Final,1.0
2026-05-17,824358,AZ,COL,Michael Soroka,Michael Lorenzen,AZ,0.4777900452143054,0.5222099547856947,2026-05-17T19:10:00Z,,,,,,,,,,,v2:logistic:through_2025-09-28,AZ,6,8,Final,1.0
2026-05-17,824436,CIN,CLE,Brady Singer,Gavin Williams,CLE,0.594117166109638,0.4058828338903619,2026-05-17T17:40:00Z,,,,,,,,,,,v2:logistic:through_2025-09-28,CLE,10,3,Final,1.0
2026-05-17,824599,CHC,CWS,Colin Rea,Erick Fedde,CWS,0.5112957848555563,0.4887042151444437,2026-05-17T18:10:00Z,,,,,,,,,,,v2:logistic:through_2025-09-28,CWS,9,8,Final,1.0
2026-05-17,824923,BOS,ATL,Brayan Bello,Grant Holmes,ATL,0.596772463543718,0.4032275364562819,2026-05-17T17:35:00Z,,,,,,,,,,,v2:logistic:through_2025-09-28,ATL,8,1,Final,1.0
2026-05-17,825006,SF,ATH,Adrian Houser,Jeffrey Springs,ATH,0.5959893925348444,0.4040106074651556,2026-05-17T20:05:00Z,,,,,,,,,,,v2:logistic:through_2025-09-28,SF,1,10,Final,0.0
2026-05-18,822734,NYM,WSH,Christian Scott,Jake Irvin,WSH,0.5474446242149705,0.4525553757850294,2026-05-18T22:45:00Z,,,,,,,,,,,v2:logistic:through_2025-09-28,NYM,7,16,Final,0.0
2026-05-18,822980,BAL,TB,Trevor Rogers,Shane McClanahan,TB,0.6106020813423925,0.3893979186576075,2026-05-18T22:40:00Z,,,,,,,,,,,v2:logistic:through_2025-09-28,TB,16,6,Final,1.0
2026-05-18,823137,CWS,SEA,Noah Schultz,Bryan Woo,SEA,0.546688701286482,0.453311298713518,2026-05-19T01:40:00Z,,,,,,,,,,,v2:logistic:through_2025-09-28,SEA,6,1,Final,1.0
2026-05-18,823301,LAD,SD,Yoshinobu Yamamoto,Michael King,LAD,0.4718897951767574,0.5281102048232426,2026-05-19T01:40:00Z,,,,,,,,,,,v2:logistic:through_2025-09-28,SD,1,0,Final,0.0
2026-05-18,823465,CIN,PHI,Nick Lodolo,Andrew Painter,PHI,0.554079770592629,0.4459202294073709,2026-05-18T22:40:00Z,,,,,,,,,,,v2:logistic:through_2025-09-28,PHI,5,4,Final,1.0
2026-05-18,823549,TOR,NYY,Patrick Corbin,Ryan Weathers,NYY,0.5741849268203401,0.4258150731796599,2026-05-18T23:05:00Z,,,,,,,,,,,v2:logistic:through_2025-09-28,NYY,7,6,Final,1.0
2026-05-18,823705,HOU,MIN,Tatsuya Imai,Kendry Rojas,MIN,0.5354613784094859,0.464538621590514,2026-05-18T23:40:00Z,,,,,,,,,,,v2:logistic:through_2025-09-28,MIN,6,3,Final,1.0
2026-05-18,823867,ATL,MIA,JR Ritchie,Max Meyer,MIA,0.526002101672514,0.4739978983274859,2026-05-18T22:40:00Z,,,,,,,,,,,v2:logistic:through_2025-09-28,MIA,12,0,Final,1.0
2026-05-18,824035,ATH,LAA,J.T. Ginn,Walbert Ureña,ATH,0.483865662733601,0.5161343372663989,2026-05-19T01:38:00Z,,,,,,,,,,,v2:logistic:through_2025-09-28,LAA,2,1,Final,0.0
2026-05-18,824114,BOS,KC,Sonny Gray,Seth Lugo,KC,0.5418540698958194,0.4581459301041806,2026-05-18T23:10:00Z,,,,,,,,,,,v2:logistic:through_2025-09-28,BOS,1,3,Final,0.0
2026-05-18,824277,CLE,DET,Slade Cecconi,Framber Valdez,DET,0.5035872632527054,0.4964127367472946,2026-05-18T22:40:00Z,,,,,,,,,,,v2:logistic:through_2025-09-28,CLE,2,8,Final,0.0
2026-05-18,824357,TEX,COL,MacKenzie Gore,Jose Quintana,TEX,0.4952427806905419,0.504757219309458,2026-05-19T00:40:00Z,,,,,,,,,,,v2:logistic:through_2025-09-28,COL,7,6,Final,0.0
2026-05-18,824680,MIL,CHC,Brandon Sproat,Shota Imanaga,CHC,0.5400353249449911,0.4599646750550089,2026-05-18T23:40:00Z,,,,,,,,,,,v2:logistic:through_2025-09-28,MIL,3,9,Final,0.0
2026-05-18,825087,SF,AZ,Robbie Ray,Zac Gallen,AZ,0.5525303729637833,0.4474696270362167,2026-05-19T01:40:00Z,,,,,,,,,,,v2:logistic:through_2025-09-28,AZ,12,2,Final,1.0
2026-05-19,822736,NYM,WSH,Nolan McLean,Foster Griffin,WSH,0.5135355877800728,0.4864644122199272,2026-05-19T22:45:00Z,,,,,,,,,,,v2:logistic:through_2025-09-28,WSH,9,6,Final,1.0
2026-05-19,822979,BAL,TB,Kyle Bradish,Griffin Jax,TB,0.587083545776127,0.412916454223873,2026-05-19T22:40:00Z,,,,,,,,,,,v2:logistic:through_2025-09-28,TB,4,1,Final,1.0
2026-05-19,823059,PIT,STL,Mitch Keller,Matthew Liberatore,STL,0.5425170883445265,0.4574829116554735,2026-05-19T23:45:00Z,,,,,,,,,,,v2:logistic:through_2025-09-28,STL,9,6,Final,1.0
2026-05-19,823136,CWS,SEA,Anthony Kay,Bryce Miller,SEA,0.5268129292857513,0.4731870707142487,2026-05-20T01:40:00Z,,,,,,,,,,,v2:logistic:through_2025-09-28,CWS,1,2,Final,0.0
2026-05-19,823302,LAD,SD,Emmet Sheehan,Griffin Canning,LAD,0.4583871595509109,0.5416128404490891,2026-05-20T01:40:00Z,,,,,,,,,,,v2:logistic:through_2025-09-28,LAD,4,5,Final,1.0
2026-05-19,823464,CIN,PHI,Chase Burns,Jesús Luzardo,PHI,0.5825001956203315,0.4174998043796685,2026-05-19T22:40:00Z,,,,,,,,,,,v2:logistic:through_2025-09-28,CIN,1,4,Final,0.0
2026-05-19,823548,TOR,NYY,Dylan Cease,Will Warren,NYY,0.5457215619020876,0.4542784380979123,2026-05-19T23:05:00Z,,,,,,,,,,,v2:logistic:through_2025-09-28,NYY,5,4,Final,1.0
2026-05-19,823704,HOU,MIN,Jason Alexander,Zebby Matthews,MIN,0.5499683871093427,0.4500316128906573,2026-05-19T23:40:00Z,,,,,,,,,,,v2:logistic:through_2025-09-28,HOU,1,2,Final,0.0
2026-05-19,823865,ATL,MIA,Martín Pérez,Braxton Garrett,ATL,0.4989613939059911,0.5010386060940089,2026-05-19T20:10:00Z,,,,,,,,,,,v2:logistic:through_2025-09-28,ATL,4,8,Final,1.0
2026-05-19,824033,ATH,LAA,Jacob Lopez,Reid Detmers,LAA,0.5174450602991062,0.4825549397008938,2026-05-20T01:38:00Z,,,,,,,,,,,v2:logistic:through_2025-09-28,ATH,6,14,Final,0.0
2026-05-19,824112,BOS,KC,Ranger Suarez,Bailey Falter,BOS,0.4983361938720808,0.5016638061279192,2026-05-19T23:40:00Z,,,,,,,,,,,v2:logistic:through_2025-09-28,BOS,1,7,Final,1.0
2026-05-19,824276,CLE,DET,Parker Messick,Keider Montero,CLE,0.4667045470532242,0.5332954529467758,2026-05-19T22:40:00Z,,,,,,,,,,,v2:logistic:through_2025-09-28,CLE,3,4,Final,1.0
2026-05-19,824356,TEX,COL,Tyler Alexander,Sammy Peralta,COL,0.5228694204732562,0.4771305795267437,2026-05-20T00:40:00Z,,,,,,,,,,,v2:logistic:through_2025-09-28,TEX,0,10,Final,0.0
2026-05-19,824677,MIL,CHC,Jacob Misiorowski,Ben Brown,MIL,0.4780692180202289,0.521930781979771,2026-05-19T23:40:00Z,,,,,,,,,,,v2:logistic:through_2025-09-28,MIL,2,5,Final,1.0
2026-05-19,825086,SF,AZ,Landen Roupp,Ryne Nelson,AZ,0.5665236802141637,0.4334763197858363,2026-05-20T01:40:00Z,,,,,,,,,,,v2:logistic:through_2025-09-28,AZ,5,3,Final,1.0
2026-05-20,822735,NYM,WSH,Zac Thornton,Zack Littell,WSH,0.5381661879158441,0.4618338120841558,2026-05-20T22:45:00Z,,,,,,,,,,,v2:logistic:through_2025-09-28,WSH,8,4,Final,1.0
2026-05-20,822977,BAL,TB,Shane Baz,Steven Matz,TB,0.6092694993000297,0.3907305006999703,2026-05-20T17:10:00Z,,,,,,,,,,,v2:logistic:through_2025-09-28,TB,5,3,Final,1.0
2026-05-20,823057,PIT,STL,Carmen Mlodzinski,Michael McGreevy,STL,0.5492340565602101,0.4507659434397899,2026-05-20T23:45:00Z,,,,,,,,,,,v2:logistic:through_2025-09-28,PIT,0,7,Final,0.0
2026-05-20,823134,CWS,SEA,Sean Burke,Emerson Hancock,SEA,0.5426769456253906,0.4573230543746094,2026-05-20T20:10:00Z,,,,,,,,,,,v2:logistic:through_2025-09-28,SEA,5,4,Final,1.0
2026-05-20,823299,LAD,SD,Shohei Ohtani,Randy Vásquez,LAD,0.4780494985884298,0.5219505014115702,2026-05-21T00:40:00Z,,,,,,,,,,,v2:logistic:through_2025-09-28,LAD,0,4,Final,1.0
2026-05-20,823462,CIN,PHI,Andrew Abbott,Aaron Nola,PHI,0.5709378549831059,0.4290621450168941,2026-05-20T17:05:00Z,,,,,,,,,,,v2:logistic:through_2025-09-28,CIN,4,9,Final,0.0
2026-05-20,823547,TOR,NYY,Trey Yesavage,Cam Schlittler,NYY,0.5727815490482681,0.4272184509517319,2026-05-20T23:05:00Z,,,,,,,,,,,v2:logistic:through_2025-09-28,TOR,1,2,Final,0.0
2026-05-20,823703,HOU,MIN,Mike Burrows,Joe Ryan,MIN,0.5654145622774308,0.4345854377225692,2026-05-20T17:40:00Z,,,,,,,,,,,v2:logistic:through_2025-09-28,MIN,4,1,Final,1.0
2026-05-20,823866,ATL,MIA,Chris Sale,Janson Junk,ATL,0.4792555974256733,0.5207444025743266,2026-05-20T22:40:00Z,,,,,,,,,,,v2:logistic:through_2025-09-28,ATL,1,9,Final,1.0
2026-05-20,824032,ATH,LAA,Aaron Civale,Jack Kochanowicz,ATH,0.4490558104413597,0.5509441895586402,2026-05-21T01:38:00Z,,,,,,,,,,,v2:logistic:through_2025-09-28,ATH,5,6,Final,1.0
2026-05-20,824111,BOS,KC,Connelly Early,Michael Wacha,BOS,0.4994043129496017,0.5005956870503983,2026-05-20T23:40:00Z,,,,,,,,,,,v2:logistic:through_2025-09-28,BOS,3,4,Final,1.0
2026-05-20,824273,CLE,DET,Tanner Bibee,,CLE,0.4778524151087528,0.5221475848912471,2026-05-20T22:40:00Z,,,,,,,,,,,v2:logistic:through_2025-09-28,CLE,2,3,Final,1.0
2026-05-20,824355,TEX,COL,Jack Leiter,Kyle Freeland,TEX,0.4911355256832332,0.5088644743167667,2026-05-20T19:10:00Z,,,,,,,,,,,v2:logistic:through_2025-09-28,TEX,4,5,Final,1.0
2026-05-20,824678,MIL,CHC,Kyle Harrison,Edward Cabrera,MIL,0.4705029242918005,0.5294970757081995,2026-05-20T23:40:00Z,,,,,,,,,,,v2:logistic:through_2025-09-28,MIL,0,5,Final,1.0
2026-05-20,825084,SF,AZ,Tyler Mahle,Merrill Kelly,AZ,0.5756626206176326,0.4243373793823674,2026-05-20T19:40:00Z,,,,,,,,,,,v2:logistic:through_2025-09-28,AZ,6,3,Final,1.0
2026-05-21,822733,NYM,WSH,David Peterson,Cade Cavalli,WSH,0.563036982955952,0.436963017044048,2026-05-21T20:05:00Z,,,,,,,,,,,v2:logistic:through_2025-09-28,NYM,1,2,Final,0.0
2026-05-21,823056,PIT,STL,Braxton Ashcraft,Dustin May,STL,0.5250604347731299,0.4749395652268701,2026-05-21T17:15:00Z,,,,,,,,,,,v2:logistic:through_2025-09-28,PIT,2,6,Final,0.0
2026-05-21,823545,TOR,NYY,Braydon Fisher,Carlos Rodón,NYY,0.6363687850912961,0.3636312149087038,2026-05-21T23:05:00Z,,,,,,,,,,,v2:logistic:through_2025-09-28,TOR,0,2,Final,0.0
2026-05-21,823864,ATL,MIA,Spencer Strider,Sandy Alcantara,ATL,0.4737773519959158,0.5262226480040841,2026-05-21T22:40:00Z,,,,,,,,,,,v2:logistic:through_2025-09-28,ATL,3,9,Final,1.0
2026-05-21,824031,ATH,LAA,Luis Severino,José Soriano,ATH,0.486187143008942,0.5138128569910579,2026-05-22T01:38:00Z,,,,,,,,,,,v2:logistic:through_2025-09-28,ATH,2,3,Final,1.0
2026-05-21,824274,CLE,DET,Joey Cantillo,Casey Mize,DET,0.5053006887898175,0.4946993112101825,2026-05-21T17:10:00Z,,,,,,,,,,,v2:logistic:through_2025-09-28,CLE,1,3,Final,0.0
2026-05-21,825083,COL,AZ,Zach Agnos,Eduardo Rodriguez,AZ,0.6018619972917023,0.3981380027082977,2026-05-22T01:40:00Z,,,,,,,,,,,v2:logistic:through_2025-09-28,AZ,2,1,Final,1.0
2026-05-22,822816,PIT,TOR,Bubba Chandler,Kevin Gausman,TOR,0.555109931323233,0.4448900686767669,2026-05-22T23:07:00Z,,,,,,,,,,,v2:logistic:through_2025-09-28,TOR,6.0,2.0,Final,1.0
2026-05-22,823223,CWS,SF,Davis Martin,Trevor McDonald,CWS,0.4994144778983505,0.5005855221016495,2026-05-23T02:15:00Z,,,,,,,,,,,v2:logistic:through_2025-09-28,CWS,4.0,9.0,Final,1.0
2026-05-22,823298,ATH,SD,Jeffrey Springs,Walker Buehler,SD,0.5165501459583721,0.4834498540416279,2026-05-23T01:40:00Z,,,,,,,,,,,v2:logistic:through_2025-09-28,SD,7.0,3.0,Final,1.0
2026-05-22,823461,CLE,PHI,Gavin Williams,Cristopher Sánchez,PHI,0.5278934098227173,0.4721065901772827,2026-05-22T22:40:00Z,,,,,,,,,,,v2:logistic:through_2025-09-28,CLE,0.0,1.0,Final,0.0
2026-05-22,823546,TB,NYY,Nick Martinez,Gerrit Cole,NYY,0.5093423854063809,0.4906576145936191,2026-05-22T23:05:00Z,,,,,,,,,,,v2:logistic:through_2025-09-28,TB,2.0,4.0,Final,0.0
2026-05-22,823788,LAD,MIL,Justin Wrobleski,Logan Henderson,MIL,0.5650950343597512,0.4349049656402488,2026-05-22T23:40:00Z,,,,,,,,,,,v2:logistic:through_2025-09-28,MIL,5.0,1.0,Final,1.0
2026-05-22,823863,NYM,MIA,Tobias Myers,Eury Pérez,MIA,0.5216463139166977,0.4783536860833023,2026-05-22T23:10:00Z,,,,,,,,,,,v2:logistic:through_2025-09-28,MIA,2.0,1.0,Final,1.0
2026-05-22,824029,TEX,LAA,Jacob deGrom,Grayson Rodriguez,TEX,0.4250699846036889,0.5749300153963111,2026-05-23T01:38:00Z,,,,,,,,,,,v2:logistic:through_2025-09-28,LAA,9.0,6.0,Final,0.0
2026-05-22,824110,SEA,KC,Logan Gilbert,Noah Cameron,SEA,0.4991109897788792,0.5008890102211208,2026-05-22T23:40:00Z,,,,,,,,,,,v2:logistic:through_2025-09-28,SEA,0.0,2.0,Final,1.0
2026-05-22,824679,HOU,CHC,Spencer Arrighetti,Jameson Taillon,CHC,0.5540581574033114,0.4459418425966885,2026-05-22T18:20:00Z,,,,,,,,,,,v2:logistic:through_2025-09-28,HOU,2.0,4.0,Final,0.0
2026-05-22,824761,MIN,BOS,Connor Prielipp,Payton Tolle,BOS,0.5508708139978651,0.4491291860021349,2026-05-22T23:10:00Z,,,,,,,,,,,v2:logistic:through_2025-09-28,MIN,6.0,8.0,Final,0.0
2026-05-22,824842,DET,BAL,Jack Flaherty,Keegan Akin,BAL,0.607289324715359,0.392710675284641,2026-05-22T23:15:00Z,,,,,,,,,,,v2:logistic:through_2025-09-28,BAL,7.0,4.0,Final,1.0
2026-05-22,824922,WSH,ATL,Richard Lovelady,Bryce Elder,ATL,0.5790149433591878,0.4209850566408122,2026-05-22T23:15:00Z,,,,,,,,,,,v2:logistic:through_2025-09-28,ATL,5.0,4.0,Final,1.0
2026-05-22,825082,COL,AZ,Tomoyuki Sugano,Michael Soroka,AZ,0.6281078510607935,0.3718921489392065,2026-05-23T01:40:00Z,,,,,,,,,,,v2:logistic:through_2025-09-28,COL,2.0,3.0,Final,0.0
2026-05-23,822814,PIT,TOR,Paul Skenes,Patrick Corbin,PIT,0.4950649484660192,0.5049350515339808,2026-05-23T19:07:00Z,,,,,,,,,,,v2:logistic:through_2025-09-28,TOR,5.0,2.0,Final,0.0
2026-05-23,823222,CWS,SF,Bryan Hudson,Adrian Houser,CWS,0.4717813848093977,0.5282186151906023,2026-05-23T20:05:00Z,,,,,,,,,,,v2:logistic:through_2025-09-28,SF,10.0,3.0,Final,0.0
2026-05-23,823300,ATH,SD,J.T. Ginn,Lucas Giolito,SD,0.500150003425264,0.499849996574736,2026-05-24T01:40:00Z,,,,,,,,,,,v2:logistic:through_2025-09-28,SD,2.0,0.0,Final,1.0
2026-05-23,823458,CLE,PHI,Slade Cecconi,Zack Wheeler,PHI,0.5246466061109651,0.4753533938890348,2026-05-23T20:05:00Z,,,,,,,,,,,v2:logistic:through_2025-09-28,PHI,3.0,0.0,Final,1.0
2026-05-23,823787,LAD,MIL,Roki Sasaki,Robert Gasser,MIL,0.5416973303466449,0.4583026696533551,2026-05-23T23:15:00Z,,,,,,,,,,,v2:logistic:through_2025-09-28,LAD,3.0,11.0,Final,0.0
2026-05-23,823862,NYM,MIA,Freddy Peralta,Max Meyer,MIA,0.54549215176624,0.45450784823376,2026-05-23T20:10:00Z,,,,,,,,,,,v2:logistic:through_2025-09-28,MIA,4.0,1.0,Final,1.0
2026-05-23,824030,TEX,LAA,Nathan Eovaldi,Walbert Ureña,TEX,0.4499037208742358,0.5500962791257642,2026-05-24T02:05:00Z,,,,,,,,,,,v2:logistic:through_2025-09-28,LAA,5.0,2.0,Final,0.0
2026-05-23,824109,SEA,KC,George Kirby,Stephen Kolek,SEA,0.4977005971020188,0.5022994028979811,2026-05-23T20:10:00Z,,,,,,,,,,,v2:logistic:through_2025-09-28,KC,5.0,0.0,Final,0.0
2026-05-23,824516,STL,CIN,Kyle Leahy,Chase Petty,STL,0.4799924950047189,0.520007504995281,2026-05-23T23:15:00Z,,,,,,,,,,,v2:logistic:through_2025-09-28,CIN,7.0,6.0,Final,0.0
2026-05-23,824518,STL,CIN,Andre Pallante,Chris Paddack,CIN,0.5056724257908598,0.4943275742091402,2026-05-23T17:10:00Z,,,,,,,,,,,v2:logistic:through_2025-09-28,STL,1.0,8.0,Final,0.0
2026-05-23,824674,HOU,CHC,Kai-Wei Teng,Colin Rea,CHC,0.5567071139702446,0.4432928860297553,2026-05-23T18:20:00Z,,,,,,,,,,,v2:logistic:through_2025-09-28,HOU,0.0,3.0,Final,0.0
2026-05-23,824760,MIN,BOS,Taj Bradley,Jovani Morán,BOS,0.5101613467917667,0.4898386532082333,2026-05-23T20:10:00Z,,,,,,,,,,,v2:logistic:through_2025-09-28,MIN,2.0,4.0,Final,0.0
2026-05-23,824920,WSH,ATL,Jake Irvin,Grant Holmes,ATL,0.5676307894133703,0.4323692105866297,2026-05-23T20:10:00Z,,,,,,,,,,,v2:logistic:through_2025-09-28,WSH,0.0,2.0,Final,0.0
2026-05-23,825080,COL,AZ,Michael Lorenzen,Zac Gallen,AZ,0.5870511287189435,0.4129488712810565,2026-05-24T02:10:00Z,,,,,,,,,,,v2:logistic:through_2025-09-28,AZ,5.0,4.0,Final,1.0
2026-05-24,822813,PIT,TOR,Mitch Keller,Dylan Cease,TOR,0.5756648359003791,0.4243351640996209,2026-05-24T16:15:00Z,,,,,,,,,,,v2:logistic:through_2025-09-28,PIT,1.0,4.0,Final,0.0
2026-05-24,823220,CWS,SF,Noah Schultz,Robbie Ray,SF,0.5232376611382362,0.4767623388617638,2026-05-24T20:05:00Z,,,,,,,,,,,v2:logistic:through_2025-09-28,SF,8.0,5.0,Final,1.0
2026-05-24,823297,ATH,SD,Luis Medina,Michael King,SD,0.5419374391492177,0.4580625608507823,2026-05-24T20:10:00Z,,,,,,,,,,,v2:logistic:through_2025-09-28,ATH,2.0,5.0,Final,0.0
2026-05-24,823459,CLE,PHI,Parker Messick,Andrew Painter,CLE,0.4885526903165662,0.5114473096834338,2026-05-24T17:35:00Z,,,,,,,,,,,v2:logistic:through_2025-09-28,CLE,1.0,3.0,Final,1.0
2026-05-24,823544,TB,NYY,Drew Rasmussen,Ryan Weathers,NYY,0.5195488682180389,0.4804511317819611,2026-05-24T17:35:00Z,,,,,,,,,,,v2:logistic:through_2025-09-28,NYY,2.0,0.0,Final,1.0
2026-05-24,823786,LAD,MIL,Yoshinobu Yamamoto,Brandon Sproat,LAD,0.4902891737545161,0.5097108262454839,2026-05-24T18:10:00Z,,,,,,,,,,,v2:logistic:through_2025-09-28,LAD,1.0,5.0,Final,1.0
2026-05-24,823861,NYM,MIA,Christian Scott,Tyler Phillips,MIA,0.5270579301142508,0.4729420698857491,2026-05-24T17:40:00Z,,,,,,,,,,,v2:logistic:through_2025-09-28,MIA,4.0,0.0,Final,1.0
2026-05-24,824028,TEX,LAA,MacKenzie Gore,Reid Detmers,TEX,0.4761485950770546,0.5238514049229455,2026-05-24T23:20:00Z,,,,,,,,,,,v2:logistic:through_2025-09-28,LAA,2.0,1.0,Final,0.0
2026-05-24,824108,SEA,KC,Bryan Woo,Seth Lugo,KC,0.5038545810264268,0.4961454189735732,2026-05-24T18:10:00Z,,,,,,,,,,,v2:logistic:through_2025-09-28,KC,8.0,6.0,Final,1.0
2026-05-24,824676,HOU,CHC,Peter Lambert,Shota Imanaga,CHC,0.5570169461904889,0.4429830538095111,2026-05-24T18:20:00Z,,,,,,,,,,,v2:logistic:through_2025-09-28,HOU,5.0,8.0,Final,0.0
2026-05-24,824759,MIN,BOS,Bailey Ober,Sonny Gray,BOS,0.5412791889742141,0.4587208110257859,2026-05-24T17:35:00Z,,,,,,,,,,,v2:logistic:through_2025-09-28,MIN,5.0,6.0,Final,0.0
2026-05-24,824839,DET,BAL,Framber Valdez,Brandon Young,BAL,0.5371357301686303,0.4628642698313697,2026-05-24T16:35:00Z,,,,,,,,,,,v2:logistic:through_2025-09-28,BAL,5.0,3.0,Final,1.0
2026-05-24,824840,DET,BAL,Troy Melton,Trevor Rogers,BAL,0.5387336697833254,0.4612663302166746,2026-05-24T22:05:00Z,,,,,,,,,,,v2:logistic:through_2025-09-28,DET,1.0,4.0,Final,0.0
2026-05-24,824921,WSH,ATL,Foster Griffin,Martín Pérez,ATL,0.5611789772848861,0.4388210227151139,2026-05-24T20:10:00Z,,,,,,,,,,,v2:logistic:through_2025-09-28,WSH,1.0,2.0,Final,0.0
2026-05-24,825081,COL,AZ,Jose Quintana,Ryne Nelson,AZ,0.6152480176765766,0.3847519823234234,2026-05-24T20:10:00Z,,,,,,,,,,,v2:logistic:through_2025-09-28,AZ,9.0,1.0,Final,1.0
2026-05-25,822812,MIA,TOR,Janson Junk,Trey Yesavage,TOR,0.5541355321126507,0.4458644678873493,2026-05-25T23:07:00Z,,,,,,,,,,,v2:logistic:through_2025-09-28,MIA,2,8,Final,0.0
2026-05-25,822899,HOU,TEX,Tatsuya Imai,Kumar Rocker,TEX,0.5669506423330647,0.4330493576669353,2026-05-25T23:05:00Z,,,,,,,,,,,v2:logistic:through_2025-09-28,HOU,0,9,Final,0.0
2026-05-25,823219,AZ,SF,Merrill Kelly,Landen Roupp,SF,0.5303196005499774,0.4696803994500226,2026-05-25T21:05:00Z,,,,,,,,,,,v2:logistic:through_2025-09-28,AZ,2,6,Final,0.0
2026-05-25,823296,PHI,SD,Jesús Luzardo,Griffin Canning,SD,0.5194415713463352,0.4805584286536648,2026-05-25T22:40:00Z,,,,,,,,,,,v2:logistic:through_2025-09-28,PHI,0,3,Final,0.0
2026-05-25,823380,CHC,PIT,Ben Brown,Carmen Mlodzinski,PIT,0.5204640236335568,0.4795359763664432,2026-05-25T17:35:00Z,,,,,,,,,,,v2:logistic:through_2025-09-28,PIT,2,1,Final,1.0
2026-05-25,823625,CIN,NYM,Nick Lodolo,Nolan McLean,NYM,0.5469574440850411,0.4530425559149589,2026-05-25T20:10:00Z,,,,,,,,,,,v2:logistic:through_2025-09-28,CIN,2,7,Final,0.0
2026-05-25,823784,STL,MIL,Matthew Liberatore,Jacob Misiorowski,MIL,0.5892225244228741,0.4107774755771258,2026-05-25T18:10:00Z,,,,,,,,,,,v2:logistic:through_2025-09-28,MIL,5,1,Final,1.0
2026-05-25,823948,COL,LAD,Tanner Gordon,Emmet Sheehan,LAD,0.6233005759309409,0.3766994240690591,2026-05-26T01:10:00Z,,,,,,,,,,,v2:logistic:through_2025-09-28,LAD,5,3,Final,1.0
2026-05-25,824107,NYY,KC,Will Warren,Michael Wacha,NYY,0.4794614883058482,0.5205385116941518,2026-05-25T19:40:00Z,,,,,,,,,,,v2:logistic:through_2025-09-28,NYY,3,4,Final,1.0
2026-05-25,824437,WSH,CLE,PJ Poulin,Tanner Bibee,CLE,0.5447709503785898,0.4552290496214102,2026-05-25T22:10:00Z,,,,,,,,,,,v2:logistic:through_2025-09-28,WSH,2,10,Final,0.0
2026-05-25,824598,MIN,CWS,Zebby Matthews,Anthony Kay,MIN,0.4995637269598402,0.5004362730401597,2026-05-25T18:10:00Z,,,,,,,,,,,v2:logistic:through_2025-09-28,CWS,3,1,Final,0.0
2026-05-25,824838,TB,BAL,Shane McClanahan,Kyle Bradish,TB,0.4664716573807118,0.5335283426192883,2026-05-25T17:35:00Z,,,,,,,,,,,v2:logistic:through_2025-09-28,BAL,9,7,Final,0.0
2026-05-25,825005,SEA,ATH,Luis Castillo,Aaron Civale,ATH,0.5358224130674629,0.4641775869325371,2026-05-26T01:40:00Z,,,,,,,,,,,v2:logistic:through_2025-09-28,SEA,2,9,Final,0.0
2026-05-26,822811,MIA,TOR,Sandy Alcantara,Braydon Fisher,TOR,0.521499678886145,0.478500321113855,2026-05-26T23:07:00Z,,,,,,,,,,,v2:logistic:through_2025-09-28,TOR,8,1,Final,1.0
2026-05-26,822898,HOU,TEX,Jason Alexander,Jack Leiter,TEX,0.547218613019361,0.4527813869806389,2026-05-27T00:05:00Z,,,,,,,,,,,v2:logistic:through_2025-09-28,TEX,10,7,Final,1.0
2026-05-26,823216,AZ,SF,Eduardo Rodriguez,Tyler Mahle,SF,0.5119413911284005,0.4880586088715994,2026-05-27T01:45:00Z,,,,,,,,,,,v2:logistic:through_2025-09-28,AZ,5,7,Final,0.0
2026-05-26,823294,PHI,SD,Aaron Nola,Randy Vásquez,SD,0.5384148606202519,0.4615851393797481,2026-05-27T01:40:00Z,,,,,,,,,,,v2:logistic:through_2025-09-28,PHI,3,4,Final,0.0
2026-05-26,823379,CHC,PIT,Jordan Wicks,Mitch Keller,PIT,0.5453777251463887,0.4546222748536113,2026-05-26T22:40:00Z,,,,,,,,,,,v2:logistic:through_2025-09-28,PIT,12,1,Final,1.0
2026-05-26,823624,CIN,NYM,Chase Burns,David Peterson,CIN,0.498714507833469,0.5012854921665311,2026-05-26T23:10:00Z,,,,,,,,,,,v2:logistic:through_2025-09-28,CIN,2,7,Final,1.0
2026-05-26,823785,STL,MIL,Michael McGreevy,Kyle Harrison,MIL,0.5846123796158844,0.4153876203841156,2026-05-26T23:40:00Z,,,,,,,,,,,v2:logistic:through_2025-09-28,MIL,6,0,Final,1.0
2026-05-26,823949,COL,LAD,Kyle Freeland,Eric Lauer,LAD,0.6053220917414739,0.3946779082585261,2026-05-27T02:10:00Z,,,,,,,,,,,v2:logistic:through_2025-09-28,LAD,15,6,Final,1.0
2026-05-26,824106,NYY,KC,Cam Schlittler,Bailey Falter,NYY,0.4297404411311791,0.5702595588688208,2026-05-26T23:40:00Z,,,,,,,,,,,v2:logistic:through_2025-09-28,NYY,1,15,Final,1.0
2026-05-26,824275,LAA,DET,Jack Kochanowicz,Keider Montero,DET,0.5621120243841041,0.4378879756158959,2026-05-26T22:40:00Z,,,,,,,,,,,v2:logistic:through_2025-09-28,LAA,6,10,Final,0.0
2026-05-26,824434,WSH,CLE,Cade Cavalli,Joey Cantillo,CLE,0.5179047198918494,0.4820952801081506,2026-05-26T22:10:00Z,,,,,,,,,,,v2:logistic:through_2025-09-28,WSH,3,6,Final,0.0
2026-05-26,824597,MIN,CWS,Joe Ryan,Sean Burke,MIN,0.4941108014324867,0.5058891985675134,2026-05-26T23:40:00Z,,,,,,,,,,,v2:logistic:through_2025-09-28,MIN,3,5,Final,1.0
2026-05-26,824758,ATL,BOS,Spencer Strider,Ranger Suarez,ATL,0.4992221014655625,0.5007778985344374,2026-05-26T22:45:00Z,,,,,,,,,,,v2:logistic:through_2025-09-28,ATL,6,7,Final,1.0
2026-05-26,824837,TB,BAL,Griffin Jax,Shane Baz,TB,0.478636057947343,0.521363942052657,2026-05-26T22:35:00Z,,,,,,,,,,,v2:logistic:through_2025-09-28,BAL,6,1,Final,0.0
2026-05-26,825004,SEA,ATH,Emerson Hancock,Gage Jump,ATH,0.5365123506394607,0.4634876493605393,2026-05-27T01:40:00Z,,,,,,,,,,,v2:logistic:through_2025-09-28,SEA,1,4,Final,0.0
2026-05-27,822809,MIA,TOR,Eury Pérez,Kevin Gausman,TOR,0.5478803229664789,0.4521196770335211,2026-05-27T17:07:00Z,,,,,,,,,,,v2:logistic:through_2025-09-28,TOR,2,1,Final,1.0
2026-05-27,822897,HOU,TEX,Mike Burrows,Jacob deGrom,TEX,0.5725237880985672,0.4274762119014328,2026-05-28T00:05:00Z,,,,,,,,,,,v2:logistic:through_2025-09-28,HOU,3,4,Final,0.0
2026-05-27,823217,AZ,SF,Michael Soroka,Trevor McDonald,AZ,0.4991829295558066,0.5008170704441934,2026-05-27T19:45:00Z,,,,,,,,,,,v2:logistic:through_2025-09-28,AZ,2,3,Final,1.0
2026-05-27,823295,PHI,SD,Cristopher Sánchez,Walker Buehler,SD,0.5082708516236212,0.4917291483763788,2026-05-27T20:10:00Z,,,,,,,,,,,v2:logistic:through_2025-09-28,PHI,0,3,Final,0.0
2026-05-27,823376,CHC,PIT,Jameson Taillon,Braxton Ashcraft,PIT,0.5442799862281069,0.4557200137718931,2026-05-27T22:40:00Z,,,,,,,,,,,v2:logistic:through_2025-09-28,CHC,4,10,Final,0.0
2026-05-27,823626,CIN,NYM,Andrew Abbott,Huascar Brazobán,NYM,0.5143011151231079,0.485698884876892,2026-05-27T23:10:00Z,,,,,,,,,,,v2:logistic:through_2025-09-28,NYM,4,2,Final,1.0
2026-05-27,823783,STL,MIL,Dustin May,Chad Patrick,MIL,0.5576979043431856,0.4423020956568144,2026-05-27T17:40:00Z,,,,,,,,,,,v2:logistic:through_2025-09-28,MIL,2,1,Final,1.0
2026-05-27,823947,COL,LAD,Tomoyuki Sugano,Shohei Ohtani,LAD,0.6710502856119457,0.3289497143880543,2026-05-28T02:10:00Z,,,,,,,,,,,v2:logistic:through_2025-09-28,LAD,4,1,Final,1.0
2026-05-27,824104,NYY,KC,Gerrit Cole,Noah Cameron,NYY,0.4776977944862685,0.5223022055137315,2026-05-27T23:40:00Z,,,,,,,,,,,v2:logistic:through_2025-09-28,NYY,0,7,Final,1.0
2026-05-27,824270,LAA,DET,José Soriano,Casey Mize,DET,0.5364259946167254,0.4635740053832746,2026-05-27T22:40:00Z,,,,,,,,,,,v2:logistic:through_2025-09-28,DET,4,0,Final,1.0
2026-05-27,824432,WSH,CLE,PJ Poulin,Gavin Williams,CLE,0.567839923670755,0.432160076329245,2026-05-27T17:10:00Z,,,,,,,,,,,v2:logistic:through_2025-09-28,CLE,3,2,Final,1.0
2026-05-27,824596,MIN,CWS,Connor Prielipp,David Sandlin,CWS,0.5145481954199429,0.4854518045800571,2026-05-27T23:40:00Z,,,,,,,,,,,v2:logistic:through_2025-09-28,CWS,15,2,Final,1.0
2026-05-27,824756,ATL,BOS,Bryce Elder,Connelly Early,ATL,0.4903004891800082,0.5096995108199918,2026-05-27T22:45:00Z,,,,,,,,,,,v2:logistic:through_2025-09-28,BOS,8,0,Final,0.0
2026-05-27,824836,TB,BAL,Steven Matz,Trey Gibson,TB,0.4444027985661664,0.5555972014338335,2026-05-27T22:35:00Z,,,,,,,,,,,v2:logistic:through_2025-09-28,BAL,11,2,Final,0.0
2026-05-27,825003,SEA,ATH,Logan Gilbert,Jeffrey Springs,ATH,0.5222528709056327,0.4777471290943673,2026-05-27T19:05:00Z,,,,,,,,,,,v2:logistic:through_2025-09-28,SEA,1,9,Final,0.0
2026-05-28,822896,HOU,TEX,Spencer Arrighetti,Nathan Eovaldi,TEX,0.5538654304286262,0.4461345695713737,2026-05-29T00:05:00Z,,,,,,,,,,,v2:logistic:through_2025-09-28,HOU,1,5,Final,0.0
2026-05-28,823378,CHC,PIT,Colin Rea,Paul Skenes,PIT,0.565777863015211,0.4342221369847889,2026-05-28T22:40:00Z,,,,,,,,,,,v2:logistic:through_2025-09-28,CHC,2,7,Final,0.0
2026-05-28,824272,LAA,DET,Grayson Rodriguez,Jack Flaherty,DET,0.5421496585342658,0.4578503414657342,2026-05-28T17:10:00Z,,,,,,,,,,,v2:logistic:through_2025-09-28,LAA,1,7,Final,0.0
2026-05-28,824595,MIN,CWS,Simeon Woods Richardson,Davis Martin,CWS,0.5795564399414993,0.4204435600585007,2026-05-28T18:10:00Z,,,,,,,,,,,v2:logistic:through_2025-09-28,CWS,6,2,Final,1.0
2026-05-28,824757,ATL,BOS,Chris Sale,Payton Tolle,BOS,0.5020663282044361,0.4979336717955639,2026-05-28T20:10:00Z,,,,,,,,,,,v2:logistic:through_2025-09-28,ATL,2,10,Final,0.0
2026-05-28,824834,TOR,BAL,Patrick Corbin,Chris Bassitt,BAL,0.5191077623058903,0.4808922376941097,2026-05-28T22:35:00Z,,,,,,,,,,,v2:logistic:through_2025-09-28,TOR,1,2,Final,0.0
2026-05-29,822732,SD,WSH,Lucas Giolito,Paxton Schultz,WSH,0.5662887130196859,0.4337112869803141,2026-05-29T22:45:00Z,,,,,,,,,,,v2:logistic:through_2025-09-28,SD,5,7,Final,0.0
2026-05-29,822894,KC,TEX,Stephen Kolek,MacKenzie Gore,TEX,0.5884491213343724,0.4115508786656275,2026-05-30T00:05:00Z,,,,,,,,,,,v2:logistic:through_2025-09-28,TEX,9,1,Final,1.0
2026-05-29,822978,LAA,TB,Walbert Ureña,Nick Martinez,TB,0.5783799477021788,0.4216200522978212,2026-05-29T23:10:00Z,,,,,,,,,,,v2:logistic:through_2025-09-28,TB,8,5,Final,1.0
2026-05-29,823055,CHC,STL,Shota Imanaga,Andre Pallante,STL,0.524613292705706,0.475386707294294,2026-05-29T23:15:00Z,,,,,,,,,,,v2:logistic:through_2025-09-28,STL,6,5,Final,1.0
2026-05-29,823135,AZ,SEA,Zac Gallen,George Kirby,SEA,0.5201141061256787,0.4798858938743213,2026-05-30T02:10:00Z,,,,,,,,,,,v2:logistic:through_2025-09-28,SEA,7,6,Final,1.0
2026-05-29,823377,MIN,PIT,Taj Bradley,Jared Jones,PIT,0.5352634786874031,0.4647365213125969,2026-05-29T22:45:00Z,,,,,,,,,,,v2:logistic:through_2025-09-28,PIT,6,5,Final,1.0
2026-05-29,823623,MIA,NYM,Max Meyer,Freddy Peralta,MIA,0.4882429561152788,0.5117570438847212,2026-05-29T23:10:00Z,,,,,,,,,,,v2:logistic:through_2025-09-28,NYM,9,7,Final,0.0
2026-05-29,823946,PHI,LAD,Zack Wheeler,Justin Wrobleski,LAD,0.5799567359372427,0.4200432640627572,2026-05-30T02:15:00Z,,,,,,,,,,,v2:logistic:through_2025-09-28,LAD,4,2,Final,1.0
2026-05-29,824191,MIL,HOU,Coleman Crow,Kai-Wei Teng,MIL,0.4946803991536297,0.5053196008463703,2026-05-30T00:10:00Z,,,,,,,,,,,v2:logistic:through_2025-09-28,MIL,4,5,Final,1.0
2026-05-29,824353,SF,COL,Logan Webb,Michael Lorenzen,SF,0.4686497059858687,0.5313502940141313,2026-05-30T00:40:00Z,,,,,,,,,,,v2:logistic:through_2025-09-28,COL,8,6,Final,0.0
2026-05-29,824433,BOS,CLE,Tyler Samaniego,Slade Cecconi,CLE,0.5444282783634272,0.4555717216365728,2026-05-29T23:10:00Z,,,,,,,,,,,v2:logistic:through_2025-09-28,CLE,4,3,Final,1.0
2026-05-29,824515,ATL,CIN,Grant Holmes,Chris Paddack,ATL,0.4748718548822815,0.5251281451177184,2026-05-29T22:40:00Z,,,,,,,,,,,v2:logistic:through_2025-09-28,ATL,3,8,Final,1.0
2026-05-29,824594,DET,CWS,Troy Melton,Erick Fedde,CWS,0.5388466562778338,0.4611533437221662,2026-05-29T23:40:00Z,,,,,,,,,,,v2:logistic:through_2025-09-28,CWS,4,3,Final,1.0
2026-05-29,824835,TOR,BAL,Adam Macko,Trevor Rogers,BAL,0.5142181950656908,0.4857818049343092,2026-05-29T23:05:00Z,,,,,,,,,,,v2:logistic:through_2025-09-28,TOR,5,6,Final,0.0
2026-05-29,825002,NYY,ATH,Carlos Rodón,Luis Severino,NYY,0.4858814591558039,0.5141185408441961,2026-05-30T01:40:00Z,,,,,,,,,,,v2:logistic:through_2025-09-28,NYY,2,8,Final,1.0
2026-05-30,822731,SD,WSH,Michael King,Foster Griffin,WSH,0.5523528035491979,0.4476471964508021,2026-05-30T20:05:00Z,,,,,,,,,,,v2:logistic:through_2025-09-28,WSH,9,4,Final,1.0
2026-05-30,822893,KC,TEX,Seth Lugo,Kumar Rocker,TEX,0.5766408197980343,0.4233591802019657,2026-05-30T20:05:00Z,,,,,,,,,,,v2:logistic:through_2025-09-28,TEX,7,6,Final,1.0
2026-05-30,822975,LAA,TB,Reid Detmers,Drew Rasmussen,TB,0.5845507001184276,0.4154492998815724,2026-05-30T20:10:00Z,,,,,,,,,,,v2:logistic:through_2025-09-28,LAA,3,14,Final,0.0
2026-05-30,823054,CHC,STL,Ben Brown,Kyle Leahy,STL,0.5228184122990025,0.4771815877009975,2026-05-30T23:15:00Z,,,,,,,,,,,v2:logistic:through_2025-09-28,CHC,1,6,Final,0.0
2026-05-30,823132,AZ,SEA,Ryne Nelson,Bryan Woo,SEA,0.5313339379949193,0.4686660620050806,2026-05-31T02:10:00Z,,,,,,,,,,,v2:logistic:through_2025-09-28,SEA,5,1,Final,1.0
2026-05-30,823375,MIN,PIT,Bailey Ober,Mitch Keller,PIT,0.5561305357005286,0.4438694642994714,2026-05-30T20:05:00Z,,,,,,,,,,,v2:logistic:through_2025-09-28,PIT,10,9,Final,1.0
2026-05-30,823622,MIA,NYM,Tyler Phillips,Christian Scott,NYM,0.5075192939510296,0.4924807060489704,2026-05-30T20:10:00Z,,,,,,,,,,,v2:logistic:through_2025-09-28,NYM,6,1,Final,1.0
2026-05-30,823945,PHI,LAD,Jesús Luzardo,Roki Sasaki,LAD,0.5860772985221984,0.4139227014778016,2026-05-31T02:10:00Z,,,,,,,,,,,v2:logistic:through_2025-09-28,PHI,3,4,Final,0.0
2026-05-30,824190,MIL,HOU,Brandon Sproat,Peter Lambert,HOU,0.5106590519194174,0.4893409480805826,2026-05-30T20:10:00Z,,,,,,,,,,,v2:logistic:through_2025-09-28,HOU,9,2,Final,1.0
2026-05-30,824352,SF,COL,Adrian Houser,Ryan Feltner,COL,0.5051826452347018,0.4948173547652982,2026-05-31T01:10:00Z,,,,,,,,,,,v2:logistic:through_2025-09-28,COL,8,3,Final,1.0
2026-05-30,824431,BOS,CLE,Sonny Gray,Parker Messick,CLE,0.5534070730303251,0.4465929269696749,2026-05-30T20:10:00Z,,,,,,,,,,,v2:logistic:through_2025-09-28,BOS,1,9,Final,0.0
2026-05-30,824513,ATL,CIN,Martín Pérez,Brady Singer,ATL,0.4643877036373104,0.5356122963626895,2026-05-30T23:15:00Z,,,,,,,,,,,v2:logistic:through_2025-09-28,ATL,2,5,Final,1.0
2026-05-30,824593,DET,CWS,Framber Valdez,Anthony Kay,CWS,0.5609337543095588,0.4390662456904411,2026-05-30T18:10:00Z,,,,,,,,,,,v2:logistic:through_2025-09-28,CWS,7,1,Final,1.0
2026-05-30,824833,TOR,BAL,Trey Yesavage,Brandon Young,TOR,0.4814757948993264,0.5185242051006735,2026-05-30T20:05:00Z,,,,,,,,,,,v2:logistic:through_2025-09-28,BAL,6,5,Final,0.0
2026-05-30,825000,NYY,ATH,Ryan Weathers,J.T. Ginn,NYY,0.4614830899068166,0.5385169100931835,2026-05-31T02:05:00Z,,,,,,,,,,,v2:logistic:through_2025-09-28,ATH,6,4,Final,0.0
2026-05-31,822729,SD,WSH,Griffin Canning,Zack Littell,WSH,0.5353191300157247,0.4646808699842752,2026-05-31T17:35:00Z,,,,,,,,,,,v2:logistic:through_2025-09-28,WSH,4,2,Final,1.0
2026-05-31,822895,KC,TEX,Michael Wacha,Jack Leiter,TEX,0.5822980161612132,0.4177019838387867,2026-05-31T18:35:00Z,,,,,,,,,,,v2:logistic:through_2025-09-28,TEX,6,3,Final,1.0
2026-05-31,822976,LAA,TB,Jack Kochanowicz,Shane McClanahan,TB,0.5927587808616823,0.4072412191383177,2026-05-31T17:40:00Z,,,,,,,,,,,v2:logistic:through_2025-09-28,TB,5,2,Final,1.0
2026-05-31,823053,CHC,STL,Jordan Wicks,Matthew Liberatore,STL,0.5287570404701789,0.4712429595298211,2026-05-31T23:20:00Z,,,,,,,,,,,v2:logistic:through_2025-09-28,STL,5,1,Final,1.0
2026-05-31,823133,AZ,SEA,Merrill Kelly,Bryce Miller,SEA,0.5536829403901383,0.4463170596098617,2026-05-31T20:10:00Z,,,,,,,,,,,v2:logistic:through_2025-09-28,SEA,3,2,Final,1.0
2026-05-31,823373,MIN,PIT,Zebby Matthews,Braxton Ashcraft,PIT,0.5717808485423572,0.4282191514576428,2026-05-31T17:35:00Z,,,,,,,,,,,v2:logistic:through_2025-09-28,PIT,9,3,Final,1.0
2026-05-31,823621,MIA,NYM,John King,Nolan McLean,NYM,0.5211060329010301,0.4788939670989699,2026-05-31T17:40:00Z,,,,,,,,,,,v2:logistic:through_2025-09-28,NYM,10,1,Final,1.0
2026-05-31,823944,PHI,LAD,Andrew Painter,Yoshinobu Yamamoto,LAD,0.6327199402446692,0.3672800597553308,2026-05-31T20:10:00Z,,,,,,,,,,,v2:logistic:through_2025-09-28,LAD,9,1,Final,1.0
2026-05-31,824187,MIL,HOU,Jacob Misiorowski,Tatsuya Imai,MIL,0.4612449001035316,0.5387550998964684,2026-05-31T18:10:00Z,,,,,,,,,,,v2:logistic:through_2025-09-28,MIL,0,2,Final,1.0
2026-05-31,824354,SF,COL,Robbie Ray,Tanner Gordon,COL,0.5207470303425271,0.4792529696574729,2026-05-31T19:10:00Z,,,,,,,,,,,v2:logistic:through_2025-09-28,SF,6,19,Final,0.0
2026-05-31,824430,BOS,CLE,Ranger Suarez,Tanner Bibee,CLE,0.5178673972845443,0.4821326027154556,2026-05-31T17:40:00Z,,,,,,,,,,,v2:logistic:through_2025-09-28,BOS,4,9,Final,0.0
2026-05-31,824512,ATL,CIN,Spencer Strider,Nick Lodolo,ATL,0.4601149463407306,0.5398850536592694,2026-05-31T17:40:00Z,,,,,,,,,,,v2:logistic:through_2025-09-28,CIN,6,4,Final,0.0
2026-05-31,824592,DET,CWS,Keider Montero,Sean Burke,CWS,0.5908990575138428,0.4091009424861572,2026-05-31T18:10:00Z,,,,,,,,,,,v2:logistic:through_2025-09-28,CWS,2,1,Final,1.0
2026-05-31,824832,TOR,BAL,Spencer Miles,Kyle Bradish,BAL,0.5027108842985422,0.4972891157014578,2026-05-31T16:15:00Z,,,,,,,,,,,v2:logistic:through_2025-09-28,BAL,9,5,Final,1.0
2026-05-31,825001,NYY,ATH,Will Warren,Jacob Lopez,NYY,0.4291885254005984,0.5708114745994016,2026-05-31T20:05:00Z,,,,,,,,,,,v2:logistic:through_2025-09-28,NYY,8,13,Final,1.0
2026-06-01,822730,MIA,WSH,Sandy Alcantara,Cade Cavalli,WSH,0.5886931117108205,0.4113068882891795,2026-06-01T22:45:00Z,,,,,,,,,,,v2:logistic:through_2025-09-28,MIA,3,7,Final,0.0
2026-06-01,822974,DET,TB,Ty Madden,Griffin Jax,TB,0.5925140308450064,0.4074859691549936,2026-06-01T22:40:00Z,,,,,,,,,,,v2:logistic:through_2025-09-28,DET,9,10,Final,0.0
2026-06-01,823050,TEX,STL,Jacob deGrom,Michael McGreevy,STL,0.516017063411528,0.483982936588472,2026-06-01T23:45:00Z,,,,,,,,,,,v2:logistic:through_2025-09-28,TEX,1,2,Final,0.0
2026-06-01,823131,NYM,SEA,Austin Warren,Emerson Hancock,SEA,0.5787612987217331,0.4212387012782669,2026-06-02T01:40:00Z,,,,,,,,,,,v2:logistic:through_2025-09-28,SEA,3,2,Final,1.0
2026-06-01,823702,CWS,MIN,David Sandlin,Joe Ryan,CWS,0.4883588918363689,0.5116411081636312,2026-06-01T23:40:00Z,,,,,,,,,,,v2:logistic:through_2025-09-28,MIN,9,6,Final,0.0
2026-06-01,823781,SF,MIL,Landen Roupp,Shane Drohan,SF,0.4857798240985214,0.5142201759014786,2026-06-01T23:40:00Z,,,,,,,,,,,v2:logistic:through_2025-09-28,MIL,16,2,Final,0.0
2026-06-01,824027,COL,LAA,Kyle Freeland,José Soriano,LAA,0.5736193935165994,0.4263806064834006,2026-06-02T01:38:00Z,,,,,,,,,,,v2:logistic:through_2025-09-28,COL,8,9,Final,0.0
2026-06-01,824510,KC,CIN,Luinder Avila,Lyon Richardson,CIN,0.5629837666739175,0.4370162333260825,2026-06-01T23:10:00Z,,,,,,,,,,,v2:logistic:through_2025-09-28,KC,2,9,Final,0.0
2026-06-01,825078,LAD,AZ,Emmet Sheehan,Eduardo Rodriguez,LAD,0.4456880253518458,0.5543119746481542,2026-06-02T01:40:00Z,,,,,,,,,,,v2:logistic:through_2025-09-28,AZ,4,1,Final,0.0
2026-06-02,822728,MIA,WSH,Lake Bachar,Richard Lovelady,WSH,0.5297886588898004,0.4702113411101996,2026-06-02T22:45:00Z,,,,,,,,,,,v2:logistic:through_2025-09-28,MIA,3,7,Final,0.0
2026-06-02,822971,DET,TB,Jack Flaherty,Steven Matz,TB,0.5623574434842034,0.4376425565157966,2026-06-02T22:40:00Z,,,,,,,,,,,v2:logistic:through_2025-09-28,DET,0,8,Final,0.0
2026-06-02,823052,TEX,STL,Nathan Eovaldi,Dustin May,STL,0.5290941797159355,0.4709058202840644,2026-06-02T23:45:00Z,,,,,,,,,,,v2:logistic:through_2025-09-28,TEX,4,7,Final,0.0
2026-06-02,823129,NYM,SEA,Huascar Brazobán,Logan Gilbert,SEA,0.6022834096416406,0.3977165903583594,2026-06-03T01:40:00Z,,,,,,,,,,,v2:logistic:through_2025-09-28,SEA,8,3,Final,1.0
2026-06-02,823460,SD,PHI,Randy Vásquez,Aaron Nola,PHI,0.5346053719247315,0.4653946280752685,2026-06-02T22:40:00Z,,,,,,,,,,,v2:logistic:through_2025-09-28,PHI,3,2,Final,1.0
2026-06-02,823541,CLE,NYY,Joey Cantillo,Cam Schlittler,NYY,0.6192584137179689,0.3807415862820311,2026-06-02T23:05:00Z,,,,,,,,,,,v2:logistic:through_2025-09-28,CLE,4,9,Final,0.0
2026-06-02,823700,CWS,MIN,Davis Martin,Connor Prielipp,CWS,0.4643144663619955,0.5356855336380044,2026-06-02T23:40:00Z,,,,,,,,,,,v2:logistic:through_2025-09-28,MIN,6,4,Final,0.0
2026-06-02,823782,SF,MIL,Trevor McDonald,Kyle Harrison,MIL,0.5868033856717388,0.4131966143282611,2026-06-02T23:40:00Z,,,,,,,,,,,v2:logistic:through_2025-09-28,MIL,8,3,Final,1.0
2026-06-02,824026,COL,LAA,Tomoyuki Sugano,Grayson Rodriguez,LAA,0.5702585883143564,0.4297414116856436,2026-06-03T01:38:00Z,,,,,,,,,,,v2:logistic:through_2025-09-28,COL,2,8,Final,0.0
2026-06-02,824189,PIT,HOU,Bubba Chandler,Mike Burrows,HOU,0.5380754082301903,0.4619245917698097,2026-06-03T00:10:00Z,,,,,,,,,,,v2:logistic:through_2025-09-28,PIT,6,10,Final,0.0
2026-06-02,824511,KC,CIN,Noah Cameron,Andrew Abbott,CIN,0.5243760763456302,0.4756239236543698,2026-06-02T23:10:00Z,,,,,,,,,,,v2:logistic:through_2025-09-28,CIN,4,3,Final,1.0
2026-06-02,824675,ATH,CHC,Gage Jump,Jameson Taillon,CHC,0.5262413372937497,0.4737586627062503,2026-06-03T00:05:00Z,,,,,,,,,,,v2:logistic:through_2025-09-28,ATH,1,2,Final,0.0
2026-06-02,824754,BAL,BOS,Shane Baz,Connelly Early,BOS,0.5498492798103483,0.4501507201896517,2026-06-02T22:45:00Z,,,,,,,,,,,v2:logistic:through_2025-09-28,BAL,2,4,Final,0.0
2026-06-02,824918,TOR,ATL,Kevin Gausman,Bryce Elder,ATL,0.5712311050551361,0.4287688949448639,2026-06-02T23:15:00Z,,,,,,,,,,,v2:logistic:through_2025-09-28,ATL,4,3,Final,1.0
2026-06-02,825079,LAD,AZ,Eric Lauer,Michael Soroka,AZ,0.515026697806125,0.484973302193875,2026-06-03T01:40:00Z,,,,,,,,,,,v2:logistic:through_2025-09-28,LAD,5,6,Final,0.0
2026-06-03,822727,MIA,WSH,Max Meyer,Andrew Alvarez,WSH,0.5367051309436526,0.4632948690563474,2026-06-03T17:05:00Z,,,,,,,,,,,v2:logistic:through_2025-09-28,MIA,1,4,Final,0.0
2026-06-03,822973,DET,TB,Troy Melton,Nick Martinez,TB,0.5532341839832589,0.4467658160167411,2026-06-03T17:10:00Z,,,,,,,,,,,v2:logistic:through_2025-09-28,DET,2,7,Final,0.0
2026-06-03,823051,TEX,STL,MacKenzie Gore,Andre Pallante,STL,0.5295844142552142,0.4704155857447858,2026-06-03T23:45:00Z,,,,,,,,,,,v2:logistic:through_2025-09-28,STL,5,3,Final,1.0
2026-06-03,823130,NYM,SEA,Freddy Peralta,George Kirby,SEA,0.5918738056649768,0.4081261943350232,2026-06-03T19:40:00Z,,,,,,,,,,,v2:logistic:through_2025-09-28,NYM,1,7,Final,0.0
2026-06-03,823456,SD,PHI,Walker Buehler,Cristopher Sánchez,PHI,0.5651206014613984,0.4348793985386016,2026-06-03T22:40:00Z,,,,,,,,,,,v2:logistic:through_2025-09-28,PHI,3,2,Final,1.0
2026-06-03,823540,CLE,NYY,Gavin Williams,Gerrit Cole,NYY,0.5648948193779534,0.4351051806220466,2026-06-03T23:05:00Z,,,,,,,,,,,v2:logistic:through_2025-09-28,CLE,4,5,Final,0.0
2026-06-03,823701,CWS,MIN,Erick Fedde,Taj Bradley,MIN,0.5234071854736478,0.4765928145263521,2026-06-03T17:40:00Z,,,,,,,,,,,v2:logistic:through_2025-09-28,CWS,0,8,Final,0.0
2026-06-03,823780,SF,MIL,Logan Webb,Robert Gasser,MIL,0.5671054157212563,0.4328945842787437,2026-06-03T23:40:00Z,,,,,,,,,,,v2:logistic:through_2025-09-28,SF,0,1,Final,0.0
2026-06-03,824024,COL,LAA,Michael Lorenzen,Walbert Ureña,LAA,0.5450928700910832,0.4549071299089168,2026-06-04T01:38:00Z,,,,,,,,,,,v2:logistic:through_2025-09-28,LAA,11,4,Final,1.0
2026-06-03,824188,PIT,HOU,Paul Skenes,Spencer Arrighetti,PIT,0.4882256322898729,0.5117743677101271,2026-06-04T00:10:00Z,,,,,,,,,,,v2:logistic:through_2025-09-28,HOU,11,9,Final,0.0
2026-06-03,824509,KC,CIN,Stephen Kolek,Chase Burns,CIN,0.5640128339207751,0.4359871660792249,2026-06-03T23:10:00Z,,,,,,,,,,,v2:logistic:through_2025-09-28,KC,2,5,Final,0.0
2026-06-03,824671,ATH,CHC,Jeffrey Springs,Colin Rea,CHC,0.5446828823162585,0.4553171176837415,2026-06-04T00:05:00Z,,,,,,,,,,,v2:logistic:through_2025-09-28,ATH,4,5,Final,0.0
2026-06-03,824755,BAL,BOS,Chris Bassitt,Payton Tolle,BOS,0.5799993882410908,0.4200006117589092,2026-06-03T22:45:00Z,,,,,,,,,,,v2:logistic:through_2025-09-28,BOS,8,1,Final,1.0
2026-06-03,824917,TOR,ATL,Patrick Corbin,Grant Holmes,ATL,0.5732581111227504,0.4267418888772496,2026-06-03T23:15:00Z,,,,,,,,,,,v2:logistic:through_2025-09-28,ATL,7,3,Final,1.0
2026-06-03,825077,LAD,AZ,Shohei Ohtani,Zac Gallen,LAD,0.4496257788814455,0.5503742211185545,2026-06-04T01:40:00Z,,,,,,,,,,,v2:logistic:through_2025-09-28,LAD,0,7,Final,1.0
2026-06-04,823457,SD,PHI,Lucas Giolito,Zack Wheeler,PHI,0.5915571159747695,0.4084428840252305,2026-06-04T17:05:00Z,,,,,,,,,,,v2:logistic:through_2025-09-28,PHI,6,4,Final,1.0
2026-06-04,823542,CLE,NYY,Slade Cecconi,Carlos Rodón,NYY,0.5800893315363796,0.4199106684636203,2026-06-04T17:35:00Z,,,,,,,,,,,v2:logistic:through_2025-09-28,NYY,2,1,Final,1.0
2026-06-04,823698,KC,MIN,Seth Lugo,Andrew Morris,MIN,0.5294318692814184,0.4705681307185816,2026-06-04T23:40:00Z,,,,,,,,,,,v2:logistic:through_2025-09-28,KC,6,8,Final,0.0
2026-06-04,823779,SF,MIL,Adrian Houser,Coleman Crow,MIL,0.6002957283898299,0.3997042716101701,2026-06-04T18:10:00Z,,,,,,,,,,,v2:logistic:through_2025-09-28,SF,9,12,Final,0.0
2026-06-04,824185,PIT,HOU,Jared Jones,Kai-Wei Teng,HOU,0.5190239916139138,0.4809760083860862,2026-06-05T00:10:00Z,,,,,,,,,,,v2:logistic:through_2025-09-28,PIT,1,5,Final,0.0
2026-06-04,824672,ATH,CHC,J.T. Ginn,Shota Imanaga,CHC,0.5545434913879151,0.4454565086120848,2026-06-05T00:05:00Z,,,,,,,,,,,v2:logistic:through_2025-09-28,CHC,7,6,Final,1.0
2026-06-04,824753,BAL,BOS,Trevor Rogers,Brayan Bello,BOS,0.5263359728520499,0.4736640271479501,2026-06-04T17:35:00Z,,,,,,,,,,,v2:logistic:through_2025-09-28,BAL,2,8,Final,0.0
2026-06-04,824919,TOR,ATL,Mason Fluharty,Chris Sale,ATL,0.595230946844166,0.404769053155834,2026-06-04T23:15:00Z,,,,,,,,,,,v2:logistic:through_2025-09-28,TOR,2,7,Final,0.0
2026-06-04,825076,LAD,AZ,Justin Wrobleski,Ryne Nelson,LAD,0.4611682015331255,0.5388317984668745,2026-06-05T01:40:00Z,,,,,,,,,,,v2:logistic:through_2025-09-28,AZ,3,2,Final,0.0
2026-06-05,822810,BAL,TOR,Brandon Young,Trey Yesavage,TOR,0.5545439010612933,0.4454560989387067,2026-06-05T23:07:00Z,,,,,,,,,,,v2:logistic:through_2025-09-28,BAL,3,13,Final,0.0
2026-06-05,822892,CLE,TEX,Parker Messick,Kumar Rocker,TEX,0.5045999262895084,0.4954000737104915,2026-06-06T00:15:00Z,,,,,,,,,,,v2:logistic:through_2025-09-28,TEX,3,2,Final,1.0
2026-06-05,823049,CIN,STL,Brady Singer,Kyle Leahy,STL,0.5707235452844348,0.4292764547155652,2026-06-06T00:15:00Z,,,,,,,,,,,v2:logistic:through_2025-09-28,STL,10,3,Final,1.0
2026-06-05,823293,NYM,SD,Christian Scott,Michael King,SD,0.5170996461320164,0.4829003538679836,2026-06-06T01:40:00Z,,,,,,,,,,,v2:logistic:through_2025-09-28,NYM,0,5,Final,0.0
2026-06-05,823455,CWS,PHI,Anthony Kay,Jesús Luzardo,PHI,0.5246462967712419,0.4753537032287581,2026-06-05T22:40:00Z,,,,,,,,,,,v2:logistic:through_2025-09-28,PHI,8,6,Final,1.0
2026-06-05,823538,BOS,NYY,Sonny Gray,Ryan Weathers,NYY,0.5760008284690324,0.4239991715309675,2026-06-05T23:05:00Z,,,,,,,,,,,v2:logistic:through_2025-09-28,BOS,3,5,Final,0.0
2026-06-05,823699,KC,MIN,Michael Wacha,Zebby Matthews,MIN,0.5506343679744289,0.4493656320255711,2026-06-06T00:15:00Z,,,,,,,,,,,v2:logistic:through_2025-09-28,MIN,5,3,Final,1.0
2026-06-05,823860,TB,MIA,Drew Rasmussen,Ryan Gusto,MIA,0.5319046641443761,0.4680953358556239,2026-06-05T23:10:00Z,,,,,,,,,,,v2:logistic:through_2025-09-28,TB,0,6,Final,0.0
2026-06-05,823943,LAA,LAD,Reid Detmers,Roki Sasaki,LAD,0.6143698458513024,0.3856301541486976,2026-06-06T02:10:00Z,,,,,,,,,,,v2:logistic:through_2025-09-28,LAD,1,0,Final,1.0
2026-06-05,824186,ATH,HOU,Jack Perkins,Peter Lambert,HOU,0.5488163870117044,0.4511836129882955,2026-06-06T00:10:00Z,,,,,,,,,,,v2:logistic:through_2025-09-28,HOU,5,1,Final,1.0
2026-06-05,824271,SEA,DET,Bryan Woo,Framber Valdez,SEA,0.4737930057016286,0.5262069942983714,2026-06-05T22:40:00Z,,,,,,,,,,,v2:logistic:through_2025-09-28,DET,7,3,Final,0.0
2026-06-05,824350,MIL,COL,Brandon Sproat,Ryan Feltner,MIL,0.4611520249707782,0.5388479750292218,2026-06-06T00:40:00Z,,,,,,,,,,,v2:logistic:through_2025-09-28,MIL,7,9,Final,1.0
2026-06-05,824673,SF,CHC,Robbie Ray,Edward Cabrera,CHC,0.5784493133409859,0.4215506866590141,2026-06-05T18:20:00Z,,,,,,,,,,,v2:logistic:through_2025-09-28,SF,3,18,Final,0.0
2026-06-05,824914,PIT,ATL,Mitch Keller,Martín Pérez,ATL,0.5582000057341193,0.4417999942658807,2026-06-05T23:15:00Z,,,,,,,,,,,v2:logistic:through_2025-09-28,ATL,6,3,Final,1.0
2026-06-05,825073,WSH,AZ,Foster Griffin,Merrill Kelly,AZ,0.5194032429138047,0.4805967570861953,2026-06-06T01:40:00Z,,,,,,,,,,,v2:logistic:through_2025-09-28,WSH,1,14,Final,0.0
2026-06-06,822808,BAL,TOR,Kyle Bradish,Braydon Fisher,TOR,0.5216581082561341,0.4783418917438659,2026-06-06T19:07:00Z,,,,,,,,,,,v2:logistic:through_2025-09-28,TOR,6.0,4.0,Final,1.0
2026-06-06,822891,CLE,TEX,Tanner Bibee,Jack Leiter,TEX,0.5386243351569061,0.4613756648430939,2026-06-06T23:35:00Z,,,,,,,,,,,v2:logistic:through_2025-09-28,CLE,0.0,6.0,Final,0.0
2026-06-06,823048,CIN,STL,Nick Lodolo,Matthew Liberatore,STL,0.569272323217467,0.430727676782533,2026-06-06T18:15:00Z,,,,,,,,,,,v2:logistic:through_2025-09-28,STL,6.0,5.0,Final,1.0
2026-06-06,823292,NYM,SD,Nolan McLean,Griffin Canning,NYM,0.4826474292715934,0.5173525707284066,2026-06-07T02:10:00Z,,,,,,,,,,,v2:logistic:through_2025-09-28,SD,3.0,2.0,Final,0.0
2026-06-06,823454,CWS,PHI,Brandon Eisert,Andrew Painter,CWS,0.4958875479699269,0.504112452030073,2026-06-06T20:05:00Z,,,,,,,,,,,v2:logistic:through_2025-09-28,CWS,3.0,6.0,Final,1.0
2026-06-06,823697,KC,MIN,Luinder Avila,Joe Ryan,MIN,0.5907120034929721,0.4092879965070278,2026-06-06T18:10:00Z,,,,,,,,,,,v2:logistic:through_2025-09-28,KC,2.0,3.0,Final,0.0
2026-06-06,823859,TB,MIA,Shane McClanahan,Lake Bachar,MIA,0.5371388248911292,0.4628611751088708,2026-06-06T20:10:00Z,,,,,,,,,,,v2:logistic:through_2025-09-28,MIA,4.0,3.0,Final,1.0
2026-06-06,823942,LAA,LAD,Jack Kochanowicz,Yoshinobu Yamamoto,LAD,0.656776617115076,0.343223382884924,2026-06-07T02:10:00Z,,,,,,,,,,,v2:logistic:through_2025-09-28,LAD,9.0,2.0,Final,1.0
2026-06-06,824184,ATH,HOU,Kade Morris,Tatsuya Imai,HOU,0.5450307896118088,0.4549692103881911,2026-06-06T20:10:00Z,,,,,,,,,,,v2:logistic:through_2025-09-28,HOU,13.0,2.0,Final,1.0
2026-06-06,824269,SEA,DET,Bryce Miller,Keider Montero,SEA,0.4804847404220925,0.5195152595779076,2026-06-06T17:10:00Z,,,,,,,,,,,v2:logistic:through_2025-09-28,SEA,0.0,4.0,Final,1.0
2026-06-06,824351,MIL,COL,Jacob Misiorowski,Zach Agnos,MIL,0.4380575747218154,0.5619424252781846,2026-06-07T01:10:00Z,,,,,,,,,,,v2:logistic:through_2025-09-28,MIL,1.0,7.0,Final,1.0
2026-06-06,824669,SF,CHC,Landen Roupp,Ben Brown,CHC,0.5453195924879936,0.4546804075120064,2026-06-06T18:20:00Z,,,,,,,,,,,v2:logistic:through_2025-09-28,CHC,3.0,2.0,Final,1.0
2026-06-06,824915,PIT,ATL,Braxton Ashcraft,Spencer Strider,ATL,0.5601494638143611,0.4398505361856388,2026-06-06T20:10:00Z,,,,,,,,,,,v2:logistic:through_2025-09-28,ATL,6.0,3.0,Final,1.0
2026-06-06,825075,WSH,AZ,Zack Littell,Eduardo Rodriguez,AZ,0.5245469697921821,0.4754530302078179,2026-06-06T20:10:00Z,,,,,,,,,,,v2:logistic:through_2025-09-28,WSH,1.0,6.0,Final,0.0
2026-06-07,822807,BAL,TOR,Shane Baz,Kevin Gausman,TOR,0.5380796967000456,0.4619203032999543,2026-06-07T17:37:00Z,,,,,,,,,,,v2:logistic:through_2025-09-28,TOR,6,4,Final,1.0
2026-06-07,822890,CLE,TEX,Joey Cantillo,Jacob deGrom,TEX,0.5615323290145472,0.4384676709854528,2026-06-07T18:35:00Z,,,,,,,,,,,v2:logistic:through_2025-09-28,TEX,10,0,Final,1.0
2026-06-07,823047,CIN,STL,Rhett Lowder,Michael McGreevy,STL,0.5759701527905201,0.4240298472094799,2026-06-07T18:15:00Z,,,,,,,,,,,v2:logistic:through_2025-09-28,STL,5,3,Final,1.0
2026-06-07,823291,NYM,SD,Huascar Brazobán,Randy Vásquez,SD,0.5343408009512559,0.4656591990487441,2026-06-07T20:10:00Z,,,,,,,,,,,v2:logistic:through_2025-09-28,NYM,3,7,Final,0.0
2026-06-07,823453,CWS,PHI,Tyler Gilbert,Aaron Nola,CWS,0.490573599709217,0.509426400290783,2026-06-07T17:35:00Z,,,,,,,,,,,v2:logistic:through_2025-09-28,PHI,9,5,Final,0.0
2026-06-07,823537,BOS,NYY,Ranger Suarez,Cam Schlittler,NYY,0.5823496015081527,0.4176503984918472,2026-06-07T17:35:00Z,,,,,,,,,,,v2:logistic:through_2025-09-28,NYY,6,1,Final,1.0
2026-06-07,823696,KC,MIN,Noah Cameron,Connor Prielipp,MIN,0.5390159634738774,0.4609840365261226,2026-06-07T18:10:00Z,,,,,,,,,,,v2:logistic:through_2025-09-28,KC,5,6,Final,0.0
2026-06-07,823857,TB,MIA,Griffin Jax,Sandy Alcantara,MIA,0.5099565076613286,0.4900434923386714,2026-06-07T17:40:00Z,,,,,,,,,,,v2:logistic:through_2025-09-28,MIA,4,1,Final,1.0
2026-06-07,823941,LAA,LAD,José Soriano,Emmet Sheehan,LAD,0.6323230945480414,0.3676769054519586,2026-06-07T20:10:00Z,,,,,,,,,,,v2:logistic:through_2025-09-28,LAA,5,13,Final,0.0
2026-06-07,824183,ATH,HOU,Gage Jump,Mike Burrows,HOU,0.5396727564918109,0.4603272435081891,2026-06-07T18:10:00Z,,,,,,,,,,,v2:logistic:through_2025-09-28,ATH,0,5,Final,0.0
2026-06-07,824268,SEA,DET,Luis Castillo,Jack Flaherty,SEA,0.4948802503654638,0.5051197496345362,2026-06-07T17:40:00Z,,,,,,,,,,,v2:logistic:through_2025-09-28,DET,5,4,Final,0.0
2026-06-07,824349,MIL,COL,Shane Drohan,Kyle Freeland,MIL,0.470306274591696,0.529693725408304,2026-06-07T19:10:00Z,,,,,,,,,,,v2:logistic:through_2025-09-28,MIL,4,12,Final,1.0
2026-06-07,824670,SF,CHC,Trevor McDonald,Jameson Taillon,CHC,0.5334351936506537,0.4665648063493463,2026-06-08T00:30:00Z,,,,,,,,,,,v2:logistic:through_2025-09-28,SF,1,2,Final,0.0
2026-06-07,824916,PIT,ATL,Mason Montgomery,Bryce Elder,ATL,0.5116328780244604,0.4883671219755395,2026-06-07T17:35:00Z,,,,,,,,,,,v2:logistic:through_2025-09-28,ATL,3,2,Final,1.0
2026-06-07,825074,WSH,AZ,Cade Cavalli,Michael Soroka,WSH,0.4980218254912923,0.5019781745087077,2026-06-07T19:15:00Z,,,,,,,,,,,v2:logistic:through_2025-09-28,AZ,5,1,Final,0.0
2026-06-08,822806,PHI,TOR,Cristopher Sánchez,Patrick Corbin,TOR,0.5036464296655913,0.4963535703344087,2026-06-08T23:07:00Z,,,,,,,,,,,v2:logistic:through_2025-09-28,PHI,2,5,Final,0.0
2026-06-08,822972,BOS,TB,Connelly Early,Ian Seymour,TB,0.5493345731455574,0.4506654268544425,2026-06-08T22:40:00Z,,,,,,,,,,,v2:logistic:through_2025-09-28,TB,3,1,Final,1.0
2026-06-08,823218,WSH,SF,Richard Lovelady,Logan Webb,SF,0.5275270106732993,0.4724729893267007,2026-06-09T01:45:00Z,,,,,,,,,,,v2:logistic:through_2025-09-28,WSH,3,4,Final,0.0
2026-06-08,823289,CIN,SD,Andrew Abbott,Walker Buehler,SD,0.5671496849181878,0.4328503150818121,2026-06-09T01:40:00Z,,,,,,,,,,,v2:logistic:through_2025-09-28,SD,6,2,Final,1.0
2026-06-08,824025,HOU,LAA,Spencer Arrighetti,Grayson Rodriguez,LAA,0.5098143732599313,0.4901856267400687,2026-06-09T01:38:00Z,,,,,,,,,,,v2:logistic:through_2025-09-28,HOU,4,5,Final,0.0
2026-06-08,824427,NYY,CLE,Will Warren,Gavin Williams,NYY,0.4934245554715957,0.5065754445284043,2026-06-08T22:40:00Z,,,,,,,,,,,v2:logistic:through_2025-09-28,NYY,5,7,Final,1.0
2026-06-08,824829,SEA,BAL,Emerson Hancock,Trey Gibson,SEA,0.4559931640540736,0.5440068359459264,2026-06-08T22:35:00Z,,,,,,,,,,,v2:logistic:through_2025-09-28,SEA,3,6,Final,1.0
2026-06-08,824998,MIL,ATH,Kyle Harrison,Jeffrey Springs,MIL,0.4326894151989073,0.5673105848010926,2026-06-09T02:05:00Z,,,,,,,,,,,v2:logistic:through_2025-09-28,MIL,14,15,Final,1.0
2026-06-09,822805,PHI,TOR,Zack Wheeler,Dylan Cease,TOR,0.5498961010302162,0.4501038989697837,2026-06-09T23:07:00Z,,,,,,,,,,,v2:logistic:through_2025-09-28,TOR,3,2,Final,1.0
2026-06-09,822969,BOS,TB,Payton Tolle,Nick Martinez,TB,0.522255164935142,0.477744835064858,2026-06-09T22:40:00Z,,,,,,,,,,,v2:logistic:through_2025-09-28,TB,4,3,Final,1.0
2026-06-09,823214,WSH,SF,Andrew Alvarez,Adrian Houser,WSH,0.4778156450183121,0.5221843549816878,2026-06-10T01:45:00Z,,,,,,,,,,,v2:logistic:through_2025-09-28,WSH,3,6,Final,1.0
2026-06-09,823290,CIN,SD,Chase Burns,Lucas Giolito,SD,0.5171093582859558,0.4828906417140441,2026-06-10T01:40:00Z,,,,,,,,,,,v2:logistic:through_2025-09-28,CIN,3,5,Final,0.0
2026-06-09,823374,LAD,PIT,Eric Lauer,Paul Skenes,PIT,0.5528291934268751,0.4471708065731249,2026-06-09T22:40:00Z,,,,,,,,,,,v2:logistic:through_2025-09-28,LAD,3,12,Final,0.0
2026-06-09,823620,STL,NYM,Dustin May,Freddy Peralta,NYM,0.5175461246368283,0.4824538753631717,2026-06-09T23:10:00Z,,,,,,,,,,,v2:logistic:through_2025-09-28,STL,0,7,Final,0.0
2026-06-09,823858,AZ,MIA,Zac Gallen,Max Meyer,MIA,0.5584648852342501,0.4415351147657499,2026-06-09T22:40:00Z,,,,,,,,,,,v2:logistic:through_2025-09-28,MIA,10,6,Final,1.0
2026-06-09,824023,HOU,LAA,Kai-Wei Teng,Walbert Ureña,LAA,0.5017319296486222,0.4982680703513777,2026-06-10T01:38:00Z,,,,,,,,,,,v2:logistic:through_2025-09-28,LAA,10,1,Final,1.0
2026-06-09,824105,TEX,KC,Nathan Eovaldi,Stephen Kolek,TEX,0.4798141662434588,0.5201858337565413,2026-06-09T23:40:00Z,,,,,,,,,,,v2:logistic:through_2025-09-28,KC,5,3,Final,0.0
2026-06-09,824267,MIN,DET,Taj Bradley,Troy Melton,DET,0.5287031430242234,0.4712968569757766,2026-06-09T22:40:00Z,,,,,,,,,,,v2:logistic:through_2025-09-28,DET,10,4,Final,1.0
2026-06-09,824347,CHC,COL,Colin Rea,Tomoyuki Sugano,CHC,0.4755334035460474,0.5244665964539525,2026-06-10T00:40:00Z,,,,,,,,,,,v2:logistic:through_2025-09-28,COL,7,3,Final,0.0
2026-06-09,824429,NYY,CLE,Gerrit Cole,Slade Cecconi,NYY,0.487848624761768,0.5121513752382321,2026-06-09T22:40:00Z,,,,,,,,,,,v2:logistic:through_2025-09-28,NYY,2,3,Final,1.0
2026-06-09,824591,ATL,CWS,Grant Holmes,Brandon Eisert,CWS,0.5279368172633631,0.4720631827366369,2026-06-09T23:40:00Z,,,,,,,,,,,v2:logistic:through_2025-09-28,CWS,6,5,Final,1.0
2026-06-09,824830,SEA,BAL,Logan Gilbert,Trevor Rogers,SEA,0.496604741411232,0.503395258588768,2026-06-09T22:35:00Z,,,,,,,,,,,v2:logistic:through_2025-09-28,SEA,5,6,Final,1.0
2026-06-09,824999,MIL,ATH,Robert Gasser,J.T. Ginn,MIL,0.4738886645703777,0.5261113354296223,2026-06-10T02:05:00Z,,,,,,,,,,,v2:logistic:through_2025-09-28,ATH,7,5,Final,0.0
2026-06-10,822804,PHI,TOR,Jesús Luzardo,Max Scherzer,TOR,0.5096300681432646,0.4903699318567354,2026-06-10T23:07:00Z,,,,,,,,,,,v2:logistic:through_2025-09-28,PHI,4,7,Final,0.0
2026-06-10,822970,BOS,TB,Jake Bennett,Drew Rasmussen,TB,0.5750857636947005,0.4249142363052994,2026-06-10T17:10:00Z,,,,,,,,,,,v2:logistic:through_2025-09-28,TB,7,5,Final,1.0
2026-06-10,823215,WSH,SF,Foster Griffin,Robbie Ray,WSH,0.4828266991773277,0.5171733008226722,2026-06-10T19:45:00Z,,,,,,,,,,,v2:logistic:through_2025-09-28,SF,11,10,Final,0.0
2026-06-10,823287,CIN,SD,Brady Singer,Michael King,SD,0.5738728676311811,0.4261271323688189,2026-06-10T20:10:00Z,,,,,,,,,,,v2:logistic:through_2025-09-28,SD,5,4,Final,1.0
2026-06-10,823372,LAD,PIT,Shohei Ohtani,Jared Jones,LAD,0.4601135942526117,0.5398864057473882,2026-06-10T22:40:00Z,,,,,,,,,,,v2:logistic:through_2025-09-28,PIT,9,8,Final,0.0
2026-06-10,823618,STL,NYM,Andre Pallante,Austin Warren,STL,0.4884462648622586,0.5115537351377413,2026-06-10T23:10:00Z,,,,,,,,,,,v2:logistic:through_2025-09-28,STL,2,9,Final,1.0
2026-06-10,823856,AZ,MIA,Ryne Nelson,Ryan Gusto,MIA,0.5330384842596182,0.4669615157403818,2026-06-10T22:40:00Z,,,,,,,,,,,v2:logistic:through_2025-09-28,MIA,8,0,Final,1.0
2026-06-10,824022,HOU,LAA,Peter Lambert,Reid Detmers,LAA,0.5501091180114679,0.4498908819885321,2026-06-11T01:38:00Z,,,,,,,,,,,v2:logistic:through_2025-09-28,LAA,3,2,Final,1.0
2026-06-10,824103,TEX,KC,MacKenzie Gore,Seth Lugo,KC,0.5035338230268005,0.4964661769731995,2026-06-10T23:40:00Z,,,,,,,,,,,v2:logistic:through_2025-09-28,TEX,4,6,Final,0.0
2026-06-10,824266,MIN,DET,Mike Paredes,Framber Valdez,DET,0.5577608896969769,0.4422391103030231,2026-06-10T22:40:00Z,,,,,,,,,,,v2:logistic:through_2025-09-28,MIN,4,6,Final,0.0
2026-06-10,824348,CHC,COL,Shota Imanaga,Michael Lorenzen,CHC,0.4891913319148424,0.5108086680851576,2026-06-11T00:40:00Z,,,,,,,,,,,v2:logistic:through_2025-09-28,COL,3,2,Final,0.0
2026-06-10,824428,NYY,CLE,Carlos Rodón,Parker Messick,CLE,0.5088707159919506,0.4911292840080494,2026-06-10T17:10:00Z,,,,,,,,,,,v2:logistic:through_2025-09-28,NYY,4,8,Final,0.0
2026-06-10,824590,ATL,CWS,Chris Sale,Davis Martin,CWS,0.5010769362566114,0.4989230637433886,2026-06-10T23:40:00Z,,,,,,,,,,,v2:logistic:through_2025-09-28,CWS,2,1,Final,1.0
2026-06-10,824831,SEA,BAL,George Kirby,Brandon Young,SEA,0.4878546015726318,0.5121453984273682,2026-06-10T22:35:00Z,,,,,,,,,,,v2:logistic:through_2025-09-28,BAL,7,2,Final,0.0
2026-06-10,824996,MIL,ATH,Brandon Sproat,Jack Perkins,MIL,0.487524849420839,0.5124751505791609,2026-06-11T01:05:00Z,,,,,,,,,,,v2:logistic:through_2025-09-28,ATH,4,3,Final,0.0
2026-06-11,823371,LAD,PIT,Justin Wrobleski,Mitch Keller,LAD,0.4881350989896094,0.5118649010103906,2026-06-11T22:40:00Z,,,,,,,,,,,v2:logistic:through_2025-09-28,LAD,6.0,8.0,Final,1.0
2026-06-11,823619,STL,NYM,Hunter Dobbins,Christian Scott,NYM,0.5259796743600956,0.4740203256399043,2026-06-11T17:10:00Z,,,,,,,,,,,v2:logistic:through_2025-09-28,NYM,5.0,4.0,Final,1.0
2026-06-11,823855,AZ,MIA,Merrill Kelly,Tyler Phillips,MIA,0.5611278735970637,0.4388721264029362,2026-06-11T17:10:00Z,,,,,,,,,,,v2:logistic:through_2025-09-28,MIA,2.0,0.0,Final,1.0
2026-06-11,824101,TEX,KC,Kumar Rocker,Michael Wacha,TEX,0.498594969592286,0.501405030407714,2026-06-11T18:10:00Z,,,,,,,,,,,v2:logistic:through_2025-09-28,TEX,2.0,4.0,Final,1.0
2026-06-11,824265,MIN,DET,Zebby Matthews,Keider Montero,DET,0.5287856781414441,0.4712143218585559,2026-06-11T17:10:00Z,,,,,,,,,,,v2:logistic:through_2025-09-28,DET,11.0,0.0,Final,1.0
2026-06-11,824346,CHC,COL,Edward Cabrera,Ryan Feltner,CHC,0.4902475095067892,0.5097524904932107,2026-06-11T19:10:00Z,,,,,,,,,,,v2:logistic:through_2025-09-28,CHC,3.0,9.0,Final,1.0
2026-06-11,824827,SEA,BAL,Bryan Woo,Kyle Bradish,BAL,0.5008880375975726,0.4991119624024274,2026-06-11T23:05:00Z,,,,,,,,,,,v2:logistic:through_2025-09-28,BAL,7.0,5.0,Final,1.0
2026-06-12,822726,SEA,WSH,Bryce Miller,Zack Littell,SEA,0.4930666450481455,0.5069333549518544,2026-06-12T22:45:00Z,,,,,,,,,,,v2:logistic:through_2025-09-28,SEA,2,10,Final,1.0
2026-06-12,822803,NYY,TOR,Ryan Weathers,Trey Yesavage,TOR,0.5020537661967304,0.4979462338032696,2026-06-12T23:37:00Z,,,,,,,,,,,v2:logistic:through_2025-09-28,TOR,8,5,Final,1.0
2026-06-12,823211,CHC,SF,Javier Assad,Landen Roupp,SF,0.5214109962149134,0.4785890037850866,2026-06-13T02:15:00Z,,,,,,,,,,,v2:logistic:through_2025-09-28,CHC,1,5,Final,0.0
2026-06-12,823370,MIA,PIT,Sandy Alcantara,Braxton Ashcraft,PIT,0.5473656645399393,0.4526343354600607,2026-06-12T22:40:00Z,,,,,,,,,,,v2:logistic:through_2025-09-28,MIA,3,8,Final,0.0
2026-06-12,823617,ATL,NYM,Spencer Strider,Nolan McLean,ATL,0.4764797979782627,0.5235202020217373,2026-06-12T23:15:00Z,,,,,,,,,,,v2:logistic:through_2025-09-28,NYM,7,5,Final,0.0
2026-06-12,823695,STL,MIN,Kyle Leahy,Joe Ryan,MIN,0.5186562427067843,0.4813437572932156,2026-06-13T00:10:00Z,,,,,,,,,,,v2:logistic:through_2025-09-28,MIN,9,8,Final,1.0
2026-06-12,823778,PHI,MIL,Tanner Banks,Jacob Misiorowski,MIL,0.586047869504508,0.4139521304954919,2026-06-12T23:40:00Z,,,,,,,,,,,v2:logistic:through_2025-09-28,MIL,6,0,Final,1.0
2026-06-12,824020,TB,LAA,Shane McClanahan,Sam Aldegheri,TB,0.4584966093496544,0.5415033906503455,2026-06-13T01:38:00Z,,,,,,,,,,,v2:logistic:through_2025-09-28,LAA,4,3,Final,0.0
2026-06-12,824102,HOU,KC,Tatsuya Imai,Luinder Avila,KC,0.516365386525383,0.483634613474617,2026-06-13T00:10:00Z,,,,,,,,,,,v2:logistic:through_2025-09-28,HOU,8,10,Final,0.0
2026-06-12,824425,DET,CLE,Jack Flaherty,Tanner Bibee,CLE,0.5013845855574829,0.4986154144425171,2026-06-12T23:10:00Z,,,,,,,,,,,v2:logistic:through_2025-09-28,CLE,3,2,Final,1.0
2026-06-12,824507,AZ,CIN,Eduardo Rodriguez,Nick Lodolo,CIN,0.5179466884282885,0.4820533115717115,2026-06-12T23:15:00Z,,,,,,,,,,,v2:logistic:through_2025-09-28,AZ,2,5,Final,0.0
2026-06-12,824588,LAD,CWS,Roki Sasaki,Anthony Kay,LAD,0.492658282317286,0.507341717682714,2026-06-12T23:40:00Z,,,,,,,,,,,v2:logistic:through_2025-09-28,CWS,8,2,Final,0.0
2026-06-12,824752,TEX,BOS,Jack Leiter,Sonny Gray,BOS,0.5068346049123346,0.4931653950876654,2026-06-12T23:10:00Z,,,,,,,,,,,v2:logistic:through_2025-09-28,BOS,10,1,Final,1.0
2026-06-12,824826,SD,BAL,Griffin Canning,Shane Baz,BAL,0.5496238946295342,0.4503761053704658,2026-06-12T23:05:00Z,,,,,,,,,,,v2:logistic:through_2025-09-28,BAL,7,3,Final,1.0
2026-06-12,824997,COL,ATH,Sean Sullivan,Gage Jump,ATH,0.5720320163720954,0.4279679836279045,2026-06-13T02:05:00Z,,,,,,,,,,,v2:logistic:through_2025-09-28,ATH,6,4,Final,1.0
2026-06-13,822725,SEA,WSH,Luis Castillo,Cade Cavalli,WSH,0.5186203467095507,0.4813796532904493,2026-06-13T20:05:00Z,,,,,,,,,,,v2:logistic:through_2025-09-28,WSH,8,3,Final,1.0
2026-06-13,822802,NYY,TOR,Cam Schlittler,Kevin Gausman,NYY,0.4949582784385696,0.5050417215614305,2026-06-13T19:07:00Z,,,,,,,,,,,v2:logistic:through_2025-09-28,NYY,1,3,Final,1.0
2026-06-13,823213,CHC,SF,Ben Brown,Trevor McDonald,SF,0.50036984972414,0.49963015027586,2026-06-14T02:05:00Z,,,,,,,,,,,v2:logistic:through_2025-09-28,CHC,1,6,Final,0.0
2026-06-13,823369,MIA,PIT,Lake Bachar,Bubba Chandler,MIA,0.4639478548337113,0.5360521451662886,2026-06-13T20:05:00Z,,,,,,,,,,,v2:logistic:through_2025-09-28,PIT,3,2,Final,0.0
2026-06-13,823616,ATL,NYM,Martín Pérez,Sean Manaea,ATL,0.4892647799593272,0.5107352200406727,2026-06-13T20:10:00Z,,,,,,,,,,,v2:logistic:through_2025-09-28,ATL,1,3,Final,1.0
2026-06-13,823694,STL,MIN,Matthew Liberatore,Connor Prielipp,MIN,0.5043315329822238,0.4956684670177762,2026-06-13T18:10:00Z,,,,,,,,,,,v2:logistic:through_2025-09-28,STL,6,9,Final,0.0
2026-06-13,823776,PHI,MIL,Aaron Nola,Shane Drohan,MIL,0.5803848602432143,0.4196151397567856,2026-06-13T23:10:00Z,,,,,,,,,,,v2:logistic:through_2025-09-28,PHI,8,9,Final,0.0
2026-06-13,824019,TB,LAA,Griffin Jax,José Soriano,LAA,0.5113808679158428,0.4886191320841572,2026-06-14T02:07:00Z,,,,,,,,,,,v2:logistic:through_2025-09-28,LAA,8,0,Final,1.0
2026-06-13,824100,HOU,KC,Mike Burrows,Noah Cameron,KC,0.5434623468429286,0.4565376531570714,2026-06-13T23:10:00Z,,,,,,,,,,,v2:logistic:through_2025-09-28,HOU,7,8,Final,0.0
2026-06-13,824426,DET,CLE,Tarik Skubal,Joey Cantillo,DET,0.4735141925519137,0.5264858074480863,2026-06-13T20:10:00Z,,,,,,,,,,,v2:logistic:through_2025-09-28,CLE,3,1,Final,0.0
2026-06-13,824508,AZ,CIN,Michael Soroka,Rhett Lowder,AZ,0.4912637826998644,0.5087362173001355,2026-06-13T20:10:00Z,,,,,,,,,,,v2:logistic:through_2025-09-28,CIN,2,1,Final,0.0
2026-06-13,824587,LAD,CWS,Yoshinobu Yamamoto,Sean Burke,CWS,0.5038192170990272,0.4961807829009728,2026-06-13T20:10:00Z,,,,,,,,,,,v2:logistic:through_2025-09-28,LAD,1,7,Final,0.0
2026-06-13,824749,TEX,BOS,Jacob deGrom,Ranger Suarez,BOS,0.5215823053856631,0.4784176946143369,2026-06-13T20:10:00Z,,,,,,,,,,,v2:logistic:through_2025-09-28,BOS,6,3,Final,1.0
2026-06-13,824828,SD,BAL,Randy Vásquez,Trey Gibson,BAL,0.5237204691148087,0.4762795308851912,2026-06-13T20:05:00Z,,,,,,,,,,,v2:logistic:through_2025-09-28,SD,3,9,Final,0.0
2026-06-13,824995,COL,ATH,Kyle Freeland,Joey Estes,ATH,0.5711102048199866,0.4288897951800133,2026-06-14T02:05:00Z,,,,,,,,,,,v2:logistic:through_2025-09-28,ATH,7,5,Final,1.0
2026-06-14,822722,SEA,WSH,Emerson Hancock,PJ Poulin,SEA,0.4927972427241607,0.5072027572758393,2026-06-14T17:35:00Z,,,,,,,,,,,v2:logistic:through_2025-09-28,WSH,10.0,1.0,Final,0.0
2026-06-14,822801,NYY,TOR,Will Warren,Patrick Corbin,NYY,0.4788915302300735,0.5211084697699264,2026-06-14T17:37:00Z,,,,,,,,,,,v2:logistic:through_2025-09-28,NYY,3.0,8.0,Final,1.0
2026-06-14,823212,CHC,SF,Ryan Rolison,Logan Webb,CHC,0.4848985602784683,0.5151014397215317,2026-06-14T19:10:00Z,,,,,,,,,,,v2:logistic:through_2025-09-28,SF,5.0,1.0,Final,0.0
2026-06-14,823368,MIA,PIT,Max Meyer,Paul Skenes,PIT,0.5357753835746482,0.4642246164253518,2026-06-14T16:15:00Z,,,,,,,,,,,v2:logistic:through_2025-09-28,MIA,2.0,4.0,Final,0.0
2026-06-14,823615,ATL,NYM,Bryce Elder,Freddy Peralta,ATL,0.4815622654871252,0.5184377345128748,2026-06-14T17:40:00Z,,,,,,,,,,,v2:logistic:through_2025-09-28,NYM,8.0,1.0,Final,0.0
2026-06-14,823693,STL,MIN,Michael McGreevy,Taj Bradley,STL,0.4867253799295538,0.5132746200704461,2026-06-14T18:10:00Z,,,,,,,,,,,v2:logistic:through_2025-09-28,MIN,5.0,4.0,Final,0.0
2026-06-14,823777,PHI,MIL,Cristopher Sánchez,Kyle Harrison,MIL,0.5784852864796909,0.4215147135203091,2026-06-14T18:10:00Z,,,,,,,,,,,v2:logistic:through_2025-09-28,MIL,4.0,0.0,Final,1.0
2026-06-14,824021,TB,LAA,Casey Legumina,Grayson Rodriguez,LAA,0.5362404464776325,0.4637595535223675,2026-06-14T20:07:00Z,,,,,,,,,,,v2:logistic:through_2025-09-28,TB,3.0,8.0,Final,0.0
2026-06-14,824099,HOU,KC,Spencer Arrighetti,Stephen Kolek,KC,0.523052426170788,0.476947573829212,2026-06-14T18:10:00Z,,,,,,,,,,,v2:logistic:through_2025-09-28,KC,4.0,0.0,Final,1.0
2026-06-14,824506,AZ,CIN,Zac Gallen,Andrew Abbott,CIN,0.5243965603381504,0.4756034396618496,2026-06-14T17:40:00Z,,,,,,,,,,,v2:logistic:through_2025-09-28,AZ,3.0,5.0,Final,0.0
2026-06-14,824586,LAD,CWS,Emmet Sheehan,Bryan Hudson,CWS,0.5102615337628036,0.4897384662371964,2026-06-14T18:10:00Z,,,,,,,,,,,v2:logistic:through_2025-09-28,CWS,6.0,4.0,Final,1.0
2026-06-14,824751,TEX,BOS,Nathan Eovaldi,Connelly Early,BOS,0.5273217625817302,0.4726782374182697,2026-06-14T23:20:00Z,,,,,,,,,,,v2:logistic:through_2025-09-28,TEX,4.0,6.0,Final,0.0
2026-06-14,824823,SD,BAL,Walker Buehler,Trevor Rogers,BAL,0.5345231237771874,0.4654768762228126,2026-06-14T17:35:00Z,,,,,,,,,,,v2:logistic:through_2025-09-28,SD,2.0,5.0,Final,0.0
2026-06-14,824994,COL,ATH,Tomoyuki Sugano,Jeffrey Springs,ATH,0.5892793341966771,0.4107206658033229,2026-06-14T19:05:00Z,,,,,,,,,,,v2:logistic:through_2025-09-28,COL,9.0,23.0,Final,0.0
2026-06-15,822724,KC,WSH,Mitch Spence,Andrew Alvarez,WSH,0.564373814234502,0.435626185765498,2026-06-15T22:45:00Z,,,,,,,,,,,v2:logistic:through_2025-09-28,WSH,7,3,Final,1.0
2026-06-15,822887,MIN,TEX,Mike Paredes,MacKenzie Gore,TEX,0.548624429111906,0.451375570888094,2026-06-16T00:05:00Z,,,,,,,,,,,v2:logistic:through_2025-09-28,MIN,2,4,Final,0.0
2026-06-15,823046,SD,STL,Wandy Peralta,Dustin May,STL,0.5209116086316763,0.4790883913683237,2026-06-15T23:45:00Z,,,,,,,,,,,v2:logistic:through_2025-09-28,STL,3,0,Final,1.0
2026-06-15,823452,MIA,PHI,Ryan Gusto,Zack Wheeler,PHI,0.5261477969477245,0.4738522030522755,2026-06-15T22:40:00Z,,,,,,,,,,,v2:logistic:through_2025-09-28,PHI,7,0,Final,1.0
2026-06-15,823938,TB,LAD,Nick Martinez,Eric Lauer,LAD,0.5449440654646145,0.4550559345353855,2026-06-16T02:10:00Z,,,,,,,,,,,v2:logistic:through_2025-09-28,LAD,4,3,Final,1.0
2026-06-15,824181,DET,HOU,Drew Anderson,Kai-Wei Teng,DET,0.483205768179567,0.516794231820433,2026-06-16T00:10:00Z,,,,,,,,,,,v2:logistic:through_2025-09-28,DET,3,9,Final,1.0
2026-06-15,824505,NYM,CIN,Tobias Myers,Chase Burns,CIN,0.528885681869075,0.4711143181309249,2026-06-15T23:10:00Z,,,,,,,,,,,v2:logistic:through_2025-09-28,CIN,12,0,Final,1.0
2026-06-15,824666,COL,CHC,Michael Lorenzen,Shota Imanaga,CHC,0.5744833245689686,0.4255166754310314,2026-06-16T00:05:00Z,,,,,,,,,,,v2:logistic:through_2025-09-28,CHC,5,4,Final,1.0
2026-06-15,824993,PIT,ATH,Jared Jones,J.T. Ginn,ATH,0.5371886357061778,0.4628113642938222,2026-06-16T01:40:00Z,,,,,,,,,,,v2:logistic:through_2025-09-28,ATH,11,2,Final,1.0
2026-06-15,825071,LAA,AZ,Walbert Ureña,Ryne Nelson,AZ,0.5184339786553107,0.4815660213446893,2026-06-16T01:40:00Z,,,,,,,,,,,v2:logistic:through_2025-09-28,AZ,4,3,Final,1.0
2026-06-16,822723,KC,WSH,Michael Wacha,Foster Griffin,WSH,0.5762289568962838,0.4237710431037161,2026-06-16T22:45:00Z,,,,,,,,,,,v2:logistic:through_2025-09-28,WSH,6,4,Final,1.0
2026-06-16,822888,MIN,TEX,Zebby Matthews,Kumar Rocker,TEX,0.5494513905075289,0.4505486094924711,2026-06-17T00:05:00Z,,,,,,,,,,,v2:logistic:through_2025-09-28,MIN,2,12,Final,0.0
2026-06-16,823045,SD,STL,Michael King,Andre Pallante,STL,0.5693395632767762,0.4306604367232238,2026-06-16T23:45:00Z,,,,,,,,,,,v2:logistic:through_2025-09-28,STL,3,2,Final,1.0
2026-06-16,823128,BAL,SEA,Brandon Young,Logan Gilbert,SEA,0.5533150265377643,0.4466849734622357,2026-06-17T01:40:00Z,,,,,,,,,,,v2:logistic:through_2025-09-28,SEA,3,1,Final,1.0
2026-06-16,823451,MIA,PHI,Tyler Phillips,Jesús Luzardo,PHI,0.5441739338120031,0.4558260661879969,2026-06-16T22:40:00Z,,,,,,,,,,,v2:logistic:through_2025-09-28,PHI,8,2,Final,1.0
2026-06-16,823535,CWS,NYY,Davis Martin,Gerrit Cole,NYY,0.5358991703790603,0.4641008296209397,2026-06-16T23:05:00Z,,,,,,,,,,,v2:logistic:through_2025-09-28,NYY,12,2,Final,1.0
2026-06-16,823775,CLE,MIL,Slade Cecconi,Robert Gasser,MIL,0.5773540526376678,0.4226459473623322,2026-06-16T23:40:00Z,,,,,,,,,,,v2:logistic:through_2025-09-28,MIL,2,1,Final,1.0
2026-06-16,823939,TB,LAD,Drew Rasmussen,Justin Wrobleski,LAD,0.5388252993180754,0.4611747006819245,2026-06-17T02:10:00Z,,,,,,,,,,,v2:logistic:through_2025-09-28,LAD,1,0,Final,1.0
2026-06-16,824182,DET,HOU,Framber Valdez,Hunter Brown,HOU,0.5507672666643113,0.4492327333356887,2026-06-17T00:10:00Z,,,,,,,,,,,v2:logistic:through_2025-09-28,HOU,4,2,Final,1.0
2026-06-16,824504,NYM,CIN,Kodai Senga,Brady Singer,CIN,0.5003073585256518,0.4996926414743482,2026-06-16T23:10:00Z,,,,,,,,,,,v2:logistic:through_2025-09-28,CIN,5,3,Final,1.0
2026-06-16,824667,COL,CHC,Ryan Feltner,Edward Cabrera,CHC,0.5773697068157769,0.422630293184223,2026-06-17T00:05:00Z,,,,,,,,,,,v2:logistic:through_2025-09-28,COL,2,5,Final,0.0
2026-06-16,824750,TOR,BOS,Dylan Cease,Payton Tolle,BOS,0.5263466223592916,0.4736533776407083,2026-06-16T22:45:00Z,,,,,,,,,,,v2:logistic:through_2025-09-28,TOR,1,6,Final,0.0
2026-06-16,824991,PIT,ATH,Mitch Keller,Jack Perkins,ATH,0.5524960198210215,0.4475039801789785,2026-06-17T01:40:00Z,,,,,,,,,,,v2:logistic:through_2025-09-28,PIT,5,6,Final,0.0
2026-06-16,825070,LAA,AZ,Reid Detmers,Merrill Kelly,LAA,0.4911867799694849,0.5088132200305151,2026-06-17T01:40:00Z,,,,,,,,,,,v2:logistic:through_2025-09-28,LAA,0,7,Final,1.0
2026-06-17,822721,KC,WSH,Luinder Avila,Zack Littell,WSH,0.5848591105319143,0.4151408894680857,2026-06-17T17:05:00Z,,,,,,,,,,,v2:logistic:through_2025-09-28,KC,2,6,Final,0.0
2026-06-17,823044,SD,STL,Bradgley Rodriguez,Kyle Leahy,STL,0.5518014032886904,0.4481985967113095,2026-06-17T18:15:00Z,,,,,,,,,,,v2:logistic:through_2025-09-28,SD,1,6,Final,0.0
2026-06-17,823127,BAL,SEA,Kyle Bradish,George Kirby,SEA,0.5695572396984692,0.4304427603015308,2026-06-18T01:40:00Z,,,,,,,,,,,v2:logistic:through_2025-09-28,BAL,3,5,Final,0.0
2026-06-17,823450,MIA,PHI,Sandy Alcantara,Andrew Painter,PHI,0.5038323020434656,0.4961676979565343,2026-06-17T17:05:00Z,,,,,,,,,,,v2:logistic:through_2025-09-28,MIA,4,12,Final,0.0
2026-06-17,823536,CWS,NYY,Anthony Kay,Carlos Rodón,NYY,0.5839291173671872,0.4160708826328128,2026-06-17T23:05:00Z,,,,,,,,,,,v2:logistic:through_2025-09-28,NYY,10,5,Final,1.0
2026-06-17,823774,CLE,MIL,Gavin Williams,Brandon Sproat,MIL,0.5676919084662982,0.4323080915337017,2026-06-17T23:40:00Z,,,,,,,,,,,v2:logistic:through_2025-09-28,MIL,9,4,Final,1.0
2026-06-17,823940,TB,LAD,Shane McClanahan,Shohei Ohtani,LAD,0.5739600348412979,0.4260399651587021,2026-06-17T19:10:00Z,,,,,,,,,,,v2:logistic:through_2025-09-28,LAD,5,4,Final,1.0
2026-06-17,824178,DET,HOU,Casey Mize,Peter Lambert,HOU,0.5131652259163326,0.4868347740836674,2026-06-17T18:10:00Z,,,,,,,,,,,v2:logistic:through_2025-09-28,HOU,4,2,Final,1.0
2026-06-17,824503,NYM,CIN,Nolan McLean,Nick Lodolo,CIN,0.5043316245877743,0.4956683754122257,2026-06-17T16:40:00Z,,,,,,,,,,,v2:logistic:through_2025-09-28,NYM,1,9,Final,0.0
2026-06-17,824668,COL,CHC,Sean Sullivan,Javier Assad,CHC,0.5549318460344107,0.4450681539655893,2026-06-18T00:05:00Z,,,,,,,,,,,v2:logistic:through_2025-09-28,CHC,8,6,Final,1.0
2026-06-17,824746,TOR,BOS,Braydon Fisher,Jake Bennett,BOS,0.5059136062033425,0.4940863937966575,2026-06-17T22:45:00Z,,,,,,,,,,,v2:logistic:through_2025-09-28,TOR,0,3,Final,0.0
2026-06-17,824912,SF,ATL,Adrian Houser,Grant Holmes,ATL,0.590505760047326,0.409494239952674,2026-06-17T18:00:00Z,,,,,,,,,,,v2:logistic:through_2025-09-28,SF,2,7,Final,0.0
2026-06-17,824913,SF,ATL,Carson Whisenhunt,JR Ritchie,ATL,0.5765361266948638,0.4234638733051362,2026-06-17T23:15:00Z,,,,,,,,,,,v2:logistic:through_2025-09-28,SF,5,7,Final,0.0
2026-06-17,824992,PIT,ATH,Braxton Ashcraft,Aaron Civale,ATH,0.5210618921994593,0.4789381078005407,2026-06-18T01:40:00Z,,,,,,,,,,,v2:logistic:through_2025-09-28,PIT,4,12,Final,0.0
2026-06-17,825072,LAA,AZ,Sam Aldegheri,Eduardo Rodriguez,AZ,0.5401270076860831,0.4598729923139169,2026-06-17T19:40:00Z,,,,,,,,,,,v2:logistic:through_2025-09-28,AZ,8,1,Final,1.0
2026-06-18,822889,MIN,TEX,Joe Ryan,Jack Leiter,TEX,0.515361242744809,0.484638757255191,2026-06-18T18:35:00Z,,,,,,,,,,,v2:logistic:through_2025-09-28,MIN,3.0,9.0,Final,0.0
2026-06-18,823125,BAL,SEA,Shane Baz,Bryan Woo,SEA,0.5577780454684776,0.4422219545315223,2026-06-18T20:10:00Z,,,,,,,,,,,v2:logistic:through_2025-09-28,SEA,3.0,0.0,Final,1.0
2026-06-18,823448,NYM,PHI,Sean Manaea,Aaron Nola,PHI,0.5035239660974962,0.4964760339025038,2026-06-18T22:40:00Z,,,,,,,,,,,v2:logistic:through_2025-09-28,NYM,4.0,6.0,Final,0.0
2026-06-18,823533,CWS,NYY,Bryan Hudson,Ryan Weathers,NYY,0.6041546793735296,0.3958453206264704,2026-06-18T23:05:00Z,,,,,,,,,,,v2:logistic:through_2025-09-28,CWS,1.0,5.0,Final,0.0
2026-06-18,823772,CLE,MIL,Parker Messick,Shane Drohan,MIL,0.5913891855867168,0.4086108144132832,2026-06-18T18:10:00Z,,,,,,,,,,,v2:logistic:through_2025-09-28,CLE,2.0,4.0,Final,0.0
2026-06-18,824098,STL,KC,Matthew Liberatore,Noah Cameron,KC,0.5085874194680139,0.4914125805319861,2026-06-18T23:40:00Z,,,,,,,,,,,v2:logistic:through_2025-09-28,KC,14.0,6.0,Final,1.0
2026-06-18,824748,TOR,BOS,Trey Yesavage,Sonny Gray,BOS,0.520085923617975,0.479914076382025,2026-06-18T17:35:00Z,,,,,,,,,,,v2:logistic:through_2025-09-28,TOR,3.0,4.0,Final,0.0
2026-06-18,824989,LAA,ATH,Ryan Johnson,Gage Jump,ATH,0.602972312126751,0.397027687873249,2026-06-19T01:40:00Z,,,,,,,,,,,v2:logistic:through_2025-09-28,ATH,5.0,0.0,Final,1.0
2026-06-19,822886,SD,TEX,Randy Vásquez,Jacob deGrom,TEX,0.5672410768969891,0.4327589231030109,2026-06-20T00:05:00Z,,,,,,,,,,,v2:logistic:through_2025-09-28,TEX,9,7,Final,1.0
2026-06-19,822966,WSH,TB,PJ Poulin,Griffin Jax,TB,0.5537807799591306,0.4462192200408694,2026-06-19T23:10:00Z,,,,,,,,,,,v2:logistic:through_2025-09-28,TB,5,2,Final,1.0
2026-06-19,823124,BOS,SEA,Ranger Suarez,Bryce Miller,SEA,0.5447980362409988,0.4552019637590012,2026-06-20T02:10:00Z,,,,,,,,,,,v2:logistic:through_2025-09-28,BOS,2,6,Final,0.0
2026-06-19,823534,CIN,NYY,Rhett Lowder,Cam Schlittler,NYY,0.6442628687514761,0.3557371312485239,2026-06-19T23:05:00Z,,,,,,,,,,,v2:logistic:through_2025-09-28,NYY,5,0,Final,1.0
2026-06-19,823853,SF,MIA,Landen Roupp,Lake Bachar,MIA,0.581254723823877,0.418745276176123,2026-06-19T23:10:00Z,,,,,,,,,,,v2:logistic:through_2025-09-28,MIA,4,3,Final,1.0
2026-06-19,823936,BAL,LAD,Trey Gibson,Roki Sasaki,LAD,0.6234364731125429,0.3765635268874571,2026-06-20T02:10:00Z,,,,,,,,,,,v2:logistic:through_2025-09-28,LAD,6,5,Final,1.0
2026-06-19,824097,STL,KC,Michael McGreevy,Seth Lugo,KC,0.5206032140381652,0.4793967859618347,2026-06-20T00:15:00Z,,,,,,,,,,,v2:logistic:through_2025-09-28,KC,6,5,Final,1.0
2026-06-19,824179,CLE,HOU,Tanner Bibee,Tatsuya Imai,HOU,0.5265563002502761,0.4734436997497239,2026-06-20T00:10:00Z,,,,,,,,,,,v2:logistic:through_2025-09-28,HOU,9,3,Final,1.0
2026-06-19,824264,CWS,DET,Brandon Eisert,Tarik Skubal,DET,0.5485066653439057,0.4514933346560943,2026-06-19T22:40:00Z,,,,,,,,,,,v2:logistic:through_2025-09-28,DET,4,3,Final,1.0
2026-06-19,824345,PIT,COL,Bubba Chandler,Kyle Freeland,COL,0.5174711113964039,0.4825288886035961,2026-06-20T00:40:00Z,,,,,,,,,,,v2:logistic:through_2025-09-28,COL,4,3,Final,1.0
2026-06-19,824663,TOR,CHC,Kevin Gausman,Ben Brown,CHC,0.5336343019381361,0.4663656980618639,2026-06-19T18:20:00Z,,,,,,,,,,,v2:logistic:through_2025-09-28,CHC,16,2,Final,1.0
2026-06-19,824910,MIL,ATL,Jacob Misiorowski,Martín Pérez,MIL,0.4626860272928241,0.5373139727071758,2026-06-19T23:15:00Z,,,,,,,,,,,v2:logistic:through_2025-09-28,ATL,3,2,Final,0.0
2026-06-19,824990,LAA,ATH,José Soriano,Jeffrey Springs,ATH,0.5367053672606132,0.4632946327393867,2026-06-20T01:40:00Z,,,,,,,,,,,v2:logistic:through_2025-09-28,ATH,12,11,Final,1.0
2026-06-19,825069,MIN,AZ,Connor Prielipp,Michael Soroka,AZ,0.5395213896461615,0.4604786103538385,2026-06-20T01:45:00Z,,,,,,,,,,,v2:logistic:through_2025-09-28,AZ,9,5,Final,1.0
2026-06-20,822885,SD,TEX,Walker Buehler,MacKenzie Gore,TEX,0.5427733643991508,0.4572266356008492,2026-06-20T20:05:00Z,,,,,,,,,,,v2:logistic:through_2025-09-28,SD,4,6,Final,0.0
2026-06-20,822967,WSH,TB,Cade Cavalli,Ian Seymour,TB,0.5604852296186421,0.4395147703813579,2026-06-20T20:10:00Z,,,,,,,,,,,v2:logistic:through_2025-09-28,WSH,3,4,Final,0.0
2026-06-20,823126,BOS,SEA,Connelly Early,Emerson Hancock,SEA,0.5444741989723634,0.4555258010276366,2026-06-21T02:10:00Z,,,,,,,,,,,v2:logistic:through_2025-09-28,BOS,1,5,Final,0.0
2026-06-20,823447,NYM,PHI,Freddy Peralta,Cristopher Sánchez,PHI,0.5438122342582742,0.4561877657417258,2026-06-20T23:15:00Z,,,,,,,,,,,v2:logistic:through_2025-09-28,PHI,15,3,Final,1.0
2026-06-20,823532,CIN,NYY,Andrew Abbott,Will Warren,NYY,0.6592230968498357,0.3407769031501643,2026-06-20T17:35:00Z,,,,,,,,,,,v2:logistic:through_2025-09-28,CIN,2,10,Final,0.0
2026-06-20,823854,SF,MIA,Trevor McDonald,Max Meyer,MIA,0.5525822124904576,0.4474177875095424,2026-06-20T20:10:00Z,,,,,,,,,,,v2:logistic:through_2025-09-28,MIA,6,3,Final,1.0
2026-06-20,823937,BAL,LAD,Trevor Rogers,Yoshinobu Yamamoto,LAD,0.6225888785439938,0.3774111214560062,2026-06-21T02:10:00Z,,,,,,,,,,,v2:logistic:through_2025-09-28,BAL,2,3,Final,0.0
2026-06-20,824180,CLE,HOU,Joey Cantillo,Spencer Arrighetti,HOU,0.5801169675127337,0.4198830324872663,2026-06-20T23:15:00Z,,,,,,,,,,,v2:logistic:through_2025-09-28,CLE,1,8,Final,0.0
2026-06-20,824263,CWS,DET,Sean Newcomb,Troy Melton,DET,0.5289055564382656,0.4710944435617343,2026-06-20T17:10:00Z,,,,,,,,,,,v2:logistic:through_2025-09-28,DET,4,1,Final,1.0
2026-06-20,824342,PIT,COL,Paul Skenes,Tomoyuki Sugano,PIT,0.4698319578622799,0.5301680421377202,2026-06-21T01:10:00Z,,,,,,,,,,,v2:logistic:through_2025-09-28,COL,2,1,Final,0.0
2026-06-20,824665,TOR,CHC,Patrick Corbin,Colin Rea,CHC,0.5657394557987846,0.4342605442012154,2026-06-20T18:20:00Z,,,,,,,,,,,v2:logistic:through_2025-09-28,TOR,6,8,Final,0.0
2026-06-20,824909,MIL,ATL,Kyle Harrison,Chris Sale,ATL,0.5168597685366039,0.4831402314633961,2026-06-20T20:10:00Z,,,,,,,,,,,v2:logistic:through_2025-09-28,ATL,4,3,Final,1.0
2026-06-20,824988,LAA,ATH,Walbert Ureña,J.T. Ginn,ATH,0.5589941769184635,0.4410058230815364,2026-06-21T02:05:00Z,,,,,,,,,,,v2:logistic:through_2025-09-28,LAA,0,7,Final,0.0
2026-06-20,825068,MIN,AZ,Taj Bradley,Zac Gallen,AZ,0.5119947862803522,0.4880052137196478,2026-06-21T02:10:00Z,,,,,,,,,,,v2:logistic:through_2025-09-28,MIN,8,16,Final,0.0
2026-06-21,822883,SD,TEX,Wandy Peralta,Nathan Eovaldi,SD,0.4723270357547351,0.5276729642452649,2026-06-21T18:35:00Z,,,,,,,,,,,v2:logistic:through_2025-09-28,TEX,4.0,3.0,Final,0.0
2026-06-21,822968,WSH,TB,Andrew Alvarez,Nick Martinez,TB,0.5375590897230481,0.4624409102769519,2026-06-21T17:40:00Z,,,,,,,,,,,v2:logistic:through_2025-09-28,TB,4.0,3.0,Final,1.0
2026-06-21,823123,BOS,SEA,Payton Tolle,Logan Gilbert,SEA,0.5152046612769628,0.4847953387230371,2026-06-21T20:10:00Z,,,,,,,,,,,v2:logistic:through_2025-09-28,SEA,3.0,1.0,Final,1.0
2026-06-21,823449,NYM,PHI,David Peterson,Zack Wheeler,PHI,0.556673471488342,0.443326528511658,2026-06-21T23:20:00Z,,,,,,,,,,,v2:logistic:through_2025-09-28,PHI,6.0,2.0,Final,1.0
2026-06-21,823531,CIN,NYY,Chase Burns,Elmer Rodríguez,NYY,0.5638231869544136,0.4361768130455864,2026-06-21T17:35:00Z,,,,,,,,,,,v2:logistic:through_2025-09-28,CIN,1.0,4.0,Final,0.0
2026-06-21,823852,SF,MIA,Logan Webb,Ryan Gusto,MIA,0.5171165964873982,0.4828834035126018,2026-06-21T17:40:00Z,,,,,,,,,,,v2:logistic:through_2025-09-28,MIA,2.0,1.0,Final,1.0
2026-06-21,823934,BAL,LAD,Brandon Young,Emmet Sheehan,LAD,0.6140973169091153,0.3859026830908847,2026-06-21T20:10:00Z,,,,,,,,,,,v2:logistic:through_2025-09-28,BAL,1.0,12.0,Final,0.0
2026-06-21,824095,STL,KC,Dustin May,Stephen Kolek,KC,0.5056345622105217,0.4943654377894783,2026-06-21T18:10:00Z,,,,,,,,,,,v2:logistic:through_2025-09-28,STL,10.0,12.0,Final,0.0
2026-06-21,824177,CLE,HOU,Slade Cecconi,Kai-Wei Teng,HOU,0.5505941647327306,0.4494058352672694,2026-06-21T18:10:00Z,,,,,,,,,,,v2:logistic:through_2025-09-28,HOU,2.0,1.0,Final,1.0
2026-06-21,824260,CWS,DET,Davis Martin,Keider Montero,DET,0.5105343772138637,0.4894656227861362,2026-06-21T17:40:00Z,,,,,,,,,,,v2:logistic:through_2025-09-28,DET,5.0,4.0,Final,1.0
2026-06-21,824343,PIT,COL,Jared Jones,Michael Lorenzen,COL,0.5035443781248282,0.4964556218751718,2026-06-21T19:10:00Z,,,,,,,,,,,v2:logistic:through_2025-09-28,PIT,6.0,8.0,Final,0.0
2026-06-21,824908,MIL,ATL,Robert Gasser,Bryce Elder,ATL,0.5226308069531074,0.4773691930468926,2026-06-21T17:35:00Z,,,,,,,,,,,v2:logistic:through_2025-09-28,MIL,4.0,9.0,Final,0.0
2026-06-21,824987,LAA,ATH,Reid Detmers,Jack Perkins,ATH,0.5113880453528353,0.4886119546471646,2026-06-21T20:05:00Z,,,,,,,,,,,v2:logistic:through_2025-09-28,LAA,7.0,9.0,Final,0.0
2026-06-21,825067,MIN,AZ,Mike Paredes,Jose Cabrera,AZ,0.5049378943813837,0.4950621056186163,2026-06-21T19:15:00Z,,,,,,,,,,,v2:logistic:through_2025-09-28,MIN,2.0,4.0,Final,0.0
2026-06-22,822720,PHI,WSH,Tim Mayza,Foster Griffin,WSH,0.5380891467580948,0.4619108532419052,2026-06-22T22:45:00Z,,,,,,,,,,,v2:logistic:through_2025-09-28,WSH,4.0,1.0,Final,1.0
2026-06-22,822800,HOU,TOR,Hunter Brown,Dylan Cease,TOR,0.5226440348937279,0.4773559651062721,2026-06-22T23:07:00Z,,,,,,,,,,,v2:logistic:through_2025-09-28,TOR,4.0,2.0,Final,1.0
2026-06-22,822964,KC,TB,Michael Wacha,Drew Rasmussen,TB,0.5734286069304448,0.4265713930695551,2026-06-22T22:40:00Z,,,,,,,,,,,v2:logistic:through_2025-09-28,KC,1.0,2.0,Final,0.0
2026-06-22,823040,AZ,STL,Merrill Kelly,Andre Pallante,STL,0.5763598921322993,0.4236401078677007,2026-06-22T23:45:00Z,,,,,,,,,,,v2:logistic:through_2025-09-28,STL,3.0,2.0,Final,1.0
2026-06-22,823288,ATL,SD,Grant Holmes,Michael King,SD,0.5126061378658494,0.4873938621341506,2026-06-23T02:10:00Z,,,,,,,,,,,v2:logistic:through_2025-09-28,SD,1.0,0.0,Final,1.0
2026-06-22,823692,LAD,MIN,Will Klein,Zebby Matthews,LAD,0.4834908947677445,0.5165091052322555,2026-06-22T23:40:00Z,,,,,,,,,,,v2:logistic:through_2025-09-28,LAD,1.0,2.0,Final,1.0
2026-06-22,823851,TEX,MIA,Tyler Alexander,Tyler Phillips,MIA,0.5323699279731327,0.4676300720268673,2026-06-22T22:40:00Z,,,,,,,,,,,v2:logistic:through_2025-09-28,TEX,3.0,4.0,Final,0.0
2026-06-22,824016,BAL,LAA,Kyle Bradish,Sam Aldegheri,LAA,0.5072137633041883,0.4927862366958117,2026-06-23T01:38:00Z,,,,,,,,,,,v2:logistic:through_2025-09-28,BAL,1.0,6.0,Final,0.0
2026-06-22,824261,NYY,DET,Gerrit Cole,Framber Valdez,NYY,0.4700970072315518,0.5299029927684482,2026-06-22T22:10:00Z,,,,,,,,,,,v2:logistic:through_2025-09-28,DET,5.0,3.0,Final,0.0
2026-06-22,824344,BOS,COL,Jake Bennett,Ryan Feltner,COL,0.5122988469880783,0.4877011530119217,2026-06-23T00:40:00Z,,,,,,,,,,,v2:logistic:through_2025-09-28,COL,3.0,2.0,Final,1.0
2026-06-22,824502,MIL,CIN,Brandon Woodruff,Brady Singer,MIL,0.4388668471151832,0.5611331528848167,2026-06-22T23:10:00Z,,,,,,,,,,,v2:logistic:through_2025-09-28,MIL,1.0,2.0,Final,1.0
2026-06-22,824585,CLE,CWS,Gavin Williams,Anthony Kay,CWS,0.5261293901324261,0.4738706098675739,2026-06-22T23:40:00Z,,,,,,,,,,,v2:logistic:through_2025-09-28,CWS,6.0,5.0,Final,1.0
2026-06-23,822718,PHI,WSH,Jesús Luzardo,PJ Poulin,WSH,0.5224481146170077,0.4775518853829923,2026-06-23T22:45:00Z,,,,,,,,,,,v2:logistic:through_2025-09-28,PHI,9,14,Final,0.0
2026-06-23,822799,HOU,TOR,Peter Lambert,Shane Bieber,TOR,0.5200986958371269,0.4799013041628731,2026-06-23T20:07:00Z,,,,,,,,,,,v2:logistic:through_2025-09-28,HOU,7,9,Final,0.0
2026-06-23,822963,KC,TB,Luinder Avila,Shane McClanahan,TB,0.5816648878102904,0.4183351121897096,2026-06-23T22:40:00Z,,,,,,,,,,,v2:logistic:through_2025-09-28,KC,5,12,Final,0.0
2026-06-23,823043,AZ,STL,Eduardo Rodriguez,Kyle Leahy,STL,0.5552282695841305,0.4447717304158695,2026-06-23T23:45:00Z,,,,,,,,,,,v2:logistic:through_2025-09-28,AZ,3,4,Final,0.0
2026-06-23,823210,ATH,SF,Aaron Civale,Robbie Ray,SF,0.5475204216788411,0.4524795783211589,2026-06-24T01:45:00Z,,,,,,,,,,,v2:logistic:through_2025-09-28,SF,3,1,Final,1.0
2026-06-23,823286,ATL,SD,JR Ritchie,Wandy Peralta,SD,0.5610078218529305,0.4389921781470695,2026-06-24T01:40:00Z,,,,,,,,,,,v2:logistic:through_2025-09-28,SD,7,6,Final,1.0
2026-06-23,823365,SEA,PIT,George Kirby,Mitch Keller,PIT,0.5266671256959583,0.4733328743040417,2026-06-23T22:40:00Z,,,,,,,,,,,v2:logistic:through_2025-09-28,SEA,2,3,Final,0.0
2026-06-23,823614,CHC,NYM,Edward Cabrera,Kodai Senga,CHC,0.4981656674476077,0.5018343325523922,2026-06-23T23:10:00Z,,,,,,,,,,,v2:logistic:through_2025-09-28,CHC,6,9,Final,1.0
2026-06-23,823690,LAD,MIN,Justin Wrobleski,Kendry Rojas,MIN,0.5210301302294252,0.4789698697705747,2026-06-23T23:40:00Z,,,,,,,,,,,v2:logistic:through_2025-09-28,LAD,3,12,Final,0.0
2026-06-23,823849,TEX,MIA,Cal Quantrill,Sandy Alcantara,MIA,0.5637391530911963,0.4362608469088037,2026-06-23T22:40:00Z,,,,,,,,,,,v2:logistic:through_2025-09-28,MIA,6,4,Final,1.0
2026-06-23,824017,BAL,LAA,Shane Baz,Ryan Johnson,BAL,0.4847694718822188,0.5152305281177811,2026-06-24T01:38:00Z,,,,,,,,,,,v2:logistic:through_2025-09-28,LAA,5,1,Final,0.0
2026-06-23,824262,NYY,DET,Carlos Rodón,Casey Mize,DET,0.5146526782758851,0.4853473217241149,2026-06-23T22:40:00Z,,,,,,,,,,,v2:logistic:through_2025-09-28,NYY,3,4,Final,0.0
2026-06-23,824340,BOS,COL,Sonny Gray,Sean Sullivan,BOS,0.4940986999473133,0.5059013000526866,2026-06-24T00:40:00Z,,,,,,,,,,,v2:logistic:through_2025-09-28,BOS,2,5,Final,1.0
2026-06-23,824501,MIL,CIN,Brandon Sproat,Nick Lodolo,MIL,0.4587759826707923,0.5412240173292078,2026-06-23T23:10:00Z,,,,,,,,,,,v2:logistic:through_2025-09-28,MIL,0,2,Final,1.0
2026-06-23,824584,CLE,CWS,Parker Messick,Sean Burke,CWS,0.5351543989662952,0.4648456010337047,2026-06-23T23:40:00Z,,,,,,,,,,,v2:logistic:through_2025-09-28,CWS,2,1,Final,1.0
2026-06-24,822719,PHI,WSH,Aaron Nola,Carson Palmquist,WSH,0.5158898248674375,0.4841101751325625,2026-06-24T22:45:00Z,,,,,,,,,,,v2:logistic:through_2025-09-28,PHI,4,5,Final,0.0
2026-06-24,822798,HOU,TOR,Mike Burrows,Trey Yesavage,TOR,0.5354508718264002,0.4645491281735998,2026-06-24T23:07:00Z,,,,,,,,,,,v2:logistic:through_2025-09-28,HOU,1,3,Final,0.0
2026-06-24,822965,KC,TB,Noah Cameron,Griffin Jax,TB,0.5288722760711149,0.4711277239288851,2026-06-24T22:40:00Z,,,,,,,,,,,v2:logistic:through_2025-09-28,TB,5,3,Final,1.0
2026-06-24,823041,AZ,STL,Mitch Bratt,Matthew Liberatore,STL,0.5462254783121998,0.4537745216878002,2026-06-24T23:45:00Z,,,,,,,,,,,v2:logistic:through_2025-09-28,AZ,4,9,Final,0.0
2026-06-24,823208,ATH,SF,Gage Jump,Tyler Mahle,SF,0.5401729136263823,0.4598270863736177,2026-06-25T01:45:00Z,,,,,,,,,,,v2:logistic:through_2025-09-28,SF,2,1,Final,1.0
2026-06-24,823284,ATL,SD,Martín Pérez,JP Sears,SD,0.5124011274950229,0.4875988725049771,2026-06-25T00:40:00Z,,,,,,,,,,,v2:logistic:through_2025-09-28,SD,5,2,Final,1.0
2026-06-24,823367,SEA,PIT,Bryan Woo,Braxton Ashcraft,PIT,0.5322978289910926,0.4677021710089074,2026-06-24T22:40:00Z,,,,,,,,,,,v2:logistic:through_2025-09-28,PIT,11,1,Final,1.0
2026-06-24,823611,CHC,NYM,Shota Imanaga,Sean Manaea,NYM,0.5065747875037937,0.4934252124962063,2026-06-24T23:10:00Z,,,,,,,,,,,v2:logistic:through_2025-09-28,CHC,5,10,Final,0.0
2026-06-24,823613,CHC,NYM,Javier Assad,Nolan McLean,NYM,0.5066447467802287,0.4933552532197712,2026-06-24T17:10:00Z,,,,,,,,,,,v2:logistic:through_2025-09-28,CHC,3,10,Final,0.0
2026-06-24,823691,LAD,MIN,Shohei Ohtani,Joe Ryan,LAD,0.4927368602496926,0.5072631397503073,2026-06-24T23:40:00Z,,,,,,,,,,,v2:logistic:through_2025-09-28,LAD,3,4,Final,1.0
2026-06-24,823850,TEX,MIA,Jacob deGrom,Eury Pérez,MIA,0.5371705241754452,0.4628294758245548,2026-06-24T16:10:00Z,,,,,,,,,,,v2:logistic:through_2025-09-28,MIA,4,2,Final,1.0
2026-06-24,824018,BAL,LAA,Trey Gibson,José Soriano,LAA,0.5526205765747902,0.4473794234252097,2026-06-24T20:07:00Z,,,,,,,,,,,v2:logistic:through_2025-09-28,LAA,7,6,Final,1.0
2026-06-24,824259,NYY,DET,Ryan Weathers,Tarik Skubal,DET,0.5057414713796089,0.4942585286203911,2026-06-24T22:40:00Z,,,,,,,,,,,v2:logistic:through_2025-09-28,NYY,2,4,Final,0.0
2026-06-24,824341,BOS,COL,Ranger Suarez,Kyle Freeland,BOS,0.4962581302032683,0.5037418697967317,2026-06-24T19:10:00Z,,,,,,,,,,,v2:logistic:through_2025-09-28,COL,8,6,Final,0.0
2026-06-24,824500,MIL,CIN,Shane Drohan,Rhett Lowder,MIL,0.4550644355032618,0.5449355644967382,2026-06-24T23:10:00Z,,,,,,,,,,,v2:logistic:through_2025-09-28,MIL,5,6,Final,1.0
2026-06-24,824583,CLE,CWS,Tanner Bibee,Erick Fedde,CWS,0.5388076237128718,0.4611923762871281,2026-06-24T18:10:00Z,,,,,,,,,,,v2:logistic:through_2025-09-28,CLE,3,4,Final,0.0
2026-06-25,822717,PHI,WSH,Cristopher Sánchez,Cade Cavalli,WSH,0.5058001299621538,0.4941998700378461,2026-06-25T22:45:00Z,,,,,,,,,,,v2:logistic:through_2025-09-28,PHI,5.0,10.0,Final,0.0
2026-06-25,822797,TEX,TOR,MacKenzie Gore,Kevin Gausman,TOR,0.5303808674387028,0.4696191325612971,2026-06-25T23:07:00Z,,,,,,,,,,,v2:logistic:through_2025-09-28,TEX,5.0,6.0,Final,0.0
2026-06-25,822961,KC,TB,Seth Lugo,Casey Legumina,TB,0.5562990976605954,0.4437009023394046,2026-06-25T16:10:00Z,,,,,,,,,,,v2:logistic:through_2025-09-28,TB,13.0,2.0,Final,1.0
2026-06-25,823209,ATH,SF,Jeffrey Springs,Landen Roupp,SF,0.5788827662125158,0.4211172337874842,2026-06-25T19:45:00Z,,,,,,,,,,,v2:logistic:through_2025-09-28,ATH,6.0,9.0,Final,0.0
2026-06-25,823366,SEA,PIT,Bryce Miller,Bubba Chandler,PIT,0.5235986995673043,0.4764013004326957,2026-06-25T16:35:00Z,,,,,,,,,,,v2:logistic:through_2025-09-28,PIT,5.0,1.0,Final,1.0
2026-06-25,823612,CHC,NYM,Matthew Boyd,Freddy Peralta,CHC,0.4732289361808654,0.5267710638191345,2026-06-25T23:10:00Z,,,,,,,,,,,v2:logistic:through_2025-09-28,CHC,3.0,4.0,Final,1.0
2026-06-25,824258,HOU,DET,Tatsuya Imai,Troy Melton,DET,0.5293213015058749,0.4706786984941251,2026-06-25T22:40:00Z,,,,,,,,,,,v2:logistic:through_2025-09-28,HOU,1.0,2.0,Final,0.0
2026-06-25,824747,NYY,BOS,Cam Schlittler,Connelly Early,NYY,0.4583833531141141,0.5416166468858858,2026-06-25T23:10:00Z,,,,,,,,,,,v2:logistic:through_2025-09-28,BOS,6.0,3.0,Final,0.0
2026-06-26,822796,TEX,TOR,Nathan Eovaldi,Patrick Corbin,TOR,0.5040369997699669,0.4959630002300331,2026-06-26T23:07:00Z,,,,,,,,,,,v2:logistic:through_2025-09-28,TEX,4,5,Final,0.0
2026-06-26,822962,AZ,TB,Zac Gallen,Nick Martinez,TB,0.5568001470025068,0.4431998529974932,2026-06-26T23:10:00Z,,,,,,,,,,,v2:logistic:through_2025-09-28,TB,6,1,Final,1.0
2026-06-26,823039,MIA,STL,Max Meyer,Michael McGreevy,STL,0.501045831614008,0.498954168385992,2026-06-27T00:15:00Z,,,,,,,,,,,v2:logistic:through_2025-09-28,MIA,0,4,Final,0.0
2026-06-26,823206,ATL,SF,Reynaldo López,Trevor McDonald,SF,0.5141514908557415,0.4858485091442585,2026-06-27T02:15:00Z,,,,,,,,,,,v2:logistic:through_2025-09-28,ATL,1,3,Final,0.0
2026-06-26,823285,LAD,SD,Roki Sasaki,Walker Buehler,LAD,0.4797494730512622,0.5202505269487377,2026-06-27T01:45:00Z,,,,,,,,,,,v2:logistic:through_2025-09-28,SD,7,1,Final,0.0
2026-06-26,823363,CIN,PIT,Andrew Abbott,Paul Skenes,PIT,0.6137984111880692,0.3862015888119308,2026-06-26T22:40:00Z,,,,,,,,,,,v2:logistic:through_2025-09-28,CIN,4,6,Final,0.0
2026-06-26,823610,PHI,NYM,Zack Wheeler,Zac Thornton,PHI,0.4629378946080553,0.5370621053919447,2026-06-26T23:10:00Z,,,,,,,,,,,v2:logistic:through_2025-09-28,PHI,1,2,Final,1.0
2026-06-26,823688,COL,MIN,Tomoyuki Sugano,Taj Bradley,MIN,0.563950334197409,0.4360496658025909,2026-06-27T00:10:00Z,,,,,,,,,,,v2:logistic:through_2025-09-28,MIN,9,8,Final,1.0
2026-06-26,823773,CHC,MIL,Colin Rea,Jacob Misiorowski,MIL,0.6046144566390158,0.3953855433609842,2026-06-26T23:45:00Z,,,,,,,,,,,v2:logistic:through_2025-09-28,MIL,6,2,Final,1.0
2026-06-26,824014,ATH,LAA,J.T. Ginn,Walbert Ureña,LAA,0.5412202784845587,0.4587797215154413,2026-06-27T01:38:00Z,,,,,,,,,,,v2:logistic:through_2025-09-28,ATH,3,9,Final,0.0
2026-06-26,824255,HOU,DET,Spencer Arrighetti,Keider Montero,DET,0.5188273637348336,0.4811726362651664,2026-06-26T22:40:00Z,,,,,,,,,,,v2:logistic:through_2025-09-28,DET,8,0,Final,1.0
2026-06-26,824423,SEA,CLE,Luis Castillo,Joey Cantillo,CLE,0.5172145099361221,0.4827854900638779,2026-06-26T23:10:00Z,,,,,,,,,,,v2:logistic:through_2025-09-28,SEA,1,3,Final,0.0
2026-06-26,824582,KC,CWS,Steven Cruz,David Sandlin,CWS,0.5213437215321663,0.4786562784678336,2026-06-26T23:40:00Z,,,,,,,,,,,v2:logistic:through_2025-09-28,CWS,22,1,Final,1.0
2026-06-26,824743,NYY,BOS,Will Warren,Payton Tolle,NYY,0.4906977905074561,0.5093022094925439,2026-06-26T23:10:00Z,,,,,,,,,,,v2:logistic:through_2025-09-28,BOS,6,1,Final,0.0
2026-06-26,824824,WSH,BAL,Andrew Alvarez,Trevor Rogers,BAL,0.5067686008892351,0.4932313991107648,2026-06-26T23:05:00Z,,,,,,,,,,,v2:logistic:through_2025-09-28,BAL,3,1,Final,1.0
2026-06-27,822794,TEX,TOR,Cal Quantrill,Dylan Cease,TOR,0.5665992139874712,0.4334007860125288,2026-06-27T19:07:00Z,,,,,,,,,,,v2:logistic:through_2025-09-28,TEX,4,7,Final,0.0
2026-06-27,822960,AZ,TB,Jose Cabrera,Cole Sulser,TB,0.5140084354935831,0.4859915645064169,2026-06-27T22:10:00Z,,,,,,,,,,,v2:logistic:through_2025-09-28,TB,4,2,Final,1.0
2026-06-27,823038,MIA,STL,Ryan Gusto,Andre Pallante,STL,0.5234700073985623,0.4765299926014377,2026-06-27T23:15:00Z,,,,,,,,,,,v2:logistic:through_2025-09-28,MIA,1,5,Final,0.0
2026-06-27,823207,ATL,SF,Bryce Elder,Logan Webb,SF,0.5242423182719462,0.4757576817280537,2026-06-28T01:05:00Z,,,,,,,,,,,v2:logistic:through_2025-09-28,SF,5,0,Final,1.0
2026-06-27,823283,LAD,SD,Yoshinobu Yamamoto,Kyle Hart,LAD,0.4616119428451983,0.5383880571548016,2026-06-28T00:40:00Z,,,,,,,,,,,v2:logistic:through_2025-09-28,LAD,3,15,Final,1.0
2026-06-27,823364,CIN,PIT,Chase Burns,Jared Jones,PIT,0.560871279810973,0.439128720189027,2026-06-27T20:05:00Z,,,,,,,,,,,v2:logistic:through_2025-09-28,CIN,7,9,Final,0.0
2026-06-27,823609,PHI,NYM,Tim Mayza,Christian Scott,PHI,0.483529093828304,0.516470906171696,2026-06-27T20:10:00Z,,,,,,,,,,,v2:logistic:through_2025-09-28,NYM,6,2,Final,0.0
2026-06-27,823689,COL,MIN,Michael Lorenzen,Mike Paredes,MIN,0.548838089483561,0.4511619105164389,2026-06-27T23:10:00Z,,,,,,,,,,,v2:logistic:through_2025-09-28,COL,5,8,Final,0.0
2026-06-27,823770,CHC,MIL,David Peterson,Kyle Harrison,MIL,0.5780344460079836,0.4219655539920164,2026-06-27T23:10:00Z,,,,,,,,,,,v2:logistic:through_2025-09-28,CHC,2,8,Final,0.0
2026-06-27,824015,ATH,LAA,Jack Perkins,Reid Detmers,LAA,0.5637304166562602,0.4362695833437398,2026-06-28T01:38:00Z,,,,,,,,,,,v2:logistic:through_2025-09-28,LAA,5,2,Final,1.0
2026-06-27,824257,HOU,DET,Kai-Wei Teng,Framber Valdez,DET,0.5421523847396194,0.4578476152603806,2026-06-27T17:10:00Z,,,,,,,,,,,v2:logistic:through_2025-09-28,HOU,6,8,Final,0.0
2026-06-27,824421,SEA,CLE,Logan Gilbert,Slade Cecconi,SEA,0.4870526463873878,0.5129473536126121,2026-06-27T23:10:00Z,,,,,,,,,,,v2:logistic:through_2025-09-28,CLE,4,3,Final,0.0
2026-06-27,824581,KC,CWS,Michael Wacha,Davis Martin,CWS,0.5756926462687535,0.4243073537312465,2026-06-27T20:10:00Z,,,,,,,,,,,v2:logistic:through_2025-09-28,CWS,2,1,Final,1.0
2026-06-27,824745,NYY,BOS,Gerrit Cole,Jake Bennett,BOS,0.5209291871555729,0.4790708128444271,2026-06-27T17:10:00Z,,,,,,,,,,,v2:logistic:through_2025-09-28,BOS,4,1,Final,1.0
2026-06-27,824825,WSH,BAL,Foster Griffin,Brandon Young,BAL,0.52295747821533,0.47704252178467,2026-06-27T23:05:00Z,,,,,,,,,,,v2:logistic:through_2025-09-28,WSH,3,4,Final,0.0
2026-06-28,822795,TEX,TOR,Kumar Rocker,Shane Bieber,TOR,0.5146685307417215,0.4853314692582785,2026-06-28T17:37:00Z,,,,,,,,,,,v2:logistic:through_2025-09-28,TEX,2,3,Final,0.0
2026-06-28,822959,AZ,TB,Merrill Kelly,Drew Rasmussen,TB,0.6064487373123363,0.3935512626876637,2026-06-28T17:40:00Z,,,,,,,,,,,v2:logistic:through_2025-09-28,TB,5,1,Final,1.0
2026-06-28,823037,MIA,STL,Tyler Phillips,Kyle Leahy,STL,0.5080357069768388,0.4919642930231612,2026-06-28T18:15:00Z,,,,,,,,,,,v2:logistic:through_2025-09-28,STL,2,1,Final,1.0
2026-06-28,823204,ATL,SF,Chris Sale,Robbie Ray,ATL,0.4717385031350157,0.5282614968649844,2026-06-28T20:05:00Z,,,,,,,,,,,v2:logistic:through_2025-09-28,SF,3,2,Final,0.0
2026-06-28,823281,LAD,SD,Emmet Sheehan,Michael King,LAD,0.453372077778622,0.546627922221378,2026-06-28T20:10:00Z,,,,,,,,,,,v2:logistic:through_2025-09-28,LAD,2,4,Final,1.0
2026-06-28,823362,CIN,PIT,Brady Singer,Mitch Keller,PIT,0.5850718884059626,0.4149281115940374,2026-06-28T17:35:00Z,,,,,,,,,,,v2:logistic:through_2025-09-28,PIT,9,4,Final,1.0
2026-06-28,823608,PHI,NYM,Jesús Luzardo,Cionel Pérez,NYM,0.5089275958945212,0.4910724041054788,2026-06-28T17:40:00Z,,,,,,,,,,,v2:logistic:through_2025-09-28,PHI,4,5,Final,0.0
2026-06-28,823686,COL,MIN,Ryan Feltner,Connor Prielipp,MIN,0.5676070360851903,0.4323929639148097,2026-06-28T18:10:00Z,,,,,,,,,,,v2:logistic:through_2025-09-28,MIN,3,2,Final,1.0
2026-06-28,823769,CHC,MIL,Ryan Rolison,Brandon Woodruff,MIL,0.5603534027789913,0.4396465972210087,2026-06-28T18:10:00Z,,,,,,,,,,,v2:logistic:through_2025-09-28,CHC,3,4,Final,0.0
2026-06-28,824011,ATH,LAA,Aaron Civale,Sam Aldegheri,LAA,0.5368773152147053,0.4631226847852947,2026-06-28T19:15:00Z,,,,,,,,,,,v2:logistic:through_2025-09-28,LAA,4,1,Final,1.0
2026-06-28,824256,HOU,DET,Hunter Brown,Jack Flaherty,DET,0.5237169574359546,0.4762830425640454,2026-06-28T17:40:00Z,,,,,,,,,,,v2:logistic:through_2025-09-28,HOU,5,7,Final,0.0
2026-06-28,824422,SEA,CLE,Emerson Hancock,Gavin Williams,CLE,0.5136025447514821,0.4863974552485178,2026-06-28T17:40:00Z,,,,,,,,,,,v2:logistic:through_2025-09-28,CLE,6,5,Final,1.0
2026-06-28,824580,KC,CWS,Luinder Avila,Anthony Kay,CWS,0.5954282238875654,0.4045717761124345,2026-06-28T18:10:00Z,,,,,,,,,,,v2:logistic:through_2025-09-28,KC,4,5,Final,0.0
2026-06-28,824744,NYY,BOS,Carlos Rodón,Sonny Gray,BOS,0.5253327418881427,0.4746672581118573,2026-06-28T23:20:00Z,,,,,,,,,,,v2:logistic:through_2025-09-28,BOS,5,4,Final,1.0
2026-06-28,824821,WSH,BAL,Zack Littell,Kyle Bradish,BAL,0.5689000931495948,0.4310999068504052,2026-06-28T17:35:00Z,,,,,,,,,,,v2:logistic:through_2025-09-28,WSH,4,6,Final,0.0
2026-06-29,822792,NYM,TOR,Sean Manaea,Trey Yesavage,TOR,0.5135036813557319,0.4864963186442681,2026-06-29T23:07:00Z,,,,,,,,,,,v2:logistic:through_2025-09-28,TOR,2,1,Final,1.0
2026-06-29,823121,LAA,SEA,Ryan Johnson,George Kirby,SEA,0.5441558315271459,0.4558441684728541,2026-06-30T01:40:00Z,,,,,,,,,,,v2:logistic:through_2025-09-28,SEA,6,2,Final,1.0
2026-06-29,823444,PIT,PHI,Braxton Ashcraft,Aaron Nola,PHI,0.5028635584211965,0.4971364415788035,2026-06-29T22:40:00Z,,,,,,,,,,,v2:logistic:through_2025-09-28,PIT,7,11,Final,0.0
2026-06-29,823529,DET,NYY,Casey Mize,Ryan Weathers,NYY,0.5384823202048256,0.4615176797951744,2026-06-29T23:05:00Z,,,,,,,,,,,v2:logistic:through_2025-09-28,DET,3,7,Final,0.0
2026-06-29,823771,CIN,MIL,Nick Lodolo,Robert Gasser,MIL,0.5875739165835817,0.4124260834164183,2026-06-29T23:40:00Z,,,,,,,,,,,v2:logistic:through_2025-09-28,MIL,5,3,Final,1.0
2026-06-29,824176,MIN,HOU,Zebby Matthews,Peter Lambert,HOU,0.5281582800778815,0.4718417199221185,2026-06-30T00:10:00Z,,,,,,,,,,,v2:logistic:through_2025-09-28,MIN,4,5,Final,0.0
2026-06-29,824339,MIA,COL,Sandy Alcantara,Sean Sullivan,MIA,0.4454347546609838,0.5545652453390162,2026-06-30T00:40:00Z,,,,,,,,,,,v2:logistic:through_2025-09-28,MIA,7,10,Final,1.0
2026-06-29,824420,TEX,CLE,Tyler Alexander,Parker Messick,TEX,0.4950200303173159,0.504979969682684,2026-06-29T23:10:00Z,,,,,,,,,,,v2:logistic:through_2025-09-28,TEX,3,6,Final,1.0
2026-06-29,824662,SD,CHC,Griffin Canning,Shota Imanaga,CHC,0.5632560330461551,0.4367439669538449,2026-06-30T00:05:00Z,,,,,,,,,,,v2:logistic:through_2025-09-28,CHC,3,2,Final,1.0
2026-06-29,824741,WSH,BOS,Miles Mikolas,Ranger Suarez,BOS,0.5886750099659398,0.4113249900340602,2026-06-29T23:10:00Z,,,,,,,,,,,v2:logistic:through_2025-09-28,BOS,6,3,Final,1.0
2026-06-29,824822,CWS,BAL,Sean Burke,Shane Baz,BAL,0.5064950611062523,0.4935049388937477,2026-06-29T22:35:00Z,,,,,,,,,,,v2:logistic:through_2025-09-28,CWS,2,8,Final,0.0
2026-06-29,824986,LAD,ATH,Eric Lauer,Gage Jump,LAD,0.4870349042265783,0.5129650957734218,2026-06-30T01:40:00Z,,,,,,,,,,,v2:logistic:through_2025-09-28,LAD,4,9,Final,1.0
2026-06-29,825065,SF,AZ,Tyler Mahle,Eduardo Rodriguez,AZ,0.5458718279925907,0.4541281720074093,2026-06-30T01:40:00Z,,,,,,,,,,,v2:logistic:through_2025-09-28,AZ,5,4,Final,1.0
2026-06-30,822793,NYM,TOR,Nolan McLean,Kevin Gausman,TOR,0.5251853758692622,0.4748146241307378,2026-06-30T23:07:00Z,,,,,,,,,,,v2:logistic:through_2025-09-28,NYM,0,3,Final,0.0
2026-06-30,823122,LAA,SEA,José Soriano,Bryan Woo,SEA,0.5517963559520751,0.4482036440479249,2026-07-01T01:40:00Z,,,,,,,,,,,v2:logistic:through_2025-09-28,SEA,8,3,Final,1.0
2026-06-30,823445,PIT,PHI,Bubba Chandler,Cristopher Sánchez,PHI,0.5693281617132067,0.4306718382867933,2026-06-30T22:40:00Z,,,,,,,,,,,v2:logistic:through_2025-09-28,PHI,8,0,Final,1.0
2026-06-30,823528,DET,NYY,Tarik Skubal,Cam Schlittler,NYY,0.5340478070884028,0.4659521929115972,2026-06-30T23:05:00Z,,,,,,,,,,,v2:logistic:through_2025-09-28,DET,3,9,Final,0.0
2026-06-30,823768,CIN,MIL,Rhett Lowder,Brandon Sproat,MIL,0.6120999001978881,0.3879000998021119,2026-06-30T23:40:00Z,,,,,,,,,,,v2:logistic:through_2025-09-28,MIL,7,2,Final,1.0
2026-06-30,824096,TB,KC,Griffin Jax,Noah Cameron,TB,0.4474689506279243,0.5525310493720756,2026-06-30T23:40:00Z,,,,,,,,,,,v2:logistic:through_2025-09-28,TB,4,10,Final,1.0
2026-06-30,824175,MIN,HOU,Joe Ryan,Mike Burrows,MIN,0.4868123856991823,0.5131876143008177,2026-07-01T00:10:00Z,,,,,,,,,,,v2:logistic:through_2025-09-28,HOU,6,4,Final,0.0
2026-06-30,824338,MIA,COL,Eury Pérez,Tanner Gordon,MIA,0.4574007355871028,0.5425992644128972,2026-07-01T00:40:00Z,,,,,,,,,,,v2:logistic:through_2025-09-28,MIA,3,14,Final,1.0
2026-06-30,824418,TEX,CLE,Jacob deGrom,Tanner Bibee,TEX,0.4805645948317072,0.5194354051682928,2026-06-30T22:40:00Z,,,,,,,,,,,v2:logistic:through_2025-09-28,TEX,2,4,Final,1.0
2026-06-30,824661,SD,CHC,JP Sears,Matthew Boyd,CHC,0.5715683856606839,0.4284316143393161,2026-07-01T00:05:00Z,,,,,,,,,,,v2:logistic:through_2025-09-28,CHC,9,7,Final,1.0
2026-06-30,824742,WSH,BOS,Cade Cavalli,Connelly Early,BOS,0.5627503510289852,0.4372496489710148,2026-06-30T23:10:00Z,,,,,,,,,,,v2:logistic:through_2025-09-28,WSH,1,8,Final,0.0
2026-06-30,824819,CWS,BAL,Erick Fedde,Trey Gibson,CWS,0.4932701549816723,0.5067298450183277,2026-06-30T22:35:00Z,,,,,,,,,,,v2:logistic:through_2025-09-28,CWS,3,9,Final,1.0
2026-06-30,824907,STL,ATL,Matthew Liberatore,Martín Pérez,ATL,0.5549052375397838,0.4450947624602162,2026-06-30T23:15:00Z,,,,,,,,,,,v2:logistic:through_2025-09-28,STL,3,5,Final,0.0
2026-06-30,824984,LAD,ATH,Justin Wrobleski,Jeffrey Springs,LAD,0.4405389496675796,0.5594610503324204,2026-07-01T01:40:00Z,,,,,,,,,,,v2:logistic:through_2025-09-28,LAD,3,9,Final,1.0
2026-06-30,825066,SF,AZ,Landen Roupp,Brandon Pfaadt,AZ,0.5289648386691577,0.4710351613308423,2026-07-01T01:40:00Z,,,,,,,,,,,v2:logistic:through_2025-09-28,AZ,8,2,Final,1.0
2026-07-01,822791,NYM,TOR,Freddy Peralta,Braydon Fisher,TOR,0.510212635546065,0.489787364453935,2026-07-01T19:07:00Z,,,,,,,,,,,v2:logistic:through_2025-09-28,TOR,9,3,Final,1.0
2026-07-01,823446,PIT,PHI,Paul Skenes,Zack Wheeler,PHI,0.5162221490431198,0.4837778509568802,2026-07-01T22:40:00Z,,,,,,,,,,,v2:logistic:through_2025-09-28,PHI,10,6,Final,1.0
2026-07-01,823530,DET,NYY,Troy Melton,Will Warren,NYY,0.5215747493262565,0.4784252506737435,2026-07-01T17:35:00Z,,,,,,,,,,,v2:logistic:through_2025-09-28,DET,2,6,Final,0.0
2026-07-01,823767,CIN,MIL,Andrew Abbott,Shane Drohan,MIL,0.6019445645871382,0.3980554354128618,2026-07-02T00:10:00Z,,,,,,,,,,,v2:logistic:through_2025-09-28,MIL,4,2,Final,1.0
2026-07-01,824094,TB,KC,Shane McClanahan,Seth Lugo,TB,0.4079853747008329,0.592014625299167,2026-07-01T23:40:00Z,,,,,,,,,,,v2:logistic:through_2025-09-28,TB,0,4,Final,1.0
2026-07-01,824174,MIN,HOU,Taj Bradley,Tatsuya Imai,HOU,0.5484277994315825,0.4515722005684175,2026-07-02T00:10:00Z,,,,,,,,,,,v2:logistic:through_2025-09-28,MIN,3,8,Final,0.0
2026-07-01,824337,MIA,COL,Max Meyer,Kyle Freeland,MIA,0.4283440489607316,0.5716559510392685,2026-07-02T00:40:00Z,,,,,,,,,,,v2:logistic:through_2025-09-28,COL,6,3,Final,0.0
2026-07-01,824419,TEX,CLE,MacKenzie Gore,Joey Cantillo,TEX,0.4845716038604366,0.5154283961395634,2026-07-01T17:10:00Z,,,,,,,,,,,v2:logistic:through_2025-09-28,CLE,9,4,Final,0.0
2026-07-01,824660,SD,CHC,Walker Buehler,Colin Rea,CHC,0.5336165413288689,0.466383458671131,2026-07-01T18:20:00Z,,,,,,,,,,,v2:logistic:through_2025-09-28,CHC,23,3,Final,1.0
2026-07-01,824740,WSH,BOS,Brad Lord,Payton Tolle,BOS,0.5651843355971945,0.4348156644028055,2026-07-01T17:35:00Z,,,,,,,,,,,v2:logistic:through_2025-09-28,WSH,2,10,Final,0.0
2026-07-01,824818,CWS,BAL,Noah Schultz,Dean Kremer,BAL,0.5359171535252878,0.4640828464747122,2026-07-01T16:35:00Z,,,,,,,,,,,v2:logistic:through_2025-09-28,BAL,6,1,Final,1.0
2026-07-01,824905,STL,ATL,Michael McGreevy,Reynaldo López,ATL,0.557788263970809,0.4422117360291909,2026-07-01T23:15:00Z,,,,,,,,,,,v2:logistic:through_2025-09-28,ATL,5,1,Final,1.0
2026-07-01,824985,LAD,ATH,,J.T. Ginn,LAD,0.4258509782682886,0.5741490217317113,2026-07-02T01:40:00Z,,,,,,,,,,,v2:logistic:through_2025-09-28,ATH,7,1,Final,0.0
2026-07-01,825064,SF,AZ,Trevor McDonald,Zac Gallen,AZ,0.5346580815426868,0.4653419184573132,2026-07-02T01:40:00Z,,,,,,,,,,,v2:logistic:through_2025-09-28,SF,4,6,Final,0.0
2026-07-02,822884,DET,TEX,Framber Valdez,Nathan Eovaldi,TEX,0.5502399100347082,0.4497600899652918,2026-07-03T00:05:00Z,,,,,,,,,,,v2:logistic:through_2025-09-28,TEX,10,4,Final,1.0
2026-07-02,823119,LAA,SEA,Walbert Ureña,Bryce Miller,SEA,0.5593422084853864,0.4406577915146136,2026-07-03T01:40:00Z,,,,,,,,,,,v2:logistic:through_2025-09-28,SEA,1,0,Final,1.0
2026-07-02,823442,PIT,PHI,Jared Jones,Alan Rangel,PHI,0.531594704490934,0.4684052955090659,2026-07-02T16:35:00Z,,,,,,,,,,,v2:logistic:through_2025-09-28,PIT,1,6,Final,0.0
2026-07-02,823765,CIN,MIL,Chase Burns,Jacob Misiorowski,MIL,0.631420362019715,0.368579637980285,2026-07-02T18:10:00Z,,,,,,,,,,,v2:logistic:through_2025-09-28,CIN,2,7,Final,0.0
2026-07-02,823935,SD,LAD,Randy Vásquez,Roki Sasaki,LAD,0.6214689508109565,0.3785310491890434,2026-07-03T02:10:00Z,,,,,,,,,,,v2:logistic:through_2025-09-28,LAD,12,7,Final,1.0
2026-07-02,824093,TB,KC,Ian Seymour,Stephen Kolek,TB,0.3878627339071126,0.6121372660928874,2026-07-02T23:40:00Z,,,,,,,,,,,v2:logistic:through_2025-09-28,TB,2,5,Final,1.0
2026-07-02,824335,MIA,COL,Ryan Gusto,Michael Lorenzen,MIA,0.4691122783612054,0.5308877216387946,2026-07-02T19:10:00Z,,,,,,,,,,,v2:logistic:through_2025-09-28,COL,14,4,Final,0.0
2026-07-02,824416,CWS,CLE,Davis Martin,Slade Cecconi,CWS,0.4726812176229139,0.5273187823770861,2026-07-02T22:40:00Z,,,,,,,,,,,v2:logistic:through_2025-09-28,CLE,6,5,Final,0.0
2026-07-02,824906,STL,ATL,Dustin May,Hurston Waldrep,ATL,0.5581639116496518,0.4418360883503481,2026-07-02T23:15:00Z,,,,,,,,,,,v2:logistic:through_2025-09-28,STL,5,11,Final,0.0
2026-07-03,822714,PIT,WSH,Mitch Keller,Foster Griffin,WSH,0.535836195525338,0.464163804474662,2026-07-03T22:45:00Z,,,,,,,,,,,v2:logistic:through_2025-09-28,WSH,9,5,Final,1.0
2026-07-03,823120,TOR,SEA,Dylan Cease,Luis Castillo,SEA,0.5117378197183464,0.4882621802816536,2026-07-04T02:10:00Z,,,,,,,,,,,v2:logistic:through_2025-09-28,TOR,0,2,Final,0.0
2026-07-03,823527,MIN,NYY,Mike Paredes,Gerrit Cole,NYY,0.5599538534094675,0.4400461465905325,2026-07-03T23:05:00Z,,,,,,,,,,,v2:logistic:through_2025-09-28,NYY,5,2,Final,1.0
2026-07-03,823933,SD,LAD,Michael King,Shohei Ohtani,LAD,0.6399623414912029,0.3600376585087971,2026-07-04T02:10:00Z,,,,,,,,,,,v2:logistic:through_2025-09-28,LAD,4,3,Final,1.0
2026-07-03,824013,BOS,LAA,Jake Bennett,Reid Detmers,LAA,0.5342577906727881,0.4657422093272119,2026-07-04T01:38:00Z,,,,,,,,,,,v2:logistic:through_2025-09-28,BOS,2,5,Final,0.0
2026-07-03,824173,TB,HOU,Nick Martinez,Spencer Arrighetti,TB,0.4663077906608918,0.5336922093391082,2026-07-04T00:15:00Z,,,,,,,,,,,v2:logistic:through_2025-09-28,TB,1,3,Final,1.0
2026-07-03,824336,SF,COL,Logan Webb,Ryan Feltner,COL,0.5044362039888726,0.4955637960111274,2026-07-04T00:10:00Z,,,,,,,,,,,v2:logistic:through_2025-09-28,COL,15,3,Final,1.0
2026-07-03,824417,CWS,CLE,Anthony Kay,Gavin Williams,CLE,0.5097080447902154,0.4902919552097846,2026-07-03T23:10:00Z,,,,,,,,,,,v2:logistic:through_2025-09-28,CLE,4,3,Final,1.0
2026-07-03,824498,BAL,CIN,Trevor Rogers,Brady Singer,CIN,0.5029056304340581,0.4970943695659419,2026-07-03T23:10:00Z,,,,,,,,,,,v2:logistic:through_2025-09-28,BAL,0,3,Final,0.0
2026-07-03,824659,STL,CHC,Andre Pallante,David Peterson,CHC,0.5578588021876589,0.442141197812341,2026-07-03T20:05:00Z,,,,,,,,,,,v2:logistic:through_2025-09-28,STL,1,17,Final,0.0
2026-07-03,824904,NYM,ATL,Christian Scott,Grant Holmes,ATL,0.5438730055988324,0.4561269944011675,2026-07-03T23:15:00Z,,,,,,,,,,,v2:logistic:through_2025-09-28,ATL,5,3,Final,1.0
2026-07-03,824982,MIA,ATH,Tyler Phillips,Jack Perkins,ATH,0.5001537990434541,0.4998462009565458,2026-07-04T01:40:00Z,,,,,,,,,,,v2:logistic:through_2025-09-28,MIA,5,12,Final,0.0
2026-07-03,825062,MIL,AZ,Kyle Harrison,Jose Cabrera,MIL,0.4770935944415509,0.522906405558449,2026-07-04T01:45:00Z,,,,,,,,,,,v2:logistic:through_2025-09-28,MIL,4,7,Final,1.0
2026-07-04,822716,PIT,WSH,Braxton Ashcraft,Carson Palmquist,PIT,0.4875166084913914,0.5124833915086087,2026-07-04T15:05:00Z,,,,,,,,,,,v2:logistic:through_2025-09-28,PIT,1,7,Final,1.0
2026-07-04,822882,DET,TEX,Jack Flaherty,Cal Quantrill,TEX,0.5183471932599705,0.4816528067400295,2026-07-04T20:05:00Z,,,,,,,,,,,v2:logistic:through_2025-09-28,DET,0,3,Final,0.0
2026-07-04,823118,TOR,SEA,Shane Bieber,Logan Gilbert,SEA,0.5619040840672908,0.4380959159327092,2026-07-04T20:10:00Z,,,,,,,,,,,v2:logistic:through_2025-09-28,SEA,11,0,Final,1.0
2026-07-04,823526,MIN,NYY,Zebby Matthews,Brendan Beck,NYY,0.5553545949205003,0.4446454050794997,2026-07-04T17:35:00Z,,,,,,,,,,,v2:logistic:through_2025-09-28,MIN,4,11,Final,0.0
2026-07-04,823932,SD,LAD,Wandy Peralta,Yoshinobu Yamamoto,LAD,0.5943586295825388,0.4056413704174612,2026-07-05T02:10:00Z,,,,,,,,,,,v2:logistic:through_2025-09-28,LAD,3,0,Final,1.0
2026-07-04,824012,BOS,LAA,Sonny Gray,Sam Aldegheri,BOS,0.4907708982988083,0.5092291017011916,2026-07-05T01:38:00Z,,,,,,,,,,,v2:logistic:through_2025-09-28,BOS,1,8,Final,1.0
2026-07-04,824092,PHI,KC,Jesús Luzardo,Michael Wacha,PHI,0.4587426888229491,0.5412573111770509,2026-07-05T00:10:00Z,,,,,,,,,,,v2:logistic:through_2025-09-28,PHI,1,6,Final,1.0
2026-07-04,824171,TB,HOU,Drew Rasmussen,Hunter Brown,TB,0.4489338966867948,0.5510661033132052,2026-07-04T23:10:00Z,,,,,,,,,,,v2:logistic:through_2025-09-28,HOU,10,8,Final,0.0
2026-07-04,824334,SF,COL,Robbie Ray,Sean Sullivan,COL,0.544925881202639,0.455074118797361,2026-07-05T00:10:00Z,,,,,,,,,,,v2:logistic:through_2025-09-28,SF,4,6,Final,0.0
2026-07-04,824415,CWS,CLE,Sean Burke,Parker Messick,CLE,0.5160950406848606,0.4839049593151394,2026-07-04T23:10:00Z,,,,,,,,,,,v2:logistic:through_2025-09-28,CWS,1,3,Final,0.0
2026-07-04,824499,BAL,CIN,Brandon Young,Hunter Greene,CIN,0.5253694895640829,0.4746305104359171,2026-07-04T23:10:00Z,,,,,,,,,,,v2:logistic:through_2025-09-28,BAL,5,8,Final,0.0
2026-07-04,824658,STL,CHC,Kyle Leahy,Shota Imanaga,CHC,0.5447335902972744,0.4552664097027256,2026-07-05T00:08:00Z,,,,,,,,,,,v2:logistic:through_2025-09-28,STL,0,3,Final,0.0
2026-07-04,824903,NYM,ATL,Sean Manaea,Chris Sale,ATL,0.5795080327833957,0.4204919672166043,2026-07-05T00:08:00Z,,,,,,,,,,,v2:logistic:through_2025-09-28,ATL,14,3,Final,1.0
2026-07-04,824983,MIA,ATH,Sandy Alcantara,Aaron Civale,MIA,0.4590112096795243,0.5409887903204758,2026-07-05T01:40:00Z,,,,,,,,,,,v2:logistic:through_2025-09-28,MIA,2,7,Final,1.0
2026-07-04,825063,MIL,AZ,Brandon Woodruff,Merrill Kelly,MIL,0.4499481049409459,0.550051895059054,2026-07-05T01:40:00Z,,,,,,,,,,,v2:logistic:through_2025-09-28,AZ,4,3,Final,0.0
2026-07-05,822715,PIT,WSH,Bubba Chandler,Cade Cavalli,WSH,0.5491872611535208,0.4508127388464792,2026-07-05T17:00:00Z,,,,,,,,,,,v2:logistic:through_2025-09-28,PIT,5,11,Final,0.0
2026-07-05,822879,DET,TEX,Casey Mize,Kumar Rocker,TEX,0.5051318963869196,0.4948681036130804,2026-07-05T19:30:00Z,,,,,,,,,,,v2:logistic:through_2025-09-28,DET,3,6,Final,0.0
2026-07-05,823117,TOR,SEA,Trey Yesavage,Emerson Hancock,SEA,0.5634097201145625,0.4365902798854375,2026-07-05T21:00:00Z,,,,,,,,,,,v2:logistic:through_2025-09-28,SEA,4,0,Final,1.0
2026-07-05,823525,MIN,NYY,Joe Ryan,Ryan Weathers,NYY,0.5315819838891627,0.4684180161108373,2026-07-05T17:35:00Z,,,,,,,,,,,v2:logistic:through_2025-09-28,MIN,1,6,Final,0.0
2026-07-05,823931,SD,LAD,JP Sears,Emmet Sheehan,LAD,0.6496369125046411,0.3503630874953589,2026-07-05T23:20:00Z,,,,,,,,,,,v2:logistic:through_2025-09-28,SD,2,5,Final,0.0
2026-07-05,824010,BOS,LAA,Ranger Suarez,Ryan Johnson,BOS,0.4929861678375806,0.5070138321624194,2026-07-06T01:30:00Z,,,,,,,,,,,v2:logistic:through_2025-09-28,BOS,5,7,Final,1.0
2026-07-05,824091,PHI,KC,Aaron Nola,Luinder Avila,PHI,0.43343946841774,0.5665605315822599,2026-07-05T19:00:00Z,,,,,,,,,,,v2:logistic:through_2025-09-28,KC,5,2,Final,0.0
2026-07-05,824172,TB,HOU,Mason Englert,Peter Lambert,TB,0.4629694428610007,0.5370305571389993,2026-07-05T19:30:00Z,,,,,,,,,,,v2:logistic:through_2025-09-28,HOU,2,0,Final,0.0
2026-07-05,824333,SF,COL,Tyler Mahle,Tanner Gordon,COL,0.5562843015915778,0.4437156984084222,2026-07-05T20:00:00Z,,,,,,,,,,,v2:logistic:through_2025-09-28,COL,7,6,Final,1.0
2026-07-05,824413,CWS,CLE,Chris Murphy,Tanner Bibee,CWS,0.4189003541128024,0.5810996458871975,2026-07-05T18:00:00Z,,,,,,,,,,,v2:logistic:through_2025-09-28,CWS,6,7,Final,1.0
2026-07-05,824497,BAL,CIN,Kyle Bradish,Nick Lodolo,CIN,0.5155086798486141,0.4844913201513858,2026-07-05T17:05:00Z,,,,,,,,,,,v2:logistic:through_2025-09-28,CIN,3,2,Final,1.0
2026-07-05,824656,STL,CHC,Matthew Liberatore,Javier Assad,CHC,0.5341128768828547,0.4658871231171453,2026-07-05T18:30:00Z,,,,,,,,,,,v2:logistic:through_2025-09-28,CHC,6,4,Final,1.0
2026-07-05,824902,NYM,ATL,Nolan McLean,Martín Pérez,ATL,0.574489105358046,0.425510894641954,2026-07-05T16:30:00Z,,,,,,,,,,,v2:logistic:through_2025-09-28,NYM,9,10,Final,0.0
2026-07-05,824980,MIA,ATH,Eury Pérez,Gage Jump,MIA,0.4802136339304712,0.5197863660695288,2026-07-05T20:30:00Z,,,,,,,,,,,v2:logistic:through_2025-09-28,MIA,8,9,Final,1.0
2026-07-05,825061,MIL,AZ,Brandon Sproat,Eduardo Rodriguez,MIL,0.4727642439727861,0.5272357560272138,2026-07-05T20:00:00Z,,,,,,,,,,,v2:logistic:through_2025-09-28,MIL,2,3,Final,1.0
2026-07-06,822712,HOU,WSH,Mike Burrows,Miles Mikolas,WSH,0.527664206929611,0.472335793070389,2026-07-06T22:45:00Z,,,,,,,,,,,v2:logistic:through_2025-09-28,WSH,12,11,Final,1.0
2026-07-06,822958,NYY,TB,Cam Schlittler,Griffin Jax,TB,0.5805579277974534,0.4194420722025466,2026-07-06T22:40:00Z,,,,,,,,,,,v2:logistic:through_2025-09-28,NYY,1,5,Final,0.0
2026-07-06,823036,MIL,STL,Shane Drohan,Dustin May,STL,0.5146484482380719,0.4853515517619281,2026-07-06T23:45:00Z,,,,,,,,,,,v2:logistic:through_2025-09-28,MIL,3,4,Final,0.0
2026-07-06,823205,TOR,SF,Kevin Gausman,Landen Roupp,SF,0.5347615361625219,0.4652384638374781,2026-07-07T01:45:00Z,,,,,,,,,,,v2:logistic:through_2025-09-28,SF,10,1,Final,1.0
2026-07-06,823282,AZ,SD,Brandon Pfaadt,Walker Buehler,SD,0.5121586226618882,0.4878413773381118,2026-07-07T01:40:00Z,,,,,,,,,,,v2:logistic:through_2025-09-28,AZ,0,8,Final,0.0
2026-07-06,823930,COL,LAD,Kyle Freeland,Eric Lauer,LAD,0.5769659936656333,0.4230340063343667,2026-07-07T02:10:00Z,,,,,,,,,,,v2:logistic:through_2025-09-28,LAD,8,7,Final,1.0
2026-07-06,824089,PHI,KC,Cristopher Sánchez,Noah Cameron,PHI,0.4323797669585386,0.5676202330414614,2026-07-06T18:10:00Z,,,,,,,,,,,v2:logistic:through_2025-09-28,KC,15,1,Final,0.0
2026-07-06,824900,NYM,ATL,Freddy Peralta,Reynaldo López,ATL,0.587649082579753,0.412350917420247,2026-07-06T23:15:00Z,,,,,,,,,,,v2:logistic:through_2025-09-28,NYM,6,7,Final,0.0
2026-07-07,822713,HOU,WSH,Tatsuya Imai,Andrew Alvarez,WSH,0.5505234149253977,0.4494765850746023,2026-07-07T22:45:00Z,,,,,,,,,,,v2:logistic:through_2025-09-28,HOU,3,6,Final,0.0
2026-07-07,822881,LAA,TEX,José Soriano,Jacob deGrom,TEX,0.5871732568341939,0.4128267431658061,2026-07-08T00:05:00Z,,,,,,,,,,,v2:logistic:through_2025-09-28,TEX,8,3,Final,1.0
2026-07-07,822956,NYY,TB,Will Warren,Ian Seymour,TB,0.6140648805114527,0.3859351194885473,2026-07-07T22:40:00Z,,,,,,,,,,,v2:logistic:through_2025-09-28,TB,6,4,Final,1.0
2026-07-07,823035,MIL,STL,Robert Gasser,Hunter Dobbins,STL,0.5080181402787912,0.4919818597212088,2026-07-07T23:45:00Z,,,,,,,,,,,v2:logistic:through_2025-09-28,MIL,2,10,Final,0.0
2026-07-07,823062,MIL,STL,Jacob Misiorowski,Matt Svanson,MIL,0.4905764550845199,0.50942354491548,2026-07-07T18:15:00Z,,,,,,,,,,,v2:logistic:through_2025-09-28,MIL,3,4,Final,1.0
2026-07-07,823203,TOR,SF,Spencer Miles,Trevor McDonald,SF,0.5695794293370867,0.4304205706629133,2026-07-08T01:45:00Z,,,,,,,,,,,v2:logistic:through_2025-09-28,TOR,3,9,Final,0.0
2026-07-07,823280,AZ,SD,Zac Gallen,Germán Márquez,AZ,0.4810411410268153,0.5189588589731846,2026-07-08T01:40:00Z,,,,,,,,,,,v2:logistic:through_2025-09-28,SD,4,1,Final,0.0
2026-07-07,823361,ATL,PIT,Hurston Waldrep,Paul Skenes,PIT,0.5327951169611762,0.4672048830388238,2026-07-07T22:40:00Z,,,,,,,,,,,v2:logistic:through_2025-09-28,PIT,12,4,Final,1.0
2026-07-07,823607,KC,NYM,Seth Lugo,Cionel Pérez,NYM,0.6834023007076074,0.3165976992923925,2026-07-07T23:10:00Z,,,,,,,,,,,v2:logistic:through_2025-09-28,KC,12,16,Final,0.0
2026-07-07,823687,CLE,MIN,Joey Cantillo,Taj Bradley,MIN,0.5524565243391306,0.4475434756608694,2026-07-07T23:40:00Z,,,,,,,,,,,v2:logistic:through_2025-09-28,MIN,3,1,Final,1.0
2026-07-07,823847,SEA,MIA,Bryan Woo,Max Meyer,MIA,0.5599410141439327,0.4400589858560673,2026-07-07T22:40:00Z,,,,,,,,,,,v2:logistic:through_2025-09-28,MIA,6,5,Final,1.0
2026-07-07,823929,COL,LAD,Michael Lorenzen,Justin Wrobleski,LAD,0.6128227314572708,0.3871772685427291,2026-07-08T02:10:00Z,,,,,,,,,,,v2:logistic:through_2025-09-28,COL,3,4,Final,0.0
2026-07-07,824254,ATH,DET,J.T. Ginn,Tarik Skubal,DET,0.6082578352826824,0.3917421647173176,2026-07-07T22:40:00Z,,,,,,,,,,,v2:logistic:through_2025-09-28,DET,6,2,Final,1.0
2026-07-07,824495,PHI,CIN,Zack Wheeler,Andrew Abbott,PHI,0.4935238834382245,0.5064761165617755,2026-07-07T23:10:00Z,,,,,,,,,,,v2:logistic:through_2025-09-28,PHI,1,4,Final,1.0
2026-07-07,824579,BOS,CWS,Payton Tolle,Noah Schultz,CWS,0.5522055152159514,0.4477944847840486,2026-07-07T23:40:00Z,,,,,,,,,,,v2:logistic:through_2025-09-28,BOS,1,8,Final,0.0
2026-07-07,824820,CHC,BAL,Matthew Boyd,Shane Baz,BAL,0.5051895726671245,0.4948104273328755,2026-07-07T22:35:00Z,,,,,,,,,,,v2:logistic:through_2025-09-28,CHC,2,5,Final,0.0
2026-07-08,822710,HOU,WSH,Spencer Arrighetti,Foster Griffin,WSH,0.5485636890669038,0.4514363109330962,2026-07-08T22:45:00Z,,,,,,,,,,,v2:logistic:through_2025-09-28,WSH,8,2,Final,1.0
2026-07-08,822880,LAA,TEX,Walbert Ureña,MacKenzie Gore,TEX,0.5849090160159585,0.4150909839840415,2026-07-09T00:05:00Z,,,,,,,,,,,v2:logistic:through_2025-09-28,LAA,1,13,Final,0.0
2026-07-08,822957,NYY,TB,Gerrit Cole,Shane McClanahan,TB,0.5864330037724601,0.4135669962275399,2026-07-08T22:40:00Z,,,,,,,,,,,v2:logistic:through_2025-09-28,TB,3,0,Final,1.0
2026-07-08,823032,MIL,STL,Kyle Harrison,Michael McGreevy,MIL,0.4561402402518857,0.5438597597481143,2026-07-08T23:45:00Z,,,,,,,,,,,v2:logistic:through_2025-09-28,STL,5,1,Final,0.0
2026-07-08,823202,TOR,SF,Dylan Cease,Logan Webb,SF,0.5142334925669115,0.4857665074330884,2026-07-08T19:45:00Z,,,,,,,,,,,v2:logistic:through_2025-09-28,TOR,0,10,Final,0.0
2026-07-08,823279,AZ,SD,Jose Cabrera,Michael King,SD,0.5062563687197565,0.4937436312802434,2026-07-09T02:10:00Z,,,,,,,,,,,v2:logistic:through_2025-09-28,SD,10,4,Final,1.0
2026-07-08,823360,ATL,PIT,Grant Holmes,Jared Jones,PIT,0.5492978614017299,0.4507021385982701,2026-07-08T22:40:00Z,,,,,,,,,,,v2:logistic:through_2025-09-28,ATL,0,3,Final,0.0
2026-07-08,823605,KC,NYM,Steven Cruz,Christian Scott,KC,0.49331790066593,0.5066820993340699,2026-07-08T23:10:00Z,,,,,,,,,,,v2:logistic:through_2025-09-28,NYM,6,2,Final,0.0
2026-07-08,823684,CLE,MIN,Slade Cecconi,Connor Prielipp,MIN,0.5624074677376364,0.4375925322623636,2026-07-08T23:40:00Z,,,,,,,,,,,v2:logistic:through_2025-09-28,MIN,6,5,Final,1.0
2026-07-08,823848,SEA,MIA,George Kirby,Tyler Phillips,MIA,0.5454443741464968,0.4545556258535032,2026-07-08T22:40:00Z,,,,,,,,,,,v2:logistic:through_2025-09-28,MIA,2,0,Final,1.0
2026-07-08,823928,COL,LAD,Gabriel Hughes,Roki Sasaki,LAD,0.5939241077239537,0.4060758922760463,2026-07-09T02:10:00Z,,,,,,,,,,,v2:logistic:through_2025-09-28,LAD,4,3,Final,1.0
2026-07-08,824253,ATH,DET,Jeffrey Springs,Troy Melton,DET,0.6075835776374287,0.3924164223625713,2026-07-08T22:40:00Z,,,,,,,,,,,v2:logistic:through_2025-09-28,DET,6,1,Final,1.0
2026-07-08,824496,PHI,CIN,Alan Rangel,Chase Burns,CIN,0.5521234207459286,0.4478765792540714,2026-07-08T23:10:00Z,,,,,,,,,,,v2:logistic:through_2025-09-28,CIN,11,5,Final,1.0
2026-07-08,824578,BOS,CWS,Jake Bennett,Davis Martin,CWS,0.5437536388256576,0.4562463611743423,2026-07-08T23:40:00Z,,,,,,,,,,,v2:logistic:through_2025-09-28,BOS,0,5,Final,0.0
2026-07-08,824815,CHC,BAL,Colin Rea,Dean Kremer,BAL,0.5323161349337666,0.4676838650662334,2026-07-08T22:35:00Z,,,,,,,,,,,v2:logistic:through_2025-09-28,CHC,7,9,Final,0.0
2026-07-09,822877,LAA,TEX,Reid Detmers,Nathan Eovaldi,TEX,0.543671558184976,0.4563284418150239,2026-07-10T00:05:00Z,,,,,,,,,,,v2:logistic:through_2025-09-28,TEX,7,6,Final,1.0
2026-07-09,822954,NYY,TB,Paul Blackburn,Drew Rasmussen,TB,0.6549788098385205,0.3450211901614795,2026-07-09T17:10:00Z,,,,,,,,,,,v2:logistic:through_2025-09-28,NYY,4,12,Final,0.0
2026-07-09,823034,MIL,STL,Logan Henderson,Andre Pallante,MIL,0.4576299487905755,0.5423700512094245,2026-07-09T23:45:00Z,,,,,,,,,,,v2:logistic:through_2025-09-28,MIL,4,8,Final,1.0
2026-07-09,823201,COL,SF,Ryan Feltner,Carson Whisenhunt,COL,0.4945316001975173,0.5054683998024827,2026-07-10T01:45:00Z,,,,,,,,,,,v2:logistic:through_2025-09-28,SF,8,2,Final,0.0
2026-07-09,823277,AZ,SD,Merrill Kelly,Griffin Canning,SD,0.5160456228211063,0.4839543771788936,2026-07-10T01:40:00Z,,,,,,,,,,,v2:logistic:through_2025-09-28,AZ,1,3,Final,0.0
2026-07-09,823359,ATL,PIT,Bryce Elder,Mitch Keller,PIT,0.5159237002202773,0.4840762997797226,2026-07-09T16:35:00Z,,,,,,,,,,,v2:logistic:through_2025-09-28,ATL,5,10,Final,0.0
2026-07-09,823606,KC,NYM,Michael Wacha,Sean Manaea,NYM,0.5510005679397053,0.4489994320602947,2026-07-09T17:10:00Z,,,,,,,,,,,v2:logistic:through_2025-09-28,NYM,7,3,Final,1.0
2026-07-09,823683,CLE,MIN,Gavin Williams,Bailey Ober,MIN,0.5338496995994688,0.4661503004005312,2026-07-09T17:40:00Z,,,,,,,,,,,v2:logistic:through_2025-09-28,CLE,2,5,Final,0.0
2026-07-09,823846,SEA,MIA,Bryce Miller,Janson Junk,MIA,0.5427235714535434,0.4572764285464565,2026-07-09T22:40:00Z,,,,,,,,,,,v2:logistic:through_2025-09-28,MIA,8,4,Final,1.0
2026-07-09,824251,ATH,DET,José Suarez,Framber Valdez,DET,0.573886289286825,0.426113710713175,2026-07-09T22:40:00Z,,,,,,,,,,,v2:logistic:through_2025-09-28,DET,4,1,Final,1.0
2026-07-09,824494,PHI,CIN,Jesús Luzardo,Brady Singer,PHI,0.4937710476907433,0.5062289523092567,2026-07-09T23:10:00Z,,,,,,,,,,,v2:logistic:through_2025-09-28,PHI,0,1,Final,1.0
2026-07-09,824577,BOS,CWS,Patrick Sandoval,Anthony Kay,CWS,0.5382980384149175,0.4617019615850825,2026-07-09T18:10:00Z,,,,,,,,,,,v2:logistic:through_2025-09-28,BOS,1,2,Final,0.0
2026-07-09,824816,CHC,BAL,David Peterson,Trevor Rogers,CHC,0.4992592394917987,0.5007407605082013,2026-07-09T17:35:00Z,,,,,,,,,,,v2:logistic:through_2025-09-28,BAL,3,2,Final,0.0
2026-07-10,822709,NYY,WSH,Ryan Weathers,Carson Palmquist,WSH,0.5320568772143459,0.4679431227856541,2026-07-10T22:45:00Z,,,,,,,,,,,v2:logistic:through_2025-09-28,NYY,3.0,5.0,Final,0.0
2026-07-10,822878,HOU,TEX,Hunter Brown,Cal Quantrill,TEX,0.5164563318947021,0.4835436681052979,2026-07-11T00:05:00Z,,,,,,,,,,,v2:logistic:through_2025-09-28,TEX,7.0,3.0,Final,1.0
2026-07-10,822955,SEA,TB,Luis Castillo,Nick Martinez,TB,0.5746864140516249,0.4253135859483751,2026-07-10T23:10:00Z,,,,,,,,,,,v2:logistic:through_2025-09-28,TB,7.0,2.0,Final,1.0
2026-07-10,823033,ATL,STL,Chris Sale,Kyle Leahy,ATL,0.4869085587167401,0.5130914412832599,2026-07-11T00:15:00Z,,,,,,,,,,,v2:logistic:through_2025-09-28,STL,2.0,1.0,Final,0.0
2026-07-10,823200,COL,SF,Tanner Gordon,Robbie Ray,SF,0.5218807855752972,0.4781192144247028,2026-07-11T02:15:00Z,,,,,,,,,,,v2:logistic:through_2025-09-28,COL,3.0,4.0,Final,0.0
2026-07-10,823278,TOR,SD,Shane Bieber,JP Sears,SD,0.5177142036478181,0.4822857963521819,2026-07-11T01:40:00Z,,,,,,,,,,,v2:logistic:through_2025-09-28,TOR,3.0,5.0,Final,0.0
2026-07-10,823604,BOS,NYM,Sonny Gray,Nolan McLean,BOS,0.4981113675744357,0.5018886324255643,2026-07-10T23:15:00Z,,,,,,,,,,,v2:logistic:through_2025-09-28,BOS,2.0,6.0,Final,1.0
2026-07-10,823685,LAA,MIN,Grayson Rodriguez,Zebby Matthews,MIN,0.5505469803421268,0.4494530196578732,2026-07-11T00:10:00Z,,,,,,,,,,,v2:logistic:through_2025-09-28,LAA,3.0,4.0,Final,0.0
2026-07-10,823845,CLE,MIA,Parker Messick,Sandy Alcantara,MIA,0.5953296650063256,0.4046703349936744,2026-07-10T23:10:00Z,,,,,,,,,,,v2:logistic:through_2025-09-28,CLE,2.0,3.0,Final,0.0
2026-07-10,823927,AZ,LAD,Eduardo Rodriguez,Kyle Hurt,LAD,0.5812321131135312,0.4187678868864688,2026-07-11T02:10:00Z,,,,,,,,,,,v2:logistic:through_2025-09-28,AZ,3.0,9.0,Final,0.0
2026-07-10,824252,PHI,DET,Aaron Nola,Jack Flaherty,DET,0.5722348930022015,0.4277651069977984,2026-07-10T22:40:00Z,,,,,,,,,,,v2:logistic:through_2025-09-28,DET,10.0,2.0,Final,1.0
2026-07-10,824493,CHC,CIN,Shota Imanaga,Hunter Greene,CHC,0.4885225133735983,0.5114774866264016,2026-07-10T23:10:00Z,,,,,,,,,,,v2:logistic:through_2025-09-28,CIN,4.0,0.0,Final,0.0
2026-07-10,824575,ATH,CWS,Jacob Lopez,Sean Burke,CWS,0.6268856354095891,0.3731143645904109,2026-07-10T23:40:00Z,,,,,,,,,,,v2:logistic:through_2025-09-28,CWS,14.0,1.0,Final,1.0
2026-07-10,824817,KC,BAL,Luinder Avila,Brandon Young,BAL,0.5788724747703731,0.4211275252296269,2026-07-10T23:05:00Z,,,,,,,,,,,v2:logistic:through_2025-09-28,BAL,5.0,3.0,Final,1.0
2026-07-11,822711,NYY,WSH,Cam Schlittler,PJ Poulin,WSH,0.5036103028078178,0.4963896971921822,2026-07-11T20:05:00Z,,,,,,,,,,,v2:logistic:through_2025-09-28,NYY,2,4,Final,0.0
2026-07-11,822875,HOU,TEX,Peter Lambert,Kumar Rocker,TEX,0.5341407563931341,0.4658592436068659,2026-07-11T23:05:00Z,,,,,,,,,,,v2:logistic:through_2025-09-28,HOU,3,9,Final,0.0
2026-07-11,822953,SEA,TB,Logan Gilbert,Griffin Jax,TB,0.5676396555213622,0.4323603444786378,2026-07-11T20:10:00Z,,,,,,,,,,,v2:logistic:through_2025-09-28,TB,6,1,Final,1.0
2026-07-11,823030,ATL,STL,Reynaldo López,Matthew Liberatore,STL,0.5170125256288745,0.4829874743711255,2026-07-11T23:15:00Z,,,,,,,,,,,v2:logistic:through_2025-09-28,STL,4,1,Final,1.0
2026-07-11,823198,COL,SF,Kyle Freeland,Tyler Mahle,SF,0.5403358479326618,0.4596641520673382,2026-07-11T20:05:00Z,,,,,,,,,,,v2:logistic:through_2025-09-28,SF,4,2,Final,1.0
2026-07-11,823276,TOR,SD,Trey Yesavage,Walker Buehler,TOR,0.4957609910579668,0.5042390089420332,2026-07-12T00:40:00Z,,,,,,,,,,,v2:logistic:through_2025-09-28,SD,8,7,Final,0.0
2026-07-11,823356,MIL,PIT,Shane Drohan,Bubba Chandler,MIL,0.4816907130365038,0.5183092869634962,2026-07-11T20:05:00Z,,,,,,,,,,,v2:logistic:through_2025-09-28,PIT,3,2,Final,0.0
2026-07-11,823357,MIL,PIT,Brandon Sproat,Braxton Ashcraft,PIT,0.5062427391244803,0.4937572608755197,2026-07-11T16:05:00Z,,,,,,,,,,,v2:logistic:through_2025-09-28,PIT,7,6,Final,1.0
2026-07-11,823603,BOS,NYM,Eduardo Rivera,Freddy Peralta,BOS,0.4975270653928266,0.5024729346071733,2026-07-11T20:10:00Z,,,,,,,,,,,v2:logistic:through_2025-09-28,BOS,0,4,Final,1.0
2026-07-11,823682,LAA,MIN,Ryan Johnson,Joe Ryan,MIN,0.5826863239343287,0.4173136760656712,2026-07-11T18:10:00Z,,,,,,,,,,,v2:logistic:through_2025-09-28,MIN,5,3,Final,1.0
2026-07-11,823844,CLE,MIA,Tanner Bibee,Eury Pérez,MIA,0.6126567942828948,0.3873432057171052,2026-07-11T20:10:00Z,,,,,,,,,,,v2:logistic:through_2025-09-28,CLE,1,4,Final,0.0
2026-07-11,823926,AZ,LAD,Brandon Pfaadt,Yoshinobu Yamamoto,LAD,0.5983201028235798,0.4016798971764201,2026-07-12T01:10:00Z,,,,,,,,,,,v2:logistic:through_2025-09-28,AZ,2,9,Final,0.0
2026-07-11,824249,PHI,DET,Cristopher Sánchez,Casey Mize,DET,0.5684511008275838,0.4315488991724162,2026-07-11T22:10:00Z,,,,,,,,,,,v2:logistic:through_2025-09-28,PHI,2,4,Final,0.0
2026-07-11,824492,CHC,CIN,Javier Assad,Nick Lodolo,CHC,0.4896094437307588,0.5103905562692412,2026-07-11T23:10:00Z,,,,,,,,,,,v2:logistic:through_2025-09-28,CHC,3,5,Final,1.0
2026-07-11,824576,ATH,CWS,Gage Jump,Bryan Hudson,CWS,0.6065156959492762,0.3934843040507237,2026-07-11T18:10:00Z,,,,,,,,,,,v2:logistic:through_2025-09-28,CWS,1,0,Final,1.0
2026-07-11,824813,KC,BAL,Noah Cameron,Kyle Bradish,BAL,0.5640117381795259,0.4359882618204741,2026-07-11T23:05:00Z,,,,,,,,,,,v2:logistic:through_2025-09-28,BAL,6,1,Final,1.0
2026-07-12,822708,NYY,WSH,Will Warren,Cade Cavalli,WSH,0.5447089154700693,0.4552910845299307,2026-07-12T17:35:00Z,,,,,,,,,,,v2:logistic:through_2025-09-28,NYY,3,5,Final,0.0
2026-07-12,822876,HOU,TEX,Cristian Javier,MacKenzie Gore,TEX,0.5706073287361676,0.4293926712638324,2026-07-12T18:35:00Z,,,,,,,,,,,v2:logistic:through_2025-09-28,TEX,6,5,Final,1.0
2026-07-12,822951,SEA,TB,Emerson Hancock,Ian Seymour,TB,0.6246953941981819,0.3753046058018181,2026-07-12T17:40:00Z,,,,,,,,,,,v2:logistic:through_2025-09-28,SEA,2,8,Final,0.0
2026-07-12,823029,ATL,STL,Danny Young,Dustin May,STL,0.5171194768191439,0.482880523180856,2026-07-12T18:15:00Z,,,,,,,,,,,v2:logistic:through_2025-09-28,ATL,3,4,Final,0.0
2026-07-12,823199,COL,SF,Michael Lorenzen,Trevor McDonald,SF,0.5424386738048912,0.4575613261951088,2026-07-12T20:05:00Z,,,,,,,,,,,v2:logistic:through_2025-09-28,SF,3,1,Final,1.0
2026-07-12,823274,TOR,SD,Kevin Gausman,Germán Márquez,TOR,0.4719047502748077,0.5280952497251923,2026-07-12T20:10:00Z,,,,,,,,,,,v2:logistic:through_2025-09-28,SD,5,4,Final,0.0
2026-07-12,823358,MIL,PIT,Robert Gasser,Paul Skenes,PIT,0.5138585218924928,0.4861414781075072,2026-07-12T16:15:00Z,,,,,,,,,,,v2:logistic:through_2025-09-28,PIT,14,5,Final,1.0
2026-07-12,823602,BOS,NYM,Payton Tolle,Zac Thornton,BOS,0.4962342936535994,0.5037657063464005,2026-07-12T17:40:00Z,,,,,,,,,,,v2:logistic:through_2025-09-28,BOS,2,3,Final,1.0
2026-07-12,823681,LAA,MIN,José Soriano,Taj Bradley,MIN,0.56996074245954,0.43003925754046,2026-07-12T18:10:00Z,,,,,,,,,,,v2:logistic:through_2025-09-28,MIN,4,2,Final,1.0
2026-07-12,823842,CLE,MIA,Joey Cantillo,Tyler Phillips,MIA,0.5705329538686366,0.4294670461313634,2026-07-12T17:40:00Z,,,,,,,,,,,v2:logistic:through_2025-09-28,CLE,2,5,Final,0.0
2026-07-12,823925,AZ,LAD,Mitch Bratt,Emmet Sheehan,LAD,0.5783096276716465,0.4216903723283535,2026-07-12T20:10:00Z,,,,,,,,,,,v2:logistic:through_2025-09-28,AZ,3,5,Final,0.0
2026-07-12,824250,PHI,DET,Zack Wheeler,Tarik Skubal,DET,0.580131400897371,0.4198685991026289,2026-07-12T17:40:00Z,,,,,,,,,,,v2:logistic:through_2025-09-28,PHI,0,5,Final,0.0
2026-07-12,824491,CHC,CIN,Matthew Boyd,Andrew Abbott,CHC,0.4622432955009003,0.5377567044990996,2026-07-12T17:40:00Z,,,,,,,,,,,v2:logistic:through_2025-09-28,CHC,4,8,Final,1.0
2026-07-12,824574,ATH,CWS,J.T. Ginn,Noah Schultz,CWS,0.5920130067418977,0.4079869932581023,2026-07-12T18:10:00Z,,,,,,,,,,,v2:logistic:through_2025-09-28,CWS,9,1,Final,1.0
2026-07-12,824814,KC,BAL,Seth Lugo,Shane Baz,BAL,0.5928638690080344,0.4071361309919655,2026-07-12T17:35:00Z,,,,,,,,,,,v2:logistic:through_2025-09-28,BAL,8,2,Final,1.0
2026-07-16,823440,NYM,PHI,Christian Scott,Aaron Nola,PHI,0.5361897066578518,0.4638102933421482,2026-07-16T22:10:00Z,,,,,,,,,,,v2:logistic:through_2025-09-28,NYM,1,4,Final,0.0
2026-07-17,822789,CWS,TOR,Anthony Kay,Spencer Miles,TOR,0.5081974273664884,0.4918025726335115,2026-07-17T23:15:00Z,,,,,,,,,,,v2:logistic:through_2025-09-28,CWS,4.0,12.0,Final,0.0
2026-07-17,823115,SF,SEA,Landen Roupp,Bryce Miller,SEA,0.5534889946960982,0.4465110053039017,2026-07-18T02:10:00Z,,,,,,,,,,,v2:logistic:through_2025-09-28,SF,0.0,7.0,Final,0.0
2026-07-17,823524,LAD,NYY,Roki Sasaki,Gerrit Cole,NYY,0.5219338465856141,0.4780661534143858,2026-07-17T23:05:00Z,,,,,,,,,,,v2:logistic:through_2025-09-28,LAD,1.0,2.0,Final,0.0
2026-07-17,823766,MIA,MIL,Sandy Alcantara,Logan Henderson,MIL,0.5686595934044322,0.4313404065955678,2026-07-17T23:40:00Z,,,,,,,,,,,v2:logistic:through_2025-09-28,MIL,2.0,1.0,Final,1.0
2026-07-17,824009,DET,LAA,Troy Melton,Reid Detmers,LAA,0.5282727740072747,0.4717272259927253,2026-07-18T01:38:00Z,,,,,,,,,,,v2:logistic:through_2025-09-28,DET,1.0,2.0,Final,0.0
2026-07-17,824090,SD,KC,Michael King,Seth Lugo,KC,0.5184182685561973,0.4815817314438027,2026-07-18T00:10:00Z,,,,,,,,,,,v2:logistic:through_2025-09-28,KC,7.0,6.0,Final,1.0
2026-07-17,824170,BAL,HOU,Dean Kremer,Peter Lambert,HOU,0.508359876830784,0.491640123169216,2026-07-18T00:10:00Z,,,,,,,,,,,v2:logistic:through_2025-09-28,BAL,2.0,3.0,Final,0.0
2026-07-17,824332,CIN,COL,Brady Singer,Gabriel Hughes,COL,0.5615298185484514,0.4384701814515486,2026-07-18T00:40:00Z,,,,,,,,,,,v2:logistic:through_2025-09-28,CIN,2.0,7.0,Final,0.0
2026-07-17,824655,MIN,CHC,Bailey Ober,Colin Rea,CHC,0.535053685910064,0.464946314089936,2026-07-18T00:05:00Z,,,,,,,,,,,v2:logistic:through_2025-09-28,MIN,2.0,5.0,Final,0.0
2026-07-17,824737,TB,BOS,Mason Englert,Eduardo Rivera,BOS,0.5057053997407781,0.4942946002592219,2026-07-17T23:10:00Z,,,,,,,,,,,v2:logistic:through_2025-09-28,BOS,5.0,3.0,Final,1.0
2026-07-17,824766,TB,BOS,Griffin Jax,Jake Bennett,BOS,0.5304739225821985,0.4695260774178015,2026-07-17T17:35:00Z,,,,,,,,,,,v2:logistic:through_2025-09-28,BOS,10.0,0.0,Final,1.0
2026-07-17,824901,TEX,ATL,Cal Quantrill,Chris Sale,ATL,0.6089531413220323,0.3910468586779677,2026-07-17T23:15:00Z,,,,,,,,,,,v2:logistic:through_2025-09-28,ATL,15.0,1.0,Final,1.0
2026-07-17,824981,WSH,ATH,Cade Cavalli,Gage Jump,WSH,0.4611001247797518,0.5388998752202482,2026-07-18T01:40:00Z,,,,,,,,,,,v2:logistic:through_2025-09-28,WSH,4.0,23.0,Final,1.0
2026-07-17,825060,STL,AZ,Michael McGreevy,Merrill Kelly,AZ,0.5417400038983435,0.4582599961016564,2026-07-18T01:40:00Z,,,,,,,,,,,v2:logistic:through_2025-09-28,STL,4.0,5.0,Final,0.0
2026-07-18,822790,CWS,TOR,Davis Martin,Shane Bieber,CWS,0.4866304566371953,0.5133695433628047,2026-07-18T19:07:00Z,,,,,,,,,,,v2:logistic:through_2025-09-28,TOR,1.0,0.0,Final,0.0
2026-07-18,823116,SF,SEA,Logan Webb,Bryan Woo,SEA,0.5309439337430355,0.4690560662569645,2026-07-19T00:08:00Z,,,,,,,,,,,v2:logistic:through_2025-09-28,SEA,4.0,3.0,Final,1.0
2026-07-18,823441,NYM,PHI,Sean Manaea,Jesús Luzardo,PHI,0.5595405011355629,0.4404594988644371,2026-07-18T19:05:00Z,,,,,,,,,,,v2:logistic:through_2025-09-28,PHI,6.0,1.0,Final,1.0
2026-07-18,823763,MIA,MIL,Max Meyer,Shane Drohan,MIL,0.5423188450462206,0.4576811549537793,2026-07-18T20:10:00Z,,,,,,,,,,,v2:logistic:through_2025-09-28,MIL,8.0,6.0,Final,1.0
2026-07-18,824008,DET,LAA,Tarik Skubal,Grayson Rodriguez,DET,0.4708364065948803,0.5291635934051196,2026-07-19T02:07:00Z,,,,,,,,,,,v2:logistic:through_2025-09-28,DET,0.0,7.0,Final,1.0
2026-07-18,824088,SD,KC,Griffin Canning,Randy Dobnak,KC,0.5295979997472937,0.4704020002527063,2026-07-18T20:10:00Z,,,,,,,,,,,v2:logistic:through_2025-09-28,KC,6.0,1.0,Final,1.0
2026-07-18,824169,BAL,HOU,Trevor Rogers,Spencer Arrighetti,HOU,0.5242609056277175,0.4757390943722824,2026-07-18T20:10:00Z,,,,,,,,,,,v2:logistic:through_2025-09-28,BAL,2.0,4.0,Final,0.0
2026-07-18,824331,CIN,COL,Rhett Lowder,Tomoyuki Sugano,CIN,0.4990700571763011,0.5009299428236988,2026-07-18T19:10:00Z,,,,,,,,,,,v2:logistic:through_2025-09-28,COL,10.0,3.0,Final,0.0
2026-07-18,824412,PIT,CLE,Mason Montgomery,Logan Allen,PIT,0.4740305618157581,0.5259694381842419,2026-07-18T23:10:00Z,,,,,,,,,,,v2:logistic:through_2025-09-28,CLE,5.0,3.0,Final,0.0
2026-07-18,824414,PIT,CLE,Jared Jones,Gavin Williams,CLE,0.5186711879262215,0.4813288120737785,2026-07-18T17:10:00Z,,,,,,,,,,,v2:logistic:through_2025-09-28,PIT,1.0,7.0,Final,0.0
2026-07-18,824657,MIN,CHC,Taj Bradley,Matthew Boyd,CHC,0.5340099610914176,0.4659900389085823,2026-07-18T18:20:00Z,,,,,,,,,,,v2:logistic:through_2025-09-28,CHC,6.0,2.0,Final,1.0
2026-07-18,824738,TB,BOS,Ian Seymour,Patrick Sandoval,BOS,0.5275405761317481,0.4724594238682519,2026-07-18T20:10:00Z,,,,,,,,,,,v2:logistic:through_2025-09-28,BOS,7.0,6.0,Final,1.0
2026-07-18,824899,TEX,ATL,MacKenzie Gore,Owen Murphy,ATL,0.5876953702592583,0.4123046297407416,2026-07-18T20:10:00Z,,,,,,,,,,,v2:logistic:through_2025-09-28,TEX,6.0,7.0,Final,0.0
2026-07-18,824979,WSH,ATH,Zack Littell,J.T. Ginn,WSH,0.4529843862537448,0.5470156137462552,2026-07-19T02:05:00Z,,,,,,,,,,,v2:logistic:through_2025-09-28,ATH,15.0,1.0,Final,0.0
2026-07-18,825059,STL,AZ,Dustin May,Brandon Pfaadt,AZ,0.5307279413248566,0.4692720586751434,2026-07-18T20:10:00Z,,,,,,,,,,,v2:logistic:through_2025-09-28,AZ,5.0,3.0,Final,1.0
2026-07-19,822786,CWS,TOR,Sean Burke,Trey Yesavage,CWS,0.4858169976692202,0.5141830023307797,2026-07-19T16:15:00Z,,,,,,,,,,,v2:logistic:through_2025-09-28,CWS,0,3,Final,1.0
2026-07-19,823113,SF,SEA,Robbie Ray,Logan Gilbert,SEA,0.5731293234317254,0.4268706765682746,2026-07-19T20:10:00Z,,,,,,,,,,,v2:logistic:through_2025-09-28,SEA,6,3,Final,1.0
2026-07-19,823439,NYM,PHI,Nolan McLean,Alan Rangel,PHI,0.5182002436141455,0.4817997563858545,2026-07-19T17:35:00Z,,,,,,,,,,,v2:logistic:through_2025-09-28,NYM,1,6,Final,0.0
2026-07-19,823521,LAD,NYY,Will Klein,Ryan Yarbrough,NYY,0.5256785042011077,0.4743214957988922,2026-07-19T23:20:00Z,,,,,,,,,,,v2:logistic:through_2025-09-28,NYY,2,1,Final,1.0
2026-07-19,823523,LAD,NYY,Yoshinobu Yamamoto,Cam Schlittler,NYY,0.5294115450384117,0.4705884549615883,2026-07-19T16:35:00Z,,,,,,,,,,,v2:logistic:through_2025-09-28,LAD,2,8,Final,0.0
2026-07-19,823764,MIA,MIL,Eury Pérez,Robert Gasser,MIL,0.5450367840798166,0.4549632159201834,2026-07-19T18:10:00Z,,,,,,,,,,,v2:logistic:through_2025-09-28,MIL,3,1,Final,1.0
2026-07-19,824007,DET,LAA,Casey Mize,Ryan Johnson,DET,0.4624016579248508,0.5375983420751491,2026-07-19T20:07:00Z,,,,,,,,,,,v2:logistic:through_2025-09-28,LAA,3,2,Final,0.0
2026-07-19,824086,SD,KC,Germán Márquez,Noah Cameron,KC,0.5616555432635505,0.4383444567364495,2026-07-19T18:10:00Z,,,,,,,,,,,v2:logistic:through_2025-09-28,SD,2,19,Final,0.0
2026-07-19,824168,BAL,HOU,Brandon Young,Hunter Brown,HOU,0.5301904883823406,0.4698095116176594,2026-07-19T18:10:00Z,,,,,,,,,,,v2:logistic:through_2025-09-28,BAL,2,5,Final,0.0
2026-07-19,824330,CIN,COL,Hunter Greene,Ryan Feltner,CIN,0.4799497732391243,0.5200502267608756,2026-07-19T19:10:00Z,,,,,,,,,,,v2:logistic:through_2025-09-28,CIN,6,9,Final,1.0
2026-07-19,824411,PIT,CLE,Paul Skenes,Joey Cantillo,PIT,0.4929383031585281,0.5070616968414718,2026-07-19T17:40:00Z,,,,,,,,,,,v2:logistic:through_2025-09-28,PIT,1,7,Final,1.0
2026-07-19,824653,MIN,CHC,Zebby Matthews,Shota Imanaga,CHC,0.5355139758560062,0.4644860241439937,2026-07-19T18:20:00Z,,,,,,,,,,,v2:logistic:through_2025-09-28,CHC,10,1,Final,1.0
2026-07-19,824739,TB,BOS,Shane McClanahan,Sonny Gray,BOS,0.5462274499443741,0.4537725500556259,2026-07-19T17:35:00Z,,,,,,,,,,,v2:logistic:through_2025-09-28,BOS,6,1,Final,1.0
2026-07-19,824897,TEX,ATL,Nathan Eovaldi,Grant Holmes,ATL,0.5552594932581049,0.4447405067418951,2026-07-19T17:35:00Z,,,,,,,,,,,v2:logistic:through_2025-09-28,ATL,8,5,Final,1.0
2026-07-19,824978,WSH,ATH,Foster Griffin,Jacob Lopez,WSH,0.4253893441690473,0.5746106558309527,2026-07-19T20:05:00Z,,,,,,,,,,,v2:logistic:through_2025-09-28,WSH,2,5,Final,1.0
2026-07-19,825057,STL,AZ,Andre Pallante,Eduardo Rodriguez,AZ,0.5464578266542683,0.4535421733457316,2026-07-19T20:10:00Z,,,,,,,,,,,v2:logistic:through_2025-09-28,AZ,8,7,Final,1.0
2026-07-20,822788,TB,TOR,Nick Martinez,Dylan Cease,TOR,0.5460601761922425,0.4539398238077575,2026-07-20T23:07:00Z,,,,,,,,,,,v2:logistic:through_2025-09-28,TB,1,7,Final,0.0
2026-07-20,822874,CWS,TEX,Erick Fedde,Jacob deGrom,TEX,0.53774028955517,0.46225971044483,2026-07-21T00:05:00Z,,,,,,,,,,,v2:logistic:through_2025-09-28,CWS,3,10,Final,0.0
2026-07-20,823112,CIN,SEA,Andrew Abbott,George Kirby,SEA,0.5597485882444395,0.4402514117555605,2026-07-21T01:40:00Z,,,,,,,,,,,v2:logistic:through_2025-09-28,SEA,8,0,Final,1.0
2026-07-20,823436,LAD,PHI,Emmet Sheehan,Cristopher Sánchez,LAD,0.4894685384414666,0.5105314615585335,2026-07-20T23:10:00Z,,,,,,,,,,,v2:logistic:through_2025-09-28,PHI,10,7,Final,0.0
2026-07-20,823522,PIT,NYY,Braxton Ashcraft,Ryan Weathers,NYY,0.524010835274008,0.4759891647259919,2026-07-20T23:05:00Z,,,,,,,,,,,v2:logistic:through_2025-09-28,NYY,8,5,Final,1.0
2026-07-20,823762,NYM,MIL,Freddy Peralta,Jacob Misiorowski,MIL,0.654857043894952,0.3451429561050479,2026-07-20T23:40:00Z,,,,,,,,,,,v2:logistic:through_2025-09-28,MIL,8,3,Final,1.0
2026-07-20,824006,STL,LAA,Kyle Leahy,José Soriano,LAA,0.5076333776773111,0.4923666223226889,2026-07-21T02:10:00Z,,,,,,,,,,,v2:logistic:through_2025-09-28,LAA,3,2,Final,1.0
2026-07-20,824087,SF,KC,Trevor McDonald,Michael Wacha,KC,0.5216503744180262,0.4783496255819738,2026-07-20T23:40:00Z,,,,,,,,,,,v2:logistic:through_2025-09-28,KC,4,3,Final,1.0
2026-07-20,824167,MIA,HOU,Janson Junk,Ronel Blanco,HOU,0.5249740709657734,0.4750259290342266,2026-07-21T00:10:00Z,,,,,,,,,,,v2:logistic:through_2025-09-28,HOU,8,5,Final,1.0
2026-07-20,824328,WSH,COL,Andrew Alvarez,Kyle Freeland,COL,0.5048163821951802,0.4951836178048198,2026-07-21T00:40:00Z,,,,,,,,,,,v2:logistic:through_2025-09-28,WSH,3,7,Final,0.0
2026-07-20,824410,MIN,CLE,Joe Ryan,Tanner Bibee,MIN,0.4821131757732269,0.5178868242267731,2026-07-20T22:40:00Z,,,,,,,,,,,v2:logistic:through_2025-09-28,CLE,13,4,Final,0.0
2026-07-20,824654,DET,CHC,Jack Flaherty,Jameson Taillon,CHC,0.5203451856396637,0.4796548143603363,2026-07-21T00:05:00Z,,,,,,,,,,,v2:logistic:through_2025-09-28,DET,6,8,Final,0.0
2026-07-20,824736,BAL,BOS,Shane Baz,Payton Tolle,BOS,0.5736525106657346,0.4263474893342653,2026-07-20T23:10:00Z,,,,,,,,,,,v2:logistic:through_2025-09-28,BOS,6,5,Final,1.0
2026-07-20,824898,SD,ATL,JP Sears,Bryce Elder,ATL,0.5685828174392924,0.4314171825607076,2026-07-20T23:15:00Z,,,,,,,,,,,v2:logistic:through_2025-09-28,ATL,3,2,Final,1.0
2026-07-20,825058,ATH,AZ,Jeffrey Springs,Mitch Bratt,AZ,0.5847615575607734,0.4152384424392266,2026-07-21T01:40:00Z,,,,,,,,,,,v2:logistic:through_2025-09-28,ATH,2,5,Final,0.0
2026-07-21,822787,TB,TOR,Drew Rasmussen,Kevin Gausman,TB,0.4932813757383069,0.5067186242616931,2026-07-21T23:07:00Z,,,,,,,,,,,v2:logistic:through_2025-09-28,TB,2.0,12.0,Final,1.0
2026-07-21,822871,CWS,TEX,Noah Schultz,Kumar Rocker,CWS,0.4892465152439727,0.5107534847560273,2026-07-22T00:05:00Z,,,,,,,,,,,v2:logistic:through_2025-09-28,TEX,10.0,0.0,Final,0.0
2026-07-21,823114,CIN,SEA,Chase Burns,Luis Castillo,SEA,0.5365821204612907,0.4634178795387093,2026-07-22T01:40:00Z,,,,,,,,,,,v2:logistic:through_2025-09-28,CIN,2.0,4.0,Final,0.0
2026-07-21,823437,LAD,PHI,Justin Wrobleski,Zack Wheeler,LAD,0.4994379932485031,0.5005620067514969,2026-07-21T22:40:00Z,,,,,,,,,,,v2:logistic:through_2025-09-28,LAD,1.0,2.0,Final,1.0
2026-07-21,823760,NYM,MIL,Zac Thornton,Brandon Sproat,MIL,0.6149506915060222,0.3850493084939778,2026-07-21T23:40:00Z,,,,,,,,,,,v2:logistic:through_2025-09-28,NYM,0.0,4.0,Final,0.0
2026-07-21,824005,STL,LAA,Matthew Liberatore,Walbert Ureña,LAA,0.5273021443322319,0.4726978556677681,2026-07-22T01:38:00Z,,,,,,,,,,,v2:logistic:through_2025-09-28,LAA,5.0,1.0,Final,1.0
2026-07-21,824085,SF,KC,Tyler Mahle,Luinder Avila,SF,0.4906306680688395,0.5093693319311605,2026-07-21T23:40:00Z,,,,,,,,,,,v2:logistic:through_2025-09-28,KC,3.0,2.0,Final,0.0
2026-07-21,824165,MIA,HOU,Tyler Phillips,Tatsuya Imai,HOU,0.5460874447883949,0.4539125552116051,2026-07-22T00:10:00Z,,,,,,,,,,,v2:logistic:through_2025-09-28,HOU,5.0,3.0,Final,1.0
2026-07-21,824329,WSH,COL,Carson Palmquist,Michael Lorenzen,WSH,0.4860547348489761,0.5139452651510239,2026-07-22T00:40:00Z,,,,,,,,,,,v2:logistic:through_2025-09-28,COL,8.0,7.0,Final,0.0
2026-07-21,824409,MIN,CLE,Kendry Rojas,Parker Messick,CLE,0.5399749742331876,0.4600250257668123,2026-07-21T22:40:00Z,,,,,,,,,,,v2:logistic:through_2025-09-28,CLE,5.0,2.0,Final,1.0
2026-07-21,824652,DET,CHC,Framber Valdez,David Peterson,CHC,0.5384373552899102,0.4615626447100898,2026-07-22T00:05:00Z,,,,,,,,,,,v2:logistic:through_2025-09-28,CHC,11.0,2.0,Final,1.0
2026-07-21,824895,SD,ATL,Walker Buehler,Reynaldo López,ATL,0.5559814972117627,0.4440185027882373,2026-07-21T23:15:00Z,,,,,,,,,,,v2:logistic:through_2025-09-28,SD,3.0,8.0,Final,0.0
2026-07-21,825056,ATH,AZ,Jack Perkins,Kohl Drake,AZ,0.5934296212310726,0.4065703787689274,2026-07-22T01:40:00Z,,,,,,,,,,,v2:logistic:through_2025-09-28,AZ,6.0,5.0,Final,1.0
2026-07-22,822784,TB,TOR,Griffin Jax,Braydon Fisher,TB,0.4574434935583088,0.5425565064416912,2026-07-22T23:07:00Z,,,,,,,,,,,v2:logistic:through_2025-09-28,TB,2,4,Final,1.0
2026-07-22,822873,CWS,TEX,Anthony Kay,Tyler Alexander,TEX,0.5290527268594389,0.470947273140561,2026-07-23T00:05:00Z,,,,,,,,,,,v2:logistic:through_2025-09-28,CWS,2,4,Final,0.0
2026-07-22,823110,CIN,SEA,Brady Singer,Emerson Hancock,SEA,0.5587222978063155,0.4412777021936844,2026-07-22T19:40:00Z,,,,,,,,,,,v2:logistic:through_2025-09-28,CIN,3,5,Final,0.0
2026-07-22,823438,LAD,PHI,Eric Lauer,Aaron Nola,PHI,0.5114925872568736,0.4885074127431263,2026-07-22T22:40:00Z,,,,,,,,,,,v2:logistic:through_2025-09-28,LAD,5,9,Final,0.0
2026-07-22,823518,PIT,NYY,Mitch Keller,Gerrit Cole,NYY,0.5636525652101629,0.436347434789837,2026-07-22T17:05:00Z,,,,,,,,,,,v2:logistic:through_2025-09-28,PIT,3,5,Final,0.0
2026-07-22,823519,PIT,NYY,Bubba Chandler,Max Fried,NYY,0.5713400224503261,0.4286599775496739,2026-07-22T23:05:00Z,,,,,,,,,,,v2:logistic:through_2025-09-28,NYY,2,0,Final,1.0
2026-07-22,823761,NYM,MIL,Christian Scott,Logan Henderson,MIL,0.6174946025550437,0.3825053974449562,2026-07-22T18:10:00Z,,,,,,,,,,,v2:logistic:through_2025-09-28,MIL,4,3,Final,1.0
2026-07-22,824004,STL,LAA,Hunter Dobbins,Reid Detmers,LAA,0.5663985992595053,0.4336014007404947,2026-07-22T20:07:00Z,,,,,,,,,,,v2:logistic:through_2025-09-28,STL,0,1,Final,0.0
2026-07-22,824083,SF,KC,Landen Roupp,Seth Lugo,SF,0.4925462849009655,0.5074537150990345,2026-07-22T18:10:00Z,,,,,,,,,,,v2:logistic:through_2025-09-28,KC,5,4,Final,0.0
2026-07-22,824166,MIA,HOU,Sandy Alcantara,Peter Lambert,HOU,0.5312312943323281,0.4687687056676719,2026-07-23T00:10:00Z,,,,,,,,,,,v2:logistic:through_2025-09-28,HOU,5,2,Final,1.0
2026-07-22,824327,WSH,COL,Cade Cavalli,Gabriel Hughes,COL,0.5078398917832145,0.4921601082167854,2026-07-22T19:10:00Z,,,,,,,,,,,v2:logistic:through_2025-09-28,WSH,0,8,Final,0.0
2026-07-22,824408,MIN,CLE,Bailey Ober,Slade Cecconi,CLE,0.5592646724503373,0.4407353275496627,2026-07-22T22:40:00Z,,,,,,,,,,,v2:logistic:through_2025-09-28,MIN,6,10,Final,0.0
2026-07-22,824650,DET,CHC,Keider Montero,Colin Rea,CHC,0.5497725806691107,0.4502274193308893,2026-07-23T00:10:00Z,,,,,,,,,,,v2:logistic:through_2025-09-28,DET,1,5,Final,0.0
2026-07-22,824732,BAL,BOS,Kyle Bradish,Eduardo Rivera,BOS,0.5630258684542432,0.4369741315457568,2026-07-22T23:10:00Z,,,,,,,,,,,v2:logistic:through_2025-09-28,BAL,1,5,Final,0.0
2026-07-22,824735,BAL,BOS,Dean Kremer,Jake Bennett,BOS,0.569898748114985,0.430101251885015,2026-07-22T17:35:00Z,,,,,,,,,,,v2:logistic:through_2025-09-28,BOS,6,3,Final,1.0
2026-07-22,824896,SD,ATL,Michael King,Martín Pérez,ATL,0.5483498125690205,0.4516501874309795,2026-07-22T23:15:00Z,,,,,,,,,,,v2:logistic:through_2025-09-28,ATL,7,6,Final,1.0
2026-07-22,825055,ATH,AZ,Gage Jump,Merrill Kelly,AZ,0.5631754235383978,0.4368245764616022,2026-07-22T19:40:00Z,,,,,,,,,,,v2:logistic:through_2025-09-28,AZ,15,5,Final,1.0
2026-07-23,822785,TB,TOR,Casey Legumina,Shane Bieber,TB,0.4638146263858796,0.5361853736141203,2026-07-23T19:07:00Z,,,,,,,,,,,v2:logistic:through_2025-09-28,TOR,3,1,Final,0.0
2026-07-23,823042,AZ,STL,Brandon Pfaadt,Michael McGreevy,AZ,0.4910017021646241,0.5089982978353759,2026-07-23T21:15:00Z,,,,,,,,,,,v2:logistic:through_2025-09-28,AZ,6,10,Final,1.0
2026-07-23,824247,KC,DET,Randy Dobnak,Troy Melton,DET,0.6157641385412161,0.3842358614587838,2026-07-23T22:40:00Z,,,,,,,,,,,v2:logistic:through_2025-09-28,DET,4,3,Final,1.0
2026-07-23,824406,MIN,CLE,Taj Bradley,Gavin Williams,CLE,0.5679462932299248,0.4320537067700751,2026-07-23T17:10:00Z,,,,,,,,,,,v2:logistic:through_2025-09-28,MIN,1,3,Final,0.0
2026-07-23,824893,SD,ATL,Kyle Hart,Chris Sale,ATL,0.5996503786534121,0.4003496213465879,2026-07-23T16:15:00Z,,,,,,,,,,,v2:logistic:through_2025-09-28,ATL,6,5,Final,1.0
2026-07-24,822707,AZ,WSH,Eduardo Rodriguez,Carson Palmquist,WSH,0.5320040589234276,0.4679959410765724,2026-07-24T22:45:00Z,,,,,,,,,,,v2:logistic:through_2025-09-28,AZ,2,3,Final,0.0
2026-07-24,822872,SEA,TEX,Bryce Miller,MacKenzie Gore,SEA,0.4966441494357352,0.5033558505642648,2026-07-25T00:05:00Z,,,,,,,,,,,v2:logistic:through_2025-09-28,TEX,5,4,Final,0.0
2026-07-24,822952,CLE,TB,Joey Cantillo,Shane McClanahan,TB,0.5595496259261581,0.4404503740738419,2026-07-24T23:10:00Z,,,,,,,,,,,v2:logistic:through_2025-09-28,TB,11,3,Final,1.0
2026-07-24,823031,CIN,STL,Rhett Lowder,Dustin May,STL,0.5516163878284319,0.4483836121715681,2026-07-25T00:15:00Z,,,,,,,,,,,v2:logistic:through_2025-09-28,CIN,2,4,Final,0.0
2026-07-24,823196,LAA,SF,Grayson Rodriguez,Logan Webb,SF,0.5587401834672141,0.4412598165327859,2026-07-25T02:15:00Z,,,,,,,,,,,v2:logistic:through_2025-09-28,SF,7,6,Final,1.0
2026-07-24,823352,CHC,PIT,Matthew Boyd,Jared Jones,PIT,0.5376951421504692,0.4623048578495308,2026-07-24T22:40:00Z,,,,,,,,,,,v2:logistic:through_2025-09-28,CHC,2,3,Final,0.0
2026-07-24,823434,NYY,PHI,Cam Schlittler,Jesús Luzardo,NYY,0.4770110578353446,0.5229889421646554,2026-07-24T22:45:00Z,,,,,,,,,,,v2:logistic:through_2025-09-28,NYY,0,1,Final,1.0
2026-07-24,823601,LAD,NYM,Roki Sasaki,Sean Manaea,LAD,0.4630973177550709,0.536902682244929,2026-07-24T23:10:00Z,,,,,,,,,,,v2:logistic:through_2025-09-28,LAD,2,4,Final,1.0
2026-07-24,823680,ATH,MIN,Jacob Lopez,Zebby Matthews,MIN,0.5904036467347434,0.4095963532652565,2026-07-25T00:10:00Z,,,,,,,,,,,v2:logistic:through_2025-09-28,ATH,0,2,Final,0.0
2026-07-24,823759,COL,MIL,Tomoyuki Sugano,Shane Drohan,MIL,0.626323923151265,0.373676076848735,2026-07-24T20:10:00Z,,,,,,,,,,,v2:logistic:through_2025-09-28,COL,2,5,Final,0.0
2026-07-24,823843,SD,MIA,Germán Márquez,Ryan Gusto,MIA,0.5289380792594479,0.4710619207405521,2026-07-24T23:10:00Z,,,,,,,,,,,v2:logistic:through_2025-09-28,SD,2,4,Final,0.0
2026-07-24,824248,KC,DET,Beck Way,Tarik Skubal,DET,0.5720173052739831,0.4279826947260169,2026-07-24T22:40:00Z,,,,,,,,,,,v2:logistic:through_2025-09-28,DET,2,1,Final,1.0
2026-07-24,824573,HOU,CWS,Spencer Arrighetti,Davis Martin,CWS,0.5615033777650834,0.4384966222349166,2026-07-24T23:40:00Z,,,,,,,,,,,v2:logistic:through_2025-09-28,HOU,5,9,Final,0.0
2026-07-24,824733,TOR,BOS,Trey Yesavage,Patrick Sandoval,BOS,0.6062997261401905,0.3937002738598095,2026-07-24T23:15:00Z,,,,,,,,,,,v2:logistic:through_2025-09-28,BOS,6,4,Final,1.0
2026-07-24,824812,ATL,BAL,Grant Holmes,Trevor Rogers,BAL,0.5095760257103408,0.4904239742896592,2026-07-24T23:05:00Z,,,,,,,,,,,v2:logistic:through_2025-09-28,ATL,6,7,Final,0.0
2026-07-25,822704,AZ,WSH,Mitch Bratt,Foster Griffin,WSH,0.5664398127454223,0.4335601872545777,2026-07-25T20:05:00Z,,,,,,,,,,,v2:logistic:through_2025-09-28,WSH,5,3,Final,1.0
2026-07-25,822869,SEA,TEX,Bryan Woo,Nathan Eovaldi,TEX,0.5063904686650748,0.4936095313349252,2026-07-25T23:15:00Z,,,,,,,,,,,v2:logistic:through_2025-09-28,TEX,7,1,Final,1.0
2026-07-25,822948,CLE,TB,Tanner Bibee,Nick Martinez,TB,0.5646590201748483,0.4353409798251517,2026-07-25T22:10:00Z,,,,,,,,,,,v2:logistic:through_2025-09-28,TB,3,0,Final,1.0
2026-07-25,823027,CIN,STL,Hunter Greene,Andre Pallante,CIN,0.492652726727052,0.507347273272948,2026-07-25T23:15:00Z,,,,,,,,,,,v2:logistic:through_2025-09-28,STL,7,0,Final,0.0
2026-07-25,823197,LAA,SF,Ryan Johnson,Robbie Ray,SF,0.5329419246372653,0.4670580753627347,2026-07-25T20:05:00Z,,,,,,,,,,,v2:logistic:through_2025-09-28,SF,9,2,Final,1.0
2026-07-25,823355,CHC,PIT,Shota Imanaga,Paul Skenes,PIT,0.5541047645908873,0.4458952354091127,2026-07-25T22:40:00Z,,,,,,,,,,,v2:logistic:through_2025-09-28,CHC,0,11,Final,0.0
2026-07-25,823435,NYY,PHI,Ryan Weathers,Tim Mayza,NYY,0.4933064132262439,0.5066935867737561,2026-07-25T22:05:00Z,,,,,,,,,,,v2:logistic:through_2025-09-28,NYY,1,3,Final,1.0
2026-07-25,823600,LAD,NYM,Yoshinobu Yamamoto,Nolan McLean,LAD,0.4428785015351989,0.5571214984648011,2026-07-25T23:15:00Z,,,,,,,,,,,v2:logistic:through_2025-09-28,LAD,3,4,Final,1.0
2026-07-25,823679,ATH,MIN,Brady Basso,Kendry Rojas,MIN,0.5653359705383176,0.4346640294616823,2026-07-25T23:10:00Z,,,,,,,,,,,v2:logistic:through_2025-09-28,MIN,2,0,Final,1.0
2026-07-25,823758,COL,MIL,Ryan Feltner,Robert Gasser,MIL,0.6070519403218227,0.3929480596781772,2026-07-25T23:10:00Z,,,,,,,,,,,v2:logistic:through_2025-09-28,MIL,8,5,Final,1.0
2026-07-25,823841,SD,MIA,Randy Vásquez,Eury Pérez,MIA,0.5361090755827167,0.4638909244172833,2026-07-25T20:10:00Z,,,,,,,,,,,v2:logistic:through_2025-09-28,SD,2,7,Final,0.0
2026-07-25,824244,KC,DET,Michael Wacha,Casey Mize,DET,0.5885199404863108,0.4114800595136891,2026-07-25T17:10:00Z,,,,,,,,,,,v2:logistic:through_2025-09-28,KC,2,3,Final,0.0
2026-07-25,824571,HOU,CWS,Hunter Brown,Sean Burke,CWS,0.5650368745699974,0.4349631254300026,2026-07-25T23:10:00Z,,,,,,,,,,,v2:logistic:through_2025-09-28,HOU,1,4,Final,0.0
2026-07-25,824734,TOR,BOS,Dylan Cease,Sonny Gray,BOS,0.5733847247566022,0.4266152752433978,2026-07-25T20:10:00Z,,,,,,,,,,,v2:logistic:through_2025-09-28,TOR,0,6,Final,0.0
2026-07-25,824811,ATL,BAL,Bryce Elder,Brandon Young,BAL,0.5087576822114351,0.4912423177885648,2026-07-25T23:05:00Z,,,,,,,,,,,v2:logistic:through_2025-09-28,BAL,3,2,Final,1.0
2026-07-26,822706,AZ,WSH,Kohl Drake,Miles Mikolas,WSH,0.5048821127335118,0.4951178872664882,2026-07-26T17:35:00Z,,,,,,,,,,,v2:logistic:through_2025-09-28,WSH,10,7,Final,1.0
2026-07-26,822870,SEA,TEX,Logan Gilbert,Jacob deGrom,TEX,0.5205820859080177,0.4794179140919823,2026-07-26T18:35:00Z,,,,,,,,,,,v2:logistic:through_2025-09-28,SEA,4,6,Final,0.0
2026-07-26,822950,CLE,TB,Parker Messick,Drew Rasmussen,TB,0.5857159496712894,0.4142840503287106,2026-07-26T16:15:00Z,,,,,,,,,,,v2:logistic:through_2025-09-28,TB,1,0,Final,1.0
2026-07-26,823028,CIN,STL,Andrew Abbott,Kyle Leahy,STL,0.5516474858381974,0.4483525141618025,2026-07-26T18:15:00Z,,,,,,,,,,,v2:logistic:through_2025-09-28,CIN,3,5,Final,0.0
2026-07-26,823194,LAA,SF,José Soriano,Carson Whisenhunt,SF,0.5099650624927391,0.4900349375072609,2026-07-26T20:05:00Z,,,,,,,,,,,v2:logistic:through_2025-09-28,LAA,3,4,Final,0.0
2026-07-26,823354,CHC,PIT,Jameson Taillon,Braxton Ashcraft,PIT,0.5253441821061209,0.4746558178938791,2026-07-26T17:35:00Z,,,,,,,,,,,v2:logistic:through_2025-09-28,PIT,8,7,Final,1.0
2026-07-26,823433,NYY,PHI,Will Warren,Cristopher Sánchez,PHI,0.5220277678011739,0.4779722321988261,2026-07-26T23:20:00Z,,,,,,,,,,,v2:logistic:through_2025-09-28,PHI,11,4,Final,1.0
2026-07-26,823599,LAD,NYM,Emmet Sheehan,Freddy Peralta,LAD,0.4300490635350174,0.5699509364649826,2026-07-26T17:40:00Z,,,,,,,,,,,v2:logistic:through_2025-09-28,NYM,8,3,Final,0.0
2026-07-26,823678,ATH,MIN,Jeffrey Springs,Connor Prielipp,MIN,0.5830190523923255,0.4169809476076744,2026-07-26T18:10:00Z,,,,,,,,,,,v2:logistic:through_2025-09-28,MIN,11,8,Final,1.0
2026-07-26,823755,COL,MIL,Kyle Freeland,Jacob Misiorowski,MIL,0.6373040614265285,0.3626959385734715,2026-07-26T18:10:00Z,,,,,,,,,,,v2:logistic:through_2025-09-28,MIL,11,2,Final,1.0
2026-07-26,823840,SD,MIA,Walker Buehler,Janson Junk,SD,0.4995301097447603,0.5004698902552396,2026-07-26T17:40:00Z,,,,,,,,,,,v2:logistic:through_2025-09-28,SD,3,5,Final,1.0
2026-07-26,824246,KC,DET,Luinder Avila,Framber Valdez,DET,0.5699603986153994,0.4300396013846006,2026-07-26T17:40:00Z,,,,,,,,,,,v2:logistic:through_2025-09-28,KC,4,5,Final,0.0
2026-07-26,824572,HOU,CWS,Ronel Blanco,Erick Fedde,CWS,0.5080422860617865,0.4919577139382135,2026-07-26T18:10:00Z,,,,,,,,,,,v2:logistic:through_2025-09-28,CWS,12,3,Final,1.0
2026-07-26,824730,TOR,BOS,Kevin Gausman,Ranger Suarez,BOS,0.600229858720443,0.399770141279557,2026-07-26T17:35:00Z,,,,,,,,,,,v2:logistic:through_2025-09-28,BOS,6,1,Final,1.0
2026-07-26,824810,ATL,BAL,Reynaldo López,Shane Baz,BAL,0.5003607710972215,0.4996392289027784,2026-07-26T17:35:00Z,,,,,,,,,,,v2:logistic:through_2025-09-28,ATL,2,3,Final,0.0
2026-07-27,822705,TOR,WSH,Max Scherzer,Eddy Yean,WSH,0.5839297746388827,0.4160702253611172,2026-07-27T22:45:00Z,,,,,,,,,,,v2:logistic:through_2025-09-28,TOR,2.0,3.0,Final,0.0
2026-07-27,822868,SEA,TEX,George Kirby,Kumar Rocker,SEA,0.4897435493499552,0.5102564506500449,2026-07-27T18:35:00Z,,,,,,,,,,,v2:logistic:through_2025-09-28,TEX,7.0,3.0,Final,0.0
2026-07-27,823025,CHC,STL,David Peterson,Matthew Liberatore,STL,0.5095480149552387,0.4904519850447613,2026-07-27T23:45:00Z,,,,,,,,,,,v2:logistic:through_2025-09-28,CHC,3.0,7.0,Final,0.0
2026-07-27,823195,MIL,SF,Brandon Sproat,Tyler Mahle,MIL,0.4671981120983489,0.5328018879016511,2026-07-28T01:45:00Z,,,,,,,,,,,v2:logistic:through_2025-09-28,SF,3.0,0.0,Final,0.0
2026-07-27,823353,AZ,PIT,Merrill Kelly,Mitch Keller,PIT,0.5168599789365516,0.4831400210634484,2026-07-27T22:40:00Z,,,,,,,,,,,v2:logistic:through_2025-09-28,PIT,3.0,2.0,Final,1.0
2026-07-27,823597,ATL,NYM,Martín Pérez,Zac Thornton,ATL,0.4752525105009327,0.5247474894990674,2026-07-27T23:10:00Z,,,,,,,,,,,v2:logistic:through_2025-09-28,NYM,14.0,3.0,Final,0.0
2026-07-27,823839,PHI,MIA,Zack Wheeler,Tyler Phillips,PHI,0.4743973853337092,0.5256026146662909,2026-07-27T22:40:00Z,,,,,,,,,,,v2:logistic:through_2025-09-28,MIA,8.0,7.0,Final,0.0
2026-07-27,824001,HOU,LAA,Tatsuya Imai,Walbert Ureña,LAA,0.5213518553977091,0.4786481446022909,2026-07-28T01:38:00Z,,,,,,,,,,,v2:logistic:through_2025-09-28,HOU,4.0,6.0,Final,0.0
2026-07-27,824245,BAL,DET,Kyle Bradish,Keider Montero,DET,0.5418753424421401,0.4581246575578599,2026-07-27T22:40:00Z,,,,,,,,,,,v2:logistic:through_2025-09-28,BAL,5.0,8.0,Final,0.0
2026-07-27,824570,NYY,CWS,Max Fried,Noah Schultz,CWS,0.5191364037936952,0.4808635962063048,2026-07-27T23:40:00Z,,,,,,,,,,,v2:logistic:through_2025-09-28,NYY,5.0,9.0,Final,0.0
2026-07-27,824977,BOS,ATH,Payton Tolle,Jack Perkins,BOS,0.4585210449836067,0.5414789550163932,2026-07-28T01:40:00Z,,,,,,,,,,,v2:logistic:through_2025-09-28,BOS,2.0,4.0,Final,1.0
2026-07-28,822703,TOR,WSH,Shane Bieber,Cade Cavalli,WSH,0.5974980292056141,0.4025019707943859,2026-07-28T22:45:00Z,,,,,,,,,,,v2:logistic:through_2025-09-28,WSH,8.0,6.0,Final,1.0
2026-07-28,822949,TEX,TB,Cal Quantrill,Griffin Jax,TB,0.6200787022728566,0.3799212977271434,2026-07-28T22:40:00Z,,,,,,,,,,,v2:logistic:through_2025-09-28,TEX,1.0,4.0,Final,0.0
2026-07-28,823026,CHC,STL,Colin Rea,Michael McGreevy,CHC,0.4980339067358092,0.5019660932641907,2026-07-28T23:45:00Z,,,,,,,,,,,v2:logistic:through_2025-09-28,CHC,2.0,10.0,Final,1.0
2026-07-28,823193,MIL,SF,Logan Henderson,Landen Roupp,MIL,0.4529784801867678,0.5470215198132322,2026-07-29T01:45:00Z,,,,,,,,,,,v2:logistic:through_2025-09-28,MIL,2.0,8.0,Final,1.0
2026-07-28,823275,COL,SD,Michael Lorenzen,Michael King,SD,0.5979065595812292,0.4020934404187708,2026-07-29T01:40:00Z,,,,,,,,,,,v2:logistic:through_2025-09-28,SD,8.0,7.0,Final,1.0
2026-07-28,823350,AZ,PIT,Brandon Pfaadt,Bubba Chandler,PIT,0.5067789812367264,0.4932210187632736,2026-07-28T22:40:00Z,,,,,,,,,,,v2:logistic:through_2025-09-28,AZ,7.0,8.0,Final,0.0
2026-07-28,823676,KC,MIN,Seth Lugo,Taj Bradley,MIN,0.553069281928693,0.446930718071307,2026-07-28T23:40:00Z,,,,,,,,,,,v2:logistic:through_2025-09-28,MIN,3.0,2.0,Final,1.0
2026-07-28,823838,PHI,MIA,Aaron Nola,Sandy Alcantara,MIA,0.5206734944877439,0.4793265055122561,2026-07-28T22:40:00Z,,,,,,,,,,,v2:logistic:through_2025-09-28,MIA,1.0,0.0,Final,1.0
2026-07-28,823923,SEA,LAD,Luis Castillo,Justin Wrobleski,LAD,0.5819503736533589,0.4180496263466411,2026-07-29T02:10:00Z,,,,,,,,,,,v2:logistic:through_2025-09-28,SEA,6.0,7.0,Final,0.0
2026-07-28,824003,HOU,LAA,Peter Lambert,Reid Detmers,LAA,0.533131486251627,0.466868513748373,2026-07-29T01:38:00Z,,,,,,,,,,,v2:logistic:through_2025-09-28,HOU,2.0,3.0,Final,0.0
2026-07-28,824243,BAL,DET,Dean Kremer,Troy Melton,DET,0.5340689582391694,0.4659310417608305,2026-07-28T22:40:00Z,,,,,,,,,,,v2:logistic:through_2025-09-28,DET,14.0,0.0,Final,1.0
2026-07-28,824489,CLE,CIN,Gavin Williams,Caleb Ferguson,CIN,0.5252453606173936,0.4747546393826064,2026-07-28T23:10:00Z,,,,,,,,,,,v2:logistic:through_2025-09-28,CIN,2.0,0.0,Final,1.0
2026-07-28,824490,CLE,CIN,Slade Cecconi,Chase Burns,CIN,0.5435008278327468,0.4564991721672532,2026-07-28T17:40:00Z,,,,,,,,,,,v2:logistic:through_2025-09-28,CLE,5.0,6.0,Final,0.0
2026-07-28,824569,NYY,CWS,Gerrit Cole,Anthony Kay,CWS,0.5199786742549204,0.4800213257450796,2026-07-28T23:40:00Z,,,,,,,,,,,v2:logistic:through_2025-09-28,NYY,2.0,3.0,Final,0.0
2026-07-28,824976,BOS,ATH,Jake Bennett,Gage Jump,BOS,0.4611957638201929,0.5388042361798071,2026-07-29T01:40:00Z,,,,,,,,,,,v2:logistic:through_2025-09-28,ATH,4.0,3.0,Final,0.0
2026-07-29,822702,TOR,WSH,Trey Yesavage,Zack Littell,WSH,0.5508475037755851,0.4491524962244149,2026-07-29T17:05:00Z,,,,,,,,,,,v2:logistic:through_2025-09-28,TOR,2,5,Final,0.0
2026-07-29,822947,TEX,TB,MacKenzie Gore,Casey Legumina,TB,0.5592371212756893,0.4407628787243107,2026-07-29T22:40:00Z,,,,,,,,,,,v2:logistic:through_2025-09-28,TB,3,0,Final,1.0
2026-07-29,823022,CHC,STL,Matthew Boyd,Dustin May,CHC,0.4955429636951809,0.5044570363048191,2026-07-29T23:45:00Z,,,,,,,,,,,v2:logistic:through_2025-09-28,STL,3,2,Final,0.0
2026-07-29,823192,MIL,SF,Thomas Pannone,Logan Webb,MIL,0.4567661814518452,0.5432338185481548,2026-07-29T19:45:00Z,,,,,,,,,,,v2:logistic:through_2025-09-28,SF,16,3,Final,0.0
2026-07-29,823273,COL,SD,Gabriel Hughes,Kyle Hart,SD,0.5743513055759852,0.4256486944240147,2026-07-29T20:10:00Z,,,,,,,,,,,v2:logistic:through_2025-09-28,SD,3,1,Final,1.0
2026-07-29,823351,AZ,PIT,Eduardo Rodriguez,Jared Jones,PIT,0.5478277763569683,0.4521722236430316,2026-07-29T16:35:00Z,,,,,,,,,,,v2:logistic:through_2025-09-28,AZ,0,3,Final,0.0
2026-07-29,823596,ATL,NYM,AJ Smith-Shawver,Sean Manaea,NYM,0.5050438298949039,0.494956170105096,2026-07-29T17:10:00Z,,,,,,,,,,,v2:logistic:through_2025-09-28,NYM,3,2,Final,1.0
2026-07-29,823598,ATL,NYM,Chris Sale,Christian Scott,ATL,0.4852296288762903,0.5147703711237097,2026-07-29T23:10:00Z,,,,,,,,,,,v2:logistic:through_2025-09-28,ATL,0,1,Final,1.0
2026-07-29,823677,KC,MIN,Randy Dobnak,Joe Ryan,MIN,0.5904877636929612,0.4095122363070388,2026-07-29T23:40:00Z,,,,,,,,,,,v2:logistic:through_2025-09-28,KC,0,4,Final,0.0
2026-07-29,823837,PHI,MIA,Jesús Luzardo,Ryan Gusto,PHI,0.4911655668118908,0.5088344331881092,2026-07-29T16:10:00Z,,,,,,,,,,,v2:logistic:through_2025-09-28,MIA,8,6,Final,0.0
2026-07-29,823924,SEA,LAD,Emerson Hancock,Eric Lauer,LAD,0.5479630691991264,0.4520369308008736,2026-07-30T02:10:00Z,,,,,,,,,,,v2:logistic:through_2025-09-28,LAD,4,2,Final,1.0
2026-07-29,824002,HOU,LAA,Hayden Wesneski,Grayson Rodriguez,LAA,0.50539104152852,0.49460895847148,2026-07-30T01:38:00Z,,,,,,,,,,,v2:logistic:through_2025-09-28,HOU,4,7,Final,0.0
2026-07-29,824242,BAL,DET,Trevor Rogers,Tarik Skubal,DET,0.5804297704620601,0.4195702295379399,2026-07-29T17:10:00Z,,,,,,,,,,,v2:logistic:through_2025-09-28,BAL,9,10,Final,0.0
2026-07-29,824487,CLE,CIN,Joey Cantillo,Brady Singer,CIN,0.5050341822751503,0.4949658177248497,2026-07-29T23:10:00Z,,,,,,,,,,,v2:logistic:through_2025-09-28,CLE,1,6,Final,0.0
2026-07-29,824567,NYY,CWS,Cam Schlittler,Davis Martin,CWS,0.5027481866040566,0.4972518133959434,2026-07-29T23:40:00Z,,,,,,,,,,,v2:logistic:through_2025-09-28,CWS,6,5,Final,1.0
2026-07-29,824973,BOS,ATH,Patrick Sandoval,Jacob Lopez,BOS,0.4587096115573977,0.5412903884426022,2026-07-30T01:40:00Z,,,,,,,,,,,v2:logistic:through_2025-09-28,BOS,2,4,Final,1.0
2026-07-30,822946,TEX,TB,Cole Winn,Shane McClanahan,TB,0.5834242649387398,0.4165757350612602,2026-07-30T16:10:00Z,,,,,,,,,,,v2:logistic:through_2025-09-28,TB,3,2,Final,1.0
2026-07-30,823023,CHC,STL,Javier Assad,Andre Pallante,CHC,0.4861602771443493,0.5138397228556507,2026-07-30T18:15:00Z,,,,,,,,,,,v2:logistic:through_2025-09-28,CHC,2,4,Final,1.0
2026-07-30,823271,SF,SD,Robbie Ray,JP Sears,SD,0.5715043525543366,0.4284956474456634,2026-07-31T01:40:00Z,,,,,,,,,,,v2:logistic:through_2025-09-28,SF,1,4,Final,0.0
2026-07-30,823595,MIA,NYM,Eury Pérez,Nolan McLean,NYM,0.5352107330986066,0.4647892669013934,2026-07-30T23:10:00Z,,,,,,,,,,,v2:logistic:through_2025-09-28,NYM,4,2,Final,1.0
2026-07-30,823674,KC,MIN,Noah Cameron,Bailey Ober,MIN,0.54673525727556,0.4532647427244399,2026-07-30T17:40:00Z,,,,,,,,,,,v2:logistic:through_2025-09-28,MIN,4,3,Final,1.0
2026-07-30,823921,SEA,LAD,Bryan Woo,Roki Sasaki,LAD,0.5523006933997081,0.4476993066002919,2026-07-31T02:10:00Z,,,,,,,,,,,v2:logistic:through_2025-09-28,LAD,6,2,Final,1.0
2026-07-30,824488,PIT,CIN,Yohan Ramírez,Rhett Lowder,PIT,0.4985964569617726,0.5014035430382273,2026-07-30T23:10:00Z,,,,,,,,,,,v2:logistic:through_2025-09-28,CIN,3,2,Final,0.0
2026-07-30,824568,NYY,CWS,Ryan Weathers,Sean Burke,CWS,0.5510117750182486,0.4489882249817514,2026-07-30T18:10:00Z,,,,,,,,,,,v2:logistic:through_2025-09-28,CWS,2,1,Final,1.0
2026-07-30,824894,WSH,ATL,Jake Irvin,Grant Holmes,ATL,0.5089104073779352,0.4910895926220647,2026-07-30T23:15:00Z,,,,,,,,,,,v2:logistic:through_2025-09-28,ATL,5,4,Final,1.0
2026-07-30,824974,BOS,ATH,Sonny Gray,Mason Barnett,BOS,0.452601161818115,0.547398838181885,2026-07-31T01:40:00Z,,,,,,,,,,,v2:logistic:through_2025-09-28,BOS,4,5,Final,1.0
2026-07-31,822782,STL,TOR,Kyle Leahy,Dylan Cease,TOR,0.556442562336134,0.443557437663866,2026-07-31T23:07:00Z,,,,,,,,,,,v2:logistic:through_2025-09-28,TOR,3,1,Final,1.0
2026-07-31,822945,CWS,TB,Erick Fedde,Nick Martinez,TB,0.5781246496056184,0.4218753503943816,2026-07-31T23:10:00Z,,,,,,,,,,,v2:logistic:through_2025-09-28,CWS,1,6,Final,0.0
2026-07-31,823111,MIN,SEA,Zebby Matthews,Bryce Miller,SEA,0.5875083659277727,0.4124916340722273,2026-08-01T02:10:00Z,,,,,,,,,,,v2:logistic:through_2025-09-28,MIN,3,5,Final,0.0
2026-07-31,823272,SF,SD,Carson Whisenhunt,Bradgley Rodriguez,SD,0.5896441580888448,0.4103558419111551,2026-08-01T01:45:00Z,,,,,,,,,,,v2:logistic:through_2025-09-28,SD,7,0,Final,1.0
2026-07-31,823593,MIA,NYM,Janson Junk,Kodai Senga,NYM,0.5143132355595137,0.4856867644404863,2026-07-31T23:10:00Z,,,,,,,,,,,v2:logistic:through_2025-09-28,MIA,2,5,Final,0.0
2026-07-31,823922,BOS,LAD,Ranger Suarez,Edgardo Henriquez,LAD,0.5611227167415549,0.4388772832584451,2026-08-01T02:10:00Z,,,,,,,,,,,v2:logistic:through_2025-09-28,BOS,4,9,Final,0.0
2026-07-31,823999,MIL,LAA,Shane Drohan,Ryan Johnson,MIL,0.4585958306585654,0.5414041693414346,2026-08-01T01:38:00Z,,,,,,,,,,,v2:logistic:through_2025-09-28,MIL,2,6,Final,1.0
2026-07-31,824164,TEX,HOU,Nathan Eovaldi,Hunter Brown,HOU,0.5349080822065079,0.4650919177934921,2026-08-01T00:15:00Z,,,,,,,,,,,v2:logistic:through_2025-09-28,HOU,11,2,Final,1.0
2026-07-31,824325,KC,COL,Michael Wacha,Tomoyuki Sugano,COL,0.5017161232566769,0.4982838767433231,2026-08-01T00:40:00Z,,,,,,,,,,,v2:logistic:through_2025-09-28,COL,3,1,Final,1.0
2026-07-31,824407,AZ,CLE,Mitch Bratt,Tanner Bibee,CLE,0.5675928861939027,0.4324071138060973,2026-07-31T23:10:00Z,,,,,,,,,,,v2:logistic:through_2025-09-28,AZ,1,4,Final,0.0
2026-07-31,824486,PIT,CIN,Paul Skenes,Hunter Greene,PIT,0.4932499022809296,0.5067500977190704,2026-07-31T22:10:00Z,,,,,,,,,,,v2:logistic:through_2025-09-28,CIN,8,7,Final,0.0
2026-07-31,824651,NYY,CHC,Will Warren,Shota Imanaga,CHC,0.5741188604247042,0.4258811395752958,2026-07-31T18:20:00Z,,,,,,,,,,,v2:logistic:through_2025-09-28,NYY,0,2,Final,0.0
2026-07-31,824809,PHI,BAL,Andrew Painter,Brandon Young,BAL,0.5586377833541352,0.4413622166458648,2026-07-31T23:05:00Z,,,,,,,,,,,v2:logistic:through_2025-09-28,BAL,6,4,Final,1.0
2026-07-31,824892,WSH,ATL,Foster Griffin,Bryce Elder,ATL,0.5025243166291031,0.4974756833708968,2026-07-31T23:15:00Z,,,,,,,,,,,v2:logistic:through_2025-09-28,ATL,6,2,Final,1.0
2026-07-31,824975,DET,ATH,Tyler Holton,Jeffrey Springs,DET,0.4375839093822358,0.5624160906177642,2026-08-01T01:40:00Z,,,,,,,,,,,v2:logistic:through_2025-09-28,DET,1,13,Final,1.0
2026-08-01,822781,STL,TOR,Quinn Mathews,Kevin Gausman,TOR,0.5462274655253813,0.4537725344746187,2026-08-01T19:07:00Z,,,,,,,,,,,v2:logistic:through_2025-09-28,TOR,5,1,Final,1.0
2026-08-01,822944,CWS,TB,Jordan Hicks,Drew Rasmussen,TB,0.5639264147521047,0.4360735852478953,2026-08-01T20:10:00Z,,,,,,,,,,,v2:logistic:through_2025-09-28,TB,1,0,Final,1.0
2026-08-01,823109,MIN,SEA,Connor Prielipp,Logan Gilbert,SEA,0.5610725394925701,0.4389274605074299,2026-08-01T20:10:00Z,,,,,,,,,,,v2:logistic:through_2025-09-28,SEA,4,3,Final,1.0
2026-08-01,823269,SF,SD,Tyler Mahle,Walker Buehler,SD,0.5501495175939394,0.4498504824060606,2026-08-02T00:40:00Z,,,,,,,,,,,v2:logistic:through_2025-09-28,SD,6,5,Final,1.0
2026-08-01,823594,MIA,NYM,Tyler Phillips,Zac Thornton,NYM,0.5449591052171334,0.4550408947828666,2026-08-01T20:10:00Z,,,,,,,,,,,v2:logistic:through_2025-09-28,MIA,2,6,Final,0.0
2026-08-01,823920,BOS,LAD,Payton Tolle,Yoshinobu Yamamoto,LAD,0.5620915000347125,0.4379084999652874,2026-08-02T01:10:00Z,,,,,,,,,,,v2:logistic:through_2025-09-28,BOS,2,3,Final,0.0
2026-08-01,824000,MIL,LAA,Robert Gasser,Brent Suter,MIL,0.4379131568002072,0.5620868431997927,2026-08-02T01:38:00Z,,,,,,,,,,,v2:logistic:through_2025-09-28,MIL,1,3,Final,1.0
2026-08-01,824162,TEX,HOU,Jacob deGrom,Ronel Blanco,HOU,0.537295638997965,0.462704361002035,2026-08-01T23:10:00Z,,,,,,,,,,,v2:logistic:through_2025-09-28,HOU,5,4,Final,1.0
2026-08-01,824326,KC,COL,Luinder Avila,Ryan Feltner,COL,0.5061016735365472,0.4938983264634528,2026-08-02T00:10:00Z,,,,,,,,,,,v2:logistic:through_2025-09-28,COL,12,6,Final,1.0
2026-08-01,824405,AZ,CLE,Kohl Drake,Parker Messick,CLE,0.544633397783928,0.4553666022160719,2026-08-01T23:15:00Z,,,,,,,,,,,v2:logistic:through_2025-09-28,AZ,8,12,Final,0.0
2026-08-01,824485,PIT,CIN,Braxton Ashcraft,Andrew Abbott,PIT,0.4838223087354573,0.5161776912645426,2026-08-01T22:40:00Z,,,,,,,,,,,v2:logistic:through_2025-09-28,PIT,1,4,Final,1.0
2026-08-01,824649,NYY,CHC,Max Fried,David Peterson,CHC,0.5348517659059489,0.4651482340940511,2026-08-01T23:15:00Z,,,,,,,,,,,v2:logistic:through_2025-09-28,CHC,5,2,Final,1.0
2026-08-01,824808,PHI,BAL,Cristopher Sánchez,Shane Baz,BAL,0.5279256833821695,0.4720743166178305,2026-08-01T23:05:00Z,,,,,,,,,,,v2:logistic:through_2025-09-28,PHI,0,5,Final,0.0
2026-08-01,824890,WSH,ATL,Miles Mikolas,Martín Pérez,ATL,0.5413562240157778,0.4586437759842222,2026-08-01T23:15:00Z,,,,,,,,,,,v2:logistic:through_2025-09-28,ATL,8,3,Final,1.0
2026-08-01,824972,DET,ATH,Framber Valdez,Jack Perkins,DET,0.4574733569939873,0.5425266430060127,2026-08-02T01:40:00Z,,,,,,,,,,,v2:logistic:through_2025-09-28,DET,6,8,Final,1.0
2026-08-02,822783,STL,TOR,Matthew Liberatore,Max Scherzer,TOR,0.5331743292363341,0.4668256707636659,2026-08-02T17:37:00Z,,,,,,,,,,,v2:logistic:through_2025-09-28,STL,1,5,Final,0.0
2026-08-02,822943,CWS,TB,Anthony Kay,Griffin Jax,TB,0.5696850945904037,0.4303149054095962,2026-08-02T17:40:00Z,,,,,,,,,,,v2:logistic:through_2025-09-28,CWS,1,9,Final,0.0
2026-08-02,823107,MIN,SEA,Taj Bradley,George Kirby,SEA,0.546944707545212,0.453055292454788,2026-08-02T20:10:00Z,,,,,,,,,,,v2:logistic:through_2025-09-28,SEA,7,6,Final,1.0
2026-08-02,823270,SF,SD,Landen Roupp,Kyle Hart,SD,0.5564382200645609,0.4435617799354391,2026-08-02T20:10:00Z,,,,,,,,,,,v2:logistic:through_2025-09-28,SD,5,4,Final,1.0
2026-08-02,823592,MIA,NYM,Sandy Alcantara,Robert Stock,NYM,0.500463288633176,0.499536711366824,2026-08-02T17:40:00Z,,,,,,,,,,,v2:logistic:through_2025-09-28,MIA,0,2,Final,0.0
2026-08-02,823919,BOS,LAD,Jake Bennett,Emmet Sheehan,LAD,0.5583527107470879,0.4416472892529121,2026-08-02T23:20:00Z,,,,,,,,,,,v2:logistic:through_2025-09-28,BOS,4,8,Final,0.0
2026-08-02,823996,MIL,LAA,Jacob Misiorowski,Walbert Ureña,MIL,0.4051965803159633,0.5948034196840367,2026-08-02T19:15:00Z,,,,,,,,,,,v2:logistic:through_2025-09-28,LAA,3,0,Final,0.0
2026-08-02,824163,TEX,HOU,Kumar Rocker,Peter Lambert,HOU,0.5784173355582881,0.4215826644417119,2026-08-02T18:10:00Z,,,,,,,,,,,v2:logistic:through_2025-09-28,HOU,7,3,Final,1.0
2026-08-02,824323,KC,COL,Seth Lugo,Kyle Freeland,COL,0.5402137369710287,0.4597862630289713,2026-08-02T19:10:00Z,,,,,,,,,,,v2:logistic:through_2025-09-28,COL,8,1,Final,1.0
2026-08-02,824404,AZ,CLE,Merrill Kelly,Gavin Williams,CLE,0.5381645458476559,0.461835454152344,2026-08-02T17:40:00Z,,,,,,,,,,,v2:logistic:through_2025-09-28,CLE,5,0,Final,1.0
2026-08-02,824483,PIT,CIN,Mitch Keller,Chase Burns,CIN,0.5060344244524363,0.4939655755475637,2026-08-02T17:40:00Z,,,,,,,,,,,v2:logistic:through_2025-09-28,CIN,10,2,Final,1.0
2026-08-02,824648,NYY,CHC,Gerrit Cole,Colin Rea,CHC,0.532351991604593,0.467648008395407,2026-08-02T18:20:00Z,,,,,,,,,,,v2:logistic:through_2025-09-28,NYY,1,2,Final,0.0
2026-08-02,824807,PHI,BAL,Zack Wheeler,Kyle Bradish,PHI,0.4963204567823551,0.5036795432176449,2026-08-02T17:35:00Z,,,,,,,,,,,v2:logistic:through_2025-09-28,PHI,0,8,Completed Early,1.0
2026-08-02,824891,WSH,ATL,Cade Cavalli,JR Ritchie,ATL,0.5040867220630613,0.4959132779369387,2026-08-02T17:35:00Z,,,,,,,,,,,v2:logistic:through_2025-09-28,ATL,4,2,Final,1.0
2026-08-02,824971,DET,ATH,Keider Montero,Gage Jump,DET,0.4688173155714251,0.531182684428575,2026-08-02T20:05:00Z,,,,,,,,,,,v2:logistic:through_2025-09-28,DET,0,11,Final,1.0
2026-08-03,822867,SF,TEX,Logan Webb,Cal Quantrill,SF,0.4940069051746871,0.5059930948253129,2026-08-04T00:05:00Z,,,,,,,,,,,v2:logistic:through_2025-09-28,SF,1,5,Final,1.0
2026-08-03,823431,WSH,PHI,Andrew Alvarez,Aaron Nola,PHI,0.5194660620286045,0.4805339379713955,2026-08-03T22:40:00Z,,,,,,,,,,,v2:logistic:through_2025-09-28,PHI,6,3,Final,1.0
2026-08-03,823520,STL,NYY,Michael McGreevy,Cam Schlittler,NYY,0.5861728140021588,0.4138271859978412,2026-08-03T23:05:00Z,,,,,,,,,,,v2:logistic:through_2025-09-28,STL,7,13,Final,0.0
2026-08-03,823757,PIT,MIL,Bubba Chandler,Brandon Sproat,MIL,0.5741931615537601,0.4258068384462399,2026-08-03T23:40:00Z,,,,,,,,,,,v2:logistic:through_2025-09-28,PIT,3,4,Final,0.0
2026-08-03,824160,TOR,HOU,Shane Bieber,Cristian Javier,HOU,0.5592506455166038,0.4407493544833962,2026-08-04T00:10:00Z,,,,,,,,,,,v2:logistic:through_2025-09-28,TOR,1,3,Final,0.0
2026-08-03,824324,TB,COL,Ian Seymour,Michael Lorenzen,TB,0.4452342103299149,0.554765789670085,2026-08-04T00:40:00Z,,,,,,,,,,,v2:logistic:through_2025-09-28,TB,9,13,Final,1.0
2026-08-03,824647,LAD,CHC,Justin Wrobleski,Matthew Boyd,CHC,0.5058071101861915,0.4941928898138085,2026-08-04T00:05:00Z,,,,,,,,,,,v2:logistic:through_2025-09-28,CHC,10,5,Final,1.0
2026-08-03,825095,SD,AZ,Michael King,Brandon Pfaadt,AZ,0.526200740906177,0.473799259093823,2026-08-04T01:40:00Z,,,,,,,,,,,v2:logistic:through_2025-09-28,AZ,5,1,Final,1.0
2026-08-04,822865,SF,TEX,Blade Tidwell,MacKenzie Gore,TEX,0.530891158074599,0.469108841925401,2026-08-05T00:05:00Z,,,,,,,,,,,v2:logistic:through_2025-09-28,TEX,5,4,Final,1.0
2026-08-04,823108,DET,SEA,Troy Melton,Emerson Hancock,SEA,0.5028594525588439,0.4971405474411561,2026-08-05T01:40:00Z,,,,,,,,,,,v2:logistic:through_2025-09-28,DET,0,8,Final,0.0
2026-08-04,823432,WSH,PHI,Carson Palmquist,Jesús Luzardo,PHI,0.5558524694913655,0.4441475305086345,2026-08-04T22:40:00Z,,,,,,,,,,,v2:logistic:through_2025-09-28,PHI,5,0,Final,1.0
2026-08-04,823517,STL,NYY,Hunter Dobbins,Ryan Weathers,NYY,0.5612814904475723,0.4387185095524277,2026-08-04T23:05:00Z,,,,,,,,,,,v2:logistic:through_2025-09-28,NYY,2,0,Final,1.0
2026-08-04,823756,PIT,MIL,Jared Jones,Logan Henderson,MIL,0.578793614774739,0.421206385225261,2026-08-04T23:40:00Z,,,,,,,,,,,v2:logistic:through_2025-09-28,MIL,4,2,Final,1.0
2026-08-04,824084,MIN,KC,Joe Ryan,Randy Dobnak,MIN,0.4844244043007512,0.5155755956992487,2026-08-04T23:40:00Z,,,,,,,,,,,v2:logistic:through_2025-09-28,KC,8,2,Final,0.0
2026-08-04,824161,TOR,HOU,Trey Yesavage,Hayden Wesneski,HOU,0.5626721453991119,0.4373278546008881,2026-08-05T00:10:00Z,,,,,,,,,,,v2:logistic:through_2025-09-28,HOU,7,2,Final,1.0
2026-08-04,824321,TB,COL,Freddy Peralta,Gabriel Hughes,TB,0.4823758751132685,0.5176241248867315,2026-08-05T00:40:00Z,,,,,,,,,,,v2:logistic:through_2025-09-28,TB,7,9,Final,1.0
2026-08-04,824403,NYM,CLE,Sean Manaea,Joey Cantillo,CLE,0.5435426579703002,0.4564573420296998,2026-08-04T22:40:00Z,,,,,,,,,,,v2:logistic:through_2025-09-28,NYM,2,6,Final,0.0
2026-08-04,824484,ATH,CIN,J.T. Ginn,Brady Singer,CIN,0.566100447319648,0.4338995526803519,2026-08-04T22:40:00Z,,,,,,,,,,,v2:logistic:through_2025-09-28,CIN,5,4,Final,1.0
2026-08-04,824645,LAD,CHC,Tarik Skubal,Javier Assad,LAD,0.4940805104542005,0.5059194895457995,2026-08-05T00:05:00Z,,,,,,,,,,,v2:logistic:through_2025-09-28,CHC,5,1,Final,0.0
2026-08-04,824731,CWS,BOS,Davis Martin,Patrick Sandoval,BOS,0.5507186298509665,0.4492813701490334,2026-08-04T23:10:00Z,,,,,,,,,,,v2:logistic:through_2025-09-28,BOS,14,2,Final,1.0
2026-08-04,824805,LAA,BAL,Grayson Rodriguez,Cade Povich,BAL,0.5530567968124891,0.4469432031875109,2026-08-04T22:35:00Z,,,,,,,,,,,v2:logistic:through_2025-09-28,BAL,3,1,Final,1.0
2026-08-04,824888,MIA,ATL,Ryan Gusto,Grant Holmes,ATL,0.5490920063500134,0.4509079936499865,2026-08-04T23:15:00Z,,,,,,,,,,,v2:logistic:through_2025-09-28,ATL,4,2,Final,1.0
2026-08-04,825054,SD,AZ,Randy Vásquez,Eduardo Rodriguez,AZ,0.5381186541417409,0.4618813458582591,2026-08-05T01:40:00Z,,,,,,,,,,,v2:logistic:through_2025-09-28,SD,4,9,Final,0.0
2026-08-05,822866,SF,TEX,Carson Whisenhunt,Cody Bradford,TEX,0.5362536102000096,0.4637463897999904,2026-08-05T18:35:00Z,,,,,,,,,,,v2:logistic:through_2025-09-28,TEX,6,0,Final,1.0
2026-08-05,823106,DET,SEA,Drew Anderson,Bryan Woo,DET,0.4692229670944051,0.530777032905595,2026-08-06T01:40:00Z,,,,,,,,,,,v2:logistic:through_2025-09-28,SEA,4,2,Final,0.0
2026-08-05,823429,WSH,PHI,Jake Irvin,Andrew Painter,PHI,0.5356319684544024,0.4643680315455976,2026-08-05T22:40:00Z,,,,,,,,,,,v2:logistic:through_2025-09-28,WSH,4,10,Final,0.0
2026-08-05,823516,STL,NYY,Andre Pallante,Will Warren,NYY,0.5468694871311377,0.4531305128688623,2026-08-05T23:05:00Z,,,,,,,,,,,v2:logistic:through_2025-09-28,STL,1,3,Final,0.0
2026-08-05,823753,PIT,MIL,Paul Skenes,Kyle Harrison,MIL,0.5796975634403163,0.4203024365596837,2026-08-05T23:40:00Z,,,,,,,,,,,v2:logistic:through_2025-09-28,MIL,4,2,Final,1.0
2026-08-05,824082,MIN,KC,Dean Kremer,Noah Cameron,KC,0.5170528267746327,0.4829471732253673,2026-08-05T23:40:00Z,,,,,,,,,,,v2:logistic:through_2025-09-28,KC,2,1,Final,1.0
2026-08-05,824158,TOR,HOU,Jameson Taillon,Hunter Brown,HOU,0.5806136137054687,0.4193863862945313,2026-08-05T18:10:00Z,,,,,,,,,,,v2:logistic:through_2025-09-28,TOR,4,5,Final,0.0
2026-08-05,824322,TB,COL,Nick Martinez,Tomoyuki Sugano,TB,0.4652236253330398,0.5347763746669603,2026-08-05T19:10:00Z,,,,,,,,,,,v2:logistic:through_2025-09-28,TB,0,4,Final,1.0
2026-08-05,824402,NYM,CLE,Christian Scott,Tanner Bibee,CLE,0.5093176110371738,0.4906823889628262,2026-08-05T22:40:00Z,,,,,,,,,,,v2:logistic:through_2025-09-28,NYM,5,6,Final,0.0
2026-08-05,824482,ATH,CIN,Jacob Lopez,Rhett Lowder,CIN,0.5722864467800461,0.4277135532199538,2026-08-05T22:40:00Z,,,,,,,,,,,v2:logistic:through_2025-09-28,CIN,3,2,Final,1.0
2026-08-05,824646,LAD,CHC,Eric Lauer,Shota Imanaga,CHC,0.5581368488191044,0.4418631511808956,2026-08-05T18:20:00Z,,,,,,,,,,,v2:logistic:through_2025-09-28,CHC,7,6,Final,1.0
2026-08-05,824728,CWS,BOS,Sean Burke,Sonny Gray,BOS,0.5472092887709502,0.4527907112290498,2026-08-05T23:10:00Z,,,,,,,,,,,v2:logistic:through_2025-09-28,BOS,4,0,Final,1.0
2026-08-05,824806,LAA,BAL,Reid Detmers,Trevor Rogers,BAL,0.5305022111611586,0.4694977888388414,2026-08-05T22:35:00Z,,,,,,,,,,,v2:logistic:through_2025-09-28,BAL,5,2,Final,1.0
2026-08-05,824889,MIA,ATL,Eury Pérez,Bryce Elder,ATL,0.521516209413062,0.478483790586938,2026-08-05T23:15:00Z,,,,,,,,,,,v2:logistic:through_2025-09-28,ATL,4,1,Final,1.0
2026-08-05,825052,SD,AZ,Casey Mize,Mitch Bratt,SD,0.4692521700802095,0.5307478299197905,2026-08-06T01:40:00Z,,,,,,,,,,,v2:logistic:through_2025-09-28,AZ,10,4,Final,0.0
2026-08-06,823105,DET,SEA,Framber Valdez,Bryce Miller,SEA,0.5196296910738728,0.4803703089261272,2026-08-06T20:10:00Z,,,,,,,,,,,v2:logistic:through_2025-09-28,DET,0,11,Final,0.0
2026-08-06,823430,WSH,PHI,Miles Mikolas,Cristopher Sánchez,PHI,0.5932154575471267,0.4067845424528733,2026-08-06T22:05:00Z,,,,,,,,,,,v2:logistic:through_2025-09-28,PHI,7,3,Final,1.0
2026-08-06,823754,PIT,MIL,Braxton Ashcraft,Dustin May,MIL,0.5792969964933299,0.4207030035066701,2026-08-06T18:10:00Z,,,,,,,,,,,v2:logistic:through_2025-09-28,MIL,5,2,Final,1.0
2026-08-06,824080,MIN,KC,Bailey Ober,Michael Wacha,KC,0.5316604740524832,0.4683395259475168,2026-08-06T23:40:00Z,,,,,,,,,,,v2:logistic:through_2025-09-28,MIN,3,4,Final,0.0
2026-08-06,824401,NYM,CLE,Nolan McLean,Foster Griffin,CLE,0.5267316383980123,0.4732683616019877,2026-08-06T17:10:00Z,,,,,,,,,,,v2:logistic:through_2025-09-28,NYM,6,13,Final,0.0
2026-08-06,824481,ATH,CIN,Mason Barnett,Andrew Abbott,CIN,0.558164779442005,0.4418352205579949,2026-08-06T16:40:00Z,,,,,,,,,,,v2:logistic:through_2025-09-28,CIN,6,5,Final,1.0
2026-08-06,824664,TOR,CHC,Dylan Cease,David Peterson,CHC,0.5651491954590261,0.4348508045409739,2026-08-06T18:20:00Z,,,,,,,,,,,v2:logistic:through_2025-09-28,CHC,3,2,Final,1.0
2026-08-06,824729,CWS,BOS,Luis Castillo,Ranger Suarez,BOS,0.6090090069037067,0.3909909930962932,2026-08-06T23:10:00Z,,,,,,,,,,,v2:logistic:through_2025-09-28,BOS,12,11,Final,1.0
2026-08-06,824804,LAA,BAL,Ryan Johnson,Brandon Young,BAL,0.5592509591880449,0.4407490408119551,2026-08-06T16:35:00Z,,,,,,,,,,,v2:logistic:through_2025-09-28,LAA,1,4,Final,0.0
2026-08-06,824885,MIA,ATL,Janson Junk,Martín Pérez,ATL,0.5449907140077084,0.4550092859922916,2026-08-06T23:15:00Z,,,,,,,,,,,v2:logistic:through_2025-09-28,ATL,11,3,Final,1.0
2026-08-06,825053,SD,AZ,Walker Buehler,Kohl Drake,AZ,0.5416543073945559,0.4583456926054441,2026-08-07T01:40:00Z,,,,,,,,,,,v2:logistic:through_2025-09-28,SD,1,5,Final,0.0
2026-08-07,822699,CIN,WSH,Chase Petty,Cade Cavalli,WSH,0.6001284178069313,0.3998715821930687,2026-08-07T22:45:00Z,,,,,,,,,,,v2:logistic:through_2025-09-28,WSH,5,3,Final,1.0
2026-08-07,822863,BAL,TEX,Shane Baz,Nathan Eovaldi,TEX,0.5435440567686344,0.4564559432313656,2026-08-08T00:15:00Z,,,,,,,,,,,v2:logistic:through_2025-09-28,TEX,2,1,Final,1.0
2026-08-07,823024,COL,STL,Ryan Feltner,Kyle Leahy,STL,0.5787518508027243,0.4212481491972757,2026-08-08T00:15:00Z,,,,,,,,,,,v2:logistic:through_2025-09-28,STL,3,2,Final,1.0
2026-08-07,823103,TB,SEA,Drew Rasmussen,Logan Gilbert,TB,0.4797517123672274,0.5202482876327725,2026-08-08T01:45:00Z,,,,,,,,,,,v2:logistic:through_2025-09-28,TB,1,2,Final,1.0
2026-08-07,823191,DET,SF,Keider Montero,JT Brubaker,DET,0.4835939068689099,0.5164060931310901,2026-08-08T02:15:00Z,,,,,,,,,,,v2:logistic:through_2025-09-28,SF,5,2,Final,0.0
2026-08-07,823266,HOU,SD,Ronel Blanco,Robbie Ray,SD,0.523743024738722,0.4762569752612779,2026-08-08T01:40:00Z,,,,,,,,,,,v2:logistic:through_2025-09-28,HOU,3,6,Final,0.0
2026-08-07,823349,NYM,PIT,Zac Thornton,Carmen Mlodzinski,PIT,0.5355087201143717,0.4644912798856283,2026-08-07T22:40:00Z,,,,,,,,,,,v2:logistic:through_2025-09-28,NYM,4,6,Final,0.0
2026-08-07,823428,TOR,PHI,José Soriano,Zack Wheeler,PHI,0.6039968768811642,0.3960031231188358,2026-08-07T22:40:00Z,,,,,,,,,,,v2:logistic:through_2025-09-28,TOR,4,5,Final,0.0
2026-08-07,823515,ATL,NYY,Tyler Mahle,Max Fried,NYY,0.5139346830628797,0.4860653169371203,2026-08-07T23:05:00Z,,,,,,,,,,,v2:logistic:through_2025-09-28,NYY,3,2,Final,1.0
2026-08-07,823750,MIN,MIL,Zebby Matthews,Shane Drohan,MIL,0.5894190635694382,0.4105809364305618,2026-08-07T23:40:00Z,,,,,,,,,,,v2:logistic:through_2025-09-28,MIN,6,8,Final,0.0
2026-08-07,823836,LAA,MIA,George Klassen,Tyler Phillips,MIA,0.6166239638011003,0.3833760361988997,2026-08-07T23:10:00Z,,,,,,,,,,,v2:logistic:through_2025-09-28,LAA,3,4,Final,0.0
2026-08-07,824081,CHC,KC,Kevin Gausman,Daniel Lynch IV,CHC,0.4572637570073073,0.5427362429926927,2026-08-08T00:10:00Z,,,,,,,,,,,v2:logistic:through_2025-09-28,CHC,4,6,Final,1.0
2026-08-07,824566,CLE,CWS,Parker Messick,Noah Schultz,CWS,0.5216693866228559,0.4783306133771441,2026-08-07T23:40:00Z,,,,,,,,,,,v2:logistic:through_2025-09-28,CLE,2,8,Final,0.0
2026-08-07,824727,ATH,BOS,Jack Perkins,Payton Tolle,BOS,0.6474378616422737,0.3525621383577263,2026-08-07T23:10:00Z,,,,,,,,,,,v2:logistic:through_2025-09-28,BOS,13,1,Final,1.0
2026-08-07,825051,LAD,AZ,Roki Sasaki,Merrill Kelly,LAD,0.4810706901430977,0.5189293098569023,2026-08-08T01:40:00Z,,,,,,,,,,,v2:logistic:through_2025-09-28,AZ,4,3,Final,0.0
2026-08-08,822701,CIN,WSH,Chase Burns,Andrew Alvarez,WSH,0.5241784231407718,0.4758215768592282,2026-08-08T22:45:00Z,,,,,,,,,,,v2:logistic:through_2025-09-28,WSH,8,2,Final,1.0
2026-08-08,822864,BAL,TEX,Kyle Bradish,Jacob deGrom,TEX,0.5525608547737962,0.4474391452262037,2026-08-08T23:15:00Z,,,,,,,,,,,v2:logistic:through_2025-09-28,TEX,5,1,Final,1.0
2026-08-08,823021,COL,STL,Kyle Freeland,Matthew Liberatore,STL,0.5530933765226732,0.4469066234773268,2026-08-08T23:15:00Z,,,,,,,,,,,v2:logistic:through_2025-09-28,COL,6,8,Final,0.0
2026-08-08,823102,TB,SEA,Casey Legumina,George Kirby,SEA,0.5022445990653058,0.4977554009346941,2026-08-09T01:50:00Z,,,,,,,,,,,v2:logistic:through_2025-09-28,TB,2,3,Final,0.0
2026-08-08,823188,DET,SF,Jackson Jobe,Landen Roupp,DET,0.4770192102259273,0.5229807897740726,2026-08-08T23:15:00Z,,,,,,,,,,,v2:logistic:through_2025-09-28,DET,0,8,Final,1.0
2026-08-08,823267,HOU,SD,Peter Lambert,Michael King,HOU,0.4944486172905265,0.5055513827094735,2026-08-08T23:15:00Z,,,,,,,,,,,v2:logistic:through_2025-09-28,SD,3,2,Final,0.0
2026-08-08,823348,NYM,PIT,Robert Stock,Bubba Chandler,PIT,0.5147877211597829,0.4852122788402171,2026-08-08T22:40:00Z,,,,,,,,,,,v2:logistic:through_2025-09-28,PIT,9,0,Final,1.0
2026-08-08,823426,TOR,PHI,Max Scherzer,Aaron Nola,PHI,0.5907223927666322,0.4092776072333678,2026-08-08T22:05:00Z,,,,,,,,,,,v2:logistic:through_2025-09-28,TOR,5,7,Final,0.0
2026-08-08,823514,ATL,NYY,Chris Sale,Gerrit Cole,ATL,0.486264567878105,0.513735432121895,2026-08-08T19:05:00Z,,,,,,,,,,,v2:logistic:through_2025-09-28,NYY,5,4,Final,0.0
2026-08-08,823752,MIN,MIL,Taj Bradley,Robert Gasser,MIL,0.5683776975169634,0.4316223024830365,2026-08-08T23:10:00Z,,,,,,,,,,,v2:logistic:through_2025-09-28,MIL,4,3,Final,1.0
2026-08-08,823834,LAA,MIA,Walbert Ureña,Sandy Alcantara,MIA,0.5774958055378235,0.4225041944621764,2026-08-08T20:10:00Z,,,,,,,,,,,v2:logistic:through_2025-09-28,MIA,7,0,Final,1.0
2026-08-08,824079,CHC,KC,Clay Holmes,Seth Lugo,CHC,0.4498185608488527,0.5501814391511473,2026-08-08T23:10:00Z,,,,,,,,,,,v2:logistic:through_2025-09-28,KC,6,3,Final,0.0
2026-08-08,824565,CLE,CWS,Gavin Williams,Anthony Kay,CWS,0.5079722210451459,0.492027778954854,2026-08-08T23:15:00Z,,,,,,,,,,,v2:logistic:through_2025-09-28,CWS,6,3,Final,1.0
2026-08-08,824726,ATH,BOS,Gage Jump,Jake Bennett,BOS,0.6558439796557476,0.3441560203442524,2026-08-08T20:10:00Z,,,,,,,,,,,v2:logistic:through_2025-09-28,ATH,3,7,Final,0.0
2026-08-08,825049,LAD,AZ,Yoshinobu Yamamoto,Brandon Pfaadt,LAD,0.486280892681975,0.513719107318025,2026-08-09T00:10:00Z,,,,,,,,,,,v2:logistic:through_2025-09-28,LAD,1,2,Final,1.0
2026-08-09,822700,CIN,WSH,Brady Singer,Brad Lord,WSH,0.516635065536712,0.483364934463288,2026-08-09T16:15:00Z,,,,,,,,,,,v2:logistic:through_2025-09-28,WSH,7,1,Final,1.0
2026-08-09,822862,BAL,TEX,Cade Povich,Kumar Rocker,TEX,0.5410929813506797,0.4589070186493202,2026-08-09T18:35:00Z,,,,,,,,,,,v2:logistic:through_2025-09-28,BAL,5,10,Final,0.0
2026-08-09,823020,COL,STL,Michael Lorenzen,Michael McGreevy,STL,0.5648063073095855,0.4351936926904145,2026-08-09T18:15:00Z,,,,,,,,,,,v2:logistic:through_2025-09-28,STL,7,4,Final,1.0
2026-08-09,823104,TB,SEA,Ian Seymour,Emerson Hancock,TB,0.4681776001317042,0.5318223998682958,2026-08-09T20:10:00Z,,,,,,,,,,,v2:logistic:through_2025-09-28,TB,1,4,Final,1.0
2026-08-09,823190,DET,SF,Troy Melton,Logan Webb,DET,0.4508211535880725,0.5491788464119275,2026-08-09T20:05:00Z,,,,,,,,,,,v2:logistic:through_2025-09-28,DET,1,3,Final,1.0
2026-08-09,823268,HOU,SD,Cristian Javier,Randy Vásquez,SD,0.5085023617182521,0.4914976382817478,2026-08-10T00:20:00Z,,,,,,,,,,,v2:logistic:through_2025-09-28,SD,7,2,Final,1.0
2026-08-09,823345,NYM,PIT,Sean Manaea,Jared Jones,PIT,0.5777965514831063,0.4222034485168937,2026-08-09T17:35:00Z,,,,,,,,,,,v2:logistic:through_2025-09-28,NYM,1,11,Final,0.0
2026-08-09,823425,TOR,PHI,Shane Bieber,Jesús Luzardo,PHI,0.6184939388086227,0.3815060611913773,2026-08-09T17:35:00Z,,,,,,,,,,,v2:logistic:through_2025-09-28,PHI,7,6,Final,1.0
2026-08-09,823513,ATL,NYY,Grant Holmes,Cam Schlittler,NYY,0.5362280975369343,0.4637719024630656,2026-08-09T17:35:00Z,,,,,,,,,,,v2:logistic:through_2025-09-28,ATL,1,2,Final,0.0
2026-08-09,823751,MIN,MIL,Connor Prielipp,Jacob Misiorowski,MIL,0.6070570563025908,0.3929429436974092,2026-08-09T18:10:00Z,,,,,,,,,,,v2:logistic:through_2025-09-28,MIL,4,3,Final,1.0
2026-08-09,823835,LAA,MIA,Grayson Rodriguez,Ryan Gusto,MIA,0.5878387431230776,0.4121612568769224,2026-08-09T17:40:00Z,,,,,,,,,,,v2:logistic:through_2025-09-28,MIA,12,3,Final,1.0
2026-08-09,824078,CHC,KC,Matthew Boyd,Randy Dobnak,CHC,0.4744932402378679,0.5255067597621321,2026-08-09T18:10:00Z,,,,,,,,,,,v2:logistic:through_2025-09-28,CHC,2,10,Final,1.0
2026-08-09,824564,CLE,CWS,Joey Cantillo,Davis Martin,CWS,0.5181289093501398,0.4818710906498602,2026-08-09T18:10:00Z,,,,,,,,,,,v2:logistic:through_2025-09-28,CWS,5,3,Final,1.0
2026-08-09,824724,ATH,BOS,J.T. Ginn,Erik Miller,BOS,0.6536875871575878,0.3463124128424122,2026-08-09T17:35:00Z,,,,,,,,,,,v2:logistic:through_2025-09-28,ATH,3,4,Final,0.0
2026-08-09,825050,LAD,AZ,Justin Wrobleski,Eduardo Rodriguez,LAD,0.4891953422464575,0.5108046577535424,2026-08-09T20:10:00Z,,,,,,,,,,,v2:logistic:through_2025-09-28,AZ,4,2,Final,0.0
2026-08-10,822780,BOS,TOR,Sonny Gray,Jameson Taillon,BOS,0.4217498883835465,0.5782501116164535,2026-08-10T23:07:00Z,,,,,,,,,,,v2:logistic:through_2025-09-28,TOR,2,1,Final,0.0
2026-08-10,823018,PHI,STL,Andrew Painter,Hunter Dobbins,STL,0.5223290027420303,0.4776709972579697,2026-08-10T23:45:00Z,,,,,,,,,,,v2:logistic:through_2025-09-28,PHI,5,6,Final,0.0
2026-08-10,823189,HOU,SF,Hayden Wesneski,Blade Tidwell,HOU,0.4544301044858872,0.5455698955141128,2026-08-11T01:45:00Z,,,,,,,,,,,v2:logistic:through_2025-09-28,HOU,3,6,Final,1.0
2026-08-10,823265,MIL,SD,Logan Henderson,Casey Mize,SD,0.5041904708901028,0.4958095291098972,2026-08-11T01:40:00Z,,,,,,,,,,,v2:logistic:through_2025-09-28,SD,3,2,Final,1.0
2026-08-10,823675,BAL,MIN,Trevor Rogers,Dean Kremer,MIN,0.5340088349114929,0.4659911650885071,2026-08-10T23:40:00Z,,,,,,,,,,,v2:logistic:through_2025-09-28,MIN,9,5,Final,1.0
2026-08-10,823918,KC,LAD,Noah Cameron,Tarik Skubal,LAD,0.6122083654814022,0.3877916345185977,2026-08-11T02:10:00Z,,,,,,,,,,,v2:logistic:through_2025-09-28,LAD,6,5,Final,1.0
2026-08-10,823998,TEX,LAA,MacKenzie Gore,Reid Detmers,LAA,0.5114475568262429,0.4885524431737571,2026-08-11T01:38:00Z,,,,,,,,,,,v2:logistic:through_2025-09-28,TEX,1,4,Final,0.0
2026-08-10,824887,NYM,ATL,Christian Scott,Bryce Elder,ATL,0.546436965581603,0.4535630344183969,2026-08-10T23:15:00Z,,,,,,,,,,,v2:logistic:through_2025-09-28,NYM,5,8,Final,0.0
2026-08-10,824969,TB,ATH,Freddy Peralta,Jacob Lopez,TB,0.4235271154173698,0.5764728845826301,2026-08-11T01:40:00Z,,,,,,,,,,,v2:logistic:through_2025-09-28,TB,6,10,Final,1.0
2026-08-10,825048,COL,AZ,Gabriel Hughes,Michael Soroka,AZ,0.5575766643196551,0.4424233356803448,2026-08-11T01:40:00Z,,,,,,,,,,,v2:logistic:through_2025-09-28,AZ,9,0,Final,1.0
2026-08-11,822697,CHC,WSH,Shota Imanaga,Jake Irvin,CHC,0.4923064014837822,0.5076935985162178,2026-08-11T22:45:00Z,,,,,,,,,,,v2:logistic:through_2025-09-28,CHC,6,8,Final,1.0
2026-08-11,822778,BOS,TOR,Patrick Sandoval,Dylan Cease,BOS,0.4815074577625421,0.5184925422374578,2026-08-11T23:07:00Z,,,,,,,,,,,v2:logistic:through_2025-09-28,TOR,5,3,Final,0.0
2026-08-11,823019,PHI,STL,Cristopher Sánchez,Andre Pallante,STL,0.506590445945726,0.493409554054274,2026-08-11T23:45:00Z,,,,,,,,,,,v2:logistic:through_2025-09-28,STL,2,0,Final,1.0
2026-08-11,823186,HOU,SF,Hunter Brown,Carson Whisenhunt,HOU,0.4331258211310542,0.5668741788689458,2026-08-12T01:45:00Z,,,,,,,,,,,v2:logistic:through_2025-09-28,SF,4,1,Final,0.0
2026-08-11,823264,MIL,SD,Kyle Harrison,Walker Buehler,MIL,0.4848426467431013,0.5151573532568987,2026-08-12T01:40:00Z,,,,,,,,,,,v2:logistic:through_2025-09-28,SD,11,2,Final,0.0
2026-08-11,823512,SEA,NYY,Bryan Woo,Ryan Weathers,NYY,0.5565878059599,0.4434121940401,2026-08-11T23:05:00Z,,,,,,,,,,,v2:logistic:through_2025-09-28,NYY,4,1,Final,1.0
2026-08-11,823673,BAL,MIN,Brandon Young,Bailey Ober,MIN,0.5445056458414183,0.4554943541585817,2026-08-11T23:40:00Z,,,,,,,,,,,v2:logistic:through_2025-09-28,BAL,2,5,Final,0.0
2026-08-11,823832,PIT,MIA,Paul Skenes,Eury Pérez,MIA,0.5518084174668105,0.4481915825331894,2026-08-11T22:40:00Z,,,,,,,,,,,v2:logistic:through_2025-09-28,MIA,2,0,Final,1.0
2026-08-11,823917,KC,LAD,Michael Wacha,Blake Snell,LAD,0.6188427467927046,0.3811572532072954,2026-08-12T02:10:00Z,,,,,,,,,,,v2:logistic:through_2025-09-28,LAD,5,4,Final,1.0
2026-08-11,823997,TEX,LAA,Cody Bradford,Ryan Johnson,TEX,0.4695023082477562,0.5304976917522438,2026-08-12T01:38:00Z,,,,,,,,,,,v2:logistic:through_2025-09-28,LAA,3,2,Final,0.0
2026-08-11,824240,CLE,DET,Tanner Bibee,Drew Anderson,DET,0.6135179409337437,0.3864820590662563,2026-08-11T22:40:00Z,,,,,,,,,,,v2:logistic:through_2025-09-28,DET,6,4,Final,1.0
2026-08-11,824563,CIN,CWS,Nick Lodolo,Sean Burke,CWS,0.5810735905372416,0.4189264094627584,2026-08-11T23:40:00Z,,,,,,,,,,,v2:logistic:through_2025-09-28,CIN,4,5,Final,0.0
2026-08-11,824886,NYM,ATL,Nolan McLean,Martín Pérez,ATL,0.5459911788500614,0.4540088211499385,2026-08-11T23:15:00Z,,,,,,,,,,,v2:logistic:through_2025-09-28,ATL,4,0,Final,1.0
2026-08-11,824970,TB,ATH,Nick Martinez,Mason Barnett,TB,0.4227053852341731,0.5772946147658269,2026-08-12T01:40:00Z,,,,,,,,,,,v2:logistic:through_2025-09-28,TB,4,12,Final,1.0
2026-08-11,825046,COL,AZ,Tomoyuki Sugano,Mitch Bratt,AZ,0.5664070364820623,0.4335929635179377,2026-08-12T01:40:00Z,,,,,,,,,,,v2:logistic:through_2025-09-28,COL,2,3,Final,0.0
2026-08-12,822698,CHC,WSH,David Peterson,Jackson Kent,CHC,0.4911206087397184,0.5088793912602816,2026-08-12T22:45:00Z,,,,,,,,,,,v2:logistic:through_2025-09-28,CHC,6,12,Final,1.0
2026-08-12,822779,BOS,TOR,Ranger Suarez,José Soriano,BOS,0.4284318858786762,0.5715681141213238,2026-08-12T23:07:00Z,,,,,,,,,,,v2:logistic:through_2025-09-28,TOR,6,4,Final,0.0
2026-08-12,823017,PHI,STL,Zack Wheeler,Kyle Leahy,STL,0.50009638068932,0.4999036193106799,2026-08-12T18:15:00Z,,,,,,,,,,,v2:logistic:through_2025-09-28,STL,7,1,Final,1.0
2026-08-12,823187,HOU,SF,Bryan King,Adrian Houser,HOU,0.4622637795433632,0.5377362204566368,2026-08-12T19:45:00Z,,,,,,,,,,,v2:logistic:through_2025-09-28,HOU,1,2,Final,1.0
2026-08-12,823263,MIL,SD,Dustin May,Robbie Ray,SD,0.523816083306709,0.4761839166932909,2026-08-12T20:10:00Z,,,,,,,,,,,v2:logistic:through_2025-09-28,SD,4,3,Final,1.0
2026-08-12,823511,SEA,NYY,Bryce Miller,Will Warren,NYY,0.5531382618385792,0.4468617381614208,2026-08-12T23:05:00Z,,,,,,,,,,,v2:logistic:through_2025-09-28,NYY,10,5,Final,1.0
2026-08-12,823672,BAL,MIN,Shane Baz,Zebby Matthews,MIN,0.5302923965740016,0.4697076034259984,2026-08-12T17:40:00Z,,,,,,,,,,,v2:logistic:through_2025-09-28,MIN,7,5,Final,1.0
2026-08-12,823833,PIT,MIA,Carmen Mlodzinski,Janson Junk,MIA,0.5535566989963587,0.4464433010036412,2026-08-12T22:40:00Z,,,,,,,,,,,v2:logistic:through_2025-09-28,MIA,8,2,Final,1.0
2026-08-12,823916,KC,LAD,Daniel Lynch IV,Eric Lauer,LAD,0.610745995995201,0.389254004004799,2026-08-13T02:10:00Z,,,,,,,,,,,v2:logistic:through_2025-09-28,LAD,4,2,Final,1.0
2026-08-12,823994,TEX,LAA,Cal Quantrill,George Klassen,TEX,0.4675179589472604,0.5324820410527396,2026-08-13T02:10:00Z,,,,,,,,,,,v2:logistic:through_2025-09-28,LAA,5,2,Final,0.0
2026-08-12,824241,CLE,DET,Foster Griffin,Framber Valdez,DET,0.5887840717785412,0.4112159282214588,2026-08-12T22:40:00Z,,,,,,,,,,,v2:logistic:through_2025-09-28,CLE,4,6,Final,0.0
2026-08-12,824562,CIN,CWS,Rhett Lowder,Luis Castillo,CWS,0.5468104459002329,0.4531895540997671,2026-08-12T23:40:00Z,,,,,,,,,,,v2:logistic:through_2025-09-28,CWS,5,0,Final,1.0
2026-08-12,824883,NYM,ATL,Zac Thornton,Tyler Mahle,ATL,0.5959212764093401,0.4040787235906599,2026-08-12T23:15:00Z,,,,,,,,,,,v2:logistic:through_2025-09-28,ATL,6,3,Final,1.0
2026-08-12,824967,TB,ATH,Drew Rasmussen,Jack Perkins,TB,0.3850338246715968,0.6149661753284033,2026-08-12T19:05:00Z,,,,,,,,,,,v2:logistic:through_2025-09-28,TB,4,8,Final,1.0
2026-08-12,825047,COL,AZ,Ryan Feltner,Merrill Kelly,AZ,0.5689334926504392,0.4310665073495607,2026-08-12T19:40:00Z,,,,,,,,,,,v2:logistic:through_2025-09-28,COL,4,6,Final,0.0
2026-08-13,822696,CHC,WSH,Kevin Gausman,Cade Cavalli,CHC,0.4938166212652032,0.5061833787347967,2026-08-13T20:05:00Z,,,,,,,,,,,v2:logistic:through_2025-09-28,WSH,7,0,Final,0.0
2026-08-13,822776,BOS,TOR,Payton Tolle,Max Scherzer,BOS,0.4237802906722717,0.5762197093277283,2026-08-13T19:07:00Z,,,,,,,,,,,v2:logistic:through_2025-09-28,BOS,0,7,Final,1.0
2026-08-13,823508,SEA,NYY,Logan Gilbert,Max Fried,NYY,0.5718945024770401,0.4281054975229599,2026-08-13T17:35:00Z,,,,,,,,,,,v2:logistic:through_2025-09-28,SEA,0,1,Final,0.0
2026-08-13,823669,PHI,MIN,Aaron Nola,Taj Bradley,MIN,0.532213851530176,0.467786148469824,2026-08-13T23:30:00Z,,,,,,,,,,,v2:logistic:through_2025-09-28,PHI,1,7,Final,0.0
2026-08-13,823829,PIT,MIA,Braxton Ashcraft,Tyler Phillips,MIA,0.5489251938966022,0.4510748061033978,2026-08-13T17:10:00Z,,,,,,,,,,,v2:logistic:through_2025-09-28,PIT,1,13,Final,0.0
2026-08-13,823915,MIL,LAD,Shane Drohan,Roki Sasaki,LAD,0.549601293979443,0.450398706020557,2026-08-14T02:10:00Z,,,,,,,,,,,v2:logistic:through_2025-09-28,MIL,4,5,Final,0.0
2026-08-13,823995,TEX,LAA,Jacob deGrom,Walbert Ureña,TEX,0.4905218544215782,0.5094781455784217,2026-08-14T02:07:00Z,,,,,,,,,,,v2:logistic:through_2025-09-28,LAA,7,0,Final,0.0
2026-08-13,824238,CLE,DET,Parker Messick,Keider Montero,DET,0.5721040484174266,0.4278959515825734,2026-08-13T17:10:00Z,,,,,,,,,,,v2:logistic:through_2025-09-28,DET,3,0,Final,1.0
2026-08-13,824561,CIN,CWS,Andrew Abbott,Davis Martin,CWS,0.5599506721089822,0.4400493278910178,2026-08-13T17:10:00Z,,,,,,,,,,,v2:logistic:through_2025-09-28,CIN,8,9,Final,0.0
2026-08-14,822777,NYY,TOR,Gerrit Cole,Shane Bieber,NYY,0.4373816081954448,0.5626183918045551,2026-08-14T23:15:00Z,,,,,,,,,,,v2:logistic:through_2025-09-28,TOR,3,1,Final,0.0
2026-08-14,822942,BAL,TB,Chris Bassitt,Steven Matz,TB,0.6296998153630821,0.3703001846369179,2026-08-14T23:10:00Z,,,,,,,,,,,v2:logistic:through_2025-09-28,BAL,5,6,Final,0.0
2026-08-14,823185,COL,SF,Kyle Freeland,Landen Roupp,SF,0.5121716503036348,0.4878283496963652,2026-08-15T02:15:00Z,,,,,,,,,,,v2:logistic:through_2025-09-28,COL,2,5,Final,0.0
2026-08-14,823346,BOS,PIT,Jake Bennett,Bubba Chandler,BOS,0.4750507358882672,0.5249492641117328,2026-08-14T22:40:00Z,,,,,,,,,,,v2:logistic:through_2025-09-28,PIT,8,4,Final,0.0
2026-08-14,823591,WSH,NYM,Andrew Alvarez,Robert Stock,WSH,0.4994062452470143,0.5005937547529857,2026-08-14T23:10:00Z,,,,,,,,,,,v2:logistic:through_2025-09-28,NYM,4,1,Final,0.0
2026-08-14,823913,MIL,LAD,Robert Gasser,Yoshinobu Yamamoto,LAD,0.5394869357985386,0.4605130642014614,2026-08-15T02:10:00Z,,,,,,,,,,,v2:logistic:through_2025-09-28,LAD,3,1,Final,1.0
2026-08-14,823993,KC,LAA,Seth Lugo,Grayson Rodriguez,LAA,0.538356062813019,0.461643937186981,2026-08-15T01:38:00Z,,,,,,,,,,,v2:logistic:through_2025-09-28,KC,6,7,Final,0.0
2026-08-14,824159,SEA,HOU,George Kirby,Peter Lambert,HOU,0.5876036471021374,0.4123963528978626,2026-08-15T00:10:00Z,,,,,,,,,,,v2:logistic:through_2025-09-28,HOU,10,7,Final,1.0
2026-08-14,824237,CWS,DET,Sean Newcomb,Jackson Jobe,DET,0.5399366737399877,0.4600633262600123,2026-08-14T22:40:00Z,,,,,,,,,,,v2:logistic:through_2025-09-28,CWS,5,9,Final,0.0
2026-08-14,824399,SD,CLE,Michael King,Gavin Williams,CLE,0.5225999186334532,0.4774000813665467,2026-08-14T23:10:00Z,,,,,,,,,,,v2:logistic:through_2025-09-28,SD,5,7,Final,0.0
2026-08-14,824479,MIA,CIN,Sandy Alcantara,Chase Burns,CIN,0.5116673990831276,0.4883326009168723,2026-08-14T22:10:00Z,,,,,,,,,,,v2:logistic:through_2025-09-28,CIN,1,0,Final,1.0
2026-08-14,824643,STL,CHC,Matthew Liberatore,Clay Holmes,CHC,0.5780124041159341,0.4219875958840658,2026-08-14T18:20:00Z,,,,,,,,,,,v2:logistic:through_2025-09-28,CHC,3,0,Final,1.0
2026-08-14,824882,AZ,ATL,Brandon Pfaadt,Chris Sale,ATL,0.5905459528253653,0.4094540471746347,2026-08-14T23:15:00Z,,,,,,,,,,,v2:logistic:through_2025-09-28,AZ,0,2,Final,0.0
2026-08-14,824968,TEX,ATH,Kumar Rocker,Gage Jump,ATH,0.5037398417416764,0.4962601582583236,2026-08-15T01:40:00Z,,,,,,,,,,,v2:logistic:through_2025-09-28,ATH,8,3,Final,1.0
2026-08-15,822775,NYY,TOR,Cam Schlittler,Braydon Fisher,NYY,0.4259545092664322,0.5740454907335678,2026-08-15T19:07:00Z,,,,,,,,,,,v2:logistic:through_2025-09-28,TOR,4,1,Final,0.0
2026-08-15,822941,BAL,TB,Kyle Bradish,Ian Seymour,TB,0.6181037029275738,0.3818962970724262,2026-08-15T22:10:00Z,,,,,,,,,,,v2:logistic:through_2025-09-28,BAL,3,4,Final,0.0
2026-08-15,823184,COL,SF,Michael Lorenzen,Logan Webb,SF,0.5419777833412621,0.4580222166587379,2026-08-15T20:05:00Z,,,,,,,,,,,v2:logistic:through_2025-09-28,SF,7,1,Final,1.0
2026-08-15,823347,BOS,PIT,Sonny Gray,Jared Jones,PIT,0.5086339174426885,0.4913660825573115,2026-08-15T23:15:00Z,,,,,,,,,,,v2:logistic:through_2025-09-28,BOS,0,4,Final,0.0
2026-08-15,823588,WSH,NYM,Brad Lord,Sean Manaea,NYM,0.5250466781142612,0.4749533218857388,2026-08-15T20:10:00Z,,,,,,,,,,,v2:logistic:through_2025-09-28,NYM,5,4,Final,1.0
2026-08-15,823671,PHI,MIN,Jesús Luzardo,Connor Prielipp,PHI,0.4859301394616742,0.5140698605383258,2026-08-15T23:10:00Z,,,,,,,,,,,v2:logistic:through_2025-09-28,PHI,1,9,Final,1.0
2026-08-15,823914,MIL,LAD,Jacob Misiorowski,Justin Wrobleski,MIL,0.4953604288551492,0.5046395711448508,2026-08-15T23:15:00Z,,,,,,,,,,,v2:logistic:through_2025-09-28,MIL,1,4,Final,1.0
2026-08-15,823990,KC,LAA,Randy Dobnak,Reid Detmers,LAA,0.5589758069873767,0.4410241930126233,2026-08-16T01:38:00Z,,,,,,,,,,,v2:logistic:through_2025-09-28,LAA,1,0,Final,1.0
2026-08-15,824157,SEA,HOU,Emerson Hancock,Hayden Wesneski,HOU,0.5732307305820469,0.4267692694179531,2026-08-15T23:10:00Z,,,,,,,,,,,v2:logistic:through_2025-09-28,SEA,5,10,Final,0.0
2026-08-15,824239,CWS,DET,Anthony Kay,Troy Melton,DET,0.5746391149039296,0.4253608850960704,2026-08-15T17:10:00Z,,,,,,,,,,,v2:logistic:through_2025-09-28,CWS,3,4,Final,0.0
2026-08-15,824400,SD,CLE,Wandy Peralta,Joey Cantillo,SD,0.4743487221851267,0.5256512778148733,2026-08-15T23:10:00Z,,,,,,,,,,,v2:logistic:through_2025-09-28,CLE,6,1,Final,0.0
2026-08-15,824480,MIA,CIN,Ryan Gusto,Brady Singer,CIN,0.5204811346616101,0.4795188653383899,2026-08-15T22:40:00Z,,,,,,,,,,,v2:logistic:through_2025-09-28,MIA,4,8,Final,0.0
2026-08-15,824644,STL,CHC,Michael McGreevy,Matthew Boyd,CHC,0.5848436838531587,0.4151563161468413,2026-08-15T18:20:00Z,,,,,,,,,,,v2:logistic:through_2025-09-28,STL,4,8,Final,0.0
2026-08-15,824884,AZ,ATL,Eduardo Rodriguez,Grant Holmes,ATL,0.5325784320838198,0.4674215679161801,2026-08-15T23:15:00Z,,,,,,,,,,,v2:logistic:through_2025-09-28,AZ,3,10,Final,0.0
2026-08-15,824966,TEX,ATH,MacKenzie Gore,J.T. Ginn,TEX,0.4845356063939785,0.5154643936060215,2026-08-16T01:40:00Z,,,,,,,,,,,v2:logistic:through_2025-09-28,TEX,3,5,Final,1.0
2026-08-16,822774,NYY,TOR,Ryan Weathers,Dylan Cease,TOR,0.5121329849146912,0.4878670150853088,2026-08-16T17:37:00Z,,,,,,,,,,,v2:logistic:through_2025-09-28,NYY,3,4,Final,0.0
2026-08-16,822940,BAL,TB,Trevor Rogers,Freddy Peralta,TB,0.5832073747590121,0.4167926252409879,2026-08-16T16:15:00Z,,,,,,,,,,,v2:logistic:through_2025-09-28,BAL,2,10,Final,0.0
2026-08-16,823182,COL,SF,Gabriel Hughes,Blade Tidwell,SF,0.528030936416427,0.471969063583573,2026-08-16T20:05:00Z,,,,,,,,,,,v2:logistic:through_2025-09-28,COL,7,13,Final,0.0
2026-08-16,823344,BOS,PIT,Patrick Sandoval,Lake Bachar,PIT,0.5256116634791792,0.4743883365208208,2026-08-16T17:35:00Z,,,,,,,,,,,v2:logistic:through_2025-09-28,PIT,8,3,Final,1.0
2026-08-16,823590,WSH,NYM,Jake Irvin,Christian Scott,NYM,0.5248954291897742,0.4751045708102258,2026-08-16T17:40:00Z,,,,,,,,,,,v2:logistic:through_2025-09-28,NYM,4,3,Final,1.0
2026-08-16,823670,PHI,MIN,Andrew Painter,Dean Kremer,MIN,0.5133375964282967,0.4866624035717033,2026-08-16T18:10:00Z,,,,,,,,,,,v2:logistic:through_2025-09-28,PHI,5,7,Final,0.0
2026-08-16,823912,MIL,LAD,Logan Henderson,Tarik Skubal,LAD,0.5464860898320171,0.4535139101679829,2026-08-16T20:10:00Z,,,,,,,,,,,v2:logistic:through_2025-09-28,MIL,2,6,Final,0.0
2026-08-16,823991,KC,LAA,Noah Cameron,Ryan Johnson,LAA,0.543254584200439,0.4567454157995609,2026-08-16T20:07:00Z,,,,,,,,,,,v2:logistic:through_2025-09-28,KC,0,3,Final,0.0
2026-08-16,824156,SEA,HOU,Bryan Woo,Hunter Brown,HOU,0.5532762010372817,0.4467237989627183,2026-08-16T23:20:00Z,,,,,,,,,,,v2:logistic:through_2025-09-28,SEA,2,3,Final,0.0
2026-08-16,824236,CWS,DET,Sean Burke,Drew Anderson,DET,0.5364256881125183,0.4635743118874816,2026-08-16T17:40:00Z,,,,,,,,,,,v2:logistic:through_2025-09-28,CWS,5,7,Final,0.0
2026-08-16,824397,SD,CLE,Casey Mize,Tanner Bibee,SD,0.4862674145804465,0.5137325854195535,2026-08-16T17:40:00Z,,,,,,,,,,,v2:logistic:through_2025-09-28,SD,0,5,Final,1.0
2026-08-16,824477,MIA,CIN,Eury Pérez,Nick Lodolo,MIA,0.4745239461255013,0.5254760538744987,2026-08-16T17:40:00Z,,,,,,,,,,,v2:logistic:through_2025-09-28,MIA,1,7,Final,1.0
2026-08-16,824642,STL,CHC,Hunter Dobbins,Edward Cabrera,CHC,0.5743756968281514,0.4256243031718486,2026-08-16T19:15:00Z,,,,,,,,,,,v2:logistic:through_2025-09-28,STL,4,11,Final,0.0
2026-08-16,824880,AZ,ATL,Michael Soroka,Bryce Elder,AZ,0.4958699665547393,0.5041300334452608,2026-08-16T17:35:00Z,,,,,,,,,,,v2:logistic:through_2025-09-28,ATL,5,3,Final,0.0
2026-08-16,824965,TEX,ATH,Cody Bradford,Jacob Lopez,TEX,0.4901096783439439,0.5098903216560561,2026-08-16T20:05:00Z,,,,,,,,,,,v2:logistic:through_2025-09-28,ATH,5,2,Final,0.0
2026-08-17,822939,BAL,TB,Brandon Young,Shane McClanahan,TB,0.5920377997972023,0.4079622002027977,2026-08-17T22:05:00Z,,,,,,,,,,,v2:logistic:through_2025-09-28,TB,7,6,Final,1.0
2026-08-17,823343,DET,PIT,Framber Valdez,Carmen Mlodzinski,PIT,0.5227452362281497,0.4772547637718503,2026-08-17T23:05:00Z,,,,,,,,,,,v2:logistic:through_2025-09-28,DET,5,8,Final,0.0
2026-08-17,823427,MIA,PHI,Janson Junk,Cristopher Sánchez,PHI,0.5704989073308364,0.4295010926691636,2026-08-17T22:40:00Z,,,,,,,,,,,v2:logistic:through_2025-09-28,PHI,6,5,Final,1.0
2026-08-17,823589,SD,NYM,Walker Buehler,Nolan McLean,NYM,0.5229919987904705,0.4770080012095294,2026-08-17T23:10:00Z,,,,,,,,,,,v2:logistic:through_2025-09-28,NYM,2,1,Final,1.0
2026-08-17,823668,ATL,MIN,Martín Pérez,Bailey Ober,ATL,0.4953175717041278,0.5046824282958722,2026-08-17T23:40:00Z,,,,,,,,,,,v2:logistic:through_2025-09-28,MIN,4,2,Final,0.0
2026-08-17,824077,ATH,KC,Mason Barnett,Michael Wacha,KC,0.5497708658363651,0.4502291341636348,2026-08-17T23:40:00Z,,,,,,,,,,,v2:logistic:through_2025-09-28,KC,9,5,Final,1.0
2026-08-17,824320,LAD,COL,Blake Snell,Tomoyuki Sugano,LAD,0.4273221161241072,0.5726778838758928,2026-08-18T00:40:00Z,,,,,,,,,,,v2:logistic:through_2025-09-28,LAD,5,11,Final,1.0
2026-08-17,824478,STL,CIN,Andre Pallante,Rhett Lowder,STL,0.4843319395020452,0.5156680604979548,2026-08-17T22:40:00Z,,,,,,,,,,,v2:logistic:through_2025-09-28,CIN,6,5,Final,0.0
2026-08-17,824514,STL,CIN,Quinn Mathews,Kent Emanuel,STL,0.4938148967392974,0.5061851032607025,2026-08-17T17:40:00Z,,,,,,,,,,,v2:logistic:through_2025-09-28,STL,1,2,Final,1.0
2026-08-17,824641,CWS,CHC,Luis Castillo,Shota Imanaga,CHC,0.5635527694977027,0.4364472305022973,2026-08-18T00:05:00Z,,,,,,,,,,,v2:logistic:through_2025-09-28,CHC,7,5,Final,1.0
2026-08-17,824725,AZ,BOS,Mitch Bratt,Alec Gamboa,BOS,0.5370886846192551,0.4629113153807449,2026-08-17T23:10:00Z,,,,,,,,,,,v2:logistic:through_2025-09-28,BOS,11,1,Final,1.0
2026-08-18,822859,WSH,TEX,Jackson Kent,Cal Quantrill,WSH,0.4937975405497079,0.5062024594502921,2026-08-19T00:05:00Z,,,,,,,,,,,v2:logistic:through_2025-09-28,TEX,5,0,Final,0.0
2026-08-18,822938,TOR,TB,José Soriano,Nick Martinez,TB,0.5907468543633588,0.4092531456366411,2026-08-18T22:40:00Z,,,,,,,,,,,v2:logistic:through_2025-09-28,TOR,5,10,Final,0.0
2026-08-18,823341,DET,PIT,Keider Montero,Braxton Ashcraft,PIT,0.5301215117444307,0.4698784882555693,2026-08-18T22:40:00Z,,,,,,,,,,,v2:logistic:through_2025-09-28,PIT,4,1,Final,1.0
2026-08-18,823423,MIA,PHI,Cade Gibson,Zack Wheeler,PHI,0.5999589245913834,0.4000410754086165,2026-08-18T22:40:00Z,,,,,,,,,,,v2:logistic:through_2025-09-28,PHI,6,4,Final,1.0
2026-08-18,823586,SD,NYM,Robbie Ray,Zac Thornton,SD,0.4985562708720832,0.5014437291279168,2026-08-18T23:10:00Z,,,,,,,,,,,v2:logistic:through_2025-09-28,SD,2,5,Final,1.0
2026-08-18,823667,ATL,MIN,Tyler Mahle,Zebby Matthews,ATL,0.4883089684389467,0.5116910315610532,2026-08-18T23:40:00Z,,,,,,,,,,,v2:logistic:through_2025-09-28,MIN,4,1,Final,0.0
2026-08-18,823749,SEA,MIL,Bryce Miller,Kyle Harrison,MIL,0.5981360176667674,0.4018639823332326,2026-08-18T23:40:00Z,,,,,,,,,,,v2:logistic:through_2025-09-28,MIL,22,0,Final,1.0
2026-08-18,824075,ATH,KC,Brady Basso,Daniel Lynch IV,KC,0.5209500991775349,0.4790499008224651,2026-08-18T23:40:00Z,,,,,,,,,,,v2:logistic:through_2025-09-28,KC,4,3,Final,1.0
2026-08-18,824154,LAA,HOU,George Klassen,Cristian Javier,HOU,0.5857781130517012,0.4142218869482987,2026-08-19T00:10:00Z,,,,,,,,,,,v2:logistic:through_2025-09-28,LAA,1,3,Final,0.0
2026-08-18,824319,LAD,COL,Eric Lauer,Ryan Feltner,LAD,0.4534105617716242,0.5465894382283758,2026-08-19T00:40:00Z,,,,,,,,,,,v2:logistic:through_2025-09-28,LAD,6,7,Final,1.0
2026-08-18,824398,SF,CLE,Carson Whisenhunt,Foster Griffin,CLE,0.5841389285196514,0.4158610714803485,2026-08-18T22:40:00Z,,,,,,,,,,,v2:logistic:through_2025-09-28,CLE,8,1,Final,1.0
2026-08-18,824475,STL,CIN,Kyle Leahy,Andrew Abbott,STL,0.4614043512340962,0.5385956487659038,2026-08-18T22:40:00Z,,,,,,,,,,,v2:logistic:through_2025-09-28,STL,0,3,Final,1.0
2026-08-18,824639,CWS,CHC,Bryan Hudson,Kevin Gausman,CHC,0.564461129073044,0.435538870926956,2026-08-19T00:05:00Z,,,,,,,,,,,v2:logistic:through_2025-09-28,CHC,4,3,Final,1.0
2026-08-18,824723,AZ,BOS,Merrill Kelly,Ranger Suarez,BOS,0.5952541648404467,0.4047458351595533,2026-08-18T23:10:00Z,,,,,,,,,,,v2:logistic:through_2025-09-28,BOS,9,4,Final,1.0
2026-08-18,824803,NYY,BAL,Carlos Rodón,Shane Baz,BAL,0.5332411445303344,0.4667588554696655,2026-08-18T22:35:00Z,,,,,,,,,,,v2:logistic:through_2025-09-28,NYY,1,3,Final,0.0
2026-08-19,822860,WSH,TEX,Cade Cavalli,Kumar Rocker,WSH,0.4752757107586047,0.5247242892413952,2026-08-20T00:05:00Z,,,,,,,,,,,v2:logistic:through_2025-09-28,WSH,0,6,Final,1.0
2026-08-19,822937,TOR,TB,Max Scherzer,Drew Rasmussen,TB,0.6236364540368582,0.3763635459631418,2026-08-19T22:40:00Z,,,,,,,,,,,v2:logistic:through_2025-09-28,TB,7,6,Final,1.0
2026-08-19,823342,DET,PIT,Jackson Jobe,Paul Skenes,PIT,0.5338047788056081,0.4661952211943919,2026-08-19T16:35:00Z,,,,,,,,,,,v2:logistic:through_2025-09-28,PIT,4,3,Final,1.0
2026-08-19,823424,MIA,PHI,Sandy Alcantara,Aaron Nola,PHI,0.54480220516188,0.4551977948381199,2026-08-19T22:05:00Z,,,,,,,,,,,v2:logistic:through_2025-09-28,PHI,4,1,Final,1.0
2026-08-19,823587,SD,NYM,Michael King,Robert Stock,SD,0.4779929323583595,0.5220070676416405,2026-08-19T17:10:00Z,,,,,,,,,,,v2:logistic:through_2025-09-28,NYM,4,2,Final,0.0
2026-08-19,823664,ATL,MIN,AJ Smith-Shawver,Taj Bradley,MIN,0.5197522303469807,0.4802477696530193,2026-08-19T17:40:00Z,,,,,,,,,,,v2:logistic:through_2025-09-28,MIN,6,4,Final,1.0
2026-08-19,823748,SEA,MIL,Logan Gilbert,Dustin May,MIL,0.6055974956801964,0.3944025043198036,2026-08-19T23:40:00Z,,,,,,,,,,,v2:logistic:through_2025-09-28,SEA,5,7,Final,0.0
2026-08-19,824076,ATH,KC,Jeffrey Springs,Seth Lugo,KC,0.554174753845135,0.4458252461548649,2026-08-19T23:40:00Z,,,,,,,,,,,v2:logistic:through_2025-09-28,KC,9,7,Final,1.0
2026-08-19,824155,LAA,HOU,Walbert Ureña,Ethan Pecko,HOU,0.5714154305287935,0.4285845694712065,2026-08-20T00:10:00Z,,,,,,,,,,,v2:logistic:through_2025-09-28,HOU,3,2,Final,1.0
2026-08-19,824318,LAD,COL,Roki Sasaki,Kyle Freeland,LAD,0.4706247346426418,0.5293752653573582,2026-08-20T00:40:00Z,,,,,,,,,,,v2:logistic:through_2025-09-28,LAD,4,6,Final,1.0
2026-08-19,824394,SF,CLE,Matt Wilkinson,Parker Messick,CLE,0.5669711506496287,0.4330288493503713,2026-08-19T22:40:00Z,,,,,,,,,,,v2:logistic:through_2025-09-28,SF,0,1,Final,0.0
2026-08-19,824476,STL,CIN,Matthew Liberatore,Chase Burns,STL,0.4924863827599829,0.507513617240017,2026-08-19T22:40:00Z,,,,,,,,,,,v2:logistic:through_2025-09-28,CIN,5,4,Final,0.0
2026-08-19,824640,CWS,CHC,Sean Newcomb,Clay Holmes,CHC,0.5332942714424599,0.4667057285575401,2026-08-19T18:20:00Z,,,,,,,,,,,v2:logistic:through_2025-09-28,CWS,0,3,Final,0.0
2026-08-19,824722,AZ,BOS,Brandon Pfaadt,Payton Tolle,BOS,0.5954157263348677,0.4045842736651323,2026-08-19T20:10:00Z,,,,,,,,,,,v2:logistic:through_2025-09-28,AZ,6,7,Final,0.0
2026-08-19,824801,NYY,BAL,Will Warren,Chris Bassitt,BAL,0.5059492921595017,0.4940507078404983,2026-08-19T22:35:00Z,,,,,,,,,,,v2:logistic:through_2025-09-28,NYY,3,5,Final,0.0
2026-08-20,822861,WSH,TEX,Andrew Alvarez,Jacob deGrom,TEX,0.5160229583185129,0.4839770416814871,2026-08-21T00:05:00Z,,,,,,,,,,,v2:logistic:through_2025-09-28,TEX,2,0,Final,1.0
2026-08-20,822934,TOR,TB,Shane Bieber,Ian Seymour,TB,0.6320877771096785,0.3679122228903215,2026-08-20T17:10:00Z,,,,,,,,,,,v2:logistic:through_2025-09-28,TOR,1,5,Final,0.0
2026-08-20,823747,SEA,MIL,George Kirby,Robert Gasser,MIL,0.6219513563107524,0.3780486436892476,2026-08-20T18:10:00Z,,,,,,,,,,,v2:logistic:through_2025-09-28,MIL,7,4,Final,1.0
2026-08-20,824074,ATH,KC,Gage Jump,Randy Dobnak,KC,0.5320690263846269,0.467930973615373,2026-08-20T18:10:00Z,,,,,,,,,,,v2:logistic:through_2025-09-28,KC,6,2,Final,1.0
2026-08-20,824153,LAA,HOU,Grayson Rodriguez,Peter Lambert,HOU,0.5760065939767979,0.4239934060232021,2026-08-21T00:10:00Z,,,,,,,,,,,v2:logistic:through_2025-09-28,LAA,3,18,Final,0.0
2026-08-20,824395,SF,CLE,Landen Roupp,Gavin Williams,CLE,0.603249203016403,0.396750796983597,2026-08-20T17:10:00Z,,,,,,,,,,,v2:logistic:through_2025-09-28,CLE,5,2,Final,1.0
2026-08-20,824474,STL,CIN,Michael McGreevy,Brady Singer,STL,0.4879723863625848,0.5120276136374151,2026-08-20T16:40:00Z,,,,,,,,,,,v2:logistic:through_2025-09-28,STL,9,10,Final,1.0
2026-08-20,824589,ATL,CWS,Grant Holmes,Anthony Kay,CWS,0.5550840492169318,0.4449159507830682,2026-08-20T18:10:00Z,,,,,,,,,,,v2:logistic:through_2025-09-28,ATL,0,2,Final,0.0
2026-08-20,824802,NYY,BAL,Gerrit Cole,Kyle Bradish,NYY,0.4989115197674832,0.5010884802325168,2026-08-20T22:35:00Z,,,,,,,,,,,v2:logistic:through_2025-09-28,NYY,1,6,Final,1.0
2026-08-21,822857,LAA,TEX,Reid Detmers,MacKenzie Gore,TEX,0.5118334842024204,0.4881665157975796,2026-08-22T00:15:00Z,,,,,,,,,,,v2:logistic:through_2025-09-28,TEX,2,1,Final,1.0
2026-08-21,823101,CHC,SEA,Matthew Boyd,Emerson Hancock,CHC,0.4833850812733296,0.5166149187266704,2026-08-22T02:10:00Z,,,,,,,,,,,v2:logistic:through_2025-09-28,SEA,6,5,Final,0.0
2026-08-21,823262,MIN,SD,Connor Prielipp,Randy Vásquez,SD,0.533568413986743,0.4664315860132569,2026-08-22T01:40:00Z,,,,,,,,,,,v2:logistic:through_2025-09-28,SD,6,2,Final,1.0
2026-08-21,823420,STL,PHI,Hunter Dobbins,Jesús Luzardo,PHI,0.5826977233026308,0.4173022766973692,2026-08-21T22:40:00Z,,,,,,,,,,,v2:logistic:through_2025-09-28,PHI,7,6,Final,1.0
2026-08-21,823510,TOR,NYY,Mason Fluharty,Cam Schlittler,NYY,0.5921761420706727,0.4078238579293273,2026-08-21T23:05:00Z,,,,,,,,,,,v2:logistic:through_2025-09-28,NYY,3,1,Final,1.0
2026-08-21,823746,ATL,MIL,Chris Sale,Jacob Misiorowski,MIL,0.5774959488684761,0.4225040511315239,2026-08-21T20:10:00Z,,,,,,,,,,,v2:logistic:through_2025-09-28,MIL,2,1,Final,1.0
2026-08-21,823830,WSH,MIA,Brad Lord,Ryan Gusto,MIA,0.5416867385286048,0.4583132614713952,2026-08-21T23:10:00Z,,,,,,,,,,,v2:logistic:through_2025-09-28,MIA,3,2,Final,1.0
2026-08-21,823911,PIT,LAD,Bubba Chandler,Yoshinobu Yamamoto,LAD,0.5940335123278475,0.4059664876721525,2026-08-22T02:10:00Z,,,,,,,,,,,v2:logistic:through_2025-09-28,LAD,5,4,Final,1.0
2026-08-21,824072,DET,KC,Troy Melton,Noah Cameron,DET,0.4751583338664833,0.5248416661335167,2026-08-22T00:10:00Z,,,,,,,,,,,v2:logistic:through_2025-09-28,KC,5,2,Final,0.0
2026-08-21,824152,ATH,HOU,J.T. Ginn,Hayden Wesneski,HOU,0.5634640803681928,0.4365359196318071,2026-08-22T00:10:00Z,,,,,,,,,,,v2:logistic:through_2025-09-28,HOU,4,0,Final,1.0
2026-08-21,824317,CLE,COL,Joey Cantillo,Tanner Gordon,CLE,0.4839621900746144,0.5160378099253856,2026-08-22T00:40:00Z,,,,,,,,,,,v2:logistic:through_2025-09-28,CLE,1,9,Final,1.0
2026-08-21,824559,NYM,CWS,Sean Manaea,Sean Burke,CWS,0.5749102229531019,0.4250897770468981,2026-08-21T23:40:00Z,,,,,,,,,,,v2:logistic:through_2025-09-28,CWS,6,4,Final,1.0
2026-08-21,824721,SF,BOS,Logan Webb,Sonny Gray,BOS,0.6161093455905237,0.3838906544094763,2026-08-21T23:10:00Z,,,,,,,,,,,v2:logistic:through_2025-09-28,BOS,6,4,Final,1.0
2026-08-21,824800,TB,BAL,Freddy Peralta,Trevor Rogers,BAL,0.5144080060304783,0.4855919939695217,2026-08-21T23:15:00Z,,,,,,,,,,,v2:logistic:through_2025-09-28,BAL,5,3,Final,1.0
2026-08-21,825045,CIN,AZ,Nick Lodolo,Eduardo Rodriguez,AZ,0.5932472935964892,0.4067527064035108,2026-08-22T01:40:00Z,,,,,,,,,,,v2:logistic:through_2025-09-28,AZ,9,0,Final,1.0
2026-08-22,822858,LAA,TEX,Ryan Johnson,Cody Bradford,TEX,0.5444642278281764,0.4555357721718236,2026-08-22T23:05:00Z,,,,,,,,,,,v2:logistic:through_2025-09-28,LAA,0,3,Final,0.0
2026-08-22,823100,CHC,SEA,David Peterson,Kade Anderson,CHC,0.4672274908966243,0.5327725091033757,2026-08-22T23:15:00Z,,,,,,,,,,,v2:logistic:through_2025-09-28,SEA,5,4,Final,0.0
2026-08-22,823261,MIN,SD,Dean Kremer,Casey Mize,SD,0.5654831705238034,0.4345168294761966,2026-08-23T00:40:00Z,,,,,,,,,,,v2:logistic:through_2025-09-28,SD,7,5,Final,1.0
2026-08-22,823422,STL,PHI,Quinn Mathews,Andrew Painter,PHI,0.5511722034529728,0.4488277965470272,2026-08-22T22:05:00Z,,,,,,,,,,,v2:logistic:through_2025-09-28,PHI,12,3,Final,1.0
2026-08-22,823509,TOR,NYY,Dylan Cease,Ryan Weathers,NYY,0.5550483609101626,0.4449516390898373,2026-08-22T17:35:00Z,,,,,,,,,,,v2:logistic:through_2025-09-28,TOR,3,4,Final,0.0
2026-08-22,823743,ATL,MIL,Martín Pérez,Logan Henderson,MIL,0.5990044563645285,0.4009955436354715,2026-08-22T18:10:00Z,,,,,,,,,,,v2:logistic:through_2025-09-28,MIL,4,1,Final,1.0
2026-08-22,823831,WSH,MIA,Jake Irvin,Eury Pérez,MIA,0.543155750641057,0.4568442493589429,2026-08-22T20:10:00Z,,,,,,,,,,,v2:logistic:through_2025-09-28,MIA,4,2,Final,1.0
2026-08-22,823910,PIT,LAD,Jared Jones,Tarik Skubal,LAD,0.5875535782964199,0.4124464217035801,2026-08-22T23:15:00Z,,,,,,,,,,,v2:logistic:through_2025-09-28,LAD,4,3,Final,1.0
2026-08-22,824073,DET,KC,Drew Anderson,Michael Wacha,DET,0.4831595676494766,0.5168404323505233,2026-08-22T23:15:00Z,,,,,,,,,,,v2:logistic:through_2025-09-28,KC,3,1,Final,0.0
2026-08-22,824151,ATH,HOU,Jacob Lopez,Hunter Brown,HOU,0.5692964506683102,0.4307035493316897,2026-08-22T23:10:00Z,,,,,,,,,,,v2:logistic:through_2025-09-28,ATH,3,4,Final,0.0
2026-08-22,824316,CLE,COL,Tanner Bibee,Gabriel Hughes,CLE,0.4900034110787767,0.5099965889212232,2026-08-23T00:10:00Z,,,,,,,,,,,v2:logistic:through_2025-09-28,CLE,3,4,Final,1.0
2026-08-22,824560,NYM,CWS,Christian Scott,Luis Castillo,CWS,0.5449458579687435,0.4550541420312565,2026-08-22T23:10:00Z,,,,,,,,,,,v2:logistic:through_2025-09-28,NYM,5,10,Final,0.0
2026-08-22,824718,SF,BOS,Blade Tidwell,Patrick Sandoval,BOS,0.6338307708226482,0.3661692291773518,2026-08-22T23:15:00Z,,,,,,,,,,,v2:logistic:through_2025-09-28,BOS,3,2,Final,1.0
2026-08-22,824798,TB,BAL,Shane McClanahan,Brandon Young,BAL,0.5048387153670919,0.4951612846329081,2026-08-22T23:05:00Z,,,,,,,,,,,v2:logistic:through_2025-09-28,BAL,3,2,Final,1.0
2026-08-22,825044,CIN,AZ,Rhett Lowder,Michael Soroka,AZ,0.6184157875317844,0.3815842124682156,2026-08-23T00:10:00Z,,,,,,,,,,,v2:logistic:through_2025-09-28,CIN,5,11,Final,0.0
2026-08-23,822856,LAA,TEX,Yusei Kikuchi,Cal Quantrill,TEX,0.5176631793649509,0.4823368206350491,2026-08-23T18:35:00Z,,,,,,,,,,,v2:logistic:through_2025-09-28,TEX,5,3,Final,1.0
2026-08-23,823099,CHC,SEA,Shota Imanaga,Bryce Miller,CHC,0.4819997343240732,0.5180002656759268,2026-08-23T20:10:00Z,,,,,,,,,,,v2:logistic:through_2025-09-28,CHC,2,19,Final,1.0
2026-08-23,823258,MIN,SD,Bailey Ober,Walker Buehler,SD,0.5563855167046008,0.4436144832953992,2026-08-23T20:10:00Z,,,,,,,,,,,v2:logistic:through_2025-09-28,SD,8,1,Final,1.0
2026-08-23,823421,STL,PHI,Kyle Leahy,Cristopher Sánchez,PHI,0.5748139045250565,0.4251860954749434,2026-08-23T17:35:00Z,,,,,,,,,,,v2:logistic:through_2025-09-28,PHI,6,4,Final,1.0
2026-08-23,823507,TOR,NYY,José Soriano,Carlos Rodón,NYY,0.5599520170833763,0.4400479829166237,2026-08-23T17:35:00Z,,,,,,,,,,,v2:logistic:through_2025-09-28,NYY,8,3,Final,1.0
2026-08-23,823745,ATL,MIL,Tyler Mahle,Shane Drohan,MIL,0.5640983230793412,0.4359016769206588,2026-08-23T23:10:00Z,,,,,,,,,,,v2:logistic:through_2025-09-28,ATL,2,4,Final,0.0
2026-08-23,823827,WSH,MIA,Jackson Kent,Janson Junk,MIA,0.5532741448612134,0.4467258551387866,2026-08-23T17:40:00Z,,,,,,,,,,,v2:logistic:through_2025-09-28,MIA,6,2,Final,1.0
2026-08-23,823909,PIT,LAD,Lake Bachar,Blake Snell,LAD,0.5740196417383278,0.4259803582616722,2026-08-23T20:10:00Z,,,,,,,,,,,v2:logistic:through_2025-09-28,LAD,4,0,Final,1.0
2026-08-23,824071,DET,KC,Jacob Waguespack,Daniel Lynch IV,DET,0.4819735634744501,0.5180264365255499,2026-08-23T18:10:00Z,,,,,,,,,,,v2:logistic:through_2025-09-28,KC,11,7,Final,0.0
2026-08-23,824150,ATH,HOU,Brady Basso,Cristian Javier,HOU,0.538830078781761,0.4611699212182389,2026-08-23T18:10:00Z,,,,,,,,,,,v2:logistic:through_2025-09-28,ATH,6,7,Final,0.0
2026-08-23,824315,CLE,COL,Foster Griffin,Tomoyuki Sugano,CLE,0.4565415735575208,0.5434584264424792,2026-08-23T19:10:00Z,,,,,,,,,,,v2:logistic:through_2025-09-28,CLE,2,7,Final,1.0
2026-08-23,824558,NYM,CWS,Nolan McLean,Sean Newcomb,CWS,0.5563601025674497,0.4436398974325503,2026-08-23T18:10:00Z,,,,,,,,,,,v2:logistic:through_2025-09-28,CWS,2,1,Final,1.0
2026-08-23,824720,SF,BOS,Matt Wilkinson,Jake Bennett,BOS,0.6379882960302352,0.3620117039697648,2026-08-23T19:15:00Z,,,,,,,,,,,v2:logistic:through_2025-09-28,BOS,5,4,Final,1.0
2026-08-23,824799,TB,BAL,Nick Martinez,Shane Baz,BAL,0.5236646530453137,0.4763353469546862,2026-08-23T17:35:00Z,,,,,,,,,,,v2:logistic:through_2025-09-28,TB,1,3,Final,0.0
2026-08-23,825043,CIN,AZ,Andrew Abbott,Mitch Bratt,AZ,0.5756653408477551,0.4243346591522449,2026-08-23T20:15:00Z,,,,,,,,,,,v2:logistic:through_2025-09-28,AZ,5,3,Final,1.0
2026-08-24,822695,COL,WSH,Ryan Feltner,Cade Cavalli,WSH,0.6185822406407568,0.3814177593592431,2026-08-24T22:45:00Z,,,,,,,,,,,v2:logistic:through_2025-09-28,WSH,13,3,Final,1.0
2026-08-24,823097,PHI,SEA,Zack Wheeler,Logan Gilbert,PHI,0.4400382101398799,0.5599617898601201,2026-08-25T01:40:00Z,,,,,,,,,,,v2:logistic:through_2025-09-28,SEA,9,2,Final,0.0
2026-08-24,823183,CIN,SF,Chase Burns,Carson Whisenhunt,SF,0.5002275728246068,0.4997724271753931,2026-08-25T01:45:00Z,,,,,,,,,,,v2:logistic:through_2025-09-28,SF,5,0,Final,1.0
2026-08-24,823260,PIT,SD,Braxton Ashcraft,Robbie Ray,SD,0.532543291177938,0.467456708822062,2026-08-25T01:40:00Z,,,,,,,,,,,v2:logistic:through_2025-09-28,PIT,2,3,Final,0.0
2026-08-24,823828,BOS,MIA,Ranger Suarez,Sandy Alcantara,BOS,0.471026441824129,0.528973558175871,2026-08-24T22:40:00Z,,,,,,,,,,,v2:logistic:through_2025-09-28,BOS,2,4,Final,1.0
2026-08-24,823992,CLE,LAA,Parker Messick,George Klassen,CLE,0.4681419694835598,0.5318580305164402,2026-08-25T01:38:00Z,,,,,,,,,,,v2:logistic:through_2025-09-28,CLE,2,4,Final,1.0
2026-08-24,824235,TB,DET,Drew Rasmussen,Framber Valdez,DET,0.5105692609946229,0.4894307390053771,2026-08-24T22:40:00Z,,,,,,,,,,,v2:logistic:through_2025-09-28,TB,1,4,Final,0.0
2026-08-24,824557,TEX,CWS,Kumar Rocker,José Urquidy,CWS,0.5698143561993552,0.4301856438006448,2026-08-24T23:40:00Z,,,,,,,,,,,v2:logistic:through_2025-09-28,TEX,2,11,Final,0.0
2026-08-24,824964,MIN,ATH,Zebby Matthews,Jeffrey Springs,MIN,0.4859292273500925,0.5140707726499074,2026-08-25T01:40:00Z,,,,,,,,,,,v2:logistic:through_2025-09-28,MIN,6,9,Final,1.0
2026-08-24,825041,CHC,AZ,Kevin Gausman,Merrill Kelly,CHC,0.4892739410161865,0.5107260589838134,2026-08-25T01:40:00Z,,,,,,,,,,,v2:logistic:through_2025-09-28,CHC,0,7,Final,1.0
2026-08-25,822693,COL,WSH,Mason Adams,Andrew Alvarez,WSH,0.5944620972435375,0.4055379027564625,2026-08-25T22:45:00Z,,,,,,,,,,,v2:logistic:through_2025-09-28,COL,1,3,Final,0.0
2026-08-25,822773,KC,TOR,Seth Lugo,Max Scherzer,TOR,0.5237819603688809,0.4762180396311191,2026-08-25T23:07:00Z,,,,,,,,,,,v2:logistic:through_2025-09-28,KC,3,5,Final,0.0
2026-08-25,823016,BAL,STL,Chris Bassitt,Matthew Liberatore,STL,0.5620767674644719,0.4379232325355281,2026-08-25T23:45:00Z,,,,,,,,,,,v2:logistic:through_2025-09-28,BAL,1,13,Final,0.0
2026-08-25,823098,PHI,SEA,Aaron Nola,George Kirby,PHI,0.4530145049811003,0.5469854950188997,2026-08-26T01:40:00Z,,,,,,,,,,,v2:logistic:through_2025-09-28,SEA,4,1,Final,0.0
2026-08-25,823181,CIN,SF,Brady Singer,Adrian Houser,SF,0.5526235722503365,0.4473764277496634,2026-08-26T01:45:00Z,,,,,,,,,,,v2:logistic:through_2025-09-28,SF,3,1,Final,1.0
2026-08-25,823259,PIT,SD,Paul Skenes,Michael King,SD,0.5409786997246034,0.4590213002753965,2026-08-26T01:40:00Z,,,,,,,,,,,v2:logistic:through_2025-09-28,PIT,0,1,Final,0.0
2026-08-25,823505,HOU,NYY,Ethan Pecko,Will Warren,NYY,0.5729913517711074,0.4270086482288926,2026-08-25T23:05:00Z,,,,,,,,,,,v2:logistic:through_2025-09-28,HOU,7,9,Final,0.0
2026-08-25,823585,MIL,NYM,Kyle Harrison,Zac Thornton,MIL,0.4483288987184366,0.5516711012815634,2026-08-25T23:10:00Z,,,,,,,,,,,v2:logistic:through_2025-09-28,NYM,3,2,Final,0.0
2026-08-25,823826,BOS,MIA,Payton Tolle,Tyler Phillips,BOS,0.4632183316198613,0.5367816683801386,2026-08-25T22:40:00Z,,,,,,,,,,,v2:logistic:through_2025-09-28,BOS,3,7,Final,1.0
2026-08-25,823989,CLE,LAA,Gavin Williams,Walbert Ureña,CLE,0.4693249735571882,0.5306750264428117,2026-08-26T01:38:00Z,,,,,,,,,,,v2:logistic:through_2025-09-28,CLE,6,8,Final,1.0
2026-08-25,824233,TB,DET,Casey Legumina,Jackson Jobe,DET,0.5139023523657436,0.4860976476342564,2026-08-25T22:40:00Z,,,,,,,,,,,v2:logistic:through_2025-09-28,DET,4,1,Final,1.0
2026-08-25,824556,TEX,CWS,Jacob deGrom,Anthony Kay,CWS,0.5113535595190761,0.4886464404809238,2026-08-25T23:40:00Z,,,,,,,,,,,v2:logistic:through_2025-09-28,CWS,11,7,Final,1.0
2026-08-25,824881,LAD,ATL,Tyler Glasnow,Bryce Elder,LAD,0.4615689331815625,0.5384310668184376,2026-08-25T23:15:00Z,,,,,,,,,,,v2:logistic:through_2025-09-28,ATL,4,3,Final,0.0
2026-08-25,824962,MIN,ATH,Taj Bradley,Gage Jump,MIN,0.4914781666789414,0.5085218333210586,2026-08-26T01:40:00Z,,,,,,,,,,,v2:logistic:through_2025-09-28,ATH,4,2,Final,0.0
2026-08-25,825042,CHC,AZ,Clay Holmes,Brandon Pfaadt,CHC,0.4956948967717058,0.5043051032282941,2026-08-26T01:40:00Z,,,,,,,,,,,v2:logistic:through_2025-09-28,AZ,5,4,Final,0.0
2026-08-26,822692,COL,WSH,Tanner Gordon,Matt Waldron,WSH,0.582339074885865,0.417660925114135,2026-08-26T22:45:00Z,,,,,,,,,,,v2:logistic:through_2025-09-28,COL,1,13,Final,0.0
2026-08-26,822772,KC,TOR,Randy Dobnak,Spencer Miles,TOR,0.5429996034053682,0.4570003965946317,2026-08-26T23:07:00Z,,,,,,,,,,,v2:logistic:through_2025-09-28,TOR,3,0,Final,1.0
2026-08-26,823015,BAL,STL,Kyle Bradish,Michael McGreevy,STL,0.5162126991525452,0.4837873008474548,2026-08-26T23:45:00Z,,,,,,,,,,,v2:logistic:through_2025-09-28,BAL,7,8,Final,0.0
2026-08-26,823096,PHI,SEA,Jesús Luzardo,Bryan Woo,PHI,0.4581992791841415,0.5418007208158585,2026-08-26T20:10:00Z,,,,,,,,,,,v2:logistic:through_2025-09-28,PHI,0,6,Final,1.0
2026-08-26,823180,CIN,SF,Nick Lodolo,Logan Webb,SF,0.5702752723658032,0.4297247276341968,2026-08-26T19:45:00Z,,,,,,,,,,,v2:logistic:through_2025-09-28,CIN,9,10,Final,0.0
2026-08-26,823255,PIT,SD,Bubba Chandler,Randy Vásquez,SD,0.5358007692404569,0.464199230759543,2026-08-26T20:10:00Z,,,,,,,,,,,v2:logistic:through_2025-09-28,SD,3,0,Final,1.0
2026-08-26,823506,HOU,NYY,Peter Lambert,Elmer Rodríguez,NYY,0.5390223659989827,0.4609776340010173,2026-08-26T23:05:00Z,,,,,,,,,,,v2:logistic:through_2025-09-28,NYY,9,3,Final,1.0
2026-08-26,823584,MIL,NYM,Dustin May,Robert Stock,MIL,0.4754944413830734,0.5245055586169265,2026-08-26T23:10:00Z,,,,,,,,,,,v2:logistic:through_2025-09-28,MIL,1,8,Final,1.0
2026-08-26,823825,BOS,MIA,Sonny Gray,Ryan Gusto,BOS,0.4735898904416482,0.5264101095583518,2026-08-26T22:40:00Z,,,,,,,,,,,v2:logistic:through_2025-09-28,MIA,4,0,Final,0.0
2026-08-26,823988,CLE,LAA,Joey Cantillo,Grayson Rodriguez,CLE,0.4751454261345773,0.5248545738654227,2026-08-26T20:07:00Z,,,,,,,,,,,v2:logistic:through_2025-09-28,CLE,3,4,Final,1.0
2026-08-26,824234,TB,DET,Freddy Peralta,Troy Melton,DET,0.5356907269012011,0.4643092730987989,2026-08-26T17:10:00Z,,,,,,,,,,,v2:logistic:through_2025-09-28,TB,0,3,Final,0.0
2026-08-26,824555,TEX,CWS,MacKenzie Gore,Sean Burke,CWS,0.5511872901615222,0.4488127098384777,2026-08-26T23:40:00Z,,,,,,,,,,,v2:logistic:through_2025-09-28,CWS,10,4,Final,1.0
2026-08-26,824878,LAD,ATL,Roki Sasaki,AJ Smith-Shawver,LAD,0.4961184934039198,0.5038815065960802,2026-08-26T23:15:00Z,,,,,,,,,,,v2:logistic:through_2025-09-28,ATL,6,5,Final,0.0
2026-08-26,824963,MIN,ATH,Connor Prielipp,J.T. Ginn,ATH,0.5010134492254195,0.4989865507745805,2026-08-27T01:05:00Z,,,,,,,,,,,v2:logistic:through_2025-09-28,ATH,7,4,Final,1.0
2026-08-26,825039,CHC,AZ,Matthew Boyd,Eduardo Rodriguez,AZ,0.5060066417702538,0.4939933582297462,2026-08-26T19:40:00Z,,,,,,,,,,,v2:logistic:through_2025-09-28,AZ,2,0,Final,1.0
2026-08-27,822694,COL,WSH,Gabriel Hughes,Jake Irvin,WSH,0.5506358129854266,0.4493641870145733,2026-08-27T17:05:00Z,,,,,,,,,,,v2:logistic:through_2025-09-28,WSH,7,1,Final,1.0
2026-08-27,822771,KC,TOR,Noah Cameron,Spencer Arrighetti,TOR,0.532466859500706,0.4675331404992939,2026-08-27T23:07:00Z,,,,,,,,,,,v2:logistic:through_2025-09-28,KC,2,13,Final,0.0
2026-08-27,823014,BAL,STL,Trevor Rogers,Gordon Graceffo,BAL,0.4930148059159564,0.5069851940840435,2026-08-27T18:15:00Z,,,,,,,,,,,v2:logistic:through_2025-09-28,STL,7,5,Final,0.0
2026-08-27,823179,AZ,SF,Jose Cabrera,Landen Roupp,SF,0.5035185933631385,0.4964814066368614,2026-08-28T01:45:00Z,,,,,,,,,,,v2:logistic:through_2025-09-28,SF,6,1,Final,1.0
2026-08-27,823503,HOU,NYY,Hayden Wesneski,Gerrit Cole,NYY,0.6083650577432563,0.3916349422567436,2026-08-27T23:05:00Z,,,,,,,,,,,v2:logistic:through_2025-09-28,HOU,1,5,Final,0.0
2026-08-27,823581,MIL,NYM,Jacob Misiorowski,Sean Manaea,MIL,0.4284801320127084,0.5715198679872915,2026-08-27T23:10:00Z,,,,,,,,,,,v2:logistic:through_2025-09-28,MIL,2,8,Final,1.0
2026-08-27,824879,LAD,ATL,Yoshinobu Yamamoto,Chris Sale,ATL,0.5317995920461437,0.4682004079538563,2026-08-27T23:15:00Z,,,,,,,,,,,v2:logistic:through_2025-09-28,ATL,1,0,Final,1.0
2026-08-28,822691,MIA,WSH,Eury Pérez,Jackson Kent,WSH,0.5024853176289714,0.4975146823710286,2026-08-28T22:45:00Z,,,,,,,,,,,v2:logistic:through_2025-09-28,WSH,9,2,Final,1.0
2026-08-28,822769,SEA,TOR,Emerson Hancock,Dylan Cease,TOR,0.5898898390902171,0.4101101609097829,2026-08-28T23:15:00Z,,,,,,,,,,,v2:logistic:through_2025-09-28,TOR,8,1,Final,1.0
2026-08-28,822935,SD,TB,Casey Mize,Shane McClanahan,TB,0.5409386176590149,0.4590613823409851,2026-08-28T23:10:00Z,,,,,,,,,,,v2:logistic:through_2025-09-28,TB,9,4,Final,1.0
2026-08-28,823013,PIT,STL,Jared Jones,Quinn Mathews,STL,0.5122252394801241,0.4877747605198759,2026-08-29T00:15:00Z,,,,,,,,,,,v2:logistic:through_2025-09-28,STL,4,1,Final,1.0
2026-08-28,823178,AZ,SF,Kohl Drake,Blade Tidwell,SF,0.5085167573364668,0.4914832426635331,2026-08-29T02:15:00Z,,,,,,,,,,,v2:logistic:through_2025-09-28,AZ,6,10,Final,0.0
2026-08-28,823504,BOS,NYY,Patrick Sandoval,Cam Schlittler,NYY,0.5403406912562605,0.4596593087437395,2026-08-28T23:15:00Z,,,,,,,,,,,v2:logistic:through_2025-09-28,NYY,1,0,Final,1.0
2026-08-28,823583,HOU,NYM,Hunter Brown,Christian Scott,NYM,0.5677726104931078,0.4322273895068922,2026-08-28T23:10:00Z,,,,,,,,,,,v2:logistic:through_2025-09-28,HOU,1,3,Final,0.0
2026-08-28,823666,CWS,MIN,Luis Castillo,Dean Kremer,MIN,0.5257213292264408,0.4742786707735592,2026-08-29T00:10:00Z,,,,,,,,,,,v2:logistic:through_2025-09-28,CWS,4,7,Final,0.0
2026-08-28,823744,TEX,MIL,Cody Bradford,Logan Henderson,MIL,0.6324538962439209,0.3675461037560791,2026-08-28T23:40:00Z,,,,,,,,,,,v2:logistic:through_2025-09-28,MIL,6,1,Final,1.0
2026-08-28,823985,PHI,LAA,Andrew Painter,Reid Detmers,LAA,0.5093965261270608,0.4906034738729392,2026-08-29T01:38:00Z,,,,,,,,,,,v2:logistic:through_2025-09-28,PHI,3,5,Final,0.0
2026-08-28,824231,LAD,DET,Tarik Skubal,Drew Anderson,LAD,0.464314426880877,0.535685573119123,2026-08-28T22:40:00Z,,,,,,,,,,,v2:logistic:through_2025-09-28,LAD,1,2,Final,1.0
2026-08-28,824396,KC,CLE,Michael Wacha,Tanner Bibee,CLE,0.5586257912053434,0.4413742087946566,2026-08-28T23:10:00Z,,,,,,,,,,,v2:logistic:through_2025-09-28,KC,0,3,Final,0.0
2026-08-28,824638,CIN,CHC,Rhett Lowder,David Peterson,CHC,0.6244230717147747,0.3755769282852252,2026-08-28T18:20:00Z,,,,,,,,,,,v2:logistic:through_2025-09-28,CIN,8,10,Final,0.0
2026-08-28,824877,COL,ATL,Tomoyuki Sugano,Grant Holmes,ATL,0.5998593477600567,0.4001406522399433,2026-08-28T23:15:00Z,,,,,,,,,,,v2:logistic:through_2025-09-28,ATL,6,4,Final,1.0
2026-08-28,824960,BAL,ATH,Brandon Young,Jacob Lopez,BAL,0.4991292139950649,0.5008707860049351,2026-08-29T01:40:00Z,,,,,,,,,,,v2:logistic:through_2025-09-28,BAL,3,4,Final,1.0
2026-08-29,822690,MIA,WSH,Sandy Alcantara,Cade Cavalli,WSH,0.5510306298266249,0.4489693701733751,2026-08-29T20:05:00Z,,,,,,,,,,,v2:logistic:through_2025-09-28,WSH,5,4,Final,1.0
2026-08-29,822770,SEA,TOR,Kade Anderson,José Soriano,TOR,0.5992317898713531,0.4007682101286469,2026-08-29T19:07:00Z,,,,,,,,,,,v2:logistic:through_2025-09-28,TOR,4,3,Final,1.0
2026-08-29,822936,SD,TB,Walker Buehler,Nick Martinez,TB,0.5565181242988833,0.4434818757011167,2026-08-29T20:10:00Z,,,,,,,,,,,v2:logistic:through_2025-09-28,TB,7,6,Final,1.0
2026-08-29,823011,PIT,STL,Lake Bachar,Kyle Leahy,STL,0.5372726279323677,0.4627273720676322,2026-08-29T18:15:00Z,,,,,,,,,,,v2:logistic:through_2025-09-28,PIT,2,6,Final,0.0
2026-08-29,823176,AZ,SF,Mitch Bratt,Yunior Marte,AZ,0.4961002979986926,0.5038997020013074,2026-08-30T02:05:00Z,,,,,,,,,,,v2:logistic:through_2025-09-28,SF,7,2,Final,0.0
2026-08-29,823177,AZ,SF,Merrill Kelly,Matt Wilkinson,SF,0.517338979760186,0.482661020239814,2026-08-29T20:05:00Z,,,,,,,,,,,v2:logistic:through_2025-09-28,AZ,1,7,Final,0.0
2026-08-29,823501,BOS,NYY,Alec Gamboa,Max Fried,BOS,0.4837389156614238,0.5162610843385762,2026-08-29T23:15:00Z,,,,,,,,,,,v2:logistic:through_2025-09-28,NYY,9,2,Final,0.0
2026-08-29,823539,BOS,NYY,Jake Bennett,Carlos Rodón,NYY,0.526700936269243,0.473299063730757,2026-08-29T17:05:00Z,,,,,,,,,,,v2:logistic:through_2025-09-28,BOS,0,6,Final,0.0
2026-08-29,823582,HOU,NYM,Bennett Sousa,Nolan McLean,NYM,0.5420246651018602,0.4579753348981398,2026-08-29T20:10:00Z,,,,,,,,,,,v2:logistic:through_2025-09-28,NYM,6,2,Final,1.0
2026-08-29,823665,CWS,MIN,Erick Fedde,Bailey Ober,MIN,0.5170815548290154,0.4829184451709846,2026-08-29T18:10:00Z,,,,,,,,,,,v2:logistic:through_2025-09-28,CWS,2,3,Final,0.0
2026-08-29,823741,TEX,MIL,Cal Quantrill,Shane Drohan,MIL,0.6281656571720425,0.3718343428279574,2026-08-29T23:15:00Z,,,,,,,,,,,v2:logistic:through_2025-09-28,MIL,5,3,Final,1.0
2026-08-29,823986,PHI,LAA,Cristopher Sánchez,Ryan Johnson,PHI,0.4403534492481004,0.5596465507518995,2026-08-30T02:07:00Z,,,,,,,,,,,v2:logistic:through_2025-09-28,PHI,2,4,Final,1.0
2026-08-29,824230,LAD,DET,Blake Snell,Keider Montero,LAD,0.4604305896765664,0.5395694103234336,2026-08-29T17:10:00Z,,,,,,,,,,,v2:logistic:through_2025-09-28,DET,2,1,Final,0.0
2026-08-29,824392,KC,CLE,Daniel Lynch IV,Foster Griffin,CLE,0.5787866528769411,0.4212133471230589,2026-08-29T20:10:00Z,,,,,,,,,,,v2:logistic:through_2025-09-28,KC,3,8,Final,0.0
2026-08-29,824637,CIN,CHC,Andrew Abbott,Kevin Gausman,CHC,0.6382218246613821,0.3617781753386179,2026-08-29T18:20:00Z,,,,,,,,,,,v2:logistic:through_2025-09-28,CHC,17,5,Final,1.0
2026-08-29,824874,COL,ATL,Zach Agnos,Martín Pérez,ATL,0.6055047508508054,0.3944952491491946,2026-08-29T20:10:00Z,,,,,,,,,,,v2:logistic:through_2025-09-28,ATL,2,1,Final,1.0
2026-08-29,824961,BAL,ATH,Shane Baz,Jack Perkins,BAL,0.4756848154371459,0.5243151845628541,2026-08-30T02:05:00Z,,,,,,,,,,,v2:logistic:through_2025-09-28,BAL,3,5,Final,1.0
2026-08-30,822688,MIA,WSH,Janson Junk,Andrew Alvarez,WSH,0.546476758134358,0.4535232418656419,2026-08-30T16:15:00Z,,,,,,,,,,,v2:logistic:through_2025-09-28,MIA,2,6,Final,0.0
2026-08-30,822766,SEA,TOR,Logan Gilbert,Max Scherzer,TOR,0.542041626983134,0.457958373016866,2026-08-30T17:37:00Z,,,,,,,,,,,v2:logistic:through_2025-09-28,TOR,7,0,Final,1.0
2026-08-30,822933,SD,TB,Robbie Ray,Drew Rasmussen,TB,0.5849239254800782,0.4150760745199218,2026-08-30T17:40:00Z,,,,,,,,,,,v2:logistic:through_2025-09-28,TB,5,4,Final,1.0
2026-08-30,823010,PIT,STL,Braxton Ashcraft,Matthew Liberatore,STL,0.5285886942899937,0.4714113057100063,2026-08-30T18:15:00Z,,,,,,,,,,,v2:logistic:through_2025-09-28,PIT,4,5,Final,0.0
2026-08-30,823502,BOS,NYY,Ranger Suarez,Will Warren,NYY,0.5062275178584553,0.4937724821415447,2026-08-30T17:35:00Z,,,,,,,,,,,v2:logistic:through_2025-09-28,NYY,16,1,Final,1.0
2026-08-30,823580,HOU,NYM,Ethan Pecko,Zac Thornton,NYM,0.5922807265504292,0.4077192734495708,2026-08-30T19:10:00Z,,,,,,,,,,,v2:logistic:through_2025-09-28,HOU,3,6,Final,0.0
2026-08-30,823662,CWS,MIN,Jordan Hicks,Zebby Matthews,CWS,0.4833226082163264,0.5166773917836736,2026-08-30T18:10:00Z,,,,,,,,,,,v2:logistic:through_2025-09-28,MIN,5,1,Final,0.0
2026-08-30,823740,TEX,MIL,Kumar Rocker,Dustin May,MIL,0.623627973358786,0.376372026641214,2026-08-30T18:10:00Z,,,,,,,,,,,v2:logistic:through_2025-09-28,TEX,4,7,Final,0.0
2026-08-30,823987,PHI,LAA,Zack Wheeler,Yusei Kikuchi,PHI,0.4556609544538426,0.5443390455461574,2026-08-30T20:07:00Z,,,,,,,,,,,v2:logistic:through_2025-09-28,PHI,2,5,Final,1.0
2026-08-30,824232,LAD,DET,Tyler Glasnow,Framber Valdez,LAD,0.452896608185597,0.5471033918144029,2026-08-30T17:40:00Z,,,,,,,,,,,v2:logistic:through_2025-09-28,LAD,1,6,Final,1.0
2026-08-30,824393,KC,CLE,Seth Lugo,Parker Messick,CLE,0.5673714156410431,0.4326285843589569,2026-08-30T17:40:00Z,,,,,,,,,,,v2:logistic:through_2025-09-28,CLE,11,1,Final,1.0
2026-08-30,824636,CIN,CHC,Chase Burns,Shota Imanaga,CHC,0.6300926546641452,0.3699073453358548,2026-08-30T23:20:00Z,,,,,,,,,,,v2:logistic:through_2025-09-28,CIN,5,7,Final,0.0
2026-08-30,824876,COL,ATL,Mason Adams,Tyler Mahle,ATL,0.6148608466495735,0.3851391533504265,2026-08-30T17:35:00Z,,,,,,,,,,,v2:logistic:through_2025-09-28,ATL,3,2,Final,1.0
2026-08-30,824959,BAL,ATH,Chris Bassitt,Jeffrey Springs,BAL,0.4729001579617096,0.5270998420382904,2026-08-30T20:05:00Z,,,,,,,,,,,v2:logistic:through_2025-09-28,BAL,5,8,Final,1.0
2026-08-31,822689,MIA,WSH,Ryan Gusto,Will Dion,WSH,0.5411135699806472,0.4588864300193528,2026-08-31T22:45:00Z,,,,,,,,,,,v2:logistic:through_2025-09-28,WSH,6,3,Final,1.0
2026-08-31,822855,ATH,TEX,Gage Jump,Jacob deGrom,TEX,0.5988688928266189,0.4011311071733811,2026-09-01T00:05:00Z,,,,,,,,,,,v2:logistic:through_2025-09-28,TEX,8,1,Final,1.0
2026-08-31,822932,NYM,TB,Robert Stock,Ian Seymour,TB,0.6015565711613989,0.398443428838601,2026-08-31T22:40:00Z,,,,,,,,,,,v2:logistic:through_2025-09-28,NYM,2,3,Final,0.0
2026-08-31,823663,DET,MIN,Jackson Jobe,Taj Bradley,MIN,0.5491066573701948,0.4508933426298052,2026-08-31T23:40:00Z,,,,,,,,,,,v2:logistic:through_2025-09-28,MIN,11,1,Final,1.0
2026-08-31,823982,NYY,LAA,Elmer Rodríguez,Walbert Ureña,NYY,0.4775135915877124,0.5224864084122876,2026-09-01T01:38:00Z,,,,,,,,,,,v2:logistic:through_2025-09-28,LAA,10,1,Final,0.0
2026-08-31,824149,CWS,HOU,Anthony Kay,Peter Lambert,HOU,0.5285858130911318,0.4714141869088681,2026-09-01T00:10:00Z,,,,,,,,,,,v2:logistic:through_2025-09-28,HOU,6,3,Final,1.0
2026-08-31,824314,BAL,COL,Cade Povich,Tanner Gordon,BAL,0.4847040697716461,0.5152959302283538,2026-09-01T00:40:00Z,,,,,,,,,,,v2:logistic:through_2025-09-28,BAL,1,2,Final,1.0
2026-08-31,824473,SD,CIN,Michael King,Brady Singer,SD,0.4868508103177488,0.5131491896822512,2026-08-31T22:40:00Z,,,,,,,,,,,v2:logistic:through_2025-09-28,SD,0,5,Final,1.0
2026-08-31,824635,MIL,CHC,Kyle Harrison,Clay Holmes,CHC,0.5100247803785833,0.4899752196214166,2026-08-31T23:40:00Z,,,,,,,,,,,v2:logistic:through_2025-09-28,CHC,17,3,Final,1.0
2026-08-31,824719,SEA,BOS,George Kirby,Payton Tolle,BOS,0.6316000244460749,0.3683999755539251,2026-08-31T22:45:00Z,,,,,,,,,,,v2:logistic:through_2025-09-28,BOS,9,8,Final,1.0
2026-08-31,824911,SF,ATL,Anthony Molina,Bryce Elder,ATL,0.6374572397290169,0.3625427602709831,2026-08-31T22:05:00Z,,,,,,,,,,,v2:logistic:through_2025-09-28,SF,3,7,Final,0.0
2026-08-31,825040,PHI,AZ,Aaron Nola,Brandon Pfaadt,AZ,0.5015325281727143,0.4984674718272857,2026-09-01T01:40:00Z,,,,,,,,,,,v2:logistic:through_2025-09-28,PHI,1,2,Final,0.0
2026-09-01,822687,ATL,WSH,AJ Smith-Shawver,Jake Irvin,WSH,0.5020680077386006,0.4979319922613994,2026-09-01T22:45:00Z,,,,,,,,,,,v2:logistic:through_2025-09-28,WSH,9,5,Final,1.0
2026-09-01,822854,ATH,TEX,Brady Basso,MacKenzie Gore,TEX,0.5968719714899441,0.4031280285100559,2026-09-02T00:05:00Z,,,,,,,,,,,v2:logistic:through_2025-09-28,TEX,8,5,Final,1.0
2026-09-01,822929,NYM,TB,Sean Manaea,Freddy Peralta,TB,0.5800452891603352,0.4199547108396648,2026-09-01T22:40:00Z,,,,,,,,,,,v2:logistic:through_2025-09-28,TB,6,2,Final,1.0
2026-09-01,823340,SF,PIT,Logan Webb,Paul Skenes,PIT,0.5500758092293485,0.4499241907706515,2026-09-01T22:40:00Z,,,,,,,,,,,v2:logistic:through_2025-09-28,PIT,13,12,Final,1.0
2026-09-01,823661,DET,MIN,Troy Melton,Andrew Morris,MIN,0.5363429362943098,0.4636570637056901,2026-09-01T23:40:00Z,,,,,,,,,,,v2:logistic:through_2025-09-28,MIN,15,2,Final,1.0
2026-09-01,823908,STL,LAD,Michael McGreevy,Eric Lauer,LAD,0.5933971352637653,0.4066028647362347,2026-09-02T02:10:00Z,,,,,,,,,,,v2:logistic:through_2025-09-28,STL,8,13,Final,0.0
2026-09-01,823984,NYY,LAA,Gerrit Cole,Grayson Rodriguez,NYY,0.436580454458112,0.563419545541888,2026-09-02T01:38:00Z,,,,,,,,,,,v2:logistic:through_2025-09-28,NYY,3,7,Final,1.0
2026-09-01,824070,MIA,KC,Tyler Phillips,Randy Dobnak,KC,0.5324462566632036,0.4675537433367964,2026-09-01T23:40:00Z,,,,,,,,,,,v2:logistic:through_2025-09-28,MIA,3,6,Final,0.0
2026-09-01,824148,CWS,HOU,Sean Burke,Ronel Blanco,CWS,0.4924759439801635,0.5075240560198365,2026-09-02T00:10:00Z,,,,,,,,,,,v2:logistic:through_2025-09-28,CWS,1,5,Final,1.0
2026-09-01,824313,BAL,COL,Kyle Bradish,Gabriel Hughes,BAL,0.4807570520406599,0.5192429479593401,2026-09-02T00:40:00Z,,,,,,,,,,,v2:logistic:through_2025-09-28,COL,4,2,Final,0.0
2026-09-01,824391,TOR,CLE,Spencer Miles,Gavin Williams,CLE,0.5880934333877119,0.4119065666122881,2026-09-01T22:40:00Z,,,,,,,,,,,v2:logistic:through_2025-09-28,CLE,6,1,Final,1.0
2026-09-01,824472,SD,CIN,Randy Vásquez,Nick Lodolo,SD,0.4883433110378212,0.5116566889621788,2026-09-01T22:40:00Z,,,,,,,,,,,v2:logistic:through_2025-09-28,CIN,4,3,Final,0.0
2026-09-01,824633,MIL,CHC,Robert Gasser,Matthew Boyd,CHC,0.5397946953894321,0.4602053046105678,2026-09-01T23:40:00Z,,,,,,,,,,,v2:logistic:through_2025-09-28,MIL,4,9,Final,0.0
2026-09-01,824716,SEA,BOS,Bryan Woo,Jedixson Paez,BOS,0.6053965767703322,0.3946034232296678,2026-09-01T22:45:00Z,,,,,,,,,,,v2:logistic:through_2025-09-28,SEA,6,9,Final,0.0
2026-09-01,825038,PHI,AZ,Jesús Luzardo,Eduardo Rodriguez,PHI,0.4731754436670105,0.5268245563329895,2026-09-02T01:40:00Z,,,,,,,,,,,v2:logistic:through_2025-09-28,PHI,1,7,Final,1.0
2026-09-02,822686,ATL,WSH,Grant Holmes,Brad Lord,WSH,0.504900606280889,0.495099393719111,2026-09-02T17:05:00Z,,,,,,,,,,,v2:logistic:through_2025-09-28,ATL,0,9,Final,0.0
2026-09-02,822851,ATH,TEX,Jacob Lopez,Cody Bradford,TEX,0.5757139632520022,0.4242860367479978,2026-09-02T18:35:00Z,,,,,,,,,,,v2:logistic:through_2025-09-28,ATH,2,9,Final,0.0
2026-09-02,822931,NYM,TB,Justin Hagenman,Griffin Jax,TB,0.6221524978232282,0.3778475021767717,2026-09-02T22:40:00Z,,,,,,,,,,,v2:logistic:through_2025-09-28,NYM,4,10,Final,0.0
2026-09-02,823339,SF,PIT,Landen Roupp,Bubba Chandler,PIT,0.5447925338945904,0.4552074661054096,2026-09-02T22:40:00Z,,,,,,,,,,,v2:logistic:through_2025-09-28,SF,4,5,Final,0.0
2026-09-02,823660,DET,MIN,Drew Anderson,Dean Kremer,MIN,0.5743778832417296,0.4256221167582704,2026-09-02T23:40:00Z,,,,,,,,,,,v2:logistic:through_2025-09-28,DET,6,11,Final,0.0
2026-09-02,823906,STL,LAD,Brycen Mautz,Yoshinobu Yamamoto,LAD,0.5941296772262846,0.4058703227737154,2026-09-03T02:10:00Z,,,,,,,,,,,v2:logistic:through_2025-09-28,STL,6,8,Final,0.0
2026-09-02,823983,NYY,LAA,Cam Schlittler,Reid Detmers,NYY,0.4490736434939292,0.5509263565060708,2026-09-03T01:38:00Z,,,,,,,,,,,v2:logistic:through_2025-09-28,NYY,3,6,Final,1.0
2026-09-02,824068,MIA,KC,Eury Pérez,Noah Cameron,KC,0.5158029533563996,0.4841970466436004,2026-09-02T23:40:00Z,,,,,,,,,,,v2:logistic:through_2025-09-28,MIA,6,9,Final,0.0
2026-09-02,824147,CWS,HOU,Davis Martin,Hayden Wesneski,HOU,0.5182346422667906,0.4817653577332094,2026-09-03T00:10:00Z,,,,,,,,,,,v2:logistic:through_2025-09-28,HOU,2,0,Final,1.0
2026-09-02,824312,BAL,COL,Trevor Rogers,Tomoyuki Sugano,BAL,0.4766466690878406,0.5233533309121594,2026-09-02T19:10:00Z,,,,,,,,,,,v2:logistic:through_2025-09-28,COL,6,5,Final,0.0
2026-09-02,824390,TOR,CLE,Dylan Cease,Joey Cantillo,CLE,0.5537226441120833,0.4462773558879167,2026-09-02T22:40:00Z,,,,,,,,,,,v2:logistic:through_2025-09-28,TOR,0,11,Final,0.0
2026-09-02,824470,SD,CIN,Casey Mize,Brandon Williamson,SD,0.4599232643661273,0.5400767356338727,2026-09-02T16:40:00Z,,,,,,,,,,,v2:logistic:through_2025-09-28,CIN,7,3,Final,0.0
2026-09-02,824634,MIL,CHC,Jacob Misiorowski,David Peterson,MIL,0.499685458528198,0.500314541471802,2026-09-02T23:40:00Z,,,,,,,,,,,v2:logistic:through_2025-09-28,MIL,5,9,Final,1.0
2026-09-02,824717,SEA,BOS,Bryce Miller,Patrick Sandoval,BOS,0.6002611708146671,0.3997388291853329,2026-09-02T20:10:00Z,,,,,,,,,,,v2:logistic:through_2025-09-28,SEA,3,8,Final,0.0
2026-09-02,825037,PHI,AZ,Andrew Painter,Taylor Clarke,PHI,0.4934275881421722,0.5065724118578278,2026-09-02T19:40:00Z,,,,,,,,,,,v2:logistic:through_2025-09-28,AZ,1,0,Final,0.0
2026-09-03,822853,TB,TEX,Shane McClanahan,Cal Quantrill,TEX,0.5021079074835686,0.4978920925164314,2026-09-04T00:05:00Z,,,,,,,,,,,v2:logistic:through_2025-09-28,TEX,6,0,Final,1.0
2026-09-03,823095,ATH,SEA,Jack Perkins,Kade Anderson,SEA,0.5306538580608787,0.4693461419391213,2026-09-04T01:40:00Z,,,,,,,,,,,v2:logistic:through_2025-09-28,ATH,4,7,Final,0.0
2026-09-03,823337,SF,PIT,Blade Tidwell,Lake Bachar,PIT,0.5569860933007413,0.4430139066992586,2026-09-03T16:35:00Z,,,,,,,,,,,v2:logistic:through_2025-09-28,PIT,5,2,Final,1.0
2026-09-03,823907,STL,LAD,Quinn Mathews,Tarik Skubal,LAD,0.6193083973905456,0.3806916026094544,2026-09-04T02:10:00Z,,,,,,,,,,,v2:logistic:through_2025-09-28,LAD,3,2,Final,1.0
2026-09-03,824069,MIA,KC,Sandy Alcantara,Michael Wacha,KC,0.5187184760248635,0.4812815239751364,2026-09-03T23:40:00Z,,,,,,,,,,,v2:logistic:through_2025-09-28,KC,7,3,Final,1.0
2026-09-03,824144,CWS,HOU,Luis Castillo,Hunter Brown,HOU,0.5159604721706286,0.4840395278293714,2026-09-03T18:10:00Z,,,,,,,,,,,v2:logistic:through_2025-09-28,HOU,6,2,Final,1.0
2026-09-03,824388,TOR,CLE,José Soriano,Tanner Bibee,CLE,0.5411648059837804,0.4588351940162196,2026-09-03T17:10:00Z,,,,,,,,,,,v2:logistic:through_2025-09-28,TOR,3,6,Final,0.0
2026-09-03,824632,MIL,CHC,Logan Henderson,Kevin Gausman,CHC,0.5236470880302293,0.4763529119697707,2026-09-03T23:15:00Z,,,,,,,,,,,v2:logistic:through_2025-09-28,CHC,2,1,Final,1.0
2026-09-03,824796,BOS,BAL,Jake Bennett,Brandon Young,BAL,0.5091953535031489,0.490804646496851,2026-09-03T23:15:00Z,,,,,,,,,,,v2:logistic:through_2025-09-28,BOS,5,6,Final,0.0
2026-09-04,822852,TB,TEX,Nick Martinez,Trevor Williams,TB,0.4998842379937606,0.5001157620062393,2026-09-05T00:05:00Z,,,,,,,,,,,v2:logistic:through_2025-09-28,TB,6,7,Final,1.0
2026-09-04,823093,ATH,SEA,Kade Morris,Logan Gilbert,SEA,0.5923444593520524,0.4076555406479476,2026-09-05T02:10:00Z,,,,,,,,,,,v2:logistic:through_2025-09-28,ATH,6,7,Final,0.0
2026-09-04,823256,NYY,SD,Max Fried,Walker Buehler,NYY,0.4771939277850523,0.5228060722149477,2026-09-05T01:40:00Z,,,,,,,,,,,v2:logistic:through_2025-09-28,SD,3,2,Final,0.0
2026-09-04,823338,LAA,PIT,Ryan Johnson,Jared Jones,PIT,0.6125286207169438,0.3874713792830562,2026-09-04T22:45:00Z,,,,,,,,,,,v2:logistic:through_2025-09-28,PIT,1,0,Final,1.0
2026-09-04,823418,ATL,PHI,Chris Sale,Cristopher Sánchez,PHI,0.5059247424320754,0.4940752575679246,2026-09-04T22:40:00Z,,,,,,,,,,,v2:logistic:through_2025-09-28,ATL,2,5,Final,0.0
2026-09-04,823579,SF,NYM,Matt Wilkinson,Nolan McLean,NYM,0.5497654871290529,0.450234512870947,2026-09-04T23:10:00Z,,,,,,,,,,,v2:logistic:through_2025-09-28,NYM,10,6,Final,1.0
2026-09-04,823824,CHC,MIA,Shota Imanaga,Janson Junk,CHC,0.4650162283161319,0.5349837716838681,2026-09-04T23:10:00Z,,,,,,,,,,,v2:logistic:through_2025-09-28,CHC,1,6,Final,1.0
2026-09-04,823905,WSH,LAD,Jackson Kent,Blake Snell,LAD,0.6203586073450618,0.3796413926549382,2026-09-05T02:10:00Z,,,,,,,,,,,v2:logistic:through_2025-09-28,LAD,5,3,Final,1.0
2026-09-04,824067,TOR,KC,Jameson Taillon,Daniel Lynch IV,KC,0.5274715461579446,0.4725284538420554,2026-09-05T00:10:00Z,,,,,,,,,,,v2:logistic:through_2025-09-28,TOR,2,9,Final,0.0
2026-09-04,824146,AZ,HOU,Merrill Kelly,Cristian Javier,HOU,0.5317765107340807,0.4682234892659193,2026-09-05T00:10:00Z,,,,,,,,,,,v2:logistic:through_2025-09-28,HOU,3,1,Final,1.0
2026-09-04,824311,STL,COL,Andre Pallante,Ryan Feltner,STL,0.4925668443618157,0.5074331556381844,2026-09-05T00:40:00Z,,,,,,,,,,,v2:logistic:through_2025-09-28,STL,6,7,Final,1.0
2026-09-04,824387,DET,CLE,Andrew Sears,Foster Griffin,CLE,0.5732745365403213,0.4267254634596786,2026-09-04T23:15:00Z,,,,,,,,,,,v2:logistic:through_2025-09-28,CLE,4,3,Final,1.0
2026-09-04,824424,DET,CLE,Keider Montero,Logan Allen,CLE,0.5640500941933784,0.4359499058066216,2026-09-04T18:10:00Z,,,,,,,,,,,v2:logistic:through_2025-09-28,CLE,7,6,Final,1.0
2026-09-04,824471,MIL,CIN,Shane Drohan,Rhett Lowder,MIL,0.4337994957016471,0.5662005042983529,2026-09-04T22:10:00Z,,,,,,,,,,,v2:logistic:through_2025-09-28,MIL,7,10,Final,1.0
2026-09-04,824554,MIN,CWS,Zebby Matthews,Erick Fedde,CWS,0.5226917893893557,0.4773082106106443,2026-09-04T23:40:00Z,,,,,,,,,,,v2:logistic:through_2025-09-28,CWS,4,1,Final,1.0
2026-09-04,824797,BOS,BAL,Ranger Suarez,Shane Baz,BAL,0.5226203453370072,0.4773796546629928,2026-09-04T23:05:00Z,,,,,,,,,,,v2:logistic:through_2025-09-28,BOS,0,1,Final,0.0
2026-09-05,822850,TB,TEX,Drew Rasmussen,Jacob deGrom,TB,0.4990099181933151,0.5009900818066848,2026-09-05T23:05:00Z,,,,,,,,,,,v2:logistic:through_2025-09-28,TB,3,6,Final,1.0
2026-09-05,823094,ATH,SEA,Jeffrey Springs,George Kirby,SEA,0.5558642123960514,0.4441357876039485,2026-09-06T01:40:00Z,,,,,,,,,,,v2:logistic:through_2025-09-28,ATH,2,6,Final,0.0
2026-09-05,823257,NYY,SD,Carlos Rodón,Robbie Ray,NYY,0.4915350537004865,0.5084649462995134,2026-09-05T23:15:00Z,,,,,,,,,,,v2:logistic:through_2025-09-28,NYY,1,5,Final,1.0
2026-09-05,823335,LAA,PIT,Yusei Kikuchi,Braxton Ashcraft,PIT,0.598132192420529,0.401867807579471,2026-09-05T22:40:00Z,,,,,,,,,,,v2:logistic:through_2025-09-28,LAA,1,6,Final,0.0
2026-09-05,823419,ATL,PHI,Martín Pérez,Zack Wheeler,PHI,0.5459650471499119,0.4540349528500881,2026-09-05T22:05:00Z,,,,,,,,,,,v2:logistic:through_2025-09-28,PHI,4,2,Final,1.0
2026-09-05,823577,SF,NYM,Anthony Molina,Zac Thornton,NYM,0.5648372873355152,0.4351627126644848,2026-09-05T20:10:00Z,,,,,,,,,,,v2:logistic:through_2025-09-28,SF,5,9,Final,0.0
2026-09-05,823823,CHC,MIA,Javier Assad,Ryan Gusto,CHC,0.468901360649728,0.5310986393502719,2026-09-05T20:10:00Z,,,,,,,,,,,v2:logistic:through_2025-09-28,CHC,5,6,Final,1.0
2026-09-05,823904,WSH,LAD,Cade Cavalli,Tyler Glasnow,LAD,0.5933544583816788,0.4066455416183212,2026-09-06T01:10:00Z,,,,,,,,,,,v2:logistic:through_2025-09-28,LAD,6,5,Final,1.0
2026-09-05,824066,TOR,KC,Max Scherzer,Seth Lugo,KC,0.518405975922627,0.4815940240773729,2026-09-05T23:10:00Z,,,,,,,,,,,v2:logistic:through_2025-09-28,TOR,3,4,Final,0.0
2026-09-05,824145,AZ,HOU,Brandon Pfaadt,Ethan Pecko,AZ,0.4956574481188975,0.5043425518811024,2026-09-05T23:15:00Z,,,,,,,,,,,v2:logistic:through_2025-09-28,AZ,3,4,Final,1.0
2026-09-05,824310,STL,COL,Matthew Liberatore,Mason Adams,COL,0.5026091091505553,0.4973908908494446,2026-09-06T00:10:00Z,,,,,,,,,,,v2:logistic:through_2025-09-28,COL,10,7,Final,1.0
2026-09-05,824389,DET,CLE,Framber Valdez,Parker Messick,CLE,0.5892124115994499,0.4107875884005501,2026-09-05T22:10:00Z,,,,,,,,,,,v2:logistic:through_2025-09-28,DET,0,6,Final,0.0
2026-09-05,824468,MIL,CIN,Dustin May,Andrew Abbott,MIL,0.4329799270869826,0.5670200729130174,2026-09-05T22:40:00Z,,,,,,,,,,,v2:logistic:through_2025-09-28,CIN,5,3,Final,0.0
2026-09-05,824553,MIN,CWS,Taj Bradley,Anthony Kay,CWS,0.5345772474109003,0.4654227525890997,2026-09-05T23:10:00Z,,,,,,,,,,,v2:logistic:through_2025-09-28,MIN,4,6,Final,0.0
2026-09-05,824795,BOS,BAL,Sonny Gray,Chris Bassitt,BOS,0.4971771561140139,0.5028228438859861,2026-09-05T23:05:00Z,,,,,,,,,,,v2:logistic:through_2025-09-28,BOS,0,5,Final,1.0
2026-09-06,822848,TB,TEX,Ian Seymour,MacKenzie Gore,TB,0.4606666267719746,0.5393333732280254,2026-09-06T18:35:00Z,,,,,,,,,,,v2:logistic:through_2025-09-28,TEX,8,6,Final,0.0
2026-09-06,823091,ATH,SEA,Gage Jump,Bryan Woo,SEA,0.5323176364357509,0.4676823635642491,2026-09-06T20:10:00Z,,,,,,,,,,,v2:logistic:through_2025-09-28,SEA,2,0,Final,1.0
2026-09-06,823253,NYY,SD,Gerrit Cole,Michael King,NYY,0.4805148948977761,0.5194851051022239,2026-09-06T20:10:00Z,,,,,,,,,,,v2:logistic:through_2025-09-28,SD,4,3,Final,0.0
2026-09-06,823336,LAA,PIT,Walbert Ureña,Paul Skenes,PIT,0.6001473610127938,0.3998526389872062,2026-09-06T17:35:00Z,,,,,,,,,,,v2:logistic:through_2025-09-28,PIT,1,0,Final,1.0
2026-09-06,823417,ATL,PHI,Tyler Mahle,Aaron Nola,PHI,0.5189898516821762,0.4810101483178238,2026-09-06T17:10:00Z,,,,,,,,,,,v2:logistic:through_2025-09-28,ATL,4,5,Final,0.0
2026-09-06,823578,SF,NYM,Cesar Perdomo,Christian Scott,NYM,0.5335046449224561,0.4664953550775439,2026-09-06T17:40:00Z,,,,,,,,,,,v2:logistic:through_2025-09-28,NYM,4,2,Final,1.0
2026-09-06,823822,CHC,MIA,Clay Holmes,Tyler Phillips,CHC,0.4572593806553083,0.5427406193446918,2026-09-06T17:40:00Z,,,,,,,,,,,v2:logistic:through_2025-09-28,MIA,10,3,Final,0.0
2026-09-06,823903,WSH,LAD,Andrew Alvarez,Justin Wrobleski,LAD,0.5876955059857789,0.4123044940142211,2026-09-07T02:10:00Z,,,,,,,,,,,v2:logistic:through_2025-09-28,LAD,7,5,Final,1.0
2026-09-06,824065,TOR,KC,Spencer Arrighetti,Randy Dobnak,KC,0.5119799831475197,0.4880200168524803,2026-09-06T18:10:00Z,,,,,,,,,,,v2:logistic:through_2025-09-28,KC,6,1,Final,1.0
2026-09-06,824142,AZ,HOU,Eduardo Rodriguez,Peter Lambert,HOU,0.5418154849854394,0.4581845150145606,2026-09-06T18:10:00Z,,,,,,,,,,,v2:logistic:through_2025-09-28,AZ,2,3,Final,0.0
2026-09-06,824309,STL,COL,Kyle Leahy,Tanner Gordon,STL,0.4885743839261787,0.5114256160738213,2026-09-06T19:10:00Z,,,,,,,,,,,v2:logistic:through_2025-09-28,STL,8,10,Final,1.0
2026-09-06,824385,DET,CLE,Jackson Jobe,Gavin Williams,CLE,0.6098375079343263,0.3901624920656736,2026-09-06T17:40:00Z,,,,,,,,,,,v2:logistic:through_2025-09-28,CLE,3,2,Final,1.0
2026-09-06,824469,MIL,CIN,Kyle Harrison,Brady Singer,MIL,0.4495964304662227,0.5504035695337772,2026-09-06T16:10:00Z,,,,,,,,,,,v2:logistic:through_2025-09-28,CIN,12,8,Final,0.0
2026-09-06,824552,MIN,CWS,Bailey Ober,Bryan Hudson,CWS,0.5396067030976679,0.4603932969023321,2026-09-06T22:20:00Z,,,,,,,,,,,v2:logistic:through_2025-09-28,CWS,10,1,Final,1.0
2026-09-06,824794,BOS,BAL,Payton Tolle,Kyle Bradish,BOS,0.4838978457214911,0.5161021542785089,2026-09-06T17:35:00Z,,,,,,,,,,,v2:logistic:through_2025-09-28,BOS,1,3,Final,1.0
2026-09-07,823175,STL,SF,Michael McGreevy,Logan Webb,SF,0.5130789481841296,0.4869210518158704,2026-09-08T00:10:00Z,,,,,,,,,,,v2:logistic:through_2025-09-28,SF,5,4,Final,1.0
2026-09-07,823254,WSH,SD,Jake Irvin,Nick Pivetta,SD,0.5781398726669965,0.4218601273330035,2026-09-07T21:10:00Z,,,,,,,,,,,v2:logistic:through_2025-09-28,SD,3,2,Final,1.0
2026-09-07,823415,ATL,PHI,Grant Holmes,Jesús Luzardo,PHI,0.5661579152437128,0.4338420847562871,2026-09-07T17:05:00Z,,,,,,,,,,,v2:logistic:through_2025-09-28,PHI,1,0,Final,1.0
2026-09-07,823742,CHC,MIL,Matthew Boyd,Robert Gasser,MIL,0.5278485793419981,0.4721514206580018,2026-09-07T18:10:00Z,,,,,,,,,,,v2:logistic:through_2025-09-28,MIL,4,3,Final,1.0
2026-09-07,823820,NYM,MIA,Jonah Tong,Eury Pérez,MIA,0.542012279734907,0.457987720265093,2026-09-07T17:10:00Z,,,,,,,,,,,v2:logistic:through_2025-09-28,NYM,4,9,Final,0.0
2026-09-07,823902,CIN,LAD,Chase Burns,Emmet Sheehan,LAD,0.5876341306453173,0.4123658693546826,2026-09-08T01:10:00Z,,,,,,,,,,,v2:logistic:through_2025-09-28,LAD,6,3,Final,1.0
2026-09-07,824062,AZ,KC,Derek Law,Noah Cameron,KC,0.5282510578093437,0.4717489421906563,2026-09-07T18:10:00Z,,,,,,,,,,,v2:logistic:through_2025-09-28,AZ,4,5,Final,0.0
2026-09-07,824229,MIN,DET,Joe Ryan,Troy Melton,DET,0.5063657060334287,0.4936342939665713,2026-09-07T19:10:00Z,,,,,,,,,,,v2:logistic:through_2025-09-28,DET,5,4,Final,1.0
2026-09-07,824715,LAA,BOS,Grayson Rodriguez,Brayan Bello,BOS,0.5594078685894881,0.4405921314105119,2026-09-07T17:35:00Z,,,,,,,,,,,v2:logistic:through_2025-09-28,BOS,5,2,Final,1.0
2026-09-07,824793,CLE,BAL,Joey Cantillo,Trevor Rogers,BAL,0.511989022982811,0.488010977017189,2026-09-07T17:35:00Z,,,,,,,,,,,v2:logistic:through_2025-09-28,BAL,6,4,Final,1.0
2026-09-07,824958,TOR,ATH,Dylan Cease,Jacob Lopez,TOR,0.4730592005527856,0.5269407994472144,2026-09-08T02:05:00Z,,,,,,,,,,,v2:logistic:through_2025-09-28,ATH,6,5,Final,0.0
2026-09-08,823092,TEX,SEA,Cal Quantrill,Bryce Miller,TEX,0.4889925017324908,0.5110074982675091,2026-09-09T01:40:00Z,,,,,,,,,,,v2:logistic:through_2025-09-28,TEX,5,10,Final,1.0
2026-09-08,823174,STL,SF,Quinn Mathews,Landen Roupp,SF,0.5019920545375809,0.4980079454624191,2026-09-09T01:45:00Z,,,,,,,,,,,v2:logistic:through_2025-09-28,SF,2,1,Final,1.0
2026-09-08,823250,WSH,SD,Riley Cornelio,Casey Mize,SD,0.5557244872830419,0.4442755127169581,2026-09-09T01:40:00Z,,,,,,,,,,,v2:logistic:through_2025-09-28,SD,5,4,Final,1.0
2026-09-08,823414,HOU,PHI,Hayden Wesneski,Andrew Painter,PHI,0.5610714764418163,0.4389285235581837,2026-09-08T22:40:00Z,,,,,,,,,,,v2:logistic:through_2025-09-28,HOU,5,6,Final,0.0
2026-09-08,823500,COL,NYY,Gabriel Hughes,Cam Schlittler,NYY,0.6319794467461735,0.3680205532538265,2026-09-08T23:05:00Z,,,,,,,,,,,v2:logistic:through_2025-09-28,NYY,5,3,Final,1.0
2026-09-08,823738,CHC,MIL,David Peterson,Jacob Misiorowski,MIL,0.557345902562376,0.4426540974376239,2026-09-08T23:40:00Z,,,,,,,,,,,v2:logistic:through_2025-09-28,MIL,4,3,Final,1.0
2026-09-08,823821,NYM,MIA,Sean Manaea,Sandy Alcantara,MIA,0.5267183305116999,0.4732816694883001,2026-09-08T22:40:00Z,,,,,,,,,,,v2:logistic:through_2025-09-28,NYM,5,7,Final,0.0
2026-09-08,823901,CIN,LAD,Nick Lodolo,Tarik Skubal,LAD,0.6484927644977102,0.3515072355022898,2026-09-09T02:10:00Z,,,,,,,,,,,v2:logistic:through_2025-09-28,LAD,3,2,Final,1.0
2026-09-08,824063,AZ,KC,Corbin Burnes,Michael Wacha,KC,0.5183115968389344,0.4816884031610656,2026-09-08T23:40:00Z,,,,,,,,,,,v2:logistic:through_2025-09-28,AZ,3,5,Final,0.0
2026-09-08,824228,MIN,DET,Dean Kremer,Drew Anderson,DET,0.5169874361446296,0.4830125638553704,2026-09-08T22:40:00Z,,,,,,,,,,,v2:logistic:through_2025-09-28,MIN,2,3,Final,0.0
2026-09-08,824551,PIT,CWS,Bubba Chandler,Sean Burke,CWS,0.5529358169179188,0.4470641830820812,2026-09-08T23:40:00Z,,,,,,,,,,,v2:logistic:through_2025-09-28,PIT,3,9,Final,0.0
2026-09-08,824714,LAA,BOS,Reid Detmers,Patrick Sandoval,BOS,0.5825066088266743,0.4174933911733257,2026-09-08T22:45:00Z,,,,,,,,,,,v2:logistic:through_2025-09-28,LAA,1,6,Final,0.0
2026-09-08,824792,CLE,BAL,Tanner Bibee,Brandon Young,CLE,0.4966548708412576,0.5033451291587423,2026-09-08T22:35:00Z,,,,,,,,,,,v2:logistic:through_2025-09-28,CLE,5,9,Final,1.0
2026-09-08,824875,TB,ATL,Freddy Peralta,AJ Smith-Shawver,ATL,0.5262564831637685,0.4737435168362315,2026-09-08T23:15:00Z,,,,,,,,,,,v2:logistic:through_2025-09-28,TB,1,7,Final,0.0
2026-09-08,824957,TOR,ATH,José Soriano,Jack Perkins,TOR,0.4806924333768713,0.5193075666231286,2026-09-09T01:40:00Z,,,,,,,,,,,v2:logistic:through_2025-09-28,TOR,2,4,Final,1.0
2026-09-09,823090,TEX,SEA,Cody Bradford,Kade Anderson,TEX,0.4949806242532494,0.5050193757467505,2026-09-09T20:10:00Z,,,,,,,,,,,v2:logistic:through_2025-09-28,SEA,3,2,Final,0.0
2026-09-09,823172,STL,SF,Andre Pallante,Blade Tidwell,STL,0.49747311575253,0.5025268842474699,2026-09-09T19:45:00Z,,,,,,,,,,,v2:logistic:through_2025-09-28,SF,7,6,Final,0.0
2026-09-09,823251,WSH,SD,Jackson Kent,Walker Buehler,SD,0.577554128109049,0.4224458718909509,2026-09-09T20:10:00Z,,,,,,,,,,,v2:logistic:through_2025-09-28,SD,9,2,Final,1.0
2026-09-09,823416,HOU,PHI,Hunter Brown,Cristopher Sánchez,PHI,0.5852339774869885,0.4147660225130115,2026-09-09T22:40:00Z,,,,,,,,,,,v2:logistic:through_2025-09-28,PHI,11,7,Final,1.0
2026-09-09,823497,COL,NYY,Tomoyuki Sugano,Will Warren,NYY,0.6194931105976509,0.3805068894023491,2026-09-09T23:05:00Z,,,,,,,,,,,v2:logistic:through_2025-09-28,NYY,6,1,Final,1.0
2026-09-09,823739,CHC,MIL,Kevin Gausman,Logan Henderson,MIL,0.5364915208356092,0.4635084791643907,2026-09-09T23:40:00Z,,,,,,,,,,,v2:logistic:through_2025-09-28,MIL,8,6,Final,1.0
2026-09-09,823818,NYM,MIA,Robert Stock,Janson Junk,MIA,0.5212367578752526,0.4787632421247474,2026-09-09T22:40:00Z,,,,,,,,,,,v2:logistic:through_2025-09-28,NYM,14,15,Final,0.0
2026-09-09,823900,CIN,LAD,Rhett Lowder,Yoshinobu Yamamoto,LAD,0.630636894379625,0.369363105620375,2026-09-10T02:10:00Z,,,,,,,,,,,v2:logistic:through_2025-09-28,LAD,14,1,Final,1.0
2026-09-09,824064,AZ,KC,Zac Gallen,Daniel Lynch IV,KC,0.514421869651643,0.4855781303483569,2026-09-09T23:40:00Z,,,,,,,,,,,v2:logistic:through_2025-09-28,KC,5,2,Final,1.0
2026-09-09,824226,MIN,DET,Zebby Matthews,Keider Montero,DET,0.5035633076373809,0.4964366923626191,2026-09-09T17:10:00Z,,,,,,,,,,,v2:logistic:through_2025-09-28,DET,7,2,Final,1.0
2026-09-09,824549,PIT,CWS,Lake Bachar,Davis Martin,PIT,0.4976808838267021,0.5023191161732978,2026-09-09T23:40:00Z,,,,,,,,,,,v2:logistic:through_2025-09-28,PIT,2,4,Final,1.0
2026-09-09,824713,LAA,BOS,Ryan Johnson,Jake Bennett,BOS,0.6226747510781595,0.3773252489218405,2026-09-09T22:45:00Z,,,,,,,,,,,v2:logistic:through_2025-09-28,LAA,4,6,Final,0.0
2026-09-09,824791,CLE,BAL,Foster Griffin,Shane Baz,BAL,0.500385547588414,0.499614452411586,2026-09-09T22:35:00Z,,,,,,,,,,,v2:logistic:through_2025-09-28,BAL,9,5,Final,1.0
2026-09-09,824871,TB,ATL,Griffin Jax,Reynaldo López,ATL,0.5108085282462783,0.4891914717537217,2026-09-09T23:15:00Z,,,,,,,,,,,v2:logistic:through_2025-09-28,TB,2,7,Final,0.0
2026-09-09,824956,TOR,ATH,Braydon Fisher,Brady Basso,ATH,0.5161954693603699,0.4838045306396301,2026-09-09T19:05:00Z,,,,,,,,,,,v2:logistic:through_2025-09-28,ATH,2,0,Final,1.0
2026-09-10,823088,TEX,SEA,Jacob deGrom,Logan Gilbert,TEX,0.4927597097062264,0.5072402902937736,2026-09-10T20:10:00Z,,,,,,,,,,,v2:logistic:through_2025-09-28,SEA,4,3,Final,0.0
2026-09-10,823413,HOU,PHI,Cristian Javier,Zack Wheeler,PHI,0.5818182311290554,0.4181817688709446,2026-09-10T17:05:00Z,,,,,,,,,,,v2:logistic:through_2025-09-28,HOU,1,2,Final,0.0
2026-09-10,823499,COL,NYY,Ryan Feltner,Max Fried,NYY,0.6475462989009707,0.3524537010990293,2026-09-10T23:05:00Z,,,,,,,,,,,v2:logistic:through_2025-09-28,NYY,10,3,Final,1.0
2026-09-10,824550,PIT,CWS,Jared Jones,Hagen Smith,CWS,0.5145453585443073,0.4854546414556927,2026-09-10T23:40:00Z,,,,,,,,,,,v2:logistic:through_2025-09-28,PIT,0,2,Final,0.0
2026-09-10,824872,TB,ATL,Nick Martinez,Martín Pérez,ATL,0.5155393424575017,0.4844606575424983,2026-09-10T16:15:00Z,,,,,,,,,,,v2:logistic:through_2025-09-28,ATL,3,1,Final,1.0
2026-09-11,822684,LAA,WSH,Yusei Kikuchi,Cade Cavalli,WSH,0.5663470611811401,0.4336529388188599,2026-09-11T22:45:00Z,,,,,,,,,,,v2:logistic:through_2025-09-28,WSH,4,3,Final,1.0
2026-09-11,822767,BAL,TOR,Chris Bassitt,Max Scherzer,TOR,0.5559136547396717,0.4440863452603283,2026-09-11T23:07:00Z,,,,,,,,,,,v2:logistic:through_2025-09-28,BAL,4,7,Final,0.0
2026-09-11,822930,HOU,TB,Miguel Ullola,Drew Rasmussen,TB,0.5597100709419671,0.4402899290580329,2026-09-11T23:10:00Z,,,,,,,,,,,v2:logistic:through_2025-09-28,TB,3,1,Final,1.0
2026-09-11,823012,CWS,STL,Anthony Kay,Matthew Liberatore,STL,0.5460570133248668,0.4539429866751332,2026-09-12T00:15:00Z,,,,,,,,,,,v2:logistic:through_2025-09-28,STL,7,3,Final,1.0
2026-09-11,823173,SD,SF,Robbie Ray,Anthony Molina,SF,0.5058102147185445,0.4941897852814555,2026-09-12T02:15:00Z,,,,,,,,,,,v2:logistic:through_2025-09-28,SD,5,7,Final,0.0
2026-09-11,823498,NYM,NYY,Nolan McLean,Carlos Rodón,NYY,0.5754939187748902,0.4245060812251098,2026-09-11T23:05:00Z,,,,,,,,,,,v2:logistic:through_2025-09-28,NYY,6,4,Final,1.0
2026-09-11,823659,CLE,MIN,Parker Messick,Taj Bradley,MIN,0.5163287424794896,0.4836712575205104,2026-09-12T00:10:00Z,,,,,,,,,,,v2:logistic:through_2025-09-28,CLE,2,5,Final,0.0
2026-09-11,823736,CIN,MIL,Andrew Abbott,Dustin May,MIL,0.6207606660011153,0.3792393339988846,2026-09-11T23:45:00Z,,,,,,,,,,,v2:logistic:through_2025-09-28,MIL,20,0,Final,1.0
2026-09-11,823817,LAD,MIA,Blake Snell,Ryan Gusto,LAD,0.4555888969026065,0.5444111030973935,2026-09-11T23:10:00Z,,,,,,,,,,,v2:logistic:through_2025-09-28,LAD,2,6,Final,1.0
2026-09-11,824227,COL,DET,Mason Adams,Framber Valdez,DET,0.5684750118652245,0.4315249881347754,2026-09-11T22:40:00Z,,,,,,,,,,,v2:logistic:through_2025-09-28,DET,6,2,Final,1.0
2026-09-11,824631,PIT,CHC,Wilber Dotel,Shota Imanaga,CHC,0.5471644470970563,0.4528355529029437,2026-09-11T18:20:00Z,,,,,,,,,,,v2:logistic:through_2025-09-28,CHC,12,2,Final,1.0
2026-09-11,824711,KC,BOS,Seth Lugo,Sonny Gray,BOS,0.5774497166299689,0.4225502833700311,2026-09-11T23:10:00Z,,,,,,,,,,,v2:logistic:through_2025-09-28,KC,2,3,Final,0.0
2026-09-11,824873,PHI,ATL,Aaron Nola,Chris Sale,ATL,0.5772970788875439,0.4227029211124561,2026-09-11T23:15:00Z,,,,,,,,,,,v2:logistic:through_2025-09-28,ATL,6,5,Final,1.0
2026-09-11,824954,SEA,ATH,George Kirby,Jeffrey Springs,ATH,0.5109308577639334,0.4890691422360665,2026-09-12T01:40:00Z,,,,,,,,,,,v2:logistic:through_2025-09-28,ATH,6,5,Final,1.0
2026-09-11,825036,TEX,AZ,MacKenzie Gore,Merrill Kelly,AZ,0.5363522081880985,0.4636477918119015,2026-09-12T01:40:00Z,,,,,,,,,,,v2:logistic:through_2025-09-28,AZ,9,1,Final,1.0
2026-09-12,822685,LAA,WSH,Walbert Ureña,Andrew Alvarez,WSH,0.5486191999396196,0.4513808000603804,2026-09-12T20:05:00Z,,,,,,,,,,,v2:logistic:through_2025-09-28,WSH,6,5,Final,1.0
2026-09-12,822768,BAL,TOR,Kyle Bradish,Spencer Miles,TOR,0.5535099595483546,0.4464900404516454,2026-09-12T19:07:00Z,,,,,,,,,,,v2:logistic:through_2025-09-28,TOR,7,3,Final,1.0
2026-09-12,822927,HOU,TB,Peter Lambert,Ian Seymour,TB,0.5822615042239929,0.4177384957760071,2026-09-12T22:10:00Z,,,,,,,,,,,v2:logistic:through_2025-09-28,TB,3,2,Final,1.0
2026-09-12,823009,CWS,STL,Sean Newcomb,Kyle Leahy,STL,0.5398622841681767,0.4601377158318233,2026-09-12T23:15:00Z,,,,,,,,,,,v2:logistic:through_2025-09-28,CWS,5,6,Final,0.0
2026-09-12,823170,SD,SF,Michael King,Cesar Perdomo,SD,0.4974690736374768,0.5025309263625232,2026-09-12T20:05:00Z,,,,,,,,,,,v2:logistic:through_2025-09-28,SD,6,7,Final,1.0
2026-09-12,823496,NYM,NYY,Zac Thornton,Gerrit Cole,NYY,0.5870885425676583,0.4129114574323417,2026-09-12T17:35:00Z,,,,,,,,,,,v2:logistic:through_2025-09-28,NYM,2,12,Final,0.0
2026-09-12,823657,CLE,MIN,Daniel Espino,Connor Prielipp,MIN,0.5214645445772217,0.4785354554227783,2026-09-12T20:10:00Z,,,,,,,,,,,v2:logistic:through_2025-09-28,MIN,4,3,Final,1.0
2026-09-12,823737,CIN,MIL,Brady Singer,Shane Drohan,MIL,0.6536797320650308,0.3463202679349692,2026-09-12T23:10:00Z,,,,,,,,,,,v2:logistic:through_2025-09-28,MIL,13,9,Final,1.0
2026-09-12,823819,LAD,MIA,Tyler Glasnow,Tyler Phillips,LAD,0.4384418859586987,0.5615581140413013,2026-09-12T20:10:00Z,,,,,,,,,,,v2:logistic:through_2025-09-28,MIA,4,3,Final,0.0
2026-09-12,824224,COL,DET,Tanner Gordon,Andrew Sears,DET,0.5926994088556891,0.4073005911443109,2026-09-12T17:10:00Z,,,,,,,,,,,v2:logistic:through_2025-09-28,DET,11,7,Final,1.0
2026-09-12,824630,PIT,CHC,Paul Skenes,Clay Holmes,CHC,0.5330836744747343,0.4669163255252657,2026-09-12T18:20:00Z,,,,,,,,,,,v2:logistic:through_2025-09-28,CHC,4,3,Final,1.0
2026-09-12,824712,KC,BOS,Randy Dobnak,Ranger Suarez,BOS,0.5597481237429871,0.4402518762570129,2026-09-12T20:10:00Z,,,,,,,,,,,v2:logistic:through_2025-09-28,BOS,5,1,Final,1.0
2026-09-12,824870,PHI,ATL,Tim Mayza,Tyler Mahle,ATL,0.5456052426836295,0.4543947573163704,2026-09-12T23:15:00Z,,,,,,,,,,,v2:logistic:through_2025-09-28,ATL,12,2,Final,1.0
2026-09-12,824955,SEA,ATH,Bryan Woo,Gage Jump,ATH,0.5303187089070813,0.4696812910929187,2026-09-13T01:40:00Z,,,,,,,,,,,v2:logistic:through_2025-09-28,SEA,1,19,Final,0.0
2026-09-12,825035,TEX,AZ,Kumar Rocker,Brandon Pfaadt,AZ,0.5713066297635767,0.4286933702364233,2026-09-13T00:10:00Z,,,,,,,,,,,v2:logistic:through_2025-09-28,TEX,2,6,Final,0.0
2026-09-13,822682,LAA,WSH,Grayson Rodriguez,Riley Cornelio,WSH,0.6251908026717363,0.3748091973282637,2026-09-13T17:35:00Z,,,,,,,,,,,v2:logistic:through_2025-09-28,WSH,6,5,Final,1.0
2026-09-13,822764,BAL,TOR,Trevor Rogers,Dylan Cease,TOR,0.578807934026101,0.421192065973899,2026-09-13T17:37:00Z,,,,,,,,,,,v2:logistic:through_2025-09-28,TOR,8,1,Final,1.0
2026-09-13,822928,HOU,TB,Hayden Wesneski,Freddy Peralta,TB,0.5602386463170246,0.4397613536829754,2026-09-13T17:40:00Z,,,,,,,,,,,v2:logistic:through_2025-09-28,TB,14,4,Final,1.0
2026-09-13,823008,CWS,STL,David Sandlin,Michael McGreevy,STL,0.5281006116194317,0.4718993883805683,2026-09-13T18:15:00Z,,,,,,,,,,,v2:logistic:through_2025-09-28,STL,3,1,Final,1.0
2026-09-13,823171,SD,SF,Nick Pivetta,Logan Webb,SD,0.4549894304591545,0.5450105695408455,2026-09-13T23:20:00Z,,,,,,,,,,,v2:logistic:through_2025-09-28,SD,4,6,Final,1.0
2026-09-13,823495,NYM,NYY,Christian Scott,Cam Schlittler,NYY,0.57079188490243,0.4292081150975699,2026-09-13T17:35:00Z,,,,,,,,,,,v2:logistic:through_2025-09-28,NYY,2,0,Final,1.0
2026-09-13,823658,CLE,MIN,Tanner Bibee,Joe Ryan,MIN,0.5276847710168303,0.4723152289831697,2026-09-13T18:10:00Z,,,,,,,,,,,v2:logistic:through_2025-09-28,CLE,2,9,Final,0.0
2026-09-13,823734,CIN,MIL,Chase Burns,Robert Gasser,MIL,0.6275156689266391,0.3724843310733609,2026-09-13T18:10:00Z,,,,,,,,,,,v2:logistic:through_2025-09-28,CIN,3,4,Final,0.0
2026-09-13,823815,LAD,MIA,Emmet Sheehan,Eury Pérez,LAD,0.4628120860278594,0.5371879139721406,2026-09-13T17:40:00Z,,,,,,,,,,,v2:logistic:through_2025-09-28,MIA,6,4,Final,0.0
2026-09-13,824225,COL,DET,Gabriel Hughes,Jackson Jobe,DET,0.5952591835838404,0.4047408164161595,2026-09-13T16:10:00Z,,,,,,,,,,,v2:logistic:through_2025-09-28,DET,8,1,Final,1.0
2026-09-13,824628,PIT,CHC,Bubba Chandler,Matthew Boyd,CHC,0.5477482901603448,0.4522517098396552,2026-09-13T18:20:00Z,,,,,,,,,,,v2:logistic:through_2025-09-28,PIT,3,4,Final,0.0
2026-09-13,824708,KC,BOS,Noah Cameron,Payton Tolle,BOS,0.5843860969696788,0.4156139030303212,2026-09-13T19:05:00Z,,,,,,,,,,,v2:logistic:through_2025-09-28,BOS,4,1,Final,1.0
2026-09-13,824869,PHI,ATL,Andrew Painter,Grant Holmes,ATL,0.5771942261661877,0.4228057738338123,2026-09-13T17:35:00Z,,,,,,,,,,,v2:logistic:through_2025-09-28,PHI,4,9,Final,0.0
2026-09-13,824952,SEA,ATH,Bryce Miller,Jacob Lopez,ATH,0.521687418370936,0.478312581629064,2026-09-13T20:05:00Z,,,,,,,,,,,v2:logistic:through_2025-09-28,ATH,8,7,Final,1.0
2026-09-13,825033,TEX,AZ,Cal Quantrill,Eduardo Rodriguez,AZ,0.554453369956467,0.445546630043533,2026-09-13T20:10:00Z,,,,,,,,,,,v2:logistic:through_2025-09-28,TEX,6,7,Final,0.0
2026-09-14,822765,DET,TOR,Troy Melton,José Soriano,TOR,0.5405701676685528,0.4594298323314472,2026-09-14T23:07:00Z,,,,,,,,,,,v2:logistic:through_2025-09-28,DET,5,6,Final,0.0
2026-09-14,823006,SF,STL,Landen Roupp,Quinn Mathews,STL,0.571106167132015,0.428893832867985,2026-09-14T23:45:00Z,,,,,,,,,,,v2:logistic:through_2025-09-28,STL,2,1,Final,1.0
2026-09-14,823575,BAL,NYM,Brandon Young,Jonah Tong,NYM,0.5913759272179636,0.4086240727820364,2026-09-14T23:10:00Z,,,,,,,,,,,v2:logistic:through_2025-09-28,BAL,1,2,Final,0.0
2026-09-14,823656,NYY,MIN,Will Warren,Dean Kremer,NYY,0.4779660685220649,0.522033931477935,2026-09-14T23:40:00Z,,,,,,,,,,,v2:logistic:through_2025-09-28,NYY,3,8,Final,1.0
2026-09-14,823981,SEA,LAA,Kade Anderson,Reid Detmers,LAA,0.5366666419344696,0.4633333580655304,2026-09-15T01:38:00Z,,,,,,,,,,,v2:logistic:through_2025-09-28,LAA,6,4,Final,1.0
2026-09-14,824308,SD,COL,Casey Mize,Tomoyuki Sugano,SD,0.4257524138339877,0.5742475861660123,2026-09-15T00:40:00Z,,,,,,,,,,,v2:logistic:through_2025-09-28,SD,7,8,Final,1.0
2026-09-14,824386,CWS,CLE,Sean Newcomb,Gavin Williams,CLE,0.5740178030814583,0.4259821969185416,2026-09-14T22:40:00Z,,,,,,,,,,,v2:logistic:through_2025-09-28,CWS,3,7,Final,0.0
2026-09-14,824465,LAD,CIN,Tarik Skubal,Nick Lodolo,LAD,0.3821359325342172,0.6178640674657828,2026-09-14T22:40:00Z,,,,,,,,,,,v2:logistic:through_2025-09-28,LAD,1,4,Final,1.0
2026-09-14,824629,ATL,CHC,Reynaldo López,David Peterson,CHC,0.5367546060530798,0.4632453939469202,2026-09-14T23:40:00Z,,,,,,,,,,,v2:logistic:through_2025-09-28,CHC,7,3,Final,1.0
2026-09-14,825034,MIA,AZ,Sandy Alcantara,Corbin Burnes,AZ,0.5564180926403538,0.4435819073596462,2026-09-15T01:40:00Z,,,,,,,,,,,v2:logistic:through_2025-09-28,AZ,8,7,Final,1.0
2026-09-15,822683,PHI,WSH,Cristopher Sánchez,Jackson Kent,PHI,0.4676598767332038,0.5323401232667961,2026-09-15T22:45:00Z,,,,,,,,,,,v2:logistic:through_2025-09-28,WSH,6,3,Final,0.0
2026-09-15,822762,DET,TOR,Drew Anderson,Braydon Fisher,TOR,0.5206086639824248,0.4793913360175752,2026-09-15T23:07:00Z,,,,,,,,,,,v2:logistic:through_2025-09-28,DET,1,10,Final,0.0
2026-09-15,822849,BOS,TEX,Patrick Sandoval,Jacob deGrom,TEX,0.5364257728342204,0.4635742271657795,2026-09-16T00:05:00Z,,,,,,,,,,,v2:logistic:through_2025-09-28,TEX,4,2,Final,1.0
2026-09-15,822925,ATH,TB,Jack Perkins,Griffin Jax,TB,0.6326376015351071,0.3673623984648929,2026-09-15T22:40:00Z,,,,,,,,,,,v2:logistic:through_2025-09-28,TB,2,1,Final,1.0
2026-09-15,823007,SF,STL,Blade Tidwell,Andre Pallante,STL,0.5701245628386329,0.4298754371613671,2026-09-15T23:45:00Z,,,,,,,,,,,v2:logistic:through_2025-09-28,SF,3,10,Final,0.0
2026-09-15,823333,MIL,PIT,Jacob Misiorowski,Lake Bachar,MIL,0.4813117213554916,0.5186882786445084,2026-09-15T22:40:00Z,,,,,,,,,,,v2:logistic:through_2025-09-28,MIL,1,5,Final,1.0
2026-09-15,823574,BAL,NYM,Shane Baz,Sean Manaea,NYM,0.5575234737900968,0.4424765262099032,2026-09-15T23:10:00Z,,,,,,,,,,,v2:logistic:through_2025-09-28,BAL,5,7,Final,0.0
2026-09-15,823654,NYY,MIN,Max Fried,Bailey Ober,NYY,0.4601048174264633,0.5398951825735366,2026-09-15T23:40:00Z,,,,,,,,,,,v2:logistic:through_2025-09-28,NYY,1,8,Final,1.0
2026-09-15,823980,SEA,LAA,Logan Gilbert,Ryan Johnson,SEA,0.4750146507023215,0.5249853492976785,2026-09-16T01:38:00Z,,,,,,,,,,,v2:logistic:through_2025-09-28,LAA,2,1,Final,0.0
2026-09-15,824143,KC,HOU,Michael Wacha,Hunter Brown,HOU,0.5453838337852119,0.454616166214788,2026-09-16T00:10:00Z,,,,,,,,,,,v2:logistic:through_2025-09-28,HOU,4,2,Final,1.0
2026-09-15,824307,SD,COL,Walker Buehler,Kyle Freeland,SD,0.4460750722991333,0.5539249277008667,2026-09-16T00:40:00Z,,,,,,,,,,,v2:logistic:through_2025-09-28,COL,9,3,Final,0.0
2026-09-15,824384,CWS,CLE,Chris Murphy,Foster Griffin,CLE,0.5565987194158263,0.4434012805841737,2026-09-15T22:40:00Z,,,,,,,,,,,v2:logistic:through_2025-09-28,CLE,7,6,Final,1.0
2026-09-15,824466,LAD,CIN,Yoshinobu Yamamoto,Rhett Lowder,LAD,0.3889739332179718,0.6110260667820282,2026-09-15T22:40:00Z,,,,,,,,,,,v2:logistic:through_2025-09-28,LAD,0,4,Final,1.0
2026-09-15,824627,ATL,CHC,Martín Pérez,Kevin Gausman,CHC,0.5691931096739593,0.4308068903260407,2026-09-15T23:40:00Z,,,,,,,,,,,v2:logistic:through_2025-09-28,ATL,3,6,Final,0.0
2026-09-15,825030,MIA,AZ,Janson Junk,Michael Soroka,AZ,0.5794785104765733,0.4205214895234267,2026-09-16T01:40:00Z,,,,,,,,,,,v2:logistic:through_2025-09-28,MIA,2,4,Final,0.0
2026-09-16,822680,PHI,WSH,Zack Wheeler,Jared Simpson,WSH,0.5110355679383283,0.4889644320616717,2026-09-16T22:45:00Z,,,,,,,,,,,v2:logistic:through_2025-09-28,PHI,0,3,Final,0.0
2026-09-16,822763,DET,TOR,Keider Montero,Max Scherzer,TOR,0.5129640824318289,0.4870359175681711,2026-09-16T19:07:00Z,,,,,,,,,,,v2:logistic:through_2025-09-28,TOR,5,1,Final,1.0
2026-09-16,822846,BOS,TEX,Jake Bennett,MacKenzie Gore,BOS,0.4921828813456647,0.5078171186543353,2026-09-17T00:05:00Z,,,,,,,,,,,v2:logistic:through_2025-09-28,TEX,7,3,Final,0.0
2026-09-16,822926,ATH,TB,Brady Basso,Nick Martinez,TB,0.6305348657604788,0.3694651342395212,2026-09-16T22:40:00Z,,,,,,,,,,,v2:logistic:through_2025-09-28,TB,4,3,Final,1.0
2026-09-16,823004,SF,STL,Anthony Molina,Matthew Liberatore,STL,0.5672698735160869,0.432730126483913,2026-09-16T17:15:00Z,,,,,,,,,,,v2:logistic:through_2025-09-28,SF,5,6,Final,0.0
2026-09-16,823332,MIL,PIT,Logan Henderson,Jared Jones,MIL,0.485994649700532,0.5140053502994679,2026-09-16T22:40:00Z,,,,,,,,,,,v2:logistic:through_2025-09-28,MIL,4,5,Final,1.0
2026-09-16,823576,BAL,NYM,Chris Bassitt,Xzavion Curry,NYM,0.5606599008933509,0.439340099106649,2026-09-16T23:10:00Z,,,,,,,,,,,v2:logistic:through_2025-09-28,BAL,1,7,Final,0.0
2026-09-16,823655,NYY,MIN,Carlos Rodón,Zebby Matthews,NYY,0.4473202650663073,0.5526797349336927,2026-09-16T17:40:00Z,,,,,,,,,,,v2:logistic:through_2025-09-28,MIN,5,4,Final,0.0
2026-09-16,823979,SEA,LAA,George Kirby,Yusei Kikuchi,LAA,0.5234585409190897,0.4765414590809103,2026-09-17T01:38:00Z,,,,,,,,,,,v2:logistic:through_2025-09-28,SEA,2,7,Final,0.0
2026-09-16,824140,KC,HOU,Daniel Lynch IV,Cristian Javier,HOU,0.5693055630378203,0.4306944369621797,2026-09-17T00:10:00Z,,,,,,,,,,,v2:logistic:through_2025-09-28,KC,2,5,Final,0.0
2026-09-16,824306,SD,COL,Robbie Ray,Mason Adams,SD,0.4662999669483252,0.5337000330516748,2026-09-17T00:40:00Z,,,,,,,,,,,v2:logistic:through_2025-09-28,SD,3,9,Final,1.0
2026-09-16,824382,CWS,CLE,Anthony Kay,Parker Messick,CLE,0.5797275438118187,0.4202724561881813,2026-09-16T17:10:00Z,,,,,,,,,,,v2:logistic:through_2025-09-28,CLE,6,3,Final,1.0
2026-09-16,824467,LAD,CIN,Blake Snell,Andrew Abbott,LAD,0.3699028974450851,0.6300971025549149,2026-09-16T22:40:00Z,,,,,,,,,,,v2:logistic:through_2025-09-28,CIN,6,2,Final,0.0
2026-09-16,824626,ATL,CHC,JR Ritchie,Shota Imanaga,CHC,0.5630653287514985,0.4369346712485015,2026-09-16T23:40:00Z,,,,,,,,,,,v2:logistic:through_2025-09-28,CHC,8,4,Final,1.0
2026-09-16,825031,MIA,AZ,Ryan Gusto,Merrill Kelly,AZ,0.5479974629269274,0.4520025370730726,2026-09-17T01:40:00Z,,,,,,,,,,,v2:logistic:through_2025-09-28,MIA,3,4,Final,0.0
2026-09-17,822845,BOS,TEX,Sonny Gray,Tyler Alexander,TEX,0.5093851204732682,0.4906148795267318,2026-09-18T00:05:00Z,,,,,,,,,,,v2:logistic:through_2025-09-28,BOS,3,4,Final,0.0
2026-09-17,822924,ATH,TB,Jeffrey Springs,Drew Rasmussen,TB,0.6742082639930833,0.3257917360069167,2026-09-17T17:10:00Z,,,,,,,,,,,v2:logistic:through_2025-09-28,TB,10,1,Final,1.0
2026-09-17,823334,MIL,PIT,Kyle Harrison,Wilber Dotel,MIL,0.4943796108952555,0.5056203891047445,2026-09-17T16:35:00Z,,,,,,,,,,,v2:logistic:through_2025-09-28,PIT,7,4,Final,0.0
2026-09-17,823573,PHI,NYM,Aaron Nola,Nolan McLean,NYM,0.5280304136049546,0.4719695863950454,2026-09-17T23:15:00Z,,,,,,,,,,,v2:logistic:through_2025-09-28,PHI,0,3,Final,0.0
2026-09-17,823978,MIN,LAA,Taj Bradley,Walbert Ureña,LAA,0.5264110101201069,0.473588989879893,2026-09-18T01:38:00Z,,,,,,,,,,,v2:logistic:through_2025-09-28,LAA,5,4,Final,1.0
2026-09-17,824141,KC,HOU,Seth Lugo,Miguel Ullola,HOU,0.5340887518712797,0.4659112481287203,2026-09-17T23:15:00Z,,,,,,,,,,,v2:logistic:through_2025-09-28,HOU,6,2,Final,1.0
2026-09-17,824305,SD,COL,Michael King,Tanner Gordon,SD,0.4361796705786585,0.5638203294213415,2026-09-17T19:10:00Z,,,,,,,,,,,v2:logistic:through_2025-09-28,SD,2,9,Final,1.0
2026-09-17,824464,LAD,CIN,Justin Wrobleski,Brady Singer,LAD,0.4048733959765234,0.5951266040234766,2026-09-17T16:40:00Z,,,,,,,,,,,v2:logistic:through_2025-09-28,LAD,2,8,Final,1.0
2026-09-17,824548,DET,CWS,Framber Valdez,Erick Fedde,DET,0.4943716290179858,0.5056283709820142,2026-09-17T23:40:00Z,,,,,,,,,,,v2:logistic:through_2025-09-28,CWS,3,1,Final,0.0
2026-09-18,822847,TOR,TEX,Dylan Cease,Kumar Rocker,TOR,0.4799696505823029,0.520030349417697,2026-09-19T00:05:00Z,,,,,,,,,,,v2:logistic:through_2025-09-28,TEX,7,1,Final,0.0
2026-09-18,822923,BOS,TB,Ranger Suarez,Ian Seymour,TB,0.5815536909506123,0.4184463090493877,2026-09-18T23:10:00Z,,,,,,,,,,,v2:logistic:through_2025-09-28,BOS,2,4,Final,0.0
2026-09-18,823005,WSH,STL,Cade Cavalli,Kyle Leahy,STL,0.5386007909028615,0.4613992090971385,2026-09-19T00:15:00Z,,,,,,,,,,,v2:logistic:through_2025-09-28,WSH,1,9,Final,0.0
2026-09-18,823252,MIA,SD,Tyler Phillips,Nick Pivetta,SD,0.6083132526079191,0.3916867473920808,2026-09-19T01:40:00Z,,,,,,,,,,,v2:logistic:through_2025-09-28,SD,8,2,Final,1.0
2026-09-18,823331,KC,PIT,Randy Dobnak,Paul Skenes,PIT,0.599250743861535,0.400749256138465,2026-09-18T22:40:00Z,,,,,,,,,,,v2:logistic:through_2025-09-28,PIT,8,5,Final,1.0
2026-09-18,823572,PHI,NYM,Tim Mayza,Zac Thornton,PHI,0.4832298037603546,0.5167701962396454,2026-09-18T23:15:00Z,,,,,,,,,,,v2:logistic:through_2025-09-28,NYM,6,3,Final,0.0
2026-09-18,823898,SF,LAD,Cesar Perdomo,Tyler Glasnow,LAD,0.6537005743446255,0.3462994256553745,2026-09-19T02:15:00Z,,,,,,,,,,,v2:logistic:through_2025-09-28,LAD,8,2,Final,1.0
2026-09-18,823977,MIN,LAA,Connor Prielipp,Grayson Rodriguez,LAA,0.5201479620402204,0.4798520379597796,2026-09-19T01:38:00Z,,,,,,,,,,,v2:logistic:through_2025-09-28,MIN,0,3,Final,0.0
2026-09-18,824138,ATL,HOU,Tyler Mahle,Peter Lambert,ATL,0.4907731687658866,0.5092268312341133,2026-09-19T00:10:00Z,,,,,,,,,,,v2:logistic:through_2025-09-28,ATL,2,6,Final,1.0
2026-09-18,824303,SEA,COL,Bryan Woo,Gabriel Hughes,SEA,0.4611886555169197,0.5388113444830802,2026-09-19T00:10:00Z,,,,,,,,,,,v2:logistic:through_2025-09-28,SEA,4,5,Final,1.0
2026-09-18,824383,ATH,CLE,Mason Barnett,Daniel Espino,CLE,0.6750173695599757,0.3249826304400243,2026-09-18T23:10:00Z,,,,,,,,,,,v2:logistic:through_2025-09-28,CLE,5,3,Final,1.0
2026-09-18,824463,CHC,CIN,Clay Holmes,Chase Burns,CHC,0.4404634906578087,0.5595365093421913,2026-09-18T22:40:00Z,,,,,,,,,,,v2:logistic:through_2025-09-28,CIN,6,4,Final,0.0
2026-09-18,824547,DET,CWS,Andrew Sears,David Sandlin,DET,0.4907922778372191,0.5092077221627809,2026-09-18T23:40:00Z,,,,,,,,,,,v2:logistic:through_2025-09-28,DET,8,11,Final,1.0
2026-09-18,824790,MIL,BAL,Dustin May,Cade Povich,MIL,0.4477647609837833,0.5522352390162166,2026-09-18T23:05:00Z,,,,,,,,,,,v2:logistic:through_2025-09-28,MIL,5,6,Final,1.0
2026-09-18,825032,NYY,AZ,Gerrit Cole,Eduardo Rodriguez,AZ,0.5065795350610364,0.4934204649389636,2026-09-19T01:40:00Z,,,,,,,,,,,v2:logistic:through_2025-09-28,NYY,2,9,Final,0.0
2026-09-19,822843,TOR,TEX,José Soriano,Cal Quantrill,TEX,0.5312230556488513,0.4687769443511487,2026-09-19T23:05:00Z,,,,,,,,,,,v2:logistic:through_2025-09-28,TEX,6,2,Final,1.0
2026-09-19,822921,BOS,TB,Brayan Bello,Freddy Peralta,TB,0.5841357286623937,0.4158642713376063,2026-09-19T20:10:00Z,,,,,,,,,,,v2:logistic:through_2025-09-28,TB,2,1,Final,1.0
2026-09-19,823003,WSH,STL,Andrew Alvarez,Michael McGreevy,STL,0.5232618722751581,0.4767381277248419,2026-09-19T23:15:00Z,,,,,,,,,,,v2:logistic:through_2025-09-28,WSH,5,8,Final,0.0
2026-09-19,823249,MIA,SD,Eury Pérez,Casey Mize,SD,0.5791185218913196,0.4208814781086804,2026-09-20T00:40:00Z,,,,,,,,,,,v2:logistic:through_2025-09-28,SD,7,6,Final,1.0
2026-09-19,823330,KC,PIT,Noah Cameron,Bubba Chandler,PIT,0.593798006567632,0.4062019934323679,2026-09-19T22:40:00Z,,,,,,,,,,,v2:logistic:through_2025-09-28,PIT,6,5,Final,1.0
2026-09-19,823571,PHI,NYM,Andrew Painter,Christian Scott,NYM,0.5356729092092917,0.4643270907907083,2026-09-19T20:10:00Z,,,,,,,,,,,v2:logistic:through_2025-09-28,NYM,10,3,Final,1.0
2026-09-19,823899,SF,LAD,Yunior Marte,Tarik Skubal,LAD,0.6707267641266248,0.3292732358733752,2026-09-20T01:10:00Z,,,,,,,,,,,v2:logistic:through_2025-09-28,LAD,10,4,Final,1.0
2026-09-19,823976,MIN,LAA,Joe Ryan,Reid Detmers,LAA,0.5506506627895487,0.4493493372104513,2026-09-20T01:38:00Z,,,,,,,,,,,v2:logistic:through_2025-09-28,LAA,6,5,Final,1.0
2026-09-19,824137,ATL,HOU,Grant Holmes,Hayden Wesneski,ATL,0.4917934839371936,0.5082065160628064,2026-09-19T23:10:00Z,,,,,,,,,,,v2:logistic:through_2025-09-28,ATL,3,6,Final,1.0
2026-09-19,824304,SEA,COL,Bryce Miller,Jose Quintana,SEA,0.4720779144459479,0.5279220855540521,2026-09-20T00:10:00Z,,,,,,,,,,,v2:logistic:through_2025-09-28,COL,5,3,Final,0.0
2026-09-19,824380,ATH,CLE,Jacob Lopez,Tanner Bibee,CLE,0.6235006564879497,0.3764993435120503,2026-09-19T22:10:00Z,,,,,,,,,,,v2:logistic:through_2025-09-28,CLE,12,6,Final,1.0
2026-09-19,824461,CHC,CIN,Matthew Boyd,Nick Lodolo,CHC,0.4179347142454472,0.5820652857545527,2026-09-19T22:40:00Z,,,,,,,,,,,v2:logistic:through_2025-09-28,CHC,2,5,Final,1.0
2026-09-19,824545,DET,CWS,Jackson Jobe,Sean Burke,DET,0.4834746590189215,0.5165253409810785,2026-09-19T18:10:00Z,,,,,,,,,,,v2:logistic:through_2025-09-28,CWS,3,1,Final,0.0
2026-09-19,824788,MIL,BAL,Robert Gasser,Trevor Rogers,MIL,0.4708559820506272,0.5291440179493727,2026-09-19T20:05:00Z,,,,,,,,,,,v2:logistic:through_2025-09-28,MIL,0,1,Final,1.0
2026-09-19,825029,NYY,AZ,Cam Schlittler,Brandon Pfaadt,NYY,0.4707143630872271,0.5292856369127729,2026-09-20T00:10:00Z,,,,,,,,,,,v2:logistic:through_2025-09-28,AZ,5,3,Final,0.0
2026-09-20,822844,TOR,TEX,Spencer Miles,Jacob deGrom,TEX,0.5558396629250277,0.4441603370749722,2026-09-20T18:35:00Z,,,,,,,,,,,v2:logistic:through_2025-09-28,TOR,2,7,Final,0.0
2026-09-20,822922,BOS,TB,Patrick Sandoval,Griffin Jax,TB,0.5782426433864117,0.4217573566135882,2026-09-20T17:40:00Z,,,,,,,,,,,v2:logistic:through_2025-09-28,TB,5,1,Final,1.0
2026-09-20,823001,WSH,STL,Jake Irvin,Quinn Mathews,STL,0.5360339294816555,0.4639660705183445,2026-09-20T18:15:00Z,,,,,,,,,,,v2:logistic:through_2025-09-28,STL,5,3,Final,1.0
2026-09-20,823247,MIA,SD,Sandy Alcantara,Walker Buehler,SD,0.5820992022464759,0.417900797753524,2026-09-20T20:10:00Z,,,,,,,,,,,v2:logistic:through_2025-09-28,SD,7,3,Final,1.0
2026-09-20,823329,KC,PIT,Michael Wacha,Lake Bachar,PIT,0.6000289260054862,0.3999710739945138,2026-09-20T17:35:00Z,,,,,,,,,,,v2:logistic:through_2025-09-28,PIT,4,3,Final,1.0
2026-09-20,823570,PHI,NYM,Cristopher Sánchez,Jonah Tong,NYM,0.5437943072878015,0.4562056927121984,2026-09-20T17:10:00Z,,,,,,,,,,,v2:logistic:through_2025-09-28,PHI,2,7,Final,0.0
2026-09-20,823896,SF,LAD,Matt Wilkinson,Jack Dreyer,LAD,0.7452665717166782,0.2547334282833218,2026-09-20T20:10:00Z,,,,,,,,,,,v2:logistic:through_2025-09-28,LAD,3,1,Final,1.0
2026-09-20,823975,MIN,LAA,Dean Kremer,Ryan Johnson,LAA,0.5204397253584303,0.4795602746415697,2026-09-20T20:07:00Z,,,,,,,,,,,v2:logistic:through_2025-09-28,MIN,0,8,Final,0.0
2026-09-20,824139,ATL,HOU,Martín Pérez,Hunter Brown,HOU,0.5029205391642801,0.4970794608357198,2026-09-20T18:10:00Z,,,,,,,,,,,v2:logistic:through_2025-09-28,ATL,2,4,Final,0.0
2026-09-20,824300,SEA,COL,Kade Anderson,Tomoyuki Sugano,SEA,0.4807462498400536,0.5192537501599463,2026-09-20T19:10:00Z,,,,,,,,,,,v2:logistic:through_2025-09-28,SEA,1,2,Final,1.0
2026-09-20,824381,ATH,CLE,Jack Perkins,Gavin Williams,CLE,0.6581460924240254,0.3418539075759745,2026-09-20T17:40:00Z,,,,,,,,,,,v2:logistic:through_2025-09-28,CLE,1,0,Final,1.0
2026-09-20,824462,CHC,CIN,David Peterson,Rhett Lowder,CHC,0.4109225985539304,0.5890774014460696,2026-09-20T17:40:00Z,,,,,,,,,,,v2:logistic:through_2025-09-28,CHC,1,9,Final,1.0
2026-09-20,824546,DET,CWS,Troy Melton,Davis Martin,DET,0.4668287772349433,0.5331712227650567,2026-09-20T18:10:00Z,,,,,,,,,,,v2:logistic:through_2025-09-28,CWS,8,1,Final,0.0
2026-09-20,824789,MIL,BAL,Jacob Misiorowski,Brandon Young,MIL,0.4114239742214455,0.5885760257785544,2026-09-20T23:20:00Z,,,,,,,,,,,v2:logistic:through_2025-09-28,MIL,0,3,Final,1.0
2026-09-20,825028,NYY,AZ,Will Warren,Corbin Burnes,AZ,0.5062485265669926,0.4937514734330074,2026-09-20T20:10:00Z,,,,,,,,,,,v2:logistic:through_2025-09-28,AZ,8,4,Final,1.0
2026-09-21,823169,MIN,SF,Zebby Matthews,Blade Tidwell,MIN,0.498428783100391,0.5015712168996089,2026-09-22T01:45:00Z,,,,,,,,,,,v2:logistic:through_2025-09-28,SF,5,2,Final,0.0
2026-09-21,824221,WSH,DET,DJ Herz,River Ryan,DET,0.5694827399695105,0.4305172600304895,2026-09-21T22:40:00Z,,,,,,,,,,,v2:logistic:through_2025-09-28,DET,9,2,Final,1.0
2026-09-21,824787,TOR,BAL,Trey Yesavage,Shane Baz,BAL,0.5245038885159201,0.4754961114840799,2026-09-21T22:35:00Z,,,,,,,,,,,v2:logistic:through_2025-09-28,BAL,4,3,Final,1.0
2026-09-22,822840,NYM,TEX,Sean Manaea,MacKenzie Gore,TEX,0.5211285337897085,0.4788714662102915,2026-09-23T00:05:00Z,,,,,,,,,,,v2:logistic:through_2025-09-28,NYM,3.0,6.0,Final,0.0
2026-09-22,823089,HOU,SEA,Cristian Javier,Logan Gilbert,SEA,0.5593046799303164,0.4406953200696836,2026-09-23T01:40:00Z,,,,,,,,,,,v2:logistic:through_2025-09-28,HOU,0.0,7.0,Final,0.0
2026-09-22,823166,MIN,SF,Taj Bradley,Anthony Molina,SF,0.5012869232919922,0.4987130767080078,2026-09-23T01:45:00Z,,,,,,,,,,,v2:logistic:through_2025-09-28,MIN,2.0,3.0,Final,0.0
2026-09-22,823328,STL,PIT,Andre Pallante,Jared Jones,PIT,0.5828769244814137,0.4171230755185863,2026-09-22T22:40:00Z,,,,,,,,,,,v2:logistic:through_2025-09-28,PIT,2.0,0.0,Final,1.0
2026-09-22,823412,MIL,PHI,Dustin May,Zack Wheeler,MIL,0.4810213508311636,0.5189786491688364,2026-09-22T22:40:00Z,,,,,,,,,,,v2:logistic:through_2025-09-28,PHI,6.0,4.0,Final,0.0
2026-09-22,823494,TB,NYY,Drew Rasmussen,Max Fried,NYY,0.5231696265456866,0.4768303734543134,2026-09-22T23:05:00Z,,,,,,,,,,,v2:logistic:through_2025-09-28,TB,1.0,6.0,Final,0.0
2026-09-22,823543,TB,NYY,Nick Martinez,Carlos Rodón,NYY,0.5171173675718185,0.4828826324281815,2026-09-22T17:05:00Z,,,,,,,,,,,v2:logistic:through_2025-09-28,NYY,2.0,0.0,Final,1.0
2026-09-22,823897,SD,LAD,Michael King,Brock Stewart,LAD,0.5763518925162661,0.4236481074837339,2026-09-23T02:10:00Z,,,,,,,,,,,v2:logistic:through_2025-09-28,LAD,7.0,0.0,Final,1.0
2026-09-22,824061,CWS,KC,Anthony Kay,Daniel Lynch IV,CWS,0.4752532478222821,0.5247467521777178,2026-09-22T23:40:00Z,,,,,,,,,,,v2:logistic:through_2025-09-28,CWS,11.0,14.0,Final,1.0
2026-09-22,824222,WSH,DET,Riley Cornelio,Drew Anderson,DET,0.5157569841862886,0.4842430158137114,2026-09-22T22:40:00Z,,,,,,,,,,,v2:logistic:through_2025-09-28,WSH,1.0,3.0,Final,0.0
2026-09-22,824302,AZ,COL,Michael Soroka,Kyle Freeland,AZ,0.4643363057819341,0.5356636942180659,2026-09-23T00:40:00Z,,,,,,,,,,,v2:logistic:through_2025-09-28,AZ,2.0,7.0,Final,1.0
2026-09-22,824624,MIA,CHC,Janson Junk,Shota Imanaga,CHC,0.6133554281324283,0.3866445718675717,2026-09-22T23:40:00Z,,,,,,,,,,,v2:logistic:through_2025-09-28,MIA,2.0,8.0,Final,0.0
2026-09-22,824709,CLE,BOS,Parker Messick,Payton Tolle,BOS,0.5238180285949992,0.4761819714050008,2026-09-22T22:45:00Z,,,,,,,,,,,v2:logistic:through_2025-09-28,CLE,2.0,3.0,Final,0.0
2026-09-22,824867,CIN,ATL,Brandon Williamson,JR Ritchie,ATL,0.648616565243145,0.3513834347568549,2026-09-22T23:15:00Z,,,,,,,,,,,v2:logistic:through_2025-09-28,CIN,0.0,4.0,Final,0.0
2026-09-22,824953,LAA,ATH,Yusei Kikuchi,Brady Basso,ATH,0.5137974656662906,0.4862025343337094,2026-09-23T01:40:00Z,,,,,,,,,,,v2:logistic:through_2025-09-28,ATH,9.0,7.0,Final,1.0
2026-09-23,822841,NYM,TEX,Nolan McLean,Cody Bradford,TEX,0.5040680101935776,0.4959319898064224,2026-09-24T00:05:00Z,,,,,,,,,,,v2:logistic:through_2025-09-28,NYM,2,7,Final,0.0
2026-09-23,823086,HOU,SEA,Ethan Pecko,George Kirby,SEA,0.5590339821948396,0.4409660178051604,2026-09-24T02:10:00Z,,,,,,,,,,,v2:logistic:through_2025-09-28,SEA,6,5,Final,1.0
2026-09-23,823168,MIN,SF,Connor Prielipp,Cesar Perdomo,MIN,0.4842717334934724,0.5157282665065276,2026-09-23T19:45:00Z,,,,,,,,,,,v2:logistic:through_2025-09-28,MIN,2,4,Final,1.0
2026-09-23,823327,STL,PIT,Matthew Liberatore,Lake Bachar,PIT,0.5766987727032215,0.4233012272967785,2026-09-23T22:40:00Z,,,,,,,,,,,v2:logistic:through_2025-09-28,STL,1,5,Final,0.0
2026-09-23,823410,MIL,PHI,Logan Henderson,Aaron Nola,MIL,0.4710878718016464,0.5289121281983535,2026-09-23T22:40:00Z,,,,,,,,,,,v2:logistic:through_2025-09-28,MIL,1,4,Final,1.0
2026-09-23,823492,TB,NYY,Mason Englert,Gerrit Cole,NYY,0.5153451391050282,0.4846548608949718,2026-09-23T23:05:00Z,,,,,,,,,,,v2:logistic:through_2025-09-28,NYY,9,2,Final,1.0
2026-09-23,823894,SD,LAD,Robbie Ray,Yoshinobu Yamamoto,LAD,0.6237225856965949,0.3762774143034051,2026-09-24T02:10:00Z,,,,,,,,,,,v2:logistic:through_2025-09-28,SD,1,5,Final,0.0
2026-09-23,824060,CWS,KC,Bryan Hudson,Seth Lugo,CWS,0.4853521251960714,0.5146478748039285,2026-09-23T23:40:00Z,,,,,,,,,,,v2:logistic:through_2025-09-28,KC,5,4,Final,0.0
2026-09-23,824223,WSH,DET,Richard Lovelady,Framber Valdez,DET,0.571159642542974,0.428840357457026,2026-09-23T17:10:00Z,,,,,,,,,,,v2:logistic:through_2025-09-28,WSH,2,4,Final,0.0
2026-09-23,824301,AZ,COL,Merrill Kelly,Mason Adams,AZ,0.4644806133504334,0.5355193866495667,2026-09-24T00:40:00Z,,,,,,,,,,,v2:logistic:through_2025-09-28,AZ,3,5,Final,1.0
2026-09-23,824625,MIA,CHC,Ryan Gusto,Kevin Gausman,CHC,0.6087480098161665,0.3912519901838335,2026-09-23T23:40:00Z,,,,,,,,,,,v2:logistic:through_2025-09-28,MIA,2,3,Final,0.0
2026-09-23,824710,CLE,BOS,Foster Griffin,Sonny Gray,BOS,0.5274993291625142,0.4725006708374858,2026-09-23T23:10:00Z,,,,,,,,,,,v2:logistic:through_2025-09-28,BOS,1,0,Final,1.0
2026-09-23,824784,TOR,BAL,CJ Van Eyk,Trey Gibson,BAL,0.5175177548201291,0.4824822451798709,2026-09-23T22:35:00Z,,,,,,,,,,,v2:logistic:through_2025-09-28,BAL,4,2,Final,1.0
2026-09-23,824785,TOR,BAL,Max Scherzer,Chris Bassitt,BAL,0.5129811844127242,0.4870188155872758,2026-09-23T17:35:00Z,,,,,,,,,,,v2:logistic:through_2025-09-28,BAL,4,2,Final,1.0
2026-09-23,824868,CIN,ATL,Andrew Abbott,Chris Sale,ATL,0.6726864124451767,0.3273135875548233,2026-09-23T23:15:00Z,,,,,,,,,,,v2:logistic:through_2025-09-28,ATL,3,2,Final,1.0
2026-09-23,824951,LAA,ATH,Walbert Ureña,Jeffrey Springs,ATH,0.5005721099231979,0.4994278900768021,2026-09-24T01:40:00Z,,,,,,,,,,,v2:logistic:through_2025-09-28,ATH,7,3,Final,1.0
2026-09-24,822842,NYM,TEX,Zac Thornton,Kumar Rocker,TEX,0.5170656780339413,0.4829343219660587,2026-09-24T18:35:00Z,,,,,,,,,,,v2:logistic:through_2025-09-28,TEX,3,1,Final,1.0
2026-09-24,823087,LAA,SEA,Grayson Rodriguez,Bryan Woo,SEA,0.5949375158175406,0.4050624841824594,2026-09-25T01:40:00Z,,,,,,,,,,,v2:logistic:through_2025-09-28,LAA,4,6,Final,0.0
2026-09-24,823326,STL,PIT,Kyle Leahy,Paul Skenes,PIT,0.5661069345579097,0.4338930654420903,2026-09-24T16:35:00Z,,,,,,,,,,,v2:logistic:through_2025-09-28,PIT,2,1,Final,1.0
2026-09-24,823411,MIL,PHI,Shane Drohan,Andrew Painter,PHI,0.5051010403144799,0.4948989596855201,2026-09-24T22:05:00Z,,,,,,,,,,,v2:logistic:through_2025-09-28,MIL,1,5,Final,0.0
2026-09-24,823493,TB,NYY,Ian Seymour,Cam Schlittler,NYY,0.5335398020652895,0.4664601979347105,2026-09-24T23:05:00Z,,,,,,,,,,,v2:logistic:through_2025-09-28,NYY,6,4,Final,1.0
2026-09-24,823895,SD,LAD,Nick Pivetta,Tyler Glasnow,LAD,0.5929392935618921,0.4070607064381079,2026-09-25T02:10:00Z,,,,,,,,,,,v2:logistic:through_2025-09-28,SD,2,4,Final,0.0
2026-09-24,824059,CWS,KC,David Sandlin,Randy Dobnak,CWS,0.4835315186557778,0.5164684813442222,2026-09-24T18:10:00Z,,,,,,,,,,,v2:logistic:through_2025-09-28,CWS,1,9,Final,1.0
2026-09-24,824298,AZ,COL,Eduardo Rodriguez,Tanner Gordon,AZ,0.4686588017074902,0.5313411982925098,2026-09-24T19:10:00Z,,,,,,,,,,,v2:logistic:through_2025-09-28,AZ,8,12,Final,1.0
2026-09-24,824623,MIA,CHC,Tyler Phillips,Matthew Boyd,CHC,0.5796794445753733,0.4203205554246266,2026-09-24T18:20:00Z,,,,,,,,,,,v2:logistic:through_2025-09-28,CHC,2,1,Final,1.0
2026-09-24,824707,CLE,BOS,Daniel Espino,Ranger Suarez,BOS,0.5610643362956961,0.4389356637043039,2026-09-24T22:45:00Z,,,,,,,,,,,v2:logistic:through_2025-09-28,CLE,0,1,Final,0.0
2026-09-24,824866,CIN,ATL,Brady Singer,Tyler Mahle,ATL,0.6539956526057289,0.3460043473942711,2026-09-24T23:15:00Z,,,,,,,,,,,v2:logistic:through_2025-09-28,CIN,6,7,Final,0.0
2026-09-24,824950,HOU,ATH,Peter Lambert,Mason Barnett,HOU,0.4595438176419413,0.5404561823580587,2026-09-25T01:40:00Z,,,,,,,,,,,v2:logistic:through_2025-09-28,HOU,5,7,Final,1.0
2026-09-25,822681,NYM,WSH,Jefry Yan,Andrew Alvarez,WSH,0.5276787587472501,0.4723212412527499,2026-09-25T22:45:00Z,,,,,,,,,,,v2:logistic:through_2025-09-28,WSH,7,6,Final,1.0
2026-09-25,822760,CIN,TOR,Nick Lodolo,José Soriano,TOR,0.6027029746304722,0.3972970253695278,2026-09-25T23:07:00Z,,,,,,,,,,,v2:logistic:through_2025-09-28,TOR,6,5,Final,1.0
2026-09-25,823085,LAA,SEA,Reid Detmers,Bryce Miller,SEA,0.5308352140253959,0.4691647859746041,2026-09-26T02:10:00Z,,,,,,,,,,,v2:logistic:through_2025-09-28,LAA,5,7,Final,0.0
2026-09-25,823167,LAD,SF,Tarik Skubal,Yunior Marte,LAD,0.362846256238636,0.6371537437613639,2026-09-26T02:15:00Z,,,,,,,,,,,v2:logistic:through_2025-09-28,LAD,0,2,Final,1.0
2026-09-25,823248,AZ,SD,Brandon Pfaadt,Casey Mize,SD,0.5203156212505088,0.4796843787494912,2026-09-26T01:40:00Z,,,,,,,,,,,v2:logistic:through_2025-09-28,AZ,4,11,Final,0.0
2026-09-25,823409,TB,PHI,Freddy Peralta,Cristopher Sánchez,PHI,0.5313234725347075,0.4686765274652925,2026-09-25T22:40:00Z,,,,,,,,,,,v2:logistic:through_2025-09-28,TB,0,2,Final,0.0
2026-09-25,823489,BAL,NYY,Brandon Young,Ryan Yarbrough,NYY,0.5823755613802543,0.4176244386197457,2026-09-25T20:10:00Z,,,,,,,,,,,v2:logistic:through_2025-09-28,NYY,6,3,Final,1.0
2026-09-25,823491,BAL,NYY,Trevor Rogers,Brendan Beck,NYY,0.5037866356686096,0.4962133643313904,2026-09-25T20:05:00Z,,,,,,,,,,,v2:logistic:through_2025-09-28,BAL,2,10,Final,0.0
2026-09-25,823652,TEX,MIN,Jacob deGrom,Joe Ryan,MIN,0.5140997659853777,0.4859002340146223,2026-09-26T00:10:00Z,,,,,,,,,,,v2:logistic:through_2025-09-28,MIN,10,2,Final,1.0
2026-09-25,823735,STL,MIL,Michael McGreevy,Robert Gasser,MIL,0.6125091663107792,0.3874908336892207,2026-09-25T23:40:00Z,,,,,,,,,,,v2:logistic:through_2025-09-28,MIL,8,4,Final,1.0
2026-09-25,823816,ATL,MIA,Ray Kerr,Eury Pérez,ATL,0.4682088669031616,0.5317911330968383,2026-09-25T23:10:00Z,,,,,,,,,,,v2:logistic:through_2025-09-28,MIA,3,0,Final,0.0
2026-09-25,824058,CLE,KC,Gavin Williams,Noah Cameron,CLE,0.4383625749306314,0.5616374250693685,2026-09-25T23:40:00Z,,,,,,,,,,,v2:logistic:through_2025-09-28,CLE,9,12,Final,1.0
2026-09-25,824220,PIT,DET,Bubba Chandler,Jackson Jobe,DET,0.5496976423271965,0.4503023576728034,2026-09-25T22:40:00Z,,,,,,,,,,,v2:logistic:through_2025-09-28,DET,8,7,Final,1.0
2026-09-25,824544,COL,CWS,Tomoyuki Sugano,Sean Burke,CWS,0.5863089385047425,0.4136910614952575,2026-09-25T23:40:00Z,,,,,,,,,,,v2:logistic:through_2025-09-28,CWS,6,1,Final,1.0
2026-09-25,824703,CHC,BOS,Clay Holmes,Alec Gamboa,BOS,0.5277852723573814,0.4722147276426186,2026-09-25T17:05:00Z,,,,,,,,,,,v2:logistic:through_2025-09-28,BOS,4,3,Final,1.0
2026-09-25,824706,CHC,BOS,David Peterson,Brayan Bello,CHC,0.4839979965993682,0.5160020034006317,2026-09-25T21:35:00Z,,,,,,,,,,,v2:logistic:through_2025-09-28,BOS,2,0,Final,0.0
2026-09-25,824947,HOU,ATH,Hunter Brown,Jacob Lopez,HOU,0.4723458707288571,0.5276541292711429,2026-09-26T01:40:00Z,,,,,,,,,,,v2:logistic:through_2025-09-28,ATH,6,5,Final,0.0
2026-09-26,822678,NYM,WSH,Jonah Tong,Connelly Early,WSH,0.5309421398271252,0.4690578601728747,2026-09-26T16:35:00Z,,,,,,,,,,,v2:logistic:through_2025-09-28,NYM,1,7,Final,0.0
2026-09-26,822759,CIN,TOR,Rhett Lowder,Trey Yesavage,TOR,0.5854227722529319,0.414577227747068,2026-09-26T19:07:00Z,,,,,,,,,,,v2:logistic:through_2025-09-28,CIN,1,5,Final,0.0
2026-09-26,823083,LAA,SEA,Ryan Johnson,Kade Anderson,SEA,0.5710786967808748,0.4289213032191252,2026-09-27T01:40:00Z,,,,,,,,,,,v2:logistic:through_2025-09-28,SEA,8,4,Final,1.0
2026-09-26,823165,LAD,SF,Blake Snell,Matt Wilkinson,LAD,0.3768949633160066,0.6231050366839934,2026-09-26T20:05:00Z,,,,,,,,,,,v2:logistic:through_2025-09-28,LAD,3,4,Final,1.0
2026-09-26,823245,AZ,SD,Taylor Clarke,Walker Buehler,SD,0.5331901939380226,0.4668098060619774,2026-09-27T00:40:00Z,,,,,,,,,,,v2:logistic:through_2025-09-28,SD,10,7,Final,1.0
2026-09-26,823407,TB,PHI,Griffin Jax,Aaron Nola,TB,0.4870221513046957,0.5129778486953043,2026-09-26T23:15:00Z,,,,,,,,,,,v2:logistic:through_2025-09-28,TB,1,12,Final,1.0
2026-09-26,823653,TEX,MIN,Nathan Eovaldi,Bailey Ober,MIN,0.526104751918015,0.473895248081985,2026-09-26T20:10:00Z,,,,,,,,,,,v2:logistic:through_2025-09-28,TEX,2,6,Final,0.0
2026-09-26,823733,STL,MIL,Quinn Mathews,Dustin May,MIL,0.6117210907185239,0.3882789092814761,2026-09-26T23:10:00Z,,,,,,,,,,,v2:logistic:through_2025-09-28,MIL,3,2,Final,1.0
2026-09-26,823813,ATL,MIA,Brent Suter,Jack Ralston,MIA,0.5066009239914315,0.4933990760085684,2026-09-26T20:10:00Z,,,,,,,,,,,v2:logistic:through_2025-09-28,ATL,3,8,Final,0.0
2026-09-26,824057,CLE,KC,Tanner Bibee,Michael Wacha,CLE,0.4707860930123764,0.5292139069876236,2026-09-26T23:10:00Z,,,,,,,,,,,v2:logistic:through_2025-09-28,CLE,5,11,Final,1.0
2026-09-26,824219,PIT,DET,Kirby Yates,Justin Verlander,DET,0.5551051188749849,0.4448948811250151,2026-09-26T17:10:00Z,,,,,,,,,,,v2:logistic:through_2025-09-28,DET,4,3,Final,1.0
2026-09-26,824543,COL,CWS,Jose Quintana,Davis Martin,CWS,0.605647107931545,0.394352892068455,2026-09-26T23:10:00Z,,,,,,,,,,,v2:logistic:through_2025-09-28,COL,6,9,Final,0.0
2026-09-26,824949,HOU,ATH,Hayden Wesneski,Jack Perkins,HOU,0.4792083506727657,0.5207916493272342,2026-09-27T01:40:00Z,,,,,,,,,,,v2:logistic:through_2025-09-28,HOU,2,13,Final,1.0
2026-09-27,822679,NYM,WSH,Sean Manaea,DJ Herz,WSH,0.512080196259874,0.487919803740126,2026-09-27T17:05:00Z,,,,,,,,,,,v2:logistic:through_2025-09-28,WSH,6.0,4.0,Final,1.0
2026-09-27,822761,CIN,TOR,Brandon Williamson,Max Scherzer,TOR,0.5871714651873791,0.4128285348126209,2026-09-27T19:07:00Z,,,,,,,,,,,v2:logistic:through_2025-09-28,TOR,5.0,1.0,Final,1.0
2026-09-27,823084,LAA,SEA,Yusei Kikuchi,Logan Gilbert,SEA,0.5794556872728583,0.4205443127271416,2026-09-27T19:10:00Z,,,,,,,,,,,v2:logistic:through_2025-09-28,SEA,7.0,3.0,Final,1.0
2026-09-27,823164,LAD,SF,Jack Dreyer,Carson Seymour,LAD,0.3721567303736476,0.6278432696263524,2026-09-27T19:05:00Z,,,,,,,,,,,v2:logistic:through_2025-09-28,LAD,1.0,5.0,Final,1.0
2026-09-27,823246,AZ,SD,Michael Soroka,Randy Vásquez,SD,0.5014107281428685,0.4985892718571315,2026-09-27T19:10:00Z,,,,,,,,,,,v2:logistic:through_2025-09-28,SD,9.0,4.0,Final,1.0
2026-09-27,823408,TB,PHI,Nick Martinez,Zack Wheeler,PHI,0.503062064474408,0.4969379355255919,2026-09-27T18:30:00Z,,,,,,,,,,,v2:logistic:through_2025-09-28,PHI,7.0,3.0,Final,1.0
2026-09-27,823650,TEX,MIN,MacKenzie Gore,Dean Kremer,MIN,0.5496028032460811,0.4503971967539188,2026-09-27T19:10:00Z,,,,,,,,,,,v2:logistic:through_2025-09-28,MIN,6.0,4.0,Final,1.0
2026-09-27,823731,STL,MIL,Andre Pallante,Jacob Misiorowski,MIL,0.6597864245989523,0.3402135754010477,2026-09-27T19:10:00Z,,,,,,,,,,,v2:logistic:through_2025-09-28,MIL,6.0,4.0,Final,1.0
2026-09-27,823814,ATL,MIA,JR Ritchie,Janson Junk,MIA,0.5139050748396644,0.4860949251603356,2026-09-27T19:10:00Z,,,,,,,,,,,v2:logistic:through_2025-09-28,MIA,5.0,3.0,Final,1.0
2026-09-27,824055,CLE,KC,Parker Messick,Daniel Lynch IV,CLE,0.4149325638479589,0.5850674361520412,2026-09-27T19:10:00Z,,,,,,,,,,,v2:logistic:through_2025-09-28,KC,3.0,2.0,Final,0.0
2026-09-27,824217,PIT,DET,Jared Jones,River Ryan,DET,0.5386097234149902,0.4613902765850097,2026-09-27T19:10:00Z,,,,,,,,,,,v2:logistic:through_2025-09-28,PIT,2.0,4.0,Final,0.0
2026-09-27,824542,COL,CWS,Kyle Freeland,Anthony Kay,CWS,0.5933645383551618,0.4066354616448382,2026-09-27T19:10:00Z,,,,,,,,,,,v2:logistic:through_2025-09-28,CWS,4.0,2.0,Final,1.0
2026-09-27,824705,CHC,BOS,Shota Imanaga,Tanner Houck,CHC,0.4963607468417754,0.5036392531582246,2026-09-27T19:05:00Z,,,,,,,,,,,v2:logistic:through_2025-09-28,CHC,2.0,6.0,Final,1.0
2026-09-27,824948,HOU,ATH,Peter Lambert,Seth Johnson,HOU,0.4070423646629215,0.5929576353370785,2026-09-27T19:05:00Z,,,,,,,,,,,v2:logistic:through_2025-09-28,HOU,0.0,9.0,Final,1.0
2026-09-29,849843,CHC,SD,Matthew Boyd,Michael King,SD,0.5149878975321757,0.4850121024678243,2026-09-30T02:00:00Z,,,,,,,,,,,v2:logistic:through_2025-09-28,SD,8,0,Final,1.0
2026-09-29,849845,PHI,ATL,Jesús Luzardo,Chris Sale,ATL,0.5846053847925751,0.4153946152074249,2026-09-29T18:00:00Z,,,,,,,,,,,v2:logistic:through_2025-09-28,ATL,5,3,Final,1.0
2026-09-29,849849,CWS,HOU,Hagen Smith,AJ Blubaugh,CWS,0.4937747675287825,0.5062252324712175,2026-09-29T21:00:00Z,,,,,,,,,,,v2:logistic:through_2025-09-28,CWS,3,6,Final,1.0
2026-09-29,849851,BOS,NYY,Payton Tolle,Cam Schlittler,NYY,0.5376029416708805,0.4623970583291195,2026-09-30T00:00:00Z,,,,,,,,,,,v2:logistic:through_2025-09-28,NYY,9,0,Final,1.0
2026-09-30,849841,PHI,ATL,Cristopher Sánchez,Tyler Mahle,ATL,0.570936146887768,0.429063853112232,2026-09-30T18:00:00Z,,,,,,,,,,,v2:logistic:through_2025-09-28,PHI,3,4,Final,0.0
2026-09-30,849842,CHC,SD,Kevin Gausman,Nick Pivetta,SD,0.5343618499210641,0.4656381500789359,2026-10-01T02:00:00Z,,,,,,,,,,,v2:logistic:through_2025-09-28,SD,4,1,Final,1.0
2026-09-30,849846,CWS,HOU,Sean Burke,Hunter Brown,HOU,0.5235021356897184,0.4764978643102816,2026-09-30T21:00:00Z,,,,,,,,,,,v2:logistic:through_2025-09-28,CWS,3,7,Final,0.0
2026-09-30,849848,BOS,NYY,Sonny Gray,Max Fried,NYY,0.5759843954633218,0.4240156045366782,2026-10-01T00:00:00Z,,,,,,,,,,,v2:logistic:through_2025-09-28,NYY,9,2,Final,1.0
2026-10-01,849844,PHI,ATL,Aaron Nola,Ray Kerr,ATL,0.5630373346018608,0.4369626653981392,2026-10-02T00:00:00Z,,,,,,,,,,,v2:logistic:through_2025-09-28,ATL,6,2,Final,1.0
2026-10-03,849828,ATL,LAD,Dylan Dodd,Tarik Skubal,LAD,0.5865580689752737,0.4134419310247262,2026-10-03T20:00:00Z,,,,,,,,,,,v2:logistic:through_2025-09-28,LAD,5,3,Final,1.0
2026-10-03,849829,CWS,CLE,Hagen Smith,Parker Messick,CLE,0.5327393145429943,0.4672606854570057,2026-10-03T17:00:00Z,,,,,,,,,,,v2:logistic:through_2025-09-28,CWS,0,3,Final,0.0
2026-10-03,849830,SD,MIL,Robbie Ray,Jacob Misiorowski,MIL,0.6125204089346272,0.3874795910653728,2026-10-04T00:30:00Z,,,,,,,,,,,v2:logistic:through_2025-09-28,MIL,3,2,Final,1.0
2026-10-03,849835,NYY,TB,Gerrit Cole,Drew Rasmussen,TB,0.5401364552981761,0.4598635447018239,2026-10-03T22:30:00Z,,,,,,,,,,,v2:logistic:through_2025-09-28,TB,1,0,Final,1.0
2026-10-04,849823,ATL,LAD,Ray Kerr,Blake Snell,LAD,0.6097495759768218,0.3902504240231782,2026-10-05T00:00:00Z,,,,,,,,,,,v2:logistic:through_2025-09-28,ATL,2,3,Final,0.0
2026-10-04,849825,SD,MIL,Michael King,Logan Henderson,MIL,0.5806235750345146,0.4193764249654854,2026-10-04T20:00:00Z,,,,,,,,,,,v2:logistic:through_2025-09-28,MIL,4,3,Final,1.0
2026-10-05,849834,CWS,CLE,Anthony Kay,Gavin Williams,CLE,0.5616206342626906,0.4383793657373094,2026-10-05T21:00:00Z,,,,,,,,,,,v2:logistic:through_2025-09-28,CWS,3,4,Final,0.0
2026-10-05,849839,NYY,TB,Cam Schlittler,Freddy Peralta,TB,0.5121106382121575,0.4878893617878425,2026-10-06T00:00:00Z,,,,,,,,,,,v2:logistic:through_2025-09-28,TB,5,2,Final,1.0
2026-10-06,849819,LAD,ATL,Yoshinobu Yamamoto,Chris Sale,ATL,0.5130655188153167,0.4869344811846833,2026-10-06T22:00:00Z,,,,,,,,,,,v2:logistic:through_2025-09-28,LAD,1,3,Final,0.0
2026-10-06,849826,MIL,SD,Dustin May,Nick Pivetta,SD,0.5229962019505767,0.4770037980494233,2026-10-07T01:30:00Z,,,,,,,,,,,v2:logistic:through_2025-09-28,SD,4,3,Final,1.0
2026-10-07,849822,LAD,ATL,Tyler Glasnow,Tyler Mahle,LAD,0.4692485508880104,0.5307514491119896,2026-10-07T22:00:00Z,,,,,,,,,,,v2:logistic:through_2025-09-28,LAD,1,4,Final,1.0
2026-10-07,849827,MIL,SD,Robert Gasser,Walker Buehler,MIL,0.4899986935649146,0.5100013064350855,2026-10-08T02:00:00Z,,,,,,,,,,,v2:logistic:through_2025-09-28,MIL,1,3,Final,1.0
2026-10-07,849833,CLE,CWS,Daniel Espino,Sean Newcomb,CWS,0.5725838134380938,0.4274161865619061,2026-10-07T20:00:00Z,,,,,,,,,,,v2:logistic:through_2025-09-28,CLE,3,9,Final,0.0
2026-10-07,849838,TB,NYY,Nick Martinez,Max Fried,NYY,0.5315323277438572,0.4684676722561428,2026-10-08T00:00:00Z,,,,,,,,,,,v2:logistic:through_2025-09-28,TB,3,4,Final,0.0
2026-10-08,849832,CLE,CWS,Parker Messick,Hagen Smith,CWS,0.534646871321348,0.465353128678652,2026-10-09T00:00:00Z,,,,,,,,,,,v2:logistic:through_2025-09-28,CLE,5,9,Final,0.0
2026-10-10,849831,CWS,CLE,Sean Burke,Gavin Williams,CLE,0.5192183256149292,0.4807816743850708,2026-10-11T00:00:00Z,,,,,,,,,,,v1:2025_model_data_snapshot,,,,Scheduled,
