player_type,team,opponent,player_name,mlb_id,lineup_spot,pos,lineup_status,proj_pa,proj_ip,proj_outs,proj_runs_allowed,proj_hits_allowed,proj_strikeouts,proj_walks,proj_hr_allowed,proj_er_model,proj_fip,proj_war_contribution,direct_K,rate_K,direct_BB,rate_BB,direct_H,rate_H,direct_HR,rate_HR,direct_R,rate_R,proj_hits,proj_runs,proj_rbi,proj_hrrbi,proj_hr,proj_tb,proj_2b,proj_3b,proj_sb,proj_woba,direct_TB,rate_TB,direct_2B,rate_2B,direct_3B,rate_3B,direct_SB,rate_SB,used_fallback,confidence_score,proj_pa_confidence_score,proj_hits_confidence_score,proj_hr_confidence_score,proj_strikeouts_confidence_score,proj_runs_confidence_score,proj_rbi_confidence_score,proj_hrrbi_confidence_score,proj_walks_confidence_score,confidence,proj_pa_confidence,proj_hits_confidence,proj_hr_confidence,proj_strikeouts_confidence,proj_runs_confidence,proj_rbi_confidence,proj_hrrbi_confidence,proj_walks_confidence,game_date
pitcher,CHC,STL,Clay Holmes,605280,,,,,4.79,14.0,2.65,4.65,5.0,1.93,0.98,2.21,5.07,0.081,4.676567656765677,5.331254490887942,1.890295358649789,2.041382631246275,4.525423728813561,5.152155509786922,0.9130434782608695,1.1249553141128723,2.212,,,,,,,,,,,,,,,,,,,,,,,,,,,,,,,,,,,,,,,2026-08-14
pitcher,STL,CHC,Matthew Liberatore,669461,,,,,4.61,14.0,2.65,4.54,4.5,1.91,0.91,2.28,5.14,0.061,4.676567656765677,4.328501777882078,1.890295358649789,1.9646709666065398,4.500000000000001,4.676079178112422,0.9130434782608695,0.91531524226146,2.28,,,,,,,,,,,,,,,,,,,,,,,,,,,,,,,,,,,,,,,2026-08-14
pitcher,CIN,MIA,Chase Burns,695505,,,,,5.21,16.0,2.03,4.3,6.77,1.76,0.48,1.79,3.19,0.162,6.017094017094017,7.516544777237001,1.610062893081761,2.220376515405656,4.111111111111111,5.0333098236854905,0.4827586206896552,0.47907389125280486,1.789,,,,,,,,,,,,,,,,,,,,,,,,,,,,,,,,,,,,,,,2026-08-14
pitcher,MIA,CIN,Sandy Alcantara,645261,,,,,5.21,16.0,2.81,5.55,4.56,1.89,0.79,3.08,4.32,0.017,4.676567656765677,4.452452679154525,1.890295358649789,1.9000404918068519,5.387096774193548,6.222090435704619,0.7441860465116279,0.8965857077382466,3.075,,,,,,,,,,,,,,,,,,,,,,,,,,,,,,,,,,,,,,,2026-08-14
pitcher,PIT,BOS,Bubba Chandler,696149,,,,,4.79,14.0,2.46,4.93,4.78,1.85,0.4,2.21,3.63,0.081,4.676567656765677,4.882964964028157,1.890295358649789,1.7468702410277968,4.879746835443039,5.152155509786922,0.38095238095238093,0.44045373111342334,2.212,,,,,,,,,,,,,,,,,,,,,,,,,,,,,,,,,,,,,,,2026-08-14
pitcher,BOS,PIT,Jake Bennett,687562,,,,,4.79,14.0,2.47,4.88,4.78,1.33,0.71,2.28,4.06,0.073,4.676567656765677,4.882964964028157,1.3455882352941178,1.2824725226957707,4.879746835443039,4.858659276173211,0.6666666666666666,0.8243081650798851,2.28,,,,,,,,,,,,,,,,,,,,,,,,,,,,,,,,,,,,,,,2026-08-14
pitcher,DET,CWS,Jackson Jobe,695549,,,,,4.79,14.0,2.58,4.67,4.59,2.22,0.55,2.28,4.27,0.073,4.676567656765677,4.497510524090055,2.163265306122449,2.408344720713209,4.666666666666667,4.680779957327881,0.547945205479452,0.5661210675823506,2.28,,,,,,,,,,,,,,,,,,,,,,,,,,,,,,,,,,,,,,,2026-08-14
pitcher,WSH,NYM,Andrew Alvarez,674841,,,,,4.61,14.0,2.5,4.4,5.14,1.91,0.79,2.21,4.7,0.069,4.676567656765677,5.594937448181115,1.890295358649789,1.9646709666065398,4.326530612244898,4.676079178112422,0.7948717948717948,0.7933320753691587,2.212,,,,,,,,,,,,,,,,,,,,,,,,,,,,,,,,,,,,,,,2026-08-14
pitcher,CLE,SD,Gavin Williams,668909,,,,,5.13,15.0,2.64,5.01,5.86,2.18,0.57,2.28,3.67,0.097,6.017094017094017,5.709673390032388,2.163265306122449,2.2429662842281095,4.879746835443039,5.51786174638975,0.547945205479452,0.6063050264504087,2.28,,,,,,,,,,,,,,,,,,,,,,,,,,,,,,,,,,,,,,,2026-08-14
pitcher,SD,CLE,Michael King,650633,,,,,5.13,15.0,2.72,4.66,4.95,2.27,0.91,2.43,5.01,0.08,4.676567656765677,5.229563729742055,2.163265306122449,2.579291945147967,4.525423728813561,5.203532794732478,0.869281045751634,1.0185612131889998,2.432,,,,,,,,,,,,,,,,,,,,,,,,,,,,,,,,,,,,,,,2026-08-14
pitcher,BAL,TB,Chris Bassitt,605135,,,,,4.79,14.0,2.52,5.39,4.0,1.43,0.67,2.28,4.3,0.073,3.9146272327761333,4.0935217530038726,1.3455882352941178,1.6812829944533958,5.3076923076923075,5.720501571405975,0.625,0.7592911695295503,2.28,,,,,,,,,,,,,,,,,,,,,,,,,,,,,,,,,,,,,,,2026-08-14
pitcher,ATL,AZ,Chris Sale,519242,,,,,5.59,17.0,2.6,5.28,6.72,1.38,0.82,2.21,3.47,0.138,6.649122807017544,6.78431677556018,1.3455882352941178,1.496664175755607,5.093457943925234,6.012640772381813,0.7580645161290323,0.9619796749053355,2.212,,,,,,,,,,,,,,,,,,,,,,,,,,,,,,,,,,,,,,,2026-08-14
pitcher,AZ,ATL,Brandon Pfaadt,694297,,,,,4.58,14.0,2.35,4.55,3.88,1.49,0.67,1.79,4.46,0.115,3.8412698412698414,3.914056289928546,1.3455882352941178,1.9376370308711937,4.525423728813561,4.645649161768958,0.625,0.7881693937507044,1.789,,,,,,,,,,,,,,,,,,,,,,,,,,,,,,,,,,,,,,,2026-08-14
pitcher,TOR,NYY,Shane Bieber,669456,,,,,4.61,14.0,2.56,4.45,4.5,1.61,0.91,2.21,4.96,0.069,4.676567656765677,4.328501777882078,1.610062893081761,1.6181032577098442,4.326530612244898,4.95854632570307,0.9130434782608695,0.91531524226146,2.212,,,,,,,,,,,,,,,,,,,,,,,,,,,,,,,,,,,,,,,2026-08-14
pitcher,NYY,TOR,Gerrit Cole,543037,,,,,4.79,14.0,2.44,4.71,4.59,1.43,0.67,2.28,3.95,0.073,4.676567656765677,4.497510524090055,1.3455882352941178,1.6812829944533958,4.666666666666667,4.858659276173211,0.625,0.7592911695295503,2.28,,,,,,,,,,,,,,,,,,,,,,,,,,,,,,,,,,,,,,,2026-08-14
pitcher,HOU,SEA,Peter Lambert,663567,,,,,5.21,16.0,2.44,4.63,4.78,1.97,0.56,2.28,4.01,0.103,4.676567656765677,4.891864265242002,1.890295358649789,2.220376515405656,4.525423728813561,5.0333098236854905,0.5409836065573771,0.6157600755958343,2.28,,,,,,,,,,,,,,,,,,,,,,,,,,,,,,,,,,,,,,,2026-08-14
pitcher,SEA,HOU,George Kirby,669923,,,,,5.21,16.0,2.47,4.63,6.81,1.36,0.88,2.21,4.0,0.111,6.649122807017544,6.9744984170508655,1.3455882352941178,1.3949231405521847,4.525423728813561,5.0333098236854905,0.869281045751634,0.8965857077382466,2.212,,,,,,,,,,,,,,,,,,,,,,,,,,,,,,,,,,,,,,,2026-08-14
pitcher,LAA,KC,Grayson Rodriguez,680570,,,,,4.79,14.0,2.52,4.55,4.59,2.13,0.57,2.43,4.25,0.057,4.676567656765677,4.497510524090055,2.163265306122449,2.041382631246275,4.525423728813561,4.62755356150739,0.5438855584435516,0.6350989636681925,2.432,,,,,,,,,,,,,,,,,,,,,,,,,,,,,,,,,,,,,,,2026-08-14
pitcher,KC,LAA,Seth Lugo,607625,,,,,4.79,14.0,2.69,4.93,3.83,1.93,0.78,2.48,5.0,0.051,3.8412698412698414,3.8257426697625427,1.890295358649789,2.041382631246275,4.879746835443039,5.152155509786922,0.7580645161290323,0.8243081650798851,2.481,,,,,,,,,,,,,,,,,,,,,,,,,,,,,,,,,,,,,,,2026-08-14
pitcher,ATH,TEX,Gage Jump,695611,,,,,5.21,16.0,2.47,4.91,5.29,1.66,0.52,2.21,3.62,0.111,5.275,5.311116380498267,1.610062893081761,1.8287023801883489,4.879746835443039,5.0333098236854905,0.5409836065573771,0.47907389125280486,2.212,,,,,,,,,,,,,,,,,,,,,,,,,,,,,,,,,,,,,,,2026-08-14
pitcher,TEX,ATH,Kumar Rocker,677958,,,,,4.61,14.0,2.62,4.61,4.69,1.91,0.86,2.28,5.02,0.061,4.676567656765677,4.699471499826681,1.890295358649789,1.9646709666065398,4.525423728813561,4.95854632570307,0.869281045751634,0.8399040024918583,2.28,,,,,,,,,,,,,,,,,,,,,,,,,,,,,,,,,,,,,,,2026-08-14
pitcher,LAD,MIL,Yoshinobu Yamamoto,808967,,,,,5.59,17.0,2.47,5.04,6.44,1.7,0.53,2.21,3.11,0.138,6.649122807017544,6.22165190063958,1.610062893081761,1.9620818244247349,4.879746835443039,5.670126378665604,0.5409836065573771,0.5140159409027215,2.212,,,,,,,,,,,,,,,,,,,,,,,,,,,,,,,,,,,,,,,2026-08-14
pitcher,MIL,LAD,Robert Gasser,688107,,,,,4.79,14.0,2.5,4.43,5.01,2.02,0.78,2.21,4.65,0.081,4.676567656765677,5.340567241789763,1.890295358649789,2.408344720713209,4.326530612244898,4.858659276173211,0.7580645161290323,0.8243081650798851,2.212,,,,,,,,,,,,,,,,,,,,,,,,,,,,,,,,,,,,,,,2026-08-14
pitcher,SF,COL,Landen Roupp,694738,,,,,4.79,14.0,2.42,4.76,4.59,1.93,0.55,2.21,4.06,0.081,4.676567656765677,4.497510524090055,1.890295358649789,2.041382631246275,4.666666666666667,5.152155509786922,0.5409836065573771,0.5661210675823506,2.212,,,,,,,,,,,,,,,,,,,,,,,,,,,,,,,,,,,,,,,2026-08-14
pitcher,COL,SF,Kyle Freeland,607536,,,,,4.79,14.0,2.93,5.82,3.74,1.43,1.14,3.32,5.78,-0.034,3.6538461538461537,3.8257426697625427,1.3455882352941178,1.6812829944533958,5.68,6.386036678668229,1.1428571428571428,1.1249553141128723,3.323,,,,,,,,,,,,,,,,,,,,,,,,,,,,,,,,,,,,,,,2026-08-14
hitter,CHC,STL,Pete Crow-Armstrong,691718,1.0,CF,Confirmed,4.45,,,,,0.92,0.44,,,,,0.8980878428387763,0.9455702343464861,0.39887076995880877,0.4876034870228539,0.801980198019802,0.878421587110194,0.06697074609974604,0.05115753292842097,,,0.84,0.43,0.3,1.54,0.06,1.38,0.2,0.01,0.0,0.255,1.3148148148148149,1.4418044012818465,0.196,,0.01,,0.0,,False,96.0,99.0,96.0,88.0,93.0,91.0,91.0,92.0,94.0,high,high,high,high,high,high,high,high,high,2026-08-14
hitter,CHC,STL,Seiya Suzuki,673548,2.0,DH,Confirmed,4.51,,,,,0.94,0.57,,,,,0.9019311047186798,0.9774493267110593,0.5855480395524871,0.5621607628788949,0.801980198019802,0.8485790283477325,0.05470545184032194,0.050420962164135975,,,0.83,0.46,0.3,1.56,0.05,1.26,0.17,0.01,0.0,0.275,1.239368165249089,1.2764883192935483,0.165,,0.01,,0.0,,False,96.0,99.0,96.0,88.0,93.0,91.0,91.0,92.0,94.0,high,high,high,high,high,high,high,high,high,2026-08-14
hitter,CHC,STL,Alex Bregman,608324,3.0,3B,Confirmed,4.26,,,,,0.52,0.56,,,,,0.546545793298506,0.4970858064798376,0.564739440254372,0.5458159391789557,0.8694581280788177,0.8690481589812054,0.05027399205630998,0.03707478248895197,,,0.87,0.48,0.36,1.71,0.04,1.19,0.15,0.01,0.0,0.301,1.239368165249089,1.1536011368538757,0.152,,0.009,,0.0,,False,96.0,99.0,96.0,88.0,93.0,91.0,91.0,92.0,94.0,high,high,high,high,high,high,high,high,high,2026-08-14
hitter,CHC,STL,Michael Busch,683737,4.0,1B,Confirmed,4.45,,,,,0.94,0.6,,,,,0.9088714842062025,0.967200995588685,0.628353771132831,0.5781910586303302,0.7715355805243446,0.8527247484662738,0.0507064702869766,0.0372100031342594,,,0.82,0.45,0.32,1.55,0.04,1.05,0.14,0.01,0.0,0.277,1.001763668430335,1.0895569519734247,0.145,,0.008,,0.0,,False,96.0,99.0,96.0,88.0,93.0,91.0,91.0,92.0,94.0,high,high,high,high,high,high,high,high,high,2026-08-14
hitter,CHC,STL,Nico Hoerner,663538,5.0,2B,Confirmed,4.51,,,,,0.3,0.29,,,,,0.2652586382059783,0.3356962004188312,0.2783839672145789,0.3040784803654841,1.0980834272829765,1.0617626705243637,0.03117830424782777,0.021440917169012193,,,1.08,0.51,0.43,2.04,0.03,1.23,0.2,0.01,0.0,0.283,1.239368165249089,1.2212165525708036,0.201,,0.014,,0.0,,False,96.0,99.0,96.0,88.0,93.0,91.0,91.0,92.0,94.0,high,high,high,high,high,high,high,high,high,2026-08-14
hitter,CHC,STL,Carson Kelly,608348,6.0,C,Confirmed,3.74,,,,,0.57,0.43,,,,,0.559067496976752,0.5758152133183938,0.44463558897191136,0.41042608217060805,0.707983193277311,0.6310716098406556,0.036663996021633095,0.027581928942796003,,,0.67,0.34,0.29,1.34,0.03,0.94,0.16,0.01,0.0,0.279,0.9875776397515532,0.8922585192409157,0.157,,0.009,,0.0,,False,96.0,99.0,96.0,88.0,93.0,91.0,91.0,92.0,94.0,high,high,high,high,high,high,high,high,high,2026-08-14
hitter,CHC,STL,Ian Happ,664023,7.0,LF,Confirmed,4.39,,,,,0.92,0.6,,,,,0.8896883720380254,0.9583315054810994,0.6175386449232881,0.5848259126055689,0.7715355805243446,0.7898813246306114,0.06596979649146359,0.045453162466424585,,,0.78,0.4,0.29,1.47,0.06,1.24,0.16,0.01,0.0,0.283,1.239368165249089,1.2374454928258578,0.164,,0.008,,0.0,,False,96.0,99.0,96.0,88.0,93.0,91.0,91.0,92.0,94.0,high,high,high,high,high,high,high,high,high,2026-08-14
hitter,CHC,STL,Tyrone Taylor,621438,8.0,RF,Confirmed,3.81,,,,,0.63,0.24,,,,,0.5759504155133648,0.6834784240495346,0.22327301320262166,0.2519927949728995,0.8770949720670391,0.8879168764648432,0.06337678357868157,0.07778762634849404,,,0.88,0.3,0.25,1.25,0.07,1.27,0.16,0.01,0.0,0.229,1.3148148148148149,1.2378720541941042,0.158,,0.011,,0.0,,False,96.0,99.0,96.0,88.0,93.0,91.0,91.0,92.0,94.0,high,high,high,high,high,high,high,high,high,2026-08-14
hitter,CHC,STL,Dansby Swanson,621020,9.0,SS,Confirmed,4.04,,,,,0.86,0.42,,,,,0.8217602353543823,0.889506325211772,0.46403068234030964,0.3836178418137107,0.7715355805243446,0.68272121460486,0.05115365773691613,0.04705168561266498,,,0.72,0.37,0.29,1.43,0.05,0.99,0.16,0.01,0.0,0.279,1.001763668430335,0.9793221015405588,0.163,,0.01,,0.0,,False,96.0,99.0,96.0,88.0,93.0,91.0,91.0,92.0,94.0,high,high,high,high,high,high,high,high,high,2026-08-14
hitter,STL,CHC,JJ Wetherholt,802139,1.0,2B,Confirmed,4.68,,,,,0.45,0.4,,,,,0.4734475845500544,0.4308267179496242,0.39911987973751384,0.39804941376114034,0.994208494208494,0.9182470003474354,0.029302721321989945,0.027064092114388892,,,0.95,0.54,0.39,2.03,0.03,1.23,0.27,0.01,0.0,0.304,1.239368165249089,1.2228870178656517,0.267,,0.01,,0.0,,False,96.0,99.0,96.0,88.0,93.0,91.0,91.0,92.0,94.0,high,high,high,high,high,high,high,high,high,2026-08-14
hitter,STL,CHC,Iván Herrera,671056,2.0,C,Confirmed,4.58,,,,,0.5,0.39,,,,,0.48927682423342045,0.5189413185144276,0.3687627198292768,0.40994041723936914,0.994208494208494,0.9510033930522461,0.035719582592183274,0.03286626626052665,,,0.97,0.54,0.39,2.03,0.03,1.29,0.23,0.01,0.0,0.304,1.239368165249089,1.332615507712976,0.232,,0.01,,0.0,,False,96.0,99.0,96.0,88.0,93.0,91.0,91.0,92.0,94.0,high,high,high,high,high,high,high,high,high,2026-08-14
hitter,STL,CHC,Alec Burleson,676475,3.0,1B,Confirmed,4.26,,,,,0.41,0.28,,,,,0.4446526361535955,0.3797445982899488,0.277043460487413,0.27695679846993726,0.8694581280788177,0.8797934476371301,0.03285745428563588,0.007226436508568128,,,0.88,0.53,0.44,2.07,0.02,1.19,0.23,0.01,0.0,0.314,1.239368165249089,1.1433433411935923,0.234,,0.009,,0.0,,False,96.0,99.0,96.0,88.0,93.0,91.0,91.0,92.0,94.0,high,high,high,high,high,high,high,high,high,2026-08-14
hitter,STL,CHC,Jordan Walker,691023,4.0,RF,Confirmed,4.57,,,,,0.78,0.38,,,,,0.6823728048614944,0.8821147579756229,0.3613246897925838,0.39651431373719775,0.8949771689497716,0.9398767004959675,0.04164995723734786,0.0392834460884134,,,0.92,0.54,0.45,2.09,0.04,1.26,0.25,0.01,0.0,0.303,1.239368165249089,1.2829163658347718,0.247,,0.013,,0.0,,False,96.0,99.0,96.0,88.0,93.0,91.0,91.0,92.0,94.0,high,high,high,high,high,high,high,high,high,2026-08-14
hitter,STL,CHC,Nathan Church,701675,5.0,CF,Confirmed,3.81,,,,,0.56,0.26,,,,,0.5306135342911148,0.590334361110136,0.26707571373070726,0.2478739576704408,0.707983193277311,0.6932926279807445,0.02942427045984019,0.022239934683298605,,,0.7,0.48,0.4,1.87,0.03,1.01,0.18,0.01,0.0,0.318,1.001763668430335,1.0231840399791245,0.178,,0.011,,0.0,,False,96.0,99.0,96.0,88.0,93.0,91.0,91.0,92.0,94.0,high,high,high,high,high,high,high,high,high,2026-08-14
hitter,STL,CHC,Masyn Winn,691026,6.0,SS,Confirmed,4.45,,,,,0.48,0.27,,,,,0.47153322145520493,0.48209592509927185,0.2687088059713234,0.2708553193073041,0.8949771689497716,0.96831943292035,0.035356665675017586,0.03897567600852421,,,0.94,0.46,0.44,2.0,0.04,1.33,0.18,0.01,0.0,0.293,1.3148148148148149,1.3490852041871404,0.182,,0.013,,0.0,,False,96.0,99.0,96.0,88.0,93.0,91.0,91.0,92.0,94.0,high,high,high,high,high,high,high,high,high,2026-08-14
hitter,STL,CHC,Bryan Torres,663494,7.0,DH,Confirmed,3.1,,,,,0.4,0.19,,,,,0.3841127876820495,0.41813630509286914,0.21055689062261715,0.16929775821573723,0.7061469265367316,0.5471039518177441,0.027637259444285033,0.009179461379554454,,,0.62,0.36,0.31,1.54,0.02,0.76,0.13,0.01,0.0,0.327,0.8408408408408409,0.6923265773383993,0.127,,0.014,,0.0,,False,96.0,99.0,96.0,88.0,93.0,91.0,91.0,92.0,94.0,high,high,high,high,high,high,high,high,high,2026-08-14
hitter,STL,CHC,José Fermín,665877,8.0,LF,Confirmed,4.04,,,,,0.35,0.28,,,,,0.3455750866335241,0.353065136058253,0.26334130412246803,0.28783345258615733,0.707983193277311,0.7596191717518113,0.02762700575593454,0.036839488293968436,,,0.74,0.41,0.34,1.74,0.03,1.0,0.16,0.01,0.0,0.289,1.001763668430335,0.9999524624723957,0.165,,0.009,,0.0,,False,96.0,99.0,96.0,88.0,93.0,91.0,91.0,92.0,94.0,high,high,high,high,high,high,high,high,high,2026-08-14
hitter,STL,CHC,César Prieto,693409,9.0,3B,Confirmed,3.74,,,,,0.61,0.17,,,,,0.46760280890870465,0.7512170666446152,0.18696802250283054,0.15776624949142978,0.7715355805243446,0.7296510734573378,0.06065207723889555,0.05536612450485641,,,0.75,0.35,0.3,1.51,0.06,1.13,0.21,0.01,0.0,0.273,1.1521739130434783,1.103756825452443,0.214,,0.015,,0.0,,False,96.0,99.0,96.0,88.0,93.0,91.0,91.0,92.0,94.0,high,high,high,high,high,high,high,high,high,2026-08-14
hitter,CIN,MIA,Elly De La Cruz,682829,1.0,SS,Confirmed,4.03,,,,,0.95,0.2,,,,,0.9407379064598763,0.9576747076969617,0.20229666291445095,0.1887488202290167,0.707983193277311,0.7309984059997533,0.11783049897414555,0.12981340519884538,,,0.72,0.36,0.27,1.4,0.12,1.24,0.16,0.01,0.0,0.221,1.239368165249089,1.24485764656615,0.157,,0.013,,0.0,,False,96.0,99.0,96.0,88.0,93.0,91.0,91.0,92.0,94.0,high,high,high,high,high,high,high,high,high,2026-08-14
hitter,CIN,MIA,Sal Stewart,701398,2.0,1B,Confirmed,3.96,,,,,0.91,0.16,,,,,0.8764297913834335,0.9367802062507468,0.17184763586461652,0.1579454932968373,0.7061469265367316,0.6746404279791943,0.16966085478267284,0.1560517567499521,,,0.69,0.33,0.25,1.29,0.16,1.25,0.15,0.01,0.0,0.204,1.239368165249089,1.2546865360941866,0.149,,0.008,,0.0,,False,96.0,99.0,96.0,88.0,93.0,91.0,91.0,92.0,94.0,high,high,high,high,high,high,high,high,high,2026-08-14
hitter,CIN,MIA,JJ Bleday,668709,3.0,LF,Confirmed,3.49,,,,,0.8,0.15,,,,,0.7716366053561647,0.8243912432820188,0.16291499130843687,0.13465902960171391,0.5290322580645161,0.5408409873292414,0.08826733523638303,0.08358883262643335,,,0.54,0.27,0.23,1.09,0.09,0.93,0.12,0.01,0.0,0.194,0.9875776397515532,0.8882107242828766,0.116,,0.007,,0.0,,False,96.0,99.0,96.0,88.0,93.0,91.0,91.0,92.0,94.0,high,high,high,high,high,high,high,high,high,2026-08-14
hitter,CIN,MIA,Tyler Stephenson,663886,4.0,C,Confirmed,3.49,,,,,0.84,0.19,,,,,0.765929918771757,0.9177479155203505,0.19962278748698128,0.1840304465172873,0.4125159642401022,0.46420205455443936,0.09861689706475985,0.07930017451975767,,,0.44,0.25,0.22,0.99,0.09,0.8,0.13,0.01,0.0,0.183,0.8408408408408409,0.7740056688610857,0.125,,0.007,,0.0,,False,96.0,99.0,96.0,88.0,93.0,91.0,91.0,92.0,94.0,high,high,high,high,high,high,high,high,high,2026-08-14
hitter,CIN,MIA,Eugenio Suárez,553993,5.0,DH,Confirmed,3.81,,,,,0.96,0.16,,,,,0.8965613414687922,1.0309345395303533,0.1516106232659913,0.16740697788581133,0.5290322580645161,0.5583582781436409,0.19667625046332987,0.17591798793725238,,,0.55,0.32,0.29,1.3,0.19,1.16,0.12,0.01,0.0,0.205,1.1521739130434783,1.1706614217508793,0.122,,0.007,,0.0,,False,96.0,99.0,96.0,88.0,93.0,91.0,91.0,92.0,94.0,high,high,high,high,high,high,high,high,high,2026-08-14
hitter,CIN,MIA,Michael Toglia,669911,6.0,1B,Confirmed,3.33,,,,,1.61,0.13,,,,,1.6137227804526013,1.600000380472553,0.13074263116910712,0.1343104696789066,0.4803149606299212,0.4431904185565995,0.03626888921960376,0.03375620876182229,,,0.46,0.22,0.22,0.96,0.04,0.62,0.1,0.01,0.0,0.187,0.6720588235294118,0.5828629118384528,0.098,,0.009,,0.0,,False,96.0,99.0,96.0,88.0,93.0,91.0,91.0,92.0,94.0,high,high,high,high,high,high,high,high,high,2026-08-14
hitter,CIN,MIA,Dane Myers,667472,7.0,CF,Confirmed,2.55,,,,,0.7,0.1,,,,,0.7176473069337549,0.6912000607983003,0.11322564833246766,0.08982472474385526,0.4125159642401022,0.39931434555212025,0.06415409470777739,0.05298238692722085,,,0.41,0.15,0.13,0.63,0.06,0.71,0.09,0.01,0.0,0.167,0.7899761336515513,0.6355644055427637,0.089,,0.008,,0.0,,False,96.0,99.0,96.0,88.0,93.0,91.0,91.0,92.0,94.0,high,high,high,high,high,high,high,high,high,2026-08-14
hitter,CIN,MIA,Noelvi Marte,682622,8.0,RF,Confirmed,3.74,,,,,0.78,0.09,,,,,0.7212813564341221,0.8447297728040852,0.10127025544622392,0.08541851931287861,0.5846774193548387,0.6207202345559024,0.10571489596715539,0.10854434612170001,,,0.6,0.28,0.25,1.23,0.11,1.1,0.14,0.01,0.0,0.206,1.1521739130434783,1.0651461864396525,0.135,,0.008,,0.0,,False,96.0,99.0,96.0,88.0,93.0,91.0,91.0,92.0,94.0,high,high,high,high,high,high,high,high,high,2026-08-14
hitter,CIN,MIA,Matt McLain,680574,9.0,2B,Confirmed,3.19,,,,,0.97,0.37,,,,,1.0809503801897824,0.8673265048931313,0.41644250219736145,0.32666597571586387,0.994208494208494,0.729417094023123,0.03727987703297035,0.03492406374129721,,,0.85,0.26,0.23,1.13,0.04,1.09,0.13,0.01,0.0,0.233,1.239368165249089,0.9665601187184214,0.131,,0.006,,0.0,,False,96.0,99.0,96.0,88.0,93.0,91.0,91.0,92.0,94.0,high,high,high,high,high,high,high,high,high,2026-08-14
hitter,MIA,CIN,Jakob Marsee,805300,1.0,CF,Confirmed,3.74,,,,,0.65,0.39,,,,,0.6332370305255108,0.6680610150450782,0.41421125802326253,0.3739472401709236,1.0980834272829765,0.8770947258143487,0.19751717888290288,0.17066931525803927,,,0.98,0.39,0.29,1.32,0.18,1.58,0.1,0.01,0.0,0.266,1.684375,1.4930550466193768,0.102,,0.009,,0.0,,False,96.0,99.0,96.0,88.0,93.0,91.0,91.0,92.0,94.0,high,high,high,high,high,high,high,high,high,2026-08-14
hitter,MIA,CIN,Xavier Edwards,669364,2.0,2B,Confirmed,4.48,,,,,0.36,0.45,,,,,0.3928024962271661,0.32555684642461913,0.44788758570490583,0.45267951386591704,1.607843137254902,1.360932898749476,0.12059414811284952,0.09679298020384,,,1.47,0.51,0.37,1.87,0.11,1.93,0.14,0.01,0.0,0.288,2.057017543859649,1.8351361884798807,0.142,,0.008,,0.0,,False,96.0,99.0,96.0,88.0,93.0,91.0,91.0,92.0,94.0,high,high,high,high,high,high,high,high,high,2026-08-14
hitter,MIA,CIN,Otto Lopez,672640,3.0,SS,Confirmed,4.48,,,,,0.38,0.33,,,,,0.40342592762919494,0.3585207929526983,0.3261996811622525,0.3238021707130548,1.607843137254902,1.4129420408121334,0.22248096169988738,0.20881434760036377,,,1.5,0.53,0.48,2.01,0.22,2.1,0.13,0.01,0.0,0.286,2.057017543859649,2.1329245618327946,0.126,,0.011,,0.0,,False,96.0,99.0,96.0,88.0,93.0,91.0,91.0,92.0,94.0,high,high,high,high,high,high,high,high,high,2026-08-14
hitter,MIA,CIN,Griffin Conine,665052,4.0,DH,Confirmed,4.04,,,,,0.82,0.52,,,,,0.8293788412603955,0.8006963690751225,0.5508057763377888,0.48996279635998286,1.0980834272829765,1.0095833994881658,0.19195777691393784,0.18802977948072344,,,1.05,0.46,0.36,1.53,0.19,1.91,0.12,0.01,0.0,0.294,2.057017543859649,1.789089252464848,0.122,,0.008,,0.0,,False,96.0,99.0,96.0,88.0,93.0,91.0,91.0,92.0,94.0,high,high,high,high,high,high,high,high,high,2026-08-14
hitter,MIA,CIN,Heriberto Hernández,681715,5.0,LF,Confirmed,4.04,,,,,0.72,0.41,,,,,0.7084728109042,0.7240157384693822,0.4058620036666628,0.41323528685126687,1.1391752577319587,1.0448007548536173,0.2499795835779971,0.25144767430754805,,,1.09,0.41,0.35,1.41,0.25,1.97,0.13,0.01,0.0,0.261,2.057017543859649,1.9034010593793596,0.126,,0.008,,0.0,,False,96.0,99.0,96.0,88.0,93.0,91.0,91.0,92.0,94.0,high,high,high,high,high,high,high,high,high,2026-08-14
hitter,MIA,CIN,Javier Sanoja,691594,6.0,3B,Confirmed,3.48,,,,,0.27,0.24,,,,,0.3098899354443311,0.23640075978624858,0.25032857812935694,0.2286443086942761,1.0980834272829765,0.9920711827320706,0.07904296072227734,0.09951681498906251,,,1.04,0.31,0.31,1.32,0.09,1.53,0.14,0.01,0.0,0.257,1.684375,1.40126093918356,0.138,,0.01,,0.0,,False,96.0,99.0,96.0,88.0,93.0,91.0,91.0,92.0,94.0,high,high,high,high,high,high,high,high,high,2026-08-14
hitter,MIA,CIN,Owen Caissie,683357,7.0,RF,Confirmed,3.1,,,,,1.24,0.24,,,,,1.3571105942283923,1.1239684089361865,0.25570414521268764,0.21541227578876537,0.7715355805243446,0.6166242840468062,0.2649352096235356,0.2222777758062138,,,0.69,0.29,0.27,1.09,0.24,1.62,0.11,0.01,0.0,0.269,1.914285714285714,1.3721603672149834,0.108,,0.007,,0.0,,False,96.0,99.0,96.0,88.0,93.0,91.0,91.0,92.0,94.0,high,high,high,high,high,high,high,high,high,2026-08-14
hitter,MIA,CIN,Joe Mack,691788,8.0,C,Confirmed,3.33,,,,,0.56,0.33,,,,,0.5591235450747891,0.5671815675537806,0.3676009434077112,0.29763202653807225,1.0980834272829765,0.8127774072050533,0.22792459942792154,0.19483584705273324,,,0.94,0.29,0.26,1.08,0.21,1.76,0.11,0.01,0.0,0.255,2.057017543859649,1.5254281043327946,0.108,,0.008,,0.0,,False,96.0,99.0,96.0,88.0,93.0,91.0,91.0,92.0,94.0,high,high,high,high,high,high,high,high,high,2026-08-14
hitter,MIA,CIN,Graham Pauley,688363,9.0,1B,Confirmed,3.02,,,,,0.76,0.31,,,,,0.7525478164877423,0.7740452857251998,0.3312510199326403,0.2953201694916782,0.35424354243542433,0.31393635803559045,0.02706731615020376,0.01917929460469807,,,0.33,0.23,0.2,0.83,0.02,0.47,0.1,0.01,0.0,0.219,0.4591194968553459,0.4774040676525072,0.096,,0.008,,0.0,,False,96.0,99.0,96.0,88.0,93.0,91.0,91.0,92.0,94.0,high,high,high,high,high,high,high,high,high,2026-08-14
hitter,PIT,BOS,Nick Gonzales,693304,1.0,3B,Confirmed,3.96,,,,,0.7,0.32,,,,,0.7325891712937236,0.6722900106645396,0.3385962114673793,0.3013087922305238,1.607843137254902,1.2249010893932557,0.10506488572155742,0.0981607375578138,,,1.4,0.41,0.34,1.62,0.1,1.88,0.11,0.01,0.0,0.245,2.057017543859649,1.728656402288766,0.114,,0.008,,0.0,,False,96.0,99.0,96.0,88.0,93.0,91.0,91.0,92.0,94.0,high,high,high,high,high,high,high,high,high,2026-08-14
hitter,PIT,BOS,Ronny Simon,682927,2.0,DH,Confirmed,3.33,,,,,0.74,0.27,,,,,0.7324579692341054,0.7462980051741461,0.276102594959051,0.2547699279085122,0.801980198019802,0.6617545345575665,0.08210928760226055,0.07906545384295482,,,0.72,0.25,0.2,0.98,0.08,1.12,0.1,0.01,0.0,0.183,1.239368165249089,1.0274162863368963,0.104,,0.007,,0.0,,False,96.0,99.0,96.0,88.0,93.0,91.0,91.0,92.0,94.0,high,high,high,high,high,high,high,high,high,2026-08-14
hitter,PIT,BOS,Bryan Reynolds,668804,3.0,RF,Confirmed,3.89,,,,,1.05,0.47,,,,,1.1417776100473571,0.9528511190118326,0.5025050886557487,0.42817635893342837,1.4947368421052631,1.0682239307525814,0.14069853795451157,0.14849274934569032,,,1.26,0.36,0.34,1.4,0.14,1.85,0.13,0.01,0.0,0.22,2.057017543859649,1.6815234139371331,0.135,,0.009,,0.0,,False,96.0,99.0,96.0,88.0,93.0,91.0,91.0,92.0,94.0,high,high,high,high,high,high,high,high,high,2026-08-14
hitter,PIT,BOS,Esmerlyn Valdez,699013,4.0,RF,Confirmed,3.49,,,,,1.09,0.45,,,,,1.2042770155501088,0.9698890262253551,0.5175415703637727,0.3900524112698422,1.0980834272829765,0.861401120046921,0.22526757803965575,0.183004829961688,,,0.97,0.32,0.32,1.17,0.2,1.79,0.11,0.01,0.0,0.216,2.057017543859649,1.5787675723277173,0.111,,0.009,,0.0,,False,96.0,99.0,96.0,88.0,93.0,91.0,91.0,92.0,94.0,high,high,high,high,high,high,high,high,high,2026-08-14
hitter,PIT,BOS,Brandon Lowe,664040,5.0,2B,Confirmed,3.89,,,,,1.08,0.48,,,,,1.1524607710759465,1.0156123352022752,0.5294796480157823,0.4337365476914347,1.4947368421052631,1.0354193558809799,0.26868602407173076,0.25048194574570115,,,1.24,0.4,0.4,1.5,0.26,2.24,0.14,0.01,0.0,0.24,2.552380952380952,1.9813624038533928,0.144,,0.007,,0.0,,False,96.0,99.0,96.0,88.0,93.0,91.0,91.0,92.0,94.0,high,high,high,high,high,high,high,high,high,2026-08-14
hitter,PIT,BOS,Rafael Flores Jr.,804668,6.0,1B,Confirmed,3.49,,,,,0.69,0.31,,,,,0.598426845369606,0.7803779544543935,0.3214699215401988,0.3031756413450204,0.801980198019802,0.7329290706858278,0.10046789169234496,0.13597144456345572,,,0.76,0.28,0.29,1.21,0.12,1.23,0.1,0.01,0.0,0.223,1.239368165249089,1.2137130488155488,0.1,,0.009,,0.0,,False,96.0,99.0,96.0,88.0,93.0,91.0,91.0,92.0,94.0,high,high,high,high,high,high,high,high,high,2026-08-14
hitter,PIT,BOS,Jake Mangum,663968,7.0,LF,Confirmed,3.54,,,,,0.51,0.27,,,,,0.5513774186376811,0.4599677356390307,0.31181077302524474,0.2309213728354697,1.4947368421052631,1.020396507589474,0.08200356819666818,0.05723816689894335,,,1.23,0.31,0.29,1.37,0.07,1.63,0.12,0.01,0.0,0.237,1.914285714285714,1.4044187240310546,0.122,,0.007,,0.0,,False,96.0,99.0,96.0,88.0,93.0,91.0,91.0,92.0,94.0,high,high,high,high,high,high,high,high,high,2026-08-14
hitter,PIT,BOS,Jared Triolo,669707,8.0,3B,Confirmed,3.81,,,,,0.88,0.42,,,,,0.8824763211353283,0.8844401964733531,0.46820120331346604,0.36903113715482416,1.0980834272829765,0.9728469776885771,0.08541147915044964,0.05721843891782376,,,1.03,0.3,0.28,1.28,0.07,1.53,0.11,0.01,0.0,0.214,1.684375,1.4111061938161,0.111,,0.009,,0.0,,False,96.0,99.0,96.0,88.0,93.0,91.0,91.0,92.0,94.0,high,high,high,high,high,high,high,high,high,2026-08-14
hitter,PIT,BOS,Henry Davis,680779,9.0,C,Confirmed,3.1,,,,,0.85,0.29,,,,,0.9255437304467956,0.778378790141863,0.3377704668588466,0.24630969973042693,0.994208494208494,0.7467016305032548,0.18809256405720765,0.15052699536394423,,,0.86,0.21,0.21,0.84,0.17,1.63,0.11,0.01,0.0,0.19,1.914285714285714,1.4061049586215386,0.107,,0.007,,0.0,,False,96.0,99.0,96.0,88.0,93.0,91.0,91.0,92.0,94.0,high,high,high,high,high,high,high,high,high,2026-08-14
hitter,BOS,PIT,Nick Sogard,686765,1.0,2B,Confirmed,3.09,,,,,0.71,0.22,,,,,0.6677308581269228,0.7476540198991883,0.22159348699344747,0.21539401256791735,0.5290322580645161,0.49994306223015644,0.017519959569657295,0.0075718356327571,,,0.51,0.37,0.26,1.34,0.01,0.66,0.14,0.01,0.0,0.314,0.6720588235294118,0.6495967481147059,0.143,,0.009,,0.0,,False,96.0,99.0,96.0,88.0,93.0,91.0,91.0,92.0,94.0,high,high,high,high,high,high,high,high,high,2026-08-14
hitter,BOS,PIT,Masataka Yoshida,807799,2.0,DH,Confirmed,3.48,,,,,0.65,0.17,,,,,0.6370410650842512,0.6568653701224851,0.17532189750828114,0.16116928239096254,0.8694581280788177,0.7802702142371883,0.1506562384903628,0.13106379264224347,,,0.82,0.48,0.34,1.71,0.14,1.41,0.17,0.01,0.0,0.35,1.4759615384615385,1.362516024951931,0.166,,0.009,,0.0,,False,96.0,99.0,96.0,88.0,93.0,91.0,91.0,92.0,94.0,high,high,high,high,high,high,high,high,high,2026-08-14
hitter,BOS,PIT,Adley Rutschman,668939,3.0,C,Confirmed,4.68,,,,,0.63,0.41,,,,,0.588855569429711,0.6666741364076035,0.3815827632498482,0.4409027696591256,0.994208494208494,1.0639228999667467,0.03539199498531542,0.04442446940699802,,,1.03,0.65,0.53,2.28,0.04,1.33,0.28,0.01,0.0,0.365,1.239368165249089,1.3959135890647776,0.283,,0.007,,0.0,,False,96.0,99.0,96.0,88.0,93.0,91.0,91.0,92.0,94.0,high,high,high,high,high,high,high,high,high,2026-08-14
hitter,BOS,PIT,Willson Contreras,575929,4.0,1B,Confirmed,4.51,,,,,1.41,0.3,,,,,1.3875710534339083,1.4307771877437316,0.3051905401032584,0.30134462054026867,0.994208494208494,1.0602228310111175,0.35287845244935173,0.35101289238014527,,,1.03,0.69,0.6,2.38,0.35,2.4,0.23,0.01,0.0,0.385,2.456692913385827,2.3598246127931564,0.228,,0.008,,0.0,,False,96.0,99.0,96.0,88.0,93.0,91.0,91.0,92.0,94.0,high,high,high,high,high,high,high,high,high,2026-08-14
hitter,BOS,PIT,Wilyer Abreu,677800,5.0,RF,Confirmed,4.26,,,,,1.22,0.31,,,,,1.1403655534347468,1.3009370958906903,0.3103041636771131,0.31658537624000793,0.8694581280788177,0.9147256982268185,0.25131693240117703,0.27807023522232777,,,0.89,0.55,0.44,1.88,0.26,1.92,0.19,0.01,0.0,0.337,1.914285714285714,1.9181401906508775,0.191,,0.01,,0.0,,False,96.0,99.0,96.0,88.0,93.0,91.0,91.0,92.0,94.0,high,high,high,high,high,high,high,high,high,2026-08-14
hitter,BOS,PIT,Caleb Durbin,702332,6.0,3B,Confirmed,4.25,,,,,0.63,0.21,,,,,0.5809131794375283,0.6794003611400264,0.20755843366025672,0.21778376117910833,0.8949771689497716,1.0686743059273278,0.14141886204747903,0.15800659318540936,,,0.99,0.49,0.46,2.05,0.15,1.61,0.21,0.01,0.0,0.335,1.5956790123456794,1.6148434275533616,0.205,,0.009,,0.0,,False,96.0,99.0,96.0,88.0,93.0,91.0,91.0,92.0,94.0,high,high,high,high,high,high,high,high,high,2026-08-14
hitter,BOS,PIT,Jarren Duran,680776,7.0,LF,Confirmed,4.51,,,,,1.42,0.31,,,,,1.3722232688169207,1.4606168929275427,0.3007544550956608,0.32062998569130285,1.0980834272829765,1.1470902732632322,0.4412848052809261,0.3601812202894128,,,1.13,0.6,0.51,2.21,0.4,2.47,0.26,0.02,0.0,0.389,2.456692913385827,2.4766506309673577,0.264,,0.016,,0.0,,False,96.0,99.0,96.0,88.0,93.0,91.0,91.0,92.0,94.0,high,high,high,high,high,high,high,high,high,2026-08-14
hitter,BOS,PIT,Andruw Monasterio,655316,8.0,SS,Confirmed,3.58,,,,,0.69,0.5,,,,,0.6493835798828155,0.7315705359460176,0.5372452914090848,0.47070199336992186,0.4125159642401022,0.43365850695378294,0.14231117493825562,0.10492517937216243,,,0.42,0.43,0.37,1.68,0.12,1.04,0.14,0.01,0.0,0.346,1.1238670694864048,0.9752929491654281,0.136,,0.008,,0.0,,False,96.0,99.0,96.0,88.0,93.0,91.0,91.0,92.0,94.0,high,high,high,high,high,high,high,high,high,2026-08-14
hitter,BOS,PIT,Eli White,642201,9.0,CF,Confirmed,3.74,,,,,0.9,0.13,,,,,0.8062776940985124,0.9864540066326545,0.13293222458852474,0.12341085845094918,0.6434108527131783,0.6111306191866392,0.023284744441241213,0.02830736359067878,,,0.63,0.38,0.32,1.5,0.03,0.79,0.15,0.01,0.0,0.292,0.7899761336515513,0.7820658686538824,0.147,,0.007,,0.0,,False,96.0,99.0,96.0,88.0,93.0,91.0,91.0,92.0,94.0,high,high,high,high,high,high,high,high,high,2026-08-14
hitter,DET,CWS,Gleyber Torres,650402,1.0,2B,Confirmed,3.89,,,,,1.04,0.52,,,,,0.9639123033444489,1.1063340181483037,0.5527363697639622,0.48981568289602156,1.0980834272829765,0.9073294538267042,0.33082813599833777,0.3171649677538982,,,0.99,0.3,0.22,1.04,0.32,1.94,0.11,0.01,0.0,0.196,2.057017543859649,1.8514123389068007,0.11,,0.008,,0.0,,False,96.0,99.0,96.0,88.0,93.0,91.0,91.0,92.0,94.0,high,high,high,high,high,high,high,high,high,2026-08-14
hitter,DET,CWS,Dillon Dingler,693307,2.0,C,Confirmed,3.96,,,,,1.01,0.21,,,,,1.0018338878996587,1.0153465163136168,0.22448334292443223,0.18585203062441707,1.0980834272829765,1.0074381061980218,0.1710025265316882,0.16173665926795977,,,1.05,0.32,0.24,1.14,0.17,1.78,0.13,0.01,0.0,0.205,1.914285714285714,1.6715359037061397,0.128,,0.009,,0.0,,False,96.0,99.0,96.0,88.0,93.0,91.0,91.0,92.0,94.0,high,high,high,high,high,high,high,high,high,2026-08-14
hitter,DET,CWS,Kevin McGonigle,805808,3.0,SS,Confirmed,4.14,,,,,0.65,0.48,,,,,0.658734598857604,0.6436239410021272,0.502888511080115,0.4500575616990022,1.0980834272829765,0.9967783384959804,0.17024934289816784,0.14503928001439778,,,1.04,0.34,0.27,1.19,0.16,1.73,0.14,0.01,0.0,0.218,1.914285714285714,1.585157571443505,0.139,,0.008,,0.0,,False,96.0,99.0,96.0,88.0,93.0,91.0,91.0,92.0,94.0,high,high,high,high,high,high,high,high,high,2026-08-14
hitter,DET,CWS,Eduardo Valencia,680664,4.0,DH,Confirmed,3.1,,,,,0.81,0.16,,,,,0.807,,0.157,,0.413,,0.04,,,,0.41,0.22,0.18,0.81,0.04,0.67,0.09,0.01,0.0,0.18,0.672,,0.09,,0.007,,0.0,,True,40.0,44.0,40.0,32.0,37.0,35.0,35.0,36.0,38.0,low,low,low,low,low,low,low,low,low,2026-08-14
hitter,DET,CWS,Colt Keith,690993,5.0,3B,Confirmed,2.77,,,,,0.66,0.17,,,,,0.7043385178470594,0.6210218254530689,0.1959661161424263,0.14732349450941568,0.801980198019802,0.5730144898246864,0.10850246043329564,0.0794261560179554,,,0.68,0.24,0.21,0.86,0.09,1.06,0.09,0.01,0.0,0.217,1.239368165249089,0.9083695632475549,0.092,,0.008,,0.0,,False,96.0,99.0,96.0,88.0,93.0,91.0,91.0,92.0,94.0,high,high,high,high,high,high,high,high,high,2026-08-14
hitter,DET,CWS,Spencer Torkelson,679529,6.0,1B,Confirmed,3.96,,,,,1.15,0.39,,,,,1.1899886225030423,1.109113316009055,0.4203782188806998,0.3632589649919377,0.994208494208494,0.8925516820173328,0.18325174905457067,0.18581982861546975,,,0.94,0.29,0.27,1.09,0.18,1.71,0.11,0.01,0.0,0.214,1.914285714285714,1.5476568600135288,0.113,,0.008,,0.0,,False,96.0,99.0,96.0,88.0,93.0,91.0,91.0,92.0,94.0,high,high,high,high,high,high,high,high,high,2026-08-14
hitter,DET,CWS,Zach McKinstry,656716,7.0,RF,Confirmed,3.33,,,,,0.68,0.23,,,,,0.6978695644344202,0.6533600110463955,0.261000767190679,0.19669023244571113,0.994208494208494,0.7568422359142943,0.09956266969635119,0.08737135996922821,,,0.86,0.23,0.19,0.9,0.09,1.29,0.11,0.02,0.0,0.203,1.4157766934277654,1.1958461656481025,0.108,,0.016,,0.0,,False,96.0,99.0,96.0,88.0,93.0,91.0,91.0,92.0,94.0,high,high,high,high,high,high,high,high,high,2026-08-14
hitter,DET,CWS,Ben Malgeri,701162,8.0,LF,Confirmed,2.25,,,,,0.54,0.17,,,,,0.5309999043621819,0.5506028718123774,0.19750363241099284,0.14030023198226713,0.3344051446945337,0.20824083685567937,0.06426871854496025,0.04399007440973115,,,0.27,0.12,0.1,0.48,0.05,0.54,0.06,0.01,0.0,0.165,0.6720588235294118,0.4276645581836689,0.064,,0.007,,0.0,,False,96.0,99.0,96.0,88.0,93.0,91.0,91.0,92.0,94.0,high,high,high,high,high,high,high,high,high,2026-08-14
hitter,DET,CWS,Max Clark,703601,9.0,CF,Confirmed,1.84,,,,,0.55,0.14,,,,,0.5865925719311591,0.5146067984650219,0.18018861894060467,0.10253941260735334,0.28236711787185503,0.194027875591436,0.06392265904947651,0.05659046419199204,,,0.23,0.13,0.1,0.49,0.06,0.52,0.08,0.01,0.0,0.218,0.6720588235294118,0.3939188307053211,0.079,,0.007,,0.0,,False,96.0,99.0,96.0,88.0,93.0,91.0,91.0,92.0,94.0,high,high,high,high,high,high,high,high,high,2026-08-14
hitter,CWS,DET,Sam Antonacci,803011,1.0,LF,Confirmed,4.74,,,,,0.44,0.25,,,,,0.43009104830024136,0.44896925721248354,0.24427423620295186,0.2527670142723055,1.1391752577319587,1.2113235241862184,0.2203454230766671,0.23035649212709525,,,1.18,0.6,0.44,2.18,0.23,2.05,0.21,0.01,0.0,0.324,2.057017543859649,2.0456683019357738,0.215,,0.012,,0.0,,False,96.0,99.0,96.0,88.0,93.0,91.0,91.0,92.0,94.0,high,high,high,high,high,high,high,high,high,2026-08-14
hitter,CWS,DET,Munetaka Murakami,808959,2.0,1B,Confirmed,4.74,,,,,0.73,0.45,,,,,0.5232427968141334,0.9431108413879146,0.4026593402657148,0.4877899677841664,0.801980198019802,0.8774704761281001,0.05101083874311478,0.09387974823154269,,,0.84,0.71,0.47,2.18,0.07,1.23,0.15,0.01,0.0,0.396,1.1521739130434783,1.2887529343401938,0.152,,0.01,,0.0,,False,96.0,99.0,96.0,88.0,93.0,91.0,91.0,92.0,94.0,high,high,high,high,high,high,high,high,high,2026-08-14
hitter,CWS,DET,Miguel Vargas,678246,3.0,3B,Confirmed,4.74,,,,,0.5,0.38,,,,,0.49846534815614196,0.4969531998526791,0.36068400404955014,0.4067722808466278,1.0980834272829765,1.196468686315248,0.42706922170478856,0.5121110952144937,,,1.15,0.66,0.54,2.3,0.47,2.68,0.18,0.01,0.0,0.358,2.456692913385827,2.8579177130386095,0.183,,0.008,,0.0,,False,96.0,99.0,96.0,88.0,93.0,91.0,91.0,92.0,94.0,high,high,high,high,high,high,high,high,high,2026-08-14
hitter,CWS,DET,Andrew Benintendi,643217,4.0,DH,Confirmed,3.96,,,,,0.47,0.22,,,,,0.463334393958979,0.47467803735583775,0.2234066341219684,0.2124599288750731,0.801980198019802,0.8424321380261308,0.31790924452571295,0.36201935919056305,,,0.82,0.51,0.43,1.8,0.34,2.01,0.17,0.01,0.0,0.329,1.914285714285714,2.0881634185317575,0.17,,0.009,,0.0,,False,96.0,99.0,96.0,88.0,93.0,91.0,91.0,92.0,94.0,high,high,high,high,high,high,high,high,high,2026-08-14
hitter,CWS,DET,Braden Montgomery,695731,5.0,RF,Confirmed,4.25,,,,,0.61,0.28,,,,,0.5235294482419204,0.6905327490712083,0.27783547239992823,0.273055679818495,1.0980834272829765,1.0001823523826525,0.2932486499795926,0.30741269933957216,,,1.04,0.6,0.51,2.21,0.3,2.08,0.19,0.01,0.0,0.354,2.057017543859649,2.094573563558653,0.185,,0.008,,0.0,,False,96.0,99.0,96.0,88.0,93.0,91.0,91.0,92.0,94.0,high,high,high,high,high,high,high,high,high,2026-08-14
hitter,CWS,DET,Colson Montgomery,695657,6.0,SS,Confirmed,4.45,,,,,0.81,0.31,,,,,0.6664531773054162,0.9495791127331277,0.3048498869697416,0.3206138243580961,0.994208494208494,0.9943946766724495,0.5443566972697682,0.5596716822107168,,,0.99,0.55,0.57,2.11,0.55,2.58,0.14,0.01,0.0,0.35,2.456692913385827,2.6885073985148877,0.142,,0.007,,0.0,,False,96.0,99.0,96.0,88.0,93.0,91.0,91.0,92.0,94.0,high,high,high,high,high,high,high,high,high,2026-08-14
hitter,CWS,DET,Chase Meidroth,805367,7.0,2B,Confirmed,4.26,,,,,0.5,0.24,,,,,0.4949572957957564,0.4991721636486054,0.24529685789465466,0.24035877782495932,1.0980834272829765,1.036279776934284,0.1665864323621297,0.16689274887179864,,,1.06,0.48,0.41,1.99,0.17,1.81,0.17,0.01,0.0,0.326,1.914285714285714,1.729490132161053,0.17,,0.01,,0.0,,False,96.0,99.0,96.0,88.0,93.0,91.0,91.0,92.0,94.0,high,high,high,high,high,high,high,high,high,2026-08-14
hitter,CWS,DET,Tristan Peters,671976,8.0,LF,Confirmed,3.81,,,,,0.41,0.18,,,,,0.39894096898020115,0.42663273803764146,0.19193976859430797,0.1760840449730798,0.8770949720670391,0.7885032450187288,0.13258837105347532,0.18232193587515144,,,0.83,0.4,0.34,1.63,0.16,1.36,0.15,0.01,0.0,0.303,1.3893129770992367,1.345009058484407,0.153,,0.009,,0.0,,False,96.0,99.0,96.0,88.0,93.0,91.0,91.0,92.0,94.0,high,high,high,high,high,high,high,high,high,2026-08-14
hitter,CWS,DET,Drew Romo,691011,9.0,C,Confirmed,4.04,,,,,0.88,0.43,,,,,0.8324431424844527,0.9339092317459707,0.42438681702593983,0.43950440110139644,0.707983193277311,0.8252519788624153,0.028423985534556218,0.03700296305522725,,,0.77,0.49,0.42,1.91,0.03,1.07,0.23,0.01,0.0,0.355,1.001763668430335,1.1176425257778708,0.235,,0.009,,0.0,,False,96.0,99.0,96.0,88.0,93.0,91.0,91.0,92.0,94.0,high,high,high,high,high,high,high,high,high,2026-08-14
hitter,NYM,WSH,A.J. Ewing,805999,1.0,LF,Confirmed,4.25,,,,,1.05,0.46,,,,,0.9562971250684403,1.1510296251945127,0.4711156081698248,0.4398503442965127,0.6506024096385542,0.623648062982249,0.11852290969630438,0.14376915767750503,,,0.64,0.52,0.36,1.87,0.13,1.14,0.17,0.02,0.0,0.319,1.1238670694864048,1.1563847383218004,0.172,,0.016,,0.0,,False,96.0,99.0,96.0,88.0,93.0,91.0,91.0,92.0,94.0,high,high,high,high,high,high,high,high,high,2026-08-14
hitter,NYM,WSH,Francisco Lindor,596019,2.0,SS,Confirmed,4.51,,,,,0.93,0.45,,,,,0.8975661448571596,0.9552766476813015,0.4362673195004536,0.46026719321492626,0.707983193277311,0.7501307058513609,0.14651007523585458,0.1638717908809234,,,0.73,0.56,0.39,2.05,0.16,1.38,0.25,0.01,0.0,0.329,1.3148148148148149,1.424629013652837,0.252,,0.011,,0.0,,False,96.0,99.0,96.0,88.0,93.0,91.0,91.0,92.0,94.0,high,high,high,high,high,high,high,high,high,2026-08-14
hitter,NYM,WSH,Bo Bichette,666182,3.0,3B,Confirmed,4.74,,,,,0.8,0.35,,,,,0.7936367215910345,0.8134582006745402,0.3297026126540157,0.3647150526827946,0.8694581280788177,0.935129946901937,0.13021729927476663,0.14497515746499262,,,0.91,0.7,0.58,2.78,0.14,1.46,0.35,0.01,0.0,0.381,1.385818393793784,1.525364659537242,0.353,,0.01,,0.0,,False,96.0,99.0,96.0,88.0,93.0,91.0,91.0,92.0,94.0,high,high,high,high,high,high,high,high,high,2026-08-14
hitter,NYM,WSH,Luis Robert Jr.,673357,4.0,CF,Confirmed,4.25,,,,,1.06,0.37,,,,,0.9446070659887028,1.1734168520663362,0.36271532460117895,0.37800995048874253,0.6434108527131783,0.6622563119237059,0.2350417266141135,0.24456589466747403,,,0.65,0.52,0.43,1.94,0.24,1.4,0.22,0.01,0.0,0.313,1.3148148148148149,1.4770533964195445,0.219,,0.009,,0.0,,False,96.0,99.0,96.0,88.0,93.0,91.0,91.0,92.0,94.0,high,high,high,high,high,high,high,high,high,2026-08-14
hitter,NYM,WSH,Carson Benge,701807,5.0,RF,Confirmed,4.51,,,,,1.02,0.3,,,,,0.9640598183839036,1.0756783090703275,0.2856851826168135,0.3202880723644862,0.707983193277311,0.7488387901842725,0.14023126414902218,0.17567114036826925,,,0.73,0.54,0.44,2.08,0.16,1.33,0.25,0.01,0.0,0.31,1.239368165249089,1.4121283612963411,0.253,,0.013,,0.0,,False,96.0,99.0,96.0,88.0,93.0,91.0,91.0,92.0,94.0,high,high,high,high,high,high,high,high,high,2026-08-14
hitter,NYM,WSH,Francisco Alvarez,682626,6.0,DH,Confirmed,4.18,,,,,1.17,0.31,,,,,1.0597541701402364,1.2794276633933952,0.30317178836593983,0.32527797849870166,0.5846774193548387,0.6074749916525276,0.14588541245263226,0.167850774083686,,,0.6,0.4,0.37,1.65,0.16,1.18,0.18,0.01,0.0,0.284,1.1521739130434783,1.2104949840516206,0.179,,0.009,,0.0,,False,96.0,99.0,96.0,88.0,93.0,91.0,91.0,92.0,94.0,high,high,high,high,high,high,high,high,high,2026-08-14
hitter,NYM,WSH,Marcus Semien,543760,7.0,2B,Confirmed,4.45,,,,,0.78,0.29,,,,,0.7285179720185184,0.8243740095591298,0.28482226139827205,0.2937443713969474,0.801980198019802,0.868026358610525,0.37309099499995213,0.4196226336137769,,,0.84,0.49,0.39,1.98,0.4,2.12,0.21,0.01,0.0,0.324,1.914285714285714,2.2810796884055975,0.208,,0.008,,0.0,,False,96.0,99.0,96.0,88.0,93.0,91.0,91.0,92.0,94.0,high,high,high,high,high,high,high,high,high,2026-08-14
hitter,NYM,WSH,Jared Young,676724,8.0,1B,Confirmed,3.33,,,,,0.95,0.2,,,,,0.8955109632962903,0.9977391736548026,0.20773657526261083,0.19377008355636902,0.4125159642401022,0.4229335492508026,0.12314749884411674,0.13797664389577904,,,0.42,0.35,0.29,1.44,0.13,0.92,0.16,0.01,0.0,0.305,0.9875776397515532,0.8648366913962857,0.157,,0.011,,0.0,,False,96.0,99.0,96.0,88.0,93.0,91.0,91.0,92.0,94.0,high,high,high,high,high,high,high,high,high,2026-08-14
hitter,NYM,WSH,Luis Torrens,620443,9.0,C,Confirmed,3.74,,,,,0.87,0.24,,,,,0.7779290992982,0.9640795368038503,0.2303696983794832,0.24279078337526827,0.4803149606299212,0.5282480108547973,0.07066697366388713,0.06800858272313717,,,0.51,0.37,0.3,1.54,0.07,0.84,0.16,0.01,0.0,0.287,0.8408408408408409,0.8438737577287921,0.161,,0.009,,0.0,,False,96.0,99.0,96.0,88.0,93.0,91.0,91.0,92.0,94.0,high,high,high,high,high,high,high,high,high,2026-08-14
hitter,WSH,NYM,CJ Abrams,682928,1.0,SS,Confirmed,4.45,,,,,0.74,0.3,,,,,0.7092445354522589,0.7622836596791568,0.3081872162382986,0.28374726460536953,1.0980834272829765,1.2789333091239905,0.2743915966280705,0.2852202857601498,,,1.2,0.65,0.55,2.3,0.28,2.14,0.22,0.01,0.0,0.355,2.057017543859649,2.202603820164619,0.223,,0.011,,0.0,,False,82.0,86.0,82.0,74.0,79.0,77.0,77.0,78.0,80.0,high,high,high,medium,medium,medium,medium,medium,high,2026-08-14
hitter,WSH,NYM,Abimelec Ortiz,694673,2.0,1B,Confirmed,2.55,,,,,0.58,0.12,,,,,0.5558036949915046,0.6057095395075742,0.1451184627352546,0.09782218953671076,0.4125159642401022,0.3972711566319848,0.11600293566542927,0.0946662386193266,,,0.4,0.3,0.25,1.08,0.11,0.89,0.1,0.01,0.0,0.292,1.001763668430335,0.7965984346123892,0.104,,0.008,,0.0,,False,82.0,86.0,82.0,74.0,79.0,77.0,77.0,78.0,80.0,high,high,high,medium,medium,medium,medium,medium,high,2026-08-14
hitter,WSH,NYM,Brady House,691781,3.0,DH,Confirmed,4.25,,,,,1.22,0.27,,,,,1.1895167521057508,1.2477605265213736,0.24847535502733878,0.2896147992339969,0.8694581280788177,0.8966449067018949,0.05346644294964412,0.05299575219399013,,,0.88,0.43,0.36,1.66,0.05,1.22,0.16,0.01,0.0,0.252,1.239368165249089,1.2041552074798527,0.164,,0.009,,0.0,,False,82.0,86.0,82.0,74.0,79.0,77.0,77.0,78.0,80.0,high,high,high,medium,medium,medium,medium,medium,high,2026-08-14
hitter,WSH,NYM,Daylen Lile,695734,4.0,LF,Confirmed,4.25,,,,,0.56,0.31,,,,,0.5653292691980057,0.5471156362631837,0.3160778413308072,0.309592885364933,1.1391752577319587,1.2032624342295242,0.28845250963075814,0.25887981130801174,,,1.17,0.67,0.65,2.46,0.27,2.03,0.18,0.02,0.0,0.382,2.057017543859649,2.007228455700484,0.184,,0.018,,0.0,,False,82.0,86.0,82.0,74.0,79.0,77.0,77.0,78.0,80.0,high,high,high,medium,medium,medium,medium,medium,high,2026-08-14
hitter,WSH,NYM,Keibert Ruiz,660688,5.0,C,Confirmed,3.96,,,,,0.25,0.36,,,,,0.27583297198192347,0.22754918468858604,0.3417242567318488,0.38683075246977056,0.994208494208494,0.9512008255154978,0.09163568346246492,0.0926841701676808,,,0.97,0.52,0.44,1.95,0.09,1.41,0.21,0.01,0.0,0.331,1.3893129770992367,1.4233297502668278,0.212,,0.009,,0.0,,False,82.0,86.0,82.0,74.0,79.0,77.0,77.0,78.0,80.0,high,high,high,medium,medium,medium,medium,medium,high,2026-08-14
hitter,WSH,NYM,José Tena,677588,6.0,LF,Confirmed,3.49,,,,,0.64,0.4,,,,,0.5713266061118724,0.7168854460225084,0.42608616781693576,0.37309458680586904,0.801980198019802,0.7026680327073143,0.11742033817961717,0.11150559362308274,,,0.75,0.41,0.39,1.6,0.11,1.17,0.15,0.01,0.0,0.342,1.239368165249089,1.1076050880604034,0.149,,0.009,,0.0,,False,82.0,86.0,82.0,74.0,79.0,77.0,77.0,78.0,80.0,high,high,high,medium,medium,medium,medium,medium,high,2026-08-14
hitter,WSH,NYM,Nasim Nuñez,683083,7.0,2B,Confirmed,3.81,,,,,0.77,0.31,,,,,0.7718877744659417,0.7722242816202153,0.3200177966775195,0.29083007641824654,0.994208494208494,0.9358558270955772,0.09806615498727284,0.10388335970181524,,,0.96,0.45,0.39,1.83,0.1,1.33,0.17,0.01,0.0,0.334,1.3148148148148149,1.3412564033595848,0.172,,0.011,,0.0,,False,82.0,86.0,82.0,74.0,79.0,77.0,77.0,78.0,80.0,high,high,high,medium,medium,medium,medium,medium,high,2026-08-14
hitter,WSH,NYM,Jorbit Vivas,678391,8.0,3B,Confirmed,3.48,,,,,0.37,0.43,,,,,0.3470298616719317,0.3897301741312693,0.42157678925516395,0.429796401751395,0.801980198019802,0.67840916659468,0.056389261289373695,0.06572388685426744,,,0.73,0.38,0.3,1.48,0.06,1.09,0.15,0.01,0.0,0.322,1.1521739130434783,1.036355556704932,0.149,,0.009,,0.0,,False,82.0,86.0,82.0,74.0,79.0,77.0,77.0,78.0,80.0,high,high,high,medium,medium,medium,medium,medium,high,2026-08-14
hitter,WSH,NYM,Jacob Young,696285,9.0,CF,Confirmed,3.33,,,,,0.53,0.21,,,,,0.5823631938787074,0.4808191501485127,0.22238555777628732,0.19124631760111035,0.8949771689497716,0.7851993479053317,0.10068978641463786,0.11243143420340969,,,0.83,0.43,0.39,1.81,0.11,1.43,0.16,0.01,0.0,0.363,1.5956790123456794,1.2888617967886624,0.165,,0.012,,0.0,,False,82.0,86.0,82.0,74.0,79.0,77.0,77.0,78.0,80.0,high,high,high,medium,medium,medium,medium,medium,high,2026-08-14
hitter,CLE,SD,Steven Kwan,680757,1.0,DH,Confirmed,3.33,,,,,0.33,0.37,,,,,0.32709400386998033,0.32517898172711784,0.4042946401435048,0.3268037037978306,1.0,0.7492618460893661,0.09896230016506305,0.09141753916890412,,,0.86,0.3,0.2,1.09,0.1,1.3,0.13,0.01,0.0,0.243,1.5956790123456794,1.0628321720146299,0.132,,0.008,,0.0,,False,96.0,99.0,96.0,88.0,93.0,91.0,91.0,92.0,94.0,high,high,high,high,high,high,high,high,high,2026-08-14
hitter,CLE,SD,Chase DeLauter,800050,2.0,RF,Confirmed,4.18,,,,,0.6,0.4,,,,,0.6746441974221874,0.5323136136986057,0.4188676946559797,0.3857449780216143,1.0980834272829765,1.0566877037829931,0.22657141755735657,0.19305114783204042,,,1.08,0.36,0.25,1.31,0.21,2.01,0.15,0.01,0.0,0.222,2.057017543859649,1.9647290326450542,0.148,,0.009,,0.0,,False,96.0,99.0,96.0,88.0,93.0,91.0,91.0,92.0,94.0,high,high,high,high,high,high,high,high,high,2026-08-14
hitter,CLE,SD,Angel Martínez,682657,3.0,CF,Confirmed,3.1,,,,,0.76,0.1,,,,,0.7301121373437773,0.7841447961567881,0.11315893353707183,0.085357132733157,0.7061469265367316,0.5764861142472006,0.08591702278404056,0.08979095421413874,,,0.63,0.21,0.17,0.79,0.09,0.94,0.1,0.01,0.0,0.174,1.001763668430335,0.8906098577874495,0.098,,0.007,,0.0,,False,96.0,99.0,96.0,88.0,93.0,91.0,91.0,92.0,94.0,high,high,high,high,high,high,high,high,high,2026-08-14
hitter,CLE,SD,Nathaniel Lowe,663993,4.0,1B,Confirmed,3.02,,,,,0.86,0.3,,,,,0.9317264132794262,0.783975595251926,0.3329581121713261,0.2641683157901278,0.801980198019802,0.6334421465135837,0.03848349362593402,0.028450280119051652,,,0.71,0.21,0.15,0.72,0.03,1.08,0.09,0.01,0.0,0.194,1.239368165249089,0.9429709329850948,0.092,,0.007,,0.0,,False,96.0,99.0,96.0,88.0,93.0,91.0,91.0,92.0,94.0,high,high,high,high,high,high,high,high,high,2026-08-14
hitter,CLE,SD,Travis Bazzana,683953,5.0,2B,Confirmed,4.26,,,,,0.93,0.65,,,,,1.0226503292396278,0.8445608367959478,0.7083195112904247,0.5985550763058225,1.0980834272829765,1.0321522806266583,0.3198357047082967,0.3560988933442595,,,1.06,0.41,0.29,1.41,0.34,2.08,0.13,0.01,0.0,0.258,2.057017543859649,2.1035784097334975,0.133,,0.008,,0.0,,False,96.0,99.0,96.0,88.0,93.0,91.0,91.0,92.0,94.0,high,high,high,high,high,high,high,high,high,2026-08-14
hitter,CLE,SD,Angel Genao,694197,6.0,3B,Confirmed,3.33,,,,,0.71,0.23,,,,,0.71,,0.231,,0.413,,0.025,,,,0.41,0.2,0.17,0.78,0.02,0.67,0.11,0.01,0.0,0.18,0.672,,0.108,,0.007,,0.0,,True,40.0,44.0,40.0,32.0,37.0,35.0,35.0,36.0,38.0,low,low,low,low,low,low,low,low,low,2026-08-14
hitter,CLE,SD,Petey Halpin,690984,7.0,CF,Confirmed,2.55,,,,,0.74,0.05,,,,,0.7308193081934173,0.7572423316432267,0.062338529731416896,0.03697634196780734,0.4125159642401022,0.3270201986324992,0.013731326979438107,0.010745167474963785,,,0.37,0.15,0.12,0.61,0.01,0.54,0.08,0.01,0.0,0.183,0.6720588235294118,0.4252881414372698,0.083,,0.007,,0.0,,False,96.0,99.0,96.0,88.0,93.0,91.0,91.0,92.0,94.0,high,high,high,high,high,high,high,high,high,2026-08-14
hitter,CLE,SD,Patrick Bailey,672275,8.0,C,Confirmed,3.02,,,,,0.82,0.31,,,,,0.8903982722967432,0.7400463564065225,0.3576082650685214,0.26698235197485787,0.707983193277311,0.5654659436386099,0.0989865204841994,0.09112802026774462,,,0.63,0.19,0.15,0.75,0.1,1.13,0.11,0.01,0.0,0.189,1.3148148148148149,0.9820718425489599,0.111,,0.007,,0.0,,False,96.0,99.0,96.0,88.0,93.0,91.0,91.0,92.0,94.0,high,high,high,high,high,high,high,high,high,2026-08-14
hitter,CLE,SD,Brayan Rocchio,677587,9.0,SS,Confirmed,3.74,,,,,0.61,0.34,,,,,0.6672651447687136,0.5610862469152006,0.349749135599694,0.33025966658150596,0.8949771689497716,0.8094138961796374,0.1548831847638574,0.15510416444022113,,,0.85,0.26,0.21,1.05,0.15,1.55,0.13,0.01,0.0,0.204,1.684375,1.4360180293944296,0.128,,0.008,,0.0,,False,96.0,99.0,96.0,88.0,93.0,91.0,91.0,92.0,94.0,high,high,high,high,high,high,high,high,high,2026-08-14
hitter,SD,CLE,Fernando Tatis Jr.,665487,1.0,RF,Confirmed,4.39,,,,,1.13,0.2,,,,,1.1580787836026443,1.1103794656577697,0.2096110947045667,0.18881654104609746,0.994208494208494,1.024767864433605,0.06420382161539373,0.07514261558163324,,,1.01,0.63,0.47,2.2,0.07,1.39,0.19,0.01,0.0,0.361,1.3148148148148149,1.4459887690499849,0.189,,0.008,,0.0,,False,96.0,99.0,96.0,88.0,93.0,91.0,91.0,92.0,94.0,high,high,high,high,high,high,high,high,high,2026-08-14
hitter,SD,CLE,Jake Cronenworth,630105,2.0,2B,Confirmed,3.1,,,,,0.94,0.15,,,,,0.9492958734110223,0.9302575533818693,0.16399980949811957,0.12665753886181552,0.5846774193548387,0.5346201907871647,0.031193303540728447,0.014328680029291474,,,0.56,0.4,0.29,1.4,0.02,0.78,0.15,0.01,0.0,0.337,0.7899761336515513,0.766214501242597,0.148,,0.007,,0.0,,False,96.0,99.0,96.0,88.0,93.0,91.0,91.0,92.0,94.0,high,high,high,high,high,high,high,high,high,2026-08-14
hitter,SD,CLE,Manny Machado,592518,3.0,3B,Confirmed,4.25,,,,,1.23,0.2,,,,,1.1936814495105244,1.2737442156405212,0.1982533018425123,0.19705993658448573,0.801980198019802,0.8895425324635551,0.0611423083000678,0.04392186447264756,,,0.85,0.53,0.45,1.87,0.05,1.3,0.16,0.01,0.0,0.314,1.239368165249089,1.356028611978001,0.16,,0.008,,0.0,,False,96.0,99.0,96.0,88.0,93.0,91.0,91.0,92.0,94.0,high,high,high,high,high,high,high,high,high,2026-08-14
hitter,SD,CLE,Ty France,664034,4.0,1B,Confirmed,3.89,,,,,0.96,0.09,,,,,0.9054100856986564,1.0115287450149466,0.10546557554363402,0.06912341096157383,0.7715355805243446,0.7682476404227819,0.043068844928509896,0.04259825214473383,,,0.77,0.47,0.43,1.79,0.04,1.02,0.15,0.01,0.0,0.296,1.001763668430335,1.041652077306813,0.147,,0.008,,0.0,,False,96.0,99.0,96.0,88.0,93.0,91.0,91.0,92.0,94.0,high,high,high,high,high,high,high,high,high,2026-08-14
hitter,SD,CLE,Jackson Merrill,701538,5.0,CF,Confirmed,4.18,,,,,1.29,0.1,,,,,1.2405964369767157,1.3370826982085633,0.10961262933363164,0.09520817062421254,0.7715355805243446,0.8345337377189636,0.05091075836884611,0.061293728972612545,,,0.81,0.49,0.45,1.81,0.06,1.26,0.19,0.01,0.0,0.292,1.239368165249089,1.282559484667414,0.189,,0.012,,0.0,,False,96.0,99.0,96.0,88.0,93.0,91.0,91.0,92.0,94.0,high,high,high,high,high,high,high,high,high,2026-08-14
hitter,SD,CLE,Luis Campusano,669134,6.0,C,Confirmed,3.1,,,,,1.15,0.13,,,,,1.1873875591266354,1.1063593954416238,0.15067457038666845,0.10490070199385544,0.4803149606299212,0.43764566822220885,0.03423355197279404,0.03615549799629273,,,0.46,0.31,0.29,1.19,0.04,0.74,0.11,0.01,0.0,0.295,0.7899761336515513,0.6944494464020629,0.112,,0.007,,0.0,,False,96.0,99.0,96.0,88.0,93.0,91.0,91.0,92.0,94.0,high,high,high,high,high,high,high,high,high,2026-08-14
hitter,SD,CLE,Gavin Sheets,657757,7.0,DH,Confirmed,3.58,,,,,0.96,0.14,,,,,0.9744589304445243,0.9522461312486262,0.14897710344606088,0.12456546272004511,0.7061469265367316,0.6400786961472085,0.04279465407504049,0.02258481903593479,,,0.67,0.4,0.34,1.51,0.03,0.96,0.15,0.01,0.0,0.318,0.9875776397515532,0.9356462961854313,0.152,,0.008,,0.0,,False,96.0,99.0,96.0,88.0,93.0,91.0,91.0,92.0,94.0,high,high,high,high,high,high,high,high,high,2026-08-14
hitter,SD,CLE,Xander Bogaerts,593428,8.0,SS,Confirmed,4.25,,,,,0.87,0.54,,,,,0.8266503208275235,0.9089043385729813,0.5454412180051653,0.537341634120761,0.7061469265367316,0.7273579646980907,0.03149758083086934,0.032155609887380775,,,0.72,0.43,0.36,1.67,0.03,0.98,0.17,0.01,0.0,0.299,1.001763668430335,0.9612926643552665,0.171,,0.009,,0.0,,False,96.0,99.0,96.0,88.0,93.0,91.0,91.0,92.0,94.0,high,high,high,high,high,high,high,high,high,2026-08-14
hitter,SD,CLE,Luis Rengifo,650859,9.0,LF,Confirmed,2.55,,,,,0.44,0.12,,,,,0.48434262389262805,0.3990023979502893,0.14803048334346552,0.08728388726400911,0.7061469265367316,0.5211931293991692,0.06905316312512333,0.057401320699215753,,,0.6,0.25,0.2,0.98,0.06,1.0,0.11,0.01,0.0,0.285,1.239368165249089,0.7952966713790504,0.113,,0.008,,0.0,,False,96.0,99.0,96.0,88.0,93.0,91.0,91.0,92.0,94.0,high,high,high,high,high,high,high,high,high,2026-08-14
hitter,TB,BAL,Yandy Díaz,650490,1.0,DH,Confirmed,4.74,,,,,0.86,0.14,,,,,0.8163259818807056,0.9113185295586173,0.09451941135023798,0.19048421104634963,0.6434108527131783,0.7464428918963217,0.025913469561509722,0.03162683603575696,,,0.7,0.81,0.61,2.93,0.03,0.9,0.28,0.01,0.0,0.432,0.7899761336515513,0.9846227510440733,0.284,,0.009,,0.0,,False,96.0,99.0,96.0,88.0,93.0,91.0,91.0,92.0,94.0,high,high,high,high,high,high,high,high,high,2026-08-14
hitter,TB,BAL,Jonathan Aranda,666018,2.0,1B,Confirmed,4.64,,,,,1.26,0.13,,,,,1.1514157247723407,1.37284443753705,0.09406702969934905,0.1608327072684656,0.5846774193548387,0.7183246963585775,0.029461428062774717,0.0441096980685023,,,0.66,0.7,0.53,2.4,0.04,0.86,0.22,0.01,0.0,0.383,0.7899761336515513,0.9222951480623564,0.224,,0.008,,0.0,,False,96.0,99.0,96.0,88.0,93.0,91.0,91.0,92.0,94.0,high,high,high,high,high,high,high,high,high,2026-08-14
hitter,TB,BAL,Chandler Simpson,802415,3.0,LF,Confirmed,4.25,,,,,0.56,0.09,,,,,0.4650838817031473,0.6563792254548255,0.07023025496311722,0.1008277462556225,0.6434108527131783,0.7814187218620461,0.01254821776317543,0.0,,,0.72,0.54,0.45,2.16,0.01,0.76,0.17,0.02,0.0,0.315,0.6720588235294118,0.8273086881295302,0.173,,0.016,,0.0,,False,96.0,99.0,96.0,88.0,93.0,91.0,91.0,92.0,94.0,high,high,high,high,high,high,high,high,high,2026-08-14
hitter,TB,BAL,Junior Caminero,691406,4.0,3B,Confirmed,4.74,,,,,1.1,0.14,,,,,1.0535549839038802,1.1544211852214148,0.09265014608475602,0.18370767421246617,0.5290322580645161,0.5647622963003804,0.04071722300093353,0.05100392642976036,,,0.55,0.85,0.75,3.09,0.05,0.81,0.22,0.01,0.0,0.44,0.7899761336515513,0.8273485430493327,0.223,,0.009,,0.0,,False,96.0,99.0,96.0,88.0,93.0,91.0,91.0,92.0,94.0,high,high,high,high,high,high,high,high,high,2026-08-14
hitter,TB,BAL,Liam Hicks,689414,5.0,C,Confirmed,4.74,,,,,0.33,0.51,,,,,0.36053174058221615,0.29698316633415195,0.49396294568047305,0.5342447265915556,1.1702127659574468,1.1737234101473548,0.11352601850629554,0.10590730611616805,,,1.17,0.6,0.49,2.22,0.11,1.85,0.16,0.01,0.0,0.319,1.914285714285714,1.795583361113324,0.164,,0.011,,0.0,,False,96.0,99.0,96.0,88.0,93.0,91.0,91.0,92.0,94.0,high,high,high,high,high,high,high,high,high,2026-08-14
hitter,TB,BAL,Victor Mesa Jr.,683748,6.0,RF,Confirmed,4.45,,,,,1.14,0.3,,,,,0.9835276777409762,1.2924626976977278,0.2800195908791545,0.3152434793807348,0.4125159642401022,0.5559986726405314,0.02773692377009332,0.03885426432508113,,,0.49,0.53,0.5,2.13,0.03,0.77,0.18,0.01,0.0,0.339,0.6720588235294118,0.8562385736955969,0.177,,0.007,,0.0,,False,96.0,99.0,96.0,88.0,93.0,91.0,91.0,92.0,94.0,high,high,high,high,high,high,high,high,high,2026-08-14
hitter,TB,BAL,Cedric Mullins,656775,7.0,CF,Confirmed,4.25,,,,,1.15,0.08,,,,,1.0392319337089901,1.2605417830172214,0.06805869058061995,0.10172444761302615,0.4125159642401022,0.5079472560533549,0.02787569167848752,0.03050263969692639,,,0.47,0.52,0.45,2.07,0.03,0.71,0.18,0.01,0.0,0.346,0.6720588235294118,0.7331919528458317,0.179,,0.008,,0.0,,False,96.0,99.0,96.0,88.0,93.0,91.0,91.0,92.0,94.0,high,high,high,high,high,high,high,high,high,2026-08-14
hitter,TB,BAL,Richie Palacios,680700,8.0,2B,Confirmed,3.58,,,,,0.78,0.09,,,,,0.7301318144789886,0.8315636542496357,0.06962392741330033,0.11231918197656665,0.4125159642401022,0.47020183058083825,0.019953567907384336,0.02452580512990172,,,0.44,0.41,0.34,1.64,0.02,0.6,0.14,0.01,0.0,0.326,0.5302013422818792,0.6549114243108761,0.145,,0.01,,0.0,,False,96.0,99.0,96.0,88.0,93.0,91.0,91.0,92.0,94.0,high,high,high,high,high,high,high,high,high,2026-08-14
hitter,TB,BAL,Taylor Walls,670764,9.0,SS,Confirmed,3.81,,,,,0.98,0.1,,,,,0.8648211702536188,1.0956978143427802,0.08716691989524385,0.10572157870425672,0.4125159642401022,0.5499297637175714,0.019347643880515457,0.016824515011406083,,,0.49,0.45,0.38,1.83,0.02,0.66,0.16,0.01,0.0,0.337,0.6289308176100628,0.6768263737086272,0.161,,0.01,,0.0,,False,96.0,99.0,96.0,88.0,93.0,91.0,91.0,92.0,94.0,high,high,high,high,high,high,high,high,high,2026-08-14
hitter,BAL,TB,Pete Alonso,624413,1.0,1B,Confirmed,4.74,,,,,0.94,0.57,,,,,0.8541013843636847,1.028093263996067,0.4955807610718457,0.6395999168461444,0.994208494208494,0.971365890721753,0.07090594792138263,0.0761757368652163,,,0.98,1.06,0.98,3.53,0.07,1.5,0.18,0.01,0.0,0.512,1.4476190476190476,1.5439015494724933,0.179,,0.01,,0.0,,False,96.0,99.0,96.0,88.0,93.0,91.0,91.0,92.0,94.0,high,high,high,high,high,high,high,high,high,2026-08-14
hitter,BAL,TB,Jackson Holliday,702616,2.0,2B,Confirmed,3.49,,,,,0.75,0.28,,,,,0.7235147112805976,0.7728807815646481,0.2849556909890637,0.2675594843119758,0.7061469265367316,0.6582558028334967,0.02837913517901344,0.022742899858003103,,,0.68,0.51,0.43,1.81,0.03,0.95,0.15,0.01,0.0,0.351,0.9875776397515532,0.9105841890047477,0.147,,0.011,,0.0,,False,96.0,99.0,96.0,88.0,93.0,91.0,91.0,92.0,94.0,high,high,high,high,high,high,high,high,high,2026-08-14
hitter,BAL,TB,Coby Mayo,691723,3.0,DH,Confirmed,2.55,,,,,0.74,0.2,,,,,0.7570303948381218,0.7310677849845892,0.23621465327873262,0.17119933493448816,0.4125159642401022,0.3482420412788208,0.03211415801891323,0.020462115663747654,,,0.38,0.47,0.48,1.66,0.03,0.58,0.14,0.01,0.0,0.436,0.6720588235294118,0.5061283025322945,0.136,,0.007,,0.0,,False,96.0,99.0,96.0,88.0,93.0,91.0,91.0,92.0,94.0,high,high,high,high,high,high,high,high,high,2026-08-14
hitter,BAL,TB,Tyler O'Neill,641933,4.0,RF,Confirmed,2.55,,,,,0.67,0.24,,,,,0.7122444099271568,0.6363493141121751,0.26390522296217395,0.22242454755574292,0.4125159642401022,0.36082148730289876,0.0295158309572706,0.015984019706591506,,,0.38,0.47,0.49,1.67,0.02,0.6,0.11,0.01,0.0,0.432,0.6720588235294118,0.534192572844807,0.111,,0.008,,0.0,,False,96.0,99.0,96.0,88.0,93.0,91.0,91.0,92.0,94.0,high,high,high,high,high,high,high,high,high,2026-08-14
hitter,BAL,TB,Gunnar Henderson,683002,5.0,SS,Confirmed,4.48,,,,,0.75,0.42,,,,,0.6663744052899416,0.8325606898426302,0.4412508102216963,0.40083597640514457,0.994208494208494,0.9488802833773147,0.03943369526743038,0.038394154564011726,,,0.97,0.74,0.72,2.6,0.04,1.31,0.19,0.01,0.0,0.392,1.3148148148148149,1.3110570706740585,0.185,,0.009,,0.0,,False,96.0,99.0,96.0,88.0,93.0,91.0,91.0,92.0,94.0,high,high,high,high,high,high,high,high,high,2026-08-14
hitter,BAL,TB,Christian Encarnacion-Strand,687952,6.0,3B,Confirmed,4.25,,,,,1.6,0.13,,,,,1.4947064532976118,1.7029377710506763,0.1170413505002412,0.13778301081899605,0.7061469265367316,0.8133448735123913,0.12954675513145028,0.18986861595607024,,,0.77,0.59,0.68,2.37,0.16,1.33,0.19,0.01,0.0,0.375,1.239368165249089,1.4040646888664807,0.191,,0.01,,0.0,,False,96.0,99.0,96.0,88.0,93.0,91.0,91.0,92.0,94.0,high,high,high,high,high,high,high,high,high,2026-08-14
hitter,BAL,TB,Leody Taveras,665750,7.0,CF,Confirmed,4.25,,,,,0.87,0.28,,,,,0.8207896447914305,0.9193561202719244,0.2611220989297576,0.2919304566726398,0.8888888888888888,0.9190239181566573,0.032314973505067526,0.04734290739210016,,,0.91,0.53,0.5,2.12,0.04,1.28,0.18,0.01,0.0,0.34,1.239368165249089,1.3128057763376506,0.178,,0.013,,0.0,,False,96.0,99.0,96.0,88.0,93.0,91.0,91.0,92.0,94.0,high,high,high,high,high,high,high,high,high,2026-08-14
hitter,BAL,TB,Colton Cowser,681297,8.0,CF,Confirmed,3.49,,,,,1.44,0.48,,,,,1.4416689569477583,1.433721613696925,0.49767598536086877,0.45419225367141225,0.7715355805243446,0.6336653370708791,0.10100356983195141,0.09308995496404966,,,0.7,0.44,0.44,1.68,0.1,1.19,0.13,0.01,0.0,0.34,1.239368165249089,1.1560758356019054,0.133,,0.007,,0.0,,False,96.0,99.0,96.0,88.0,93.0,91.0,91.0,92.0,94.0,high,high,high,high,high,high,high,high,high,2026-08-14
hitter,BAL,TB,Carlos Narváez,665966,9.0,C,Confirmed,4.18,,,,,1.3,0.31,,,,,1.1864976448180498,1.4212993870008157,0.2911751347409156,0.33351204795500755,0.801980198019802,0.8517040001789209,0.24796937002247874,0.24472826543845264,,,0.83,0.51,0.51,1.92,0.25,1.64,0.15,0.01,0.0,0.332,1.5956790123456794,1.6823580346080311,0.154,,0.008,,0.0,,False,96.0,99.0,96.0,88.0,93.0,91.0,91.0,92.0,94.0,high,high,high,high,high,high,high,high,high,2026-08-14
hitter,ATL,AZ,Drake Baldwin,686948,1.0,C,Confirmed,4.18,,,,,0.94,0.25,,,,,0.944814564553237,0.9390204158144693,0.2698037351392626,0.2282236696298969,1.0980834272829765,0.9719367790910091,0.14515320694387165,0.1496432640826135,,,1.03,0.42,0.32,1.63,0.15,1.73,0.2,0.01,0.0,0.249,1.914285714285714,1.5799003581090583,0.203,,0.009,,0.0,,False,96.0,99.0,96.0,88.0,93.0,91.0,91.0,92.0,94.0,high,high,high,high,high,high,high,high,high,2026-08-14
hitter,ATL,AZ,Ronald Acuña Jr.,660670,2.0,DH,Confirmed,4.26,,,,,1.04,0.8,,,,,1.107178985832288,0.9671233467507503,0.8783329467921153,0.7202064071183214,1.0980834272829765,1.0175422999163337,0.38005249685606796,0.42773833781228454,,,1.05,0.45,0.34,1.65,0.4,2.54,0.19,0.01,0.0,0.267,2.552380952380952,2.5327489379881483,0.195,,0.007,,0.0,,False,96.0,99.0,96.0,88.0,93.0,91.0,91.0,92.0,94.0,high,high,high,high,high,high,high,high,high,2026-08-14
hitter,ATL,AZ,Matt Olson,621566,3.0,1B,Confirmed,4.26,,,,,1.26,0.34,,,,,1.3181298085271507,1.2014597358671866,0.3488377935391379,0.3397425358177638,0.994208494208494,0.9241453982162923,0.19187586675171217,0.1956738073168,,,0.96,0.44,0.38,1.71,0.19,1.79,0.18,0.01,0.0,0.26,1.914285714285714,1.6890046864904016,0.177,,0.008,,0.0,,False,96.0,99.0,96.0,88.0,93.0,91.0,91.0,92.0,94.0,high,high,high,high,high,high,high,high,high,2026-08-14
hitter,ATL,AZ,Michael Harris II,671739,4.0,CF,Confirmed,4.18,,,,,0.95,0.14,,,,,0.980567982706687,0.9195281795336108,0.14203306902098528,0.14175114336863365,1.0980834272829765,1.1038360872437496,0.15997071153081496,0.16908660694867347,,,1.1,0.42,0.38,1.69,0.16,1.85,0.19,0.01,0.0,0.244,1.914285714285714,1.7942637694500483,0.192,,0.01,,0.0,,False,96.0,99.0,96.0,88.0,93.0,91.0,91.0,92.0,94.0,high,high,high,high,high,high,high,high,high,2026-08-14
hitter,ATL,AZ,Ozzie Albies,645277,5.0,2B,Confirmed,4.25,,,,,0.61,0.26,,,,,0.6164268539145498,0.6094962621821911,0.2702995115782002,0.25500860290459404,1.0980834272829765,1.0839732582128174,0.1259456916079782,0.13282330098264944,,,1.09,0.42,0.36,1.68,0.13,1.64,0.17,0.01,0.0,0.244,1.684375,1.598758579520769,0.167,,0.013,,0.0,,False,96.0,99.0,96.0,88.0,93.0,91.0,91.0,92.0,94.0,high,high,high,high,high,high,high,high,high,2026-08-14
hitter,ATL,AZ,Mauricio Dubón,643289,6.0,LF,Confirmed,4.04,,,,,0.52,0.2,,,,,0.48904723649774606,0.5557172694227565,0.19433948491993921,0.20050141872931962,1.0980834272829765,0.9774373147009564,0.06735840381101443,0.08794280773536947,,,1.03,0.39,0.4,1.78,0.08,1.41,0.16,0.01,0.0,0.266,1.4759615384615385,1.3611271909741343,0.164,,0.009,,0.0,,False,96.0,99.0,96.0,88.0,93.0,91.0,91.0,92.0,94.0,high,high,high,high,high,high,high,high,high,2026-08-14
hitter,ATL,AZ,Mike Yastrzemski,573262,7.0,RF,Confirmed,3.49,,,,,0.92,0.27,,,,,0.9151236717583694,0.9161051944928373,0.2559181682779085,0.28962633165711626,0.801980198019802,0.7072864628895638,0.1473808265394887,0.10744525655343445,,,0.75,0.3,0.26,1.26,0.13,1.25,0.13,0.01,0.0,0.243,1.3148148148148149,1.2037434066909496,0.13,,0.007,,0.0,,False,96.0,99.0,96.0,88.0,93.0,91.0,91.0,92.0,94.0,high,high,high,high,high,high,high,high,high,2026-08-14
hitter,ATL,AZ,Austin Riley,663586,8.0,3B,Confirmed,4.04,,,,,1.27,0.24,,,,,1.2655436167945615,1.281974182761484,0.22989358462897463,0.25581274314853086,1.0,0.912349202806073,0.18371060243703702,0.18764691622381496,,,0.95,0.37,0.33,1.57,0.19,1.82,0.18,0.01,0.0,0.256,1.914285714285714,1.73512427711865,0.18,,0.008,,0.0,,False,96.0,99.0,96.0,88.0,93.0,91.0,91.0,92.0,94.0,high,high,high,high,high,high,high,high,high,2026-08-14
hitter,ATL,AZ,Jim Jarvis,805347,9.0,SS,Confirmed,3.33,,,,,0.88,0.12,,,,,0.7806212487682459,0.9751979786986781,0.13685789652272176,0.11154496469080039,0.801980198019802,0.6820441815584648,0.07913375542533047,0.07040174218922444,,,0.74,0.27,0.24,1.22,0.07,1.07,0.12,0.01,0.0,0.231,1.1521739130434783,1.0077485451864032,0.123,,0.009,,0.0,,False,96.0,99.0,96.0,88.0,93.0,91.0,91.0,92.0,94.0,high,high,high,high,high,high,high,high,high,2026-08-14
hitter,AZ,ATL,Geraldo Perdomo,672695,1.0,SS,Confirmed,4.26,,,,,0.45,0.39,,,,,0.4654370228055593,0.4310794764101622,0.39589287345732815,0.38375268829304926,1.0980834272829765,1.0115598293254962,0.18794533262913715,0.19680420160600903,,,1.05,0.64,0.48,2.22,0.19,1.85,0.17,0.01,0.0,0.378,1.914285714285714,1.8025195780945664,0.171,,0.009,,0.0,,False,96.0,99.0,96.0,88.0,93.0,91.0,91.0,92.0,94.0,high,high,high,high,high,high,high,high,high,2026-08-14
hitter,AZ,ATL,Corbin Carroll,682998,2.0,RF,Confirmed,4.25,,,,,0.95,0.3,,,,,0.9139323164332736,0.9885437770523794,0.3002121122299346,0.3083211349491819,1.0980834272829765,1.0251574483368793,0.331448064779955,0.39829250143970135,,,1.06,0.74,0.62,2.46,0.36,2.46,0.18,0.02,0.0,0.418,2.456692913385827,2.45896385651547,0.181,,0.018,,0.0,,False,96.0,99.0,96.0,88.0,93.0,91.0,91.0,92.0,94.0,high,high,high,high,high,high,high,high,high,2026-08-14
hitter,AZ,ATL,Gabriel Moreno,672515,3.0,C,Confirmed,4.18,,,,,0.63,0.3,,,,,0.6094115108893353,0.6596831581485563,0.3014893922284396,0.2941372638737832,1.0980834272829765,1.0388976987602154,0.18863120592050803,0.20561087447526538,,,1.07,0.62,0.55,2.27,0.2,1.83,0.19,0.01,0.0,0.366,1.914285714285714,1.7540208628013079,0.194,,0.008,,0.0,,False,96.0,99.0,96.0,88.0,93.0,91.0,91.0,92.0,94.0,high,high,high,high,high,high,high,high,high,2026-08-14
hitter,AZ,ATL,Ketel Marte,606466,4.0,2B,Confirmed,4.45,,,,,0.57,0.29,,,,,0.5589840278386784,0.573964672454591,0.28564983098686847,0.2915582408811389,1.0980834272829765,1.1502542415891475,0.3362889726061528,0.3624601861995595,,,1.13,0.67,0.64,2.41,0.35,2.44,0.21,0.01,0.0,0.367,2.456692913385827,2.4332062041325457,0.211,,0.014,,0.0,,False,96.0,99.0,96.0,88.0,93.0,91.0,91.0,92.0,94.0,high,high,high,high,high,high,high,high,high,2026-08-14
hitter,AZ,ATL,Nolan Arenado,571448,5.0,3B,Confirmed,3.89,,,,,0.55,0.19,,,,,0.561821026413731,0.5407362611043574,0.1924162208491832,0.17914328117536635,0.994208494208494,0.9629433603013944,0.191722654834219,0.2089378530309735,,,0.98,0.56,0.52,2.08,0.2,1.79,0.16,0.01,0.0,0.35,1.914285714285714,1.6852748384801703,0.158,,0.009,,0.0,,False,96.0,99.0,96.0,88.0,93.0,91.0,91.0,92.0,94.0,high,high,high,high,high,high,high,high,high,2026-08-14
hitter,AZ,ATL,Ildemaro Vargas,545121,6.0,2B,Confirmed,3.58,,,,,0.4,0.13,,,,,0.4006820463359323,0.4033943839127099,0.14645896946242062,0.12206399353167044,0.994208494208494,0.9159169610082872,0.17158450373741263,0.18627078418532486,,,0.95,0.46,0.49,1.95,0.18,1.62,0.19,0.01,0.0,0.355,1.684375,1.5605762407332144,0.189,,0.012,,0.0,,False,96.0,99.0,96.0,88.0,93.0,91.0,91.0,92.0,94.0,high,high,high,high,high,high,high,high,high,2026-08-14
hitter,AZ,ATL,Tim Tawa,694374,7.0,1B,Confirmed,2.9,,,,,0.88,0.33,,,,,0.9229170867946141,0.8350591708456154,0.36642259498976015,0.28676361184576304,0.4125159642401022,0.38756794777227943,0.027408843866840064,0.011429212371881868,,,0.4,0.33,0.3,1.21,0.02,0.63,0.11,0.01,0.0,0.32,0.6720588235294118,0.5875887178584447,0.111,,0.007,,0.0,,False,96.0,99.0,96.0,88.0,93.0,91.0,91.0,92.0,94.0,high,high,high,high,high,high,high,high,high,2026-08-14
hitter,AZ,ATL,Tyler Locklear,682988,8.0,DH,Confirmed,3.96,,,,,0.8,0.24,,,,,0.7235410532519287,0.8788401761319352,0.22397685208641055,0.24643001686007596,0.6434108527131783,0.684372036318373,0.03038829120896314,0.047141918864110004,,,0.67,0.5,0.47,1.86,0.04,0.97,0.17,0.01,0.0,0.354,0.9875776397515532,0.9470192627291668,0.166,,0.008,,0.0,,False,96.0,99.0,96.0,88.0,93.0,91.0,91.0,92.0,94.0,high,high,high,high,high,high,high,high,high,2026-08-14
hitter,AZ,ATL,Ryan Waldschmidt,814439,9.0,LF,Confirmed,4.25,,,,,1.17,0.27,,,,,1.0612525522492573,1.2826820324292876,0.273184657883214,0.2710734169353651,0.801980198019802,0.7563258094086035,0.08901753525544642,0.1078815820968148,,,0.78,0.52,0.46,2.08,0.1,1.24,0.19,0.01,0.0,0.342,1.239368165249089,1.235005311378527,0.188,,0.01,,0.0,,False,96.0,99.0,96.0,88.0,93.0,91.0,91.0,92.0,94.0,high,high,high,high,high,high,high,high,high,2026-08-14
hitter,TOR,NYY,Brett Bateman,703520,1.0,CF,Confirmed,3.54,,,,,0.96,0.11,,,,,0.965,,0.113,,0.772,,0.094,,,,0.77,0.38,0.32,1.47,0.09,1.24,0.14,0.01,0.0,0.261,1.239,,0.136,,0.008,,0.0,,True,40.0,44.0,40.0,32.0,37.0,35.0,35.0,36.0,38.0,low,low,low,low,low,low,low,low,low,2026-08-14
hitter,TOR,NYY,Nathan Lukes,664770,2.0,RF,Confirmed,3.74,,,,,0.44,0.2,,,,,0.42555797588192457,0.4590380384880775,0.19184937321082657,0.20714617667348656,0.4125159642401022,0.4919546223740566,0.0692591916487594,0.05480090188440705,,,0.46,0.42,0.35,1.65,0.06,0.73,0.2,0.01,0.0,0.279,0.6720588235294118,0.7781224601925192,0.199,,0.009,,0.0,,False,96.0,99.0,96.0,88.0,93.0,91.0,91.0,92.0,94.0,high,high,high,high,high,high,high,high,high,2026-08-14
hitter,TOR,NYY,Vladimir Guerrero Jr.,665489,3.0,1B,Confirmed,4.04,,,,,0.52,0.29,,,,,0.5177403715881443,0.5299930244074478,0.2655767575247785,0.3086016752528859,0.4125159642401022,0.5224754865759381,0.10290350899713971,0.10153686232203073,,,0.47,0.51,0.49,1.99,0.1,0.96,0.16,0.01,0.0,0.305,0.8408408408408409,1.0485721531123058,0.162,,0.007,,0.0,,False,96.0,99.0,96.0,88.0,93.0,91.0,91.0,92.0,94.0,high,high,high,high,high,high,high,high,high,2026-08-14
hitter,TOR,NYY,George Springer,543807,4.0,DH,Confirmed,4.26,,,,,1.06,0.43,,,,,1.0958029357457442,1.0212910370449897,0.4398415723905156,0.4194246691768041,0.8770949720670391,0.827192347160226,0.03453235598796996,0.021498517113595374,,,0.85,0.52,0.48,2.0,0.03,1.17,0.19,0.01,0.0,0.297,1.239368165249089,1.1205206668521053,0.19,,0.008,,0.0,,False,96.0,99.0,96.0,88.0,93.0,91.0,91.0,92.0,94.0,high,high,high,high,high,high,high,high,high,2026-08-14
hitter,TOR,NYY,Alejandro Kirk,672386,5.0,C,Confirmed,3.74,,,,,0.45,0.25,,,,,0.4559017369807119,0.4407565649072608,0.23981311658980192,0.2541234118895698,0.4125159642401022,0.48779344018299925,0.09023937178736072,0.09907438735834519,,,0.45,0.42,0.4,1.62,0.09,0.83,0.17,0.01,0.0,0.272,0.7899761336515513,0.8604890678870355,0.167,,0.008,,0.0,,False,96.0,99.0,96.0,88.0,93.0,91.0,91.0,92.0,94.0,high,high,high,high,high,high,high,high,high,2026-08-14
hitter,TOR,NYY,Andrés Giménez,665926,6.0,SS,Confirmed,3.1,,,,,0.54,0.17,,,,,0.5549362507018375,0.517996171955685,0.17608251682018322,0.16332190098541596,0.35424354243542433,0.41443888303826404,0.054509998572372265,0.053972534078862766,,,0.39,0.3,0.32,1.33,0.05,0.67,0.17,0.01,0.0,0.276,0.6720588235294118,0.6726952003899334,0.172,,0.01,,0.0,,False,96.0,99.0,96.0,88.0,93.0,91.0,91.0,92.0,94.0,high,high,high,high,high,high,high,high,high,2026-08-14
hitter,TOR,NYY,Kazuma Okamoto,672960,7.0,3B,Confirmed,3.81,,,,,0.95,0.25,,,,,0.9018954954514103,0.9905009681305892,0.22618682935573403,0.2650994163740327,0.4125159642401022,0.4381637205843689,0.13424556334644364,0.1614042343144018,,,0.43,0.39,0.38,1.54,0.15,1.01,0.16,0.01,0.0,0.278,0.9875776397515532,1.0263185517432811,0.158,,0.009,,0.0,,False,96.0,99.0,96.0,88.0,93.0,91.0,91.0,92.0,94.0,high,high,high,high,high,high,high,high,high,2026-08-14
hitter,TOR,NYY,Jesús Sánchez,660821,8.0,LF,Confirmed,3.19,,,,,1.06,0.12,,,,,1.0091749192499342,1.100867532665277,0.11618655338649972,0.12462462937916817,0.5846774193548387,0.523904392848284,0.0242200114348168,0.022440961417180674,,,0.55,0.32,0.3,1.33,0.02,0.74,0.14,0.01,0.0,0.275,0.7899761336515513,0.7065194990609569,0.143,,0.01,,0.0,,False,96.0,99.0,96.0,88.0,93.0,91.0,91.0,92.0,94.0,high,high,high,high,high,high,high,high,high,2026-08-14
hitter,TOR,NYY,Ernie Clement,676391,9.0,2B,Confirmed,3.49,,,,,0.34,0.15,,,,,0.33508923649139966,0.3446211770548116,0.13335208774384183,0.17189505912003974,0.4125159642401022,0.4235989743445509,0.05945241559265097,0.05650845182328311,,,0.42,0.35,0.33,1.56,0.06,0.75,0.18,0.01,0.0,0.281,0.6720588235294118,0.8055327113145901,0.178,,0.009,,0.0,,False,96.0,99.0,96.0,88.0,93.0,91.0,91.0,92.0,94.0,high,high,high,high,high,high,high,high,high,2026-08-14
hitter,NYY,TOR,Trent Grisham,663757,1.0,CF,Confirmed,4.26,,,,,1.65,0.67,,,,,1.616781242010725,1.686877043815297,0.6631051592478482,0.668281185781314,0.5290322580645161,0.4992854665424965,0.25938560717049813,0.253510659737478,,,0.51,0.76,0.58,2.34,0.26,1.25,0.16,0.01,0.0,0.449,1.239368165249089,1.2627029956644422,0.157,,0.008,,0.0,,False,96.0,99.0,96.0,88.0,93.0,91.0,91.0,92.0,94.0,high,high,high,high,high,high,high,high,high,2026-08-14
hitter,NYY,TOR,Ben Rice,700250,2.0,DH,Confirmed,4.51,,,,,1.65,0.45,,,,,1.577745995077189,1.7292517643780685,0.4435888451646882,0.46584130234965093,0.5290322580645161,0.5741944975195524,0.21576333385923085,0.22315948747325964,,,0.55,0.74,0.6,2.44,0.22,1.28,0.2,0.01,0.0,0.4,1.239368165249089,1.3219440367200113,0.201,,0.011,,0.0,,False,96.0,99.0,96.0,88.0,93.0,91.0,91.0,92.0,94.0,high,high,high,high,high,high,high,high,high,2026-08-14
hitter,NYY,TOR,Spencer Jones,682987,3.0,RF,Confirmed,3.33,,,,,1.31,0.16,,,,,1.2607855585512246,1.366969395786182,0.1719247559898921,0.14753163109183437,0.2543859649122807,0.2521786425520196,0.027244055525253812,0.00961218501688453,,,0.25,0.48,0.45,1.64,0.02,0.38,0.14,0.01,0.0,0.359,0.44025157232704404,0.33682040015290565,0.142,,0.01,,0.0,,False,96.0,99.0,96.0,88.0,93.0,91.0,91.0,92.0,94.0,high,high,high,high,high,high,high,high,high,2026-08-14
hitter,NYY,TOR,Luis García Jr.,671277,4.0,1B,Confirmed,4.18,,,,,0.52,0.28,,,,,0.5309060253848354,0.5161783608137578,0.29020883723231006,0.26440286949833375,1.0980834272829765,1.0365895601815487,0.22599190680624992,0.247663329985916,,,1.06,0.59,0.54,2.13,0.24,2.06,0.2,0.01,0.0,0.351,2.057017543859649,2.0609018491937285,0.2,,0.01,,0.0,,False,96.0,99.0,96.0,88.0,93.0,91.0,91.0,92.0,94.0,high,high,high,high,high,high,high,high,high,2026-08-14
hitter,NYY,TOR,Jazz Chisholm Jr.,665862,5.0,2B,Confirmed,3.74,,,,,1.72,0.39,,,,,1.719685423057715,1.7287317918118683,0.3931921090090801,0.39306138195036544,0.35424354243542433,0.3654011812976284,0.21746075853558797,0.22029953157364043,,,0.36,0.61,0.58,1.97,0.22,0.97,0.14,0.01,0.0,0.399,0.9875776397515532,0.948084625458184,0.136,,0.008,,0.0,,False,96.0,99.0,96.0,88.0,93.0,91.0,91.0,92.0,94.0,high,high,high,high,high,high,high,high,high,2026-08-14
hitter,NYY,TOR,Heliot Ramos,671218,6.0,LF,Confirmed,4.68,,,,,1.35,0.61,,,,,1.2737402226787475,1.4313755971064734,0.5992759516844611,0.6281666548095679,0.8949771689497716,1.0065301078103854,0.05423640775692142,0.05868509875382771,,,0.96,0.62,0.66,2.39,0.06,1.31,0.22,0.01,0.0,0.375,1.3148148148148149,1.3141316578480389,0.218,,0.01,,0.0,,False,96.0,99.0,96.0,88.0,93.0,91.0,91.0,92.0,94.0,high,high,high,high,high,high,high,high,high,2026-08-14
hitter,NYY,TOR,Ryan McMahon,641857,7.0,3B,Confirmed,3.54,,,,,1.69,0.39,,,,,1.6895182166414762,1.6976069410327235,0.4076644658312619,0.37281784181134353,0.35424354243542433,0.35720036804587446,0.16743420320419072,0.16131291323858274,,,0.36,0.48,0.43,1.68,0.16,0.88,0.14,0.01,0.0,0.384,0.8408408408408409,0.9063811306912779,0.141,,0.009,,0.0,,False,96.0,99.0,96.0,88.0,93.0,91.0,91.0,92.0,94.0,high,high,high,high,high,high,high,high,high,2026-08-14
hitter,NYY,TOR,Austin Wells,669224,8.0,C,Confirmed,3.1,,,,,1.45,0.22,,,,,1.456333500650508,1.4468664614697522,0.21571094339191682,0.23259417056408513,0.35424354243542433,0.3321120653222141,0.1371852457381095,0.13775599688618542,,,0.34,0.42,0.39,1.52,0.14,0.78,0.13,0.01,0.0,0.378,0.6720588235294118,0.8614060464508262,0.129,,0.009,,0.0,,False,96.0,99.0,96.0,88.0,93.0,91.0,91.0,92.0,94.0,high,high,high,high,high,high,high,high,high,2026-08-14
hitter,NYY,TOR,George Lombard Jr.,806146,9.0,SS,Confirmed,1.84,,,,,0.69,0.15,,,,,0.6832488182261729,0.6932617459439738,0.18332411130114082,0.11860493332155743,0.2543859649122807,0.14600856619076844,0.01669330525891556,0.011706542117552524,,,0.19,0.18,0.14,0.65,0.01,0.27,0.08,0.01,0.0,0.285,0.28125,0.25871905229873526,0.078,,0.007,,0.0,,False,96.0,99.0,96.0,88.0,93.0,91.0,91.0,92.0,94.0,high,high,high,high,high,high,high,high,high,2026-08-14
hitter,HOU,SEA,Jeremy Peña,665161,1.0,SS,Confirmed,3.96,,,,,1.23,0.42,,,,,1.2498292027163476,1.2165160139950417,0.4270582640525181,0.41122419154306267,0.6434108527131783,0.5621557721538487,0.042866280712771085,0.04081719005056375,,,0.6,0.44,0.37,1.68,0.04,0.81,0.18,0.01,0.0,0.271,0.8408408408408409,0.7872504790695565,0.18,,0.01,,0.0,,False,96.0,99.0,96.0,88.0,93.0,91.0,91.0,92.0,94.0,high,high,high,high,high,high,high,high,high,2026-08-14
hitter,HOU,SEA,Yordan Alvarez,670541,2.0,DH,Confirmed,4.18,,,,,0.61,0.58,,,,,0.6281821014390031,0.5877779033448062,0.6190841086856809,0.5438049023600428,1.1391752577319587,1.1065851452648863,0.42289415054131935,0.3813650208208138,,,1.12,0.5,0.42,1.8,0.4,2.62,0.17,0.01,0.0,0.29,2.75,2.507530374274864,0.171,,0.012,,0.0,,False,96.0,99.0,96.0,88.0,93.0,91.0,91.0,92.0,94.0,high,high,high,high,high,high,high,high,high,2026-08-14
hitter,HOU,SEA,Isaac Paredes,670623,3.0,3B,Confirmed,4.04,,,,,0.5,0.32,,,,,0.529481337320912,0.46467896731477715,0.3255486931124072,0.3157703576432887,1.0980834272829765,1.0295336173522405,0.2524692706070067,0.20196140063567983,,,1.06,0.44,0.42,1.73,0.23,1.95,0.17,0.01,0.0,0.263,2.057017543859649,1.8603653573066072,0.167,,0.01,,0.0,,False,96.0,99.0,96.0,88.0,93.0,91.0,91.0,92.0,94.0,high,high,high,high,high,high,high,high,high,2026-08-14
hitter,HOU,SEA,Taylor Trammell,666211,4.0,LF,Confirmed,3.1,,,,,1.29,0.15,,,,,1.2385656296736565,1.338125234692362,0.1742927117753812,0.13246604808371315,0.4125159642401022,0.40434803720658713,0.17960709823900928,0.1686511361401166,,,0.41,0.29,0.27,1.08,0.17,0.91,0.11,0.01,0.0,0.226,1.001763668430335,0.833280903699536,0.109,,0.013,,0.0,,False,96.0,99.0,96.0,88.0,93.0,91.0,91.0,92.0,94.0,high,high,high,high,high,high,high,high,high,2026-08-14
hitter,HOU,SEA,Jose Altuve,514888,5.0,2B,Confirmed,3.96,,,,,0.55,0.32,,,,,0.5668786214346867,0.527692234745917,0.3480579089134981,0.29850036982409656,1.0980834272829765,1.0575297807010098,0.16386597270025413,0.1722264158660041,,,1.08,0.41,0.37,1.65,0.17,1.79,0.16,0.01,0.0,0.251,1.914285714285714,1.6896618931983303,0.156,,0.009,,0.0,,False,96.0,99.0,96.0,88.0,93.0,91.0,91.0,92.0,94.0,high,high,high,high,high,high,high,high,high,2026-08-14
hitter,HOU,SEA,Daulton Varsho,662139,6.0,CF,Confirmed,3.74,,,,,0.84,0.19,,,,,0.7859840932834947,0.8903638409359016,0.19467500161763143,0.19005060306503438,0.35424354243542433,0.3597233186381841,0.13020406528708633,0.12578593033701477,,,0.36,0.33,0.37,1.41,0.13,0.85,0.13,0.01,0.0,0.243,0.7899761336515513,0.89390937800801,0.132,,0.012,,0.0,,False,96.0,99.0,96.0,88.0,93.0,91.0,91.0,92.0,94.0,high,high,high,high,high,high,high,high,high,2026-08-14
hitter,HOU,SEA,Christian Walker,572233,7.0,1B,Confirmed,3.96,,,,,0.79,0.28,,,,,0.761479141210864,0.828409823474615,0.29679839871516,0.2554171340017812,1.0980834272829765,1.0753230225344266,0.3324258681703056,0.2959944086381559,,,1.09,0.38,0.37,1.55,0.31,2.22,0.15,0.01,0.0,0.258,2.456692913385827,2.0303632166138152,0.145,,0.009,,0.0,,False,96.0,99.0,96.0,88.0,93.0,91.0,91.0,92.0,94.0,high,high,high,high,high,high,high,high,high,2026-08-14
hitter,HOU,SEA,Cam Smith,701358,8.0,RF,Confirmed,3.49,,,,,0.63,0.24,,,,,0.6025957955745703,0.6586876962877198,0.2659799015078985,0.2185878477078265,0.994208494208494,0.8622542055688022,0.21182306652327174,0.18896749355587367,,,0.92,0.32,0.31,1.34,0.2,1.57,0.13,0.01,0.0,0.255,1.684375,1.4707088928972825,0.127,,0.012,,0.0,,False,96.0,99.0,96.0,88.0,93.0,91.0,91.0,92.0,94.0,high,high,high,high,high,high,high,high,high,2026-08-14
hitter,HOU,SEA,Christian Vázquez,543877,9.0,C,Confirmed,3.74,,,,,0.92,0.13,,,,,0.8598337146984967,0.9778327250115274,0.1454600577939657,0.12424046205349577,0.801980198019802,0.7575624085733327,0.12670526680669086,0.14469906181343004,,,0.78,0.35,0.32,1.54,0.14,1.32,0.14,0.01,0.0,0.259,1.3148148148148149,1.3207341386061426,0.144,,0.01,,0.0,,False,96.0,99.0,96.0,88.0,93.0,91.0,91.0,92.0,94.0,high,high,high,high,high,high,high,high,high,2026-08-14
hitter,SEA,HOU,Cole Young,702284,1.0,2B,Confirmed,3.81,,,,,0.85,0.28,,,,,0.8378577188229182,0.8599589184887099,0.27177129912930864,0.28529387610304796,0.5290322580645161,0.5476819417003836,0.12133310322053725,0.11638170702859094,,,0.54,0.32,0.23,1.19,0.12,1.08,0.14,0.01,0.0,0.213,1.1238670694864048,1.0489355792709492,0.145,,0.007,,0.0,,False,96.0,99.0,96.0,88.0,93.0,91.0,91.0,92.0,94.0,high,high,high,high,high,high,high,high,high,2026-08-14
hitter,SEA,HOU,Randy Arozarena,668227,2.0,LF,Confirmed,4.18,,,,,1.32,0.42,,,,,1.317774350600754,1.325901780447734,0.4107342883446645,0.427452849797902,0.6434108527131783,0.6013797175736441,0.1379324886637333,0.16767381045718519,,,0.62,0.36,0.26,1.32,0.15,1.18,0.14,0.01,0.0,0.223,1.1521739130434783,1.2022907855301195,0.14,,0.008,,0.0,,False,96.0,99.0,96.0,88.0,93.0,91.0,91.0,92.0,94.0,high,high,high,high,high,high,high,high,high,2026-08-14
hitter,SEA,HOU,Dominic Canzone,686527,3.0,RF,Confirmed,3.49,,,,,0.77,0.36,,,,,0.7828627283673248,0.7599144429521295,0.38306720792075377,0.3323141570417211,0.8770949720670391,0.7175825243721682,0.18050275277797767,0.16481442589334347,,,0.79,0.27,0.22,1.02,0.17,1.48,0.1,0.01,0.0,0.199,1.5956790123456794,1.390582176631958,0.098,,0.007,,0.0,,False,96.0,99.0,96.0,88.0,93.0,91.0,91.0,92.0,94.0,high,high,high,high,high,high,high,high,high,2026-08-14
hitter,SEA,HOU,Julio Rodríguez,677594,4.0,DH,Confirmed,3.96,,,,,1.0,0.48,,,,,1.0047487063707403,0.9900639785004308,0.5000617935723044,0.46540273729623827,0.4125159642401022,0.4692605411911828,0.0422309995772091,0.0293320611409936,,,0.44,0.35,0.29,1.35,0.04,0.71,0.13,0.01,0.0,0.225,0.6720588235294118,0.7399729164643727,0.127,,0.007,,0.0,,False,96.0,99.0,96.0,88.0,93.0,91.0,91.0,92.0,94.0,high,high,high,high,high,high,high,high,high,2026-08-14
hitter,SEA,HOU,Josh Naylor,647304,5.0,1B,Confirmed,4.18,,,,,0.73,0.34,,,,,0.7256571069826935,0.7380269461187107,0.3380816259597199,0.3379671677217356,0.7061469265367316,0.6603956325583225,0.11176424058122852,0.1460187723224269,,,0.68,0.35,0.28,1.34,0.13,1.2,0.16,0.01,0.0,0.214,1.1521739130434783,1.238490810973693,0.157,,0.007,,0.0,,False,96.0,99.0,96.0,88.0,93.0,91.0,91.0,92.0,94.0,high,high,high,high,high,high,high,high,high,2026-08-14
hitter,SEA,HOU,Brendan Donovan,680977,6.0,3B,Confirmed,3.81,,,,,0.44,0.14,,,,,0.45185126217210825,0.4267262627735443,0.12919979449495145,0.14459011944917782,0.801980198019802,0.7721267537057925,0.024078974321871706,0.03039310920036011,,,0.79,0.3,0.28,1.29,0.03,1.03,0.14,0.01,0.0,0.231,1.1238670694864048,0.9516196972711091,0.138,,0.007,,0.0,,False,96.0,99.0,96.0,88.0,93.0,91.0,91.0,92.0,94.0,high,high,high,high,high,high,high,high,high,2026-08-14
hitter,SEA,HOU,Cal Raleigh,663728,7.0,C,Confirmed,3.96,,,,,1.44,0.53,,,,,1.5053003689968236,1.374484174371905,0.5577059670885903,0.504252009419314,0.6434108527131783,0.5817323320657685,0.3024834273627716,0.24259282905069765,,,0.61,0.35,0.28,1.34,0.27,1.36,0.15,0.01,0.0,0.264,1.3893129770992367,1.3404616724378637,0.148,,0.007,,0.0,,False,96.0,99.0,96.0,88.0,93.0,91.0,91.0,92.0,94.0,high,high,high,high,high,high,high,high,high,2026-08-14
hitter,SEA,HOU,Victor Robles,645302,8.0,CF,Confirmed,3.02,,,,,0.83,0.21,,,,,0.8457684984495034,0.8067273805506919,0.21891529931469808,0.19324816026520308,0.4125159642401022,0.3556115054226514,0.057224706488600216,0.05542854047053086,,,0.38,0.18,0.15,0.74,0.06,0.64,0.1,0.01,0.0,0.18,0.6720588235294118,0.6131306645131859,0.1,,0.007,,0.0,,False,96.0,99.0,96.0,88.0,93.0,91.0,91.0,92.0,94.0,high,high,high,high,high,high,high,high,high,2026-08-14
hitter,SEA,HOU,Brock Rodden,801126,9.0,SS,Confirmed,3.1,,,,,0.82,0.17,,,,,0.823,,0.169,,0.413,,0.029,,,,0.41,0.19,0.15,0.75,0.03,0.67,0.1,0.01,0.0,0.179,0.672,,0.097,,0.006,,0.0,,True,40.0,44.0,40.0,32.0,37.0,35.0,35.0,36.0,38.0,low,low,low,low,low,low,low,low,low,2026-08-14
hitter,LAA,KC,Wade Meckler,685133,1.0,LF,Confirmed,3.48,,,,,1.09,0.13,,,,,1.060303352636519,1.1286172801964798,0.13830800507678226,0.11274808869346,1.0,0.8534780000022555,0.02809923567654967,0.02157839155585175,,,0.92,0.45,0.37,1.72,0.02,1.13,0.16,0.01,0.0,0.31,1.239368165249089,1.0377499149062275,0.157,,0.009,,0.0,,False,96.0,99.0,96.0,88.0,93.0,91.0,91.0,92.0,94.0,high,high,high,high,high,high,high,high,high,2026-08-14
hitter,LAA,KC,Mike Trout,545361,2.0,CF,Confirmed,4.61,,,,,1.27,0.75,,,,,1.2698591299195348,1.265122216356331,0.702677673728757,0.7960207978281516,0.8770949720670391,0.8965209600904721,0.2714056748425758,0.24289586968688345,,,0.89,0.74,0.66,2.5,0.26,1.82,0.19,0.01,0.0,0.38,1.914285714285714,1.7340774732130082,0.187,,0.007,,0.0,,False,96.0,99.0,96.0,88.0,93.0,91.0,91.0,92.0,94.0,high,high,high,high,high,high,high,high,high,2026-08-14
hitter,LAA,KC,Nolan Schanuel,694384,3.0,1B,Confirmed,4.48,,,,,0.73,0.41,,,,,0.6335909650607943,0.8267497836592197,0.412148118061167,0.4119916890626601,0.8770949720670391,0.9470136106364767,0.08874498538992834,0.09743985454846214,,,0.92,0.57,0.54,2.25,0.09,1.34,0.21,0.01,0.0,0.305,1.3148148148148149,1.352835841149484,0.207,,0.011,,0.0,,False,96.0,99.0,96.0,88.0,93.0,91.0,91.0,92.0,94.0,high,high,high,high,high,high,high,high,high,2026-08-14
hitter,LAA,KC,Zach Neto,687263,4.0,SS,Confirmed,4.48,,,,,1.62,0.27,,,,,1.5848552805543796,1.6605886772608347,0.2519924595497586,0.27985072701308855,1.1391752577319587,1.2169659808405187,0.07889473475605452,0.09268136201720446,,,1.18,0.7,0.72,2.56,0.09,1.85,0.25,0.01,0.0,0.369,1.914285714285714,1.796017064586758,0.248,,0.009,,0.0,,False,96.0,99.0,96.0,88.0,93.0,91.0,91.0,92.0,94.0,high,high,high,high,high,high,high,high,high,2026-08-14
hitter,LAA,KC,Moisés Ballesteros,694208,5.0,DH,Confirmed,3.1,,,,,0.92,0.35,,,,,0.9438301999956372,0.8905024141290238,0.37532296389045705,0.3213444670795345,0.7061469265367316,0.5789553031349157,0.09451045566405555,0.07949926562675867,,,0.64,0.41,0.4,1.58,0.09,1.04,0.13,0.01,0.0,0.315,1.239368165249089,0.8853767832327172,0.127,,0.008,,0.0,,False,96.0,99.0,96.0,88.0,93.0,91.0,91.0,92.0,94.0,high,high,high,high,high,high,high,high,high,2026-08-14
hitter,LAA,KC,Vaughn Grissom,687093,6.0,2B,Confirmed,3.74,,,,,0.79,0.18,,,,,0.7666542912460494,0.8221628625662453,0.16905401819683347,0.18173486838341546,1.0980834272829765,1.0159175688760886,0.036943209292771756,0.03820247416505921,,,1.05,0.49,0.53,2.11,0.04,1.31,0.17,0.01,0.0,0.351,1.3893129770992367,1.2444999305878164,0.165,,0.01,,0.0,,False,96.0,99.0,96.0,88.0,93.0,91.0,91.0,92.0,94.0,high,high,high,high,high,high,high,high,high,2026-08-14
hitter,LAA,KC,Josh Lowe,666139,7.0,RF,Confirmed,3.96,,,,,1.25,0.14,,,,,1.21401097696596,1.2843845467862023,0.14399933786388922,0.12704877726956967,1.0980834272829765,1.0202702499621887,0.05078125955603159,0.056184157554814325,,,1.06,0.51,0.51,2.12,0.05,1.4,0.17,0.01,0.0,0.346,1.3893129770992367,1.410160777322243,0.171,,0.013,,0.0,,False,96.0,99.0,96.0,88.0,93.0,91.0,91.0,92.0,94.0,high,high,high,high,high,high,high,high,high,2026-08-14
hitter,LAA,KC,Denzer Guzman,694203,8.0,3B,Confirmed,4.25,,,,,1.44,0.18,,,,,1.3925647295027423,1.488905582434977,0.174261127846213,0.17595698071097152,1.1391752577319587,1.1352588215366715,0.048319018464899055,0.059291347452773535,,,1.14,0.55,0.55,2.24,0.05,1.75,0.22,0.01,0.0,0.35,1.914285714285714,1.6141188560566908,0.219,,0.01,,0.0,,False,96.0,99.0,96.0,88.0,93.0,91.0,91.0,92.0,94.0,high,high,high,high,high,high,high,high,high,2026-08-14
hitter,LAA,KC,Tyler Heineman,623168,9.0,C,Confirmed,3.1,,,,,0.81,0.16,,,,,0.8056669412114074,0.8054968566225417,0.1737620546690957,0.14692866492143608,0.5290322580645161,0.5066480179283168,0.04212610563828316,0.04629617327915973,,,0.52,0.32,0.3,1.43,0.04,0.76,0.15,0.01,0.0,0.29,0.7899761336515513,0.7324787998854863,0.152,,0.011,,0.0,,False,96.0,99.0,96.0,88.0,93.0,91.0,91.0,92.0,94.0,high,high,high,high,high,high,high,high,high,2026-08-14
hitter,KC,LAA,Carter Jensen,695600,1.0,C,Confirmed,4.26,,,,,1.13,0.1,,,,,1.0795312144186442,1.187933883798292,0.10051915105054143,0.10792108441892694,0.707983193277311,0.8377402227851515,0.03423408736583271,0.05501854851344542,,,0.78,0.49,0.34,1.7,0.04,1.16,0.17,0.01,0.0,0.3,1.1238670694864048,1.186134382551701,0.169,,0.012,,0.0,,False,96.0,99.0,96.0,88.0,93.0,91.0,91.0,92.0,94.0,high,high,high,high,high,high,high,high,high,2026-08-14
hitter,KC,LAA,Bobby Witt Jr.,677951,2.0,SS,Confirmed,3.89,,,,,0.56,0.22,,,,,0.5835210345993146,0.5434842785791547,0.2511387809721852,0.1883563078704365,1.4947368421052631,1.1865672445900561,0.3110669811638068,0.3470147472363528,,,1.33,0.48,0.32,1.67,0.33,2.49,0.18,0.01,0.0,0.324,2.552380952380952,2.434446062515122,0.178,,0.014,,0.0,,False,96.0,99.0,96.0,88.0,93.0,91.0,91.0,92.0,94.0,high,high,high,high,high,high,high,high,high,2026-08-14
hitter,KC,LAA,Jac Caglianone,695506,3.0,1B,Confirmed,4.51,,,,,0.84,0.27,,,,,0.8011137155981565,0.8826279849450034,0.2904426995969339,0.24328400627619817,1.4947368421052631,1.255735651068199,0.37294101864658125,0.32970410739004896,,,1.36,0.55,0.45,2.0,0.35,2.7,0.18,0.01,0.0,0.317,2.6,2.7751670086620703,0.182,,0.014,,0.0,,False,96.0,99.0,96.0,88.0,93.0,91.0,91.0,92.0,94.0,high,high,high,high,high,high,high,high,high,2026-08-14
hitter,KC,LAA,Nick Loftin,679845,4.0,3B,Confirmed,4.18,,,,,0.4,0.25,,,,,0.4023212786482879,0.3914295523423314,0.25222130321920705,0.24432724799798441,1.4947368421052631,1.1780374901978132,0.13607250341125116,0.12285531460665876,,,1.32,0.45,0.35,1.67,0.13,1.77,0.15,0.01,0.0,0.281,1.914285714285714,1.6580575266160809,0.148,,0.009,,0.0,,False,96.0,99.0,96.0,88.0,93.0,91.0,91.0,92.0,94.0,high,high,high,high,high,high,high,high,high,2026-08-14
hitter,KC,LAA,Michael Massey,686681,5.0,2B,Confirmed,3.58,,,,,0.39,0.16,,,,,0.41600336203232946,0.3582052893199465,0.18154652184870115,0.13460887773655242,1.0980834272829765,0.9190247918642059,0.11765947156321704,0.14477683825088736,,,1.0,0.38,0.31,1.46,0.13,1.51,0.15,0.01,0.0,0.272,1.684375,1.374401711016031,0.152,,0.008,,0.0,,False,96.0,99.0,96.0,88.0,93.0,91.0,91.0,92.0,94.0,high,high,high,high,high,high,high,high,high,2026-08-14
hitter,KC,LAA,Isaac Collins,686555,6.0,LF,Confirmed,3.49,,,,,0.6,0.24,,,,,0.5937862151912394,0.6013915797465839,0.27600713672765065,0.19451497777165527,1.0980834272829765,0.9149697077124688,0.14125945747242405,0.1288290570027393,,,1.0,0.34,0.29,1.34,0.14,1.58,0.13,0.01,0.0,0.298,1.914285714285714,1.3147336942324275,0.13,,0.009,,0.0,,False,96.0,99.0,96.0,88.0,93.0,91.0,91.0,92.0,94.0,high,high,high,high,high,high,high,high,high,2026-08-14
hitter,KC,LAA,John Rave,670231,7.0,RF,Confirmed,3.89,,,,,1.05,0.15,,,,,0.9576298383939085,1.146035835663471,0.1332803248181083,0.16054240627776895,0.7061469265367316,0.6773714404736945,0.27052332059383116,0.2278655385342857,,,0.69,0.35,0.27,1.33,0.25,1.29,0.14,0.01,0.0,0.272,1.3148148148148149,1.2705112272288857,0.137,,0.01,,0.0,,False,96.0,99.0,96.0,88.0,93.0,91.0,91.0,92.0,94.0,high,high,high,high,high,high,high,high,high,2026-08-14
hitter,KC,LAA,Josh Rojas,668942,8.0,DH,Confirmed,3.74,,,,,0.69,0.23,,,,,0.6111742013564839,0.7682186075586904,0.2354990550475973,0.2157510993461792,1.0980834272829765,0.9788351666561909,0.15212221424791036,0.19140436171100586,,,1.03,0.38,0.29,1.47,0.17,1.68,0.14,0.01,0.0,0.306,1.914285714285714,1.4948222705643894,0.139,,0.01,,0.0,,False,96.0,99.0,96.0,88.0,93.0,91.0,91.0,92.0,94.0,high,high,high,high,high,high,high,high,high,2026-08-14
hitter,KC,LAA,Kyle Isbel,664728,9.0,CF,Confirmed,3.93,,,,,0.6,0.26,,,,,0.5822300241055681,0.6251644071531459,0.27182166269203634,0.24727079944677105,0.7061469265367316,0.7502768329437313,0.05564198521247815,0.05960585256538184,,,0.73,0.35,0.28,1.42,0.06,1.1,0.16,0.01,0.0,0.261,1.1238670694864048,1.0863841725334644,0.157,,0.011,,0.0,,False,96.0,99.0,96.0,88.0,93.0,91.0,91.0,92.0,94.0,high,high,high,high,high,high,high,high,high,2026-08-14
hitter,ATH,TEX,Jeff McNeil,643446,1.0,1B,Confirmed,3.33,,,,,0.47,0.09,,,,,0.4562738252600935,0.49063259184580377,0.09023724280640591,0.09541581505076199,0.5290322580645161,0.5059865773113951,0.021156618442382966,0.02977034241886189,,,0.52,0.41,0.33,1.51,0.03,0.77,0.17,0.01,0.0,0.304,0.7899761336515513,0.7530173349625181,0.168,,0.01,,0.0,,False,96.0,99.0,96.0,88.0,93.0,91.0,91.0,92.0,94.0,high,high,high,high,high,high,high,high,high,2026-08-14
hitter,ATH,TEX,Jacob Wilson,805779,2.0,SS,Confirmed,4.26,,,,,0.44,0.32,,,,,0.37246709736848194,0.5076120390436506,0.30827372618035387,0.3391417445607743,0.6434108527131783,0.6214326105858404,0.026270646335972894,0.01292160121102102,,,0.63,0.54,0.42,2.06,0.02,0.82,0.21,0.01,0.0,0.313,0.7899761336515513,0.8424449127480819,0.211,,0.01,,0.0,,False,96.0,99.0,96.0,88.0,93.0,91.0,91.0,92.0,94.0,high,high,high,high,high,high,high,high,high,2026-08-14
hitter,ATH,TEX,Tyler Soderstrom,691016,3.0,LF,Confirmed,3.89,,,,,1.13,0.43,,,,,1.0665373229699582,1.1887899927877243,0.44589718002890033,0.4103567829441577,0.6434108527131783,0.6004534977804847,0.12916692112031353,0.11947885876319046,,,0.62,0.49,0.44,1.83,0.12,1.14,0.18,0.01,0.0,0.316,1.1521739130434783,1.1297146476481545,0.176,,0.01,,0.0,,False,96.0,99.0,96.0,88.0,93.0,91.0,91.0,92.0,94.0,high,high,high,high,high,high,high,high,high,2026-08-14
hitter,ATH,TEX,Zack Gelof,680869,4.0,2B,Confirmed,4.18,,,,,1.58,0.1,,,,,1.431238044097651,1.7271899294896753,0.09220660234135336,0.10511237985923567,0.3344051446945337,0.47520480504308904,0.03287696878174812,0.045582462594014994,,,0.41,0.53,0.49,2.01,0.04,0.59,0.15,0.01,0.0,0.303,0.4591194968553459,0.7011736787303496,0.152,,0.01,,0.0,,False,96.0,99.0,96.0,88.0,93.0,91.0,91.0,92.0,94.0,high,high,high,high,high,high,high,high,high,2026-08-14
hitter,ATH,TEX,Lawrence Butler,671732,5.0,RF,Confirmed,3.49,,,,,1.34,0.13,,,,,1.2486215344114153,1.424671082076536,0.1289941825273632,0.1213141339438981,0.3344051446945337,0.2990740652435922,0.027601913558351326,0.03821066806550273,,,0.31,0.45,0.4,1.62,0.03,0.47,0.16,0.01,0.0,0.321,0.44025157232704404,0.49982368581408954,0.163,,0.01,,0.0,,False,96.0,99.0,96.0,88.0,93.0,91.0,91.0,92.0,94.0,high,high,high,high,high,high,high,high,high,2026-08-14
hitter,ATH,TEX,Carlos Cortes,666126,6.0,DH,Confirmed,3.02,,,,,0.79,0.06,,,,,0.7197791658473183,0.8646321135250816,0.07879280754406576,0.04030820003559368,0.2543859649122807,0.28451583820863163,0.022174395636202784,0.02978555780202513,,,0.27,0.32,0.34,1.37,0.03,0.4,0.12,0.01,0.0,0.299,0.3888888888888889,0.4122464425711989,0.125,,0.008,,0.0,,False,96.0,99.0,96.0,88.0,93.0,91.0,91.0,92.0,94.0,high,high,high,high,high,high,high,high,high,2026-08-14
hitter,ATH,TEX,Donovan Walton,622268,7.0,2B,Confirmed,3.74,,,,,0.87,0.14,,,,,0.8352993103976788,0.8959880808308581,0.1418073160435803,0.12851579588496279,1.0980834272829765,0.955218743995291,0.04078599862929413,0.04884037926615274,,,1.02,0.4,0.37,1.63,0.04,1.28,0.16,0.01,0.0,0.3,1.3148148148148149,1.2537057872312378,0.16,,0.01,,0.0,,False,96.0,99.0,96.0,88.0,93.0,91.0,91.0,92.0,94.0,high,high,high,high,high,high,high,high,high,2026-08-14
hitter,ATH,TEX,Jonah Heim,641680,8.0,C,Confirmed,3.74,,,,,1.06,0.11,,,,,0.9663690888875166,1.1454702988165892,0.09602025876534573,0.12140193034469167,0.3344051446945337,0.36121994733896845,0.028835568518642444,0.036072995695206694,,,0.35,0.4,0.37,1.64,0.03,0.53,0.2,0.01,0.0,0.304,0.4591194968553459,0.586412110241723,0.198,,0.01,,0.0,,False,96.0,99.0,96.0,88.0,93.0,91.0,91.0,92.0,94.0,high,high,high,high,high,high,high,high,high,2026-08-14
hitter,ATH,TEX,Henry Bolte,703607,9.0,CF,Confirmed,4.18,,,,,1.37,0.1,,,,,1.2033978919285744,1.5413247605479592,0.09917011548509351,0.09599051558814838,0.35424354243542433,0.48640956758630843,0.025200975798928233,0.013102992506099037,,,0.43,0.45,0.4,1.85,0.02,0.54,0.21,0.01,0.0,0.303,0.44025157232704404,0.6181503577184047,0.208,,0.009,,0.0,,False,96.0,99.0,96.0,88.0,93.0,91.0,91.0,92.0,94.0,high,high,high,high,high,high,high,high,high,2026-08-14
hitter,TEX,ATH,Wyatt Langford,694671,1.0,LF,Confirmed,4.97,,,,,1.3,0.4,,,,,1.2623324352773468,1.3447556518794437,0.36683283284699897,0.4238201279688398,1.0980834272829765,1.2243215998555064,0.19055021369720362,0.20373244817075334,,,1.17,0.89,0.7,3.09,0.2,2.11,0.19,0.01,0.0,0.437,2.057017543859649,2.1501884116847325,0.19,,0.008,,0.0,,False,96.0,99.0,96.0,88.0,93.0,91.0,91.0,92.0,94.0,high,high,high,high,high,high,high,high,high,2026-08-14
hitter,TEX,ATH,Brandon Nimmo,607043,2.0,RF,Confirmed,4.74,,,,,0.77,0.32,,,,,0.6315414962165992,0.9001975782017426,0.30354517339995535,0.3298346785497085,0.801980198019802,0.9350229093811395,0.1265836812024417,0.14198183413245777,,,0.88,0.83,0.67,2.99,0.13,1.52,0.32,0.01,0.0,0.432,1.3893129770992367,1.6232809488893454,0.316,,0.009,,0.0,,False,96.0,99.0,96.0,88.0,93.0,91.0,91.0,92.0,94.0,high,high,high,high,high,high,high,high,high,2026-08-14
hitter,TEX,ATH,Corey Seager,608369,3.0,SS,Confirmed,5.14,,,,,1.0,0.87,,,,,0.9412900087891257,1.0541508441626581,0.8608396298259803,0.8868209798838443,0.8949771689497716,1.0437976492308836,0.18216259717268551,0.21323936074786912,,,0.98,0.93,0.82,3.25,0.2,1.81,0.28,0.01,0.0,0.452,1.684375,1.9166094587265594,0.276,,0.008,,0.0,,False,96.0,99.0,96.0,88.0,93.0,91.0,91.0,92.0,94.0,high,high,high,high,high,high,high,high,high,2026-08-14
hitter,TEX,ATH,Ezequiel Duran,677649,4.0,3B,Confirmed,4.18,,,,,0.68,0.19,,,,,0.5586870300462482,0.7944800887493693,0.18536059772375657,0.19362947628783117,0.7061469265367316,0.6886383354015251,0.04932949906380797,0.06613084094927954,,,0.7,0.53,0.46,2.09,0.06,1.06,0.16,0.01,0.0,0.314,1.001763668430335,1.1149716015343205,0.164,,0.011,,0.0,,False,96.0,99.0,96.0,88.0,93.0,91.0,91.0,92.0,94.0,high,high,high,high,high,high,high,high,high,2026-08-14
hitter,TEX,ATH,Jake Burger,669394,5.0,1B,Confirmed,4.26,,,,,0.85,0.25,,,,,0.746143607197411,0.9500112237443356,0.24968881959393632,0.2501067303818305,0.707983193277311,0.794370497938403,0.15121676019301436,0.163518976005596,,,0.76,0.68,0.65,2.48,0.16,1.39,0.25,0.01,0.0,0.392,1.3148148148148149,1.4459563218906026,0.25,,0.007,,0.0,,False,96.0,99.0,96.0,88.0,93.0,91.0,91.0,92.0,94.0,high,high,high,high,high,high,high,high,high,2026-08-14
hitter,TEX,ATH,Justin Foscue,679822,6.0,DH,Confirmed,2.26,,,,,0.41,0.15,,,,,0.3440348112688921,0.4809148715672861,0.1657506865407548,0.1340015352896492,0.4125159642401022,0.3798014875248325,0.08529237326132694,0.051751706289083765,,,0.39,0.29,0.3,1.11,0.07,0.66,0.12,0.01,0.0,0.36,0.7899761336515513,0.5545357346734018,0.12,,0.007,,0.0,,False,96.0,99.0,96.0,88.0,93.0,91.0,91.0,92.0,94.0,high,high,high,high,high,high,high,high,high,2026-08-14
hitter,TEX,ATH,Cody Freeman,683227,7.0,2B,Confirmed,2.55,,,,,0.74,0.11,,,,,0.7607853635080936,0.7151542178304937,0.11806576037805488,0.10034290919958372,0.4125159642401022,0.33465838181944707,0.018219114089270697,0.011114662319975559,,,0.37,0.31,0.28,1.3,0.01,0.5,0.13,0.01,0.0,0.352,0.5302013422818792,0.47016473047816665,0.131,,0.008,,0.0,,False,96.0,99.0,96.0,88.0,93.0,91.0,91.0,92.0,94.0,high,high,high,high,high,high,high,high,high,2026-08-14
hitter,TEX,ATH,Elias Díaz,553869,8.0,C,Confirmed,3.74,,,,,0.7,0.17,,,,,0.6003145173826608,0.8021534433575691,0.17356289636084588,0.16754938059666313,0.6434108527131783,0.6482047312700604,0.09458115406617731,0.0982723468617602,,,0.65,0.52,0.48,2.1,0.1,1.02,0.18,0.01,0.0,0.382,1.001763668430335,1.0378414012862878,0.178,,0.009,,0.0,,False,96.0,99.0,96.0,88.0,93.0,91.0,91.0,92.0,94.0,high,high,high,high,high,high,high,high,high,2026-08-14
hitter,TEX,ATH,Evan Carter,694497,9.0,CF,Confirmed,3.49,,,,,0.71,0.25,,,,,0.6376609583180349,0.7874020127806747,0.2511497161349867,0.24003279576425546,0.5290322580645161,0.5421428082132048,0.07042185316061025,0.0718458162115793,,,0.54,0.44,0.37,1.7,0.07,0.89,0.17,0.01,0.0,0.361,0.9875776397515532,0.8015431204509367,0.171,,0.009,,0.0,,False,96.0,99.0,96.0,88.0,93.0,91.0,91.0,92.0,94.0,high,high,high,high,high,high,high,high,high,2026-08-14
hitter,LAD,MIL,Shohei Ohtani,660271,1.0,DH,Confirmed,4.57,,,,,0.83,0.33,,,,,0.8151739173514024,0.8415576812424534,0.3462045827884118,0.3201978107163433,1.607843137254902,1.4484201380627364,0.4276130616874984,0.3354000347617775,,,1.52,0.63,0.51,2.15,0.38,3.04,0.2,0.02,0.0,0.342,3.5,2.6703181481905482,0.202,,0.016,,0.0,,False,96.0,99.0,96.0,88.0,93.0,91.0,91.0,92.0,94.0,high,high,high,high,high,high,high,high,high,2026-08-14
hitter,LAD,MIL,Andy Pages,681624,2.0,CF,Confirmed,4.26,,,,,0.59,0.15,,,,,0.5803964324770293,0.5941589357924579,0.1597845176430761,0.13433389921082778,1.4947368421052631,1.323063310044258,0.1609536334775229,0.15097805251229707,,,1.4,0.53,0.43,1.97,0.16,2.02,0.18,0.01,0.0,0.304,2.057017543859649,1.9964556197102294,0.179,,0.009,,0.0,,False,96.0,99.0,96.0,88.0,93.0,91.0,91.0,92.0,94.0,high,high,high,high,high,high,high,high,high,2026-08-14
hitter,LAD,MIL,Teoscar Hernández,606192,3.0,LF,Confirmed,4.18,,,,,0.74,0.13,,,,,0.6930731675147362,0.7772991678905893,0.1457528935062955,0.10915445522646308,1.607843137254902,1.3839232429423312,0.19701632946939093,0.18980091495847473,,,1.48,0.58,0.54,2.22,0.19,2.27,0.21,0.01,0.0,0.334,2.456692913385827,2.1103975910600927,0.214,,0.008,,0.0,,False,96.0,99.0,96.0,88.0,93.0,91.0,91.0,92.0,94.0,high,high,high,high,high,high,high,high,high,2026-08-14
hitter,LAD,MIL,Mookie Betts,605141,4.0,SS,Confirmed,4.51,,,,,0.32,0.17,,,,,0.33864527567184877,0.29392560528852546,0.17098411122524748,0.16697492057780022,1.607843137254902,1.3838702924288495,0.17812022391975416,0.1649299073006576,,,1.48,0.59,0.54,2.23,0.17,2.03,0.15,0.01,0.0,0.317,2.057017543859649,2.0082580125341263,0.152,,0.012,,0.0,,False,96.0,99.0,96.0,88.0,93.0,91.0,91.0,92.0,94.0,high,high,high,high,high,high,high,high,high,2026-08-14
hitter,LAD,MIL,Tommy Edman,669242,5.0,2B,Confirmed,3.81,,,,,0.49,0.11,,,,,0.5057419527572579,0.48154289043313553,0.12942774775073973,0.09137727663842395,1.4947368421052631,1.0879313901116063,0.11458180031804296,0.10962957041829903,,,1.27,0.48,0.44,1.92,0.11,1.85,0.17,0.01,0.0,0.308,2.057017543859649,1.682919004250049,0.171,,0.008,,0.0,,False,96.0,99.0,96.0,88.0,93.0,91.0,91.0,92.0,94.0,high,high,high,high,high,high,high,high,high,2026-08-14
hitter,LAD,MIL,Kyle Tucker,663656,6.0,RF,Confirmed,4.26,,,,,0.51,0.22,,,,,0.5424676118140322,0.4776754799540523,0.229269603340557,0.2115066230871851,1.5,1.2334673026448018,0.14092397986288108,0.1358282831170204,,,1.35,0.48,0.48,1.96,0.14,1.94,0.17,0.01,0.0,0.316,2.057017543859649,1.842422446688971,0.171,,0.008,,0.0,,False,96.0,99.0,96.0,88.0,93.0,91.0,91.0,92.0,94.0,high,high,high,high,high,high,high,high,high,2026-08-14
hitter,LAD,MIL,Max Muncy,571970,7.0,3B,Confirmed,4.18,,,,,0.72,0.26,,,,,0.6790545416439528,0.7669458438027777,0.25724264755919185,0.2625912775464877,1.1391752577319587,1.1679464922509988,0.23287673640107565,0.19910207723915097,,,1.15,0.45,0.41,1.73,0.22,2.01,0.15,0.01,0.0,0.3,2.057017543859649,1.9638059045482532,0.149,,0.008,,0.0,,False,96.0,99.0,96.0,88.0,93.0,91.0,91.0,92.0,94.0,high,high,high,high,high,high,high,high,high,2026-08-14
hitter,LAD,MIL,Enrique Hernández,571771,8.0,1B,Confirmed,3.02,,,,,0.79,0.1,,,,,0.7794378277718642,0.7974382087198675,0.11244563124859741,0.09134144468539948,0.8694581280788177,0.7224376803759928,0.25273906891697,0.20234578371123285,,,0.79,0.28,0.26,1.13,0.23,1.36,0.12,0.01,0.0,0.261,1.3893129770992367,1.3447805796048014,0.122,,0.007,,0.0,,False,96.0,99.0,96.0,88.0,93.0,91.0,91.0,92.0,94.0,high,high,high,high,high,high,high,high,high,2026-08-14
hitter,LAD,MIL,Hunter Feduccia,676439,9.0,C,Confirmed,3.02,,,,,0.94,0.17,,,,,0.8841311682065934,0.9902606902988443,0.1945471941428427,0.15256806791038013,0.3344051446945337,0.28084535964141566,0.021604631358988935,0.012773194372457318,,,0.3,0.29,0.25,1.18,0.02,0.45,0.12,0.01,0.0,0.272,0.4591194968553459,0.4442677812863119,0.12,,0.009,,0.0,,False,96.0,99.0,96.0,88.0,93.0,91.0,91.0,92.0,94.0,high,high,high,high,high,high,high,high,high,2026-08-14
hitter,MIL,LAD,Garrett Mitchell,669003,1.0,CF,Confirmed,3.89,,,,,1.65,0.21,,,,,1.6051646230775665,1.6863652940461786,0.21928705069720492,0.20726108894766385,0.707983193277311,0.6664119717640851,0.0631835315551757,0.048007119604363276,,,0.69,0.27,0.17,0.85,0.06,1.04,0.09,0.01,0.0,0.191,1.1238670694864048,0.9769864945242954,0.09,,0.008,,0.0,,False,96.0,99.0,96.0,88.0,93.0,91.0,91.0,92.0,94.0,high,high,high,high,high,high,high,high,high,2026-08-14
hitter,MIL,LAD,Jackson Chourio,694192,2.0,LF,Confirmed,4.18,,,,,1.51,0.16,,,,,1.5738203431279172,1.4526262876519218,0.17390016445069606,0.14594305170077304,1.0980834272829765,0.9939913796617006,0.05360009893193537,0.026281197869808468,,,1.04,0.33,0.23,1.21,0.04,1.31,0.11,0.01,0.0,0.206,1.3148148148148149,1.3112013777693583,0.106,,0.011,,0.0,,False,96.0,99.0,96.0,88.0,93.0,91.0,91.0,92.0,94.0,high,high,high,high,high,high,high,high,high,2026-08-14
hitter,MIL,LAD,Jake Bauers,641343,3.0,1B,Confirmed,3.81,,,,,1.58,0.21,,,,,1.6045458723871175,1.5472335027484618,0.2105423790875939,0.21060539706482334,0.801980198019802,0.7468160856616946,0.04955393317351645,0.07016218466089026,,,0.77,0.28,0.2,0.96,0.06,1.07,0.09,0.01,0.0,0.198,1.1521739130434783,1.0114635670744132,0.091,,0.006,,0.0,,False,96.0,99.0,96.0,88.0,93.0,91.0,91.0,92.0,94.0,high,high,high,high,high,high,high,high,high,2026-08-14
hitter,MIL,LAD,Andrew Vaughn,683734,4.0,3B,Confirmed,2.9,,,,,0.44,0.07,,,,,0.438224528665177,0.44844890989865,0.08851477805419901,0.04690459135991676,0.4125159642401022,0.5020238744755194,0.08811009212424575,0.07264829017475803,,,0.46,0.19,0.14,0.66,0.08,0.82,0.07,0.01,0.0,0.172,0.8408408408408409,0.7965308347167116,0.072,,0.008,,0.0,,False,96.0,99.0,96.0,88.0,93.0,91.0,91.0,92.0,94.0,high,high,high,high,high,high,high,high,high,2026-08-14
hitter,MIL,LAD,Christian Yelich,592885,5.0,DH,Confirmed,4.18,,,,,1.69,0.21,,,,,1.6969683608802293,1.6750877944241562,0.20313413743516776,0.21794559132440602,0.8949771689497716,0.9013101012727045,0.045604675212660296,0.043645272384180686,,,0.9,0.3,0.22,1.04,0.04,1.25,0.09,0.01,0.0,0.189,1.239368165249089,1.2550070915264877,0.093,,0.008,,0.0,,False,96.0,99.0,96.0,88.0,93.0,91.0,91.0,92.0,94.0,high,high,high,high,high,high,high,high,high,2026-08-14
hitter,MIL,LAD,William Contreras,661388,6.0,C,Confirmed,4.18,,,,,1.11,0.23,,,,,1.078321514925561,1.1405093666519623,0.2147461470765895,0.23715804584368835,1.0980834272829765,1.0075841952609452,0.057145786571085884,0.06046222886897433,,,1.05,0.31,0.26,1.22,0.06,1.39,0.11,0.01,0.0,0.223,1.3893129770992367,1.3861681805481814,0.109,,0.007,,0.0,,False,96.0,99.0,96.0,88.0,93.0,91.0,91.0,92.0,94.0,high,high,high,high,high,high,high,high,high,2026-08-14
hitter,MIL,LAD,Luis Lara,800325,7.0,RF,Confirmed,1.84,,,,,0.66,0.11,,,,,0.6950834090377682,0.6204743070247517,0.13573115530310637,0.08294052128034908,0.35424354243542433,0.2555396292601727,0.04090868154063802,0.026702031236891296,,,0.3,0.12,0.09,0.47,0.03,0.41,0.07,0.01,0.0,0.201,0.4591194968553459,0.361576553467566,0.067,,0.006,,0.0,,False,96.0,99.0,96.0,88.0,93.0,91.0,91.0,92.0,94.0,high,high,high,high,high,high,high,high,high,2026-08-14
hitter,MIL,LAD,David Hamilton,666152,8.0,2B,Confirmed,2.55,,,,,1.08,0.09,,,,,1.1737000169244385,0.9880406508368496,0.10457757556679678,0.0813585671313609,0.5846774193548387,0.447740247494756,0.02054589079623835,0.017768407674973476,,,0.51,0.16,0.12,0.61,0.02,0.6,0.08,0.01,0.0,0.189,0.6720588235294118,0.5387704539123859,0.077,,0.007,,0.0,,False,96.0,99.0,96.0,88.0,93.0,91.0,91.0,92.0,94.0,high,high,high,high,high,high,high,high,high,2026-08-14
hitter,MIL,LAD,Joey Ortiz,687401,9.0,SS,Confirmed,2.9,,,,,0.72,0.11,,,,,0.6949911804007943,0.7509429893861441,0.11262249242139065,0.10352494741088131,0.707983193277311,0.5993760997590832,0.026141041439088797,0.017428385142212812,,,0.65,0.19,0.15,0.75,0.02,0.81,0.07,0.01,0.0,0.198,0.8408408408408409,0.7768930080909067,0.075,,0.007,,0.0,,False,96.0,99.0,96.0,88.0,93.0,91.0,91.0,92.0,94.0,high,high,high,high,high,high,high,high,high,2026-08-14
hitter,SF,COL,Jonah Cox,813841,1.0,CF,Confirmed,2.55,,,,,1.25,0.06,,,,,1.3298111715826173,1.1697810277769358,0.0668090980316712,0.04380163002695877,0.35424354243542433,0.30512598941306607,0.05613090016816216,0.04079335163112105,,,0.33,0.26,0.21,1.0,0.05,0.82,0.14,0.01,0.0,0.255,0.9875776397515532,0.679654170205092,0.135,,0.014,,0.0,,False,96.0,99.0,96.0,88.0,93.0,91.0,91.0,92.0,94.0,high,high,high,high,high,high,high,high,high,2026-08-14
hitter,SF,COL,Rafael Devers,646240,2.0,DH,Confirmed,4.68,,,,,1.57,1.07,,,,,1.5287500553504645,1.6109476608932911,1.1038050538782367,1.0442110085548875,0.7715355805243446,0.8119322342624902,0.05635932900611582,0.054877012579231506,,,0.79,0.83,0.69,3.12,0.06,1.14,0.25,0.01,0.0,0.424,1.1521739130434783,1.1293896961382872,0.25,,0.011,,0.0,,False,96.0,99.0,96.0,88.0,93.0,91.0,91.0,92.0,94.0,high,high,high,high,high,high,high,high,high,2026-08-14
hitter,SF,COL,Bryce Eldridge,805811,3.0,1B,Confirmed,4.74,,,,,1.51,0.82,,,,,1.4667986898006609,1.558202078700671,0.7619144661374706,0.8823740763971849,0.8694581280788177,0.8935156631644053,0.05641714813916495,0.08497524843948968,,,0.88,0.82,0.78,3.22,0.07,1.32,0.33,0.01,0.0,0.42,1.239368165249089,1.3927609854327314,0.329,,0.015,,0.0,,False,96.0,99.0,96.0,88.0,93.0,91.0,91.0,92.0,94.0,high,high,high,high,high,high,high,high,high,2026-08-14
hitter,SF,COL,Victor Bericoto,682674,4.0,LF,Confirmed,3.96,,,,,1.19,0.42,,,,,1.079495160828967,1.3081525147999449,0.42019548539302387,0.42894668940892294,0.707983193277311,0.7113823433217602,0.035248953877993386,0.02729829475025091,,,0.71,0.53,0.49,2.11,0.03,0.99,0.23,0.01,0.0,0.325,0.9875776397515532,0.9831956777611551,0.232,,0.011,,0.0,,False,96.0,99.0,96.0,88.0,93.0,91.0,91.0,92.0,94.0,high,high,high,high,high,high,high,high,high,2026-08-14
hitter,SF,COL,Jung Hoo Lee,808982,5.0,RF,Confirmed,4.25,,,,,0.64,0.41,,,,,0.5819335341101756,0.689686730204157,0.4043835048985457,0.41770736545460513,0.8770949720670391,0.9209299430005442,0.024704185758641382,0.014131384414743733,,,0.9,0.66,0.6,2.76,0.02,1.12,0.25,0.04,0.0,0.38,1.1521739130434783,1.0985967372113463,0.247,,0.038,,0.0,,False,96.0,99.0,96.0,88.0,93.0,91.0,91.0,92.0,94.0,high,high,high,high,high,high,high,high,high,2026-08-14
hitter,SF,COL,Osleivis Basabe,678545,6.0,2B,Confirmed,4.03,,,,,0.53,0.12,,,,,0.532,,0.123,,1.098,,0.104,,,,1.1,0.46,0.49,2.04,0.1,1.91,0.19,0.01,0.0,0.31,1.914,,0.189,,0.011,,0.0,,True,40.0,44.0,40.0,32.0,37.0,35.0,35.0,36.0,38.0,low,low,low,low,low,low,low,low,low,2026-08-14
hitter,SF,COL,Buddy Kennedy,671083,7.0,3B,Confirmed,2.26,,,,,0.59,0.16,,,,,0.607835181935026,0.5792545660798526,0.20715880717903387,0.12038049691621973,0.4803149606299212,0.33381136607884926,0.08235665576176168,0.07216985048405442,,,0.4,0.24,0.22,1.05,0.08,0.7,0.14,0.01,0.0,0.305,0.8408408408408409,0.5765384682355862,0.137,,0.009,,0.0,,False,96.0,99.0,96.0,88.0,93.0,91.0,91.0,92.0,94.0,high,high,high,high,high,high,high,high,high,2026-08-14
hitter,SF,COL,Andrew Knizner,668800,8.0,C,Confirmed,3.81,,,,,0.5,0.24,,,,,0.42829430369425125,0.5742765732813738,0.22912192713120297,0.24250899777377732,0.5290322580645161,0.6261443686830035,0.07244839040233544,0.07674526195684192,,,0.58,0.45,0.4,1.94,0.07,0.93,0.23,0.02,0.0,0.331,0.8408408408408409,0.9981129597749389,0.232,,0.016,,0.0,,False,96.0,99.0,96.0,88.0,93.0,91.0,91.0,92.0,94.0,high,high,high,high,high,high,high,high,high,2026-08-14
hitter,SF,COL,Christian Koss,683766,9.0,SS,Confirmed,3.09,,,,,0.98,0.05,,,,,0.8938779514976467,1.069528120732296,0.07218552241410447,0.028021863193795727,0.6434108527131783,0.535267449436332,0.051522618130920794,0.03194982336565069,,,0.58,0.34,0.31,1.52,0.04,0.92,0.18,0.01,0.0,0.308,1.001763668430335,0.8609059943153479,0.182,,0.009,,0.0,,False,96.0,99.0,96.0,88.0,93.0,91.0,91.0,92.0,94.0,high,high,high,high,high,high,high,high,high,2026-08-14
hitter,COL,SF,Jake McCarthy,664983,1.0,RF,Confirmed,3.96,,,,,0.51,0.2,,,,,0.5474836309525255,0.4819849212954931,0.218246238075189,0.18140213669681515,0.994208494208494,0.8999343533341405,0.08313842905203428,0.07574005732623924,,,0.94,0.33,0.26,1.24,0.08,1.39,0.1,0.02,0.0,0.209,1.3893129770992367,1.3899529238355584,0.1,,0.02,,0.0,,False,96.0,99.0,96.0,88.0,93.0,91.0,91.0,92.0,94.0,high,high,high,high,high,high,high,high,high,2026-08-14
hitter,COL,SF,Mickey Moniak,666160,2.0,LF,Confirmed,3.48,,,,,0.69,0.2,,,,,0.6551943648599535,0.7155012442787804,0.2122825270135639,0.18414158522079474,0.801980198019802,0.686882553323966,0.15717625823040626,0.12304696414332221,,,0.74,0.27,0.22,0.91,0.14,1.28,0.09,0.01,0.0,0.191,1.3893129770992367,1.1871733548806145,0.088,,0.01,,0.0,,False,96.0,99.0,96.0,88.0,93.0,91.0,91.0,92.0,94.0,high,high,high,high,high,high,high,high,high,2026-08-14
hitter,COL,SF,Willi Castro,650489,3.0,3B,Confirmed,3.89,,,,,0.74,0.28,,,,,0.7038407498008448,0.7738981795745383,0.3147167888603426,0.2512157547809081,0.801980198019802,0.7324816776563833,0.11833214401817935,0.10799073562950477,,,0.76,0.27,0.23,0.91,0.11,1.34,0.08,0.01,0.0,0.174,1.3893129770992367,1.2948419964677162,0.085,,0.009,,0.0,,False,96.0,99.0,96.0,88.0,93.0,91.0,91.0,92.0,94.0,high,high,high,high,high,high,high,high,high,2026-08-14
hitter,COL,SF,TJ Rumfield,681198,4.0,1B,Confirmed,3.48,,,,,0.43,0.26,,,,,0.41349420991974795,0.44033402387589105,0.26380902885171575,0.25627925890583675,0.7061469265367316,0.622478305648443,0.04548898721965443,0.05721316724624566,,,0.66,0.2,0.16,0.72,0.05,1.02,0.08,0.01,0.0,0.155,1.1238670694864048,0.9349508822177375,0.08,,0.008,,0.0,,False,96.0,99.0,96.0,88.0,93.0,91.0,91.0,92.0,94.0,high,high,high,high,high,high,high,high,high,2026-08-14
hitter,COL,SF,Troy Johnston,687859,5.0,DH,Confirmed,2.9,,,,,0.46,0.2,,,,,0.4566866325144364,0.46240912422523534,0.22383415041948843,0.1844392418434741,0.4125159642401022,0.400285098864968,0.0596711543138738,0.0491480738149893,,,0.41,0.2,0.16,0.7,0.05,0.73,0.06,0.01,0.0,0.174,0.7899761336515513,0.6740431632785856,0.061,,0.008,,0.0,,False,96.0,99.0,96.0,88.0,93.0,91.0,91.0,92.0,94.0,high,high,high,high,high,high,high,high,high,2026-08-14
hitter,COL,SF,Connor Norby,681393,6.0,2B,Confirmed,2.9,,,,,0.7,0.14,,,,,0.750385108904138,0.6482654145124354,0.1393588698067301,0.13190517167817162,0.801980198019802,0.6130144894969621,0.1150555982938116,0.11816957926311417,,,0.7,0.18,0.18,0.69,0.12,1.21,0.07,0.01,0.0,0.179,1.3893129770992367,1.0556592700490612,0.068,,0.007,,0.0,,False,96.0,99.0,96.0,88.0,93.0,91.0,91.0,92.0,94.0,high,high,high,high,high,high,high,high,high,2026-08-14
hitter,COL,SF,Zac Veen,691728,7.0,RF,Confirmed,3.74,,,,,1.57,0.15,,,,,1.520079167033058,1.6199033008048214,0.12790749520487327,0.17006028961347175,0.6434108527131783,0.5934062555863967,0.30048785340885553,0.19294995941008114,,,0.62,0.26,0.24,0.9,0.25,1.21,0.08,0.01,0.0,0.194,1.239368165249089,1.1854949004746895,0.083,,0.009,,0.0,,False,96.0,99.0,96.0,88.0,93.0,91.0,91.0,92.0,94.0,high,high,high,high,high,high,high,high,high,2026-08-14
hitter,COL,SF,Ezequiel Tovar,678662,8.0,SS,Confirmed,3.49,,,,,0.67,0.21,,,,,0.6700865920594863,0.6718391222258587,0.23724151363380933,0.18840549519030422,0.7715355805243446,0.6714079408782776,0.12634643744133123,0.10345261086371854,,,0.72,0.22,0.21,0.84,0.11,1.24,0.11,0.01,0.0,0.184,1.3148148148148149,1.1763294918690224,0.109,,0.01,,0.0,,False,96.0,99.0,96.0,88.0,93.0,91.0,91.0,92.0,94.0,high,high,high,high,high,high,high,high,high,2026-08-14
hitter,COL,SF,Brett Sullivan,664954,9.0,C,Confirmed,3.02,,,,,0.75,0.1,,,,,0.7669572556536728,0.7260667328827766,0.10065339010829687,0.10795116371646488,0.8770949720670391,0.7150338398410339,0.03328643339956989,0.027457610056015252,,,0.79,0.18,0.16,0.7,0.03,1.03,0.07,0.01,0.0,0.175,1.1521739130434783,0.9385949266839384,0.066,,0.008,,0.0,,False,96.0,99.0,96.0,88.0,93.0,91.0,91.0,92.0,94.0,high,high,high,high,high,high,high,high,high,2026-08-14
