player_type,team,opponent,player_name,mlb_id,lineup_spot,pos,lineup_status,proj_pa,proj_ip,proj_outs,proj_runs_allowed,proj_hits_allowed,proj_strikeouts,proj_walks,proj_hr_allowed,proj_er_model,proj_fip,proj_war_contribution,direct_K,rate_K,direct_BB,rate_BB,direct_H,rate_H,direct_HR,rate_HR,direct_R,rate_R,proj_hits,proj_runs,proj_rbi,proj_hrrbi,proj_hr,proj_tb,proj_2b,proj_3b,proj_sb,proj_woba,direct_TB,rate_TB,direct_2B,rate_2B,direct_3B,rate_3B,direct_SB,rate_SB,used_fallback,confidence_score,proj_pa_confidence_score,proj_hits_confidence_score,proj_hr_confidence_score,proj_strikeouts_confidence_score,proj_runs_confidence_score,proj_rbi_confidence_score,proj_hrrbi_confidence_score,proj_walks_confidence_score,confidence,proj_pa_confidence,proj_hits_confidence,proj_hr_confidence,proj_strikeouts_confidence,proj_runs_confidence,proj_rbi_confidence,proj_hrrbi_confidence,proj_walks_confidence,game_date
pitcher,DET,CWS,Troy Melton,675512,,,,,4.79,14.0,2.52,4.93,4.78,1.52,0.89,2.28,4.61,0.073,4.676567656765677,4.882964964028157,1.3455882352941178,2.026480650190615,4.879746835443039,5.152155509786922,0.869281045751634,0.9510542321979162,2.28,,,,,,,,,,,,,,,,,,,,,,,,,,,,,,,,,,,,,,,2026-08-15
pitcher,CWS,DET,Anthony Kay,641743,,,,,4.79,14.0,2.54,4.59,4.59,1.92,0.67,2.28,4.29,0.073,4.676567656765677,4.497510524090055,1.890295358649789,2.026480650190615,4.525423728813561,4.858659276173211,0.625,0.7592911695295503,2.28,,,,,,,,,,,,,,,,,,,,,,,,,,,,,,,,,,,,,,,2026-08-15
pitcher,CHC,STL,Matthew Boyd,571510,,,,,4.79,14.0,2.32,4.93,4.52,1.43,0.61,2.21,3.8,0.081,4.5344827586206895,4.497510524090055,1.3455882352941178,1.6812829944533958,4.879746835443039,5.152155509786922,0.547945205479452,0.7592911695295503,2.212,,,,,,,,,,,,,,,,,,,,,,,,,,,,,,,,,,,,,,,2026-08-15
pitcher,STL,CHC,Michael McGreevy,700241,,,,,4.79,14.0,2.84,5.69,3.58,1.28,0.87,3.0,5.0,-0.002,3.6538461538461537,3.502400723636293,1.2772277227722773,1.2824725226957707,5.68,5.720501571405975,0.869281045751634,0.8726985188581348,3.0,,,,,,,,,,,,,,,,,,,,,,,,,,,,,,,,,,,,,,,2026-08-15
pitcher,NYY,TOR,Cam Schlittler,693645,,,,,5.21,16.0,2.32,4.47,5.87,1.8,0.41,1.79,3.4,0.162,5.708333333333333,6.031456645520117,1.7846689185541742,1.8287023801883489,4.326530612244898,5.0333098236854905,0.38095238095238093,0.47907389125280486,1.789,,,,,,,,,,,,,,,,,,,,,,,,,,,,,,,,,,,,,,,2026-08-15
pitcher,SF,COL,Logan Webb,657277,,,,,5.63,17.0,2.44,5.29,5.88,1.33,0.53,2.21,3.16,0.14,6.017094017094017,5.739267796968376,1.2772277227722773,1.5073737584085987,5.093457943925234,6.055665035511558,0.5409836065573771,0.5176940513921864,2.212,,,,,,,,,,,,,,,,,,,,,,,,,,,,,,,,,,,,,,,2026-08-15
pitcher,COL,SF,Michael Lorenzen,547179,,,,,4.79,14.0,2.78,5.53,3.67,1.63,0.78,3.08,4.83,-0.01,3.8412698412698414,3.502400723636293,1.610062893081761,1.6812829944533958,5.387096774193548,6.094132954135056,0.7580645161290323,0.8243081650798851,3.075,,,,,,,,,,,,,,,,,,,,,,,,,,,,,,,,,,,,,,,2026-08-15
pitcher,NYM,WSH,Sean Manaea,640455,,,,,4.79,14.0,2.35,4.76,4.78,1.45,0.71,2.21,4.06,0.081,4.676567656765677,4.882964964028157,1.3455882352941178,1.7468702410277968,4.666666666666667,5.152155509786922,0.6666666666666666,0.8243081650798851,2.212,,,,,,,,,,,,,,,,,,,,,,,,,,,,,,,,,,,,,,,2026-08-15
pitcher,BAL,TB,Kyle Bradish,680694,,,,,5.21,16.0,2.71,4.6,6.85,2.45,0.8,2.21,4.08,0.111,6.649122807017544,7.047496679501248,2.4,2.619514821485557,4.486486486486487,5.0333098236854905,0.7580645161290323,0.8965857077382466,2.212,,,,,,,,,,,,,,,,,,,,,,,,,,,,,,,,,,,,,,,2026-08-15
pitcher,CIN,MIA,Brady Singer,663903,,,,,4.79,14.0,2.64,4.65,5.0,1.93,0.89,2.28,4.96,0.073,4.676567656765677,5.331254490887942,1.890295358649789,2.041382631246275,4.525423728813561,5.152155509786922,0.869281045751634,0.9510542321979162,2.28,,,,,,,,,,,,,,,,,,,,,,,,,,,,,,,,,,,,,,,2026-08-15
pitcher,MIA,CIN,Ryan Gusto,687473,,,,,4.61,14.0,2.6,4.84,4.43,1.7,0.76,2.43,4.54,0.045,4.5344827586206895,4.328501777882078,1.610062893081761,1.9503289764882537,4.879746835443039,4.676079178112422,0.7441860465116279,0.7933320753691587,2.432,,,,,,,,,,,,,,,,,,,,,,,,,,,,,,,,,,,,,,,2026-08-15
pitcher,CLE,SD,Joey Cantillo,676282,,,,,4.79,14.0,2.44,4.59,4.59,1.93,0.55,2.21,4.08,0.081,4.676567656765677,4.497510524090055,1.890295358649789,2.041382631246275,4.525423728813561,4.858659276173211,0.547945205479452,0.5661210675823506,2.212,,,,,,,,,,,,,,,,,,,,,,,,,,,,,,,,,,,,,,,2026-08-15
pitcher,HOU,SEA,Hayden Wesneski,669713,,,,,5.13,15.0,2.47,5.01,4.75,1.46,0.68,2.28,4.02,0.097,4.676567656765677,4.816749266927345,1.3455882352941178,1.8006224971912148,4.879746835443039,5.51786174638975,0.625,0.813186576134988,2.28,,,,,,,,,,,,,,,,,,,,,,,,,,,,,,,,,,,,,,,2026-08-15
pitcher,SEA,HOU,Emerson Hancock,676106,,,,,4.79,14.0,2.63,5.29,3.75,1.65,0.82,2.43,4.93,0.057,3.8412698412698414,3.6609009771017487,1.610062893081761,1.7704833159728637,5.093457943925234,6.094132954135056,0.7948717948717948,0.8726985188581348,2.432,,,,,,,,,,,,,,,,,,,,,,,,,,,,,,,,,,,,,,,2026-08-15
pitcher,MIN,PHI,Connor Prielipp,687570,,,,,5.13,15.0,2.48,4.77,4.95,1.96,0.56,2.21,4.02,0.105,4.676567656765677,5.229563729742055,1.890295358649789,2.18628244223244,4.666666666666667,5.203532794732478,0.5409836065573771,0.6063050264504087,2.212,,,,,,,,,,,,,,,,,,,,,,,,,,,,,,,,,,,,,,,2026-08-15
pitcher,PHI,MIN,Jesús Luzardo,666200,,,,,5.59,17.0,2.6,5.17,6.56,1.93,0.49,2.21,3.16,0.138,6.649122807017544,6.471370949799894,1.890295358649789,2.038623099654568,5.093457943925234,5.462538614084102,0.4827586206896552,0.5140159409027215,2.212,,,,,,,,,,,,,,,,,,,,,,,,,,,,,,,,,,,,,,,2026-08-15
pitcher,PIT,BOS,Jared Jones,683003,,,,,4.61,14.0,2.42,3.94,4.9,1.7,0.72,2.21,4.52,0.069,4.676567656765677,5.1309150736938225,1.610062893081761,1.9646709666065398,3.68,4.95854632570307,0.6666666666666666,0.8399040024918583,2.212,,,,,,,,,,,,,,,,,,,,,,,,,,,,,,,,,,,,,,,2026-08-15
pitcher,BOS,PIT,Sonny Gray,543243,,,,,5.21,16.0,2.42,5.2,6.17,1.31,0.57,2.21,3.16,0.111,6.017094017094017,6.323128873107073,1.2772277227722773,1.3949231405521847,5.093457943925234,5.60391027264924,0.547945205479452,0.6157600755958343,2.212,,,,,,,,,,,,,,,,,,,,,,,,,,,,,,,,,,,,,,,2026-08-15
pitcher,ATL,AZ,Grant Holmes,656550,,,,,4.61,14.0,2.56,3.88,4.69,2.33,0.77,2.21,4.99,0.069,4.676567656765677,4.699471499826681,2.3333333333333335,2.3178432489536314,3.68,4.676079178112422,0.7580645161290323,0.7933320753691587,2.212,,,,,,,,,,,,,,,,,,,,,,,,,,,,,,,,,,,,,,,2026-08-15
pitcher,AZ,ATL,Eduardo Rodriguez,593958,,,,,5.13,15.0,2.63,5.18,4.75,1.96,0.56,2.43,4.02,0.08,4.676567656765677,4.816749266927345,1.890295358649789,2.18628244223244,5.093457943925234,5.51786174638975,0.5409836065573771,0.6063050264504087,2.432,,,,,,,,,,,,,,,,,,,,,,,,,,,,,,,,,,,,,,,2026-08-15
pitcher,LAD,MIL,Justin Wrobleski,680736,,,,,4.79,14.0,2.69,5.05,4.59,1.43,0.92,2.28,4.73,0.073,4.676567656765677,4.497510524090055,1.3455882352941178,1.6812829944533958,5.093457943925234,4.858659276173211,0.9130434782608695,0.9510542321979162,2.28,,,,,,,,,,,,,,,,,,,,,,,,,,,,,,,,,,,,,,,2026-08-15
pitcher,MIL,LAD,Jacob Misiorowski,694819,,,,,5.59,17.0,2.33,4.55,7.36,1.8,0.81,1.37,3.58,0.247,6.649122807017544,8.064776450048912,1.610062893081761,2.3649325333122206,4.326530612244898,5.462538614084102,0.7441860465116279,0.9619796749053355,1.367,,,,,,,,,,,,,,,,,,,,,,,,,,,,,,,,,,,,,,,2026-08-15
pitcher,ATH,TEX,J.T. Ginn,669372,,,,,4.79,14.0,2.82,4.71,4.59,2.35,0.89,2.43,5.23,0.057,4.676567656765677,4.497510524090055,2.3333333333333335,2.408344720713209,4.666666666666667,4.858659276173211,0.869281045751634,0.9510542321979162,2.432,,,,,,,,,,,,,,,,,,,,,,,,,,,,,,,,,,,,,,,2026-08-15
pitcher,TEX,ATH,MacKenzie Gore,669022,,,,,5.21,16.0,2.37,4.47,6.17,1.97,0.56,1.79,3.49,0.162,6.017094017094017,6.323128873107073,1.890295358649789,2.220376515405656,4.326530612244898,5.0333098236854905,0.5409836065573771,0.5943699081420252,1.789,,,,,,,,,,,,,,,,,,,,,,,,,,,,,,,,,,,,,,,2026-08-15
hitter,DET,CWS,Gleyber Torres,650402,1.0,2B,Confirmed,4.18,,,,,1.08,0.54,,,,,0.9639123033444489,1.1888113614035756,0.5527363697639622,0.526331505014234,1.0980834272829765,0.9749709812328079,0.33082813599833777,0.34080965686665665,,,1.03,0.38,0.2,1.1,0.34,2.02,0.11,0.01,0.0,0.258,2.057017543859649,1.9894353667430402,0.111,,0.008,,0.0,,False,96.0,99.0,96.0,88.0,93.0,91.0,91.0,92.0,94.0,high,high,high,high,high,high,high,high,high,2026-08-15
hitter,DET,CWS,Hao-Yu Lee,701678,2.0,3B,Confirmed,3.1,,,,,0.86,0.18,,,,,0.8529137740417418,0.876968788354037,0.1975116682103059,0.16344561963813325,0.801980198019802,0.6465839104513597,0.11004732295708577,0.09192926916753193,,,0.72,0.25,0.16,0.81,0.1,1.17,0.1,0.01,0.0,0.217,1.3148148148148149,1.046471140889502,0.104,,0.008,,0.0,,False,96.0,99.0,96.0,88.0,93.0,91.0,91.0,92.0,94.0,high,high,high,high,high,high,high,high,high,2026-08-15
hitter,DET,CWS,Dillon Dingler,693307,3.0,DH,Confirmed,4.18,,,,,1.04,0.21,,,,,1.0018338878996587,1.0717546561088176,0.22448334292443223,0.1961771434368847,1.0980834272829765,1.0634068898756897,0.1710025265316882,0.17072202922729085,,,1.08,0.36,0.28,1.28,0.17,1.83,0.13,0.01,0.0,0.225,1.914285714285714,1.7643990094675917,0.127,,0.01,,0.0,,False,96.0,99.0,96.0,88.0,93.0,91.0,91.0,92.0,94.0,high,high,high,high,high,high,high,high,high,2026-08-15
hitter,DET,CWS,Kevin McGonigle,805808,4.0,SS,Confirmed,4.45,,,,,0.68,0.49,,,,,0.658734598857604,0.6918180042172624,0.502888511080115,0.4837575240484444,1.0980834272829765,1.0714163300258728,0.17024934289816784,0.15589970919421983,,,1.08,0.42,0.23,1.18,0.16,1.8,0.12,0.01,0.0,0.277,1.914285714285714,1.7038529451506277,0.125,,0.008,,0.0,,False,96.0,99.0,96.0,88.0,93.0,91.0,91.0,92.0,94.0,high,high,high,high,high,high,high,high,high,2026-08-15
hitter,DET,CWS,Eduardo Valencia,680664,5.0,C,Confirmed,3.48,,,,,0.65,0.34,,,,,0.646,,0.336,,0.413,,0.031,,,,0.41,0.25,0.18,0.84,0.03,0.67,0.09,0.01,0.0,0.193,0.672,,0.094,,0.008,,0.0,,True,40.0,44.0,40.0,32.0,37.0,35.0,35.0,36.0,38.0,low,low,low,low,low,low,low,low,low,2026-08-15
hitter,DET,CWS,Spencer Torkelson,679529,6.0,1B,Confirmed,4.25,,,,,1.19,0.41,,,,,1.1899886225030423,1.190336260868304,0.4203782188806998,0.38986126293326645,0.994208494208494,0.95791531529638,0.18325174905457067,0.19942784636761274,,,0.97,0.33,0.24,1.1,0.19,1.77,0.11,0.01,0.0,0.249,1.914285714285714,1.6609953674387619,0.115,,0.009,,0.0,,False,96.0,99.0,96.0,88.0,93.0,91.0,91.0,92.0,94.0,high,high,high,high,high,high,high,high,high,2026-08-15
hitter,DET,CWS,Ben Malgeri,701162,7.0,LF,Confirmed,2.55,,,,,0.58,0.18,,,,,0.5309999043621819,0.6240165880540277,0.19750363241099284,0.15900692957990273,0.3344051446945337,0.23600628176976995,0.06426871854496025,0.04985541766436196,,,0.28,0.15,0.1,0.5,0.06,0.57,0.06,0.01,0.0,0.193,0.6720588235294118,0.4846864992748247,0.062,,0.007,,0.0,,False,96.0,99.0,96.0,88.0,93.0,91.0,91.0,92.0,94.0,high,high,high,high,high,high,high,high,high,2026-08-15
hitter,DET,CWS,Javier Báez,595879,8.0,LF,Confirmed,2.55,,,,,0.74,0.22,,,,,0.7689046572932883,0.7182972654360114,0.2284327469582489,0.20823048124013283,0.3344051446945337,0.30673747889679415,0.029001692856479987,0.020161146319032017,,,0.32,0.16,0.13,0.63,0.02,0.41,0.08,0.01,0.0,0.196,0.44025157232704404,0.37821554603280877,0.079,,0.01,,0.0,,False,96.0,99.0,96.0,88.0,93.0,91.0,91.0,92.0,94.0,high,high,high,high,high,high,high,high,high,2026-08-15
hitter,DET,CWS,Corey Julks,667452,9.0,RF,Confirmed,1.46,,,,,0.5,0.06,,,,,0.5682618605654071,0.43414076007531915,0.09094811669398903,0.03530166506703427,0.2543859649122807,0.1486741676704939,0.036552853067983365,0.015604162992249537,,,0.2,0.12,0.09,0.44,0.03,0.34,0.07,0.01,0.0,0.259,0.44025157232704404,0.2583666605695409,0.072,,0.007,,0.0,,False,96.0,99.0,96.0,88.0,93.0,91.0,91.0,92.0,94.0,high,high,high,high,high,high,high,high,high,2026-08-15
hitter,CWS,DET,Sam Antonacci,803011,1.0,LF,Confirmed,3.96,,,,,0.4,0.23,,,,,0.43009104830024136,0.3750882402028343,0.24427423620295186,0.21117244230344515,1.1391752577319587,1.0119918050163343,0.2203454230766671,0.19244972759985174,,,1.07,0.27,0.2,1.0,0.21,1.87,0.1,0.01,0.0,0.176,2.057017543859649,1.7090393408577347,0.104,,0.008,,0.0,,False,96.0,99.0,96.0,88.0,93.0,91.0,91.0,92.0,94.0,high,high,high,high,high,high,high,high,high,2026-08-15
hitter,CWS,DET,Munetaka Murakami,808959,2.0,1B,Confirmed,3.96,,,,,0.66,0.41,,,,,0.5232427968141334,0.7879153864759793,0.4026593402657148,0.407520732579177,0.801980198019802,0.7330766003095519,0.05101083874311478,0.07843118206685844,,,0.76,0.29,0.17,0.88,0.06,1.11,0.09,0.01,0.0,0.209,1.1521739130434783,1.0766796666639593,0.095,,0.008,,0.0,,False,96.0,99.0,96.0,88.0,93.0,91.0,91.0,92.0,94.0,high,high,high,high,high,high,high,high,high,2026-08-15
hitter,CWS,DET,Miguel Vargas,678246,3.0,3B,Confirmed,4.04,,,,,0.46,0.35,,,,,0.49846534815614196,0.4235634867942666,0.36068400404955014,0.34670042502539583,1.0980834272829765,1.019774998462785,0.42706922170478856,0.4364828744022267,,,1.06,0.28,0.21,0.96,0.43,2.45,0.11,0.01,0.0,0.183,2.456692913385827,2.435862354572992,0.108,,0.007,,0.0,,False,96.0,99.0,96.0,88.0,93.0,91.0,91.0,92.0,94.0,high,high,high,high,high,high,high,high,high,2026-08-15
hitter,CWS,DET,Andrew Benintendi,643217,4.0,DH,Confirmed,3.19,,,,,0.42,0.2,,,,,0.463334393958979,0.3823795300922026,0.2234066341219684,0.17114827603825333,0.801980198019802,0.6786258889654943,0.31790924452571295,0.29162670601462026,,,0.73,0.2,0.15,0.71,0.3,1.79,0.09,0.01,0.0,0.165,1.914285714285714,1.682131642706138,0.094,,0.006,,0.0,,False,96.0,99.0,96.0,88.0,93.0,91.0,91.0,92.0,94.0,high,high,high,high,high,high,high,high,high,2026-08-15
hitter,CWS,DET,Braden Montgomery,695731,5.0,RF,Confirmed,3.49,,,,,0.55,0.25,,,,,0.5235294482419204,0.5670492457078864,0.27783547239992823,0.22422689942742297,1.0980834272829765,0.8213262140742252,0.2932486499795926,0.2524400754576722,,,0.95,0.23,0.18,0.82,0.27,1.87,0.09,0.01,0.0,0.172,2.057017543859649,1.7200145263105175,0.09,,0.007,,0.0,,False,96.0,99.0,96.0,88.0,93.0,91.0,91.0,92.0,94.0,high,high,high,high,high,high,high,high,high,2026-08-15
hitter,CWS,DET,Colson Montgomery,695657,6.0,SS,Confirmed,3.74,,,,,0.73,0.29,,,,,0.6664531773054162,0.7980732318251456,0.3048498869697416,0.2694597085616358,0.994208494208494,0.8357384473606655,0.5443566972697682,0.4703757508917036,,,0.91,0.2,0.18,0.73,0.51,2.35,0.08,0.01,0.0,0.159,2.456692913385827,2.2595545326844224,0.076,,0.006,,0.0,,False,96.0,99.0,96.0,88.0,93.0,91.0,91.0,92.0,94.0,high,high,high,high,high,high,high,high,high,2026-08-15
hitter,CWS,DET,Chase Meidroth,805367,7.0,2B,Confirmed,3.49,,,,,0.45,0.22,,,,,0.4949572957957564,0.4089462091862988,0.24529685789465466,0.19691364662185637,1.0980834272829765,0.8489709909625942,0.1665864323621297,0.136726688629713,,,0.96,0.19,0.15,0.75,0.15,1.64,0.09,0.01,0.0,0.164,1.914285714285714,1.4168827608549472,0.092,,0.007,,0.0,,False,96.0,99.0,96.0,88.0,93.0,91.0,91.0,92.0,94.0,high,high,high,high,high,high,high,high,high,2026-08-15
hitter,CWS,DET,Tristan Peters,671976,8.0,LF,Confirmed,3.1,,,,,0.37,0.17,,,,,0.39894096898020115,0.3471289994531991,0.19193976859430797,0.14327048278649537,0.8770949720670391,0.6415643200939788,0.13258837105347532,0.14834593207689487,,,0.75,0.18,0.15,0.74,0.14,1.23,0.09,0.01,0.0,0.174,1.3893129770992367,1.094364325800961,0.094,,0.007,,0.0,,False,96.0,99.0,96.0,88.0,93.0,91.0,91.0,92.0,94.0,high,high,high,high,high,high,high,high,high,2026-08-15
hitter,CWS,DET,Jake Rogers,668670,9.0,C,Confirmed,2.77,,,,,0.83,0.19,,,,,0.8825849897013981,0.7737343831321992,0.21709056944980468,0.15304285288386762,0.707983193277311,0.5276807586369158,0.10813481945990641,0.0797468116668437,,,0.61,0.16,0.13,0.62,0.09,1.04,0.08,0.01,0.0,0.175,1.239368165249089,0.8737117750344946,0.085,,0.007,,0.0,,False,96.0,99.0,96.0,88.0,93.0,91.0,91.0,92.0,94.0,high,high,high,high,high,high,high,high,high,2026-08-15
hitter,CHC,STL,Pete Crow-Armstrong,691718,1.0,CF,Confirmed,4.18,,,,,0.89,0.43,,,,,0.8980878428387763,0.8881985572063621,0.39887076995880877,0.45801855634955707,0.801980198019802,0.8251240975551933,0.06697074609974604,0.04805359272826958,,,0.81,0.44,0.36,1.5,0.06,1.34,0.14,0.01,0.0,0.259,1.3148148148148149,1.3543241342377794,0.135,,0.008,,0.0,,False,96.0,99.0,96.0,88.0,93.0,91.0,91.0,92.0,94.0,high,high,high,high,high,high,high,high,high,2026-08-15
hitter,CHC,STL,Seiya Suzuki,673548,2.0,RF,Confirmed,4.18,,,,,0.9,0.55,,,,,0.9019311047186798,0.9059286442687866,0.5855480395524871,0.5210270485219025,0.801980198019802,0.7864878799320447,0.05470545184032194,0.0467316234691992,,,0.79,0.46,0.36,1.53,0.05,1.21,0.1,0.01,0.0,0.273,1.239368165249089,1.183086734954996,0.105,,0.008,,0.0,,False,96.0,99.0,96.0,88.0,93.0,91.0,91.0,92.0,94.0,high,high,high,high,high,high,high,high,high,2026-08-15
hitter,CHC,STL,Michael Busch,683737,3.0,1B,Confirmed,4.18,,,,,0.91,0.59,,,,,0.9088714842062025,0.9085168902383601,0.628353771132831,0.543109803387591,0.7715355805243446,0.8009863929413538,0.0507064702869766,0.03495231755083242,,,0.79,0.44,0.37,1.46,0.04,1.01,0.11,0.01,0.0,0.268,1.001763668430335,1.023449002078408,0.107,,0.007,,0.0,,False,96.0,99.0,96.0,88.0,93.0,91.0,91.0,92.0,94.0,high,high,high,high,high,high,high,high,high,2026-08-15
hitter,CHC,STL,Alex Bregman,608324,4.0,3B,Confirmed,4.04,,,,,0.51,0.54,,,,,0.546545793298506,0.47141470849261596,0.564739440254372,0.517628261568775,0.8694581280788177,0.8241677376253685,0.05027399205630998,0.03516012236041454,,,0.84,0.45,0.39,1.55,0.04,1.16,0.11,0.01,0.0,0.284,1.239368165249089,1.0940254912886522,0.113,,0.007,,0.0,,False,96.0,99.0,96.0,88.0,93.0,91.0,91.0,92.0,94.0,high,high,high,high,high,high,high,high,high,2026-08-15
hitter,CHC,STL,Ian Happ,664023,5.0,LF,Confirmed,4.08,,,,,0.89,0.58,,,,,0.8896883720380254,0.8906588934767393,0.6175386449232881,0.5435284108042646,0.7715355805243446,0.7341038279027096,0.06596979649146359,0.04224348584578868,,,0.75,0.44,0.39,1.51,0.05,1.19,0.11,0.01,0.0,0.265,1.239368165249089,1.1500632370682233,0.109,,0.007,,0.0,,False,96.0,99.0,96.0,88.0,93.0,91.0,91.0,92.0,94.0,high,high,high,high,high,high,high,high,high,2026-08-15
hitter,CHC,STL,Nico Hoerner,663538,6.0,SS,Confirmed,4.18,,,,,0.29,0.28,,,,,0.2652586382059783,0.31113306380281913,0.2783839672145789,0.2818288354606926,1.0980834272829765,0.9840727190225811,0.03117830424782777,0.019872069571279596,,,1.04,0.35,0.36,1.51,0.03,1.18,0.14,0.01,0.0,0.24,1.239368165249089,1.1318592438461108,0.145,,0.01,,0.0,,False,96.0,99.0,96.0,88.0,93.0,91.0,91.0,92.0,94.0,high,high,high,high,high,high,high,high,high,2026-08-15
hitter,CHC,STL,Pedro Ramírez,699393,7.0,2B,Confirmed,2.77,,,,,0.45,0.17,,,,,0.42270872670333726,0.46741513367706866,0.20175922100325092,0.14496661566099717,0.4803149606299212,0.4008522957463371,0.025385981443587707,0.020436336135090806,,,0.44,0.2,0.18,0.79,0.02,0.6,0.09,0.01,0.0,0.21,0.6720588235294118,0.5480278365581541,0.093,,0.008,,0.0,,False,96.0,99.0,96.0,88.0,93.0,91.0,91.0,92.0,94.0,high,high,high,high,high,high,high,high,high,2026-08-15
hitter,CHC,STL,Michael Conforto,624424,8.0,DH,Confirmed,3.02,,,,,0.99,0.3,,,,,0.9768557324625126,1.0095440789562473,0.2879358245628806,0.3079624016615095,0.35424354243542433,0.33064811332904764,0.031483566130739465,0.02012779667964347,,,0.34,0.2,0.18,0.74,0.03,0.52,0.07,0.01,0.0,0.197,0.5302013422818792,0.5077366619568112,0.073,,0.007,,0.0,,False,96.0,99.0,96.0,88.0,93.0,91.0,91.0,92.0,94.0,high,high,high,high,high,high,high,high,high,2026-08-15
hitter,CHC,STL,Miguel Amaya,665804,9.0,C,Confirmed,3.1,,,,,0.84,0.27,,,,,0.8170612719913087,0.865783347271638,0.29423736298243997,0.25277739035228247,0.5290322580645161,0.4211474030613192,0.028383734917967952,0.018924120055975092,,,0.47,0.21,0.18,0.8,0.02,0.65,0.1,0.01,0.0,0.199,0.6720588235294118,0.6290840949794888,0.096,,0.006,,0.0,,False,96.0,99.0,96.0,88.0,93.0,91.0,91.0,92.0,94.0,high,high,high,high,high,high,high,high,high,2026-08-15
hitter,STL,CHC,JJ Wetherholt,802139,1.0,2B,Confirmed,4.57,,,,,0.45,0.39,,,,,0.4734475845500544,0.42070044893798775,0.39911987973751384,0.38869355147188284,0.994208494208494,0.8966642717067906,0.029302721321989945,0.026427970291187448,,,0.94,0.63,0.54,2.31,0.03,1.21,0.21,0.01,0.0,0.326,1.239368165249089,1.194143946932912,0.214,,0.008,,0.0,,False,96.0,99.0,96.0,88.0,93.0,91.0,91.0,92.0,94.0,high,high,high,high,high,high,high,high,high,2026-08-15
hitter,STL,CHC,Iván Herrera,671056,2.0,DH,Confirmed,4.51,,,,,0.5,0.39,,,,,0.48927682423342045,0.5110099009825476,0.3687627198292768,0.4036749523470643,0.994208494208494,0.9364684066955523,0.035719582592183274,0.03236394341375003,,,0.96,0.64,0.56,2.3,0.03,1.28,0.19,0.01,0.0,0.334,1.239368165249089,1.3122480217872319,0.189,,0.007,,0.0,,False,96.0,99.0,96.0,88.0,93.0,91.0,91.0,92.0,94.0,high,high,high,high,high,high,high,high,high,2026-08-15
hitter,STL,CHC,Jordan Walker,691023,3.0,RF,Confirmed,4.45,,,,,0.77,0.37,,,,,0.6823728048614944,0.8589520072191514,0.3613246897925838,0.38610255932834353,0.8949771689497716,0.9151972247717846,0.04164995723734786,0.03825193328084018,,,0.91,0.62,0.62,2.34,0.04,1.24,0.21,0.01,0.0,0.33,1.239368165249089,1.2492292840185415,0.214,,0.01,,0.0,,False,96.0,99.0,96.0,88.0,93.0,91.0,91.0,92.0,94.0,high,high,high,high,high,high,high,high,high,2026-08-15
hitter,STL,CHC,Alec Burleson,676475,4.0,1B,Confirmed,4.25,,,,,0.41,0.28,,,,,0.4446526361535955,0.3788531790451367,0.277043460487413,0.27630666514019564,0.8694581280788177,0.8777282048023012,0.03285745428563588,0.007209473042585574,,,0.87,0.65,0.65,2.44,0.02,1.19,0.22,0.01,0.0,0.359,1.239368165249089,1.1406594366368,0.221,,0.007,,0.0,,False,96.0,99.0,96.0,88.0,93.0,91.0,91.0,92.0,94.0,high,high,high,high,high,high,high,high,high,2026-08-15
hitter,STL,CHC,Joshua Báez,695491,5.0,LF,Confirmed,2.26,,,,,0.53,0.22,,,,,0.5332791513659405,0.5294395824449858,0.2518187920920769,0.18055583914059478,0.3344051446945337,0.21806418509073247,0.025218650399458673,0.016720391356792187,,,0.27,0.29,0.28,1.09,0.02,0.4,0.1,0.01,0.0,0.304,0.44025157232704404,0.3747091044261369,0.102,,0.007,,0.0,,False,96.0,99.0,96.0,88.0,93.0,91.0,91.0,92.0,94.0,high,high,high,high,high,high,high,high,high,2026-08-15
hitter,STL,CHC,Masyn Winn,691026,6.0,SS,Confirmed,4.25,,,,,0.47,0.26,,,,,0.47153322145520493,0.4604286925105405,0.2687088059713234,0.25868204652944776,0.8949771689497716,0.9247994584070758,0.035356665675017586,0.0372239602328602,,,0.91,0.51,0.56,2.16,0.04,1.3,0.17,0.01,0.0,0.319,1.3148148148148149,1.288452161302325,0.166,,0.009,,0.0,,False,96.0,99.0,96.0,88.0,93.0,91.0,91.0,92.0,94.0,high,high,high,high,high,high,high,high,high,2026-08-15
hitter,STL,CHC,Blaze Jordan,691458,7.0,3B,Confirmed,2.77,,,,,0.34,0.14,,,,,0.3441407186885693,0.3401296214663556,0.15651081247787144,0.12414295387477661,0.5290322580645161,0.4584173322511425,0.020795872933516528,0.014516721331667365,,,0.49,0.31,0.3,1.3,0.02,0.64,0.11,0.01,0.0,0.303,0.6720588235294118,0.6170786836077821,0.112,,0.01,,0.0,,False,96.0,99.0,96.0,88.0,93.0,91.0,91.0,92.0,94.0,high,high,high,high,high,high,high,high,high,2026-08-15
hitter,STL,CHC,Everson Pereira,677592,8.0,CF,Confirmed,3.96,,,,,1.43,0.22,,,,,1.3508328264004508,1.5029523878575088,0.21848455986690415,0.217547214330506,0.994208494208494,0.9086147662724025,0.09160194209808364,0.1088119887019738,,,0.95,0.46,0.45,1.91,0.1,1.53,0.18,0.01,0.0,0.319,1.5956790123456794,1.485156697245283,0.179,,0.011,,0.0,,False,96.0,99.0,96.0,88.0,93.0,91.0,91.0,92.0,94.0,high,high,high,high,high,high,high,high,high,2026-08-15
hitter,STL,CHC,Pedro Pagés,686780,9.0,C,Confirmed,3.74,,,,,0.64,0.23,,,,,0.5733416717067626,0.7132832326969428,0.216988797376087,0.2436703172117891,0.801980198019802,0.7777746939435446,0.031561695390422695,0.04918945612598839,,,0.79,0.47,0.46,1.92,0.04,1.11,0.14,0.01,0.0,0.333,1.1521739130434783,1.0792045262468548,0.142,,0.009,,0.0,,False,96.0,99.0,96.0,88.0,93.0,91.0,91.0,92.0,94.0,high,high,high,high,high,high,high,high,high,2026-08-15
hitter,TOR,NYY,Brett Bateman,703520,1.0,CF,Confirmed,3.33,,,,,0.82,0.06,,,,,0.819,,0.063,,0.413,,0.019,,,,0.41,0.19,0.15,0.75,0.02,0.63,0.09,0.01,0.0,0.14,0.629,,0.089,,0.007,,0.0,,True,40.0,44.0,40.0,32.0,37.0,35.0,35.0,36.0,38.0,low,low,low,low,low,low,low,low,low,2026-08-15
hitter,TOR,NYY,Nathan Lukes,664770,2.0,RF,Confirmed,3.48,,,,,0.43,0.19,,,,,0.42555797588192457,0.42712630319211486,0.19184937321082657,0.1927456403272014,0.4125159642401022,0.4577545684122238,0.0692591916487594,0.05099121351811137,,,0.44,0.22,0.17,0.88,0.06,0.7,0.14,0.01,0.0,0.16,0.6720588235294118,0.7240283854197772,0.136,,0.007,,0.0,,False,96.0,99.0,96.0,88.0,93.0,91.0,91.0,92.0,94.0,high,high,high,high,high,high,high,high,high,2026-08-15
hitter,TOR,NYY,Alejandro Kirk,672386,3.0,DH,Confirmed,3.49,,,,,0.43,0.24,,,,,0.4559017369807119,0.4112942276808396,0.23981311658980192,0.23713655280604237,0.4125159642401022,0.45518692680178274,0.09023937178736072,0.09245176788251996,,,0.44,0.24,0.21,0.98,0.09,0.8,0.1,0.01,0.0,0.168,0.7899761336515513,0.8029697451673139,0.105,,0.006,,0.0,,False,96.0,99.0,96.0,88.0,93.0,91.0,91.0,92.0,94.0,high,high,high,high,high,high,high,high,high,2026-08-15
hitter,TOR,NYY,Jesús Sánchez,660821,4.0,LF,Confirmed,3.1,,,,,1.04,0.12,,,,,1.0091749192499342,1.0698085740634355,0.11618655338649972,0.12110857400483427,0.5846774193548387,0.5091233911691789,0.0242200114348168,0.021807830844282162,,,0.54,0.19,0.17,0.77,0.02,0.73,0.09,0.01,0.0,0.153,0.7899761336515513,0.6865863470498328,0.093,,0.007,,0.0,,False,96.0,99.0,96.0,88.0,93.0,91.0,91.0,92.0,94.0,high,high,high,high,high,high,high,high,high,2026-08-15
hitter,TOR,NYY,Kazuma Okamoto,672960,5.0,3B,Confirmed,3.49,,,,,0.9,0.23,,,,,0.9018954954514103,0.907309285767915,0.22618682935573403,0.24283384859458643,0.4125159642401022,0.4013625681993301,0.13424556334644364,0.14784797316463577,,,0.41,0.19,0.17,0.78,0.14,0.96,0.1,0.01,0.0,0.14,0.9875776397515532,0.940118568394764,0.102,,0.007,,0.0,,False,96.0,99.0,96.0,88.0,93.0,91.0,91.0,92.0,94.0,high,high,high,high,high,high,high,high,high,2026-08-15
hitter,TOR,NYY,Andrés Giménez,665926,6.0,SS,Confirmed,3.09,,,,,0.54,0.17,,,,,0.5549362507018375,0.5163252165622796,0.17608251682018322,0.1627950561435275,0.35424354243542433,0.4131019834155599,0.054509998572372265,0.053798429130221266,,,0.39,0.17,0.17,0.75,0.05,0.67,0.11,0.01,0.0,0.155,0.6720588235294118,0.6705252158725464,0.106,,0.007,,0.0,,False,96.0,99.0,96.0,88.0,93.0,91.0,91.0,92.0,94.0,high,high,high,high,high,high,high,high,high,2026-08-15
hitter,TOR,NYY,Brandon Valenzuela,678218,7.0,C,Confirmed,2.77,,,,,0.74,0.25,,,,,0.714907678440683,0.7562791541064655,0.28331841895539833,0.22654673137097334,0.2543859649122807,0.2070875127534549,0.019021441996806516,0.015184471885403726,,,0.23,0.14,0.12,0.59,0.02,0.34,0.08,0.01,0.0,0.141,0.3888888888888889,0.29946173774530377,0.075,,0.006,,0.0,,False,96.0,99.0,96.0,88.0,93.0,91.0,91.0,92.0,94.0,high,high,high,high,high,high,high,high,high,2026-08-15
hitter,TOR,NYY,Josh Smith,669701,8.0,2B,Confirmed,3.1,,,,,0.51,0.28,,,,,0.5430636385870437,0.4785480416784207,0.29447472813137976,0.26882864534929707,0.6506024096385542,0.5138112596952605,0.07147540057664209,0.0609300707183131,,,0.58,0.17,0.15,0.73,0.07,0.92,0.09,0.01,0.0,0.156,1.001763668430335,0.8463716243190377,0.089,,0.006,,0.0,,False,96.0,99.0,96.0,88.0,93.0,91.0,91.0,92.0,94.0,high,high,high,high,high,high,high,high,high,2026-08-15
hitter,TOR,NYY,Charles McAdoo,807727,9.0,1B,Confirmed,2.77,,,,,0.62,0.08,,,,,0.6074407505859852,0.641988345680293,0.0977548581632186,0.07021345737026796,0.4125159642401022,0.40781415840562607,0.0959445995704743,0.07020270712363066,,,0.41,0.15,0.13,0.63,0.08,0.75,0.09,0.01,0.0,0.153,0.8408408408408409,0.6764628725664126,0.09,,0.006,,0.0,,False,96.0,99.0,96.0,88.0,93.0,91.0,91.0,92.0,94.0,high,high,high,high,high,high,high,high,high,2026-08-15
hitter,NYY,TOR,Trent Grisham,663757,1.0,CF,Confirmed,4.18,,,,,1.64,0.66,,,,,1.616781242010725,1.6551986016779203,0.6631051592478482,0.6557313043581907,0.5290322580645161,0.48990921364967965,0.25938560717049813,0.24874989617433288,,,0.51,0.53,0.35,1.59,0.25,1.24,0.13,0.01,0.0,0.341,1.239368165249089,1.2389902633514949,0.133,,0.007,,0.0,,False,96.0,99.0,96.0,88.0,93.0,91.0,91.0,92.0,94.0,high,high,high,high,high,high,high,high,high,2026-08-15
hitter,NYY,TOR,Ben Rice,700250,2.0,DH,Confirmed,4.25,,,,,1.6,0.44,,,,,1.577745995077189,1.6295609753008407,0.4435888451646882,0.4389857062053252,0.5290322580645161,0.5410923757113298,0.21576333385923085,0.21029441724198528,,,0.54,0.51,0.36,1.64,0.21,1.24,0.15,0.01,0.0,0.312,1.239368165249089,1.2457344026740682,0.15,,0.01,,0.0,,False,96.0,99.0,96.0,88.0,93.0,91.0,91.0,92.0,94.0,high,high,high,high,high,high,high,high,high,2026-08-15
hitter,NYY,TOR,Heliot Ramos,671218,3.0,LF,Confirmed,4.61,,,,,1.34,0.61,,,,,1.2737402226787475,1.4099661330471889,0.5992759516844611,0.6187709997162625,0.8949771689497716,0.9914751703004012,0.05423640775692142,0.05780733018272345,,,0.95,0.65,0.55,2.3,0.06,1.3,0.16,0.01,0.0,0.35,1.3148148148148149,1.2944758424528762,0.159,,0.008,,0.0,,False,96.0,99.0,96.0,88.0,93.0,91.0,91.0,92.0,94.0,high,high,high,high,high,high,high,high,high,2026-08-15
hitter,NYY,TOR,Luis García Jr.,671277,4.0,1B,Confirmed,3.96,,,,,0.51,0.27,,,,,0.5309060253848354,0.48901107866566534,0.29020883723231006,0.25048692899842145,1.0980834272829765,0.9820322149088356,0.22599190680624992,0.23462841788139413,,,1.03,0.44,0.37,1.52,0.23,2.0,0.14,0.01,0.0,0.29,2.057017543859649,1.9524333308151116,0.142,,0.008,,0.0,,False,96.0,99.0,96.0,88.0,93.0,91.0,91.0,92.0,94.0,high,high,high,high,high,high,high,high,high,2026-08-15
hitter,NYY,TOR,Spencer Jones,682987,5.0,RF,Confirmed,3.02,,,,,1.25,0.15,,,,,1.2607855585512246,1.2397139865688498,0.1719247559898921,0.13379745522442638,0.2543859649122807,0.2287025527048346,0.027244055525253812,0.008717356982279665,,,0.24,0.28,0.21,0.9,0.02,0.37,0.09,0.01,0.0,0.251,0.44025157232704404,0.30546474728581835,0.093,,0.008,,0.0,,False,96.0,99.0,96.0,88.0,93.0,91.0,91.0,92.0,94.0,high,high,high,high,high,high,high,high,high,2026-08-15
hitter,NYY,TOR,Jazz Chisholm Jr.,665862,6.0,2B,Confirmed,3.48,,,,,1.66,0.38,,,,,1.719685423057715,1.6085525763383157,0.3931921090090801,0.36573625914098173,0.35424354243542433,0.3399989601379002,0.21746075853558797,0.20498459087600768,,,0.35,0.31,0.26,0.99,0.21,0.93,0.1,0.01,0.0,0.284,0.9875776397515532,0.8821749990894332,0.103,,0.007,,0.0,,False,96.0,99.0,96.0,88.0,93.0,91.0,91.0,92.0,94.0,high,high,high,high,high,high,high,high,high,2026-08-15
hitter,NYY,TOR,George Lombard Jr.,806146,7.0,SS,Confirmed,1.84,,,,,0.69,0.15,,,,,0.6832488182261729,0.6932617459439738,0.18332411130114082,0.11860493332155743,0.2543859649122807,0.14600856619076844,0.01669330525891556,0.011706542117552524,,,0.19,0.16,0.13,0.62,0.01,0.27,0.06,0.01,0.0,0.254,0.28125,0.25871905229873526,0.059,,0.007,,0.0,,False,96.0,99.0,96.0,88.0,93.0,91.0,91.0,92.0,94.0,high,high,high,high,high,high,high,high,high,2026-08-15
hitter,NYY,TOR,Ryan McMahon,641857,8.0,3B,Confirmed,3.33,,,,,1.64,0.38,,,,,1.6895182166414762,1.5969014445307823,0.4076644658312619,0.3507015291615181,0.35424354243542433,0.33601051570417007,0.16743420320419072,0.15174350313120918,,,0.34,0.38,0.29,1.32,0.16,0.85,0.11,0.01,0.0,0.343,0.8408408408408409,0.8526127585316258,0.11,,0.007,,0.0,,False,96.0,99.0,96.0,88.0,93.0,91.0,91.0,92.0,94.0,high,high,high,high,high,high,high,high,high,2026-08-15
hitter,NYY,TOR,Austin Wells,669224,9.0,C,Confirmed,2.77,,,,,1.37,0.21,,,,,1.456333500650508,1.292845192990714,0.21571094339191682,0.20783414595565025,0.35424354243542433,0.29675820030404293,0.1371852457381095,0.12309164883055924,,,0.32,0.26,0.2,0.87,0.13,0.73,0.09,0.01,0.0,0.286,0.6720588235294118,0.7697079834415447,0.091,,0.007,,0.0,,False,96.0,99.0,96.0,88.0,93.0,91.0,91.0,92.0,94.0,high,high,high,high,high,high,high,high,high,2026-08-15
hitter,SF,COL,Drew Gilbert,687551,1.0,CF,Confirmed,3.74,,,,,0.9,0.28,,,,,0.8176700571648926,0.990318034712852,0.26695429368614176,0.29642301147001826,0.801980198019802,0.7209278291632284,0.19088126229684158,0.20165918432223018,,,0.76,0.39,0.25,1.35,0.2,1.65,0.12,0.01,0.0,0.279,1.684375,1.617406582152237,0.121,,0.009,,0.0,,False,96.0,99.0,96.0,88.0,93.0,91.0,91.0,92.0,94.0,high,high,high,high,high,high,high,high,high,2026-08-15
hitter,SF,COL,Rafael Devers,646240,2.0,DH,Confirmed,4.68,,,,,1.57,1.07,,,,,1.5287500553504645,1.6109476608932911,1.1038050538782367,1.0442110085548875,0.7715355805243446,0.8119322342624902,0.05635932900611582,0.054877012579231506,,,0.79,0.59,0.34,1.73,0.06,1.14,0.16,0.01,0.0,0.352,1.1521739130434783,1.1293896961382872,0.158,,0.009,,0.0,,False,96.0,99.0,96.0,88.0,93.0,91.0,91.0,92.0,94.0,high,high,high,high,high,high,high,high,high,2026-08-15
hitter,SF,COL,Bryce Eldridge,805811,3.0,1B,Confirmed,4.74,,,,,1.51,0.82,,,,,1.4667986898006609,1.558202078700671,0.7619144661374706,0.8823740763971849,0.8694581280788177,0.8935156631644053,0.05641714813916495,0.08497524843948968,,,0.88,0.56,0.39,1.82,0.07,1.32,0.19,0.01,0.0,0.325,1.239368165249089,1.3927609854327314,0.192,,0.013,,0.0,,False,96.0,99.0,96.0,88.0,93.0,91.0,91.0,92.0,94.0,high,high,high,high,high,high,high,high,high,2026-08-15
hitter,SF,COL,Jung Hoo Lee,808982,4.0,RF,Confirmed,4.26,,,,,0.64,0.41,,,,,0.5819335341101756,0.6913095225105198,0.4043835048985457,0.4186902063144983,0.8770949720670391,0.9230968369840749,0.024704185758641382,0.014164634731013717,,,0.9,0.47,0.35,1.72,0.02,1.12,0.15,0.03,0.0,0.297,1.1521739130434783,1.1011816707106672,0.152,,0.034,,0.0,,False,96.0,99.0,96.0,88.0,93.0,91.0,91.0,92.0,94.0,high,high,high,high,high,high,high,high,high,2026-08-15
hitter,SF,COL,Osleivis Basabe,678545,5.0,2B,Confirmed,3.96,,,,,0.5,0.48,,,,,0.497,,0.483,,0.706,,0.035,,,,0.71,0.39,0.29,1.39,0.04,0.99,0.13,0.01,0.0,0.265,0.988,,0.128,,0.01,,0.0,,True,40.0,44.0,40.0,32.0,37.0,35.0,35.0,36.0,38.0,low,low,low,low,low,low,low,low,low,2026-08-15
hitter,SF,COL,Drew Cavanaugh,701852,6.0,C,Confirmed,3.48,,,,,0.86,0.24,,,,,0.7913628699308016,0.9343410823712348,0.24646009135675498,0.22630467064621276,0.7061469265367316,0.6508123119318963,0.18039214687493021,0.19524641491438186,,,0.68,0.31,0.25,1.14,0.19,1.34,0.11,0.01,0.0,0.276,1.3148148148148149,1.3557208769510467,0.113,,0.009,,0.0,,False,96.0,99.0,96.0,88.0,93.0,91.0,91.0,92.0,94.0,high,high,high,high,high,high,high,high,high,2026-08-15
hitter,SF,COL,Turner Hill,806367,7.0,LF,Confirmed,1.64,,,,,0.64,0.1,,,,,0.6872063344395609,0.5894022697851444,0.12534319216913575,0.0664468574753377,0.23838875892988157,0.1278154196691097,0.04690136068591873,0.04249109051082295,,,0.18,0.13,0.1,0.48,0.04,0.31,0.06,0.01,0.0,0.251,0.3888888888888889,0.24316908051729383,0.064,,0.007,,0.0,,False,96.0,99.0,96.0,88.0,93.0,91.0,91.0,92.0,94.0,high,high,high,high,high,high,high,high,high,2026-08-15
hitter,SF,COL,Buddy Kennedy,671083,8.0,3B,Confirmed,2.55,,,,,0.63,0.17,,,,,0.607835181935026,0.6535836918157629,0.20715880717903387,0.13582755183024794,0.4803149606299212,0.3766455679208255,0.08235665576176168,0.08143058351076936,,,0.42,0.18,0.13,0.66,0.08,0.74,0.09,0.01,0.0,0.223,0.8408408408408409,0.6505190681419225,0.095,,0.007,,0.0,,False,96.0,99.0,96.0,88.0,93.0,91.0,91.0,92.0,94.0,high,high,high,high,high,high,high,high,high,2026-08-15
hitter,SF,COL,Christian Koss,683766,9.0,SS,Confirmed,3.1,,,,,0.98,0.05,,,,,0.8938779514976467,1.072989376786446,0.07218552241410447,0.028112548835199598,0.6434108527131783,0.5369997065542489,0.051522618130920794,0.03205322085227093,,,0.58,0.25,0.19,0.96,0.04,0.93,0.11,0.01,0.0,0.243,1.001763668430335,0.8636920978568216,0.109,,0.007,,0.0,,False,96.0,99.0,96.0,88.0,93.0,91.0,91.0,92.0,94.0,high,high,high,high,high,high,high,high,high,2026-08-15
hitter,COL,SF,Jake McCarthy,664983,1.0,LF,Confirmed,4.74,,,,,0.56,0.22,,,,,0.5474836309525255,0.5769213451870296,0.218246238075189,0.21713286059164238,0.994208494208494,1.0771941502029865,0.08313842905203428,0.09065855346625606,,,1.04,0.78,0.63,3.02,0.09,1.54,0.3,0.04,0.0,0.403,1.3893129770992367,1.6637315300455926,0.303,,0.036,,0.0,,False,96.0,99.0,96.0,88.0,93.0,91.0,91.0,92.0,94.0,high,high,high,high,high,high,high,high,high,2026-08-15
hitter,COL,SF,Cole Carrigg,694249,2.0,CF,Confirmed,3.89,,,,,0.71,0.3,,,,,0.606284052408713,0.8213343764265211,0.3058675488365936,0.2973428332276511,0.7061469265367316,0.6975584151595147,0.08262533355874002,0.0953424071467939,,,0.7,0.59,0.47,2.16,0.09,1.24,0.21,0.01,0.0,0.38,1.239368165249089,1.2468550416002364,0.208,,0.015,,0.0,,False,96.0,99.0,96.0,88.0,93.0,91.0,91.0,92.0,94.0,high,high,high,high,high,high,high,high,high,2026-08-15
hitter,COL,SF,Mickey Moniak,666160,3.0,DH,Confirmed,3.96,,,,,0.73,0.21,,,,,0.6551943648599535,0.8141910710758535,0.2122825270135639,0.209540424561594,0.801980198019802,0.7816249744720992,0.15717625823040626,0.14001895919757354,,,0.79,0.8,0.77,3.07,0.15,1.37,0.29,0.01,0.0,0.483,1.3893129770992367,1.3509214038296649,0.293,,0.014,,0.0,,False,96.0,99.0,96.0,88.0,93.0,91.0,91.0,92.0,94.0,high,high,high,high,high,high,high,high,high,2026-08-15
hitter,COL,SF,TJ Rumfield,681198,4.0,1B,Confirmed,3.81,,,,,0.45,0.27,,,,,0.41349420991974795,0.48208983648481174,0.26380902885171575,0.2805816024227695,0.7061469265367316,0.6815064208392436,0.04548898721965443,0.06263855379545862,,,0.69,0.55,0.48,2.13,0.05,1.07,0.17,0.01,0.0,0.358,1.1238670694864048,1.023610017600454,0.174,,0.012,,0.0,,False,96.0,99.0,96.0,88.0,93.0,91.0,91.0,92.0,94.0,high,high,high,high,high,high,high,high,high,2026-08-15
hitter,COL,SF,Willi Castro,650489,5.0,3B,Confirmed,4.64,,,,,0.81,0.31,,,,,0.7038407498008448,0.9231073401608888,0.3147167888603426,0.2996506689417515,0.801980198019802,0.8737056514975882,0.11833214401817935,0.12881157154778974,,,0.84,0.78,0.71,2.98,0.12,1.47,0.2,0.01,0.0,0.407,1.3893129770992367,1.5444901963008233,0.203,,0.012,,0.0,,False,96.0,99.0,96.0,88.0,93.0,91.0,91.0,92.0,94.0,high,high,high,high,high,high,high,high,high,2026-08-15
hitter,COL,SF,Zac Veen,691728,6.0,RF,Confirmed,4.51,,,,,1.74,0.17,,,,,1.520079167033058,1.9534128039116962,0.12790749520487327,0.20507270218095122,0.6434108527131783,0.7155781317365372,0.30048785340885553,0.2326749510533331,,,0.68,0.61,0.65,2.43,0.27,1.34,0.27,0.01,0.0,0.375,1.239368165249089,1.4295673799841844,0.266,,0.011,,0.0,,False,96.0,99.0,96.0,88.0,93.0,91.0,91.0,92.0,94.0,high,high,high,high,high,high,high,high,high,2026-08-15
hitter,COL,SF,Connor Norby,681393,7.0,2B,Confirmed,3.33,,,,,0.75,0.15,,,,,0.750385108904138,0.744387527698762,0.1393588698067301,0.1514635247201074,0.801980198019802,0.7039097413878911,0.1150555982938116,0.13569127549867938,,,0.75,0.49,0.45,2.04,0.13,1.29,0.2,0.01,0.0,0.414,1.3893129770992367,1.2121880583666809,0.202,,0.008,,0.0,,False,96.0,99.0,96.0,88.0,93.0,91.0,91.0,92.0,94.0,high,high,high,high,high,high,high,high,high,2026-08-15
hitter,COL,SF,Brett Sullivan,664954,8.0,C,Confirmed,3.33,,,,,0.78,0.11,,,,,0.7669572556536728,0.8005967617548496,0.10065339010829687,0.11903224343570466,0.8770949720670391,0.7884313532021996,0.03328643339956989,0.03027610645249364,,,0.83,0.49,0.46,2.05,0.03,1.09,0.21,0.01,0.0,0.414,1.1521739130434783,1.0349407635289785,0.209,,0.012,,0.0,,False,96.0,99.0,96.0,88.0,93.0,91.0,91.0,92.0,94.0,high,high,high,high,high,high,high,high,high,2026-08-15
hitter,COL,SF,Ezequiel Tovar,678662,9.0,SS,Confirmed,4.45,,,,,0.76,0.24,,,,,0.6700865920594863,0.8566430068495907,0.23724151363380933,0.24023050246328187,0.7715355805243446,0.8560932197445087,0.12634643744133123,0.1319094894967185,,,0.82,0.67,0.63,2.8,0.13,1.42,0.3,0.01,0.0,0.416,1.3148148148148149,1.4999043664232519,0.299,,0.014,,0.0,,False,96.0,99.0,96.0,88.0,93.0,91.0,91.0,92.0,94.0,high,high,high,high,high,high,high,high,high,2026-08-15
hitter,NYM,WSH,A.J. Ewing,805999,1.0,CF,Confirmed,4.08,,,,,1.03,0.45,,,,,0.9562971250684403,1.1049884401867323,0.4711156081698248,0.4222563305246522,0.6506024096385542,0.598702140462959,0.11852290969630438,0.13801839137040484,,,0.62,0.45,0.29,1.51,0.13,1.12,0.13,0.01,0.0,0.294,1.1238670694864048,1.1101293487889285,0.128,,0.01,,0.0,,False,96.0,99.0,96.0,88.0,93.0,91.0,91.0,92.0,94.0,high,high,high,high,high,high,high,high,high,2026-08-15
hitter,NYM,WSH,Francisco Lindor,596019,2.0,SS,Confirmed,4.25,,,,,0.9,0.44,,,,,0.8975661448571596,0.9002052666619804,0.4362673195004536,0.4337329426083008,0.707983193277311,0.7068859201481783,0.14651007523585458,0.1544246366394511,,,0.71,0.49,0.32,1.68,0.15,1.33,0.15,0.01,0.0,0.307,1.3148148148148149,1.342499624839148,0.152,,0.008,,0.0,,False,96.0,99.0,96.0,88.0,93.0,91.0,91.0,92.0,94.0,high,high,high,high,high,high,high,high,high,2026-08-15
hitter,NYM,WSH,Bo Bichette,666182,3.0,3B,Confirmed,4.57,,,,,0.79,0.34,,,,,0.7936367215910345,0.7842835394689133,0.3297026126540157,0.35163455501273655,0.8694581280788177,0.901591531084779,0.13021729927476663,0.13977562650105826,,,0.89,0.56,0.44,2.09,0.13,1.43,0.25,0.01,0.0,0.318,1.385818393793784,1.470657488203628,0.247,,0.008,,0.0,,False,96.0,99.0,96.0,88.0,93.0,91.0,91.0,92.0,94.0,high,high,high,high,high,high,high,high,high,2026-08-15
hitter,NYM,WSH,Carson Benge,701807,4.0,RF,Confirmed,4.18,,,,,0.98,0.29,,,,,0.9640598183839036,0.996970140113962,0.2856851826168135,0.2968523597524506,0.707983193277311,0.6940457079756672,0.14023126414902218,0.1628171544876642,,,0.7,0.46,0.36,1.69,0.15,1.28,0.17,0.01,0.0,0.285,1.239368165249089,1.3088018958356333,0.165,,0.01,,0.0,,False,96.0,99.0,96.0,88.0,93.0,91.0,91.0,92.0,94.0,high,high,high,high,high,high,high,high,high,2026-08-15
hitter,NYM,WSH,Jared Young,676724,5.0,1B,Confirmed,3.1,,,,,0.91,0.19,,,,,0.8955109632962903,0.9288262577567231,0.20773657526261083,0.1803865642716949,0.4125159642401022,0.3937219227259724,0.12314749884411674,0.12844672554862313,,,0.4,0.3,0.23,1.06,0.13,0.89,0.1,0.01,0.0,0.251,0.9875776397515532,0.8051032262247705,0.105,,0.008,,0.0,,False,96.0,99.0,96.0,88.0,93.0,91.0,91.0,92.0,94.0,high,high,high,high,high,high,high,high,high,2026-08-15
hitter,NYM,WSH,Marcus Semien,543760,6.0,2B,Confirmed,4.18,,,,,0.75,0.28,,,,,0.7285179720185184,0.7743558112263286,0.28482226139827205,0.27592167919982924,0.801980198019802,0.8153595907847178,0.37309099499995213,0.39416238393383984,,,0.81,0.39,0.33,1.49,0.38,2.04,0.14,0.01,0.0,0.284,1.914285714285714,2.142677100569752,0.136,,0.007,,0.0,,False,96.0,99.0,96.0,88.0,93.0,91.0,91.0,92.0,94.0,high,high,high,high,high,high,high,high,high,2026-08-15
hitter,NYM,WSH,Brett Baty,683146,7.0,LF,Confirmed,3.48,,,,,0.98,0.32,,,,,0.9672223783347577,1.0025709743176332,0.3342809283659385,0.30428738287588664,0.4803149606299212,0.45398482612815594,0.12980178123472436,0.12443497459745581,,,0.47,0.3,0.22,1.11,0.13,0.87,0.12,0.01,0.0,0.269,0.8408408408408409,0.8880797354954558,0.118,,0.008,,0.0,,False,96.0,99.0,96.0,88.0,93.0,91.0,91.0,92.0,94.0,high,high,high,high,high,high,high,high,high,2026-08-15
hitter,NYM,WSH,Jorge Polanco,593871,8.0,DH,Confirmed,4.18,,,,,0.86,0.17,,,,,0.8448101584900864,0.8716524673078101,0.1444361262375397,0.18563126959860193,0.6434108527131783,0.6268748680307907,0.10214530626107726,0.13105800857179944,,,0.63,0.4,0.32,1.59,0.12,1.15,0.17,0.01,0.0,0.286,1.1238670694864048,1.1711223302310936,0.173,,0.007,,0.0,,False,96.0,99.0,96.0,88.0,93.0,91.0,91.0,92.0,94.0,high,high,high,high,high,high,high,high,high,2026-08-15
hitter,NYM,WSH,Francisco Alvarez,682626,9.0,C,Confirmed,3.89,,,,,1.13,0.3,,,,,1.0597541701402364,1.1906635432058152,0.30317178836593983,0.3027108460191267,0.5846774193548387,0.5653295974948165,0.14588541245263226,0.15620562468553556,,,0.57,0.35,0.27,1.33,0.15,1.14,0.12,0.01,0.0,0.269,1.1521739130434783,1.1265132746317714,0.118,,0.007,,0.0,,False,96.0,99.0,96.0,88.0,93.0,91.0,91.0,92.0,94.0,high,high,high,high,high,high,high,high,high,2026-08-15
hitter,WSH,NYM,Dylan Crews,686611,1.0,RF,Confirmed,3.96,,,,,0.84,0.3,,,,,0.8384425740610999,0.8350893753880451,0.31348439748437407,0.2895637122295308,1.0980834272829765,1.0598405343300799,0.22156227365731107,0.22963880151794205,,,1.08,0.56,0.47,2.02,0.23,1.95,0.16,0.01,0.0,0.333,2.057017543859649,1.8572011610995613,0.161,,0.009,,0.0,,False,96.0,99.0,96.0,88.0,93.0,91.0,91.0,92.0,94.0,high,high,high,high,high,high,high,high,high,2026-08-15
hitter,WSH,NYM,Andrés Chaparro,665953,2.0,1B,Confirmed,1.84,,,,,0.45,0.22,,,,,0.46736201790088583,0.42362980797221966,0.260909488752328,0.17245607720965353,0.4125159642401022,0.24050907984079833,0.0679548813829998,0.03259408503483563,,,0.32,0.21,0.17,0.71,0.05,0.49,0.08,0.01,0.0,0.276,0.6720588235294118,0.33822506574368005,0.076,,0.007,,0.0,,False,96.0,99.0,96.0,88.0,93.0,91.0,91.0,92.0,94.0,high,high,high,high,high,high,high,high,high,2026-08-15
hitter,WSH,NYM,Brady House,691781,3.0,3B,Confirmed,4.18,,,,,1.21,0.27,,,,,1.1895167521057508,1.2272091766727862,0.24847535502733878,0.28484467312896633,0.8694581280788177,0.8818766376503342,0.05346644294964412,0.05212288098138323,,,0.88,0.56,0.56,2.11,0.05,1.21,0.17,0.01,0.0,0.313,1.239368165249089,1.184322062886067,0.168,,0.011,,0.0,,False,96.0,99.0,96.0,88.0,93.0,91.0,91.0,92.0,94.0,high,high,high,high,high,high,high,high,high,2026-08-15
hitter,WSH,NYM,CJ Abrams,682928,4.0,SS,Confirmed,4.14,,,,,0.71,0.29,,,,,0.7092445354522589,0.7091807530498222,0.3081872162382986,0.26398060122836625,1.0980834272829765,1.189839078600746,0.2743915966280705,0.26535100742629664,,,1.15,0.6,0.59,2.18,0.27,2.05,0.18,0.01,0.0,0.342,2.057017543859649,2.0491640034789937,0.183,,0.01,,0.0,,False,96.0,99.0,96.0,88.0,93.0,91.0,91.0,92.0,94.0,high,high,high,high,high,high,high,high,high,2026-08-15
hitter,WSH,NYM,Harry Ford,695670,5.0,C,Confirmed,1.84,,,,,0.83,0.08,,,,,0.9150819054520178,0.7496616628769615,0.09597994731054996,0.061323588111372944,0.3344051446945337,0.2161426713639882,0.040427152688298634,0.03862067259880932,,,0.27,0.19,0.18,0.72,0.04,0.38,0.09,0.01,0.0,0.262,0.44025157232704404,0.33800627356625385,0.089,,0.007,,0.0,,False,96.0,99.0,96.0,88.0,93.0,91.0,91.0,92.0,94.0,high,high,high,high,high,high,high,high,high,2026-08-15
hitter,WSH,NYM,Jacob Young,696285,6.0,CF,Confirmed,3.1,,,,,0.51,0.2,,,,,0.5823631938787074,0.447609419057174,0.22238555777628732,0.17803711248151413,0.8949771689497716,0.7309663599118704,0.10068978641463786,0.10466589970887989,,,0.8,0.32,0.34,1.37,0.1,1.38,0.13,0.01,0.0,0.291,1.5956790123456794,1.1998413123257818,0.135,,0.01,,0.0,,False,96.0,99.0,96.0,88.0,93.0,91.0,91.0,92.0,94.0,high,high,high,high,high,high,high,high,high,2026-08-15
hitter,WSH,NYM,Daylen Lile,695734,7.0,DH,Confirmed,3.89,,,,,0.53,0.3,,,,,0.5653292691980057,0.5007717235444199,0.3160778413308072,0.2833685468399034,1.1391752577319587,1.1013390280359645,0.28845250963075814,0.2369511684678037,,,1.12,0.51,0.51,2.02,0.26,1.94,0.16,0.02,0.0,0.359,2.057017543859649,1.837204398276443,0.163,,0.016,,0.0,,False,96.0,99.0,96.0,88.0,93.0,91.0,91.0,92.0,94.0,high,high,high,high,high,high,high,high,high,2026-08-15
hitter,WSH,NYM,Nasim Nuñez,683083,8.0,2B,Confirmed,3.49,,,,,0.74,0.29,,,,,0.7718877744659417,0.7073655493056565,0.3200177966775195,0.26640340333324947,0.994208494208494,0.857253762877576,0.09806615498727284,0.09515824812580977,,,0.92,0.33,0.3,1.34,0.1,1.27,0.15,0.01,0.0,0.27,1.3148148148148149,1.2286049469094362,0.145,,0.01,,0.0,,False,96.0,99.0,96.0,88.0,93.0,91.0,91.0,92.0,94.0,high,high,high,high,high,high,high,high,high,2026-08-15
hitter,WSH,NYM,Andrew Pinckney,687605,9.0,LF,Confirmed,2.26,,,,,0.74,0.18,,,,,0.7800328389508002,0.6957024089812698,0.22438121762876673,0.1441786362353808,0.4803149606299212,0.370584483311748,0.024957995210242435,0.018303521113982365,,,0.42,0.21,0.19,0.81,0.02,0.58,0.09,0.01,0.0,0.262,0.6720588235294118,0.5103421690140947,0.089,,0.01,,0.0,,False,96.0,99.0,96.0,88.0,93.0,91.0,91.0,92.0,94.0,high,high,high,high,high,high,high,high,high,2026-08-15
hitter,TB,BAL,Yandy Díaz,650490,1.0,DH,Confirmed,3.96,,,,,0.79,0.13,,,,,0.8163259818807056,0.7613547208970726,0.09451941135023798,0.1591387079627731,0.6434108527131783,0.6236105172804713,0.025913469561509722,0.026422419979239987,,,0.63,0.41,0.33,1.51,0.03,0.81,0.15,0.01,0.0,0.254,0.7899761336515513,0.8225962223912511,0.146,,0.008,,0.0,,False,96.0,99.0,96.0,88.0,93.0,91.0,91.0,92.0,94.0,high,high,high,high,high,high,high,high,high,2026-08-15
hitter,TB,BAL,Jonathan Aranda,666018,2.0,1B,Confirmed,3.89,,,,,1.15,0.11,,,,,1.1514157247723407,1.1509407030213632,0.09406702969934905,0.1348360412229162,0.5846774193548387,0.6022161786282041,0.029461428062774717,0.03697989773415387,,,0.59,0.4,0.34,1.45,0.03,0.78,0.14,0.01,0.0,0.253,0.7899761336515513,0.7732172685264153,0.139,,0.007,,0.0,,False,96.0,99.0,96.0,88.0,93.0,91.0,91.0,92.0,94.0,high,high,high,high,high,high,high,high,high,2026-08-15
hitter,TB,BAL,Junior Caminero,691406,3.0,3B,Confirmed,3.96,,,,,1.01,0.12,,,,,1.0535549839038802,0.9644531420837136,0.09265014608475602,0.15347729744332617,0.5290322580645161,0.4718267285547482,0.04071722300093353,0.042610875245116246,,,0.5,0.4,0.38,1.48,0.04,0.74,0.15,0.01,0.0,0.247,0.7899761336515513,0.6912025802690628,0.147,,0.008,,0.0,,False,96.0,99.0,96.0,88.0,93.0,91.0,91.0,92.0,94.0,high,high,high,high,high,high,high,high,high,2026-08-15
hitter,TB,BAL,Liam Hicks,689414,4.0,C,Confirmed,4.18,,,,,0.31,0.48,,,,,0.36053174058221615,0.2618965475267416,0.49396294568047305,0.47112720615035913,1.1702127659574468,1.0350556654885956,0.11352601850629554,0.09339505054126211,,,1.1,0.36,0.32,1.38,0.1,1.73,0.12,0.01,0.0,0.212,1.914285714285714,1.5834469302644922,0.117,,0.008,,0.0,,False,96.0,99.0,96.0,88.0,93.0,91.0,91.0,92.0,94.0,high,high,high,high,high,high,high,high,high,2026-08-15
hitter,TB,BAL,Chandler Simpson,802415,5.0,LF,Confirmed,3.54,,,,,0.51,0.08,,,,,0.4650838817031473,0.5467252842611958,0.07023025496311722,0.08398358158703616,0.6434108527131783,0.6508758295039161,0.01254821776317543,0.0,,,0.65,0.32,0.28,1.3,0.01,0.68,0.12,0.01,0.0,0.22,0.6720588235294118,0.6890994719949498,0.123,,0.01,,0.0,,False,96.0,99.0,96.0,88.0,93.0,91.0,91.0,92.0,94.0,high,high,high,high,high,high,high,high,high,2026-08-15
hitter,TB,BAL,Jonny DeLuca,676356,6.0,RF,Confirmed,3.49,,,,,0.89,0.08,,,,,0.8425571899830293,0.9311031761191174,0.07060752175916354,0.08900291774580787,0.5290322580645161,0.5040766469181375,0.02371494020684824,0.01670324754884344,,,0.52,0.28,0.3,1.23,0.02,0.69,0.13,0.01,0.0,0.228,0.6720588235294118,0.6995527395249987,0.132,,0.01,,0.0,,False,96.0,99.0,96.0,88.0,93.0,91.0,91.0,92.0,94.0,high,high,high,high,high,high,high,high,high,2026-08-15
hitter,TB,BAL,Cedric Mullins,656775,7.0,CF,Confirmed,3.48,,,,,1.04,0.08,,,,,1.0392319337089901,1.0321612717411601,0.06805869058061995,0.08329437122196023,0.4125159642401022,0.4159191649566294,0.02787569167848752,0.024976279093012668,,,0.41,0.24,0.22,0.94,0.03,0.63,0.12,0.01,0.0,0.191,0.6720588235294118,0.6003548225655281,0.116,,0.007,,0.0,,False,96.0,99.0,96.0,88.0,93.0,91.0,91.0,92.0,94.0,high,high,high,high,high,high,high,high,high,2026-08-15
hitter,TB,BAL,Richie Palacios,680700,8.0,2B,Confirmed,3.1,,,,,0.73,0.08,,,,,0.7301318144789886,0.7200690860820868,0.06962392741330033,0.09725962685121693,0.4125159642401022,0.4071580097208376,0.019953567907384336,0.021237429023099254,,,0.41,0.19,0.17,0.77,0.02,0.55,0.1,0.01,0.0,0.176,0.5302013422818792,0.5671020713306469,0.096,,0.008,,0.0,,False,96.0,99.0,96.0,88.0,93.0,91.0,91.0,92.0,94.0,high,high,high,high,high,high,high,high,high,2026-08-15
hitter,TB,BAL,Taylor Walls,670764,9.0,SS,Confirmed,3.33,,,,,0.91,0.09,,,,,0.8648211702536188,0.9576571448192804,0.08716691989524385,0.09240232469427162,0.4125159642401022,0.48064727380039707,0.019347643880515457,0.014704891072961223,,,0.45,0.22,0.19,0.89,0.02,0.61,0.1,0.01,0.0,0.19,0.6289308176100628,0.5915569093043908,0.099,,0.008,,0.0,,False,96.0,99.0,96.0,88.0,93.0,91.0,91.0,92.0,94.0,high,high,high,high,high,high,high,high,high,2026-08-15
hitter,BAL,TB,Tyler O'Neill,641933,1.0,RF,Confirmed,2.26,,,,,0.64,0.23,,,,,0.7122444099271568,0.5639801764288297,0.26390522296217395,0.19712920685332508,0.4125159642401022,0.3197868867860985,0.0295158309572706,0.01416622923015561,,,0.36,0.24,0.2,0.77,0.02,0.56,0.07,0.01,0.0,0.258,0.6720588235294118,0.47344126063892705,0.068,,0.006,,0.0,,False,96.0,99.0,96.0,88.0,93.0,91.0,91.0,92.0,94.0,high,high,high,high,high,high,high,high,high,2026-08-15
hitter,BAL,TB,Pete Alonso,624413,2.0,1B,Confirmed,4.18,,,,,0.88,0.53,,,,,0.8541013843636847,0.906630768671637,0.4955807610718457,0.5640353697082031,0.994208494208494,0.8566053635478749,0.07090594792138263,0.0671760717503384,,,0.92,0.5,0.41,1.62,0.07,1.4,0.09,0.01,0.0,0.289,1.4476190476190476,1.3614996786487386,0.094,,0.009,,0.0,,False,96.0,99.0,96.0,88.0,93.0,91.0,91.0,92.0,94.0,high,high,high,high,high,high,high,high,high,2026-08-15
hitter,BAL,TB,Jackson Holliday,702616,3.0,2B,Confirmed,3.02,,,,,0.7,0.26,,,,,0.7235147112805976,0.6687965502364577,0.2849556909890637,0.23152711822984723,0.7061469265367316,0.5696081732255474,0.02837913517901344,0.019680102455922454,,,0.63,0.27,0.25,0.94,0.02,0.88,0.09,0.01,0.0,0.227,0.9875776397515532,0.7879553727204406,0.085,,0.008,,0.0,,False,96.0,99.0,96.0,88.0,93.0,91.0,91.0,92.0,94.0,high,high,high,high,high,high,high,high,high,2026-08-15
hitter,BAL,TB,Coby Mayo,691723,4.0,DH,Confirmed,2.55,,,,,0.74,0.2,,,,,0.7570303948381218,0.7310677849845892,0.23621465327873262,0.17119933493448816,0.4125159642401022,0.3482420412788208,0.03211415801891323,0.020462115663747654,,,0.38,0.2,0.18,0.64,0.03,0.58,0.07,0.01,0.0,0.196,0.6720588235294118,0.5061283025322945,0.071,,0.006,,0.0,,False,96.0,99.0,96.0,88.0,93.0,91.0,91.0,92.0,94.0,high,high,high,high,high,high,high,high,high,2026-08-15
hitter,BAL,TB,Gunnar Henderson,683002,5.0,SS,Confirmed,3.96,,,,,0.7,0.4,,,,,0.6663744052899416,0.735924181200182,0.4412508102216963,0.354310372000976,0.994208494208494,0.8387423933424477,0.03943369526743038,0.03393769019497465,,,0.91,0.43,0.38,1.51,0.04,1.23,0.1,0.01,0.0,0.269,1.3148148148148149,1.158880803542248,0.099,,0.009,,0.0,,False,96.0,99.0,96.0,88.0,93.0,91.0,91.0,92.0,94.0,high,high,high,high,high,high,high,high,high,2026-08-15
hitter,BAL,TB,Christian Encarnacion-Strand,687952,6.0,3B,Confirmed,3.58,,,,,1.46,0.12,,,,,1.4947064532976118,1.4344746400850403,0.1170413505002412,0.11606192440753078,0.7061469265367316,0.6851234463939673,0.12954675513145028,0.15993638708770153,,,0.69,0.33,0.35,1.39,0.14,1.21,0.11,0.01,0.0,0.255,1.239368165249089,1.1827180202687062,0.108,,0.007,,0.0,,False,96.0,99.0,96.0,88.0,93.0,91.0,91.0,92.0,94.0,high,high,high,high,high,high,high,high,high,2026-08-15
hitter,BAL,TB,Christian Franklin,681047,7.0,LF,Confirmed,1.92,,,,,0.62,0.07,,,,,0.663511699489855,0.5750089433197929,0.09118692416588244,0.04545735828222398,0.2543859649122807,0.11692286833064576,0.021084487905321858,0.004927063088810869,,,0.18,0.17,0.15,0.66,0.01,0.27,0.06,0.01,0.0,0.254,0.3888888888888889,0.17294967012104023,0.064,,0.006,,0.0,,False,96.0,99.0,96.0,88.0,93.0,91.0,91.0,92.0,94.0,high,high,high,high,high,high,high,high,high,2026-08-15
hitter,BAL,TB,Leody Taveras,665750,8.0,RF,Confirmed,3.54,,,,,0.79,0.25,,,,,0.8207896447914305,0.7657695684147323,0.2611220989297576,0.24316089802850466,0.8888888888888888,0.7654928635940157,0.032314973505067526,0.03943385698071402,,,0.82,0.31,0.29,1.24,0.04,1.16,0.12,0.01,0.0,0.246,1.239368165249089,1.0934899878200668,0.116,,0.009,,0.0,,False,96.0,99.0,96.0,88.0,93.0,91.0,91.0,92.0,94.0,high,high,high,high,high,high,high,high,high,2026-08-15
hitter,BAL,TB,Carlos Narváez,665966,9.0,C,Confirmed,3.48,,,,,1.18,0.28,,,,,1.1864976448180498,1.1832827432446984,0.2911751347409156,0.277660748058236,0.801980198019802,0.709074143689628,0.24796937002247874,0.20374506309230028,,,0.75,0.27,0.25,0.93,0.23,1.49,0.09,0.01,0.0,0.216,1.5956790123456794,1.4006234355109923,0.089,,0.006,,0.0,,False,96.0,99.0,96.0,88.0,93.0,91.0,91.0,92.0,94.0,high,high,high,high,high,high,high,high,high,2026-08-15
hitter,CIN,MIA,Elly De La Cruz,682829,1.0,SS,Confirmed,4.51,,,,,1.01,0.21,,,,,0.9407379064598763,1.071740181566575,0.20229666291445095,0.21123006928855217,0.707983193277311,0.8180652136622548,0.11783049897414555,0.1452750514756309,,,0.77,0.61,0.44,2.05,0.13,1.32,0.21,0.02,0.0,0.349,1.239368165249089,1.3931285325095126,0.208,,0.015,,0.0,,False,96.0,99.0,96.0,88.0,93.0,91.0,91.0,92.0,94.0,high,high,high,high,high,high,high,high,high,2026-08-15
hitter,CIN,MIA,Sal Stewart,701398,2.0,1B,Confirmed,4.48,,,,,0.97,0.18,,,,,0.8764297913834335,1.0597917484856934,0.17184763586461652,0.1786858105984422,0.7061469265367316,0.7632295750875735,0.16966085478267284,0.1765434015757034,,,0.74,0.62,0.48,2.11,0.17,1.34,0.19,0.01,0.0,0.349,1.239368165249089,1.4194433539651405,0.188,,0.009,,0.0,,False,96.0,99.0,96.0,88.0,93.0,91.0,91.0,92.0,94.0,high,high,high,high,high,high,high,high,high,2026-08-15
hitter,CIN,MIA,JJ Bleday,668709,3.0,LF,Confirmed,4.04,,,,,0.86,0.16,,,,,0.7716366053561647,0.9543096340571221,0.16291499130843687,0.15588036664496394,0.5290322580645161,0.6260738076819871,0.08826733523638303,0.09676185782544147,,,0.58,0.47,0.39,1.66,0.09,1.01,0.15,0.01,0.0,0.3,0.9875776397515532,1.028186626390493,0.153,,0.007,,0.0,,False,96.0,99.0,96.0,88.0,93.0,91.0,91.0,92.0,94.0,high,high,high,high,high,high,high,high,high,2026-08-15
hitter,CIN,MIA,Tyler Stephenson,663886,4.0,C,Confirmed,3.89,,,,,0.89,0.2,,,,,0.765929918771757,1.0229339230298462,0.19962278748698128,0.20512276130436896,0.4125159642401022,0.5174057284288737,0.09861689706475985,0.08838901973692187,,,0.47,0.48,0.4,1.65,0.09,0.85,0.14,0.01,0.0,0.316,0.8408408408408409,0.8627169203064823,0.137,,0.008,,0.0,,False,96.0,99.0,96.0,88.0,93.0,91.0,91.0,92.0,94.0,high,high,high,high,high,high,high,high,high,2026-08-15
hitter,CIN,MIA,Eugenio Suárez,553993,5.0,DH,Confirmed,4.18,,,,,1.01,0.17,,,,,0.8965613414687922,1.131051542056923,0.1516106232659913,0.18366434844165125,0.5290322580645161,0.6125820479371178,0.19667625046332987,0.19300188702827165,,,0.57,0.66,0.61,2.27,0.19,1.22,0.16,0.01,0.0,0.388,1.1521739130434783,1.2843477015534581,0.159,,0.007,,0.0,,False,96.0,99.0,96.0,88.0,93.0,91.0,91.0,92.0,94.0,high,high,high,high,high,high,high,high,high,2026-08-15
hitter,CIN,MIA,Dane Myers,667472,6.0,CF,Confirmed,1.84,,,,,0.61,0.09,,,,,0.7176473069337549,0.49874827916426384,0.11322564833246766,0.06481470334458576,0.4125159642401022,0.2881327042415299,0.06415409470777739,0.03823042821415152,,,0.34,0.21,0.2,0.83,0.05,0.61,0.11,0.01,0.0,0.344,0.7899761336515513,0.4586033357641903,0.106,,0.008,,0.0,,False,96.0,99.0,96.0,88.0,93.0,91.0,91.0,92.0,94.0,high,high,high,high,high,high,high,high,high,2026-08-15
hitter,CIN,MIA,Noelvi Marte,682622,7.0,RF,Confirmed,4.14,,,,,0.83,0.1,,,,,0.7212813564341221,0.9350752030505114,0.10127025544622392,0.09455418982762497,0.5846774193548387,0.6871074254174961,0.10571489596715539,0.12015336709728289,,,0.64,0.44,0.39,1.7,0.11,1.17,0.17,0.01,0.0,0.298,1.1521739130434783,1.1790655646684922,0.165,,0.008,,0.0,,False,96.0,99.0,96.0,88.0,93.0,91.0,91.0,92.0,94.0,high,high,high,high,high,high,high,high,high,2026-08-15
hitter,CIN,MIA,Ke'Bryan Hayes,663647,8.0,3B,Confirmed,4.04,,,,,0.75,0.26,,,,,0.7043193485088859,0.7864298121929394,0.24287727283445817,0.27165975473409126,0.8694581280788177,0.8945343334695542,0.027679283653911615,0.02776429436191039,,,0.88,0.45,0.39,1.84,0.03,1.13,0.16,0.01,0.0,0.318,1.1521739130434783,1.1177918241926696,0.161,,0.009,,0.0,,False,96.0,99.0,96.0,88.0,93.0,91.0,91.0,92.0,94.0,high,high,high,high,high,high,high,high,high,2026-08-15
hitter,CIN,MIA,Matt McLain,680574,9.0,2B,Confirmed,3.19,,,,,0.97,0.37,,,,,1.0809503801897824,0.8673265048931313,0.41644250219736145,0.32666597571586387,0.994208494208494,0.729417094023123,0.03727987703297035,0.03492406374129721,,,0.85,0.4,0.34,1.55,0.04,1.09,0.18,0.01,0.0,0.371,1.239368165249089,0.9665601187184214,0.179,,0.007,,0.0,,False,96.0,99.0,96.0,88.0,93.0,91.0,91.0,92.0,94.0,high,high,high,high,high,high,high,high,high,2026-08-15
hitter,MIA,CIN,Jakob Marsee,805300,1.0,CF,Confirmed,3.89,,,,,0.66,0.4,,,,,0.6332370305255108,0.694854906022822,0.41421125802326253,0.3889451241349981,1.0980834272829765,0.9122723217694696,0.19751717888290288,0.17751434127106225,,,1.0,0.41,0.27,1.27,0.19,1.61,0.09,0.01,0.0,0.283,1.684375,1.5529369335158758,0.092,,0.008,,0.0,,False,96.0,99.0,96.0,88.0,93.0,91.0,91.0,92.0,94.0,high,high,high,high,high,high,high,high,high,2026-08-15
hitter,MIA,CIN,Xavier Edwards,669364,2.0,2B,Confirmed,4.61,,,,,0.36,0.46,,,,,0.3928024962271661,0.33500380848604777,0.44788758570490583,0.4658153033307762,1.607843137254902,1.4004242551864028,0.12059414811284952,0.09960170507582643,,,1.49,0.48,0.31,1.59,0.11,1.96,0.12,0.01,0.0,0.278,2.057017543859649,1.8883879082348771,0.116,,0.008,,0.0,,False,96.0,99.0,96.0,88.0,93.0,91.0,91.0,92.0,94.0,high,high,high,high,high,high,high,high,high,2026-08-15
hitter,MIA,CIN,Heriberto Hernández,681715,3.0,LF,Confirmed,4.18,,,,,0.73,0.42,,,,,0.7084728109042,0.7491053927727765,0.4058620036666628,0.4275553215441325,1.1391752577319587,1.0810067216059704,0.2499795835779971,0.2601612075756314,,,1.11,0.45,0.33,1.36,0.26,2.01,0.1,0.01,0.0,0.287,2.057017543859649,1.9693605020311196,0.102,,0.007,,0.0,,False,96.0,99.0,96.0,88.0,93.0,91.0,91.0,92.0,94.0,high,high,high,high,high,high,high,high,high,2026-08-15
hitter,MIA,CIN,Griffin Conine,665052,4.0,RF,Confirmed,4.25,,,,,0.84,0.53,,,,,0.8293788412603955,0.8423167248933838,0.5508057763377888,0.5154311595371107,1.0980834272829765,1.0620617445110656,0.19195777691393784,0.19780360465175115,,,1.08,0.5,0.34,1.48,0.19,1.96,0.11,0.01,0.0,0.323,2.057017543859649,1.8820864660830703,0.109,,0.007,,0.0,,False,96.0,99.0,96.0,88.0,93.0,91.0,91.0,92.0,94.0,high,high,high,high,high,high,high,high,high,2026-08-15
hitter,MIA,CIN,Otto Lopez,672640,5.0,SS,Confirmed,4.68,,,,,0.39,0.33,,,,,0.40342592762919494,0.37452618549522937,0.3261996811622525,0.3382576247627447,1.607843137254902,1.4760198104912463,0.22248096169988738,0.21813641668966569,,,1.54,0.53,0.44,1.84,0.22,2.15,0.1,0.01,0.0,0.285,2.057017543859649,2.2281444083431867,0.104,,0.009,,0.0,,False,96.0,99.0,96.0,88.0,93.0,91.0,91.0,92.0,94.0,high,high,high,high,high,high,high,high,high,2026-08-15
hitter,MIA,CIN,Owen Caissie,683357,6.0,DH,Confirmed,3.33,,,,,1.28,0.24,,,,,1.3571105942283923,1.2073596134701616,0.25570414521268764,0.23139447689567375,0.7715355805243446,0.6623738277018919,0.2649352096235356,0.23876935272086836,,,0.71,0.29,0.27,0.97,0.25,1.67,0.09,0.01,0.0,0.267,1.914285714285714,1.4739658138148048,0.091,,0.007,,0.0,,False,96.0,99.0,96.0,88.0,93.0,91.0,91.0,92.0,94.0,high,high,high,high,high,high,high,high,high,2026-08-15
hitter,MIA,CIN,Joe Mack,691788,7.0,C,Confirmed,3.49,,,,,0.58,0.34,,,,,0.5591235450747891,0.5944335347635719,0.3676009434077112,0.3119326644498115,1.0980834272829765,0.8518297751188098,0.22792459942792154,0.2041973291934051,,,0.96,0.34,0.26,1.13,0.22,1.8,0.09,0.01,0.0,0.294,2.057017543859649,1.5987219471836196,0.091,,0.007,,0.0,,False,96.0,99.0,96.0,88.0,93.0,91.0,91.0,92.0,94.0,high,high,high,high,high,high,high,high,high,2026-08-15
hitter,MIA,CIN,Graham Pauley,688363,8.0,1B,Confirmed,3.09,,,,,0.77,0.32,,,,,0.7525478164877423,0.7919867327453203,0.3312510199326403,0.3021653389832072,0.35424354243542433,0.32121302858608425,0.02706731615020376,0.01962384779089968,,,0.34,0.25,0.18,0.79,0.02,0.48,0.08,0.01,0.0,0.26,0.4591194968553459,0.4884697248497507,0.081,,0.007,,0.0,,False,96.0,99.0,96.0,88.0,93.0,91.0,91.0,92.0,94.0,high,high,high,high,high,high,high,high,high,2026-08-15
hitter,MIA,CIN,Esteury Ruiz,665923,9.0,CF,Confirmed,3.33,,,,,0.71,0.3,,,,,0.6629285580666754,0.7526937276119553,0.332082210046202,0.2644786826433387,0.801980198019802,0.6931342067564343,0.11016473150109518,0.1263384907816429,,,0.74,0.26,0.17,0.85,0.12,1.22,0.09,0.01,0.0,0.247,1.239368165249089,1.2024579752256936,0.086,,0.007,,0.0,,False,96.0,99.0,96.0,88.0,93.0,91.0,91.0,92.0,94.0,high,high,high,high,high,high,high,high,high,2026-08-15
hitter,CLE,SD,Steven Kwan,680757,1.0,LF,Confirmed,3.74,,,,,0.35,0.39,,,,,0.32709400386998033,0.3652160335313576,0.4042946401435048,0.36704079645762355,1.0,0.8415133046168857,0.09896230016506305,0.10267315209961003,,,0.91,0.47,0.31,1.66,0.1,1.37,0.18,0.01,0.0,0.336,1.5956790123456794,1.1936913883888036,0.183,,0.01,,0.0,,False,96.0,99.0,96.0,88.0,93.0,91.0,91.0,92.0,94.0,high,high,high,high,high,high,high,high,high,2026-08-15
hitter,CLE,SD,Chase DeLauter,800050,2.0,DH,Confirmed,4.58,,,,,0.63,0.42,,,,,0.6746441974221874,0.5832527154879461,0.4188676946559797,0.4226583730476061,1.0980834272829765,1.1578061443363896,0.22657141755735657,0.21152494188295337,,,1.13,0.57,0.39,2.06,0.22,2.11,0.22,0.01,0.0,0.326,2.057017543859649,2.1527413802665905,0.218,,0.012,,0.0,,False,96.0,99.0,96.0,88.0,93.0,91.0,91.0,92.0,94.0,high,high,high,high,high,high,high,high,high,2026-08-15
hitter,CLE,SD,José Ramírez,608070,3.0,3B,Confirmed,3.81,,,,,0.57,0.25,,,,,0.5636691537324743,0.5791061832011133,0.26737283225915454,0.2332391764848107,0.8694581280788177,0.7815852251839773,0.13771891491064822,0.14036527104856783,,,0.82,0.5,0.37,1.74,0.14,1.36,0.18,0.01,0.0,0.353,1.3893129770992367,1.3296313993764926,0.178,,0.009,,0.0,,False,96.0,99.0,96.0,88.0,93.0,91.0,91.0,92.0,94.0,high,high,high,high,high,high,high,high,high,2026-08-15
hitter,CLE,SD,Jo Adell,666176,4.0,RF,Confirmed,4.25,,,,,1.32,0.14,,,,,1.2483020031254366,1.3934044489861688,0.15619379577969666,0.1327746572962627,1.1391752577319587,1.188959946927908,0.07759994553553984,0.09513254602498401,,,1.17,0.56,0.46,2.01,0.09,1.84,0.23,0.01,0.0,0.342,1.914285714285714,1.7803632709972428,0.23,,0.012,,0.0,,False,96.0,99.0,96.0,88.0,93.0,91.0,91.0,92.0,94.0,high,high,high,high,high,high,high,high,high,2026-08-15
hitter,CLE,SD,Nathaniel Lowe,663993,5.0,1B,Confirmed,3.33,,,,,0.9,0.31,,,,,0.9317264132794262,0.8644499113208323,0.3329581121713261,0.29128493098712765,0.801980198019802,0.6984643536060376,0.03848349362593402,0.03137067311140464,,,0.75,0.4,0.3,1.34,0.03,1.13,0.15,0.01,0.0,0.322,1.239368165249089,1.0397659625299225,0.148,,0.009,,0.0,,False,96.0,99.0,96.0,88.0,93.0,91.0,91.0,92.0,94.0,high,high,high,high,high,high,high,high,high,2026-08-15
hitter,CLE,SD,Angel Genao,694197,6.0,SS,Confirmed,3.89,,,,,0.63,0.43,,,,,0.628,,0.433,,0.708,,0.049,,,,0.71,0.34,0.3,1.35,0.05,1.15,0.16,0.01,0.0,0.269,1.152,,0.155,,0.009,,0.0,,True,40.0,44.0,40.0,32.0,37.0,35.0,35.0,36.0,38.0,low,low,low,low,low,low,low,low,low,2026-08-15
hitter,CLE,SD,Travis Bazzana,683953,7.0,2B,Confirmed,4.68,,,,,0.98,0.68,,,,,1.0226503292396278,0.9278273981701962,0.7083195112904247,0.6575675486176641,1.0980834272829765,1.1339137730828075,0.3198357047082967,0.39120723494158083,,,1.12,0.53,0.38,1.9,0.36,2.2,0.2,0.01,0.0,0.352,2.057017543859649,2.310973464214265,0.203,,0.01,,0.0,,False,96.0,99.0,96.0,88.0,93.0,91.0,91.0,92.0,94.0,high,high,high,high,high,high,high,high,high,2026-08-15
hitter,CLE,SD,Patrick Bailey,672275,8.0,C,Confirmed,3.19,,,,,0.84,0.32,,,,,0.8903982722967432,0.7817045950121876,0.3576082650685214,0.2820111598674823,0.707983193277311,0.5972968080156178,0.0989865204841994,0.09625774326294878,,,0.65,0.33,0.24,1.22,0.1,1.16,0.14,0.01,0.0,0.315,1.3148148148148149,1.0373540323613186,0.142,,0.009,,0.0,,False,96.0,99.0,96.0,88.0,93.0,91.0,91.0,92.0,94.0,high,high,high,high,high,high,high,high,high,2026-08-15
hitter,CLE,SD,Petey Halpin,690984,9.0,CF,Confirmed,2.55,,,,,0.74,0.05,,,,,0.7308193081934173,0.7572423316432267,0.062338529731416896,0.03697634196780734,0.4125159642401022,0.3270201986324992,0.013731326979438107,0.010745167474963785,,,0.37,0.21,0.15,0.78,0.01,0.54,0.11,0.01,0.0,0.26,0.6720588235294118,0.4252881414372698,0.11,,0.008,,0.0,,False,96.0,99.0,96.0,88.0,93.0,91.0,91.0,92.0,94.0,high,high,high,high,high,high,high,high,high,2026-08-15
hitter,SD,CLE,Fernando Tatis Jr.,665487,1.0,RF,Confirmed,4.26,,,,,1.12,0.2,,,,,1.1580787836026443,1.0774980691804326,0.2096110947045667,0.1832251628374431,0.994208494208494,0.99442166343671,0.06420382161539373,0.07291743562135708,,,0.99,0.45,0.26,1.42,0.07,1.36,0.14,0.01,0.0,0.294,1.3148148148148149,1.4031690560712837,0.138,,0.007,,0.0,,False,96.0,99.0,96.0,88.0,93.0,91.0,91.0,92.0,94.0,high,high,high,high,high,high,high,high,high,2026-08-15
hitter,SD,CLE,Jake Cronenworth,630105,2.0,2B,Confirmed,3.19,,,,,0.95,0.15,,,,,0.9492958734110223,0.9572650307381172,0.16399980949811957,0.1303346932158682,0.5846774193548387,0.5501414221325984,0.031193303540728447,0.014744673965625742,,,0.57,0.3,0.15,0.86,0.02,0.79,0.11,0.01,0.0,0.271,0.7899761336515513,0.7884594383754465,0.114,,0.006,,0.0,,False,96.0,99.0,96.0,88.0,93.0,91.0,91.0,92.0,94.0,high,high,high,high,high,high,high,high,high,2026-08-15
hitter,SD,CLE,Manny Machado,592518,3.0,3B,Confirmed,4.25,,,,,1.23,0.2,,,,,1.1936814495105244,1.2737442156405212,0.1982533018425123,0.19705993658448573,0.801980198019802,0.8895425324635551,0.0611423083000678,0.04392186447264756,,,0.85,0.43,0.28,1.35,0.05,1.3,0.12,0.01,0.0,0.282,1.239368165249089,1.356028611978001,0.125,,0.008,,0.0,,False,96.0,99.0,96.0,88.0,93.0,91.0,91.0,92.0,94.0,high,high,high,high,high,high,high,high,high,2026-08-15
hitter,SD,CLE,Ty France,664034,4.0,1B,Confirmed,3.89,,,,,0.96,0.09,,,,,0.9054100856986564,1.0115287450149466,0.10546557554363402,0.06912341096157383,0.7715355805243446,0.7682476404227819,0.043068844928509896,0.04259825214473383,,,0.77,0.33,0.24,1.16,0.04,1.02,0.12,0.01,0.0,0.227,1.001763668430335,1.041652077306813,0.117,,0.006,,0.0,,False,96.0,99.0,96.0,88.0,93.0,91.0,91.0,92.0,94.0,high,high,high,high,high,high,high,high,high,2026-08-15
hitter,SD,CLE,Jackson Merrill,701538,5.0,CF,Confirmed,4.14,,,,,1.28,0.1,,,,,1.2405964369767157,1.3242876484649406,0.10961262933363164,0.09429708765173203,0.7715355805243446,0.8265477689369639,0.05091075836884611,0.060707186111630604,,,0.8,0.35,0.25,1.18,0.06,1.26,0.13,0.01,0.0,0.23,1.239368165249089,1.2702861881634195,0.132,,0.01,,0.0,,False,96.0,99.0,96.0,88.0,93.0,91.0,91.0,92.0,94.0,high,high,high,high,high,high,high,high,high,2026-08-15
hitter,SD,CLE,Luis Campusano,669134,6.0,DH,Confirmed,3.1,,,,,1.15,0.13,,,,,1.1873875591266354,1.1063593954416238,0.15067457038666845,0.10490070199385544,0.4803149606299212,0.43764566822220885,0.03423355197279404,0.03615549799629273,,,0.46,0.24,0.18,0.83,0.04,0.74,0.08,0.01,0.0,0.252,0.7899761336515513,0.6944494464020629,0.083,,0.006,,0.0,,False,96.0,99.0,96.0,88.0,93.0,91.0,91.0,92.0,94.0,high,high,high,high,high,high,high,high,high,2026-08-15
hitter,SD,CLE,Austin Hays,669720,7.0,LF,Confirmed,4.04,,,,,0.69,0.54,,,,,0.6437307197844049,0.7277270727045635,0.5863576242569069,0.49769599888800464,0.801980198019802,0.7734136956258942,0.20724681192966246,0.2042483623701684,,,0.79,0.33,0.23,1.21,0.21,1.62,0.13,0.01,0.0,0.252,1.684375,1.564947195121905,0.127,,0.007,,0.0,,False,96.0,99.0,96.0,88.0,93.0,91.0,91.0,92.0,94.0,high,high,high,high,high,high,high,high,high,2026-08-15
hitter,SD,CLE,Xander Bogaerts,593428,8.0,SS,Confirmed,4.18,,,,,0.86,0.54,,,,,0.8266503208275235,0.8939341494670733,0.5454412180051653,0.5284913013234778,0.7061469265367316,0.7153779511618867,0.03149758083086934,0.03162598807747097,,,0.71,0.35,0.23,1.23,0.03,0.97,0.13,0.01,0.0,0.265,1.001763668430335,0.945459608707062,0.134,,0.008,,0.0,,False,96.0,99.0,96.0,88.0,93.0,91.0,91.0,92.0,94.0,high,high,high,high,high,high,high,high,high,2026-08-15
hitter,SD,CLE,Freddy Fermin,666023,9.0,C,Confirmed,3.32,,,,,0.57,0.24,,,,,0.6161881258321967,0.5234426006606527,0.2510614548007734,0.2352238237494554,0.994208494208494,0.7563448794100479,0.15745598866138413,0.1670391790613698,,,0.86,0.25,0.17,0.9,0.16,1.68,0.12,0.01,0.0,0.236,1.914285714285714,1.4898395528395827,0.123,,0.007,,0.0,,False,96.0,99.0,96.0,88.0,93.0,91.0,91.0,92.0,94.0,high,high,high,high,high,high,high,high,high,2026-08-15
hitter,HOU,SEA,Jeremy Peña,665161,1.0,SS,Confirmed,3.81,,,,,1.21,0.41,,,,,1.2498292027163476,1.170435861949775,0.4270582640525181,0.395647517620977,0.6434108527131783,0.5408619929055969,0.042866280712771085,0.03927108436683028,,,0.59,0.24,0.16,0.81,0.04,0.79,0.11,0.01,0.0,0.174,0.8408408408408409,0.7574303851654066,0.107,,0.007,,0.0,,False,96.0,99.0,96.0,88.0,93.0,91.0,91.0,92.0,94.0,high,high,high,high,high,high,high,high,high,2026-08-15
hitter,HOU,SEA,Yordan Alvarez,670541,2.0,DH,Confirmed,4.03,,,,,0.6,0.57,,,,,0.6281821014390031,0.5666853948515717,0.6190841086856809,0.5242903723710461,1.1391752577319587,1.066875152013754,0.42289415054131935,0.3676796731837033,,,1.1,0.3,0.17,0.89,0.4,2.57,0.1,0.01,0.0,0.213,2.75,2.417547226872656,0.097,,0.008,,0.0,,False,96.0,99.0,96.0,88.0,93.0,91.0,91.0,92.0,94.0,high,high,high,high,high,high,high,high,high,2026-08-15
hitter,HOU,SEA,Isaac Paredes,670623,3.0,3B,Confirmed,3.89,,,,,0.49,0.31,,,,,0.529481337320912,0.44742603536002057,0.3255486931124072,0.3040462107010874,1.0980834272829765,0.9913083592822315,0.2524692706070067,0.1944628337803947,,,1.04,0.24,0.18,0.83,0.22,1.91,0.11,0.01,0.0,0.17,2.057017543859649,1.7912923861194807,0.108,,0.008,,0.0,,False,96.0,99.0,96.0,88.0,93.0,91.0,91.0,92.0,94.0,high,high,high,high,high,high,high,high,high,2026-08-15
hitter,HOU,SEA,Daulton Varsho,662139,4.0,CF,Confirmed,3.48,,,,,0.81,0.19,,,,,0.7859840932834947,0.8284668894269887,0.19467500161763143,0.17683852905516567,0.35424354243542433,0.334715815203444,0.13020406528708633,0.11704145389647364,,,0.34,0.19,0.14,0.67,0.12,0.81,0.09,0.01,0.0,0.152,0.7899761336515513,0.8317659453122659,0.09,,0.009,,0.0,,False,96.0,99.0,96.0,88.0,93.0,91.0,91.0,92.0,94.0,high,high,high,high,high,high,high,high,high,2026-08-15
hitter,HOU,SEA,Jose Altuve,514888,5.0,2B,Confirmed,3.81,,,,,0.54,0.32,,,,,0.5668786214346867,0.5077038925206928,0.3480579089134981,0.2871935376337899,1.0980834272829765,1.0174718344623352,0.16386597270025413,0.16570268799229185,,,1.05,0.24,0.17,0.82,0.16,1.76,0.1,0.01,0.0,0.172,1.914285714285714,1.6256595487589995,0.097,,0.007,,0.0,,False,96.0,99.0,96.0,88.0,93.0,91.0,91.0,92.0,94.0,high,high,high,high,high,high,high,high,high,2026-08-15
hitter,HOU,SEA,Christian Walker,572233,6.0,1B,Confirmed,3.74,,,,,0.77,0.27,,,,,0.761479141210864,0.782387055503803,0.29679839871516,0.24122729322390446,1.0980834272829765,1.0155828546158474,0.3324258681703056,0.27955027482492506,,,1.05,0.19,0.16,0.7,0.31,2.16,0.1,0.01,0.0,0.155,2.456692913385827,1.91756526013527,0.101,,0.007,,0.0,,False,96.0,99.0,96.0,88.0,93.0,91.0,91.0,92.0,94.0,high,high,high,high,high,high,high,high,high,2026-08-15
hitter,HOU,SEA,Taylor Trammell,666211,7.0,LF,Confirmed,2.77,,,,,1.22,0.15,,,,,1.2385656296736565,1.1956796451928524,0.1742927117753812,0.11836482361028561,0.4125159642401022,0.36130453647169236,0.17960709823900928,0.15069795068003966,,,0.38,0.17,0.13,0.63,0.17,0.86,0.07,0.01,0.0,0.188,1.001763668430335,0.7445768074992628,0.072,,0.008,,0.0,,False,96.0,99.0,96.0,88.0,93.0,91.0,91.0,92.0,94.0,high,high,high,high,high,high,high,high,high,2026-08-15
hitter,HOU,SEA,Cam Smith,701358,8.0,RF,Confirmed,3.33,,,,,0.62,0.24,,,,,0.6025957955745703,0.6284899795524662,0.2659799015078985,0.2085666283286711,0.994208494208494,0.8227239268034702,0.21182306652327174,0.18030422737566168,,,0.9,0.18,0.14,0.67,0.2,1.53,0.09,0.01,0.0,0.166,1.684375,1.4032838433661747,0.088,,0.008,,0.0,,False,96.0,99.0,96.0,88.0,93.0,91.0,91.0,92.0,94.0,high,high,high,high,high,high,high,high,high,2026-08-15
hitter,HOU,SEA,Christian Vázquez,543877,9.0,C,Confirmed,3.33,,,,,0.87,0.13,,,,,0.8598337146984967,0.870637158900638,0.1454600577939657,0.11062051835244409,0.801980198019802,0.6745141231414967,0.12670526680669086,0.12883633043816095,,,0.73,0.19,0.15,0.75,0.13,1.24,0.1,0.01,0.0,0.172,1.3148148148148149,1.1759477758177688,0.103,,0.007,,0.0,,False,96.0,99.0,96.0,88.0,93.0,91.0,91.0,92.0,94.0,high,high,high,high,high,high,high,high,high,2026-08-15
hitter,SEA,HOU,Brendan Donovan,680977,1.0,3B,Confirmed,4.25,,,,,0.46,0.15,,,,,0.45185126217210825,0.4760069860334811,0.12919979449495145,0.16128819098661568,0.801980198019802,0.8612962475720782,0.024078974321871706,0.033903074567330826,,,0.83,0.58,0.45,2.13,0.03,1.09,0.21,0.01,0.0,0.343,1.1238670694864048,1.0615180350137043,0.21,,0.008,,0.0,,False,96.0,99.0,96.0,88.0,93.0,91.0,91.0,92.0,94.0,high,high,high,high,high,high,high,high,high,2026-08-15
hitter,SEA,HOU,Randy Arozarena,668227,2.0,LF,Confirmed,4.58,,,,,1.39,0.44,,,,,1.317774350600754,1.4527823336006274,0.4107342883446645,0.46835742872593095,0.6434108527131783,0.6589280159060502,0.1379324886637333,0.18371915117079143,,,0.65,0.58,0.44,2.02,0.16,1.24,0.2,0.01,0.0,0.324,1.1521739130434783,1.3173425353416142,0.204,,0.009,,0.0,,False,96.0,99.0,96.0,88.0,93.0,91.0,91.0,92.0,94.0,high,high,high,high,high,high,high,high,high,2026-08-15
hitter,SEA,HOU,Dominic Canzone,686527,3.0,DH,Confirmed,3.96,,,,,0.82,0.38,,,,,0.7828627283673248,0.8622524911433904,0.38306720792075377,0.37706706644275517,0.8770949720670391,0.8142197124681334,0.18050275277797767,0.1870100649104986,,,0.84,0.45,0.39,1.64,0.18,1.59,0.15,0.01,0.0,0.284,1.5956790123456794,1.5778525557199292,0.153,,0.008,,0.0,,False,96.0,99.0,96.0,88.0,93.0,91.0,91.0,92.0,94.0,high,high,high,high,high,high,high,high,high,2026-08-15
hitter,SEA,HOU,Julio Rodríguez,677594,4.0,CF,Confirmed,4.45,,,,,1.06,0.51,,,,,1.0047487063707403,1.1125718950320498,0.5000617935723044,0.5229904497394596,0.4125159642401022,0.5273256081567584,0.0422309995772091,0.03296153335288422,,,0.48,0.63,0.56,2.29,0.04,0.76,0.18,0.01,0.0,0.347,0.6720588235294118,0.8315352217844592,0.176,,0.008,,0.0,,False,96.0,99.0,96.0,88.0,93.0,91.0,91.0,92.0,94.0,high,high,high,high,high,high,high,high,high,2026-08-15
hitter,SEA,HOU,Josh Naylor,647304,5.0,1B,Confirmed,4.61,,,,,0.77,0.36,,,,,0.7256571069826935,0.8139483783749418,0.3380816259597199,0.37273412516679455,0.7061469265367316,0.7283310684435089,0.11176424058122852,0.1610398422024852,,,0.72,0.59,0.52,2.21,0.14,1.27,0.21,0.01,0.0,0.323,1.1521739130434783,1.365895368083427,0.212,,0.008,,0.0,,False,96.0,99.0,96.0,88.0,93.0,91.0,91.0,92.0,94.0,high,high,high,high,high,high,high,high,high,2026-08-15
hitter,SEA,HOU,Cole Young,702284,6.0,2B,Confirmed,4.08,,,,,0.88,0.29,,,,,0.8378577188229182,0.920900889090272,0.27177129912930864,0.3055115523623191,0.5290322580645161,0.5864940478051353,0.12133310322053725,0.12462922957392415,,,0.56,0.42,0.43,1.72,0.12,1.12,0.19,0.01,0.0,0.299,1.1238670694864048,1.1232695966995991,0.192,,0.009,,0.0,,False,96.0,99.0,96.0,88.0,93.0,91.0,91.0,92.0,94.0,high,high,high,high,high,high,high,high,high,2026-08-15
hitter,SEA,HOU,Cal Raleigh,663728,7.0,C,Confirmed,4.27,,,,,1.49,0.55,,,,,1.5053003689968236,1.4820826829717255,0.5577059670885903,0.5437262828839573,0.6434108527131783,0.6272719843234422,0.3024834273627716,0.2615836818299189,,,0.63,0.67,0.6,2.37,0.28,1.42,0.21,0.01,0.0,0.444,1.3893129770992367,1.4453968033610296,0.211,,0.007,,0.0,,False,96.0,99.0,96.0,88.0,93.0,91.0,91.0,92.0,94.0,high,high,high,high,high,high,high,high,high,2026-08-15
hitter,SEA,HOU,Victor Robles,645302,8.0,RF,Confirmed,3.19,,,,,0.85,0.21,,,,,0.8457684984495034,0.8521391867406315,0.21891529931469808,0.20412636796225095,0.4125159642401022,0.3756293716219397,0.057224706488600216,0.058548690099666706,,,0.39,0.32,0.27,1.3,0.06,0.66,0.15,0.01,0.0,0.296,0.6720588235294118,0.6476446423169082,0.147,,0.007,,0.0,,False,96.0,99.0,96.0,88.0,93.0,91.0,91.0,92.0,94.0,high,high,high,high,high,high,high,high,high,2026-08-15
hitter,SEA,HOU,Brock Rodden,801126,9.0,SS,Confirmed,3.54,,,,,0.69,0.25,,,,,0.693,,0.25,,0.708,,0.107,,,,0.71,0.34,0.31,1.36,0.11,1.24,0.13,0.01,0.0,0.275,1.239,,0.13,,0.007,,0.0,,True,40.0,44.0,40.0,32.0,37.0,35.0,35.0,36.0,38.0,low,low,low,low,low,low,low,low,low,2026-08-15
hitter,MIN,PHI,Austin Martin,668885,1.0,LF,Confirmed,3.02,,,,,0.81,0.28,,,,,0.8712692405130822,0.7577932169376326,0.299419511614173,0.26805200114944755,0.7061469265367316,0.5540617481748553,0.024880875406783815,0.011295714028367033,,,0.62,0.25,0.19,0.96,0.02,0.81,0.09,0.01,0.0,0.205,0.8666666666666667,0.7614254340501777,0.088,,0.007,,0.0,,False,96.0,99.0,96.0,88.0,93.0,91.0,91.0,92.0,94.0,high,high,high,high,high,high,high,high,high,2026-08-15
hitter,MIN,PHI,Byron Buxton,621439,2.0,CF,Confirmed,3.81,,,,,1.29,0.36,,,,,1.3072350230830958,1.278123517474521,0.37104385660350614,0.3419149774075522,0.8888888888888888,0.8323529816515391,0.06863389899137395,0.06774004559798802,,,0.86,0.33,0.26,1.29,0.07,1.29,0.14,0.01,0.0,0.214,1.3148148148148149,1.276944321980352,0.142,,0.009,,0.0,,False,96.0,99.0,96.0,88.0,93.0,91.0,91.0,92.0,94.0,high,high,high,high,high,high,high,high,high,2026-08-15
hitter,MIN,PHI,Ryan Jeffers,680777,3.0,C,Confirmed,3.81,,,,,0.88,0.18,,,,,0.9138320899929556,0.8500001466104967,0.19340237237477287,0.163252368972974,0.994208494208494,0.8413477534063173,0.25819298353924486,0.2538863032796568,,,0.91,0.33,0.29,1.32,0.26,1.81,0.12,0.01,0.0,0.211,1.914285714285714,1.723479175133042,0.121,,0.007,,0.0,,False,96.0,99.0,96.0,88.0,93.0,91.0,91.0,92.0,94.0,high,high,high,high,high,high,high,high,high,2026-08-15
hitter,MIN,PHI,Royce Lewis,668904,4.0,1B,Confirmed,4.04,,,,,1.28,0.29,,,,,1.288060987786968,1.2805884250755843,0.3080888439258288,0.2708723802506339,0.994208494208494,0.9417508789200761,0.0635487657462363,0.06261483001927072,,,0.97,0.32,0.29,1.32,0.06,1.48,0.14,0.01,0.0,0.196,1.5956790123456794,1.390796236350448,0.141,,0.007,,0.0,,False,96.0,99.0,96.0,88.0,93.0,91.0,91.0,92.0,94.0,high,high,high,high,high,high,high,high,high,2026-08-15
hitter,MIN,PHI,Josh Bell,605137,5.0,DH,Confirmed,3.96,,,,,1.02,0.35,,,,,1.0818641609591404,0.958297462691567,0.3852025229008552,0.3226909367017171,1.0980834272829765,0.95777978029228,0.09688568461224101,0.0732024545490007,,,1.02,0.37,0.34,1.51,0.09,1.67,0.15,0.01,0.0,0.232,1.914285714285714,1.47790915171431,0.155,,0.009,,0.0,,False,96.0,99.0,96.0,88.0,93.0,91.0,91.0,92.0,94.0,high,high,high,high,high,high,high,high,high,2026-08-15
hitter,MIN,PHI,Luke Keaschall,807712,6.0,RF,Confirmed,3.89,,,,,0.74,0.41,,,,,0.7484444355752722,0.7355123684923567,0.42243882741883587,0.39379116819587545,1.0980834272829765,0.9890281051539235,0.0373414787261255,0.024852758607639622,,,1.04,0.31,0.31,1.4,0.03,1.39,0.13,0.01,0.0,0.225,1.4476190476190476,1.3408828241104078,0.127,,0.007,,0.0,,False,96.0,99.0,96.0,88.0,93.0,91.0,91.0,92.0,94.0,high,high,high,high,high,high,high,high,high,2026-08-15
hitter,MIN,PHI,Brooks Lee,686797,7.0,3B,Confirmed,4.04,,,,,0.91,0.37,,,,,0.898556539504582,0.9274585402401864,0.38714100495053017,0.35971073045439367,1.0980834272829765,0.9978530869016898,0.05780831142176728,0.0638152430182223,,,1.04,0.28,0.25,1.24,0.06,1.42,0.12,0.01,0.0,0.198,1.4759615384615385,1.3713403526649695,0.118,,0.008,,0.0,,False,96.0,99.0,96.0,88.0,93.0,91.0,91.0,92.0,94.0,high,high,high,high,high,high,high,high,high,2026-08-15
hitter,MIN,PHI,Ryan Kreidler,668952,8.0,2B,Confirmed,3.58,,,,,1.08,0.34,,,,,1.0186005209146363,1.1314683587277405,0.35069753652960967,0.3206653887395209,0.8694581280788177,0.7259131436162164,0.03665047361788862,0.03802014460505546,,,0.79,0.26,0.23,1.13,0.04,1.21,0.12,0.01,0.0,0.204,1.3148148148148149,1.1212675926425677,0.125,,0.009,,0.0,,False,96.0,99.0,96.0,88.0,93.0,91.0,91.0,92.0,94.0,high,high,high,high,high,high,high,high,high,2026-08-15
hitter,MIN,PHI,Kaelen Culpepper,701785,9.0,SS,Confirmed,3.1,,,,,1.03,0.08,,,,,1.027,,0.081,,0.529,,0.026,,,,0.53,0.21,0.19,0.93,0.03,0.67,0.12,0.01,0.0,0.194,0.672,,0.116,,0.007,,0.0,,True,40.0,44.0,40.0,32.0,37.0,35.0,35.0,36.0,38.0,low,low,low,low,low,low,low,low,low,2026-08-15
hitter,PHI,MIN,Kyle Schwarber,656941,1.0,DH,Confirmed,4.45,,,,,1.53,1.1,,,,,1.5956413974323647,1.466441485864659,1.2382310837847281,0.9589952744913564,1.0,0.9699559826110842,0.14340893289028558,0.16039802166214798,,,0.98,0.52,0.41,1.93,0.15,1.65,0.21,0.01,0.0,0.294,1.684375,1.6200891015411918,0.207,,0.009,,0.0,,False,96.0,99.0,96.0,88.0,93.0,91.0,91.0,92.0,94.0,high,high,high,high,high,high,high,high,high,2026-08-15
hitter,PHI,MIN,Trea Turner,607208,2.0,SS,Confirmed,4.25,,,,,1.0,0.53,,,,,1.060764051498981,0.9452147986712451,0.5569600212051042,0.4968799957624564,1.0980834272829765,1.028141779710821,0.05251965257401024,0.041444623929370164,,,1.06,0.44,0.35,1.79,0.05,1.54,0.18,0.01,0.0,0.255,1.684375,1.4301945770006088,0.181,,0.014,,0.0,,False,96.0,99.0,96.0,88.0,93.0,91.0,91.0,92.0,94.0,high,high,high,high,high,high,high,high,high,2026-08-15
hitter,PHI,MIN,Bryce Harper,547180,3.0,RF,Confirmed,4.25,,,,,1.17,0.87,,,,,1.2151394289330095,1.1189244925041681,0.9517215765405199,0.7793789474454802,1.0,0.9484805747494744,0.06809100050478165,0.03918113405717876,,,0.97,0.46,0.41,1.86,0.05,1.35,0.2,0.01,0.0,0.271,1.3893129770992367,1.313552719607061,0.203,,0.008,,0.0,,False,96.0,99.0,96.0,88.0,93.0,91.0,91.0,92.0,94.0,high,high,high,high,high,high,high,high,high,2026-08-15
hitter,PHI,MIN,Luis Arraez,650333,4.0,2B,Confirmed,4.18,,,,,0.5,0.43,,,,,0.37295715324718637,0.6301851558232778,0.3879167686534454,0.4673640045532481,1.0980834272829765,0.9897393503758063,0.028904977336293353,0.025336592552286676,,,1.04,0.47,0.42,2.0,0.03,1.29,0.14,0.01,0.0,0.272,1.3148148148148149,1.2666185454129413,0.145,,0.012,,0.0,,False,96.0,99.0,96.0,88.0,93.0,91.0,91.0,92.0,94.0,high,high,high,high,high,high,high,high,high,2026-08-15
hitter,PHI,MIN,Alec Bohm,664761,5.0,1B,Confirmed,4.18,,,,,0.76,0.54,,,,,0.7744679546891727,0.7447205003396633,0.537997242065684,0.5416505633105647,1.0980834272829765,1.0571539873856681,0.051088018218862545,0.052990385019555414,,,1.08,0.49,0.44,2.02,0.05,1.49,0.18,0.01,0.0,0.281,1.5956790123456794,1.3965704634835658,0.18,,0.01,,0.0,,False,96.0,99.0,96.0,88.0,93.0,91.0,91.0,92.0,94.0,high,high,high,high,high,high,high,high,high,2026-08-15
hitter,PHI,MIN,Edmundo Sosa,624641,6.0,SS,Confirmed,3.1,,,,,0.89,0.33,,,,,0.9034648421964512,0.8781061950452934,0.3452627753348556,0.30498458035609455,0.801980198019802,0.5950205347348281,0.03947767042939911,0.028806528266919172,,,0.69,0.28,0.29,1.28,0.03,1.03,0.17,0.01,0.0,0.256,1.239368165249089,0.8542455053617433,0.165,,0.009,,0.0,,False,96.0,99.0,96.0,88.0,93.0,91.0,91.0,92.0,94.0,high,high,high,high,high,high,high,high,high,2026-08-15
hitter,PHI,MIN,Bryson Stott,681082,7.0,3B,Confirmed,4.03,,,,,0.82,0.61,,,,,0.802025846027142,0.8359991786490529,0.6404170070950206,0.5744630814610625,0.994208494208494,0.8606431011226064,0.03552339336600088,0.03901886648869182,,,0.92,0.39,0.34,1.72,0.04,1.2,0.17,0.01,0.0,0.271,1.239368165249089,1.1693519029478063,0.173,,0.01,,0.0,,False,96.0,99.0,96.0,88.0,93.0,91.0,91.0,92.0,94.0,high,high,high,high,high,high,high,high,high,2026-08-15
hitter,PHI,MIN,J.T. Realmuto,592663,8.0,C,Confirmed,3.33,,,,,0.96,0.41,,,,,0.9427332949195554,0.9747643336482291,0.4310744564696364,0.3943531640655981,0.707983193277311,0.6351825036844171,0.04534951981942643,0.03811182774825991,,,0.67,0.28,0.25,1.24,0.04,0.99,0.14,0.01,0.0,0.236,1.1238670694864048,0.8836646531347192,0.135,,0.009,,0.0,,False,96.0,99.0,96.0,88.0,93.0,91.0,91.0,92.0,94.0,high,high,high,high,high,high,high,high,high,2026-08-15
hitter,PHI,MIN,Derek Hill,656537,9.0,RF,Confirmed,3.1,,,,,1.18,0.34,,,,,1.2209945826763176,1.1295244438223486,0.34403980321082905,0.3310387179621999,0.7061469265367316,0.4575117431405836,0.04025451412556334,0.03395344217760583,,,0.57,0.27,0.25,1.21,0.04,0.9,0.15,0.01,0.0,0.25,0.9875776397515532,0.8348959926071369,0.152,,0.008,,0.0,,False,96.0,99.0,96.0,88.0,93.0,91.0,91.0,92.0,94.0,high,high,high,high,high,high,high,high,high,2026-08-15
hitter,PIT,BOS,Spencer Horwitz,687462,1.0,1B,Confirmed,4.18,,,,,0.67,0.45,,,,,0.6873005942646857,0.6569851605885382,0.45080902556505875,0.44787163938449387,1.0,0.9463939115836135,0.035112238033320156,0.026322288213372853,,,0.97,0.47,0.33,1.6,0.03,1.32,0.13,0.01,0.0,0.287,1.3148148148148149,1.3287219516401616,0.132,,0.006,,0.0,,False,96.0,99.0,96.0,88.0,93.0,91.0,91.0,92.0,94.0,high,high,high,high,high,high,high,high,high,2026-08-15
hitter,PIT,BOS,Brandon Lowe,664040,2.0,2B,Confirmed,4.18,,,,,1.12,0.5,,,,,1.1524607710759465,1.0913263653330358,0.5294796480157823,0.46607166307203,1.4947368421052631,1.1126100019492275,0.26868602407173076,0.26915540699666596,,,1.28,0.52,0.4,1.72,0.27,2.32,0.14,0.01,0.0,0.309,2.552380952380952,2.1290732257344938,0.142,,0.007,,0.0,,False,96.0,99.0,96.0,88.0,93.0,91.0,91.0,92.0,94.0,high,high,high,high,high,high,high,high,high,2026-08-15
hitter,PIT,BOS,Bryan Reynolds,668804,3.0,DH,Confirmed,4.18,,,,,1.08,0.48,,,,,1.1417776100473571,1.0238862924086016,0.5025050886557487,0.4600969615274371,1.4947368421052631,1.1478601620940334,0.14069853795451157,0.15956290289588315,,,1.3,0.46,0.38,1.61,0.15,1.92,0.14,0.01,0.0,0.28,2.057017543859649,1.806881200580261,0.137,,0.01,,0.0,,False,96.0,99.0,96.0,88.0,93.0,91.0,91.0,92.0,94.0,high,high,high,high,high,high,high,high,high,2026-08-15
hitter,PIT,BOS,Esmerlyn Valdez,699013,4.0,LF,Confirmed,3.81,,,,,1.13,0.47,,,,,1.2042770155501088,1.0588186790597716,0.5175415703637727,0.4258165292086243,1.0980834272829765,0.940383457701653,0.22526757803965575,0.19978464245101182,,,1.01,0.4,0.35,1.34,0.21,1.87,0.11,0.01,0.0,0.265,2.057017543859649,1.723525630535416,0.113,,0.008,,0.0,,False,96.0,99.0,96.0,88.0,93.0,91.0,91.0,92.0,94.0,high,high,high,high,high,high,high,high,high,2026-08-15
hitter,PIT,BOS,Ronny Simon,682927,5.0,RF,Confirmed,3.49,,,,,0.76,0.27,,,,,0.7324579692341054,0.7821561675849159,0.276102594959051,0.26701112564585816,0.801980198019802,0.6935505482300022,0.08210928760226055,0.08286439456814185,,,0.74,0.34,0.28,1.27,0.08,1.15,0.12,0.01,0.0,0.248,1.239368165249089,1.0767816334281588,0.116,,0.007,,0.0,,False,96.0,99.0,96.0,88.0,93.0,91.0,91.0,92.0,94.0,high,high,high,high,high,high,high,high,high,2026-08-15
hitter,PIT,BOS,Jacob Gonzalez,694378,6.0,SS,Confirmed,3.1,,,,,0.53,0.18,,,,,0.5151218526885661,0.5366577660257987,0.20362482159102416,0.151033987243616,0.801980198019802,0.6659255178653551,0.197540026739389,0.19670990035015665,,,0.73,0.28,0.27,1.07,0.2,1.43,0.11,0.01,0.0,0.262,1.5956790123456794,1.2855841420033565,0.112,,0.009,,0.0,,False,96.0,99.0,96.0,88.0,93.0,91.0,91.0,92.0,94.0,high,high,high,high,high,high,high,high,high,2026-08-15
hitter,PIT,BOS,Jake Mangum,663968,7.0,CF,Confirmed,3.93,,,,,0.53,0.28,,,,,0.5513774186376811,0.5106421471924832,0.31181077302524474,0.2563618630631062,1.4947368421052631,1.1328130719849248,0.08200356819666818,0.06354406664204729,,,1.3,0.38,0.34,1.59,0.07,1.72,0.12,0.01,0.0,0.269,1.914285714285714,1.5591428207463403,0.121,,0.008,,0.0,,False,96.0,99.0,96.0,88.0,93.0,91.0,91.0,92.0,94.0,high,high,high,high,high,high,high,high,high,2026-08-15
hitter,PIT,BOS,Rafael Flores Jr.,804668,8.0,C,Confirmed,3.74,,,,,0.72,0.32,,,,,0.598426845369606,0.8362789540571437,0.3214699215401988,0.3248930941634316,0.801980198019802,0.7854311531131793,0.10046789169234496,0.1457115193889182,,,0.79,0.31,0.26,1.21,0.12,1.27,0.11,0.01,0.0,0.246,1.239368165249089,1.300655244289442,0.11,,0.008,,0.0,,False,96.0,99.0,96.0,88.0,93.0,91.0,91.0,92.0,94.0,high,high,high,high,high,high,high,high,high,2026-08-15
hitter,PIT,BOS,Jared Triolo,669707,9.0,3B,Confirmed,3.96,,,,,0.9,0.43,,,,,0.8824763211353283,0.9192606766494693,0.46820120331346604,0.3835599220821794,1.0980834272829765,1.0111480398023005,0.08541147915044964,0.05947113336340737,,,1.05,0.35,0.29,1.35,0.07,1.56,0.11,0.01,0.0,0.264,1.684375,1.4666615557773637,0.114,,0.009,,0.0,,False,96.0,99.0,96.0,88.0,93.0,91.0,91.0,92.0,94.0,high,high,high,high,high,high,high,high,high,2026-08-15
hitter,BOS,PIT,Masataka Yoshida,807799,1.0,DH,Confirmed,3.1,,,,,0.61,0.16,,,,,0.6370410650842512,0.585138691775777,0.17532189750828114,0.14357033776206435,0.8694581280788177,0.6950682942917482,0.1506562384903628,0.11675222907786058,,,0.77,0.29,0.2,1.01,0.13,1.33,0.11,0.01,0.0,0.244,1.4759615384615385,1.2137355394686742,0.106,,0.007,,0.0,,False,96.0,99.0,96.0,88.0,93.0,91.0,91.0,92.0,94.0,high,high,high,high,high,high,high,high,high,2026-08-15
hitter,BOS,PIT,Ceddanne Rafaela,678882,2.0,CF,Confirmed,4.25,,,,,0.95,0.19,,,,,0.8913416957181775,1.0162632265259566,0.18720554954516308,0.18735427096456184,1.0980834272829765,1.066123911384581,0.18967524555180362,0.18053897131236937,,,1.08,0.37,0.26,1.33,0.19,1.89,0.11,0.01,0.0,0.221,1.914285714285714,1.869633949294738,0.114,,0.009,,0.0,,False,96.0,99.0,96.0,88.0,93.0,91.0,91.0,92.0,94.0,high,high,high,high,high,high,high,high,high,2026-08-15
hitter,BOS,PIT,Adley Rutschman,668939,3.0,C,Confirmed,4.25,,,,,0.6,0.39,,,,,0.588855569429711,0.6054198888316913,0.3815827632498482,0.40039247244685555,0.994208494208494,0.9661693001834774,0.03539199498531542,0.040342733970030256,,,0.98,0.42,0.3,1.43,0.04,1.25,0.14,0.01,0.0,0.263,1.239368165249089,1.2676565712660908,0.137,,0.008,,0.0,,False,96.0,99.0,96.0,88.0,93.0,91.0,91.0,92.0,94.0,high,high,high,high,high,high,high,high,high,2026-08-15
hitter,BOS,PIT,Willson Contreras,575929,4.0,1B,Confirmed,4.18,,,,,1.36,0.29,,,,,1.3875710534339083,1.3260861740063854,0.3051905401032584,0.2792950141592734,0.994208494208494,0.9826455506932309,0.35287845244935173,0.3253290222059883,,,0.99,0.4,0.31,1.38,0.34,2.31,0.14,0.01,0.0,0.256,2.456692913385827,2.187154519174145,0.143,,0.007,,0.0,,False,96.0,99.0,96.0,88.0,93.0,91.0,91.0,92.0,94.0,high,high,high,high,high,high,high,high,high,2026-08-15
hitter,BOS,PIT,Wilyer Abreu,677800,5.0,RF,Confirmed,3.96,,,,,1.17,0.3,,,,,1.1403655534347468,1.209321807447684,0.3103041636771131,0.29429063143437356,0.8694581280788177,0.850308395534789,0.25131693240117703,0.2584878242911779,,,0.86,0.34,0.24,1.17,0.25,1.84,0.1,0.01,0.0,0.234,1.914285714285714,1.7830598955346186,0.104,,0.009,,0.0,,False,96.0,99.0,96.0,88.0,93.0,91.0,91.0,92.0,94.0,high,high,high,high,high,high,high,high,high,2026-08-15
hitter,BOS,PIT,Caleb Durbin,702332,6.0,3B,Confirmed,3.89,,,,,0.6,0.2,,,,,0.5809131794375283,0.6218511540787536,0.20755843366025672,0.19933619552628976,0.8949771689497716,0.9781513058958365,0.14141886204747903,0.14462250529205706,,,0.94,0.32,0.29,1.31,0.14,1.53,0.13,0.01,0.0,0.244,1.5956790123456794,1.4780566901606065,0.13,,0.008,,0.0,,False,96.0,99.0,96.0,88.0,93.0,91.0,91.0,92.0,94.0,high,high,high,high,high,high,high,high,high,2026-08-15
hitter,BOS,PIT,Jarren Duran,680776,7.0,LF,Confirmed,4.14,,,,,1.36,0.3,,,,,1.3722232688169207,1.3407880125765026,0.3007544550956608,0.29432553010243767,1.0980834272829765,1.0529830889822132,0.4412848052809261,0.3306319849219887,,,1.07,0.36,0.28,1.34,0.39,2.36,0.15,0.02,0.0,0.261,2.456692913385827,2.273466432861388,0.145,,0.017,,0.0,,False,96.0,99.0,96.0,88.0,93.0,91.0,91.0,92.0,94.0,high,high,high,high,high,high,high,high,high,2026-08-15
hitter,BOS,PIT,Andruw Monasterio,655316,8.0,SS,Confirmed,3.1,,,,,0.64,0.47,,,,,0.6493835798828155,0.6334828663219705,0.5372452914090848,0.40759111157730665,0.4125159642401022,0.37551434959685115,0.14231117493825562,0.09085699889768255,,,0.39,0.24,0.18,0.9,0.12,0.97,0.1,0.01,0.0,0.234,1.1238670694864048,0.8445274140817952,0.099,,0.007,,0.0,,False,96.0,99.0,96.0,88.0,93.0,91.0,91.0,92.0,94.0,high,high,high,high,high,high,high,high,high,2026-08-15
hitter,BOS,PIT,Nick Sogard,686765,9.0,2B,Confirmed,2.55,,,,,0.64,0.2,,,,,0.6677308581269228,0.616996035839136,0.22159348699344747,0.17775234046866964,0.5290322580645161,0.41257437174333295,0.017519959569657295,0.006248602221207315,,,0.46,0.17,0.12,0.63,0.01,0.6,0.09,0.01,0.0,0.21,0.6720588235294118,0.5360749863082525,0.087,,0.008,,0.0,,False,96.0,99.0,96.0,88.0,93.0,91.0,91.0,92.0,94.0,high,high,high,high,high,high,high,high,high,2026-08-15
hitter,ATL,AZ,Ronald Acuña Jr.,660670,1.0,RF,Confirmed,4.25,,,,,1.04,0.8,,,,,1.107178985832288,0.9648531041527438,0.8783329467921153,0.718515781749499,1.0980834272829765,1.0151537029681732,0.38005249685606796,0.4267342572070914,,,1.05,0.53,0.44,1.87,0.4,2.54,0.18,0.01,0.0,0.3,2.552380952380952,2.5268035179459227,0.18,,0.007,,0.0,,False,96.0,99.0,96.0,88.0,93.0,91.0,91.0,92.0,94.0,high,high,high,high,high,high,high,high,high,2026-08-15
hitter,ATL,AZ,Drake Baldwin,686948,2.0,DH,Confirmed,4.18,,,,,0.94,0.25,,,,,0.944814564553237,0.9390204158144693,0.2698037351392626,0.2282236696298969,1.0980834272829765,0.9719367790910091,0.14515320694387165,0.1496432640826135,,,1.03,0.46,0.38,1.73,0.15,1.73,0.2,0.01,0.0,0.265,1.914285714285714,1.5799003581090583,0.199,,0.009,,0.0,,False,96.0,99.0,96.0,88.0,93.0,91.0,91.0,92.0,94.0,high,high,high,high,high,high,high,high,high,2026-08-15
hitter,ATL,AZ,Matt Olson,621566,3.0,1B,Confirmed,4.25,,,,,1.26,0.34,,,,,1.3181298085271507,1.198639407848719,0.3488377935391379,0.3389450181280508,0.994208494208494,0.9219760428214183,0.19187586675171217,0.19521447913061035,,,0.95,0.5,0.47,1.87,0.19,1.79,0.16,0.01,0.0,0.281,1.914285714285714,1.6850398867568561,0.163,,0.008,,0.0,,False,96.0,99.0,96.0,88.0,93.0,91.0,91.0,92.0,94.0,high,high,high,high,high,high,high,high,high,2026-08-15
hitter,ATL,AZ,Ozzie Albies,645277,4.0,2B,Confirmed,4.18,,,,,0.61,0.26,,,,,0.6164268539145498,0.5994575002168373,0.2702995115782002,0.25080846120969486,1.0980834272829765,1.0661195810187238,0.1259456916079782,0.1306356230841117,,,1.08,0.49,0.45,1.93,0.13,1.62,0.18,0.01,0.0,0.282,1.684375,1.5724260852698386,0.184,,0.014,,0.0,,False,96.0,99.0,96.0,88.0,93.0,91.0,91.0,92.0,94.0,high,high,high,high,high,high,high,high,high,2026-08-15
hitter,ATL,AZ,Michael Harris II,671739,5.0,CF,Confirmed,4.18,,,,,0.95,0.14,,,,,0.980567982706687,0.9195281795336108,0.14203306902098528,0.14175114336863365,1.0980834272829765,1.1038360872437496,0.15997071153081496,0.16908660694867347,,,1.1,0.5,0.49,1.99,0.16,1.85,0.19,0.01,0.0,0.287,1.914285714285714,1.7942637694500483,0.188,,0.01,,0.0,,False,96.0,99.0,96.0,88.0,93.0,91.0,91.0,92.0,94.0,high,high,high,high,high,high,high,high,high,2026-08-15
hitter,ATL,AZ,Mauricio Dubón,643289,6.0,SS,Confirmed,4.03,,,,,0.52,0.2,,,,,0.48904723649774606,0.5543417316271556,0.19433948491993921,0.2000051280889005,1.0980834272829765,0.9750179154071422,0.06735840381101443,0.08772512751820273,,,1.03,0.4,0.43,1.83,0.08,1.41,0.19,0.01,0.0,0.276,1.4759615384615385,1.3577580642638023,0.186,,0.009,,0.0,,False,96.0,99.0,96.0,88.0,93.0,91.0,91.0,92.0,94.0,high,high,high,high,high,high,high,high,high,2026-08-15
hitter,ATL,AZ,Lane Thomas,657041,7.0,LF,Confirmed,2.77,,,,,0.56,0.19,,,,,0.582527339271147,0.5337436512757692,0.2288809561748791,0.15660599171098383,0.801980198019802,0.5893527015986881,0.11527043179522295,0.08576774515095625,,,0.69,0.2,0.18,0.79,0.1,1.09,0.1,0.01,0.0,0.201,1.3148148148148149,0.8980461962705124,0.102,,0.008,,0.0,,False,96.0,99.0,96.0,88.0,93.0,91.0,91.0,92.0,94.0,high,high,high,high,high,high,high,high,high,2026-08-15
hitter,ATL,AZ,Austin Riley,663586,8.0,3B,Confirmed,4.04,,,,,1.27,0.24,,,,,1.2655436167945615,1.281974182761484,0.22989358462897463,0.25581274314853086,1.0,0.912349202806073,0.18371060243703702,0.18764691622381496,,,0.95,0.42,0.42,1.72,0.19,1.82,0.17,0.01,0.0,0.284,1.914285714285714,1.73512427711865,0.171,,0.008,,0.0,,False,96.0,99.0,96.0,88.0,93.0,91.0,91.0,92.0,94.0,high,high,high,high,high,high,high,high,high,2026-08-15
hitter,ATL,AZ,Sean Murphy,669221,9.0,C,Confirmed,2.55,,,,,0.83,0.06,,,,,0.8300512280129524,0.8264030768741453,0.06303508341253186,0.05346538986950202,0.35424354243542433,0.32150377225002147,0.09859789475579606,0.09554499999952662,,,0.34,0.19,0.18,0.73,0.1,0.67,0.1,0.01,0.0,0.205,0.6720588235294118,0.6751784003002294,0.098,,0.006,,0.0,,False,96.0,99.0,96.0,88.0,93.0,91.0,91.0,92.0,94.0,high,high,high,high,high,high,high,high,high,2026-08-15
hitter,AZ,ATL,Lars Nootbaar,663457,1.0,DH,Confirmed,4.04,,,,,0.58,0.39,,,,,0.5671110655286982,0.5924308385697207,0.40635792728141196,0.3682151223450025,0.8694581280788177,0.8084196541736539,0.028967472456222,0.024611742275756538,,,0.84,0.47,0.37,1.72,0.03,1.19,0.18,0.01,0.0,0.295,1.239368165249089,1.157201723120561,0.182,,0.009,,0.0,,False,96.0,99.0,96.0,88.0,93.0,91.0,91.0,92.0,94.0,high,high,high,high,high,high,high,high,high,2026-08-15
hitter,AZ,ATL,Corbin Carroll,682998,2.0,RF,Confirmed,4.18,,,,,0.94,0.3,,,,,0.9139323164332736,0.9722618795479872,0.3002121122299346,0.3032429044911954,1.0980834272829765,1.0082725021289776,0.331448064779955,0.3917323896512827,,,1.05,0.51,0.41,1.8,0.36,2.44,0.18,0.02,0.0,0.303,2.456692913385827,2.4184632753493323,0.177,,0.016,,0.0,,False,96.0,99.0,96.0,88.0,93.0,91.0,91.0,92.0,94.0,high,high,high,high,high,high,high,high,high,2026-08-15
hitter,AZ,ATL,Geraldo Perdomo,672695,3.0,SS,Confirmed,4.18,,,,,0.44,0.39,,,,,0.4654370228055593,0.42298408718180236,0.39589287345732815,0.3765460650387197,1.0980834272829765,0.9925634006057685,0.18794533262913715,0.19310834805472246,,,1.04,0.48,0.41,1.78,0.19,1.83,0.14,0.01,0.0,0.291,1.914285714285714,1.7686694451726028,0.145,,0.011,,0.0,,False,96.0,99.0,96.0,88.0,93.0,91.0,91.0,92.0,94.0,high,high,high,high,high,high,high,high,high,2026-08-15
hitter,AZ,ATL,Gabriel Moreno,672515,4.0,C,Confirmed,3.96,,,,,0.62,0.29,,,,,0.6094115108893353,0.6249629919302113,0.3014893922284396,0.27865635524884724,1.0980834272829765,0.9842188725096778,0.18863120592050803,0.194789249502883,,,1.04,0.47,0.41,1.75,0.19,1.78,0.16,0.01,0.0,0.294,1.914285714285714,1.6617039752854497,0.16,,0.009,,0.0,,False,96.0,99.0,96.0,88.0,93.0,91.0,91.0,92.0,94.0,high,high,high,high,high,high,high,high,high,2026-08-15
hitter,AZ,ATL,Max Kepler,596146,5.0,LF,Confirmed,3.1,,,,,0.68,0.17,,,,,0.7280441973823355,0.6279102799985975,0.18127917698693954,0.1625289059347201,0.7715355805243446,0.6471072613364206,0.23158375723999822,0.19898878686155705,,,0.7,0.36,0.33,1.33,0.22,1.51,0.11,0.01,0.0,0.279,1.684375,1.3637477346736913,0.112,,0.009,,0.0,,False,96.0,99.0,96.0,88.0,93.0,91.0,91.0,92.0,94.0,high,high,high,high,high,high,high,high,high,2026-08-15
hitter,AZ,ATL,Nolan Arenado,571448,6.0,3B,Confirmed,3.81,,,,,0.55,0.18,,,,,0.561821026413731,0.5296157210302317,0.1924162208491832,0.17545910058564157,0.994208494208494,0.9431398978787436,0.191722654834219,0.2046409306036013,,,0.97,0.37,0.38,1.55,0.2,1.77,0.15,0.01,0.0,0.27,1.914285714285714,1.650616229976722,0.15,,0.008,,0.0,,False,96.0,99.0,96.0,88.0,93.0,91.0,91.0,92.0,94.0,high,high,high,high,high,high,high,high,high,2026-08-15
hitter,AZ,ATL,Tim Tawa,694374,7.0,1B,Confirmed,2.55,,,,,0.83,0.31,,,,,0.9229170867946141,0.7342761674676963,0.36642259498976015,0.252154210416102,0.4125159642401022,0.34079250579976295,0.027408843866840064,0.01004982467182716,,,0.37,0.21,0.19,0.81,0.02,0.59,0.1,0.01,0.0,0.239,0.6720588235294118,0.5166728381169082,0.096,,0.007,,0.0,,False,96.0,99.0,96.0,88.0,93.0,91.0,91.0,92.0,94.0,high,high,high,high,high,high,high,high,high,2026-08-15
hitter,AZ,ATL,Ildemaro Vargas,545121,8.0,2B,Confirmed,3.48,,,,,0.4,0.13,,,,,0.4006820463359323,0.39212638436207553,0.14645896946242062,0.11865438477380255,0.994208494208494,0.8903326883544245,0.17158450373741263,0.1810676896550085,,,0.94,0.34,0.32,1.43,0.18,1.59,0.18,0.01,0.0,0.275,1.684375,1.5169847256289346,0.18,,0.011,,0.0,,False,96.0,99.0,96.0,88.0,93.0,91.0,91.0,92.0,94.0,high,high,high,high,high,high,high,high,high,2026-08-15
hitter,AZ,ATL,Ryan Waldschmidt,814439,9.0,LF,Confirmed,3.96,,,,,1.13,0.26,,,,,1.0612525522492573,1.1951578466870538,0.273184657883214,0.25257664260330487,0.801980198019802,0.70471769535484,0.08901753525544642,0.10052025061256155,,,0.75,0.39,0.34,1.6,0.09,1.19,0.15,0.01,0.0,0.277,1.239368165249089,1.150734360719757,0.147,,0.009,,0.0,,False,96.0,99.0,96.0,88.0,93.0,91.0,91.0,92.0,94.0,high,high,high,high,high,high,high,high,high,2026-08-15
hitter,LAD,MIL,Shohei Ohtani,660271,1.0,DH,Confirmed,4.26,,,,,0.8,0.32,,,,,0.8151739173514024,0.7844717116176917,0.3462045827884118,0.2984776091141405,1.607843137254902,1.3501684437958985,0.4276130616874984,0.3126486100842827,,,1.47,0.66,0.6,2.14,0.37,2.94,0.14,0.01,0.0,0.362,3.5,2.489180593280467,0.14,,0.011,,0.0,,False,96.0,99.0,96.0,88.0,93.0,91.0,91.0,92.0,94.0,high,high,high,high,high,high,high,high,high,2026-08-15
hitter,LAD,MIL,Freddie Freeman,518692,2.0,1B,Confirmed,4.25,,,,,0.53,0.2,,,,,0.5440404496637073,0.513344339667854,0.21020698013055095,0.19891603903619526,1.607843137254902,1.3437602287117814,0.18306604889076816,0.16153170141368242,,,1.46,0.58,0.51,2.09,0.17,2.25,0.15,0.01,0.0,0.324,2.456692913385827,2.08027092399314,0.148,,0.01,,0.0,,False,96.0,99.0,96.0,88.0,93.0,91.0,91.0,92.0,94.0,high,high,high,high,high,high,high,high,high,2026-08-15
hitter,LAD,MIL,Andy Pages,681624,3.0,CF,Confirmed,4.18,,,,,0.58,0.15,,,,,0.5803964324770293,0.5830010215052756,0.1597845176430761,0.13181119687823006,1.4947368421052631,1.2982170507007038,0.1609536334775229,0.14814278392051683,,,1.39,0.54,0.55,1.96,0.15,2.0,0.13,0.01,0.0,0.3,2.057017543859649,1.9589634953964223,0.134,,0.007,,0.0,,False,96.0,99.0,96.0,88.0,93.0,91.0,91.0,92.0,94.0,high,high,high,high,high,high,high,high,high,2026-08-15
hitter,LAD,MIL,Max Muncy,571970,4.0,3B,Confirmed,3.96,,,,,0.7,0.25,,,,,0.6790545416439528,0.7265802730763158,0.25724264755919185,0.2487706839914094,1.1391752577319587,1.1064756242377882,0.23287673640107565,0.18862302054235355,,,1.12,0.49,0.49,1.68,0.21,1.95,0.11,0.01,0.0,0.29,2.057017543859649,1.8604476990457135,0.109,,0.007,,0.0,,False,96.0,99.0,96.0,88.0,93.0,91.0,91.0,92.0,94.0,high,high,high,high,high,high,high,high,high,2026-08-15
hitter,LAD,MIL,Mookie Betts,605141,5.0,SS,Confirmed,4.25,,,,,0.31,0.16,,,,,0.33864527567184877,0.2769808919016038,0.17098411122524748,0.15734887194138603,1.607843137254902,1.3040906303376079,0.17812022391975416,0.15542175299951105,,,1.44,0.58,0.58,2.16,0.17,1.97,0.12,0.01,0.0,0.319,2.057017543859649,1.8924826060465714,0.123,,0.009,,0.0,,False,96.0,99.0,96.0,88.0,93.0,91.0,91.0,92.0,94.0,high,high,high,high,high,high,high,high,high,2026-08-15
hitter,LAD,MIL,Tommy Edman,669242,6.0,2B,Confirmed,3.49,,,,,0.47,0.11,,,,,0.5057419527572579,0.4410983432051557,0.12942774775073973,0.08370254474228336,1.4947368421052631,0.9965565751940962,0.11458180031804296,0.10042183746978048,,,1.22,0.36,0.4,1.52,0.11,1.77,0.13,0.01,0.0,0.277,2.057017543859649,1.5415714763340345,0.125,,0.007,,0.0,,False,96.0,99.0,96.0,88.0,93.0,91.0,91.0,92.0,94.0,high,high,high,high,high,high,high,high,high,2026-08-15
hitter,LAD,MIL,Teoscar Hernández,606192,7.0,LF,Confirmed,4.04,,,,,0.72,0.13,,,,,0.6930731675147362,0.7512652244684165,0.1457528935062955,0.10549856438155762,1.607843137254902,1.3375717467672292,0.19701632946939093,0.18344394651488946,,,1.46,0.47,0.49,1.84,0.19,2.23,0.16,0.01,0.0,0.312,2.456692913385827,2.039714418153774,0.161,,0.007,,0.0,,False,96.0,99.0,96.0,88.0,93.0,91.0,91.0,92.0,94.0,high,high,high,high,high,high,high,high,high,2026-08-15
hitter,LAD,MIL,Alex Call,669743,8.0,RF,Confirmed,3.02,,,,,0.73,0.31,,,,,0.7116831672512285,0.742321603759645,0.3400827460348095,0.289438112895553,0.4125159642401022,0.31132822402225274,0.02001543978340419,0.0173430472042513,,,0.36,0.28,0.26,1.18,0.02,0.44,0.1,0.01,0.0,0.262,0.44025157232704404,0.43544638100600846,0.101,,0.007,,0.0,,False,96.0,99.0,96.0,88.0,93.0,91.0,91.0,92.0,94.0,high,high,high,high,high,high,high,high,high,2026-08-15
hitter,LAD,MIL,Hunter Feduccia,676439,9.0,C,Confirmed,2.77,,,,,0.9,0.17,,,,,0.8841311682065934,0.9082854675919864,0.1945471941428427,0.13993826096415662,0.3344051446945337,0.2575965715916296,0.021604631358988935,0.011715810732353235,,,0.29,0.21,0.2,0.81,0.02,0.43,0.1,0.01,0.0,0.211,0.4591194968553459,0.4074906470738689,0.098,,0.007,,0.0,,False,96.0,99.0,96.0,88.0,93.0,91.0,91.0,92.0,94.0,high,high,high,high,high,high,high,high,high,2026-08-15
hitter,MIL,LAD,Jackson Chourio,694192,1.0,LF,Confirmed,4.45,,,,,1.56,0.16,,,,,1.5738203431279172,1.5464562153232184,0.17390016445069606,0.15536999523168424,1.0980834272829765,1.0581965644723847,0.05360009893193537,0.027978787205896576,,,1.08,0.5,0.42,1.92,0.04,1.36,0.18,0.02,0.0,0.272,1.3148148148148149,1.3958962036061353,0.179,,0.016,,0.0,,False,96.0,99.0,96.0,88.0,93.0,91.0,91.0,92.0,94.0,high,high,high,high,high,high,high,high,high,2026-08-15
hitter,MIL,LAD,Luis Lara,800325,2.0,RF,Confirmed,1.84,,,,,0.66,0.11,,,,,0.6950834090377682,0.6204743070247517,0.13573115530310637,0.08294052128034908,0.35424354243542433,0.2555396292601727,0.04090868154063802,0.026702031236891296,,,0.3,0.17,0.14,0.66,0.03,0.41,0.09,0.01,0.0,0.233,0.4591194968553459,0.361576553467566,0.093,,0.007,,0.0,,False,96.0,99.0,96.0,88.0,93.0,91.0,91.0,92.0,94.0,high,high,high,high,high,high,high,high,high,2026-08-15
hitter,MIL,LAD,Andrew Vaughn,683734,3.0,3B,Confirmed,2.9,,,,,0.44,0.07,,,,,0.438224528665177,0.44844890989865,0.08851477805419901,0.04690459135991676,0.4125159642401022,0.5020238744755194,0.08811009212424575,0.07264829017475803,,,0.46,0.3,0.28,1.17,0.08,0.82,0.12,0.01,0.0,0.25,0.8408408408408409,0.7965308347167116,0.115,,0.009,,0.0,,False,96.0,99.0,96.0,88.0,93.0,91.0,91.0,92.0,94.0,high,high,high,high,high,high,high,high,high,2026-08-15
hitter,MIL,LAD,Jake Bauers,641343,4.0,1B,Confirmed,4.03,,,,,1.62,0.22,,,,,1.6045458723871175,1.6365750698362997,0.2105423790875939,0.22276633862762155,0.801980198019802,0.7899393242038397,0.04955393317351645,0.07421354440508865,,,0.8,0.43,0.41,1.65,0.06,1.11,0.14,0.01,0.0,0.258,1.1521739130434783,1.0698682874829095,0.143,,0.007,,0.0,,False,96.0,99.0,96.0,88.0,93.0,91.0,91.0,92.0,94.0,high,high,high,high,high,high,high,high,high,2026-08-15
hitter,MIL,LAD,Gary Sánchez,596142,5.0,1B,Confirmed,3.49,,,,,0.71,0.14,,,,,0.660964526074075,0.7527825022343955,0.1577560081494488,0.12398640932004272,0.7061469265367316,0.649358745520901,0.15480152655129698,0.10381926081393412,,,0.67,0.43,0.4,1.6,0.13,1.12,0.13,0.01,0.0,0.293,1.239368165249089,1.0246362762890184,0.128,,0.009,,0.0,,False,96.0,99.0,96.0,88.0,93.0,91.0,91.0,92.0,94.0,high,high,high,high,high,high,high,high,high,2026-08-15
hitter,MIL,LAD,Christian Yelich,592885,6.0,DH,Confirmed,4.25,,,,,1.7,0.21,,,,,1.6969683608802293,1.7031395039001591,0.20313413743516776,0.22159539787768556,0.8949771689497716,0.9164038111026303,0.045604675212660296,0.044376174074824866,,,0.91,0.4,0.43,1.73,0.04,1.26,0.17,0.01,0.0,0.262,1.239368165249089,1.2760239566955918,0.169,,0.009,,0.0,,False,96.0,99.0,96.0,88.0,93.0,91.0,91.0,92.0,94.0,high,high,high,high,high,high,high,high,high,2026-08-15
hitter,MIL,LAD,William Contreras,661388,7.0,C,Confirmed,4.26,,,,,1.12,0.23,,,,,1.078321514925561,1.162337297114201,0.2147461470765895,0.2416969558119886,1.0980834272829765,1.0268681033042169,0.057145786571085884,0.061619400713356615,,,1.06,0.45,0.43,1.88,0.06,1.4,0.19,0.01,0.0,0.29,1.3893129770992367,1.4126977151041276,0.19,,0.008,,0.0,,False,96.0,99.0,96.0,88.0,93.0,91.0,91.0,92.0,94.0,high,high,high,high,high,high,high,high,high,2026-08-15
hitter,MIL,LAD,Joey Ortiz,687401,8.0,SS,Confirmed,3.1,,,,,0.75,0.11,,,,,0.6949911804007943,0.8027321610679473,0.11262249242139065,0.11066459895645933,0.707983193277311,0.640712382501089,0.026141041439088797,0.01863034273822749,,,0.67,0.3,0.28,1.28,0.02,0.84,0.13,0.01,0.0,0.265,0.8408408408408409,0.8304718362351072,0.125,,0.009,,0.0,,False,96.0,99.0,96.0,88.0,93.0,91.0,91.0,92.0,94.0,high,high,high,high,high,high,high,high,high,2026-08-15
hitter,MIL,LAD,Jonathan Ornelas,680716,9.0,2B,Confirmed,3.96,,,,,0.72,0.22,,,,,0.44206045922534853,0.9888078318507134,0.20870705256426567,0.22980718555943877,1.0980834272829765,0.9082539990391459,0.10512372922890345,0.11751142291698531,,,0.99,0.35,0.33,1.55,0.11,1.27,0.11,0.01,0.0,0.243,1.3893129770992367,1.179807072930992,0.111,,0.009,,0.0,,False,96.0,99.0,96.0,88.0,93.0,91.0,91.0,92.0,94.0,high,high,high,high,high,high,high,high,high,2026-08-15
hitter,LAA,KC,Wade Meckler,685133,1.0,LF,Confirmed,3.49,,,,,1.1,0.13,,,,,1.060303352636519,1.1318604333004927,0.13830800507678226,0.1130720774540734,1.0,0.8559305229907678,0.02809923567654967,0.021640398428138682,,,0.92,0.48,0.38,1.96,0.02,1.13,0.21,0.01,0.0,0.342,1.239368165249089,1.0407319548915903,0.211,,0.01,,0.0,,False,82.0,86.0,82.0,74.0,79.0,77.0,77.0,78.0,80.0,high,high,high,medium,medium,medium,medium,medium,high,2026-08-15
hitter,LAA,KC,Mike Trout,545361,2.0,CF,Confirmed,4.61,,,,,1.27,0.75,,,,,1.2698591299195348,1.265122216356331,0.702677673728757,0.7960207978281516,0.8770949720670391,0.8965209600904721,0.2714056748425758,0.24289586968688345,,,0.89,0.65,0.47,1.99,0.26,1.82,0.14,0.01,0.0,0.364,1.914285714285714,1.7340774732130082,0.142,,0.007,,0.0,,False,82.0,86.0,82.0,74.0,79.0,77.0,77.0,78.0,80.0,high,high,high,medium,medium,medium,medium,medium,high,2026-08-15
hitter,LAA,KC,Nolan Schanuel,694384,3.0,1B,Confirmed,4.26,,,,,0.71,0.4,,,,,0.6335909650607943,0.7861504639259543,0.412148118061167,0.3917599543319044,0.8770949720670391,0.9005084779712924,0.08874498538992834,0.09265486169117157,,,0.89,0.48,0.4,1.76,0.09,1.3,0.16,0.01,0.0,0.291,1.3148148148148149,1.286401938235893,0.157,,0.011,,0.0,,False,82.0,86.0,82.0,74.0,79.0,77.0,77.0,78.0,80.0,high,high,high,medium,medium,medium,medium,medium,high,2026-08-15
hitter,LAA,KC,Zach Neto,687263,4.0,SS,Confirmed,4.68,,,,,1.66,0.27,,,,,1.5848552805543796,1.734722100352836,0.2519924595497586,0.2923440630404585,1.1391752577319587,1.2712948192708986,0.07889473475605452,0.09681892282154393,,,1.21,0.7,0.62,2.81,0.09,1.89,0.29,0.01,0.0,0.366,1.914285714285714,1.8761963978272378,0.29,,0.01,,0.0,,False,82.0,86.0,82.0,74.0,79.0,77.0,77.0,78.0,80.0,high,high,high,medium,medium,medium,medium,medium,high,2026-08-15
hitter,LAA,KC,Moisés Ballesteros,694208,5.0,DH,Confirmed,3.1,,,,,0.92,0.35,,,,,0.9438301999956372,0.8905024141290238,0.37532296389045705,0.3213444670795345,0.7061469265367316,0.5789553031349157,0.09451045566405555,0.07949926562675867,,,0.64,0.41,0.34,1.45,0.09,1.04,0.12,0.01,0.0,0.336,1.239368165249089,0.8853767832327172,0.118,,0.008,,0.0,,False,82.0,86.0,82.0,74.0,79.0,77.0,77.0,78.0,80.0,high,high,high,medium,medium,medium,medium,medium,high,2026-08-15
hitter,LAA,KC,Josh Lowe,666139,6.0,RF,Confirmed,4.08,,,,,1.27,0.14,,,,,1.21401097696596,1.3233052906282086,0.14399933786388922,0.13089874021713238,1.0980834272829765,1.0511875302640734,0.05078125955603159,0.0578867077837481,,,1.07,0.44,0.45,1.99,0.05,1.42,0.21,0.01,0.0,0.302,1.3893129770992367,1.4528929220895839,0.213,,0.013,,0.0,,False,82.0,86.0,82.0,74.0,79.0,77.0,77.0,78.0,80.0,high,high,high,medium,medium,medium,medium,medium,high,2026-08-15
hitter,LAA,KC,Denzer Guzman,694203,7.0,3B,Confirmed,4.57,,,,,1.5,0.18,,,,,1.3925647295027423,1.601011414524199,0.174261127846213,0.18920550631744468,1.1391752577319587,1.2207371328053152,0.048319018464899055,0.0637556371433353,,,1.18,0.58,0.52,2.6,0.06,1.82,0.29,0.01,0.0,0.354,1.914285714285714,1.7356525111009593,0.285,,0.012,,0.0,,False,82.0,86.0,82.0,74.0,79.0,77.0,77.0,78.0,80.0,high,high,high,medium,medium,medium,medium,medium,high,2026-08-15
hitter,LAA,KC,Adam Frazier,624428,8.0,2B,Confirmed,2.26,,,,,0.82,0.12,,,,,0.8905883788127356,0.7555313630816647,0.13356610345027214,0.10090608930275163,0.2543859649122807,0.1933820026278856,0.014931605239337125,0.005547468674567404,,,0.22,0.12,0.09,0.47,0.01,0.32,0.06,0.01,0.0,0.162,0.3888888888888889,0.25700577852681683,0.064,,0.007,,0.0,,False,82.0,86.0,82.0,74.0,79.0,77.0,77.0,78.0,80.0,high,high,high,medium,medium,medium,medium,medium,high,2026-08-15
hitter,LAA,KC,Tyler Heineman,623168,9.0,C,Confirmed,3.1,,,,,0.81,0.16,,,,,0.8056669412114074,0.8054968566225417,0.1737620546690957,0.14692866492143608,0.5290322580645161,0.5066480179283168,0.04212610563828316,0.04629617327915973,,,0.52,0.24,0.2,0.97,0.04,0.76,0.11,0.01,0.0,0.224,0.7899761336515513,0.7324787998854863,0.109,,0.009,,0.0,,False,82.0,86.0,82.0,74.0,79.0,77.0,77.0,78.0,80.0,high,high,high,medium,medium,medium,medium,medium,high,2026-08-15
hitter,KC,LAA,Nick Loftin,679845,1.0,3B,Confirmed,4.18,,,,,0.4,0.25,,,,,0.4023212786482879,0.3914295523423314,0.25222130321920705,0.24432724799798441,1.4947368421052631,1.1780374901978132,0.13607250341125116,0.12285531460665876,,,1.32,0.47,0.34,1.7,0.13,1.77,0.16,0.01,0.0,0.283,1.914285714285714,1.6580575266160809,0.161,,0.009,,0.0,,False,96.0,99.0,96.0,88.0,93.0,91.0,91.0,92.0,94.0,high,high,high,high,high,high,high,high,high,2026-08-15
hitter,KC,LAA,Bobby Witt Jr.,677951,2.0,SS,Confirmed,3.96,,,,,0.57,0.22,,,,,0.5835210345993146,0.5532642013299364,0.2511387809721852,0.1917457529992104,1.4947368421052631,1.2079193543898772,0.3110669811638068,0.3532592285490892,,,1.34,0.51,0.38,1.79,0.33,2.51,0.17,0.01,0.0,0.33,2.552380952380952,2.4782535752081962,0.166,,0.014,,0.0,,False,96.0,99.0,96.0,88.0,93.0,91.0,91.0,92.0,94.0,high,high,high,high,high,high,high,high,high,2026-08-15
hitter,KC,LAA,Jac Caglianone,695506,3.0,1B,Confirmed,4.26,,,,,0.82,0.26,,,,,0.8011137155981565,0.833701821699715,0.2904426995969339,0.22979819661565504,1.4947368421052631,1.1861272446896955,0.37294101864658125,0.31142782649259615,,,1.33,0.58,0.5,2.08,0.34,2.61,0.17,0.01,0.0,0.338,2.6,2.62133291727282,0.169,,0.014,,0.0,,False,96.0,99.0,96.0,88.0,93.0,91.0,91.0,92.0,94.0,high,high,high,high,high,high,high,high,high,2026-08-15
hitter,KC,LAA,Salvador Perez,521692,4.0,DH,Confirmed,4.45,,,,,0.65,0.17,,,,,0.6630007287206598,0.6380544995964845,0.17885784053458506,0.15450761073139724,1.607843137254902,1.4458488010650166,0.4783554855809407,0.40488804746208296,,,1.52,0.61,0.58,2.28,0.44,2.81,0.21,0.01,0.0,0.33,2.775,2.8440103975422395,0.206,,0.008,,0.0,,False,96.0,99.0,96.0,88.0,93.0,91.0,91.0,92.0,94.0,high,high,high,high,high,high,high,high,high,2026-08-15
hitter,KC,LAA,Isaac Collins,686555,5.0,LF,Confirmed,3.49,,,,,0.6,0.24,,,,,0.5937862151912394,0.6013915797465839,0.27600713672765065,0.19451497777165527,1.0980834272829765,0.9149697077124688,0.14125945747242405,0.1288290570027393,,,1.0,0.4,0.32,1.43,0.14,1.58,0.13,0.01,0.0,0.3,1.914285714285714,1.3147336942324275,0.129,,0.008,,0.0,,False,96.0,99.0,96.0,88.0,93.0,91.0,91.0,92.0,94.0,high,high,high,high,high,high,high,high,high,2026-08-15
hitter,KC,LAA,Michael Massey,686681,6.0,2B,Confirmed,3.49,,,,,0.38,0.16,,,,,0.41600336203232946,0.3492001284152551,0.18154652184870115,0.13122485567054973,1.0980834272829765,0.8959208166497427,0.11765947156321704,0.14113719706580918,,,0.99,0.35,0.35,1.5,0.13,1.49,0.15,0.01,0.0,0.286,1.684375,1.339849712694399,0.153,,0.009,,0.0,,False,96.0,99.0,96.0,88.0,93.0,91.0,91.0,92.0,94.0,high,high,high,high,high,high,high,high,high,2026-08-15
hitter,KC,LAA,Starling Marte,516782,7.0,RF,Confirmed,3.81,,,,,0.68,0.2,,,,,0.6664297551670519,0.6963720616786744,0.23335558652753344,0.1699055332033462,1.0980834272829765,1.020933457144231,0.2137427505859109,0.15257726028186663,,,1.06,0.37,0.31,1.45,0.18,1.77,0.15,0.01,0.0,0.279,1.914285714285714,1.6440957947223445,0.147,,0.01,,0.0,,False,96.0,99.0,96.0,88.0,93.0,91.0,91.0,92.0,94.0,high,high,high,high,high,high,high,high,high,2026-08-15
hitter,KC,LAA,Luke Maile,571912,8.0,C,Confirmed,3.81,,,,,0.7,0.21,,,,,0.6191683866465131,0.7906397858681319,0.2232342323762665,0.1902724413711119,1.0980834272829765,0.9559032789507429,0.1588143686513586,0.146146943889836,,,1.02,0.36,0.31,1.47,0.15,1.85,0.14,0.01,0.0,0.275,1.914285714285714,1.803589265384403,0.138,,0.008,,0.0,,False,96.0,99.0,96.0,88.0,93.0,91.0,91.0,92.0,94.0,high,high,high,high,high,high,high,high,high,2026-08-15
hitter,KC,LAA,Tyler Tolbert,686475,9.0,RF,Confirmed,3.49,,,,,0.57,0.14,,,,,0.5221818183784693,0.6189559579151902,0.1654335815370931,0.11911584343729137,1.0980834272829765,0.9512483734428144,0.09446128569780451,0.09605035387413577,,,1.02,0.31,0.27,1.29,0.1,1.47,0.12,0.01,0.0,0.252,1.684375,1.3025271742880231,0.12,,0.008,,0.0,,False,96.0,99.0,96.0,88.0,93.0,91.0,91.0,92.0,94.0,high,high,high,high,high,high,high,high,high,2026-08-15
hitter,ATH,TEX,Henry Bolte,703607,1.0,CF,Confirmed,4.04,,,,,1.35,0.1,,,,,1.2033978919285744,1.4897014432090323,0.09917011548509351,0.09277552224309078,0.35424354243542433,0.4701183380499249,0.025200975798928233,0.012664136297760793,,,0.42,0.49,0.39,1.87,0.02,0.53,0.2,0.01,0.0,0.3,0.44025157232704404,0.5974467572206591,0.205,,0.009,,0.0,,False,96.0,99.0,96.0,88.0,93.0,91.0,91.0,92.0,94.0,high,high,high,high,high,high,high,high,high,2026-08-15
hitter,ATH,TEX,Zack Gelof,680869,2.0,LF,Confirmed,4.04,,,,,1.55,0.1,,,,,1.431238044097651,1.6693414629517438,0.09220660234135336,0.10159186952902205,0.3344051446945337,0.45928885463494734,0.03287696878174812,0.04405577724397622,,,0.4,0.51,0.42,1.92,0.04,0.58,0.16,0.01,0.0,0.305,0.4591194968553459,0.6776893928398595,0.161,,0.01,,0.0,,False,96.0,99.0,96.0,88.0,93.0,91.0,91.0,92.0,94.0,high,high,high,high,high,high,high,high,high,2026-08-15
hitter,ATH,TEX,Jeff McNeil,643446,3.0,1B,Confirmed,3.19,,,,,0.46,0.09,,,,,0.4562738252600935,0.47000539579222644,0.09023724280640591,0.09140433934292215,0.5290322580645161,0.48471386835536046,0.021156618442382966,0.02851873643128211,,,0.5,0.4,0.37,1.58,0.02,0.75,0.18,0.01,0.0,0.313,0.7899761336515513,0.7213589485076375,0.182,,0.011,,0.0,,False,96.0,99.0,96.0,88.0,93.0,91.0,91.0,92.0,94.0,high,high,high,high,high,high,high,high,high,2026-08-15
hitter,ATH,TEX,Jonah Heim,641680,4.0,DH,Confirmed,3.58,,,,,1.03,0.11,,,,,0.9663690888875166,1.0964662218618688,0.09602025876534573,0.11620826487540004,0.3344051446945337,0.3457666875597612,0.028835568518642444,0.03452976593284491,,,0.34,0.45,0.41,1.73,0.03,0.52,0.19,0.01,0.0,0.307,0.4591194968553459,0.5613249611404728,0.192,,0.011,,0.0,,False,96.0,99.0,96.0,88.0,93.0,91.0,91.0,92.0,94.0,high,high,high,high,high,high,high,high,high,2026-08-15
hitter,ATH,TEX,Tommy White,695720,5.0,1B,Confirmed,2.07,,,,,0.57,0.11,,,,,0.5167661629712988,0.6233506558776672,0.1396071112481467,0.08013546259709639,0.4125159642401022,0.26909123806240054,0.07916155608181519,0.07753671119118405,,,0.33,0.24,0.22,0.95,0.08,0.67,0.11,0.01,0.0,0.294,0.7899761336515513,0.5696818767929775,0.107,,0.01,,0.0,,False,96.0,99.0,96.0,88.0,93.0,91.0,91.0,92.0,94.0,high,high,high,high,high,high,high,high,high,2026-08-15
hitter,ATH,TEX,Lawrence Butler,671732,6.0,RF,Confirmed,3.49,,,,,1.34,0.13,,,,,1.2486215344114153,1.424671082076536,0.1289941825273632,0.1213141339438981,0.3344051446945337,0.2990740652435922,0.027601913558351326,0.03821066806550273,,,0.31,0.38,0.4,1.59,0.03,0.47,0.16,0.01,0.0,0.31,0.44025157232704404,0.49982368581408954,0.164,,0.01,,0.0,,False,96.0,99.0,96.0,88.0,93.0,91.0,91.0,92.0,94.0,high,high,high,high,high,high,high,high,high,2026-08-15
hitter,ATH,TEX,Max Muncy,691777,7.0,3B,Confirmed,3.54,,,,,1.47,0.07,,,,,1.4411772824659963,1.4964375078120493,0.08290361929045821,0.06669382084583635,0.3344051446945337,0.3057213960042682,0.030983601856183103,0.034912954707649296,,,0.32,0.37,0.34,1.51,0.03,0.49,0.15,0.01,0.0,0.291,0.44025157232704404,0.5268171584344424,0.152,,0.008,,0.0,,False,96.0,99.0,96.0,88.0,93.0,91.0,91.0,92.0,94.0,high,high,high,high,high,high,high,high,high,2026-08-15
hitter,ATH,TEX,Brian Serven,661531,8.0,C,Confirmed,2.55,,,,,0.92,0.05,,,,,0.8556035114758587,0.9788121616405435,0.06892555611091218,0.031611847598155995,0.2543859649122807,0.18511550675620697,0.018057892824524125,0.010351990457939608,,,0.22,0.27,0.24,1.09,0.01,0.27,0.11,0.01,0.0,0.293,0.28125,0.253166644676912,0.113,,0.009,,0.0,,False,96.0,99.0,96.0,88.0,93.0,91.0,91.0,92.0,94.0,high,high,high,high,high,high,high,high,high,2026-08-15
hitter,ATH,TEX,Alika Williams,675961,9.0,SS,Confirmed,3.33,,,,,0.97,0.08,,,,,0.9029471431165065,1.0284723572589582,0.08017027011752316,0.07816189110491313,0.5290322580645161,0.5199223799900604,0.021085381332095365,0.017444519692898924,,,0.52,0.36,0.34,1.5,0.02,0.68,0.14,0.01,0.0,0.299,0.6720588235294118,0.6779969513851319,0.14,,0.01,,0.0,,False,96.0,99.0,96.0,88.0,93.0,91.0,91.0,92.0,94.0,high,high,high,high,high,high,high,high,high,2026-08-15
hitter,TEX,ATH,Joc Pederson,592626,1.0,DH,Confirmed,3.96,,,,,0.82,0.35,,,,,0.7230152294193807,0.919420732693563,0.3327947764556184,0.3603185441917052,0.6434108527131783,0.5991242093799478,0.12695199183152017,0.1354896964758047,,,0.62,0.38,0.26,1.12,0.13,1.25,0.1,0.01,0.0,0.255,1.239368165249089,1.26766939092943,0.097,,0.007,,0.0,,False,96.0,99.0,96.0,88.0,93.0,91.0,91.0,92.0,94.0,high,high,high,high,high,high,high,high,high,2026-08-15
hitter,TEX,ATH,Brandon Nimmo,607043,2.0,RF,Confirmed,4.18,,,,,0.71,0.3,,,,,0.6315414962165992,0.7938451217053342,0.30354517339995535,0.29086686842569226,0.801980198019802,0.82455606776649,0.1265836812024417,0.1252076090028847,,,0.81,0.44,0.3,1.38,0.13,1.41,0.13,0.01,0.0,0.277,1.3893129770992367,1.4315009211724605,0.13,,0.009,,0.0,,False,96.0,99.0,96.0,88.0,93.0,91.0,91.0,92.0,94.0,high,high,high,high,high,high,high,high,high,2026-08-15
hitter,TEX,ATH,Corey Seager,608369,3.0,SS,Confirmed,4.57,,,,,0.94,0.82,,,,,0.9412900087891257,0.937250847825554,0.8608396298259803,0.7884770190796049,0.8949771689497716,0.9280457698414667,0.18216259717268551,0.1895921942836113,,,0.91,0.55,0.41,1.67,0.19,1.7,0.13,0.01,0.0,0.323,1.684375,1.704067164665443,0.134,,0.007,,0.0,,False,96.0,99.0,96.0,88.0,93.0,91.0,91.0,92.0,94.0,high,high,high,high,high,high,high,high,high,2026-08-15
hitter,TEX,ATH,Wyatt Langford,694671,4.0,LF,Confirmed,4.45,,,,,1.23,0.37,,,,,1.2623324352773468,1.2040568714011115,0.36683283284699897,0.37947677453950446,1.0980834272829765,1.0962235652629786,0.19055021369720362,0.18241637713477918,,,1.1,0.49,0.38,1.53,0.19,1.98,0.1,0.01,0.0,0.294,2.057017543859649,1.925219000401823,0.103,,0.007,,0.0,,False,96.0,99.0,96.0,88.0,93.0,91.0,91.0,92.0,94.0,high,high,high,high,high,high,high,high,high,2026-08-15
hitter,TEX,ATH,Ezequiel Duran,677649,5.0,3B,Confirmed,3.74,,,,,0.63,0.18,,,,,0.5586870300462482,0.71085060572312,0.18536059772375657,0.17324742615227,0.7061469265367316,0.6161500895697857,0.04932949906380797,0.059169699796723804,,,0.66,0.29,0.22,0.99,0.05,1.0,0.1,0.01,0.0,0.204,1.001763668430335,0.9976061697938657,0.103,,0.008,,0.0,,False,96.0,99.0,96.0,88.0,93.0,91.0,91.0,92.0,94.0,high,high,high,high,high,high,high,high,high,2026-08-15
hitter,TEX,ATH,Evan Carter,694497,6.0,CF,Confirmed,3.1,,,,,0.67,0.23,,,,,0.6376609583180349,0.6994115299771035,0.2511497161349867,0.21320964666739023,0.5290322580645161,0.4815595144587206,0.07042185316061025,0.06381720064638849,,,0.5,0.24,0.2,0.8,0.07,0.84,0.09,0.01,0.0,0.247,0.9875776397515532,0.7119723992544137,0.091,,0.007,,0.0,,False,96.0,99.0,96.0,88.0,93.0,91.0,91.0,92.0,94.0,high,high,high,high,high,high,high,high,high,2026-08-15
hitter,TEX,ATH,Jake Burger,669394,7.0,1B,Confirmed,3.89,,,,,0.81,0.24,,,,,0.746143607197411,0.8674985118228793,0.24968881959393632,0.22838384534866685,0.707983193277311,0.7253758772254432,0.15121676019301436,0.14931662362952314,,,0.72,0.33,0.28,1.14,0.15,1.32,0.12,0.01,0.0,0.255,1.3148148148148149,1.320368566233438,0.117,,0.006,,0.0,,False,96.0,99.0,96.0,88.0,93.0,91.0,91.0,92.0,94.0,high,high,high,high,high,high,high,high,high,2026-08-15
hitter,TEX,ATH,Austin Wynns,642851,8.0,C,Confirmed,3.33,,,,,1.17,0.44,,,,,1.1591857811448507,1.171593870644283,0.4692550115596458,0.41161405027005854,0.5846774193548387,0.5231788359250756,0.03805283540008616,0.02250220952998884,,,0.55,0.25,0.2,0.87,0.03,0.71,0.1,0.01,0.0,0.232,0.6720588235294118,0.733765593166146,0.105,,0.007,,0.0,,False,96.0,99.0,96.0,88.0,93.0,91.0,91.0,92.0,94.0,high,high,high,high,high,high,high,high,high,2026-08-15
hitter,TEX,ATH,Nicky Lopez,670032,9.0,2B,Confirmed,3.19,,,,,0.43,0.17,,,,,0.40094952842554565,0.45522149629536596,0.17340276907783092,0.16588385244434659,0.5846774193548387,0.5308351648635568,0.04073405390159808,0.037247573598484816,,,0.56,0.22,0.17,0.8,0.04,0.83,0.11,0.01,0.0,0.209,0.8408408408408409,0.8175332687724653,0.107,,0.006,,0.0,,False,96.0,99.0,96.0,88.0,93.0,91.0,91.0,92.0,94.0,high,high,high,high,high,high,high,high,high,2026-08-15
