player_type,team,opponent,player_name,mlb_id,lineup_spot,pos,lineup_status,proj_pa,proj_ip,proj_outs,proj_runs_allowed,proj_hits_allowed,proj_strikeouts,proj_walks,proj_hr_allowed,proj_er_model,proj_fip,proj_war_contribution,direct_K,rate_K,direct_BB,rate_BB,direct_H,rate_H,direct_HR,rate_HR,direct_R,rate_R,proj_hits,proj_runs,proj_rbi,proj_hrrbi,proj_hr,proj_tb,proj_2b,proj_3b,proj_sb,proj_woba,direct_TB,rate_TB,direct_2B,rate_2B,direct_3B,rate_3B,direct_SB,rate_SB,used_fallback,confidence_score,proj_pa_confidence_score,proj_hits_confidence_score,proj_hr_confidence_score,proj_strikeouts_confidence_score,proj_runs_confidence_score,proj_rbi_confidence_score,proj_hrrbi_confidence_score,proj_walks_confidence_score,confidence,proj_pa_confidence,proj_hits_confidence,proj_hr_confidence,proj_strikeouts_confidence,proj_runs_confidence,proj_rbi_confidence,proj_hrrbi_confidence,proj_walks_confidence,game_date
pitcher,CLE,WSH,Joey Cantillo,676282,,,,,4.61,14.0,2.5,4.45,4.6,2.0,0.78,2.21,4.7,0.069,4.676567656765677,4.529613400316306,1.890295358649789,2.3178432489536314,4.326530612244898,4.95854632570307,0.7580645161290323,0.8399040024918583,2.212,,,,,,,,,,,,,,,,,,,,,,,,,,,,,,,,,,,,,,,2026-05-26
pitcher,WSH,CLE,Cade Cavalli,676917,,,,,4.79,14.0,2.59,4.88,4.78,1.89,0.67,2.21,4.26,0.081,4.676567656765677,4.882964964028157,1.8333333333333333,2.041382631246275,4.879746835443039,4.858659276173211,0.625,0.7592911695295503,2.212,,,,,,,,,,,,,,,,,,,,,,,,,,,,,,,,,,,,,,,2026-05-26
pitcher,BAL,TB,Shane Baz,669358,,,,,5.21,16.0,2.49,4.74,5.24,2.18,0.52,2.21,4.06,0.111,4.676567656765677,5.798713131007553,2.163265306122449,2.220376515405656,4.525423728813561,5.60391027264924,0.5409836065573771,0.47907389125280486,2.212,,,,,,,,,,,,,,,,,,,,,,,,,,,,,,,,,,,,,,,2026-05-26
pitcher,DET,LAA,Keider Montero,672456,,,,,4.79,14.0,2.62,5.22,3.74,1.71,0.68,2.48,4.66,0.051,3.6538461538461537,3.8257426697625427,1.610062893081761,2.026480650190615,5.093457943925234,5.720501571405975,0.625,0.8243081650798851,2.481,,,,,,,,,,,,,,,,,,,,,,,,,,,,,,,,,,,,,,,2026-05-26
pitcher,LAA,DET,Jack Kochanowicz,686799,,,,,4.79,14.0,3.0,5.11,3.74,2.4,0.92,3.08,5.79,-0.01,3.6538461538461537,3.8257426697625427,2.393840171967426,2.408344720713209,5.093457943925234,5.152155509786922,0.9130434782608695,0.9510542321979162,3.075,,,,,,,,,,,,,,,,,,,,,,,,,,,,,,,,,,,,,,,2026-05-26
pitcher,PIT,CHC,Braxton Ashcraft,677952,,,,,4.79,14.0,2.4,4.71,5.0,1.64,0.47,1.79,3.89,0.13,4.676567656765677,5.331254490887942,1.610062893081761,1.7468702410277968,4.666666666666667,4.858659276173211,0.4827586206896552,0.44045373111342334,1.789,,,,,,,,,,,,,,,,,,,,,,,,,,,,,,,,,,,,,,,2026-05-26
pitcher,BOS,ATL,Ranger Suarez,624133,,,,,5.21,16.0,2.55,5.2,4.78,1.31,0.57,2.28,3.67,0.103,4.676567656765677,4.891864265242002,1.2772277227722773,1.3949231405521847,5.093457943925234,5.60391027264924,0.547945205479452,0.6157600755958343,2.28,,,,,,,,,,,,,,,,,,,,,,,,,,,,,,,,,,,,,,,2026-05-26
pitcher,ATL,BOS,Spencer Strider,675911,,,,,4.79,14.0,2.57,4.76,5.3,2.22,0.54,2.21,4.02,0.081,5.275,5.331254490887942,2.163265306122449,2.408344720713209,4.666666666666667,5.152155509786922,0.5409836065573771,0.5464552514395971,2.212,,,,,,,,,,,,,,,,,,,,,,,,,,,,,,,,,,,,,,,2026-05-26
pitcher,MIA,TOR,Sandy Alcantara,645261,,,,,5.21,16.0,2.93,5.49,4.78,1.97,0.85,3.08,4.82,0.017,4.676567656765677,4.891864265242002,1.890295358649789,2.204167888829458,5.3076923076923075,6.222090435704619,0.8333333333333334,0.8965857077382466,3.075,,,,,,,,,,,,,,,,,,,,,,,,,,,,,,,,,,,,,,,2026-05-26
pitcher,NYM,CIN,David Peterson,656849,,,,,4.79,14.0,2.56,4.66,4.59,1.93,0.55,2.21,4.06,0.081,4.676567656765677,4.497510524090055,1.890295358649789,2.041382631246275,4.666666666666667,4.62755356150739,0.5409836065573771,0.5661210675823506,2.212,,,,,,,,,,,,,,,,,,,,,,,,,,,,,,,,,,,,,,,2026-05-26
pitcher,CIN,NYM,Chase Burns,695505,,,,,5.13,15.0,2.25,4.45,6.24,1.68,0.51,1.79,3.3,0.155,5.604912975498304,6.867404391453155,1.610062893081761,1.8961543655408746,4.326530612244898,4.9560229166039464,0.4827586206896552,0.5852433068653721,1.789,,,,,,,,,,,,,,,,,,,,,,,,,,,,,,,,,,,,,,,2026-05-26
pitcher,CWS,MIN,Sean Burke,680732,,,,,4.79,14.0,2.49,4.59,4.59,1.93,0.71,2.21,4.29,0.081,4.676567656765677,4.497510524090055,1.890295358649789,2.041382631246275,4.525423728813561,4.858659276173211,0.6666666666666666,0.8243081650798851,2.212,,,,,,,,,,,,,,,,,,,,,,,,,,,,,,,,,,,,,,,2026-05-26
pitcher,MIN,CWS,Joe Ryan,657746,,,,,4.79,14.0,2.2,4.39,5.78,1.43,0.55,2.21,3.16,0.081,6.017094017094017,5.545235572368783,1.3455882352941178,1.6812829944533958,4.326530612244898,4.62755356150739,0.5409836065573771,0.5661210675823506,2.212,,,,,,,,,,,,,,,,,,,,,,,,,,,,,,,,,,,,,,,2026-05-26
pitcher,KC,NYY,Bailey Falter,663559,,,,,4.58,14.0,2.14,4.1,3.5,1.63,0.7,2.21,4.72,0.067,3.6538461538461537,3.348850796295245,1.610062893081761,1.6928629618279156,3.6666666666666665,5.826958022951683,0.6666666666666666,0.7881693937507044,2.212,,,,,,,,,,,,,,,,,,,,,,,,,,,,,,,,,,,,,,,2026-05-26
pitcher,NYY,KC,Cam Schlittler,693645,,,,,5.59,17.0,2.63,4.81,6.01,1.92,0.81,1.79,3.89,0.191,5.708333333333333,6.3133843058732175,1.890295358649789,2.012770719172387,4.666666666666667,5.400422632322819,0.739770691342469,0.9619796749053355,1.789,,,,,,,,,,,,,,,,,,,,,,,,,,,,,,,,,,,,,,,2026-05-26
pitcher,MIL,STL,Kyle Harrison,690986,,,,,4.79,14.0,2.5,4.39,5.0,2.02,0.8,2.21,4.65,0.081,4.676567656765677,5.331254490887942,1.890295358649789,2.408344720713209,4.326530612244898,4.62755356150739,0.7948717948717948,0.8243081650798851,2.212,,,,,,,,,,,,,,,,,,,,,,,,,,,,,,,,,,,,,,,2026-05-26
pitcher,STL,MIL,Michael McGreevy,700241,,,,,4.79,14.0,2.7,5.11,4.37,1.43,0.78,2.5,4.63,0.049,4.5344827586206895,4.198586497527011,1.3455882352941178,1.6812829944533958,5.093457943925234,5.152155509786922,0.7580645161290323,0.8243081650798851,2.5,,,,,,,,,,,,,,,,,,,,,,,,,,,,,,,,,,,,,,,2026-05-26
pitcher,TEX,HOU,Jack Leiter,683004,,,,,5.59,17.0,2.53,5.04,5.96,2.01,0.49,2.21,3.7,0.138,5.708333333333333,6.22165190063958,1.890295358649789,2.3823233629784286,4.879746835443039,5.670126378665604,0.4827586206896552,0.5140159409027215,2.212,,,,,,,,,,,,,,,,,,,,,,,,,,,,,,,,,,,,,,,2026-05-26
pitcher,HOU,TEX,Jason Alexander,669920,,,,,4.61,14.0,2.6,4.73,4.5,1.63,0.88,2.28,4.83,0.061,4.676567656765677,4.328501777882078,1.610062893081761,1.681225847836773,4.666666666666667,4.95854632570307,0.869281045751634,0.91531524226146,2.28,,,,,,,,,,,,,,,,,,,,,,,,,,,,,,,,,,,,,,,2026-05-26
pitcher,SEA,ATH,Emerson Hancock,676106,,,,,4.79,14.0,2.7,4.93,4.59,1.72,0.92,2.28,4.9,0.073,4.676567656765677,4.497510524090055,1.610062893081761,2.041382631246275,4.879746835443039,5.152155509786922,0.9130434782608695,0.9510542321979162,2.28,,,,,,,,,,,,,,,,,,,,,,,,,,,,,,,,,,,,,,,2026-05-26
pitcher,SD,PHI,Randy Vásquez,681190,,,,,4.79,14.0,2.8,4.76,4.08,2.02,1.14,3.0,6.13,-0.002,3.6538461538461537,4.497510524090055,1.890295358649789,2.408344720713209,4.666666666666667,5.152155509786922,1.1428571428571428,1.1249553141128723,3.0,,,,,,,,,,,,,,,,,,,,,,,,,,,,,,,,,,,,,,,2026-05-26
pitcher,PHI,SD,Aaron Nola,605400,,,,,4.79,14.0,2.57,4.43,5.74,1.93,0.87,2.28,4.4,0.073,6.017094017094017,5.471157943676319,1.890295358649789,2.041382631246275,4.326530612244898,4.858659276173211,0.869281045751634,0.8726985188581348,2.28,,,,,,,,,,,,,,,,,,,,,,,,,,,,,,,,,,,,,,,2026-05-26
pitcher,SF,AZ,Tyler Mahle,641816,,,,,5.21,16.0,2.63,4.96,4.56,1.9,0.57,2.43,4.02,0.086,4.676567656765677,4.452452679154525,1.890295358649789,1.9257240242627596,4.879746835443039,5.2846795049817175,0.547945205479452,0.6157600755958343,2.432,,,,,,,,,,,,,,,,,,,,,,,,,,,,,,,,,,,,,,,2026-05-26
pitcher,AZ,SF,Eduardo Rodriguez,593958,,,,,5.21,16.0,2.73,5.66,4.78,1.89,0.59,2.43,4.02,0.086,4.676567656765677,4.891864265242002,1.890295358649789,1.9000404918068519,5.68,5.60391027264924,0.547945205479452,0.6907861379355497,2.432,,,,,,,,,,,,,,,,,,,,,,,,,,,,,,,,,,,,,,,2026-05-26
pitcher,LAD,COL,Eric Lauer,641778,,,,,4.61,14.0,2.53,4.9,4.43,1.41,0.78,2.28,4.41,0.061,4.5344827586206895,4.328501777882078,1.3455882352941178,1.6181032577098442,4.879746835443039,4.95854632570307,0.7580645161290323,0.8399040024918583,2.28,,,,,,,,,,,,,,,,,,,,,,,,,,,,,,,,,,,,,,,2026-05-26
pitcher,COL,LAD,Kyle Freeland,607536,,,,,4.79,14.0,2.77,5.53,3.67,1.43,0.89,3.08,4.96,-0.01,3.8412698412698414,3.502400723636293,1.3455882352941178,1.6812829944533958,5.387096774193548,6.094132954135056,0.869281045751634,0.9510542321979162,3.075,,,,,,,,,,,,,,,,,,,,,,,,,,,,,,,,,,,,,,,2026-05-26
hitter,CLE,WSH,Travis Bazzana,683953,1.0,2B,Confirmed,4.04,,,,,0.53,0.6,,,,,0.600271925906123,0.45981539976454994,0.6009796000091557,0.594075801640313,1.0980834272829765,0.9536327009546569,0.21122698013629296,0.262111708463529,,,1.02,0.36,0.26,1.32,0.24,1.7,0.12,0.01,0.0,0.224,1.914285714285714,1.5274656978845789,0.117,,0.007,,0.0,,False,96.0,99.0,96.0,88.0,93.0,91.0,91.0,92.0,94.0,high,high,high,high,high,high,high,high,high,2026-05-26
hitter,CLE,WSH,José Ramírez,608070,2.0,3B,Confirmed,4.18,,,,,0.36,0.56,,,,,0.41361040022943885,0.3147105710082723,0.5789387859460459,0.5456403503331506,1.0980834272829765,1.0052960353016183,0.38816734471667447,0.4176297099561988,,,1.05,0.39,0.27,1.43,0.4,2.33,0.15,0.01,0.0,0.24,2.456692913385827,2.2175509506471096,0.153,,0.008,,0.0,,False,96.0,99.0,96.0,88.0,93.0,91.0,91.0,92.0,94.0,high,high,high,high,high,high,high,high,high,2026-05-26
hitter,CLE,WSH,Chase DeLauter,800050,3.0,DH,Confirmed,4.08,,,,,0.35,0.46,,,,,0.3848486808016349,0.32056770528058315,0.45290901835037767,0.46827143756457323,1.0980834272829765,0.995599678147782,0.21332487217532045,0.23258965015546385,,,1.04,0.34,0.28,1.33,0.22,1.92,0.13,0.01,0.0,0.213,2.057017543859649,1.7998139195346925,0.125,,0.011,,0.0,,False,96.0,99.0,96.0,88.0,93.0,91.0,91.0,92.0,94.0,high,high,high,high,high,high,high,high,high,2026-05-26
hitter,CLE,WSH,Kyle Manzardo,700932,4.0,1B,Confirmed,3.81,,,,,0.84,0.4,,,,,0.8977142946429113,0.7782238190055201,0.3951884017175493,0.40680695255489385,0.8694581280788177,0.7462103993411378,0.29773497180321407,0.3080878732365408,,,0.8,0.27,0.23,1.03,0.3,1.74,0.12,0.01,0.0,0.179,1.914285714285714,1.5891855091161091,0.117,,0.007,,0.0,,False,96.0,99.0,96.0,88.0,93.0,91.0,91.0,92.0,94.0,high,high,high,high,high,high,high,high,high,2026-05-26
hitter,CLE,WSH,Daniel Schneemann,682177,5.0,CF,Confirmed,3.74,,,,,0.85,0.4,,,,,0.8421579980367601,0.8536457725587594,0.4505305983646841,0.3530851635283623,0.8694581280788177,0.7828676874745675,0.04104030203484416,0.0379058888179556,,,0.82,0.32,0.27,1.23,0.04,1.14,0.11,0.01,0.0,0.219,1.239368165249089,1.0628054232922968,0.115,,0.008,,0.0,,False,96.0,99.0,96.0,88.0,93.0,91.0,91.0,92.0,94.0,high,high,high,high,high,high,high,high,high,2026-05-26
hitter,CLE,WSH,Angel Martínez,682657,6.0,RF,Confirmed,3.96,,,,,0.71,0.25,,,,,0.7345330818287048,0.6912122062019719,0.2685660159989143,0.2261876584301101,0.8949771689497716,0.8469678972329354,0.2779594160562375,0.32456798597393943,,,0.87,0.28,0.29,1.28,0.3,1.87,0.11,0.01,0.0,0.199,1.914285714285714,1.83609643103226,0.109,,0.009,,0.0,,False,96.0,99.0,96.0,88.0,93.0,91.0,91.0,92.0,94.0,high,high,high,high,high,high,high,high,high,2026-05-26
hitter,CLE,WSH,Steven Kwan,680757,7.0,LF,Confirmed,4.18,,,,,0.26,0.41,,,,,0.281603323619934,0.2299359045858642,0.40557736564703883,0.41583587178930564,1.4947368421052631,1.092891394206195,0.09971062382214571,0.13204004607910946,,,1.27,0.36,0.3,1.54,0.12,1.79,0.14,0.01,0.0,0.25,1.914285714285714,1.685965564875658,0.141,,0.013,,0.0,,False,96.0,99.0,96.0,88.0,93.0,91.0,91.0,92.0,94.0,high,high,high,high,high,high,high,high,high,2026-05-26
hitter,CLE,WSH,Patrick Bailey,672275,8.0,C,Confirmed,3.1,,,,,0.64,0.25,,,,,0.6719090756278252,0.615392650067522,0.2581638945518683,0.23877767484991114,0.7061469265367316,0.5806995484037378,0.1169385441171038,0.13403577551026213,,,0.64,0.18,0.15,0.74,0.13,1.19,0.09,0.01,0.0,0.165,1.3893129770992367,1.0236660755234221,0.086,,0.01,,0.0,,False,96.0,99.0,96.0,88.0,93.0,91.0,91.0,92.0,94.0,high,high,high,high,high,high,high,high,high,2026-05-26
hitter,CLE,WSH,Brayan Rocchio,677587,9.0,SS,Confirmed,3.33,,,,,0.45,0.26,,,,,0.5114195044866271,0.39025617575643967,0.2767205273216121,0.2514527625878714,0.801980198019802,0.6901200428054771,0.13354502393245313,0.14657597944628567,,,0.74,0.22,0.19,0.94,0.14,1.23,0.1,0.01,0.0,0.191,1.3893129770992367,1.0996443810108394,0.102,,0.008,,0.0,,False,96.0,99.0,96.0,88.0,93.0,91.0,91.0,92.0,94.0,high,high,high,high,high,high,high,high,high,2026-05-26
hitter,WSH,CLE,James Wood,695578,1.0,LF,Confirmed,4.39,,,,,1.28,0.4,,,,,1.3534882240598924,1.2159585943988827,0.4238149212572455,0.37408627148556745,1.607843137254902,1.2862366442798217,0.6691915504861453,0.5461900381796875,,,1.43,0.43,0.23,1.25,0.61,4.44,0.15,0.01,0.0,0.287,5.416666666666667,3.6463980505733655,0.154,,0.007,,0.0,,False,96.0,99.0,96.0,88.0,93.0,91.0,91.0,92.0,94.0,high,high,high,high,high,high,high,high,high,2026-05-26
hitter,WSH,CLE,Curtis Mead,678554,2.0,3B,Confirmed,3.89,,,,,0.86,0.25,,,,,0.8427767487272089,0.8700204089602763,0.2573643619553806,0.23779769621896996,1.0980834272829765,1.040677327006961,0.2552137715711512,0.26207323559938406,,,1.07,0.31,0.19,1.03,0.26,2.0,0.14,0.01,0.0,0.218,2.057017543859649,1.9482454364395199,0.14,,0.007,,0.0,,False,96.0,99.0,96.0,88.0,93.0,91.0,91.0,92.0,94.0,high,high,high,high,high,high,high,high,high,2026-05-26
hitter,WSH,CLE,Andrés Chaparro,665953,3.0,1B,Confirmed,1.84,,,,,0.46,0.12,,,,,0.48280139640855035,0.43237761107132405,0.14324619508321615,0.09773964349816064,0.3344051446945337,0.2184896206377266,0.019252119319766232,0.007852643439669777,,,0.27,0.14,0.1,0.47,0.01,0.36,0.08,0.01,0.0,0.215,0.44025157232704404,0.2917084898652478,0.08,,0.006,,0.0,,False,96.0,99.0,96.0,88.0,93.0,91.0,91.0,92.0,94.0,high,high,high,high,high,high,high,high,high,2026-05-26
hitter,WSH,CLE,CJ Abrams,682928,4.0,SS,Confirmed,4.26,,,,,0.86,0.23,,,,,0.9438343258465686,0.7790921318510593,0.2839445342930841,0.17290000065248023,1.4947368421052631,1.2325638650727422,0.3820814872919022,0.33977113756571586,,,1.35,0.39,0.28,1.39,0.36,2.6,0.16,0.01,0.0,0.25,2.552380952380952,2.639025549681502,0.155,,0.01,,0.0,,False,96.0,99.0,96.0,88.0,93.0,91.0,91.0,92.0,94.0,high,high,high,high,high,high,high,high,high,2026-05-26
hitter,WSH,CLE,Dylan Crews,686611,5.0,RF,Confirmed,4.18,,,,,1.01,0.25,,,,,0.9975107578191199,1.0166342502432166,0.29177207983274334,0.2142423416238647,1.4947368421052631,1.1877725791751745,0.35483183146459174,0.3453440872488191,,,1.33,0.37,0.27,1.28,0.35,2.47,0.14,0.01,0.0,0.24,2.552380952380952,2.406297024058721,0.14,,0.008,,0.0,,False,96.0,99.0,96.0,88.0,93.0,91.0,91.0,92.0,94.0,high,high,high,high,high,high,high,high,high,2026-05-26
hitter,WSH,CLE,Daylen Lile,695734,6.0,DH,Confirmed,4.25,,,,,0.79,0.21,,,,,0.8280812294051588,0.744103543719811,0.26204583319365,0.15839423746637515,1.5,1.328843282146888,0.4774802389648581,0.34339852441696805,,,1.41,0.34,0.29,1.33,0.41,2.74,0.15,0.01,0.0,0.244,2.775,2.7083958821190506,0.152,,0.01,,0.0,,False,96.0,99.0,96.0,88.0,93.0,91.0,91.0,92.0,94.0,high,high,high,high,high,high,high,high,high,2026-05-26
hitter,WSH,CLE,Jacob Young,696285,7.0,CF,Confirmed,3.96,,,,,0.65,0.17,,,,,0.6507902411519001,0.6563803883130541,0.187834446505688,0.15106395438344278,1.4947368421052631,1.1470031267756702,0.16318196914060962,0.1692028304456781,,,1.3,0.32,0.25,1.28,0.17,1.9,0.14,0.01,0.0,0.24,2.057017543859649,1.7726816306981066,0.143,,0.007,,0.0,,False,96.0,99.0,96.0,88.0,93.0,91.0,91.0,92.0,94.0,high,high,high,high,high,high,high,high,high,2026-05-26
hitter,WSH,CLE,Nasim Nuñez,683083,8.0,2B,Confirmed,3.81,,,,,0.81,0.19,,,,,0.8087508560960461,0.8152418149541033,0.1811067752412376,0.19708144020927207,1.0980834272829765,0.9666997497788009,0.12265115800356202,0.11931257474466729,,,1.03,0.24,0.18,0.9,0.12,1.72,0.14,0.01,0.0,0.201,1.914285714285714,1.5633727796687344,0.139,,0.007,,0.0,,False,96.0,99.0,96.0,88.0,93.0,91.0,91.0,92.0,94.0,high,high,high,high,high,high,high,high,high,2026-05-26
hitter,WSH,CLE,Keibert Ruiz,660688,9.0,C,Confirmed,3.96,,,,,0.28,0.22,,,,,0.32454695740345973,0.22873738970702093,0.220426176761366,0.22837725712215906,0.994208494208494,0.8991345868003185,0.04618243226149168,0.04475107926339115,,,0.94,0.31,0.25,1.27,0.05,1.25,0.17,0.01,0.0,0.234,1.239368165249089,1.252085562104437,0.173,,0.008,,0.0,,False,96.0,99.0,96.0,88.0,93.0,91.0,91.0,92.0,94.0,high,high,high,high,high,high,high,high,high,2026-05-26
hitter,BAL,TB,Taylor Ward,621493,1.0,LF,Confirmed,4.25,,,,,0.93,0.63,,,,,0.8905660992177061,0.9640458960293687,0.6101405289666997,0.6490119423237627,0.7715355805243446,0.8192582490574947,0.0514296553346956,0.02839628174966662,,,0.8,0.53,0.41,1.73,0.04,1.0,0.12,0.01,0.0,0.309,1.001763668430335,0.9968101934833244,0.12,,0.006,,0.0,,False,96.0,99.0,96.0,88.0,93.0,91.0,91.0,92.0,94.0,high,high,high,high,high,high,high,high,high,2026-05-26
hitter,BAL,TB,Gunnar Henderson,683002,2.0,SS,Confirmed,4.25,,,,,0.81,0.43,,,,,0.7440962330159965,0.8767588731490126,0.44379854126104823,0.42055093723935255,0.801980198019802,0.7336449262939311,0.04156106541729286,0.029789419678184118,,,0.76,0.47,0.37,1.64,0.04,0.98,0.16,0.01,0.0,0.279,1.001763668430335,0.963331006791869,0.157,,0.009,,0.0,,False,96.0,99.0,96.0,88.0,93.0,91.0,91.0,92.0,94.0,high,high,high,high,high,high,high,high,high,2026-05-26
hitter,BAL,TB,Pete Alonso,624413,3.0,1B,Confirmed,4.39,,,,,0.87,0.5,,,,,0.8143649331957017,0.925848807942333,0.5401065069271332,0.46761112927012405,0.801980198019802,0.7488291225365691,0.07497760700777287,0.07133601007117919,,,0.77,0.56,0.52,1.95,0.07,1.22,0.15,0.01,0.0,0.315,1.239368165249089,1.2012318802231652,0.151,,0.008,,0.0,,False,96.0,99.0,96.0,88.0,93.0,91.0,91.0,92.0,94.0,high,high,high,high,high,high,high,high,high,2026-05-26
hitter,BAL,TB,Samuel Basallo,694212,4.0,C,Confirmed,3.81,,,,,0.83,0.27,,,,,0.8017248493330398,0.8563461224405984,0.26637165408320107,0.26591600961564515,0.7061469265367316,0.6676371278031218,0.049502442618243304,0.052313839443355506,,,0.68,0.41,0.4,1.52,0.05,0.93,0.14,0.01,0.0,0.264,0.9875776397515532,0.8833799344107524,0.139,,0.007,,0.0,,False,96.0,99.0,96.0,88.0,93.0,91.0,91.0,92.0,94.0,high,high,high,high,high,high,high,high,high,2026-05-26
hitter,BAL,TB,Leody Taveras,665750,5.0,CF,Confirmed,3.74,,,,,0.76,0.36,,,,,0.7540826965088486,0.7640694803214177,0.3491325866897619,0.3725657951782998,0.7061469265367316,0.6518035313278889,0.029959938654065096,0.024146505235541283,,,0.68,0.38,0.33,1.41,0.03,0.84,0.12,0.01,0.0,0.252,0.8408408408408409,0.8351152315297901,0.118,,0.007,,0.0,,False,96.0,99.0,96.0,88.0,93.0,91.0,91.0,92.0,94.0,high,high,high,high,high,high,high,high,high,2026-05-26
hitter,BAL,TB,Jeremiah Jackson,669236,6.0,DH,Confirmed,3.81,,,,,0.73,0.25,,,,,0.6580112419773869,0.7936655715546246,0.2645879715521613,0.23830572696426275,0.7061469265367316,0.7128913177359213,0.05586578281776915,0.04299649640008008,,,0.71,0.37,0.4,1.48,0.05,1.01,0.13,0.01,0.0,0.269,1.001763668430335,1.0145695302542914,0.125,,0.008,,0.0,,False,96.0,99.0,96.0,88.0,93.0,91.0,91.0,92.0,94.0,high,high,high,high,high,high,high,high,high,2026-05-26
hitter,BAL,TB,Colton Cowser,681297,7.0,RF,Confirmed,3.33,,,,,0.89,0.32,,,,,0.8542050384340071,0.923936255228794,0.3150688628368392,0.32480408846992664,0.5290322580645161,0.5103455263604665,0.03892920252915376,0.04516341497610267,,,0.52,0.3,0.28,1.17,0.04,0.68,0.11,0.01,0.0,0.258,0.6720588235294118,0.6910006985824284,0.108,,0.007,,0.0,,False,96.0,99.0,96.0,88.0,93.0,91.0,91.0,92.0,94.0,high,high,high,high,high,high,high,high,high,2026-05-26
hitter,BAL,TB,Blaze Alexander,677942,8.0,3B,Confirmed,3.58,,,,,0.87,0.36,,,,,0.8507951813257886,0.8926516593146844,0.37446272127168656,0.34160565004694254,0.6434108527131783,0.5210849601462617,0.036376256243401815,0.03921909318678766,,,0.58,0.32,0.28,1.24,0.04,0.84,0.12,0.01,0.0,0.251,0.9875776397515532,0.7106754908897953,0.116,,0.007,,0.0,,False,96.0,99.0,96.0,88.0,93.0,91.0,91.0,92.0,94.0,high,high,high,high,high,high,high,high,high,2026-05-26
hitter,BAL,TB,Jackson Holliday,702616,9.0,2B,Confirmed,4.18,,,,,0.8,0.46,,,,,0.7533148439132022,0.8463858548812102,0.46887244275498674,0.45528899093642505,0.707983193277311,0.7509074645231982,0.038955358882559965,0.04078290532903302,,,0.73,0.38,0.33,1.42,0.04,0.94,0.12,0.01,0.0,0.264,0.9875776397515532,0.9033856573273388,0.124,,0.01,,0.0,,False,96.0,99.0,96.0,88.0,93.0,91.0,91.0,92.0,94.0,high,high,high,high,high,high,high,high,high,2026-05-26
hitter,TB,BAL,Chandler Simpson,802415,1.0,LF,Confirmed,4.18,,,,,0.3,0.22,,,,,0.3201814580075871,0.2875491616722454,0.2340382762471962,0.21440258236275855,1.0980834272829765,1.0617370247531437,0.03295568150381405,0.04030806646700816,,,1.08,0.34,0.24,1.21,0.04,1.25,0.11,0.01,0.0,0.207,1.239368165249089,1.2525713490582537,0.109,,0.011,,0.0,,False,96.0,99.0,96.0,88.0,93.0,91.0,91.0,92.0,94.0,high,high,high,high,high,high,high,high,high,2026-05-26
hitter,TB,BAL,Junior Caminero,691406,2.0,3B,Confirmed,4.08,,,,,0.6,0.4,,,,,0.6224716063768125,0.5748845215691507,0.4010695765840322,0.4010111852816678,0.8770949720670391,0.8596222407297343,0.224094274969575,0.21082481685771626,,,0.87,0.45,0.34,1.32,0.22,1.76,0.09,0.01,0.0,0.28,1.914285714285714,1.6341157867590848,0.085,,0.007,,0.0,,False,96.0,99.0,96.0,88.0,93.0,91.0,91.0,92.0,94.0,high,high,high,high,high,high,high,high,high,2026-05-26
hitter,TB,BAL,Jonathan Aranda,666018,3.0,1B,Confirmed,3.81,,,,,0.78,0.4,,,,,0.7635724710241912,0.7908014075271259,0.41355803290108106,0.38114348685866195,0.7715355805243446,0.6665945028018183,0.1514880171589344,0.12758960186525872,,,0.71,0.35,0.27,1.03,0.14,1.3,0.08,0.01,0.0,0.243,1.3893129770992367,1.235199026713444,0.082,,0.007,,0.0,,False,96.0,99.0,96.0,88.0,93.0,91.0,91.0,92.0,94.0,high,high,high,high,high,high,high,high,high,2026-05-26
hitter,TB,BAL,Yandy Díaz,650490,4.0,DH,Confirmed,3.96,,,,,0.45,0.39,,,,,0.47006102263094085,0.42348366365034285,0.4096092175705107,0.36970765375608466,0.8770949720670391,0.8645579880528563,0.14217237719371684,0.14351516887360913,,,0.87,0.44,0.35,1.44,0.14,1.5,0.09,0.01,0.0,0.289,1.5956790123456794,1.4204448132188254,0.09,,0.007,,0.0,,False,96.0,99.0,96.0,88.0,93.0,91.0,91.0,92.0,94.0,high,high,high,high,high,high,high,high,high,2026-05-26
hitter,TB,BAL,Richie Palacios,680700,5.0,2B,Confirmed,3.81,,,,,0.73,0.36,,,,,0.7131389578837115,0.7422523326017816,0.3837222874581613,0.3343802852959886,0.7061469265367316,0.6463003954193357,0.05426157951755682,0.0652512770506744,,,0.67,0.28,0.2,0.89,0.06,0.97,0.09,0.01,0.0,0.203,1.001763668430335,0.9389498560332981,0.088,,0.006,,0.0,,False,96.0,99.0,96.0,88.0,93.0,91.0,91.0,92.0,94.0,high,high,high,high,high,high,high,high,high,2026-05-26
hitter,TB,BAL,Cedric Mullins,656775,6.0,CF,Confirmed,3.89,,,,,0.71,0.37,,,,,0.6664903734384284,0.7483013700450741,0.39666722427245193,0.3346063974004826,0.7715355805243446,0.7203158493168301,0.10219964119546607,0.10836478503131862,,,0.74,0.28,0.24,0.93,0.11,1.17,0.08,0.01,0.0,0.22,1.239368165249089,1.112477087982386,0.085,,0.007,,0.0,,False,96.0,99.0,96.0,88.0,93.0,91.0,91.0,92.0,94.0,high,high,high,high,high,high,high,high,high,2026-05-26
hitter,TB,BAL,Victor Mesa Jr.,683748,7.0,RF,Confirmed,3.49,,,,,0.5,0.38,,,,,0.49132603917909656,0.5026026115443273,0.41853813857865707,0.34895222495194134,0.801980198019802,0.6123930278031413,0.08104523123308577,0.06834905372143513,,,0.7,0.32,0.24,1.08,0.07,1.07,0.11,0.01,0.0,0.278,1.1521739130434783,0.99911468605557,0.106,,0.006,,0.0,,False,96.0,99.0,96.0,88.0,93.0,91.0,91.0,92.0,94.0,high,high,high,high,high,high,high,high,high,2026-05-26
hitter,TB,BAL,Hunter Feduccia,676439,8.0,C,Confirmed,2.55,,,,,0.6,0.19,,,,,0.615465149799758,0.588274300639656,0.21626838649591254,0.1645725735833752,0.4125159642401022,0.2907665074231734,0.040022007681185134,0.03867976022305289,,,0.35,0.15,0.11,0.52,0.04,0.58,0.07,0.01,0.0,0.19,0.6720588235294118,0.5091546212612312,0.069,,0.006,,0.0,,False,96.0,99.0,96.0,88.0,93.0,91.0,91.0,92.0,94.0,high,high,high,high,high,high,high,high,high,2026-05-26
hitter,TB,BAL,Oliver Dunn,686554,9.0,SS,Confirmed,3.02,,,,,0.65,0.18,,,,,0.6496875598845142,0.6574791081867087,0.1844707874844367,0.16977490784620056,0.5846774193548387,0.6336802499283533,0.060153601456440504,0.06773773524362701,,,0.61,0.2,0.16,0.72,0.06,0.81,0.08,0.01,0.0,0.202,0.8408408408408409,0.7910450101461621,0.079,,0.007,,0.0,,False,96.0,99.0,96.0,88.0,93.0,91.0,91.0,92.0,94.0,high,high,high,high,high,high,high,high,high,2026-05-26
hitter,DET,LAA,Kevin McGonigle,805808,1.0,3B,Confirmed,4.57,,,,,0.54,0.56,,,,,0.5060822402471529,0.5648344286155612,0.559568565289807,0.5566888872171346,0.801980198019802,0.7805442321329541,0.031283552905361375,0.04755685182435976,,,0.79,0.48,0.24,1.36,0.04,1.11,0.14,0.01,0.0,0.31,1.1238670694864048,1.101950571768136,0.137,,0.008,,0.0,,False,96.0,99.0,96.0,88.0,93.0,91.0,91.0,92.0,94.0,high,high,high,high,high,high,high,high,high,2026-05-26
hitter,DET,LAA,Dillon Dingler,693307,2.0,C,Confirmed,4.25,,,,,0.87,0.28,,,,,0.7979679764241766,0.9320484095371707,0.2637251680742691,0.2869708519971819,0.801980198019802,0.8086880895346372,0.035571814113510514,0.04210716024889897,,,0.81,0.37,0.24,1.27,0.04,1.04,0.13,0.01,0.0,0.237,1.001763668430335,1.074845562056208,0.133,,0.01,,0.0,,False,96.0,99.0,96.0,88.0,93.0,91.0,91.0,92.0,94.0,high,high,high,high,high,high,high,high,high,2026-05-26
hitter,DET,LAA,Riley Greene,682985,3.0,LF,Confirmed,4.26,,,,,0.95,0.37,,,,,0.8346387934008783,1.0555418418638027,0.35457682600678264,0.37732052887118833,0.7715355805243446,0.7395506992589899,0.039483093977456474,0.030264104095643497,,,0.75,0.38,0.26,1.22,0.03,1.1,0.12,0.01,0.0,0.247,1.1238670694864048,1.0735806515951307,0.123,,0.008,,0.0,,False,96.0,99.0,96.0,88.0,93.0,91.0,91.0,92.0,94.0,high,high,high,high,high,high,high,high,high,2026-05-26
hitter,DET,LAA,Colt Keith,690993,4.0,DH,Confirmed,3.1,,,,,0.58,0.17,,,,,0.5394683086108019,0.6244720216882406,0.17730553309695327,0.16727453790798105,0.4803149606299212,0.473908138262136,0.021878861993984436,0.022298822690018195,,,0.48,0.24,0.17,0.83,0.02,0.63,0.09,0.01,0.0,0.214,0.6720588235294118,0.5944109277169403,0.086,,0.007,,0.0,,False,96.0,99.0,96.0,88.0,93.0,91.0,91.0,92.0,94.0,high,high,high,high,high,high,high,high,high,2026-05-26
hitter,DET,LAA,Spencer Torkelson,679529,5.0,1B,Confirmed,4.08,,,,,0.91,0.4,,,,,0.8348881217463937,0.980229075616253,0.395264050084709,0.40935569430727325,0.7061469265367316,0.7384688108522507,0.036224476460848004,0.059163885750748414,,,0.72,0.37,0.23,1.14,0.05,1.01,0.14,0.01,0.0,0.263,0.9875776397515532,1.0218517215236451,0.139,,0.007,,0.0,,False,96.0,99.0,96.0,88.0,93.0,91.0,91.0,92.0,94.0,high,high,high,high,high,high,high,high,high,2026-05-26
hitter,DET,LAA,Zach McKinstry,656716,6.0,SS,Confirmed,3.48,,,,,0.56,0.23,,,,,0.5254679634333759,0.6042615865189584,0.23840724908470676,0.22042129908548563,0.4803149606299212,0.508751238212782,0.020406932268031617,0.02245069081465025,,,0.5,0.23,0.17,0.81,0.02,0.7,0.12,0.02,0.0,0.217,0.6720588235294118,0.7245462578504615,0.121,,0.017,,0.0,,False,96.0,99.0,96.0,88.0,93.0,91.0,91.0,92.0,94.0,high,high,high,high,high,high,high,high,high,2026-05-26
hitter,DET,LAA,Gage Workman,669398,7.0,2B,Confirmed,3.02,,,,,1.32,0.17,,,,,1.288210153166795,1.3419281085038406,0.1775434280788148,0.16057456411378046,0.4125159642401022,0.3438766805026998,0.16098833622878478,0.23541793148927867,,,0.37,0.19,0.13,0.65,0.2,1.29,0.09,0.01,0.0,0.201,1.239368165249089,1.3321327185665641,0.091,,0.01,,0.0,,False,96.0,99.0,96.0,88.0,93.0,91.0,91.0,92.0,94.0,high,high,high,high,high,high,high,high,high,2026-05-26
hitter,DET,LAA,Matt Vierling,663837,8.0,CF,Confirmed,4.25,,,,,0.68,0.39,,,,,0.6603073097580197,0.7088171753125245,0.38588306385366866,0.3909203256953437,0.707983193277311,0.718181231097494,0.02936295884031281,0.02956387365743566,,,0.71,0.36,0.23,1.24,0.03,0.93,0.12,0.01,0.0,0.27,0.8666666666666667,0.9815489348701126,0.125,,0.011,,0.0,,False,96.0,99.0,96.0,88.0,93.0,91.0,91.0,92.0,94.0,high,high,high,high,high,high,high,high,high,2026-05-26
hitter,DET,LAA,Wenceel Pérez,672761,9.0,RF,Confirmed,3.89,,,,,0.74,0.24,,,,,0.631480116249666,0.8535986015052914,0.23365763544566906,0.253963679564789,0.6434108527131783,0.6470562723649247,0.027386390510487694,0.03888855046704674,,,0.65,0.26,0.18,0.92,0.03,0.83,0.11,0.01,0.0,0.214,0.7899761336515513,0.86582489426022,0.114,,0.009,,0.0,,False,96.0,99.0,96.0,88.0,93.0,91.0,91.0,92.0,94.0,high,high,high,high,high,high,high,high,high,2026-05-26
hitter,LAA,DET,Zach Neto,687263,1.0,SS,Confirmed,4.48,,,,,1.6,0.52,,,,,1.5588944109000065,1.640807253774178,0.523415592485812,0.5195860491757225,0.4125159642401022,0.5744519603157151,0.055721896353017636,0.0455269033781918,,,0.5,0.53,0.35,1.59,0.05,0.78,0.1,0.01,0.0,0.316,0.6720588235294118,0.8747558554270557,0.103,,0.007,,0.0,,False,96.0,99.0,96.0,88.0,93.0,91.0,91.0,92.0,94.0,high,high,high,high,high,high,high,high,high,2026-05-26
hitter,LAA,DET,Mike Trout,545361,2.0,CF,Confirmed,4.57,,,,,1.67,0.71,,,,,1.6123475391252249,1.7287022342858835,0.6957346253816191,0.7325447727918984,0.4125159642401022,0.5754546975388094,0.06615739290800987,0.09159596119228144,,,0.5,0.61,0.39,1.65,0.08,0.81,0.09,0.01,0.0,0.361,0.6720588235294118,0.9200376247916096,0.093,,0.006,,0.0,,False,96.0,99.0,96.0,88.0,93.0,91.0,91.0,92.0,94.0,high,high,high,high,high,high,high,high,high,2026-05-26
hitter,LAA,DET,Vaughn Grissom,687093,3.0,1B,Confirmed,3.96,,,,,0.76,0.38,,,,,0.7156260208251527,0.812884645040557,0.37333329409350957,0.3787128512507463,0.4125159642401022,0.5241282395144258,0.047933691288034264,0.03758136943693198,,,0.47,0.46,0.36,1.47,0.04,0.78,0.12,0.01,0.0,0.303,0.6720588235294118,0.8708360687983343,0.115,,0.007,,0.0,,False,96.0,99.0,96.0,88.0,93.0,91.0,91.0,92.0,94.0,high,high,high,high,high,high,high,high,high,2026-05-26
hitter,LAA,DET,Jorge Soler,624585,4.0,DH,Confirmed,4.08,,,,,1.51,0.4,,,,,1.4686280286290088,1.5519027791498476,0.3923088775285386,0.41732983004201607,0.4125159642401022,0.4846533387046698,0.044887424242583504,0.036834488435901355,,,0.45,0.45,0.35,1.44,0.04,0.71,0.1,0.01,0.0,0.286,0.6720588235294118,0.7360508637684362,0.101,,0.007,,0.0,,False,96.0,99.0,96.0,88.0,93.0,91.0,91.0,92.0,94.0,high,high,high,high,high,high,high,high,high,2026-05-26
hitter,LAA,DET,Wade Meckler,685133,5.0,LF,Confirmed,2.77,,,,,1.02,0.23,,,,,0.9384770670987347,1.0922713911059516,0.23825888114903823,0.2205260430687419,0.2543859649122807,0.1646908413595284,0.018151086850869733,0.009452184682265849,,,0.21,0.2,0.13,0.59,0.01,0.3,0.09,0.01,0.0,0.203,0.38390816690338003,0.24013819811200293,0.088,,0.006,,0.0,,False,96.0,99.0,96.0,88.0,93.0,91.0,91.0,92.0,94.0,high,high,high,high,high,high,high,high,high,2026-05-26
hitter,LAA,DET,Jo Adell,666176,6.0,RF,Confirmed,4.25,,,,,1.4,0.28,,,,,1.3226442511416465,1.485172832905938,0.2597665802698089,0.308100647479944,0.4803149606299212,0.6202343873243078,0.056208427732263234,0.07511128892815626,,,0.56,0.47,0.49,1.73,0.07,0.89,0.12,0.01,0.0,0.31,0.7899761336515513,0.9658427519194678,0.119,,0.006,,0.0,,False,96.0,99.0,96.0,88.0,93.0,91.0,91.0,92.0,94.0,high,high,high,high,high,high,high,high,high,2026-05-26
hitter,LAA,DET,Oswald Peraza,672724,7.0,2B,Confirmed,3.74,,,,,1.26,0.26,,,,,1.1622733140833832,1.3643882190628722,0.25807058508731734,0.26231138432398654,0.4125159642401022,0.489872710038027,0.03235667780492178,0.02782039902210401,,,0.46,0.34,0.27,1.26,0.03,0.63,0.11,0.01,0.0,0.274,0.6720588235294118,0.5975223982820661,0.113,,0.006,,0.0,,False,96.0,99.0,96.0,88.0,93.0,91.0,91.0,92.0,94.0,high,high,high,high,high,high,high,high,high,2026-05-26
hitter,LAA,DET,Donovan Walton,622268,8.0,3B,Confirmed,4.18,,,,,0.68,0.34,,,,,0.6224684961199566,0.730035900838745,0.3199758221360527,0.3662944310548366,0.7715355805243446,0.798974053746997,0.12661728333148164,0.12294965646720231,,,0.79,0.38,0.28,1.18,0.12,1.24,0.1,0.01,0.0,0.277,1.239368165249089,1.2359805267255395,0.104,,0.007,,0.0,,False,96.0,99.0,96.0,88.0,93.0,91.0,91.0,92.0,94.0,high,high,high,high,high,high,high,high,high,2026-05-26
hitter,LAA,DET,Logan O'Hoppe,681351,9.0,C,Confirmed,3.89,,,,,1.02,0.43,,,,,1.0245929068073851,1.0186517572675842,0.45646711133632656,0.40610253174185695,1.0980834272829765,0.9229651895816329,0.29346469018729543,0.26070330874074216,,,1.0,0.33,0.26,1.12,0.28,1.93,0.1,0.01,0.0,0.255,2.057017543859649,1.8200296270185603,0.095,,0.006,,0.0,,False,96.0,99.0,96.0,88.0,93.0,91.0,91.0,92.0,94.0,high,high,high,high,high,high,high,high,high,2026-05-26
hitter,PIT,CHC,Konnor Griffin,804606,1.0,SS,Confirmed,3.74,,,,,1.19,0.23,,,,,1.1510371620807283,1.2255363455439265,0.2281131546833712,0.22616940050523063,0.6434108527131783,0.539871714835291,0.029281361957605133,0.025988467465940742,,,0.59,0.32,0.23,1.19,0.03,0.79,0.11,0.01,0.0,0.216,0.8408408408408409,0.7451895077264954,0.109,,0.013,,0.0,,False,82.0,86.0,82.0,74.0,79.0,77.0,77.0,78.0,80.0,high,high,high,medium,medium,medium,medium,medium,high,2026-05-26
hitter,PIT,CHC,Brandon Lowe,664040,2.0,2B,Confirmed,3.96,,,,,1.3,0.33,,,,,1.2918827952420282,1.3036746842888722,0.3295064567323224,0.32103339375569234,0.7061469265367316,0.6510829201484751,0.05380696618274658,0.0673781379573605,,,0.68,0.38,0.27,1.35,0.06,0.99,0.15,0.01,0.0,0.246,1.001763668430335,0.9853067357105146,0.147,,0.009,,0.0,,False,82.0,86.0,82.0,74.0,79.0,77.0,77.0,78.0,80.0,high,high,high,medium,medium,medium,medium,medium,high,2026-05-26
hitter,PIT,CHC,Bryan Reynolds,668804,3.0,LF,Confirmed,3.81,,,,,1.15,0.4,,,,,1.14242873279896,1.1529044393399859,0.40794521840945985,0.38842148178045205,0.7061469265367316,0.5931563428165698,0.03335789262337818,0.04172194028442567,,,0.64,0.38,0.29,1.37,0.04,0.95,0.13,0.01,0.0,0.262,1.001763668430335,0.9157037875670947,0.133,,0.011,,0.0,,False,82.0,86.0,82.0,74.0,79.0,77.0,77.0,78.0,80.0,high,high,high,medium,medium,medium,medium,medium,high,2026-05-26
hitter,PIT,CHC,Nick Gonzales,693304,4.0,2B,Confirmed,3.89,,,,,0.82,0.23,,,,,0.808288697317101,0.840528516732826,0.23081614148637428,0.2236942380965457,0.7715355805243446,0.6811682532951563,0.026323907169157182,0.02763628421657814,,,0.72,0.37,0.3,1.44,0.03,0.96,0.12,0.01,0.0,0.237,1.001763668430335,0.9262857431788737,0.121,,0.01,,0.0,,False,82.0,86.0,82.0,74.0,79.0,77.0,77.0,78.0,80.0,high,high,high,medium,medium,medium,medium,medium,high,2026-05-26
hitter,PIT,CHC,Oneil Cruz,665833,5.0,CF,Confirmed,3.96,,,,,1.44,0.41,,,,,1.3703439119803582,1.512701818564296,0.4111856176885006,0.3998246767194064,0.6506024096385542,0.6033909841365311,0.05124670341132068,0.059311101341828376,,,0.62,0.37,0.28,1.3,0.06,0.95,0.13,0.01,0.0,0.246,1.001763668430335,0.9134947116956825,0.133,,0.009,,0.0,,False,82.0,86.0,82.0,74.0,79.0,77.0,77.0,78.0,80.0,high,high,high,medium,medium,medium,medium,medium,high,2026-05-26
hitter,PIT,CHC,Marcell Ozuna,542303,6.0,DH,Confirmed,3.96,,,,,1.19,0.42,,,,,1.1385848361727595,1.2417686420198832,0.4328917539560443,0.4108887891784988,0.6434108527131783,0.5713356962932664,0.03883798017469514,0.03804366316218424,,,0.6,0.32,0.27,1.23,0.04,0.83,0.12,0.01,0.0,0.243,0.7899761336515513,0.8597625730585269,0.123,,0.008,,0.0,,False,82.0,86.0,82.0,74.0,79.0,77.0,77.0,78.0,80.0,high,high,high,medium,medium,medium,medium,medium,high,2026-05-26
hitter,PIT,CHC,Esmerlyn Valdez,699013,7.0,RF,Confirmed,2.55,,,,,1.07,0.1,,,,,1.0851468149094128,1.0508631657828749,0.1131243472213471,0.08396784323679664,0.35424354243542433,0.26658930766541067,0.06842072305354982,0.07907913891235019,,,0.31,0.18,0.17,0.7,0.07,0.64,0.07,0.01,0.0,0.201,0.6720588235294118,0.62270377511449,0.071,,0.007,,0.0,,False,82.0,86.0,82.0,74.0,79.0,77.0,77.0,78.0,80.0,high,high,high,medium,medium,medium,medium,medium,high,2026-05-26
hitter,PIT,CHC,Spencer Horwitz,687462,8.0,1B,Confirmed,3.54,,,,,0.79,0.38,,,,,0.8116240986846652,0.7770207705319063,0.4075978246237719,0.356420425404319,0.7061469265367316,0.5766157918442696,0.03485089329765163,0.030227127769465692,,,0.63,0.33,0.25,1.29,0.03,0.88,0.12,0.01,0.0,0.281,0.9875776397515532,0.7965313252386368,0.122,,0.007,,0.0,,False,82.0,86.0,82.0,74.0,79.0,77.0,77.0,78.0,80.0,high,high,high,medium,medium,medium,medium,medium,high,2026-05-26
hitter,PIT,CHC,Henry Davis,680779,9.0,C,Confirmed,3.33,,,,,0.99,0.2,,,,,0.9596102468409752,1.013898631225995,0.2003308208814006,0.2047648003737642,0.5290322580645161,0.49696097023882935,0.04212030416572792,0.03756556789956524,,,0.51,0.24,0.2,0.97,0.04,0.73,0.14,0.01,0.0,0.214,0.7899761336515513,0.6885819728956172,0.143,,0.007,,0.0,,False,82.0,86.0,82.0,74.0,79.0,77.0,77.0,78.0,80.0,high,high,high,medium,medium,medium,medium,medium,high,2026-05-26
hitter,CHC,PIT,Pete Crow-Armstrong,691718,1.0,CF,Confirmed,3.81,,,,,0.66,0.33,,,,,0.6075854727417324,0.7175343899008216,0.3450730068433855,0.31588137431731855,0.8694581280788177,0.7740386639370088,0.1869434348944828,0.17057838873865389,,,0.82,0.34,0.27,1.14,0.18,1.5,0.11,0.01,0.0,0.22,1.5956790123456794,1.4211542722353423,0.107,,0.007,,0.0,,False,96.0,99.0,96.0,88.0,93.0,91.0,91.0,92.0,94.0,high,high,high,high,high,high,high,high,high,2026-05-26
hitter,CHC,PIT,Nico Hoerner,663538,2.0,2B,Confirmed,3.81,,,,,0.27,0.27,,,,,0.22642016262455458,0.3095167906270866,0.26330336219823897,0.27856773323966244,0.801980198019802,0.7888759466404675,0.06552950119091969,0.05734673625230787,,,0.79,0.33,0.25,1.23,0.06,1.17,0.11,0.01,0.0,0.216,1.239368165249089,1.1135995552069324,0.108,,0.01,,0.0,,False,96.0,99.0,96.0,88.0,93.0,91.0,91.0,92.0,94.0,high,high,high,high,high,high,high,high,high,2026-05-26
hitter,CHC,PIT,Michael Busch,683737,3.0,1B,Confirmed,3.96,,,,,0.71,0.58,,,,,0.6547548030491864,0.7586232610451138,0.6255527799568871,0.531402731861505,0.8694581280788177,0.741419452301003,0.193435130187948,0.17749578896372864,,,0.8,0.39,0.32,1.24,0.19,1.48,0.1,0.01,0.0,0.256,1.5956790123456794,1.3901659493058507,0.099,,0.008,,0.0,,False,96.0,99.0,96.0,88.0,93.0,91.0,91.0,92.0,94.0,high,high,high,high,high,high,high,high,high,2026-05-26
hitter,CHC,PIT,Alex Bregman,608324,4.0,3B,Confirmed,4.08,,,,,0.46,0.51,,,,,0.5003185534452623,0.42257598776048627,0.5395110924637461,0.4859964537525204,0.994208494208494,0.8487608242188702,0.14504348949490692,0.12070020870962483,,,0.91,0.38,0.33,1.36,0.13,1.47,0.12,0.01,0.0,0.239,1.5956790123456794,1.3724202858468166,0.121,,0.007,,0.0,,False,96.0,99.0,96.0,88.0,93.0,91.0,91.0,92.0,94.0,high,high,high,high,high,high,high,high,high,2026-05-26
hitter,CHC,PIT,Ian Happ,664023,5.0,LF,Confirmed,3.96,,,,,0.75,0.67,,,,,0.6757673809949708,0.8161662774001025,0.725334212517254,0.6078003179004925,0.801980198019802,0.7355890236997914,0.15165690299770826,0.1770249422888618,,,0.77,0.35,0.28,1.11,0.16,1.51,0.1,0.01,0.0,0.23,1.4759615384615385,1.5434802632866944,0.103,,0.007,,0.0,,False,96.0,99.0,96.0,88.0,93.0,91.0,91.0,92.0,94.0,high,high,high,high,high,high,high,high,high,2026-05-26
hitter,CHC,PIT,Seiya Suzuki,673548,6.0,RF,Confirmed,3.49,,,,,0.65,0.43,,,,,0.6044319896629274,0.7038654786698467,0.45869288057023405,0.3913238347722332,0.7715355805243446,0.614152045280559,0.1693366751265403,0.16752369446031443,,,0.68,0.3,0.31,1.14,0.17,1.25,0.1,0.01,0.0,0.247,1.3148148148148149,1.1918876261893154,0.1,,0.007,,0.0,,False,96.0,99.0,96.0,88.0,93.0,91.0,91.0,92.0,94.0,high,high,high,high,high,high,high,high,high,2026-05-26
hitter,CHC,PIT,Moisés Ballesteros,694208,7.0,DH,Confirmed,3.02,,,,,0.44,0.34,,,,,0.4517327550384328,0.42183563866068824,0.3589495076747454,0.33040534283369294,0.7061469265367316,0.4902292810760531,0.09041446354420507,0.06567754715239457,,,0.59,0.22,0.19,0.82,0.08,1.0,0.1,0.01,0.0,0.221,1.1521739130434783,0.8710862718795663,0.099,,0.007,,0.0,,False,96.0,99.0,96.0,88.0,93.0,91.0,91.0,92.0,94.0,high,high,high,high,high,high,high,high,high,2026-05-26
hitter,CHC,PIT,Carson Kelly,608348,8.0,C,Confirmed,3.02,,,,,0.5,0.32,,,,,0.5019921890069227,0.4893013461281199,0.34849608073977756,0.2855658954659212,0.5290322580645161,0.44819547237760365,0.1014399930639556,0.09283921966800876,,,0.48,0.22,0.19,0.83,0.1,0.9,0.09,0.01,0.0,0.217,1.001763668430335,0.8196045079822517,0.093,,0.006,,0.0,,False,96.0,99.0,96.0,88.0,93.0,91.0,91.0,92.0,94.0,high,high,high,high,high,high,high,high,high,2026-05-26
hitter,CHC,PIT,Dansby Swanson,621020,9.0,SS,Confirmed,3.48,,,,,0.59,0.38,,,,,0.5549713521720692,0.6290898830951552,0.40196049064193895,0.35324841915393573,0.801980198019802,0.6852583127680236,0.12839763922923417,0.11537219252715562,,,0.74,0.28,0.25,1.05,0.12,1.21,0.11,0.01,0.0,0.228,1.3148148148148149,1.1328180589737264,0.112,,0.007,,0.0,,False,96.0,99.0,96.0,88.0,93.0,91.0,91.0,92.0,94.0,high,high,high,high,high,high,high,high,high,2026-05-26
hitter,BOS,ATL,Jarren Duran,680776,1.0,LF,Confirmed,4.25,,,,,0.93,0.2,,,,,0.9477486793117514,0.9211104212311758,0.19514012133501388,0.20050265151885274,1.1391752577319587,1.1566909439657516,0.309779942710626,0.3268971932825387,,,1.15,0.57,0.46,1.8,0.32,2.42,0.09,0.01,0.0,0.325,2.552380952380952,2.3185172915105867,0.092,,0.015,,0.0,,False,96.0,99.0,96.0,88.0,93.0,91.0,91.0,92.0,94.0,high,high,high,high,high,high,high,high,high,2026-05-26
hitter,BOS,ATL,Ceddanne Rafaela,678882,2.0,CF,Confirmed,4.18,,,,,0.72,0.11,,,,,0.7309130602215044,0.7109587201696113,0.13780105799374465,0.07990228771217343,1.0980834272829765,1.1953670025220724,0.19981364703967835,0.1974054500221387,,,1.15,0.48,0.4,1.67,0.2,1.87,0.12,0.01,0.0,0.278,1.914285714285714,1.8355217465416045,0.116,,0.009,,0.0,,False,96.0,99.0,96.0,88.0,93.0,91.0,91.0,92.0,94.0,high,high,high,high,high,high,high,high,high,2026-05-26
hitter,BOS,ATL,Wilyer Abreu,677800,3.0,RF,Confirmed,4.08,,,,,0.81,0.15,,,,,0.7630949513848553,0.8613736594861348,0.16810745696456275,0.13926183943729697,1.0,0.973011863590821,0.2322616344446244,0.22525355713408218,,,0.99,0.5,0.47,1.67,0.23,1.84,0.09,0.01,0.0,0.295,1.914285714285714,1.7832638847305002,0.094,,0.007,,0.0,,False,96.0,99.0,96.0,88.0,93.0,91.0,91.0,92.0,94.0,high,high,high,high,high,high,high,high,high,2026-05-26
hitter,BOS,ATL,Willson Contreras,575929,4.0,1B,Confirmed,4.04,,,,,0.85,0.12,,,,,0.8494303498376852,0.8543987539979586,0.1413033713470992,0.1028684144253761,1.0980834272829765,1.0764878897056738,0.2729786363842963,0.26907050867808463,,,1.09,0.51,0.49,1.71,0.27,2.08,0.1,0.01,0.0,0.304,2.057017543859649,2.09769732198719,0.102,,0.007,,0.0,,False,96.0,99.0,96.0,88.0,93.0,91.0,91.0,92.0,94.0,high,high,high,high,high,high,high,high,high,2026-05-26
hitter,BOS,ATL,Masataka Yoshida,807799,5.0,DH,Confirmed,3.58,,,,,0.38,0.1,,,,,0.38111703905808303,0.38327562608562094,0.11871816867448204,0.08465465729646732,1.0980834272829765,1.0038399767511068,0.09206511177613105,0.11505158885189193,,,1.05,0.39,0.36,1.46,0.1,1.5,0.11,0.01,0.0,0.264,1.5956790123456794,1.414463433162455,0.108,,0.009,,0.0,,False,96.0,99.0,96.0,88.0,93.0,91.0,91.0,92.0,94.0,high,high,high,high,high,high,high,high,high,2026-05-26
hitter,BOS,ATL,Mickey Gasper,681508,6.0,C,Confirmed,3.02,,,,,0.51,0.09,,,,,0.4884456874319496,0.5267679838557005,0.09527730055083498,0.08594990118204292,0.801980198019802,0.6780773532124069,0.11729678338982638,0.10930627783515305,,,0.73,0.29,0.31,1.12,0.11,1.24,0.09,0.01,0.0,0.262,1.3148148148148149,1.1798053934852277,0.088,,0.007,,0.0,,False,96.0,99.0,96.0,88.0,93.0,91.0,91.0,92.0,94.0,high,high,high,high,high,high,high,high,high,2026-05-26
hitter,BOS,ATL,Nick Sogard,686765,7.0,2B,Confirmed,3.81,,,,,0.79,0.19,,,,,0.7709277206915224,0.8129520714199289,0.19301911184379936,0.18456112076068643,1.0980834272829765,0.9396369987957431,0.1022552159874181,0.11188988681424371,,,1.01,0.35,0.3,1.34,0.11,1.54,0.1,0.01,0.0,0.266,1.684375,1.4194832079706459,0.097,,0.01,,0.0,,False,96.0,99.0,96.0,88.0,93.0,91.0,91.0,92.0,94.0,high,high,high,high,high,high,high,high,high,2026-05-26
hitter,BOS,ATL,Marcelo Mayer,691785,8.0,SS,Confirmed,3.1,,,,,0.65,0.1,,,,,0.6528258725268176,0.6390055460252169,0.10376419372643803,0.08741405507038738,0.8694581280788177,0.7056062173196737,0.13103816454468004,0.13239514919154377,,,0.78,0.28,0.26,1.02,0.13,1.27,0.09,0.01,0.0,0.255,1.4476190476190476,1.124908896546214,0.092,,0.007,,0.0,,False,96.0,99.0,96.0,88.0,93.0,91.0,91.0,92.0,94.0,high,high,high,high,high,high,high,high,high,2026-05-26
hitter,BOS,ATL,Isiah Kiner-Falefa,643396,9.0,SS,Confirmed,2.77,,,,,0.45,0.06,,,,,0.48178148605831106,0.41277894118141645,0.07997379040904436,0.04661926616251365,0.707983193277311,0.5928867441088265,0.0601790450575042,0.05695163435536125,,,0.64,0.25,0.23,1.01,0.06,1.02,0.08,0.01,0.0,0.25,1.1238670694864048,0.9361132911762584,0.076,,0.007,,0.0,,False,96.0,99.0,96.0,88.0,93.0,91.0,91.0,92.0,94.0,high,high,high,high,high,high,high,high,high,2026-05-26
hitter,ATL,BOS,Ronald Acuña Jr.,660670,1.0,RF,Confirmed,4.68,,,,,1.36,0.38,,,,,1.3162113513186846,1.4075143719666117,0.33430117975761386,0.42520645573252114,0.7061469265367316,0.7167870832574562,0.041239491451119416,0.045491574160377656,,,0.71,0.54,0.33,1.76,0.04,1.0,0.2,0.01,0.0,0.318,1.001763668430335,0.996676167229723,0.2,,0.007,,0.0,,False,96.0,99.0,96.0,88.0,93.0,91.0,91.0,92.0,94.0,high,high,high,high,high,high,high,high,high,2026-05-26
hitter,ATL,BOS,Mauricio Dubón,643289,2.0,LF,Confirmed,4.25,,,,,0.57,0.19,,,,,0.4989933936007299,0.6331777339607769,0.18786583910630114,0.19051979123401475,0.7715355805243446,0.8310046894505847,0.02512448089694199,0.03130673444939887,,,0.8,0.52,0.37,2.0,0.03,1.01,0.17,0.01,0.0,0.312,0.9875776397515532,1.0271606991713922,0.174,,0.01,,0.0,,False,96.0,99.0,96.0,88.0,93.0,91.0,91.0,92.0,94.0,high,high,high,high,high,high,high,high,high,2026-05-26
hitter,ATL,BOS,Matt Olson,621566,3.0,1B,Confirmed,4.68,,,,,1.34,0.33,,,,,1.2739633994768207,1.4034767849428371,0.3058075599757877,0.3513718000110832,0.7061469265367316,0.7881930012095004,0.052247414330446565,0.08068057869322422,,,0.75,0.57,0.42,1.98,0.07,1.1,0.21,0.01,0.0,0.329,1.001763668430335,1.177275695762737,0.212,,0.008,,0.0,,False,96.0,99.0,96.0,88.0,93.0,91.0,91.0,92.0,94.0,high,high,high,high,high,high,high,high,high,2026-05-26
hitter,ATL,BOS,Ozzie Albies,645277,4.0,2B,Confirmed,4.61,,,,,0.69,0.29,,,,,0.6312119994137555,0.7542880405761151,0.2702321639268145,0.3141167142983984,0.707983193277311,0.8364921684501723,0.034674545107608166,0.043327964980805836,,,0.78,0.52,0.4,1.92,0.04,1.09,0.2,0.01,0.0,0.3,0.9875776397515532,1.1710917023899892,0.195,,0.01,,0.0,,False,96.0,99.0,96.0,88.0,93.0,91.0,91.0,92.0,94.0,high,high,high,high,high,high,high,high,high,2026-05-26
hitter,ATL,BOS,Austin Riley,663586,5.0,3B,Confirmed,4.39,,,,,1.41,0.19,,,,,1.3542707392950026,1.4740765439573655,0.18931622729440367,0.1944978603056824,0.7061469265367316,0.6928980158232513,0.0628372731520615,0.08009470644436242,,,0.7,0.53,0.44,1.96,0.07,1.09,0.18,0.01,0.0,0.31,1.001763668430335,1.1666817421336968,0.182,,0.007,,0.0,,False,96.0,99.0,96.0,88.0,93.0,91.0,91.0,92.0,94.0,high,high,high,high,high,high,high,high,high,2026-05-26
hitter,ATL,BOS,Eli White,642201,6.0,DH,Confirmed,2.17,,,,,0.75,0.05,,,,,0.7700921406659716,0.737664170802231,0.07561897220521391,0.03134961154077931,0.2543859649122807,0.18061485187390633,0.01631528545112499,0.002948421337927455,,,0.21,0.16,0.14,0.66,0.01,0.29,0.1,0.01,0.0,0.222,0.3888888888888889,0.21419935879958096,0.102,,0.007,,0.0,,False,96.0,99.0,96.0,88.0,93.0,91.0,91.0,92.0,94.0,high,high,high,high,high,high,high,high,high,2026-05-26
hitter,ATL,BOS,Michael Harris II,671739,7.0,CF,Confirmed,3.74,,,,,0.92,0.1,,,,,0.8750516302230903,0.9658827904943411,0.10157044259034287,0.10347275620381481,0.5290322580645161,0.6118578195956927,0.04212583379785486,0.04495477326132801,,,0.57,0.34,0.3,1.44,0.04,0.8,0.16,0.01,0.0,0.262,0.7899761336515513,0.8168197327538248,0.164,,0.01,,0.0,,False,96.0,99.0,96.0,88.0,93.0,91.0,91.0,92.0,94.0,high,high,high,high,high,high,high,high,high,2026-05-26
hitter,ATL,BOS,Ha-Seong Kim,673490,8.0,SS,Confirmed,3.49,,,,,0.88,0.18,,,,,0.7898950825933027,0.962937059923694,0.19419909391325912,0.17248462084342583,0.4125159642401022,0.4322673366606324,0.025430783729786455,0.03099320620491833,,,0.42,0.31,0.23,1.19,0.03,0.58,0.13,0.01,0.0,0.271,0.6289308176100628,0.5451333730382681,0.127,,0.008,,0.0,,False,96.0,99.0,96.0,88.0,93.0,91.0,91.0,92.0,94.0,high,high,high,high,high,high,high,high,high,2026-05-26
hitter,ATL,BOS,Sandy León,506702,9.0,C,Confirmed,2.26,,,,,0.9,0.07,,,,,0.9487175560597009,0.8587926941885375,0.09143449595735631,0.05350660142858095,0.23333333333333334,0.1688370661174681,0.018124047844853337,0.0037760341950196434,,,0.2,0.16,0.12,0.62,0.01,0.24,0.09,0.01,0.0,0.22,0.28125,0.2057228889464044,0.088,,0.006,,0.0,,False,96.0,99.0,96.0,88.0,93.0,91.0,91.0,92.0,94.0,high,high,high,high,high,high,high,high,high,2026-05-26
hitter,TOR,MIA,George Springer,543807,1.0,DH,Confirmed,4.61,,,,,0.71,0.23,,,,,0.7271245769470438,0.693300895261841,0.21840735143614162,0.23734809640449375,1.4947368421052631,1.3335709138918177,0.05322749852829319,0.03726829180229807,,,1.41,0.79,0.68,2.97,0.05,1.8,0.24,0.01,0.0,0.404,1.914285714285714,1.7068845501461631,0.244,,0.009,,0.0,,False,96.0,99.0,96.0,88.0,93.0,91.0,91.0,92.0,94.0,high,high,high,high,high,high,high,high,high,2026-05-26
hitter,TOR,MIA,Daulton Varsho,662139,2.0,CF,Confirmed,4.18,,,,,1.01,0.45,,,,,0.9697475895286566,1.0517721098708954,0.4343177109594222,0.4699152890859178,0.7061469265367316,0.6338738706123254,0.040483204858563784,0.04018581411837133,,,0.67,0.65,0.59,2.34,0.04,0.87,0.16,0.01,0.0,0.362,0.8408408408408409,0.8850461342328749,0.164,,0.01,,0.0,,False,96.0,99.0,96.0,88.0,93.0,91.0,91.0,92.0,94.0,high,high,high,high,high,high,high,high,high,2026-05-26
hitter,TOR,MIA,Jesús Sánchez,660821,3.0,RF,Confirmed,3.33,,,,,0.6,0.1,,,,,0.5834003058535991,0.6256149128679896,0.10824655816799165,0.08384770251365603,0.801980198019802,0.7369871182732293,0.03458212930736676,0.03622452364772736,,,0.77,0.42,0.41,1.64,0.04,1.15,0.14,0.01,0.0,0.302,1.239368165249089,1.0680769029880948,0.139,,0.012,,0.0,,False,96.0,99.0,96.0,88.0,93.0,91.0,91.0,92.0,94.0,high,high,high,high,high,high,high,high,high,2026-05-26
hitter,TOR,MIA,Kazuma Okamoto,672960,4.0,3B,Confirmed,4.45,,,,,0.95,0.2,,,,,0.8578804099183178,1.050179990109459,0.19352448414565293,0.20747604259126665,1.0980834272829765,1.18872518098906,0.08092709999135236,0.0682167045840849,,,1.15,0.74,0.78,2.62,0.07,1.68,0.19,0.01,0.0,0.383,1.684375,1.679600635571917,0.195,,0.008,,0.0,,False,96.0,99.0,96.0,88.0,93.0,91.0,91.0,92.0,94.0,high,high,high,high,high,high,high,high,high,2026-05-26
hitter,TOR,MIA,Yohendrick Piñango,682818,5.0,LF,Confirmed,3.96,,,,,0.67,0.15,,,,,0.6626639958100289,0.6801657607294967,0.14408676029597642,0.14984038422296023,1.0980834272829765,1.1157999430484242,0.030399249361838198,0.02547120197991609,,,1.11,0.57,0.55,2.25,0.03,1.39,0.2,0.01,0.0,0.343,1.3893129770992367,1.3967675054675999,0.204,,0.013,,0.0,,False,96.0,99.0,96.0,88.0,93.0,91.0,91.0,92.0,94.0,high,high,high,high,high,high,high,high,high,2026-05-26
hitter,TOR,MIA,Ernie Clement,676391,6.0,2B,Confirmed,4.18,,,,,0.35,0.14,,,,,0.3518656763366679,0.3422726110724689,0.14269251967999722,0.14205926025500917,1.1818181818181819,1.282324840788069,0.025431960599933377,0.02543067886715974,,,1.24,0.59,0.62,2.7,0.03,1.67,0.21,0.03,0.0,0.383,1.684375,1.6659944299900105,0.206,,0.028,,0.0,,False,96.0,99.0,96.0,88.0,93.0,91.0,91.0,92.0,94.0,high,high,high,high,high,high,high,high,high,2026-05-26
hitter,TOR,MIA,Andrés Giménez,665926,7.0,SS,Confirmed,3.81,,,,,0.56,0.13,,,,,0.5713368255272563,0.5577507896587633,0.1236831888313696,0.13390111601114693,1.0980834272829765,1.0548448181571135,0.038426732018453535,0.031139726682431493,,,1.07,0.52,0.52,2.13,0.03,1.4,0.18,0.02,0.0,0.363,1.3893129770992367,1.40132620604492,0.176,,0.021,,0.0,,False,96.0,99.0,96.0,88.0,93.0,91.0,91.0,92.0,94.0,high,high,high,high,high,high,high,high,high,2026-05-26
hitter,TOR,MIA,Brandon Valenzuela,678218,8.0,C,Confirmed,4.03,,,,,0.7,0.22,,,,,0.6693839279085559,0.7246696552776108,0.20471339276390252,0.22847802143895152,0.994208494208494,0.9922617558761736,0.032981302464181586,0.02747263152502588,,,0.99,0.48,0.46,1.94,0.03,1.28,0.18,0.01,0.0,0.328,1.239368165249089,1.3146888324630859,0.177,,0.007,,0.0,,False,96.0,99.0,96.0,88.0,93.0,91.0,91.0,92.0,94.0,high,high,high,high,high,high,high,high,high,2026-05-26
hitter,TOR,MIA,Lenyn Sosa,672820,9.0,1B,Confirmed,3.54,,,,,0.68,0.08,,,,,0.5997921211801174,0.7624297963647293,0.08640267269958594,0.0743897740882343,0.994208494208494,0.9132394392557562,0.04728655857282371,0.04275494087545032,,,0.95,0.49,0.51,2.0,0.05,1.33,0.16,0.01,0.0,0.368,1.3893129770992367,1.286779276257122,0.162,,0.009,,0.0,,False,96.0,99.0,96.0,88.0,93.0,91.0,91.0,92.0,94.0,high,high,high,high,high,high,high,high,high,2026-05-26
hitter,MIA,TOR,Xavier Edwards,669364,1.0,2B,Confirmed,4.68,,,,,0.58,0.38,,,,,0.5157911291842672,0.6365295116881012,0.3460602033172375,0.4177360390250489,0.8949771689497716,0.9433835131832559,0.02058627401791359,0.022070482600688033,,,0.92,0.51,0.32,1.72,0.02,1.13,0.1,0.01,0.0,0.289,1.1238670694864048,1.1293316272881726,0.098,,0.009,,0.0,,False,96.0,99.0,96.0,88.0,93.0,91.0,91.0,92.0,94.0,high,high,high,high,high,high,high,high,high,2026-05-26
hitter,MIA,TOR,Liam Hicks,689414,2.0,DH,Confirmed,3.96,,,,,0.55,0.3,,,,,0.5075837326130298,0.599346418506678,0.3030667931419483,0.30089900043990764,0.7061469265367316,0.6735900554962367,0.024944986651209995,0.01691379348949542,,,0.69,0.52,0.36,1.77,0.02,0.85,0.1,0.01,0.0,0.333,0.8408408408408409,0.8515434909967897,0.102,,0.008,,0.0,,False,96.0,99.0,96.0,88.0,93.0,91.0,91.0,92.0,94.0,high,high,high,high,high,high,high,high,high,2026-05-26
hitter,MIA,TOR,Otto Lopez,672640,3.0,SS,Confirmed,4.18,,,,,0.6,0.2,,,,,0.5507730766881772,0.6499989581403679,0.20631796233223157,0.20059552804930364,0.801980198019802,0.8059295087292755,0.02742263148075849,0.043004829425802076,,,0.8,0.48,0.39,1.75,0.04,1.01,0.1,0.01,0.0,0.291,1.001763668430335,1.016765276248512,0.102,,0.008,,0.0,,False,96.0,99.0,96.0,88.0,93.0,91.0,91.0,92.0,94.0,high,high,high,high,high,high,high,high,high,2026-05-26
hitter,MIA,TOR,Kyle Stowers,669065,4.0,RF,Confirmed,3.96,,,,,1.1,0.34,,,,,1.0790036132964642,1.1262975207849704,0.3480813098675416,0.3393001929661068,0.6875,0.6076634644576305,0.03068487243136861,0.03563694140725666,,,0.64,0.49,0.37,1.57,0.03,0.96,0.1,0.01,0.0,0.327,0.9875776397515532,0.9392346866878387,0.099,,0.008,,0.0,,False,96.0,99.0,96.0,88.0,93.0,91.0,91.0,92.0,94.0,high,high,high,high,high,high,high,high,high,2026-05-26
hitter,MIA,TOR,Connor Norby,681393,5.0,1B,Confirmed,3.81,,,,,0.94,0.31,,,,,0.9100535722353601,0.971140851646242,0.30649225128648816,0.30833943408446246,0.6434108527131783,0.5656143210892286,0.02918838424330766,0.031404580637885635,,,0.6,0.43,0.32,1.46,0.03,0.81,0.1,0.01,0.0,0.297,0.7899761336515513,0.832698215991987,0.096,,0.009,,0.0,,False,96.0,99.0,96.0,88.0,93.0,91.0,91.0,92.0,94.0,high,high,high,high,high,high,high,high,high,2026-05-26
hitter,MIA,TOR,Jakob Marsee,805300,6.0,CF,Confirmed,4.04,,,,,0.93,0.34,,,,,0.8812361538199825,0.986683635143288,0.3505920997781833,0.33574421337210564,0.7061469265367316,0.6986464975071471,0.022386717928779512,0.017149715068303362,,,0.7,0.38,0.3,1.39,0.02,0.95,0.1,0.01,0.0,0.289,0.9875776397515532,0.9175429383052697,0.097,,0.013,,0.0,,False,96.0,99.0,96.0,88.0,93.0,91.0,91.0,92.0,94.0,high,high,high,high,high,high,high,high,high,2026-05-26
hitter,MIA,TOR,Heriberto Hernández,681715,7.0,LF,Confirmed,3.89,,,,,0.99,0.3,,,,,0.933356949567511,1.0516146694936173,0.29196823575443664,0.31425182249058015,0.5846774193548387,0.6503798645515626,0.030938673595151726,0.02996593229098803,,,0.62,0.36,0.28,1.28,0.03,0.78,0.08,0.01,0.0,0.28,0.7899761336515513,0.7639355538478741,0.083,,0.007,,0.0,,False,96.0,99.0,96.0,88.0,93.0,91.0,91.0,92.0,94.0,high,high,high,high,high,high,high,high,high,2026-05-26
hitter,MIA,TOR,Joe Mack,691788,8.0,C,Confirmed,4.04,,,,,1.11,0.24,,,,,1.0518150173541692,1.1627570649876948,0.2295293980831838,0.2595943197831652,0.7061469265367316,0.7316441583020825,0.025384776394859806,0.03090835078141439,,,0.72,0.39,0.29,1.49,0.03,0.99,0.1,0.01,0.0,0.292,0.9875776397515532,0.9891925604384131,0.104,,0.008,,0.0,,False,96.0,99.0,96.0,88.0,93.0,91.0,91.0,92.0,94.0,high,high,high,high,high,high,high,high,high,2026-05-26
hitter,MIA,TOR,Javier Sanoja,691594,9.0,2B,Confirmed,3.49,,,,,0.47,0.15,,,,,0.45206894841471124,0.4804346264292371,0.15988543609708653,0.14679765856650015,0.6434108527131783,0.5971793953468638,0.018573190391043992,0.02670897609654134,,,0.62,0.37,0.3,1.46,0.02,0.77,0.11,0.01,0.0,0.305,0.7899761336515513,0.7611091051492646,0.109,,0.012,,0.0,,False,96.0,99.0,96.0,88.0,93.0,91.0,91.0,92.0,94.0,high,high,high,high,high,high,high,high,high,2026-05-26
hitter,NYM,CIN,Carson Benge,701807,1.0,RF,Confirmed,4.04,,,,,0.87,0.12,,,,,0.8799681211421925,0.8676268475345628,0.12924002500305082,0.11330571512942177,1.0,0.9475548605451285,0.1275373769879799,0.12097514385291944,,,0.97,0.38,0.32,1.4,0.12,1.51,0.12,0.01,0.0,0.224,1.5956790123456794,1.4454344650860544,0.125,,0.008,,0.0,,False,96.0,99.0,96.0,88.0,93.0,91.0,91.0,92.0,94.0,high,high,high,high,high,high,high,high,high,2026-05-26
hitter,NYM,CIN,Bo Bichette,666182,2.0,SS,Confirmed,4.18,,,,,0.77,0.19,,,,,0.8036464802729915,0.7454911429394001,0.16991187656745613,0.20463648857632175,1.0980834272829765,0.9770232776658438,0.14553151599650818,0.13764958860264984,,,1.03,0.43,0.36,1.59,0.14,1.77,0.13,0.01,0.0,0.247,1.914285714285714,1.6461288211181038,0.132,,0.008,,0.0,,False,96.0,99.0,96.0,88.0,93.0,91.0,91.0,92.0,94.0,high,high,high,high,high,high,high,high,high,2026-05-26
hitter,NYM,CIN,Juan Soto,665742,3.0,DH,Confirmed,4.25,,,,,1.15,0.8,,,,,1.226965387194964,1.0810233453660718,0.7906657907653989,0.8156513873013989,0.4125159642401022,0.5077881066293766,0.07529945944462896,0.09932415201641122,,,0.46,0.44,0.43,1.58,0.09,0.83,0.09,0.01,0.0,0.247,0.7899761336515513,0.8623495615282091,0.086,,0.007,,0.0,,False,96.0,99.0,96.0,88.0,93.0,91.0,91.0,92.0,94.0,high,high,high,high,high,high,high,high,high,2026-05-26
hitter,NYM,CIN,A.J. Ewing,805999,4.0,CF,Confirmed,2.77,,,,,1.01,0.11,,,,,1.061461891578053,0.9636037360575505,0.11391161271393839,0.10698710026273558,0.4125159642401022,0.39945413624481274,0.05427172380671056,0.04262975693204433,,,0.41,0.19,0.18,0.72,0.05,0.76,0.08,0.01,0.0,0.176,0.8408408408408409,0.6950759477877445,0.076,,0.008,,0.0,,False,96.0,99.0,96.0,88.0,93.0,91.0,91.0,92.0,94.0,high,high,high,high,high,high,high,high,high,2026-05-26
hitter,NYM,CIN,Jared Young,676724,5.0,1B,Confirmed,2.26,,,,,0.68,0.07,,,,,0.7262544667229288,0.6241672269286848,0.08755224824637027,0.05476833089047163,0.4125159642401022,0.3651927071110059,0.02939098824057256,0.006750727066609987,,,0.39,0.21,0.2,0.76,0.02,0.49,0.07,0.01,0.0,0.222,0.5302013422818792,0.4626301167711927,0.07,,0.007,,0.0,,False,96.0,99.0,96.0,88.0,93.0,91.0,91.0,92.0,94.0,high,high,high,high,high,high,high,high,high,2026-05-26
hitter,NYM,CIN,Brett Baty,683146,6.0,3B,Confirmed,3.74,,,,,1.12,0.16,,,,,1.1230869975311286,1.1220417596293395,0.1661552728468284,0.15022117590368425,0.801980198019802,0.7447931631718373,0.13867901552188744,0.1201805671919815,,,0.77,0.28,0.3,1.1,0.13,1.33,0.08,0.01,0.0,0.204,1.3893129770992367,1.2883015513829335,0.085,,0.007,,0.0,,False,96.0,99.0,96.0,88.0,93.0,91.0,91.0,92.0,94.0,high,high,high,high,high,high,high,high,high,2026-05-26
hitter,NYM,CIN,Marcus Semien,543760,7.0,2B,Confirmed,3.74,,,,,0.82,0.13,,,,,0.8346884940359441,0.8084423058230552,0.12829116782811922,0.13031530718703258,0.8949771689497716,0.802294430600272,0.12211658711643186,0.11505492241260483,,,0.84,0.31,0.3,1.26,0.12,1.31,0.11,0.01,0.0,0.227,1.3893129770992367,1.2533389632090037,0.11,,0.008,,0.0,,False,96.0,99.0,96.0,88.0,93.0,91.0,91.0,92.0,94.0,high,high,high,high,high,high,high,high,high,2026-05-26
hitter,NYM,CIN,MJ Melendez,669004,8.0,LF,Confirmed,1.84,,,,,0.81,0.05,,,,,0.9277615974836211,0.6884299764263049,0.07233234132435597,0.031314535111472086,0.35424354243542433,0.2586192808560666,0.06804389254763307,0.03870438907237177,,,0.3,0.13,0.13,0.51,0.05,0.53,0.07,0.01,0.0,0.204,0.6720588235294118,0.4080003743110962,0.069,,0.007,,0.0,,False,96.0,99.0,96.0,88.0,93.0,91.0,91.0,92.0,94.0,high,high,high,high,high,high,high,high,high,2026-05-26
hitter,NYM,CIN,Luis Torrens,620443,9.0,C,Confirmed,3.33,,,,,0.88,0.11,,,,,0.8479788754800226,0.9107151765194436,0.11425070578385237,0.10526845439330851,0.7715355805243446,0.6905870038608156,0.08057465556093069,0.07112352759401444,,,0.73,0.26,0.25,1.09,0.08,1.14,0.09,0.01,0.0,0.219,1.239368165249089,1.0496884168653016,0.094,,0.009,,0.0,,False,96.0,99.0,96.0,88.0,93.0,91.0,91.0,92.0,94.0,high,high,high,high,high,high,high,high,high,2026-05-26
hitter,CIN,NYM,Blake Dunn,694362,1.0,RF,Confirmed,3.49,,,,,1.1,0.25,,,,,1.0858418621047774,1.1144827899505834,0.2613834831711496,0.24351509851144543,0.707983193277311,0.6274318753942181,0.09892673548073583,0.08723975960387939,,,0.66,0.29,0.19,1.0,0.09,1.16,0.13,0.01,0.0,0.223,1.239368165249089,1.0920674807144466,0.13,,0.009,,0.0,,False,96.0,99.0,96.0,88.0,93.0,91.0,91.0,92.0,94.0,high,high,high,high,high,high,high,high,high,2026-05-26
hitter,CIN,NYM,Elly De La Cruz,682829,2.0,SS,Confirmed,4.26,,,,,1.45,0.46,,,,,1.4944448108739319,1.4053043273574366,0.4844290143460237,0.4428499029321259,0.994208494208494,0.9294270377927445,0.31013163792230625,0.30200804532843645,,,0.96,0.47,0.3,1.57,0.31,2.03,0.21,0.02,0.0,0.301,2.057017543859649,2.009889902005416,0.21,,0.016,,0.0,,False,96.0,99.0,96.0,88.0,93.0,91.0,91.0,92.0,94.0,high,high,high,high,high,high,high,high,high,2026-05-26
hitter,CIN,NYM,Sal Stewart,701398,3.0,DH,Confirmed,4.25,,,,,1.25,0.43,,,,,1.171294836255328,1.3241385480861099,0.4277552003907432,0.43693020115165465,0.994208494208494,0.9032236128022906,0.25707493700890743,0.30121681642864445,,,0.94,0.43,0.32,1.52,0.28,1.99,0.17,0.01,0.0,0.274,2.057017543859649,1.9309778067120285,0.172,,0.008,,0.0,,False,96.0,99.0,96.0,88.0,93.0,91.0,91.0,92.0,94.0,high,high,high,high,high,high,high,high,high,2026-05-26
hitter,CIN,NYM,Spencer Steer,668715,4.0,1B,Confirmed,4.18,,,,,1.12,0.36,,,,,1.0113678407572821,1.222635127747772,0.3624673627938043,0.34822984096251625,0.8694581280788177,0.8486624435888435,0.2038705935916685,0.2179109947222785,,,0.86,0.39,0.29,1.39,0.21,1.7,0.13,0.01,0.0,0.251,1.684375,1.7114447086317224,0.13,,0.009,,0.0,,False,96.0,99.0,96.0,88.0,93.0,91.0,91.0,92.0,94.0,high,high,high,high,high,high,high,high,high,2026-05-26
hitter,CIN,NYM,Eugenio Suárez,553993,5.0,3B,Confirmed,4.04,,,,,1.39,0.37,,,,,1.3459815874006942,1.4430570709873716,0.3726171365942902,0.3690671468922715,0.8694581280788177,0.858206990895084,0.3991151676554565,0.35892871807729576,,,0.86,0.41,0.3,1.42,0.38,1.94,0.15,0.01,0.0,0.27,1.914285714285714,1.9669038814936404,0.152,,0.007,,0.0,,False,96.0,99.0,96.0,88.0,93.0,91.0,91.0,92.0,94.0,high,high,high,high,high,high,high,high,high,2026-05-26
hitter,CIN,NYM,Dane Myers,667472,6.0,CF,Confirmed,3.33,,,,,1.14,0.25,,,,,1.1340276116578365,1.1483298978003227,0.25761431063621176,0.2435034656287704,0.7715355805243446,0.6494930008593734,0.21558911729596056,0.16911632771056753,,,0.7,0.26,0.23,1.02,0.19,1.42,0.13,0.01,0.0,0.245,1.4759615384615385,1.3655549422534996,0.134,,0.008,,0.0,,False,96.0,99.0,96.0,88.0,93.0,91.0,91.0,92.0,94.0,high,high,high,high,high,high,high,high,high,2026-05-26
hitter,CIN,NYM,JJ Bleday,668709,7.0,LF,Confirmed,3.96,,,,,1.19,0.45,,,,,1.1422397053516726,1.2416018175969619,0.4664479861754265,0.4261768797824204,0.801980198019802,0.7459687073623366,0.23657188323375788,0.2534560500775899,,,0.77,0.37,0.26,1.33,0.25,1.69,0.13,0.01,0.0,0.287,1.684375,1.687692019129057,0.13,,0.01,,0.0,,False,96.0,99.0,96.0,88.0,93.0,91.0,91.0,92.0,94.0,high,high,high,high,high,high,high,high,high,2026-05-26
hitter,CIN,NYM,Tyler Stephenson,663886,8.0,C,Confirmed,3.49,,,,,1.26,0.38,,,,,1.230176441762919,1.2840553892197053,0.40659699966976626,0.36236968485658644,0.7061469265367316,0.5293346796610665,0.24631841016859835,0.2027494585100992,,,0.61,0.27,0.18,0.93,0.22,1.38,0.11,0.01,0.0,0.243,1.3893129770992367,1.376967637470746,0.115,,0.007,,0.0,,False,96.0,99.0,96.0,88.0,93.0,91.0,91.0,92.0,94.0,high,high,high,high,high,high,high,high,high,2026-05-26
hitter,CIN,NYM,Matt McLain,680574,9.0,2B,Confirmed,4.04,,,,,1.32,0.4,,,,,1.259128616817179,1.3837406970567439,0.4114618666868637,0.39650843160006993,0.801980198019802,0.77173584182638,0.21200696325789137,0.2099142107651671,,,0.79,0.35,0.25,1.31,0.21,1.51,0.11,0.01,0.0,0.263,1.5956790123456794,1.4422300827573837,0.115,,0.008,,0.0,,False,96.0,99.0,96.0,88.0,93.0,91.0,91.0,92.0,94.0,high,high,high,high,high,high,high,high,high,2026-05-26
hitter,CWS,MIN,Sam Antonacci,803011,1.0,LF,Confirmed,3.48,,,,,0.61,0.17,,,,,0.6123514018391537,0.6068457809024562,0.17375273844022174,0.16699982111203246,0.801980198019802,0.7352697835255222,0.09792049492948302,0.11011416668226437,,,0.77,0.31,0.24,1.26,0.1,1.22,0.14,0.01,0.0,0.223,1.239368165249089,1.2007664547396149,0.143,,0.01,,0.0,,False,96.0,99.0,96.0,88.0,93.0,91.0,91.0,92.0,94.0,high,high,high,high,high,high,high,high,high,2026-05-26
hitter,CWS,MIN,Munetaka Murakami,808959,2.0,1B,Confirmed,3.96,,,,,1.27,0.42,,,,,1.2568626994856602,1.2890085742799589,0.4380990402163978,0.39805179766563414,0.801980198019802,0.7127763114832282,0.28714950552510526,0.341021327316441,,,0.75,0.35,0.27,1.33,0.31,1.93,0.11,0.01,0.0,0.222,2.057017543859649,1.8174375056281202,0.113,,0.008,,0.0,,False,96.0,99.0,96.0,88.0,93.0,91.0,91.0,92.0,94.0,high,high,high,high,high,high,high,high,high,2026-05-26
hitter,CWS,MIN,Miguel Vargas,678246,3.0,3B,Confirmed,3.89,,,,,0.79,0.26,,,,,0.8003588118269718,0.7859651284228658,0.2859134228654344,0.23596053228643804,0.801980198019802,0.7888251662919035,0.26502702538575845,0.2442568890563147,,,0.79,0.33,0.29,1.33,0.25,1.81,0.13,0.01,0.0,0.212,1.914285714285714,1.722538975011243,0.129,,0.007,,0.0,,False,96.0,99.0,96.0,88.0,93.0,91.0,91.0,92.0,94.0,high,high,high,high,high,high,high,high,high,2026-05-26
hitter,CWS,MIN,Colson Montgomery,695657,4.0,SS,Confirmed,3.81,,,,,1.19,0.23,,,,,1.205979912916067,1.1800045339680216,0.2494286716293617,0.21709404315385916,0.801980198019802,0.7378616929949535,0.3443030936426916,0.32170180655291286,,,0.77,0.34,0.31,1.35,0.33,1.81,0.13,0.01,0.0,0.217,1.914285714285714,1.7160430363635848,0.133,,0.008,,0.0,,False,96.0,99.0,96.0,88.0,93.0,91.0,91.0,92.0,94.0,high,high,high,high,high,high,high,high,high,2026-05-26
hitter,CWS,MIN,Chase Meidroth,805367,5.0,2B,Confirmed,3.81,,,,,0.74,0.22,,,,,0.741402877527986,0.7408697417944317,0.23216400700412002,0.21006794176498594,0.8694581280788177,0.7525516580059787,0.1188783576319461,0.11772283519494735,,,0.81,0.32,0.28,1.31,0.12,1.36,0.12,0.01,0.0,0.206,1.3893129770992367,1.3305524237746638,0.116,,0.007,,0.0,,False,96.0,99.0,96.0,88.0,93.0,91.0,91.0,92.0,94.0,high,high,high,high,high,high,high,high,high,2026-05-26
hitter,CWS,MIN,Andrew Benintendi,643217,6.0,DH,Confirmed,3.49,,,,,0.78,0.2,,,,,0.8013082018635992,0.7577471942151465,0.20894783219203444,0.18128686967363578,0.707983193277311,0.6673659381269886,0.19396179781189435,0.1997400213455871,,,0.69,0.26,0.26,1.16,0.2,1.43,0.14,0.01,0.0,0.211,1.4759615384615385,1.4007898004361918,0.135,,0.007,,0.0,,False,96.0,99.0,96.0,88.0,93.0,91.0,91.0,92.0,94.0,high,high,high,high,high,high,high,high,high,2026-05-26
hitter,CWS,MIN,Tristan Peters,671976,7.0,CF,Confirmed,3.1,,,,,0.73,0.14,,,,,0.6757015578039578,0.7798718004246581,0.14881450360941115,0.13434917572134406,0.5290322580645161,0.4927409108422071,0.09671508816784516,0.08648091018715709,,,0.51,0.19,0.17,0.84,0.09,0.88,0.13,0.01,0.0,0.18,1.001763668430335,0.7827303442969791,0.125,,0.008,,0.0,,False,96.0,99.0,96.0,88.0,93.0,91.0,91.0,92.0,94.0,high,high,high,high,high,high,high,high,high,2026-05-26
hitter,CWS,MIN,Drew Romo,691011,8.0,C,Confirmed,3.1,,,,,0.9,0.19,,,,,0.8639363973900399,0.9317297229830546,0.20858227691119577,0.163930757721702,0.5846774193548387,0.5023210321764979,0.1733818065652808,0.19305029406558546,,,0.54,0.2,0.18,0.86,0.18,1.17,0.13,0.01,0.0,0.187,1.239368165249089,1.1054837870738334,0.126,,0.006,,0.0,,False,96.0,99.0,96.0,88.0,93.0,91.0,91.0,92.0,94.0,high,high,high,high,high,high,high,high,high,2026-05-26
hitter,CWS,MIN,Rikuu Nishida,807747,9.0,RF,Confirmed,2.55,,,,,0.75,0.09,,,,,0.7143204111665721,0.7935529992855744,0.11780511201572083,0.06767767160804528,0.4803149606299212,0.38053683315984604,0.08951760892919952,0.07628508894465354,,,0.43,0.16,0.15,0.72,0.08,0.78,0.09,0.01,0.0,0.184,0.8408408408408409,0.7222824645707321,0.086,,0.008,,0.0,,False,96.0,99.0,96.0,88.0,93.0,91.0,91.0,92.0,94.0,high,high,high,high,high,high,high,high,high,2026-05-26
hitter,MIN,CWS,Byron Buxton,621439,1.0,DH,Confirmed,4.61,,,,,1.18,0.31,,,,,1.1307568909379504,1.224687492802037,0.29324745847365463,0.3254171299101369,0.8694581280788177,0.813915788989383,0.20534746948736557,0.22489184388453864,,,0.84,0.48,0.31,1.59,0.22,1.61,0.2,0.01,0.0,0.281,1.684375,1.5504284848632761,0.198,,0.015,,0.0,,False,96.0,99.0,96.0,88.0,93.0,91.0,91.0,92.0,94.0,high,high,high,high,high,high,high,high,high,2026-05-26
hitter,MIN,CWS,Brooks Lee,686797,2.0,3B,Confirmed,3.49,,,,,0.69,0.14,,,,,0.6463324813817386,0.7252055701089806,0.15744196440266822,0.12312309786893429,0.6875,0.5921170647918875,0.08493343781189774,0.07779485384664386,,,0.64,0.33,0.23,1.2,0.08,1.05,0.12,0.01,0.0,0.248,1.1238670694864048,0.995895044190483,0.122,,0.009,,0.0,,False,96.0,99.0,96.0,88.0,93.0,91.0,91.0,92.0,94.0,high,high,high,high,high,high,high,high,high,2026-05-26
hitter,MIN,CWS,Trevor Larnach,663616,3.0,LF,Confirmed,3.81,,,,,0.78,0.26,,,,,0.7559171133075737,0.7976293334385947,0.28053920979957037,0.24739359198478345,0.707983193277311,0.7028097942901677,0.10825384578597691,0.10756586875415347,,,0.71,0.4,0.29,1.4,0.11,1.22,0.14,0.01,0.0,0.281,1.239368165249089,1.2070350808877588,0.142,,0.008,,0.0,,False,96.0,99.0,96.0,88.0,93.0,91.0,91.0,92.0,94.0,high,high,high,high,high,high,high,high,high,2026-05-26
hitter,MIN,CWS,Kody Clemens,665019,4.0,LF,Confirmed,3.33,,,,,0.81,0.16,,,,,0.7511176696056635,0.8757556882536123,0.17269216010670868,0.14475331104964106,0.5846774193548387,0.5666885619754942,0.13819049838146436,0.12200111875601767,,,0.57,0.3,0.24,1.07,0.13,0.96,0.13,0.01,0.0,0.244,1.001763668430335,0.9277192664512711,0.133,,0.01,,0.0,,False,96.0,99.0,96.0,88.0,93.0,91.0,91.0,92.0,94.0,high,high,high,high,high,high,high,high,high,2026-05-26
hitter,MIN,CWS,Austin Martin,668885,5.0,RF,Confirmed,3.58,,,,,0.63,0.2,,,,,0.5814661069369641,0.6828149455416008,0.2037161147469563,0.19665893207875854,0.7061469265367316,0.6311642774822903,0.06730387659924952,0.05516310626416933,,,0.66,0.37,0.28,1.36,0.06,0.97,0.1,0.01,0.0,0.271,1.001763668430335,0.9481017363440668,0.102,,0.009,,0.0,,False,96.0,99.0,96.0,88.0,93.0,91.0,91.0,92.0,94.0,high,high,high,high,high,high,high,high,high,2026-05-26
hitter,MIN,CWS,Victor Caratini,605170,6.0,C,Confirmed,3.49,,,,,0.67,0.17,,,,,0.6733200531717305,0.6722178183930121,0.1840981971998038,0.151669812687162,0.7061469265367316,0.588934191299174,0.09210539057130032,0.08977391910545715,,,0.64,0.32,0.28,1.29,0.09,0.96,0.13,0.01,0.0,0.272,1.001763668430335,0.9309912820617672,0.126,,0.007,,0.0,,False,96.0,99.0,96.0,88.0,93.0,91.0,91.0,92.0,94.0,high,high,high,high,high,high,high,high,high,2026-05-26
hitter,MIN,CWS,Tristan Gray,656484,7.0,SS,Confirmed,3.1,,,,,0.85,0.14,,,,,0.832547494775702,0.8609118757915799,0.15481742230724505,0.1192724407222499,0.5290322580645161,0.46930375850353817,0.0903808614151651,0.0868770059764151,,,0.5,0.21,0.15,0.78,0.09,0.92,0.12,0.01,0.0,0.216,1.001763668430335,0.854405440708488,0.124,,0.008,,0.0,,False,96.0,99.0,96.0,88.0,93.0,91.0,91.0,92.0,94.0,high,high,high,high,high,high,high,high,high,2026-05-26
hitter,MIN,CWS,Luke Keaschall,807712,8.0,2B,Confirmed,4.18,,,,,0.62,0.25,,,,,0.6006926992264949,0.6478170584188633,0.2531312618271342,0.24518093493922968,0.8694581280788177,0.8000709668123065,0.07632909816347888,0.07553397645435776,,,0.83,0.37,0.28,1.45,0.08,1.29,0.15,0.01,0.0,0.262,1.3148148148148149,1.2743302517830786,0.146,,0.01,,0.0,,False,96.0,99.0,96.0,88.0,93.0,91.0,91.0,92.0,94.0,high,high,high,high,high,high,high,high,high,2026-05-26
hitter,MIN,CWS,James Outman,681546,9.0,CF,Confirmed,3.02,,,,,0.96,0.23,,,,,0.9638919279883108,0.953899304742477,0.2500941270614867,0.21898093278744188,0.7061469265367316,0.5491629095292827,0.027898332339525246,0.0162727116916602,,,0.62,0.2,0.15,0.77,0.02,0.85,0.12,0.01,0.0,0.212,0.9875776397515532,0.7360776002459313,0.121,,0.009,,0.0,,False,96.0,99.0,96.0,88.0,93.0,91.0,91.0,92.0,94.0,high,high,high,high,high,high,high,high,high,2026-05-26
hitter,KC,NYY,Maikel Garcia,672580,1.0,3B,Confirmed,4.26,,,,,0.41,0.48,,,,,0.4204809258869616,0.39695356038920027,0.4845716571426212,0.4832563248629467,0.6434108527131783,0.6295026428306427,0.08640994241335126,0.10828386991664272,,,0.64,0.51,0.37,1.98,0.1,1.12,0.21,0.01,0.0,0.306,1.1238670694864048,1.1138042121661103,0.207,,0.013,,0.0,,False,96.0,99.0,96.0,88.0,93.0,91.0,91.0,92.0,94.0,high,high,high,high,high,high,high,high,high,2026-05-26
hitter,KC,NYY,Bobby Witt Jr.,677951,2.0,SS,Confirmed,4.26,,,,,0.65,0.47,,,,,0.6441428605551358,0.6471241293384805,0.4553404216282452,0.4832429449899467,0.6434108527131783,0.6473794108369052,0.12559622416175917,0.16414432327807274,,,0.65,0.51,0.38,1.99,0.14,1.27,0.25,0.02,0.0,0.306,1.239368165249089,1.2911099206961385,0.248,,0.017,,0.0,,False,96.0,99.0,96.0,88.0,93.0,91.0,91.0,92.0,94.0,high,high,high,high,high,high,high,high,high,2026-05-26
hitter,KC,NYY,Vinnie Pasquantino,686469,3.0,1B,Confirmed,4.18,,,,,0.56,0.52,,,,,0.5664666076132153,0.5522557430458126,0.5127078457484087,0.5214109277659977,0.6434108527131783,0.6244057423165754,0.13930809405450606,0.15543777966408046,,,0.63,0.52,0.43,2.05,0.15,1.23,0.28,0.01,0.0,0.325,1.239368165249089,1.230174799782313,0.279,,0.009,,0.0,,False,96.0,99.0,96.0,88.0,93.0,91.0,91.0,92.0,94.0,high,high,high,high,high,high,high,high,high,2026-05-26
hitter,KC,NYY,Salvador Perez,521692,4.0,C,Confirmed,4.18,,,,,0.64,0.3,,,,,0.5914228643031102,0.6956267019563058,0.26241477351815534,0.33220869840123335,0.5846774193548387,0.6713296703322291,0.18358282417522603,0.16651508937342416,,,0.63,0.46,0.4,1.86,0.18,1.28,0.26,0.01,0.0,0.28,1.239368165249089,1.3120916131831526,0.261,,0.011,,0.0,,False,96.0,99.0,96.0,88.0,93.0,91.0,91.0,92.0,94.0,high,high,high,high,high,high,high,high,high,2026-05-26
hitter,KC,NYY,Carter Jensen,695600,5.0,C,Confirmed,4.08,,,,,0.84,0.51,,,,,0.7914119992941999,0.8855535082568481,0.5125336484578054,0.5078989141842114,0.5290322580645161,0.5854985531440543,0.13527398209849337,0.14186878985814896,,,0.56,0.46,0.36,1.71,0.14,1.03,0.19,0.01,0.0,0.291,1.001763668430335,1.0590029265276333,0.19,,0.009,,0.0,,False,96.0,99.0,96.0,88.0,93.0,91.0,91.0,92.0,94.0,high,high,high,high,high,high,high,high,high,2026-05-26
hitter,KC,NYY,Lane Thomas,657041,6.0,LF,Confirmed,3.81,,,,,0.76,0.41,,,,,0.6956742308911431,0.8171320317318547,0.3938546062073921,0.4254371540129752,0.4125159642401022,0.5522898026513173,0.10572923720731195,0.09965997826361636,,,0.49,0.35,0.32,1.48,0.1,0.87,0.19,0.01,0.0,0.278,0.8408408408408409,0.8975418228946395,0.186,,0.011,,0.0,,False,96.0,99.0,96.0,88.0,93.0,91.0,91.0,92.0,94.0,high,high,high,high,high,high,high,high,high,2026-05-26
hitter,KC,NYY,Jac Caglianone,695506,7.0,1B,Confirmed,3.54,,,,,0.77,0.32,,,,,0.7533918386390449,0.7846667844345736,0.3201659438494706,0.31600517770801895,0.4803149606299212,0.4881645954914918,0.15215769936918538,0.14772307695604558,,,0.48,0.34,0.29,1.43,0.15,1.0,0.17,0.01,0.0,0.276,1.001763668430335,0.9922578182319307,0.172,,0.01,,0.0,,False,96.0,99.0,96.0,88.0,93.0,91.0,91.0,92.0,94.0,high,high,high,high,high,high,high,high,high,2026-05-26
hitter,KC,NYY,Nick Loftin,679845,8.0,SS,Confirmed,3.81,,,,,0.45,0.34,,,,,0.40653351855071684,0.49129799173263156,0.3190763130107488,0.35681441450437495,0.4803149606299212,0.5211242724080806,0.07191002700971774,0.07814958634809308,,,0.5,0.34,0.28,1.41,0.08,0.96,0.16,0.01,0.0,0.256,0.9875776397515532,0.9388969541764095,0.159,,0.01,,0.0,,False,96.0,99.0,96.0,88.0,93.0,91.0,91.0,92.0,94.0,high,high,high,high,high,high,high,high,high,2026-05-26
hitter,KC,NYY,Kyle Isbel,664728,9.0,CF,Confirmed,3.48,,,,,0.56,0.24,,,,,0.5457336354113196,0.5705730249716473,0.2550151122155452,0.23399340654133943,0.4125159642401022,0.4850984580943892,0.059321849308886294,0.05622188192350958,,,0.45,0.35,0.3,1.51,0.06,0.83,0.14,0.01,0.0,0.282,0.8408408408408409,0.8228875313882716,0.144,,0.01,,0.0,,False,96.0,99.0,96.0,88.0,93.0,91.0,91.0,92.0,94.0,high,high,high,high,high,high,high,high,high,2026-05-26
hitter,NYY,KC,Trent Grisham,663757,1.0,CF,Confirmed,4.74,,,,,0.96,0.57,,,,,0.8320578514820908,1.0972894802200988,0.5356187632096658,0.5983183927616719,0.707983193277311,0.8280435697145937,0.18743334438831916,0.21176619410744102,,,0.77,0.67,0.42,2.18,0.2,1.56,0.23,0.01,0.0,0.385,1.4476190476190476,1.6609876721358834,0.229,,0.009,,0.0,,False,96.0,99.0,96.0,88.0,93.0,91.0,91.0,92.0,94.0,high,high,high,high,high,high,high,high,high,2026-05-26
hitter,NYY,KC,Aaron Judge,592450,2.0,RF,Confirmed,5.14,,,,,1.21,0.61,,,,,1.1213589642118036,1.2910933876172377,0.5435991655472472,0.6811648118216195,0.8694581280788177,0.9435253668992093,0.32210282735932416,0.31249126438110586,,,0.91,0.69,0.43,2.21,0.32,2.05,0.21,0.01,0.0,0.363,1.914285714285714,2.1681613964524127,0.213,,0.009,,0.0,,False,96.0,99.0,96.0,88.0,93.0,91.0,91.0,92.0,94.0,high,high,high,high,high,high,high,high,high,2026-05-26
hitter,NYY,KC,Cody Bellinger,641355,3.0,LF,Confirmed,4.74,,,,,0.61,0.44,,,,,0.5744984968332942,0.6538446601014161,0.4151633089133058,0.464496567250085,0.7715355805243446,0.9015960109767552,0.11981673752993846,0.14755522862633388,,,0.84,0.62,0.45,2.17,0.13,1.42,0.23,0.01,0.0,0.354,1.3148148148148149,1.5084800166006973,0.225,,0.013,,0.0,,False,96.0,99.0,96.0,88.0,93.0,91.0,91.0,92.0,94.0,high,high,high,high,high,high,high,high,high,2026-05-26
hitter,NYY,KC,Paul Goldschmidt,502671,4.0,1B,Confirmed,4.14,,,,,0.75,0.28,,,,,0.7089339540890699,0.7820359870986208,0.274930898887784,0.2944775506339865,0.6434108527131783,0.7244853765443182,0.08147198755424934,0.0992516405494427,,,0.69,0.53,0.4,1.92,0.09,1.08,0.21,0.01,0.0,0.338,1.001763668430335,1.1498183751896636,0.21,,0.008,,0.0,,False,96.0,99.0,96.0,88.0,93.0,91.0,91.0,92.0,94.0,high,high,high,high,high,high,high,high,high,2026-05-26
hitter,NYY,KC,Ben Rice,700250,5.0,DH,Confirmed,4.97,,,,,0.92,0.43,,,,,0.8406948443472302,1.0070492578299088,0.4155053454994516,0.4357574748036553,0.801980198019802,0.9289726133680767,0.1291566972681076,0.16815634465749313,,,0.87,0.64,0.47,2.2,0.15,1.63,0.26,0.02,0.0,0.35,1.4759615384615385,1.7471714029241536,0.26,,0.015,,0.0,,False,96.0,99.0,96.0,88.0,93.0,91.0,91.0,92.0,94.0,high,high,high,high,high,high,high,high,high,2026-05-26
hitter,NYY,KC,Amed Rosario,642708,6.0,3B,Confirmed,3.58,,,,,1.05,0.07,,,,,0.9617266179448883,1.1433190712204482,0.08064031286580345,0.0648517746438701,0.35424354243542433,0.44741235221985787,0.029218485598051427,0.039463450874534546,,,0.41,0.39,0.36,1.63,0.03,0.59,0.17,0.01,0.0,0.324,0.5302013422818792,0.6326195083263163,0.171,,0.009,,0.0,,False,96.0,99.0,96.0,88.0,93.0,91.0,91.0,92.0,94.0,high,high,high,high,high,high,high,high,high,2026-05-26
hitter,NYY,KC,Jazz Chisholm Jr.,665862,7.0,2B,Confirmed,4.57,,,,,1.1,0.41,,,,,0.9916077442050076,1.1993235238566649,0.3682596729052463,0.45643087374793145,0.7061469265367316,0.7135907386749057,0.15487195311299043,0.1972594706080848,,,0.71,0.5,0.37,1.86,0.18,1.39,0.19,0.01,0.0,0.334,1.3148148148148149,1.457201338239153,0.193,,0.011,,0.0,,False,96.0,99.0,96.0,88.0,93.0,91.0,91.0,92.0,94.0,high,high,high,high,high,high,high,high,high,2026-05-26
hitter,NYY,KC,Anthony Volpe,683011,8.0,SS,Confirmed,4.08,,,,,1.0,0.26,,,,,0.9434606507014444,1.0606329819740297,0.24775816729743824,0.27929677555902316,0.5290322580645161,0.6396769878532336,0.16200956778512032,0.15899182091464503,,,0.59,0.44,0.34,1.65,0.16,1.23,0.19,0.01,0.0,0.326,1.1521739130434783,1.3014776960627994,0.186,,0.008,,0.0,,False,96.0,99.0,96.0,88.0,93.0,91.0,91.0,92.0,94.0,high,high,high,high,high,high,high,high,high,2026-05-26
hitter,NYY,KC,Austin Wells,669224,9.0,C,Confirmed,3.96,,,,,1.08,0.16,,,,,1.0069105253095285,1.1535724114821029,0.16854184637248423,0.15630053569453703,0.5846774193548387,0.6586131132247456,0.036791671514501675,0.036907596653508554,,,0.63,0.43,0.33,1.62,0.04,0.84,0.2,0.01,0.0,0.327,0.8408408408408409,0.8444900400655587,0.202,,0.009,,0.0,,False,96.0,99.0,96.0,88.0,93.0,91.0,91.0,92.0,94.0,high,high,high,high,high,high,high,high,high,2026-05-26
hitter,MIL,STL,Christian Yelich,592885,1.0,DH,Confirmed,4.18,,,,,1.66,0.36,,,,,1.5896879849622598,1.7265699316644236,0.3515183949011974,0.372506632544436,0.801980198019802,0.8974079005068997,0.11637645767442592,0.13328859321636014,,,0.85,0.55,0.44,2.08,0.12,1.43,0.24,0.01,0.0,0.324,1.3893129770992367,1.4554937197988105,0.236,,0.01,,0.0,,False,96.0,99.0,96.0,88.0,93.0,91.0,91.0,92.0,94.0,high,high,high,high,high,high,high,high,high,2026-05-26
hitter,MIL,STL,Jackson Chourio,694192,2.0,LF,Confirmed,4.25,,,,,1.59,0.25,,,,,1.5402639723327465,1.6384344534236197,0.25726247214101367,0.23784967450155853,1.0,1.0360569759240115,0.13879395761127905,0.1716564537072916,,,1.02,0.58,0.48,2.23,0.16,1.84,0.3,0.02,0.0,0.337,1.914285714285714,1.7878678593342208,0.302,,0.016,,0.0,,False,96.0,99.0,96.0,88.0,93.0,91.0,91.0,92.0,94.0,high,high,high,high,high,high,high,high,high,2026-05-26
hitter,MIL,STL,Brice Turang,668930,3.0,2B,Confirmed,4.18,,,,,1.51,0.39,,,,,1.3980940044971004,1.6133328266679905,0.3954818408507067,0.376545846748329,0.8694581280788177,0.9003231574773256,0.1158591188183484,0.11961542258118381,,,0.89,0.55,0.5,2.15,0.12,1.46,0.24,0.01,0.0,0.33,1.4476190476190476,1.478418684975474,0.237,,0.009,,0.0,,False,96.0,99.0,96.0,88.0,93.0,91.0,91.0,92.0,94.0,high,high,high,high,high,high,high,high,high,2026-05-26
hitter,MIL,STL,William Contreras,661388,4.0,C,Confirmed,4.26,,,,,1.23,0.37,,,,,1.1478796801002513,1.3104169947117064,0.35233890005083734,0.38419457369493154,0.994208494208494,1.0229404397388826,0.12727326743624792,0.1471448125839111,,,1.01,0.57,0.52,2.24,0.14,1.66,0.21,0.01,0.0,0.328,1.684375,1.6455211197900845,0.208,,0.009,,0.0,,False,96.0,99.0,96.0,88.0,93.0,91.0,91.0,92.0,94.0,high,high,high,high,high,high,high,high,high,2026-05-26
hitter,MIL,STL,Jake Bauers,641343,5.0,1B,Confirmed,4.25,,,,,0.8,0.2,,,,,0.7193970485764419,0.8738063510124507,0.20660779565800483,0.2020689876517004,0.801980198019802,0.8398371586479252,0.032780853299580054,0.0325934241521982,,,0.82,0.59,0.54,2.27,0.03,1.1,0.21,0.01,0.0,0.338,1.1238670694864048,1.0720794521554002,0.214,,0.009,,0.0,,False,96.0,99.0,96.0,88.0,93.0,91.0,91.0,92.0,94.0,high,high,high,high,high,high,high,high,high,2026-05-26
hitter,MIL,STL,Garrett Mitchell,669003,6.0,CF,Confirmed,2.9,,,,,1.38,0.26,,,,,1.3666484190384283,1.383616490609702,0.26078669997271464,0.25229037868505666,0.5290322580645161,0.517160110666516,0.08677567387348803,0.07038599964370416,,,0.52,0.32,0.33,1.36,0.08,0.91,0.14,0.01,0.0,0.312,1.001763668430335,0.8432760415183387,0.145,,0.009,,0.0,,False,96.0,99.0,96.0,88.0,93.0,91.0,91.0,92.0,94.0,high,high,high,high,high,high,high,high,high,2026-05-26
hitter,MIL,STL,Luis Rengifo,650859,7.0,3B,Confirmed,2.77,,,,,0.91,0.17,,,,,0.9341912601004675,0.8847780824886796,0.18556813033568612,0.155007547158038,0.6434108527131783,0.5335957861136259,0.05663733225583582,0.049179823504238565,,,0.58,0.33,0.3,1.43,0.05,0.89,0.14,0.01,0.0,0.332,1.001763668430335,0.8018384002600295,0.139,,0.009,,0.0,,False,96.0,99.0,96.0,88.0,93.0,91.0,91.0,92.0,94.0,high,high,high,high,high,high,high,high,high,2026-05-26
hitter,MIL,STL,Sal Frelick,686217,8.0,RF,Confirmed,3.96,,,,,0.32,0.15,,,,,0.33072979892266463,0.30154690350333835,0.16544429593617718,0.14451880752713508,0.8694581280788177,0.8966592495794344,0.021996439609479723,0.016527113277702933,,,0.88,0.46,0.41,1.97,0.02,1.16,0.24,0.01,0.0,0.328,1.239368165249089,1.0952398962935457,0.244,,0.009,,0.0,,False,96.0,99.0,96.0,88.0,93.0,91.0,91.0,92.0,94.0,high,high,high,high,high,high,high,high,high,2026-05-26
hitter,MIL,STL,David Hamilton,666152,9.0,SS,Confirmed,3.54,,,,,0.64,0.14,,,,,0.5751453033100766,0.7094800782822753,0.14497122805333537,0.13295751497762126,0.707983193277311,0.6885644188606032,0.020553739359823797,0.01578024384261677,,,0.7,0.41,0.37,1.77,0.02,0.84,0.23,0.01,0.0,0.328,0.8408408408408409,0.8389611218206924,0.23,,0.01,,0.0,,False,96.0,99.0,96.0,88.0,93.0,91.0,91.0,92.0,94.0,high,high,high,high,high,high,high,high,high,2026-05-26
hitter,STL,MIL,JJ Wetherholt,802139,1.0,2B,Confirmed,3.96,,,,,1.41,0.34,,,,,1.5298877746134525,1.2869682625974599,0.36169748612335295,0.3151325219602855,0.35424354243542433,0.3866751830175344,0.026117964838827633,0.03969601409782818,,,0.37,0.25,0.15,0.82,0.03,0.53,0.1,0.01,0.0,0.176,0.5302013422818792,0.5310270221873352,0.102,,0.009,,0.0,,False,96.0,99.0,96.0,88.0,93.0,91.0,91.0,92.0,94.0,high,high,high,high,high,high,high,high,high,2026-05-26
hitter,STL,MIL,Iván Herrera,671056,2.0,C,Confirmed,4.14,,,,,1.38,0.26,,,,,1.3932255003980618,1.3706220478187232,0.2514915613925775,0.25981778057570243,0.4125159642401022,0.514598432930438,0.02996901381470508,0.032764546714938086,,,0.47,0.23,0.16,0.8,0.03,0.71,0.11,0.01,0.0,0.153,0.6720588235294118,0.7383681899936276,0.105,,0.008,,0.0,,False,96.0,99.0,96.0,88.0,93.0,91.0,91.0,92.0,94.0,high,high,high,high,high,high,high,high,high,2026-05-26
hitter,STL,MIL,Jordan Walker,691023,3.0,RF,Confirmed,3.81,,,,,1.68,0.2,,,,,1.6872514106651413,1.6750124794235333,0.21391475091689158,0.19004297437819406,0.35424354243542433,0.39082042748108436,0.032803923269586865,0.03676605250747544,,,0.37,0.23,0.18,0.82,0.03,0.6,0.09,0.01,0.0,0.158,0.5302013422818792,0.6565720229228511,0.094,,0.007,,0.0,,False,96.0,99.0,96.0,88.0,93.0,91.0,91.0,92.0,94.0,high,high,high,high,high,high,high,high,high,2026-05-26
hitter,STL,MIL,Alec Burleson,676475,4.0,1B,Confirmed,4.04,,,,,1.23,0.22,,,,,1.3160739922199842,1.148136637466378,0.21527915899586056,0.218933845139494,0.4125159642401022,0.5075574588575511,0.02931153624514674,0.03423742055791316,,,0.46,0.23,0.18,0.82,0.03,0.68,0.11,0.01,0.0,0.149,0.6720588235294118,0.6860153835070072,0.105,,0.01,,0.0,,False,96.0,99.0,96.0,88.0,93.0,91.0,91.0,92.0,94.0,high,high,high,high,high,high,high,high,high,2026-05-26
hitter,STL,MIL,José Fermín,665877,5.0,3B,Confirmed,1.84,,,,,0.77,0.08,,,,,0.8837875165613236,0.64688244935174,0.09913141560543472,0.053326432364294345,0.23333333333333334,0.13844311232679718,0.015423048808273424,0.005931548536970897,,,0.18,0.12,0.1,0.45,0.01,0.17,0.07,0.01,0.0,0.176,0.23076923076923078,0.1282506763487713,0.067,,0.007,,0.0,,False,96.0,99.0,96.0,88.0,93.0,91.0,91.0,92.0,94.0,high,high,high,high,high,high,high,high,high,2026-05-26
hitter,STL,MIL,Masyn Winn,691026,6.0,SS,Confirmed,3.74,,,,,1.25,0.17,,,,,1.2780342813788774,1.228671766596177,0.17783180436405324,0.16231019375177094,0.35424354243542433,0.3724991184288314,0.021656715322026305,0.031757065152267824,,,0.36,0.17,0.15,0.67,0.03,0.51,0.08,0.01,0.0,0.136,0.4591194968553459,0.5582685114493449,0.082,,0.01,,0.0,,False,96.0,99.0,96.0,88.0,93.0,91.0,91.0,92.0,94.0,high,high,high,high,high,high,high,high,high,2026-05-26
hitter,STL,MIL,Bryan Torres,663494,7.0,LF,Confirmed,3.89,,,,,1.55,0.46,,,,,1.7417994762529208,1.3601598274572455,0.45221334772413224,0.46765459005489446,0.4125159642401022,0.49002826293201707,0.048330309788055144,0.045668996469258906,,,0.46,0.25,0.17,0.83,0.05,0.8,0.09,0.01,0.0,0.208,0.6720588235294118,0.9130460081559739,0.094,,0.011,,0.0,,False,96.0,99.0,96.0,88.0,93.0,91.0,91.0,92.0,94.0,high,high,high,high,high,high,high,high,high,2026-05-26
hitter,STL,MIL,Yohel Pozo,650968,8.0,DH,Confirmed,1.92,,,,,0.27,0.1,,,,,0.27596226980265026,0.26440882415416145,0.134394401559136,0.07315345457158563,0.5290322580645161,0.2839293168118266,0.0743811426962962,0.0361300698042433,,,0.39,0.11,0.1,0.46,0.06,0.64,0.08,0.01,0.0,0.18,0.8408408408408409,0.4715469938849006,0.077,,0.006,,0.0,,False,96.0,99.0,96.0,88.0,93.0,91.0,91.0,92.0,94.0,high,high,high,high,high,high,high,high,high,2026-05-26
hitter,STL,MIL,Victor Scott II,687363,9.0,CF,Confirmed,3.02,,,,,1.23,0.17,,,,,1.256178823825125,1.2130100755283009,0.17420818870678242,0.1635446114559258,0.3344051446945337,0.27605076184242516,0.020125654501445083,0.00611032384431647,,,0.3,0.16,0.12,0.62,0.01,0.42,0.08,0.01,0.0,0.16,0.44025157232704404,0.4039387382097207,0.081,,0.009,,0.0,,False,96.0,99.0,96.0,88.0,93.0,91.0,91.0,92.0,94.0,high,high,high,high,high,high,high,high,high,2026-05-26
hitter,TEX,HOU,Joc Pederson,592626,1.0,DH,Confirmed,3.02,,,,,0.6,0.51,,,,,0.5691072791585635,0.6299586584918946,0.5179174573865853,0.49770936939923155,0.3344051446945337,0.25831011194766534,0.03041041802528883,0.019955248522886448,,,0.29,0.23,0.15,0.79,0.03,0.41,0.1,0.01,0.0,0.208,0.44025157232704404,0.39172926454675,0.099,,0.007,,0.0,,False,96.0,99.0,96.0,88.0,93.0,91.0,91.0,92.0,94.0,high,high,high,high,high,high,high,high,high,2026-05-26
hitter,TEX,HOU,Alejandro Osuna,696030,2.0,LF,Confirmed,3.02,,,,,0.43,0.39,,,,,0.43664121750159923,0.4270454600635625,0.40012529657684115,0.3848460608666892,0.3344051446945337,0.24980549811406172,0.02862085436180937,0.01815095326705832,,,0.29,0.22,0.15,0.78,0.02,0.42,0.1,0.01,0.0,0.193,0.44025157232704404,0.40161863081539323,0.102,,0.009,,0.0,,False,96.0,99.0,96.0,88.0,93.0,91.0,91.0,92.0,94.0,high,high,high,high,high,high,high,high,high,2026-05-26
hitter,TEX,HOU,Brandon Nimmo,607043,3.0,RF,Confirmed,4.18,,,,,0.66,0.57,,,,,0.5955775327163889,0.717821358520914,0.5370035698561219,0.6068108062320422,0.4125159642401022,0.49308228167314955,0.04777362037241722,0.04213291459934473,,,0.46,0.38,0.31,1.46,0.04,0.77,0.18,0.01,0.0,0.234,0.7899761336515513,0.7537382630165361,0.181,,0.009,,0.0,,False,96.0,99.0,96.0,88.0,93.0,91.0,91.0,92.0,94.0,high,high,high,high,high,high,high,high,high,2026-05-26
hitter,TEX,HOU,Josh Jung,673962,4.0,3B,Confirmed,3.96,,,,,1.02,0.39,,,,,0.9705691416610406,1.0730199367673576,0.4057973640502104,0.37074047914718417,0.801980198019802,0.7847352203290049,0.041125954975649755,0.04317609620737453,,,0.79,0.34,0.28,1.33,0.04,1.17,0.14,0.01,0.0,0.214,1.239368165249089,1.1091935431871154,0.14,,0.009,,0.0,,False,96.0,99.0,96.0,88.0,93.0,91.0,91.0,92.0,94.0,high,high,high,high,high,high,high,high,high,2026-05-26
hitter,TEX,HOU,Jake Burger,669394,5.0,1B,Confirmed,3.1,,,,,0.64,0.38,,,,,0.6059582371343927,0.6775484438874658,0.41145636231151006,0.35022811815145005,0.4125159642401022,0.36754958989392406,0.059327561273007826,0.034150695647960645,,,0.39,0.32,0.28,1.24,0.05,0.59,0.13,0.01,0.0,0.261,0.6720588235294118,0.531918501338677,0.132,,0.009,,0.0,,False,96.0,99.0,96.0,88.0,93.0,91.0,91.0,92.0,94.0,high,high,high,high,high,high,high,high,high,2026-05-26
hitter,TEX,HOU,Evan Carter,694497,6.0,CF,Confirmed,3.09,,,,,0.58,0.48,,,,,0.5643151985137,0.6022539283630599,0.5159083898176696,0.4501512779519606,0.3344051446945337,0.29114289649100494,0.02647189278865987,0.010791794034440357,,,0.31,0.22,0.19,0.89,0.02,0.43,0.11,0.01,0.0,0.211,0.4591194968553459,0.40903459736043385,0.114,,0.008,,0.0,,False,96.0,99.0,96.0,88.0,93.0,91.0,91.0,92.0,94.0,high,high,high,high,high,high,high,high,high,2026-05-26
hitter,TEX,HOU,Ezequiel Duran,677649,7.0,SS,Confirmed,3.81,,,,,0.67,0.37,,,,,0.6133431294538002,0.7178585635046442,0.36025142490411133,0.37203501443446657,0.5290322580645161,0.485419815970742,0.04172644716664334,0.03437421610779775,,,0.51,0.29,0.25,1.25,0.04,0.79,0.12,0.01,0.0,0.218,0.7899761336515513,0.7938462532306546,0.12,,0.01,,0.0,,False,96.0,99.0,96.0,88.0,93.0,91.0,91.0,92.0,94.0,high,high,high,high,high,high,high,high,high,2026-05-26
hitter,TEX,HOU,Justin Foscue,679822,8.0,2B,Confirmed,3.49,,,,,0.68,0.44,,,,,0.6094544197390217,0.7589011779000225,0.4485546747885396,0.4245843225437521,0.4125159642401022,0.4013539619182773,0.04451006663144603,0.041037180674555127,,,0.41,0.25,0.21,1.05,0.04,0.65,0.13,0.01,0.0,0.211,0.6720588235294118,0.6387983787222354,0.132,,0.008,,0.0,,False,96.0,99.0,96.0,88.0,93.0,91.0,91.0,92.0,94.0,high,high,high,high,high,high,high,high,high,2026-05-26
hitter,TEX,HOU,Kyle Higashioka,543309,9.0,C,Confirmed,2.55,,,,,1.17,0.06,,,,,1.2481080246570317,1.0997326580082942,0.05640172608754659,0.06252059526057693,0.2543859649122807,0.21036824573994523,0.11649476793302677,0.09287284717583716,,,0.23,0.16,0.13,0.65,0.1,0.45,0.09,0.01,0.0,0.185,0.4591194968553459,0.4468276385737568,0.087,,0.008,,0.0,,False,96.0,99.0,96.0,88.0,93.0,91.0,91.0,92.0,94.0,high,high,high,high,high,high,high,high,high,2026-05-26
hitter,HOU,TEX,Jeremy Peña,665161,1.0,SS,Confirmed,4.39,,,,,0.91,0.31,,,,,0.8995946035989194,0.9130967215639926,0.3076712178428479,0.3098872328481819,0.8770949720670391,0.9018668776659367,0.1253974093548546,0.1310974849532223,,,0.89,0.52,0.38,2.0,0.13,1.46,0.23,0.01,0.0,0.299,1.4759615384615385,1.4398358351481035,0.229,,0.012,,0.0,,False,96.0,99.0,96.0,88.0,93.0,91.0,91.0,92.0,94.0,high,high,high,high,high,high,high,high,high,2026-05-26
hitter,HOU,TEX,Isaac Paredes,670623,2.0,3B,Confirmed,4.26,,,,,0.8,0.48,,,,,0.7669670942212784,0.8360197882992562,0.4768545817671449,0.477642212783178,0.7715355805243446,0.7678682854198537,0.15093839559443237,0.16141158095612185,,,0.77,0.51,0.35,1.86,0.16,1.36,0.2,0.01,0.0,0.311,1.3893129770992367,1.3366671734740239,0.2,,0.009,,0.0,,False,96.0,99.0,96.0,88.0,93.0,91.0,91.0,92.0,94.0,high,high,high,high,high,high,high,high,high,2026-05-26
hitter,HOU,TEX,Yordan Alvarez,670541,3.0,DH,Confirmed,4.26,,,,,0.94,0.55,,,,,0.9484975529931133,0.9270567875187282,0.5259361843055059,0.5680526524815882,0.7715355805243446,0.7282816316344193,0.2084978348412204,0.23714403113608176,,,0.75,0.53,0.42,1.95,0.22,1.58,0.19,0.01,0.0,0.326,1.5956790123456794,1.5581792927671592,0.194,,0.009,,0.0,,False,96.0,99.0,96.0,88.0,93.0,91.0,91.0,92.0,94.0,high,high,high,high,high,high,high,high,high,2026-05-26
hitter,HOU,TEX,Christian Walker,572233,4.0,1B,Confirmed,4.18,,,,,1.15,0.3,,,,,1.0954473508700882,1.205965405710449,0.31130958051644053,0.2921858413345673,0.801980198019802,0.7651952465302551,0.20209408324143832,0.211859043132486,,,0.78,0.49,0.42,1.91,0.21,1.54,0.19,0.01,0.0,0.295,1.5956790123456794,1.494692929266965,0.19,,0.01,,0.0,,False,96.0,99.0,96.0,88.0,93.0,91.0,91.0,92.0,94.0,high,high,high,high,high,high,high,high,high,2026-05-26
hitter,HOU,TEX,Taylor Trammell,666211,5.0,LF,Confirmed,3.33,,,,,0.61,0.26,,,,,0.5656340743698908,0.6459759573329821,0.28338806254944493,0.23364381434155623,0.8694581280788177,0.7954781655161575,0.17497156917152132,0.1322888796414486,,,0.83,0.36,0.29,1.35,0.15,1.45,0.14,0.01,0.0,0.281,1.5956790123456794,1.339070499658213,0.142,,0.01,,0.0,,False,96.0,99.0,96.0,88.0,93.0,91.0,91.0,92.0,94.0,high,high,high,high,high,high,high,high,high,2026-05-26
hitter,HOU,TEX,Cam Smith,701358,6.0,RF,Confirmed,3.48,,,,,0.97,0.31,,,,,0.9230601586099888,1.0138959078135201,0.30227166110222725,0.30965130507255406,0.5290322580645161,0.5399825058856492,0.08889623475213423,0.08007709702920998,,,0.54,0.33,0.31,1.42,0.08,0.94,0.16,0.01,0.0,0.282,0.9875776397515532,0.9022268775434285,0.159,,0.01,,0.0,,False,96.0,99.0,96.0,88.0,93.0,91.0,91.0,92.0,94.0,high,high,high,high,high,high,high,high,high,2026-05-26
hitter,HOU,TEX,Braden Shewmake,669699,7.0,2B,Confirmed,3.1,,,,,0.73,0.21,,,,,0.7032507531176562,0.7521005072528388,0.21744489521621868,0.20234083756142293,0.5846774193548387,0.4337693242590775,0.057487221464161305,0.07436205096145884,,,0.5,0.32,0.27,1.35,0.07,0.86,0.15,0.01,0.0,0.297,0.9875776397515532,0.7479039854477517,0.15,,0.009,,0.0,,False,96.0,99.0,96.0,88.0,93.0,91.0,91.0,92.0,94.0,high,high,high,high,high,high,high,high,high,2026-05-26
hitter,HOU,TEX,Brice Matthews,694728,8.0,2B,Confirmed,3.74,,,,,1.13,0.26,,,,,1.0883548226951418,1.1766433316556733,0.2656484615801874,0.26006425872824124,0.6434108527131783,0.6144911814474726,0.10189856797573926,0.10002786049754418,,,0.63,0.37,0.31,1.55,0.1,1.08,0.17,0.01,0.0,0.285,1.1238670694864048,1.0507768698600413,0.175,,0.011,,0.0,,False,96.0,99.0,96.0,88.0,93.0,91.0,91.0,92.0,94.0,high,high,high,high,high,high,high,high,high,2026-05-26
hitter,HOU,TEX,César Salazar,663967,9.0,C,Confirmed,3.74,,,,,0.58,0.31,,,,,0.4783828639595519,0.6868601478470375,0.31516635209443955,0.2957885529115712,0.5290322580645161,0.6300234257099003,0.11233438278294025,0.09998991150486793,,,0.58,0.3,0.24,1.25,0.11,0.95,0.17,0.01,0.0,0.241,0.8408408408408409,1.0390520611822318,0.167,,0.012,,0.0,,False,96.0,99.0,96.0,88.0,93.0,91.0,91.0,92.0,94.0,high,high,high,high,high,high,high,high,high,2026-05-26
hitter,ATH,SEA,Carlos Cortes,666126,1.0,RF,Confirmed,3.96,,,,,0.98,0.39,,,,,0.9260578749474764,1.0291277091363384,0.39544422271326307,0.3792713037212255,0.5846774193548387,0.5824880450581814,0.028495549184870503,0.032926044396144154,,,0.58,0.43,0.28,1.51,0.03,0.71,0.19,0.01,0.0,0.288,0.6720588235294118,0.7433801541037908,0.188,,0.008,,0.0,,False,96.0,99.0,96.0,88.0,93.0,91.0,91.0,92.0,94.0,high,high,high,high,high,high,high,high,high,2026-05-26
hitter,ATH,SEA,Nick Kurtz,701762,2.0,1B,Confirmed,4.51,,,,,1.75,0.85,,,,,1.6821067919268482,1.8276349887798282,0.805087960635827,0.8986641743253956,0.7061469265367316,0.6488285724494296,0.08799936024636565,0.09219187810873293,,,0.67,0.59,0.35,1.81,0.09,1.01,0.19,0.01,0.0,0.36,1.001763668430335,1.0251020233279002,0.187,,0.008,,0.0,,False,96.0,99.0,96.0,88.0,93.0,91.0,91.0,92.0,94.0,high,high,high,high,high,high,high,high,high,2026-05-26
hitter,ATH,SEA,Shea Langeliers,669127,3.0,C,Confirmed,4.51,,,,,1.2,0.44,,,,,1.1509444891213463,1.2403115373880442,0.4196869046584776,0.45780633916945795,0.7061469265367316,0.7304218847363528,0.05595418068387516,0.06304565212797096,,,0.72,0.52,0.41,1.92,0.06,0.99,0.2,0.01,0.0,0.3,0.9875776397515532,0.9908875664370267,0.2,,0.009,,0.0,,False,96.0,99.0,96.0,88.0,93.0,91.0,91.0,92.0,94.0,high,high,high,high,high,high,high,high,high,2026-05-26
hitter,ATH,SEA,Brent Rooker,667670,4.0,DH,Confirmed,4.26,,,,,1.48,0.46,,,,,1.4348390867905672,1.5328703638024985,0.46032915180838063,0.45268436383651756,0.6434108527131783,0.6459091706490852,0.052234893095108766,0.042607415153716605,,,0.64,0.47,0.36,1.7,0.05,0.89,0.2,0.01,0.0,0.296,0.8408408408408409,0.9258867226117159,0.202,,0.01,,0.0,,False,96.0,99.0,96.0,88.0,93.0,91.0,91.0,92.0,94.0,high,high,high,high,high,high,high,high,high,2026-05-26
hitter,ATH,SEA,Tyler Soderstrom,691016,5.0,LF,Confirmed,4.26,,,,,1.31,0.46,,,,,1.2666691489286444,1.3589762002300367,0.4553091026155378,0.47141580466250993,0.6434108527131783,0.6520286205059763,0.04793619420905096,0.04383982919717444,,,0.65,0.47,0.36,1.71,0.05,0.85,0.19,0.01,0.0,0.297,0.8408408408408409,0.8541199083776257,0.194,,0.01,,0.0,,False,96.0,99.0,96.0,88.0,93.0,91.0,91.0,92.0,94.0,high,high,high,high,high,high,high,high,high,2026-05-26
hitter,ATH,SEA,Jeff McNeil,643446,6.0,2B,Confirmed,3.96,,,,,0.7,0.43,,,,,0.6462735769253644,0.7593831243748651,0.435684326675565,0.4210720457491181,0.5846774193548387,0.6140110695655194,0.032820285079756234,0.028573269584278305,,,0.6,0.37,0.32,1.49,0.03,0.76,0.17,0.01,0.0,0.285,0.6720588235294118,0.8268731633673219,0.166,,0.01,,0.0,,False,96.0,99.0,96.0,88.0,93.0,91.0,91.0,92.0,94.0,high,high,high,high,high,high,high,high,high,2026-05-26
hitter,ATH,SEA,Zack Gelof,680869,7.0,3B,Confirmed,4.04,,,,,1.55,0.35,,,,,1.4514347826277259,1.6516850213203644,0.33945804358491505,0.3585376558000282,0.4803149606299212,0.512211519032276,0.0369658482962459,0.02071323360973701,,,0.5,0.35,0.27,1.4,0.03,0.66,0.15,0.01,0.0,0.259,0.6720588235294118,0.657166068889272,0.153,,0.009,,0.0,,False,96.0,99.0,96.0,88.0,93.0,91.0,91.0,92.0,94.0,high,high,high,high,high,high,high,high,high,2026-05-26
hitter,ATH,SEA,Lawrence Butler,671732,8.0,RF,Confirmed,3.1,,,,,0.91,0.41,,,,,0.9661235690197841,0.8458465356108081,0.44638480292787563,0.37622793009810435,0.6434108527131783,0.4912590281662651,0.03689854126922357,0.02873164988484026,,,0.56,0.3,0.23,1.18,0.03,0.8,0.12,0.01,0.0,0.287,0.8666666666666667,0.7368555834244612,0.124,,0.01,,0.0,,False,96.0,99.0,96.0,88.0,93.0,91.0,91.0,92.0,94.0,high,high,high,high,high,high,high,high,high,2026-05-26
hitter,ATH,SEA,Darell Hernaiz,687231,9.0,2B,Confirmed,3.49,,,,,0.73,0.32,,,,,0.70327430220528,0.7534990481024277,0.3157535247123774,0.3253723336485165,0.4803149606299212,0.5051324635436939,0.022306972544598753,0.012730449667343224,,,0.49,0.32,0.24,1.27,0.02,0.66,0.15,0.01,0.0,0.274,0.6720588235294118,0.6522099445367558,0.151,,0.008,,0.0,,False,96.0,99.0,96.0,88.0,93.0,91.0,91.0,92.0,94.0,high,high,high,high,high,high,high,high,high,2026-05-26
hitter,SEA,ATH,J.P. Crawford,641487,1.0,SS,Confirmed,4.57,,,,,0.52,0.33,,,,,0.5474937868932798,0.5007056288456061,0.3224437250151958,0.3301692152691963,1.1391752577319587,1.2309277118604032,0.24852334103383364,0.28133452745660165,,,1.19,0.66,0.55,2.34,0.26,2.03,0.19,0.01,0.0,0.348,2.057017543859649,2.01343170493184,0.194,,0.007,,0.0,,False,82.0,86.0,82.0,74.0,79.0,77.0,77.0,78.0,80.0,high,high,high,medium,medium,medium,medium,medium,high,2026-05-26
hitter,SEA,ATH,Julio Rodríguez,677594,2.0,CF,Confirmed,4.7,,,,,0.68,0.27,,,,,0.6221334770243279,0.7357476868904628,0.2683002753534991,0.26673299907767734,1.607843137254902,1.5035270900995048,0.42580377135976755,0.4806380058457813,,,1.55,0.94,0.82,3.37,0.45,3.0,0.33,0.01,0.0,0.473,2.775,3.185621469250373,0.335,,0.008,,0.0,,False,82.0,86.0,82.0,74.0,79.0,77.0,77.0,78.0,80.0,high,high,high,medium,medium,medium,medium,medium,high,2026-05-26
hitter,SEA,ATH,Randy Arozarena,668227,3.0,LF,Confirmed,4.57,,,,,0.81,0.31,,,,,0.7451522604305428,0.870232393626504,0.3171522541906102,0.30524375528980213,1.607843137254902,1.367866079168637,0.4738889219152788,0.4246804275457525,,,1.48,0.98,0.97,3.56,0.45,2.83,0.27,0.01,0.0,0.501,2.775,2.879248027447415,0.275,,0.007,,0.0,,False,82.0,86.0,82.0,74.0,79.0,77.0,77.0,78.0,80.0,high,high,high,medium,medium,medium,medium,medium,high,2026-05-26
hitter,SEA,ATH,Josh Naylor,647304,4.0,1B,Confirmed,4.61,,,,,0.43,0.3,,,,,0.4536049709791524,0.41223986213913627,0.30618618446869594,0.3000528429816473,1.4947368421052631,1.4139442170552083,0.340044481274427,0.3505044392381535,,,1.45,0.85,0.82,3.17,0.35,2.62,0.28,0.01,0.0,0.441,2.552380952380952,2.6760958249195084,0.282,,0.008,,0.0,,False,82.0,86.0,82.0,74.0,79.0,77.0,77.0,78.0,80.0,high,high,high,medium,medium,medium,medium,medium,high,2026-05-26
hitter,SEA,ATH,Rob Refsnyder,608701,5.0,DH,Confirmed,1.84,,,,,0.89,0.13,,,,,0.9895278075385502,0.7811325603806832,0.1480940191413309,0.10259211772549696,0.2543859649122807,0.15853143244900902,0.01903533237966735,0.007216279279621878,,,0.2,0.14,0.11,0.5,0.01,0.3,0.08,0.01,0.0,0.208,0.3888888888888889,0.22364968067240934,0.078,,0.007,,0.0,,False,82.0,86.0,82.0,74.0,79.0,77.0,77.0,78.0,80.0,high,high,high,medium,medium,medium,medium,medium,high,2026-05-26
hitter,SEA,ATH,Mitch Garver,641598,6.0,C,Confirmed,3.1,,,,,0.66,0.29,,,,,0.6450784131224856,0.6803212637755691,0.30634004206213694,0.2801263935807804,0.5290322580645161,0.46196288837120686,0.11045314093501568,0.09086520275620032,,,0.49,0.3,0.29,1.12,0.1,0.87,0.11,0.01,0.0,0.286,0.9875776397515532,0.7707115485027447,0.111,,0.008,,0.0,,False,82.0,86.0,82.0,74.0,79.0,77.0,77.0,78.0,80.0,high,high,high,medium,medium,medium,medium,medium,high,2026-05-26
hitter,SEA,ATH,Cole Young,702284,7.0,2B,Confirmed,4.04,,,,,0.52,0.26,,,,,0.5349187645260743,0.5014323559510546,0.2585971507060405,0.2699141427313964,1.0980834272829765,1.0730801304676585,0.1543977308009435,0.18645453198510234,,,1.08,0.5,0.46,2.07,0.17,1.83,0.21,0.01,0.0,0.349,1.914285714285714,1.7575967265949968,0.212,,0.008,,0.0,,False,82.0,86.0,82.0,74.0,79.0,77.0,77.0,78.0,80.0,high,high,high,medium,medium,medium,medium,medium,high,2026-05-26
hitter,SEA,ATH,Victor Robles,645302,8.0,RF,Confirmed,3.74,,,,,0.63,0.22,,,,,0.6086205535284732,0.6577204935785947,0.2287323233227497,0.21022572395148306,1.0,0.9221771615474815,0.13531845784466542,0.1669479460788973,,,0.96,0.46,0.42,1.88,0.15,1.61,0.21,0.01,0.0,0.342,1.684375,1.5431933213757916,0.206,,0.007,,0.0,,False,82.0,86.0,82.0,74.0,79.0,77.0,77.0,78.0,80.0,high,high,high,medium,medium,medium,medium,medium,high,2026-05-26
hitter,SEA,ATH,Colt Emerson,806068,9.0,3B,Confirmed,3.89,,,,,0.69,0.19,,,,,0.6596913519512781,0.7191482467353196,0.21883358730410077,0.16915049367620175,1.0980834272829765,0.9688995487767411,0.20229808290724366,0.2628999767113587,,,1.03,0.52,0.5,2.12,0.23,1.93,0.17,0.01,0.0,0.366,1.914285714285714,1.9421935114944082,0.173,,0.009,,0.0,,False,82.0,86.0,82.0,74.0,79.0,77.0,77.0,78.0,80.0,high,high,high,medium,medium,medium,medium,medium,high,2026-05-26
hitter,SD,PHI,Fernando Tatis Jr.,665487,1.0,2B,Confirmed,4.45,,,,,0.96,0.48,,,,,0.9498814268701309,0.9800535569066515,0.46806391771641054,0.4838229253713927,0.801980198019802,0.8638758624386351,0.040315426272266204,0.04170652490237341,,,0.84,0.53,0.4,2.07,0.04,1.16,0.27,0.01,0.0,0.296,1.1521739130434783,1.1706907909280155,0.268,,0.008,,0.0,,False,96.0,99.0,96.0,88.0,93.0,91.0,91.0,92.0,94.0,high,high,high,high,high,high,high,high,high,2026-05-26
hitter,SD,PHI,Xander Bogaerts,593428,2.0,SS,Confirmed,4.18,,,,,0.85,0.32,,,,,0.808665990516119,0.8904099871140124,0.3103365129205016,0.33284676121304757,0.7061469265367316,0.7109035511563858,0.027766418456564166,0.017893953547285197,,,0.71,0.49,0.38,1.96,0.02,1.0,0.21,0.01,0.0,0.285,1.001763668430335,1.007620941980123,0.213,,0.01,,0.0,,False,96.0,99.0,96.0,88.0,93.0,91.0,91.0,92.0,94.0,high,high,high,high,high,high,high,high,high,2026-05-26
hitter,SD,PHI,Gavin Sheets,657757,3.0,LF,Confirmed,4.18,,,,,0.8,0.29,,,,,0.8136831521979471,0.7954346486144328,0.2731245512817587,0.31420058315140337,0.994208494208494,0.9464299889165081,0.10954050631465989,0.10858284386605255,,,0.97,0.5,0.44,2.04,0.11,1.45,0.16,0.01,0.0,0.292,1.4759615384615385,1.4338462929587144,0.16,,0.014,,0.0,,False,96.0,99.0,96.0,88.0,93.0,91.0,91.0,92.0,94.0,high,high,high,high,high,high,high,high,high,2026-05-26
hitter,SD,PHI,Manny Machado,592518,4.0,3B,Confirmed,4.18,,,,,1.07,0.33,,,,,1.0507541023931348,1.0849751979708047,0.3249106859691445,0.33410080832288075,0.801980198019802,0.8139950800383401,0.046671748347563796,0.04442141709484024,,,0.81,0.52,0.47,2.12,0.05,1.17,0.25,0.01,0.0,0.306,1.239368165249089,1.1171626134600485,0.254,,0.009,,0.0,,False,96.0,99.0,96.0,88.0,93.0,91.0,91.0,92.0,94.0,high,high,high,high,high,high,high,high,high,2026-05-26
hitter,SD,PHI,Miguel Andujar,609280,5.0,DH,Confirmed,4.26,,,,,0.69,0.24,,,,,0.6577491552312992,0.7276369763183678,0.22805279788303626,0.24997294754241572,0.801980198019802,0.8334830063453473,0.0310854425629814,0.04715399778186099,,,0.82,0.5,0.45,2.09,0.04,1.14,0.23,0.01,0.0,0.287,1.1521739130434783,1.1242319070719216,0.234,,0.013,,0.0,,False,96.0,99.0,96.0,88.0,93.0,91.0,91.0,92.0,94.0,high,high,high,high,high,high,high,high,high,2026-05-26
hitter,SD,PHI,Jackson Merrill,701538,6.0,CF,Confirmed,4.18,,,,,1.16,0.32,,,,,1.1105407291711835,1.2024917304498308,0.3201837521226736,0.3150513543567166,0.707983193277311,0.7411272064934171,0.04285551649483573,0.05530934645859784,,,0.73,0.44,0.45,1.99,0.05,1.15,0.21,0.02,0.0,0.294,1.1521739130434783,1.1396312347581403,0.213,,0.015,,0.0,,False,96.0,99.0,96.0,88.0,93.0,91.0,91.0,92.0,94.0,high,high,high,high,high,high,high,high,high,2026-05-26
hitter,SD,PHI,Ty France,664034,7.0,1B,Confirmed,3.48,,,,,0.76,0.15,,,,,0.7393898431212466,0.776449745535764,0.14599908920393095,0.16150140234246865,0.7061469265367316,0.6439734829885606,0.03532192314222962,0.0400329342251294,,,0.67,0.42,0.39,1.91,0.04,1.0,0.16,0.01,0.0,0.329,0.9875776397515532,1.0140220861596418,0.164,,0.009,,0.0,,False,96.0,99.0,96.0,88.0,93.0,91.0,91.0,92.0,94.0,high,high,high,high,high,high,high,high,high,2026-05-26
hitter,SD,PHI,Ramón Laureano,657656,8.0,RF,Confirmed,3.89,,,,,1.21,0.27,,,,,1.1397663529302497,1.270669363732839,0.2538968703990493,0.28543085440703897,0.6434108527131783,0.6171323560280287,0.04384877169294634,0.04458225359136978,,,0.63,0.4,0.36,1.75,0.04,0.98,0.16,0.01,0.0,0.281,0.9875776397515532,0.9772677364444762,0.165,,0.008,,0.0,,False,96.0,99.0,96.0,88.0,93.0,91.0,91.0,92.0,94.0,high,high,high,high,high,high,high,high,high,2026-05-26
hitter,SD,PHI,Freddy Fermin,666023,9.0,C,Confirmed,3.81,,,,,0.79,0.46,,,,,0.7495281379283737,0.835964676147996,0.4783390264380505,0.4419007925327217,0.6666666666666666,0.6654394497514703,0.04040499769339196,0.05418662188521608,,,0.67,0.41,0.37,1.89,0.05,0.89,0.18,0.01,0.0,0.3,0.8408408408408409,0.9238031437164815,0.179,,0.009,,0.0,,False,96.0,99.0,96.0,88.0,93.0,91.0,91.0,92.0,94.0,high,high,high,high,high,high,high,high,high,2026-05-26
hitter,PHI,SD,Kyle Schwarber,656941,1.0,DH,Confirmed,4.97,,,,,1.39,1.0,,,,,1.312846307299044,1.4713093794402015,1.0194686042085557,0.9750474887376962,0.5290322580645161,0.48465823241710904,0.4569784316775261,0.5072456623194748,,,0.5,0.8,0.57,2.25,0.48,1.98,0.19,0.01,0.0,0.425,1.914285714285714,2.0390487534834754,0.194,,0.008,,0.0,,False,96.0,99.0,96.0,88.0,93.0,91.0,91.0,92.0,94.0,high,high,high,high,high,high,high,high,high,2026-05-26
hitter,PHI,SD,Trea Turner,607208,2.0,SS,Confirmed,4.74,,,,,0.84,0.52,,,,,0.8192151566013828,0.8673012187708169,0.509371841062156,0.5301468547904732,0.7061469265367316,0.7651404424311123,0.21142245329500567,0.25366852885586666,,,0.74,0.66,0.48,2.31,0.23,1.53,0.21,0.02,0.0,0.353,1.3893129770992367,1.645667056214217,0.211,,0.017,,0.0,,False,96.0,99.0,96.0,88.0,93.0,91.0,91.0,92.0,94.0,high,high,high,high,high,high,high,high,high,2026-05-26
hitter,PHI,SD,Bryce Harper,547180,3.0,1B,Confirmed,4.74,,,,,0.94,0.71,,,,,0.8884863529751377,0.9928920537750199,0.6541518659253018,0.7743613853553958,0.7061469265367316,0.7401752212153178,0.3031137523832078,0.34620703671635356,,,0.72,0.68,0.56,2.34,0.32,1.7,0.21,0.01,0.0,0.371,1.5956790123456794,1.7864473097722224,0.207,,0.008,,0.0,,False,96.0,99.0,96.0,88.0,93.0,91.0,91.0,92.0,94.0,high,high,high,high,high,high,high,high,high,2026-05-26
hitter,PHI,SD,Brandon Marsh,669016,4.0,RF,Confirmed,4.25,,,,,1.01,0.42,,,,,0.9285608700209756,1.0869072201426448,0.38636895007806715,0.4449845253317095,0.5846774193548387,0.5869625604667764,0.1715161590755847,0.1788574114580153,,,0.59,0.54,0.45,1.99,0.18,1.16,0.19,0.01,0.0,0.327,1.1238670694864048,1.182019936338321,0.186,,0.011,,0.0,,False,96.0,99.0,96.0,88.0,93.0,91.0,91.0,92.0,94.0,high,high,high,high,high,high,high,high,high,2026-05-26
hitter,PHI,SD,Alec Bohm,664761,5.0,3B,Confirmed,4.68,,,,,0.7,0.38,,,,,0.6585771183012843,0.7375206855622446,0.35881966917375663,0.4089882394726007,0.707983193277311,0.8373641397339462,0.20649328352291596,0.24160692844883577,,,0.78,0.75,0.67,2.91,0.22,1.58,0.23,0.01,0.0,0.396,1.3893129770992367,1.739354135968478,0.235,,0.009,,0.0,,False,96.0,99.0,96.0,88.0,93.0,91.0,91.0,92.0,94.0,high,high,high,high,high,high,high,high,high,2026-05-26
hitter,PHI,SD,Bryson Stott,681082,6.0,2B,Confirmed,3.96,,,,,0.67,0.44,,,,,0.6160209971321606,0.7149172605229895,0.43054989244195097,0.44648182518581425,0.5290322580645161,0.48555022962158184,0.18048402893969653,0.20754160120315984,,,0.51,0.45,0.42,1.74,0.19,1.13,0.16,0.01,0.0,0.329,1.1238670694864048,1.1316053541480224,0.161,,0.009,,0.0,,False,96.0,99.0,96.0,88.0,93.0,91.0,91.0,92.0,94.0,high,high,high,high,high,high,high,high,high,2026-05-26
hitter,PHI,SD,J.T. Realmuto,592663,7.0,C,Confirmed,4.26,,,,,0.93,0.28,,,,,0.8343306875482482,1.020316335799794,0.2773703968352892,0.2916191052830268,0.8770949720670391,0.9097651130266402,0.03203692550113068,0.03673325926736133,,,0.9,0.51,0.45,2.06,0.03,1.22,0.21,0.01,0.0,0.343,1.239368165249089,1.205618450910869,0.213,,0.013,,0.0,,False,96.0,99.0,96.0,88.0,93.0,91.0,91.0,92.0,94.0,high,high,high,high,high,high,high,high,high,2026-05-26
hitter,PHI,SD,Justin Crawford,702222,8.0,CF,Confirmed,4.25,,,,,0.76,0.41,,,,,0.6963241476247813,0.8296366807290835,0.3645202298842506,0.46118623246694335,0.7061469265367316,0.6811727194292485,0.1803461594307666,0.19555581106562236,,,0.69,0.52,0.45,2.06,0.19,1.38,0.23,0.01,0.0,0.355,1.239368165249089,1.497841681387129,0.225,,0.011,,0.0,,False,96.0,99.0,96.0,88.0,93.0,91.0,91.0,92.0,94.0,high,high,high,high,high,high,high,high,high,2026-05-26
hitter,PHI,SD,Edmundo Sosa,624641,9.0,LF,Confirmed,2.55,,,,,0.75,0.12,,,,,0.7488208401294743,0.7414237366618919,0.130296923941274,0.10865195760028333,0.4125159642401022,0.3573146889187408,0.018621614453680796,0.003097593081857725,,,0.38,0.29,0.25,1.19,0.01,0.54,0.13,0.01,0.0,0.326,0.6289308176100628,0.47542831779436734,0.129,,0.009,,0.0,,False,96.0,99.0,96.0,88.0,93.0,91.0,91.0,92.0,94.0,high,high,high,high,high,high,high,high,high,2026-05-26
hitter,SF,AZ,Willy Adames,642715,1.0,SS,Confirmed,3.96,,,,,0.84,0.34,,,,,0.7833931223732122,0.8886749528727051,0.3271836397682494,0.35692357386437157,0.6506024096385542,0.6244522526302058,0.0319780637605852,0.03776776669675681,,,0.64,0.35,0.25,1.31,0.03,0.79,0.14,0.01,0.0,0.223,0.7899761336515513,0.7962801320857782,0.143,,0.009,,0.0,,False,96.0,99.0,96.0,88.0,93.0,91.0,91.0,92.0,94.0,high,high,high,high,high,high,high,high,high,2026-05-26
hitter,SF,AZ,Casey Schmitt,669477,2.0,2B,Confirmed,3.89,,,,,0.69,0.23,,,,,0.6192347176345638,0.753516131811042,0.22110520180332005,0.23033587374443174,0.6434108527131783,0.5559226869526874,0.03209683316429969,0.022470142625548955,,,0.6,0.33,0.25,1.29,0.03,0.78,0.15,0.01,0.0,0.216,0.7899761336515513,0.7766919434979221,0.154,,0.007,,0.0,,False,96.0,99.0,96.0,88.0,93.0,91.0,91.0,92.0,94.0,high,high,high,high,high,high,high,high,high,2026-05-26
hitter,SF,AZ,Matt Chapman,656305,3.0,3B,Confirmed,3.96,,,,,0.85,0.37,,,,,0.7874944720975315,0.9130515592949574,0.3673334072173945,0.3782223182760948,0.7061469265367316,0.6079079808138691,0.03201179186445779,0.050812911829613595,,,0.65,0.35,0.29,1.35,0.04,0.85,0.13,0.01,0.0,0.226,0.8408408408408409,0.8530558335766981,0.135,,0.007,,0.0,,False,96.0,99.0,96.0,88.0,93.0,91.0,91.0,92.0,94.0,high,high,high,high,high,high,high,high,high,2026-05-26
hitter,SF,AZ,Rafael Devers,646240,4.0,1B,Confirmed,4.25,,,,,0.99,0.47,,,,,0.9515179297734088,1.020018598360133,0.46387246834284546,0.4845330462573735,0.707983193277311,0.7199650824102098,0.05271512573272296,0.04552070027242869,,,0.71,0.41,0.34,1.56,0.05,1.02,0.17,0.01,0.0,0.25,1.001763668430335,1.0322792123898819,0.173,,0.008,,0.0,,False,96.0,99.0,96.0,88.0,93.0,91.0,91.0,92.0,94.0,high,high,high,high,high,high,high,high,high,2026-05-26
hitter,SF,AZ,Harrison Bader,664056,5.0,CF,Confirmed,3.58,,,,,0.8,0.22,,,,,0.7570113524492077,0.8377854560474328,0.22393729122825393,0.21917700229795553,0.5290322580645161,0.5049085373679343,0.026500532172319718,0.02130394168649815,,,0.52,0.28,0.24,1.1,0.02,0.68,0.11,0.01,0.0,0.201,0.6720588235294118,0.6945578849956835,0.114,,0.008,,0.0,,False,96.0,99.0,96.0,88.0,93.0,91.0,91.0,92.0,94.0,high,high,high,high,high,high,high,high,high,2026-05-26
hitter,SF,AZ,Jesus Rodriguez,683679,6.0,LF,Confirmed,2.26,,,,,0.34,0.1,,,,,0.3671152022268588,0.32125832395328036,0.12174235932749977,0.07167441396674075,0.4125159642401022,0.35137916108653766,0.05810334116465512,0.038323496906459746,,,0.38,0.15,0.14,0.62,0.05,0.68,0.09,0.01,0.0,0.193,0.8408408408408409,0.5507620191968043,0.089,,0.007,,0.0,,False,96.0,99.0,96.0,88.0,93.0,91.0,91.0,92.0,94.0,high,high,high,high,high,high,high,high,high,2026-05-26
hitter,SF,AZ,Bryce Eldridge,805811,7.0,DH,Confirmed,3.48,,,,,0.83,0.33,,,,,0.7974319966508744,0.8558044926211692,0.33305601352119885,0.3187268705560784,0.4125159642401022,0.43831924532775807,0.03637423070069824,0.04275394590036895,,,0.43,0.25,0.2,0.97,0.04,0.65,0.12,0.01,0.0,0.212,0.6720588235294118,0.6354392544502949,0.124,,0.012,,0.0,,False,96.0,99.0,96.0,88.0,93.0,91.0,91.0,92.0,94.0,high,high,high,high,high,high,high,high,high,2026-05-26
hitter,SF,AZ,Eric Haase,606992,8.0,C,Confirmed,3.1,,,,,0.96,0.14,,,,,0.9424920913266434,0.9713736446517154,0.15760452008657447,0.12721529617513141,0.4125159642401022,0.39590154216165047,0.06695705462451566,0.07863075220244987,,,0.4,0.18,0.15,0.74,0.07,0.77,0.1,0.01,0.0,0.173,0.7899761336515513,0.7519640204043788,0.103,,0.008,,0.0,,False,96.0,99.0,96.0,88.0,93.0,91.0,91.0,92.0,94.0,high,high,high,high,high,high,high,high,high,2026-05-26
hitter,SF,AZ,Victor Bericoto,682674,9.0,RF,Confirmed,1.64,,,,,0.48,0.06,,,,,0.45849156534765956,0.5048321674390815,0.08950685340620536,0.03529273626929896,0.3344051446945337,0.2314944366089633,0.04886228493060774,0.037296884856407,,,0.28,0.11,0.09,0.46,0.04,0.35,0.06,0.01,0.0,0.202,0.44025157232704404,0.28256968589387826,0.06,,0.007,,0.0,,False,96.0,99.0,96.0,88.0,93.0,91.0,91.0,92.0,94.0,high,high,high,high,high,high,high,high,high,2026-05-26
hitter,AZ,SF,Ketel Marte,606466,1.0,2B,Confirmed,4.45,,,,,0.89,0.31,,,,,0.9183277441170562,0.8709077266003779,0.3015883826793181,0.3205725584472206,1.0980834272829765,1.1428057396063815,0.16536666446957224,0.18548214465837948,,,1.12,0.6,0.49,2.23,0.18,1.82,0.18,0.01,0.0,0.323,1.914285714285714,1.734040512893881,0.179,,0.014,,0.0,,False,96.0,99.0,96.0,88.0,93.0,91.0,91.0,92.0,94.0,high,high,high,high,high,high,high,high,high,2026-05-26
hitter,AZ,SF,Corbin Carroll,682998,2.0,RF,Confirmed,4.58,,,,,1.36,0.35,,,,,1.3156903515579947,1.3944203850790524,0.3467692080720134,0.3473622646529679,1.0980834272829765,1.0989877135914365,0.19082552837878516,0.2177341561142207,,,1.1,0.61,0.51,2.26,0.2,1.99,0.21,0.02,0.0,0.324,2.057017543859649,1.940289544787089,0.206,,0.019,,0.0,,False,96.0,99.0,96.0,88.0,93.0,91.0,91.0,92.0,94.0,high,high,high,high,high,high,high,high,high,2026-05-26
hitter,AZ,SF,Geraldo Perdomo,672695,3.0,SS,Confirmed,4.57,,,,,0.7,0.31,,,,,0.691571738623489,0.7181670677886955,0.3272006532920697,0.29294501688861274,1.1391752577319587,1.2171689929527656,0.1456137046294165,0.1329644499636988,,,1.18,0.72,0.67,2.88,0.14,1.84,0.29,0.01,0.0,0.381,1.914285714285714,1.7837460810282602,0.287,,0.012,,0.0,,False,96.0,99.0,96.0,88.0,93.0,91.0,91.0,92.0,94.0,high,high,high,high,high,high,high,high,high,2026-05-26
hitter,AZ,SF,Nolan Arenado,571448,4.0,3B,Confirmed,4.45,,,,,0.75,0.26,,,,,0.7309241048070746,0.7697900839888713,0.2657087153574542,0.2636591818645305,1.0980834272829765,1.0981372914552399,0.1061154760441497,0.12818975318356093,,,1.1,0.53,0.49,2.13,0.12,1.67,0.21,0.01,0.0,0.292,1.684375,1.6637560705841523,0.21,,0.009,,0.0,,False,96.0,99.0,96.0,88.0,93.0,91.0,91.0,92.0,94.0,high,high,high,high,high,high,high,high,high,2026-05-26
hitter,AZ,SF,Ryan Waldschmidt,814439,5.0,LF,Confirmed,3.49,,,,,1.03,0.19,,,,,1.0230033751300953,1.0443318530351708,0.21781006783994722,0.16464773425924617,0.801980198019802,0.7149858933388067,0.08293291105798306,0.07091782467902147,,,0.75,0.43,0.39,1.71,0.08,1.18,0.16,0.01,0.0,0.297,1.239368165249089,1.1388846351909163,0.161,,0.011,,0.0,,False,96.0,99.0,96.0,88.0,93.0,91.0,91.0,92.0,94.0,high,high,high,high,high,high,high,high,high,2026-05-26
hitter,AZ,SF,Ildemaro Vargas,545121,6.0,1B,Confirmed,4.51,,,,,0.72,0.17,,,,,0.6865180790295755,0.7507022185487722,0.14957584408279007,0.18149213918322285,1.1702127659574468,1.2644608459826558,0.10748411303760183,0.12250577968147816,,,1.22,0.6,0.64,2.73,0.11,1.87,0.24,0.01,0.0,0.36,1.914285714285714,1.8278859718959184,0.24,,0.013,,0.0,,False,96.0,99.0,96.0,88.0,93.0,91.0,91.0,92.0,94.0,high,high,high,high,high,high,high,high,high,2026-05-26
hitter,AZ,SF,Gabriel Moreno,672515,7.0,C,Confirmed,4.18,,,,,0.97,0.25,,,,,0.9510560248929824,0.9891483150481537,0.2564822048582637,0.23795809571752147,0.994208494208494,0.9729211169795177,0.12376867411355155,0.1322205663412434,,,0.98,0.48,0.45,2.02,0.13,1.56,0.2,0.01,0.0,0.313,1.5956790123456794,1.5224027133347688,0.202,,0.008,,0.0,,False,96.0,99.0,96.0,88.0,93.0,91.0,91.0,92.0,94.0,high,high,high,high,high,high,high,high,high,2026-05-26
hitter,AZ,SF,Adrian Del Castillo,680728,8.0,DH,Confirmed,3.33,,,,,1.22,0.15,,,,,1.2329307328954549,1.1986634040397208,0.17309417083607936,0.12443350280114018,0.7061469265367316,0.6008641877131723,0.08952582381433774,0.09613740296638665,,,0.65,0.33,0.31,1.42,0.09,1.14,0.18,0.01,0.0,0.28,1.239368165249089,1.0607338861183842,0.183,,0.008,,0.0,,False,96.0,99.0,96.0,88.0,93.0,91.0,91.0,92.0,94.0,high,high,high,high,high,high,high,high,high,2026-05-26
hitter,AZ,SF,Tommy Troy,694371,9.0,LF,Confirmed,2.55,,,,,0.74,0.11,,,,,0.7550461779132724,0.719229636478208,0.14057296722931747,0.08455445595100594,0.5290322580645161,0.49380769981590616,0.054408996592749094,0.03805024305223218,,,0.51,0.27,0.24,1.16,0.05,0.7,0.08,0.01,0.0,0.289,0.7899761336515513,0.6229618266645333,0.081,,0.01,,0.0,,False,96.0,99.0,96.0,88.0,93.0,91.0,91.0,92.0,94.0,high,high,high,high,high,high,high,high,high,2026-05-26
hitter,LAD,COL,Shohei Ohtani,660271,1.0,DH,Confirmed,4.97,,,,,1.02,0.53,,,,,0.9739623684162743,1.072807451448551,0.4856785369864619,0.5698668657507088,1.0980834272829765,1.2399911583697831,0.12638079541936698,0.16120600808472518,,,1.18,1.09,0.92,3.51,0.14,2.03,0.26,0.01,0.0,0.533,2.057017543859649,2.0128107229393275,0.257,,0.011,,0.0,,False,96.0,99.0,96.0,88.0,93.0,91.0,91.0,92.0,94.0,high,high,high,high,high,high,high,high,high,2026-05-26
hitter,LAD,COL,Andy Pages,681624,2.0,CF,Confirmed,4.39,,,,,0.71,0.19,,,,,0.6479940567637534,0.7687128760641339,0.18152862527001123,0.19143288894700947,0.994208494208494,1.0622627405651872,0.06134173972062678,0.06519954757517536,,,1.03,0.69,0.61,2.4,0.06,1.45,0.21,0.01,0.0,0.374,1.3893129770992367,1.5041521335930692,0.213,,0.009,,0.0,,False,96.0,99.0,96.0,88.0,93.0,91.0,91.0,92.0,94.0,high,high,high,high,high,high,high,high,high,2026-05-26
hitter,LAD,COL,Freddie Freeman,518692,3.0,1B,Confirmed,4.74,,,,,0.77,0.45,,,,,0.7531806585459876,0.7916238442206133,0.4107457091876443,0.48449159878807413,1.1702127659574468,1.2560610051793628,0.058397290176084096,0.045919286069500964,,,1.22,0.86,0.77,3.13,0.05,1.88,0.3,0.01,0.0,0.455,1.914285714285714,1.8498851162383856,0.3,,0.011,,0.0,,False,96.0,99.0,96.0,88.0,93.0,91.0,91.0,92.0,94.0,high,high,high,high,high,high,high,high,high,2026-05-26
hitter,LAD,COL,Mookie Betts,605141,4.0,SS,Confirmed,4.74,,,,,0.43,0.36,,,,,0.41677860942233735,0.4370886124678364,0.3412734572209345,0.37076353593179856,1.0980834272829765,1.163462386267126,0.042812167891902966,0.05140561116044386,,,1.13,0.68,0.62,2.44,0.05,1.6,0.24,0.01,0.0,0.359,1.5956790123456794,1.5963462293824282,0.235,,0.011,,0.0,,False,96.0,99.0,96.0,88.0,93.0,91.0,91.0,92.0,94.0,high,high,high,high,high,high,high,high,high,2026-05-26
hitter,LAD,COL,Kyle Tucker,663656,5.0,RF,Confirmed,4.57,,,,,0.57,0.38,,,,,0.5774816140059478,0.5548886672283192,0.35408143222495525,0.40214658950224214,1.0980834272829765,1.1760080641394957,0.05845978032332198,0.067058731951097,,,1.14,0.74,0.67,2.55,0.06,1.48,0.23,0.01,0.0,0.401,1.4759615384615385,1.4798192319008796,0.226,,0.009,,0.0,,False,96.0,99.0,96.0,88.0,93.0,91.0,91.0,92.0,94.0,high,high,high,high,high,high,high,high,high,2026-05-26
hitter,LAD,COL,Teoscar Hernández,606192,6.0,LF,Confirmed,4.61,,,,,0.91,0.24,,,,,0.8456508164860143,0.9816268017390916,0.23719463813781647,0.25168101868489573,1.0980834272829765,1.2092027458636923,0.0610328858974216,0.06890399025342585,,,1.16,0.62,0.67,2.46,0.06,1.62,0.21,0.01,0.0,0.371,1.5956790123456794,1.6352726235100945,0.206,,0.011,,0.0,,False,96.0,99.0,96.0,88.0,93.0,91.0,91.0,92.0,94.0,high,high,high,high,high,high,high,high,high,2026-05-26
hitter,LAD,COL,Will Smith,669257,7.0,C,Confirmed,4.61,,,,,0.75,0.4,,,,,0.697434445847733,0.7996760988105539,0.39878726240330997,0.39167671621366174,1.0980834272829765,1.1235929259044515,0.05581354304375458,0.044609498295561094,,,1.11,0.63,0.58,2.31,0.05,1.52,0.23,0.01,0.0,0.388,1.4759615384615385,1.5504919994809276,0.228,,0.007,,0.0,,False,96.0,99.0,96.0,88.0,93.0,91.0,91.0,92.0,94.0,high,high,high,high,high,high,high,high,high,2026-05-26
hitter,LAD,COL,Miguel Rojas,500743,8.0,P,Confirmed,2.33,,,,,0.36,0.08,,,,,0.3630947826554245,0.3480324527660454,0.09765207057640093,0.05306635916078726,0.5290322580645161,0.38764429889326013,0.021385644003228028,0.016266534239105502,,,0.45,0.3,0.28,1.22,0.02,0.59,0.11,0.01,0.0,0.352,0.6720588235294118,0.521541030781053,0.105,,0.01,,0.0,,False,96.0,99.0,96.0,88.0,93.0,91.0,91.0,92.0,94.0,high,high,high,high,high,high,high,high,high,2026-05-26
hitter,LAD,COL,Enrique Hernández,571771,9.0,3B,Confirmed,3.96,,,,,0.84,0.2,,,,,0.7651620027014809,0.9158603075870564,0.21138201709274115,0.19388845208289635,0.8770949720670391,0.9611166028939163,0.042280888926057004,0.03873467450012361,,,0.92,0.53,0.5,2.13,0.04,1.24,0.2,0.01,0.0,0.37,1.239368165249089,1.2411668102783966,0.2,,0.009,,0.0,,False,96.0,99.0,96.0,88.0,93.0,91.0,91.0,92.0,94.0,high,high,high,high,high,high,high,high,high,2026-05-26
hitter,COL,LAD,Willi Castro,650489,1.0,1B,Confirmed,3.96,,,,,1.24,0.24,,,,,1.1902001199692482,1.2863402859637272,0.22549426413911328,0.24467536587456193,0.7061469265367316,0.7196174479217703,0.03129535310053873,0.03548107476168229,,,0.71,0.47,0.37,1.7,0.03,1.01,0.16,0.01,0.0,0.292,1.001763668430335,1.019555977485173,0.161,,0.011,,0.0,,False,96.0,99.0,96.0,88.0,93.0,91.0,91.0,92.0,94.0,high,high,high,high,high,high,high,high,high,2026-05-26
hitter,COL,LAD,Tyler Freeman,671289,2.0,RF,Confirmed,3.96,,,,,0.62,0.17,,,,,0.5697655110686943,0.6747887672063185,0.17447727024312085,0.16958569543345947,0.8694581280788177,0.8287670367037925,0.020157376124595353,0.010692917183580428,,,0.85,0.47,0.36,1.82,0.02,1.01,0.16,0.01,0.0,0.289,1.001763668430335,1.0190798341848741,0.164,,0.011,,0.0,,False,96.0,99.0,96.0,88.0,93.0,91.0,91.0,92.0,94.0,high,high,high,high,high,high,high,high,high,2026-05-26
hitter,COL,LAD,Ezequiel Tovar,678662,3.0,SS,Confirmed,4.14,,,,,1.23,0.22,,,,,1.133731565984852,1.3349667965796854,0.215391248093971,0.23130055730401436,0.7715355805243446,0.8141273958636801,0.03692404785770359,0.04993071455728868,,,0.79,0.49,0.45,1.83,0.04,1.13,0.19,0.01,0.0,0.291,1.1238670694864048,1.1347051109559256,0.193,,0.011,,0.0,,False,96.0,99.0,96.0,88.0,93.0,91.0,91.0,92.0,94.0,high,high,high,high,high,high,high,high,high,2026-05-26
hitter,COL,LAD,Hunter Goodman,696100,4.0,C,Confirmed,4.25,,,,,1.53,0.23,,,,,1.5352893386528266,1.5280323465694492,0.23002805916802863,0.23856465759493142,0.7715355805243446,0.7476822234343938,0.06403802547514645,0.08372930453721233,,,0.76,0.63,0.62,2.25,0.07,1.3,0.21,0.01,0.0,0.358,1.239368165249089,1.3448521993693763,0.208,,0.013,,0.0,,False,96.0,99.0,96.0,88.0,93.0,91.0,91.0,92.0,94.0,high,high,high,high,high,high,high,high,high,2026-05-26
hitter,COL,LAD,Braxton Fulford,690924,5.0,C,Confirmed,2.9,,,,,1.06,0.13,,,,,1.025763252030046,1.095079840288578,0.14938107161372577,0.11565380534416142,0.4803149606299212,0.41734078981011274,0.02013752928698387,0.010014314788982619,,,0.45,0.33,0.29,1.26,0.02,0.61,0.12,0.01,0.0,0.28,0.6720588235294118,0.5597201293866932,0.119,,0.007,,0.0,,False,96.0,99.0,96.0,88.0,93.0,91.0,91.0,92.0,94.0,high,high,high,high,high,high,high,high,high,2026-05-26
hitter,COL,LAD,Jake McCarthy,664983,6.0,CF,Confirmed,3.81,,,,,0.81,0.14,,,,,0.7488498480352535,0.8667248253445401,0.1479267979841971,0.13000823533698017,0.7061469265367316,0.7377211315420871,0.02468729850081487,0.0345786992577828,,,0.72,0.37,0.38,1.62,0.03,0.98,0.17,0.02,0.0,0.275,0.9875776397515532,0.9700414131306277,0.175,,0.017,,0.0,,False,96.0,99.0,96.0,88.0,93.0,91.0,91.0,92.0,94.0,high,high,high,high,high,high,high,high,high,2026-05-26
hitter,COL,LAD,Kyle Karros,691720,7.0,3B,Confirmed,3.33,,,,,1.11,0.19,,,,,1.113805356326617,1.0967649480289123,0.20314688286045185,0.18156706396209563,0.6434108527131783,0.5516960765293397,0.024046835821479255,0.02181318527026128,,,0.59,0.35,0.31,1.44,0.02,0.76,0.13,0.01,0.0,0.301,0.7899761336515513,0.7350635397696842,0.13,,0.01,,0.0,,False,96.0,99.0,96.0,88.0,93.0,91.0,91.0,92.0,94.0,high,high,high,high,high,high,high,high,high,2026-05-26
hitter,COL,LAD,Troy Johnston,687859,8.0,1B,Confirmed,3.81,,,,,1.12,0.22,,,,,1.0326612939395494,1.208572619643022,0.21717690278088606,0.21654210582343938,0.7061469265367316,0.680855763299069,0.022128464549201147,0.025491729204379115,,,0.69,0.36,0.32,1.48,0.02,0.91,0.18,0.01,0.0,0.275,0.9875776397515532,0.8552443836823332,0.182,,0.01,,0.0,,False,96.0,99.0,96.0,88.0,93.0,91.0,91.0,92.0,94.0,high,high,high,high,high,high,high,high,high,2026-05-26
hitter,COL,LAD,Chad Stevens,677060,9.0,2B,Confirmed,3.02,,,,,0.63,0.2,,,,,0.5743444439069791,0.6908167444303001,0.19921926084675118,0.20376026392354274,0.4125159642401022,0.43642150745685837,0.019480423011669065,0.020900113665551678,,,0.43,0.29,0.26,1.2,0.02,0.63,0.14,0.01,0.0,0.276,0.6289308176100628,0.6224806034301078,0.138,,0.008,,0.0,,False,96.0,99.0,96.0,88.0,93.0,91.0,91.0,92.0,94.0,high,high,high,high,high,high,high,high,high,2026-05-26
