player_type,team,opponent,player_name,mlb_id,lineup_spot,pos,lineup_status,proj_pa,proj_ip,proj_outs,proj_runs_allowed,proj_hits_allowed,proj_strikeouts,proj_walks,proj_hr_allowed,proj_er_model,proj_fip,proj_war_contribution,direct_K,rate_K,direct_BB,rate_BB,direct_H,rate_H,direct_HR,rate_HR,direct_R,rate_R,proj_hits,proj_runs,proj_rbi,proj_hrrbi,proj_hr,proj_tb,proj_2b,proj_3b,proj_sb,proj_woba,direct_TB,rate_TB,direct_2B,rate_2B,direct_3B,rate_3B,direct_SB,rate_SB,used_fallback,confidence_score,proj_pa_confidence_score,proj_hits_confidence_score,proj_hr_confidence_score,proj_strikeouts_confidence_score,proj_runs_confidence_score,proj_rbi_confidence_score,proj_hrrbi_confidence_score,proj_walks_confidence_score,confidence,proj_pa_confidence,proj_hits_confidence,proj_hr_confidence,proj_strikeouts_confidence,proj_runs_confidence,proj_rbi_confidence,proj_hrrbi_confidence,proj_walks_confidence,game_date
pitcher,DET,TB,Troy Melton,675512,,,,,4.79,14.0,2.52,4.93,4.78,1.52,0.89,2.28,4.61,0.073,4.676567656765677,4.882964964028157,1.3455882352941178,2.026480650190615,4.879746835443039,5.152155509786922,0.869281045751634,0.9510542321979162,2.28,,,,,,,,,,,,,,,,,,,,,,,,,,,,,,,,,,,,,,,2026-08-26
pitcher,TB,DET,Freddy Peralta,642547,,,,,4.79,14.0,2.44,4.55,4.78,1.93,0.55,2.28,4.06,0.073,4.676567656765677,4.882964964028157,1.890295358649789,2.041382631246275,4.525423728813561,4.629529980634155,0.5409836065573771,0.5661210675823506,2.28,,,,,,,,,,,,,,,,,,,,,,,,,,,,,,,,,,,,,,,2026-08-26
pitcher,AZ,CHC,Eduardo Rodriguez,593958,,,,,5.13,15.0,2.63,5.18,4.75,1.96,0.56,2.43,4.03,0.08,4.676567656765677,4.816749266927345,1.890295358649789,2.18628244223244,5.093457943925234,5.51786174638975,0.5409836065573771,0.6063050264504087,2.432,,,,,,,,,,,,,,,,,,,,,,,,,,,,,,,,,,,,,,,2026-08-26
pitcher,CHC,AZ,Matthew Boyd,571510,,,,,4.79,14.0,2.4,4.93,4.52,1.43,0.61,2.21,3.8,0.081,4.5344827586206895,4.497510524090055,1.3455882352941178,1.6812829944533958,4.879746835443039,5.152155509786922,0.547945205479452,0.7592911695295503,2.212,,,,,,,,,,,,,,,,,,,,,,,,,,,,,,,,,,,,,,,2026-08-26
pitcher,SF,CIN,Logan Webb,657277,,,,,5.59,17.0,2.52,5.28,5.86,1.33,0.53,2.28,3.15,0.13,6.017094017094017,5.69849147159027,1.2772277227722773,1.496664175755607,5.093457943925234,6.012640772381813,0.5409836065573771,0.5140159409027215,2.28,,,,,,,,,,,,,,,,,,,,,,,,,,,,,,,,,,,,,,,2026-08-26
pitcher,CIN,SF,Nick Lodolo,666157,,,,,4.79,14.0,2.41,4.56,5.3,1.43,0.83,2.21,4.16,0.081,5.275,5.331254490887942,1.3455882352941178,1.6812829944533958,4.525423728813561,4.680779957327881,0.7948717948717948,0.907982663950451,2.212,,,,,,,,,,,,,,,,,,,,,,,,,,,,,,,,,,,,,,,2026-08-26
pitcher,LAA,CLE,Grayson Rodriguez,680570,,,,,4.79,14.0,2.52,4.55,4.59,2.13,0.57,2.43,4.23,0.057,4.676567656765677,4.497510524090055,2.163265306122449,2.041382631246275,4.525423728813561,4.62755356150739,0.5438855584435494,0.6350989636681925,2.432,,,,,,,,,,,,,,,,,,,,,,,,,,,,,,,,,,,,,,,2026-08-26
pitcher,CLE,LAA,Joey Cantillo,676282,,,,,4.79,14.0,2.43,4.59,4.59,1.93,0.55,2.21,4.08,0.081,4.676567656765677,4.497510524090055,1.890295358649789,2.041382631246275,4.525423728813561,4.858659276173211,0.547945205479452,0.5661210675823506,2.212,,,,,,,,,,,,,,,,,,,,,,,,,,,,,,,,,,,,,,,2026-08-26
pitcher,SD,PIT,Randy Vásquez,681190,,,,,4.61,14.0,2.77,4.61,3.99,2.0,1.12,3.08,6.08,-0.02,3.6538461538461537,4.328501777882078,1.890295358649789,2.3178432489536314,4.525423728813561,4.95854632570307,1.1428571428571428,1.082681419219278,3.075,,,,,,,,,,,,,,,,,,,,,,,,,,,,,,,,,,,,,,,2026-08-26
pitcher,PIT,SD,Bubba Chandler,696149,,,,,4.79,14.0,2.39,4.93,4.78,1.85,0.4,2.21,3.63,0.081,4.676567656765677,4.882964964028157,1.890295358649789,1.7468702410277968,4.879746835443039,5.152155509786922,0.38095238095238093,0.44045373111342334,2.212,,,,,,,,,,,,,,,,,,,,,,,,,,,,,,,,,,,,,,,2026-08-26
pitcher,SEA,PHI,Bryan Woo,693433,,,,,5.21,16.0,2.44,4.61,6.17,1.31,0.88,2.21,3.96,0.111,6.017094017094017,6.323128873107073,1.2772277227722773,1.3949231405521847,4.500000000000001,5.0333098236854905,0.869281045751634,0.8965857077382466,2.212,,,,,,,,,,,,,,,,,,,,,,,,,,,,,,,,,,,,,,,2026-08-26
pitcher,PHI,SEA,Jesús Luzardo,666200,,,,,5.59,17.0,2.6,5.17,6.56,1.93,0.49,2.21,3.16,0.138,6.649122807017544,6.471370949799894,1.890295358649789,2.038623099654568,5.093457943925234,5.462538614084102,0.4827586206896552,0.5140159409027215,2.212,,,,,,,,,,,,,,,,,,,,,,,,,,,,,,,,,,,,,,,2026-08-26
pitcher,MIA,BOS,Ryan Gusto,687473,,,,,4.61,14.0,2.6,4.84,4.43,1.7,0.76,2.43,4.54,0.045,4.5344827586206895,4.328501777882078,1.610062893081761,1.9503289764882537,4.879746835443039,4.676079178112422,0.7441860465116279,0.7933320753691587,2.432,,,,,,,,,,,,,,,,,,,,,,,,,,,,,,,,,,,,,,,2026-08-26
pitcher,BOS,MIA,Sonny Gray,543243,,,,,5.21,16.0,2.45,5.2,6.17,1.31,0.57,1.79,3.16,0.162,6.017094017094017,6.323128873107073,1.2772277227722773,1.3949231405521847,5.093457943925234,5.60391027264924,0.547945205479452,0.6157600755958343,1.789,,,,,,,,,,,,,,,,,,,,,,,,,,,,,,,,,,,,,,,2026-08-26
pitcher,WSH,COL,Matt Waldron,663362,,,,,4.79,14.0,2.71,4.55,3.74,2.02,0.92,3.0,5.5,-0.002,3.6538461538461537,3.8257426697625427,1.890295358649789,2.408344720713209,4.525423728813561,4.62755356150739,0.9130434782608695,0.9510542321979162,3.0,,,,,,,,,,,,,,,,,,,,,,,,,,,,,,,,,,,,,,,2026-08-26
pitcher,COL,WSH,Tanner Gordon,685299,,,,,4.61,14.0,2.89,5.78,3.51,1.41,0.96,3.08,5.23,-0.02,3.6538461538461537,3.370786500201109,1.3455882352941178,1.6181032577098442,5.68,6.178085626494306,0.9130434782608695,1.082681419219278,3.075,,,,,,,,,,,,,,,,,,,,,,,,,,,,,,,,,,,,,,,2026-08-26
pitcher,NYY,HOU,Elmer Rodríguez,695684,,,,,4.61,14.0,2.65,4.45,4.43,2.0,0.91,2.48,5.2,0.04,4.5344827586206895,4.328501777882078,1.890295358649789,2.3178432489536314,4.326530612244898,4.95854632570307,0.9130434782608695,0.91531524226146,2.481,,,,,,,,,,,,,,,,,,,,,,,,,,,,,,,,,,,,,,,2026-08-26
pitcher,HOU,NYY,Peter Lambert,663567,,,,,5.21,16.0,2.48,4.63,4.78,1.97,0.56,2.28,4.01,0.103,4.676567656765677,4.891864265242002,1.890295358649789,2.220376515405656,4.525423728813561,5.0333098236854905,0.5409836065573771,0.6157600755958343,2.28,,,,,,,,,,,,,,,,,,,,,,,,,,,,,,,,,,,,,,,2026-08-26
pitcher,MIL,NYM,Dustin May,669160,,,,,4.79,14.0,2.14,3.91,5.0,1.93,0.55,1.79,4.06,0.13,4.676567656765677,5.331254490887942,1.890295358649789,2.041382631246275,3.6666666666666665,4.858659276173211,0.5409836065573771,0.5661210675823506,1.789,,,,,,,,,,,,,,,,,,,,,,,,,,,,,,,,,,,,,,,2026-08-26
pitcher,ATL,LAD,AJ Smith-Shawver,700363,,,,,5.13,15.0,2.56,5.18,5.08,1.96,0.48,1.79,3.78,0.155,5.275,4.894158567626302,1.890295358649789,2.18628244223244,5.093457943925234,5.51786174638975,0.4827586206896552,0.471717670273875,1.789,,,,,,,,,,,,,,,,,,,,,,,,,,,,,,,,,,,,,,,2026-08-26
pitcher,LAD,ATL,Roki Sasaki,808963,,,,,4.79,14.0,2.37,4.43,4.59,2.02,0.57,2.21,4.06,0.081,4.676567656765677,4.497510524090055,1.890295358649789,2.408344720713209,4.326530612244898,4.858659276173211,0.5409836065573771,0.6350989636681925,2.212,,,,,,,,,,,,,,,,,,,,,,,,,,,,,,,,,,,,,,,2026-08-26
pitcher,CWS,TEX,Sean Burke,680732,,,,,5.13,15.0,2.57,4.83,4.95,2.39,0.56,2.28,4.18,0.097,4.676567656765677,5.229563729742055,2.3333333333333335,2.579291945147967,4.661316130940776,5.51786174638975,0.5409836065573771,0.6063050264504087,2.28,,,,,,,,,,,,,,,,,,,,,,,,,,,,,,,,,,,,,,,2026-08-26
pitcher,TEX,CWS,MacKenzie Gore,669022,,,,,5.21,16.0,2.42,4.47,6.17,1.97,0.56,1.79,3.49,0.162,6.017094017094017,6.323128873107073,1.890295358649789,2.220376515405656,4.326530612244898,5.0333098236854905,0.5409836065573771,0.5943699081420252,1.789,,,,,,,,,,,,,,,,,,,,,,,,,,,,,,,,,,,,,,,2026-08-26
pitcher,STL,BAL,Michael McGreevy,700241,,,,,4.79,14.0,2.75,5.69,3.58,1.28,0.87,3.08,5.0,-0.01,3.6538461538461537,3.502400723636293,1.2772277227722773,1.2824725226957707,5.68,5.720501571405975,0.869281045751634,0.8726985188581348,3.075,,,,,,,,,,,,,,,,,,,,,,,,,,,,,,,,,,,,,,,2026-08-26
pitcher,BAL,STL,Kyle Bradish,680694,,,,,5.21,16.0,2.71,4.6,6.85,2.45,0.8,2.21,4.08,0.111,6.649122807017544,7.047496679501248,2.4,2.619514821485557,4.486486486486487,5.0333098236854905,0.7580645161290323,0.8965857077382466,2.212,,,,,,,,,,,,,,,,,,,,,,,,,,,,,,,,,,,,,,,2026-08-26
pitcher,ATH,MIN,J.T. Ginn,669372,,,,,4.79,14.0,2.82,4.71,4.59,2.35,0.89,2.28,5.23,0.073,4.676567656765677,4.497510524090055,2.3333333333333335,2.408344720713209,4.666666666666667,4.858659276173211,0.869281045751634,0.9510542321979162,2.28,,,,,,,,,,,,,,,,,,,,,,,,,,,,,,,,,,,,,,,2026-08-26
pitcher,MIN,ATH,Connor Prielipp,687570,,,,,5.13,15.0,2.48,4.77,4.95,1.96,0.56,2.21,4.02,0.105,4.676567656765677,5.229563729742055,1.890295358649789,2.18628244223244,4.666666666666667,5.203532794732478,0.5409836065573771,0.6063050264504087,2.212,,,,,,,,,,,,,,,,,,,,,,,,,,,,,,,,,,,,,,,2026-08-26
hitter,DET,TB,Brett Callahan,814430,1.0,LF,Confirmed,3.81,,,,,0.79,0.18,,,,,0.794,,0.18,,0.869,,0.099,,,,0.87,0.44,0.35,1.66,0.1,1.32,0.15,0.01,0.0,0.28,1.315,,0.146,,0.009,,0.0,,True,40.0,44.0,40.0,32.0,37.0,35.0,35.0,36.0,38.0,low,low,low,low,low,low,low,low,low,2026-08-26
hitter,DET,TB,Kevin McGonigle,805808,2.0,SS,Confirmed,4.57,,,,,0.68,0.5,,,,,0.658734598857604,0.7104737706231211,0.502888511080115,0.4968026707643575,1.0980834272829765,1.1003084557793794,0.17024934289816784,0.16010374629608645,,,1.1,0.58,0.43,2.01,0.17,1.82,0.2,0.01,0.0,0.321,1.914285714285714,1.7497995414243526,0.199,,0.008,,0.0,,False,96.0,99.0,96.0,88.0,93.0,91.0,91.0,92.0,94.0,high,high,high,high,high,high,high,high,high,2026-08-26
hitter,DET,TB,Gleyber Torres,650402,3.0,2B,Confirmed,4.26,,,,,1.09,0.54,,,,,0.9639123033444489,1.211563731956754,0.5527363697639622,0.5364048352537408,1.0980834272829765,0.9936307129310435,0.33082813599833777,0.34733232972534867,,,1.04,0.6,0.54,2.23,0.34,2.04,0.17,0.01,0.0,0.346,2.057017543859649,2.0275106847668303,0.171,,0.009,,0.0,,False,96.0,99.0,96.0,88.0,93.0,91.0,91.0,92.0,94.0,high,high,high,high,high,high,high,high,high,2026-08-26
hitter,DET,TB,Colt Keith,690993,4.0,DH,Confirmed,3.1,,,,,0.7,0.18,,,,,0.7043385178470594,0.6950063750557811,0.1959661161424263,0.16487466894555544,0.801980198019802,0.6412797539554252,0.10850246043329564,0.08888847785402951,,,0.71,0.41,0.37,1.55,0.1,1.12,0.14,0.01,0.0,0.322,1.239368165249089,1.016586875836614,0.137,,0.011,,0.0,,False,96.0,99.0,96.0,88.0,93.0,91.0,91.0,92.0,94.0,high,high,high,high,high,high,high,high,high,2026-08-26
hitter,DET,TB,Dillon Dingler,693307,5.0,C,Confirmed,4.27,,,,,1.05,0.21,,,,,1.0018338878996587,1.0948307132977635,0.22448334292443223,0.20040105322380325,1.0980834272829765,1.0863032104710992,0.1710025265316882,0.17439786239247174,,,1.09,0.56,0.53,2.19,0.17,1.85,0.21,0.01,0.0,0.321,1.914285714285714,1.8023884618245494,0.211,,0.012,,0.0,,False,96.0,99.0,96.0,88.0,93.0,91.0,91.0,92.0,94.0,high,high,high,high,high,high,high,high,high,2026-08-26
hitter,DET,TB,Zach McKinstry,656716,6.0,RF,Confirmed,3.81,,,,,0.72,0.24,,,,,0.6978695644344202,0.7475380306566867,0.261000767190679,0.22504197766311093,0.994208494208494,0.8659366122623007,0.09956266969635119,0.09996542987470254,,,0.92,0.4,0.4,1.7,0.1,1.39,0.17,0.02,0.0,0.302,1.4157766934277654,1.3682203877235046,0.169,,0.02,,0.0,,False,96.0,99.0,96.0,88.0,93.0,91.0,91.0,92.0,94.0,high,high,high,high,high,high,high,high,high,2026-08-26
hitter,DET,TB,Spencer Torkelson,679529,7.0,1B,Confirmed,4.26,,,,,1.19,0.41,,,,,1.1899886225030423,1.193137052070347,0.4203782188806998,0.39077858355193296,0.994208494208494,0.9601692336853125,0.18325174905457067,0.19989708835906594,,,0.98,0.49,0.44,1.93,0.19,1.78,0.17,0.01,0.0,0.329,1.914285714285714,1.6649035918327353,0.172,,0.01,,0.0,,False,96.0,99.0,96.0,88.0,93.0,91.0,91.0,92.0,94.0,high,high,high,high,high,high,high,high,high,2026-08-26
hitter,DET,TB,Max Clark,703601,8.0,CF,Confirmed,2.07,,,,,0.58,0.15,,,,,0.5865925719311591,0.5789326482731495,0.18018861894060467,0.1153568391832725,0.28236711787185503,0.2182813600403655,0.06392265904947651,0.06366427221599104,,,0.25,0.22,0.2,0.84,0.06,0.55,0.09,0.01,0.0,0.3,0.6720588235294118,0.44315868454348617,0.086,,0.008,,0.0,,False,96.0,99.0,96.0,88.0,93.0,91.0,91.0,92.0,94.0,high,high,high,high,high,high,high,high,high,2026-08-26
hitter,DET,TB,Hao-Yu Lee,701678,9.0,3B,Confirmed,3.33,,,,,0.9,0.19,,,,,0.8529137740417418,0.9420342145867558,0.1975116682103059,0.1755722301274141,0.801980198019802,0.6945562650977508,0.11004732295708577,0.09874982784770366,,,0.74,0.36,0.33,1.49,0.1,1.21,0.16,0.01,0.0,0.304,1.3148148148148149,1.1241125481167875,0.161,,0.01,,0.0,,False,96.0,99.0,96.0,88.0,93.0,91.0,91.0,92.0,94.0,high,high,high,high,high,high,high,high,high,2026-08-26
hitter,TB,DET,Yandy Díaz,650490,1.0,DH,Confirmed,3.81,,,,,0.77,0.12,,,,,0.8163259818807056,0.7325155269236986,0.09451941135023798,0.15311072660054686,0.6434108527131783,0.5999889067774231,0.025913469561509722,0.02542157073760211,,,0.62,0.24,0.16,0.81,0.03,0.79,0.11,0.01,0.0,0.172,0.7899761336515513,0.7914372745734006,0.106,,0.006,,0.0,,False,96.0,99.0,96.0,88.0,93.0,91.0,91.0,92.0,94.0,high,high,high,high,high,high,high,high,high,2026-08-26
hitter,TB,DET,Jonathan Aranda,666018,2.0,1B,Confirmed,3.81,,,,,1.14,0.11,,,,,1.1514157247723407,1.1272709713396898,0.09406702969934905,0.13206306351139094,0.5846774193548387,0.5898312700702976,0.029461428062774717,0.036219385698490036,,,0.59,0.24,0.16,0.81,0.03,0.77,0.11,0.01,0.0,0.173,0.7899761336515513,0.7573156280425815,0.109,,0.007,,0.0,,False,96.0,99.0,96.0,88.0,93.0,91.0,91.0,92.0,94.0,high,high,high,high,high,high,high,high,high,2026-08-26
hitter,TB,DET,Junior Caminero,691406,3.0,3B,Confirmed,3.81,,,,,0.99,0.12,,,,,1.0535549839038802,0.9279208260956942,0.09265014608475602,0.14766376344926077,0.5290322580645161,0.45395450398828047,0.04071722300093353,0.040996826940377,,,0.49,0.25,0.19,0.85,0.04,0.72,0.11,0.01,0.0,0.174,0.7899761336515513,0.6650206643497801,0.113,,0.006,,0.0,,False,96.0,99.0,96.0,88.0,93.0,91.0,91.0,92.0,94.0,high,high,high,high,high,high,high,high,high,2026-08-26
hitter,TB,DET,Liam Hicks,689414,4.0,C,Confirmed,3.96,,,,,0.3,0.47,,,,,0.36053174058221615,0.24811251870954468,0.49396294568047305,0.4463310374056034,1.1702127659574468,0.9805790515155116,0.11352601850629554,0.08847952156540621,,,1.07,0.24,0.17,0.82,0.1,1.69,0.1,0.01,0.0,0.164,1.914285714285714,1.5001076181453086,0.101,,0.008,,0.0,,False,96.0,99.0,96.0,88.0,93.0,91.0,91.0,92.0,94.0,high,high,high,high,high,high,high,high,high,2026-08-26
hitter,TB,DET,Chandler Simpson,802415,5.0,LF,Confirmed,3.48,,,,,0.5,0.08,,,,,0.4650838817031473,0.5374587540194806,0.07023025496311722,0.08256013105166266,0.6434108527131783,0.6398440357835107,0.01254821776317543,0.0,,,0.64,0.2,0.16,0.78,0.01,0.68,0.1,0.01,0.0,0.154,0.6720588235294118,0.6774198199272389,0.105,,0.009,,0.0,,False,96.0,99.0,96.0,88.0,93.0,91.0,91.0,92.0,94.0,high,high,high,high,high,high,high,high,high,2026-08-26
hitter,TB,DET,Jonny DeLuca,676356,6.0,RF,Confirmed,3.33,,,,,0.87,0.08,,,,,0.8425571899830293,0.8884164975577825,0.07060752175916354,0.08492255475459605,0.5290322580645161,0.4809671158273346,0.02371494020684824,0.015937482618237436,,,0.5,0.19,0.17,0.78,0.02,0.67,0.11,0.01,0.0,0.17,0.6720588235294118,0.6674815537588096,0.107,,0.008,,0.0,,False,96.0,99.0,96.0,88.0,93.0,91.0,91.0,92.0,94.0,high,high,high,high,high,high,high,high,high,2026-08-26
hitter,TB,DET,Richie Palacios,680700,7.0,2B,Confirmed,3.02,,,,,0.72,0.08,,,,,0.7301318144789886,0.701486658054162,0.06962392741330033,0.09474970099699198,0.4125159642401022,0.3966507062441708,0.019953567907384336,0.020689366338632175,,,0.4,0.17,0.13,0.65,0.02,0.54,0.08,0.01,0.0,0.168,0.5302013422818792,0.5524671791672754,0.083,,0.008,,0.0,,False,96.0,99.0,96.0,88.0,93.0,91.0,91.0,92.0,94.0,high,high,high,high,high,high,high,high,high,2026-08-26
hitter,TB,DET,Jorge Mateo,622761,8.0,SS,Confirmed,2.55,,,,,0.87,0.13,,,,,0.8923503075843278,0.8440885723983453,0.15049271995386215,0.10872680729378778,0.5290322580645161,0.4217255872675877,0.07330840732417879,0.052063336277244396,,,0.47,0.12,0.1,0.47,0.06,0.74,0.07,0.01,0.0,0.142,0.8408408408408409,0.6569854235970918,0.066,,0.006,,0.0,,False,96.0,99.0,96.0,88.0,93.0,91.0,91.0,92.0,94.0,high,high,high,high,high,high,high,high,high,2026-08-26
hitter,TB,DET,Cedric Mullins,656775,9.0,CF,Confirmed,3.33,,,,,1.01,0.07,,,,,1.0392319337089901,0.987671561752317,0.06805869058061995,0.07970409660032401,0.4125159642401022,0.3979916147429816,0.02787569167848752,0.0238997153390035,,,0.4,0.17,0.14,0.67,0.03,0.62,0.09,0.01,0.0,0.16,0.6720588235294118,0.5744774595239105,0.086,,0.006,,0.0,,False,96.0,99.0,96.0,88.0,93.0,91.0,91.0,92.0,94.0,high,high,high,high,high,high,high,high,high,2026-08-26
hitter,AZ,CHC,Ildemaro Vargas,545121,1.0,2B,Confirmed,3.74,,,,,0.41,0.14,,,,,0.4006820463359323,0.42142318319372485,0.14645896946242062,0.12751936754425908,0.994208494208494,0.9568517972544677,0.17158450373741263,0.194595735433831,,,0.97,0.55,0.47,2.12,0.18,1.65,0.18,0.01,0.0,0.346,1.684375,1.6303226649000622,0.182,,0.009,,0.0,,False,96.0,99.0,96.0,88.0,93.0,91.0,91.0,92.0,94.0,high,high,high,high,high,high,high,high,high,2026-08-26
hitter,AZ,CHC,Corbin Carroll,682998,2.0,RF,Confirmed,4.25,,,,,0.95,0.3,,,,,0.9139323164332736,0.9885437770523794,0.3002121122299346,0.3083211349491819,1.0980834272829765,1.0251574483368793,0.331448064779955,0.39829250143970135,,,1.06,0.67,0.6,2.37,0.36,2.46,0.22,0.01,0.0,0.371,2.456692913385827,2.45896385651547,0.217,,0.012,,0.0,,False,96.0,99.0,96.0,88.0,93.0,91.0,91.0,92.0,94.0,high,high,high,high,high,high,high,high,high,2026-08-26
hitter,AZ,CHC,Geraldo Perdomo,672695,3.0,SS,Confirmed,4.26,,,,,0.45,0.39,,,,,0.4654370228055593,0.4310794764101622,0.39589287345732815,0.38375268829304926,1.0980834272829765,1.0115598293254962,0.18794533262913715,0.19680420160600903,,,1.05,0.58,0.55,2.23,0.19,1.85,0.17,0.01,0.0,0.322,1.914285714285714,1.8025195780945664,0.165,,0.008,,0.0,,False,96.0,99.0,96.0,88.0,93.0,91.0,91.0,92.0,94.0,high,high,high,high,high,high,high,high,high,2026-08-26
hitter,AZ,CHC,Nolan Arenado,571448,4.0,DH,Confirmed,3.81,,,,,0.55,0.18,,,,,0.561821026413731,0.5296157210302317,0.1924162208491832,0.17545910058564157,0.994208494208494,0.9431398978787436,0.191722654834219,0.2046409306036013,,,0.97,0.53,0.52,2.05,0.2,1.77,0.17,0.01,0.0,0.328,1.914285714285714,1.650616229976722,0.169,,0.009,,0.0,,False,96.0,99.0,96.0,88.0,93.0,91.0,91.0,92.0,94.0,high,high,high,high,high,high,high,high,high,2026-08-26
hitter,AZ,CHC,Tim Tawa,694374,5.0,1B,Confirmed,2.77,,,,,0.86,0.32,,,,,0.9229170867946141,0.7976254838766741,0.36642259498976015,0.2739086913147461,0.4125159642401022,0.37019421218248766,0.027408843866840064,0.010916868369004407,,,0.39,0.31,0.3,1.14,0.02,0.61,0.11,0.01,0.0,0.268,0.6720588235294118,0.5612485339544454,0.107,,0.007,,0.0,,False,96.0,99.0,96.0,88.0,93.0,91.0,91.0,92.0,94.0,high,high,high,high,high,high,high,high,high,2026-08-26
hitter,AZ,CHC,Jose Fernandez,699912,6.0,3B,Confirmed,3.89,,,,,0.81,0.12,,,,,0.7228560985226885,0.9041265238106239,0.10789704505061679,0.13470980059253138,0.801980198019802,0.8401393451331314,0.018136456365867207,0.01675989741418329,,,0.82,0.41,0.43,1.84,0.02,1.12,0.17,0.01,0.0,0.291,1.1238670694864048,1.1196526224563033,0.174,,0.011,,0.0,,False,96.0,99.0,96.0,88.0,93.0,91.0,91.0,92.0,94.0,high,high,high,high,high,high,high,high,high,2026-08-26
hitter,AZ,CHC,James McCann,543510,7.0,C,Confirmed,2.55,,,,,0.47,0.13,,,,,0.4480910885825,0.48417608244264077,0.15696159727120457,0.09636025678877921,0.801980198019802,0.587677845425219,0.12664315458395087,0.08947563271351197,,,0.68,0.32,0.32,1.35,0.11,1.18,0.13,0.01,0.0,0.344,1.3893129770992367,1.0012163295120262,0.126,,0.009,,0.0,,False,96.0,99.0,96.0,88.0,93.0,91.0,91.0,92.0,94.0,high,high,high,high,high,high,high,high,high,2026-08-26
hitter,AZ,CHC,Jordan Lawlar,691783,8.0,CF,Confirmed,3.96,,,,,0.91,0.39,,,,,0.8730379610700537,0.9384282098042273,0.38506735663548675,0.39868818472941203,0.994208494208494,0.8492918724105478,0.10785143575878231,0.10155814557626196,,,0.91,0.46,0.44,1.9,0.1,1.43,0.16,0.01,0.0,0.32,1.4759615384615385,1.387037569770829,0.157,,0.008,,0.0,,False,96.0,99.0,96.0,88.0,93.0,91.0,91.0,92.0,94.0,high,high,high,high,high,high,high,high,high,2026-08-26
hitter,AZ,CHC,Ryan Waldschmidt,814439,9.0,LF,Confirmed,4.18,,,,,1.16,0.27,,,,,1.0612525522492573,1.2615555048363345,0.273184657883214,0.26660867830348844,0.801980198019802,0.7438686784301088,0.08901753525544642,0.10610470897992608,,,0.77,0.47,0.44,2.01,0.1,1.23,0.18,0.01,0.0,0.307,1.239368165249089,1.21466404742641,0.18,,0.01,,0.0,,False,96.0,99.0,96.0,88.0,93.0,91.0,91.0,92.0,94.0,high,high,high,high,high,high,high,high,high,2026-08-26
hitter,CHC,AZ,Pete Crow-Armstrong,691718,1.0,CF,Confirmed,4.25,,,,,0.9,0.43,,,,,0.8980878428387763,0.903072695724172,0.39887076995880877,0.4656887235611526,0.801980198019802,0.838941965217601,0.06697074609974604,0.04885831796534587,,,0.82,0.49,0.42,1.79,0.06,1.35,0.21,0.01,0.0,0.28,1.3148148148148149,1.3770042034714265,0.212,,0.009,,0.0,,False,96.0,99.0,96.0,88.0,93.0,91.0,91.0,92.0,94.0,high,high,high,high,high,high,high,high,high,2026-08-26
hitter,CHC,AZ,Seiya Suzuki,673548,2.0,RF,Confirmed,4.25,,,,,0.91,0.56,,,,,0.9019311047186798,0.9210996981201779,0.5855480395524871,0.5297523818703556,0.801980198019802,0.7996587295959785,0.05470545184032194,0.04751421046509488,,,0.8,0.51,0.44,1.84,0.05,1.22,0.18,0.01,0.0,0.288,1.239368165249089,1.2028991922389316,0.177,,0.008,,0.0,,False,96.0,99.0,96.0,88.0,93.0,91.0,91.0,92.0,94.0,high,high,high,high,high,high,high,high,high,2026-08-26
hitter,CHC,AZ,Alex Bregman,608324,3.0,DH,Confirmed,4.18,,,,,0.52,0.55,,,,,0.546545793298506,0.4877508617572115,0.564739440254372,0.5355658745934354,0.8694581280788177,0.852728005760901,0.05027399205630998,0.03637854244221109,,,0.86,0.53,0.49,2.01,0.04,1.18,0.18,0.01,0.0,0.304,1.239368165249089,1.131937265739249,0.179,,0.007,,0.0,,False,96.0,99.0,96.0,88.0,93.0,91.0,91.0,92.0,94.0,high,high,high,high,high,high,high,high,high,2026-08-26
hitter,CHC,AZ,Michael Busch,683737,4.0,1B,Confirmed,4.18,,,,,0.91,0.59,,,,,0.9088714842062025,0.9085168902383601,0.628353771132831,0.543109803387591,0.7715355805243446,0.8009863929413538,0.0507064702869766,0.03495231755083242,,,0.79,0.46,0.43,1.69,0.04,1.01,0.16,0.01,0.0,0.265,1.001763668430335,1.023449002078408,0.156,,0.007,,0.0,,False,96.0,99.0,96.0,88.0,93.0,91.0,91.0,92.0,94.0,high,high,high,high,high,high,high,high,high,2026-08-26
hitter,CHC,AZ,Nico Hoerner,663538,5.0,SS,Confirmed,4.25,,,,,0.29,0.28,,,,,0.2652586382059783,0.3163434261153066,0.2783839672145789,0.28654845710716353,1.0980834272829765,1.0005524057047774,0.03117830424782777,0.020204855425344087,,,1.04,0.51,0.47,2.08,0.03,1.19,0.19,0.01,0.0,0.291,1.239368165249089,1.150813824484682,0.191,,0.012,,0.0,,False,96.0,99.0,96.0,88.0,93.0,91.0,91.0,92.0,94.0,high,high,high,high,high,high,high,high,high,2026-08-26
hitter,CHC,AZ,Tyrone Taylor,621438,6.0,LF,Confirmed,3.49,,,,,0.6,0.23,,,,,0.5759504155133648,0.626073412055873,0.22327301320262166,0.23082804578882393,0.8770949720670391,0.8133411808037541,0.06337678357868157,0.0712542824032137,,,0.84,0.3,0.31,1.32,0.07,1.22,0.15,0.01,0.0,0.24,1.3148148148148149,1.1339037976738646,0.155,,0.01,,0.0,,False,96.0,99.0,96.0,88.0,93.0,91.0,91.0,92.0,94.0,high,high,high,high,high,high,high,high,high,2026-08-26
hitter,CHC,AZ,Pedro Ramírez,699393,7.0,3B,Confirmed,2.77,,,,,0.45,0.17,,,,,0.42270872670333726,0.46741513367706866,0.20175922100325092,0.14496661566099717,0.4803149606299212,0.4008522957463371,0.025385981443587707,0.020436336135090806,,,0.44,0.23,0.21,0.97,0.02,0.6,0.12,0.01,0.0,0.232,0.6720588235294118,0.5480278365581541,0.118,,0.011,,0.0,,False,96.0,99.0,96.0,88.0,93.0,91.0,91.0,92.0,94.0,high,high,high,high,high,high,high,high,high,2026-08-26
hitter,CHC,AZ,Carson Kelly,608348,8.0,C,Confirmed,3.49,,,,,0.55,0.41,,,,,0.559067496976752,0.5373248915725118,0.44463558897191136,0.382991183629792,0.707983193277311,0.5888876787015743,0.036663996021633095,0.025738217115068997,,,0.64,0.32,0.29,1.33,0.03,0.9,0.16,0.01,0.0,0.263,0.9875776397515532,0.8326155700937957,0.158,,0.008,,0.0,,False,96.0,99.0,96.0,88.0,93.0,91.0,91.0,92.0,94.0,high,high,high,high,high,high,high,high,high,2026-08-26
hitter,CHC,AZ,Gabriel Arias,672356,9.0,2B,Confirmed,3.89,,,,,1.11,0.34,,,,,1.1538473108874119,1.0604528022891915,0.3258421616807269,0.3506473444805515,0.8949771689497716,0.8252661730933557,0.2713024550428729,0.2751066703188106,,,0.86,0.37,0.37,1.54,0.27,2.08,0.14,0.01,0.0,0.26,1.914285714285714,2.2132948426186907,0.137,,0.007,,0.0,,False,96.0,99.0,96.0,88.0,93.0,91.0,91.0,92.0,94.0,high,high,high,high,high,high,high,high,high,2026-08-26
hitter,SF,CIN,Jonah Cox,813841,1.0,CF,Confirmed,2.55,,,,,1.25,0.06,,,,,1.3298111715826173,1.1697810277769358,0.0668090980316712,0.04380163002695877,0.35424354243542433,0.30512598941306607,0.05613090016816216,0.04079335163112105,,,0.33,0.18,0.12,0.63,0.05,0.82,0.11,0.01,0.0,0.187,0.9875776397515532,0.679654170205092,0.109,,0.009,,0.0,,False,96.0,99.0,96.0,88.0,93.0,91.0,91.0,92.0,94.0,high,high,high,high,high,high,high,high,high,2026-08-26
hitter,SF,CIN,Rafael Devers,646240,2.0,1B,Confirmed,4.18,,,,,1.48,1.02,,,,,1.5287500553504645,1.4388378680628113,1.1038050538782367,0.9326500033673994,0.7715355805243446,0.7251873374395746,0.05635932900611582,0.049014083884869164,,,0.75,0.46,0.29,1.56,0.05,1.07,0.16,0.01,0.0,0.299,1.1521739130434783,1.0087284038158206,0.158,,0.008,,0.0,,False,96.0,99.0,96.0,88.0,93.0,91.0,91.0,92.0,94.0,high,high,high,high,high,high,high,high,high,2026-08-26
hitter,SF,CIN,Osleivis Basabe,678545,3.0,DH,Confirmed,3.74,,,,,0.64,0.23,,,,,0.645,,0.229,,0.708,,0.025,,,,0.71,0.34,0.28,1.33,0.02,1.12,0.15,0.01,0.0,0.234,1.124,,0.152,,0.01,,0.0,,True,40.0,44.0,40.0,32.0,37.0,35.0,35.0,36.0,38.0,low,low,low,low,low,low,low,low,low,2026-08-26
hitter,SF,CIN,Buddy Kennedy,671083,4.0,3B,Confirmed,2.26,,,,,0.59,0.16,,,,,0.607835181935026,0.5792545660798526,0.20715880717903387,0.12038049691621973,0.4803149606299212,0.33381136607884926,0.08235665576176168,0.07216985048405442,,,0.4,0.2,0.17,0.78,0.08,0.7,0.11,0.01,0.0,0.234,0.8408408408408409,0.5765384682355862,0.111,,0.008,,0.0,,False,96.0,99.0,96.0,88.0,93.0,91.0,91.0,92.0,94.0,high,high,high,high,high,high,high,high,high,2026-08-26
hitter,SF,CIN,Turner Hill,806367,5.0,LF,Confirmed,1.64,,,,,0.64,0.1,,,,,0.6872063344395609,0.5894022697851444,0.12534319216913575,0.0664468574753377,0.23838875892988157,0.1278154196691097,0.04690136068591873,0.04249109051082295,,,0.18,0.16,0.14,0.63,0.04,0.31,0.07,0.01,0.0,0.253,0.3888888888888889,0.24316908051729383,0.074,,0.007,,0.0,,False,96.0,99.0,96.0,88.0,93.0,91.0,91.0,92.0,94.0,high,high,high,high,high,high,high,high,high,2026-08-26
hitter,SF,CIN,Andrew Knizner,668800,6.0,C,Confirmed,3.58,,,,,0.48,0.23,,,,,0.42829430369425125,0.5396089586213434,0.22912192713120297,0.22786934698953354,0.5290322580645161,0.5883456272664442,0.07244839040233544,0.07211234588070711,,,0.56,0.31,0.28,1.29,0.07,0.89,0.16,0.01,0.0,0.256,0.8408408408408409,0.9378594215208087,0.156,,0.011,,0.0,,False,96.0,99.0,96.0,88.0,93.0,91.0,91.0,92.0,94.0,high,high,high,high,high,high,high,high,high,2026-08-26
hitter,SF,CIN,Christian Koss,683766,7.0,SS,Confirmed,2.9,,,,,0.95,0.05,,,,,0.8938779514976467,1.0037642557034494,0.07218552241410447,0.026298836007122205,0.6434108527131783,0.5023545641959102,0.051522618130920794,0.029985271119866347,,,0.57,0.26,0.22,1.12,0.04,0.9,0.12,0.01,0.0,0.256,1.001763668430335,0.8079700270273492,0.121,,0.008,,0.0,,False,96.0,99.0,96.0,88.0,93.0,91.0,91.0,92.0,94.0,high,high,high,high,high,high,high,high,high,2026-08-26
hitter,SF,CIN,Grant McCray,687529,8.0,RF,Confirmed,2.55,,,,,0.57,0.33,,,,,0.5465413500744261,0.5888344621219125,0.4236856125891785,0.22951123168997029,0.4125159642401022,0.3238339953698958,0.09574728983130695,0.09682796103355516,,,0.36,0.19,0.15,0.75,0.1,0.85,0.14,0.01,0.0,0.226,0.9875776397515532,0.7342898743949152,0.137,,0.01,,0.0,,False,96.0,99.0,96.0,88.0,93.0,91.0,91.0,92.0,94.0,high,high,high,high,high,high,high,high,high,2026-08-26
hitter,SF,CIN,Shay Whitcomb,694376,9.0,2B,Confirmed,3.33,,,,,1.37,0.09,,,,,1.1715700622497665,1.576636235621939,0.08596063750825213,0.09368121893535955,0.35424354243542433,0.4576483576929134,0.10806567916755663,0.13209405575602087,,,0.41,0.29,0.25,1.25,0.12,1.0,0.14,0.01,0.0,0.252,0.9875776397515532,1.009637109813077,0.144,,0.012,,0.0,,False,96.0,99.0,96.0,88.0,93.0,91.0,91.0,92.0,94.0,high,high,high,high,high,high,high,high,high,2026-08-26
hitter,CIN,SF,Héctor Rodríguez,699302,1.0,RF,Confirmed,1.84,,,,,0.64,0.14,,,,,0.6122135984180453,0.6718132658686023,0.15709084706894696,0.11367492855449582,0.23333333333333334,0.14906564545182946,0.011169637045763622,0.0,,,0.19,0.18,0.13,0.64,0.01,0.26,0.11,0.01,0.0,0.263,0.28125,0.24887113114907689,0.113,,0.015,,0.0,,False,96.0,99.0,96.0,88.0,93.0,91.0,91.0,92.0,94.0,high,high,high,high,high,high,high,high,high,2026-08-26
hitter,CIN,SF,Elly De La Cruz,682829,2.0,SS,Confirmed,4.68,,,,,1.03,0.21,,,,,0.9407379064598763,1.1121383702287297,0.20229666291445095,0.219192178330471,0.707983193277311,0.8489013747093909,0.11783049897414555,0.15075105119865914,,,0.79,0.88,0.71,3.2,0.13,1.35,0.33,0.01,0.0,0.466,1.239368165249089,1.445641137947787,0.326,,0.011,,0.0,,False,96.0,99.0,96.0,88.0,93.0,91.0,91.0,92.0,94.0,high,high,high,high,high,high,high,high,high,2026-08-26
hitter,CIN,SF,Sal Stewart,701398,3.0,1B,Confirmed,4.58,,,,,0.98,0.18,,,,,0.8764297913834335,1.083447814300106,0.17184763586461652,0.18267433315644313,0.7061469265367316,0.7802659495314925,0.16966085478267284,0.18048410250373245,,,0.75,0.88,0.84,3.21,0.18,1.36,0.25,0.01,0.0,0.458,1.239368165249089,1.4511273574018624,0.251,,0.009,,0.0,,False,96.0,99.0,96.0,88.0,93.0,91.0,91.0,92.0,94.0,high,high,high,high,high,high,high,high,high,2026-08-26
hitter,CIN,SF,JJ Bleday,668709,4.0,RF,Confirmed,4.08,,,,,0.87,0.16,,,,,0.7716366053561647,0.9637582442953114,0.16291499130843687,0.15742373661174577,0.5290322580645161,0.6322725582530959,0.08826733523638303,0.09771989602173296,,,0.59,0.64,0.56,2.34,0.09,1.02,0.26,0.01,0.0,0.392,0.9875776397515532,1.0383666919983199,0.255,,0.007,,0.0,,False,96.0,99.0,96.0,88.0,93.0,91.0,91.0,92.0,94.0,high,high,high,high,high,high,high,high,high,2026-08-26
hitter,CIN,SF,Eugenio Suárez,553993,5.0,DH,Confirmed,4.25,,,,,1.02,0.17,,,,,0.8965613414687922,1.1499925965889768,0.1516106232659913,0.18674006719545883,0.5290322580645161,0.6228405989791269,0.19667625046332987,0.1962339760454915,,,0.58,0.92,0.91,3.33,0.2,1.24,0.23,0.01,0.0,0.514,1.1521739130434783,1.3058559166512433,0.229,,0.008,,0.0,,False,96.0,99.0,96.0,88.0,93.0,91.0,91.0,92.0,94.0,high,high,high,high,high,high,high,high,high,2026-08-26
hitter,CIN,SF,Dane Myers,667472,6.0,CF,Confirmed,2.55,,,,,0.7,0.1,,,,,0.7176473069337549,0.6912000607983003,0.11322564833246766,0.08982472474385526,0.4125159642401022,0.39931434555212025,0.06415409470777739,0.05298238692722085,,,0.41,0.33,0.34,1.38,0.06,0.71,0.16,0.01,0.0,0.367,0.7899761336515513,0.6355644055427637,0.165,,0.008,,0.0,,False,96.0,99.0,96.0,88.0,93.0,91.0,91.0,92.0,94.0,high,high,high,high,high,high,high,high,high,2026-08-26
hitter,CIN,SF,Matt McLain,680574,7.0,2B,Confirmed,3.81,,,,,1.06,0.4,,,,,1.0809503801897824,1.035897800514994,0.41644250219736145,0.39015591456973087,0.994208494208494,0.8711846796953289,0.03727987703297035,0.04171181280700388,,,0.93,0.54,0.5,2.13,0.04,1.19,0.31,0.01,0.0,0.408,1.239368165249089,1.1544181982185535,0.31,,0.008,,0.0,,False,96.0,99.0,96.0,88.0,93.0,91.0,91.0,92.0,94.0,high,high,high,high,high,high,high,high,high,2026-08-26
hitter,CIN,SF,Jose Trevino,624431,8.0,C,Confirmed,3.54,,,,,0.5,0.26,,,,,0.5060918249162397,0.49758566535307835,0.2787142886061219,0.24663002412314025,0.994208494208494,0.8981740474345793,0.03002832143985552,0.024956382367873967,,,0.94,0.47,0.43,2.0,0.03,1.19,0.21,0.01,0.0,0.376,1.239368165249089,1.1438527972898584,0.209,,0.011,,0.0,,False,96.0,99.0,96.0,88.0,93.0,91.0,91.0,92.0,94.0,high,high,high,high,high,high,high,high,high,2026-08-26
hitter,CIN,SF,Ke'Bryan Hayes,663647,9.0,3B,Confirmed,4.51,,,,,0.79,0.27,,,,,0.7043193485088859,0.8779204091559794,0.24287727283445817,0.3032637361016712,0.8694581280788177,0.9986014465217052,0.027679283653911615,0.030994298904013826,,,0.94,0.63,0.57,2.69,0.03,1.2,0.25,0.01,0.0,0.389,1.1521739130434783,1.2478319621556782,0.252,,0.01,,0.0,,False,96.0,99.0,96.0,88.0,93.0,91.0,91.0,92.0,94.0,high,high,high,high,high,high,high,high,high,2026-08-26
hitter,LAA,CLE,Zach Neto,687263,1.0,SS,Confirmed,4.51,,,,,1.63,0.27,,,,,1.5848552805543796,1.6717086907246346,0.2519924595497586,0.281724727417194,1.1391752577319587,1.2251153066050755,0.07889473475605452,0.09330199613785536,,,1.19,0.48,0.28,1.46,0.09,1.86,0.16,0.01,0.0,0.3,1.914285714285714,1.8080439645728297,0.164,,0.006,,0.0,,False,96.0,99.0,96.0,88.0,93.0,91.0,91.0,92.0,94.0,high,high,high,high,high,high,high,high,high,2026-08-26
hitter,LAA,CLE,Mike Trout,545361,2.0,DH,Confirmed,4.61,,,,,1.27,0.75,,,,,1.2698591299195348,1.265122216356331,0.702677673728757,0.7960207978281516,0.8770949720670391,0.8965209600904721,0.2714056748425758,0.24289586968688345,,,0.89,0.52,0.28,1.51,0.26,1.82,0.1,0.01,0.0,0.319,1.914285714285714,1.7340774732130082,0.104,,0.006,,0.0,,False,96.0,99.0,96.0,88.0,93.0,91.0,91.0,92.0,94.0,high,high,high,high,high,high,high,high,high,2026-08-26
hitter,LAA,CLE,Vaughn Grissom,687093,3.0,1B,Confirmed,3.58,,,,,0.78,0.17,,,,,0.7666542912460494,0.7869901197826625,0.16905401819683347,0.1739601146557827,1.0980834272829765,0.9724558546995714,0.036943209292771756,0.03656814371949518,,,1.03,0.38,0.26,1.29,0.04,1.28,0.13,0.01,0.0,0.287,1.3893129770992367,1.1912592918460916,0.129,,0.007,,0.0,,False,96.0,99.0,96.0,88.0,93.0,91.0,91.0,92.0,94.0,high,high,high,high,high,high,high,high,high,2026-08-26
hitter,LAA,CLE,Christian Moore,695681,4.0,2B,Confirmed,3.02,,,,,0.93,0.15,,,,,0.8992685344260803,0.9569721643572163,0.16449776413906878,0.1297760195269686,0.7061469265367316,0.565126297966303,0.08661311992761733,0.08844141485155428,,,0.63,0.25,0.15,0.73,0.09,1.05,0.1,0.01,0.0,0.24,1.1238670694864048,0.9856544528640188,0.099,,0.006,,0.0,,False,96.0,99.0,96.0,88.0,93.0,91.0,91.0,92.0,94.0,high,high,high,high,high,high,high,high,high,2026-08-26
hitter,LAA,CLE,Jose Siri,642350,5.0,LF,Confirmed,3.33,,,,,1.26,0.16,,,,,1.1895484894206076,1.3272169371890008,0.17301251769580667,0.15576731847831862,0.7715355805243446,0.6493429754343625,0.034427657641547316,0.02920289345076443,,,0.7,0.26,0.17,0.85,0.03,0.92,0.12,0.01,0.0,0.221,0.9875776397515532,0.8651512285839551,0.116,,0.006,,0.0,,False,96.0,99.0,96.0,88.0,93.0,91.0,91.0,92.0,94.0,high,high,high,high,high,high,high,high,high,2026-08-26
hitter,LAA,CLE,Josh Lowe,666139,6.0,RF,Confirmed,3.96,,,,,1.25,0.14,,,,,1.21401097696596,1.2843845467862023,0.14399933786388922,0.12704877726956967,1.0980834272829765,1.0202702499621887,0.05078125955603159,0.056184157554814325,,,1.06,0.33,0.27,1.24,0.05,1.4,0.14,0.01,0.0,0.255,1.3893129770992367,1.410160777322243,0.143,,0.006,,0.0,,False,96.0,99.0,96.0,88.0,93.0,91.0,91.0,92.0,94.0,high,high,high,high,high,high,high,high,high,2026-08-26
hitter,LAA,CLE,Denzer Guzman,694203,7.0,3B,Confirmed,4.25,,,,,1.44,0.18,,,,,1.3925647295027423,1.488905582434977,0.174261127846213,0.17595698071097152,1.1391752577319587,1.1352588215366715,0.048319018464899055,0.059291347452773535,,,1.14,0.35,0.25,1.31,0.05,1.75,0.16,0.01,0.0,0.259,1.914285714285714,1.6141188560566908,0.158,,0.006,,0.0,,False,96.0,99.0,96.0,88.0,93.0,91.0,91.0,92.0,94.0,high,high,high,high,high,high,high,high,high,2026-08-26
hitter,LAA,CLE,Tyler Heineman,623168,8.0,C,Confirmed,3.09,,,,,0.8,0.16,,,,,0.8056669412114074,0.8028984796656946,0.1737620546690957,0.14645470148620562,0.5290322580645161,0.5050136694833867,0.04212610563828316,0.046146830784710824,,,0.52,0.21,0.15,0.77,0.04,0.76,0.11,0.01,0.0,0.22,0.7899761336515513,0.7301159650471459,0.11,,0.007,,0.0,,False,96.0,99.0,96.0,88.0,93.0,91.0,91.0,92.0,94.0,high,high,high,high,high,high,high,high,high,2026-08-26
hitter,LAA,CLE,Bryce Teodosio,669326,9.0,CF,Confirmed,1.84,,,,,0.71,0.09,,,,,0.8050552362048568,0.6203501282718366,0.11186983532089582,0.07429566019480249,0.23333333333333334,0.1238001417498468,0.018014082590132322,0.01098516786040449,,,0.17,0.13,0.09,0.45,0.01,0.25,0.07,0.01,0.0,0.233,0.28125,0.21619237600367752,0.073,,0.006,,0.0,,False,96.0,99.0,96.0,88.0,93.0,91.0,91.0,92.0,94.0,high,high,high,high,high,high,high,high,high,2026-08-26
hitter,CLE,LAA,Steven Kwan,680757,1.0,LF,Confirmed,3.74,,,,,0.35,0.39,,,,,0.32709400386998033,0.3652160335313576,0.4042946401435048,0.36704079645762355,1.0,0.8415133046168857,0.09896230016506305,0.10267315209961003,,,0.91,0.45,0.3,1.62,0.1,1.37,0.16,0.01,0.0,0.314,1.5956790123456794,1.1936913883888036,0.164,,0.012,,0.0,,False,96.0,99.0,96.0,88.0,93.0,91.0,91.0,92.0,94.0,high,high,high,high,high,high,high,high,high,2026-08-26
hitter,CLE,LAA,Travis Bazzana,683953,2.0,2B,Confirmed,4.68,,,,,0.98,0.68,,,,,1.0226503292396278,0.9278273981701962,0.7083195112904247,0.6575675486176641,1.0980834272829765,1.1339137730828075,0.3198357047082967,0.39120723494158083,,,1.12,0.62,0.4,2.11,0.36,2.2,0.19,0.01,0.0,0.349,2.057017543859649,2.310973464214265,0.189,,0.01,,0.0,,False,96.0,99.0,96.0,88.0,93.0,91.0,91.0,92.0,94.0,high,high,high,high,high,high,high,high,high,2026-08-26
hitter,CLE,LAA,José Ramírez,608070,3.0,DH,Confirmed,3.96,,,,,0.58,0.25,,,,,0.5636691537324743,0.6019056392326532,0.26737283225915454,0.2424218212283072,0.8694581280788177,0.8123562970416142,0.13771891491064822,0.1458914628221335,,,0.84,0.48,0.36,1.71,0.14,1.39,0.18,0.01,0.0,0.324,1.3893129770992367,1.3819790922653308,0.176,,0.009,,0.0,,False,96.0,99.0,96.0,88.0,93.0,91.0,91.0,92.0,94.0,high,high,high,high,high,high,high,high,high,2026-08-26
hitter,CLE,LAA,Jo Adell,666176,4.0,RF,Confirmed,4.25,,,,,1.32,0.14,,,,,1.2483020031254366,1.3934044489861688,0.15619379577969666,0.1327746572962627,1.1391752577319587,1.188959946927908,0.07759994553553984,0.09513254602498401,,,1.17,0.52,0.44,1.96,0.09,1.84,0.24,0.01,0.0,0.318,1.914285714285714,1.7803632709972428,0.236,,0.011,,0.0,,False,96.0,99.0,96.0,88.0,93.0,91.0,91.0,92.0,94.0,high,high,high,high,high,high,high,high,high,2026-08-26
hitter,CLE,LAA,Nathaniel Lowe,663993,5.0,1B,Confirmed,3.33,,,,,0.9,0.31,,,,,0.9317264132794262,0.8644499113208323,0.3329581121713261,0.29128493098712765,0.801980198019802,0.6984643536060376,0.03848349362593402,0.03137067311140464,,,0.75,0.36,0.27,1.29,0.03,1.13,0.14,0.01,0.0,0.292,1.239368165249089,1.0397659625299225,0.143,,0.01,,0.0,,False,96.0,99.0,96.0,88.0,93.0,91.0,91.0,92.0,94.0,high,high,high,high,high,high,high,high,high,2026-08-26
hitter,CLE,LAA,Angel Martínez,682657,6.0,RF,Confirmed,3.49,,,,,0.81,0.1,,,,,0.7301121373437773,0.882795270511997,0.11315893353707183,0.09609561072216707,0.7061469265367316,0.6490117866847517,0.08591702278404056,0.1010872355507562,,,0.67,0.31,0.29,1.3,0.09,1.0,0.12,0.01,0.0,0.252,1.001763668430335,1.0026543237671608,0.119,,0.008,,0.0,,False,96.0,99.0,96.0,88.0,93.0,91.0,91.0,92.0,94.0,high,high,high,high,high,high,high,high,high,2026-08-26
hitter,CLE,LAA,Angel Genao,694197,7.0,3B,Confirmed,3.81,,,,,0.61,0.34,,,,,0.614,,0.341,,0.708,,0.036,,,,0.71,0.32,0.25,1.29,0.04,1.0,0.13,0.01,0.0,0.251,1.002,,0.133,,0.009,,0.0,,True,40.0,44.0,40.0,32.0,37.0,35.0,35.0,36.0,38.0,low,low,low,low,low,low,low,low,low,2026-08-26
hitter,CLE,LAA,Austin Hedges,595978,8.0,C,Confirmed,3.96,,,,,1.32,0.14,,,,,1.0997855879124987,1.5324625195473855,0.12178290626359409,0.1507828078492781,0.801980198019802,0.8197779198084846,0.0887658839516359,0.10278846366618881,,,0.81,0.37,0.28,1.43,0.1,1.26,0.14,0.01,0.0,0.283,1.239368165249089,1.2776572331491458,0.139,,0.009,,0.0,,False,96.0,99.0,96.0,88.0,93.0,91.0,91.0,92.0,94.0,high,high,high,high,high,high,high,high,high,2026-08-26
hitter,CLE,LAA,Brayan Rocchio,677587,9.0,SS,Confirmed,4.18,,,,,0.65,0.36,,,,,0.6672651447687136,0.6270963936111065,0.349749135599694,0.3691137450028596,0.8949771689497716,0.9046390604360653,0.1548831847638574,0.1733517131978942,,,0.9,0.39,0.32,1.6,0.16,1.64,0.15,0.01,0.0,0.275,1.684375,1.6049613269702447,0.155,,0.012,,0.0,,False,96.0,99.0,96.0,88.0,93.0,91.0,91.0,92.0,94.0,high,high,high,high,high,high,high,high,high,2026-08-26
hitter,SD,PIT,Fernando Tatis Jr.,665487,1.0,RF,Confirmed,4.68,,,,,1.17,0.21,,,,,1.1580787836026443,1.1837302731841373,0.2096110947045667,0.20128961551155722,0.994208494208494,1.0924632358882167,0.06420382161539373,0.08010647856994159,,,1.05,0.66,0.47,2.23,0.07,1.44,0.2,0.01,0.0,0.367,1.3148148148148149,1.5415096672332411,0.203,,0.009,,0.0,,False,96.0,99.0,96.0,88.0,93.0,91.0,91.0,92.0,94.0,high,high,high,high,high,high,high,high,high,2026-08-26
hitter,SD,PIT,Jake Cronenworth,630105,2.0,2B,Confirmed,3.48,,,,,1.0,0.15,,,,,0.9492958734110223,1.0442891244415824,0.16399980949811957,0.14218330169003807,0.5846774193548387,0.6001542786901074,0.031193303540728447,0.016085098871591718,,,0.59,0.49,0.33,1.61,0.02,0.83,0.18,0.01,0.0,0.371,0.7899761336515513,0.8601375691368508,0.18,,0.007,,0.0,,False,96.0,99.0,96.0,88.0,93.0,91.0,91.0,92.0,94.0,high,high,high,high,high,high,high,high,high,2026-08-26
hitter,SD,PIT,Manny Machado,592518,3.0,3B,Confirmed,4.58,,,,,1.28,0.21,,,,,1.1936814495105244,1.3726467076784912,0.1982533018425123,0.21236106107222227,0.801980198019802,0.9586128938077841,0.0611423083000678,0.04733226806699431,,,0.89,0.65,0.53,2.27,0.05,1.36,0.22,0.01,0.0,0.368,1.239368165249089,1.4613202453786458,0.218,,0.01,,0.0,,False,96.0,99.0,96.0,88.0,93.0,91.0,91.0,92.0,94.0,high,high,high,high,high,high,high,high,high,2026-08-26
hitter,SD,PIT,Ty France,664034,4.0,1B,Confirmed,4.18,,,,,1.0,0.09,,,,,0.9054100856986564,1.0869383429723591,0.10546557554363402,0.07427657013351635,0.7715355805243446,0.8255206007627836,0.043068844928509896,0.04577395731747748,,,0.8,0.58,0.52,2.2,0.04,1.07,0.18,0.01,0.0,0.344,1.001763668430335,1.1193073735584775,0.183,,0.007,,0.0,,False,96.0,99.0,96.0,88.0,93.0,91.0,91.0,92.0,94.0,high,high,high,high,high,high,high,high,high,2026-08-26
hitter,SD,PIT,Jackson Merrill,701538,5.0,CF,Confirmed,4.26,,,,,1.3,0.1,,,,,1.2405964369767157,1.3626727976958084,0.10961262933363164,0.09703033656917354,0.7715355805243446,0.8505056752829628,0.05091075836884611,0.06246681469457643,,,0.81,0.57,0.5,2.07,0.06,1.28,0.22,0.01,0.0,0.339,1.239368165249089,1.3071060776754029,0.217,,0.011,,0.0,,False,96.0,99.0,96.0,88.0,93.0,91.0,91.0,92.0,94.0,high,high,high,high,high,high,high,high,high,2026-08-26
hitter,SD,PIT,Luis Rengifo,650859,6.0,LF,Confirmed,2.77,,,,,0.46,0.12,,,,,0.48434262389262805,0.4334261342440398,0.14803048334346552,0.09481426185149226,0.7061469265367316,0.5661588111512544,0.06905316312512333,0.062353591504638296,,,0.63,0.31,0.28,1.26,0.07,1.03,0.12,0.01,0.0,0.333,1.239368165249089,0.8639105018509684,0.123,,0.008,,0.0,,False,96.0,99.0,96.0,88.0,93.0,91.0,91.0,92.0,94.0,high,high,high,high,high,high,high,high,high,2026-08-26
hitter,SD,PIT,Gavin Sheets,657757,7.0,DH,Confirmed,3.89,,,,,1.0,0.14,,,,,0.9744589304445243,1.0347031984796524,0.14897710344606088,0.13535185753658532,0.7061469265367316,0.695504505031464,0.04279465407504049,0.024540487723404,,,0.7,0.46,0.38,1.72,0.03,1.0,0.18,0.01,0.0,0.352,0.9875776397515532,1.016665947531097,0.182,,0.008,,0.0,,False,96.0,99.0,96.0,88.0,93.0,91.0,91.0,92.0,94.0,high,high,high,high,high,high,high,high,high,2026-08-26
hitter,SD,PIT,Xander Bogaerts,593428,8.0,SS,Confirmed,4.48,,,,,0.89,0.56,,,,,0.8266503208275235,0.9580921027781074,0.5454412180051653,0.5664212990261198,0.7061469265367316,0.7667208663170463,0.03149758083086934,0.03389579583422726,,,0.74,0.49,0.39,1.88,0.03,1.01,0.19,0.01,0.0,0.326,1.001763668430335,1.013315561485081,0.193,,0.009,,0.0,,False,96.0,99.0,96.0,88.0,93.0,91.0,91.0,92.0,94.0,high,high,high,high,high,high,high,high,high,2026-08-26
hitter,SD,PIT,Freddy Fermin,666023,9.0,C,Confirmed,3.33,,,,,0.57,0.24,,,,,0.6161881258321967,0.5250192349999921,0.2510614548007734,0.23593232924267668,0.994208494208494,0.7586230266371867,0.15745598866138413,0.1675423091187836,,,0.86,0.41,0.34,1.62,0.16,1.68,0.19,0.01,0.0,0.361,1.914285714285714,1.4943270213722322,0.193,,0.008,,0.0,,False,96.0,99.0,96.0,88.0,93.0,91.0,91.0,92.0,94.0,high,high,high,high,high,high,high,high,high,2026-08-26
hitter,PIT,SD,Spencer Horwitz,687462,1.0,1B,Confirmed,4.68,,,,,0.71,0.48,,,,,0.6873005942646857,0.7355719022857318,0.45080902556505875,0.5014448019902946,1.0,1.0595989249309359,0.035112238033320156,0.02947088728195812,,,1.03,0.76,0.57,2.82,0.03,1.41,0.25,0.01,0.0,0.402,1.3148148148148149,1.4876599841330038,0.246,,0.007,,0.0,,False,96.0,99.0,96.0,88.0,93.0,91.0,91.0,92.0,94.0,high,high,high,high,high,high,high,high,high,2026-08-26
hitter,PIT,SD,Brandon Lowe,664040,2.0,2B,Confirmed,4.68,,,,,1.19,0.53,,,,,1.1524607710759465,1.2218677965929685,0.5294796480157823,0.5218218620040911,1.4947368421052631,1.2456973227565515,0.26868602407173076,0.30135102984315715,,,1.36,0.81,0.66,2.97,0.29,2.46,0.28,0.01,0.0,0.422,2.552380952380952,2.3837470565639785,0.278,,0.009,,0.0,,False,96.0,99.0,96.0,88.0,93.0,91.0,91.0,92.0,94.0,high,high,high,high,high,high,high,high,high,2026-08-26
hitter,PIT,SD,Bryan Reynolds,668804,3.0,DH,Confirmed,4.68,,,,,1.14,0.51,,,,,1.1417776100473571,1.1463607292995825,0.5025050886557487,0.5151324832412454,1.4947368421052631,1.2851640092344678,0.14069853795451157,0.1786493745341467,,,1.38,0.75,0.66,2.91,0.16,2.04,0.26,0.01,0.0,0.4,2.057017543859649,2.023015315482206,0.26,,0.013,,0.0,,False,96.0,99.0,96.0,88.0,93.0,91.0,91.0,92.0,94.0,high,high,high,high,high,high,high,high,high,2026-08-26
hitter,PIT,SD,Esmerlyn Valdez,699013,4.0,RF,Confirmed,4.25,,,,,1.19,0.5,,,,,1.2042770155501088,1.1810969517070942,0.5175415703637727,0.47499219137444965,1.0980834272829765,1.0489841719769095,0.22526757803965575,0.22285688462383207,,,1.07,0.63,0.58,2.31,0.22,1.98,0.18,0.01,0.0,0.362,2.057017543859649,1.9225679605710022,0.181,,0.012,,0.0,,False,96.0,99.0,96.0,88.0,93.0,91.0,91.0,92.0,94.0,high,high,high,high,high,high,high,high,high,2026-08-26
hitter,PIT,SD,Oneil Cruz,665833,5.0,CF,Confirmed,4.97,,,,,1.13,0.58,,,,,0.9715649951266184,1.2792623297645176,0.5100250661843375,0.6585387217852523,0.8770949720670391,0.9689129187786508,0.07340074024624083,0.09263152658263622,,,0.93,0.86,0.77,3.13,0.08,1.61,0.28,0.01,0.0,0.429,1.4476190476190476,1.7417404238540959,0.278,,0.008,,0.0,,False,96.0,99.0,96.0,88.0,93.0,91.0,91.0,92.0,94.0,high,high,high,high,high,high,high,high,high,2026-08-26
hitter,PIT,SD,Nick Gonzales,693304,6.0,3B,Confirmed,4.93,,,,,0.78,0.36,,,,,0.7325891712937236,0.8369671092364092,0.3385962114673793,0.3751142287112329,1.607843137254902,1.5249399926032199,0.10506488572155742,0.12220516064647019,,,1.56,0.66,0.68,2.94,0.11,2.11,0.26,0.01,0.0,0.37,2.057017543859649,2.15208991497061,0.265,,0.013,,0.0,,False,96.0,99.0,96.0,88.0,93.0,91.0,91.0,92.0,94.0,high,high,high,high,high,high,high,high,high,2026-08-26
hitter,PIT,SD,Jake Mangum,663968,7.0,LF,Confirmed,4.48,,,,,0.57,0.3,,,,,0.5513774186376811,0.5821060609217112,0.31181077302524474,0.29223947748669615,1.4947368421052631,1.2913492525426113,0.08200356819666818,0.07243700217719386,,,1.38,0.6,0.54,2.64,0.08,1.84,0.24,0.01,0.0,0.374,1.914285714285714,1.7773434699602049,0.239,,0.012,,0.0,,False,96.0,99.0,96.0,88.0,93.0,91.0,91.0,92.0,94.0,high,high,high,high,high,high,high,high,high,2026-08-26
hitter,PIT,SD,Rafael Flores Jr.,804668,8.0,C,Confirmed,4.25,,,,,0.77,0.35,,,,,0.598426845369606,0.9503169932467541,0.3214699215401988,0.3691966979129904,0.801980198019802,0.8925354012649764,0.10046789169234496,0.16558127203286155,,,0.85,0.4,0.34,1.61,0.13,1.37,0.18,0.01,0.0,0.277,1.239368165249089,1.478017323056184,0.18,,0.01,,0.0,,False,96.0,99.0,96.0,88.0,93.0,91.0,91.0,92.0,94.0,high,high,high,high,high,high,high,high,high,2026-08-26
hitter,PIT,SD,Jacob Gonzalez,694378,9.0,SS,Confirmed,3.49,,,,,0.56,0.19,,,,,0.5151218526885661,0.6041727753000121,0.20362482159102416,0.17003503725168384,0.801980198019802,0.7497032443064805,0.197540026739389,0.22145727491033765,,,0.77,0.45,0.4,1.85,0.21,1.51,0.2,0.01,0.0,0.366,1.5956790123456794,1.4473189211586175,0.204,,0.012,,0.0,,False,96.0,99.0,96.0,88.0,93.0,91.0,91.0,92.0,94.0,high,high,high,high,high,high,high,high,high,2026-08-26
hitter,SEA,PHI,Taylor Ward,621493,1.0,RF,Confirmed,4.18,,,,,0.91,0.46,,,,,0.8911711393881369,0.9219759189723298,0.44276109896511784,0.47410309667714745,0.8694581280788177,0.7694190162038662,0.03571337998923993,0.018824061898945164,,,0.81,0.33,0.25,1.29,0.03,1.18,0.15,0.01,0.0,0.201,1.239368165249089,1.1372116579771179,0.153,,0.006,,0.0,,False,96.0,99.0,96.0,88.0,93.0,91.0,91.0,92.0,94.0,high,high,high,high,high,high,high,high,high,2026-08-26
hitter,SEA,PHI,Randy Arozarena,668227,2.0,LF,Confirmed,4.18,,,,,1.32,0.42,,,,,1.317774350600754,1.325901780447734,0.4107342883446645,0.427452849797902,0.6434108527131783,0.6013797175736441,0.1379324886637333,0.16767381045718519,,,0.62,0.36,0.28,1.41,0.15,1.18,0.16,0.01,0.0,0.217,1.1521739130434783,1.2022907855301195,0.161,,0.008,,0.0,,False,96.0,99.0,96.0,88.0,93.0,91.0,91.0,92.0,94.0,high,high,high,high,high,high,high,high,high,2026-08-26
hitter,SEA,PHI,Julio Rodríguez,677594,3.0,CF,Confirmed,3.96,,,,,1.0,0.48,,,,,1.0047487063707403,0.9900639785004308,0.5000617935723044,0.46540273729623827,0.4125159642401022,0.4692605411911828,0.0422309995772091,0.0293320611409936,,,0.44,0.37,0.33,1.5,0.04,0.71,0.16,0.01,0.0,0.227,0.6720588235294118,0.7399729164643727,0.156,,0.008,,0.0,,False,96.0,99.0,96.0,88.0,93.0,91.0,91.0,92.0,94.0,high,high,high,high,high,high,high,high,high,2026-08-26
hitter,SEA,PHI,Cal Raleigh,663728,4.0,DH,Confirmed,4.08,,,,,1.46,0.54,,,,,1.5053003689968236,1.4161352099589324,0.5577059670885903,0.5195323733411115,0.6434108527131783,0.5993605845526099,0.3024834273627716,0.2499441269007188,,,0.62,0.39,0.34,1.51,0.28,1.38,0.19,0.01,0.0,0.244,1.3893129770992367,1.381081723117799,0.195,,0.007,,0.0,,False,96.0,99.0,96.0,88.0,93.0,91.0,91.0,92.0,94.0,high,high,high,high,high,high,high,high,high,2026-08-26
hitter,SEA,PHI,Patrick Wisdom,621550,5.0,1B,Confirmed,3.09,,,,,0.73,0.13,,,,,0.749562858550827,0.714094027760928,0.12544456686816213,0.14091655938621986,0.707983193277311,0.5670796676796286,0.05758470940897958,0.043368317765988,,,0.63,0.2,0.17,0.78,0.05,1.0,0.11,0.01,0.0,0.16,1.1238670694864048,0.8910032367647309,0.107,,0.007,,0.0,,False,96.0,99.0,96.0,88.0,93.0,91.0,91.0,92.0,94.0,high,high,high,high,high,high,high,high,high,2026-08-26
hitter,SEA,PHI,J.P. Crawford,641487,6.0,SS,Confirmed,3.96,,,,,0.91,0.41,,,,,0.8986993574214378,0.9199386748257781,0.4116618197444961,0.40397580167732333,0.6434108527131783,0.5345609190935351,0.10203072883567485,0.10183745791532374,,,0.58,0.29,0.29,1.28,0.1,0.99,0.14,0.01,0.0,0.204,1.001763668430335,0.9892148969470753,0.14,,0.008,,0.0,,False,96.0,99.0,96.0,88.0,93.0,91.0,91.0,92.0,94.0,high,high,high,high,high,high,high,high,high,2026-08-26
hitter,SEA,PHI,Weston Wilson,642215,7.0,3B,Confirmed,2.55,,,,,0.6,0.24,,,,,0.5995018516984367,0.5992700277097723,0.278496203488501,0.20211475999998954,0.5846774193548387,0.39810781274920537,0.10209202553712993,0.08720230650205468,,,0.48,0.17,0.15,0.73,0.09,0.82,0.1,0.01,0.0,0.188,0.9875776397515532,0.6831823129077392,0.096,,0.006,,0.0,,False,96.0,99.0,96.0,88.0,93.0,91.0,91.0,92.0,94.0,high,high,high,high,high,high,high,high,high,2026-08-26
hitter,SEA,PHI,Jhonny Pereda,640902,8.0,C,Confirmed,3.33,,,,,0.6,0.15,,,,,0.6239724005217626,0.5826708809051354,0.14645593764070178,0.14460296104387046,0.8694581280788177,0.7454558505286649,0.04430165453137154,0.0375072071859903,,,0.8,0.23,0.21,1.02,0.04,1.16,0.12,0.01,0.0,0.197,1.239368165249089,1.0863244421083953,0.122,,0.009,,0.0,,False,96.0,99.0,96.0,88.0,93.0,91.0,91.0,92.0,94.0,high,high,high,high,high,high,high,high,high,2026-08-26
hitter,SEA,PHI,Brock Rodden,801126,9.0,2B,Confirmed,3.1,,,,,1.03,0.08,,,,,1.027,,0.081,,0.529,,0.026,,,,0.53,0.21,0.19,0.93,0.03,0.67,0.12,0.01,0.0,0.194,0.672,,0.116,,0.007,,0.0,,True,40.0,44.0,40.0,32.0,37.0,35.0,35.0,36.0,38.0,low,low,low,low,low,low,low,low,low,2026-08-26
hitter,PHI,SEA,Kyle Schwarber,656941,1.0,DH,Confirmed,4.26,,,,,1.5,1.08,,,,,1.5956413974323647,1.4038293774794262,1.2382310837847281,0.9180494088389164,1.0,0.9285421316681389,0.14340893289028558,0.15354956680466297,,,0.96,0.45,0.32,1.57,0.15,1.61,0.15,0.01,0.0,0.273,1.684375,1.5509167578798824,0.148,,0.008,,0.0,,False,96.0,99.0,96.0,88.0,93.0,91.0,91.0,92.0,94.0,high,high,high,high,high,high,high,high,high,2026-08-26
hitter,PHI,SEA,Trea Turner,607208,2.0,SS,Confirmed,4.18,,,,,1.0,0.52,,,,,1.060764051498981,0.9296465549284246,0.5569600212051042,0.4886960899498982,1.0980834272829765,1.0112076798097016,0.05251965257401024,0.040762006594062886,,,1.05,0.37,0.28,1.45,0.05,1.53,0.15,0.01,0.0,0.221,1.684375,1.406638431026481,0.153,,0.012,,0.0,,False,96.0,99.0,96.0,88.0,93.0,91.0,91.0,92.0,94.0,high,high,high,high,high,high,high,high,high,2026-08-26
hitter,PHI,SEA,Bryce Harper,547180,3.0,RF,Confirmed,4.25,,,,,1.17,0.87,,,,,1.2151394289330095,1.1189244925041681,0.9517215765405199,0.7793789474454802,1.0,0.9484805747494744,0.06809100050478165,0.03918113405717876,,,0.97,0.39,0.32,1.48,0.05,1.35,0.13,0.01,0.0,0.233,1.3893129770992367,1.313552719607061,0.135,,0.007,,0.0,,False,96.0,99.0,96.0,88.0,93.0,91.0,91.0,92.0,94.0,high,high,high,high,high,high,high,high,high,2026-08-26
hitter,PHI,SEA,Luis Arraez,650333,4.0,2B,Confirmed,4.18,,,,,0.5,0.43,,,,,0.37295715324718637,0.6301851558232778,0.3879167686534454,0.4673640045532481,1.0980834272829765,0.9897393503758063,0.028904977336293353,0.025336592552286676,,,1.04,0.39,0.34,1.6,0.03,1.29,0.16,0.01,0.0,0.234,1.3148148148148149,1.2666185454129413,0.158,,0.012,,0.0,,False,96.0,99.0,96.0,88.0,93.0,91.0,91.0,92.0,94.0,high,high,high,high,high,high,high,high,high,2026-08-26
hitter,PHI,SEA,Alec Bohm,664761,5.0,1B,Confirmed,4.18,,,,,0.76,0.54,,,,,0.7744679546891727,0.7447205003396633,0.537997242065684,0.5416505633105647,1.0980834272829765,1.0571539873856681,0.051088018218862545,0.052990385019555414,,,1.08,0.37,0.32,1.49,0.05,1.49,0.17,0.01,0.0,0.223,1.5956790123456794,1.3965704634835658,0.173,,0.01,,0.0,,False,96.0,99.0,96.0,88.0,93.0,91.0,91.0,92.0,94.0,high,high,high,high,high,high,high,high,high,2026-08-26
hitter,PHI,SEA,Bryson Stott,681082,6.0,3B,Confirmed,3.96,,,,,0.81,0.6,,,,,0.802025846027142,0.8214781011042802,0.6404170070950206,0.5644848145374213,0.994208494208494,0.8456939653710971,0.03552339336600088,0.0383411194280942,,,0.91,0.3,0.28,1.29,0.04,1.19,0.12,0.01,0.0,0.218,1.239368165249089,1.1490405795715417,0.125,,0.009,,0.0,,False,96.0,99.0,96.0,88.0,93.0,91.0,91.0,92.0,94.0,high,high,high,high,high,high,high,high,high,2026-08-26
hitter,PHI,SEA,Brandon Marsh,669016,7.0,LF,Confirmed,4.08,,,,,1.26,0.59,,,,,1.2743199999465522,1.2388063568576777,0.6217843727361694,0.55693490120646,0.8949771689497716,0.8168464930784614,0.06036874326467908,0.036789925505217626,,,0.85,0.3,0.26,1.26,0.05,1.2,0.13,0.01,0.0,0.211,1.239368165249089,1.1766555862702108,0.133,,0.008,,0.0,,False,96.0,99.0,96.0,88.0,93.0,91.0,91.0,92.0,94.0,high,high,high,high,high,high,high,high,high,2026-08-26
hitter,PHI,SEA,J.T. Realmuto,592663,8.0,C,Confirmed,3.1,,,,,0.93,0.4,,,,,0.9427332949195554,0.9074382685614145,0.4310744564696364,0.3671155581391454,0.707983193277311,0.5913110394659739,0.04534951981942643,0.035479479285166884,,,0.64,0.22,0.19,0.94,0.04,0.96,0.11,0.01,0.0,0.208,1.1238670694864048,0.8226307581734623,0.107,,0.009,,0.0,,False,96.0,99.0,96.0,88.0,93.0,91.0,91.0,92.0,94.0,high,high,high,high,high,high,high,high,high,2026-08-26
hitter,PHI,SEA,Justin Crawford,702222,9.0,CF,Confirmed,3.09,,,,,0.83,0.3,,,,,0.8545855688391405,0.8035201743062639,0.3129513561299406,0.2778981150258386,0.7061469265367316,0.5940413992489834,0.019037275872973356,0.002885012460907077,,,0.64,0.21,0.18,0.92,0.01,0.84,0.12,0.01,0.0,0.195,0.9875776397515532,0.7242417616795286,0.116,,0.008,,0.0,,False,96.0,99.0,96.0,88.0,93.0,91.0,91.0,92.0,94.0,high,high,high,high,high,high,high,high,high,2026-08-26
hitter,MIA,BOS,Kyle Stowers,669065,1.0,DH,Confirmed,4.18,,,,,1.42,0.49,,,,,1.4325208663641644,1.4061966700025124,0.5023476105373426,0.47477864306746714,0.994208494208494,0.9532301318493113,0.33006552414313334,0.31778665825339125,,,0.97,0.48,0.37,1.56,0.32,2.03,0.12,0.01,0.0,0.291,2.057017543859649,2.0065406845236007,0.119,,0.009,,0.0,,False,96.0,99.0,96.0,88.0,93.0,91.0,91.0,92.0,94.0,high,high,high,high,high,high,high,high,high,2026-08-26
hitter,MIA,BOS,Griffin Conine,665052,2.0,1B,Confirmed,4.04,,,,,0.82,0.52,,,,,0.8293788412603955,0.8006963690751225,0.5508057763377888,0.48996279635998286,1.0980834272829765,1.0095833994881658,0.19195777691393784,0.18802977948072344,,,1.05,0.44,0.32,1.46,0.19,1.91,0.13,0.01,0.0,0.282,2.057017543859649,1.789089252464848,0.128,,0.009,,0.0,,False,96.0,99.0,96.0,88.0,93.0,91.0,91.0,92.0,94.0,high,high,high,high,high,high,high,high,high,2026-08-26
hitter,MIA,BOS,Heriberto Hernández,681715,3.0,LF,Confirmed,4.14,,,,,0.73,0.41,,,,,0.7084728109042,0.7419369201146638,0.4058620036666628,0.42346388306045657,1.1391752577319587,1.0706621596767267,0.2499795835779971,0.2576716266418933,,,1.1,0.43,0.38,1.52,0.25,2.0,0.14,0.01,0.0,0.265,2.057017543859649,1.9505149469877594,0.136,,0.008,,0.0,,False,96.0,99.0,96.0,88.0,93.0,91.0,91.0,92.0,94.0,high,high,high,high,high,high,high,high,high,2026-08-26
hitter,MIA,BOS,Xavier Edwards,669364,4.0,2B,Confirmed,4.48,,,,,0.36,0.45,,,,,0.3928024962271661,0.32555684642461913,0.44788758570490583,0.45267951386591704,1.607843137254902,1.360932898749476,0.12059414811284952,0.09679298020384,,,1.47,0.5,0.42,1.92,0.11,1.93,0.14,0.01,0.0,0.282,2.057017543859649,1.8351361884798807,0.139,,0.01,,0.0,,False,96.0,99.0,96.0,88.0,93.0,91.0,91.0,92.0,94.0,high,high,high,high,high,high,high,high,high,2026-08-26
hitter,MIA,BOS,Jakob Marsee,805300,5.0,CF,Confirmed,3.58,,,,,0.64,0.39,,,,,0.6332370305255108,0.6394808646688181,0.41421125802326253,0.35794949727591086,1.0980834272829765,0.839571956795553,0.19751717888290288,0.16336795417748146,,,0.96,0.41,0.35,1.47,0.18,1.54,0.11,0.01,0.0,0.29,1.684375,1.4291810339297777,0.112,,0.008,,0.0,,False,96.0,99.0,96.0,88.0,93.0,91.0,91.0,92.0,94.0,high,high,high,high,high,high,high,high,high,2026-08-26
hitter,MIA,BOS,Otto Lopez,672640,6.0,SS,Confirmed,4.51,,,,,0.38,0.33,,,,,0.40342592762919494,0.3609216018340779,0.3261996811622525,0.3259704888205082,1.607843137254902,1.4224037062640003,0.22248096169988738,0.21021265796375901,,,1.51,0.46,0.48,1.94,0.22,2.11,0.11,0.01,0.0,0.281,2.057017543859649,2.147207538809353,0.115,,0.011,,0.0,,False,96.0,99.0,96.0,88.0,93.0,91.0,91.0,92.0,94.0,high,high,high,high,high,high,high,high,high,2026-08-26
hitter,MIA,BOS,Owen Caissie,683357,7.0,RF,Confirmed,3.32,,,,,1.28,0.24,,,,,1.3571105942283923,1.2037339089252062,0.25570414521268764,0.2306995985866777,0.7715355805243446,0.6603847171081925,0.2649352096235356,0.2380523276376225,,,0.71,0.29,0.26,1.08,0.25,1.67,0.11,0.01,0.0,0.248,1.914285714285714,1.469539490049595,0.111,,0.007,,0.0,,False,96.0,99.0,96.0,88.0,93.0,91.0,91.0,92.0,94.0,high,high,high,high,high,high,high,high,high,2026-08-26
hitter,MIA,BOS,Joe Mack,691788,8.0,C,Confirmed,3.48,,,,,0.58,0.34,,,,,0.5591235450747891,0.5927302868129598,0.3676009434077112,0.31103887458032775,1.0980834272829765,0.8493890021241999,0.22792459942792154,0.2036122365596131,,,0.96,0.31,0.28,1.18,0.22,1.8,0.12,0.01,0.0,0.258,2.057017543859649,1.594141082005443,0.117,,0.009,,0.0,,False,96.0,99.0,96.0,88.0,93.0,91.0,91.0,92.0,94.0,high,high,high,high,high,high,high,high,high,2026-08-26
hitter,MIA,BOS,Javier Sanoja,691594,9.0,3B,Confirmed,3.49,,,,,0.27,0.24,,,,,0.3098899354443311,0.23708007231436998,0.25032857812935694,0.2293013325698344,1.0980834272829765,0.994921961992795,0.07904296072227734,0.0998027828482265,,,1.04,0.31,0.27,1.29,0.09,1.53,0.15,0.01,0.0,0.258,1.684375,1.4052875510777658,0.146,,0.011,,0.0,,False,96.0,99.0,96.0,88.0,93.0,91.0,91.0,92.0,94.0,high,high,high,high,high,high,high,high,high,2026-08-26
hitter,BOS,MIA,Nick Sogard,686765,1.0,1B,Confirmed,2.77,,,,,0.67,0.21,,,,,0.6677308581269228,0.6702270663821204,0.22159348699344747,0.1930878365091039,0.5290322580645161,0.44816902342314996,0.017519959569657295,0.006787697314801672,,,0.48,0.29,0.2,1.01,0.01,0.62,0.12,0.01,0.0,0.273,0.6720588235294118,0.5823245929701409,0.122,,0.01,,0.0,,False,96.0,99.0,96.0,88.0,93.0,91.0,91.0,92.0,94.0,high,high,high,high,high,high,high,high,high,2026-08-26
hitter,BOS,MIA,Ceddanne Rafaela,678882,2.0,CF,Confirmed,4.51,,,,,0.98,0.19,,,,,0.8913416957181775,1.0784346239134268,0.18720554954516308,0.1988159440118056,1.0980834272829765,1.1313456094928143,0.18967524555180362,0.1915837083808908,,,1.12,0.57,0.44,2.1,0.19,1.95,0.17,0.01,0.0,0.311,1.914285714285714,1.9840115556045337,0.174,,0.012,,0.0,,False,96.0,99.0,96.0,88.0,93.0,91.0,91.0,92.0,94.0,high,high,high,high,high,high,high,high,high,2026-08-26
hitter,BOS,MIA,Wilyer Abreu,677800,3.0,RF,Confirmed,4.25,,,,,1.22,0.31,,,,,1.1403655534347468,1.29788325294259,0.3103041636771131,0.3158422180798201,0.8694581280788177,0.9125784548037509,0.25131693240117703,0.2774174881912894,,,0.89,0.52,0.44,1.83,0.26,1.91,0.14,0.01,0.0,0.312,1.914285714285714,1.9136375141470023,0.143,,0.011,,0.0,,False,96.0,99.0,96.0,88.0,93.0,91.0,91.0,92.0,94.0,high,high,high,high,high,high,high,high,high,2026-08-26
hitter,BOS,MIA,Caleb Durbin,702332,4.0,3B,Confirmed,4.18,,,,,0.62,0.21,,,,,0.5809131794375283,0.6682102375447788,0.20755843366025672,0.2141967345243936,0.8949771689497716,1.05107261147676,0.14141886204747903,0.15540413165059086,,,0.98,0.47,0.39,1.75,0.15,1.59,0.17,0.01,0.0,0.285,1.5956790123456794,1.5882460063936592,0.166,,0.01,,0.0,,False,96.0,99.0,96.0,88.0,93.0,91.0,91.0,92.0,94.0,high,high,high,high,high,high,high,high,high,2026-08-26
hitter,BOS,MIA,Mickey Gasper,681508,5.0,DH,Confirmed,3.89,,,,,0.45,0.31,,,,,0.3642173949565406,0.5274935624870994,0.31510689306655526,0.3078279156540648,0.8949771689497716,0.8348610030471272,0.0904836104668092,0.08504958194479761,,,0.86,0.48,0.41,1.77,0.09,1.38,0.18,0.01,0.0,0.311,1.3893129770992367,1.3644501030250622,0.176,,0.009,,0.0,,False,96.0,99.0,96.0,88.0,93.0,91.0,91.0,92.0,94.0,high,high,high,high,high,high,high,high,high,2026-08-26
hitter,BOS,MIA,Andruw Monasterio,655316,6.0,SS,Confirmed,3.49,,,,,0.68,0.5,,,,,0.6493835798828155,0.7131790978915088,0.5372452914090848,0.45886870303380656,0.4125159642401022,0.42275647744935824,0.14231117493825562,0.10228739553319746,,,0.42,0.4,0.4,1.57,0.12,1.03,0.12,0.01,0.0,0.32,1.1238670694864048,0.9507744113372469,0.116,,0.008,,0.0,,False,96.0,99.0,96.0,88.0,93.0,91.0,91.0,92.0,94.0,high,high,high,high,high,high,high,high,high,2026-08-26
hitter,BOS,MIA,Jarren Duran,680776,7.0,LF,Confirmed,4.45,,,,,1.41,0.31,,,,,1.3722232688169207,1.4411851826003472,0.3007544550956608,0.316364398298514,1.0980834272829765,1.1318296487852293,0.4412848052809261,0.3553894523919927,,,1.12,0.58,0.53,2.21,0.4,2.45,0.21,0.02,0.0,0.374,2.456692913385827,2.443701842085309,0.21,,0.019,,0.0,,False,96.0,99.0,96.0,88.0,93.0,91.0,91.0,92.0,94.0,high,high,high,high,high,high,high,high,high,2026-08-26
hitter,BOS,MIA,Anthony Seigler,678011,8.0,2B,Confirmed,4.18,,,,,1.09,0.25,,,,,0.9426418279781378,1.246530083440477,0.24487112242445494,0.264528807461557,0.801980198019802,0.8807834886727265,0.13181062895784684,0.16630589198618548,,,0.85,0.4,0.33,1.53,0.15,1.42,0.15,0.01,0.0,0.281,1.3893129770992367,1.4523620669484691,0.147,,0.013,,0.0,,False,96.0,99.0,96.0,88.0,93.0,91.0,91.0,92.0,94.0,high,high,high,high,high,high,high,high,high,2026-08-26
hitter,BOS,MIA,Connor Wong,657136,9.0,C,Confirmed,3.96,,,,,0.69,0.6,,,,,0.5829223418918552,0.8056954664317573,0.5888085724825541,0.6131430031129635,0.4125159642401022,0.431648088370315,0.09309077234237167,0.10300717907025335,,,0.42,0.36,0.29,1.35,0.1,0.94,0.14,0.01,0.0,0.266,0.9875776397515532,0.9047447676095001,0.14,,0.008,,0.0,,False,96.0,99.0,96.0,88.0,93.0,91.0,91.0,92.0,94.0,high,high,high,high,high,high,high,high,high,2026-08-26
hitter,WSH,COL,CJ Abrams,682928,1.0,DH,Confirmed,4.26,,,,,0.72,0.29,,,,,0.7092445354522589,0.7297367169063388,0.3081872162382986,0.27163221285817396,1.0980834272829765,1.2243271678355503,0.2743915966280705,0.27304234097488495,,,1.17,0.75,0.68,2.53,0.27,2.09,0.17,0.01,0.0,0.413,2.057017543859649,2.1085600615508486,0.165,,0.012,,0.0,,False,96.0,99.0,96.0,88.0,93.0,91.0,91.0,92.0,94.0,high,high,high,high,high,high,high,high,high,2026-08-26
hitter,WSH,COL,Abimelec Ortiz,694673,2.0,1B,Confirmed,2.26,,,,,0.55,0.12,,,,,0.5558036949915046,0.5368249252106344,0.1451184627352546,0.08669731307959463,0.4125159642401022,0.35209129960324925,0.11600293566542927,0.08390027422732475,,,0.38,0.29,0.24,0.95,0.1,0.84,0.09,0.01,0.0,0.314,1.001763668430335,0.7060048871466664,0.085,,0.01,,0.0,,False,96.0,99.0,96.0,88.0,93.0,91.0,91.0,92.0,94.0,high,high,high,high,high,high,high,high,high,2026-08-26
hitter,WSH,COL,Dylan Crews,686611,3.0,RF,Confirmed,4.25,,,,,0.87,0.31,,,,,0.8384425740610999,0.8962449104543413,0.31348439748437407,0.31076913559987523,1.0980834272829765,1.1374551189148585,0.22156227365731107,0.2464557844573873,,,1.12,0.69,0.68,2.46,0.23,2.02,0.15,0.01,0.0,0.381,2.057017543859649,1.9932083168366506,0.145,,0.01,,0.0,,False,96.0,99.0,96.0,88.0,93.0,91.0,91.0,92.0,94.0,high,high,high,high,high,high,high,high,high,2026-08-26
hitter,WSH,COL,Daylen Lile,695734,4.0,LF,Confirmed,4.18,,,,,0.55,0.31,,,,,0.5653292691980057,0.5381043199012018,0.3160778413308072,0.30449370842951057,1.1391752577319587,1.183443994136332,0.28845250963075814,0.25461590853352684,,,1.16,0.69,0.69,2.37,0.27,2.01,0.13,0.02,0.0,0.388,2.057017543859649,1.974168222312476,0.132,,0.024,,0.0,,False,96.0,99.0,96.0,88.0,93.0,91.0,91.0,92.0,94.0,high,high,high,high,high,high,high,high,high,2026-08-26
hitter,WSH,COL,Andrés Chaparro,665953,5.0,3B,Confirmed,1.88,,,,,0.45,0.22,,,,,0.46736201790088583,0.4328391516237896,0.260909488752328,0.1762051223663851,0.4125159642401022,0.24573753809820698,0.0679548813829998,0.033302652100810314,,,0.32,0.26,0.25,0.86,0.05,0.49,0.07,0.01,0.0,0.332,0.6720588235294118,0.3455777845641948,0.066,,0.007,,0.0,,False,96.0,99.0,96.0,88.0,93.0,91.0,91.0,92.0,94.0,high,high,high,high,high,high,high,high,high,2026-08-26
hitter,WSH,COL,José Tena,677588,6.0,2B,Confirmed,3.49,,,,,0.64,0.4,,,,,0.5713266061118724,0.7168854460225084,0.42608616781693576,0.37309458680586904,0.801980198019802,0.7026680327073143,0.11742033817961717,0.11150559362308274,,,0.75,0.48,0.56,1.81,0.11,1.17,0.11,0.01,0.0,0.371,1.239368165249089,1.1076050880604034,0.11,,0.013,,0.0,,False,96.0,99.0,96.0,88.0,93.0,91.0,91.0,92.0,94.0,high,high,high,high,high,high,high,high,high,2026-08-26
hitter,WSH,COL,Harry Ford,695670,7.0,C,Confirmed,1.92,,,,,0.85,0.08,,,,,0.9150819054520178,0.782255648219438,0.09597994731054996,0.06398983107273698,0.3344051446945337,0.22554017881459637,0.040427152688298634,0.04029983227701842,,,0.27,0.19,0.17,0.72,0.04,0.39,0.07,0.01,0.0,0.283,0.44025157232704404,0.35270219850391704,0.075,,0.007,,0.0,,False,96.0,99.0,96.0,88.0,93.0,91.0,91.0,92.0,94.0,high,high,high,high,high,high,high,high,high,2026-08-26
hitter,WSH,COL,Nasim Nuñez,683083,8.0,SS,Confirmed,3.74,,,,,0.76,0.3,,,,,0.7718877744659417,0.7580364339264056,0.3200177966775195,0.28548674168090343,0.994208494208494,0.9186616255478894,0.09806615498727284,0.10197474154456405,,,0.95,0.38,0.33,1.48,0.1,1.32,0.11,0.01,0.0,0.286,1.3148148148148149,1.316613897261115,0.111,,0.013,,0.0,,False,96.0,99.0,96.0,88.0,93.0,91.0,91.0,92.0,94.0,high,high,high,high,high,high,high,high,high,2026-08-26
hitter,WSH,COL,Jacob Young,696285,9.0,CF,Confirmed,3.33,,,,,0.53,0.21,,,,,0.5823631938787074,0.4808191501485127,0.22238555777628732,0.19124631760111035,0.8949771689497716,0.7851993479053317,0.10068978641463786,0.11243143420340969,,,0.83,0.38,0.35,1.5,0.11,1.43,0.12,0.01,0.0,0.313,1.5956790123456794,1.2888617967886624,0.116,,0.011,,0.0,,False,96.0,99.0,96.0,88.0,93.0,91.0,91.0,92.0,94.0,high,high,high,high,high,high,high,high,high,2026-08-26
hitter,COL,WSH,Jake McCarthy,664983,1.0,LF,Confirmed,4.45,,,,,0.54,0.21,,,,,0.5474836309525255,0.5416244696376122,0.218246238075189,0.20384836068202714,0.994208494208494,1.011289866751749,0.08313842905203428,0.08511193310650622,,,1.0,0.52,0.42,2.05,0.08,1.48,0.19,0.02,0.0,0.288,1.3893129770992367,1.5619420482495543,0.185,,0.024,,0.0,,False,96.0,99.0,96.0,88.0,93.0,91.0,91.0,92.0,94.0,high,high,high,high,high,high,high,high,high,2026-08-26
hitter,COL,WSH,Cole Carrigg,694249,2.0,CF,Confirmed,3.49,,,,,0.67,0.29,,,,,0.606284052408713,0.7368783994160819,0.3058675488365936,0.26676773469524484,0.7061469265367316,0.6258300434207471,0.08262533355874002,0.08553856065355031,,,0.66,0.41,0.32,1.51,0.08,1.17,0.15,0.01,0.0,0.297,1.239368165249089,1.1186437262685927,0.152,,0.013,,0.0,,False,96.0,99.0,96.0,88.0,93.0,91.0,91.0,92.0,94.0,high,high,high,high,high,high,high,high,high,2026-08-26
hitter,COL,WSH,Hunter Goodman,696100,3.0,C,Confirmed,4.57,,,,,0.93,0.41,,,,,0.8790072421975869,0.9789016109085688,0.4116702970712439,0.4180817305734598,0.8888888888888888,0.9038828570616343,0.2539144804079337,0.2304303195807875,,,0.9,0.66,0.64,2.4,0.24,1.91,0.23,0.02,0.0,0.353,1.914285714285714,1.9052255297197234,0.229,,0.015,,0.0,,False,96.0,99.0,96.0,88.0,93.0,91.0,91.0,92.0,94.0,high,high,high,high,high,high,high,high,high,2026-08-26
hitter,COL,WSH,TJ Rumfield,681198,4.0,1B,Confirmed,3.49,,,,,0.43,0.26,,,,,0.41349420991974795,0.44159935153070684,0.26380902885171575,0.257015693557865,0.7061469265367316,0.6242670364118006,0.04548898721965443,0.05737757289925212,,,0.66,0.39,0.34,1.53,0.05,1.02,0.12,0.01,0.0,0.276,1.1238670694864048,0.9376375226838805,0.122,,0.012,,0.0,,False,96.0,99.0,96.0,88.0,93.0,91.0,91.0,92.0,94.0,high,high,high,high,high,high,high,high,high,2026-08-26
hitter,COL,WSH,Willi Castro,650489,5.0,3B,Confirmed,4.25,,,,,0.77,0.29,,,,,0.7038407498008448,0.8455185766559866,0.3147167888603426,0.2744645135781129,0.801980198019802,0.8002691851001617,0.11833214401817935,0.11798473687028156,,,0.8,0.52,0.47,1.98,0.12,1.4,0.17,0.01,0.0,0.3,1.3893129770992367,1.4146731323876076,0.169,,0.012,,0.0,,False,96.0,99.0,96.0,88.0,93.0,91.0,91.0,92.0,94.0,high,high,high,high,high,high,high,high,high,2026-08-26
hitter,COL,WSH,Mickey Moniak,666160,6.0,RF,Confirmed,3.89,,,,,0.73,0.21,,,,,0.6551943648599535,0.7997988046679471,0.2122825270135639,0.20583642715772746,0.801980198019802,0.7678083713879965,0.15717625823040626,0.13754387658549522,,,0.78,0.48,0.53,2.01,0.15,1.36,0.19,0.01,0.0,0.337,1.3893129770992367,1.327041480024595,0.195,,0.012,,0.0,,False,96.0,99.0,96.0,88.0,93.0,91.0,91.0,92.0,94.0,high,high,high,high,high,high,high,high,high,2026-08-26
hitter,COL,WSH,Connor Norby,681393,7.0,2B,Confirmed,3.1,,,,,0.72,0.14,,,,,0.750385108904138,0.6929733741339826,0.1393588698067301,0.14100208006976966,0.801980198019802,0.6552913508415803,0.1150555982938116,0.126319205419191,,,0.72,0.34,0.31,1.43,0.12,1.25,0.15,0.01,0.0,0.313,1.3893129770992367,1.1284633576386518,0.15,,0.009,,0.0,,False,96.0,99.0,96.0,88.0,93.0,91.0,91.0,92.0,94.0,high,high,high,high,high,high,high,high,high,2026-08-26
hitter,COL,WSH,Troy Johnston,687859,8.0,DH,Confirmed,2.9,,,,,0.46,0.2,,,,,0.4566866325144364,0.46240912422523534,0.22383415041948843,0.1844392418434741,0.4125159642401022,0.400285098864968,0.0596711543138738,0.0491480738149893,,,0.41,0.25,0.22,1.0,0.05,0.73,0.12,0.01,0.0,0.244,0.7899761336515513,0.6740431632785856,0.115,,0.011,,0.0,,False,96.0,99.0,96.0,88.0,93.0,91.0,91.0,92.0,94.0,high,high,high,high,high,high,high,high,high,2026-08-26
hitter,COL,WSH,Ezequiel Tovar,678662,9.0,SS,Confirmed,4.04,,,,,0.72,0.23,,,,,0.6700865920594863,0.7777163477915385,0.23724151363380933,0.21809690560711434,0.7715355805243446,0.7772172152287226,0.12634643744133123,0.11975603091387475,,,0.77,0.41,0.38,1.67,0.12,1.34,0.19,0.01,0.0,0.286,1.3148148148148149,1.3617109304157164,0.191,,0.011,,0.0,,False,96.0,99.0,96.0,88.0,93.0,91.0,91.0,92.0,94.0,high,high,high,high,high,high,high,high,high,2026-08-26
hitter,NYY,HOU,Trent Grisham,663757,1.0,CF,Confirmed,3.81,,,,,1.56,0.63,,,,,1.616781242010725,1.5086858067925544,0.6631051592478482,0.5976881027762456,0.5290322580645161,0.4465440440204018,0.25938560717049813,0.2267313646947867,,,0.48,0.33,0.22,1.14,0.24,1.18,0.13,0.01,0.0,0.231,1.239368165249089,1.129318876404114,0.128,,0.006,,0.0,,False,96.0,99.0,96.0,88.0,93.0,91.0,91.0,92.0,94.0,high,high,high,high,high,high,high,high,high,2026-08-26
hitter,NYY,HOU,Ben Rice,700250,2.0,DH,Confirmed,3.81,,,,,1.52,0.42,,,,,1.577745995077189,1.4608534860932243,0.4435888451646882,0.3935377742687739,0.5290322580645161,0.48507340034356866,0.21576333385923085,0.1885227599275209,,,0.5,0.34,0.24,1.23,0.2,1.17,0.14,0.01,0.0,0.235,1.239368165249089,1.1167642527501647,0.136,,0.009,,0.0,,False,96.0,99.0,96.0,88.0,93.0,91.0,91.0,92.0,94.0,high,high,high,high,high,high,high,high,high,2026-08-26
hitter,NYY,HOU,Luis García Jr.,671277,3.0,1B,Confirmed,3.49,,,,,0.48,0.26,,,,,0.5309060253848354,0.43097188498564953,0.29020883723231006,0.2207574197486088,1.0980834272829765,0.8654778863716759,0.22599190680624992,0.20678110565809737,,,0.97,0.25,0.2,0.93,0.22,1.87,0.14,0.01,0.0,0.188,2.057017543859649,1.720705132460793,0.142,,0.008,,0.0,,False,96.0,99.0,96.0,88.0,93.0,91.0,91.0,92.0,94.0,high,high,high,high,high,high,high,high,high,2026-08-26
hitter,NYY,HOU,Cody Bellinger,641355,4.0,LF,Confirmed,3.81,,,,,1.1,0.4,,,,,1.1095619503809986,1.0870870886579265,0.4131270432544074,0.378427431054343,0.5290322580645161,0.4678570239994602,0.1612221455181425,0.15974045633175962,,,0.5,0.33,0.26,1.23,0.16,0.99,0.11,0.01,0.0,0.221,1.001763668430335,0.9822079192929356,0.112,,0.008,,0.0,,False,96.0,99.0,96.0,88.0,93.0,91.0,91.0,92.0,94.0,high,high,high,high,high,high,high,high,high,2026-08-26
hitter,NYY,HOU,George Lombard Jr.,806146,5.0,SS,Confirmed,1.84,,,,,0.69,0.15,,,,,0.6832488182261729,0.6932617459439738,0.18332411130114082,0.11860493332155743,0.2543859649122807,0.14600856619076844,0.01669330525891556,0.011706542117552524,,,0.19,0.13,0.11,0.49,0.01,0.27,0.07,0.01,0.0,0.189,0.28125,0.25871905229873526,0.072,,0.007,,0.0,,False,96.0,99.0,96.0,88.0,93.0,91.0,91.0,92.0,94.0,high,high,high,high,high,high,high,high,high,2026-08-26
hitter,NYY,HOU,Spencer Jones,682987,6.0,RF,Confirmed,2.9,,,,,1.23,0.15,,,,,1.2607855585512246,1.1904538281621404,0.1719247559898921,0.12848100004994584,0.2543859649122807,0.21961503405431138,0.027244055525253812,0.008370971936626167,,,0.24,0.17,0.15,0.68,0.02,0.36,0.09,0.01,0.0,0.178,0.44025157232704404,0.29332707520823614,0.087,,0.008,,0.0,,False,96.0,99.0,96.0,88.0,93.0,91.0,91.0,92.0,94.0,high,high,high,high,high,high,high,high,high,2026-08-26
hitter,NYY,HOU,Jazz Chisholm Jr.,665862,7.0,2B,Confirmed,3.1,,,,,1.58,0.36,,,,,1.719685423057715,1.432906030646201,0.3931921090090801,0.32579954118880555,0.35424354243542433,0.3028726369044513,0.21746075853558797,0.18260121601023674,,,0.33,0.21,0.17,0.79,0.2,0.88,0.09,0.01,0.0,0.205,0.9875776397515532,0.7858455451658745,0.092,,0.007,,0.0,,False,96.0,99.0,96.0,88.0,93.0,91.0,91.0,92.0,94.0,high,high,high,high,high,high,high,high,high,2026-08-26
hitter,NYY,HOU,Austin Wells,669224,8.0,C,Confirmed,2.55,,,,,1.32,0.2,,,,,1.456333500650508,1.190164347338022,0.21571094339191682,0.19132746288336033,0.35424354243542433,0.2731889569585954,0.1371852457381095,0.11331541679347511,,,0.31,0.18,0.16,0.75,0.13,0.69,0.08,0.01,0.0,0.21,0.6720588235294118,0.708575941435357,0.085,,0.007,,0.0,,False,96.0,99.0,96.0,88.0,93.0,91.0,91.0,92.0,94.0,high,high,high,high,high,high,high,high,high,2026-08-26
hitter,NYY,HOU,José Caballero,676609,9.0,3B,Confirmed,3.1,,,,,1.27,0.28,,,,,1.2820877712323926,1.2556114758732906,0.30065493481186045,0.254658182148447,0.4125159642401022,0.33781481196784907,0.07726184897552907,0.06585248448296649,,,0.37,0.19,0.15,0.76,0.07,0.66,0.11,0.01,0.0,0.186,0.6720588235294118,0.6433961022212699,0.106,,0.007,,0.0,,False,96.0,99.0,96.0,88.0,93.0,91.0,91.0,92.0,94.0,high,high,high,high,high,high,high,high,high,2026-08-26
hitter,HOU,NYY,Jeremy Peña,665161,1.0,SS,Confirmed,4.25,,,,,1.28,0.43,,,,,1.2498292027163476,1.305604307949224,0.4270582640525181,0.441339094459095,0.6434108527131783,0.6033237453671356,0.042866280712771085,0.04380632770578181,,,0.62,0.55,0.43,1.97,0.04,0.84,0.18,0.01,0.0,0.32,0.8408408408408409,0.8449026606175795,0.177,,0.008,,0.0,,False,96.0,99.0,96.0,88.0,93.0,91.0,91.0,92.0,94.0,high,high,high,high,high,high,high,high,high,2026-08-26
hitter,HOU,NYY,Yordan Alvarez,670541,2.0,DH,Confirmed,4.51,,,,,0.63,0.6,,,,,0.6281821014390031,0.6341814220299224,0.6190841086856809,0.5867368683358357,1.1391752577319587,1.1939471304173772,0.42289415054131935,0.411472785622457,,,1.17,0.74,0.57,2.4,0.42,2.73,0.17,0.01,0.0,0.409,2.75,2.7054932985597215,0.168,,0.011,,0.0,,False,96.0,99.0,96.0,88.0,93.0,91.0,91.0,92.0,94.0,high,high,high,high,high,high,high,high,high,2026-08-26
hitter,HOU,NYY,Isaac Paredes,670623,3.0,3B,Confirmed,4.25,,,,,0.51,0.33,,,,,0.529481337320912,0.48883307205143633,0.3255486931124072,0.33218416336237055,1.0980834272829765,1.0830489786502528,0.2524692706070067,0.21245939423307902,,,1.09,0.56,0.5,2.05,0.23,2.0,0.17,0.01,0.0,0.329,2.057017543859649,1.9570675169685843,0.169,,0.009,,0.0,,False,96.0,99.0,96.0,88.0,93.0,91.0,91.0,92.0,94.0,high,high,high,high,high,high,high,high,high,2026-08-26
hitter,HOU,NYY,Jose Altuve,514888,4.0,2B,Confirmed,4.25,,,,,0.57,0.33,,,,,0.5668786214346867,0.5663363630480169,0.3480579089134981,0.32036024539202285,1.0980834272829765,1.134975143429114,0.16386597270025413,0.18483895642184783,,,1.12,0.52,0.44,1.96,0.17,1.86,0.17,0.01,0.0,0.311,1.914285714285714,1.8133997591143696,0.167,,0.008,,0.0,,False,96.0,99.0,96.0,88.0,93.0,91.0,91.0,92.0,94.0,high,high,high,high,high,high,high,high,high,2026-08-26
hitter,HOU,NYY,Daulton Varsho,662139,5.0,CF,Confirmed,3.81,,,,,0.85,0.19,,,,,0.7859840932834947,0.9070284048036859,0.19467500161763143,0.19360769991384516,0.35424354243542433,0.36645610802446027,0.13020406528708633,0.128140212455622,,,0.36,0.5,0.47,1.74,0.13,0.86,0.14,0.01,0.0,0.317,0.7899761336515513,0.9106403021953257,0.137,,0.009,,0.0,,False,96.0,99.0,96.0,88.0,93.0,91.0,91.0,92.0,94.0,high,high,high,high,high,high,high,high,high,2026-08-26
hitter,HOU,NYY,Christian Walker,572233,6.0,1B,Confirmed,4.18,,,,,0.82,0.28,,,,,0.761479141210864,0.8744325914454268,0.29679839871516,0.2696069747796579,1.0980834272829765,1.1350631904530057,0.3324258681703056,0.31243854245138675,,,1.12,0.49,0.51,1.9,0.32,2.28,0.16,0.01,0.0,0.327,2.456692913385827,2.14316117309236,0.165,,0.008,,0.0,,False,96.0,99.0,96.0,88.0,93.0,91.0,91.0,92.0,94.0,high,high,high,high,high,high,high,high,high,2026-08-26
hitter,HOU,NYY,Taylor Trammell,666211,7.0,LF,Confirmed,3.1,,,,,1.29,0.15,,,,,1.2385656296736565,1.338125234692362,0.1742927117753812,0.13246604808371315,0.4125159642401022,0.40434803720658713,0.17960709823900928,0.1686511361401166,,,0.41,0.31,0.27,1.11,0.17,0.91,0.12,0.01,0.0,0.288,1.001763668430335,0.833280903699536,0.115,,0.01,,0.0,,False,96.0,99.0,96.0,88.0,93.0,91.0,91.0,92.0,94.0,high,high,high,high,high,high,high,high,high,2026-08-26
hitter,HOU,NYY,Cam Smith,701358,8.0,RF,Confirmed,3.74,,,,,0.65,0.25,,,,,0.6025957955745703,0.7058716286865536,0.2659799015078985,0.23424600298775675,0.994208494208494,0.9240202661396333,0.21182306652327174,0.20250384696245488,,,0.96,0.37,0.33,1.41,0.21,1.62,0.13,0.01,0.0,0.282,1.684375,1.5760605327896378,0.134,,0.008,,0.0,,False,96.0,99.0,96.0,88.0,93.0,91.0,91.0,92.0,94.0,high,high,high,high,high,high,high,high,high,2026-08-26
hitter,HOU,NYY,Christian Vázquez,543877,9.0,C,Confirmed,3.89,,,,,0.94,0.14,,,,,0.8598337146984967,1.0170506150520966,0.1454600577939657,0.12922336828558784,0.801980198019802,0.7879459276337605,0.12670526680669086,0.1505025001214553,,,0.79,0.37,0.32,1.49,0.14,1.35,0.17,0.01,0.0,0.273,1.3148148148148149,1.3737047591384746,0.169,,0.009,,0.0,,False,96.0,99.0,96.0,88.0,93.0,91.0,91.0,92.0,94.0,high,high,high,high,high,high,high,high,high,2026-08-26
hitter,TOR,KC,Brett Bateman,703520,1.0,CF,Confirmed,3.54,,,,,0.72,0.24,,,,,0.723,,0.244,,0.708,,0.036,,,,0.71,0.35,0.25,1.31,0.04,1.0,0.14,0.01,0.0,0.252,1.002,,0.141,,0.01,,0.0,,True,40.0,44.0,40.0,32.0,37.0,35.0,35.0,36.0,38.0,low,low,low,low,low,low,low,low,low,2026-08-26
hitter,TOR,KC,Vladimir Guerrero Jr.,665489,2.0,1B,Confirmed,3.81,,,,,0.51,0.28,,,,,0.5177403715881443,0.4998201542060337,0.2655767575247785,0.2910327679983899,0.4125159642401022,0.4927305950134466,0.10290350899713971,0.09575629837795473,,,0.46,0.33,0.25,1.06,0.1,0.92,0.09,0.01,0.0,0.217,0.8408408408408409,0.9888762137024467,0.088,,0.007,,0.0,,False,82.0,86.0,82.0,74.0,79.0,77.0,77.0,78.0,80.0,high,high,high,medium,medium,medium,medium,medium,high,2026-08-26
hitter,TOR,KC,Alejandro Kirk,672386,3.0,C,Confirmed,3.49,,,,,0.43,0.24,,,,,0.4559017369807119,0.4112942276808396,0.23981311658980192,0.23713655280604237,0.4125159642401022,0.45518692680178274,0.09023937178736072,0.09245176788251996,,,0.44,0.28,0.24,0.94,0.09,0.8,0.09,0.01,0.0,0.209,0.7899761336515513,0.8029697451673139,0.095,,0.007,,0.0,,False,82.0,86.0,82.0,74.0,79.0,77.0,77.0,78.0,80.0,high,high,high,medium,medium,medium,medium,medium,high,2026-08-26
hitter,TOR,KC,George Springer,543807,4.0,DH,Confirmed,4.51,,,,,1.09,0.44,,,,,1.0958029357457442,1.081225957059367,0.4398415723905156,0.44403879295478554,0.8770949720670391,0.8757364989888778,0.03453235598796996,0.022760167178947216,,,0.88,0.47,0.36,1.73,0.03,1.21,0.2,0.01,0.0,0.28,1.239368165249089,1.18627892194906,0.202,,0.008,,0.0,,False,82.0,86.0,82.0,74.0,79.0,77.0,77.0,78.0,80.0,high,high,high,medium,medium,medium,medium,medium,high,2026-08-26
hitter,TOR,KC,Jesús Sánchez,660821,5.0,LF,Confirmed,3.1,,,,,1.04,0.12,,,,,1.0091749192499342,1.0698085740634355,0.11618655338649972,0.12110857400483427,0.5846774193548387,0.5091233911691789,0.0242200114348168,0.021807830844282162,,,0.54,0.27,0.23,1.09,0.02,0.73,0.11,0.01,0.0,0.219,0.7899761336515513,0.6865863470498328,0.113,,0.009,,0.0,,False,82.0,86.0,82.0,74.0,79.0,77.0,77.0,78.0,80.0,high,high,high,medium,medium,medium,medium,medium,high,2026-08-26
hitter,TOR,KC,Kazuma Okamoto,672960,6.0,3B,Confirmed,3.74,,,,,0.94,0.24,,,,,0.9018954954514103,0.9723027876137542,0.22618682935573403,0.2602288234222789,0.4125159642401022,0.43011346850014165,0.13424556334644364,0.15843880218789047,,,0.42,0.27,0.28,0.97,0.15,1.0,0.08,0.01,0.0,0.205,0.9875776397515532,1.007462305385793,0.084,,0.008,,0.0,,False,82.0,86.0,82.0,74.0,79.0,77.0,77.0,78.0,80.0,high,high,high,medium,medium,medium,medium,medium,high,2026-08-26
hitter,TOR,KC,Nathan Lukes,664770,7.0,RF,Confirmed,3.49,,,,,0.43,0.19,,,,,0.42555797588192457,0.428353677626575,0.19184937321082657,0.19329950710975083,0.4125159642401022,0.45906995510306353,0.0692591916487594,0.05113773999373813,,,0.44,0.21,0.19,0.81,0.06,0.7,0.1,0.01,0.0,0.18,0.6720588235294118,0.7261089267571904,0.104,,0.008,,0.0,,False,82.0,86.0,82.0,74.0,79.0,77.0,77.0,78.0,80.0,high,high,high,medium,medium,medium,medium,medium,high,2026-08-26
hitter,TOR,KC,Ernie Clement,676391,8.0,2B,Confirmed,3.33,,,,,0.33,0.15,,,,,0.33508923649139966,0.32882192538467697,0.13335208774384183,0.16401448334376284,0.4125159642401022,0.4041789640594139,0.05945241559265097,0.053917806467487894,,,0.41,0.2,0.18,0.8,0.06,0.73,0.12,0.01,0.0,0.178,0.6720588235294118,0.7686028448932909,0.117,,0.008,,0.0,,False,82.0,86.0,82.0,74.0,79.0,77.0,77.0,78.0,80.0,high,high,high,medium,medium,medium,medium,medium,high,2026-08-26
hitter,TOR,KC,Andrés Giménez,665926,9.0,SS,Confirmed,3.1,,,,,0.54,0.17,,,,,0.5549362507018375,0.517996171955685,0.17608251682018322,0.16332190098541596,0.35424354243542433,0.41443888303826404,0.054509998572372265,0.053972534078862766,,,0.39,0.18,0.15,0.69,0.05,0.67,0.09,0.01,0.0,0.174,0.6720588235294118,0.6726952003899334,0.09,,0.009,,0.0,,False,82.0,86.0,82.0,74.0,79.0,77.0,77.0,78.0,80.0,high,high,high,medium,medium,medium,medium,medium,high,2026-08-26
hitter,KC,TOR,Carter Jensen,695600,1.0,C,Confirmed,4.26,,,,,1.13,0.1,,,,,1.0795312144186442,1.187933883798292,0.10051915105054143,0.10792108441892694,0.707983193277311,0.8377402227851515,0.03423408736583271,0.05501854851344542,,,0.78,0.55,0.43,1.87,0.04,1.16,0.17,0.01,0.0,0.324,1.1238670694864048,1.186134382551701,0.171,,0.012,,0.0,,False,96.0,99.0,96.0,88.0,93.0,91.0,91.0,92.0,94.0,high,high,high,high,high,high,high,high,high,2026-08-26
hitter,KC,TOR,Bobby Witt Jr.,677951,2.0,SS,Confirmed,3.49,,,,,0.54,0.21,,,,,0.5835210345993146,0.487599005717545,0.2511387809721852,0.1689880499917284,1.4947368421052631,1.0645551885910787,0.3110669811638068,0.31133199687785895,,,1.26,0.56,0.43,1.88,0.31,2.35,0.17,0.01,0.0,0.41,2.552380952380952,2.184117418554698,0.168,,0.011,,0.0,,False,96.0,99.0,96.0,88.0,93.0,91.0,91.0,92.0,94.0,high,high,high,high,high,high,high,high,high,2026-08-26
hitter,KC,TOR,Jac Caglianone,695506,3.0,RF,Confirmed,4.51,,,,,0.84,0.27,,,,,0.8011137155981565,0.8826279849450034,0.2904426995969339,0.24328400627619817,1.4947368421052631,1.255735651068199,0.37294101864658125,0.32970410739004896,,,1.36,0.6,0.52,2.12,0.35,2.7,0.17,0.01,0.0,0.336,2.6,2.7751670086620703,0.172,,0.013,,0.0,,False,96.0,99.0,96.0,88.0,93.0,91.0,91.0,92.0,94.0,high,high,high,high,high,high,high,high,high,2026-08-26
hitter,KC,TOR,Salvador Perez,521692,4.0,DH,Confirmed,4.48,,,,,0.65,0.17,,,,,0.6630007287206598,0.6423559906050001,0.17885784053458506,0.15554923507340668,1.607843137254902,1.4555960963530954,0.4783554855809407,0.407617629804524,,,1.52,0.65,0.61,2.36,0.44,2.82,0.2,0.01,0.0,0.353,2.775,2.8631835013458953,0.205,,0.008,,0.0,,False,96.0,99.0,96.0,88.0,93.0,91.0,91.0,92.0,94.0,high,high,high,high,high,high,high,high,high,2026-08-26
hitter,KC,TOR,Vinnie Pasquantino,686469,5.0,1B,Confirmed,4.51,,,,,0.72,0.43,,,,,0.723769561918898,0.7138344794707117,0.45802055202770764,0.4021774581100409,1.0980834272829765,1.0849587329764712,0.2027258669178313,0.18853821493995446,,,1.09,0.68,0.58,2.36,0.2,1.89,0.21,0.01,0.0,0.384,1.914285714285714,1.8611506311466246,0.214,,0.01,,0.0,,False,96.0,99.0,96.0,88.0,93.0,91.0,91.0,92.0,94.0,high,high,high,high,high,high,high,high,high,2026-08-26
hitter,KC,TOR,Nick Loftin,679845,6.0,3B,Confirmed,4.18,,,,,0.4,0.25,,,,,0.4023212786482879,0.3914295523423314,0.25222130321920705,0.24432724799798441,1.4947368421052631,1.1780374901978132,0.13607250341125116,0.12285531460665876,,,1.32,0.46,0.43,1.88,0.13,1.77,0.17,0.01,0.0,0.321,1.914285714285714,1.6580575266160809,0.166,,0.008,,0.0,,False,96.0,99.0,96.0,88.0,93.0,91.0,91.0,92.0,94.0,high,high,high,high,high,high,high,high,high,2026-08-26
hitter,KC,TOR,John Rave,670231,7.0,LF,Confirmed,3.81,,,,,1.04,0.15,,,,,0.9576298383939085,1.122466975289929,0.1332803248181083,0.1572407629610025,0.7061469265367316,0.6634409224176803,0.27052332059383116,0.2231793577932207,,,0.68,0.48,0.42,1.77,0.25,1.28,0.15,0.01,0.0,0.362,1.3148148148148149,1.2443824616303483,0.154,,0.01,,0.0,,False,96.0,99.0,96.0,88.0,93.0,91.0,91.0,92.0,94.0,high,high,high,high,high,high,high,high,high,2026-08-26
hitter,KC,TOR,Tyler Tolbert,686475,8.0,2B,Confirmed,3.48,,,,,0.57,0.14,,,,,0.5221818183784693,0.6171824451417942,0.1654335815370931,0.11877453729563724,1.0980834272829765,0.9485227334042963,0.09446128569780451,0.09577513796045628,,,1.02,0.35,0.29,1.41,0.1,1.47,0.13,0.01,0.0,0.289,1.684375,1.2987950047341892,0.125,,0.007,,0.0,,False,96.0,99.0,96.0,88.0,93.0,91.0,91.0,92.0,94.0,high,high,high,high,high,high,high,high,high,2026-08-26
hitter,KC,TOR,Kyle Isbel,664728,9.0,CF,Confirmed,3.93,,,,,0.6,0.26,,,,,0.5822300241055681,0.6251644071531459,0.27182166269203634,0.24727079944677105,0.7061469265367316,0.7502768329437313,0.05564198521247815,0.05960585256538184,,,0.73,0.39,0.32,1.59,0.06,1.1,0.15,0.01,0.0,0.289,1.1238670694864048,1.0863841725334644,0.153,,0.011,,0.0,,False,96.0,99.0,96.0,88.0,93.0,91.0,91.0,92.0,94.0,high,high,high,high,high,high,high,high,high,2026-08-26
hitter,NYM,MIL,A.J. Ewing,805999,1.0,CF,Confirmed,3.96,,,,,1.01,0.44,,,,,0.9562971250684403,1.0724887801812402,0.4711156081698248,0.40983702668569183,0.6506024096385542,0.5810932539787543,0.11852290969630438,0.13395902691833408,,,0.61,0.37,0.28,1.42,0.13,1.1,0.14,0.01,0.0,0.235,1.1238670694864048,1.077478485589254,0.141,,0.011,,0.0,,False,96.0,99.0,96.0,88.0,93.0,91.0,91.0,92.0,94.0,high,high,high,high,high,high,high,high,high,2026-08-26
hitter,NYM,MIL,Francisco Lindor,596019,2.0,SS,Confirmed,4.14,,,,,0.89,0.43,,,,,0.8975661448571596,0.876905836230729,0.4362673195004536,0.4225069135054977,0.707983193277311,0.6885900492737548,0.14651007523585458,0.1504277636911359,,,0.7,0.41,0.31,1.6,0.15,1.31,0.16,0.01,0.0,0.244,1.3148148148148149,1.307752575725664,0.159,,0.01,,0.0,,False,96.0,99.0,96.0,88.0,93.0,91.0,91.0,92.0,94.0,high,high,high,high,high,high,high,high,high,2026-08-26
hitter,NYM,MIL,Bo Bichette,666182,3.0,3B,Confirmed,4.27,,,,,0.76,0.33,,,,,0.7936367215910345,0.732798843223689,0.3297026126540157,0.32855132383028113,0.8694581280788177,0.842406091407441,0.13021729927476663,0.13059998362352707,,,0.85,0.49,0.43,2.02,0.13,1.38,0.23,0.01,0.0,0.283,1.385818393793784,1.3741154211443087,0.225,,0.008,,0.0,,False,96.0,99.0,96.0,88.0,93.0,91.0,91.0,92.0,94.0,high,high,high,high,high,high,high,high,high,2026-08-26
hitter,NYM,MIL,Carson Benge,701807,4.0,RF,Confirmed,4.04,,,,,0.96,0.29,,,,,0.9640598183839036,0.9635787957082312,0.2856851826168135,0.2869099362200719,0.707983193277311,0.670800157947774,0.14023126414902218,0.15736394835649842,,,0.69,0.4,0.35,1.62,0.15,1.25,0.17,0.01,0.0,0.242,1.239368165249089,1.2649664256401816,0.171,,0.01,,0.0,,False,96.0,99.0,96.0,88.0,93.0,91.0,91.0,92.0,94.0,high,high,high,high,high,high,high,high,high,2026-08-26
hitter,NYM,MIL,Jared Young,676724,5.0,1B,Confirmed,3.02,,,,,0.9,0.19,,,,,0.8955109632962903,0.9048565478791303,0.20773657526261083,0.17573142712919954,0.4125159642401022,0.38356135697820537,0.12314749884411674,0.12513197134091672,,,0.4,0.27,0.24,1.1,0.12,0.88,0.12,0.01,0.0,0.223,0.9875776397515532,0.7843263687738087,0.119,,0.009,,0.0,,False,96.0,99.0,96.0,88.0,93.0,91.0,91.0,92.0,94.0,high,high,high,high,high,high,high,high,high,2026-08-26
hitter,NYM,MIL,Luis Robert Jr.,673357,6.0,DH,Confirmed,4.03,,,,,1.03,0.36,,,,,0.9446070659887028,1.112675273841726,0.36271532460117895,0.35844237658109,0.6434108527131783,0.6279748087182435,0.2350417266141135,0.23190601306115774,,,0.63,0.36,0.37,1.6,0.23,1.36,0.19,0.01,0.0,0.255,1.3148148148148149,1.4005941617813564,0.186,,0.008,,0.0,,False,96.0,99.0,96.0,88.0,93.0,91.0,91.0,92.0,94.0,high,high,high,high,high,high,high,high,high,2026-08-26
hitter,NYM,MIL,Brett Baty,683146,7.0,SS,Confirmed,3.33,,,,,0.96,0.31,,,,,0.9672223783347577,0.9593567081832524,0.3342809283659385,0.29117154740709844,0.4803149606299212,0.4344165146571148,0.12980178123472436,0.11907139810618617,,,0.46,0.27,0.23,1.14,0.12,0.85,0.12,0.01,0.0,0.226,0.8408408408408409,0.8498004365516861,0.119,,0.008,,0.0,,False,96.0,99.0,96.0,88.0,93.0,91.0,91.0,92.0,94.0,high,high,high,high,high,high,high,high,high,2026-08-26
hitter,NYM,MIL,Marcus Semien,543760,8.0,2B,Confirmed,3.96,,,,,0.73,0.27,,,,,0.7285179720185184,0.7336002422144166,0.28482226139827205,0.26139948555773296,0.801980198019802,0.7724459281118379,0.37309099499995213,0.373416995305743,,,0.79,0.36,0.31,1.55,0.37,1.98,0.15,0.01,0.0,0.258,1.914285714285714,2.029904621592397,0.15,,0.007,,0.0,,False,96.0,99.0,96.0,88.0,93.0,91.0,91.0,92.0,94.0,high,high,high,high,high,high,high,high,high,2026-08-26
hitter,NYM,MIL,Francisco Alvarez,682626,9.0,C,Confirmed,3.81,,,,,1.11,0.3,,,,,1.0597541701402364,1.1661768893609656,0.30317178836593983,0.2964854301626922,0.5846774193548387,0.553703281865103,0.14588541245263226,0.15299316967914922,,,0.57,0.29,0.26,1.26,0.15,1.13,0.14,0.01,0.0,0.217,1.1521739130434783,1.103345906515951,0.136,,0.008,,0.0,,False,96.0,99.0,96.0,88.0,93.0,91.0,91.0,92.0,94.0,high,high,high,high,high,high,high,high,high,2026-08-26
hitter,MIL,NYM,Sal Frelick,686217,1.0,LF,Confirmed,3.1,,,,,0.66,0.11,,,,,0.6187293326327835,0.6926485521787201,0.11991658451434403,0.09678946937467647,0.7715355805243446,0.6439261846864561,0.02341700972768278,0.021216555914718615,,,0.7,0.32,0.25,1.27,0.02,0.92,0.11,0.01,0.0,0.251,1.001763668430335,0.8540030630245644,0.108,,0.009,,0.0,,False,82.0,86.0,82.0,74.0,79.0,77.0,77.0,78.0,80.0,high,high,high,medium,medium,medium,medium,medium,high,2026-08-26
hitter,MIL,NYM,Garrett Mitchell,669003,2.0,CF,Confirmed,3.96,,,,,1.66,0.22,,,,,1.6051646230775665,1.7167111990804287,0.21928705069720492,0.21099072293900997,0.707983193277311,0.6784039609732073,0.0631835315551757,0.04887100093400477,,,0.69,0.36,0.27,1.34,0.06,1.05,0.15,0.01,0.0,0.228,1.1238670694864048,0.9945672283589228,0.152,,0.01,,0.0,,False,82.0,86.0,82.0,74.0,79.0,77.0,77.0,78.0,80.0,high,high,high,medium,medium,medium,medium,medium,high,2026-08-26
hitter,MIL,NYM,Brice Turang,668930,3.0,2B,Confirmed,4.25,,,,,1.62,0.26,,,,,1.615049019365839,1.615199478150713,0.24175576371494495,0.27994832293129734,0.8770949720670391,0.8702322845965654,0.045863324749936006,0.04661460327804422,,,0.87,0.41,0.35,1.64,0.05,1.24,0.16,0.01,0.0,0.245,1.239368165249089,1.2356944989489271,0.159,,0.009,,0.0,,False,82.0,86.0,82.0,74.0,79.0,77.0,77.0,78.0,80.0,high,high,high,medium,medium,medium,medium,medium,high,2026-08-26
hitter,MIL,NYM,Christian Yelich,592885,4.0,DH,Confirmed,4.18,,,,,1.69,0.21,,,,,1.6969683608802293,1.6750877944241562,0.20313413743516776,0.21794559132440602,0.8949771689497716,0.9013101012727045,0.045604675212660296,0.043645272384180686,,,0.9,0.41,0.36,1.64,0.04,1.25,0.18,0.01,0.0,0.246,1.239368165249089,1.2550070915264877,0.179,,0.008,,0.0,,False,82.0,86.0,82.0,74.0,79.0,77.0,77.0,78.0,80.0,high,high,high,medium,medium,medium,medium,medium,high,2026-08-26
hitter,MIL,NYM,William Contreras,661388,5.0,C,Confirmed,4.25,,,,,1.12,0.23,,,,,1.078321514925561,1.1596088058064211,0.2147461470765895,0.2411295920659511,1.0980834272829765,1.024457614798808,0.057145786571085884,0.06147475423280883,,,1.06,0.51,0.44,2.05,0.06,1.4,0.19,0.01,0.0,0.295,1.3893129770992367,1.4093815232846343,0.194,,0.008,,0.0,,False,82.0,86.0,82.0,74.0,79.0,77.0,77.0,78.0,80.0,high,high,high,medium,medium,medium,medium,medium,high,2026-08-26
hitter,MIL,NYM,Luis Lara,800325,6.0,RF,Confirmed,1.84,,,,,0.66,0.11,,,,,0.6950834090377682,0.6204743070247517,0.13573115530310637,0.08294052128034908,0.35424354243542433,0.2555396292601727,0.04090868154063802,0.026702031236891296,,,0.3,0.16,0.15,0.65,0.03,0.41,0.08,0.01,0.0,0.252,0.4591194968553459,0.361576553467566,0.08,,0.006,,0.0,,False,82.0,86.0,82.0,74.0,79.0,77.0,77.0,78.0,80.0,high,high,high,medium,medium,medium,medium,medium,high,2026-08-26
hitter,MIL,NYM,Andrew Vaughn,683734,7.0,1B,Confirmed,2.55,,,,,0.42,0.06,,,,,0.438224528665177,0.39432576560053706,0.08851477805419901,0.041243692402685425,0.4125159642401022,0.4414347861767498,0.08811009212424575,0.06388039308470103,,,0.43,0.2,0.19,0.8,0.08,0.76,0.12,0.01,0.0,0.223,0.8408408408408409,0.7003978029405568,0.12,,0.008,,0.0,,False,82.0,86.0,82.0,74.0,79.0,77.0,77.0,78.0,80.0,high,high,high,medium,medium,medium,medium,medium,high,2026-08-26
hitter,MIL,NYM,David Hamilton,666152,8.0,3B,Confirmed,2.77,,,,,1.12,0.1,,,,,1.1737000169244385,1.0732833736541465,0.10457757556679678,0.08837773762896851,0.5846774193548387,0.4863688178668526,0.02054589079623835,0.01930136833712805,,,0.53,0.21,0.18,0.93,0.02,0.62,0.13,0.01,0.0,0.221,0.6720588235294118,0.5852526107205134,0.126,,0.008,,0.0,,False,82.0,86.0,82.0,74.0,79.0,77.0,77.0,78.0,80.0,high,high,high,medium,medium,medium,medium,medium,high,2026-08-26
hitter,MIL,NYM,Cooper Pratt,806198,9.0,SS,Confirmed,3.1,,,,,0.9,0.14,,,,,0.8915022230567233,0.914921233878469,0.15647387134916121,0.128124863591286,0.7061469265367316,0.5770972915363277,0.02819637719057822,0.020840803617658457,,,0.64,0.29,0.25,1.24,0.02,0.78,0.14,0.01,0.0,0.264,0.8408408408408409,0.7255286474591955,0.139,,0.007,,0.0,,False,82.0,86.0,82.0,74.0,79.0,77.0,77.0,78.0,80.0,high,high,high,medium,medium,medium,medium,medium,high,2026-08-26
hitter,ATL,LAD,Drake Baldwin,686948,1.0,C,Confirmed,4.61,,,,,0.99,0.26,,,,,0.944814564553237,1.0356182097858144,0.2698037351392626,0.2517012241612021,1.0980834272829765,1.0719207061266873,0.14515320694387165,0.16503718837819337,,,1.08,0.74,0.63,2.51,0.16,1.82,0.23,0.01,0.0,0.393,1.914285714285714,1.742425993034153,0.233,,0.009,,0.0,,False,96.0,99.0,96.0,88.0,93.0,91.0,91.0,92.0,94.0,high,high,high,high,high,high,high,high,high,2026-08-26
hitter,ATL,LAD,Ronald Acuña Jr.,660670,2.0,RF,Confirmed,4.97,,,,,1.12,0.86,,,,,1.107178985832288,1.1283105712092085,0.8783329467921153,0.8402408083047083,1.0980834272829765,1.1871326832357225,0.38005249685606796,0.49902806078099865,,,1.15,0.97,0.77,3.24,0.44,2.77,0.22,0.01,0.0,0.482,2.552380952380952,2.9548737609861733,0.218,,0.008,,0.0,,False,96.0,99.0,96.0,88.0,93.0,91.0,91.0,92.0,94.0,high,high,high,high,high,high,high,high,high,2026-08-26
hitter,ATL,LAD,Matt Olson,621566,3.0,1B,Confirmed,4.93,,,,,1.35,0.37,,,,,1.3181298085271507,1.390421713104514,0.3488377935391379,0.3931762210285389,0.994208494208494,1.0694922096728452,0.19187586675171217,0.226448795791508,,,1.04,0.92,0.87,3.28,0.21,1.94,0.18,0.01,0.0,0.449,1.914285714285714,1.9546462686379529,0.182,,0.009,,0.0,,False,96.0,99.0,96.0,88.0,93.0,91.0,91.0,92.0,94.0,high,high,high,high,high,high,high,high,high,2026-08-26
hitter,ATL,LAD,Mauricio Dubón,643289,4.0,SS,Confirmed,4.57,,,,,0.56,0.21,,,,,0.48904723649774606,0.6286207725896032,0.19433948491993921,0.22680482267153235,1.0980834272829765,1.1056654772731116,0.06735840381101443,0.09947985924520755,,,1.1,0.6,0.55,2.29,0.08,1.51,0.19,0.01,0.0,0.321,1.4759615384615385,1.5396909066217312,0.191,,0.009,,0.0,,False,96.0,99.0,96.0,88.0,93.0,91.0,91.0,92.0,94.0,high,high,high,high,high,high,high,high,high,2026-08-26
hitter,ATL,LAD,Michael Harris II,671739,5.0,CF,Confirmed,4.68,,,,,1.01,0.15,,,,,0.980567982706687,1.0295195885687318,0.14203306902098528,0.15870702176201087,1.0980834272829765,1.235873896722667,0.15997071153081496,0.18931227763631384,,,1.17,0.74,0.75,2.66,0.17,1.97,0.24,0.01,0.0,0.375,1.914285714285714,2.008888622255078,0.235,,0.008,,0.0,,False,96.0,99.0,96.0,88.0,93.0,91.0,91.0,92.0,94.0,high,high,high,high,high,high,high,high,high,2026-08-26
hitter,ATL,LAD,Ozzie Albies,645277,6.0,2B,Confirmed,4.74,,,,,0.65,0.28,,,,,0.6164268539145498,0.6797675959396673,0.2702995115782002,0.28440959476888844,1.0980834272829765,1.2089489985714716,0.1259456916079782,0.14813704627241375,,,1.16,0.61,0.65,2.43,0.14,1.74,0.19,0.01,0.0,0.356,1.684375,1.7830860392772814,0.188,,0.013,,0.0,,False,96.0,99.0,96.0,88.0,93.0,91.0,91.0,92.0,94.0,high,high,high,high,high,high,high,high,high,2026-08-26
hitter,ATL,LAD,Mike Yastrzemski,573262,7.0,LF,Confirmed,4.04,,,,,0.99,0.3,,,,,0.9151236717583694,1.0604770732811066,0.2559181682779085,0.3352694498265758,0.801980198019802,0.8187499455798962,0.1473808265394887,0.12437789010770063,,,0.81,0.59,0.57,2.15,0.14,1.36,0.15,0.01,0.0,0.397,1.3148148148148149,1.393445089693821,0.15,,0.007,,0.0,,False,96.0,99.0,96.0,88.0,93.0,91.0,91.0,92.0,94.0,high,high,high,high,high,high,high,high,high,2026-08-26
hitter,ATL,LAD,Austin Riley,663586,8.0,3B,Confirmed,4.58,,,,,1.36,0.26,,,,,1.2655436167945615,1.4533271675860386,0.22989358462897463,0.29000553554957215,1.0,1.0342968685276768,0.18371060243703702,0.21272843472897837,,,1.02,0.75,0.77,2.69,0.2,1.94,0.19,0.01,0.0,0.442,1.914285714285714,1.9670468290107468,0.187,,0.008,,0.0,,False,96.0,99.0,96.0,88.0,93.0,91.0,91.0,92.0,94.0,high,high,high,high,high,high,high,high,high,2026-08-26
hitter,ATL,LAD,Sean Murphy,669221,9.0,C,Confirmed,2.55,,,,,0.83,0.06,,,,,0.8300512280129524,0.8264030768741453,0.06303508341253186,0.05346538986950202,0.35424354243542433,0.32150377225002147,0.09859789475579606,0.09554499999952662,,,0.34,0.38,0.38,1.4,0.1,0.67,0.12,0.01,0.0,0.413,0.6720588235294118,0.6751784003002294,0.116,,0.007,,0.0,,False,96.0,99.0,96.0,88.0,93.0,91.0,91.0,92.0,94.0,high,high,high,high,high,high,high,high,high,2026-08-26
hitter,LAD,ATL,Shohei Ohtani,660271,1.0,DH,Confirmed,4.97,,,,,0.87,0.35,,,,,0.8151739173514024,0.915216996887307,0.3462045827884118,0.3482238772998306,1.607843137254902,1.5751965177618816,0.4276130616874984,0.36475671176499647,,,1.59,0.79,0.56,2.84,0.4,3.17,0.36,0.02,0.0,0.418,3.5,2.9040440254938784,0.362,,0.018,,0.0,,False,96.0,99.0,96.0,88.0,93.0,91.0,91.0,92.0,94.0,high,high,high,high,high,high,high,high,high,2026-08-26
hitter,LAD,ATL,Freddie Freeman,518692,2.0,1B,Confirmed,4.93,,,,,0.57,0.22,,,,,0.5440404496637073,0.5954794340147106,0.21020698013055095,0.2307426052819865,1.607843137254902,1.5587618653056663,0.18306604889076816,0.1873767736398716,,,1.58,0.72,0.53,2.74,0.19,2.43,0.27,0.02,0.0,0.37,2.456692913385827,2.413114271832042,0.266,,0.019,,0.0,,False,96.0,99.0,96.0,88.0,93.0,91.0,91.0,92.0,94.0,high,high,high,high,high,high,high,high,high,2026-08-26
hitter,LAD,ATL,Mookie Betts,605141,3.0,SS,Confirmed,4.74,,,,,0.32,0.17,,,,,0.33864527567184877,0.3089151594384946,0.17098411122524748,0.1754902712946282,1.607843137254902,1.4544446088941791,0.17812022391975416,0.17334096687474881,,,1.52,0.71,0.6,2.8,0.18,2.09,0.18,0.01,0.0,0.366,2.057017543859649,2.1106747182731174,0.177,,0.012,,0.0,,False,96.0,99.0,96.0,88.0,93.0,91.0,91.0,92.0,94.0,high,high,high,high,high,high,high,high,high,2026-08-26
hitter,LAD,ATL,Max Muncy,571970,4.0,3B,Confirmed,4.45,,,,,0.75,0.27,,,,,0.6790545416439528,0.816485407876163,0.25724264755919185,0.27955291509135655,1.1391752577319587,1.2433880120853935,0.23287673640107565,0.2119627377306751,,,1.2,0.57,0.45,2.13,0.22,2.08,0.24,0.01,0.0,0.337,2.057017543859649,2.09065461130137,0.244,,0.009,,0.0,,False,96.0,99.0,96.0,88.0,93.0,91.0,91.0,92.0,94.0,high,high,high,high,high,high,high,high,high,2026-08-26
hitter,LAD,ATL,Tommy Edman,669242,5.0,2B,Confirmed,4.08,,,,,0.51,0.11,,,,,0.5057419527572579,0.5156679771567435,0.12942774775073973,0.09785283167579258,1.4947368421052631,1.1650288901982557,0.11458180031804296,0.11739859509361156,,,1.31,0.51,0.43,2.04,0.12,1.92,0.23,0.01,0.0,0.318,2.057017543859649,1.8021809809291862,0.234,,0.008,,0.0,,False,96.0,99.0,96.0,88.0,93.0,91.0,91.0,92.0,94.0,high,high,high,high,high,high,high,high,high,2026-08-26
hitter,LAD,ATL,Kyle Tucker,663656,6.0,RF,Confirmed,4.68,,,,,0.53,0.23,,,,,0.5424676118140322,0.5247702455833251,0.229269603340557,0.23235938874366813,1.5,1.3550767550182328,0.14092397986288108,0.14921980398771253,,,1.42,0.51,0.45,2.11,0.15,2.04,0.28,0.01,0.0,0.331,2.057017543859649,2.024069730165348,0.276,,0.008,,0.0,,False,96.0,99.0,96.0,88.0,93.0,91.0,91.0,92.0,94.0,high,high,high,high,high,high,high,high,high,2026-08-26
hitter,LAD,ATL,Alek Thomas,677950,7.0,CF,Confirmed,3.49,,,,,0.77,0.15,,,,,0.7230177684045692,0.8235707349198537,0.16716938777662105,0.13686643294879078,0.5290322580645161,0.5850300824443034,0.09357472786780274,0.07612971604681587,,,0.56,0.4,0.35,1.76,0.08,0.93,0.19,0.01,0.0,0.326,0.9875776397515532,0.8893188997056108,0.189,,0.014,,0.0,,False,96.0,99.0,96.0,88.0,93.0,91.0,91.0,92.0,94.0,high,high,high,high,high,high,high,high,high,2026-08-26
hitter,LAD,ATL,Teoscar Hernández,606192,8.0,LF,Confirmed,4.58,,,,,0.77,0.13,,,,,0.6930731675147362,0.8516818633825117,0.1457528935062955,0.11959985764047869,1.607843137254902,1.5163560891569086,0.19701632946939093,0.20796368194014697,,,1.56,0.49,0.42,2.08,0.2,2.38,0.32,0.01,0.0,0.317,2.456692913385827,2.3123495136495755,0.319,,0.008,,0.0,,False,96.0,99.0,96.0,88.0,93.0,91.0,91.0,92.0,94.0,high,high,high,high,high,high,high,high,high,2026-08-26
hitter,LAD,ATL,Hunter Feduccia,676439,9.0,C,Confirmed,3.1,,,,,0.95,0.18,,,,,0.8841311682065934,1.016492761565039,0.1945471941428427,0.15660960613317168,0.3344051446945337,0.2882849718173472,0.021604631358988935,0.013111557137290624,,,0.31,0.33,0.27,1.37,0.02,0.46,0.17,0.01,0.0,0.313,0.4591194968553459,0.45603646423429367,0.173,,0.009,,0.0,,False,96.0,99.0,96.0,88.0,93.0,91.0,91.0,92.0,94.0,high,high,high,high,high,high,high,high,high,2026-08-26
hitter,CWS,TEX,Miguel Vargas,678246,1.0,3B,Confirmed,4.51,,,,,0.49,0.37,,,,,0.49846534815614196,0.47283943699062925,0.36068400404955014,0.38703438536250867,1.0980834272829765,1.13841218887801,0.42706922170478856,0.4872618226618917,,,1.12,0.59,0.47,2.16,0.46,2.6,0.18,0.01,0.0,0.323,2.456692913385827,2.719242380971335,0.181,,0.009,,0.0,,False,96.0,99.0,96.0,88.0,93.0,91.0,91.0,92.0,94.0,high,high,high,high,high,high,high,high,high,2026-08-26
hitter,CWS,TEX,Munetaka Murakami,808959,2.0,1B,Confirmed,4.26,,,,,0.69,0.42,,,,,0.5232427968141334,0.8476059460574928,0.4026593402657148,0.4383935153503267,0.801980198019802,0.7886127063936089,0.05101083874311478,0.08437293828404469,,,0.79,0.59,0.46,2.04,0.07,1.16,0.15,0.01,0.0,0.346,1.1521739130434783,1.1582463080778955,0.15,,0.01,,0.0,,False,96.0,99.0,96.0,88.0,93.0,91.0,91.0,92.0,94.0,high,high,high,high,high,high,high,high,high,2026-08-26
hitter,CWS,TEX,Randal Grichuk,545341,3.0,DH,Confirmed,3.48,,,,,0.54,0.16,,,,,0.4375798168511753,0.6505888463562572,0.17251610840087922,0.15210249209161714,0.801980198019802,0.7742697325490406,0.3897178429566611,0.32814665851661606,,,0.79,0.41,0.39,1.6,0.36,1.61,0.12,0.01,0.0,0.285,1.684375,1.5509224266369137,0.123,,0.008,,0.0,,False,96.0,99.0,96.0,88.0,93.0,91.0,91.0,92.0,94.0,high,high,high,high,high,high,high,high,high,2026-08-26
hitter,CWS,TEX,Chase Meidroth,805367,4.0,2B,Confirmed,4.18,,,,,0.49,0.24,,,,,0.4949572957957564,0.4897980385096644,0.24529685789465466,0.23584499795970187,1.0980834272829765,1.0168191238463162,0.1665864323621297,0.16375861274275078,,,1.05,0.52,0.46,2.08,0.17,1.79,0.16,0.01,0.0,0.302,1.914285714285714,1.6970114442331459,0.159,,0.011,,0.0,,False,96.0,99.0,96.0,88.0,93.0,91.0,91.0,92.0,94.0,high,high,high,high,high,high,high,high,high,2026-08-26
hitter,CWS,TEX,Braden Montgomery,695731,5.0,RF,Confirmed,4.04,,,,,0.59,0.27,,,,,0.5235294482419204,0.6564123073523956,0.27783547239992823,0.2595635168156988,1.0980834272829765,0.9507615773237449,0.2932486499795926,0.292222895372205,,,1.02,0.55,0.5,2.15,0.29,2.02,0.19,0.01,0.0,0.331,2.057017543859649,1.9910769874769312,0.193,,0.009,,0.0,,False,96.0,99.0,96.0,88.0,93.0,91.0,91.0,92.0,94.0,high,high,high,high,high,high,high,high,high,2026-08-26
hitter,CWS,TEX,Brenton Doyle,686668,6.0,CF,Confirmed,3.74,,,,,1.07,0.5,,,,,1.0831603128978937,1.063005108894287,0.48916710411901354,0.5043816965757238,0.8949771689497716,0.8682936060507126,0.059487996852614064,0.06622229269233527,,,0.88,0.4,0.43,1.71,0.06,1.31,0.18,0.01,0.0,0.301,1.3148148148148149,1.2987419737594543,0.176,,0.012,,0.0,,False,96.0,99.0,96.0,88.0,93.0,91.0,91.0,92.0,94.0,high,high,high,high,high,high,high,high,high,2026-08-26
hitter,CWS,TEX,Jake Rogers,668670,7.0,C,Confirmed,3.1,,,,,0.87,0.19,,,,,0.8825849897013981,0.86591212552701,0.21709056944980468,0.17127539492418398,0.707983193277311,0.5905452533481729,0.10813481945990641,0.08924733435639548,,,0.64,0.33,0.3,1.33,0.1,1.1,0.16,0.01,0.0,0.299,1.239368165249089,0.9778001814465462,0.159,,0.009,,0.0,,False,96.0,99.0,96.0,88.0,93.0,91.0,91.0,92.0,94.0,high,high,high,high,high,high,high,high,high,2026-08-26
hitter,CWS,TEX,Tristan Peters,671976,8.0,LF,Confirmed,3.49,,,,,0.39,0.18,,,,,0.39894096898020115,0.39080006712634346,0.19193976859430797,0.1612948338467319,0.8770949720670391,0.7222772506864471,0.13258837105347532,0.16700880740269777,,,0.79,0.36,0.32,1.55,0.15,1.3,0.15,0.01,0.0,0.289,1.3893129770992367,1.2320424184017271,0.153,,0.01,,0.0,,False,96.0,99.0,96.0,88.0,93.0,91.0,91.0,92.0,94.0,high,high,high,high,high,high,high,high,high,2026-08-26
hitter,CWS,TEX,Luisangel Acuña,682668,9.0,SS,Confirmed,1.84,,,,,0.41,0.11,,,,,0.4540699543791199,0.37102989266485625,0.1375936651988361,0.08950684185692588,0.3344051446945337,0.24111451803912198,0.013874353997469651,0.008742548952669904,,,0.28,0.16,0.14,0.65,0.01,0.38,0.08,0.01,0.0,0.244,0.44025157232704404,0.3300986474034869,0.082,,0.008,,0.0,,False,96.0,99.0,96.0,88.0,93.0,91.0,91.0,92.0,94.0,high,high,high,high,high,high,high,high,high,2026-08-26
hitter,TEX,CWS,Joc Pederson,592626,1.0,1B,Confirmed,3.96,,,,,0.82,0.35,,,,,0.7230152294193807,0.919420732693563,0.3327947764556184,0.3603185441917052,0.6434108527131783,0.5991242093799478,0.12695199183152017,0.1354896964758047,,,0.62,0.43,0.36,1.57,0.13,1.25,0.16,0.01,0.0,0.264,1.239368165249089,1.26766939092943,0.165,,0.01,,0.0,,False,96.0,99.0,96.0,88.0,93.0,91.0,91.0,92.0,94.0,high,high,high,high,high,high,high,high,high,2026-08-26
hitter,TEX,CWS,Corey Seager,608369,2.0,DH,Confirmed,4.26,,,,,0.91,0.8,,,,,0.9412900087891257,0.873673656835199,0.8608396298259803,0.734991707063264,0.8949771689497716,0.8650929933314327,0.18216259717268551,0.1767314546276114,,,0.88,0.58,0.48,2.16,0.18,1.63,0.25,0.01,0.0,0.329,1.684375,1.5884739871936076,0.247,,0.01,,0.0,,False,96.0,99.0,96.0,88.0,93.0,91.0,91.0,92.0,94.0,high,high,high,high,high,high,high,high,high,2026-08-26
hitter,TEX,CWS,Wyatt Langford,694671,3.0,LF,Confirmed,4.26,,,,,1.21,0.37,,,,,1.2623324352773468,1.1526477016109518,0.36683283284699897,0.3632743954018626,1.0980834272829765,1.0494185141618626,0.19055021369720362,0.17462781271778857,,,1.07,0.49,0.47,1.86,0.18,1.94,0.17,0.01,0.0,0.279,2.057017543859649,1.8430186385869134,0.167,,0.009,,0.0,,False,96.0,99.0,96.0,88.0,93.0,91.0,91.0,92.0,94.0,high,high,high,high,high,high,high,high,high,2026-08-26
hitter,TEX,CWS,Brandon Nimmo,607043,4.0,RF,Confirmed,4.14,,,,,0.71,0.3,,,,,0.6315414962165992,0.7862485176698764,0.30354517339995535,0.28808345341683395,0.801980198019802,0.8166655790797294,0.1265836812024417,0.12400945006505805,,,0.81,0.5,0.47,1.97,0.13,1.4,0.23,0.01,0.0,0.293,1.3893129770992367,1.4178023477641117,0.229,,0.014,,0.0,,False,96.0,99.0,96.0,88.0,93.0,91.0,91.0,92.0,94.0,high,high,high,high,high,high,high,high,high,2026-08-26
hitter,TEX,CWS,Ezequiel Duran,677649,5.0,CF,Confirmed,3.74,,,,,0.63,0.18,,,,,0.5586870300462482,0.71085060572312,0.18536059772375657,0.17324742615227,0.7061469265367316,0.6161500895697857,0.04932949906380797,0.059169699796723804,,,0.66,0.39,0.36,1.63,0.05,1.0,0.16,0.01,0.0,0.255,1.001763668430335,0.9976061697938657,0.156,,0.012,,0.0,,False,96.0,99.0,96.0,88.0,93.0,91.0,91.0,92.0,94.0,high,high,high,high,high,high,high,high,high,2026-08-26
hitter,TEX,CWS,Evan Carter,694497,6.0,CF,Confirmed,3.1,,,,,0.67,0.23,,,,,0.6376609583180349,0.6994115299771035,0.2511497161349867,0.21320964666739023,0.5290322580645161,0.4815595144587206,0.07042185316061025,0.06381720064638849,,,0.5,0.3,0.32,1.33,0.07,0.84,0.15,0.01,0.0,0.272,0.9875776397515532,0.7119723992544137,0.148,,0.01,,0.0,,False,96.0,99.0,96.0,88.0,93.0,91.0,91.0,92.0,94.0,high,high,high,high,high,high,high,high,high,2026-08-26
hitter,TEX,CWS,Justin Foscue,679822,7.0,2B,Confirmed,1.92,,,,,0.38,0.14,,,,,0.3440348112688921,0.4085648466412342,0.1657506865407548,0.1138420122814719,0.4125159642401022,0.3226632106405657,0.08529237326132694,0.04396605136063753,,,0.36,0.19,0.19,0.79,0.06,0.61,0.09,0.01,0.0,0.28,0.7899761336515513,0.47111000467828823,0.093,,0.007,,0.0,,False,96.0,99.0,96.0,88.0,93.0,91.0,91.0,92.0,94.0,high,high,high,high,high,high,high,high,high,2026-08-26
hitter,TEX,CWS,Elias Díaz,553869,8.0,C,Confirmed,3.33,,,,,0.66,0.16,,,,,0.6003145173826608,0.7142168359306698,0.17356289636084588,0.14918166775050487,0.6434108527131783,0.5771448543126473,0.09458115406617731,0.0874991751469683,,,0.61,0.35,0.33,1.48,0.09,0.96,0.15,0.01,0.0,0.283,1.001763668430335,0.9240673439260262,0.149,,0.01,,0.0,,False,96.0,99.0,96.0,88.0,93.0,91.0,91.0,92.0,94.0,high,high,high,high,high,high,high,high,high,2026-08-26
hitter,TEX,CWS,Cody Freeman,683227,9.0,3B,Confirmed,2.55,,,,,0.74,0.11,,,,,0.7607853635080936,0.7151542178304937,0.11806576037805488,0.10034290919958372,0.4125159642401022,0.33465838181944707,0.018219114089270697,0.011114662319975559,,,0.37,0.22,0.2,0.95,0.01,0.5,0.12,0.01,0.0,0.24,0.5302013422818792,0.47016473047816665,0.122,,0.008,,0.0,,False,96.0,99.0,96.0,88.0,93.0,91.0,91.0,92.0,94.0,high,high,high,high,high,high,high,high,high,2026-08-26
hitter,STL,BAL,JJ Wetherholt,802139,1.0,SS,Confirmed,4.25,,,,,0.43,0.38,,,,,0.4734475845500544,0.3912422118132271,0.39911987973751384,0.3614764975394971,0.994208494208494,0.8338781520249147,0.029302721321989945,0.02457743407823778,,,0.91,0.41,0.34,1.52,0.03,1.17,0.16,0.01,0.0,0.238,1.239368165249089,1.1105277405831238,0.164,,0.007,,0.0,,False,96.0,99.0,96.0,88.0,93.0,91.0,91.0,92.0,94.0,high,high,high,high,high,high,high,high,high,2026-08-26
hitter,STL,BAL,Iván Herrera,671056,2.0,DH,Confirmed,4.18,,,,,0.48,0.37,,,,,0.48927682423342045,0.473618932617971,0.3687627198292768,0.3741377607119133,0.994208494208494,0.8679463281568534,0.035719582592183274,0.029995849993231738,,,0.92,0.39,0.32,1.41,0.03,1.23,0.13,0.01,0.0,0.225,1.239368165249089,1.2162298738515807,0.129,,0.007,,0.0,,False,96.0,99.0,96.0,88.0,93.0,91.0,91.0,92.0,94.0,high,high,high,high,high,high,high,high,high,2026-08-26
hitter,STL,BAL,Alec Burleson,676475,3.0,1B,Confirmed,3.89,,,,,0.4,0.26,,,,,0.4446526361535955,0.34676208623190163,0.277043460487413,0.2529018652694967,0.8694581280788177,0.8033794627484592,0.03285745428563588,0.00659878826721362,,,0.83,0.38,0.37,1.46,0.02,1.13,0.16,0.01,0.0,0.24,1.239368165249089,1.044038872592271,0.16,,0.007,,0.0,,False,96.0,99.0,96.0,88.0,93.0,91.0,91.0,92.0,94.0,high,high,high,high,high,high,high,high,high,2026-08-26
hitter,STL,BAL,Jordan Walker,691023,4.0,RF,Confirmed,4.18,,,,,0.74,0.36,,,,,0.6823728048614944,0.8068358180170905,0.3613246897925838,0.36267611190842153,0.8949771689497716,0.8596684043923728,0.04164995723734786,0.03593102946380043,,,0.88,0.38,0.35,1.44,0.04,1.2,0.14,0.01,0.0,0.225,1.239368165249089,1.173433349932023,0.142,,0.009,,0.0,,False,96.0,99.0,96.0,88.0,93.0,91.0,91.0,92.0,94.0,high,high,high,high,high,high,high,high,high,2026-08-26
hitter,STL,BAL,Nathan Church,701675,5.0,CF,Confirmed,3.48,,,,,0.53,0.25,,,,,0.5306135342911148,0.5392030384942975,0.26707571373070726,0.22640455976197743,0.707983193277311,0.6332436602028848,0.02942427045984019,0.02031364112805227,,,0.67,0.32,0.29,1.26,0.02,0.96,0.11,0.01,0.0,0.227,1.001763668430335,0.9345618002958933,0.114,,0.007,,0.0,,False,96.0,99.0,96.0,88.0,93.0,91.0,91.0,92.0,94.0,high,high,high,high,high,high,high,high,high,2026-08-26
hitter,STL,BAL,José Fermín,665877,6.0,LF,Confirmed,3.81,,,,,0.34,0.27,,,,,0.3455750866335241,0.33296489316384753,0.26334130412246803,0.2714468946418959,0.707983193277311,0.7163735258352477,0.02762700575593454,0.034742190693074194,,,0.71,0.28,0.29,1.23,0.03,0.97,0.13,0.01,0.0,0.21,1.001763668430335,0.943024475747482,0.126,,0.007,,0.0,,False,96.0,99.0,96.0,88.0,93.0,91.0,91.0,92.0,94.0,high,high,high,high,high,high,high,high,high,2026-08-26
hitter,STL,BAL,Nolan Gorman,669357,7.0,3B,Confirmed,3.81,,,,,1.38,0.3,,,,,1.3848133346713682,1.3844228144197428,0.29066157946393734,0.3094556163394967,1.0,0.9199023397192807,0.3373406105089322,0.3342536501892202,,,0.96,0.29,0.26,1.14,0.34,2.01,0.1,0.01,0.0,0.212,2.057017543859649,1.971554298200553,0.102,,0.006,,0.0,,False,96.0,99.0,96.0,88.0,93.0,91.0,91.0,92.0,94.0,high,high,high,high,high,high,high,high,high,2026-08-26
hitter,STL,BAL,Bryan Torres,663494,8.0,LF,Confirmed,3.02,,,,,0.4,0.19,,,,,0.3841127876820495,0.40734569076789184,0.21055689062261715,0.16492878381016982,0.7061469265367316,0.5329851401579313,0.027637259444285033,0.008942572053630467,,,0.61,0.2,0.18,0.79,0.02,0.75,0.09,0.01,0.0,0.182,0.8408408408408409,0.674460085019989,0.087,,0.009,,0.0,,False,96.0,99.0,96.0,88.0,93.0,91.0,91.0,92.0,94.0,high,high,high,high,high,high,high,high,high,2026-08-26
hitter,STL,BAL,Jimmy Crooks,699625,9.0,C,Confirmed,3.02,,,,,0.77,0.29,,,,,0.8156553089431509,0.7242825885492874,0.3444579591267316,0.23908045096806288,0.8770949720670391,0.6661127716763585,0.09607088602505681,0.06972523021413841,,,0.76,0.2,0.19,0.8,0.08,1.14,0.09,0.01,0.0,0.188,1.3148148148148149,0.9941593301596825,0.087,,0.008,,0.0,,False,96.0,99.0,96.0,88.0,93.0,91.0,91.0,92.0,94.0,high,high,high,high,high,high,high,high,high,2026-08-26
hitter,BAL,STL,Jackson Holliday,702616,1.0,2B,Confirmed,3.1,,,,,0.71,0.26,,,,,0.7235147112805976,0.6865130151433837,0.2849556909890637,0.2376602869246776,0.7061469265367316,0.5846971314566877,0.02837913517901344,0.020201429673297883,,,0.64,0.27,0.21,0.89,0.02,0.89,0.09,0.01,0.0,0.222,0.9875776397515532,0.8088283627262801,0.095,,0.009,,0.0,,False,96.0,99.0,96.0,88.0,93.0,91.0,91.0,92.0,94.0,high,high,high,high,high,high,high,high,high,2026-08-26
hitter,BAL,STL,Pete Alonso,624413,2.0,DH,Confirmed,4.25,,,,,0.89,0.53,,,,,0.8541013843636847,0.9218135805871908,0.4955807610718457,0.5734809381004459,0.994208494208494,0.8709504294446097,0.07090594792138263,0.06830102988969815,,,0.93,0.51,0.42,1.64,0.07,1.41,0.1,0.01,0.0,0.293,1.4476190476190476,1.384299912501708,0.103,,0.008,,0.0,,False,96.0,99.0,96.0,88.0,93.0,91.0,91.0,92.0,94.0,high,high,high,high,high,high,high,high,high,2026-08-26
hitter,BAL,STL,Gunnar Henderson,683002,3.0,SS,Confirmed,4.04,,,,,0.71,0.4,,,,,0.6663744052899416,0.7507913363759433,0.4412508102216963,0.36146815729392495,0.994208494208494,0.8556866841170426,0.03943369526743038,0.034623300097903424,,,0.92,0.43,0.37,1.52,0.04,1.24,0.11,0.01,0.0,0.269,1.3148148148148149,1.182292536947142,0.106,,0.01,,0.0,,False,96.0,99.0,96.0,88.0,93.0,91.0,91.0,92.0,94.0,high,high,high,high,high,high,high,high,high,2026-08-26
hitter,BAL,STL,Samuel Basallo,694212,4.0,1B,Confirmed,3.48,,,,,0.79,0.28,,,,,0.7890185614315866,0.7910900771044489,0.2915089294816121,0.25932879118051777,0.707983193277311,0.6359331306514822,0.0370698272600717,0.0197978599872023,,,0.67,0.31,0.29,1.08,0.03,0.95,0.1,0.01,0.0,0.223,1.001763668430335,0.9007850406930105,0.098,,0.006,,0.0,,False,96.0,99.0,96.0,88.0,93.0,91.0,91.0,92.0,94.0,high,high,high,high,high,high,high,high,high,2026-08-26
hitter,BAL,STL,Christian Encarnacion-Strand,687952,5.0,1B,Confirmed,3.74,,,,,1.5,0.12,,,,,1.4947064532976118,1.4985852385245952,0.1170413505002412,0.12124904952071652,0.7061469265367316,0.7157434886909044,0.12954675513145028,0.16708438204134182,,,0.71,0.39,0.36,1.46,0.15,1.24,0.13,0.01,0.0,0.253,1.239368165249089,1.2355769262025031,0.134,,0.008,,0.0,,False,96.0,99.0,96.0,88.0,93.0,91.0,91.0,92.0,94.0,high,high,high,high,high,high,high,high,high,2026-08-26
hitter,BAL,STL,Dylan Beavers,687637,6.0,LF,Confirmed,3.33,,,,,0.76,0.36,,,,,0.768926873413688,0.7568623032762897,0.3777355875347651,0.3378063082766323,0.6666666666666666,0.5601305317580895,0.032471527070752515,0.02198566827183326,,,0.61,0.26,0.25,0.92,0.03,0.88,0.09,0.01,0.0,0.226,0.9875776397515532,0.7834653306859595,0.09,,0.008,,0.0,,False,96.0,99.0,96.0,88.0,93.0,91.0,91.0,92.0,94.0,high,high,high,high,high,high,high,high,high,2026-08-26
hitter,BAL,STL,Leody Taveras,665750,7.0,RF,Confirmed,3.74,,,,,0.81,0.26,,,,,0.8207896447914305,0.8090333858392935,0.2611220989297576,0.256898801871923,0.8888888888888888,0.8087410479778585,0.032314973505067526,0.04166175850504814,,,0.84,0.33,0.3,1.34,0.04,1.19,0.12,0.01,0.0,0.25,1.239368165249089,1.1552690831771326,0.119,,0.011,,0.0,,False,96.0,99.0,96.0,88.0,93.0,91.0,91.0,92.0,94.0,high,high,high,high,high,high,high,high,high,2026-08-26
hitter,BAL,STL,Colton Cowser,681297,8.0,CF,Confirmed,3.1,,,,,1.36,0.45,,,,,1.4416689569477583,1.2735063044299333,0.49767598536086877,0.4034372453814836,0.7715355805243446,0.5628545973982021,0.10100356983195141,0.08268735254686359,,,0.66,0.23,0.2,0.84,0.09,1.12,0.08,0.01,0.0,0.213,1.239368165249089,1.0268868453770508,0.08,,0.007,,0.0,,False,96.0,99.0,96.0,88.0,93.0,91.0,91.0,92.0,94.0,high,high,high,high,high,high,high,high,high,2026-08-26
hitter,BAL,STL,Carlos Narváez,665966,9.0,C,Confirmed,3.49,,,,,1.19,0.28,,,,,1.1864976448180498,1.186682981012643,0.2911751347409156,0.278458623771047,0.801980198019802,0.7111117130680464,0.24796937002247874,0.20433053741153104,,,0.75,0.31,0.29,1.13,0.23,1.49,0.09,0.01,0.0,0.253,1.5956790123456794,1.404648215498093,0.094,,0.007,,0.0,,False,96.0,99.0,96.0,88.0,93.0,91.0,91.0,92.0,94.0,high,high,high,high,high,high,high,high,high,2026-08-26
hitter,ATH,MIN,Henry Bolte,703607,1.0,CF,Confirmed,3.81,,,,,1.3,0.09,,,,,1.2033978919285744,1.4048917075807954,0.09917011548509351,0.08749374746192473,0.35424354243542433,0.44335417524015197,0.025200975798928233,0.011943158241205103,,,0.4,0.36,0.28,1.44,0.02,0.51,0.16,0.01,0.0,0.232,0.44025157232704404,0.563433699260077,0.16,,0.008,,0.0,,False,96.0,99.0,96.0,88.0,93.0,91.0,91.0,92.0,94.0,high,high,high,high,high,high,high,high,high,2026-08-26
hitter,ATH,MIN,Zack Gelof,680869,2.0,LF,Confirmed,3.81,,,,,1.5,0.09,,,,,1.431238044097651,1.5743046964965703,0.09220660234135336,0.09580817398652823,0.3344051446945337,0.43314122182157166,0.03287696878174812,0.04154765131176965,,,0.39,0.36,0.29,1.45,0.04,0.56,0.14,0.01,0.0,0.233,0.4591194968553459,0.6391080660197686,0.144,,0.009,,0.0,,False,96.0,99.0,96.0,88.0,93.0,91.0,91.0,92.0,94.0,high,high,high,high,high,high,high,high,high,2026-08-26
hitter,ATH,MIN,Lawrence Butler,671732,3.0,RF,Confirmed,3.33,,,,,1.3,0.12,,,,,1.2486215344114153,1.3593566485142878,0.1289941825273632,0.1157524544507681,0.3344051446945337,0.28536293331265383,0.027601913558351326,0.03645888958685504,,,0.31,0.33,0.29,1.32,0.03,0.46,0.14,0.01,0.0,0.246,0.44025157232704404,0.4769091328827846,0.138,,0.01,,0.0,,False,96.0,99.0,96.0,88.0,93.0,91.0,91.0,92.0,94.0,high,high,high,high,high,high,high,high,high,2026-08-26
hitter,ATH,MIN,Jonah Heim,641680,4.0,C,Confirmed,3.48,,,,,1.02,0.1,,,,,0.9663690888875166,1.0658386737651686,0.09602025876534573,0.11296222395709277,0.3344051446945337,0.3361084001977567,0.028835568518642444,0.03356524733136879,,,0.34,0.32,0.29,1.32,0.03,0.51,0.16,0.01,0.0,0.23,0.4591194968553459,0.5456454929521914,0.159,,0.01,,0.0,,False,96.0,99.0,96.0,88.0,93.0,91.0,91.0,92.0,94.0,high,high,high,high,high,high,high,high,high,2026-08-26
hitter,ATH,MIN,Tommy White,695720,5.0,1B,Confirmed,1.84,,,,,0.54,0.11,,,,,0.5167661629712988,0.5540894718912598,0.1396071112481467,0.07123152230853014,0.4125159642401022,0.23919221161102275,0.07916155608181519,0.06892152105883027,,,0.32,0.19,0.17,0.77,0.07,0.63,0.09,0.01,0.0,0.259,0.7899761336515513,0.5063838904826468,0.095,,0.008,,0.0,,False,96.0,99.0,96.0,88.0,93.0,91.0,91.0,92.0,94.0,high,high,high,high,high,high,high,high,high,2026-08-26
hitter,ATH,MIN,Michael Stefanic,683021,6.0,2B,Confirmed,2.26,,,,,0.4,0.09,,,,,0.3958799366995741,0.3989001275111036,0.10555884085544151,0.0714407283590864,0.35424354243542433,0.32187383305259293,0.044333592466569934,0.034968258697222664,,,0.34,0.16,0.16,0.74,0.04,0.59,0.1,0.01,0.0,0.206,0.6289308176100628,0.5511850132884416,0.096,,0.007,,0.0,,False,96.0,99.0,96.0,88.0,93.0,91.0,91.0,92.0,94.0,high,high,high,high,high,high,high,high,high,2026-08-26
hitter,ATH,MIN,Brian Serven,661531,7.0,DH,Confirmed,2.26,,,,,0.86,0.05,,,,,0.8556035114758587,0.8674962687480896,0.06892555611091218,0.028016774734051977,0.2543859649122807,0.16406315500746188,0.018057892824524125,0.0091747052686053,,,0.2,0.17,0.15,0.73,0.01,0.25,0.11,0.01,0.0,0.216,0.28125,0.2243751439097338,0.107,,0.008,,0.0,,False,96.0,99.0,96.0,88.0,93.0,91.0,91.0,92.0,94.0,high,high,high,high,high,high,high,high,high,2026-08-26
hitter,ATH,MIN,Alika Williams,675961,8.0,SS,Confirmed,3.1,,,,,0.93,0.08,,,,,0.9029471431165065,0.957436728979811,0.08017027011752316,0.07276332204961884,0.5290322580645161,0.48401182521597214,0.021085381332095365,0.016239642957353355,,,0.5,0.25,0.23,1.12,0.02,0.65,0.12,0.01,0.0,0.228,0.6720588235294118,0.6311683331212941,0.12,,0.008,,0.0,,False,96.0,99.0,96.0,88.0,93.0,91.0,91.0,92.0,94.0,high,high,high,high,high,high,high,high,high,2026-08-26
hitter,ATH,MIN,Darell Hernaiz,687231,9.0,3B,Confirmed,3.19,,,,,0.65,0.31,,,,,0.6686010318256675,0.6310681520792033,0.3292048640592028,0.29843034510839384,0.6434108527131783,0.5367575240682517,0.02048824736492947,0.014567753889671298,,,0.58,0.27,0.24,1.22,0.02,0.73,0.13,0.01,0.0,0.24,0.7899761336515513,0.6805657659430939,0.131,,0.008,,0.0,,False,96.0,99.0,96.0,88.0,93.0,91.0,91.0,92.0,94.0,high,high,high,high,high,high,high,high,high,2026-08-26
hitter,MIN,ATH,Luke Keaschall,807712,1.0,CF,Confirmed,4.14,,,,,0.77,0.42,,,,,0.7484444355752722,0.7827818009147445,0.42243882741883587,0.41909908388969774,1.0980834272829765,1.0525903227088027,0.0373414787261255,0.02644997959784782,,,1.07,0.42,0.27,1.33,0.03,1.44,0.12,0.01,0.0,0.271,1.4476190476190476,1.4270578128064493,0.121,,0.007,,0.0,,False,96.0,99.0,96.0,88.0,93.0,91.0,91.0,92.0,94.0,high,high,high,high,high,high,high,high,high,2026-08-26
hitter,MIN,ATH,Brooks Lee,686797,2.0,3B,Confirmed,4.26,,,,,0.94,0.38,,,,,0.898556539504582,0.9779637082730678,0.38714100495053017,0.3792989385484448,1.0980834272829765,1.0521916213369302,0.05780831142176728,0.06729033050931363,,,1.07,0.43,0.29,1.37,0.06,1.46,0.11,0.01,0.0,0.269,1.4759615384615385,1.4460173025625667,0.107,,0.008,,0.0,,False,96.0,99.0,96.0,88.0,93.0,91.0,91.0,92.0,94.0,high,high,high,high,high,high,high,high,high,2026-08-26
hitter,MIN,ATH,Josh Bell,605137,3.0,DH,Confirmed,4.26,,,,,1.06,0.37,,,,,1.0818641609591404,1.030895755319716,0.3852025229008552,0.3471372197851805,1.0980834272829765,1.0303388545568466,0.09688568461224101,0.07874809504513712,,,1.06,0.49,0.4,1.59,0.09,1.74,0.13,0.01,0.0,0.298,1.914285714285714,1.589871966238121,0.135,,0.008,,0.0,,False,96.0,99.0,96.0,88.0,93.0,91.0,91.0,92.0,94.0,high,high,high,high,high,high,high,high,high,2026-08-26
hitter,MIN,ATH,Ryan Jeffers,680777,4.0,C,Confirmed,3.96,,,,,0.9,0.18,,,,,0.9138320899929556,0.8834647193116975,0.19340237237477287,0.16967962759395722,0.994208494208494,0.8744716807057786,0.25819298353924486,0.26388182703082436,,,0.93,0.4,0.29,1.22,0.26,1.85,0.1,0.01,0.0,0.273,1.914285714285714,1.7913326859650514,0.1,,0.007,,0.0,,False,96.0,99.0,96.0,88.0,93.0,91.0,91.0,92.0,94.0,high,high,high,high,high,high,high,high,high,2026-08-26
hitter,MIN,ATH,Kody Clemens,665019,5.0,2B,Confirmed,4.25,,,,,1.28,0.31,,,,,1.2376339490587192,1.316025788211928,0.3166906225399625,0.2975919813357291,1.0980834272829765,0.9495720112542048,0.0812083752715935,0.06111190664037087,,,1.02,0.45,0.39,1.48,0.07,1.6,0.12,0.01,0.0,0.269,1.684375,1.526179184095472,0.125,,0.009,,0.0,,False,96.0,99.0,96.0,88.0,93.0,91.0,91.0,92.0,94.0,high,high,high,high,high,high,high,high,high,2026-08-26
hitter,MIN,ATH,Royce Lewis,668904,6.0,1B,Confirmed,4.25,,,,,1.32,0.3,,,,,1.288060987786968,1.3471536649928797,0.3080888439258288,0.284952380214157,0.994208494208494,0.9907032760916642,0.0635487657462363,0.06586956128264865,,,0.99,0.38,0.37,1.39,0.06,1.52,0.11,0.01,0.0,0.261,1.5956790123456794,1.4630901001211396,0.107,,0.007,,0.0,,False,96.0,99.0,96.0,88.0,93.0,91.0,91.0,92.0,94.0,high,high,high,high,high,high,high,high,high,2026-08-26
hitter,MIN,ATH,Trevor Larnach,663616,7.0,LF,Confirmed,4.18,,,,,0.75,0.37,,,,,0.7447413256777765,0.7607610388947539,0.3688260054282624,0.3636475976997537,0.994208494208494,0.8996434211474447,0.24091000561217396,0.23236069513693292,,,0.94,0.34,0.25,1.18,0.24,1.9,0.12,0.01,0.0,0.256,2.057017543859649,1.775696579594024,0.118,,0.008,,0.0,,False,96.0,99.0,96.0,88.0,93.0,91.0,91.0,92.0,94.0,high,high,high,high,high,high,high,high,high,2026-08-26
hitter,MIN,ATH,Kaelen Culpepper,701785,8.0,SS,Confirmed,3.48,,,,,0.67,0.36,,,,,0.668,,0.357,,0.413,,0.091,,,,0.41,0.25,0.2,0.86,0.09,0.84,0.1,0.01,0.0,0.217,0.841,,0.095,,0.006,,0.0,,True,40.0,44.0,40.0,32.0,37.0,35.0,35.0,36.0,38.0,low,low,low,low,low,low,low,low,low,2026-08-26
hitter,MIN,ATH,Alan Roden,702176,9.0,RF,Confirmed,2.55,,,,,0.53,0.12,,,,,0.49708902776006036,0.5551497252458121,0.12615162890222492,0.10514128915080694,0.4125159642401022,0.4144187033698893,0.07161321704353724,0.04927434756097201,,,0.41,0.2,0.16,0.69,0.06,0.65,0.07,0.01,0.0,0.231,0.6992421095027739,0.6035848124750112,0.075,,0.008,,0.0,,False,96.0,99.0,96.0,88.0,93.0,91.0,91.0,92.0,94.0,high,high,high,high,high,high,high,high,high,2026-08-26
