player_type,team,opponent,player_name,mlb_id,lineup_spot,pos,lineup_status,proj_pa,proj_ip,proj_outs,proj_runs_allowed,proj_hits_allowed,proj_strikeouts,proj_walks,proj_hr_allowed,proj_er_model,proj_fip,proj_war_contribution,direct_K,rate_K,direct_BB,rate_BB,direct_H,rate_H,direct_HR,rate_HR,direct_R,rate_R,proj_hits,proj_runs,proj_rbi,proj_hrrbi,proj_hr,proj_tb,proj_2b,proj_3b,proj_sb,proj_woba,direct_TB,rate_TB,direct_2B,rate_2B,direct_3B,rate_3B,direct_SB,rate_SB,used_fallback,confidence_score,proj_pa_confidence_score,proj_hits_confidence_score,proj_hr_confidence_score,proj_strikeouts_confidence_score,proj_runs_confidence_score,proj_rbi_confidence_score,proj_hrrbi_confidence_score,proj_walks_confidence_score,confidence,proj_pa_confidence,proj_hits_confidence,proj_hr_confidence,proj_strikeouts_confidence,proj_runs_confidence,proj_rbi_confidence,proj_hrrbi_confidence,proj_walks_confidence,game_date
pitcher,CHC,HOU,Jameson Taillon,592791,,,,,5.13,15.0,2.73,5.01,4.75,1.46,1.07,2.43,5.09,0.08,4.676567656765677,4.816749266927345,1.3455882352941178,1.8006224971912148,4.879746835443039,5.51786174638975,1.0909090909090908,1.0185612131889998,2.432,,,,,,,,,,,,,,,,,,,,,,,,,,,,,,,,,,,,,,,2026-05-22
pitcher,HOU,CHC,Spencer Arrighetti,681293,,,,,5.21,16.0,2.44,4.68,4.78,1.97,0.57,2.21,4.02,0.111,4.676567656765677,4.891864265242002,1.890295358649789,2.220376515405656,4.525423728813561,5.2846795049817175,0.547945205479452,0.6157600755958343,2.212,,,,,,,,,,,,,,,,,,,,,,,,,,,,,,,,,,,,,,,2026-05-22
pitcher,PHI,CLE,Cristopher Sánchez,650911,,,,,5.59,17.0,2.47,5.51,7.24,1.38,0.5,1.79,2.84,0.191,7.0,7.4831950386399875,1.3455882352941178,1.496664175755607,5.387096774193548,6.012640772381813,0.5,0.5140159409027215,1.789,,,,,,,,,,,,,,,,,,,,,,,,,,,,,,,,,,,,,,,2026-05-22
pitcher,CLE,PHI,Gavin Williams,668909,,,,,5.21,16.0,2.58,4.47,6.81,2.31,0.8,2.28,3.95,0.103,6.649122807017544,6.9744984170508655,2.3333333333333335,2.220376515405656,4.326530612244898,5.0333098236854905,0.7580645161290323,0.8965857077382466,2.28,,,,,,,,,,,,,,,,,,,,,,,,,,,,,,,,,,,,,,,2026-05-22
pitcher,TB,NYY,Nick Martinez,607259,,,,,4.79,14.0,2.69,5.34,3.58,1.43,0.77,2.43,4.7,0.057,3.6538461538461537,3.502400723636293,1.3455882352941178,1.6812829944533958,5.387096774193548,5.152155509786922,0.7441860465116279,0.8243081650798851,2.432,,,,,,,,,,,,,,,,,,,,,,,,,,,,,,,,,,,,,,,2026-05-22
pitcher,TOR,PIT,Kevin Gausman,592332,,,,,5.21,16.0,2.27,4.74,5.54,1.47,0.56,2.21,3.46,0.111,5.275,5.798713131007553,1.3455882352941178,1.8287023801883489,4.666666666666667,5.0333098236854905,0.5409836065573771,0.6157600755958343,2.212,,,,,,,,,,,,,,,,,,,,,,,,,,,,,,,,,,,,,,,2026-05-22
pitcher,PIT,TOR,Bubba Chandler,696149,,,,,4.61,14.0,2.56,4.61,4.69,2.0,0.77,2.21,4.66,0.069,4.676567656765677,4.699471499826681,1.890295358649789,2.3178432489536314,4.525423728813561,4.95854632570307,0.7580645161290323,0.7933320753691587,2.212,,,,,,,,,,,,,,,,,,,,,,,,,,,,,,,,,,,,,,,2026-05-22
pitcher,BOS,MIN,Payton Tolle,801139,,,,,4.79,14.0,2.28,4.59,5.0,1.7,0.57,2.21,3.89,0.081,4.676567656765677,5.331254490887942,1.610062893081761,1.9607389384031875,4.525423728813561,4.858659276173211,0.5409836065573771,0.6350989636681925,2.212,,,,,,,,,,,,,,,,,,,,,,,,,,,,,,,,,,,,,,,2026-05-22
pitcher,MIN,BOS,Connor Prielipp,687570,,,,,4.79,14.0,2.42,4.39,4.78,1.92,0.54,2.21,4.06,0.081,4.676567656765677,4.882964964028157,1.890295358649789,2.026480650190615,4.326530612244898,4.62755356150739,0.5409836065573771,0.5464552514395971,2.212,,,,,,,,,,,,,,,,,,,,,,,,,,,,,,,,,,,,,,,2026-05-22
pitcher,MIA,NYM,Eury Pérez,691587,,,,,4.79,14.0,2.33,4.43,5.0,1.91,0.47,2.21,3.91,0.081,4.676567656765677,5.331254490887942,1.890295358649789,1.9607389384031875,4.326530612244898,4.858659276173211,0.4827586206896552,0.44045373111342334,2.212,,,,,,,,,,,,,,,,,,,,,,,,,,,,,,,,,,,,,,,2026-05-22
pitcher,DET,BAL,Jack Flaherty,656427,,,,,4.79,14.0,2.37,4.49,4.78,1.93,0.55,2.21,4.06,0.081,4.676567656765677,4.882964964028157,1.890295358649789,2.041382631246275,4.326530612244898,5.152155509786922,0.5409836065573771,0.5661210675823506,2.212,,,,,,,,,,,,,,,,,,,,,,,,,,,,,,,,,,,,,,,2026-05-22
pitcher,ATL,WSH,Bryce Elder,693821,,,,,5.21,16.0,2.63,5.2,4.78,1.87,0.57,2.28,4.02,0.103,4.676567656765677,4.891864265242002,1.890295358649789,1.8287023801883489,5.093457943925234,5.60391027264924,0.547945205479452,0.6157600755958343,2.28,,,,,,,,,,,,,,,,,,,,,,,,,,,,,,,,,,,,,,,2026-05-22
pitcher,KC,SEA,Noah Cameron,702070,,,,,4.79,14.0,2.68,5.11,4.59,1.86,0.57,2.43,4.29,0.057,4.676567656765677,4.497510524090055,1.890295358649789,1.7704833159728637,5.093457943925234,5.152155509786922,0.547945205479452,0.6350989636681925,2.432,,,,,,,,,,,,,,,,,,,,,,,,,,,,,,,,,,,,,,,2026-05-22
pitcher,SEA,KC,Logan Gilbert,669302,,,,,5.13,15.0,2.38,4.63,5.85,1.3,0.79,2.21,3.66,0.105,6.0,5.709673390032388,1.2772277227722773,1.3735039752462008,4.486486486486487,5.203532794732478,0.7441860465116279,0.8828185567557015,2.212,,,,,,,,,,,,,,,,,,,,,,,,,,,,,,,,,,,,,,,2026-05-22
pitcher,MIL,LAD,Logan Henderson,701656,,,,,4.79,14.0,2.13,3.87,5.78,1.88,0.55,1.79,3.47,0.13,6.017094017094017,5.545235572368783,1.8333333333333333,2.026480650190615,3.68,4.62755356150739,0.5409836065573771,0.5661210675823506,1.789,,,,,,,,,,,,,,,,,,,,,,,,,,,,,,,,,,,,,,,2026-05-22
pitcher,LAD,MIL,Justin Wrobleski,680736,,,,,4.79,14.0,2.75,5.05,4.78,1.65,0.89,2.48,4.78,0.051,4.676567656765677,4.882964964028157,1.610062893081761,1.7704833159728637,5.093457943925234,4.858659276173211,0.869281045751634,0.9510542321979162,2.481,,,,,,,,,,,,,,,,,,,,,,,,,,,,,,,,,,,,,,,2026-05-22
pitcher,LAA,TEX,Grayson Rodriguez,680570,,,,,4.61,14.0,2.57,4.22,4.69,2.0,0.88,2.21,5.02,0.069,4.676567656765677,4.699471499826681,1.890295358649789,2.3178432489536314,4.111111111111111,4.676079178112422,0.869281045751634,0.91531524226146,2.212,,,,,,,,,,,,,,,,,,,,,,,,,,,,,,,,,,,,,,,2026-05-22
pitcher,TEX,LAA,Jacob deGrom,594798,,,,,5.21,16.0,2.21,4.3,6.85,1.31,0.88,1.79,3.86,0.162,6.649122807017544,7.047496679501248,1.2772277227722773,1.3949231405521847,4.111111111111111,5.0333098236854905,0.869281045751634,0.8965857077382466,1.789,,,,,,,,,,,,,,,,,,,,,,,,,,,,,,,,,,,,,,,2026-05-22
pitcher,AZ,COL,Michael Soroka,647336,,,,,4.79,14.0,2.35,4.59,5.0,1.7,0.57,2.21,3.89,0.081,4.676567656765677,5.331254490887942,1.610062893081761,1.9607389384031875,4.525423728813561,4.858659276173211,0.5409836065573771,0.621293897287277,2.212,,,,,,,,,,,,,,,,,,,,,,,,,,,,,,,,,,,,,,,2026-05-22
pitcher,COL,AZ,Tomoyuki Sugano,608372,,,,,4.79,14.0,2.87,5.82,3.58,1.38,0.92,3.12,5.12,-0.014,3.6538461538461537,3.502400723636293,1.2772277227722773,1.6812829944533958,5.68,6.386036678668229,0.9130434782608695,0.9510542321979162,3.123,,,,,,,,,,,,,,,,,,,,,,,,,,,,,,,,,,,,,,,2026-05-22
pitcher,SD,ATH,Walker Buehler,621111,,,,,4.79,14.0,2.54,4.76,4.17,1.93,0.68,2.43,4.64,0.057,3.8412698412698414,4.497510524090055,1.890295358649789,2.041382631246275,4.666666666666667,5.152155509786922,0.625,0.8243081650798851,2.432,,,,,,,,,,,,,,,,,,,,,,,,,,,,,,,,,,,,,,,2026-05-22
pitcher,ATH,SD,Jeffrey Springs,605488,,,,,4.79,14.0,2.67,4.93,4.59,1.71,0.87,2.28,4.78,0.073,4.676567656765677,4.497510524090055,1.610062893081761,2.028857613640214,4.879746835443039,5.152155509786922,0.869281045751634,0.8726985188581348,2.28,,,,,,,,,,,,,,,,,,,,,,,,,,,,,,,,,,,,,,,2026-05-22
pitcher,SF,CWS,Trevor McDonald,686790,,,,,5.13,15.0,2.69,5.18,4.75,1.46,0.93,2.43,4.64,0.08,4.676567656765677,4.816749266927345,1.3455882352941178,1.8006224971912148,5.093457943925234,5.51786174638975,0.9130434782608695,0.972432372873865,2.432,,,,,,,,,,,,,,,,,,,,,,,,,,,,,,,,,,,,,,,2026-05-22
pitcher,CWS,SF,Davis Martin,663436,,,,,5.21,16.0,2.76,4.96,4.78,1.97,0.88,2.43,4.82,0.086,4.676567656765677,4.891864265242002,1.890295358649789,2.204167888829458,4.879746835443039,5.2846795049817175,0.869281045751634,0.8965857077382466,2.432,,,,,,,,,,,,,,,,,,,,,,,,,,,,,,,,,,,,,,,2026-05-22
hitter,CHC,HOU,Nico Hoerner,663538,1.0,2B,Confirmed,3.74,,,,,0.79,0.16,,,,,0.5643476340494837,1.0065222355329246,0.16200120612940827,0.1556232951885277,0.35424354243542433,0.4451054549310624,0.01953202296613897,0.009823341774073407,,,0.4,0.2,0.12,0.65,0.01,0.43,0.08,0.01,0.0,0.147,0.39285714285714285,0.4598094835620137,0.079,,0.013,,0.0,,False,96.0,99.0,96.0,88.0,93.0,91.0,91.0,92.0,94.0,high,high,high,high,high,high,high,high,high,2026-05-22
hitter,CHC,HOU,Michael Busch,683737,2.0,1B,Confirmed,3.81,,,,,1.63,0.3,,,,,1.6403864412071645,1.6267939040456865,0.2848322399182982,0.31006912006489484,0.3344051446945337,0.3061566962805914,0.029327656051032373,0.019155299378006127,,,0.32,0.22,0.1,0.58,0.02,0.41,0.09,0.01,0.0,0.175,0.44025157232704404,0.39134452158712396,0.09,,0.009,,0.0,,False,96.0,99.0,96.0,88.0,93.0,91.0,91.0,92.0,94.0,high,high,high,high,high,high,high,high,high,2026-05-22
hitter,CHC,HOU,Alex Bregman,608324,3.0,3B,Confirmed,3.81,,,,,1.22,0.25,,,,,1.1893277246584635,1.2575491919188826,0.25150864850430366,0.25340566699283856,0.3344051446945337,0.35309949744860586,0.020643438413345767,0.006070056717849367,,,0.34,0.23,0.14,0.71,0.01,0.45,0.07,0.01,0.0,0.174,0.44025157232704404,0.450938181979293,0.068,,0.007,,0.0,,False,96.0,99.0,96.0,88.0,93.0,91.0,91.0,92.0,94.0,high,high,high,high,high,high,high,high,high,2026-05-22
hitter,CHC,HOU,Ian Happ,664023,4.0,LF,Confirmed,3.81,,,,,1.71,0.27,,,,,1.7359641265940833,1.6827228124586269,0.27663310488952486,0.2681033789256903,0.3344051446945337,0.3868612183117037,0.03158277959925203,0.030937705205045973,,,0.36,0.26,0.15,0.74,0.03,0.45,0.07,0.01,0.0,0.194,0.44025157232704404,0.4549256722328566,0.07,,0.007,,0.0,,False,96.0,99.0,96.0,88.0,93.0,91.0,91.0,92.0,94.0,high,high,high,high,high,high,high,high,high,2026-05-22
hitter,CHC,HOU,Seiya Suzuki,673548,5.0,RF,Confirmed,3.81,,,,,1.68,0.25,,,,,1.689899064419758,1.6719063170409327,0.24106054933371548,0.26401589330082215,0.3344051446945337,0.3357460433376578,0.02613552838259773,0.022251533101833008,,,0.34,0.23,0.14,0.71,0.02,0.46,0.08,0.01,0.0,0.17,0.44025157232704404,0.4747498245044664,0.082,,0.007,,0.0,,False,96.0,99.0,96.0,88.0,93.0,91.0,91.0,92.0,94.0,high,high,high,high,high,high,high,high,high,2026-05-22
hitter,CHC,HOU,Michael Conforto,624424,6.0,DH,Confirmed,3.02,,,,,1.14,0.22,,,,,1.1639496790541213,1.1249570246891745,0.23737441339167928,0.20423786151396633,0.4125159642401022,0.35445927065850563,0.027513578679661633,0.02390875071936659,,,0.38,0.2,0.14,0.68,0.03,0.53,0.08,0.01,0.0,0.222,0.5302013422818792,0.5238148129602922,0.082,,0.006,,0.0,,False,96.0,99.0,96.0,88.0,93.0,91.0,91.0,92.0,94.0,high,high,high,high,high,high,high,high,high,2026-05-22
hitter,CHC,HOU,Carson Kelly,608348,7.0,C,Confirmed,3.02,,,,,1.14,0.18,,,,,1.1628801315434458,1.1082606035297888,0.19120511109557117,0.17420601223818954,0.3344051446945337,0.2514359479600589,0.021739018326822134,0.015464103154624513,,,0.29,0.16,0.1,0.51,0.02,0.35,0.07,0.01,0.0,0.171,0.3888888888888889,0.3142460600619172,0.072,,0.007,,0.0,,False,96.0,99.0,96.0,88.0,93.0,91.0,91.0,92.0,94.0,high,high,high,high,high,high,high,high,high,2026-05-22
hitter,CHC,HOU,Pete Crow-Armstrong,691718,8.0,CF,Confirmed,3.48,,,,,1.47,0.15,,,,,1.4723453568435603,1.4724530694414866,0.16486081743111033,0.14007984071438834,0.3344051446945337,0.31561189697447095,0.024945188873967634,0.01970609584332274,,,0.32,0.16,0.1,0.51,0.02,0.43,0.08,0.01,0.0,0.148,0.44025157232704404,0.42689643801578286,0.076,,0.009,,0.0,,False,96.0,99.0,96.0,88.0,93.0,91.0,91.0,92.0,94.0,high,high,high,high,high,high,high,high,high,2026-05-22
hitter,CHC,HOU,Dansby Swanson,621020,9.0,SS,Confirmed,3.1,,,,,1.33,0.17,,,,,1.324418493991403,1.3277339598258897,0.1800530847357072,0.15639504406184074,0.3344051446945337,0.2722347072109884,0.01977406868896158,0.00655938724758485,,,0.3,0.16,0.1,0.51,0.01,0.35,0.07,0.01,0.0,0.172,0.3888888888888889,0.3154260488224365,0.072,,0.007,,0.0,,False,96.0,99.0,96.0,88.0,93.0,91.0,91.0,92.0,94.0,high,high,high,high,high,high,high,high,high,2026-05-22
hitter,HOU,CHC,Jeremy Peña,665161,1.0,SS,Confirmed,4.51,,,,,1.31,0.11,,,,,1.3065557175959002,1.3158177523670593,0.11043947040196073,0.11216804296348529,0.8694581280788177,0.9284083824631008,0.03173770212236719,0.047737425305920095,,,0.9,0.7,0.63,2.47,0.04,1.15,0.19,0.01,0.0,0.363,1.1521739130434783,1.156249982160118,0.189,,0.009,,0.0,,False,96.0,99.0,96.0,88.0,93.0,91.0,91.0,92.0,94.0,high,high,high,high,high,high,high,high,high,2026-05-22
hitter,HOU,CHC,Isaac Paredes,670623,2.0,3B,Confirmed,4.25,,,,,1.23,0.13,,,,,1.2064274090555487,1.2471666737161753,0.1347774192500204,0.11820070191480173,0.7061469265367316,0.7156976051255172,0.030895911769728834,0.027328247362441778,,,0.71,0.66,0.58,2.24,0.03,0.97,0.15,0.01,0.0,0.364,0.9875776397515532,0.9564271462096141,0.148,,0.007,,0.0,,False,96.0,99.0,96.0,88.0,93.0,91.0,91.0,92.0,94.0,high,high,high,high,high,high,high,high,high,2026-05-22
hitter,HOU,CHC,Yordan Alvarez,670541,3.0,DH,Confirmed,4.39,,,,,1.38,0.19,,,,,1.3535795005774207,1.4026748646773988,0.17122612712983365,0.20706992845313352,0.7061469265367316,0.7414201706281928,0.050589137990892215,0.06962582988895234,,,0.73,0.83,0.87,2.8,0.06,1.18,0.16,0.01,0.0,0.437,1.1238670694864048,1.2271922929131747,0.162,,0.006,,0.0,,False,96.0,99.0,96.0,88.0,93.0,91.0,91.0,92.0,94.0,high,high,high,high,high,high,high,high,high,2026-05-22
hitter,HOU,CHC,Christian Walker,572233,4.0,1B,Confirmed,4.14,,,,,1.64,0.08,,,,,1.5594195999862575,1.7261081684293647,0.09841271196467477,0.06420317642598035,0.7061469265367316,0.7030629243710259,0.03835942167630404,0.05383171415293075,,,0.7,0.75,0.8,2.65,0.05,1.01,0.16,0.01,0.0,0.412,1.001763668430335,1.018155988186059,0.16,,0.007,,0.0,,False,96.0,99.0,96.0,88.0,93.0,91.0,91.0,92.0,94.0,high,high,high,high,high,high,high,high,high,2026-05-22
hitter,HOU,CHC,Jake Meyers,676694,5.0,CF,Confirmed,3.81,,,,,1.02,0.08,,,,,0.9551767978539939,1.0932659231330821,0.08876761138093738,0.07829821231020458,0.7061469265367316,0.6790666793918558,0.019435318220115648,0.014814600016100809,,,0.69,0.5,0.47,1.96,0.02,0.86,0.13,0.01,0.0,0.313,0.8408408408408409,0.8766132036640519,0.134,,0.009,,0.0,,False,96.0,99.0,96.0,88.0,93.0,91.0,91.0,92.0,94.0,high,high,high,high,high,high,high,high,high,2026-05-22
hitter,HOU,CHC,Braden Shewmake,669699,6.0,2B,Confirmed,4.03,,,,,0.89,0.11,,,,,0.8228925592738444,0.9654782460942388,0.10601057493275942,0.1188078021294132,0.801980198019802,0.8717837795531859,0.13615003760560657,0.15507552077101927,,,0.84,0.58,0.67,2.34,0.15,1.3,0.14,0.01,0.0,0.377,1.239368165249089,1.3570587696475016,0.143,,0.007,,0.0,,False,96.0,99.0,96.0,88.0,93.0,91.0,91.0,92.0,94.0,high,high,high,high,high,high,high,high,high,2026-05-22
hitter,HOU,CHC,Cam Smith,701358,7.0,RF,Confirmed,3.1,,,,,1.34,0.08,,,,,1.3362753009233983,1.3359895946751768,0.08823168538059678,0.07306334469697623,0.4125159642401022,0.449294713365537,0.02437228351375602,0.02223154975209365,,,0.43,0.4,0.38,1.58,0.02,0.63,0.12,0.01,0.0,0.346,0.6720588235294118,0.6006715931187299,0.118,,0.009,,0.0,,False,96.0,99.0,96.0,88.0,93.0,91.0,91.0,92.0,94.0,high,high,high,high,high,high,high,high,high,2026-05-22
hitter,HOU,CHC,Zach Cole,805904,8.0,LF,Confirmed,3.49,,,,,1.63,0.09,,,,,1.6128248683406718,1.6459881438899873,0.08382245995861509,0.08677542058549444,0.4125159642401022,0.450196009039587,0.03781395065102436,0.05040528185139938,,,0.43,0.56,0.6,2.06,0.04,0.68,0.11,0.01,0.0,0.419,0.6720588235294118,0.6946276247761797,0.115,,0.009,,0.0,,False,96.0,99.0,96.0,88.0,93.0,91.0,91.0,92.0,94.0,high,high,high,high,high,high,high,high,high,2026-05-22
hitter,HOU,CHC,Christian Vázquez,543877,9.0,C,Confirmed,3.1,,,,,0.87,0.08,,,,,0.8557480432077167,0.8914149634903672,0.0887028393062546,0.0625491209510354,0.5290322580645161,0.49537149416829895,0.02099741443252203,0.016765509639302602,,,0.51,0.4,0.39,1.66,0.02,0.65,0.12,0.01,0.0,0.354,0.6720588235294118,0.6366602515037356,0.115,,0.008,,0.0,,False,96.0,99.0,96.0,88.0,93.0,91.0,91.0,92.0,94.0,high,high,high,high,high,high,high,high,high,2026-05-22
hitter,PHI,CLE,Trea Turner,607208,1.0,SS,Confirmed,4.57,,,,,0.69,0.56,,,,,0.7157615391595913,0.6681062568952448,0.5706908768533101,0.5534980404877324,0.7715355805243446,0.8095343079582775,0.11240875434597128,0.1271849975575388,,,0.79,0.57,0.47,2.22,0.12,1.35,0.25,0.01,0.0,0.302,1.3148148148148149,1.3722896996837386,0.248,,0.013,,0.0,,False,96.0,99.0,96.0,88.0,93.0,91.0,91.0,92.0,94.0,high,high,high,high,high,high,high,high,high,2026-05-22
hitter,PHI,CLE,Kyle Schwarber,656941,2.0,DH,Confirmed,4.26,,,,,1.5,0.54,,,,,1.5380294114683064,1.4718066067231874,0.5621861754045041,0.525405689774926,0.7715355805243446,0.6572672364353139,0.24847918353987034,0.25908417201316936,,,0.71,0.54,0.47,1.88,0.25,1.48,0.18,0.01,0.0,0.301,1.4759615384615385,1.480956252930904,0.178,,0.01,,0.0,,False,96.0,99.0,96.0,88.0,93.0,91.0,91.0,92.0,94.0,high,high,high,high,high,high,high,high,high,2026-05-22
hitter,PHI,CLE,Bryce Harper,547180,3.0,1B,Confirmed,4.45,,,,,0.78,0.82,,,,,0.7475413185437061,0.8094970526668093,0.8307264579782047,0.8000085758437943,0.707983193277311,0.7561853319964145,0.16054604522168187,0.15366035429326544,,,0.73,0.57,0.53,2.2,0.16,1.42,0.24,0.01,0.0,0.31,1.3893129770992367,1.4517876866964234,0.242,,0.01,,0.0,,False,96.0,99.0,96.0,88.0,93.0,91.0,91.0,92.0,94.0,high,high,high,high,high,high,high,high,high,2026-05-22
hitter,PHI,CLE,Alec Bohm,664761,4.0,3B,Confirmed,4.45,,,,,0.57,0.39,,,,,0.5759981484349095,0.5629010141710912,0.3648854319431414,0.40786440135772106,0.801980198019802,0.7841971122845398,0.12548487567022462,0.15851449614361282,,,0.79,0.55,0.52,2.21,0.14,1.4,0.18,0.01,0.0,0.295,1.3893129770992367,1.4071882766684087,0.184,,0.011,,0.0,,False,96.0,99.0,96.0,88.0,93.0,91.0,91.0,92.0,94.0,high,high,high,high,high,high,high,high,high,2026-05-22
hitter,PHI,CLE,Brandon Marsh,669016,5.0,LF,Confirmed,3.1,,,,,0.67,0.28,,,,,0.6242898371449607,0.7088040164389601,0.2851186734828236,0.274293982456353,0.4125159642401022,0.4195995968987066,0.08495214838967019,0.06603565379747989,,,0.42,0.37,0.35,1.49,0.08,0.64,0.14,0.01,0.0,0.286,0.6720588235294118,0.6094784442268292,0.139,,0.012,,0.0,,False,96.0,99.0,96.0,88.0,93.0,91.0,91.0,92.0,94.0,high,high,high,high,high,high,high,high,high,2026-05-22
hitter,PHI,CLE,Adolis García,666969,6.0,RF,Confirmed,4.14,,,,,0.86,0.4,,,,,0.810695528326584,0.9164510183538639,0.3993585989039202,0.4027823267518593,0.801980198019802,0.7313387121181809,0.15157300375917793,0.18175627778430428,,,0.76,0.49,0.54,2.13,0.17,1.41,0.21,0.01,0.0,0.322,1.4476190476190476,1.383777211530047,0.212,,0.007,,0.0,,False,96.0,99.0,96.0,88.0,93.0,91.0,91.0,92.0,94.0,high,high,high,high,high,high,high,high,high,2026-05-22
hitter,PHI,CLE,Bryson Stott,681082,7.0,2B,Confirmed,3.02,,,,,0.53,0.34,,,,,0.5506102007883319,0.5158028185065215,0.38892442256510895,0.29819780875206475,0.4125159642401022,0.3440289520504162,0.08626147112771754,0.06962518169735177,,,0.37,0.31,0.29,1.3,0.08,0.74,0.13,0.01,0.0,0.281,0.7899761336515513,0.7022291878566389,0.131,,0.01,,0.0,,False,96.0,99.0,96.0,88.0,93.0,91.0,91.0,92.0,94.0,high,high,high,high,high,high,high,high,high,2026-05-22
hitter,PHI,CLE,J.T. Realmuto,592663,8.0,C,Confirmed,4.18,,,,,0.7,0.37,,,,,0.6153186503543788,0.7799917901402258,0.3679120730734222,0.3730148437581663,0.707983193277311,0.6686265920900945,0.10960752492561804,0.11873492422069855,,,0.69,0.46,0.43,1.99,0.11,1.22,0.22,0.01,0.0,0.303,1.239368165249089,1.2024444718203444,0.222,,0.014,,0.0,,False,96.0,99.0,96.0,88.0,93.0,91.0,91.0,92.0,94.0,high,high,high,high,high,high,high,high,high,2026-05-22
hitter,PHI,CLE,Justin Crawford,702222,9.0,CF,Confirmed,3.96,,,,,0.62,0.43,,,,,0.6135358384296109,0.6274192043765001,0.41647128978610937,0.44713605625806535,0.7061469265367316,0.6811339090106279,0.11283145295147334,0.10153202575029664,,,0.69,0.46,0.43,1.98,0.11,1.06,0.2,0.01,0.0,0.317,1.1238670694864048,1.013836089395677,0.204,,0.011,,0.0,,False,96.0,99.0,96.0,88.0,93.0,91.0,91.0,92.0,94.0,high,high,high,high,high,high,high,high,high,2026-05-22
hitter,CLE,PHI,Angel Martínez,682657,1.0,RF,Confirmed,3.96,,,,,0.85,0.08,,,,,0.8079498062690597,0.8880033363107199,0.0871644694179808,0.0631390206985082,0.707983193277311,0.7242490496402082,0.029419138642974182,0.03346023562863549,,,0.72,0.31,0.25,1.27,0.03,0.99,0.12,0.01,0.0,0.189,0.9875776397515532,0.9835552047718008,0.125,,0.009,,0.0,,False,96.0,99.0,96.0,88.0,93.0,91.0,91.0,92.0,94.0,high,high,high,high,high,high,high,high,high,2026-05-22
hitter,CLE,PHI,José Ramírez,608070,2.0,3B,Confirmed,3.81,,,,,0.46,0.18,,,,,0.48930322967938134,0.43417546457487194,0.17974684130694113,0.1879036558487172,0.7715355805243446,0.6886541000361512,0.024863106325128906,0.029368810901071626,,,0.73,0.34,0.27,1.38,0.03,0.96,0.12,0.01,0.0,0.218,1.001763668430335,0.9314875221470835,0.121,,0.007,,0.0,,False,96.0,99.0,96.0,88.0,93.0,91.0,91.0,92.0,94.0,high,high,high,high,high,high,high,high,high,2026-05-22
hitter,CLE,PHI,Rhys Hoskins,656555,3.0,1B,Confirmed,3.54,,,,,0.85,0.23,,,,,0.8218836935091753,0.8770059669999296,0.2278379947860139,0.24025414020271582,0.6434108527131783,0.5845443104619407,0.04995947931101805,0.05762955335852334,,,0.61,0.32,0.28,1.25,0.05,0.88,0.12,0.01,0.0,0.224,0.9875776397515532,0.7987380720673809,0.116,,0.007,,0.0,,False,96.0,99.0,96.0,88.0,93.0,91.0,91.0,92.0,94.0,high,high,high,high,high,high,high,high,high,2026-05-22
hitter,CLE,PHI,David Fry,681807,4.0,DH,Confirmed,2.55,,,,,1.25,0.27,,,,,1.3557952729514657,1.14645863493592,0.3100428088708834,0.234183796811357,0.3344051446945337,0.26386686335137,0.036987489446440536,0.024646454025580466,,,0.3,0.19,0.17,0.77,0.03,0.44,0.09,0.01,0.0,0.187,0.44025157232704404,0.4411976221655959,0.087,,0.007,,0.0,,False,96.0,99.0,96.0,88.0,93.0,91.0,91.0,92.0,94.0,high,high,high,high,high,high,high,high,high,2026-05-22
hitter,CLE,PHI,Travis Bazzana,683953,5.0,2B,Confirmed,3.96,,,,,0.57,0.21,,,,,0.5327783365374996,0.600986042162562,0.18286799874342796,0.23384842510424944,0.707983193277311,0.7364898445589872,0.03041895779289015,0.03118769137989514,,,0.72,0.36,0.32,1.49,0.03,0.99,0.11,0.01,0.0,0.22,1.001763668430335,0.9787814347969928,0.114,,0.01,,0.0,,False,96.0,99.0,96.0,88.0,93.0,91.0,91.0,92.0,94.0,high,high,high,high,high,high,high,high,high,2026-05-22
hitter,CLE,PHI,Brayan Rocchio,677587,6.0,SS,Confirmed,3.33,,,,,0.53,0.09,,,,,0.5433276930466525,0.5125965510341495,0.09835685874417462,0.08342821556348431,0.6666666666666666,0.5497492982667213,0.018453744701385916,0.01976124299480588,,,0.6,0.25,0.26,1.15,0.02,0.78,0.11,0.01,0.0,0.207,0.8408408408408409,0.731893931447766,0.111,,0.007,,0.0,,False,96.0,99.0,96.0,88.0,93.0,91.0,91.0,92.0,94.0,high,high,high,high,high,high,high,high,high,2026-05-22
hitter,CLE,PHI,Steven Kwan,680757,7.0,LF,Confirmed,4.08,,,,,0.32,0.15,,,,,0.2706676287770289,0.3643003652065295,0.1560380690534484,0.14511867148211055,0.8949771689497716,0.8808997238516975,0.02405064324503908,0.03703560591021851,,,0.89,0.38,0.34,1.72,0.03,1.13,0.15,0.01,0.0,0.258,1.1521739130434783,1.1143063870427061,0.153,,0.009,,0.0,,False,96.0,99.0,96.0,88.0,93.0,91.0,91.0,92.0,94.0,high,high,high,high,high,high,high,high,high,2026-05-22
hitter,CLE,PHI,Austin Hedges,595978,8.0,C,Confirmed,3.48,,,,,0.54,0.59,,,,,0.4595904698745774,0.6114155773712772,0.6131466832240066,0.5583684531849367,0.4125159642401022,0.4122632737878142,0.07808494201090369,0.07786498269040125,,,0.41,0.21,0.19,0.93,0.08,0.74,0.1,0.01,0.0,0.171,0.7899761336515513,0.7058350437317759,0.098,,0.008,,0.0,,False,96.0,99.0,96.0,88.0,93.0,91.0,91.0,92.0,94.0,high,high,high,high,high,high,high,high,high,2026-05-22
hitter,CLE,PHI,Petey Halpin,690984,9.0,CF,Confirmed,2.55,,,,,0.52,0.14,,,,,0.48293513745335714,0.5625129327431067,0.1687538089763428,0.12030348379338146,0.4125159642401022,0.3659658467079427,0.016170577663616015,0.013804875482608045,,,0.39,0.16,0.14,0.72,0.01,0.53,0.08,0.01,0.0,0.179,0.5302013422818792,0.532728328904866,0.085,,0.009,,0.0,,False,96.0,99.0,96.0,88.0,93.0,91.0,91.0,92.0,94.0,high,high,high,high,high,high,high,high,high,2026-05-22
hitter,NYY,TB,Trent Grisham,663757,1.0,CF,Confirmed,3.58,,,,,1.36,0.15,,,,,1.3826930281404126,1.3435072894045084,0.15905271535508422,0.14878823213031603,0.4125159642401022,0.39153604616254073,0.04579240754942073,0.03881230807807006,,,0.4,0.37,0.26,1.34,0.04,0.67,0.14,0.01,0.0,0.266,0.6720588235294118,0.66510278090893,0.143,,0.007,,0.0,,False,96.0,99.0,96.0,88.0,93.0,91.0,91.0,92.0,94.0,high,high,high,high,high,high,high,high,high,2026-05-22
hitter,NYY,TB,Aaron Judge,592450,2.0,RF,Confirmed,4.18,,,,,1.56,0.99,,,,,1.5833900322020693,1.5307969089775124,1.1310066760803985,0.8441885086197318,0.5846774193548387,0.5747782727864547,0.15600282255523856,0.13943527173551473,,,0.58,0.44,0.31,1.55,0.15,1.06,0.14,0.01,0.0,0.267,1.1238670694864048,1.0048879304859462,0.136,,0.008,,0.0,,False,96.0,99.0,96.0,88.0,93.0,91.0,91.0,92.0,94.0,high,high,high,high,high,high,high,high,high,2026-05-22
hitter,NYY,TB,Ben Rice,700250,3.0,DH,Confirmed,4.25,,,,,1.24,0.76,,,,,1.1760928835153845,1.304221510900028,0.8583167420636255,0.6693438420395745,0.801980198019802,0.7539049482483029,0.12089898068679211,0.09065130974284079,,,0.78,0.44,0.36,1.68,0.11,1.29,0.18,0.01,0.0,0.268,1.3893129770992367,1.2048221374192118,0.183,,0.01,,0.0,,False,96.0,99.0,96.0,88.0,93.0,91.0,91.0,92.0,94.0,high,high,high,high,high,high,high,high,high,2026-05-22
hitter,NYY,TB,Cody Bellinger,641355,4.0,LF,Confirmed,4.14,,,,,0.88,0.75,,,,,0.8758298926580096,0.8774688862382934,0.8000262312531407,0.6963161211068979,0.707983193277311,0.6606219705010226,0.12264008547879945,0.10452190907035294,,,0.68,0.43,0.34,1.65,0.11,1.08,0.15,0.01,0.0,0.268,1.1238670694864048,1.0525358123599262,0.154,,0.01,,0.0,,False,96.0,99.0,96.0,88.0,93.0,91.0,91.0,92.0,94.0,high,high,high,high,high,high,high,high,high,2026-05-22
hitter,NYY,TB,Paul Goldschmidt,502671,5.0,1B,Confirmed,3.54,,,,,0.93,0.45,,,,,0.9129676290108851,0.9491323198998106,0.5003003949980616,0.3934549666999864,0.707983193277311,0.5834127999306793,0.0785928460150428,0.06104104112771943,,,0.64,0.34,0.28,1.33,0.07,0.99,0.15,0.01,0.0,0.248,1.1238670694864048,0.8839032308817264,0.152,,0.007,,0.0,,False,96.0,99.0,96.0,88.0,93.0,91.0,91.0,92.0,94.0,high,high,high,high,high,high,high,high,high,2026-05-22
hitter,NYY,TB,Jazz Chisholm Jr.,665862,6.0,2B,Confirmed,3.96,,,,,1.42,0.67,,,,,1.3342211349566044,1.5095162971841074,0.7392854197905794,0.5957752287731597,0.7061469265367316,0.5927327701754391,0.14881229845340485,0.11591687320616989,,,0.64,0.35,0.32,1.44,0.13,1.04,0.14,0.01,0.0,0.256,1.001763668430335,1.0702825213628702,0.144,,0.008,,0.0,,False,96.0,99.0,96.0,88.0,93.0,91.0,91.0,92.0,94.0,high,high,high,high,high,high,high,high,high,2026-05-22
hitter,NYY,TB,José Caballero,676609,7.0,SS,Confirmed,3.33,,,,,0.89,0.25,,,,,0.8428013134089081,0.9303666692706388,0.26704889829783474,0.22592660095051684,0.6434108527131783,0.5546688589285641,0.05571661204030161,0.048969154282707844,,,0.59,0.29,0.24,1.21,0.05,0.91,0.16,0.01,0.0,0.257,0.9875776397515532,0.8408248133808944,0.159,,0.009,,0.0,,False,96.0,99.0,96.0,88.0,93.0,91.0,91.0,92.0,94.0,high,high,high,high,high,high,high,high,high,2026-05-22
hitter,NYY,TB,Ryan McMahon,641857,8.0,3B,Confirmed,3.81,,,,,1.46,0.62,,,,,1.3893873164885355,1.529956978457347,0.6842554419101614,0.548429472536595,0.7061469265367316,0.6597111086948476,0.10309234527124925,0.06684312250307185,,,0.68,0.31,0.25,1.27,0.08,0.99,0.16,0.01,0.0,0.241,1.001763668430335,0.9802753131593664,0.157,,0.011,,0.0,,False,96.0,99.0,96.0,88.0,93.0,91.0,91.0,92.0,94.0,high,high,high,high,high,high,high,high,high,2026-05-22
hitter,NYY,TB,Austin Wells,669224,9.0,C,Confirmed,3.33,,,,,1.37,0.07,,,,,1.398259927179172,1.3497790555188096,0.09022328318067617,0.05501737777546739,0.35424354243542433,0.3773494864198828,0.031396502603321164,0.02711498154355628,,,0.37,0.27,0.23,1.15,0.03,0.53,0.12,0.01,0.0,0.236,0.5302013422818792,0.5359937407075309,0.121,,0.008,,0.0,,False,96.0,99.0,96.0,88.0,93.0,91.0,91.0,92.0,94.0,high,high,high,high,high,high,high,high,high,2026-05-22
hitter,TB,NYY,Chandler Simpson,802415,1.0,LF,Confirmed,3.89,,,,,0.54,0.28,,,,,0.48760445816435427,0.5882359058919535,0.28873546018243645,0.26598648895262866,0.5846774193548387,0.5858297352724213,0.032388148307188586,0.03512280229918558,,,0.59,0.28,0.19,1.0,0.03,0.82,0.09,0.01,0.0,0.189,0.7899761336515513,0.8489391481777386,0.095,,0.009,,0.0,,False,82.0,86.0,82.0,74.0,79.0,77.0,77.0,78.0,80.0,high,high,high,medium,medium,medium,medium,medium,high,2026-05-22
hitter,TB,NYY,Junior Caminero,691406,2.0,3B,Confirmed,4.08,,,,,0.94,0.51,,,,,0.9635122227533638,0.9252426449098832,0.5156422370799819,0.5055152296712229,0.5290322580645161,0.5530132200126029,0.2239896097744241,0.2369307670800332,,,0.54,0.43,0.33,1.29,0.23,1.27,0.09,0.01,0.0,0.271,1.239368165249089,1.2897104358048002,0.088,,0.008,,0.0,,False,82.0,86.0,82.0,74.0,79.0,77.0,77.0,78.0,80.0,high,high,high,medium,medium,medium,medium,medium,high,2026-05-22
hitter,TB,NYY,Jonathan Aranda,666018,3.0,1B,Confirmed,3.94,,,,,1.16,0.54,,,,,1.1324836547646813,1.195786625036002,0.5701495053479405,0.5034130061712158,0.4125159642401022,0.4225319341575639,0.13755733561216682,0.13668969336589634,,,0.42,0.35,0.26,1.02,0.14,1.01,0.08,0.01,0.0,0.239,1.001763668430335,1.0077556359214033,0.085,,0.006,,0.0,,False,82.0,86.0,82.0,74.0,79.0,77.0,77.0,78.0,80.0,high,high,high,medium,medium,medium,medium,medium,high,2026-05-22
hitter,TB,NYY,Yandy Díaz,650490,4.0,DH,Confirmed,4.25,,,,,0.74,0.59,,,,,0.7288601637473048,0.742262281789435,0.6252812700196573,0.5539782919466772,0.8694581280788177,0.8722346351739443,0.12925141708173524,0.147664755204832,,,0.87,0.51,0.4,1.71,0.14,1.43,0.16,0.01,0.0,0.317,1.4759615384615385,1.39806871134732,0.159,,0.007,,0.0,,False,82.0,86.0,82.0,74.0,79.0,77.0,77.0,78.0,80.0,high,high,high,medium,medium,medium,medium,medium,high,2026-05-22
hitter,TB,NYY,Richie Palacios,680700,5.0,2B,Confirmed,3.1,,,,,0.91,0.38,,,,,0.9233496029214832,0.8873293825076305,0.41698051809422665,0.3374002318694793,0.35424354243542433,0.3185866058349961,0.06004987444227996,0.05164657403498004,,,0.33,0.25,0.18,0.79,0.06,0.61,0.07,0.01,0.0,0.225,0.6720588235294118,0.5563412781857165,0.075,,0.006,,0.0,,False,82.0,86.0,82.0,74.0,79.0,77.0,77.0,78.0,80.0,high,high,high,medium,medium,medium,medium,medium,high,2026-05-22
hitter,TB,NYY,Jonny DeLuca,676356,6.0,RF,Confirmed,3.48,,,,,0.96,0.33,,,,,0.890366154134108,1.0218308387077273,0.3562087408409059,0.30769275146523195,0.4125159642401022,0.4303226689011811,0.06323454473213574,0.06135497342130511,,,0.42,0.23,0.2,0.84,0.06,0.84,0.1,0.01,0.0,0.205,0.7899761336515513,0.8817899360296211,0.097,,0.008,,0.0,,False,82.0,86.0,82.0,74.0,79.0,77.0,77.0,78.0,80.0,high,high,high,medium,medium,medium,medium,medium,high,2026-05-22
hitter,TB,NYY,Cedric Mullins,656775,7.0,CF,Confirmed,3.54,,,,,0.99,0.4,,,,,0.9630591408464676,1.0098562652948369,0.42645610893695995,0.38199930797579906,0.4125159642401022,0.3944025039975866,0.08450938663450852,0.09711644426691614,,,0.4,0.25,0.19,0.86,0.09,0.7,0.08,0.01,0.0,0.22,0.6720588235294118,0.7310732493979925,0.084,,0.007,,0.0,,False,82.0,86.0,82.0,74.0,79.0,77.0,77.0,78.0,80.0,high,high,high,medium,medium,medium,medium,medium,high,2026-05-22
hitter,TB,NYY,Nick Fortes,663743,8.0,C,Confirmed,2.55,,,,,0.65,0.18,,,,,0.6725862864522404,0.630567052919045,0.1821401849199303,0.1723151270868387,0.3344051446945337,0.2860509329534318,0.0809410036347219,0.0517298104861309,,,0.31,0.2,0.17,0.72,0.07,0.6,0.1,0.01,0.0,0.226,0.6720588235294118,0.534470827475334,0.099,,0.007,,0.0,,False,82.0,86.0,82.0,74.0,79.0,77.0,77.0,78.0,80.0,high,high,high,medium,medium,medium,medium,medium,high,2026-05-22
hitter,TB,NYY,Taylor Walls,670764,9.0,SS,Confirmed,3.1,,,,,0.87,0.33,,,,,0.8500505604446175,0.8832603529621047,0.3574896413643761,0.3020440103484864,0.4125159642401022,0.38503082363000457,0.05769494070265634,0.06515262785129947,,,0.4,0.23,0.17,0.82,0.06,0.65,0.08,0.01,0.0,0.227,0.6720588235294118,0.6324527696449299,0.077,,0.007,,0.0,,False,82.0,86.0,82.0,74.0,79.0,77.0,77.0,78.0,80.0,high,high,high,medium,medium,medium,medium,medium,high,2026-05-22
hitter,TOR,PIT,George Springer,543807,1.0,DH,Confirmed,4.74,,,,,1.23,0.59,,,,,1.218489239041519,1.2505432313172404,0.5538093403008115,0.621955407288238,0.801980198019802,0.8488881090484479,0.04703060754906799,0.04837901456560457,,,0.83,0.64,0.46,2.09,0.05,1.12,0.19,0.01,0.0,0.352,1.1238670694864048,1.1179299572418389,0.193,,0.008,,0.0,,False,96.0,99.0,96.0,88.0,93.0,91.0,91.0,92.0,94.0,high,high,high,high,high,high,high,high,high,2026-05-22
hitter,TOR,PIT,Vladimir Guerrero Jr.,665489,2.0,1B,Confirmed,4.74,,,,,0.94,0.66,,,,,0.9220545935260648,0.9562186772083812,0.6499288031874062,0.6700001897200059,0.8694581280788177,0.845332756011014,0.04860468628864632,0.05490778675676094,,,0.86,0.67,0.49,2.15,0.05,1.15,0.19,0.01,0.0,0.362,1.1238670694864048,1.176722529638906,0.186,,0.008,,0.0,,False,96.0,99.0,96.0,88.0,93.0,91.0,91.0,92.0,94.0,high,high,high,high,high,high,high,high,high,2026-05-22
hitter,TOR,PIT,Daulton Varsho,662139,3.0,CF,Confirmed,4.45,,,,,1.46,0.44,,,,,1.3760101652256385,1.5486451152218061,0.4066115995102765,0.46455207697895756,0.7061469265367316,0.6922437462533163,0.05006427048100159,0.056544628782968266,,,0.7,0.57,0.49,1.87,0.05,1.0,0.13,0.01,0.0,0.324,0.9875776397515532,1.0156924358457278,0.131,,0.007,,0.0,,False,96.0,99.0,96.0,88.0,93.0,91.0,91.0,92.0,94.0,high,high,high,high,high,high,high,high,high,2026-05-22
hitter,TOR,PIT,Kazuma Okamoto,672960,4.0,3B,Confirmed,4.7,,,,,1.65,0.58,,,,,1.566483945425611,1.7329431931044619,0.573398558564703,0.579938061005256,0.707983193277311,0.7488046110616344,0.07776002639653842,0.06844811004970094,,,0.73,0.68,0.59,2.16,0.07,1.16,0.15,0.01,0.0,0.364,1.1238670694864048,1.1821021740439372,0.151,,0.008,,0.0,,False,96.0,99.0,96.0,88.0,93.0,91.0,91.0,92.0,94.0,high,high,high,high,high,high,high,high,high,2026-05-22
hitter,TOR,PIT,Yohendrick Piñango,682818,5.0,LF,Confirmed,3.74,,,,,0.92,0.31,,,,,0.8657767173293285,0.9663121134188968,0.3137554364590066,0.3100792025043302,0.5290322580645161,0.5598918762926584,0.030962681746148902,0.026985207969354826,,,0.55,0.44,0.34,1.49,0.03,0.78,0.15,0.01,0.0,0.306,0.7899761336515513,0.7642783689174705,0.149,,0.007,,0.0,,False,96.0,99.0,96.0,88.0,93.0,91.0,91.0,92.0,94.0,high,high,high,high,high,high,high,high,high,2026-05-22
hitter,TOR,PIT,Ernie Clement,676391,6.0,2B,Confirmed,4.27,,,,,0.66,0.31,,,,,0.5849912974473723,0.740632829233352,0.31150709045560043,0.30366205663638546,0.801980198019802,0.8971991133893576,0.026864120402738223,0.03148193516255508,,,0.85,0.46,0.42,1.87,0.03,1.05,0.21,0.01,0.0,0.32,1.001763668430335,1.091696656821085,0.207,,0.01,,0.0,,False,96.0,99.0,96.0,88.0,93.0,91.0,91.0,92.0,94.0,high,high,high,high,high,high,high,high,high,2026-05-22
hitter,TOR,PIT,Jesús Sánchez,660821,7.0,RF,Confirmed,3.48,,,,,0.86,0.17,,,,,0.7985646379434852,0.9133184664779145,0.17700229205474372,0.15436145296560932,0.707983193277311,0.675095841210081,0.0365147025844601,0.03824354143406825,,,0.69,0.32,0.27,1.18,0.04,1.07,0.11,0.01,0.0,0.274,1.1521739130434783,1.0011099497602998,0.11,,0.008,,0.0,,False,96.0,99.0,96.0,88.0,93.0,91.0,91.0,92.0,94.0,high,high,high,high,high,high,high,high,high,2026-05-22
hitter,TOR,PIT,Brandon Valenzuela,678218,8.0,C,Confirmed,3.96,,,,,1.14,0.54,,,,,1.0217548291636274,1.2548763489188484,0.5149827717033888,0.5705689714794637,0.5846774193548387,0.5651908581704924,0.032329836877754065,0.03502699239868119,,,0.57,0.42,0.3,1.42,0.03,0.8,0.15,0.01,0.0,0.332,0.7899761336515513,0.8034593456823216,0.154,,0.006,,0.0,,False,96.0,99.0,96.0,88.0,93.0,91.0,91.0,92.0,94.0,high,high,high,high,high,high,high,high,high,2026-05-22
hitter,TOR,PIT,Andrés Giménez,665926,9.0,SS,Confirmed,3.49,,,,,0.84,0.28,,,,,0.8274605110011889,0.8538472832863606,0.29617298982136986,0.27381591795507926,0.5846774193548387,0.601382983442413,0.033497913649844314,0.0310145891986828,,,0.59,0.37,0.29,1.36,0.03,0.77,0.14,0.01,0.0,0.323,0.7899761336515513,0.7482730444599736,0.143,,0.009,,0.0,,False,96.0,99.0,96.0,88.0,93.0,91.0,91.0,92.0,94.0,high,high,high,high,high,high,high,high,high,2026-05-22
hitter,PIT,TOR,Oneil Cruz,665833,1.0,DH,Confirmed,4.08,,,,,1.5,0.51,,,,,1.5312843434164127,1.4602178390207958,0.5415000263816356,0.4840640171058238,0.8949771689497716,0.8636363813353434,0.1887923343616937,0.18700895434482234,,,0.88,0.36,0.26,1.33,0.19,1.77,0.15,0.01,0.0,0.222,1.914285714285714,1.6522295810837297,0.148,,0.009,,0.0,,False,96.0,99.0,96.0,88.0,93.0,91.0,91.0,92.0,94.0,high,high,high,high,high,high,high,high,high,2026-05-22
hitter,PIT,TOR,Brandon Lowe,664040,2.0,2B,Confirmed,4.18,,,,,1.38,0.42,,,,,1.4467361366378009,1.3159092825745087,0.44470043463449993,0.39185682830020646,1.0980834272829765,0.9318685866880603,0.20352795530742876,0.20314060899553973,,,1.01,0.38,0.3,1.48,0.2,1.8,0.17,0.01,0.0,0.225,1.914285714285714,1.7078001319975693,0.17,,0.009,,0.0,,False,96.0,99.0,96.0,88.0,93.0,91.0,91.0,92.0,94.0,high,high,high,high,high,high,high,high,high,2026-05-22
hitter,PIT,TOR,Nick Gonzales,693304,3.0,3B,Confirmed,3.96,,,,,0.38,0.16,,,,,0.38297052998303704,0.37990545656656555,0.17338587329465988,0.15309003223625445,1.607843137254902,1.243681393887979,0.0869711801834725,0.09740287127172373,,,1.41,0.38,0.34,1.6,0.09,1.81,0.13,0.01,0.0,0.236,1.914285714285714,1.730919385791951,0.134,,0.01,,0.0,,False,96.0,99.0,96.0,88.0,93.0,91.0,91.0,92.0,94.0,high,high,high,high,high,high,high,high,high,2026-05-22
hitter,PIT,TOR,Spencer Horwitz,687462,4.0,1B,Confirmed,3.96,,,,,0.85,0.43,,,,,0.8387200216675784,0.8573436115921034,0.44004438065889295,0.4264266663579852,0.8694581280788177,0.7972056093583646,0.10239137489072606,0.10135982592253853,,,0.83,0.33,0.29,1.32,0.1,1.27,0.13,0.01,0.0,0.208,1.3148148148148149,1.231396673070008,0.125,,0.008,,0.0,,False,96.0,99.0,96.0,88.0,93.0,91.0,91.0,92.0,94.0,high,high,high,high,high,high,high,high,high,2026-05-22
hitter,PIT,TOR,Konnor Griffin,804606,5.0,SS,Confirmed,3.81,,,,,1.22,0.26,,,,,1.2721472633714532,1.172709232453261,0.27865450579145223,0.24205904577354326,0.994208494208494,0.8802430551116558,0.11860170363898609,0.11189821470210472,,,0.93,0.32,0.29,1.31,0.12,1.49,0.14,0.01,0.0,0.206,1.5956790123456794,1.4112260160103294,0.14,,0.011,,0.0,,False,96.0,99.0,96.0,88.0,93.0,91.0,91.0,92.0,94.0,high,high,high,high,high,high,high,high,high,2026-05-22
hitter,PIT,TOR,Jhostynxon Garcia,691373,6.0,CF,Confirmed,3.02,,,,,0.55,0.19,,,,,0.4952847614104492,0.5998127494407678,0.20749685530068554,0.17371543718705812,0.8694581280788177,0.7515850778884874,0.07833899346678846,0.05705468421531356,,,0.8,0.17,0.17,0.76,0.07,1.18,0.1,0.01,0.0,0.167,1.239368165249089,1.1265884104377835,0.102,,0.007,,0.0,,False,96.0,99.0,96.0,88.0,93.0,91.0,91.0,92.0,94.0,high,high,high,high,high,high,high,high,high,2026-05-22
hitter,PIT,TOR,Endy Rodríguez,682848,7.0,C,Confirmed,3.1,,,,,0.48,0.23,,,,,0.4474105453400249,0.5200364898238115,0.25667796340526566,0.20857390331519415,1.0,0.8030346456374776,0.11998385972105552,0.09580818328261881,,,0.89,0.22,0.19,0.94,0.11,1.39,0.12,0.01,0.0,0.204,1.5956790123456794,1.2167299354504657,0.115,,0.008,,0.0,,False,96.0,99.0,96.0,88.0,93.0,91.0,91.0,92.0,94.0,high,high,high,high,high,high,high,high,high,2026-05-22
hitter,PIT,TOR,Esmerlyn Valdez,699013,8.0,RF,Confirmed,1.42,,,,,0.42,0.07,,,,,0.39663737945594735,0.44072328526159565,0.09370223973273066,0.04774437853185702,0.0,0.03920998404069242,0.012632894813419044,0.0013466932840572312,,,0.02,0.08,0.07,0.35,0.01,0.04,0.06,0.01,0.0,0.17,0.0,0.06377852403731617,0.056,,0.006,,0.0,,False,96.0,99.0,96.0,88.0,93.0,91.0,91.0,92.0,94.0,high,high,high,high,high,high,high,high,high,2026-05-22
hitter,PIT,TOR,Jake Mangum,663968,9.0,CF,Confirmed,2.9,,,,,0.65,0.18,,,,,0.6912291025722946,0.6047101349456834,0.19655099281770327,0.16287388056262322,0.707983193277311,0.5758251339876003,0.046254082105112504,0.03678609295737721,,,0.64,0.21,0.18,0.92,0.04,0.92,0.1,0.01,0.0,0.2,1.001763668430335,0.8458235794680548,0.095,,0.007,,0.0,,False,96.0,99.0,96.0,88.0,93.0,91.0,91.0,92.0,94.0,high,high,high,high,high,high,high,high,high,2026-05-22
hitter,BOS,MIN,Jarren Duran,680776,1.0,LF,Confirmed,4.04,,,,,1.4,0.37,,,,,1.4568754470390035,1.3459559145961115,0.3619554264507536,0.3684969303154636,0.8770949720670391,0.8879910506623756,0.04031528703692488,0.02821826611184156,,,0.88,0.39,0.3,1.27,0.03,1.28,0.11,0.01,0.0,0.246,1.3148148148148149,1.255110343224857,0.108,,0.014,,0.0,,False,96.0,99.0,96.0,88.0,93.0,91.0,91.0,92.0,94.0,high,high,high,high,high,high,high,high,high,2026-05-22
hitter,BOS,MIN,Ceddanne Rafaela,678882,2.0,CF,Confirmed,4.08,,,,,1.15,0.24,,,,,1.1362225643533355,1.1648813458630505,0.2769307532508938,0.21277051255421303,0.994208494208494,0.9801195439875363,0.04449504579021872,0.034070448912936736,,,0.99,0.37,0.29,1.3,0.04,1.32,0.14,0.01,0.0,0.229,1.3148148148148149,1.3235152984364877,0.141,,0.008,,0.0,,False,96.0,99.0,96.0,88.0,93.0,91.0,91.0,92.0,94.0,high,high,high,high,high,high,high,high,high,2026-05-22
hitter,BOS,MIN,Wilyer Abreu,677800,3.0,RF,Confirmed,4.08,,,,,1.25,0.38,,,,,1.2050243658403577,1.3004968267493353,0.3887247344239374,0.37751226620989947,0.8694581280788177,0.789251586819411,0.039084572594437476,0.030916950150418197,,,0.83,0.41,0.34,1.39,0.04,1.17,0.11,0.01,0.0,0.255,1.239368165249089,1.1200374325502898,0.108,,0.007,,0.0,,False,96.0,99.0,96.0,88.0,93.0,91.0,91.0,92.0,94.0,high,high,high,high,high,high,high,high,high,2026-05-22
hitter,BOS,MIN,Willson Contreras,575929,4.0,1B,Confirmed,4.18,,,,,1.48,0.35,,,,,1.5433548059520241,1.4250768013189326,0.33688055359645863,0.35739083378612413,0.994208494208494,0.9233604165743204,0.061238708883172864,0.06322886431520607,,,0.96,0.4,0.36,1.35,0.06,1.33,0.11,0.01,0.0,0.24,1.3148148148148149,1.337273600174991,0.114,,0.007,,0.0,,False,96.0,99.0,96.0,88.0,93.0,91.0,91.0,92.0,94.0,high,high,high,high,high,high,high,high,high,2026-05-22
hitter,BOS,MIN,Andruw Monasterio,655316,5.0,DH,Confirmed,3.74,,,,,0.82,0.49,,,,,0.8259456254884423,0.8129792360990999,0.5488728869689544,0.42535819366840677,1.0,0.8405362602197698,0.03607104242983415,0.04672779868467001,,,0.91,0.3,0.26,1.09,0.04,1.19,0.11,0.01,0.0,0.209,1.239368165249089,1.1540555103850647,0.114,,0.007,,0.0,,False,96.0,99.0,96.0,88.0,93.0,91.0,91.0,92.0,94.0,high,high,high,high,high,high,high,high,high,2026-05-22
hitter,BOS,MIN,Nick Sogard,686765,6.0,3B,Confirmed,3.74,,,,,1.18,0.23,,,,,1.107883046425072,1.2504783515355518,0.2416062036552025,0.22714639525668423,0.8694581280788177,0.7759284287368612,0.026284356044402723,0.01524493411880776,,,0.82,0.26,0.26,1.05,0.02,1.14,0.13,0.01,0.0,0.208,1.239368165249089,1.065262702284612,0.135,,0.009,,0.0,,False,96.0,99.0,96.0,88.0,93.0,91.0,91.0,92.0,94.0,high,high,high,high,high,high,high,high,high,2026-05-22
hitter,BOS,MIN,Marcelo Mayer,691785,7.0,2B,Confirmed,3.81,,,,,1.13,0.28,,,,,1.0124787737265308,1.2388499504914199,0.28450603944947983,0.28392642564320836,0.801980198019802,0.8033499759009569,0.03248036022710877,0.031237860151822085,,,0.8,0.28,0.24,1.05,0.03,1.08,0.12,0.01,0.0,0.212,1.1521739130434783,1.0269343416364256,0.121,,0.008,,0.0,,False,96.0,99.0,96.0,88.0,93.0,91.0,91.0,92.0,94.0,high,high,high,high,high,high,high,high,high,2026-05-22
hitter,BOS,MIN,Carlos Narváez,665966,8.0,C,Confirmed,3.58,,,,,1.32,0.34,,,,,1.3269972142981508,1.3080975763273541,0.3381319012169606,0.3457879547209495,0.707983193277311,0.664109952859583,0.04186941534116753,0.04167932475126729,,,0.68,0.26,0.22,0.9,0.04,1.04,0.1,0.01,0.0,0.221,1.1238670694864048,0.9688217353024694,0.1,,0.007,,0.0,,False,96.0,99.0,96.0,88.0,93.0,91.0,91.0,92.0,94.0,high,high,high,high,high,high,high,high,high,2026-05-22
hitter,BOS,MIN,Caleb Durbin,702332,9.0,3B,Confirmed,3.1,,,,,0.56,0.2,,,,,0.5613134832745404,0.5638794808358403,0.2192309619954062,0.18373022882225779,0.7715355805243446,0.6849292190949046,0.024378257372924327,0.012947143115466136,,,0.72,0.21,0.18,0.81,0.02,0.92,0.12,0.01,0.0,0.205,1.001763668430335,0.8447020857931281,0.118,,0.007,,0.0,,False,96.0,99.0,96.0,88.0,93.0,91.0,91.0,92.0,94.0,high,high,high,high,high,high,high,high,high,2026-05-22
hitter,MIN,BOS,Byron Buxton,621439,1.0,DH,Confirmed,3.96,,,,,0.7,0.47,,,,,0.6490090160928751,0.7475313707433653,0.4934115367847527,0.43669116634466637,0.8694581280788177,0.769348739219883,0.3041926008498349,0.2996329839679547,,,0.81,0.38,0.32,1.35,0.3,1.91,0.13,0.01,0.0,0.235,2.057017543859649,1.784440360139908,0.131,,0.009,,0.0,,False,96.0,99.0,96.0,88.0,93.0,91.0,91.0,92.0,94.0,high,high,high,high,high,high,high,high,high,2026-05-22
hitter,MIN,BOS,Brooks Lee,686797,2.0,3B,Confirmed,3.54,,,,,0.56,0.17,,,,,0.5599788657101809,0.5522749945059203,0.18175019845436693,0.16120664325731443,0.707983193277311,0.6208569610415356,0.028673339455234845,0.0283030985803967,,,0.66,0.35,0.29,1.35,0.03,0.93,0.12,0.01,0.0,0.24,1.001763668430335,0.8746084828327261,0.118,,0.007,,0.0,,False,96.0,99.0,96.0,88.0,93.0,91.0,91.0,92.0,94.0,high,high,high,high,high,high,high,high,high,2026-05-22
hitter,MIN,BOS,Austin Martin,668885,3.0,RF,Confirmed,3.96,,,,,0.55,0.29,,,,,0.5254979234586008,0.5697889081650059,0.28699593039487514,0.2950177452365973,0.7715355805243446,0.687583062194666,0.025352518549889076,0.014907899632694519,,,0.73,0.36,0.31,1.37,0.02,0.98,0.11,0.01,0.0,0.222,1.001763668430335,0.9557856915621766,0.115,,0.006,,0.0,,False,96.0,99.0,96.0,88.0,93.0,91.0,91.0,92.0,94.0,high,high,high,high,high,high,high,high,high,2026-05-22
hitter,MIN,BOS,Josh Bell,605137,4.0,1B,Confirmed,3.58,,,,,0.47,0.34,,,,,0.49968323587645813,0.44414521598911866,0.37301836729185944,0.30320137623922805,0.8770949720670391,0.7361842810750392,0.2657406529218336,0.21787180406139126,,,0.8,0.36,0.34,1.35,0.24,1.68,0.12,0.01,0.0,0.245,1.914285714285714,1.491468234072807,0.118,,0.006,,0.0,,False,96.0,99.0,96.0,88.0,93.0,91.0,91.0,92.0,94.0,high,high,high,high,high,high,high,high,high,2026-05-22
hitter,MIN,BOS,Gabriel Gonzalez,694224,5.0,LF,Confirmed,2.26,,,,,0.52,0.26,,,,,0.5395056951677032,0.4973789918078448,0.3198081005811595,0.20834896543398818,0.5846774193548387,0.40015740893011037,0.024030833702608313,0.009943614261474143,,,0.48,0.19,0.17,0.69,0.02,0.63,0.07,0.01,0.0,0.204,0.7899761336515513,0.5071429158104633,0.074,,0.006,,0.0,,False,96.0,99.0,96.0,88.0,93.0,91.0,91.0,92.0,94.0,high,high,high,high,high,high,high,high,high,2026-05-22
hitter,MIN,BOS,Ryan Kreidler,668952,6.0,SS,Confirmed,3.02,,,,,0.59,0.35,,,,,0.5605322375320246,0.6133266362269753,0.3724673410532492,0.3238098413230308,0.4803149606299212,0.43744914690046577,0.16217015254544942,0.11957333260377014,,,0.46,0.21,0.22,0.84,0.14,1.1,0.08,0.01,0.0,0.201,1.1521739130434783,1.0550422119625948,0.08,,0.006,,0.0,,False,96.0,99.0,96.0,88.0,93.0,91.0,91.0,92.0,94.0,high,high,high,high,high,high,high,high,high,2026-05-22
hitter,MIN,BOS,Kody Clemens,665019,7.0,1B,Confirmed,3.48,,,,,0.59,0.32,,,,,0.5696791855722837,0.6169807806597747,0.33735937538190053,0.30343631982094654,0.707983193277311,0.6606087146699734,0.1944078548034674,0.20432910814124075,,,0.68,0.22,0.21,0.85,0.2,1.35,0.11,0.01,0.0,0.181,1.3893129770992367,1.3239617730120534,0.108,,0.007,,0.0,,False,96.0,99.0,96.0,88.0,93.0,91.0,91.0,92.0,94.0,high,high,high,high,high,high,high,high,high,2026-05-22
hitter,MIN,BOS,Luke Keaschall,807712,8.0,2B,Confirmed,3.33,,,,,0.36,0.32,,,,,0.4174324933203327,0.3086732585831419,0.3196562740139185,0.32808985220310977,0.801980198019802,0.6595123187728785,0.10648578237978717,0.09024201434517824,,,0.72,0.25,0.22,1.06,0.1,1.21,0.1,0.01,0.0,0.216,1.3148148148148149,1.126506947924996,0.102,,0.008,,0.0,,False,96.0,99.0,96.0,88.0,93.0,91.0,91.0,92.0,94.0,high,high,high,high,high,high,high,high,high,2026-05-22
hitter,MIN,BOS,Alex Jackson,656577,9.0,C,Confirmed,3.02,,,,,1.09,0.29,,,,,1.1982832332155062,0.9740814266736473,0.3050916968281915,0.27302315716151637,0.4803149606299212,0.38705929320092836,0.04972538160559612,0.029866675555169836,,,0.43,0.2,0.19,0.81,0.04,0.65,0.08,0.01,0.0,0.188,0.6720588235294118,0.633207711345797,0.077,,0.006,,0.0,,False,96.0,99.0,96.0,88.0,93.0,91.0,91.0,92.0,94.0,high,high,high,high,high,high,high,high,high,2026-05-22
hitter,MIA,NYM,Xavier Edwards,669364,1.0,2B,Confirmed,4.18,,,,,0.82,0.37,,,,,0.7524113460338578,0.8898835469061576,0.35921748539249687,0.37638113105642723,0.7715355805243446,0.7454605979827092,0.11593591042421675,0.15118285323417183,,,0.76,0.42,0.28,1.5,0.13,1.35,0.12,0.01,0.0,0.261,1.3148148148148149,1.3715930173396382,0.123,,0.01,,0.0,,False,96.0,99.0,96.0,88.0,93.0,91.0,91.0,92.0,94.0,high,high,high,high,high,high,high,high,high,2026-05-22
hitter,MIA,NYM,Liam Hicks,689414,2.0,1B,Confirmed,3.49,,,,,0.75,0.27,,,,,0.7074053580563052,0.7919350047652967,0.2835996719313556,0.25476857124468194,0.5846774193548387,0.4841183910574324,0.13885225080751412,0.1291021607393921,,,0.53,0.35,0.23,1.22,0.13,1.04,0.13,0.01,0.0,0.262,1.1521739130434783,0.9520845759366701,0.132,,0.008,,0.0,,False,96.0,99.0,96.0,88.0,93.0,91.0,91.0,92.0,94.0,high,high,high,high,high,high,high,high,high,2026-05-22
hitter,MIA,NYM,Connor Norby,681393,3.0,3B,Confirmed,4.18,,,,,1.39,0.16,,,,,1.3350635702421643,1.4534725928484191,0.14286415611147885,0.18410591871755608,0.6434108527131783,0.6972099159157779,0.027952740206711887,0.03898927227537796,,,0.67,0.43,0.32,1.52,0.03,0.88,0.15,0.01,0.0,0.268,0.8408408408408409,0.9089088776603746,0.145,,0.01,,0.0,,False,96.0,99.0,96.0,88.0,93.0,91.0,91.0,92.0,94.0,high,high,high,high,high,high,high,high,high,2026-05-22
hitter,MIA,NYM,Kyle Stowers,669065,4.0,DH,Confirmed,4.25,,,,,1.66,0.46,,,,,1.6549887797727947,1.672027262106856,0.46836830672995056,0.4444681521761143,0.707983193277311,0.6687543540541236,0.31490441325481533,0.2760028435034673,,,0.69,0.42,0.32,1.46,0.3,1.73,0.12,0.01,0.0,0.264,1.684375,1.7739820652485192,0.123,,0.007,,0.0,,False,96.0,99.0,96.0,88.0,93.0,91.0,91.0,92.0,94.0,high,high,high,high,high,high,high,high,high,2026-05-22
hitter,MIA,NYM,Jakob Marsee,805300,5.0,CF,Confirmed,4.18,,,,,1.44,0.53,,,,,1.4244503210945898,1.4590195049105545,0.5599525175470951,0.5027214346539841,0.707983193277311,0.752669810385122,0.23209890148188628,0.23886012469887985,,,0.73,0.42,0.3,1.43,0.24,1.58,0.15,0.01,0.0,0.275,1.5956790123456794,1.5729217207492714,0.15,,0.013,,0.0,,False,96.0,99.0,96.0,88.0,93.0,91.0,91.0,92.0,94.0,high,high,high,high,high,high,high,high,high,2026-05-22
hitter,MIA,NYM,Esteury Ruiz,665923,6.0,RF,Confirmed,1.64,,,,,0.95,0.08,,,,,1.1552644454703995,0.7386867830900966,0.1118761638807944,0.05240935505586607,0.2543859649122807,0.14830009337746458,0.09819008107130714,0.06475814888556602,,,0.2,0.13,0.11,0.49,0.08,0.48,0.08,0.01,0.0,0.244,0.5302013422818792,0.43269753752401346,0.076,,0.006,,0.0,,False,96.0,99.0,96.0,88.0,93.0,91.0,91.0,92.0,94.0,high,high,high,high,high,high,high,high,high,2026-05-22
hitter,MIA,NYM,Owen Caissie,683357,7.0,RF,Confirmed,2.9,,,,,1.32,0.19,,,,,1.341231146112923,1.2905424786005963,0.19953652774380568,0.19025964886150898,0.4125159642401022,0.36025852519145324,0.1511285512891573,0.12844975330460484,,,0.38,0.21,0.16,0.79,0.14,0.93,0.09,0.01,0.0,0.221,1.001763668430335,0.8691306427060785,0.093,,0.007,,0.0,,False,96.0,99.0,96.0,88.0,93.0,91.0,91.0,92.0,94.0,high,high,high,high,high,high,high,high,high,2026-05-22
hitter,MIA,NYM,Joe Mack,691788,8.0,C,Confirmed,3.1,,,,,1.34,0.18,,,,,1.3828479062369141,1.3061315084106238,0.19410588747177626,0.17489093060700564,0.4125159642401022,0.34509532023665224,0.14125444500013631,0.15071843603707713,,,0.38,0.21,0.16,0.79,0.15,0.92,0.1,0.01,0.0,0.211,0.9875776397515532,0.8558468569803214,0.102,,0.007,,0.0,,False,96.0,99.0,96.0,88.0,93.0,91.0,91.0,92.0,94.0,high,high,high,high,high,high,high,high,high,2026-05-22
hitter,MIA,NYM,Javier Sanoja,691594,9.0,LF,Confirmed,3.81,,,,,0.73,0.19,,,,,0.6357783008007274,0.8170117767829715,0.18919083350292507,0.20052931466008667,0.7061469265367316,0.6904965476793195,0.15661218271142371,0.1499390236966368,,,0.7,0.31,0.26,1.28,0.15,1.21,0.16,0.01,0.0,0.243,1.239368165249089,1.1878120604996236,0.162,,0.011,,0.0,,False,96.0,99.0,96.0,88.0,93.0,91.0,91.0,92.0,94.0,high,high,high,high,high,high,high,high,high,2026-05-22
hitter,NYM,MIA,Carson Benge,701807,1.0,RF,Confirmed,4.25,,,,,0.93,0.15,,,,,0.8967609691792416,0.9561314791179669,0.1444880792990326,0.15728163816535512,0.7061469265367316,0.6844237129345992,0.035249825756440256,0.04704027160721797,,,0.69,0.56,0.45,1.9,0.04,0.98,0.14,0.01,0.0,0.323,0.9875776397515532,0.9784248766054796,0.136,,0.008,,0.0,,False,96.0,99.0,96.0,88.0,93.0,91.0,91.0,92.0,94.0,high,high,high,high,high,high,high,high,high,2026-05-22
hitter,NYM,MIA,Bo Bichette,666182,2.0,3B,Confirmed,4.61,,,,,0.89,0.19,,,,,0.8565682623728769,0.9304020961575584,0.18980471853066733,0.18237331160846382,0.707983193277311,0.8256870306612526,0.026431637199380843,0.023202226306385094,,,0.77,0.67,0.5,2.27,0.02,0.96,0.18,0.01,0.0,0.367,0.8408408408408409,1.0513318574587114,0.182,,0.007,,0.0,,False,96.0,99.0,96.0,88.0,93.0,91.0,91.0,92.0,94.0,high,high,high,high,high,high,high,high,high,2026-05-22
hitter,NYM,MIA,Juan Soto,665742,3.0,DH,Confirmed,4.57,,,,,1.2,0.39,,,,,1.2318097709347113,1.1597937029257677,0.36997400619386267,0.4065003104729782,0.7061469265367316,0.8116288601202046,0.06932912757163104,0.10902555978896486,,,0.76,0.84,0.71,2.55,0.09,1.15,0.12,0.01,0.0,0.468,1.001763668430335,1.279355797490088,0.122,,0.007,,0.0,,False,96.0,99.0,96.0,88.0,93.0,91.0,91.0,92.0,94.0,high,high,high,high,high,high,high,high,high,2026-05-22
hitter,NYM,MIA,Mark Vientos,668901,4.0,1B,Confirmed,4.25,,,,,1.29,0.12,,,,,1.186533698407727,1.3872769174551796,0.13838653808984916,0.10564476649778114,0.6434108527131783,0.6813346361573064,0.03465793300533713,0.047304004805554994,,,0.66,0.62,0.59,2.1,0.04,0.88,0.15,0.01,0.0,0.351,0.8408408408408409,0.9142410025381541,0.153,,0.008,,0.0,,False,96.0,99.0,96.0,88.0,93.0,91.0,91.0,92.0,94.0,high,high,high,high,high,high,high,high,high,2026-05-22
hitter,NYM,MIA,Brett Baty,683146,5.0,3B,Confirmed,3.81,,,,,1.26,0.17,,,,,1.2222342421946255,1.2941518462518546,0.18868138443109034,0.15991439593775666,0.4803149606299212,0.5614031252972477,0.0321133441551919,0.03458559449367079,,,0.52,0.48,0.41,1.61,0.03,0.72,0.11,0.01,0.0,0.323,0.6720588235294118,0.7519349361788302,0.115,,0.008,,0.0,,False,96.0,99.0,96.0,88.0,93.0,91.0,91.0,92.0,94.0,high,high,high,high,high,high,high,high,high,2026-05-22
hitter,NYM,MIA,Marcus Semien,543760,6.0,2B,Confirmed,4.27,,,,,0.96,0.18,,,,,0.9027810300105458,1.0138413884007964,0.18337600549230906,0.18615030869604973,0.5846774193548387,0.6617886161802888,0.025027962626822234,0.030273478508956193,,,0.63,0.49,0.48,1.84,0.03,0.81,0.15,0.01,0.0,0.331,0.7899761336515513,0.8317208272140303,0.15,,0.008,,0.0,,False,96.0,99.0,96.0,88.0,93.0,91.0,91.0,92.0,94.0,high,high,high,high,high,high,high,high,high,2026-05-22
hitter,NYM,MIA,A.J. Ewing,805999,7.0,CF,Confirmed,4.08,,,,,1.39,0.26,,,,,1.3019249894597689,1.4828165671503142,0.25037423206611353,0.2757143392943871,0.4803149606299212,0.5662212161768156,0.03480438206339447,0.03632903641855871,,,0.53,0.46,0.37,1.55,0.04,0.88,0.13,0.01,0.0,0.34,0.8408408408408409,0.9030390351422004,0.135,,0.008,,0.0,,False,96.0,99.0,96.0,88.0,93.0,91.0,91.0,92.0,94.0,high,high,high,high,high,high,high,high,high,2026-05-22
hitter,NYM,MIA,Nick Morabito,703492,8.0,LF,Confirmed,2.9,,,,,0.69,0.07,,,,,0.6325725781016681,0.7405562300278176,0.09078801884613641,0.052403677030497156,0.5290322580645161,0.4404904764019986,0.06576502108589943,0.07923619106482792,,,0.48,0.29,0.26,1.08,0.07,0.95,0.11,0.01,0.0,0.293,0.9875776397515532,0.9197063857956671,0.109,,0.007,,0.0,,False,96.0,99.0,96.0,88.0,93.0,91.0,91.0,92.0,94.0,high,high,high,high,high,high,high,high,high,2026-05-22
hitter,NYM,MIA,Luis Torrens,620443,9.0,C,Confirmed,3.19,,,,,0.93,0.11,,,,,0.8913795900721165,0.9731080794586972,0.11706045392058619,0.10150682908448842,0.4125159642401022,0.40110763854562603,0.01731540544883204,0.016525123202575424,,,0.41,0.35,0.3,1.29,0.02,0.6,0.11,0.01,0.0,0.317,0.6289308176100628,0.5691383649819797,0.106,,0.007,,0.0,,False,96.0,99.0,96.0,88.0,93.0,91.0,91.0,92.0,94.0,high,high,high,high,high,high,high,high,high,2026-05-22
hitter,BAL,DET,Taylor Ward,621493,1.0,LF,Confirmed,4.25,,,,,1.36,0.65,,,,,1.36507627940968,1.3625932844771413,0.6560871101071217,0.6508111631936757,0.801980198019802,0.8185436369380626,0.07439360094421768,0.0469496389023885,,,0.81,0.52,0.44,1.83,0.06,1.28,0.16,0.01,0.0,0.296,1.239368165249089,1.3079291864473266,0.156,,0.007,,0.0,,False,96.0,99.0,96.0,88.0,93.0,91.0,91.0,92.0,94.0,high,high,high,high,high,high,high,high,high,2026-05-22
hitter,BAL,DET,Gunnar Henderson,683002,2.0,SS,Confirmed,4.25,,,,,1.19,0.46,,,,,1.1265202133030816,1.2572526243766877,0.49640880162303924,0.4334633099596958,0.8888888888888888,0.8303228139496254,0.059985511248188524,0.05020405204217976,,,0.86,0.51,0.42,1.93,0.06,1.2,0.19,0.01,0.0,0.289,1.239368165249089,1.1636128754670743,0.189,,0.009,,0.0,,False,96.0,99.0,96.0,88.0,93.0,91.0,91.0,92.0,94.0,high,high,high,high,high,high,high,high,high,2026-05-22
hitter,BAL,DET,Adley Rutschman,668939,3.0,C,Confirmed,4.18,,,,,0.89,0.43,,,,,0.8908699522701454,0.8880154564438784,0.45321805811956395,0.41545115056798937,0.8694581280788177,0.8183032810945517,0.0653285912236409,0.06417883959243374,,,0.84,0.46,0.44,1.78,0.06,1.11,0.18,0.01,0.0,0.268,1.1521739130434783,1.0757520726954348,0.182,,0.008,,0.0,,False,96.0,99.0,96.0,88.0,93.0,91.0,91.0,92.0,94.0,high,high,high,high,high,high,high,high,high,2026-05-22
hitter,BAL,DET,Pete Alonso,624413,4.0,1B,Confirmed,4.39,,,,,1.33,0.47,,,,,1.3293127687901054,1.3392270000360134,0.47326287382582777,0.4571732812734243,0.8949771689497716,0.8715494179938738,0.09368671286375477,0.07702182626922391,,,0.88,0.56,0.56,2.11,0.09,1.36,0.2,0.01,0.0,0.305,1.3893129770992367,1.329692340690295,0.201,,0.008,,0.0,,False,96.0,99.0,96.0,88.0,93.0,91.0,91.0,92.0,94.0,high,high,high,high,high,high,high,high,high,2026-05-22
hitter,BAL,DET,Samuel Basallo,694212,5.0,DH,Confirmed,4.04,,,,,1.26,0.32,,,,,1.2304952113533412,1.2845960215722965,0.32202598119156567,0.31715959558793727,0.707983193277311,0.7078115598036394,0.06471356219998747,0.053586358870407066,,,0.71,0.43,0.42,1.65,0.06,1.11,0.18,0.01,0.0,0.256,1.1521739130434783,1.0771088741740562,0.176,,0.008,,0.0,,False,96.0,99.0,96.0,88.0,93.0,91.0,91.0,92.0,94.0,high,high,high,high,high,high,high,high,high,2026-05-22
hitter,BAL,DET,Leody Taveras,665750,6.0,CF,Confirmed,3.74,,,,,1.13,0.22,,,,,1.0508268443187867,1.2123174366876253,0.2060020936053872,0.2412275164381385,0.7061469265367316,0.6689750982652037,0.08455471768349157,0.11190711047503399,,,0.69,0.31,0.33,1.34,0.1,1.04,0.15,0.01,0.0,0.231,1.001763668430335,1.0706209244823326,0.151,,0.007,,0.0,,False,96.0,99.0,96.0,88.0,93.0,91.0,91.0,92.0,94.0,high,high,high,high,high,high,high,high,high,2026-05-22
hitter,BAL,DET,Colton Cowser,681297,7.0,RF,Confirmed,3.02,,,,,1.21,0.31,,,,,1.2426306719097795,1.1814376080660887,0.3237075237093586,0.29802434786666654,0.4125159642401022,0.3725725559536599,0.035801864048652474,0.025457713348761252,,,0.39,0.21,0.2,0.82,0.03,0.61,0.1,0.01,0.0,0.193,0.6720588235294118,0.5615043260559429,0.1,,0.007,,0.0,,False,96.0,99.0,96.0,88.0,93.0,91.0,91.0,92.0,94.0,high,high,high,high,high,high,high,high,high,2026-05-22
hitter,BAL,DET,Coby Mayo,691723,8.0,3B,Confirmed,3.49,,,,,1.29,0.19,,,,,1.277948590628764,1.2926213306352012,0.20876979361274844,0.16342330697699398,0.5846774193548387,0.5359298952413046,0.17470700876249362,0.16029550602959394,,,0.56,0.32,0.32,1.3,0.17,1.11,0.14,0.01,0.0,0.251,1.1521739130434783,1.0773703545505637,0.138,,0.006,,0.0,,False,96.0,99.0,96.0,88.0,93.0,91.0,91.0,92.0,94.0,high,high,high,high,high,high,high,high,high,2026-05-22
hitter,BAL,DET,Jackson Holliday,702616,9.0,2B,Confirmed,3.89,,,,,1.06,0.44,,,,,1.033293882099276,1.0919947846996925,0.44911994764571217,0.43106062359812497,0.707983193277311,0.6830051426401028,0.04611544017155093,0.045051253644346916,,,0.69,0.36,0.34,1.5,0.05,1.01,0.13,0.01,0.0,0.253,1.001763668430335,1.0204141334041767,0.134,,0.009,,0.0,,False,96.0,99.0,96.0,88.0,93.0,91.0,91.0,92.0,94.0,high,high,high,high,high,high,high,high,high,2026-05-22
hitter,DET,BAL,Kevin McGonigle,805808,1.0,SS,Confirmed,3.33,,,,,0.68,0.52,,,,,0.6733053905322666,0.6836398187503069,0.5885202845028026,0.4611077219647864,0.4125159642401022,0.3647910158680358,0.029920627876030777,0.027875788895338087,,,0.39,0.33,0.22,1.08,0.03,0.49,0.09,0.01,0.0,0.26,0.5302013422818792,0.4519814570846997,0.093,,0.007,,0.0,,False,96.0,99.0,96.0,88.0,93.0,91.0,91.0,92.0,94.0,high,high,high,high,high,high,high,high,high,2026-05-22
hitter,DET,BAL,Dillon Dingler,693307,2.0,C,Confirmed,3.1,,,,,0.93,0.29,,,,,0.9504675516009068,0.9165598261623412,0.31264264014753984,0.262005467408829,0.4125159642401022,0.3549337242086221,0.03365933216465776,0.019282767567641485,,,0.38,0.35,0.27,1.27,0.03,0.54,0.09,0.01,0.0,0.282,0.6289308176100628,0.46088834983271637,0.089,,0.007,,0.0,,False,96.0,99.0,96.0,88.0,93.0,91.0,91.0,92.0,94.0,high,high,high,high,high,high,high,high,high,2026-05-22
hitter,DET,BAL,Jahmai Jones,663330,3.0,DH,Confirmed,1.64,,,,,0.64,0.19,,,,,0.7293572970472223,0.5493746477766049,0.22821580981195844,0.151125986430561,0.23333333333333334,0.09125035576871354,0.018352891073703803,0.006024747325560231,,,0.16,0.16,0.12,0.54,0.01,0.24,0.07,0.01,0.0,0.267,0.3888888888888889,0.11727876665021265,0.071,,0.006,,0.0,,False,96.0,99.0,96.0,88.0,93.0,91.0,91.0,92.0,94.0,high,high,high,high,high,high,high,high,high,2026-05-22
hitter,DET,BAL,Riley Greene,682985,4.0,LF,Confirmed,3.33,,,,,1.14,0.39,,,,,1.122298134833047,1.1556386598918522,0.4056573704182216,0.37399559441445823,0.4803149606299212,0.37082711722754974,0.03464754008164531,0.011608145753217542,,,0.42,0.37,0.31,1.33,0.02,0.57,0.09,0.01,0.0,0.285,0.6720588235294118,0.49435999947884346,0.095,,0.007,,0.0,,False,96.0,99.0,96.0,88.0,93.0,91.0,91.0,92.0,94.0,high,high,high,high,high,high,high,high,high,2026-05-22
hitter,DET,BAL,Spencer Torkelson,679529,5.0,1B,Confirmed,3.74,,,,,1.24,0.51,,,,,1.2644364923030957,1.2232509254378825,0.5389701919209736,0.4830043577756867,0.5290322580645161,0.5778580528112517,0.05212131683811301,0.04786629352206743,,,0.56,0.44,0.37,1.51,0.05,0.81,0.11,0.01,0.0,0.298,0.8408408408408409,0.790739820420595,0.113,,0.006,,0.0,,False,96.0,99.0,96.0,88.0,93.0,91.0,91.0,92.0,94.0,high,high,high,high,high,high,high,high,high,2026-05-22
hitter,DET,BAL,Wenceel Pérez,672761,6.0,CF,Confirmed,3.33,,,,,0.92,0.36,,,,,0.8845842501134896,0.955777618759372,0.3881184583856546,0.3245648997958422,0.4803149606299212,0.45369976416520474,0.029960444210959194,0.020423186846010025,,,0.47,0.35,0.33,1.39,0.03,0.66,0.09,0.01,0.0,0.297,0.6720588235294118,0.6451271892400541,0.092,,0.007,,0.0,,False,96.0,99.0,96.0,88.0,93.0,91.0,91.0,92.0,94.0,high,high,high,high,high,high,high,high,high,2026-05-22
hitter,DET,BAL,Zach McKinstry,656716,7.0,RF,Confirmed,3.09,,,,,0.75,0.32,,,,,0.7465090941153023,0.746434874697075,0.35272099789289924,0.2805006084250885,0.4125159642401022,0.37006057623511224,0.02297476015966955,0.01823225451343839,,,0.39,0.32,0.26,1.28,0.02,0.64,0.11,0.02,0.0,0.296,0.6720588235294118,0.6224585576032954,0.107,,0.02,,0.0,,False,96.0,99.0,96.0,88.0,93.0,91.0,91.0,92.0,94.0,high,high,high,high,high,high,high,high,high,2026-05-22
hitter,DET,BAL,Gage Workman,669398,8.0,3B,Confirmed,2.77,,,,,1.09,0.22,,,,,1.1357362217404692,1.0375027693696284,0.25309827972775584,0.19503032600273737,0.4125159642401022,0.2616676164892241,0.026233719134376988,0.017640401490856515,,,0.33,0.24,0.21,0.86,0.02,0.45,0.09,0.01,0.0,0.253,0.5302013422818792,0.37754639572463,0.088,,0.009,,0.0,,False,96.0,99.0,96.0,88.0,93.0,91.0,91.0,92.0,94.0,high,high,high,high,high,high,high,high,high,2026-05-22
hitter,DET,BAL,Hao-Yu Lee,701678,9.0,2B,Confirmed,1.64,,,,,0.64,0.15,,,,,0.7316974162208763,0.5547005799206521,0.18188227402769191,0.11115132603197474,0.2543859649122807,0.12233879508525232,0.016664972524519345,0.0028457376064215858,,,0.18,0.16,0.13,0.62,0.01,0.26,0.07,0.01,0.0,0.292,0.3888888888888889,0.1571977517837563,0.067,,0.006,,0.0,,False,96.0,99.0,96.0,88.0,93.0,91.0,91.0,92.0,94.0,high,high,high,high,high,high,high,high,high,2026-05-22
hitter,ATL,WSH,Ronald Acuña Jr.,660670,1.0,RF,Confirmed,4.25,,,,,0.88,0.19,,,,,0.8888972877279039,0.8773728577303421,0.18319550907696944,0.1911442520776502,1.1391752577319587,1.145649636203651,0.2720524959358319,0.281130894904337,,,1.14,0.69,0.6,2.39,0.28,2.34,0.18,0.01,0.0,0.382,2.456692913385827,2.248114007550954,0.179,,0.007,,0.0,,False,96.0,99.0,96.0,88.0,93.0,91.0,91.0,92.0,94.0,high,high,high,high,high,high,high,high,high,2026-05-22
hitter,ATL,WSH,Mauricio Dubón,643289,2.0,3B,Confirmed,3.1,,,,,0.32,0.07,,,,,0.31696922915898207,0.3132798974294859,0.08851499145912582,0.05529316767016779,0.8694581280788177,0.6984288889705619,0.08023931055647468,0.08075491290374215,,,0.78,0.35,0.28,1.34,0.08,1.18,0.1,0.01,0.0,0.272,1.3148148148148149,1.0709135245945105,0.103,,0.008,,0.0,,False,96.0,99.0,96.0,88.0,93.0,91.0,91.0,92.0,94.0,high,high,high,high,high,high,high,high,high,2026-05-22
hitter,ATL,WSH,Matt Olson,621566,3.0,1B,Confirmed,4.51,,,,,0.96,0.24,,,,,0.9804490947252332,0.9374502025399755,0.24326959939542592,0.23296607684416812,1.1391752577319587,1.2641761834213918,0.39244083537569796,0.4307760791434556,,,1.21,0.74,0.73,2.57,0.41,2.67,0.25,0.01,0.0,0.399,2.552380952380952,2.758638361594899,0.252,,0.01,,0.0,,False,96.0,99.0,96.0,88.0,93.0,91.0,91.0,92.0,94.0,high,high,high,high,high,high,high,high,high,2026-05-22
hitter,ATL,WSH,Ozzie Albies,645277,4.0,2B,Confirmed,4.25,,,,,0.41,0.16,,,,,0.44388614826248807,0.3688675759491559,0.15808370981154535,0.1639058376258275,1.0980834272829765,1.2243648353214684,0.21346121672575016,0.19659019987639603,,,1.17,0.61,0.58,2.28,0.21,1.97,0.21,0.01,0.0,0.344,2.057017543859649,1.906452065996649,0.209,,0.011,,0.0,,False,96.0,99.0,96.0,88.0,93.0,91.0,91.0,92.0,94.0,high,high,high,high,high,high,high,high,high,2026-05-22
hitter,ATL,WSH,Michael Harris II,671739,5.0,CF,Confirmed,4.18,,,,,0.64,0.07,,,,,0.6585269733438105,0.6282910053119347,0.08484249135603383,0.04809429054743778,1.1391752577319587,1.212874758876266,0.31831313309962733,0.31488889637256806,,,1.18,0.68,0.69,2.46,0.32,2.47,0.2,0.01,0.0,0.38,2.552380952380952,2.409134326687755,0.198,,0.009,,0.0,,False,96.0,99.0,96.0,88.0,93.0,91.0,91.0,92.0,94.0,high,high,high,high,high,high,high,high,high,2026-05-22
hitter,ATL,WSH,Austin Riley,663586,6.0,3B,Confirmed,4.27,,,,,0.93,0.15,,,,,0.9181633448260977,0.9471033454670016,0.14048838529039406,0.15172625771813955,1.4947368421052631,1.2763685907158877,0.45359355422735254,0.4281000833625751,,,1.37,0.69,0.82,2.61,0.44,2.68,0.2,0.01,0.0,0.425,2.75,2.6242617414444838,0.197,,0.007,,0.0,,False,96.0,99.0,96.0,88.0,93.0,91.0,91.0,92.0,94.0,high,high,high,high,high,high,high,high,high,2026-05-22
hitter,ATL,WSH,Dominic Smith,642086,7.0,DH,Confirmed,3.49,,,,,0.6,0.11,,,,,0.5844654736148243,0.6229372101495282,0.11436361906650774,0.10512547877980526,0.8949771689497716,0.8148236368900382,0.19294413333239846,0.14725758508256262,,,0.85,0.46,0.43,1.78,0.17,1.41,0.13,0.01,0.0,0.356,1.4759615384615385,1.3515556181642348,0.131,,0.008,,0.0,,False,96.0,99.0,96.0,88.0,93.0,91.0,91.0,92.0,94.0,high,high,high,high,high,high,high,high,high,2026-05-22
hitter,ATL,WSH,Ha-Seong Kim,673490,8.0,SS,Confirmed,4.18,,,,,0.61,0.2,,,,,0.6061800174906122,0.6223862608789699,0.16996374132346206,0.22063324498253695,1.0980834272829765,1.0804287893711595,0.2353195607923476,0.2220615044911002,,,1.09,0.5,0.49,1.98,0.23,1.94,0.19,0.01,0.0,0.328,2.057017543859649,1.8392797075096707,0.192,,0.009,,0.0,,False,96.0,99.0,96.0,88.0,93.0,91.0,91.0,92.0,94.0,high,high,high,high,high,high,high,high,high,2026-05-22
hitter,ATL,WSH,Sandy León,506702,9.0,C,Confirmed,2.77,,,,,0.7,0.09,,,,,0.6959850026782213,0.7024797863563408,0.09176739292560215,0.08124387067212817,0.801980198019802,0.6054460416655146,0.15346557008153033,0.11898200637022636,,,0.69,0.35,0.34,1.4,0.14,1.21,0.14,0.01,0.0,0.347,1.3893129770992367,1.0578595677057547,0.141,,0.012,,0.0,,False,96.0,99.0,96.0,88.0,93.0,91.0,91.0,92.0,94.0,high,high,high,high,high,high,high,high,high,2026-05-22
hitter,WSH,ATL,James Wood,695578,1.0,RF,Confirmed,3.81,,,,,0.91,0.67,,,,,0.8381830263002007,0.9898828862220956,0.7041557309694394,0.6440757948079592,0.7061469265367316,0.6033702991144608,0.06051416131818517,0.06525569944629715,,,0.65,0.37,0.31,1.38,0.06,1.0,0.12,0.01,0.0,0.231,1.001763668430335,0.9911900815744434,0.122,,0.008,,0.0,,False,96.0,99.0,96.0,88.0,93.0,91.0,91.0,92.0,94.0,high,high,high,high,high,high,high,high,high,2026-05-22
hitter,WSH,ATL,Luis García Jr.,671277,2.0,1B,Confirmed,3.48,,,,,0.47,0.29,,,,,0.48868479636208095,0.44237389409991507,0.31424082228564565,0.25746248085540796,0.7061469265367316,0.6420584315381853,0.043732218451747955,0.040466613903535745,,,0.67,0.34,0.29,1.33,0.04,0.92,0.14,0.01,0.0,0.235,1.001763668430335,0.852450887998212,0.14,,0.008,,0.0,,False,96.0,99.0,96.0,88.0,93.0,91.0,91.0,92.0,94.0,high,high,high,high,high,high,high,high,high,2026-05-22
hitter,WSH,ATL,Curtis Mead,678554,3.0,3B,Confirmed,3.49,,,,,0.67,0.4,,,,,0.6457827910884182,0.6995833033035838,0.4068108461240132,0.39496881474015827,0.6875,0.5052045532349841,0.03153101886111416,0.04023754556000718,,,0.59,0.32,0.3,1.29,0.04,0.79,0.12,0.01,0.0,0.227,0.8408408408408409,0.7433005020900852,0.116,,0.008,,0.0,,False,96.0,99.0,96.0,88.0,93.0,91.0,91.0,92.0,94.0,high,high,high,high,high,high,high,high,high,2026-05-22
hitter,WSH,ATL,CJ Abrams,682928,4.0,SS,Confirmed,4.25,,,,,0.7,0.45,,,,,0.7372395130904364,0.6614830112016441,0.46820667825365736,0.4270192355082456,0.8770949720670391,0.875434580750849,0.041568013923850455,0.026855207214821285,,,0.88,0.38,0.35,1.53,0.03,1.21,0.16,0.01,0.0,0.218,1.239368165249089,1.1809732569708866,0.164,,0.01,,0.0,,False,96.0,99.0,96.0,88.0,93.0,91.0,91.0,92.0,94.0,high,high,high,high,high,high,high,high,high,2026-05-22
hitter,WSH,ATL,Dylan Crews,686611,5.0,CF,Confirmed,4.04,,,,,0.79,0.48,,,,,0.7456505362737952,0.840690590647997,0.496992736373122,0.462236538993285,0.801980198019802,0.7675007973454995,0.039766805876170826,0.0337799774603186,,,0.78,0.34,0.32,1.37,0.04,1.07,0.13,0.01,0.0,0.207,1.1238670694864048,1.0279092959048641,0.132,,0.009,,0.0,,False,96.0,99.0,96.0,88.0,93.0,91.0,91.0,92.0,94.0,high,high,high,high,high,high,high,high,high,2026-05-22
hitter,WSH,ATL,Daylen Lile,695734,6.0,LF,Confirmed,4.18,,,,,0.61,0.42,,,,,0.6424972807798088,0.5829993884995902,0.4560908710915661,0.3817535070445864,0.8770949720670391,0.8873137754718404,0.04952411360458251,0.04447964650145551,,,0.88,0.37,0.4,1.64,0.05,1.22,0.16,0.02,0.0,0.241,1.239368165249089,1.212068556535247,0.156,,0.019,,0.0,,False,96.0,99.0,96.0,88.0,93.0,91.0,91.0,92.0,94.0,high,high,high,high,high,high,high,high,high,2026-05-22
hitter,WSH,ATL,Jacob Young,696285,7.0,CF,Confirmed,3.96,,,,,0.53,0.35,,,,,0.5470483854165789,0.5218750387559186,0.3403999982142828,0.3514041620646706,0.8694581280788177,0.7535339567436635,0.03268316644713131,0.03552037057400618,,,0.81,0.31,0.28,1.4,0.03,1.17,0.13,0.01,0.0,0.215,1.239368165249089,1.1173010607364529,0.133,,0.009,,0.0,,False,96.0,99.0,96.0,88.0,93.0,91.0,91.0,92.0,94.0,high,high,high,high,high,high,high,high,high,2026-05-22
hitter,WSH,ATL,Drew Millas,686452,8.0,C,Confirmed,3.09,,,,,0.59,0.17,,,,,0.5836707077761794,0.5876572323275764,0.18488405716339437,0.1452398095997115,0.707983193277311,0.6230076750123773,0.08120590218672138,0.0714674547248385,,,0.66,0.23,0.22,1.04,0.08,1.06,0.11,0.01,0.0,0.21,1.1238670694864048,1.0167404337072319,0.106,,0.009,,0.0,,False,96.0,99.0,96.0,88.0,93.0,91.0,91.0,92.0,94.0,high,high,high,high,high,high,high,high,high,2026-05-22
hitter,WSH,ATL,Nasim Nuñez,683083,9.0,2B,Confirmed,2.55,,,,,0.51,0.31,,,,,0.5285931368273286,0.4887684103855415,0.35815902639067076,0.257270623090965,0.35424354243542433,0.2862378849515879,0.01894671322882245,0.013956217577939214,,,0.32,0.17,0.16,0.74,0.02,0.41,0.09,0.01,0.0,0.192,0.44025157232704404,0.38405166810441316,0.091,,0.007,,0.0,,False,96.0,99.0,96.0,88.0,93.0,91.0,91.0,92.0,94.0,high,high,high,high,high,high,high,high,high,2026-05-22
hitter,KC,SEA,Maikel Garcia,672580,1.0,3B,Confirmed,4.26,,,,,0.51,0.24,,,,,0.5210296903745365,0.5034052073887676,0.24633129780402854,0.22594894063446416,1.0980834272829765,1.0158132686549912,0.1606683468934007,0.1737496351213468,,,1.05,0.53,0.42,1.83,0.17,1.8,0.14,0.01,0.0,0.305,1.914285714285714,1.7027368931191595,0.138,,0.008,,0.0,,False,96.0,99.0,96.0,88.0,93.0,91.0,91.0,92.0,94.0,high,high,high,high,high,high,high,high,high,2026-05-22
hitter,KC,SEA,Bobby Witt Jr.,677951,2.0,SS,Confirmed,4.39,,,,,0.79,0.23,,,,,0.7936318975191762,0.7783292140402999,0.22057080643142002,0.2394899656189118,1.0980834272829765,1.0516815036522476,0.3004106242062001,0.34439687967051985,,,1.07,0.67,0.58,2.24,0.32,2.42,0.15,0.01,0.0,0.362,2.456692913385827,2.383200142799016,0.152,,0.014,,0.0,,False,96.0,99.0,96.0,88.0,93.0,91.0,91.0,92.0,94.0,high,high,high,high,high,high,high,high,high,2026-05-22
hitter,KC,SEA,Vinnie Pasquantino,686469,3.0,1B,Confirmed,3.58,,,,,0.63,0.47,,,,,0.6411674238126777,0.6088831616103149,0.494831812801803,0.446297608741964,0.801980198019802,0.7010879919035118,0.04516278533594549,0.030162451280828066,,,0.75,0.48,0.46,1.65,0.04,1.07,0.12,0.01,0.0,0.328,1.1521739130434783,1.002082361188434,0.116,,0.007,,0.0,,False,96.0,99.0,96.0,88.0,93.0,91.0,91.0,92.0,94.0,high,high,high,high,high,high,high,high,high,2026-05-22
hitter,KC,SEA,Salvador Perez,521692,4.0,C,Confirmed,4.18,,,,,0.86,0.13,,,,,0.8778408958765982,0.8407129292136792,0.12742057139100307,0.13597959221686434,1.0980834272829765,1.028647450949099,0.30607020931837625,0.31102160121916067,,,1.06,0.59,0.6,2.06,0.31,2.02,0.13,0.01,0.0,0.328,2.057017543859649,1.9954528192840495,0.135,,0.007,,0.0,,False,96.0,99.0,96.0,88.0,93.0,91.0,91.0,92.0,94.0,high,high,high,high,high,high,high,high,high,2026-05-22
hitter,KC,SEA,Carter Jensen,695600,5.0,DH,Confirmed,2.9,,,,,0.75,0.16,,,,,0.7666476898845592,0.7347213665831662,0.1900066584617563,0.13202266092295395,0.5290322580645161,0.47911191004078973,0.15983663452737257,0.1250938549343232,,,0.5,0.32,0.29,1.02,0.14,1.0,0.08,0.01,0.0,0.276,1.1238670694864048,0.8998128629673212,0.077,,0.006,,0.0,,False,96.0,99.0,96.0,88.0,93.0,91.0,91.0,92.0,94.0,high,high,high,high,high,high,high,high,high,2026-05-22
hitter,KC,SEA,Jac Caglianone,695506,6.0,RF,Confirmed,2.55,,,,,0.74,0.08,,,,,0.8031506164656683,0.6738919634361362,0.10932440022420477,0.0570436075753543,0.5846774193548387,0.4744151746995391,0.2069050090574707,0.15163236173642577,,,0.52,0.29,0.34,1.04,0.18,1.11,0.1,0.01,0.0,0.31,1.239368165249089,1.0040867420961452,0.101,,0.008,,0.0,,False,96.0,99.0,96.0,88.0,93.0,91.0,91.0,92.0,94.0,high,high,high,high,high,high,high,high,high,2026-05-22
hitter,KC,SEA,Isaac Collins,686555,7.0,LF,Confirmed,3.96,,,,,0.88,0.24,,,,,0.8172636291108359,0.9523463817222768,0.26093776122573537,0.21215346393815748,0.801980198019802,0.782852877789427,0.14185412498497216,0.12215634115052593,,,0.79,0.38,0.33,1.42,0.13,1.26,0.1,0.01,0.0,0.276,1.3148148148148149,1.214787173932734,0.099,,0.007,,0.0,,False,96.0,99.0,96.0,88.0,93.0,91.0,91.0,92.0,94.0,high,high,high,high,high,high,high,high,high,2026-05-22
hitter,KC,SEA,Michael Massey,686681,8.0,2B,Confirmed,3.1,,,,,0.5,0.24,,,,,0.5325427821866322,0.4577734648938888,0.2469412973903447,0.22980462080177913,0.7061469265367316,0.5737457157058534,0.03030201833937594,0.028523090147445935,,,0.63,0.32,0.31,1.28,0.03,0.89,0.09,0.01,0.0,0.283,0.9875776397515532,0.8174808566595412,0.095,,0.007,,0.0,,False,96.0,99.0,96.0,88.0,93.0,91.0,91.0,92.0,94.0,high,high,high,high,high,high,high,high,high,2026-05-22
hitter,KC,SEA,Kyle Isbel,664728,9.0,CF,Confirmed,2.55,,,,,0.58,0.09,,,,,0.6017426965512185,0.5561012318525378,0.10736853671118055,0.07944510115803141,0.5290322580645161,0.42066573335665014,0.06714622904159698,0.05589482746726285,,,0.47,0.19,0.16,0.71,0.06,0.75,0.08,0.01,0.0,0.213,0.8408408408408409,0.6774271743706163,0.08,,0.007,,0.0,,False,96.0,99.0,96.0,88.0,93.0,91.0,91.0,92.0,94.0,high,high,high,high,high,high,high,high,high,2026-05-22
hitter,SEA,KC,J.P. Crawford,641487,1.0,SS,Confirmed,3.89,,,,,0.7,0.58,,,,,0.6783083338970388,0.7313645071926055,0.6208936647243989,0.538277574546524,0.4125159642401022,0.4487551081279253,0.04174628157252791,0.03910885969423292,,,0.43,0.36,0.28,1.44,0.04,0.7,0.15,0.01,0.0,0.232,0.6720588235294118,0.7228372499800112,0.153,,0.008,,0.0,,False,96.0,99.0,96.0,88.0,93.0,91.0,91.0,92.0,94.0,high,high,high,high,high,high,high,high,high,2026-05-22
hitter,SEA,KC,Julio Rodríguez,677594,2.0,CF,Confirmed,4.25,,,,,1.06,0.46,,,,,1.0216752319779665,1.0906466110823665,0.48647396337780613,0.43594431714698334,0.994208494208494,0.8493784109624877,0.059966373019010574,0.04887121668205581,,,0.91,0.45,0.36,1.81,0.05,1.28,0.23,0.01,0.0,0.264,1.3148148148148149,1.2446569050482688,0.227,,0.008,,0.0,,False,96.0,99.0,96.0,88.0,93.0,91.0,91.0,92.0,94.0,high,high,high,high,high,high,high,high,high,2026-05-22
hitter,SEA,KC,Randy Arozarena,668227,3.0,LF,Confirmed,3.96,,,,,1.12,0.5,,,,,1.1248253137404671,1.117965839830012,0.5144675386221584,0.4783672071146692,0.801980198019802,0.7213817291648202,0.052657250242511874,0.039408901627904225,,,0.76,0.39,0.35,1.61,0.05,1.08,0.18,0.01,0.0,0.244,1.1521739130434783,1.015796178970059,0.183,,0.008,,0.0,,False,96.0,99.0,96.0,88.0,93.0,91.0,91.0,92.0,94.0,high,high,high,high,high,high,high,high,high,2026-05-22
hitter,SEA,KC,Rob Refsnyder,608701,4.0,DH,Confirmed,3.02,,,,,0.91,0.35,,,,,0.8719317886980336,0.9546660940217805,0.372845730064859,0.3202336947461095,0.4125159642401022,0.42432249853165965,0.03045466337012228,0.030497392452364394,,,0.42,0.27,0.24,1.09,0.03,0.67,0.12,0.01,0.0,0.222,0.6720588235294118,0.6704476441970255,0.117,,0.007,,0.0,,False,96.0,99.0,96.0,88.0,93.0,91.0,91.0,92.0,94.0,high,high,high,high,high,high,high,high,high,2026-05-22
hitter,SEA,KC,Patrick Wisdom,621550,5.0,1B,Confirmed,3.49,,,,,0.94,0.31,,,,,0.7684471321623121,1.118640380754205,0.32223055556968216,0.2954672197747823,0.707983193277311,0.7451893465940964,0.04192755935667975,0.03955578580610998,,,0.73,0.36,0.32,1.48,0.04,1.08,0.21,0.01,0.0,0.259,1.1238670694864048,1.0384149375144445,0.206,,0.007,,0.0,,False,96.0,99.0,96.0,88.0,93.0,91.0,91.0,92.0,94.0,high,high,high,high,high,high,high,high,high,2026-05-22
hitter,SEA,KC,Cole Young,702284,6.0,2B,Confirmed,3.81,,,,,0.79,0.43,,,,,0.7954159789365384,0.7876191477632571,0.4333551222812688,0.4205308864981044,0.801980198019802,0.7085243061689266,0.04001918319283253,0.03834819804450986,,,0.75,0.34,0.34,1.56,0.04,1.07,0.16,0.01,0.0,0.254,1.1521739130434783,1.0099790406919373,0.159,,0.008,,0.0,,False,96.0,99.0,96.0,88.0,93.0,91.0,91.0,92.0,94.0,high,high,high,high,high,high,high,high,high,2026-05-22
hitter,SEA,KC,Mitch Garver,641598,7.0,C,Confirmed,3.33,,,,,0.97,0.46,,,,,0.9239956477027089,1.0105774521958693,0.4740647759528822,0.43841972722420236,0.3344051446945337,0.3107177837388512,0.04124527303291161,0.03437038367037698,,,0.32,0.23,0.19,0.95,0.04,0.55,0.12,0.01,0.0,0.2,0.5302013422818792,0.5573625046926756,0.121,,0.007,,0.0,,False,96.0,99.0,96.0,88.0,93.0,91.0,91.0,92.0,94.0,high,high,high,high,high,high,high,high,high,2026-05-22
hitter,SEA,KC,Victor Robles,645302,8.0,RF,Confirmed,3.1,,,,,0.88,0.24,,,,,0.8980161165071998,0.8624021106809403,0.2736219760897862,0.210631594629937,0.8888888888888888,0.7412900208713921,0.08541001386423855,0.0641815350416255,,,0.81,0.23,0.21,1.02,0.07,1.26,0.14,0.01,0.0,0.216,1.3893129770992367,1.1546281476182336,0.144,,0.008,,0.0,,False,96.0,99.0,96.0,88.0,93.0,91.0,91.0,92.0,94.0,high,high,high,high,high,high,high,high,high,2026-05-22
hitter,SEA,KC,Colt Emerson,806068,9.0,3B,Confirmed,3.49,,,,,1.06,0.49,,,,,1.108448351477302,1.014289987216895,0.5292284483405526,0.4562077536165319,0.5846774193548387,0.504440093067989,0.03543353352881095,0.04015809294895014,,,0.54,0.28,0.24,1.21,0.04,0.76,0.13,0.01,0.0,0.234,0.8408408408408409,0.6882334254051644,0.131,,0.011,,0.0,,False,96.0,99.0,96.0,88.0,93.0,91.0,91.0,92.0,94.0,high,high,high,high,high,high,high,high,high,2026-05-22
hitter,MIL,LAD,Jackson Chourio,694192,1.0,LF,Confirmed,4.25,,,,,0.77,0.34,,,,,0.7397992544828997,0.7951930796648681,0.3756436305487594,0.314179747634817,1.0,1.032441522583505,0.05415294611517813,0.05485284350860481,,,1.02,0.49,0.38,1.97,0.05,1.44,0.23,0.01,0.0,0.288,1.3893129770992367,1.4730594642771342,0.231,,0.014,,0.0,,False,96.0,99.0,96.0,88.0,93.0,91.0,91.0,92.0,94.0,high,high,high,high,high,high,high,high,high,2026-05-22
hitter,MIL,LAD,Brice Turang,668930,2.0,2B,Confirmed,4.25,,,,,0.86,0.54,,,,,0.8338045463425515,0.8840031993950894,0.5342054044557605,0.5505777626001477,0.8949771689497716,0.8761501938100545,0.03952529554638689,0.040166056431739726,,,0.88,0.43,0.31,1.64,0.04,1.21,0.21,0.01,0.0,0.262,1.239368165249089,1.187898347908904,0.206,,0.01,,0.0,,False,96.0,99.0,96.0,88.0,93.0,91.0,91.0,92.0,94.0,high,high,high,high,high,high,high,high,high,2026-05-22
hitter,MIL,LAD,William Contreras,661388,3.0,C,Confirmed,4.25,,,,,0.59,0.53,,,,,0.6128023256086397,0.5761356261473993,0.5358552453037361,0.5216134011555199,0.994208494208494,0.9495749551947149,0.057402659200196104,0.06417146515957643,,,0.97,0.51,0.43,2.04,0.06,1.33,0.22,0.01,0.0,0.3,1.3148148148148149,1.3396522460496145,0.219,,0.008,,0.0,,False,96.0,99.0,96.0,88.0,93.0,91.0,91.0,92.0,94.0,high,high,high,high,high,high,high,high,high,2026-05-22
hitter,MIL,LAD,Christian Yelich,592885,4.0,DH,Confirmed,4.27,,,,,0.93,0.54,,,,,0.9535750155731694,0.9155402528117508,0.5734989913385352,0.5074693461965983,0.8694581280788177,0.868061762957036,0.057376320514795305,0.0720726050784201,,,0.87,0.43,0.36,1.68,0.06,1.3,0.2,0.01,0.0,0.258,1.3148148148148149,1.288311455293493,0.199,,0.011,,0.0,,False,96.0,99.0,96.0,88.0,93.0,91.0,91.0,92.0,94.0,high,high,high,high,high,high,high,high,high,2026-05-22
hitter,MIL,LAD,Andrew Vaughn,683734,5.0,1B,Confirmed,4.18,,,,,0.51,0.48,,,,,0.5264763848756371,0.4861901846152229,0.48176310112996135,0.4717859753649417,1.0980834272829765,1.1140596968957464,0.25721502102278987,0.24972508645792402,,,1.11,0.42,0.35,1.66,0.25,2.05,0.18,0.01,0.0,0.255,2.057017543859649,2.037989232805907,0.181,,0.009,,0.0,,False,96.0,99.0,96.0,88.0,93.0,91.0,91.0,92.0,94.0,high,high,high,high,high,high,high,high,high,2026-05-22
hitter,MIL,LAD,Jake Bauers,641343,6.0,LF,Confirmed,4.26,,,,,0.9,0.5,,,,,0.8722358956489917,0.9199263375372451,0.4958274571672405,0.5064842611085674,0.8770949720670391,0.8635692834257994,0.05181592400767793,0.05133208417288817,,,0.87,0.38,0.36,1.63,0.05,1.17,0.16,0.01,0.0,0.258,1.239368165249089,1.1194218706540933,0.161,,0.012,,0.0,,False,96.0,99.0,96.0,88.0,93.0,91.0,91.0,92.0,94.0,high,high,high,high,high,high,high,high,high,2026-05-22
hitter,MIL,LAD,Luis Rengifo,650859,7.0,3B,Confirmed,3.96,,,,,0.75,0.24,,,,,0.7306184109903735,0.7791630991224267,0.23865992051805238,0.23171216640772768,0.994208494208494,0.9422643753695704,0.028791687837798185,0.024086367011957776,,,0.97,0.38,0.34,1.72,0.03,1.29,0.17,0.01,0.0,0.272,1.239368165249089,1.3328347650234496,0.174,,0.01,,0.0,,False,96.0,99.0,96.0,88.0,93.0,91.0,91.0,92.0,94.0,high,high,high,high,high,high,high,high,high,2026-05-22
hitter,MIL,LAD,Sal Frelick,686217,8.0,RF,Confirmed,4.26,,,,,0.38,0.38,,,,,0.3900232913024678,0.36302704344554065,0.39079243683619236,0.377786726868902,1.0980834272829765,1.0315307099114157,0.03223604198460809,0.03198139203020765,,,1.06,0.43,0.37,1.9,0.03,1.36,0.19,0.01,0.0,0.287,1.3893129770992367,1.3351648522666002,0.19,,0.012,,0.0,,False,96.0,99.0,96.0,88.0,93.0,91.0,91.0,92.0,94.0,high,high,high,high,high,high,high,high,high,2026-05-22
hitter,MIL,LAD,Joey Ortiz,687401,9.0,SS,Confirmed,3.96,,,,,0.46,0.34,,,,,0.45628890048465054,0.470036605459381,0.31944172111577596,0.36065362158260483,0.801980198019802,0.8840648742442415,0.03133554404483786,0.03655987066667653,,,0.85,0.36,0.31,1.56,0.03,1.17,0.16,0.01,0.0,0.255,1.1521739130434783,1.1823843301559511,0.157,,0.011,,0.0,,False,96.0,99.0,96.0,88.0,93.0,91.0,91.0,92.0,94.0,high,high,high,high,high,high,high,high,high,2026-05-22
hitter,LAD,MIL,Shohei Ohtani,660271,1.0,DH,Confirmed,4.68,,,,,0.78,0.94,,,,,0.7115791323331278,0.839414222045758,1.0094159075733975,0.878781585558814,1.0980834272829765,1.0821720832359227,0.3316808662706517,0.27858841734440026,,,1.09,0.67,0.54,2.2,0.31,2.3,0.18,0.01,0.0,0.35,2.456692913385827,2.1775566360615097,0.176,,0.015,,0.0,,False,96.0,99.0,96.0,88.0,93.0,91.0,91.0,92.0,94.0,high,high,high,high,high,high,high,high,high,2026-05-22
hitter,LAD,MIL,Mookie Betts,605141,2.0,SS,Confirmed,4.57,,,,,0.27,0.52,,,,,0.27097237047428413,0.2653989957983864,0.5282805772435587,0.5019710992192885,1.0980834272829765,1.1300216183937295,0.15222055418041247,0.1627818032180039,,,1.12,0.59,0.46,2.14,0.16,1.84,0.19,0.01,0.0,0.316,1.914285714285714,1.7811812690083062,0.189,,0.01,,0.0,,False,96.0,99.0,96.0,88.0,93.0,91.0,91.0,92.0,94.0,high,high,high,high,high,high,high,high,high,2026-05-22
hitter,LAD,MIL,Freddie Freeman,518692,3.0,1B,Confirmed,4.51,,,,,0.5,0.64,,,,,0.48116698816805303,0.5284524295311984,0.6516436368737819,0.6291032335914757,1.0980834272829765,1.14937394679576,0.12496684063744046,0.1369856746503232,,,1.13,0.59,0.51,2.19,0.13,1.83,0.21,0.01,0.0,0.327,1.914285714285714,1.7525521146629162,0.214,,0.009,,0.0,,False,96.0,99.0,96.0,88.0,93.0,91.0,91.0,92.0,94.0,high,high,high,high,high,high,high,high,high,2026-05-22
hitter,LAD,MIL,Kyle Tucker,663656,4.0,RF,Confirmed,4.57,,,,,0.4,0.75,,,,,0.4111305099211553,0.3837442723957733,0.738412549487174,0.7569683366851345,1.0980834272829765,1.107209974446591,0.1629617651331757,0.16941275506997758,,,1.1,0.61,0.53,2.24,0.17,1.85,0.18,0.01,0.0,0.332,1.914285714285714,1.791844563657949,0.181,,0.008,,0.0,,False,96.0,99.0,96.0,88.0,93.0,91.0,91.0,92.0,94.0,high,high,high,high,high,high,high,high,high,2026-05-22
hitter,LAD,MIL,Andy Pages,681624,5.0,CF,Confirmed,4.25,,,,,0.52,0.34,,,,,0.46637130588031483,0.573016930381051,0.3342691837361732,0.3359067363133077,1.0980834272829765,1.0255627700663157,0.18242402810166058,0.1805396546880891,,,1.06,0.53,0.49,2.01,0.18,1.85,0.17,0.01,0.0,0.299,1.914285714285714,1.8060032629650646,0.167,,0.01,,0.0,,False,96.0,99.0,96.0,88.0,93.0,91.0,91.0,92.0,94.0,high,high,high,high,high,high,high,high,high,2026-05-22
hitter,LAD,MIL,Max Muncy,571970,6.0,3B,Confirmed,4.26,,,,,0.73,0.69,,,,,0.6670973178477506,0.7836850023386119,0.6614297686789798,0.7136662870585005,0.994208494208494,0.9668588501468331,0.24442258176110632,0.21864706053251418,,,0.98,0.48,0.5,1.86,0.23,1.79,0.13,0.01,0.0,0.31,1.914285714285714,1.6925868719297765,0.127,,0.009,,0.0,,False,96.0,99.0,96.0,88.0,93.0,91.0,91.0,92.0,94.0,high,high,high,high,high,high,high,high,high,2026-05-22
hitter,LAD,MIL,Teoscar Hernández,606192,7.0,LF,Confirmed,4.26,,,,,0.68,0.42,,,,,0.5960841237361337,0.7565226249518661,0.4115815500568524,0.4270299987457509,1.0980834272829765,1.0638718628290564,0.1944700863707857,0.2018030268592702,,,1.08,0.47,0.45,1.91,0.2,1.87,0.16,0.01,0.0,0.306,1.914285714285714,1.8357255561585213,0.163,,0.009,,0.0,,False,96.0,99.0,96.0,88.0,93.0,91.0,91.0,92.0,94.0,high,high,high,high,high,high,high,high,high,2026-05-22
hitter,LAD,MIL,Dalton Rushing,687221,8.0,C,Confirmed,3.89,,,,,1.18,0.54,,,,,1.1911811838461028,1.161176463396635,0.5550019353373249,0.5230899270653531,1.0980834272829765,0.9444804802003927,0.040861397881749216,0.050243323741263994,,,1.01,0.4,0.37,1.64,0.05,1.36,0.16,0.01,0.0,0.284,1.3722106981952793,1.3449578022295223,0.163,,0.01,,0.0,,False,96.0,99.0,96.0,88.0,93.0,91.0,91.0,92.0,94.0,high,high,high,high,high,high,high,high,high,2026-05-22
hitter,LAD,MIL,Hyeseong Kim,808975,9.0,2B,Confirmed,3.81,,,,,0.62,0.35,,,,,0.538820740438463,0.695457094550839,0.373762134973334,0.3304923646107063,0.8949771689497716,0.9074939251401568,0.07044190968001551,0.07188509383810726,,,0.9,0.37,0.33,1.57,0.07,1.37,0.19,0.01,0.0,0.275,1.3893129770992367,1.363055856735338,0.19,,0.011,,0.0,,False,96.0,99.0,96.0,88.0,93.0,91.0,91.0,92.0,94.0,high,high,high,high,high,high,high,high,high,2026-05-22
hitter,LAA,TEX,Zach Neto,687263,1.0,SS,Confirmed,4.04,,,,,1.75,0.13,,,,,1.7410578386793463,1.76304385659041,0.12012818653746418,0.1450075520669963,0.5290322580645161,0.5991862257310495,0.14025004102933813,0.14959484221602765,,,0.57,0.61,0.58,2.06,0.14,1.2,0.14,0.01,0.0,0.346,1.1521739130434783,1.2398332961291734,0.14,,0.007,,0.0,,False,96.0,99.0,96.0,88.0,93.0,91.0,91.0,92.0,94.0,high,high,high,high,high,high,high,high,high,2026-05-22
hitter,LAA,TEX,Mike Trout,545361,2.0,CF,Confirmed,3.96,,,,,1.8,0.19,,,,,1.8236455680446215,1.7791774052733693,0.1796912382853207,0.2088660155790992,0.4803149606299212,0.550530465007257,0.22353883204175468,0.19784784265338803,,,0.52,0.77,0.77,2.34,0.21,1.17,0.11,0.01,0.0,0.438,1.1521739130434783,1.179624358124221,0.113,,0.006,,0.0,,False,96.0,99.0,96.0,88.0,93.0,91.0,91.0,92.0,94.0,high,high,high,high,high,high,high,high,high,2026-05-22
hitter,LAA,TEX,Nolan Schanuel,694384,3.0,1B,Confirmed,3.89,,,,,0.87,0.11,,,,,0.765067996774875,0.9679049965735494,0.10917703308405509,0.11183739258564597,0.5846774193548387,0.5920207287023209,0.08012615863575723,0.0717364034383886,,,0.59,0.48,0.47,1.82,0.08,1.0,0.14,0.01,0.0,0.288,1.001763668430335,0.9897155121895412,0.136,,0.007,,0.0,,False,96.0,99.0,96.0,88.0,93.0,91.0,91.0,92.0,94.0,high,high,high,high,high,high,high,high,high,2026-05-22
hitter,LAA,TEX,Jorge Soler,624585,4.0,DH,Confirmed,3.89,,,,,1.74,0.12,,,,,1.7139028842907993,1.7716774389288876,0.10979592208939157,0.12342170441832295,0.4125159642401022,0.4724388551062945,0.15148377379615113,0.16396298798572823,,,0.45,0.53,0.58,1.82,0.16,1.03,0.13,0.01,0.0,0.314,1.001763668430335,1.0555199575916323,0.128,,0.007,,0.0,,False,96.0,99.0,96.0,88.0,93.0,91.0,91.0,92.0,94.0,high,high,high,high,high,high,high,high,high,2026-05-22
hitter,LAA,TEX,Jo Adell,666176,5.0,RF,Confirmed,3.81,,,,,1.55,0.08,,,,,1.5186587317693254,1.575657828252492,0.08357356358483686,0.07242854867354385,0.4803149606299212,0.574251012146956,0.19526549146399952,0.19157173687618856,,,0.53,0.65,0.74,2.19,0.19,1.22,0.14,0.01,0.0,0.383,1.239368165249089,1.2025664600131307,0.142,,0.007,,0.0,,False,96.0,99.0,96.0,88.0,93.0,91.0,91.0,92.0,94.0,high,high,high,high,high,high,high,high,high,2026-05-22
hitter,LAA,TEX,Wade Meckler,685133,6.0,LF,Confirmed,2.26,,,,,0.79,0.18,,,,,0.7950202780949034,0.7944302558577877,0.2038411111637436,0.15050960254361723,0.3344051446945337,0.22999896286574806,0.04338302616108438,0.03430595411408529,,,0.28,0.18,0.2,0.73,0.04,0.5,0.08,0.01,0.0,0.221,0.6289308176100628,0.39984735983936,0.085,,0.007,,0.0,,False,96.0,99.0,96.0,88.0,93.0,91.0,91.0,92.0,94.0,high,high,high,high,high,high,high,high,high,2026-05-22
hitter,LAA,TEX,Oswald Peraza,672724,7.0,2B,Confirmed,3.02,,,,,0.6,0.24,,,,,0.5830119680690109,0.6116421381217941,0.27743321147167777,0.2008157321616953,0.6506024096385542,0.5278217561088115,0.1492935488350616,0.1765877444896744,,,0.58,0.29,0.3,1.12,0.16,1.17,0.12,0.01,0.0,0.258,1.239368165249089,1.1170457595127887,0.121,,0.007,,0.0,,False,96.0,99.0,96.0,88.0,93.0,91.0,91.0,92.0,94.0,high,high,high,high,high,high,high,high,high,2026-05-22
hitter,LAA,TEX,Logan O'Hoppe,681351,8.0,C,Confirmed,3.19,,,,,0.69,0.29,,,,,0.66948942274314,0.7015527492350355,0.32391448233562303,0.25239737749798097,0.7715355805243446,0.6528918728554282,0.38306059021210526,0.2918112980570842,,,0.71,0.47,0.52,1.7,0.34,1.57,0.1,0.01,0.0,0.378,1.684375,1.4835703944579328,0.099,,0.006,,0.0,,False,96.0,99.0,96.0,88.0,93.0,91.0,91.0,92.0,94.0,high,high,high,high,high,high,high,high,high,2026-05-22
hitter,LAA,TEX,Donovan Walton,622268,9.0,3B,Confirmed,3.74,,,,,0.83,0.39,,,,,0.7618999780058656,0.9034114954832446,0.3583296325914712,0.42835305904636867,0.707983193277311,0.6746594375937702,0.06119939479001137,0.04808234845065839,,,0.69,0.44,0.45,1.69,0.05,1.06,0.11,0.01,0.0,0.312,1.001763668430335,1.1002394531603858,0.112,,0.007,,0.0,,False,96.0,99.0,96.0,88.0,93.0,91.0,91.0,92.0,94.0,high,high,high,high,high,high,high,high,high,2026-05-22
hitter,TEX,LAA,Joc Pederson,592626,1.0,DH,Confirmed,4.04,,,,,0.91,0.48,,,,,0.8315039083885795,0.9925136555670907,0.4640437221172169,0.49052954684945355,0.994208494208494,0.9402820152495694,0.20270356274220178,0.1946411877920771,,,0.96,0.51,0.31,1.69,0.2,1.86,0.17,0.01,0.0,0.34,1.914285714285714,1.8239764727415362,0.172,,0.008,,0.0,,False,96.0,99.0,96.0,88.0,93.0,91.0,91.0,92.0,94.0,high,high,high,high,high,high,high,high,high,2026-05-22
hitter,TEX,LAA,Josh Jung,673962,2.0,3B,Confirmed,4.74,,,,,0.96,0.33,,,,,0.8705075449565182,1.056634927600009,0.3321659236478369,0.3341285273752172,1.4947368421052631,1.2631748632793829,0.3254584521273106,0.2850840141669568,,,1.37,0.58,0.4,2.08,0.31,2.42,0.22,0.01,0.0,0.32,2.456692913385827,2.396326570353411,0.219,,0.014,,0.0,,False,96.0,99.0,96.0,88.0,93.0,91.0,91.0,92.0,94.0,high,high,high,high,high,high,high,high,high,2026-05-22
hitter,TEX,LAA,Brandon Nimmo,607043,3.0,RF,Confirmed,4.25,,,,,0.85,0.33,,,,,0.7463048962315134,0.9564174056841228,0.31804140213877785,0.347539210030095,1.0980834272829765,1.0339343359373883,0.2716078710791982,0.2893840519455299,,,1.06,0.52,0.41,1.93,0.28,2.05,0.23,0.01,0.0,0.326,2.057017543859649,2.0366859167461517,0.226,,0.011,,0.0,,False,96.0,99.0,96.0,88.0,93.0,91.0,91.0,92.0,94.0,high,high,high,high,high,high,high,high,high,2026-05-22
hitter,TEX,LAA,Ezequiel Duran,677649,4.0,SS,Confirmed,4.58,,,,,0.86,0.31,,,,,0.7341536939669062,0.9809725039142938,0.2933897480483043,0.32845916312856493,1.1391752577319587,1.159638850792121,0.10824925764996751,0.12662947764292543,,,1.15,0.54,0.43,2.07,0.12,1.85,0.16,0.02,0.0,0.304,1.914285714285714,1.800655614418584,0.165,,0.017,,0.0,,False,96.0,99.0,96.0,88.0,93.0,91.0,91.0,92.0,94.0,high,high,high,high,high,high,high,high,high,2026-05-22
hitter,TEX,LAA,Jake Burger,669394,5.0,1B,Confirmed,4.68,,,,,1.04,0.33,,,,,0.9688343165563363,1.103237928629698,0.29377443618465027,0.36021662703103774,1.4947368421052631,1.3225516658058254,0.35609250802648157,0.36107051765199655,,,1.4,0.57,0.47,2.13,0.36,2.55,0.29,0.01,0.0,0.319,2.552380952380952,2.541112132092796,0.289,,0.013,,0.0,,False,96.0,99.0,96.0,88.0,93.0,91.0,91.0,92.0,94.0,high,high,high,high,high,high,high,high,high,2026-05-22
hitter,TEX,LAA,Alejandro Osuna,696030,6.0,CF,Confirmed,4.14,,,,,0.68,0.47,,,,,0.6283741756685167,0.7269992135225992,0.4681895764243501,0.4695281117049793,0.994208494208494,1.01016823859697,0.1448652815185186,0.11396607820551058,,,1.0,0.47,0.39,1.86,0.13,1.65,0.19,0.01,0.0,0.346,1.684375,1.629631436346855,0.194,,0.01,,0.0,,False,96.0,99.0,96.0,88.0,93.0,91.0,91.0,92.0,94.0,high,high,high,high,high,high,high,high,high,2026-05-22
hitter,TEX,LAA,Justin Foscue,679822,7.0,2B,Confirmed,3.89,,,,,0.94,0.31,,,,,0.8470202816220868,1.0355035796235172,0.32024459460318677,0.30327207993889976,0.994208494208494,0.972568261672343,0.2349243711121389,0.19062494579165384,,,0.98,0.46,0.36,1.82,0.21,1.83,0.2,0.01,0.0,0.357,1.914285714285714,1.7637167830029017,0.202,,0.011,,0.0,,False,96.0,99.0,96.0,88.0,93.0,91.0,91.0,92.0,94.0,high,high,high,high,high,high,high,high,high,2026-05-22
hitter,TEX,LAA,Evan Carter,694497,8.0,CF,Confirmed,3.74,,,,,0.8,0.35,,,,,0.7493810672113271,0.8470638965884681,0.3532476518171094,0.3367557030237652,0.8949771689497716,0.8704922020576498,0.12288596183107212,0.1451710500607369,,,0.88,0.41,0.3,1.58,0.13,1.42,0.18,0.01,0.0,0.335,1.4759615384615385,1.3781135717926989,0.179,,0.012,,0.0,,False,96.0,99.0,96.0,88.0,93.0,91.0,91.0,92.0,94.0,high,high,high,high,high,high,high,high,high,2026-05-22
hitter,TEX,LAA,Danny Jansen,643376,9.0,C,Confirmed,3.1,,,,,0.74,0.29,,,,,0.7001472880470656,0.7766835798319222,0.3203555357299668,0.2663677785465982,0.7715355805243446,0.6290150220988003,0.19059730176358913,0.168392112288207,,,0.69,0.36,0.25,1.32,0.18,1.27,0.15,0.01,0.0,0.357,1.3893129770992367,1.169173605517106,0.146,,0.007,,0.0,,False,96.0,99.0,96.0,88.0,93.0,91.0,91.0,92.0,94.0,high,high,high,high,high,high,high,high,high,2026-05-22
hitter,AZ,COL,Ketel Marte,606466,1.0,2B,Confirmed,4.68,,,,,0.75,0.39,,,,,0.6966613883324502,0.7953218672239568,0.358255220501129,0.42656012681661243,0.6434108527131783,0.6312704613893093,0.07647603123010369,0.0797376980786739,,,0.64,0.73,0.53,2.76,0.08,1.04,0.3,0.02,0.0,0.397,0.9875776397515532,1.076461573230778,0.3,,0.017,,0.0,,False,96.0,99.0,96.0,88.0,93.0,91.0,91.0,92.0,94.0,high,high,high,high,high,high,high,high,high,2026-05-22
hitter,AZ,COL,Corbin Carroll,682998,2.0,RF,Confirmed,4.7,,,,,1.16,0.43,,,,,1.0527830054573026,1.2755391503129656,0.379079773657221,0.4810619447016287,0.6434108527131783,0.6626148093308342,0.08931404022992687,0.11891024662776212,,,0.65,0.75,0.55,2.8,0.1,1.08,0.34,0.01,0.0,0.411,0.9875776397515532,1.1586596836959189,0.338,,0.014,,0.0,,False,96.0,99.0,96.0,88.0,93.0,91.0,91.0,92.0,94.0,high,high,high,high,high,high,high,high,high,2026-05-22
hitter,AZ,COL,Geraldo Perdomo,672695,3.0,SS,Confirmed,4.64,,,,,0.58,0.46,,,,,0.5348903913665923,0.6342500848547263,0.4365739161511675,0.48042804782343446,0.6434108527131783,0.628236765227794,0.04696977496541731,0.06977426569509672,,,0.64,0.73,0.58,2.81,0.06,0.81,0.27,0.02,0.0,0.405,0.6720588235294118,0.9208718478236364,0.27,,0.016,,0.0,,False,96.0,99.0,96.0,88.0,93.0,91.0,91.0,92.0,94.0,high,high,high,high,high,high,high,high,high,2026-05-22
hitter,AZ,COL,Nolan Arenado,571448,4.0,3B,Confirmed,4.39,,,,,0.63,0.31,,,,,0.5851013624552959,0.6685087034958044,0.2965887320539623,0.3292573644998328,0.5290322580645161,0.5382333394896166,0.047052649829650725,0.05426590330691354,,,0.53,0.55,0.46,2.15,0.05,0.79,0.27,0.01,0.0,0.325,0.6720588235294118,0.8864026749860475,0.271,,0.011,,0.0,,False,96.0,99.0,96.0,88.0,93.0,91.0,91.0,92.0,94.0,high,high,high,high,high,high,high,high,high,2026-05-22
hitter,AZ,COL,Ildemaro Vargas,545121,5.0,1B,Confirmed,4.51,,,,,0.58,0.18,,,,,0.49656110926473174,0.6598507189758337,0.16202946388523445,0.20626134054476913,0.5846774193548387,0.629201351269674,0.042319261523100955,0.05594772705175712,,,0.61,0.66,0.58,2.74,0.05,0.84,0.26,0.02,0.0,0.356,0.7899761336515513,0.8864901921136679,0.264,,0.016,,0.0,,False,96.0,99.0,96.0,88.0,93.0,91.0,91.0,92.0,94.0,high,high,high,high,high,high,high,high,high,2026-05-22
hitter,AZ,COL,Lourdes Gurriel Jr.,666971,6.0,LF,Confirmed,4.48,,,,,0.69,0.23,,,,,0.6301224573947204,0.7554960834738031,0.22243475865010343,0.23994968344476328,0.4803149606299212,0.6087809012107032,0.043669347064885004,0.059417825891166655,,,0.55,0.47,0.45,2.06,0.05,0.78,0.23,0.01,0.0,0.299,0.6720588235294118,0.8678702524136191,0.226,,0.013,,0.0,,False,96.0,99.0,96.0,88.0,93.0,91.0,91.0,92.0,94.0,high,high,high,high,high,high,high,high,high,2026-05-22
hitter,AZ,COL,Gabriel Moreno,672515,7.0,C,Confirmed,4.48,,,,,0.86,0.32,,,,,0.7734316678844674,0.9418280120605269,0.3094052432550556,0.3241950182156731,0.4803149606299212,0.5656657012866975,0.038569806277047314,0.041538549020005325,,,0.53,0.47,0.38,1.95,0.04,0.75,0.26,0.01,0.0,0.307,0.6720588235294118,0.8124405345296878,0.257,,0.01,,0.0,,False,96.0,99.0,96.0,88.0,93.0,91.0,91.0,92.0,94.0,high,high,high,high,high,high,high,high,high,2026-05-22
hitter,AZ,COL,Adrian Del Castillo,680728,8.0,DH,Confirmed,3.81,,,,,1.12,0.16,,,,,0.9824668262545714,1.2565895090519321,0.16505048289951232,0.16462186596117856,0.3344051446945337,0.29424842817035074,0.04506566868537074,0.049918474061312196,,,0.31,0.37,0.31,1.56,0.05,0.54,0.15,0.01,0.0,0.273,0.4591194968553459,0.6128170198798875,0.155,,0.01,,0.0,,False,96.0,99.0,96.0,88.0,93.0,91.0,91.0,92.0,94.0,high,high,high,high,high,high,high,high,high,2026-05-22
hitter,AZ,COL,Ryan Waldschmidt,814439,9.0,LF,Confirmed,3.48,,,,,0.8,0.2,,,,,0.7217935332212816,0.8870794248848031,0.21486365224456666,0.1928870817573992,0.4125159642401022,0.378096392592489,0.037185551719476476,0.042955543446129216,,,0.39,0.37,0.31,1.55,0.04,0.63,0.16,0.01,0.0,0.31,0.6289308176100628,0.6371417565613479,0.156,,0.013,,0.0,,False,96.0,99.0,96.0,88.0,93.0,91.0,91.0,92.0,94.0,high,high,high,high,high,high,high,high,high,2026-05-22
hitter,COL,AZ,Jake McCarthy,664983,1.0,CF,Confirmed,3.96,,,,,0.56,0.18,,,,,0.5336744713597972,0.5868704269649886,0.1765080462442467,0.17990301841211107,0.7061469265367316,0.7761803298100998,0.020992416878306587,0.02338139867965894,,,0.74,0.41,0.3,1.57,0.02,1.03,0.2,0.03,0.0,0.267,0.9875776397515532,1.0600793139023446,0.195,,0.031,,0.0,,False,96.0,99.0,96.0,88.0,93.0,91.0,91.0,92.0,94.0,high,high,high,high,high,high,high,high,high,2026-05-22
hitter,COL,AZ,Hunter Goodman,696100,2.0,C,Confirmed,4.45,,,,,1.07,0.23,,,,,1.0297655813320117,1.1037833366232883,0.2320187591956573,0.23690804886022826,0.801980198019802,0.8533527727147296,0.06045453544082599,0.09008415306905058,,,0.83,0.51,0.37,1.88,0.08,1.35,0.24,0.01,0.0,0.294,1.239368165249089,1.4354433180429966,0.236,,0.012,,0.0,,False,96.0,99.0,96.0,88.0,93.0,91.0,91.0,92.0,94.0,high,high,high,high,high,high,high,high,high,2026-05-22
hitter,COL,AZ,TJ Rumfield,681198,3.0,1B,Confirmed,4.18,,,,,0.61,0.25,,,,,0.5710301161164798,0.6492843820691657,0.2524073628802249,0.2529077287120509,0.7061469265367316,0.7220691671875076,0.023306352440164105,0.018669399883132924,,,0.71,0.43,0.34,1.65,0.02,0.98,0.17,0.01,0.0,0.272,0.9875776397515532,0.9650336177697212,0.173,,0.013,,0.0,,False,96.0,99.0,96.0,88.0,93.0,91.0,91.0,92.0,94.0,high,high,high,high,high,high,high,high,high,2026-05-22
hitter,COL,AZ,Tyler Freeman,671289,4.0,RF,Confirmed,4.18,,,,,0.38,0.17,,,,,0.3588616913371345,0.4084593861542534,0.16833421073748656,0.179234643913261,0.8694581280788177,0.8885047328206501,0.020131384698766075,0.010605816623262798,,,0.88,0.5,0.42,2.02,0.02,1.11,0.17,0.02,0.0,0.298,1.1238670694864048,1.0973859158678048,0.174,,0.017,,0.0,,False,96.0,99.0,96.0,88.0,93.0,91.0,91.0,92.0,94.0,high,high,high,high,high,high,high,high,high,2026-05-22
hitter,COL,AZ,Troy Johnston,687859,5.0,LF,Confirmed,3.96,,,,,0.83,0.18,,,,,0.7494012521435761,0.9045918592890245,0.17208279337638238,0.18979709273614062,0.6434108527131783,0.7110662879642797,0.0246797118322762,0.02406475580755161,,,0.68,0.39,0.32,1.5,0.02,0.88,0.14,0.01,0.0,0.248,0.7899761336515513,0.9541759294461786,0.141,,0.014,,0.0,,False,96.0,99.0,96.0,88.0,93.0,91.0,91.0,92.0,94.0,high,high,high,high,high,high,high,high,high,2026-05-22
hitter,COL,AZ,Willi Castro,650489,6.0,1B,Confirmed,4.03,,,,,0.87,0.2,,,,,0.805454872473534,0.9379122512978724,0.20326616885574927,0.20513760316156734,0.6434108527131783,0.6643224982855978,0.028774510506343907,0.02533030823386102,,,0.65,0.34,0.31,1.42,0.03,0.97,0.16,0.02,0.0,0.25,0.9875776397515532,0.9644087389895184,0.163,,0.02,,0.0,,False,96.0,99.0,96.0,88.0,93.0,91.0,91.0,92.0,94.0,high,high,high,high,high,high,high,high,high,2026-05-22
hitter,COL,AZ,Ezequiel Tovar,678662,7.0,SS,Confirmed,3.96,,,,,0.85,0.23,,,,,0.8030140190625245,0.8884325804499136,0.21664533318456866,0.24322113827011457,0.7061469265367316,0.6691228727860212,0.03518826384481121,0.047563142512577795,,,0.69,0.35,0.29,1.44,0.04,1.0,0.18,0.01,0.0,0.264,1.001763668430335,0.9948392798581778,0.182,,0.012,,0.0,,False,96.0,99.0,96.0,88.0,93.0,91.0,91.0,92.0,94.0,high,high,high,high,high,high,high,high,high,2026-05-22
hitter,COL,AZ,Sterlin Thompson,694514,8.0,DH,Confirmed,3.49,,,,,0.93,0.25,,,,,0.8148371209661417,1.044882456583333,0.23057720155625044,0.2648289388301965,0.707983193277311,0.7360650931316867,0.018142691291300504,0.028095787167663918,,,0.72,0.28,0.24,1.23,0.02,0.9,0.13,0.01,0.0,0.233,0.8408408408408409,0.954268964689679,0.131,,0.009,,0.0,,False,96.0,99.0,96.0,88.0,93.0,91.0,91.0,92.0,94.0,high,high,high,high,high,high,high,high,high,2026-05-22
hitter,COL,AZ,Chad Stevens,677060,9.0,2B,Confirmed,1.84,,,,,0.61,0.06,,,,,0.6705521784684361,0.5546016418562496,0.08127332339026243,0.035858762642016026,0.3344051446945337,0.23954462553430278,0.01731563336382528,0.013231946164606151,,,0.28,0.15,0.13,0.63,0.02,0.37,0.11,0.01,0.0,0.253,0.44025157232704404,0.3098409626058647,0.109,,0.008,,0.0,,False,96.0,99.0,96.0,88.0,93.0,91.0,91.0,92.0,94.0,high,high,high,high,high,high,high,high,high,2026-05-22
hitter,SD,ATH,Fernando Tatis Jr.,665487,1.0,RF,Confirmed,4.04,,,,,0.83,0.49,,,,,0.8396474494823248,0.8174466624930429,0.5150468814869195,0.4590100939205692,0.707983193277311,0.6911152969797996,0.042334159704622815,0.03438034636202427,,,0.7,0.47,0.37,1.7,0.04,0.96,0.18,0.01,0.0,0.289,0.9875776397515532,0.941035412779816,0.182,,0.007,,0.0,,False,96.0,99.0,96.0,88.0,93.0,91.0,91.0,92.0,94.0,high,high,high,high,high,high,high,high,high,2026-05-22
hitter,SD,ATH,Miguel Andujar,609280,2.0,DH,Confirmed,3.81,,,,,0.61,0.25,,,,,0.6160770452301978,0.5998913115268671,0.25709012926563635,0.23789329465071907,0.7715355805243446,0.7539146237723766,0.04084122533289285,0.038997361689418406,,,0.76,0.45,0.37,1.68,0.04,0.94,0.15,0.01,0.0,0.284,0.9875776397515532,0.8985407675326957,0.148,,0.008,,0.0,,False,96.0,99.0,96.0,88.0,93.0,91.0,91.0,92.0,94.0,high,high,high,high,high,high,high,high,high,2026-05-22
hitter,SD,ATH,Gavin Sheets,657757,3.0,1B,Confirmed,3.49,,,,,0.74,0.39,,,,,0.7702180743313236,0.7001557219324821,0.4012626712488443,0.37247736110248436,0.5290322580645161,0.45709026871146163,0.04069844943574477,0.0318167700469061,,,0.49,0.41,0.37,1.49,0.04,0.73,0.13,0.01,0.0,0.295,0.7899761336515513,0.688617345436588,0.128,,0.008,,0.0,,False,96.0,99.0,96.0,88.0,93.0,91.0,91.0,92.0,94.0,high,high,high,high,high,high,high,high,high,2026-05-22
hitter,SD,ATH,Manny Machado,592518,4.0,3B,Confirmed,3.96,,,,,0.87,0.3,,,,,0.8534134463268479,0.8908731289337721,0.32160355717712674,0.28762805091303095,0.707983193277311,0.6455976233392976,0.056217955407762525,0.04739172535101163,,,0.67,0.46,0.44,1.7,0.05,0.95,0.16,0.01,0.0,0.282,0.9875776397515532,0.9104013223652173,0.163,,0.008,,0.0,,False,96.0,99.0,96.0,88.0,93.0,91.0,91.0,92.0,94.0,high,high,high,high,high,high,high,high,high,2026-05-22
hitter,SD,ATH,Xander Bogaerts,593428,5.0,SS,Confirmed,3.54,,,,,0.71,0.32,,,,,0.728377058340554,0.6912507820980317,0.3520590893978337,0.2956715795646497,0.6434108527131783,0.5667528374865207,0.03402960203389632,0.015064398517963842,,,0.6,0.37,0.33,1.41,0.02,0.81,0.16,0.01,0.0,0.263,0.8408408408408409,0.7793830931340163,0.156,,0.008,,0.0,,False,96.0,99.0,96.0,88.0,93.0,91.0,91.0,92.0,94.0,high,high,high,high,high,high,high,high,high,2026-05-22
hitter,SD,ATH,Ramón Laureano,657656,6.0,LF,Confirmed,3.1,,,,,0.96,0.21,,,,,0.9890553023949614,0.9298974586991362,0.22178700846811322,0.20451273070944329,0.4125159642401022,0.4354568796240526,0.04806228175600299,0.039619938121347155,,,0.43,0.3,0.33,1.22,0.04,0.66,0.13,0.01,0.0,0.273,0.6720588235294118,0.646508430747915,0.132,,0.007,,0.0,,False,96.0,99.0,96.0,88.0,93.0,91.0,91.0,92.0,94.0,high,high,high,high,high,high,high,high,high,2026-05-22
hitter,SD,ATH,Nick Castellanos,592206,7.0,RF,Confirmed,3.33,,,,,0.81,0.22,,,,,0.8027031838008166,0.8247995219274008,0.2424506395918077,0.19790154122898365,0.6434108527131783,0.5325787684276962,0.03260854956468938,0.023911793527491725,,,0.58,0.32,0.3,1.32,0.03,0.77,0.14,0.01,0.0,0.269,0.7899761336515513,0.7465722292000578,0.137,,0.01,,0.0,,False,96.0,99.0,96.0,88.0,93.0,91.0,91.0,92.0,94.0,high,high,high,high,high,high,high,high,high,2026-05-22
hitter,SD,ATH,Bryce Johnson,669369,8.0,CF,Confirmed,2.55,,,,,0.65,0.2,,,,,0.6041442591664353,0.6948671157066711,0.22604177287582639,0.1642633489441407,0.35424354243542433,0.2865377076289029,0.01446513203706038,0.0049577071216631826,,,0.32,0.19,0.16,0.76,0.01,0.41,0.09,0.01,0.0,0.213,0.44025157232704404,0.3851935188193468,0.093,,0.007,,0.0,,False,96.0,99.0,96.0,88.0,93.0,91.0,91.0,92.0,94.0,high,high,high,high,high,high,high,high,high,2026-05-22
hitter,SD,ATH,Rodolfo Durán,660710,9.0,C,Confirmed,2.75,,,,,0.92,0.16,,,,,0.899012985566853,0.9447257249717025,0.17011444935453493,0.1454918622999263,0.3344051446945337,0.3790161983384484,0.07765315332668934,0.06410324269457013,,,0.36,0.23,0.21,0.92,0.07,0.65,0.14,0.01,0.0,0.247,0.7899761336515513,0.536327224892719,0.141,,0.007,,0.0,,False,96.0,99.0,96.0,88.0,93.0,91.0,91.0,92.0,94.0,high,high,high,high,high,high,high,high,high,2026-05-22
hitter,ATH,SD,Carlos Cortes,666126,1.0,RF,Confirmed,3.74,,,,,0.82,0.19,,,,,0.8016557254612816,0.8358006839358575,0.19681849957285763,0.1832503674744631,0.7715355805243446,0.7309325213032023,0.02365938364809566,0.020555541085747236,,,0.75,0.4,0.29,1.4,0.02,0.97,0.19,0.01,0.0,0.282,0.9875776397515532,0.9511842482681846,0.188,,0.009,,0.0,,False,96.0,99.0,96.0,88.0,93.0,91.0,91.0,92.0,94.0,high,high,high,high,high,high,high,high,high,2026-05-22
hitter,ATH,SD,Nick Kurtz,701762,2.0,1B,Confirmed,4.45,,,,,1.45,0.44,,,,,1.435447427641743,1.4628013840146414,0.4128996860606561,0.45905086295841757,0.8949771689497716,0.9876641456720648,0.0676767355828113,0.09953301076462416,,,0.95,0.69,0.5,2.19,0.08,1.37,0.16,0.01,0.0,0.4,1.3148148148148149,1.4220364611777838,0.156,,0.008,,0.0,,False,96.0,99.0,96.0,88.0,93.0,91.0,91.0,92.0,94.0,high,high,high,high,high,high,high,high,high,2026-05-22
hitter,ATH,SD,Shea Langeliers,669127,3.0,C,Confirmed,4.27,,,,,0.95,0.25,,,,,0.9446188087952,0.9564450755988353,0.24648305078336374,0.25233668546814736,0.994208494208494,0.9917565451159414,0.038866659339881086,0.07059727706217032,,,0.99,0.6,0.54,2.13,0.05,1.3,0.19,0.01,0.0,0.348,1.3148148148148149,1.2882418452406181,0.194,,0.009,,0.0,,False,96.0,99.0,96.0,88.0,93.0,91.0,91.0,92.0,94.0,high,high,high,high,high,high,high,high,high,2026-05-22
hitter,ATH,SD,Brent Rooker,667670,4.0,DH,Confirmed,4.25,,,,,1.2,0.27,,,,,1.1724211300849674,1.2358437603160377,0.28000619788029935,0.25079335745714365,0.8694581280788177,0.9096961604078904,0.0342525459939399,0.03382237572517725,,,0.89,0.52,0.44,1.83,0.03,1.22,0.18,0.01,0.0,0.316,1.239368165249089,1.2008571972680042,0.184,,0.009,,0.0,,False,96.0,99.0,96.0,88.0,93.0,91.0,91.0,92.0,94.0,high,high,high,high,high,high,high,high,high,2026-05-22
hitter,ATH,SD,Tyler Soderstrom,691016,5.0,LF,Confirmed,4.18,,,,,1.06,0.22,,,,,1.0229957581745297,1.090494485020094,0.22148437084673123,0.22293977921079708,0.8694581280788177,0.8948134017176979,0.032931431348533144,0.046488599536564125,,,0.88,0.5,0.43,1.81,0.04,1.2,0.17,0.01,0.0,0.302,1.239368165249089,1.1768756309526,0.168,,0.01,,0.0,,False,96.0,99.0,96.0,88.0,93.0,91.0,91.0,92.0,94.0,high,high,high,high,high,high,high,high,high,2026-05-22
hitter,ATH,SD,Zack Gelof,680869,6.0,3B,Confirmed,3.89,,,,,1.22,0.19,,,,,1.1644422421806992,1.282602134761242,0.1873938904312607,0.19195667613859557,0.7715355805243446,0.7152412168310577,0.028540805643492147,0.02115577847983219,,,0.74,0.38,0.37,1.52,0.02,0.95,0.14,0.01,0.0,0.282,1.001763668430335,0.9060349145373184,0.142,,0.008,,0.0,,False,96.0,99.0,96.0,88.0,93.0,91.0,91.0,92.0,94.0,high,high,high,high,high,high,high,high,high,2026-05-22
hitter,ATH,SD,Henry Bolte,703607,7.0,CF,Confirmed,3.49,,,,,0.9,0.14,,,,,0.8961391082319369,0.9020413982509959,0.14286851251550206,0.13150842122929274,0.7061469265367316,0.615279709847938,0.023815905720072486,0.03163196907236541,,,0.66,0.33,0.29,1.32,0.03,0.88,0.14,0.01,0.0,0.268,0.9375,0.8272018383713902,0.141,,0.007,,0.0,,False,96.0,99.0,96.0,88.0,93.0,91.0,91.0,92.0,94.0,high,high,high,high,high,high,high,high,high,2026-05-22
hitter,ATH,SD,Jeff McNeil,643446,8.0,2B,Confirmed,3.48,,,,,0.54,0.2,,,,,0.5507685065148378,0.5345416999459979,0.21144375734570509,0.18409933193011063,0.7715355805243446,0.6889115282066266,0.02639248388988731,0.023884369861183558,,,0.73,0.38,0.32,1.47,0.03,0.98,0.15,0.01,0.0,0.322,1.001763668430335,0.9708862380413537,0.15,,0.009,,0.0,,False,96.0,99.0,96.0,88.0,93.0,91.0,91.0,92.0,94.0,high,high,high,high,high,high,high,high,high,2026-05-22
hitter,ATH,SD,Darell Hernaiz,687231,9.0,SS,Confirmed,3.33,,,,,0.59,0.2,,,,,0.5922614911108872,0.5938979512612589,0.20219596522415792,0.19596328818036807,0.707983193277311,0.6594561284384187,0.01604269746164442,0.00763312077662703,,,0.68,0.32,0.26,1.28,0.01,0.86,0.14,0.01,0.0,0.28,0.9375,0.7988829741676974,0.143,,0.008,,0.0,,False,96.0,99.0,96.0,88.0,93.0,91.0,91.0,92.0,94.0,high,high,high,high,high,high,high,high,high,2026-05-22
hitter,SF,CWS,Willy Adames,642715,1.0,SS,Confirmed,3.89,,,,,0.83,0.14,,,,,0.8196637952841991,0.8412312564428427,0.13017942613208747,0.1445697742422807,0.8949771689497716,0.8579429713876691,0.16898752593253,0.15712432582568006,,,0.87,0.4,0.35,1.46,0.16,1.59,0.12,0.01,0.0,0.246,1.684375,1.514240260131341,0.12,,0.009,,0.0,,False,96.0,99.0,96.0,88.0,93.0,91.0,91.0,92.0,94.0,high,high,high,high,high,high,high,high,high,2026-05-22
hitter,SF,CWS,Luis Arraez,650333,2.0,2B,Confirmed,4.25,,,,,0.28,0.14,,,,,0.21956563257371967,0.3432089008652856,0.14527886965231157,0.1439764686355995,1.0980834272829765,1.1201785451522754,0.08460698397852354,0.09559492088435359,,,1.11,0.48,0.39,1.85,0.09,1.75,0.17,0.01,0.0,0.271,1.914285714285714,1.6187353170180745,0.172,,0.013,,0.0,,False,96.0,99.0,96.0,88.0,93.0,91.0,91.0,92.0,94.0,high,high,high,high,high,high,high,high,high,2026-05-22
hitter,SF,CWS,Casey Schmitt,669477,3.0,LF,Confirmed,3.81,,,,,0.71,0.08,,,,,0.6548388434589273,0.7557708122164795,0.09874951645071844,0.06395561568467595,0.994208494208494,0.8797613563437776,0.1578623171688989,0.125626836754598,,,0.93,0.42,0.42,1.61,0.14,1.59,0.16,0.01,0.0,0.263,1.684375,1.5194464339577631,0.157,,0.008,,0.0,,False,96.0,99.0,96.0,88.0,93.0,91.0,91.0,92.0,94.0,high,high,high,high,high,high,high,high,high,2026-05-22
hitter,SF,CWS,Rafael Devers,646240,4.0,1B,Confirmed,4.04,,,,,0.95,0.18,,,,,0.9485539184642992,0.9504173200786039,0.16804461289301184,0.19179832961461835,0.994208494208494,0.9204991462033129,0.20510607518703272,0.18293071486795626,,,0.95,0.48,0.47,1.75,0.19,1.79,0.14,0.01,0.0,0.279,1.914285714285714,1.691136363644536,0.14,,0.008,,0.0,,False,96.0,99.0,96.0,88.0,93.0,91.0,91.0,92.0,94.0,high,high,high,high,high,high,high,high,high,2026-05-22
hitter,SF,CWS,Matt Chapman,656305,5.0,3B,Confirmed,3.81,,,,,0.83,0.11,,,,,0.8025560496091403,0.8608957163241299,0.11141239082208804,0.10528996729329304,0.8949771689497716,0.9176702470723348,0.21251196321062568,0.1724549777591421,,,0.91,0.43,0.44,1.58,0.19,1.6,0.14,0.01,0.0,0.266,1.684375,1.527369638179425,0.136,,0.007,,0.0,,False,96.0,99.0,96.0,88.0,93.0,91.0,91.0,92.0,94.0,high,high,high,high,high,high,high,high,high,2026-05-22
hitter,SF,CWS,Bryce Eldridge,805811,6.0,DH,Confirmed,3.33,,,,,0.84,0.11,,,,,0.8451041095002905,0.8426023316229008,0.12475899986138271,0.10523452502774652,0.707983193277311,0.7320723554724567,0.12144747510805487,0.09101161610180826,,,0.72,0.27,0.3,1.09,0.11,1.2,0.13,0.02,0.0,0.228,1.239368165249089,1.1665587021441068,0.133,,0.019,,0.0,,False,96.0,99.0,96.0,88.0,93.0,91.0,91.0,92.0,94.0,high,high,high,high,high,high,high,high,high,2026-05-22
hitter,SF,CWS,Jesus Rodriguez,683679,7.0,C,Confirmed,2.55,,,,,0.47,0.04,,,,,0.46067334705749274,0.4738833486932727,0.06468229349287516,0.024525207456790814,0.5846774193548387,0.47703306791030253,0.05118087161589097,0.04086344889557257,,,0.53,0.18,0.17,0.76,0.05,0.79,0.1,0.01,0.0,0.201,0.8666666666666667,0.7222364426382403,0.101,,0.008,,0.0,,False,96.0,99.0,96.0,88.0,93.0,91.0,91.0,92.0,94.0,high,high,high,high,high,high,high,high,high,2026-05-22
hitter,SF,CWS,Drew Gilbert,687551,8.0,RF,Confirmed,3.09,,,,,0.57,0.07,,,,,0.5595756748622396,0.5751984918501347,0.08311213062153487,0.05699856105295527,0.8694581280788177,0.7519695244500174,0.05273067036404383,0.05607015589075689,,,0.8,0.28,0.26,1.23,0.05,1.13,0.15,0.01,0.0,0.256,1.239368165249089,1.0453965112650851,0.145,,0.011,,0.0,,False,96.0,99.0,96.0,88.0,93.0,91.0,91.0,92.0,94.0,high,high,high,high,high,high,high,high,high,2026-05-22
hitter,SF,CWS,Harrison Bader,664056,9.0,CF,Confirmed,3.96,,,,,0.85,0.12,,,,,0.8302957957612391,0.8737375275639168,0.12648206803441714,0.11672959307811373,0.8949771689497716,0.8802019327607727,0.12197496488354048,0.09667171512762511,,,0.89,0.33,0.31,1.34,0.11,1.43,0.16,0.01,0.0,0.229,1.3893129770992367,1.471433198688065,0.162,,0.009,,0.0,,False,96.0,99.0,96.0,88.0,93.0,91.0,91.0,92.0,94.0,high,high,high,high,high,high,high,high,high,2026-05-22
hitter,CWS,SF,Sam Antonacci,803011,1.0,LF,Confirmed,3.58,,,,,0.48,0.35,,,,,0.49879858996213866,0.4527486637947663,0.3760940768377259,0.32675820537923345,0.8770949720670391,0.7749797430209545,0.03302345430620438,0.025897622167260752,,,0.82,0.36,0.28,1.44,0.03,1.09,0.14,0.01,0.0,0.251,1.1521739130434783,1.0409510839795117,0.135,,0.013,,0.0,,False,96.0,99.0,96.0,88.0,93.0,91.0,91.0,92.0,94.0,high,high,high,high,high,high,high,high,high,2026-05-22
hitter,CWS,SF,Munetaka Murakami,808959,2.0,1B,Confirmed,4.26,,,,,1.2,0.95,,,,,1.243000982899529,1.1654343451373177,1.0389191239876003,0.8703411039600616,0.8770949720670391,0.7959533432273134,0.08460758070141494,0.09337378058605837,,,0.83,0.48,0.33,1.67,0.09,1.36,0.18,0.01,0.0,0.293,1.3893129770992367,1.3332145004561555,0.182,,0.008,,0.0,,False,96.0,99.0,96.0,88.0,93.0,91.0,91.0,92.0,94.0,high,high,high,high,high,high,high,high,high,2026-05-22
hitter,CWS,SF,Miguel Vargas,678246,3.0,3B,Confirmed,3.96,,,,,0.68,0.44,,,,,0.7258798394583588,0.6421522246446844,0.48268059513944206,0.3958601457308884,0.8770949720670391,0.8168425165872828,0.05728165042807529,0.04491998924003734,,,0.84,0.37,0.31,1.45,0.05,1.18,0.15,0.01,0.0,0.237,1.239368165249089,1.1322076323498524,0.154,,0.009,,0.0,,False,96.0,99.0,96.0,88.0,93.0,91.0,91.0,92.0,94.0,high,high,high,high,high,high,high,high,high,2026-05-22
hitter,CWS,SF,Colson Montgomery,695657,4.0,SS,Confirmed,4.18,,,,,1.14,0.54,,,,,1.16691165917508,1.1151324582996898,0.5752389037832066,0.5043579265282025,0.8694581280788177,0.7645558148933029,0.08934648206445578,0.11137936065260338,,,0.81,0.41,0.35,1.56,0.1,1.32,0.13,0.01,0.0,0.248,1.3148148148148149,1.327959919106891,0.127,,0.009,,0.0,,False,96.0,99.0,96.0,88.0,93.0,91.0,91.0,92.0,94.0,high,high,high,high,high,high,high,high,high,2026-05-22
hitter,CWS,SF,Chase Meidroth,805367,5.0,2B,Confirmed,3.74,,,,,0.65,0.38,,,,,0.702840897433595,0.5907500136421661,0.39512058310356657,0.3652853839176641,0.8694581280788177,0.757187746217945,0.02722124082003943,0.011214779912265526,,,0.81,0.37,0.31,1.48,0.02,1.05,0.14,0.01,0.0,0.248,1.1238670694864048,0.9811778374333741,0.139,,0.008,,0.0,,False,96.0,99.0,96.0,88.0,93.0,91.0,91.0,92.0,94.0,high,high,high,high,high,high,high,high,high,2026-05-22
hitter,CWS,SF,Andrew Benintendi,643217,6.0,DH,Confirmed,3.49,,,,,0.67,0.42,,,,,0.7035587320210269,0.6295215582547226,0.43347733707521696,0.39714248755915216,0.7715355805243446,0.6614107784376291,0.03673947483714038,0.031173663941523815,,,0.71,0.29,0.28,1.28,0.03,0.95,0.14,0.01,0.0,0.244,1.001763668430335,0.9084281068556183,0.139,,0.007,,0.0,,False,96.0,99.0,96.0,88.0,93.0,91.0,91.0,92.0,94.0,high,high,high,high,high,high,high,high,high,2026-05-22
hitter,CWS,SF,Edgar Quero,700337,7.0,C,Confirmed,3.02,,,,,0.62,0.27,,,,,0.6768173148450647,0.5578460546143639,0.2853307538273314,0.25652215815934937,0.7061469265367316,0.5378756529241261,0.03261892591274533,0.030334431077115025,,,0.61,0.24,0.2,1.03,0.03,0.86,0.1,0.01,0.0,0.223,0.9875776397515532,0.7566590561602782,0.098,,0.008,,0.0,,False,96.0,99.0,96.0,88.0,93.0,91.0,91.0,92.0,94.0,high,high,high,high,high,high,high,high,high,2026-05-22
hitter,CWS,SF,Tristan Peters,671976,8.0,CF,Confirmed,3.1,,,,,0.7,0.31,,,,,0.680751281970829,0.7105355591720467,0.33055770411938035,0.2894435332659117,0.6434108527131783,0.5188611705618202,0.025260240327425403,0.017025414886771322,,,0.57,0.22,0.19,0.93,0.02,0.75,0.12,0.01,0.0,0.209,0.8408408408408409,0.6795898208660529,0.12,,0.008,,0.0,,False,96.0,99.0,96.0,88.0,93.0,91.0,91.0,92.0,94.0,high,high,high,high,high,high,high,high,high,2026-05-22
hitter,CWS,SF,Derek Hill,656537,9.0,RF,Confirmed,1.84,,,,,0.62,0.16,,,,,0.6942842634496731,0.550277609487499,0.189694395542296,0.12126925631759634,0.3344051446945337,0.2303114954541415,0.02010620465031274,0.01053295898533856,,,0.28,0.14,0.12,0.6,0.02,0.35,0.09,0.01,0.0,0.227,0.3888888888888889,0.31753609721291565,0.086,,0.008,,0.0,,False,96.0,99.0,96.0,88.0,93.0,91.0,91.0,92.0,94.0,high,high,high,high,high,high,high,high,high,2026-05-22
