player_type,team,opponent,player_name,mlb_id,lineup_spot,pos,lineup_status,proj_pa,proj_ip,proj_outs,proj_runs_allowed,proj_hits_allowed,proj_strikeouts,proj_walks,proj_hr_allowed,proj_er_model,proj_fip,proj_war_contribution,direct_K,rate_K,direct_BB,rate_BB,direct_H,rate_H,direct_HR,rate_HR,direct_R,rate_R,proj_hits,proj_runs,proj_rbi,proj_hrrbi,proj_hr,proj_tb,proj_2b,proj_3b,proj_sb,proj_woba,direct_TB,rate_TB,direct_2B,rate_2B,direct_3B,rate_3B,direct_SB,rate_SB,used_fallback,confidence_score,proj_pa_confidence_score,proj_hits_confidence_score,proj_hr_confidence_score,proj_strikeouts_confidence_score,proj_runs_confidence_score,proj_rbi_confidence_score,proj_hrrbi_confidence_score,proj_walks_confidence_score,confidence,proj_pa_confidence,proj_hits_confidence,proj_hr_confidence,proj_strikeouts_confidence,proj_runs_confidence,proj_rbi_confidence,proj_hrrbi_confidence,proj_walks_confidence,game_date
pitcher,NYY,PIT,Gerrit Cole,543037,,,,,4.79,14.0,2.37,4.71,4.59,1.43,0.67,2.28,3.95,0.073,4.676567656765677,4.497510524090055,1.3455882352941178,1.6812829944533958,4.666666666666667,4.858659276173211,0.625,0.7592911695295503,2.28,,,,,,,,,,,,,,,,,,,,,,,,,,,,,,,,,,,,,,,2026-07-22
pitcher,PIT,NYY,Mitch Keller,656605,,,,,5.13,15.0,2.69,5.18,4.46,1.83,0.57,2.48,4.06,0.074,4.5344827586206895,4.384084883697257,1.8333333333333333,1.8006224971912148,5.093457943925234,5.51786174638975,0.547945205479452,0.6063050264504087,2.481,,,,,,,,,,,,,,,,,,,,,,,,,,,,,,,,,,,,,,,2026-07-22
pitcher,NYY,PIT,Max Fried,608331,,,,,5.59,17.0,2.69,5.28,6.24,2.01,0.82,2.28,3.99,0.13,6.017094017094017,6.471370949799894,1.890295358649789,2.3649325333122206,5.093457943925234,6.012640772381813,0.7580645161290323,0.9619796749053355,2.28,,,,,,,,,,,,,,,,,,,,,,,,,,,,,,,,,,,,,,,2026-07-22
pitcher,PIT,NYY,Bubba Chandler,696149,,,,,4.79,14.0,2.59,4.93,4.78,1.85,0.4,2.21,3.91,0.081,4.676567656765677,4.882964964028157,1.890295358649789,1.7468702410277968,4.879746835443039,5.152155509786922,0.38095238095238093,0.44045373111342334,2.212,,,,,,,,,,,,,,,,,,,,,,,,,,,,,,,,,,,,,,,2026-07-22
pitcher,BOS,BAL,Jake Bennett,687562,,,,,4.79,14.0,2.47,4.88,4.78,1.33,0.71,2.21,4.06,0.081,4.676567656765677,4.882964964028157,1.3455882352941178,1.2824725226957707,4.879746835443039,4.858659276173211,0.6666666666666666,0.8243081650798851,2.212,,,,,,,,,,,,,,,,,,,,,,,,,,,,,,,,,,,,,,,2026-07-22
pitcher,BAL,BOS,Dean Kremer,665152,,,,,4.79,14.0,2.44,4.93,4.59,1.43,0.61,2.28,3.95,0.073,4.676567656765677,4.497510524090055,1.3455882352941178,1.6812829944533958,4.879746835443039,5.152155509786922,0.625,0.5661210675823506,2.28,,,,,,,,,,,,,,,,,,,,,,,,,,,,,,,,,,,,,,,2026-07-22
pitcher,BAL,BOS,Kyle Bradish,680694,,,,,5.21,16.0,2.71,4.6,6.85,2.45,0.8,2.21,4.08,0.111,6.649122807017544,7.047496679501248,2.4,2.619514821485557,4.486486486486487,5.0333098236854905,0.7580645161290323,0.8965857077382466,2.212,,,,,,,,,,,,,,,,,,,,,,,,,,,,,,,,,,,,,,,2026-07-22
pitcher,KC,SF,Seth Lugo,607625,,,,,4.79,14.0,2.69,4.93,3.83,1.93,0.78,2.48,5.0,0.051,3.8412698412698414,3.8257426697625427,1.890295358649789,2.041382631246275,4.879746835443039,5.152155509786922,0.7580645161290323,0.8243081650798851,2.481,,,,,,,,,,,,,,,,,,,,,,,,,,,,,,,,,,,,,,,2026-07-22
pitcher,SF,KC,Landen Roupp,694738,,,,,4.79,14.0,2.44,4.76,4.59,1.93,0.55,2.21,4.06,0.081,4.676567656765677,4.497510524090055,1.890295358649789,2.041382631246275,4.666666666666667,5.152155509786922,0.5409836065573771,0.5661210675823506,2.212,,,,,,,,,,,,,,,,,,,,,,,,,,,,,,,,,,,,,,,2026-07-22
pitcher,MIL,NYM,Logan Henderson,701656,,,,,4.79,14.0,2.57,4.39,5.78,2.02,0.89,2.21,4.4,0.081,6.017094017094017,5.545235572368783,1.890295358649789,2.408344720713209,4.326530612244898,4.62755356150739,0.869281045751634,0.9510542321979162,2.212,,,,,,,,,,,,,,,,,,,,,,,,,,,,,,,,,,,,,,,2026-07-22
pitcher,NYM,MIL,Christian Scott,681035,,,,,4.79,14.0,2.33,4.39,5.08,1.93,0.52,1.79,3.66,0.13,5.275,4.882964964028157,1.890295358649789,2.041382631246275,4.326530612244898,4.62755356150739,0.5,0.5661210675823506,1.789,,,,,,,,,,,,,,,,,,,,,,,,,,,,,,,,,,,,,,,2026-07-22
pitcher,WSH,COL,Cade Cavalli,676917,,,,,5.13,15.0,2.4,5.18,5.71,1.46,0.57,2.21,3.2,0.105,5.708333333333333,5.709673390032388,1.3455882352941178,1.8006224971912148,5.093457943925234,5.51786174638975,0.547945205479452,0.6063050264504087,2.212,,,,,,,,,,,,,,,,,,,,,,,,,,,,,,,,,,,,,,,2026-07-22
pitcher,AZ,ATH,Merrill Kelly,518876,,,,,5.13,15.0,2.81,5.41,3.97,1.96,0.7,3.08,4.66,0.012,3.8412698412698414,4.097298516885561,1.890295358649789,2.170322700517297,5.387096774193548,5.51786174638975,0.625,0.8828185567557015,3.075,,,,,,,,,,,,,,,,,,,,,,,,,,,,,,,,,,,,,,,2026-07-22
pitcher,ATH,AZ,Gage Jump,695611,,,,,5.21,16.0,2.47,4.91,5.29,1.66,0.52,2.21,3.85,0.111,5.275,5.311116380498267,1.610062893081761,1.8287023801883489,4.879746835443039,5.0333098236854905,0.5409836065573771,0.47907389125280486,2.212,,,,,,,,,,,,,,,,,,,,,,,,,,,,,,,,,,,,,,,2026-07-22
pitcher,SEA,CIN,Emerson Hancock,676106,,,,,4.79,14.0,2.63,5.29,3.75,1.65,0.82,2.43,4.89,0.057,3.8412698412698414,3.6609009771017487,1.610062893081761,1.7704833159728637,5.093457943925234,6.094132954135056,0.7948717948717948,0.8726985188581348,2.432,,,,,,,,,,,,,,,,,,,,,,,,,,,,,,,,,,,,,,,2026-07-22
pitcher,CIN,SEA,Brady Singer,663903,,,,,4.79,14.0,2.64,4.65,5.0,1.93,0.89,2.28,4.96,0.073,4.676567656765677,5.331254490887942,1.890295358649789,2.041382631246275,4.525423728813561,5.152155509786922,0.869281045751634,0.9510542321979162,2.28,,,,,,,,,,,,,,,,,,,,,,,,,,,,,,,,,,,,,,,2026-07-22
pitcher,STL,LAA,Hunter Dobbins,690928,,,,,4.61,14.0,2.6,4.73,4.43,1.7,0.88,2.43,4.83,0.045,4.5344827586206895,4.328501777882078,1.610062893081761,1.9646709666065398,4.666666666666667,4.95854632570307,0.869281045751634,0.91531524226146,2.432,,,,,,,,,,,,,,,,,,,,,,,,,,,,,,,,,,,,,,,2026-07-22
pitcher,CLE,MIN,Slade Cecconi,677944,,,,,4.79,14.0,2.68,5.22,3.83,1.63,0.8,2.48,4.83,0.051,3.8412698412698414,3.8257426697625427,1.610062893081761,1.6812829944533958,5.093457943925234,5.726131982864355,0.7948717948717948,0.8243081650798851,2.481,,,,,,,,,,,,,,,,,,,,,,,,,,,,,,,,,,,,,,,2026-07-22
pitcher,MIN,CLE,Bailey Ober,641927,,,,,4.79,14.0,2.84,5.69,4.59,1.28,0.86,2.5,4.57,0.049,4.676567656765677,4.497510524090055,1.2772277227722773,1.2824725226957707,5.68,5.720501571405975,0.869281045751634,0.8243081650798851,2.5,,,,,,,,,,,,,,,,,,,,,,,,,,,,,,,,,,,,,,,2026-07-22
pitcher,PHI,LAD,Aaron Nola,605400,,,,,4.79,14.0,2.44,4.57,4.78,1.93,0.71,2.21,4.4,0.081,4.676567656765677,4.882964964028157,1.890295358649789,2.041382631246275,4.500000000000001,4.858659276173211,0.6666666666666666,0.8243081650798851,2.212,,,,,,,,,,,,,,,,,,,,,,,,,,,,,,,,,,,,,,,2026-07-22
pitcher,LAD,PHI,Eric Lauer,641778,,,,,4.79,14.0,2.65,5.05,3.83,1.38,0.89,2.43,4.92,0.057,3.8412698412698414,3.8257426697625427,1.2772277227722773,1.6812829944533958,5.030521022961825,5.152155509786922,0.869281045751634,0.9510542321979162,2.432,,,,,,,,,,,,,,,,,,,,,,,,,,,,,,,,,,,,,,,2026-07-22
pitcher,ATL,SD,Martín Pérez,527048,,,,,4.61,14.0,2.61,4.9,3.96,1.91,0.66,2.21,4.69,0.069,4.12259408727172,3.78933905344177,1.890295358649789,1.9646709666065398,4.879746835443039,4.95854632570307,0.625,0.7307583072090245,2.212,,,,,,,,,,,,,,,,,,,,,,,,,,,,,,,,,,,,,,,2026-07-22
pitcher,SD,ATL,Michael King,650633,,,,,5.13,15.0,2.72,4.66,4.95,2.27,0.91,2.28,5.01,0.097,4.676567656765677,5.229563729742055,2.163265306122449,2.579291945147967,4.525423728813561,5.203532794732478,0.869281045751634,1.0185612131889998,2.28,,,,,,,,,,,,,,,,,,,,,,,,,,,,,,,,,,,,,,,2026-07-22
pitcher,CWS,TEX,Anthony Kay,641743,,,,,4.79,14.0,2.61,4.59,4.59,1.92,0.67,2.28,4.29,0.073,4.676567656765677,4.497510524090055,1.890295358649789,2.026480650190615,4.525423728813561,4.858659276173211,0.625,0.7592911695295503,2.28,,,,,,,,,,,,,,,,,,,,,,,,,,,,,,,,,,,,,,,2026-07-22
pitcher,CHC,DET,Colin Rea,607067,,,,,4.79,14.0,2.68,4.93,3.83,1.93,0.63,2.48,4.64,0.051,3.8412698412698414,3.8257426697625427,1.890295358649789,2.041382631246275,4.879746835443039,5.152155509786922,0.625,0.6350989636681925,2.481,,,,,,,,,,,,,,,,,,,,,,,,,,,,,,,,,,,,,,,2026-07-22
pitcher,DET,CHC,Keider Montero,672456,,,,,4.79,14.0,2.62,5.22,4.17,1.43,0.92,2.48,5.08,0.051,3.8412698412698414,4.497510524090055,1.3455882352941178,1.6812829944533958,5.093457943925234,5.720501571405975,0.9130434782608695,0.9510542321979162,2.481,,,,,,,,,,,,,,,,,,,,,,,,,,,,,,,,,,,,,,,2026-07-22
pitcher,HOU,MIA,Peter Lambert,663567,,,,,5.21,16.0,2.44,4.63,4.78,1.97,0.56,2.21,4.01,0.111,4.676567656765677,4.891864265242002,1.890295358649789,2.220376515405656,4.525423728813561,5.0333098236854905,0.5409836065573771,0.6157600755958343,2.212,,,,,,,,,,,,,,,,,,,,,,,,,,,,,,,,,,,,,,,2026-07-22
pitcher,MIA,HOU,Sandy Alcantara,645261,,,,,5.21,16.0,2.81,5.55,4.56,1.89,0.79,3.08,4.32,0.017,4.676567656765677,4.452452679154525,1.890295358649789,1.9000404918068519,5.387096774193548,6.222090435704619,0.7441860465116279,0.8965857077382466,3.075,,,,,,,,,,,,,,,,,,,,,,,,,,,,,,,,,,,,,,,2026-07-22
hitter,NYY,PIT,Trent Grisham,663757,1.0,CF,Confirmed,4.04,,,,,1.61,0.65,,,,,1.616781242010725,1.5997613279375116,0.6631051592478482,0.633769011867725,0.5290322580645161,0.47350077108725025,0.25938560717049813,0.24041855993882894,,,0.5,0.65,0.58,2.23,0.25,1.22,0.15,0.01,0.0,0.371,1.239368165249089,1.1974929818038373,0.147,,0.007,,0.0,,False,96.0,99.0,96.0,88.0,93.0,91.0,91.0,92.0,94.0,high,high,high,high,high,high,high,high,high,2026-07-22
hitter,NYY,PIT,Ben Rice,700250,2.0,1B,Confirmed,4.18,,,,,1.59,0.44,,,,,1.577745995077189,1.6027211474723562,0.4435888451646882,0.4317553533972375,0.5290322580645161,0.5321802659937315,0.21576333385923085,0.20683074448741137,,,0.53,0.68,0.62,2.4,0.21,1.23,0.18,0.01,0.0,0.377,1.239368165249089,1.2252164242770835,0.18,,0.009,,0.0,,False,96.0,99.0,96.0,88.0,93.0,91.0,91.0,92.0,94.0,high,high,high,high,high,high,high,high,high,2026-07-22
hitter,NYY,PIT,Spencer Jones,682987,3.0,DH,Confirmed,3.1,,,,,1.27,0.15,,,,,1.2607855585512246,1.2725540921733225,0.1719247559898921,0.13734175867408005,0.2543859649122807,0.23476089847185008,0.027244055525253812,0.008948280346048663,,,0.24,0.45,0.48,1.64,0.02,0.37,0.13,0.01,0.0,0.341,0.44025157232704404,0.31355652867087314,0.133,,0.009,,0.0,,False,96.0,99.0,96.0,88.0,93.0,91.0,91.0,92.0,94.0,high,high,high,high,high,high,high,high,high,2026-07-22
hitter,NYY,PIT,Cody Bellinger,641355,4.0,LF,Confirmed,4.18,,,,,1.15,0.41,,,,,1.1095619503809986,1.192657225876675,0.4131270432544074,0.4151776015241873,0.5290322580645161,0.5132919580886466,0.1612221455181425,0.17525330904639244,,,0.52,0.63,0.64,2.36,0.17,1.04,0.16,0.01,0.0,0.35,1.001763668430335,1.0775929403266327,0.16,,0.008,,0.0,,False,96.0,99.0,96.0,88.0,93.0,91.0,91.0,92.0,94.0,high,high,high,high,high,high,high,high,high,2026-07-22
hitter,NYY,PIT,Jasson Domínguez,691176,5.0,RF,Confirmed,3.96,,,,,1.5,0.3,,,,,1.3671083562053334,1.6346669736720025,0.2874628309395778,0.3136695791530243,0.4803149606299212,0.5108521040807414,0.14886069931015145,0.1514583419315005,,,0.5,0.53,0.54,1.96,0.15,0.96,0.16,0.01,0.0,0.309,0.8408408408408409,1.0518707608079358,0.155,,0.008,,0.0,,False,96.0,99.0,96.0,88.0,93.0,91.0,91.0,92.0,94.0,high,high,high,high,high,high,high,high,high,2026-07-22
hitter,NYY,PIT,Jazz Chisholm Jr.,665862,6.0,2B,Confirmed,3.48,,,,,1.66,0.38,,,,,1.719685423057715,1.6085525763383157,0.3931921090090801,0.36573625914098173,0.35424354243542433,0.3399989601379002,0.21746075853558797,0.20498459087600768,,,0.35,0.5,0.61,1.92,0.21,0.93,0.13,0.01,0.0,0.377,0.9875776397515532,0.8821749990894332,0.131,,0.008,,0.0,,False,96.0,99.0,96.0,88.0,93.0,91.0,91.0,92.0,94.0,high,high,high,high,high,high,high,high,high,2026-07-22
hitter,NYY,PIT,José Caballero,676609,7.0,SS,Confirmed,3.48,,,,,1.35,0.29,,,,,1.2820877712323926,1.4095251406577585,0.30065493481186045,0.28587434641180504,0.4125159642401022,0.379224369563908,0.07726184897552907,0.07392472451636238,,,0.39,0.35,0.34,1.46,0.08,0.7,0.14,0.01,0.0,0.272,0.6720588235294118,0.7222640115258125,0.14,,0.008,,0.0,,False,96.0,99.0,96.0,88.0,93.0,91.0,91.0,92.0,94.0,high,high,high,high,high,high,high,high,high,2026-07-22
hitter,NYY,PIT,Ryan McMahon,641857,8.0,3B,Confirmed,3.48,,,,,1.68,0.39,,,,,1.6895182166414762,1.668833942032169,0.4076644658312619,0.3664988953399648,0.35424354243542433,0.3511461245196732,0.16743420320419072,0.15857879606504743,,,0.35,0.45,0.47,1.72,0.16,0.87,0.13,0.01,0.0,0.341,0.8408408408408409,0.8910187386456629,0.133,,0.008,,0.0,,False,96.0,99.0,96.0,88.0,93.0,91.0,91.0,92.0,94.0,high,high,high,high,high,high,high,high,high,2026-07-22
hitter,NYY,PIT,Austin Wells,669224,9.0,C,Confirmed,3.02,,,,,1.43,0.22,,,,,1.456333500650508,1.4095279721415006,0.21571094339191682,0.2265917403559797,0.35424354243542433,0.323541431378415,0.1371852457381095,0.13420100341815483,,,0.34,0.39,0.41,1.5,0.14,0.76,0.12,0.01,0.0,0.339,0.6720588235294118,0.8391762129940307,0.12,,0.008,,0.0,,False,96.0,99.0,96.0,88.0,93.0,91.0,91.0,92.0,94.0,high,high,high,high,high,high,high,high,high,2026-07-22
hitter,PIT,NYY,Jake Mangum,663968,1.0,RF,Confirmed,3.81,,,,,0.52,0.28,,,,,0.5513774186376811,0.49505002056065167,0.31181077302524474,0.24853401991614113,1.4947368421052631,1.0982233598632476,0.08200356819666818,0.061603789798015306,,,1.28,0.46,0.37,1.83,0.07,1.69,0.14,0.01,0.0,0.287,1.914285714285714,1.5115354063724062,0.137,,0.009,,0.0,,False,96.0,99.0,96.0,88.0,93.0,91.0,91.0,92.0,94.0,high,high,high,high,high,high,high,high,high,2026-07-22
hitter,PIT,NYY,Brandon Lowe,664040,2.0,2B,Confirmed,4.04,,,,,1.1,0.49,,,,,1.1524607710759465,1.054774764580255,0.5294796480157823,0.450461607371053,1.4947368421052631,1.075345552123177,0.26868602407173076,0.2601406325996485,,,1.26,0.51,0.44,1.85,0.26,2.28,0.18,0.01,0.0,0.304,2.552380952380952,2.057764553102238,0.176,,0.008,,0.0,,False,96.0,99.0,96.0,88.0,93.0,91.0,91.0,92.0,94.0,high,high,high,high,high,high,high,high,high,2026-07-22
hitter,PIT,NYY,Bryan Reynolds,668804,3.0,LF,Confirmed,4.08,,,,,1.07,0.48,,,,,1.1417776100473571,0.9993914050304055,0.5025050886557487,0.44908985718467553,1.4947368421052631,1.1203993926659466,0.14069853795451157,0.15574560856823047,,,1.29,0.45,0.42,1.74,0.15,1.9,0.18,0.01,0.0,0.269,2.057017543859649,1.763654377599872,0.176,,0.01,,0.0,,False,96.0,99.0,96.0,88.0,93.0,91.0,91.0,92.0,94.0,high,high,high,high,high,high,high,high,high,2026-07-22
hitter,PIT,NYY,Esmerlyn Valdez,699013,4.0,RF,Confirmed,3.74,,,,,1.12,0.47,,,,,1.2042770155501088,1.039365317502243,0.5175415703637727,0.41799312840951575,1.0980834272829765,0.9231060713396804,0.22526757803965575,0.19611405846897223,,,1.0,0.41,0.39,1.51,0.21,1.86,0.12,0.01,0.0,0.258,2.057017543859649,1.691859805302482,0.117,,0.01,,0.0,,False,96.0,99.0,96.0,88.0,93.0,91.0,91.0,92.0,94.0,high,high,high,high,high,high,high,high,high,2026-07-22
hitter,PIT,NYY,Ryan O'Hearn,656811,5.0,DH,Confirmed,4.18,,,,,0.95,0.49,,,,,0.9494814732283049,0.9594741522345547,0.5296588492839799,0.4514363838321799,1.4947368421052631,1.096593866687645,0.14592118930509865,0.14305458256977904,,,1.28,0.46,0.43,1.76,0.14,1.86,0.17,0.01,0.0,0.271,2.057017543859649,1.6977120696073567,0.174,,0.009,,0.0,,False,96.0,99.0,96.0,88.0,93.0,91.0,91.0,92.0,94.0,high,high,high,high,high,high,high,high,high,2026-07-22
hitter,PIT,NYY,Nick Gonzales,693304,6.0,3B,Confirmed,4.18,,,,,0.72,0.33,,,,,0.7325891712937236,0.7096394557014585,0.3385962114673793,0.318048169576664,1.607843137254902,1.2929511499151032,0.10506488572155742,0.10361411186658122,,,1.43,0.45,0.48,2.03,0.1,1.93,0.15,0.01,0.0,0.295,2.057017543859649,1.8246928690825863,0.15,,0.009,,0.0,,False,96.0,99.0,96.0,88.0,93.0,91.0,91.0,92.0,94.0,high,high,high,high,high,high,high,high,high,2026-07-22
hitter,PIT,NYY,Jacob Gonzalez,694378,7.0,1B,Confirmed,3.09,,,,,0.53,0.18,,,,,0.5151218526885661,0.5349266119418445,0.20362482159102416,0.1505467808331527,0.801980198019802,0.6637773710335314,0.197540026739389,0.19607535228451098,,,0.73,0.31,0.29,1.31,0.2,1.42,0.13,0.01,0.0,0.279,1.5956790123456794,1.2814370963839907,0.128,,0.01,,0.0,,False,96.0,99.0,96.0,88.0,93.0,91.0,91.0,92.0,94.0,high,high,high,high,high,high,high,high,high,2026-07-22
hitter,PIT,NYY,Henry Davis,680779,8.0,C,Confirmed,3.1,,,,,0.85,0.29,,,,,0.9255437304467956,0.778378790141863,0.3377704668588466,0.24630969973042693,0.994208494208494,0.7467016305032548,0.18809256405720765,0.15052699536394423,,,0.86,0.32,0.31,1.28,0.17,1.63,0.13,0.01,0.0,0.279,1.914285714285714,1.4061049586215386,0.133,,0.007,,0.0,,False,96.0,99.0,96.0,88.0,93.0,91.0,91.0,92.0,94.0,high,high,high,high,high,high,high,high,high,2026-07-22
hitter,PIT,NYY,Tyler Callihan,682997,9.0,1B,Confirmed,3.02,,,,,0.95,0.32,,,,,1.0167644537755385,0.8830795947004175,0.3660084716910952,0.2774069704249885,0.801980198019802,0.6755322281153656,0.137532193687676,0.1028855900395194,,,0.73,0.26,0.25,1.04,0.12,1.52,0.11,0.01,0.0,0.241,1.914285714285714,1.1927647893816329,0.115,,0.009,,0.0,,False,96.0,99.0,96.0,88.0,93.0,91.0,91.0,92.0,94.0,high,high,high,high,high,high,high,high,high,2026-07-22
hitter,NYY,PIT,Trent Grisham,663757,1.0,CF,Confirmed,4.04,,,,,1.61,0.65,,,,,1.616781242010725,1.5997613279375116,0.6631051592478482,0.633769011867725,0.5290322580645161,0.47350077108725025,0.25938560717049813,0.24041855993882894,,,0.5,0.65,0.58,2.23,0.25,1.22,0.15,0.01,0.0,0.371,1.239368165249089,1.1974929818038373,0.147,,0.007,,0.0,,False,96.0,99.0,96.0,88.0,93.0,91.0,91.0,92.0,94.0,high,high,high,high,high,high,high,high,high,2026-07-22
hitter,NYY,PIT,Ben Rice,700250,2.0,DH,Confirmed,4.18,,,,,1.59,0.44,,,,,1.577745995077189,1.6027211474723562,0.4435888451646882,0.4317553533972375,0.5290322580645161,0.5321802659937315,0.21576333385923085,0.20683074448741137,,,0.53,0.68,0.62,2.4,0.21,1.23,0.18,0.01,0.0,0.377,1.239368165249089,1.2252164242770835,0.18,,0.009,,0.0,,False,96.0,99.0,96.0,88.0,93.0,91.0,91.0,92.0,94.0,high,high,high,high,high,high,high,high,high,2026-07-22
hitter,NYY,PIT,Paul Goldschmidt,502671,3.0,1B,Confirmed,3.74,,,,,1.25,0.27,,,,,1.1992886713501707,1.305065799495167,0.26815880996339436,0.2682745525860609,0.4803149606299212,0.5126665439070401,0.1340295363992495,0.12963119439518464,,,0.5,0.56,0.57,2.12,0.13,1.09,0.18,0.01,0.0,0.348,1.1238670694864048,1.0670574480757615,0.181,,0.008,,0.0,,False,96.0,99.0,96.0,88.0,93.0,91.0,91.0,92.0,94.0,high,high,high,high,high,high,high,high,high,2026-07-22
hitter,NYY,PIT,Cody Bellinger,641355,4.0,LF,Confirmed,4.18,,,,,1.15,0.41,,,,,1.1095619503809986,1.192657225876675,0.4131270432544074,0.4151776015241873,0.5290322580645161,0.5132919580886466,0.1612221455181425,0.17525330904639244,,,0.52,0.63,0.64,2.36,0.17,1.04,0.16,0.01,0.0,0.35,1.001763668430335,1.0775929403266327,0.16,,0.008,,0.0,,False,96.0,99.0,96.0,88.0,93.0,91.0,91.0,92.0,94.0,high,high,high,high,high,high,high,high,high,2026-07-22
hitter,NYY,PIT,Jazz Chisholm Jr.,665862,5.0,2B,Confirmed,3.48,,,,,1.66,0.38,,,,,1.719685423057715,1.6085525763383157,0.3931921090090801,0.36573625914098173,0.35424354243542433,0.3399989601379002,0.21746075853558797,0.20498459087600768,,,0.35,0.57,0.61,1.99,0.21,0.93,0.13,0.01,0.0,0.377,0.9875776397515532,0.8821749990894332,0.131,,0.008,,0.0,,False,96.0,99.0,96.0,88.0,93.0,91.0,91.0,92.0,94.0,high,high,high,high,high,high,high,high,high,2026-07-22
hitter,NYY,PIT,Jasson Domínguez,691176,6.0,RF,Confirmed,3.96,,,,,1.5,0.3,,,,,1.3671083562053334,1.6346669736720025,0.2874628309395778,0.3136695791530243,0.4803149606299212,0.5108521040807414,0.14886069931015145,0.1514583419315005,,,0.5,0.46,0.54,1.89,0.15,0.96,0.16,0.01,0.0,0.309,0.8408408408408409,1.0518707608079358,0.155,,0.008,,0.0,,False,96.0,99.0,96.0,88.0,93.0,91.0,91.0,92.0,94.0,high,high,high,high,high,high,high,high,high,2026-07-22
hitter,NYY,PIT,Anthony Volpe,683011,7.0,SS,Confirmed,3.74,,,,,1.34,0.15,,,,,1.2750830919449698,1.4122185186897749,0.17206813466554755,0.1350766342095384,0.4125159642401022,0.48240635406047033,0.02603468387151535,0.033949781502785055,,,0.45,0.44,0.45,1.75,0.03,0.66,0.14,0.01,0.0,0.311,0.6289308176100628,0.6797940857408181,0.141,,0.007,,0.0,,False,96.0,99.0,96.0,88.0,93.0,91.0,91.0,92.0,94.0,high,high,high,high,high,high,high,high,high,2026-07-22
hitter,NYY,PIT,Ryan McMahon,641857,8.0,3B,Confirmed,3.48,,,,,1.68,0.39,,,,,1.6895182166414762,1.668833942032169,0.4076644658312619,0.3664988953399648,0.35424354243542433,0.3511461245196732,0.16743420320419072,0.15857879606504743,,,0.35,0.45,0.47,1.72,0.16,0.87,0.13,0.01,0.0,0.341,0.8408408408408409,0.8910187386456629,0.133,,0.008,,0.0,,False,96.0,99.0,96.0,88.0,93.0,91.0,91.0,92.0,94.0,high,high,high,high,high,high,high,high,high,2026-07-22
hitter,NYY,PIT,Ali Sánchez,645305,9.0,C,Confirmed,2.55,,,,,0.8,0.24,,,,,0.785304343473891,0.8164744169566313,0.2795211947107705,0.1910906338493187,0.35424354243542433,0.3003140950977137,0.10391754672750678,0.09550374119044779,,,0.32,0.27,0.26,1.11,0.1,0.68,0.13,0.01,0.0,0.289,0.7899761336515513,0.5963520069343037,0.126,,0.008,,0.0,,False,96.0,99.0,96.0,88.0,93.0,91.0,91.0,92.0,94.0,high,high,high,high,high,high,high,high,high,2026-07-22
hitter,PIT,NYY,Nick Gonzales,693304,1.0,3B,Confirmed,4.18,,,,,0.72,0.33,,,,,0.7325891712937236,0.7096394557014585,0.3385962114673793,0.318048169576664,1.607843137254902,1.2929511499151032,0.10506488572155742,0.10361411186658122,,,1.43,0.52,0.42,2.04,0.1,1.93,0.15,0.01,0.0,0.295,2.057017543859649,1.8246928690825863,0.15,,0.009,,0.0,,False,96.0,99.0,96.0,88.0,93.0,91.0,91.0,92.0,94.0,high,high,high,high,high,high,high,high,high,2026-07-22
hitter,PIT,NYY,Jared Triolo,669707,2.0,CF,Confirmed,3.89,,,,,0.89,0.42,,,,,0.8824763211353283,0.9030111192339485,0.46820120331346604,0.37677982244941366,1.0980834272829765,0.9932742108158963,0.08541147915044964,0.05841987595546835,,,1.04,0.39,0.31,1.5,0.07,1.55,0.14,0.01,0.0,0.248,1.684375,1.4407357201954407,0.139,,0.01,,0.0,,False,96.0,99.0,96.0,88.0,93.0,91.0,91.0,92.0,94.0,high,high,high,high,high,high,high,high,high,2026-07-22
hitter,PIT,NYY,Bryan Reynolds,668804,3.0,LF,Confirmed,4.08,,,,,1.07,0.48,,,,,1.1417776100473571,0.9993914050304055,0.5025050886557487,0.44908985718467553,1.4947368421052631,1.1203993926659466,0.14069853795451157,0.15574560856823047,,,1.29,0.45,0.42,1.74,0.15,1.9,0.18,0.01,0.0,0.269,2.057017543859649,1.763654377599872,0.176,,0.01,,0.0,,False,96.0,99.0,96.0,88.0,93.0,91.0,91.0,92.0,94.0,high,high,high,high,high,high,high,high,high,2026-07-22
hitter,PIT,NYY,Esmerlyn Valdez,699013,4.0,RF,Confirmed,3.74,,,,,1.12,0.47,,,,,1.2042770155501088,1.039365317502243,0.5175415703637727,0.41799312840951575,1.0980834272829765,0.9231060713396804,0.22526757803965575,0.19611405846897223,,,1.0,0.41,0.39,1.51,0.21,1.86,0.12,0.01,0.0,0.258,2.057017543859649,1.691859805302482,0.117,,0.01,,0.0,,False,96.0,99.0,96.0,88.0,93.0,91.0,91.0,92.0,94.0,high,high,high,high,high,high,high,high,high,2026-07-22
hitter,PIT,NYY,Ryan O'Hearn,656811,5.0,1B,Confirmed,4.18,,,,,0.95,0.49,,,,,0.9494814732283049,0.9594741522345547,0.5296588492839799,0.4514363838321799,1.4947368421052631,1.096593866687645,0.14592118930509865,0.14305458256977904,,,1.28,0.46,0.43,1.76,0.14,1.86,0.17,0.01,0.0,0.271,2.057017543859649,1.6977120696073567,0.174,,0.009,,0.0,,False,96.0,99.0,96.0,88.0,93.0,91.0,91.0,92.0,94.0,high,high,high,high,high,high,high,high,high,2026-07-22
hitter,PIT,NYY,Marcell Ozuna,542303,6.0,DH,Confirmed,4.14,,,,,1.18,0.84,,,,,1.206479839099692,1.150310250436422,0.8827848973522029,0.8046999651972951,0.707983193277311,0.6811241061405615,0.06502407690190704,0.07175064029910748,,,0.69,0.41,0.44,1.65,0.07,1.12,0.13,0.01,0.0,0.273,1.1521739130434783,1.0910588141829682,0.132,,0.006,,0.0,,False,96.0,99.0,96.0,88.0,93.0,91.0,91.0,92.0,94.0,high,high,high,high,high,high,high,high,high,2026-07-22
hitter,PIT,NYY,Brandon Lowe,664040,7.0,2B,Confirmed,4.04,,,,,1.1,0.49,,,,,1.1524607710759465,1.054774764580255,0.5294796480157823,0.450461607371053,1.4947368421052631,1.075345552123177,0.26868602407173076,0.2601406325996485,,,1.26,0.45,0.44,1.79,0.26,2.28,0.18,0.01,0.0,0.304,2.552380952380952,2.057764553102238,0.176,,0.008,,0.0,,False,96.0,99.0,96.0,88.0,93.0,91.0,91.0,92.0,94.0,high,high,high,high,high,high,high,high,high,2026-07-22
hitter,PIT,NYY,Rafael Flores Jr.,804668,8.0,C,Confirmed,3.54,,,,,0.69,0.31,,,,,0.598426845369606,0.7915581543749435,0.3214699215401988,0.3075191319087026,0.801980198019802,0.7434294871712981,0.10046789169234496,0.13791945952854823,,,0.77,0.29,0.25,1.2,0.12,1.23,0.13,0.01,0.0,0.236,1.239368165249089,1.2311014879103275,0.128,,0.008,,0.0,,False,96.0,99.0,96.0,88.0,93.0,91.0,91.0,92.0,94.0,high,high,high,high,high,high,high,high,high,2026-07-22
hitter,PIT,NYY,Billy Cook,695257,9.0,CF,Confirmed,1.92,,,,,0.87,0.11,,,,,0.9558533104574823,0.7761098586691402,0.14111675241799723,0.07777413245505854,0.5290322580645161,0.31077254819507516,0.025467894920940544,0.010918455798254062,,,0.41,0.18,0.17,0.76,0.02,0.56,0.09,0.01,0.0,0.265,0.6720588235294118,0.4658764472370327,0.09,,0.007,,0.0,,False,96.0,99.0,96.0,88.0,93.0,91.0,91.0,92.0,94.0,high,high,high,high,high,high,high,high,high,2026-07-22
hitter,BOS,BAL,Masataka Yoshida,807799,1.0,DH,Confirmed,3.1,,,,,0.61,0.16,,,,,0.6370410650842512,0.585138691775777,0.17532189750828114,0.14357033776206435,0.8694581280788177,0.6950682942917482,0.1506562384903628,0.11675222907786058,,,0.77,0.36,0.28,1.35,0.13,1.33,0.11,0.01,0.0,0.283,1.4759615384615385,1.2137355394686742,0.111,,0.007,,0.0,,False,96.0,99.0,96.0,88.0,93.0,91.0,91.0,92.0,94.0,high,high,high,high,high,high,high,high,high,2026-07-22
hitter,BOS,BAL,Ceddanne Rafaela,678882,2.0,CF,Confirmed,4.08,,,,,0.93,0.18,,,,,0.8913416957181775,0.9756126974649184,0.18720554954516308,0.17986010012597936,1.0980834272829765,1.0234789549291978,0.18967524555180362,0.17331741245987461,,,1.06,0.42,0.34,1.56,0.18,1.85,0.14,0.01,0.0,0.252,1.914285714285714,1.7948485913229486,0.137,,0.011,,0.0,,False,96.0,99.0,96.0,88.0,93.0,91.0,91.0,92.0,94.0,high,high,high,high,high,high,high,high,high,2026-07-22
hitter,BOS,BAL,Wilyer Abreu,677800,3.0,RF,Confirmed,3.81,,,,,1.15,0.3,,,,,1.1403655534347468,1.163514163226181,0.3103041636771131,0.2831432590315564,0.8694581280788177,0.8180997441887743,0.25131693240117703,0.248696618825603,,,0.84,0.41,0.36,1.47,0.25,1.8,0.11,0.01,0.0,0.263,1.914285714285714,1.7155197479764892,0.114,,0.008,,0.0,,False,96.0,99.0,96.0,88.0,93.0,91.0,91.0,92.0,94.0,high,high,high,high,high,high,high,high,high,2026-07-22
hitter,BOS,BAL,Willson Contreras,575929,4.0,1B,Confirmed,3.96,,,,,1.32,0.28,,,,,1.3875710534339083,1.2562921648481546,0.3051905401032584,0.2645952765719432,0.994208494208494,0.9309273638146398,0.35287845244935173,0.3082064420898837,,,0.96,0.49,0.46,1.72,0.33,2.25,0.15,0.01,0.0,0.301,2.456692913385827,2.0720411234281375,0.151,,0.008,,0.0,,False,96.0,99.0,96.0,88.0,93.0,91.0,91.0,92.0,94.0,high,high,high,high,high,high,high,high,high,2026-07-22
hitter,BOS,BAL,Caleb Durbin,702332,5.0,3B,Confirmed,3.74,,,,,0.59,0.2,,,,,0.5809131794375283,0.5978723178032233,0.20755843366025672,0.19164970983761534,0.8949771689497716,0.9404333892160486,0.14141886204747903,0.13904580200316025,,,0.92,0.36,0.31,1.38,0.14,1.5,0.15,0.01,0.0,0.24,1.5956790123456794,1.4210622162469584,0.149,,0.008,,0.0,,False,96.0,99.0,96.0,88.0,93.0,91.0,91.0,92.0,94.0,high,high,high,high,high,high,high,high,high,2026-07-22
hitter,BOS,BAL,Romy Gonzalez,663853,6.0,2B,Confirmed,3.93,,,,,0.77,0.44,,,,,0.750229723010599,0.793281538178373,0.4613292408833283,0.4281797593519277,0.6434108527131783,0.5536402973557059,0.14780150291741437,0.15247058796528837,,,0.59,0.38,0.41,1.59,0.15,1.14,0.16,0.01,0.0,0.269,1.1521739130434783,1.1319172581568488,0.165,,0.008,,0.0,,False,96.0,99.0,96.0,88.0,93.0,91.0,91.0,92.0,94.0,high,high,high,high,high,high,high,high,high,2026-07-22
hitter,BOS,BAL,Jarren Duran,680776,7.0,LF,Confirmed,3.96,,,,,1.33,0.29,,,,,1.3722232688169207,1.2824928815949157,0.3007544550956608,0.28152876792407083,1.0980834272829765,1.007201215548204,0.4412848052809261,0.31625668122972833,,,1.05,0.43,0.41,1.64,0.38,2.3,0.15,0.01,0.0,0.3,2.456692913385827,2.174620066215241,0.153,,0.014,,0.0,,False,96.0,99.0,96.0,88.0,93.0,91.0,91.0,92.0,94.0,high,high,high,high,high,high,high,high,high,2026-07-22
hitter,BOS,BAL,Connor Wong,657136,8.0,C,Confirmed,3.74,,,,,0.67,0.58,,,,,0.5829223418918552,0.7609346071855486,0.5888085724825541,0.5790795029400212,0.4125159642401022,0.4076676390164086,0.09309077234237167,0.09728455801079483,,,0.41,0.28,0.25,1.12,0.1,0.91,0.12,0.01,0.0,0.218,0.9875776397515532,0.8544811694089723,0.117,,0.007,,0.0,,False,96.0,99.0,96.0,88.0,93.0,91.0,91.0,92.0,94.0,high,high,high,high,high,high,high,high,high,2026-07-22
hitter,BOS,BAL,Tsung-Che Cheng,691907,9.0,SS,Confirmed,3.49,,,,,0.98,0.22,,,,,0.9211589665008049,1.0312324651542042,0.23427502325772728,0.20269515807468783,0.994208494208494,0.8946100510354716,0.16743806201222175,0.16047850657710364,,,0.94,0.36,0.33,1.49,0.16,1.77,0.18,0.01,0.0,0.29,1.914285714285714,1.6537811973737593,0.182,,0.007,,0.0,,False,96.0,99.0,96.0,88.0,93.0,91.0,91.0,92.0,94.0,high,high,high,high,high,high,high,high,high,2026-07-22
hitter,BAL,BOS,Taylor Ward,621493,1.0,LF,Confirmed,4.18,,,,,0.91,0.46,,,,,0.8911711393881369,0.9219759189723298,0.44276109896511784,0.47410309667714745,0.8694581280788177,0.7694190162038662,0.03571337998923993,0.018824061898945164,,,0.81,0.38,0.32,1.4,0.03,1.18,0.14,0.01,0.0,0.216,1.239368165249089,1.1372116579771179,0.139,,0.006,,0.0,,False,96.0,99.0,96.0,88.0,93.0,91.0,91.0,92.0,94.0,high,high,high,high,high,high,high,high,high,2026-07-22
hitter,BAL,BOS,Pete Alonso,624413,2.0,1B,Confirmed,4.25,,,,,0.89,0.53,,,,,0.8541013843636847,0.9218135805871908,0.4955807610718457,0.5734809381004459,0.994208494208494,0.8709504294446097,0.07090594792138263,0.06830102988969815,,,0.93,0.51,0.45,1.84,0.07,1.41,0.13,0.01,0.0,0.282,1.4476190476190476,1.384299912501708,0.129,,0.01,,0.0,,False,96.0,99.0,96.0,88.0,93.0,91.0,91.0,92.0,94.0,high,high,high,high,high,high,high,high,high,2026-07-22
hitter,BAL,BOS,Gunnar Henderson,683002,3.0,SS,Confirmed,4.04,,,,,0.71,0.4,,,,,0.6663744052899416,0.7507913363759433,0.4412508102216963,0.36146815729392495,0.994208494208494,0.8556866841170426,0.03943369526743038,0.034623300097903424,,,0.92,0.41,0.4,1.61,0.04,1.24,0.13,0.01,0.0,0.24,1.3148148148148149,1.182292536947142,0.132,,0.01,,0.0,,False,96.0,99.0,96.0,88.0,93.0,91.0,91.0,92.0,94.0,high,high,high,high,high,high,high,high,high,2026-07-22
hitter,BAL,BOS,Tyler O'Neill,641933,4.0,RF,Confirmed,2.55,,,,,0.67,0.24,,,,,0.7122444099271568,0.6363493141121751,0.26390522296217395,0.22242454755574292,0.4125159642401022,0.36082148730289876,0.0295158309572706,0.015984019706591506,,,0.38,0.22,0.22,0.8,0.02,0.6,0.09,0.01,0.0,0.208,0.6720588235294118,0.534192572844807,0.087,,0.007,,0.0,,False,96.0,99.0,96.0,88.0,93.0,91.0,91.0,92.0,94.0,high,high,high,high,high,high,high,high,high,2026-07-22
hitter,BAL,BOS,Coby Mayo,691723,5.0,DH,Confirmed,2.55,,,,,0.74,0.2,,,,,0.7570303948381218,0.7310677849845892,0.23621465327873262,0.17119933493448816,0.4125159642401022,0.3482420412788208,0.03211415801891323,0.020462115663747654,,,0.38,0.21,0.21,0.78,0.03,0.58,0.09,0.01,0.0,0.2,0.6720588235294118,0.5061283025322945,0.091,,0.007,,0.0,,False,96.0,99.0,96.0,88.0,93.0,91.0,91.0,92.0,94.0,high,high,high,high,high,high,high,high,high,2026-07-22
hitter,BAL,BOS,Leody Taveras,665750,6.0,CF,Confirmed,3.74,,,,,0.81,0.26,,,,,0.8207896447914305,0.8090333858392935,0.2611220989297576,0.256898801871923,0.8888888888888888,0.8087410479778585,0.032314973505067526,0.04166175850504814,,,0.84,0.3,0.33,1.34,0.04,1.19,0.13,0.01,0.0,0.224,1.239368165249089,1.1552690831771326,0.133,,0.011,,0.0,,False,96.0,99.0,96.0,88.0,93.0,91.0,91.0,92.0,94.0,high,high,high,high,high,high,high,high,high,2026-07-22
hitter,BAL,BOS,Christian Encarnacion-Strand,687952,7.0,3B,Confirmed,3.89,,,,,1.53,0.12,,,,,1.4947064532976118,1.558688924561678,0.1170413505002412,0.12611197931432813,0.7061469265367316,0.7444497783442829,0.12954675513145028,0.17378562731037958,,,0.73,0.35,0.34,1.49,0.15,1.26,0.14,0.01,0.0,0.243,1.239368165249089,1.2851321505154376,0.135,,0.009,,0.0,,False,96.0,99.0,96.0,88.0,93.0,91.0,91.0,92.0,94.0,high,high,high,high,high,high,high,high,high,2026-07-22
hitter,BAL,BOS,Jackson Holliday,702616,8.0,2B,Confirmed,3.1,,,,,0.71,0.26,,,,,0.7235147112805976,0.6865130151433837,0.2849556909890637,0.2376602869246776,0.7061469265367316,0.5846971314566877,0.02837913517901344,0.020201429673297883,,,0.64,0.24,0.23,1.0,0.02,0.89,0.1,0.01,0.0,0.213,0.9875776397515532,0.8088283627262801,0.102,,0.009,,0.0,,False,96.0,99.0,96.0,88.0,93.0,91.0,91.0,92.0,94.0,high,high,high,high,high,high,high,high,high,2026-07-22
hitter,BAL,BOS,Sam Huff,669087,9.0,C,Confirmed,3.49,,,,,0.92,0.19,,,,,0.8769990318627058,0.9668246891032063,0.20233668001762353,0.17417388109971527,0.7061469265367316,0.6465180925747686,0.21185161639849787,0.16973734287711753,,,0.67,0.26,0.26,1.04,0.19,1.32,0.11,0.01,0.0,0.204,1.4476190476190476,1.2157260982576585,0.111,,0.009,,0.0,,False,96.0,99.0,96.0,88.0,93.0,91.0,91.0,92.0,94.0,high,high,high,high,high,high,high,high,high,2026-07-22
hitter,BOS,BAL,Anthony Seigler,678011,1.0,2B,Confirmed,3.81,,,,,1.04,0.24,,,,,0.9426418279781378,1.1361912961502914,0.24487112242445494,0.24111357809295028,0.801980198019802,0.8028193999624613,0.13181062895784684,0.1515850355185088,,,0.8,0.39,0.3,1.39,0.14,1.35,0.13,0.01,0.0,0.254,1.3893129770992367,1.323803702170734,0.129,,0.01,,0.0,,False,96.0,99.0,96.0,88.0,93.0,91.0,91.0,92.0,94.0,high,high,high,high,high,high,high,high,high,2026-07-22
hitter,BOS,BAL,Ceddanne Rafaela,678882,2.0,CF,Confirmed,4.08,,,,,0.93,0.18,,,,,0.8913416957181775,0.9756126974649184,0.18720554954516308,0.17986010012597936,1.0980834272829765,1.0234789549291978,0.18967524555180362,0.17331741245987461,,,1.06,0.42,0.34,1.56,0.18,1.85,0.14,0.01,0.0,0.252,1.914285714285714,1.7948485913229486,0.137,,0.011,,0.0,,False,96.0,99.0,96.0,88.0,93.0,91.0,91.0,92.0,94.0,high,high,high,high,high,high,high,high,high,2026-07-22
hitter,BOS,BAL,Wilyer Abreu,677800,3.0,RF,Confirmed,3.81,,,,,1.15,0.3,,,,,1.1403655534347468,1.163514163226181,0.3103041636771131,0.2831432590315564,0.8694581280788177,0.8180997441887743,0.25131693240117703,0.248696618825603,,,0.84,0.41,0.36,1.47,0.25,1.8,0.11,0.01,0.0,0.263,1.914285714285714,1.7155197479764892,0.114,,0.008,,0.0,,False,96.0,99.0,96.0,88.0,93.0,91.0,91.0,92.0,94.0,high,high,high,high,high,high,high,high,high,2026-07-22
hitter,BOS,BAL,Willson Contreras,575929,4.0,1B,Confirmed,3.96,,,,,1.32,0.28,,,,,1.3875710534339083,1.2562921648481546,0.3051905401032584,0.2645952765719432,0.994208494208494,0.9309273638146398,0.35287845244935173,0.3082064420898837,,,0.96,0.49,0.46,1.72,0.33,2.25,0.15,0.01,0.0,0.301,2.456692913385827,2.0720411234281375,0.151,,0.008,,0.0,,False,96.0,99.0,96.0,88.0,93.0,91.0,91.0,92.0,94.0,high,high,high,high,high,high,high,high,high,2026-07-22
hitter,BOS,BAL,Masataka Yoshida,807799,5.0,DH,Confirmed,3.1,,,,,0.61,0.16,,,,,0.6370410650842512,0.585138691775777,0.17532189750828114,0.14357033776206435,0.8694581280788177,0.6950682942917482,0.1506562384903628,0.11675222907786058,,,0.77,0.36,0.32,1.39,0.13,1.33,0.11,0.01,0.0,0.283,1.4759615384615385,1.2137355394686742,0.111,,0.007,,0.0,,False,96.0,99.0,96.0,88.0,93.0,91.0,91.0,92.0,94.0,high,high,high,high,high,high,high,high,high,2026-07-22
hitter,BOS,BAL,Caleb Durbin,702332,6.0,3B,Confirmed,3.74,,,,,0.59,0.2,,,,,0.5809131794375283,0.5978723178032233,0.20755843366025672,0.19164970983761534,0.8949771689497716,0.9404333892160486,0.14141886204747903,0.13904580200316025,,,0.92,0.31,0.31,1.33,0.14,1.5,0.15,0.01,0.0,0.24,1.5956790123456794,1.4210622162469584,0.149,,0.008,,0.0,,False,96.0,99.0,96.0,88.0,93.0,91.0,91.0,92.0,94.0,high,high,high,high,high,high,high,high,high,2026-07-22
hitter,BOS,BAL,Jarren Duran,680776,7.0,LF,Confirmed,3.96,,,,,1.33,0.29,,,,,1.3722232688169207,1.2824928815949157,0.3007544550956608,0.28152876792407083,1.0980834272829765,1.007201215548204,0.4412848052809261,0.31625668122972833,,,1.05,0.43,0.41,1.64,0.38,2.3,0.15,0.01,0.0,0.3,2.456692913385827,2.174620066215241,0.153,,0.014,,0.0,,False,96.0,99.0,96.0,88.0,93.0,91.0,91.0,92.0,94.0,high,high,high,high,high,high,high,high,high,2026-07-22
hitter,BOS,BAL,Andruw Monasterio,655316,8.0,SS,Confirmed,3.33,,,,,0.66,0.49,,,,,0.6493835798828155,0.6804832080168264,0.5372452914090848,0.4378317424362681,0.4125159642401022,0.4033750916637143,0.14231117493825562,0.09759800204170416,,,0.41,0.3,0.28,1.16,0.12,1.0,0.1,0.01,0.0,0.248,1.1238670694864048,0.9071858996427027,0.103,,0.008,,0.0,,False,96.0,99.0,96.0,88.0,93.0,91.0,91.0,92.0,94.0,high,high,high,high,high,high,high,high,high,2026-07-22
hitter,BOS,BAL,Carlos Narváez,665966,9.0,C,Confirmed,3.54,,,,,1.2,0.29,,,,,1.1864976448180498,1.2036841698523657,0.2911751347409156,0.28244800233510214,0.801980198019802,0.7212995599601388,0.24796937002247874,0.20725790900768476,,,0.76,0.35,0.33,1.32,0.23,1.5,0.12,0.01,0.0,0.279,1.5956790123456794,1.4247721154335957,0.12,,0.007,,0.0,,False,96.0,99.0,96.0,88.0,93.0,91.0,91.0,92.0,94.0,high,high,high,high,high,high,high,high,high,2026-07-22
hitter,BAL,BOS,Taylor Ward,621493,1.0,LF,Confirmed,4.18,,,,,0.91,0.46,,,,,0.8911711393881369,0.9219759189723298,0.44276109896511784,0.47410309667714745,0.8694581280788177,0.7694190162038662,0.03571337998923993,0.018824061898945164,,,0.81,0.38,0.32,1.4,0.03,1.18,0.14,0.01,0.0,0.216,1.239368165249089,1.1372116579771179,0.139,,0.006,,0.0,,False,96.0,99.0,96.0,88.0,93.0,91.0,91.0,92.0,94.0,high,high,high,high,high,high,high,high,high,2026-07-22
hitter,BAL,BOS,Pete Alonso,624413,2.0,1B,Confirmed,4.25,,,,,0.89,0.53,,,,,0.8541013843636847,0.9218135805871908,0.4955807610718457,0.5734809381004459,0.994208494208494,0.8709504294446097,0.07090594792138263,0.06830102988969815,,,0.93,0.51,0.45,1.84,0.07,1.41,0.13,0.01,0.0,0.282,1.4476190476190476,1.384299912501708,0.129,,0.01,,0.0,,False,96.0,99.0,96.0,88.0,93.0,91.0,91.0,92.0,94.0,high,high,high,high,high,high,high,high,high,2026-07-22
hitter,BAL,BOS,Gunnar Henderson,683002,3.0,SS,Confirmed,4.04,,,,,0.71,0.4,,,,,0.6663744052899416,0.7507913363759433,0.4412508102216963,0.36146815729392495,0.994208494208494,0.8556866841170426,0.03943369526743038,0.034623300097903424,,,0.92,0.41,0.4,1.61,0.04,1.24,0.13,0.01,0.0,0.24,1.3148148148148149,1.182292536947142,0.132,,0.01,,0.0,,False,96.0,99.0,96.0,88.0,93.0,91.0,91.0,92.0,94.0,high,high,high,high,high,high,high,high,high,2026-07-22
hitter,BAL,BOS,Tyler O'Neill,641933,4.0,RF,Confirmed,2.55,,,,,0.67,0.24,,,,,0.7122444099271568,0.6363493141121751,0.26390522296217395,0.22242454755574292,0.4125159642401022,0.36082148730289876,0.0295158309572706,0.015984019706591506,,,0.38,0.22,0.22,0.8,0.02,0.6,0.09,0.01,0.0,0.208,0.6720588235294118,0.534192572844807,0.087,,0.007,,0.0,,False,96.0,99.0,96.0,88.0,93.0,91.0,91.0,92.0,94.0,high,high,high,high,high,high,high,high,high,2026-07-22
hitter,BAL,BOS,Christian Encarnacion-Strand,687952,5.0,3B,Confirmed,3.89,,,,,1.53,0.12,,,,,1.4947064532976118,1.558688924561678,0.1170413505002412,0.12611197931432813,0.7061469265367316,0.7444497783442829,0.12954675513145028,0.17378562731037958,,,0.73,0.4,0.39,1.59,0.15,1.26,0.14,0.01,0.0,0.243,1.239368165249089,1.2851321505154376,0.135,,0.009,,0.0,,False,96.0,99.0,96.0,88.0,93.0,91.0,91.0,92.0,94.0,high,high,high,high,high,high,high,high,high,2026-07-22
hitter,BAL,BOS,Dylan Beavers,687637,6.0,RF,Confirmed,3.33,,,,,0.76,0.36,,,,,0.768926873413688,0.7568623032762897,0.3777355875347651,0.3378063082766323,0.6666666666666666,0.5601305317580895,0.032471527070752515,0.02198566827183326,,,0.61,0.24,0.26,0.98,0.03,0.88,0.1,0.01,0.0,0.195,0.9875776397515532,0.7834653306859595,0.096,,0.007,,0.0,,False,96.0,99.0,96.0,88.0,93.0,91.0,91.0,92.0,94.0,high,high,high,high,high,high,high,high,high,2026-07-22
hitter,BAL,BOS,Johnathan Rodríguez,671286,7.0,DH,Confirmed,2.55,,,,,0.93,0.24,,,,,0.9230595238636916,0.9434081295739977,0.2548267418942852,0.22303308536126343,0.4125159642401022,0.3404917292857227,0.08536076433493531,0.0781439904930758,,,0.37,0.18,0.17,0.7,0.08,0.67,0.08,0.01,0.0,0.191,0.7899761336515513,0.5705756156377922,0.08,,0.008,,0.0,,False,96.0,99.0,96.0,88.0,93.0,91.0,91.0,92.0,94.0,high,high,high,high,high,high,high,high,high,2026-07-22
hitter,BAL,BOS,Jackson Holliday,702616,8.0,2B,Confirmed,3.1,,,,,0.71,0.26,,,,,0.7235147112805976,0.6865130151433837,0.2849556909890637,0.2376602869246776,0.7061469265367316,0.5846971314566877,0.02837913517901344,0.020201429673297883,,,0.64,0.24,0.23,1.0,0.02,0.89,0.1,0.01,0.0,0.213,0.9875776397515532,0.8088283627262801,0.102,,0.009,,0.0,,False,96.0,99.0,96.0,88.0,93.0,91.0,91.0,92.0,94.0,high,high,high,high,high,high,high,high,high,2026-07-22
hitter,BAL,BOS,Chadwick Tromp,644433,9.0,C,Confirmed,1.92,,,,,0.85,0.08,,,,,0.8971773627501634,0.7932366972836068,0.10272572855861706,0.05809200489828272,0.2,0.1380499087500068,0.01678639900266414,0.007575341578752892,,,0.17,0.12,0.11,0.48,0.01,0.23,0.08,0.01,0.0,0.177,0.28125,0.1855851012626878,0.076,,0.007,,0.0,,False,96.0,99.0,96.0,88.0,93.0,91.0,91.0,92.0,94.0,high,high,high,high,high,high,high,high,high,2026-07-22
hitter,KC,SF,Carter Jensen,695600,1.0,C,Confirmed,3.81,,,,,1.07,0.1,,,,,1.0795312144186442,1.0624479101576274,0.10051915105054143,0.09652096986763184,0.707983193277311,0.7492465372796777,0.03423408736583271,0.04920673000850401,,,0.73,0.29,0.22,0.92,0.04,1.09,0.09,0.01,0.0,0.19,1.1238670694864048,1.0608384970708875,0.088,,0.009,,0.0,,False,96.0,99.0,96.0,88.0,93.0,91.0,91.0,92.0,94.0,high,high,high,high,high,high,high,high,high,2026-07-22
hitter,KC,SF,Lane Thomas,657041,2.0,CF,Confirmed,2.9,,,,,0.57,0.2,,,,,0.582527339271147,0.5587929923103719,0.2288809561748791,0.16395573139417077,0.801980198019802,0.6170118536592764,0.11527043179522295,0.08979294618692171,,,0.7,0.2,0.14,0.68,0.1,1.11,0.06,0.01,0.0,0.182,1.3148148148148149,0.9401927686586592,0.064,,0.007,,0.0,,False,96.0,99.0,96.0,88.0,93.0,91.0,91.0,92.0,94.0,high,high,high,high,high,high,high,high,high,2026-07-22
hitter,KC,SF,Vinnie Pasquantino,686469,3.0,1B,Confirmed,3.93,,,,,0.67,0.4,,,,,0.723769561918898,0.6220331495166069,0.45802055202770764,0.3504561885526521,1.0980834272829765,0.9454296719728453,0.2027258669178313,0.16429161523592484,,,1.01,0.29,0.26,0.96,0.18,1.75,0.11,0.01,0.0,0.194,1.914285714285714,1.6218008825734447,0.115,,0.008,,0.0,,False,96.0,99.0,96.0,88.0,93.0,91.0,91.0,92.0,94.0,high,high,high,high,high,high,high,high,high,2026-07-22
hitter,KC,SF,Salvador Perez,521692,4.0,DH,Confirmed,3.89,,,,,0.61,0.16,,,,,0.6630007287206598,0.5577600007708594,0.17885784053458506,0.1350639563472214,1.607843137254902,1.2638992890208796,0.4783554855809407,0.35393584373651743,,,1.42,0.33,0.32,1.19,0.42,2.62,0.1,0.01,0.0,0.206,2.775,2.4861124598740028,0.095,,0.008,,0.0,,False,96.0,99.0,96.0,88.0,93.0,91.0,91.0,92.0,94.0,high,high,high,high,high,high,high,high,high,2026-07-22
hitter,KC,SF,Michael Massey,686681,5.0,2B,Confirmed,3.1,,,,,0.36,0.15,,,,,0.41600336203232946,0.31017776449492573,0.18154652184870115,0.11656076005120461,1.0980834272829765,0.7958035907204017,0.11765947156321704,0.1253654185971371,,,0.93,0.2,0.17,0.73,0.12,1.41,0.08,0.01,0.0,0.166,1.684375,1.1901243866339934,0.082,,0.007,,0.0,,False,96.0,99.0,96.0,88.0,93.0,91.0,91.0,92.0,94.0,high,high,high,high,high,high,high,high,high,2026-07-22
hitter,KC,SF,Isaac Collins,686555,6.0,LF,Confirmed,3.1,,,,,0.56,0.22,,,,,0.5937862151912394,0.5341873630986849,0.27600713672765065,0.17277834701780267,1.0980834272829765,0.8127238091428806,0.14125945747242405,0.11443268673595755,,,0.94,0.2,0.18,0.73,0.13,1.5,0.08,0.01,0.0,0.189,1.914285714285714,1.1678150292608953,0.076,,0.007,,0.0,,False,96.0,99.0,96.0,88.0,93.0,91.0,91.0,92.0,94.0,high,high,high,high,high,high,high,high,high,2026-07-22
hitter,KC,SF,Starling Marte,516782,7.0,RF,Confirmed,3.48,,,,,0.65,0.19,,,,,0.6664297551670519,0.6360563712970569,0.23335558652753344,0.155189305918017,1.0980834272829765,0.9325061498325259,0.2137427505859109,0.13936190702910653,,,1.01,0.21,0.19,0.81,0.18,1.69,0.08,0.01,0.0,0.177,1.914285714285714,1.5016937967542674,0.079,,0.007,,0.0,,False,96.0,99.0,96.0,88.0,93.0,91.0,91.0,92.0,94.0,high,high,high,high,high,high,high,high,high,2026-07-22
hitter,KC,SF,Josh Rojas,668942,8.0,3B,Confirmed,3.33,,,,,0.65,0.21,,,,,0.6111742013564839,0.684002129189957,0.2354990550475973,0.192099240861705,1.0980834272829765,0.871529707209924,0.15212221424791036,0.17042153061434479,,,0.97,0.21,0.18,0.8,0.16,1.59,0.08,0.01,0.0,0.187,1.914285714285714,1.3309513799410206,0.084,,0.008,,0.0,,False,96.0,99.0,96.0,88.0,93.0,91.0,91.0,92.0,94.0,high,high,high,high,high,high,high,high,high,2026-07-22
hitter,KC,SF,Andrew Velazquez,623205,9.0,SS,Confirmed,2.55,,,,,0.7,0.1,,,,,0.6848883044370473,0.7152908648552873,0.11090556883849027,0.09099493487772047,0.35424354243542433,0.32860925528954,0.05075608448026902,0.045793872309393954,,,0.34,0.14,0.12,0.51,0.05,0.59,0.06,0.01,0.0,0.171,0.6289308176100628,0.5592201831905761,0.06,,0.011,,0.0,,False,96.0,99.0,96.0,88.0,93.0,91.0,91.0,92.0,94.0,high,high,high,high,high,high,high,high,high,2026-07-22
hitter,SF,KC,Luis Arraez,650333,1.0,2B,Confirmed,4.48,,,,,0.52,0.44,,,,,0.37295715324718637,0.6754137555235132,0.3879167686534454,0.5009068756934335,1.0980834272829765,1.0607732750439265,0.028904977336293353,0.027155008285704385,,,1.08,0.73,0.6,2.94,0.03,1.34,0.16,0.02,0.0,0.381,1.3148148148148149,1.3575241826435354,0.161,,0.02,,0.0,,False,96.0,99.0,96.0,88.0,93.0,91.0,91.0,92.0,94.0,high,high,high,high,high,high,high,high,high,2026-07-22
hitter,SF,KC,Bryce Eldridge,805811,2.0,DH,Confirmed,4.51,,,,,1.47,0.8,,,,,1.4667986898006609,1.4825931170759548,0.7619144661374706,0.8395584566563932,0.8694581280788177,0.850159417905373,0.05641714813916495,0.08085197689073807,,,0.86,0.68,0.6,2.42,0.07,1.29,0.22,0.01,0.0,0.358,1.239368165249089,1.325179756181776,0.223,,0.011,,0.0,,False,96.0,99.0,96.0,88.0,93.0,91.0,91.0,92.0,94.0,high,high,high,high,high,high,high,high,high,2026-07-22
hitter,SF,KC,Heliot Ramos,671218,3.0,LF,Confirmed,4.51,,,,,1.33,0.6,,,,,1.2737402226787475,1.3793811843910675,0.5992759516844611,0.6053486352972546,0.8949771689497716,0.9699681167147091,0.05423640775692142,0.05655337508114593,,,0.94,0.8,0.79,3.08,0.06,1.29,0.27,0.01,0.0,0.418,1.3148148148148149,1.2663961061740716,0.274,,0.012,,0.0,,False,96.0,99.0,96.0,88.0,93.0,91.0,91.0,92.0,94.0,high,high,high,high,high,high,high,high,high,2026-07-22
hitter,SF,KC,Rafael Devers,646240,4.0,1B,Confirmed,4.26,,,,,1.5,1.03,,,,,1.5287500553504645,1.4663754349156881,1.1038050538782367,0.9504997641973975,0.7715355805243446,0.7390665209312411,0.05635932900611582,0.04995215247596714,,,0.75,0.67,0.67,2.44,0.05,1.08,0.17,0.01,0.0,0.371,1.1521739130434783,1.0280342105874152,0.173,,0.008,,0.0,,False,96.0,99.0,96.0,88.0,93.0,91.0,91.0,92.0,94.0,high,high,high,high,high,high,high,high,high,2026-07-22
hitter,SF,KC,Casey Schmitt,669477,5.0,3B,Confirmed,4.18,,,,,1.13,0.4,,,,,1.1024107716481968,1.1494651780825258,0.37914070444322123,0.424426596559561,0.801980198019802,0.8168528333304927,0.05015990195460219,0.05286156199662396,,,0.81,0.63,0.65,2.38,0.05,1.21,0.23,0.01,0.0,0.355,1.239368165249089,1.1778399590994466,0.231,,0.008,,0.0,,False,96.0,99.0,96.0,88.0,93.0,91.0,91.0,92.0,94.0,high,high,high,high,high,high,high,high,high,2026-07-22
hitter,SF,KC,Jung Hoo Lee,808982,6.0,RF,Confirmed,3.96,,,,,0.61,0.4,,,,,0.5819335341101756,0.6426257533196381,0.4043835048985457,0.3892049805177027,0.8770949720670391,0.858090017478154,0.024704185758641382,0.01316712524291416,,,0.87,0.45,0.48,2.03,0.02,1.08,0.21,0.03,0.0,0.317,1.1521739130434783,1.0236336657310428,0.21,,0.029,,0.0,,False,96.0,99.0,96.0,88.0,93.0,91.0,91.0,92.0,94.0,high,high,high,high,high,high,high,high,high,2026-07-22
hitter,SF,KC,Willy Adames,642715,7.0,SS,Confirmed,4.14,,,,,1.38,0.66,,,,,1.3621441323646866,1.3930195099508627,0.6715830158286193,0.6532719492676112,0.707983193277311,0.7124775571808245,0.04538191524217489,0.03874527805967845,,,0.71,0.54,0.54,2.17,0.04,1.01,0.19,0.01,0.0,0.351,1.001763668430335,1.0208797469513713,0.193,,0.008,,0.0,,False,96.0,99.0,96.0,88.0,93.0,91.0,91.0,92.0,94.0,high,high,high,high,high,high,high,high,high,2026-07-22
hitter,SF,KC,Drew Gilbert,687551,8.0,CF,Confirmed,3.49,,,,,0.87,0.27,,,,,0.8176700571648926,0.924120305119747,0.26695429368614176,0.2766086390455518,0.801980198019802,0.6727374662512479,0.19088126229684158,0.1881792923220811,,,0.73,0.39,0.36,1.62,0.19,1.59,0.12,0.01,0.0,0.304,1.684375,1.5092911689067665,0.119,,0.009,,0.0,,False,96.0,99.0,96.0,88.0,93.0,91.0,91.0,92.0,94.0,high,high,high,high,high,high,high,high,high,2026-07-22
hitter,SF,KC,Drew Cavanaugh,701852,9.0,C,Confirmed,3.1,,,,,0.81,0.22,,,,,0.7913628699308016,0.8323153319973644,0.24646009135675498,0.20159324109289067,0.7061469265367316,0.5797465997094479,0.18039214687493021,0.17392640409039764,,,0.64,0.36,0.35,1.51,0.18,1.26,0.15,0.01,0.0,0.317,1.3148148148148149,1.2076823903874268,0.148,,0.009,,0.0,,False,96.0,99.0,96.0,88.0,93.0,91.0,91.0,92.0,94.0,high,high,high,high,high,high,high,high,high,2026-07-22
hitter,MIL,NYM,Christian Yelich,592885,1.0,DH,Confirmed,4.45,,,,,1.74,0.22,,,,,1.6969683608802293,1.7832872452601667,0.20313413743516776,0.23202341660134135,0.8949771689497716,0.9595286963309894,0.045604675212660296,0.04646446461952251,,,0.93,0.5,0.36,1.5,0.05,1.29,0.1,0.01,0.0,0.288,1.239368165249089,1.3360721428930313,0.104,,0.007,,0.0,,False,96.0,99.0,96.0,88.0,93.0,91.0,91.0,92.0,94.0,high,high,high,high,high,high,high,high,high,2026-07-22
hitter,MIL,NYM,Jackson Chourio,694192,2.0,LF,Confirmed,4.51,,,,,1.57,0.17,,,,,1.5738203431279172,1.5673073103612842,0.17390016445069606,0.1574648715718867,1.0980834272829765,1.0724643833192034,0.05360009893193537,0.02835602928058282,,,1.08,0.54,0.4,1.65,0.04,1.37,0.11,0.01,0.0,0.303,1.3148148148148149,1.4147172760143079,0.114,,0.009,,0.0,,False,96.0,99.0,96.0,88.0,93.0,91.0,91.0,92.0,94.0,high,high,high,high,high,high,high,high,high,2026-07-22
hitter,MIL,NYM,Brice Turang,668930,3.0,2B,Confirmed,4.27,,,,,1.62,0.26,,,,,1.615049019365839,1.6228004168714223,0.24175576371494495,0.2812657268039152,0.8770949720670391,0.874327495347608,0.045863324749936006,0.04683396611699971,,,0.88,0.53,0.42,1.59,0.05,1.24,0.09,0.01,0.0,0.324,1.239368165249089,1.2415095318851572,0.092,,0.007,,0.0,,False,96.0,99.0,96.0,88.0,93.0,91.0,91.0,92.0,94.0,high,high,high,high,high,high,high,high,high,2026-07-22
hitter,MIL,NYM,William Contreras,661388,4.0,C,Confirmed,4.45,,,,,1.15,0.23,,,,,1.078321514925561,1.2141786319620176,0.2147461470765895,0.25247686698670174,1.0980834272829765,1.0726673849069872,0.057145786571085884,0.06436768384376454,,,1.08,0.58,0.5,1.79,0.06,1.44,0.11,0.01,0.0,0.331,1.3893129770992367,1.4757053596744996,0.105,,0.006,,0.0,,False,96.0,99.0,96.0,88.0,93.0,91.0,91.0,92.0,94.0,high,high,high,high,high,high,high,high,high,2026-07-22
hitter,MIL,NYM,Garrett Mitchell,669003,5.0,CF,Confirmed,4.18,,,,,1.71,0.22,,,,,1.6051646230775665,1.8120840434737857,0.21928705069720492,0.22271242976895497,0.707983193277311,0.7160930699161633,0.0631835315551757,0.051586056541449474,,,0.71,0.42,0.36,1.19,0.06,1.08,0.09,0.01,0.0,0.265,1.1238670694864048,1.0498209632677518,0.091,,0.007,,0.0,,False,96.0,99.0,96.0,88.0,93.0,91.0,91.0,92.0,94.0,high,high,high,high,high,high,high,high,high,2026-07-22
hitter,MIL,NYM,Andrew Vaughn,683734,6.0,1B,Confirmed,2.55,,,,,0.42,0.06,,,,,0.438224528665177,0.39432576560053706,0.08851477805419901,0.041243692402685425,0.4125159642401022,0.4414347861767498,0.08811009212424575,0.06388039308470103,,,0.43,0.26,0.26,0.85,0.08,0.76,0.07,0.01,0.0,0.304,0.8408408408408409,0.7003978029405568,0.07,,0.007,,0.0,,False,96.0,99.0,96.0,88.0,93.0,91.0,91.0,92.0,94.0,high,high,high,high,high,high,high,high,high,2026-07-22
hitter,MIL,NYM,Jake Bauers,641343,7.0,1B,Confirmed,4.08,,,,,1.63,0.22,,,,,1.6045458723871175,1.6568799714471718,0.2105423790875939,0.22553018898280294,0.801980198019802,0.7997400602361454,0.04955393317351645,0.07513430798331555,,,0.8,0.44,0.39,1.36,0.06,1.11,0.08,0.01,0.0,0.31,1.1521739130434783,1.0831420875757496,0.082,,0.006,,0.0,,False,96.0,99.0,96.0,88.0,93.0,91.0,91.0,92.0,94.0,high,high,high,high,high,high,high,high,high,2026-07-22
hitter,MIL,NYM,Cooper Pratt,806198,8.0,SS,Confirmed,3.33,,,,,0.94,0.15,,,,,0.8915022230567233,0.9828024867146135,0.15647387134916121,0.13763090185773624,0.7061469265367316,0.6199141873599907,0.02819637719057822,0.022387056789291183,,,0.66,0.29,0.21,0.91,0.03,0.81,0.1,0.01,0.0,0.269,0.8408408408408409,0.7793581922706841,0.098,,0.006,,0.0,,False,96.0,99.0,96.0,88.0,93.0,91.0,91.0,92.0,94.0,high,high,high,high,high,high,high,high,high,2026-07-22
hitter,MIL,NYM,Joey Ortiz,687401,9.0,3B,Confirmed,3.09,,,,,0.75,0.11,,,,,0.6949911804007943,0.8001427024838571,0.11262249242139065,0.11030761637918042,0.707983193277311,0.6386455683639887,0.026141041439088797,0.018570244858426753,,,0.67,0.31,0.25,1.04,0.02,0.83,0.08,0.01,0.0,0.292,0.8408408408408409,0.8277928948278971,0.085,,0.006,,0.0,,False,96.0,99.0,96.0,88.0,93.0,91.0,91.0,92.0,94.0,high,high,high,high,high,high,high,high,high,2026-07-22
hitter,NYM,MIL,A.J. Ewing,805999,1.0,CF,Confirmed,4.04,,,,,1.03,0.44,,,,,0.9562971250684403,1.0941552201849014,0.4711156081698248,0.41811656257833213,0.6506024096385542,0.5928325116348907,0.11852290969630438,0.13666526988638125,,,0.62,0.34,0.2,1.07,0.13,1.11,0.11,0.01,0.0,0.231,1.1238670694864048,1.0992457277223704,0.112,,0.008,,0.0,,False,96.0,99.0,96.0,88.0,93.0,91.0,91.0,92.0,94.0,high,high,high,high,high,high,high,high,high,2026-07-22
hitter,NYM,MIL,Francisco Lindor,596019,2.0,SS,Confirmed,4.18,,,,,0.89,0.43,,,,,0.8975661448571596,0.8853783563875477,0.4362673195004536,0.426589105906517,0.707983193277311,0.6952430932280906,0.14651007523585458,0.15188117203597779,,,0.7,0.34,0.2,1.07,0.15,1.32,0.1,0.01,0.0,0.227,1.3148148148148149,1.3203878663123854,0.103,,0.008,,0.0,,False,96.0,99.0,96.0,88.0,93.0,91.0,91.0,92.0,94.0,high,high,high,high,high,high,high,high,high,2026-07-22
hitter,NYM,MIL,Bo Bichette,666182,3.0,3B,Confirmed,4.51,,,,,0.78,0.34,,,,,0.7936367215910345,0.7739866002198683,0.3297026126540157,0.34701790877624544,0.8694581280788177,0.8897544431493113,0.13021729927476663,0.13794049792555202,,,0.88,0.39,0.29,1.38,0.13,1.42,0.15,0.01,0.0,0.232,1.385818393793784,1.4513490747917641,0.151,,0.007,,0.0,,False,96.0,99.0,96.0,88.0,93.0,91.0,91.0,92.0,94.0,high,high,high,high,high,high,high,high,high,2026-07-22
hitter,NYM,MIL,Carson Benge,701807,4.0,RF,Confirmed,4.18,,,,,0.98,0.29,,,,,0.9640598183839036,0.996970140113962,0.2856851826168135,0.2968523597524506,0.707983193277311,0.6940457079756672,0.14023126414902218,0.1628171544876642,,,0.7,0.31,0.23,1.07,0.15,1.28,0.13,0.01,0.0,0.205,1.239368165249089,1.3088018958356333,0.134,,0.008,,0.0,,False,96.0,99.0,96.0,88.0,93.0,91.0,91.0,92.0,94.0,high,high,high,high,high,high,high,high,high,2026-07-22
hitter,NYM,MIL,Jorge Polanco,593871,5.0,DH,Confirmed,4.18,,,,,0.86,0.17,,,,,0.8448101584900864,0.8716524673078101,0.1444361262375397,0.18563126959860193,0.6434108527131783,0.6268748680307907,0.10214530626107726,0.13105800857179944,,,0.63,0.37,0.27,1.28,0.12,1.15,0.13,0.01,0.0,0.233,1.1238670694864048,1.1711223302310936,0.129,,0.007,,0.0,,False,96.0,99.0,96.0,88.0,93.0,91.0,91.0,92.0,94.0,high,high,high,high,high,high,high,high,high,2026-07-22
hitter,NYM,MIL,Jared Young,676724,6.0,1B,Confirmed,3.09,,,,,0.91,0.19,,,,,0.8955109632962903,0.925830044022024,0.20773657526261083,0.17980467212888296,0.4125159642401022,0.3924518520075015,0.12314749884411674,0.12803238127265984,,,0.4,0.19,0.16,0.7,0.13,0.89,0.08,0.01,0.0,0.19,0.9875776397515532,0.8025061190434002,0.084,,0.007,,0.0,,False,96.0,99.0,96.0,88.0,93.0,91.0,91.0,92.0,94.0,high,high,high,high,high,high,high,high,high,2026-07-22
hitter,NYM,MIL,Marcus Semien,543760,7.0,2B,Confirmed,4.18,,,,,0.75,0.28,,,,,0.7285179720185184,0.7743558112263286,0.28482226139827205,0.27592167919982924,0.801980198019802,0.8153595907847178,0.37309099499995213,0.39416238393383984,,,0.81,0.32,0.22,1.12,0.38,2.04,0.11,0.01,0.0,0.234,1.914285714285714,2.142677100569752,0.107,,0.007,,0.0,,False,96.0,99.0,96.0,88.0,93.0,91.0,91.0,92.0,94.0,high,high,high,high,high,high,high,high,high,2026-07-22
hitter,NYM,MIL,Brett Baty,683146,8.0,RF,Confirmed,3.33,,,,,0.96,0.31,,,,,0.9672223783347577,0.9593567081832524,0.3342809283659385,0.29117154740709844,0.4803149606299212,0.4344165146571148,0.12980178123472436,0.11907139810618617,,,0.46,0.23,0.16,0.81,0.12,0.85,0.09,0.01,0.0,0.222,0.8408408408408409,0.8498004365516861,0.094,,0.007,,0.0,,False,96.0,99.0,96.0,88.0,93.0,91.0,91.0,92.0,94.0,high,high,high,high,high,high,high,high,high,2026-07-22
hitter,NYM,MIL,Francisco Alvarez,682626,9.0,C,Confirmed,3.81,,,,,1.11,0.3,,,,,1.0597541701402364,1.1661768893609656,0.30317178836593983,0.2964854301626922,0.5846774193548387,0.553703281865103,0.14588541245263226,0.15299316967914922,,,0.57,0.26,0.19,0.93,0.15,1.13,0.11,0.01,0.0,0.213,1.1521739130434783,1.103345906515951,0.111,,0.007,,0.0,,False,96.0,99.0,96.0,88.0,93.0,91.0,91.0,92.0,94.0,high,high,high,high,high,high,high,high,high,2026-07-22
hitter,COL,WSH,Jake McCarthy,664983,1.0,RF,Confirmed,4.74,,,,,0.56,0.22,,,,,0.5474836309525255,0.5769213451870296,0.218246238075189,0.21713286059164238,0.994208494208494,1.0771941502029865,0.08313842905203428,0.09065855346625606,,,1.04,0.76,0.59,2.96,0.09,1.54,0.25,0.05,0.0,0.395,1.3893129770992367,1.6637315300455926,0.245,,0.05,,0.0,,False,96.0,99.0,96.0,88.0,93.0,91.0,91.0,92.0,94.0,high,high,high,high,high,high,high,high,high,2026-07-22
hitter,COL,WSH,Mickey Moniak,666160,2.0,LF,Confirmed,4.03,,,,,0.74,0.21,,,,,0.6551943648599535,0.8285833374837601,0.2122825270135639,0.2132444219654606,0.801980198019802,0.795441577556202,0.15717625823040626,0.14249404180965186,,,0.8,0.62,0.51,2.23,0.15,1.38,0.25,0.02,0.0,0.383,1.3893129770992367,1.3748013276347348,0.253,,0.018,,0.0,,False,96.0,99.0,96.0,88.0,93.0,91.0,91.0,92.0,94.0,high,high,high,high,high,high,high,high,high,2026-07-22
hitter,COL,WSH,Hunter Goodman,696100,3.0,DH,Confirmed,4.97,,,,,0.97,0.43,,,,,0.8790072421975869,1.0645822770712443,0.4116702970712439,0.4546753174945503,0.8888888888888888,0.9829973303274228,0.2539144804079337,0.250599275342782,,,0.94,0.91,0.83,3.24,0.25,2.0,0.28,0.01,0.0,0.452,1.914285714285714,2.0719848758658697,0.281,,0.015,,0.0,,False,96.0,99.0,96.0,88.0,93.0,91.0,91.0,92.0,94.0,high,high,high,high,high,high,high,high,high,2026-07-22
hitter,COL,WSH,TJ Rumfield,681198,4.0,1B,Confirmed,3.81,,,,,0.45,0.27,,,,,0.41349420991974795,0.48208983648481174,0.26380902885171575,0.2805816024227695,0.7061469265367316,0.6815064208392436,0.04548898721965443,0.06263855379545862,,,0.69,0.54,0.46,2.1,0.05,1.07,0.14,0.01,0.0,0.353,1.1238670694864048,1.023610017600454,0.142,,0.012,,0.0,,False,96.0,99.0,96.0,88.0,93.0,91.0,91.0,92.0,94.0,high,high,high,high,high,high,high,high,high,2026-07-22
hitter,COL,WSH,Cole Carrigg,694249,5.0,CF,Confirmed,3.81,,,,,0.71,0.3,,,,,0.606284052408713,0.8044431810244332,0.3058675488365936,0.29122781352116983,0.7061469265367316,0.6832127408117611,0.08262533355874002,0.09338163784814518,,,0.69,0.54,0.46,1.99,0.09,1.23,0.2,0.02,0.0,0.362,1.239368165249089,1.2212127785339078,0.195,,0.018,,0.0,,False,96.0,99.0,96.0,88.0,93.0,91.0,91.0,92.0,94.0,high,high,high,high,high,high,high,high,high,2026-07-22
hitter,COL,WSH,Kyle Karros,691720,6.0,3B,Confirmed,4.57,,,,,0.77,0.41,,,,,0.6376747957873126,0.8929608652948587,0.3768864419721889,0.44048697054818026,0.801980198019802,0.8983777487103997,0.12044727471851385,0.11922086526582679,,,0.85,0.54,0.53,2.16,0.12,1.32,0.22,0.01,0.0,0.342,1.239368165249089,1.3872782073105152,0.224,,0.011,,0.0,,False,96.0,99.0,96.0,88.0,93.0,91.0,91.0,92.0,94.0,high,high,high,high,high,high,high,high,high,2026-07-22
hitter,COL,WSH,Willi Castro,650489,7.0,SS,Confirmed,4.64,,,,,0.81,0.31,,,,,0.7038407498008448,0.9231073401608888,0.3147167888603426,0.2996506689417515,0.801980198019802,0.8737056514975882,0.11833214401817935,0.12881157154778974,,,0.84,0.55,0.47,2.16,0.12,1.47,0.21,0.02,0.0,0.34,1.3893129770992367,1.5444901963008233,0.205,,0.016,,0.0,,False,96.0,99.0,96.0,88.0,93.0,91.0,91.0,92.0,94.0,high,high,high,high,high,high,high,high,high,2026-07-22
hitter,COL,WSH,Edouard Julien,666397,8.0,2B,Confirmed,3.96,,,,,0.72,0.4,,,,,0.6204776143589873,0.8292484578417736,0.4051397236536811,0.38634627582249825,0.6506024096385542,0.6462764209331362,0.06324093629732802,0.07928732602215319,,,0.65,0.47,0.38,1.85,0.07,1.08,0.2,0.01,0.0,0.348,1.1238670694864048,1.0480987316742079,0.196,,0.011,,0.0,,False,96.0,99.0,96.0,88.0,93.0,91.0,91.0,92.0,94.0,high,high,high,high,high,high,high,high,high,2026-07-22
hitter,COL,WSH,Brett Sullivan,664954,9.0,C,Confirmed,3.33,,,,,0.78,0.11,,,,,0.7669572556536728,0.8005967617548496,0.10065339010829687,0.11903224343570466,0.8770949720670391,0.7884313532021996,0.03328643339956989,0.03027610645249364,,,0.83,0.41,0.36,1.67,0.03,1.09,0.17,0.01,0.0,0.352,1.1521739130434783,1.0349407635289785,0.17,,0.012,,0.0,,False,96.0,99.0,96.0,88.0,93.0,91.0,91.0,92.0,94.0,high,high,high,high,high,high,high,high,high,2026-07-22
hitter,WSH,COL,James Wood,695578,1.0,RF,Confirmed,4.74,,,,,1.08,0.72,,,,,1.0661566021409357,1.1018349867060264,0.724073622255784,0.7089604363208231,1.0980834272829765,1.1837028531139766,0.43787682802460115,0.4441338917794275,,,1.15,0.99,0.82,3.3,0.44,2.71,0.28,0.01,0.0,0.506,2.552380952380952,2.835340526066226,0.276,,0.01,,0.0,,False,82.0,86.0,82.0,74.0,79.0,77.0,77.0,78.0,80.0,high,high,high,medium,medium,medium,medium,medium,high,2026-07-22
hitter,WSH,COL,Luis García Jr.,671277,2.0,1B,Confirmed,4.18,,,,,0.52,0.28,,,,,0.5309060253848354,0.5161783608137578,0.29020883723231006,0.26440286949833375,1.0980834272829765,1.0365895601815487,0.22599190680624992,0.247663329985916,,,1.06,0.64,0.54,2.28,0.24,2.06,0.21,0.02,0.0,0.369,2.057017543859649,2.0609018491937285,0.208,,0.017,,0.0,,False,82.0,86.0,82.0,74.0,79.0,77.0,77.0,78.0,80.0,high,high,high,medium,medium,medium,medium,medium,high,2026-07-22
hitter,WSH,COL,José Tena,677588,3.0,DH,Confirmed,3.54,,,,,0.65,0.4,,,,,0.5713266061118724,0.7271560111517705,0.42608616781693576,0.3784397814592482,0.801980198019802,0.7127349099667313,0.11742033817961717,0.11310309496438764,,,0.75,0.47,0.4,1.67,0.12,1.18,0.15,0.01,0.0,0.341,1.239368165249089,1.1234733557976584,0.151,,0.011,,0.0,,False,82.0,86.0,82.0,74.0,79.0,77.0,77.0,78.0,80.0,high,high,high,medium,medium,medium,medium,medium,high,2026-07-22
hitter,WSH,COL,CJ Abrams,682928,4.0,SS,Confirmed,4.57,,,,,0.75,0.3,,,,,0.7092445354522589,0.7828396235356735,0.3081872162382986,0.29139887623517724,1.0980834272829765,1.3134213983587948,0.2743915966280705,0.2929116193087381,,,1.22,0.83,0.8,3.13,0.28,2.17,0.25,0.01,0.0,0.433,2.057017543859649,2.261999878236474,0.246,,0.015,,0.0,,False,82.0,86.0,82.0,74.0,79.0,77.0,77.0,78.0,80.0,high,high,high,medium,medium,medium,medium,medium,high,2026-07-22
hitter,WSH,COL,Dylan Crews,686611,5.0,RF,Confirmed,4.39,,,,,0.88,0.32,,,,,0.8384425740610999,0.9257682722104842,0.31348439748437407,0.3210062365372829,1.0980834272829765,1.1749242287144066,0.22156227365731107,0.25457432794539536,,,1.14,0.79,0.74,3.02,0.24,2.06,0.21,0.01,0.0,0.429,2.057017543859649,2.0588669437442104,0.207,,0.011,,0.0,,False,82.0,86.0,82.0,74.0,79.0,77.0,77.0,78.0,80.0,high,high,high,medium,medium,medium,medium,medium,high,2026-07-22
hitter,WSH,COL,Daylen Lile,695734,6.0,LF,Confirmed,4.26,,,,,0.56,0.31,,,,,0.5653292691980057,0.5484029671720382,0.3160778413308072,0.3103213392128505,1.1391752577319587,1.2060936399571232,0.28845250963075814,0.2594889402757953,,,1.18,0.72,0.78,3.0,0.27,2.03,0.18,0.03,0.0,0.458,2.057017543859649,2.011951346184485,0.177,,0.03,,0.0,,False,82.0,86.0,82.0,74.0,79.0,77.0,77.0,78.0,80.0,high,high,high,medium,medium,medium,medium,medium,high,2026-07-22
hitter,WSH,COL,Keibert Ruiz,660688,7.0,C,Confirmed,3.96,,,,,0.25,0.36,,,,,0.27583297198192347,0.22754918468858604,0.3417242567318488,0.38683075246977056,0.994208494208494,0.9512008255154978,0.09163568346246492,0.0926841701676808,,,0.97,0.45,0.39,1.84,0.09,1.41,0.2,0.01,0.0,0.332,1.3893129770992367,1.4233297502668278,0.2,,0.011,,0.0,,False,82.0,86.0,82.0,74.0,79.0,77.0,77.0,78.0,80.0,high,high,high,medium,medium,medium,medium,medium,high,2026-07-22
hitter,WSH,COL,Jorbit Vivas,678391,8.0,3B,Confirmed,3.49,,,,,0.37,0.43,,,,,0.3470298616719317,0.39085008842475,0.42157678925516395,0.43103144888286454,0.801980198019802,0.6803586182228257,0.056389261289373695,0.06591274859810155,,,0.74,0.38,0.3,1.49,0.06,1.09,0.14,0.01,0.0,0.324,1.1521739130434783,1.0393335899138543,0.139,,0.011,,0.0,,False,82.0,86.0,82.0,74.0,79.0,77.0,77.0,78.0,80.0,high,high,high,medium,medium,medium,medium,medium,high,2026-07-22
hitter,WSH,COL,Nasim Nuñez,683083,9.0,2B,Confirmed,3.81,,,,,0.77,0.31,,,,,0.7718877744659417,0.7722242816202153,0.3200177966775195,0.29083007641824654,0.994208494208494,0.9358558270955772,0.09806615498727284,0.10388335970181524,,,0.96,0.48,0.42,2.01,0.1,1.33,0.16,0.01,0.0,0.357,1.3148148148148149,1.3412564033595848,0.16,,0.015,,0.0,,False,82.0,86.0,82.0,74.0,79.0,77.0,77.0,78.0,80.0,high,high,high,medium,medium,medium,medium,medium,high,2026-07-22
hitter,AZ,ATH,Ketel Marte,606466,1.0,2B,Confirmed,4.93,,,,,0.6,0.3,,,,,0.5589840278386784,0.6358754685845244,0.28564983098686847,0.3230072196728123,1.0980834272829765,1.2743266092212353,0.3362889726061528,0.4015570152727703,,,1.2,0.92,0.76,3.29,0.37,2.59,0.28,0.01,0.0,0.454,2.456692913385827,2.695664401432236,0.281,,0.013,,0.0,,False,96.0,99.0,96.0,88.0,93.0,91.0,91.0,92.0,94.0,high,high,high,high,high,high,high,high,high,2026-07-22
hitter,AZ,ATH,Geraldo Perdomo,672695,2.0,SS,Confirmed,4.74,,,,,0.47,0.41,,,,,0.4654370228055593,0.47965181178032135,0.39589287345732815,0.4269924278190267,1.0980834272829765,1.125538401643862,0.18794533262913715,0.21897932291372837,,,1.11,0.85,0.62,2.96,0.2,1.96,0.23,0.01,0.0,0.453,1.914285714285714,2.0056203756263487,0.232,,0.01,,0.0,,False,96.0,99.0,96.0,88.0,93.0,91.0,91.0,92.0,94.0,high,high,high,high,high,high,high,high,high,2026-07-22
hitter,AZ,ATH,Corbin Carroll,682998,3.0,RF,Confirmed,4.74,,,,,1.01,0.32,,,,,0.9139323164332736,1.1025170595831244,0.3002121122299346,0.3438687481550876,1.0980834272829765,1.1433520717921901,0.331448064779955,0.44421328395863163,,,1.12,0.9,0.83,3.22,0.39,2.61,0.28,0.02,0.0,0.465,2.456692913385827,2.74246792467843,0.284,,0.018,,0.0,,False,96.0,99.0,96.0,88.0,93.0,91.0,91.0,92.0,94.0,high,high,high,high,high,high,high,high,high,2026-07-22
hitter,AZ,ATH,Gabriel Moreno,672515,4.0,3B,Confirmed,4.51,,,,,0.66,0.31,,,,,0.6094115108893353,0.7117634074760739,0.3014893922284396,0.31735862681118715,1.0980834272829765,1.1209159381360219,0.18863120592050803,0.22184331193383897,,,1.11,0.64,0.55,2.33,0.21,1.9,0.23,0.01,0.0,0.357,1.914285714285714,1.8924961940750953,0.228,,0.01,,0.0,,False,96.0,99.0,96.0,88.0,93.0,91.0,91.0,92.0,94.0,high,high,high,high,high,high,high,high,high,2026-07-22
hitter,AZ,ATH,Nolan Arenado,571448,5.0,3B,Confirmed,4.18,,,,,0.57,0.19,,,,,0.561821026413731,0.5810482188730626,0.1924162208491832,0.19249843581311857,0.994208494208494,1.0347309115835033,0.191722654834219,0.22451419683019774,,,1.02,0.61,0.54,2.25,0.21,1.86,0.21,0.01,0.0,0.36,1.914285714285714,1.81091229430517,0.212,,0.01,,0.0,,False,96.0,99.0,96.0,88.0,93.0,91.0,91.0,92.0,94.0,high,high,high,high,high,high,high,high,high,2026-07-22
hitter,AZ,ATH,Ildemaro Vargas,545121,6.0,P,Confirmed,3.96,,,,,0.42,0.14,,,,,0.4006820463359323,0.4462127822051204,0.14645896946242062,0.1350205068115684,0.994208494208494,1.0131371970929657,0.17158450373741263,0.2060425434005269,,,1.0,0.5,0.52,2.12,0.19,1.71,0.23,0.01,0.0,0.356,1.684375,1.7262239981294774,0.231,,0.011,,0.0,,False,96.0,99.0,96.0,88.0,93.0,91.0,91.0,92.0,94.0,high,high,high,high,high,high,high,high,high,2026-07-22
hitter,AZ,ATH,James McCann,543510,7.0,C,Confirmed,2.77,,,,,0.49,0.13,,,,,0.4480910885825,0.5259481366141627,0.15696159727120457,0.10467369070781114,0.801980198019802,0.6383794634619046,0.12664315458395087,0.09719509906526595,,,0.71,0.37,0.34,1.52,0.11,1.22,0.15,0.01,0.0,0.378,1.3893129770992367,1.087595777548358,0.153,,0.009,,0.0,,False,96.0,99.0,96.0,88.0,93.0,91.0,91.0,92.0,94.0,high,high,high,high,high,high,high,high,high,2026-07-22
hitter,AZ,ATH,Tim Tawa,694374,8.0,2B,Confirmed,3.02,,,,,0.9,0.33,,,,,0.9229170867946141,0.8696133434323307,0.36642259498976015,0.29862969233593256,0.4125159642401022,0.40360524216285654,0.027408843866840064,0.011902145297614913,,,0.41,0.36,0.31,1.37,0.02,0.64,0.14,0.01,0.0,0.34,0.6720588235294118,0.6119027337698286,0.137,,0.008,,0.0,,False,96.0,99.0,96.0,88.0,93.0,91.0,91.0,92.0,94.0,high,high,high,high,high,high,high,high,high,2026-07-22
hitter,AZ,ATH,Ryan Waldschmidt,814439,9.0,CF,Confirmed,4.57,,,,,1.22,0.28,,,,,1.0612525522492573,1.379260444282787,0.273184657883214,0.29148365068108667,0.801980198019802,0.813272693881722,0.08901753525544642,0.11600443063116321,,,0.81,0.65,0.56,2.71,0.1,1.29,0.23,0.01,0.0,0.403,1.239368165249089,1.3279939465882045,0.234,,0.011,,0.0,,False,96.0,99.0,96.0,88.0,93.0,91.0,91.0,92.0,94.0,high,high,high,high,high,high,high,high,high,2026-07-22
hitter,ATH,AZ,Jacob Wilson,805779,1.0,SS,Confirmed,4.51,,,,,0.45,0.33,,,,,0.37246709736848194,0.537401477954663,0.30827372618035387,0.3590444291007258,0.6434108527131783,0.6579016605028498,0.026270646335972894,0.013679911141245258,,,0.65,0.71,0.55,2.75,0.02,0.85,0.23,0.01,0.0,0.383,0.7899761336515513,0.8918841681910443,0.229,,0.013,,0.0,,False,96.0,99.0,96.0,88.0,93.0,91.0,91.0,92.0,94.0,high,high,high,high,high,high,high,high,high,2026-07-22
hitter,ATH,AZ,Tyler Soderstrom,691016,2.0,LF,Confirmed,4.04,,,,,1.15,0.44,,,,,1.0665373229699582,1.2346302238720839,0.44589718002890033,0.4261803092787653,0.6434108527131783,0.6236072316280613,0.12916692112031353,0.12408601270007441,,,0.63,0.56,0.43,1.98,0.13,1.16,0.18,0.01,0.0,0.346,1.1521739130434783,1.17327690912559,0.179,,0.013,,0.0,,False,96.0,99.0,96.0,88.0,93.0,91.0,91.0,92.0,94.0,high,high,high,high,high,high,high,high,high,2026-07-22
hitter,ATH,AZ,Shea Langeliers,669127,3.0,DH,Confirmed,4.57,,,,,0.67,0.39,,,,,0.7052308441915742,0.6415827635198201,0.3710657269291091,0.41359671405026155,1.4947368421052631,1.3107920494096414,0.22275765547437346,0.22981493016450913,,,1.39,0.64,0.58,2.36,0.23,2.11,0.26,0.01,0.0,0.346,2.057017543859649,2.158349904957875,0.259,,0.009,,0.0,,False,96.0,99.0,96.0,88.0,93.0,91.0,91.0,92.0,94.0,high,high,high,high,high,high,high,high,high,2026-07-22
hitter,ATH,AZ,Carlos Cortes,666126,4.0,P,Confirmed,3.1,,,,,0.8,0.06,,,,,0.7197791658473183,0.8875362754727659,0.07879280754406576,0.04137596692395378,0.2543859649122807,0.2920526816048868,0.022174395636202784,0.030574579200754272,,,0.28,0.44,0.4,1.7,0.03,0.41,0.13,0.01,0.0,0.344,0.3888888888888889,0.4231668781359989,0.125,,0.011,,0.0,,False,96.0,99.0,96.0,88.0,93.0,91.0,91.0,92.0,94.0,high,high,high,high,high,high,high,high,high,2026-07-22
hitter,ATH,AZ,Donovan Walton,622268,5.0,2B,Confirmed,3.81,,,,,0.87,0.14,,,,,0.8352993103976788,0.9127579112207405,0.1418073160435803,0.13092117174377224,1.0980834272829765,0.9730971696850425,0.04078599862929413,0.04975450401177592,,,1.03,0.51,0.45,1.96,0.05,1.29,0.16,0.01,0.0,0.332,1.3148148148148149,1.277170868810432,0.164,,0.014,,0.0,,False,96.0,99.0,96.0,88.0,93.0,91.0,91.0,92.0,94.0,high,high,high,high,high,high,high,high,high,2026-07-22
hitter,ATH,AZ,Tommy White,695720,6.0,3B,Confirmed,2.55,,,,,0.64,0.12,,,,,0.5167661629712988,0.7678957355014742,0.1396071112481467,0.09871759885149556,0.4125159642401022,0.33148920630875434,0.07916155608181519,0.09551623842392239,,,0.37,0.29,0.29,1.22,0.09,0.74,0.12,0.01,0.0,0.32,0.7899761336515513,0.7017820221362767,0.119,,0.009,,0.0,,False,96.0,99.0,96.0,88.0,93.0,91.0,91.0,92.0,94.0,high,high,high,high,high,high,high,high,high,2026-07-22
hitter,ATH,AZ,Jeff McNeil,643446,7.0,1B,Confirmed,3.33,,,,,0.47,0.09,,,,,0.4562738252600935,0.49063259184580377,0.09023724280640591,0.09541581505076199,0.5290322580645161,0.5059865773113951,0.021156618442382966,0.02977034241886189,,,0.52,0.4,0.36,1.62,0.03,0.77,0.15,0.01,0.0,0.338,0.7899761336515513,0.7530173349625181,0.149,,0.012,,0.0,,False,96.0,99.0,96.0,88.0,93.0,91.0,91.0,92.0,94.0,high,high,high,high,high,high,high,high,high,2026-07-22
hitter,ATH,AZ,Lawrence Butler,671732,8.0,RF,Confirmed,3.58,,,,,1.36,0.13,,,,,1.2486215344114153,1.4614104509553005,0.1289941825273632,0.12444257865878372,0.3344051446945337,0.306786576954745,0.027601913558351326,0.03919604345974205,,,0.32,0.44,0.38,1.69,0.03,0.48,0.17,0.01,0.0,0.352,0.44025157232704404,0.5127131218379486,0.167,,0.011,,0.0,,False,96.0,99.0,96.0,88.0,93.0,91.0,91.0,92.0,94.0,high,high,high,high,high,high,high,high,high,2026-07-22
hitter,ATH,AZ,Jonah Heim,641680,9.0,C,Confirmed,3.81,,,,,1.07,0.11,,,,,0.9663690888875166,1.1669095824842795,0.09602025876534573,0.12367415898750675,0.3344051446945337,0.36798074849237156,0.028835568518642444,0.03674815871623997,,,0.35,0.45,0.4,1.84,0.03,0.54,0.19,0.01,0.0,0.335,0.4591194968553459,0.5973877379735199,0.191,,0.015,,0.0,,False,96.0,99.0,96.0,88.0,93.0,91.0,91.0,92.0,94.0,high,high,high,high,high,high,high,high,high,2026-07-22
hitter,SEA,CIN,Cole Young,702284,1.0,2B,Confirmed,4.18,,,,,0.89,0.29,,,,,0.8378577188229182,0.9434719893130726,0.27177129912930864,0.3129995806064935,0.5290322580645161,0.6008689019180061,0.12133310322053725,0.1276838675536772,,,0.57,0.48,0.33,1.52,0.12,1.14,0.13,0.01,0.0,0.304,1.1238670694864048,1.1508007142657657,0.134,,0.007,,0.0,,False,96.0,99.0,96.0,88.0,93.0,91.0,91.0,92.0,94.0,high,high,high,high,high,high,high,high,high,2026-07-22
hitter,SEA,CIN,Julio Rodríguez,677594,2.0,DH,Confirmed,4.51,,,,,1.07,0.52,,,,,1.0047487063707403,1.1275728644032683,0.5000617935723044,0.5300420063651602,0.4125159642401022,0.5344356163566248,0.0422309995772091,0.03340595852168715,,,0.48,0.56,0.38,1.71,0.04,0.77,0.12,0.01,0.0,0.327,0.6720588235294118,0.8427469326399799,0.117,,0.007,,0.0,,False,96.0,99.0,96.0,88.0,93.0,91.0,91.0,92.0,94.0,high,high,high,high,high,high,high,high,high,2026-07-22
hitter,SEA,CIN,Dominic Canzone,686527,3.0,RF,Confirmed,3.96,,,,,0.82,0.38,,,,,0.7828627283673248,0.8622524911433904,0.38306720792075377,0.37706706644275517,0.8770949720670391,0.8142197124681334,0.18050275277797767,0.1870100649104986,,,0.84,0.38,0.28,1.2,0.18,1.59,0.1,0.01,0.0,0.262,1.5956790123456794,1.5778525557199292,0.103,,0.007,,0.0,,False,96.0,99.0,96.0,88.0,93.0,91.0,91.0,92.0,94.0,high,high,high,high,high,high,high,high,high,2026-07-22
hitter,SEA,CIN,Randy Arozarena,668227,4.0,LF,Confirmed,4.68,,,,,1.4,0.44,,,,,1.317774350600754,1.4845024718888506,0.4107342883446645,0.4785835734579381,0.6434108527131783,0.6733150904891517,0.1379324886637333,0.18773048634919298,,,0.66,0.51,0.38,1.59,0.16,1.26,0.13,0.01,0.0,0.29,1.1521739130434783,1.3461054727944877,0.13,,0.008,,0.0,,False,96.0,99.0,96.0,88.0,93.0,91.0,91.0,92.0,94.0,high,high,high,high,high,high,high,high,high,2026-07-22
hitter,SEA,CIN,Josh Naylor,647304,5.0,1B,Confirmed,4.61,,,,,0.77,0.36,,,,,0.7256571069826935,0.8139483783749418,0.3380816259597199,0.37273412516679455,0.7061469265367316,0.7283310684435089,0.11176424058122852,0.1610398422024852,,,0.72,0.52,0.4,1.72,0.14,1.27,0.14,0.01,0.0,0.301,1.1521739130434783,1.365895368083427,0.138,,0.007,,0.0,,False,96.0,99.0,96.0,88.0,93.0,91.0,91.0,92.0,94.0,high,high,high,high,high,high,high,high,high,2026-07-22
hitter,SEA,CIN,Cal Raleigh,663728,6.0,C,Confirmed,4.51,,,,,1.54,0.57,,,,,1.5053003689968236,1.5653847541457804,0.5577059670885903,0.5742870107275522,0.6434108527131783,0.6625284892971252,0.3024834273627716,0.2762862775299612,,,0.65,0.57,0.51,1.84,0.29,1.46,0.15,0.01,0.0,0.38,1.3893129770992367,1.5266369047209003,0.154,,0.007,,0.0,,False,96.0,99.0,96.0,88.0,93.0,91.0,91.0,92.0,94.0,high,high,high,high,high,high,high,high,high,2026-07-22
hitter,SEA,CIN,Luke Raley,670042,7.0,CF,Confirmed,3.96,,,,,1.3,0.29,,,,,1.1770663304366733,1.4319094209352876,0.2930905101881701,0.2890622187794761,0.4125159642401022,0.5780717186778365,0.09820834079178387,0.10943710684259159,,,0.5,0.37,0.26,1.22,0.1,0.99,0.1,0.01,0.0,0.292,0.9875776397515532,0.9921317399566791,0.103,,0.007,,0.0,,False,96.0,99.0,96.0,88.0,93.0,91.0,91.0,92.0,94.0,high,high,high,high,high,high,high,high,high,2026-07-22
hitter,SEA,CIN,Weston Wilson,642215,8.0,3B,Confirmed,2.77,,,,,0.63,0.25,,,,,0.5995018516984367,0.6509717555906154,0.278496203488501,0.2195521118431259,0.5846774193548387,0.43245436914325447,0.10209202553712993,0.09472564274929078,,,0.5,0.22,0.16,0.74,0.1,0.85,0.08,0.01,0.0,0.251,0.9875776397515532,0.7421235320605638,0.077,,0.007,,0.0,,False,96.0,99.0,96.0,88.0,93.0,91.0,91.0,92.0,94.0,high,high,high,high,high,high,high,high,high,2026-07-22
hitter,SEA,CIN,Colt Emerson,806068,9.0,SS,Confirmed,3.49,,,,,1.25,0.27,,,,,1.2325726090346103,1.2663744935235217,0.26616966999936853,0.2805456464955136,0.3344051446945337,0.37715875653547026,0.07596397005648783,0.07838550497812088,,,0.36,0.28,0.19,0.88,0.08,0.67,0.1,0.01,0.0,0.261,0.6720588235294118,0.6649986244702156,0.105,,0.007,,0.0,,False,96.0,99.0,96.0,88.0,93.0,91.0,91.0,92.0,94.0,high,high,high,high,high,high,high,high,high,2026-07-22
hitter,CIN,SEA,Elly De La Cruz,682829,1.0,SS,Confirmed,3.96,,,,,0.94,0.19,,,,,0.9407379064598763,0.9410401594243097,0.20229666291445095,0.18547030474116777,0.707983193277311,0.7183011632156384,0.11783049897414555,0.1275585817834808,,,0.71,0.24,0.14,0.73,0.12,1.23,0.11,0.01,0.0,0.172,1.239368165249089,1.2232348090327427,0.11,,0.011,,0.0,,False,96.0,99.0,96.0,88.0,93.0,91.0,91.0,92.0,94.0,high,high,high,high,high,high,high,high,high,2026-07-22
hitter,CIN,SEA,Sal Stewart,701398,2.0,1B,Confirmed,3.89,,,,,0.9,0.16,,,,,0.8764297913834335,0.9202209601806578,0.17184763586461652,0.15515352750623665,0.7061469265367316,0.662714965868451,0.16966085478267284,0.15329326610033173,,,0.68,0.25,0.16,0.82,0.16,1.24,0.1,0.01,0.0,0.18,1.239368165249089,1.2325077336884813,0.103,,0.007,,0.0,,False,96.0,99.0,96.0,88.0,93.0,91.0,91.0,92.0,94.0,high,high,high,high,high,high,high,high,high,2026-07-22
hitter,CIN,SEA,JJ Bleday,668709,3.0,LF,Confirmed,3.33,,,,,0.78,0.15,,,,,0.7716366053561647,0.7865968023292615,0.16291499130843687,0.12848554973458662,0.5290322580645161,0.5160459850448063,0.08826733523638303,0.07975667984126734,,,0.52,0.22,0.15,0.72,0.08,0.91,0.09,0.01,0.0,0.184,0.9875776397515532,0.8474904618515698,0.09,,0.006,,0.0,,False,96.0,99.0,96.0,88.0,93.0,91.0,91.0,92.0,94.0,high,high,high,high,high,high,high,high,high,2026-07-22
hitter,CIN,SEA,Spencer Steer,668715,4.0,RF,Confirmed,3.33,,,,,0.79,0.13,,,,,0.8045505494240033,0.7706056532432746,0.1389179457927738,0.11956173531409056,0.5290322580645161,0.49367448153884413,0.09595423996029753,0.07735334622295964,,,0.51,0.21,0.15,0.72,0.09,0.91,0.09,0.01,0.0,0.177,0.9875776397515532,0.8431494551548744,0.093,,0.007,,0.0,,False,96.0,99.0,96.0,88.0,93.0,91.0,91.0,92.0,94.0,high,high,high,high,high,high,high,high,high,2026-07-22
hitter,CIN,SEA,Nathaniel Lowe,663993,5.0,DH,Confirmed,3.02,,,,,0.86,0.3,,,,,0.9317264132794262,0.783975595251926,0.3329581121713261,0.2641683157901278,0.801980198019802,0.6334421465135837,0.03848349362593402,0.028450280119051652,,,0.71,0.2,0.14,0.67,0.03,1.08,0.07,0.01,0.0,0.178,1.239368165249089,0.9429709329850948,0.073,,0.007,,0.0,,False,96.0,99.0,96.0,88.0,93.0,91.0,91.0,92.0,94.0,high,high,high,high,high,high,high,high,high,2026-07-22
hitter,CIN,SEA,Tyler Stephenson,663886,6.0,C,Confirmed,3.33,,,,,0.82,0.19,,,,,0.765929918771757,0.8756735125165522,0.19962278748698128,0.17559352060245464,0.4125159642401022,0.44292058500466563,0.09861689706475985,0.075664636432892,,,0.43,0.2,0.15,0.71,0.09,0.78,0.09,0.01,0.0,0.197,0.8408408408408409,0.738521168282927,0.091,,0.006,,0.0,,False,96.0,99.0,96.0,88.0,93.0,91.0,91.0,92.0,94.0,high,high,high,high,high,high,high,high,high,2026-07-22
hitter,CIN,SEA,Dane Myers,667472,7.0,CF,Confirmed,2.07,,,,,0.64,0.09,,,,,0.7176473069337549,0.5610918140597968,0.11322564833246766,0.07291654126265898,0.4125159642401022,0.3241492922717211,0.06415409470777739,0.04300923174092045,,,0.36,0.12,0.09,0.44,0.05,0.64,0.07,0.01,0.0,0.179,0.7899761336515513,0.5159287527347141,0.074,,0.007,,0.0,,False,96.0,99.0,96.0,88.0,93.0,91.0,91.0,92.0,94.0,high,high,high,high,high,high,high,high,high,2026-07-22
hitter,CIN,SEA,Edwin Arroyo,695490,8.0,2B,Confirmed,3.09,,,,,0.65,0.09,,,,,0.6232286682854076,0.6830980230258248,0.0946633125000246,0.08402920818812847,0.4803149606299212,0.51772201563099,0.05796321736924658,0.05462365762018927,,,0.5,0.16,0.13,0.65,0.06,0.76,0.09,0.01,0.0,0.16,0.7899761336515513,0.7313494946421993,0.087,,0.007,,0.0,,False,96.0,99.0,96.0,88.0,93.0,91.0,91.0,92.0,94.0,high,high,high,high,high,high,high,high,high,2026-07-22
hitter,CIN,SEA,Ke'Bryan Hayes,663647,9.0,3B,Confirmed,3.54,,,,,0.7,0.24,,,,,0.7043193485088859,0.6890993898918331,0.24287727283445817,0.23803849796007007,0.8694581280788177,0.7838246387332233,0.027679283653911615,0.0243281193171195,,,0.82,0.22,0.17,0.87,0.03,1.06,0.1,0.01,0.0,0.18,1.1521739130434783,0.9794512518915967,0.099,,0.007,,0.0,,False,96.0,99.0,96.0,88.0,93.0,91.0,91.0,92.0,94.0,high,high,high,high,high,high,high,high,high,2026-07-22
hitter,LAA,STL,Zach Neto,687263,1.0,SS,Confirmed,4.61,,,,,1.65,0.27,,,,,1.5848552805543796,1.7087754022706356,0.2519924595497586,0.2879713954308791,1.1391752577319587,1.2522797258202658,0.07889473475605452,0.09537077654002513,,,1.2,0.78,0.7,2.68,0.09,1.88,0.21,0.01,0.0,0.393,1.914285714285714,1.84813363119307,0.214,,0.008,,0.0,,False,96.0,99.0,96.0,88.0,93.0,91.0,91.0,92.0,94.0,high,high,high,high,high,high,high,high,high,2026-07-22
hitter,LAA,STL,Mike Trout,545361,2.0,CF,Confirmed,4.68,,,,,1.28,0.76,,,,,1.2698591299195348,1.2843323150862533,0.702677673728757,0.8081078815261928,0.8770949720670391,0.91013407662113,0.2714056748425758,0.2465840933046886,,,0.9,0.8,0.72,2.66,0.26,1.83,0.17,0.01,0.0,0.4,1.914285714285714,1.7604083676001903,0.172,,0.008,,0.0,,False,96.0,99.0,96.0,88.0,93.0,91.0,91.0,92.0,94.0,high,high,high,high,high,high,high,high,high,2026-07-22
hitter,LAA,STL,Nolan Schanuel,694384,3.0,1B,Confirmed,4.51,,,,,0.73,0.41,,,,,0.6335909650607943,0.8322860545319376,0.412148118061167,0.4147505619804904,0.8770949720670391,0.9533552196362745,0.08874498538992834,0.0980923535744563,,,0.92,0.58,0.54,2.26,0.09,1.34,0.2,0.01,0.0,0.31,1.3148148148148149,1.3618950097286098,0.2,,0.01,,0.0,,False,96.0,99.0,96.0,88.0,93.0,91.0,91.0,92.0,94.0,high,high,high,high,high,high,high,high,high,2026-07-22
hitter,LAA,STL,Vaughn Grissom,687093,4.0,3B,Confirmed,3.74,,,,,0.79,0.18,,,,,0.7666542912460494,0.8221628625662453,0.16905401819683347,0.18173486838341546,1.0980834272829765,1.0159175688760886,0.036943209292771756,0.03820247416505921,,,1.05,0.57,0.54,2.2,0.04,1.31,0.16,0.01,0.0,0.358,1.3893129770992367,1.2444999305878164,0.156,,0.009,,0.0,,False,96.0,99.0,96.0,88.0,93.0,91.0,91.0,92.0,94.0,high,high,high,high,high,high,high,high,high,2026-07-22
hitter,LAA,STL,Jo Adell,666176,5.0,DH,Confirmed,4.25,,,,,1.32,0.14,,,,,1.2483020031254366,1.3934044489861688,0.15619379577969666,0.1327746572962627,1.1391752577319587,1.188959946927908,0.07759994553553984,0.09513254602498401,,,1.17,0.89,0.93,3.31,0.09,1.84,0.25,0.01,0.0,0.484,1.914285714285714,1.7803632709972428,0.25,,0.01,,0.0,,False,96.0,99.0,96.0,88.0,93.0,91.0,91.0,92.0,94.0,high,high,high,high,high,high,high,high,high,2026-07-22
hitter,LAA,STL,Wade Meckler,685133,6.0,LF,Confirmed,3.49,,,,,1.1,0.13,,,,,1.060303352636519,1.1318604333004927,0.13830800507678226,0.1130720774540734,1.0,0.8559305229907678,0.02809923567654967,0.021640398428138682,,,0.92,0.43,0.46,1.89,0.02,1.13,0.16,0.01,0.0,0.338,1.239368165249089,1.0407319548915903,0.155,,0.01,,0.0,,False,96.0,99.0,96.0,88.0,93.0,91.0,91.0,92.0,94.0,high,high,high,high,high,high,high,high,high,2026-07-22
hitter,LAA,STL,Oswald Peraza,672724,7.0,2B,Confirmed,3.96,,,,,1.38,0.18,,,,,1.278786074893206,1.4817623341874573,0.15808922890448013,0.19736892002698747,1.0980834272829765,0.9947751543662394,0.04731462443948239,0.05427056524654905,,,1.04,0.53,0.53,2.16,0.05,1.38,0.16,0.01,0.0,0.357,1.3893129770992367,1.3776052103425944,0.16,,0.009,,0.0,,False,96.0,99.0,96.0,88.0,93.0,91.0,91.0,92.0,94.0,high,high,high,high,high,high,high,high,high,2026-07-22
hitter,LAA,STL,Josh Lowe,666139,8.0,RF,Confirmed,3.96,,,,,1.25,0.14,,,,,1.21401097696596,1.2843845467862023,0.14399933786388922,0.12704877726956967,1.0980834272829765,1.0202702499621887,0.05078125955603159,0.056184157554814325,,,1.06,0.53,0.53,2.15,0.05,1.4,0.18,0.01,0.0,0.356,1.3893129770992367,1.410160777322243,0.185,,0.009,,0.0,,False,96.0,99.0,96.0,88.0,93.0,91.0,91.0,92.0,94.0,high,high,high,high,high,high,high,high,high,2026-07-22
hitter,LAA,STL,Tyler Heineman,623168,9.0,C,Confirmed,3.1,,,,,0.81,0.16,,,,,0.8056669412114074,0.8054968566225417,0.1737620546690957,0.14692866492143608,0.5290322580645161,0.5066480179283168,0.04212610563828316,0.04629617327915973,,,0.52,0.33,0.3,1.43,0.04,0.76,0.15,0.01,0.0,0.294,0.7899761336515513,0.7324787998854863,0.151,,0.012,,0.0,,False,96.0,99.0,96.0,88.0,93.0,91.0,91.0,92.0,94.0,high,high,high,high,high,high,high,high,high,2026-07-22
hitter,STL,LAA,JJ Wetherholt,802139,1.0,2B,Confirmed,4.68,,,,,0.45,0.4,,,,,0.4734475845500544,0.4308267179496242,0.39911987973751384,0.39804941376114034,0.994208494208494,0.9182470003474354,0.029302721321989945,0.027064092114388892,,,0.95,0.62,0.45,2.17,0.03,1.23,0.24,0.01,0.0,0.343,1.239368165249089,1.2228870178656517,0.237,,0.01,,0.0,,False,96.0,99.0,96.0,88.0,93.0,91.0,91.0,92.0,94.0,high,high,high,high,high,high,high,high,high,2026-07-22
hitter,STL,LAA,Iván Herrera,671056,2.0,DH,Confirmed,4.61,,,,,0.51,0.39,,,,,0.48927682423342045,0.5223404974566619,0.3687627198292768,0.4126256164789283,0.994208494208494,0.9572326729194006,0.035719582592183274,0.033081547480573764,,,0.97,0.58,0.43,2.0,0.03,1.3,0.18,0.01,0.0,0.319,1.239368165249089,1.3413444302525808,0.184,,0.008,,0.0,,False,96.0,99.0,96.0,88.0,93.0,91.0,91.0,92.0,94.0,high,high,high,high,high,high,high,high,high,2026-07-22
hitter,STL,LAA,Jordan Walker,691023,3.0,RF,Confirmed,4.48,,,,,0.77,0.38,,,,,0.6823728048614944,0.8647426949082693,0.3613246897925838,0.38870549793055714,0.8949771689497716,0.9213670937028303,0.04164995723734786,0.03850981148273348,,,0.91,0.57,0.47,2.04,0.04,1.25,0.18,0.01,0.0,0.323,1.239368165249089,1.2576510544725992,0.183,,0.012,,0.0,,False,96.0,99.0,96.0,88.0,93.0,91.0,91.0,92.0,94.0,high,high,high,high,high,high,high,high,high,2026-07-22
hitter,STL,LAA,Alec Burleson,676475,4.0,1B,Confirmed,4.25,,,,,0.41,0.28,,,,,0.4446526361535955,0.3788531790451367,0.277043460487413,0.27630666514019564,0.8694581280788177,0.8777282048023012,0.03285745428563588,0.007209473042585574,,,0.87,0.55,0.48,2.02,0.02,1.19,0.21,0.01,0.0,0.325,1.239368165249089,1.1406594366368,0.209,,0.009,,0.0,,False,96.0,99.0,96.0,88.0,93.0,91.0,91.0,92.0,94.0,high,high,high,high,high,high,high,high,high,2026-07-22
hitter,STL,LAA,Nelson Velázquez,676369,5.0,LF,Confirmed,2.55,,,,,0.48,0.18,,,,,0.4481279356050488,0.5086576920094792,0.20081940042315125,0.16670310271667055,0.4125159642401022,0.3437914037913491,0.022095147521098188,0.009882210226057153,,,0.37,0.26,0.22,0.9,0.02,0.42,0.12,0.01,0.0,0.273,0.4591194968553459,0.3944031101791153,0.119,,0.007,,0.0,,False,96.0,99.0,96.0,88.0,93.0,91.0,91.0,92.0,94.0,high,high,high,high,high,high,high,high,high,2026-07-22
hitter,STL,LAA,Masyn Winn,691026,6.0,SS,Confirmed,4.45,,,,,0.48,0.27,,,,,0.47153322145520493,0.48209592509927185,0.2687088059713234,0.2708553193073041,0.8949771689497716,0.96831943292035,0.035356665675017586,0.03897567600852421,,,0.94,0.47,0.48,1.94,0.04,1.33,0.17,0.01,0.0,0.303,1.3148148148148149,1.3490852041871404,0.167,,0.011,,0.0,,False,96.0,99.0,96.0,88.0,93.0,91.0,91.0,92.0,94.0,high,high,high,high,high,high,high,high,high,2026-07-22
hitter,STL,LAA,José Fermín,665877,7.0,LF,Confirmed,4.04,,,,,0.35,0.28,,,,,0.3455750866335241,0.353065136058253,0.26334130412246803,0.28783345258615733,0.707983193277311,0.7596191717518113,0.02762700575593454,0.036839488293968436,,,0.74,0.4,0.33,1.6,0.03,1.0,0.17,0.01,0.0,0.285,1.001763668430335,0.9999524624723957,0.172,,0.008,,0.0,,False,96.0,99.0,96.0,88.0,93.0,91.0,91.0,92.0,94.0,high,high,high,high,high,high,high,high,high,2026-07-22
hitter,STL,LAA,Blaze Jordan,691458,8.0,3B,Confirmed,2.77,,,,,0.34,0.14,,,,,0.3441407186885693,0.3401296214663556,0.15651081247787144,0.12414295387477661,0.5290322580645161,0.4584173322511425,0.020795872933516528,0.014516721331667365,,,0.49,0.25,0.22,1.0,0.02,0.64,0.12,0.01,0.0,0.266,0.6720588235294118,0.6170786836077821,0.119,,0.014,,0.0,,False,96.0,99.0,96.0,88.0,93.0,91.0,91.0,92.0,94.0,high,high,high,high,high,high,high,high,high,2026-07-22
hitter,STL,LAA,Jimmy Crooks,699625,9.0,C,Confirmed,3.09,,,,,0.78,0.29,,,,,0.8156553089431509,0.7410705955686417,0.3444579591267316,0.2446220508249385,0.8770949720670391,0.6815524716821019,0.09607088602505681,0.07134137793433368,,,0.77,0.32,0.28,1.24,0.08,1.15,0.13,0.01,0.0,0.298,1.3148148148148149,1.0172027583421916,0.133,,0.012,,0.0,,False,96.0,99.0,96.0,88.0,93.0,91.0,91.0,92.0,94.0,high,high,high,high,high,high,high,high,high,2026-07-22
hitter,CLE,MIN,Steven Kwan,680757,1.0,LF,Confirmed,3.96,,,,,0.36,0.4,,,,,0.32709400386998033,0.38669932962143744,0.4042946401435048,0.3886314315433661,1.0,0.8910140872414083,0.09896230016506305,0.10871274928194002,,,0.94,0.55,0.44,2.13,0.1,1.41,0.23,0.01,0.0,0.346,1.5956790123456794,1.2639085288822625,0.226,,0.01,,0.0,,False,96.0,99.0,96.0,88.0,93.0,91.0,91.0,92.0,94.0,high,high,high,high,high,high,high,high,high,2026-07-22
hitter,CLE,MIN,José Ramírez,608070,2.0,3B,Confirmed,4.18,,,,,0.6,0.26,,,,,0.5636691537324743,0.635344841412245,0.26737283225915454,0.25588970018543533,0.8694581280788177,0.857487202432815,0.13771891491064822,0.1539965440900298,,,0.86,0.62,0.52,2.23,0.15,1.43,0.18,0.01,0.0,0.352,1.3893129770992367,1.4587557085022935,0.183,,0.008,,0.0,,False,96.0,99.0,96.0,88.0,93.0,91.0,91.0,92.0,94.0,high,high,high,high,high,high,high,high,high,2026-07-22
hitter,CLE,MIN,Chase DeLauter,800050,3.0,DH,Confirmed,4.74,,,,,0.64,0.43,,,,,0.6746441974221874,0.6036283562036822,0.4188676946559797,0.43742373105800286,1.0980834272829765,1.1982535205577483,0.22657141755735657,0.21891445950331856,,,1.15,0.75,0.7,2.94,0.22,2.15,0.31,0.01,0.0,0.386,2.057017543859649,2.227946319315205,0.306,,0.011,,0.0,,False,96.0,99.0,96.0,88.0,93.0,91.0,91.0,92.0,94.0,high,high,high,high,high,high,high,high,high,2026-07-22
hitter,CLE,MIN,Brayan Rocchio,677587,4.0,SS,Confirmed,4.26,,,,,0.65,0.36,,,,,0.6672651447687136,0.6390982384649077,0.349749135599694,0.3761781228976512,0.8949771689497716,0.9219527266645068,0.1548831847638574,0.17666944933565293,,,0.91,0.59,0.55,2.31,0.17,1.66,0.23,0.01,0.0,0.332,1.684375,1.6356782901658475,0.227,,0.009,,0.0,,False,96.0,99.0,96.0,88.0,93.0,91.0,91.0,92.0,94.0,high,high,high,high,high,high,high,high,high,2026-07-22
hitter,CLE,MIN,Travis Bazzana,683953,5.0,2B,Confirmed,4.97,,,,,1.0,0.7,,,,,1.0226503292396278,0.9853209762619392,0.7083195112904247,0.6983142556901262,1.0980834272829765,1.2041776607311012,0.3198357047082967,0.41544870890163604,,,1.16,0.86,0.8,3.16,0.37,2.28,0.23,0.01,0.0,0.413,2.057017543859649,2.454174811355747,0.231,,0.008,,0.0,,False,96.0,99.0,96.0,88.0,93.0,91.0,91.0,92.0,94.0,high,high,high,high,high,high,high,high,high,2026-07-22
hitter,CLE,MIN,Kyle Manzardo,700932,6.0,1B,Confirmed,4.48,,,,,1.11,0.55,,,,,1.104852640653282,1.1185594715731233,0.5398352913415267,0.5636491739995615,0.801980198019802,0.8667162087707412,0.36719866143911406,0.4121301049327543,,,0.84,0.61,0.69,2.44,0.39,2.46,0.21,0.01,0.0,0.371,2.057017543859649,2.784198073949783,0.209,,0.009,,0.0,,False,96.0,99.0,96.0,88.0,93.0,91.0,91.0,92.0,94.0,high,high,high,high,high,high,high,high,high,2026-07-22
hitter,CLE,MIN,Daniel Schneemann,682177,7.0,RF,Confirmed,3.33,,,,,0.84,0.34,,,,,0.8693813146015085,0.8049751132123387,0.34061896638677325,0.3305653108903214,0.7061469265367316,0.5400920343309178,0.11569330278733808,0.0951365670659816,,,0.61,0.39,0.37,1.63,0.11,1.14,0.19,0.01,0.0,0.327,1.239368165249089,1.052618075436149,0.189,,0.008,,0.0,,False,96.0,99.0,96.0,88.0,93.0,91.0,91.0,92.0,94.0,high,high,high,high,high,high,high,high,high,2026-07-22
hitter,CLE,MIN,Patrick Bailey,672275,8.0,C,Confirmed,3.49,,,,,0.87,0.33,,,,,0.8903982722967432,0.8552191337280673,0.3576082650685214,0.308532585560349,0.707983193277311,0.6534689216221022,0.0989865204841994,0.10531019560742674,,,0.68,0.43,0.39,1.81,0.1,1.22,0.21,0.01,0.0,0.342,1.3148148148148149,1.1349108379125399,0.214,,0.009,,0.0,,False,96.0,99.0,96.0,88.0,93.0,91.0,91.0,92.0,94.0,high,high,high,high,high,high,high,high,high,2026-07-22
hitter,CLE,MIN,Petey Halpin,690984,9.0,CF,Confirmed,2.77,,,,,0.78,0.05,,,,,0.7308193081934173,0.8225730426085247,0.062338529731416896,0.040166457745422095,0.4125159642401022,0.3552337059654992,0.013731326979438107,0.011672201531627327,,,0.38,0.3,0.27,1.28,0.01,0.56,0.15,0.01,0.0,0.306,0.6720588235294118,0.46197966736519114,0.148,,0.008,,0.0,,False,96.0,99.0,96.0,88.0,93.0,91.0,91.0,92.0,94.0,high,high,high,high,high,high,high,high,high,2026-07-22
hitter,MIN,CLE,Trevor Larnach,663616,1.0,LF,Confirmed,4.48,,,,,0.78,0.38,,,,,0.7447413256777765,0.8153611134565785,0.3688260054282624,0.3897467075825112,0.994208494208494,0.9642111307991753,0.24091000561217396,0.2490373000510669,,,0.98,0.54,0.42,2.06,0.24,1.97,0.2,0.01,0.0,0.3,2.057017543859649,1.9031389178423994,0.203,,0.014,,0.0,,False,96.0,99.0,96.0,88.0,93.0,91.0,91.0,92.0,94.0,high,high,high,high,high,high,high,high,high,2026-07-22
hitter,MIN,CLE,Brooks Lee,686797,2.0,3B,Confirmed,4.51,,,,,0.97,0.39,,,,,0.898556539504582,1.0353559446740694,0.38714100495053017,0.4015582659280484,1.0980834272829765,1.113939955922431,0.05780831142176728,0.07123929356737194,,,1.11,0.56,0.45,2.11,0.06,1.51,0.18,0.01,0.0,0.303,1.4759615384615385,1.5308774729007455,0.177,,0.009,,0.0,,False,96.0,99.0,96.0,88.0,93.0,91.0,91.0,92.0,94.0,high,high,high,high,high,high,high,high,high,2026-07-22
hitter,MIN,CLE,Kody Clemens,665019,3.0,2B,Confirmed,4.45,,,,,1.31,0.31,,,,,1.2376339490587192,1.3779564135395481,0.3166906225399625,0.3115963098691752,1.0980834272829765,0.994257752960285,0.0812083752715935,0.06398776107050597,,,1.04,0.59,0.57,2.26,0.07,1.64,0.21,0.01,0.0,0.32,1.684375,1.5979993809940825,0.207,,0.012,,0.0,,False,96.0,99.0,96.0,88.0,93.0,91.0,91.0,92.0,94.0,high,high,high,high,high,high,high,high,high,2026-07-22
hitter,MIN,CLE,Josh Bell,605137,4.0,DH,Confirmed,4.48,,,,,1.08,0.38,,,,,1.0818641609591404,1.0841345032470253,0.3852025229008552,0.365064494046387,1.0980834272829765,1.0835488423508624,0.09688568461224101,0.08281489807563716,,,1.09,0.58,0.54,2.22,0.09,1.78,0.24,0.01,0.0,0.319,1.914285714285714,1.6719780302222498,0.242,,0.012,,0.0,,False,96.0,99.0,96.0,88.0,93.0,91.0,91.0,92.0,94.0,high,high,high,high,high,high,high,high,high,2026-07-22
hitter,MIN,CLE,Royce Lewis,668904,5.0,1B,Confirmed,4.51,,,,,1.36,0.31,,,,,1.288060987786968,1.4295677715571498,0.3080888439258288,0.30238476112137597,0.994208494208494,1.0513110059231543,0.0635487657462363,0.06989922856111656,,,1.03,0.58,0.55,2.22,0.07,1.57,0.2,0.01,0.0,0.306,1.5956790123456794,1.5525967885991387,0.202,,0.009,,0.0,,False,96.0,99.0,96.0,88.0,93.0,91.0,91.0,92.0,94.0,high,high,high,high,high,high,high,high,high,2026-07-22
hitter,MIN,CLE,Victor Caratini,605170,6.0,1B,Confirmed,4.26,,,,,0.98,0.38,,,,,0.952199329923385,1.0125766975400636,0.3780672040734502,0.3813817493725068,1.0980834272829765,1.029932756181269,0.06200687357639446,0.05061514887652432,,,1.06,0.48,0.5,2.08,0.06,1.49,0.22,0.01,0.0,0.318,1.4759615384615385,1.493776037685532,0.217,,0.009,,0.0,,False,96.0,99.0,96.0,88.0,93.0,91.0,91.0,92.0,94.0,high,high,high,high,high,high,high,high,high,2026-07-22
hitter,MIN,CLE,Alan Roden,702176,7.0,RF,Confirmed,2.55,,,,,0.53,0.12,,,,,0.49708902776006036,0.5551497252458121,0.12615162890222492,0.10514128915080694,0.4125159642401022,0.4144187033698893,0.07161321704353724,0.04927434756097201,,,0.41,0.3,0.27,1.28,0.06,0.65,0.13,0.01,0.0,0.324,0.6992421095027739,0.6035848124750112,0.132,,0.012,,0.0,,False,96.0,99.0,96.0,88.0,93.0,91.0,91.0,92.0,94.0,high,high,high,high,high,high,high,high,high,2026-07-22
hitter,MIN,CLE,Luke Keaschall,807712,8.0,CF,Confirmed,4.39,,,,,0.79,0.43,,,,,0.7484444355752722,0.8300512333371325,0.42243882741883587,0.4444069995835201,1.0980834272829765,1.116152540263682,0.0373414787261255,0.028047200588056022,,,1.11,0.49,0.43,2.06,0.03,1.48,0.21,0.01,0.0,0.318,1.4476190476190476,1.513232801502491,0.215,,0.009,,0.0,,False,96.0,99.0,96.0,88.0,93.0,91.0,91.0,92.0,94.0,high,high,high,high,high,high,high,high,high,2026-07-22
hitter,MIN,CLE,Alex Jackson,656577,9.0,C,Confirmed,3.89,,,,,1.02,0.24,,,,,1.003836766365644,1.0263908857013768,0.24048219254689215,0.24279884213021327,0.707983193277311,0.7223081076505249,0.2893000417836626,0.26160023501804525,,,0.72,0.43,0.4,1.83,0.28,1.8,0.21,0.01,0.0,0.31,1.684375,1.9003862523255248,0.205,,0.009,,0.0,,False,96.0,99.0,96.0,88.0,93.0,91.0,91.0,92.0,94.0,high,high,high,high,high,high,high,high,high,2026-07-22
hitter,PHI,LAD,Trea Turner,607208,1.0,SS,Confirmed,4.39,,,,,1.02,0.54,,,,,1.060764051498981,0.976351286156886,0.5569600212051042,0.5132478073875726,1.0980834272829765,1.0620099795130598,0.05251965257401024,0.04280985859998471,,,1.08,0.53,0.42,1.94,0.05,1.57,0.19,0.02,0.0,0.302,1.684375,1.477306868948864,0.187,,0.016,,0.0,,False,96.0,99.0,96.0,88.0,93.0,91.0,91.0,92.0,94.0,high,high,high,high,high,high,high,high,high,2026-07-22
hitter,PHI,LAD,Kyle Schwarber,656941,2.0,DH,Confirmed,4.57,,,,,1.55,1.11,,,,,1.5956413974323647,1.5059859753711218,1.2382310837847281,0.9848558212192132,1.0,0.9961120989961022,0.14340893289028558,0.1647233615721385,,,1.0,0.73,0.56,2.28,0.15,1.67,0.2,0.01,0.0,0.404,1.684375,1.6637768975378082,0.205,,0.009,,0.0,,False,96.0,99.0,96.0,88.0,93.0,91.0,91.0,92.0,94.0,high,high,high,high,high,high,high,high,high,2026-07-22
hitter,PHI,LAD,Bryce Harper,547180,3.0,1B,Confirmed,4.51,,,,,1.2,0.89,,,,,1.2151394289330095,1.1873763438103055,0.9517215765405199,0.8270586007009683,1.0,1.006505268734148,0.06809100050478165,0.041578097552441455,,,1.0,0.58,0.49,2.06,0.05,1.39,0.19,0.01,0.0,0.329,1.3893129770992367,1.3939112389241988,0.194,,0.008,,0.0,,False,96.0,99.0,96.0,88.0,93.0,91.0,91.0,92.0,94.0,high,high,high,high,high,high,high,high,high,2026-07-22
hitter,PHI,LAD,Alec Bohm,664761,4.0,3B,Confirmed,4.39,,,,,0.78,0.55,,,,,0.7744679546891727,0.7821346881557708,0.537997242065684,0.5688626729505691,1.0980834272829765,1.110264594407436,0.051088018218862545,0.05565258139613595,,,1.1,0.57,0.51,2.18,0.05,1.52,0.19,0.01,0.0,0.322,1.5956790123456794,1.4667330944241277,0.192,,0.011,,0.0,,False,96.0,99.0,96.0,88.0,93.0,91.0,91.0,92.0,94.0,high,high,high,high,high,high,high,high,high,2026-07-22
hitter,PHI,LAD,Edmundo Sosa,624641,5.0,LF,Confirmed,3.49,,,,,0.95,0.34,,,,,0.9034648421964512,0.9885776195832496,0.3452627753348556,0.3433536082073452,0.801980198019802,0.669877956846629,0.03947767042939911,0.03243057537146707,,,0.73,0.38,0.35,1.44,0.04,1.09,0.18,0.01,0.0,0.275,1.239368165249089,0.9617151011975755,0.18,,0.011,,0.0,,False,96.0,99.0,96.0,88.0,93.0,91.0,91.0,92.0,94.0,high,high,high,high,high,high,high,high,high,2026-07-22
hitter,PHI,LAD,Derek Hill,656537,6.0,CF,Confirmed,3.49,,,,,1.25,0.36,,,,,1.2209945826763176,1.2716259061096764,0.34403980321082905,0.37268552441550895,0.7061469265367316,0.5150696721163345,0.04025451412556334,0.03822500425801431,,,0.6,0.32,0.32,1.35,0.04,0.96,0.16,0.01,0.0,0.262,0.9875776397515532,0.9399312949028735,0.157,,0.008,,0.0,,False,96.0,99.0,96.0,88.0,93.0,91.0,91.0,92.0,94.0,high,high,high,high,high,high,high,high,high,2026-07-22
hitter,PHI,LAD,Bryan De La Cruz,650559,7.0,RF,Confirmed,3.1,,,,,1.45,0.21,,,,,1.426559202192197,1.4823132818012985,0.2195960463136478,0.19468606536820554,0.4125159642401022,0.34952247962538263,0.027820567743831202,0.02477619974094549,,,0.38,0.27,0.23,1.02,0.03,0.59,0.13,0.01,0.0,0.251,0.6289308176100628,0.5531400319337599,0.131,,0.008,,0.0,,False,96.0,99.0,96.0,88.0,93.0,91.0,91.0,92.0,94.0,high,high,high,high,high,high,high,high,high,2026-07-22
hitter,PHI,LAD,Bryson Stott,681082,8.0,2B,Confirmed,4.18,,,,,0.83,0.62,,,,,0.802025846027142,0.8671157733878513,0.6404170070950206,0.5958450820117224,0.994208494208494,0.8926769634472691,0.03552339336600088,0.04047118161854387,,,0.94,0.42,0.35,1.64,0.04,1.22,0.17,0.01,0.0,0.289,1.239368165249089,1.2128761673255162,0.171,,0.009,,0.0,,False,96.0,99.0,96.0,88.0,93.0,91.0,91.0,92.0,94.0,high,high,high,high,high,high,high,high,high,2026-07-22
hitter,PHI,LAD,Rafael Marchán,665561,9.0,C,Confirmed,3.02,,,,,0.62,0.36,,,,,0.6357522762025448,0.5949826357179385,0.3973265719083958,0.3276095562030832,0.7061469265367316,0.5538305062888192,0.026479373373128955,0.014323818660063435,,,0.62,0.3,0.26,1.2,0.02,0.82,0.14,0.01,0.0,0.284,0.9375,0.7212869130724765,0.137,,0.008,,0.0,,False,96.0,99.0,96.0,88.0,93.0,91.0,91.0,92.0,94.0,high,high,high,high,high,high,high,high,high,2026-07-22
hitter,LAD,PHI,Shohei Ohtani,660271,1.0,DH,Confirmed,4.39,,,,,0.81,0.33,,,,,0.8151739173514024,0.8084109892022692,0.3462045827884118,0.3075860807537739,1.607843137254902,1.3913707671981208,0.4276130616874984,0.32218953011032886,,,1.49,0.42,0.33,1.62,0.37,2.99,0.22,0.01,0.0,0.243,3.5,2.5651415034040492,0.224,,0.011,,0.0,,False,96.0,99.0,96.0,88.0,93.0,91.0,91.0,92.0,94.0,high,high,high,high,high,high,high,high,high,2026-07-22
hitter,LAD,PHI,Andy Pages,681624,2.0,CF,Confirmed,4.18,,,,,0.58,0.15,,,,,0.5803964324770293,0.5830010215052756,0.1597845176430761,0.13181119687823006,1.4947368421052631,1.2982170507007038,0.1609536334775229,0.14814278392051683,,,1.39,0.36,0.28,1.44,0.15,2.0,0.15,0.01,0.0,0.212,2.057017543859649,1.9589634953964223,0.147,,0.009,,0.0,,False,96.0,99.0,96.0,88.0,93.0,91.0,91.0,92.0,94.0,high,high,high,high,high,high,high,high,high,2026-07-22
hitter,LAD,PHI,Freddie Freeman,518692,3.0,1B,Confirmed,4.25,,,,,0.53,0.2,,,,,0.5440404496637073,0.513344339667854,0.21020698013055095,0.19891603903619526,1.607843137254902,1.3437602287117814,0.18306604889076816,0.16153170141368242,,,1.46,0.45,0.39,1.83,0.17,2.25,0.16,0.01,0.0,0.258,2.456692913385827,2.08027092399314,0.164,,0.014,,0.0,,False,96.0,99.0,96.0,88.0,93.0,91.0,91.0,92.0,94.0,high,high,high,high,high,high,high,high,high,2026-07-22
hitter,LAD,PHI,Max Muncy,571970,4.0,3B,Confirmed,3.96,,,,,0.7,0.25,,,,,0.6790545416439528,0.7265802730763158,0.25724264755919185,0.2487706839914094,1.1391752577319587,1.1064756242377882,0.23287673640107565,0.18862302054235355,,,1.12,0.36,0.32,1.45,0.21,1.95,0.15,0.01,0.0,0.226,2.057017543859649,1.8604476990457135,0.147,,0.008,,0.0,,False,96.0,99.0,96.0,88.0,93.0,91.0,91.0,92.0,94.0,high,high,high,high,high,high,high,high,high,2026-07-22
hitter,LAD,PHI,Mookie Betts,605141,5.0,SS,Confirmed,4.25,,,,,0.31,0.16,,,,,0.33864527567184877,0.2769808919016038,0.17098411122524748,0.15734887194138603,1.607843137254902,1.3040906303376079,0.17812022391975416,0.15542175299951105,,,1.44,0.44,0.4,1.83,0.17,1.97,0.15,0.01,0.0,0.252,2.057017543859649,1.8924826060465714,0.155,,0.013,,0.0,,False,96.0,99.0,96.0,88.0,93.0,91.0,91.0,92.0,94.0,high,high,high,high,high,high,high,high,high,2026-07-22
hitter,LAD,PHI,Kyle Tucker,663656,6.0,RF,Confirmed,4.14,,,,,0.5,0.22,,,,,0.5424676118140322,0.46421983263140293,0.229269603340557,0.20554869004247567,1.5,1.1987217448238212,0.14092397986288108,0.13200213429682262,,,1.33,0.35,0.34,1.56,0.14,1.91,0.14,0.01,0.0,0.236,2.057017543859649,1.7905232228385772,0.136,,0.007,,0.0,,False,96.0,99.0,96.0,88.0,93.0,91.0,91.0,92.0,94.0,high,high,high,high,high,high,high,high,high,2026-07-22
hitter,LAD,PHI,Teoscar Hernández,606192,7.0,LF,Confirmed,4.04,,,,,0.72,0.13,,,,,0.6930731675147362,0.7512652244684165,0.1457528935062955,0.10549856438155762,1.607843137254902,1.3375717467672292,0.19701632946939093,0.18344394651488946,,,1.46,0.35,0.32,1.56,0.19,2.23,0.21,0.01,0.0,0.244,2.456692913385827,2.039714418153774,0.208,,0.008,,0.0,,False,96.0,99.0,96.0,88.0,93.0,91.0,91.0,92.0,94.0,high,high,high,high,high,high,high,high,high,2026-07-22
hitter,LAD,PHI,Tommy Edman,669242,8.0,2B,Confirmed,3.74,,,,,0.49,0.11,,,,,0.5057419527572579,0.47269564572701495,0.12942774775073973,0.0896984290361432,1.4947368421052631,1.067943149348401,0.11458180031804296,0.1076153788358106,,,1.26,0.31,0.28,1.39,0.11,1.83,0.15,0.01,0.0,0.231,2.057017543859649,1.6519992325184207,0.153,,0.008,,0.0,,False,96.0,99.0,96.0,88.0,93.0,91.0,91.0,92.0,94.0,high,high,high,high,high,high,high,high,high,2026-07-22
hitter,LAD,PHI,Dalton Rushing,687221,9.0,C,Confirmed,3.89,,,,,0.8,0.18,,,,,0.7508269558015749,0.8456341759109077,0.1702985957300021,0.18029799116212114,1.4947368421052631,1.1471777838366786,0.17136300020012632,0.14591033661754466,,,1.3,0.29,0.25,1.25,0.16,1.85,0.16,0.01,0.0,0.211,1.914285714285714,1.8063471867071141,0.162,,0.011,,0.0,,False,96.0,99.0,96.0,88.0,93.0,91.0,91.0,92.0,94.0,high,high,high,high,high,high,high,high,high,2026-07-22
hitter,TOR,TB,Ernie Clement,676391,1.0,2B,Confirmed,3.48,,,,,0.34,0.15,,,,,0.33508923649139966,0.3436337238254282,0.13335208774384183,0.17140252313402243,0.4125159642401022,0.4223852237017298,0.05945241559265097,0.05634653648854591,,,0.42,0.27,0.21,0.96,0.06,0.74,0.11,0.01,0.0,0.197,0.6720588235294118,0.8032245946632589,0.108,,0.008,,0.0,,False,96.0,99.0,96.0,88.0,93.0,91.0,91.0,92.0,94.0,high,high,high,high,high,high,high,high,high,2026-07-22
hitter,TOR,TB,Nathan Lukes,664770,2.0,RF,Confirmed,3.49,,,,,0.43,0.19,,,,,0.42555797588192457,0.428353677626575,0.19184937321082657,0.19329950710975083,0.4125159642401022,0.45906995510306353,0.0692591916487594,0.05113773999373813,,,0.44,0.3,0.22,1.0,0.06,0.7,0.11,0.01,0.0,0.227,0.6720588235294118,0.7261089267571904,0.106,,0.007,,0.0,,False,96.0,99.0,96.0,88.0,93.0,91.0,91.0,92.0,94.0,high,high,high,high,high,high,high,high,high,2026-07-22
hitter,TOR,TB,Vladimir Guerrero Jr.,665489,3.0,1B,Confirmed,3.96,,,,,0.52,0.28,,,,,0.5177403715881443,0.5194981130330429,0.2655767575247785,0.3024907509904525,0.4125159642401022,0.5121294373368107,0.10290350899713971,0.09952623138496082,,,0.47,0.42,0.35,1.42,0.1,0.94,0.08,0.01,0.0,0.267,0.8408408408408409,1.0278083481001807,0.081,,0.006,,0.0,,False,96.0,99.0,96.0,88.0,93.0,91.0,91.0,92.0,94.0,high,high,high,high,high,high,high,high,high,2026-07-22
hitter,TOR,TB,George Springer,543807,4.0,DH,Confirmed,4.25,,,,,1.06,0.43,,,,,1.0958029357457442,1.0188936402444146,0.4398415723905156,0.41844010422568484,0.8770949720670391,0.82525058108708,0.03453235598796996,0.021448051110981303,,,0.85,0.44,0.36,1.44,0.03,1.17,0.09,0.01,0.0,0.267,1.239368165249089,1.1178903366482271,0.089,,0.007,,0.0,,False,96.0,99.0,96.0,88.0,93.0,91.0,91.0,92.0,94.0,high,high,high,high,high,high,high,high,high,2026-07-22
hitter,TOR,TB,Yohendrick Piñango,682818,5.0,LF,Confirmed,3.1,,,,,0.8,0.19,,,,,0.800316410774323,0.8071219251711317,0.205246816775446,0.16835581279905845,0.3344051446945337,0.3022346607516875,0.02272151427968815,0.024153072551839395,,,0.32,0.29,0.26,0.96,0.02,0.45,0.07,0.01,0.0,0.234,0.4591194968553459,0.45085725650379027,0.073,,0.007,,0.0,,False,96.0,99.0,96.0,88.0,93.0,91.0,91.0,92.0,94.0,high,high,high,high,high,high,high,high,high,2026-07-22
hitter,TOR,TB,Alejandro Kirk,672386,6.0,C,Confirmed,3.54,,,,,0.44,0.24,,,,,0.4559017369807119,0.41718669512612383,0.23981311658980192,0.24053392462274784,0.4125159642401022,0.46170822947802603,0.09023937178736072,0.09377629177768501,,,0.44,0.26,0.25,0.93,0.09,0.8,0.09,0.01,0.0,0.222,0.7899761336515513,0.8144736097112582,0.087,,0.006,,0.0,,False,96.0,99.0,96.0,88.0,93.0,91.0,91.0,92.0,94.0,high,high,high,high,high,high,high,high,high,2026-07-22
hitter,TOR,TB,Daulton Varsho,662139,7.0,CF,Confirmed,3.48,,,,,0.81,0.19,,,,,0.7859840932834947,0.8284668894269887,0.19467500161763143,0.17683852905516567,0.35424354243542433,0.334715815203444,0.13020406528708633,0.11704145389647364,,,0.34,0.29,0.28,0.98,0.12,0.81,0.08,0.01,0.0,0.239,0.7899761336515513,0.8317659453122659,0.083,,0.009,,0.0,,False,96.0,99.0,96.0,88.0,93.0,91.0,91.0,92.0,94.0,high,high,high,high,high,high,high,high,high,2026-07-22
hitter,TOR,TB,Sean Keys,815873,8.0,3B,Confirmed,3.33,,,,,0.85,0.2,,,,,0.8350553773956892,0.874347751186067,0.18673736857089948,0.213603900068603,0.4125159642401022,0.42623892952875286,0.12461488021558625,0.1313085245113639,,,0.42,0.28,0.26,0.95,0.13,0.93,0.1,0.01,0.0,0.239,0.9875776397515532,0.8759945784045292,0.097,,0.007,,0.0,,False,96.0,99.0,96.0,88.0,93.0,91.0,91.0,92.0,94.0,high,high,high,high,high,high,high,high,high,2026-07-22
hitter,TOR,TB,Andrés Giménez,665926,9.0,SS,Confirmed,3.09,,,,,0.54,0.17,,,,,0.5549362507018375,0.5163252165622796,0.17608251682018322,0.1627950561435275,0.35424354243542433,0.4131019834155599,0.054509998572372265,0.053798429130221266,,,0.39,0.23,0.19,0.83,0.05,0.67,0.09,0.01,0.0,0.218,0.6720588235294118,0.6705252158725464,0.094,,0.008,,0.0,,False,96.0,99.0,96.0,88.0,93.0,91.0,91.0,92.0,94.0,high,high,high,high,high,high,high,high,high,2026-07-22
hitter,TB,TOR,Yandy Díaz,650490,1.0,DH,Confirmed,4.45,,,,,0.84,0.14,,,,,0.8163259818807056,0.8555627545434276,0.09451941135023798,0.17883011374604554,0.6434108527131783,0.700774444923762,0.025913469561509722,0.02969186083525706,,,0.67,0.52,0.35,1.73,0.03,0.86,0.12,0.01,0.0,0.306,0.7899761336515513,0.9243821185962292,0.121,,0.007,,0.0,,False,96.0,99.0,96.0,88.0,93.0,91.0,91.0,92.0,94.0,high,high,high,high,high,high,high,high,high,2026-07-22
hitter,TB,TOR,Jonathan Aranda,666018,2.0,1B,Confirmed,4.45,,,,,1.23,0.12,,,,,1.1514157247723407,1.3166288247930762,0.09406702969934905,0.1542468852035931,0.5846774193548387,0.6889105385335497,0.029461428062774717,0.0423034819838007,,,0.64,0.5,0.33,1.63,0.04,0.84,0.12,0.01,0.0,0.301,0.7899761336515513,0.8845287519132514,0.124,,0.008,,0.0,,False,96.0,99.0,96.0,88.0,93.0,91.0,91.0,92.0,94.0,high,high,high,high,high,high,high,high,high,2026-07-22
hitter,TB,TOR,Junior Caminero,691406,3.0,3B,Confirmed,4.48,,,,,1.07,0.13,,,,,1.0535549839038802,1.0910985041755143,0.09265014608475602,0.17363088195608617,0.5290322580645161,0.533783773718503,0.04071722300093353,0.04820624270154566,,,0.53,0.57,0.46,1.89,0.04,0.79,0.14,0.01,0.0,0.325,0.7899761336515513,0.7819665554559094,0.136,,0.007,,0.0,,False,96.0,99.0,96.0,88.0,93.0,91.0,91.0,92.0,94.0,high,high,high,high,high,high,high,high,high,2026-07-22
hitter,TB,TOR,Cedric Mullins,656775,4.0,CF,Confirmed,3.81,,,,,1.08,0.08,,,,,1.0392319337089901,1.1300386337166148,0.06805869058061995,0.09119297538955991,0.4125159642401022,0.4553597754266546,0.02787569167848752,0.027344719351832834,,,0.44,0.45,0.36,1.52,0.03,0.66,0.11,0.01,0.0,0.309,0.6720588235294118,0.6572850212570869,0.108,,0.007,,0.0,,False,96.0,99.0,96.0,88.0,93.0,91.0,91.0,92.0,94.0,high,high,high,high,high,high,high,high,high,2026-07-22
hitter,TB,TOR,Chandler Simpson,802415,5.0,LF,Confirmed,3.96,,,,,0.54,0.08,,,,,0.4650838817031473,0.6115909959532021,0.07023025496311722,0.09394773533465062,0.6434108527131783,0.7280983855467535,0.01254821776317543,0.0,,,0.69,0.4,0.31,1.51,0.01,0.73,0.11,0.01,0.0,0.256,0.6720588235294118,0.7708570364689269,0.106,,0.012,,0.0,,False,96.0,99.0,96.0,88.0,93.0,91.0,91.0,92.0,94.0,high,high,high,high,high,high,high,high,high,2026-07-22
hitter,TB,TOR,Victor Mesa Jr.,683748,6.0,RF,Confirmed,4.04,,,,,1.08,0.28,,,,,0.9835276777409762,1.1733818648761394,0.2800195908791545,0.28619857453891434,0.4125159642401022,0.5047718286444375,0.02773692377009332,0.035274433229961294,,,0.46,0.38,0.31,1.4,0.03,0.73,0.1,0.01,0.0,0.288,0.6720588235294118,0.777349177018025,0.102,,0.007,,0.0,,False,96.0,99.0,96.0,88.0,93.0,91.0,91.0,92.0,94.0,high,high,high,high,high,high,high,high,high,2026-07-22
hitter,TB,TOR,Taylor Walls,670764,7.0,SS,Confirmed,3.49,,,,,0.93,0.09,,,,,0.8648211702536188,1.0036707013271138,0.08716691989524385,0.09684207603093332,0.4125159642401022,0.5037414371061218,0.019347643880515457,0.015411432385776178,,,0.46,0.35,0.26,1.32,0.02,0.62,0.1,0.01,0.0,0.301,0.6289308176100628,0.619980064105803,0.103,,0.009,,0.0,,False,96.0,99.0,96.0,88.0,93.0,91.0,91.0,92.0,94.0,high,high,high,high,high,high,high,high,high,2026-07-22
hitter,TB,TOR,Richie Palacios,680700,8.0,2B,Confirmed,3.1,,,,,0.73,0.08,,,,,0.7301318144789886,0.7200690860820868,0.06962392741330033,0.09725962685121693,0.4125159642401022,0.4071580097208376,0.019953567907384336,0.021237429023099254,,,0.41,0.31,0.22,1.11,0.02,0.55,0.09,0.01,0.0,0.301,0.5302013422818792,0.5671020713306469,0.089,,0.009,,0.0,,False,96.0,99.0,96.0,88.0,93.0,91.0,91.0,92.0,94.0,high,high,high,high,high,high,high,high,high,2026-07-22
hitter,TB,TOR,Hunter Feduccia,676439,9.0,C,Confirmed,2.9,,,,,0.92,0.17,,,,,0.8841311682065934,0.9509125833995525,0.1945471941428427,0.14650576057619286,0.3344051446945337,0.26968594137751833,0.021604631358988935,0.01226565022520736,,,0.3,0.23,0.17,0.81,0.02,0.44,0.08,0.01,0.0,0.251,0.4591194968553459,0.42661475686433925,0.084,,0.007,,0.0,,False,96.0,99.0,96.0,88.0,93.0,91.0,91.0,92.0,94.0,high,high,high,high,high,high,high,high,high,2026-07-22
hitter,ATL,SD,Drake Baldwin,686948,1.0,C,Confirmed,4.18,,,,,0.94,0.25,,,,,0.944814564553237,0.9390204158144693,0.2698037351392626,0.2282236696298969,1.0980834272829765,0.9719367790910091,0.14515320694387165,0.1496432640826135,,,1.03,0.36,0.24,1.23,0.15,1.73,0.15,0.01,0.0,0.227,1.914285714285714,1.5799003581090583,0.146,,0.008,,0.0,,False,96.0,99.0,96.0,88.0,93.0,91.0,91.0,92.0,94.0,high,high,high,high,high,high,high,high,high,2026-07-22
hitter,ATL,SD,Ozzie Albies,645277,2.0,2B,Confirmed,4.18,,,,,0.61,0.26,,,,,0.6164268539145498,0.5994575002168373,0.2702995115782002,0.25080846120969486,1.0980834272829765,1.0661195810187238,0.1259456916079782,0.1306356230841117,,,1.08,0.37,0.25,1.32,0.13,1.62,0.14,0.01,0.0,0.23,1.684375,1.5724260852698386,0.143,,0.011,,0.0,,False,96.0,99.0,96.0,88.0,93.0,91.0,91.0,92.0,94.0,high,high,high,high,high,high,high,high,high,2026-07-22
hitter,ATL,SD,Matt Olson,621566,3.0,1B,Confirmed,4.25,,,,,1.26,0.34,,,,,1.3181298085271507,1.198639407848719,0.3488377935391379,0.3389450181280508,0.994208494208494,0.9219760428214183,0.19187586675171217,0.19521447913061035,,,0.95,0.37,0.27,1.28,0.19,1.79,0.14,0.01,0.0,0.236,1.914285714285714,1.6850398867568561,0.144,,0.007,,0.0,,False,96.0,99.0,96.0,88.0,93.0,91.0,91.0,92.0,94.0,high,high,high,high,high,high,high,high,high,2026-07-22
hitter,ATL,SD,Michael Harris II,671739,4.0,CF,Confirmed,4.18,,,,,0.95,0.14,,,,,0.980567982706687,0.9195281795336108,0.14203306902098528,0.14175114336863365,1.0980834272829765,1.1038360872437496,0.15997071153081496,0.16908660694867347,,,1.1,0.34,0.28,1.31,0.16,1.85,0.14,0.01,0.0,0.208,1.914285714285714,1.7942637694500483,0.138,,0.007,,0.0,,False,96.0,99.0,96.0,88.0,93.0,91.0,91.0,92.0,94.0,high,high,high,high,high,high,high,high,high,2026-07-22
hitter,ATL,SD,Austin Riley,663586,5.0,3B,Confirmed,4.04,,,,,1.27,0.24,,,,,1.2655436167945615,1.281974182761484,0.22989358462897463,0.25581274314853086,1.0,0.912349202806073,0.18371060243703702,0.18764691622381496,,,0.95,0.35,0.27,1.26,0.19,1.82,0.13,0.01,0.0,0.226,1.914285714285714,1.73512427711865,0.13,,0.007,,0.0,,False,96.0,99.0,96.0,88.0,93.0,91.0,91.0,92.0,94.0,high,high,high,high,high,high,high,high,high,2026-07-22
hitter,ATL,SD,Mike Yastrzemski,573262,6.0,DH,Confirmed,3.54,,,,,0.92,0.27,,,,,0.9151236717583694,0.9292299107463163,0.2559181682779085,0.29377570603615805,0.801980198019802,0.717419506770503,0.1473808265394887,0.10898458687654956,,,0.76,0.23,0.18,0.82,0.13,1.26,0.11,0.01,0.0,0.204,1.3148148148148149,1.220989014236665,0.105,,0.006,,0.0,,False,96.0,99.0,96.0,88.0,93.0,91.0,91.0,92.0,94.0,high,high,high,high,high,high,high,high,high,2026-07-22
hitter,ATL,SD,Mauricio Dubón,643289,7.0,LF,Confirmed,4.08,,,,,0.53,0.2,,,,,0.48904723649774606,0.5612194206051601,0.19433948491993921,0.20248658129099606,1.0980834272829765,0.9871149118762135,0.06735840381101443,0.0888135286040365,,,1.04,0.31,0.25,1.26,0.08,1.42,0.17,0.01,0.0,0.222,1.4759615384615385,1.3746036978154623,0.169,,0.007,,0.0,,False,96.0,99.0,96.0,88.0,93.0,91.0,91.0,92.0,94.0,high,high,high,high,high,high,high,high,high,2026-07-22
hitter,ATL,SD,Jim Jarvis,805347,8.0,SS,Confirmed,3.49,,,,,0.9,0.13,,,,,0.7806212487682459,1.0220543380355516,0.13685789652272176,0.1169044825137818,0.801980198019802,0.7148150731648776,0.07913375542533047,0.0737844084805986,,,0.75,0.25,0.21,1.04,0.08,1.1,0.13,0.01,0.0,0.206,1.1521739130434783,1.05616889570587,0.128,,0.007,,0.0,,False,96.0,99.0,96.0,88.0,93.0,91.0,91.0,92.0,94.0,high,high,high,high,high,high,high,high,high,2026-07-22
hitter,ATL,SD,Brewer Hicklen,676551,9.0,RF,Confirmed,2.77,,,,,0.57,0.22,,,,,0.47257096817639377,0.6742347530587717,0.2528540856211581,0.19353937159959403,0.7715355805243446,0.6047205598250273,0.03182010789610543,0.025873206162666938,,,0.68,0.17,0.13,0.63,0.03,0.88,0.06,0.01,0.0,0.189,0.8408408408408409,0.9196696428799231,0.065,,0.008,,0.0,,False,96.0,99.0,96.0,88.0,93.0,91.0,91.0,92.0,94.0,high,high,high,high,high,high,high,high,high,2026-07-22
hitter,SD,ATL,Fernando Tatis Jr.,665487,1.0,RF,Confirmed,4.51,,,,,1.15,0.2,,,,,1.1580787836026443,1.1407315239445424,0.2096110947045667,0.1939778132387015,0.994208494208494,1.0527797422768925,0.06420382161539373,0.07719662785265738,,,1.03,0.63,0.48,2.21,0.07,1.41,0.21,0.01,0.0,0.355,1.3148148148148149,1.4855146579534013,0.211,,0.008,,0.0,,False,96.0,99.0,96.0,88.0,93.0,91.0,91.0,92.0,94.0,high,high,high,high,high,high,high,high,high,2026-07-22
hitter,SD,ATL,Luis Rengifo,650859,2.0,DH,Confirmed,2.55,,,,,0.44,0.12,,,,,0.48434262389262805,0.3990023979502893,0.14803048334346552,0.08728388726400911,0.7061469265367316,0.5211931293991692,0.06905316312512333,0.057401320699215753,,,0.6,0.32,0.24,1.2,0.06,1.0,0.11,0.01,0.0,0.317,1.239368165249089,0.7952966713790504,0.112,,0.007,,0.0,,False,96.0,99.0,96.0,88.0,93.0,91.0,91.0,92.0,94.0,high,high,high,high,high,high,high,high,high,2026-07-22
hitter,SD,ATL,Manny Machado,592518,3.0,3B,Confirmed,4.39,,,,,1.25,0.2,,,,,1.1936814495105244,1.3157028486263265,0.1982533018425123,0.2035513227307982,0.801980198019802,0.918845110003531,0.0611423083000678,0.045368702361158295,,,0.87,0.57,0.49,2.06,0.05,1.33,0.17,0.01,0.0,0.325,1.239368165249089,1.4006977897843351,0.174,,0.009,,0.0,,False,96.0,99.0,96.0,88.0,93.0,91.0,91.0,92.0,94.0,high,high,high,high,high,high,high,high,high,2026-07-22
hitter,SD,ATL,Ty France,664034,4.0,1B,Confirmed,3.96,,,,,0.97,0.09,,,,,0.9054100856986564,1.0297310617632875,0.10546557554363402,0.07036727696859445,0.7715355805243446,0.7820721480910582,0.043068844928509896,0.04336480166918919,,,0.78,0.52,0.48,1.99,0.04,1.03,0.16,0.01,0.0,0.317,1.001763668430335,1.060396459160663,0.157,,0.007,,0.0,,False,96.0,99.0,96.0,88.0,93.0,91.0,91.0,92.0,94.0,high,high,high,high,high,high,high,high,high,2026-07-22
hitter,SD,ATL,Jackson Merrill,701538,5.0,CF,Confirmed,4.18,,,,,1.29,0.1,,,,,1.2405964369767157,1.3370826982085633,0.10961262933363164,0.09520817062421254,0.7715355805243446,0.8345337377189636,0.05091075836884611,0.061293728972612545,,,0.81,0.54,0.5,2.04,0.06,1.26,0.2,0.01,0.0,0.317,1.239368165249089,1.282559484667414,0.197,,0.012,,0.0,,False,96.0,99.0,96.0,88.0,93.0,91.0,91.0,92.0,94.0,high,high,high,high,high,high,high,high,high,2026-07-22
hitter,SD,ATL,Luis Campusano,669134,6.0,C,Confirmed,3.19,,,,,1.16,0.13,,,,,1.1873875591266354,1.138479506922187,0.15067457038666845,0.10794620624528994,0.4803149606299212,0.45035151020285363,0.03423355197279404,0.0372051737445722,,,0.46,0.35,0.33,1.39,0.04,0.75,0.12,0.01,0.0,0.319,0.7899761336515513,0.7146108819427678,0.116,,0.007,,0.0,,False,96.0,99.0,96.0,88.0,93.0,91.0,91.0,92.0,94.0,high,high,high,high,high,high,high,high,high,2026-07-22
hitter,SD,ATL,Xander Bogaerts,593428,7.0,SS,Confirmed,4.25,,,,,0.87,0.54,,,,,0.8266503208275235,0.9089043385729813,0.5454412180051653,0.537341634120761,0.7061469265367316,0.7273579646980907,0.03149758083086934,0.032155609887380775,,,0.72,0.47,0.39,1.86,0.03,0.98,0.18,0.01,0.0,0.322,1.001763668430335,0.9612926643552665,0.181,,0.009,,0.0,,False,96.0,99.0,96.0,88.0,93.0,91.0,91.0,92.0,94.0,high,high,high,high,high,high,high,high,high,2026-07-22
hitter,SD,ATL,Jake Cronenworth,630105,8.0,2B,Confirmed,3.32,,,,,0.97,0.15,,,,,0.9492958734110223,0.9962758313638084,0.16399980949811957,0.13564613839394435,0.5846774193548387,0.5725609785204473,0.031193303540728447,0.015345554095886352,,,0.58,0.39,0.32,1.51,0.02,0.81,0.16,0.01,0.0,0.341,0.7899761336515513,0.820591014234007,0.16,,0.008,,0.0,,False,96.0,99.0,96.0,88.0,93.0,91.0,91.0,92.0,94.0,high,high,high,high,high,high,high,high,high,2026-07-22
hitter,SD,ATL,Jase Bowen,687749,9.0,LF,Confirmed,2.55,,,,,1.02,0.08,,,,,1.0394838010396938,0.9940356862247218,0.09243587282065543,0.06918132861325947,0.35424354243542433,0.3031632053961437,0.022943090749772282,0.0028073476640127133,,,0.33,0.24,0.2,0.97,0.01,0.46,0.11,0.01,0.0,0.272,0.4591194968553459,0.4653958446937433,0.113,,0.007,,0.0,,False,96.0,99.0,96.0,88.0,93.0,91.0,91.0,92.0,94.0,high,high,high,high,high,high,high,high,high,2026-07-22
hitter,TEX,CWS,Wyatt Langford,694671,1.0,DH,Confirmed,4.39,,,,,1.23,0.37,,,,,1.2623324352773468,1.1878223967305346,0.36683283284699897,0.37436023375919647,1.0980834272829765,1.0814430228099945,0.19055021369720362,0.17995683047678213,,,1.09,0.43,0.26,1.33,0.19,1.97,0.1,0.01,0.0,0.265,2.057017543859649,1.8992609914076408,0.105,,0.008,,0.0,,False,96.0,99.0,96.0,88.0,93.0,91.0,91.0,92.0,94.0,high,high,high,high,high,high,high,high,high,2026-07-22
hitter,TEX,CWS,Justin Foscue,679822,2.0,2B,Confirmed,1.84,,,,,0.37,0.14,,,,,0.3440348112688921,0.3915413113645162,0.1657506865407548,0.10909859510307725,0.4125159642401022,0.3092189101972088,0.08529237326132694,0.042134132553944305,,,0.36,0.16,0.1,0.51,0.06,0.6,0.07,0.01,0.0,0.235,0.7899761336515513,0.4514804211500263,0.066,,0.007,,0.0,,False,96.0,99.0,96.0,88.0,93.0,91.0,91.0,92.0,94.0,high,high,high,high,high,high,high,high,high,2026-07-22
hitter,TEX,CWS,Jake Burger,669394,3.0,1B,Confirmed,3.81,,,,,0.8,0.24,,,,,0.746143607197411,0.8496579254614832,0.24968881959393632,0.22368700534149633,0.707983193277311,0.7104581213956139,0.15121676019301436,0.14624584473739927,,,0.71,0.29,0.22,0.98,0.15,1.3,0.12,0.01,0.0,0.202,1.3148148148148149,1.2932144569021589,0.118,,0.007,,0.0,,False,96.0,99.0,96.0,88.0,93.0,91.0,91.0,92.0,94.0,high,high,high,high,high,high,high,high,high,2026-07-22
hitter,TEX,CWS,Brandon Nimmo,607043,4.0,RF,Confirmed,4.03,,,,,0.7,0.29,,,,,0.6315414962165992,0.7653578565723677,0.30354517339995535,0.28042906214247365,0.801980198019802,0.7949667351911376,0.1265836812024417,0.12071451298603478,,,0.8,0.32,0.23,1.08,0.12,1.38,0.13,0.01,0.0,0.219,1.3893129770992367,1.3801312708911524,0.132,,0.01,,0.0,,False,96.0,99.0,96.0,88.0,93.0,91.0,91.0,92.0,94.0,high,high,high,high,high,high,high,high,high,2026-07-22
hitter,TEX,CWS,Ezequiel Duran,677649,5.0,3B,Confirmed,3.49,,,,,0.61,0.17,,,,,0.5586870300462482,0.6633338540036601,0.18536059772375657,0.1616667158479739,0.7061469265367316,0.5749635862562973,0.04932949906380797,0.05521450596004441,,,0.63,0.23,0.17,0.82,0.05,0.96,0.1,0.01,0.0,0.184,1.001763668430335,0.93092126539588,0.104,,0.012,,0.0,,False,96.0,99.0,96.0,88.0,93.0,91.0,91.0,92.0,94.0,high,high,high,high,high,high,high,high,high,2026-07-22
hitter,TEX,CWS,Cam Cauley,695508,6.0,CF,Confirmed,2.77,,,,,0.53,0.18,,,,,0.520070779143452,0.5357745485958458,0.21514624452040945,0.15177956722635036,0.5290322580645161,0.4737543752477587,0.04317876460023227,0.04850841521755482,,,0.5,0.19,0.14,0.69,0.05,0.75,0.11,0.01,0.0,0.23,0.7899761336515513,0.7161710515471192,0.108,,0.01,,0.0,,False,96.0,99.0,96.0,88.0,93.0,91.0,91.0,92.0,94.0,high,high,high,high,high,high,high,high,high,2026-07-22
hitter,TEX,CWS,Elias Díaz,553869,7.0,C,Confirmed,3.1,,,,,0.63,0.16,,,,,0.6003145173826608,0.6648865439594824,0.17356289636084588,0.13887782883680636,0.6434108527131783,0.5372819965072693,0.09458115406617731,0.08145568857525577,,,0.59,0.21,0.16,0.78,0.09,0.92,0.1,0.01,0.0,0.209,1.001763668430335,0.8602428727239283,0.103,,0.008,,0.0,,False,96.0,99.0,96.0,88.0,93.0,91.0,91.0,92.0,94.0,high,high,high,high,high,high,high,high,high,2026-07-22
hitter,TEX,CWS,Alejandro Osuna,696030,8.0,LF,Confirmed,3.48,,,,,0.47,0.22,,,,,0.458105512649741,0.4773626817303148,0.23011035988187234,0.21226506395512182,0.6434108527131783,0.5689109581784457,0.061968265605321114,0.06415046832666328,,,0.6,0.22,0.15,0.79,0.06,0.97,0.11,0.01,0.0,0.2,1.001763668430335,0.9388231025165427,0.11,,0.009,,0.0,,False,96.0,99.0,96.0,88.0,93.0,91.0,91.0,92.0,94.0,high,high,high,high,high,high,high,high,high,2026-07-22
hitter,TEX,CWS,Nicky Lopez,670032,9.0,SS,Confirmed,3.09,,,,,0.42,0.17,,,,,0.40094952842554565,0.4409512299538184,0.17340276907783092,0.1606837316780661,0.5846774193548387,0.514194564084135,0.04073405390159808,0.03607993806248216,,,0.55,0.2,0.15,0.76,0.04,0.81,0.1,0.01,0.0,0.197,0.8408408408408409,0.7919052666165887,0.1,,0.007,,0.0,,False,96.0,99.0,96.0,88.0,93.0,91.0,91.0,92.0,94.0,high,high,high,high,high,high,high,high,high,2026-07-22
hitter,CWS,TEX,Sam Antonacci,803011,1.0,LF,Confirmed,4.18,,,,,0.41,0.23,,,,,0.43009104830024136,0.39592647576965845,0.24427423620295186,0.2229042446536365,1.1391752577319587,1.068213571961686,0.2203454230766671,0.2031413791331768,,,1.1,0.51,0.4,2.01,0.21,1.92,0.19,0.01,0.0,0.302,2.057017543859649,1.8039859709053867,0.186,,0.013,,0.0,,False,96.0,99.0,96.0,88.0,93.0,91.0,91.0,92.0,94.0,high,high,high,high,high,high,high,high,high,2026-07-22
hitter,CWS,TEX,Munetaka Murakami,808959,2.0,1B,Confirmed,4.18,,,,,0.68,0.42,,,,,0.5232427968141334,0.8316884635024225,0.4026593402657148,0.4301607732780201,0.801980198019802,0.773803078104527,0.05101083874311478,0.08278846995946168,,,0.79,0.47,0.36,1.63,0.07,1.14,0.15,0.01,0.0,0.287,1.1521739130434783,1.136495203700846,0.149,,0.01,,0.0,,False,96.0,99.0,96.0,88.0,93.0,91.0,91.0,92.0,94.0,high,high,high,high,high,high,high,high,high,2026-07-22
hitter,CWS,TEX,Miguel Vargas,678246,3.0,3B,Confirmed,4.25,,,,,0.47,0.36,,,,,0.49846534815614196,0.44558040071179034,0.36068400404955014,0.3647219817717654,1.0980834272829765,1.072783104818524,0.42706922170478856,0.45917134064590687,,,1.08,0.53,0.48,2.0,0.44,2.51,0.16,0.01,0.0,0.305,2.456692913385827,2.562478962112677,0.158,,0.009,,0.0,,False,96.0,99.0,96.0,88.0,93.0,91.0,91.0,92.0,94.0,high,high,high,high,high,high,high,high,high,2026-07-22
hitter,CWS,TEX,Colson Montgomery,695657,4.0,SS,Confirmed,3.96,,,,,0.76,0.3,,,,,0.6664531773054162,0.845018716050154,0.3048498869697416,0.2853102796534967,0.994208494208494,0.8848995324995281,0.5443566972697682,0.4980449127088626,,,0.93,0.42,0.37,1.5,0.52,2.42,0.13,0.01,0.0,0.261,2.456692913385827,2.3924695051952707,0.131,,0.008,,0.0,,False,96.0,99.0,96.0,88.0,93.0,91.0,91.0,92.0,94.0,high,high,high,high,high,high,high,high,high,2026-07-22
hitter,CWS,TEX,Braden Montgomery,695731,5.0,RF,Confirmed,3.89,,,,,0.58,0.26,,,,,0.5235294482419204,0.6320405632675296,0.27783547239992823,0.2499262575279872,1.0980834272829765,0.9154610237102396,0.2932486499795926,0.2813730353955143,,,1.0,0.42,0.37,1.66,0.29,1.98,0.16,0.01,0.0,0.269,2.057017543859649,1.917150861704273,0.159,,0.009,,0.0,,False,96.0,99.0,96.0,88.0,93.0,91.0,91.0,92.0,94.0,high,high,high,high,high,high,high,high,high,2026-07-22
hitter,CWS,TEX,Chase Meidroth,805367,6.0,2B,Confirmed,3.93,,,,,0.48,0.23,,,,,0.4949572957957564,0.460503897450474,0.24529685789465466,0.22173943588077236,1.0980834272829765,0.956004582946417,0.1665864323621297,0.15396443733947623,,,1.02,0.34,0.33,1.47,0.16,1.74,0.13,0.01,0.0,0.244,1.914285714285714,1.5955155444584364,0.134,,0.011,,0.0,,False,96.0,99.0,96.0,88.0,93.0,91.0,91.0,92.0,94.0,high,high,high,high,high,high,high,high,high,2026-07-22
hitter,CWS,TEX,Andrew Benintendi,643217,7.0,DH,Confirmed,3.49,,,,,0.44,0.21,,,,,0.463334393958979,0.4183399874676449,0.2234066341219684,0.18724372519545585,0.801980198019802,0.7424465054826254,0.31790924452571295,0.3190524150442084,,,0.77,0.32,0.27,1.29,0.32,1.87,0.16,0.01,0.0,0.264,1.914285714285714,1.840325841079756,0.156,,0.009,,0.0,,False,96.0,99.0,96.0,88.0,93.0,91.0,91.0,92.0,94.0,high,high,high,high,high,high,high,high,high,2026-07-22
hitter,CWS,TEX,Edgar Quero,700337,8.0,C,Confirmed,3.02,,,,,0.47,0.08,,,,,0.4710850270947967,0.46310028721848506,0.08666191553291927,0.0695026933039035,0.5846774193548387,0.5051943170823526,0.06023273022696682,0.04502029533714269,,,0.54,0.27,0.24,1.16,0.05,0.88,0.15,0.01,0.0,0.258,0.9875776397515532,0.7914234588960221,0.148,,0.009,,0.0,,False,96.0,99.0,96.0,88.0,93.0,91.0,91.0,92.0,94.0,high,high,high,high,high,high,high,high,high,2026-07-22
hitter,CWS,TEX,Tristan Peters,671976,9.0,CF,Confirmed,3.33,,,,,0.39,0.17,,,,,0.39894096898020115,0.3728837316706945,0.19193976859430797,0.15390022828355793,0.8770949720670391,0.6891642535203063,0.13258837105347532,0.15935224316647092,,,0.77,0.29,0.25,1.26,0.15,1.27,0.14,0.01,0.0,0.254,1.3893129770992367,1.1755590983603872,0.135,,0.011,,0.0,,False,96.0,99.0,96.0,88.0,93.0,91.0,91.0,92.0,94.0,high,high,high,high,high,high,high,high,high,2026-07-22
hitter,CHC,DET,Pete Crow-Armstrong,691718,1.0,CF,Confirmed,4.25,,,,,0.9,0.43,,,,,0.8980878428387763,0.903072695724172,0.39887076995880877,0.4656887235611526,0.801980198019802,0.838941965217601,0.06697074609974604,0.04885831796534587,,,0.82,0.39,0.29,1.48,0.06,1.35,0.21,0.01,0.0,0.233,1.3148148148148149,1.3770042034714265,0.212,,0.009,,0.0,,False,96.0,99.0,96.0,88.0,93.0,91.0,91.0,92.0,94.0,high,high,high,high,high,high,high,high,high,2026-07-22
hitter,CHC,DET,Seiya Suzuki,673548,2.0,RF,Confirmed,4.25,,,,,0.91,0.56,,,,,0.9019311047186798,0.9210996981201779,0.5855480395524871,0.5297523818703556,0.801980198019802,0.7996587295959785,0.05470545184032194,0.04751421046509488,,,0.8,0.43,0.31,1.6,0.05,1.22,0.17,0.01,0.0,0.257,1.239368165249089,1.2028991922389316,0.168,,0.008,,0.0,,False,96.0,99.0,96.0,88.0,93.0,91.0,91.0,92.0,94.0,high,high,high,high,high,high,high,high,high,2026-07-22
hitter,CHC,DET,Michael Busch,683737,3.0,1B,Confirmed,4.25,,,,,0.92,0.59,,,,,0.9088714842062025,0.9237312879217777,0.628353771132831,0.5522049436357086,0.7715355805243446,0.8144000406700367,0.0507064702869766,0.03553764344283201,,,0.8,0.41,0.33,1.54,0.04,1.02,0.15,0.01,0.0,0.252,1.001763668430335,1.0405881001993382,0.149,,0.007,,0.0,,False,96.0,99.0,96.0,88.0,93.0,91.0,91.0,92.0,94.0,high,high,high,high,high,high,high,high,high,2026-07-22
hitter,CHC,DET,Alex Bregman,608324,4.0,3B,Confirmed,4.18,,,,,0.52,0.55,,,,,0.546545793298506,0.4877508617572115,0.564739440254372,0.5355658745934354,0.8694581280788177,0.852728005760901,0.05027399205630998,0.03637854244221109,,,0.86,0.44,0.35,1.67,0.04,1.18,0.16,0.01,0.0,0.273,1.239368165249089,1.131937265739249,0.161,,0.007,,0.0,,False,96.0,99.0,96.0,88.0,93.0,91.0,91.0,92.0,94.0,high,high,high,high,high,high,high,high,high,2026-07-22
hitter,CHC,DET,Ian Happ,664023,5.0,LF,Confirmed,4.18,,,,,0.9,0.59,,,,,0.8896883720380254,0.9124887683168554,0.6175386449232881,0.5568501855788789,0.7715355805243446,0.7520965687826779,0.06596979649146359,0.04327886540083252,,,0.76,0.4,0.33,1.53,0.05,1.21,0.17,0.01,0.0,0.246,1.239368165249089,1.1782510615061699,0.168,,0.007,,0.0,,False,96.0,99.0,96.0,88.0,93.0,91.0,91.0,92.0,94.0,high,high,high,high,high,high,high,high,high,2026-07-22
hitter,CHC,DET,Nico Hoerner,663538,6.0,2B,Confirmed,4.25,,,,,0.29,0.28,,,,,0.2652586382059783,0.3163434261153066,0.2783839672145789,0.28654845710716353,1.0980834272829765,1.0005524057047774,0.03117830424782777,0.020204855425344087,,,1.04,0.39,0.38,1.76,0.03,1.19,0.2,0.01,0.0,0.261,1.239368165249089,1.150813824484682,0.199,,0.011,,0.0,,False,96.0,99.0,96.0,88.0,93.0,91.0,91.0,92.0,94.0,high,high,high,high,high,high,high,high,high,2026-07-22
hitter,CHC,DET,Michael Conforto,624424,7.0,DH,Confirmed,3.02,,,,,0.99,0.3,,,,,0.9768557324625126,1.0095440789562473,0.2879358245628806,0.3079624016615095,0.35424354243542433,0.33064811332904764,0.031483566130739465,0.02012779667964347,,,0.34,0.21,0.17,0.86,0.03,0.52,0.1,0.01,0.0,0.206,0.5302013422818792,0.5077366619568112,0.101,,0.007,,0.0,,False,96.0,99.0,96.0,88.0,93.0,91.0,91.0,92.0,94.0,high,high,high,high,high,high,high,high,high,2026-07-22
hitter,CHC,DET,Carson Kelly,608348,8.0,C,Confirmed,3.54,,,,,0.55,0.42,,,,,0.559067496976752,0.5450229559216881,0.44463558897191136,0.3884781633379552,0.707983193277311,0.5973244649293906,0.036663996021633095,0.026106959480614398,,,0.65,0.31,0.25,1.26,0.03,0.91,0.16,0.01,0.0,0.257,0.9875776397515532,0.8445441599232196,0.163,,0.008,,0.0,,False,96.0,99.0,96.0,88.0,93.0,91.0,91.0,92.0,94.0,high,high,high,high,high,high,high,high,high,2026-07-22
hitter,CHC,DET,Dansby Swanson,621020,9.0,SS,Confirmed,3.96,,,,,0.85,0.42,,,,,0.8217602353543823,0.8718923385739151,0.46403068234030964,0.37602144890650857,0.7715355805243446,0.6692019826324866,0.05115365773691613,0.04611996906587953,,,0.72,0.34,0.28,1.42,0.05,0.98,0.16,0.01,0.0,0.246,1.001763668430335,0.9599295846783694,0.164,,0.008,,0.0,,False,96.0,99.0,96.0,88.0,93.0,91.0,91.0,92.0,94.0,high,high,high,high,high,high,high,high,high,2026-07-22
hitter,DET,CHC,Kevin McGonigle,805808,1.0,3B,Confirmed,4.74,,,,,0.7,0.51,,,,,0.658734598857604,0.736902773031421,0.502888511080115,0.5152832952785678,1.0980834272829765,1.141238967263514,0.17024934289816784,0.1660594655237308,,,1.12,0.7,0.47,2.27,0.17,1.86,0.21,0.01,0.0,0.392,1.914285714285714,1.8148905528121293,0.214,,0.007,,0.0,,False,96.0,99.0,96.0,88.0,93.0,91.0,91.0,92.0,94.0,high,high,high,high,high,high,high,high,high,2026-07-22
hitter,DET,CHC,Dillon Dingler,693307,2.0,C,Confirmed,4.57,,,,,1.09,0.22,,,,,1.0018338878996587,1.171750903927583,0.22448334292443223,0.21448075251353185,1.0980834272829765,1.1626242791224646,0.1710025265316882,0.18665063960974146,,,1.13,0.55,0.43,1.98,0.18,1.92,0.21,0.01,0.0,0.305,1.914285714285714,1.9290199696810755,0.207,,0.014,,0.0,,False,96.0,99.0,96.0,88.0,93.0,91.0,91.0,92.0,94.0,high,high,high,high,high,high,high,high,high,2026-07-22
hitter,DET,CHC,Colt Keith,690993,3.0,3B,Confirmed,3.33,,,,,0.73,0.19,,,,,0.7043385178470594,0.746571364172823,0.1959661161424263,0.17710730567377408,0.801980198019802,0.6888585744101826,0.10850246043329564,0.09548342943674783,,,0.74,0.41,0.35,1.46,0.1,1.16,0.13,0.01,0.0,0.313,1.239368165249089,1.092011063398685,0.132,,0.01,,0.0,,False,96.0,99.0,96.0,88.0,93.0,91.0,91.0,92.0,94.0,high,high,high,high,high,high,high,high,high,2026-07-22
hitter,DET,CHC,Riley Greene,682985,4.0,LF,Confirmed,4.68,,,,,1.3,0.34,,,,,1.2327086986407165,1.368725044886546,0.325973795726617,0.3511301914917798,1.0980834272829765,1.0721645230744692,0.22360229683638183,0.24590546383032294,,,1.08,0.62,0.53,2.16,0.23,2.04,0.19,0.01,0.0,0.336,2.057017543859649,2.03471380066742,0.193,,0.009,,0.0,,False,96.0,99.0,96.0,88.0,93.0,91.0,91.0,92.0,94.0,high,high,high,high,high,high,high,high,high,2026-07-22
hitter,DET,CHC,Spencer Torkelson,679529,5.0,1B,Confirmed,4.51,,,,,1.23,0.42,,,,,1.1899886225030423,1.2631568321214237,0.4203782188806998,0.4137115990185957,0.994208494208494,1.016517193408629,0.18325174905457067,0.2116281381453961,,,1.01,0.56,0.46,1.91,0.2,1.83,0.18,0.01,0.0,0.322,1.914285714285714,1.7626092016820742,0.182,,0.011,,0.0,,False,96.0,99.0,96.0,88.0,93.0,91.0,91.0,92.0,94.0,high,high,high,high,high,high,high,high,high,2026-07-22
hitter,DET,CHC,Kerry Carpenter,681481,6.0,DH,Confirmed,4.25,,,,,1.03,0.23,,,,,0.9349092851117886,1.126029971758163,0.23475403637172423,0.23338516787501498,0.8694581280788177,0.9074909134505528,0.20879685931235342,0.2045987084099248,,,0.89,0.46,0.47,1.8,0.21,1.58,0.16,0.01,0.0,0.31,1.4759615384615385,1.6585736230397585,0.156,,0.01,,0.0,,False,96.0,99.0,96.0,88.0,93.0,91.0,91.0,92.0,94.0,high,high,high,high,high,high,high,high,high,2026-07-22
hitter,DET,CHC,Zach McKinstry,656716,7.0,SS,Confirmed,3.96,,,,,0.74,0.25,,,,,0.6978695644344202,0.7769686617849026,0.261000767190679,0.23390189804354836,0.994208494208494,0.9000286048710527,0.09956266969635119,0.10390107672016327,,,0.94,0.42,0.35,1.65,0.1,1.42,0.17,0.02,0.0,0.315,1.4157766934277654,1.4220873321220677,0.171,,0.023,,0.0,,False,96.0,99.0,96.0,88.0,93.0,91.0,91.0,92.0,94.0,high,high,high,high,high,high,high,high,high,2026-07-22
hitter,DET,CHC,Hao-Yu Lee,701678,8.0,2B,Confirmed,3.49,,,,,0.92,0.19,,,,,0.8529137740417418,0.9872971197921255,0.1975116682103059,0.18400813307647906,0.801980198019802,0.7279283378952404,0.11004732295708577,0.1034945643208666,,,0.76,0.35,0.3,1.36,0.11,1.24,0.15,0.01,0.0,0.292,1.3148148148148149,1.1781239618401167,0.15,,0.011,,0.0,,False,96.0,99.0,96.0,88.0,93.0,91.0,91.0,92.0,94.0,high,high,high,high,high,high,high,high,high,2026-07-22
hitter,DET,CHC,James Outman,681546,9.0,CF,Confirmed,3.33,,,,,1.09,0.19,,,,,1.0999634438249566,1.0822539921170014,0.19751796733504215,0.1886581585171409,0.7061469265367316,0.586318641479043,0.12318537085695735,0.11997883232364326,,,0.64,0.32,0.27,1.18,0.12,1.09,0.13,0.01,0.0,0.284,1.1238670694864048,1.0681147333066572,0.131,,0.008,,0.0,,False,96.0,99.0,96.0,88.0,93.0,91.0,91.0,92.0,94.0,high,high,high,high,high,high,high,high,high,2026-07-22
hitter,HOU,MIA,Jeremy Peña,665161,1.0,SS,Confirmed,3.89,,,,,1.22,0.42,,,,,1.2498292027163476,1.195011943040584,0.4270582640525181,0.40395507704608935,0.6434108527131783,0.5522186751713312,0.042866280712771085,0.040095674064821465,,,0.59,0.36,0.28,1.45,0.04,0.8,0.16,0.01,0.0,0.228,0.8408408408408409,0.7733344352476199,0.16,,0.008,,0.0,,False,96.0,99.0,96.0,88.0,93.0,91.0,91.0,92.0,94.0,high,high,high,high,high,high,high,high,high,2026-07-22
hitter,HOU,MIA,Yordan Alvarez,670541,2.0,LF,Confirmed,4.04,,,,,0.6,0.57,,,,,0.6281821014390031,0.5680915620844539,0.6190841086856809,0.5255913410369792,1.1391752577319587,1.069522484897163,0.42289415054131935,0.368592029692844,,,1.1,0.37,0.29,1.43,0.4,2.57,0.14,0.01,0.0,0.228,2.75,2.4235461033661365,0.137,,0.009,,0.0,,False,96.0,99.0,96.0,88.0,93.0,91.0,91.0,92.0,94.0,high,high,high,high,high,high,high,high,high,2026-07-22
hitter,HOU,MIA,Isaac Paredes,670623,3.0,3B,Confirmed,3.96,,,,,0.49,0.32,,,,,0.529481337320912,0.4554774036055736,0.3255486931124072,0.3095174792741147,1.0980834272829765,1.0091468130482355,0.2524692706070067,0.19796216497952776,,,1.05,0.36,0.32,1.48,0.23,1.93,0.16,0.01,0.0,0.221,2.057017543859649,1.8235264393401396,0.156,,0.009,,0.0,,False,96.0,99.0,96.0,88.0,93.0,91.0,91.0,92.0,94.0,high,high,high,high,high,high,high,high,high,2026-07-22
hitter,HOU,MIA,LaMonte Wade Jr.,664774,4.0,RF,Confirmed,3.02,,,,,0.6,0.26,,,,,0.5963911505200588,0.6066272831429307,0.3061769418277278,0.21128351869293038,0.801980198019802,0.6173852069896851,0.1222590447613712,0.11890971133316453,,,0.7,0.2,0.17,0.77,0.12,1.17,0.08,0.01,0.0,0.165,1.3148148148148149,1.0589031840670922,0.083,,0.011,,0.0,,False,96.0,99.0,96.0,88.0,93.0,91.0,91.0,92.0,94.0,high,high,high,high,high,high,high,high,high,2026-07-22
hitter,HOU,MIA,Yainer Diaz,673237,5.0,DH,Confirmed,3.81,,,,,0.51,0.19,,,,,0.5301203998928693,0.4830258900915641,0.1923709495695367,0.18731495206774132,1.0980834272829765,1.0557774959160886,0.21142509213623653,0.19431009956144854,,,1.07,0.35,0.32,1.47,0.2,1.92,0.12,0.01,0.0,0.219,2.057017543859649,1.802294653598417,0.119,,0.008,,0.0,,False,96.0,99.0,96.0,88.0,93.0,91.0,91.0,92.0,94.0,high,high,high,high,high,high,high,high,high,2026-07-22
hitter,HOU,MIA,Christian Walker,572233,6.0,1B,Confirmed,3.81,,,,,0.78,0.27,,,,,0.761479141210864,0.7970306634945159,0.29679839871516,0.24574224256231977,1.0980834272829765,1.034591089862668,0.3324258681703056,0.28478249922004395,,,1.06,0.28,0.29,1.27,0.31,2.18,0.13,0.01,0.0,0.203,2.456692913385827,1.9534555190148069,0.127,,0.007,,0.0,,False,96.0,99.0,96.0,88.0,93.0,91.0,91.0,92.0,94.0,high,high,high,high,high,high,high,high,high,2026-07-22
hitter,HOU,MIA,Lucas Spence,828599,7.0,CF,Confirmed,2.55,,,,,0.92,0.08,,,,,0.9056206945200463,0.9378970869896163,0.09275229345679327,0.05790825042252693,0.5290322580645161,0.47066945787934,0.02485176030237444,0.011604251371646468,,,0.5,0.15,0.13,0.63,0.02,0.63,0.08,0.01,0.0,0.166,0.6720588235294118,0.6021054675884712,0.083,,0.008,,0.0,,False,96.0,99.0,96.0,88.0,93.0,91.0,91.0,92.0,94.0,high,high,high,high,high,high,high,high,high,2026-07-22
hitter,HOU,MIA,Nick Allen,669397,8.0,2B,Confirmed,3.54,,,,,1.13,0.14,,,,,0.9823309905469843,1.271464289840493,0.14694451718245238,0.1374687152317457,0.7061469265367316,0.6167257117292784,0.06112885551399399,0.10837913528418136,,,0.66,0.27,0.24,1.21,0.08,1.07,0.09,0.01,0.0,0.21,1.1238670694864048,1.0310167388584206,0.095,,0.008,,0.0,,False,96.0,99.0,96.0,88.0,93.0,91.0,91.0,92.0,94.0,high,high,high,high,high,high,high,high,high,2026-07-22
hitter,HOU,MIA,Christian Vázquez,543877,9.0,C,Confirmed,3.49,,,,,0.89,0.13,,,,,0.8598337146984967,0.9124695749439119,0.1454600577939657,0.11593561833334232,0.801980198019802,0.7069232101392864,0.12670526680669086,0.13502666463338792,,,0.75,0.3,0.26,1.33,0.13,1.27,0.12,0.01,0.0,0.235,1.3148148148148149,1.2324497710522562,0.124,,0.008,,0.0,,False,96.0,99.0,96.0,88.0,93.0,91.0,91.0,92.0,94.0,high,high,high,high,high,high,high,high,high,2026-07-22
hitter,MIA,HOU,Otto Lopez,672640,1.0,SS,Confirmed,4.18,,,,,0.37,0.31,,,,,0.40342592762919494,0.33451270413890144,0.3261996811622525,0.3021189896385198,1.607843137254902,1.3183253862934636,0.22248096169988738,0.1948312439664108,,,1.45,0.38,0.29,1.47,0.21,2.02,0.11,0.01,0.0,0.222,2.057017543859649,1.9900947920672052,0.112,,0.008,,0.0,,False,96.0,99.0,96.0,88.0,93.0,91.0,91.0,92.0,94.0,high,high,high,high,high,high,high,high,high,2026-07-22
hitter,MIA,HOU,Kyle Stowers,669065,2.0,1B,Confirmed,3.89,,,,,1.37,0.47,,,,,1.4325208663641644,1.3086375708875058,0.5023476105373426,0.4418394549120687,0.994208494208494,0.8870969408836893,0.33006552414313334,0.2957392585181082,,,0.94,0.33,0.22,1.13,0.31,1.95,0.11,0.01,0.0,0.222,2.057017543859649,1.8673309241140685,0.115,,0.007,,0.0,,False,96.0,99.0,96.0,88.0,93.0,91.0,91.0,92.0,94.0,high,high,high,high,high,high,high,high,high,2026-07-22
hitter,MIA,HOU,Heriberto Hernández,681715,3.0,LF,Confirmed,3.81,,,,,0.7,0.4,,,,,0.7084728109042,0.6827970206852342,0.4058620036666628,0.3897095155701304,1.1391752577319587,0.9853195237604659,0.2499795835779971,0.237132583938554,,,1.05,0.28,0.23,1.04,0.24,1.91,0.11,0.01,0.0,0.193,2.057017543859649,1.7950391178800396,0.11,,0.007,,0.0,,False,96.0,99.0,96.0,88.0,93.0,91.0,91.0,92.0,94.0,high,high,high,high,high,high,high,high,high,2026-07-22
hitter,MIA,HOU,Xavier Edwards,669364,4.0,2B,Confirmed,4.18,,,,,0.35,0.44,,,,,0.3928024962271661,0.30375616474439904,0.44788758570490583,0.4223661535623957,1.607843137254902,1.2697989992796448,0.12059414811284952,0.09031130742233284,,,1.42,0.39,0.32,1.51,0.11,1.87,0.13,0.01,0.0,0.241,2.057017543859649,1.7122476044298884,0.133,,0.008,,0.0,,False,96.0,99.0,96.0,88.0,93.0,91.0,91.0,92.0,94.0,high,high,high,high,high,high,high,high,high,2026-07-22
hitter,MIA,HOU,Liam Hicks,689414,5.0,DH,Confirmed,4.14,,,,,0.31,0.48,,,,,0.36053174058221615,0.25939036046906944,0.49396294568047305,0.4666188118331308,1.1702127659574468,1.0251508265843985,0.11352601850629554,0.09250131800019741,,,1.09,0.36,0.28,1.34,0.1,1.72,0.12,0.01,0.0,0.224,1.914285714285714,1.5682943280610044,0.12,,0.008,,0.0,,False,96.0,99.0,96.0,88.0,93.0,91.0,91.0,92.0,94.0,high,high,high,high,high,high,high,high,high,2026-07-22
hitter,MIA,HOU,Griffin Conine,665052,6.0,RF,Confirmed,3.81,,,,,0.79,0.51,,,,,0.8293788412603955,0.7551121698455983,0.5508057763377888,0.4620688747850334,1.0980834272829765,0.9521071168440376,0.19195777691393784,0.1773251138172169,,,1.02,0.26,0.22,1.01,0.18,1.85,0.11,0.01,0.0,0.205,2.057017543859649,1.687235161359176,0.11,,0.008,,0.0,,False,96.0,99.0,96.0,88.0,93.0,91.0,91.0,92.0,94.0,high,high,high,high,high,high,high,high,high,2026-07-22
hitter,MIA,HOU,Javier Sanoja,691594,7.0,3B,Confirmed,3.1,,,,,0.26,0.23,,,,,0.3098899354443311,0.21058688371763523,0.25032857812935694,0.20367740142306207,1.0980834272829765,0.8837415708245457,0.07904296072227734,0.08865003634083155,,,0.98,0.28,0.24,1.23,0.08,1.44,0.15,0.01,0.0,0.26,1.684375,1.248249687203746,0.147,,0.009,,0.0,,False,96.0,99.0,96.0,88.0,93.0,91.0,91.0,92.0,94.0,high,high,high,high,high,high,high,high,high,2026-07-22
hitter,MIA,HOU,Joe Mack,691788,8.0,C,Confirmed,3.1,,,,,0.54,0.32,,,,,0.5591235450747891,0.5280068646897056,0.3676009434077112,0.27707485953994715,1.0980834272829765,0.7566396283290286,0.22792459942792154,0.18137871647551743,,,0.91,0.19,0.16,0.76,0.2,1.71,0.1,0.01,0.0,0.185,2.057017543859649,1.4200682052347338,0.099,,0.007,,0.0,,False,96.0,99.0,96.0,88.0,93.0,91.0,91.0,92.0,94.0,high,high,high,high,high,high,high,high,high,2026-07-22
hitter,MIA,HOU,Esteury Ruiz,665923,9.0,CF,Confirmed,3.02,,,,,0.67,0.29,,,,,0.6629285580666754,0.6826231403567883,0.332082210046202,0.2398575440188837,0.801980198019802,0.6286081995208503,0.11016473150109518,0.11457724989806653,,,0.71,0.18,0.15,0.75,0.11,1.16,0.09,0.01,0.0,0.181,1.239368165249089,1.0905174429974758,0.091,,0.007,,0.0,,False,96.0,99.0,96.0,88.0,93.0,91.0,91.0,92.0,94.0,high,high,high,high,high,high,high,high,high,2026-07-22
