player_type,team,opponent,player_name,mlb_id,lineup_spot,pos,lineup_status,proj_pa,proj_ip,proj_outs,proj_runs_allowed,proj_hits_allowed,proj_strikeouts,proj_walks,proj_hr_allowed,proj_er_model,proj_fip,proj_war_contribution,direct_K,rate_K,direct_BB,rate_BB,direct_H,rate_H,direct_HR,rate_HR,direct_R,rate_R,proj_hits,proj_runs,proj_rbi,proj_hrrbi,proj_hr,proj_tb,proj_2b,proj_3b,proj_sb,proj_woba,direct_TB,rate_TB,direct_2B,rate_2B,direct_3B,rate_3B,direct_SB,rate_SB,used_fallback,confidence_score,proj_pa_confidence_score,proj_hits_confidence_score,proj_hr_confidence_score,proj_strikeouts_confidence_score,proj_runs_confidence_score,proj_rbi_confidence_score,proj_hrrbi_confidence_score,proj_walks_confidence_score,confidence,proj_pa_confidence,proj_hits_confidence,proj_hr_confidence,proj_strikeouts_confidence,proj_runs_confidence,proj_rbi_confidence,proj_hrrbi_confidence,proj_walks_confidence,game_date
pitcher,BAL,SEA,Trevor Rogers,669432,,,,,4.79,14.0,2.35,4.43,4.78,1.63,0.55,2.21,4.03,0.081,4.676567656765677,4.882964964028157,1.610062893081761,1.6812829944533958,4.326530612244898,4.858659276173211,0.5409836065573771,0.5661210675823506,2.212,,,,,,,,,,,,,,,,,,,,,,,,,,,,,,,,,,,,,,,2026-06-09
pitcher,SEA,BAL,Logan Gilbert,669302,,,,,5.13,15.0,2.4,4.45,5.98,1.35,0.89,2.21,4.01,0.105,6.017094017094017,5.9388431077770045,1.3455882352941178,1.3735039752462008,4.326530612244898,4.9560229166039464,0.869281045751634,0.934643716438879,2.212,,,,,,,,,,,,,,,,,,,,,,,,,,,,,,,,,,,,,,,2026-06-09
pitcher,PIT,LAD,Paul Skenes,694973,,,,,5.21,16.0,2.18,4.44,6.66,1.31,0.52,1.79,2.76,0.162,7.0,6.323128873107073,1.2772277227722773,1.3949231405521847,4.326530612244898,4.893405538731288,0.5409836065573771,0.47907389125280486,1.789,,,,,,,,,,,,,,,,,,,,,,,,,,,,,,,,,,,,,,,2026-06-09
pitcher,LAD,PIT,Eric Lauer,641778,,,,,4.61,14.0,2.55,4.9,4.08,1.41,0.82,2.28,4.81,0.061,3.8412698412698414,4.328501777882078,1.3455882352941178,1.6181032577098442,4.879746835443039,4.95854632570307,0.7948717948717948,0.8738622298145259,2.28,,,,,,,,,,,,,,,,,,,,,,,,,,,,,,,,,,,,,,,2026-06-09
pitcher,TB,BOS,Nick Martinez,607259,,,,,4.79,14.0,2.77,5.11,4.18,1.43,0.86,2.48,4.67,0.051,4.5344827586206895,3.8257426697625427,1.3455882352941178,1.6812829944533958,5.093457943925234,5.152155509786922,0.869281045751634,0.8243081650798851,2.481,,,,,,,,,,,,,,,,,,,,,,,,,,,,,,,,,,,,,,,2026-06-09
pitcher,BOS,TB,Payton Tolle,801139,,,,,4.79,14.0,2.55,4.39,5.58,1.89,0.88,2.21,4.92,0.081,4.676567656765677,6.479368348332241,1.836734693877551,2.041382631246275,4.326530612244898,4.62755356150739,0.869281045751634,0.907982663950451,2.212,,,,,,,,,,,,,,,,,,,,,,,,,,,,,,,,,,,,,,,2026-06-09
pitcher,DET,MIN,Troy Melton,675512,,,,,4.79,14.0,2.39,4.65,4.17,1.5,0.51,2.28,4.07,0.073,3.8412698412698414,4.497510524090055,1.3455882352941178,1.9607389384031875,4.525423728813561,5.152155509786922,0.4827586206896552,0.5661210675823506,2.28,,,,,,,,,,,,,,,,,,,,,,,,,,,,,,,,,,,,,,,2026-06-09
pitcher,MIN,DET,Taj Bradley,671737,,,,,4.79,14.0,2.42,4.63,4.78,1.93,0.55,2.21,4.06,0.081,4.676567656765677,4.882964964028157,1.890295358649789,2.041382631246275,4.500000000000001,5.152155509786922,0.5409836065573771,0.5661210675823506,2.212,,,,,,,,,,,,,,,,,,,,,,,,,,,,,,,,,,,,,,,2026-06-09
pitcher,MIA,AZ,Max Meyer,676974,,,,,5.21,16.0,2.47,5.02,5.29,1.66,0.52,2.21,3.62,0.111,5.275,5.311116380498267,1.610062893081761,1.8287023801883489,4.879746835443039,5.60391027264924,0.5409836065573771,0.47907389125280486,2.212,,,,,,,,,,,,,,,,,,,,,,,,,,,,,,,,,,,,,,,2026-06-09
pitcher,AZ,MIA,Zac Gallen,668678,,,,,4.79,14.0,2.66,4.59,4.52,2.02,0.92,3.0,5.13,-0.002,4.5344827586206895,4.497510524090055,1.890295358649789,2.408344720713209,4.525423728813561,4.858659276173211,0.9130434782608695,0.9510542321979162,3.0,,,,,,,,,,,,,,,,,,,,,,,,,,,,,,,,,,,,,,,2026-06-09
pitcher,CLE,NYY,Slade Cecconi,677944,,,,,4.79,14.0,2.84,4.93,4.17,1.64,1.14,2.5,5.87,0.049,3.8412698412698414,4.497510524090055,1.610062893081761,1.7468702410277968,4.879746835443039,5.152155509786922,1.1428571428571428,1.1249553141128723,2.5,,,,,,,,,,,,,,,,,,,,,,,,,,,,,,,,,,,,,,,2026-06-09
pitcher,NYY,CLE,Gerrit Cole,543037,,,,,5.13,15.0,2.4,4.84,4.95,1.85,0.58,1.79,3.85,0.155,4.676567656765677,5.229563729742055,1.610062893081761,2.579291945147967,4.666666666666667,5.51786174638975,0.5409836065573771,0.6801790571227196,1.789,,,,,,,,,,,,,,,,,,,,,,,,,,,,,,,,,,,,,,,2026-06-09
pitcher,TOR,PHI,Dylan Cease,656302,,,,,5.21,16.0,2.45,4.3,7.02,2.31,0.49,1.79,3.27,0.162,7.0,7.047496679501248,2.3333333333333335,2.220376515405656,4.111111111111111,5.0333098236854905,0.5,0.47907389125280486,1.789,,,,,,,,,,,,,,,,,,,,,,,,,,,,,,,,,,,,,,,2026-06-09
pitcher,PHI,TOR,Zack Wheeler,554430,,,,,5.59,17.0,2.25,4.7,6.56,1.33,0.57,2.21,2.93,0.138,6.649122807017544,6.471370949799894,1.2772277227722773,1.496664175755607,4.525423728813561,5.400422632322819,0.5409836065573771,0.6377212642061267,2.212,,,,,,,,,,,,,,,,,,,,,,,,,,,,,,,,,,,,,,,2026-06-09
pitcher,NYM,STL,Freddy Peralta,642547,,,,,5.21,16.0,2.53,4.47,5.91,2.4,0.79,2.21,3.96,0.111,6.017094017094017,5.798713131007553,2.3333333333333335,2.619514821485557,4.326530612244898,5.0333098236854905,0.7441860465116279,0.8965857077382466,2.212,,,,,,,,,,,,,,,,,,,,,,,,,,,,,,,,,,,,,,,2026-06-09
pitcher,STL,NYM,Dustin May,669160,,,,,5.21,16.0,2.56,5.02,4.78,1.89,0.56,2.28,4.01,0.103,4.676567656765677,4.891864265242002,1.890295358649789,1.9000404918068519,4.879746835443039,5.60391027264924,0.5409836065573771,0.5943699081420252,2.28,,,,,,,,,,,,,,,,,,,,,,,,,,,,,,,,,,,,,,,2026-06-09
pitcher,KC,TEX,Stephen Kolek,663568,,,,,5.21,16.0,2.77,4.91,4.99,1.66,0.95,2.48,4.77,0.08,4.676567656765677,5.311116380498267,1.610062893081761,1.8287023801883489,4.879746835443039,5.0333098236854905,0.9130434782608695,1.0344452087163136,2.481,,,,,,,,,,,,,,,,,,,,,,,,,,,,,,,,,,,,,,,2026-06-09
pitcher,TEX,KC,Nathan Eovaldi,543135,,,,,5.59,17.0,2.44,5.21,5.86,1.33,0.53,2.21,3.15,0.138,6.017094017094017,5.69849147159027,1.2772277227722773,1.496664175755607,5.093457943925234,5.670126378665604,0.5409836065573771,0.5140159409027215,2.212,,,,,,,,,,,,,,,,,,,,,,,,,,,,,,,,,,,,,,,2026-06-09
pitcher,ATL,CWS,Grant Holmes,656550,,,,,4.79,14.0,2.57,4.71,4.59,1.93,0.55,2.28,4.23,0.073,4.676567656765677,4.497510524090055,1.890295358649789,2.041382631246275,4.666666666666667,4.858659276173211,0.5409836065573771,0.5661210675823506,2.28,,,,,,,,,,,,,,,,,,,,,,,,,,,,,,,,,,,,,,,2026-06-09
pitcher,COL,CHC,Tomoyuki Sugano,608372,,,,,4.79,14.0,2.89,5.83,3.74,1.43,0.94,5.0,5.16,-0.175,3.6538461538461537,3.8257426697625427,1.3455882352941178,1.6812829944533958,5.68,6.419312397160026,0.9130434782608695,0.9922106199241435,5.0,,,,,,,,,,,,,,,,,,,,,,,,,,,,,,,,,,,,,,,2026-06-09
pitcher,CHC,COL,Colin Rea,607067,,,,,4.79,14.0,2.65,4.88,4.59,1.89,0.92,2.43,5.04,0.057,4.676567656765677,4.497510524090055,1.836734693877551,2.041382631246275,4.879746835443039,4.858659276173211,0.9130434782608695,0.9510542321979162,2.432,,,,,,,,,,,,,,,,,,,,,,,,,,,,,,,,,,,,,,,2026-06-09
pitcher,LAA,HOU,Walbert Ureña,700712,,,,,4.79,14.0,2.42,4.39,5.0,2.02,0.4,1.79,3.8,0.13,4.676567656765677,5.331254490887942,1.890295358649789,2.408344720713209,4.326530612244898,4.62755356150739,0.38095238095238093,0.44045373111342334,1.789,,,,,,,,,,,,,,,,,,,,,,,,,,,,,,,,,,,,,,,2026-06-09
pitcher,HOU,LAA,Kai-Wei Teng,678906,,,,,4.61,14.0,2.37,4.4,4.9,2.0,0.56,2.21,4.09,0.069,4.676567656765677,5.1309150736938225,1.890295358649789,2.3178432489536314,4.326530612244898,4.676079178112422,0.5409836065573771,0.6112330318393252,2.212,,,,,,,,,,,,,,,,,,,,,,,,,,,,,,,,,,,,,,,2026-06-09
pitcher,SD,CIN,Lucas Giolito,608337,,,,,4.79,14.0,2.68,4.65,4.17,1.93,0.86,2.43,5.3,0.057,3.8412698412698414,4.497510524090055,1.890295358649789,2.041382631246275,4.525423728813561,5.152155509786922,0.869281045751634,0.8243081650798851,2.432,,,,,,,,,,,,,,,,,,,,,,,,,,,,,,,,,,,,,,,2026-06-09
pitcher,CIN,SD,Chase Burns,695505,,,,,5.13,15.0,2.03,3.94,6.48,1.68,0.48,1.79,3.18,0.155,6.017094017094017,6.939281759278579,1.610062893081761,1.8961543655408746,3.68,4.9560229166039464,0.4827586206896552,0.471717670273875,1.789,,,,,,,,,,,,,,,,,,,,,,,,,,,,,,,,,,,,,,,2026-06-09
pitcher,SF,WSH,Adrian Houser,605288,,,,,4.79,14.0,2.68,5.11,3.74,1.93,0.68,3.0,4.72,-0.002,3.6538461538461537,3.8257426697625427,1.890295358649789,2.041382631246275,5.093457943925234,5.152155509786922,0.625,0.8243081650798851,3.0,,,,,,,,,,,,,,,,,,,,,,,,,,,,,,,,,,,,,,,2026-06-09
pitcher,WSH,SF,Andrew Alvarez,674841,,,,,4.61,14.0,2.42,4.59,4.43,1.91,0.55,2.21,4.15,0.069,4.5344827586206895,4.328501777882078,1.890295358649789,1.9646709666065398,4.500000000000001,4.95854632570307,0.5409836065573771,0.57625,2.212,,,,,,,,,,,,,,,,,,,,,,,,,,,,,,,,,,,,,,,2026-06-09
pitcher,ATH,MIL,J.T. Ginn,669372,,,,,4.79,14.0,2.57,4.59,4.78,2.02,0.82,2.28,4.65,0.073,4.676567656765677,4.882964964028157,1.890295358649789,2.408344720713209,4.525423728813561,4.858659276173211,0.7948717948717948,0.8726985188581348,2.28,,,,,,,,,,,,,,,,,,,,,,,,,,,,,,,,,,,,,,,2026-06-09
pitcher,MIL,ATH,Robert Gasser,688107,,,,,4.61,14.0,2.44,4.52,4.08,2.0,0.66,2.21,4.47,0.069,3.8412698412698414,4.328501777882078,1.890295358649789,2.3178432489536314,4.486486486486487,4.676079178112422,0.625,0.7307583072090245,2.212,,,,,,,,,,,,,,,,,,,,,,,,,,,,,,,,,,,,,,,2026-06-09
hitter,BAL,SEA,Taylor Ward,621493,1.0,DH,Confirmed,4.04,,,,,0.86,0.56,,,,,0.8015754935293234,0.9101873381932791,0.5872308477822599,0.5300626539817758,0.7061469265367316,0.6476559283825563,0.0403204553201898,0.01245698717849735,,,0.67,0.48,0.38,1.57,0.03,0.79,0.11,0.01,0.0,0.291,0.7899761336515513,0.796824482517638,0.106,,0.006,,0.0,,False,96.0,99.0,96.0,88.0,93.0,91.0,91.0,92.0,94.0,high,high,high,high,high,high,high,high,high,2026-06-09
hitter,BAL,SEA,Gunnar Henderson,683002,2.0,SS,Confirmed,4.14,,,,,0.76,0.43,,,,,0.7033620241435443,0.8207259127710076,0.43146659170204915,0.4261051239738914,0.707983193277311,0.6947238104220615,0.03823933450953771,0.03342500316873931,,,0.7,0.5,0.41,1.71,0.04,0.95,0.14,0.01,0.0,0.295,1.001763668430335,0.9086901725927033,0.139,,0.009,,0.0,,False,96.0,99.0,96.0,88.0,93.0,91.0,91.0,92.0,94.0,high,high,high,high,high,high,high,high,high,2026-06-09
hitter,BAL,SEA,Pete Alonso,624413,3.0,1B,Confirmed,4.18,,,,,0.81,0.45,,,,,0.7604406962687483,0.8582605959326556,0.4609650984902809,0.4405035279078208,0.707983193277311,0.7322672389521746,0.06758131959247704,0.052304356914312296,,,0.72,0.59,0.59,1.98,0.06,1.11,0.13,0.01,0.0,0.334,1.1238670694864048,1.0919553675819424,0.127,,0.008,,0.0,,False,96.0,99.0,96.0,88.0,93.0,91.0,91.0,92.0,94.0,high,high,high,high,high,high,high,high,high,2026-06-09
hitter,BAL,SEA,Colton Cowser,681297,4.0,LF,Confirmed,3.1,,,,,0.77,0.31,,,,,0.7536194586611982,0.7784076542335844,0.34303370936276834,0.27616284064661,0.4125159642401022,0.43847325492458256,0.041453572418662175,0.039190964590231886,,,0.43,0.39,0.39,1.32,0.04,0.66,0.1,0.01,0.0,0.302,0.6720588235294118,0.6466552115997166,0.098,,0.008,,0.0,,False,96.0,99.0,96.0,88.0,93.0,91.0,91.0,92.0,94.0,high,high,high,high,high,high,high,high,high,2026-06-09
hitter,BAL,SEA,Leody Taveras,665750,5.0,CF,Confirmed,3.49,,,,,0.71,0.28,,,,,0.6898325337693344,0.7338934260121319,0.2661106524989192,0.2854887636067507,0.6434108527131783,0.5670533019212618,0.029226382230980903,0.013503413033723098,,,0.6,0.38,0.35,1.44,0.02,0.74,0.11,0.01,0.0,0.264,0.7899761336515513,0.6968880289455666,0.111,,0.009,,0.0,,False,96.0,99.0,96.0,88.0,93.0,91.0,91.0,92.0,94.0,high,high,high,high,high,high,high,high,high,2026-06-09
hitter,BAL,SEA,Coby Mayo,691723,6.0,3B,Confirmed,3.74,,,,,0.87,0.28,,,,,0.8091537295708389,0.9235311067641622,0.29514467242575837,0.2701679673262086,0.6434108527131783,0.5884609819247155,0.05550343941760464,0.05546314876584456,,,0.61,0.43,0.5,1.63,0.06,0.78,0.11,0.01,0.0,0.306,0.7899761336515513,0.7654645203080954,0.105,,0.006,,0.0,,False,96.0,99.0,96.0,88.0,93.0,91.0,91.0,92.0,94.0,high,high,high,high,high,high,high,high,high,2026-06-09
hitter,BAL,SEA,Jackson Holliday,702616,7.0,2B,Confirmed,3.74,,,,,0.76,0.39,,,,,0.7135139025214302,0.8011930677003277,0.4129642668067838,0.3686302771163621,0.6434108527131783,0.5782520933606533,0.03710830925631241,0.017220952669262678,,,0.61,0.39,0.36,1.45,0.03,0.76,0.11,0.01,0.0,0.29,0.7899761336515513,0.7273865897295652,0.105,,0.009,,0.0,,False,96.0,99.0,96.0,88.0,93.0,91.0,91.0,92.0,94.0,high,high,high,high,high,high,high,high,high,2026-06-09
hitter,BAL,SEA,Tyler O'Neill,641933,8.0,RF,Confirmed,2.9,,,,,0.87,0.1,,,,,0.8859069979220928,0.850325058839846,0.10690856814720393,0.09915934736953351,0.5290322580645161,0.5195152755430842,0.17113060978519923,0.16640546349718843,,,0.52,0.25,0.25,0.91,0.17,1.12,0.08,0.01,0.0,0.235,1.239368165249089,1.0271308015663352,0.083,,0.008,,0.0,,False,96.0,99.0,96.0,88.0,93.0,91.0,91.0,92.0,94.0,high,high,high,high,high,high,high,high,high,2026-06-09
hitter,BAL,SEA,Sam Huff,669087,9.0,C,Confirmed,2.9,,,,,0.79,0.2,,,,,0.763663176270052,0.821336733671636,0.21858581682528125,0.17561204695751928,0.4125159642401022,0.3873209047531222,0.03149230314840766,0.01414908500384151,,,0.4,0.26,0.26,0.93,0.02,0.54,0.09,0.01,0.0,0.245,0.6289308176100628,0.4653484089360879,0.086,,0.007,,0.0,,False,96.0,99.0,96.0,88.0,93.0,91.0,91.0,92.0,94.0,high,high,high,high,high,high,high,high,high,2026-06-09
hitter,SEA,BAL,Victor Robles,645302,1.0,LF,Confirmed,3.49,,,,,0.86,0.25,,,,,0.8339542829940462,0.8933599050797258,0.27093775420276145,0.22407858143959997,0.7061469265367316,0.7064962322293038,0.022151050510640494,0.011999515384815015,,,0.71,0.33,0.24,1.28,0.02,0.94,0.15,0.01,0.0,0.244,1.001763668430335,0.896895602767163,0.151,,0.013,,0.0,,False,96.0,99.0,96.0,88.0,93.0,91.0,91.0,92.0,94.0,high,high,high,high,high,high,high,high,high,2026-06-09
hitter,SEA,BAL,Julio Rodríguez,677594,2.0,CF,Confirmed,4.18,,,,,0.55,0.23,,,,,0.47201848499936594,0.6202615843983603,0.24075686676407118,0.22565626279266207,1.1391752577319587,1.111828345706194,0.07095902973769952,0.05739096197976592,,,1.12,0.47,0.36,1.82,0.06,1.53,0.19,0.01,0.0,0.28,1.5956790123456794,1.4827730924446108,0.186,,0.011,,0.0,,False,96.0,99.0,96.0,88.0,93.0,91.0,91.0,92.0,94.0,high,high,high,high,high,high,high,high,high,2026-06-09
hitter,SEA,BAL,Randy Arozarena,668227,3.0,DH,Confirmed,4.18,,,,,0.62,0.28,,,,,0.5375881900786829,0.7044498997168277,0.2892526948547045,0.27516349430448495,1.0980834272829765,1.0369239269875403,0.057948481628956265,0.0418993983659021,,,1.06,0.47,0.4,1.87,0.05,1.37,0.2,0.01,0.0,0.287,1.3893129770992367,1.3603899715787062,0.199,,0.011,,0.0,,False,96.0,99.0,96.0,88.0,93.0,91.0,91.0,92.0,94.0,high,high,high,high,high,high,high,high,high,2026-06-09
hitter,SEA,BAL,Josh Naylor,647304,4.0,1B,Confirmed,4.18,,,,,0.32,0.26,,,,,0.3105173821590508,0.3252380483482493,0.2602663746084031,0.25098973578694306,1.0980834272829765,1.0859446255801515,0.04458942746087456,0.034947248644930116,,,1.09,0.46,0.39,1.85,0.04,1.41,0.19,0.01,0.0,0.277,1.3893129770992367,1.4206036763279442,0.186,,0.009,,0.0,,False,96.0,99.0,96.0,88.0,93.0,91.0,91.0,92.0,94.0,high,high,high,high,high,high,high,high,high,2026-06-09
hitter,SEA,BAL,Rob Refsnyder,608701,5.0,LF,Confirmed,1.84,,,,,0.83,0.08,,,,,0.9404250400100176,0.7249990317324102,0.10213774647371544,0.06167829238967786,0.35424354243542433,0.25076678489566895,0.024884551882820252,0.010596355013884291,,,0.3,0.17,0.14,0.64,0.02,0.38,0.09,0.01,0.0,0.236,0.4591194968553459,0.317129892425012,0.085,,0.008,,0.0,,False,96.0,99.0,96.0,88.0,93.0,91.0,91.0,92.0,94.0,high,high,high,high,high,high,high,high,high,2026-06-09
hitter,SEA,BAL,Patrick Wisdom,621550,6.0,3B,Confirmed,3.02,,,,,0.55,0.19,,,,,0.4747243132521153,0.628258380199596,0.20203441033577052,0.1765148511981782,0.7061469265367316,0.5685331306596532,0.03125633239613218,0.022868068344827592,,,0.63,0.23,0.22,0.97,0.03,0.85,0.11,0.01,0.0,0.221,0.9875776397515532,0.7364882082176771,0.108,,0.008,,0.0,,False,96.0,99.0,96.0,88.0,93.0,91.0,91.0,92.0,94.0,high,high,high,high,high,high,high,high,high,2026-06-09
hitter,SEA,BAL,Mitch Garver,641598,7.0,C,Confirmed,3.58,,,,,1.03,0.4,,,,,0.9947727796664206,1.0600736405577353,0.4110497155440741,0.38039890091795003,0.5846774193548387,0.5463153668129052,0.03792322055782054,0.031770694417367504,,,0.56,0.27,0.21,1.07,0.03,0.84,0.13,0.01,0.0,0.229,0.8408408408408409,0.8332516076408889,0.128,,0.01,,0.0,,False,96.0,99.0,96.0,88.0,93.0,91.0,91.0,92.0,94.0,high,high,high,high,high,high,high,high,high,2026-06-09
hitter,SEA,BAL,Cole Young,702284,8.0,SS,Confirmed,3.81,,,,,0.39,0.22,,,,,0.3800996042184025,0.39888383105904285,0.2352773052522677,0.20973765482609016,0.994208494208494,0.8793777813989858,0.03724105357863068,0.030970885935263096,,,0.93,0.33,0.28,1.42,0.03,1.18,0.15,0.01,0.0,0.25,1.239368165249089,1.1372180343271903,0.145,,0.011,,0.0,,False,96.0,99.0,96.0,88.0,93.0,91.0,91.0,92.0,94.0,high,high,high,high,high,high,high,high,high,2026-06-09
hitter,SEA,BAL,Ryan Bliss,669208,9.0,2B,Confirmed,3.1,,,,,0.54,0.18,,,,,0.5062091260319506,0.583662384315289,0.21619871346670366,0.15330840301758195,0.8694581280788177,0.6876430335070992,0.029743906734180186,0.018719927055931045,,,0.77,0.29,0.25,1.24,0.02,0.98,0.12,0.01,0.0,0.272,1.001763668430335,0.9691204627041311,0.124,,0.01,,0.0,,False,96.0,99.0,96.0,88.0,93.0,91.0,91.0,92.0,94.0,high,high,high,high,high,high,high,high,high,2026-06-09
hitter,PIT,LAD,Nick Gonzales,693304,1.0,3B,Confirmed,4.04,,,,,0.64,0.25,,,,,0.6408668714409834,0.6388393189529548,0.257314837294779,0.23385982689988474,0.5290322580645161,0.5671828072102676,0.07804292608909505,0.09959594590558817,,,0.55,0.52,0.42,2.04,0.09,1.05,0.15,0.01,0.0,0.312,1.001763668430335,1.0958873814034384,0.146,,0.013,,0.0,,False,96.0,99.0,96.0,88.0,93.0,91.0,91.0,92.0,94.0,high,high,high,high,high,high,high,high,high,2026-06-09
hitter,PIT,LAD,Brandon Lowe,664040,2.0,2B,Confirmed,4.18,,,,,1.02,0.36,,,,,0.958758099937069,1.0745807085313381,0.35395459611052293,0.3734919018147194,0.4125159642401022,0.4783600370817571,0.1775343613849813,0.20646681944762998,,,0.45,0.51,0.42,1.83,0.19,1.18,0.17,0.01,0.0,0.298,1.1238670694864048,1.2172559459426375,0.171,,0.01,,0.0,,False,96.0,99.0,96.0,88.0,93.0,91.0,91.0,92.0,94.0,high,high,high,high,high,high,high,high,high,2026-06-09
hitter,PIT,LAD,Bryan Reynolds,668804,3.0,LF,Confirmed,4.14,,,,,0.88,0.44,,,,,0.809636073282033,0.9466794244691262,0.45191334454977783,0.4245433770869015,0.4125159642401022,0.5032961073674822,0.14188939793810804,0.14722595529005375,,,0.46,0.51,0.45,1.86,0.14,1.04,0.16,0.01,0.0,0.31,0.9875776397515532,1.0879539048666704,0.165,,0.011,,0.0,,False,96.0,99.0,96.0,88.0,93.0,91.0,91.0,92.0,94.0,high,high,high,high,high,high,high,high,high,2026-06-09
hitter,PIT,LAD,Ryan O'Hearn,656811,4.0,RF,Confirmed,3.58,,,,,0.75,0.33,,,,,0.7392892358331503,0.7615420145311947,0.3368881773034992,0.3297783329087656,0.4125159642401022,0.4159781126636161,0.11239687956043248,0.10829957786213674,,,0.41,0.43,0.39,1.62,0.11,0.95,0.15,0.01,0.0,0.3,0.9875776397515532,0.9148189003637208,0.153,,0.008,,0.0,,False,96.0,99.0,96.0,88.0,93.0,91.0,91.0,92.0,94.0,high,high,high,high,high,high,high,high,high,2026-06-09
hitter,PIT,LAD,Marcell Ozuna,542303,5.0,DH,Confirmed,3.96,,,,,0.93,0.43,,,,,0.8931806192156123,0.9610102933865613,0.4168776127667597,0.45001201410053526,0.4125159642401022,0.4819488388961044,0.14949724350916688,0.14053529337027434,,,0.45,0.46,0.4,1.66,0.15,1.0,0.14,0.01,0.0,0.29,0.9875776397515532,1.003205342049692,0.143,,0.007,,0.0,,False,96.0,99.0,96.0,88.0,93.0,91.0,91.0,92.0,94.0,high,high,high,high,high,high,high,high,high,2026-06-09
hitter,PIT,LAD,Davis Wendzel,673995,6.0,2B,Confirmed,2.19,,,,,0.65,0.11,,,,,0.6417781766997827,0.6565526059957175,0.13635660834963997,0.07467442648907421,0.4125159642401022,0.3066090963494797,0.015821617431854656,0.011370459739923558,,,0.35,0.18,0.19,0.78,0.01,0.4,0.09,0.01,0.0,0.239,0.4591194968553459,0.3510363854019168,0.09,,0.007,,0.0,,False,96.0,99.0,96.0,88.0,93.0,91.0,91.0,92.0,94.0,high,high,high,high,high,high,high,high,high,2026-06-09
hitter,PIT,LAD,Jake Mangum,663968,7.0,CF,Confirmed,3.32,,,,,0.46,0.19,,,,,0.4768298936689772,0.43630920288782526,0.21179000316006255,0.17175416664259296,0.4125159642401022,0.3682566618524693,0.052688047773962264,0.04901318839948315,,,0.39,0.3,0.26,1.27,0.05,0.7,0.14,0.01,0.0,0.26,0.6720588235294118,0.7290245961832202,0.141,,0.009,,0.0,,False,96.0,99.0,96.0,88.0,93.0,91.0,91.0,92.0,94.0,high,high,high,high,high,high,high,high,high,2026-06-09
hitter,PIT,LAD,Jared Triolo,669707,8.0,SS,Confirmed,3.33,,,,,0.7,0.27,,,,,0.6745889744943365,0.7257941288706621,0.2850867952020322,0.2567771948890562,0.4125159642401022,0.44381247969769644,0.09322598311930771,0.06972680821980783,,,0.43,0.33,0.29,1.32,0.08,0.69,0.15,0.01,0.0,0.282,0.6720588235294118,0.7045737339423943,0.148,,0.008,,0.0,,False,96.0,99.0,96.0,88.0,93.0,91.0,91.0,92.0,94.0,high,high,high,high,high,high,high,high,high,2026-06-09
hitter,PIT,LAD,Henry Davis,680779,9.0,C,Confirmed,3.33,,,,,0.79,0.18,,,,,0.7762352153296609,0.8126520399516992,0.18905234106421454,0.17617770440709699,0.4125159642401022,0.38149543811739356,0.17103493521494537,0.14014712588028097,,,0.4,0.37,0.35,1.49,0.16,0.97,0.15,0.01,0.0,0.304,1.001763668430335,0.9469448489848076,0.153,,0.008,,0.0,,False,96.0,99.0,96.0,88.0,93.0,91.0,91.0,92.0,94.0,high,high,high,high,high,high,high,high,high,2026-06-09
hitter,LAD,PIT,Shohei Ohtani,660271,1.0,DH,Confirmed,4.74,,,,,0.8,0.68,,,,,0.7660055170557459,0.8352070665461342,0.7207313773151197,0.6432300535151287,1.0980834272829765,1.200992236411969,0.5684871101571374,0.4752228846927584,,,1.15,0.58,0.43,2.11,0.52,2.78,0.18,0.02,0.0,0.31,2.6,2.9305931574939184,0.183,,0.02,,0.0,,False,96.0,99.0,96.0,88.0,93.0,91.0,91.0,92.0,94.0,high,high,high,high,high,high,high,high,high,2026-06-09
hitter,LAD,PIT,Andy Pages,681624,2.0,CF,Confirmed,4.48,,,,,0.75,0.37,,,,,0.7587729638476512,0.739810654962281,0.38559869075050557,0.3480469846178393,1.4947368421052631,1.255359509151544,0.32320376783344157,0.31933332500064704,,,1.36,0.5,0.39,1.99,0.32,2.42,0.19,0.01,0.0,0.275,2.456692913385827,2.392050060097837,0.188,,0.008,,0.0,,False,96.0,99.0,96.0,88.0,93.0,91.0,91.0,92.0,94.0,high,high,high,high,high,high,high,high,high,2026-06-09
hitter,LAD,PIT,Freddie Freeman,518692,3.0,1B,Confirmed,4.61,,,,,0.59,0.45,,,,,0.6062907807194626,0.573222976598842,0.4581678161447892,0.43605881014932835,1.1391752577319587,1.2193236212739564,0.23178682867019473,0.24654757172629166,,,1.18,0.53,0.44,2.07,0.24,2.07,0.22,0.01,0.0,0.291,2.057017543859649,2.0881343235694203,0.22,,0.014,,0.0,,False,96.0,99.0,96.0,88.0,93.0,91.0,91.0,92.0,94.0,high,high,high,high,high,high,high,high,high,2026-06-09
hitter,LAD,PIT,Mookie Betts,605141,4.0,SS,Confirmed,4.51,,,,,0.44,0.56,,,,,0.4458348511320126,0.4362877068949132,0.6156980053531613,0.5016035117684242,1.4947368421052631,1.3682347201492056,0.21963355918824876,0.2636189755558765,,,1.43,0.52,0.44,2.05,0.24,2.04,0.21,0.01,0.0,0.288,2.057017543859649,2.0252403919178272,0.205,,0.01,,0.0,,False,96.0,99.0,96.0,88.0,93.0,91.0,91.0,92.0,94.0,high,high,high,high,high,high,high,high,high,2026-06-09
hitter,LAD,PIT,Max Muncy,571970,5.0,3B,Confirmed,4.18,,,,,0.76,0.42,,,,,0.719110397148655,0.7919880540314319,0.40452338078988515,0.4258573653327806,0.8949771689497716,0.9655243371914783,0.35458722812115406,0.30158052593357887,,,0.93,0.44,0.38,1.71,0.33,1.93,0.14,0.01,0.0,0.263,1.914285714285714,1.9354665567729388,0.137,,0.008,,0.0,,False,96.0,99.0,96.0,88.0,93.0,91.0,91.0,92.0,94.0,high,high,high,high,high,high,high,high,high,2026-06-09
hitter,LAD,PIT,Kyle Tucker,663656,6.0,RF,Confirmed,4.51,,,,,0.44,0.51,,,,,0.4768091374650608,0.40043593908103314,0.5386730733925265,0.4907938085532065,1.0980834272829765,1.073028085169011,0.2474703770801845,0.22892266176927922,,,1.08,0.47,0.44,2.01,0.24,1.93,0.19,0.01,0.0,0.301,1.914285714285714,1.943628289313048,0.188,,0.009,,0.0,,False,96.0,99.0,96.0,88.0,93.0,91.0,91.0,92.0,94.0,high,high,high,high,high,high,high,high,high,2026-06-09
hitter,LAD,PIT,Ryan Ward,669899,7.0,LF,Confirmed,3.19,,,,,0.6,0.2,,,,,0.5457055161503565,0.6500519882095328,0.2187513454605817,0.19076156341508974,0.7061469265367316,0.618512058174734,0.15359755192459848,0.16252439506423583,,,0.66,0.28,0.23,1.16,0.16,1.24,0.14,0.01,0.0,0.252,1.239368165249089,1.2493440744347497,0.142,,0.01,,0.0,,False,96.0,99.0,96.0,88.0,93.0,91.0,91.0,92.0,94.0,high,high,high,high,high,high,high,high,high,2026-06-09
hitter,LAD,PIT,Dalton Rushing,687221,8.0,C,Confirmed,3.33,,,,,0.63,0.26,,,,,0.5663053820537426,0.6995853809003654,0.27336135716261445,0.2394872423417749,0.7715355805243446,0.6870579002438154,0.14789239044402838,0.15881692089691524,,,0.73,0.33,0.28,1.41,0.15,1.33,0.17,0.01,0.0,0.286,1.3760759191240375,1.2896081183215313,0.173,,0.009,,0.0,,False,96.0,99.0,96.0,88.0,93.0,91.0,91.0,92.0,94.0,high,high,high,high,high,high,high,high,high,2026-06-09
hitter,LAD,PIT,Alex Freeland,690976,9.0,2B,Confirmed,3.1,,,,,0.58,0.27,,,,,0.5266273910197259,0.6244715170712525,0.2925797806867745,0.25572647114859987,0.707983193277311,0.603100520962014,0.13266667435733523,0.11509026234236498,,,0.65,0.3,0.25,1.25,0.12,1.12,0.15,0.01,0.0,0.282,1.239368165249089,1.02511714952572,0.153,,0.009,,0.0,,False,96.0,99.0,96.0,88.0,93.0,91.0,91.0,92.0,94.0,high,high,high,high,high,high,high,high,high,2026-06-09
hitter,TB,BOS,Yandy Díaz,650490,1.0,DH,Confirmed,4.61,,,,,0.79,0.66,,,,,0.7785196037784262,0.802344647085924,0.662138155295347,0.6642699492052462,1.0,1.051016151967939,0.18538075024700298,0.21362565495505387,,,1.03,0.54,0.39,2.03,0.2,1.83,0.2,0.01,0.0,0.302,1.914285714285714,1.764679509334506,0.199,,0.012,,0.0,,False,96.0,99.0,96.0,88.0,93.0,91.0,91.0,92.0,94.0,high,high,high,high,high,high,high,high,high,2026-06-09
hitter,TB,BOS,Junior Caminero,691406,2.0,3B,Confirmed,4.61,,,,,0.96,0.74,,,,,0.9454680358661393,0.9768042642706102,0.7245504130150259,0.7479398120171616,1.0980834272829765,1.005812619423901,0.2449139101293733,0.27140857677088065,,,1.05,0.56,0.4,2.05,0.26,1.98,0.24,0.01,0.0,0.315,1.914285714285714,2.029728608808221,0.244,,0.009,,0.0,,False,96.0,99.0,96.0,88.0,93.0,91.0,91.0,92.0,94.0,high,high,high,high,high,high,high,high,high,2026-06-09
hitter,TB,BOS,Chandler Simpson,802415,3.0,LF,Confirmed,3.96,,,,,0.54,0.13,,,,,0.44680667945024377,0.6383569045624726,0.14110781884623344,0.1201411592196193,0.5290322580645161,0.6139680583868588,0.023871863409213174,0.026201925336141612,,,0.58,0.44,0.38,1.81,0.03,0.74,0.18,0.01,0.0,0.275,0.6720588235294118,0.7929257519894132,0.183,,0.013,,0.0,,False,96.0,99.0,96.0,88.0,93.0,91.0,91.0,92.0,94.0,high,high,high,high,high,high,high,high,high,2026-06-09
hitter,TB,BOS,Ryan Vilade,668723,4.0,1B,Confirmed,2.55,,,,,0.76,0.29,,,,,0.7932299126891995,0.7328977426805328,0.31161435218709066,0.2585667431743687,0.4125159642401022,0.34327802766942833,0.07065674981168121,0.05155817213192368,,,0.37,0.26,0.21,1.0,0.06,0.69,0.12,0.01,0.0,0.264,0.7899761336515513,0.6046373587257048,0.121,,0.008,,0.0,,False,96.0,99.0,96.0,88.0,93.0,91.0,91.0,92.0,94.0,high,high,high,high,high,high,high,high,high,2026-06-09
hitter,TB,BOS,Austin Slater,596103,5.0,RF,Confirmed,1.84,,,,,0.74,0.21,,,,,0.8133276307969208,0.6572937565359629,0.24662353009553079,0.1828591574258963,0.3344051446945337,0.16562596444544492,0.05467017225693172,0.03802342071110647,,,0.24,0.17,0.14,0.64,0.05,0.43,0.09,0.01,0.0,0.244,0.5302013422818792,0.35085620623177083,0.092,,0.007,,0.0,,False,96.0,99.0,96.0,88.0,93.0,91.0,91.0,92.0,94.0,high,high,high,high,high,high,high,high,high,2026-06-09
hitter,TB,BOS,Cedric Mullins,656775,6.0,CF,Confirmed,4.18,,,,,1.04,0.57,,,,,0.9476312512467812,1.1227388626988224,0.5763771615100793,0.5703102829085966,0.801980198019802,0.7967819648876251,0.12410350195816836,0.12486872043756,,,0.8,0.39,0.35,1.62,0.12,1.39,0.17,0.01,0.0,0.275,1.3893129770992367,1.3862070231021755,0.174,,0.015,,0.0,,False,96.0,99.0,96.0,88.0,93.0,91.0,91.0,92.0,94.0,high,high,high,high,high,high,high,high,high,2026-06-09
hitter,TB,BOS,Ben Williamson,810938,7.0,2B,Confirmed,3.96,,,,,0.91,0.4,,,,,0.8191180404179209,0.9974217219724218,0.35794217754986724,0.4338181628082351,0.7715355805243446,0.7829118535764937,0.04403979263586381,0.06343019723328183,,,0.78,0.35,0.3,1.53,0.05,1.1,0.15,0.01,0.0,0.255,1.1238670694864048,1.0741604782891148,0.148,,0.008,,0.0,,False,96.0,99.0,96.0,88.0,93.0,91.0,91.0,92.0,94.0,high,high,high,high,high,high,high,high,high,2026-06-09
hitter,TB,BOS,Nick Fortes,663743,8.0,C,Confirmed,3.89,,,,,0.79,0.34,,,,,0.7436637168891275,0.841058136027706,0.33139731268936534,0.3477893146503073,0.801980198019802,0.8377112668160837,0.09836214943216845,0.0849324980772752,,,0.82,0.35,0.3,1.53,0.09,1.2,0.17,0.01,0.0,0.258,1.239368165249089,1.1645212605208264,0.172,,0.008,,0.0,,False,96.0,99.0,96.0,88.0,93.0,91.0,91.0,92.0,94.0,high,high,high,high,high,high,high,high,high,2026-06-09
hitter,TB,BOS,Richie Palacios,680700,9.0,2B,Confirmed,4.25,,,,,0.97,0.52,,,,,0.8965370941602415,1.0472418099292733,0.5064429541059364,0.5258427718787174,0.801980198019802,0.788476112689391,0.07213676181768527,0.07777843317729982,,,0.79,0.38,0.3,1.57,0.07,1.21,0.17,0.01,0.0,0.262,1.239368165249089,1.1900510603265502,0.172,,0.009,,0.0,,False,96.0,99.0,96.0,88.0,93.0,91.0,91.0,92.0,94.0,high,high,high,high,high,high,high,high,high,2026-06-09
hitter,BOS,TB,Jarren Duran,680776,1.0,LF,Confirmed,3.96,,,,,1.47,0.31,,,,,1.4084327521848634,1.522276560636571,0.30880450102728874,0.3209719146470288,0.35424354243542433,0.42168795571390255,0.17883894349116922,0.2142865521177588,,,0.39,0.63,0.53,2.26,0.2,1.15,0.23,0.02,0.0,0.388,1.1238670694864048,1.1711073807343317,0.228,,0.019,,0.0,,False,96.0,99.0,96.0,88.0,93.0,91.0,91.0,92.0,94.0,high,high,high,high,high,high,high,high,high,2026-06-09
hitter,BOS,TB,Ceddanne Rafaela,678882,2.0,CF,Confirmed,4.74,,,,,1.24,0.24,,,,,1.0829121270957132,1.3877417276001212,0.2292372540971685,0.25631260004533113,0.6434108527131783,0.7533580410773645,0.19996517487256693,0.21278504982160398,,,0.7,0.79,0.68,2.96,0.21,1.43,0.22,0.01,0.0,0.393,1.239368165249089,1.5908960675243793,0.217,,0.012,,0.0,,False,96.0,99.0,96.0,88.0,93.0,91.0,91.0,92.0,94.0,high,high,high,high,high,high,high,high,high,2026-06-09
hitter,BOS,TB,Wilyer Abreu,677800,3.0,RF,Confirmed,4.51,,,,,1.41,0.34,,,,,1.2394121273355179,1.586462395428843,0.3133914412417709,0.3582239649721659,0.5290322580645161,0.5565396704868512,0.18182367183088113,0.21054261588038872,,,0.54,0.62,0.59,2.31,0.2,1.22,0.25,0.01,0.0,0.337,1.001763668430335,1.3961595515935585,0.253,,0.008,,0.0,,False,96.0,99.0,96.0,88.0,93.0,91.0,91.0,92.0,94.0,high,high,high,high,high,high,high,high,high,2026-06-09
hitter,BOS,TB,Willson Contreras,575929,4.0,1B,Confirmed,4.74,,,,,1.6,0.33,,,,,1.4970344488169904,1.696638953906337,0.2952593812533152,0.3643225682017213,0.707983193277311,0.6840991177429956,0.3623121374629962,0.36272156269697137,,,0.69,0.99,1.01,3.61,0.36,1.92,0.24,0.01,0.0,0.486,1.914285714285714,1.9158017387580817,0.239,,0.009,,0.0,,False,96.0,99.0,96.0,88.0,93.0,91.0,91.0,92.0,94.0,high,high,high,high,high,high,high,high,high,2026-06-09
hitter,BOS,TB,Masataka Yoshida,807799,5.0,DH,Confirmed,3.96,,,,,0.58,0.17,,,,,0.5273386877202972,0.6332521287896796,0.1775989280773671,0.16340994023268984,0.6506024096385542,0.6576045449741088,0.024947834345452825,0.023633523317696904,,,0.65,0.56,0.51,2.17,0.02,0.88,0.2,0.01,0.0,0.342,0.8408408408408409,0.9074053525708417,0.2,,0.009,,0.0,,False,96.0,99.0,96.0,88.0,93.0,91.0,91.0,92.0,94.0,high,high,high,high,high,high,high,high,high,2026-06-09
hitter,BOS,TB,Mickey Gasper,681508,6.0,C,Confirmed,4.26,,,,,1.23,0.27,,,,,0.9906208406622196,1.4595611248727969,0.24464083643205287,0.2870286647218591,0.4803149606299212,0.6323043144024232,0.12330256723282759,0.12652860955695006,,,0.56,0.51,0.54,2.18,0.12,1.06,0.24,0.01,0.0,0.334,0.8408408408408409,1.2461806658702403,0.236,,0.01,,0.0,,False,96.0,99.0,96.0,88.0,93.0,91.0,91.0,92.0,94.0,high,high,high,high,high,high,high,high,high,2026-06-09
hitter,BOS,TB,Caleb Durbin,702332,7.0,3B,Confirmed,4.18,,,,,0.67,0.19,,,,,0.5686525469112947,0.778944216992994,0.17303575675645747,0.19765448602416247,0.6506024096385542,0.7046236630529954,0.11535242152050079,0.11708412019309312,,,0.68,0.5,0.46,2.13,0.12,1.15,0.22,0.01,0.0,0.331,0.9875776397515532,1.2896997788993152,0.225,,0.011,,0.0,,False,96.0,99.0,96.0,88.0,93.0,91.0,91.0,92.0,94.0,high,high,high,high,high,high,high,high,high,2026-06-09
hitter,BOS,TB,Isiah Kiner-Falefa,643396,8.0,2B,Confirmed,4.04,,,,,0.85,0.16,,,,,0.7661914977208071,0.928785703103661,0.14799214404454514,0.1756129826951102,0.6434108527131783,0.6617688627665277,0.06943651780131932,0.06856655708952991,,,0.65,0.44,0.4,1.95,0.07,1.02,0.23,0.01,0.0,0.307,0.9875776397515532,1.0446710810151594,0.235,,0.011,,0.0,,False,96.0,99.0,96.0,88.0,93.0,91.0,91.0,92.0,94.0,high,high,high,high,high,high,high,high,high,2026-06-09
hitter,BOS,TB,Marcelo Mayer,691785,9.0,SS,Confirmed,4.18,,,,,1.25,0.21,,,,,1.0084518162682359,1.4816031570378232,0.19326957563997105,0.22077801828803753,0.4125159642401022,0.5021808923746782,0.10453638814741081,0.13329321404218267,,,0.46,0.49,0.45,2.04,0.12,0.92,0.23,0.01,0.0,0.323,0.7899761336515513,1.0195776567764283,0.228,,0.012,,0.0,,False,96.0,99.0,96.0,88.0,93.0,91.0,91.0,92.0,94.0,high,high,high,high,high,high,high,high,high,2026-06-09
hitter,DET,MIN,Gleyber Torres,650402,1.0,2B,Confirmed,4.74,,,,,0.83,0.42,,,,,0.7673182358728544,0.9016755313647304,0.4066802717439665,0.4298746196948602,0.6434108527131783,0.674118821102895,0.17165245058397963,0.165495701659202,,,0.66,0.63,0.4,2.13,0.17,1.27,0.23,0.01,0.0,0.36,1.1521739130434783,1.3731993179075592,0.231,,0.009,,0.0,,False,96.0,99.0,96.0,88.0,93.0,91.0,91.0,92.0,94.0,high,high,high,high,high,high,high,high,high,2026-06-09
hitter,DET,MIN,Kevin McGonigle,805808,2.0,3B,Confirmed,4.97,,,,,0.75,0.41,,,,,0.664006484228473,0.8300332210318707,0.3992276124316011,0.42757490912230756,0.6434108527131783,0.708959213325417,0.1361820749946202,0.1468959382800098,,,0.68,0.66,0.39,2.14,0.14,1.22,0.27,0.01,0.0,0.368,1.1238670694864048,1.2913045928718732,0.272,,0.01,,0.0,,False,96.0,99.0,96.0,88.0,93.0,91.0,91.0,92.0,94.0,high,high,high,high,high,high,high,high,high,2026-06-09
hitter,DET,MIN,Dillon Dingler,693307,3.0,C,Confirmed,4.64,,,,,1.14,0.24,,,,,1.0357878003007261,1.2470195471746977,0.22396241413929313,0.2522069520101297,0.5290322580645161,0.6594033493324643,0.16990395968862768,0.20385337877622153,,,0.6,0.57,0.45,2.12,0.19,1.38,0.19,0.01,0.0,0.313,1.239368165249089,1.5014278092420041,0.194,,0.009,,0.0,,False,96.0,99.0,96.0,88.0,93.0,91.0,91.0,92.0,94.0,high,high,high,high,high,high,high,high,high,2026-06-09
hitter,DET,MIN,Kerry Carpenter,681481,4.0,RF,Confirmed,3.49,,,,,0.99,0.15,,,,,0.9635259332733818,1.0091019747091294,0.16169309356783498,0.1467252895948239,0.35424354243542433,0.3829036425377598,0.15845181308305492,0.1589029575586956,,,0.37,0.43,0.33,1.56,0.16,0.96,0.16,0.01,0.0,0.322,0.9875776397515532,0.9317389700721834,0.159,,0.009,,0.0,,False,96.0,99.0,96.0,88.0,93.0,91.0,91.0,92.0,94.0,high,high,high,high,high,high,high,high,high,2026-06-09
hitter,DET,MIN,Riley Greene,682985,5.0,LF,Confirmed,4.74,,,,,1.35,0.33,,,,,1.2159955747385875,1.4934198153137601,0.3078809433743702,0.3484095308603454,0.5290322580645161,0.6579621968440172,0.18332624659243432,0.19590211237260713,,,0.6,0.59,0.42,2.01,0.19,1.34,0.27,0.01,0.0,0.343,1.239368165249089,1.426423210690526,0.272,,0.011,,0.0,,False,96.0,99.0,96.0,88.0,93.0,91.0,91.0,92.0,94.0,high,high,high,high,high,high,high,high,high,2026-06-09
hitter,DET,MIN,Spencer Torkelson,679529,6.0,1B,Confirmed,4.25,,,,,1.2,0.3,,,,,1.1201896345832183,1.2850719717359482,0.29766561746740006,0.30756226996661934,0.4125159642401022,0.5368930800888521,0.19721701400802186,0.19266009187522257,,,0.48,0.45,0.37,1.7,0.19,1.2,0.19,0.01,0.0,0.329,1.1238670694864048,1.2564098473717147,0.192,,0.008,,0.0,,False,96.0,99.0,96.0,88.0,93.0,91.0,91.0,92.0,94.0,high,high,high,high,high,high,high,high,high,2026-06-09
hitter,DET,MIN,Colt Keith,690993,7.0,DH,Confirmed,3.33,,,,,0.76,0.16,,,,,0.702751779053477,0.8210128249356177,0.16699436630147274,0.15980397515588685,0.35424354243542433,0.3916277594990919,0.08338661273282033,0.07879183030527052,,,0.37,0.36,0.28,1.44,0.08,0.71,0.17,0.01,0.0,0.33,0.6720588235294118,0.74237811682544,0.169,,0.012,,0.0,,False,96.0,99.0,96.0,88.0,93.0,91.0,91.0,92.0,94.0,high,high,high,high,high,high,high,high,high,2026-06-09
hitter,DET,MIN,Matt Vierling,663837,8.0,CF,Confirmed,4.45,,,,,0.87,0.29,,,,,0.783108311709687,0.9636400673302074,0.25815191444080454,0.32957842021311873,0.5290322580645161,0.6202732894025907,0.09395218161762828,0.10661221173135366,,,0.58,0.46,0.35,1.81,0.1,1.06,0.23,0.01,0.0,0.319,0.9875776397515532,1.110423934284429,0.226,,0.01,,0.0,,False,96.0,99.0,96.0,88.0,93.0,91.0,91.0,92.0,94.0,high,high,high,high,high,high,high,high,high,2026-06-09
hitter,DET,MIN,Zach McKinstry,656716,9.0,CF,Confirmed,3.54,,,,,0.76,0.22,,,,,0.6954888214977495,0.8319392127264478,0.22199614529638917,0.212230207481793,0.4125159642401022,0.4499973014583294,0.08325629508359375,0.08675397353191837,,,0.43,0.38,0.28,1.46,0.09,0.8,0.22,0.01,0.0,0.329,0.7899761336515513,0.8137833774086136,0.216,,0.014,,0.0,,False,96.0,99.0,96.0,88.0,93.0,91.0,91.0,92.0,94.0,high,high,high,high,high,high,high,high,high,2026-06-09
hitter,MIN,DET,Byron Buxton,621439,1.0,CF,Confirmed,4.03,,,,,0.69,0.14,,,,,0.6370167543010709,0.7444443133154734,0.1457648736173593,0.1420726588262526,1.0980834272829765,1.1260938292732428,0.2705195811303784,0.20599554551186186,,,1.11,0.43,0.35,1.42,0.24,1.96,0.11,0.01,0.0,0.259,2.057017543859649,1.8863685129300778,0.108,,0.008,,0.0,,False,96.0,99.0,96.0,88.0,93.0,91.0,91.0,92.0,94.0,high,high,high,high,high,high,high,high,high,2026-06-09
hitter,MIN,DET,Brooks Lee,686797,2.0,3B,Confirmed,3.96,,,,,0.91,0.1,,,,,0.8700540822018437,0.9424171699816691,0.0990121958392525,0.09177898665746917,0.6434108527131783,0.676345020239613,0.03727247766911704,0.0403265180430889,,,0.66,0.35,0.28,1.28,0.04,0.91,0.11,0.01,0.0,0.219,0.8408408408408409,0.9584809476684586,0.108,,0.008,,0.0,,False,96.0,99.0,96.0,88.0,93.0,91.0,91.0,92.0,94.0,high,high,high,high,high,high,high,high,high,2026-06-09
hitter,MIN,DET,Kody Clemens,665019,3.0,LF,Confirmed,3.96,,,,,1.18,0.12,,,,,1.132610477074849,1.2276276292865174,0.11404687464358441,0.1232230543502759,0.7061469265367316,0.6670931730705726,0.051071270196377354,0.04475140426884374,,,0.68,0.42,0.4,1.53,0.05,1.0,0.13,0.01,0.0,0.26,0.9875776397515532,1.0061415413426675,0.129,,0.007,,0.0,,False,96.0,99.0,96.0,88.0,93.0,91.0,91.0,92.0,94.0,high,high,high,high,high,high,high,high,high,2026-06-09
hitter,MIN,DET,Josh Bell,605137,4.0,DH,Confirmed,3.81,,,,,1.01,0.12,,,,,1.001976134544847,1.0082978322985114,0.11253805765827882,0.12412822536247452,0.6434108527131783,0.6904825073689692,0.038555896003423434,0.04911404476460103,,,0.67,0.39,0.35,1.39,0.04,0.99,0.13,0.01,0.0,0.251,0.9875776397515532,0.9870254673087441,0.127,,0.006,,0.0,,False,96.0,99.0,96.0,88.0,93.0,91.0,91.0,92.0,94.0,high,high,high,high,high,high,high,high,high,2026-06-09
hitter,MIN,DET,Trevor Larnach,663616,5.0,LF,Confirmed,3.48,,,,,1.0,0.1,,,,,0.994652114395335,1.0067416903718958,0.1055993583563735,0.0876001373151688,0.4125159642401022,0.5068959206314722,0.02937811891688145,0.0222654896633278,,,0.46,0.26,0.22,0.9,0.03,0.69,0.1,0.01,0.0,0.193,0.6720588235294118,0.7027370151455807,0.097,,0.007,,0.0,,False,96.0,99.0,96.0,88.0,93.0,91.0,91.0,92.0,94.0,high,high,high,high,high,high,high,high,high,2026-06-09
hitter,MIN,DET,Victor Caratini,605170,6.0,C,Confirmed,3.33,,,,,0.82,0.09,,,,,0.8238323646413851,0.8194265513410756,0.10305457083325346,0.07147475660750707,0.4125159642401022,0.4790215370299838,0.02688950764663996,0.028116935743103286,,,0.45,0.22,0.22,0.85,0.03,0.67,0.09,0.01,0.0,0.193,0.6720588235294118,0.6628383516805006,0.092,,0.006,,0.0,,False,96.0,99.0,96.0,88.0,93.0,91.0,91.0,92.0,94.0,high,high,high,high,high,high,high,high,high,2026-06-09
hitter,MIN,DET,Royce Lewis,668904,7.0,1B,Confirmed,3.81,,,,,1.15,0.08,,,,,1.1049668949867664,1.188469886986459,0.09195421054204976,0.07688298109784482,0.5290322580645161,0.5784071551430903,0.03808799895402527,0.06328611886878924,,,0.56,0.29,0.28,1.1,0.05,0.83,0.1,0.01,0.0,0.214,0.7899761336515513,0.8546545330942589,0.102,,0.006,,0.0,,False,96.0,99.0,96.0,88.0,93.0,91.0,91.0,92.0,94.0,high,high,high,high,high,high,high,high,high,2026-06-09
hitter,MIN,DET,Luke Keaschall,807712,8.0,2B,Confirmed,3.81,,,,,0.7,0.11,,,,,0.692037515456328,0.7131316571410422,0.11207748567347466,0.103865178509229,0.6434108527131783,0.6311215531358925,0.022666910819998217,0.017406467655595705,,,0.64,0.29,0.25,1.2,0.02,0.83,0.1,0.01,0.0,0.22,0.7899761336515513,0.8659223727998469,0.105,,0.006,,0.0,,False,96.0,99.0,96.0,88.0,93.0,91.0,91.0,92.0,94.0,high,high,high,high,high,high,high,high,high,2026-06-09
hitter,MIN,DET,Tristan Gray,656484,9.0,SS,Confirmed,3.02,,,,,0.97,0.06,,,,,0.9022842140837769,1.0432155571023742,0.0726105624785944,0.054180694354009004,0.35424354243542433,0.33582860936141135,0.03027155397820657,0.025301098900881214,,,0.34,0.2,0.18,0.74,0.03,0.55,0.08,0.01,0.0,0.19,0.5302013422818792,0.5706206746600495,0.077,,0.006,,0.0,,False,96.0,99.0,96.0,88.0,93.0,91.0,91.0,92.0,94.0,high,high,high,high,high,high,high,high,high,2026-06-09
hitter,MIA,AZ,Liam Hicks,689414,1.0,DH,Confirmed,4.51,,,,,0.66,0.48,,,,,0.598621458584308,0.7165132695175849,0.4608246927660197,0.5078052246509459,0.801980198019802,0.8138322014008257,0.03674112245534607,0.04275234133143271,,,0.81,0.59,0.43,2.15,0.04,1.18,0.24,0.01,0.0,0.333,1.1521739130434783,1.1992259180285698,0.241,,0.012,,0.0,,False,96.0,99.0,96.0,88.0,93.0,91.0,91.0,92.0,94.0,high,high,high,high,high,high,high,high,high,2026-06-09
hitter,MIA,AZ,Otto Lopez,672640,2.0,SS,Confirmed,4.74,,,,,0.71,0.33,,,,,0.6651066265106704,0.7634419663435841,0.31782908631297146,0.35063685111666404,0.994208494208494,1.0288906124203283,0.06273881387498112,0.06411267082844188,,,1.01,0.73,0.58,2.81,0.06,1.31,0.26,0.01,0.0,0.376,1.3148148148148149,1.3145824216687643,0.263,,0.013,,0.0,,False,96.0,99.0,96.0,88.0,93.0,91.0,91.0,92.0,94.0,high,high,high,high,high,high,high,high,high,2026-06-09
hitter,MIA,AZ,Kyle Stowers,669065,3.0,LF,Confirmed,4.61,,,,,1.31,0.52,,,,,1.2429088177371848,1.375647586164973,0.510915303233511,0.5350150873695069,0.707983193277311,0.7774803181814736,0.09252351430130168,0.07701875927278067,,,0.75,0.64,0.56,2.3,0.08,1.15,0.19,0.01,0.0,0.349,1.1238670694864048,1.1663476680731153,0.189,,0.011,,0.0,,False,96.0,99.0,96.0,88.0,93.0,91.0,91.0,92.0,94.0,high,high,high,high,high,high,high,high,high,2026-06-09
hitter,MIA,AZ,Xavier Edwards,669364,4.0,2B,Confirmed,4.74,,,,,0.65,0.48,,,,,0.5852331992612111,0.709676645915547,0.45558046537695596,0.5053299468324726,0.994208494208494,0.9813706812239746,0.03340339274384714,0.040981034963671656,,,0.99,0.72,0.59,2.81,0.04,1.15,0.21,0.01,0.0,0.38,1.1521739130434783,1.148610016062181,0.212,,0.012,,0.0,,False,96.0,99.0,96.0,88.0,93.0,91.0,91.0,92.0,94.0,high,high,high,high,high,high,high,high,high,2026-06-09
hitter,MIA,AZ,Leo Jiménez,677870,5.0,3B,Confirmed,4.08,,,,,0.91,0.31,,,,,0.7883434452699519,1.0376509116199146,0.30267501113148343,0.3108644934929654,0.994208494208494,0.9623784069918432,0.14927066119704938,0.13409592407925774,,,0.98,0.58,0.52,2.2,0.14,1.59,0.22,0.01,0.0,0.355,1.684375,1.512167198770459,0.22,,0.008,,0.0,,False,96.0,99.0,96.0,88.0,93.0,91.0,91.0,92.0,94.0,high,high,high,high,high,high,high,high,high,2026-06-09
hitter,MIA,AZ,Owen Caissie,683357,6.0,RF,Confirmed,3.1,,,,,1.05,0.27,,,,,1.057472003303511,1.050248509445947,0.2807052535502115,0.2692122784012224,0.4125159642401022,0.3137498189440737,0.03861780931853297,0.02242939255025971,,,0.36,0.37,0.36,1.53,0.03,0.59,0.14,0.01,0.0,0.341,0.6289308176100628,0.5528419743901127,0.143,,0.008,,0.0,,False,96.0,99.0,96.0,88.0,93.0,91.0,91.0,92.0,94.0,high,high,high,high,high,high,high,high,high,2026-06-09
hitter,MIA,AZ,Jakob Marsee,805300,7.0,CF,Confirmed,4.51,,,,,1.01,0.52,,,,,0.9028931262066202,1.1138139750003033,0.4955036998168947,0.5539681333092644,0.7715355805243446,0.811140528192035,0.04375519891332106,0.04532004165868344,,,0.79,0.53,0.44,2.07,0.04,1.15,0.24,0.01,0.0,0.345,1.1238670694864048,1.1663587893338834,0.239,,0.015,,0.0,,False,96.0,99.0,96.0,88.0,93.0,91.0,91.0,92.0,94.0,high,high,high,high,high,high,high,high,high,2026-06-09
hitter,MIA,AZ,Joe Mack,691788,8.0,C,Confirmed,4.25,,,,,1.12,0.28,,,,,1.0672185326960455,1.1707900357786645,0.2728613420603029,0.28443347053317514,0.7061469265367316,0.7119566221616584,0.05812924225326889,0.0701470341451099,,,0.71,0.5,0.46,2.07,0.06,1.04,0.19,0.01,0.0,0.33,0.9875776397515532,1.0756187579160774,0.194,,0.01,,0.0,,False,96.0,99.0,96.0,88.0,93.0,91.0,91.0,92.0,94.0,high,high,high,high,high,high,high,high,high,2026-06-09
hitter,MIA,AZ,Connor Norby,681393,9.0,1B,Confirmed,3.02,,,,,0.89,0.22,,,,,0.8903586641278018,0.8889696847304877,0.23726696033163405,0.19280447079694135,0.7061469265367316,0.5876934475848049,0.09490120307385053,0.08259088574274208,,,0.64,0.35,0.31,1.44,0.09,1.02,0.15,0.01,0.0,0.337,1.1521739130434783,0.9143976468319293,0.153,,0.009,,0.0,,False,96.0,99.0,96.0,88.0,93.0,91.0,91.0,92.0,94.0,high,high,high,high,high,high,high,high,high,2026-06-09
hitter,AZ,MIA,Ketel Marte,606466,1.0,2B,Confirmed,3.96,,,,,0.42,0.34,,,,,0.4556708162778136,0.37562255536573813,0.3463300648853773,0.32751230507061435,1.1702127659574468,1.1685521661742846,0.39848139490275886,0.3324064011518673,,,1.17,0.26,0.16,0.83,0.37,2.53,0.12,0.01,0.0,0.183,2.552380952380952,2.503532030465787,0.121,,0.013,,0.0,,False,96.0,99.0,96.0,88.0,93.0,91.0,91.0,92.0,94.0,high,high,high,high,high,high,high,high,high,2026-06-09
hitter,AZ,MIA,Corbin Carroll,682998,2.0,RF,Confirmed,3.89,,,,,0.66,0.28,,,,,0.6098011816411475,0.7101002038533601,0.27251253538682374,0.2823648032345882,1.1391752577319587,1.0233344185758046,0.3942924002051571,0.3415746541542915,,,1.08,0.25,0.16,0.82,0.37,2.41,0.12,0.02,0.0,0.178,2.552380952380952,2.297241167917266,0.116,,0.02,,0.0,,False,96.0,99.0,96.0,88.0,93.0,91.0,91.0,92.0,94.0,high,high,high,high,high,high,high,high,high,2026-06-09
hitter,AZ,MIA,Gabriel Moreno,672515,3.0,C,Confirmed,3.54,,,,,0.47,0.27,,,,,0.4988182036227202,0.433747257765455,0.30696771746342566,0.238083103952654,1.0980834272829765,0.9003390814113938,0.1770408848143053,0.1676329071628591,,,0.99,0.24,0.17,0.83,0.17,1.68,0.09,0.01,0.0,0.189,1.914285714285714,1.4834083002764498,0.089,,0.007,,0.0,,False,96.0,99.0,96.0,88.0,93.0,91.0,91.0,92.0,94.0,high,high,high,high,high,high,high,high,high,2026-06-09
hitter,AZ,MIA,Nolan Arenado,571448,4.0,3B,Confirmed,3.33,,,,,0.37,0.21,,,,,0.4104811644591845,0.3261934943226432,0.24692759532228525,0.16522796589198993,1.0,0.8340938426083097,0.22184024044063214,0.17874716454144143,,,0.91,0.2,0.15,0.71,0.2,1.65,0.09,0.01,0.0,0.169,1.914285714285714,1.4351868754202346,0.091,,0.007,,0.0,,False,96.0,99.0,96.0,88.0,93.0,91.0,91.0,92.0,94.0,high,high,high,high,high,high,high,high,high,2026-06-09
hitter,AZ,MIA,Pavin Smith,656976,5.0,DH,Confirmed,2.55,,,,,0.58,0.19,,,,,0.5923912967286518,0.5716420083232583,0.21064771281595218,0.16275099324217854,0.707983193277311,0.4846438017959338,0.1389553512626387,0.10015760672159184,,,0.59,0.19,0.14,0.67,0.12,1.0,0.07,0.01,0.0,0.203,1.239368165249089,0.8070024731813676,0.074,,0.007,,0.0,,False,96.0,99.0,96.0,88.0,93.0,91.0,91.0,92.0,94.0,high,high,high,high,high,high,high,high,high,2026-06-09
hitter,AZ,MIA,Geraldo Perdomo,672695,6.0,SS,Confirmed,3.49,,,,,0.29,0.3,,,,,0.35243996304900227,0.2202932540677298,0.3172437975454221,0.280503232732297,1.0980834272829765,0.9115804768740632,0.19485095470160088,0.13963713738077305,,,1.0,0.22,0.17,0.8,0.17,1.51,0.13,0.01,0.0,0.202,1.684375,1.3605919859351023,0.126,,0.011,,0.0,,False,96.0,99.0,96.0,88.0,93.0,91.0,91.0,92.0,94.0,high,high,high,high,high,high,high,high,high,2026-06-09
hitter,AZ,MIA,Ryan Waldschmidt,814439,7.0,CF,Confirmed,3.33,,,,,0.65,0.18,,,,,0.631965189369938,0.6585310114504741,0.20529442815049687,0.15494287774938556,1.0980834272829765,0.8500032731182762,0.13125384671864804,0.16150636061390314,,,0.96,0.17,0.13,0.66,0.15,1.51,0.1,0.01,0.0,0.159,1.684375,1.3755297151145505,0.101,,0.007,,0.0,,False,96.0,99.0,96.0,88.0,93.0,91.0,91.0,92.0,94.0,high,high,high,high,high,high,high,high,high,2026-06-09
hitter,AZ,MIA,LuJames Groover,694410,8.0,1B,Confirmed,2.77,,,,,0.42,0.16,,,,,0.3894717602448857,0.447381705280436,0.2013355165592512,0.12129222789477971,0.7061469265367316,0.54881045081935,0.08839146022804781,0.09449042506105065,,,0.62,0.16,0.12,0.62,0.09,0.98,0.07,0.01,0.0,0.176,1.1238670694864048,0.8663070894198099,0.067,,0.007,,0.0,,False,96.0,99.0,96.0,88.0,93.0,91.0,91.0,92.0,94.0,high,high,high,high,high,high,high,high,high,2026-06-09
hitter,AZ,MIA,Tommy Troy,694371,9.0,LF,Confirmed,3.1,,,,,0.39,0.2,,,,,0.3995014499605728,0.3830398907978838,0.23785017392024,0.15419105043901496,0.8770949720670391,0.7040326430189486,0.1316164685894952,0.10830299211336689,,,0.78,0.18,0.13,0.67,0.12,1.39,0.08,0.01,0.0,0.186,1.5956790123456794,1.2261914308227262,0.076,,0.007,,0.0,,False,96.0,99.0,96.0,88.0,93.0,91.0,91.0,92.0,94.0,high,high,high,high,high,high,high,high,high,2026-06-09
hitter,CLE,NYY,Travis Bazzana,683953,1.0,2B,Confirmed,4.27,,,,,0.91,0.47,,,,,0.9119744414797553,0.9126001100693658,0.5078745920956418,0.4412838454583051,0.994208494208494,0.945808629663572,0.0490814082065828,0.04983191472232408,,,0.97,0.71,0.62,2.43,0.05,1.32,0.16,0.01,0.0,0.391,1.3148148148148149,1.3234118944099376,0.165,,0.009,,0.0,,False,96.0,99.0,96.0,88.0,93.0,91.0,91.0,92.0,94.0,high,high,high,high,high,high,high,high,high,2026-06-09
hitter,CLE,NYY,José Ramírez,608070,2.0,3B,Confirmed,4.48,,,,,0.7,0.55,,,,,0.7109850732736375,0.6920363469852634,0.5532672623515462,0.5407451017629353,0.994208494208494,0.9194696986915203,0.055799682497038317,0.05492680018484065,,,0.95,0.68,0.58,2.36,0.06,1.31,0.16,0.01,0.0,0.361,1.3148148148148149,1.301436982798555,0.159,,0.01,,0.0,,False,96.0,99.0,96.0,88.0,93.0,91.0,91.0,92.0,94.0,high,high,high,high,high,high,high,high,high,2026-06-09
hitter,CLE,NYY,Chase DeLauter,800050,3.0,RF,Confirmed,4.26,,,,,0.69,0.38,,,,,0.6721102267293879,0.7042459493813381,0.36346132935498965,0.3915986331077995,0.994208494208494,0.9332233877574889,0.044351278670045485,0.04169296909938935,,,0.96,0.63,0.6,2.33,0.04,1.31,0.16,0.01,0.0,0.351,1.3148148148148149,1.3128397481734635,0.157,,0.009,,0.0,,False,96.0,99.0,96.0,88.0,93.0,91.0,91.0,92.0,94.0,high,high,high,high,high,high,high,high,high,2026-06-09
hitter,CLE,NYY,Kyle Manzardo,700932,4.0,1B,Confirmed,3.48,,,,,1.11,0.35,,,,,1.1473748028955089,1.0743707807743896,0.3659614931720342,0.3293721814863812,0.6434108527131783,0.49369107150503017,0.04978085362860576,0.03765468180218943,,,0.56,0.55,0.58,1.84,0.04,0.82,0.1,0.01,0.0,0.369,0.8408408408408409,0.7974424802801668,0.104,,0.007,,0.0,,False,96.0,99.0,96.0,88.0,93.0,91.0,91.0,92.0,94.0,high,high,high,high,high,high,high,high,high,2026-06-09
hitter,CLE,NYY,Rhys Hoskins,656555,5.0,DH,Confirmed,4.03,,,,,1.19,0.58,,,,,1.1385839475279433,1.2506044353387464,0.5973153932630471,0.557349319249703,0.6506024096385542,0.5532626476019682,0.05117559393342929,0.07144025547550448,,,0.6,0.67,0.68,2.12,0.06,0.96,0.1,0.01,0.0,0.39,0.9875776397515532,0.9340233001677432,0.101,,0.007,,0.0,,False,96.0,99.0,96.0,88.0,93.0,91.0,91.0,92.0,94.0,high,high,high,high,high,high,high,high,high,2026-06-09
hitter,CLE,NYY,Angel Martínez,682657,6.0,LF,Confirmed,3.33,,,,,0.91,0.18,,,,,0.9064792523615535,0.9128593344713885,0.1681851363579224,0.18255165527136574,0.7061469265367316,0.6146823505290523,0.03359095932424887,0.03101177996134075,,,0.66,0.42,0.49,1.72,0.03,0.92,0.13,0.01,0.0,0.336,1.001763668430335,0.850308418134274,0.128,,0.009,,0.0,,False,96.0,99.0,96.0,88.0,93.0,91.0,91.0,92.0,94.0,high,high,high,high,high,high,high,high,high,2026-06-09
hitter,CLE,NYY,Steven Kwan,680757,7.0,CF,Confirmed,3.74,,,,,0.45,0.33,,,,,0.3908648696805266,0.5056466063438536,0.3383703554669062,0.31809027765827935,0.801980198019802,0.7431284001406376,0.02616668063265579,0.016468096146926233,,,0.77,0.41,0.37,1.66,0.02,1.07,0.13,0.01,0.0,0.305,1.1238670694864048,1.0337036825645158,0.134,,0.01,,0.0,,False,96.0,99.0,96.0,88.0,93.0,91.0,91.0,92.0,94.0,high,high,high,high,high,high,high,high,high,2026-06-09
hitter,CLE,NYY,Austin Hedges,595978,8.0,C,Confirmed,3.74,,,,,0.84,0.26,,,,,0.7290907036024249,0.9451733776687417,0.2619915841894962,0.26240918006027036,0.801980198019802,0.8124253400681016,0.07155060755172107,0.0784857683903254,,,0.81,0.4,0.36,1.53,0.08,1.15,0.11,0.01,0.0,0.296,1.1521739130434783,1.152019697328482,0.113,,0.007,,0.0,,False,96.0,99.0,96.0,88.0,93.0,91.0,91.0,92.0,94.0,high,high,high,high,high,high,high,high,high,2026-06-09
hitter,CLE,NYY,Brayan Rocchio,677587,9.0,SS,Confirmed,3.49,,,,,0.7,0.25,,,,,0.7106314561115026,0.6935017814473353,0.2603518690373584,0.2327147422430702,0.7061469265367316,0.6189633431881987,0.030330281456101487,0.02328992424584627,,,0.66,0.39,0.38,1.57,0.03,0.93,0.13,0.01,0.0,0.304,1.001763668430335,0.8642519491480462,0.127,,0.009,,0.0,,False,96.0,99.0,96.0,88.0,93.0,91.0,91.0,92.0,94.0,high,high,high,high,high,high,high,high,high,2026-06-09
hitter,NYY,CLE,Trent Grisham,663757,1.0,CF,Confirmed,3.96,,,,,1.0,0.61,,,,,0.9689542201318654,1.0240354387491897,0.6293319015766887,0.5976883782776453,0.7715355805243446,0.7406311517574109,0.31633784772401874,0.31796750993216333,,,0.75,0.41,0.29,1.47,0.32,1.7,0.15,0.01,0.0,0.267,1.684375,1.7165003372718215,0.154,,0.008,,0.0,,False,96.0,99.0,96.0,88.0,93.0,91.0,91.0,92.0,94.0,high,high,high,high,high,high,high,high,high,2026-06-09
hitter,NYY,CLE,Ben Rice,700250,2.0,DH,Confirmed,4.03,,,,,0.99,0.5,,,,,1.0050380237329752,0.9687178467887068,0.5152663500571694,0.48332711142370316,0.8694581280788177,0.7710633771083613,0.29918132200788905,0.3019766941636813,,,0.82,0.41,0.3,1.51,0.3,1.84,0.15,0.01,0.0,0.263,1.914285714285714,1.7806038009680811,0.152,,0.01,,0.0,,False,96.0,99.0,96.0,88.0,93.0,91.0,91.0,92.0,94.0,high,high,high,high,high,high,high,high,high,2026-06-09
hitter,NYY,CLE,Paul Goldschmidt,502671,3.0,1B,Confirmed,3.81,,,,,0.8,0.38,,,,,0.7890794970761116,0.8112187008338876,0.39103930954256116,0.3631445541291464,0.7715355805243446,0.684359823610745,0.1816288351765859,0.19341814129163265,,,0.72,0.34,0.29,1.34,0.19,1.37,0.16,0.01,0.0,0.228,1.3893129770992367,1.3603817036832546,0.158,,0.008,,0.0,,False,96.0,99.0,96.0,88.0,93.0,91.0,91.0,92.0,94.0,high,high,high,high,high,high,high,high,high,2026-06-09
hitter,NYY,CLE,Cody Bellinger,641355,4.0,LF,Confirmed,4.04,,,,,0.67,0.56,,,,,0.683940437791533,0.6641635934744498,0.611250411197097,0.5015978788931305,0.801980198019802,0.8013406312714405,0.23430110068232984,0.26832770794571703,,,0.8,0.41,0.33,1.54,0.25,1.62,0.16,0.01,0.0,0.262,1.5956790123456794,1.6403292233741391,0.162,,0.009,,0.0,,False,96.0,99.0,96.0,88.0,93.0,91.0,91.0,92.0,94.0,high,high,high,high,high,high,high,high,high,2026-06-09
hitter,NYY,CLE,Jazz Chisholm Jr.,665862,5.0,2B,Confirmed,3.89,,,,,1.15,0.51,,,,,1.1446714184160034,1.1484100042242353,0.5355604227179498,0.4771285285631773,0.7061469265367316,0.6361718744154007,0.29782707929662827,0.3160442725090831,,,0.67,0.37,0.3,1.38,0.31,1.71,0.14,0.01,0.0,0.248,1.684375,1.7239480053892076,0.143,,0.009,,0.0,,False,96.0,99.0,96.0,88.0,93.0,91.0,91.0,92.0,94.0,high,high,high,high,high,high,high,high,high,2026-06-09
hitter,NYY,CLE,Spencer Jones,682987,6.0,RF,Confirmed,2.55,,,,,0.91,0.19,,,,,0.9195597232051689,0.9034447690738799,0.2028990535113077,0.1758065337966599,0.35424354243542433,0.24256793656673084,0.11811020288410604,0.10895843530157216,,,0.29,0.16,0.15,0.66,0.11,0.79,0.09,0.01,0.0,0.182,0.7899761336515513,0.7926995140191013,0.088,,0.009,,0.0,,False,96.0,99.0,96.0,88.0,93.0,91.0,91.0,92.0,94.0,high,high,high,high,high,high,high,high,high,2026-06-09
hitter,NYY,CLE,Anthony Volpe,683011,7.0,SS,Confirmed,3.89,,,,,1.08,0.47,,,,,1.059219332910269,1.093841993459884,0.49499606100754256,0.44315511444735556,0.7715355805243446,0.7114809423982088,0.25046841897062894,0.26384303285967237,,,0.74,0.34,0.28,1.4,0.26,1.45,0.15,0.01,0.0,0.252,1.3893129770992367,1.508682702484259,0.155,,0.01,,0.0,,False,96.0,99.0,96.0,88.0,93.0,91.0,91.0,92.0,94.0,high,high,high,high,high,high,high,high,high,2026-06-09
hitter,NYY,CLE,Ryan McMahon,641857,8.0,3B,Confirmed,3.1,,,,,1.04,0.39,,,,,1.0795713303846233,0.9988237995722855,0.4385445413980946,0.33563442822946216,0.5290322580645161,0.4001146327430129,0.2119223346913827,0.18494253492342044,,,0.46,0.24,0.2,0.97,0.2,1.19,0.12,0.01,0.0,0.235,1.239368165249089,1.156389934121339,0.124,,0.009,,0.0,,False,96.0,99.0,96.0,88.0,93.0,91.0,91.0,92.0,94.0,high,high,high,high,high,high,high,high,high,2026-06-09
hitter,NYY,CLE,J.C. Escarra,641555,9.0,C,Confirmed,3.02,,,,,0.63,0.32,,,,,0.6313118450062951,0.6369765157265104,0.34316334181762087,0.30334571507533625,0.5290322580645161,0.43390805417232464,0.11350156612825699,0.12561430241274416,,,0.48,0.23,0.19,0.94,0.12,0.95,0.13,0.01,0.0,0.226,1.001763668430335,0.9133524923975753,0.133,,0.008,,0.0,,False,96.0,99.0,96.0,88.0,93.0,91.0,91.0,92.0,94.0,high,high,high,high,high,high,high,high,high,2026-06-09
hitter,TOR,PHI,Vladimir Guerrero Jr.,665489,1.0,DH,Confirmed,3.96,,,,,0.93,0.22,,,,,0.9271089513409051,0.9335491111197832,0.24142218973796575,0.19957600821078503,0.801980198019802,0.7532702938295772,0.1034196477771801,0.12649256389898486,,,0.78,0.35,0.24,1.07,0.11,1.25,0.1,0.01,0.0,0.239,1.239368165249089,1.2578200205830643,0.098,,0.007,,0.0,,False,96.0,99.0,96.0,88.0,93.0,91.0,91.0,92.0,94.0,high,high,high,high,high,high,high,high,high,2026-06-09
hitter,TOR,PHI,Nathan Lukes,664770,2.0,CF,Confirmed,3.96,,,,,0.84,0.18,,,,,0.7258058280401126,0.9498640626719371,0.17991881624278944,0.1796181642238679,0.7715355805243446,0.8307789613913253,0.09880337296832117,0.10634604631064924,,,0.8,0.34,0.24,1.11,0.1,1.16,0.1,0.01,0.0,0.222,1.1238670694864048,1.1885799361329246,0.102,,0.007,,0.0,,False,96.0,99.0,96.0,88.0,93.0,91.0,91.0,92.0,94.0,high,high,high,high,high,high,high,high,high,2026-06-09
hitter,TOR,PHI,Ernie Clement,676391,3.0,2B,Confirmed,4.08,,,,,0.76,0.14,,,,,0.6651711167344595,0.8547600099002363,0.1361803947504177,0.15140780354857752,0.801980198019802,0.9003817895074687,0.11455316424951029,0.11411012279268873,,,0.86,0.36,0.32,1.26,0.11,1.25,0.12,0.01,0.0,0.217,1.239368165249089,1.2520646046025552,0.117,,0.007,,0.0,,False,96.0,99.0,96.0,88.0,93.0,91.0,91.0,92.0,94.0,high,high,high,high,high,high,high,high,high,2026-06-09
hitter,TOR,PHI,Jesús Sánchez,660821,4.0,LF,Confirmed,3.02,,,,,1.08,0.11,,,,,1.0622343778216683,1.100226374430216,0.12843226527869497,0.09582561359879825,0.4803149606299212,0.49625186240609154,0.155378478024225,0.12410301794652331,,,0.49,0.29,0.27,0.91,0.14,0.95,0.08,0.01,0.0,0.24,1.001763668430335,0.9093796727092681,0.075,,0.006,,0.0,,False,96.0,99.0,96.0,88.0,93.0,91.0,91.0,92.0,94.0,high,high,high,high,high,high,high,high,high,2026-06-09
hitter,TOR,PHI,Yohendrick Piñango,682818,5.0,RF,Confirmed,3.81,,,,,1.44,0.12,,,,,1.3896131592210568,1.4922191273299674,0.1365321522989194,0.11247448276841422,0.6506024096385542,0.669291931448941,0.16327229972585833,0.14817690644047873,,,0.66,0.32,0.28,1.01,0.16,1.28,0.09,0.01,0.0,0.211,1.239368165249089,1.3217037951938129,0.093,,0.006,,0.0,,False,96.0,99.0,96.0,88.0,93.0,91.0,91.0,92.0,94.0,high,high,high,high,high,high,high,high,high,2026-06-09
hitter,TOR,PHI,Brandon Valenzuela,678218,6.0,C,Confirmed,3.96,,,,,1.22,0.22,,,,,1.1935270792110606,1.250441320346269,0.22622362330863266,0.2230675862796695,0.6434108527131783,0.6440450514565179,0.10690801023723048,0.1160158605811588,,,0.64,0.28,0.24,0.93,0.11,1.03,0.09,0.01,0.0,0.216,1.001763668430335,1.0603742313407472,0.088,,0.006,,0.0,,False,96.0,99.0,96.0,88.0,93.0,91.0,91.0,92.0,94.0,high,high,high,high,high,high,high,high,high,2026-06-09
hitter,TOR,PHI,Kazuma Okamoto,672960,7.0,3B,Confirmed,4.18,,,,,1.78,0.27,,,,,1.703935336237602,1.8651325053340373,0.2608811426910149,0.2691382429422903,0.707983193277311,0.7490083375050997,0.17382842049821914,0.17372682623716712,,,0.73,0.35,0.29,1.12,0.17,1.43,0.09,0.01,0.0,0.25,1.3148148148148149,1.5154571931814218,0.095,,0.007,,0.0,,False,96.0,99.0,96.0,88.0,93.0,91.0,91.0,92.0,94.0,high,high,high,high,high,high,high,high,high,2026-06-09
hitter,TOR,PHI,Andrés Giménez,665926,8.0,SS,Confirmed,3.74,,,,,1.05,0.15,,,,,1.006432942195563,1.095506047523276,0.14586221569914798,0.15788038171946653,0.707983193277311,0.7700874576422405,0.10273528618380076,0.09680411298895625,,,0.74,0.24,0.21,0.86,0.1,1.12,0.1,0.01,0.0,0.194,1.1521739130434783,1.092344198883369,0.098,,0.007,,0.0,,False,96.0,99.0,96.0,88.0,93.0,91.0,91.0,92.0,94.0,high,high,high,high,high,high,high,high,high,2026-06-09
hitter,TOR,PHI,Charles McAdoo,807727,9.0,1B,Confirmed,2.55,,,,,0.65,0.16,,,,,0.681147427134872,0.6251611106587153,0.1851273240623791,0.1355803642606584,0.6666666666666666,0.5399650954075222,0.030175385454003716,0.022435680183519026,,,0.6,0.21,0.17,0.72,0.03,0.65,0.07,0.01,0.0,0.25,0.7899761336515513,0.5381039234689688,0.068,,0.007,,0.0,,False,96.0,99.0,96.0,88.0,93.0,91.0,91.0,92.0,94.0,high,high,high,high,high,high,high,high,high,2026-06-09
hitter,PHI,TOR,Kyle Schwarber,656941,1.0,DH,Confirmed,4.51,,,,,1.21,1.2,,,,,1.2501059521018991,1.1696372608919994,1.3688440827644264,1.0219893706247827,0.994208494208494,0.939604318449248,0.3811068133816043,0.4099987016515065,,,0.96,0.8,0.71,2.39,0.4,2.14,0.11,0.01,0.0,0.423,2.057017543859649,2.216335461987441,0.107,,0.006,,0.0,,False,96.0,99.0,96.0,88.0,93.0,91.0,91.0,92.0,94.0,high,high,high,high,high,high,high,high,high,2026-06-09
hitter,PHI,TOR,Trea Turner,607208,2.0,SS,Confirmed,4.26,,,,,0.73,0.7,,,,,0.7638998731642543,0.6955698878422163,0.7510477106532204,0.654606129264835,1.0980834272829765,0.9899955983626191,0.11709704697756734,0.10309592495528501,,,1.04,0.55,0.45,2.0,0.11,1.62,0.13,0.01,0.0,0.311,1.684375,1.559152580902987,0.135,,0.009,,0.0,,False,96.0,99.0,96.0,88.0,93.0,91.0,91.0,92.0,94.0,high,high,high,high,high,high,high,high,high,2026-06-09
hitter,PHI,TOR,Bryce Harper,547180,3.0,1B,Confirmed,4.25,,,,,0.84,0.95,,,,,0.8635813837860513,0.8140342083203767,0.9715767709311253,0.925370631883527,0.994208494208494,0.8783841736267712,0.1977453259350467,0.21216299425163937,,,0.93,0.62,0.59,2.1,0.2,1.75,0.12,0.01,0.0,0.354,1.914285714285714,1.620115974992828,0.121,,0.007,,0.0,,False,96.0,99.0,96.0,88.0,93.0,91.0,91.0,92.0,94.0,high,high,high,high,high,high,high,high,high,2026-06-09
hitter,PHI,TOR,Brandon Marsh,669016,4.0,LF,Confirmed,4.04,,,,,0.96,0.55,,,,,0.9791474204936949,0.9479975051673303,0.5429412307990947,0.5571469015539505,0.801980198019802,0.8002365208603719,0.12897741519051475,0.09975147310772293,,,0.8,0.46,0.44,1.7,0.11,1.18,0.12,0.01,0.0,0.275,1.239368165249089,1.138469763144048,0.12,,0.007,,0.0,,False,96.0,99.0,96.0,88.0,93.0,91.0,91.0,92.0,94.0,high,high,high,high,high,high,high,high,high,2026-06-09
hitter,PHI,TOR,Alec Bohm,664761,5.0,3B,Confirmed,4.25,,,,,0.58,0.61,,,,,0.6077393352441584,0.5579864494673789,0.6057734694147399,0.6112275430979736,1.0980834272829765,1.0090721695411307,0.17058931582015932,0.17474637973504276,,,1.05,0.6,0.58,2.17,0.17,1.74,0.16,0.01,0.0,0.334,1.914285714285714,1.5993909245257403,0.162,,0.007,,0.0,,False,96.0,99.0,96.0,88.0,93.0,91.0,91.0,92.0,94.0,high,high,high,high,high,high,high,high,high,2026-06-09
hitter,PHI,TOR,Bryson Stott,681082,6.0,2B,Confirmed,3.96,,,,,0.62,0.65,,,,,0.6235188108178287,0.6067345229922688,0.7054724246502894,0.584938479706799,0.8694581280788177,0.7125943368918791,0.11522011479496955,0.10017105546842851,,,0.78,0.42,0.44,1.66,0.11,1.28,0.12,0.01,0.0,0.294,1.3148148148148149,1.2517093908171562,0.118,,0.008,,0.0,,False,96.0,99.0,96.0,88.0,93.0,91.0,91.0,92.0,94.0,high,high,high,high,high,high,high,high,high,2026-06-09
hitter,PHI,TOR,J.T. Realmuto,592663,7.0,C,Confirmed,3.96,,,,,0.76,0.56,,,,,0.7142060298838281,0.8111344711971499,0.5496788805835712,0.5638540111120564,0.8949771689497716,0.8752288200893208,0.15626640168662262,0.16455005238639628,,,0.88,0.46,0.45,1.78,0.16,1.54,0.12,0.01,0.0,0.314,1.5956790123456794,1.5022597816085315,0.122,,0.008,,0.0,,False,96.0,99.0,96.0,88.0,93.0,91.0,91.0,92.0,94.0,high,high,high,high,high,high,high,high,high,2026-06-09
hitter,PHI,TOR,Adolis García,666969,8.0,RF,Confirmed,3.81,,,,,0.99,0.64,,,,,1.0362246327024156,0.9390895277303595,0.7004778074376901,0.5746592012618013,0.8770949720670391,0.8166501085366809,0.21795639656918173,0.21585801483377087,,,0.84,0.5,0.51,1.82,0.22,1.56,0.11,0.01,0.0,0.35,1.5956790123456794,1.5384235681522747,0.114,,0.007,,0.0,,False,96.0,99.0,96.0,88.0,93.0,91.0,91.0,92.0,94.0,high,high,high,high,high,high,high,high,high,2026-06-09
hitter,PHI,TOR,Justin Crawford,702222,9.0,CF,Confirmed,3.1,,,,,0.58,0.48,,,,,0.6108048424861802,0.5439350494584896,0.5383283876417718,0.4156504584506455,0.7061469265367316,0.5846640623461102,0.0891478661651817,0.06004427726796182,,,0.64,0.34,0.32,1.37,0.07,1.03,0.13,0.01,0.0,0.302,1.1238670694864048,0.9486621425846383,0.129,,0.008,,0.0,,False,96.0,99.0,96.0,88.0,93.0,91.0,91.0,92.0,94.0,high,high,high,high,high,high,high,high,high,2026-06-09
hitter,NYM,STL,Carson Benge,701807,1.0,RF,Confirmed,4.26,,,,,0.76,0.32,,,,,0.7799375635315999,0.7406503058414997,0.32888381474379025,0.3019772563235099,1.4947368421052631,1.2087464697757853,0.14475397280851016,0.1474607184868074,,,1.34,0.47,0.35,1.82,0.15,1.94,0.16,0.01,0.0,0.278,2.057017543859649,1.8460930712642334,0.165,,0.012,,0.0,,False,96.0,99.0,96.0,88.0,93.0,91.0,91.0,92.0,94.0,high,high,high,high,high,high,high,high,high,2026-06-09
hitter,NYM,STL,Bo Bichette,666182,2.0,SS,Confirmed,4.25,,,,,0.54,0.38,,,,,0.5870861506518127,0.49266983575715473,0.3900196166495091,0.37798436328890433,1.4947368421052631,1.2454450979807763,0.16386228627883617,0.1633998370765176,,,1.36,0.49,0.35,1.83,0.16,1.99,0.19,0.01,0.0,0.292,2.057017543859649,1.9335754434671077,0.191,,0.008,,0.0,,False,96.0,99.0,96.0,88.0,93.0,91.0,91.0,92.0,94.0,high,high,high,high,high,high,high,high,high,2026-06-09
hitter,NYM,STL,Juan Soto,665742,3.0,LF,Confirmed,4.51,,,,,0.76,0.76,,,,,0.8262098068973106,0.6995558215475938,0.8198473397257806,0.7020323839183549,1.1391752577319587,1.1350041107246511,0.32427378480127594,0.2981180397747303,,,1.14,0.52,0.39,1.79,0.31,2.38,0.16,0.01,0.0,0.304,2.456692913385827,2.323173555222767,0.16,,0.007,,0.0,,False,96.0,99.0,96.0,88.0,93.0,91.0,91.0,92.0,94.0,high,high,high,high,high,high,high,high,high,2026-06-09
hitter,NYM,STL,Jared Young,676724,4.0,1B,Confirmed,3.89,,,,,0.95,0.32,,,,,0.942753733750323,0.9621423156590168,0.3273957495479195,0.31703326633839085,1.0980834272829765,0.9394925051318616,0.22886056591333093,0.16265111439695973,,,1.01,0.36,0.3,1.36,0.2,1.72,0.16,0.01,0.0,0.235,1.914285714285714,1.5610408170621288,0.156,,0.008,,0.0,,False,96.0,99.0,96.0,88.0,93.0,91.0,91.0,92.0,94.0,high,high,high,high,high,high,high,high,high,2026-06-09
hitter,NYM,STL,A.J. Ewing,805999,5.0,CF,Confirmed,4.08,,,,,0.95,0.44,,,,,0.9416287728879077,0.9497482548745757,0.4811350136364001,0.4029433784219271,1.0980834272829765,0.9845922610288342,0.10318065362892154,0.09796172218767456,,,1.04,0.41,0.32,1.52,0.1,1.73,0.15,0.01,0.0,0.261,1.914285714285714,1.5714844292549934,0.146,,0.011,,0.0,,False,96.0,99.0,96.0,88.0,93.0,91.0,91.0,92.0,94.0,high,high,high,high,high,high,high,high,high,2026-06-09
hitter,NYM,STL,Marcus Semien,543760,6.0,2B,Confirmed,4.18,,,,,0.65,0.38,,,,,0.6530757086693706,0.6562032230328103,0.3933354876847356,0.36524847705595787,1.0980834272829765,1.0384170537152322,0.15142186048104161,0.14383162344059813,,,1.07,0.36,0.33,1.5,0.15,1.73,0.14,0.01,0.0,0.257,1.914285714285714,1.5877641791053863,0.145,,0.008,,0.0,,False,96.0,99.0,96.0,88.0,93.0,91.0,91.0,92.0,94.0,high,high,high,high,high,high,high,high,high,2026-06-09
hitter,NYM,STL,Brett Baty,683146,7.0,3B,Confirmed,3.89,,,,,0.89,0.35,,,,,0.9074387983389351,0.8663936185808466,0.37162149222885266,0.32340528392269285,1.0980834272829765,0.9505286074529867,0.15805245960311515,0.1355709515203166,,,1.02,0.32,0.25,1.28,0.15,1.74,0.14,0.01,0.0,0.242,1.914285714285714,1.5900353755129937,0.135,,0.008,,0.0,,False,96.0,99.0,96.0,88.0,93.0,91.0,91.0,92.0,94.0,high,high,high,high,high,high,high,high,high,2026-06-09
hitter,NYM,STL,MJ Melendez,669004,8.0,DH,Confirmed,3.48,,,,,0.89,0.22,,,,,0.8822215974462873,0.900837021166041,0.2166454950779614,0.2213347100836379,0.801980198019802,0.7236266930387121,0.165218982184206,0.11321285790808897,,,0.76,0.27,0.23,1.15,0.14,1.31,0.13,0.01,0.0,0.224,1.3893129770992367,1.2373250145639172,0.132,,0.008,,0.0,,False,96.0,99.0,96.0,88.0,93.0,91.0,91.0,92.0,94.0,high,high,high,high,high,high,high,high,high,2026-06-09
hitter,NYM,STL,Francisco Alvarez,682626,9.0,C,Confirmed,3.54,,,,,0.75,0.36,,,,,0.7564746109803488,0.7383752895704786,0.3893587972554493,0.3376343831836454,0.801980198019802,0.6702238160560166,0.04466610303729181,0.03098742423508673,,,0.73,0.29,0.23,1.17,0.04,1.05,0.14,0.01,0.0,0.24,1.1521739130434783,0.9631495050909148,0.144,,0.011,,0.0,,False,96.0,99.0,96.0,88.0,93.0,91.0,91.0,92.0,94.0,high,high,high,high,high,high,high,high,high,2026-06-09
hitter,STL,NYM,JJ Wetherholt,802139,1.0,2B,Confirmed,4.57,,,,,0.9,0.75,,,,,0.8471848078623047,0.9472037506826358,0.7753944753323946,0.7227741471298399,0.6666666666666666,0.6131525844830501,0.05784796034277339,0.0638588003710816,,,0.64,0.59,0.46,2.04,0.06,0.95,0.22,0.01,0.0,0.325,1.001763668430335,0.9143653853552233,0.217,,0.007,,0.0,,False,96.0,99.0,96.0,88.0,93.0,91.0,91.0,92.0,94.0,high,high,high,high,high,high,high,high,high,2026-06-09
hitter,STL,NYM,Iván Herrera,671056,2.0,DH,Confirmed,4.57,,,,,0.91,0.86,,,,,0.8604711269300814,0.965840680864946,0.9595301364004835,0.7621199909484759,0.7715355805243446,0.624613709522044,0.05396962952781403,0.056245832568282014,,,0.69,0.57,0.41,1.97,0.06,1.03,0.21,0.01,0.0,0.318,1.1238670694864048,0.9481002669063763,0.21,,0.01,,0.0,,False,96.0,99.0,96.0,88.0,93.0,91.0,91.0,92.0,94.0,high,high,high,high,high,high,high,high,high,2026-06-09
hitter,STL,NYM,Alec Burleson,676475,3.0,1B,Confirmed,4.57,,,,,0.78,0.64,,,,,0.7456083256450355,0.8131858862041086,0.6515130624937352,0.6235116410188141,0.7715355805243446,0.7723458929859567,0.05795293715987869,0.0706747992296045,,,0.77,0.6,0.53,2.23,0.06,1.09,0.22,0.01,0.0,0.327,1.1238670694864048,1.0658825422008413,0.222,,0.011,,0.0,,False,96.0,99.0,96.0,88.0,93.0,91.0,91.0,92.0,94.0,high,high,high,high,high,high,high,high,high,2026-06-09
hitter,STL,NYM,Jordan Walker,691023,4.0,RF,Confirmed,4.51,,,,,1.24,0.67,,,,,1.1400621447047155,1.3453176992583185,0.7185409302759949,0.6185486026977102,0.7715355805243446,0.7581524918293143,0.07972106998580572,0.07355052488806466,,,0.76,0.6,0.53,2.23,0.08,1.13,0.19,0.01,0.0,0.329,1.1521739130434783,1.1141898685141118,0.189,,0.013,,0.0,,False,96.0,99.0,96.0,88.0,93.0,91.0,91.0,92.0,94.0,high,high,high,high,high,high,high,high,high,2026-06-09
hitter,STL,NYM,Lars Nootbaar,663457,5.0,LF,Confirmed,4.61,,,,,1.01,0.94,,,,,0.9667098841744494,1.0490017737003274,0.9627074855618372,0.9081887395610028,0.7061469265367316,0.6307543208008061,0.07508383031269575,0.06751134876470741,,,0.66,0.65,0.54,2.28,0.07,1.03,0.17,0.01,0.0,0.358,1.1521739130434783,0.9358785017004851,0.169,,0.008,,0.0,,False,96.0,99.0,96.0,88.0,93.0,91.0,91.0,92.0,94.0,high,high,high,high,high,high,high,high,high,2026-06-09
hitter,STL,NYM,Masyn Winn,691026,6.0,SS,Confirmed,4.45,,,,,0.68,0.2,,,,,0.7287354995745472,0.6376313229068442,0.20303020187701964,0.19283296857160137,1.1391752577319587,1.290618123490863,0.12871676663155288,0.12931533379429946,,,1.22,0.5,0.51,2.11,0.13,1.89,0.17,0.01,0.0,0.316,1.914285714285714,1.8674283350898613,0.169,,0.011,,0.0,,False,96.0,99.0,96.0,88.0,93.0,91.0,91.0,92.0,94.0,high,high,high,high,high,high,high,high,high,2026-06-09
hitter,STL,NYM,Jimmy Crooks,699625,7.0,C,Confirmed,3.89,,,,,0.85,0.22,,,,,0.8326429606187914,0.8718729367090823,0.22224316517856957,0.21182136485051833,1.0980834272829765,1.0990002478161613,0.12439647963733522,0.1192175995022047,,,1.1,0.39,0.34,1.53,0.12,1.8,0.18,0.02,0.0,0.292,1.914285714285714,1.6987787340510558,0.182,,0.02,,0.0,,False,96.0,99.0,96.0,88.0,93.0,91.0,91.0,92.0,94.0,high,high,high,high,high,high,high,high,high,2026-06-09
hitter,STL,NYM,Nolan Gorman,669357,8.0,3B,Confirmed,3.96,,,,,1.32,0.7,,,,,1.2508964651403534,1.3919313790108492,0.7165481697870039,0.6834609818412081,0.7061469265367316,0.6216163127596571,0.06990241251390414,0.06708510906164655,,,0.66,0.41,0.35,1.57,0.07,0.85,0.17,0.01,0.0,0.304,0.8000451812194056,0.8964293827203292,0.169,,0.007,,0.0,,False,96.0,99.0,96.0,88.0,93.0,91.0,91.0,92.0,94.0,high,high,high,high,high,high,high,high,high,2026-06-09
hitter,STL,NYM,Nathan Church,701675,9.0,CF,Confirmed,4.04,,,,,0.48,0.22,,,,,0.4259959190896341,0.539881607643764,0.22656337866969883,0.21730023296762624,0.801980198019802,0.8020082914880796,0.03014597364571223,0.03383605867200901,,,0.8,0.38,0.33,1.58,0.03,1.16,0.19,0.01,0.0,0.273,1.1521739130434783,1.1579474556822698,0.188,,0.012,,0.0,,False,96.0,99.0,96.0,88.0,93.0,91.0,91.0,92.0,94.0,high,high,high,high,high,high,high,high,high,2026-06-09
hitter,KC,TEX,Carter Jensen,695600,1.0,C,Confirmed,4.18,,,,,1.54,0.3,,,,,1.3993579113239591,1.6901273685359546,0.28978170359190014,0.3162642069514035,0.801980198019802,0.7876918668152064,0.05695258427448764,0.07601814098304265,,,0.79,0.51,0.42,1.92,0.07,1.12,0.2,0.01,0.0,0.293,1.1521739130434783,1.100362647549037,0.195,,0.01,,0.0,,False,96.0,99.0,96.0,88.0,93.0,91.0,91.0,92.0,94.0,high,high,high,high,high,high,high,high,high,2026-06-09
hitter,KC,TEX,Bobby Witt Jr.,677951,2.0,SS,Confirmed,4.61,,,,,1.32,0.36,,,,,1.294375063103106,1.3546918167212914,0.34096482954402063,0.3697226321934898,1.0980834272829765,1.0458380088713695,0.05071964791749493,0.07151020448890644,,,1.07,0.7,0.56,2.74,0.06,1.4,0.25,0.02,0.0,0.365,1.3148148148148149,1.4621595092701056,0.253,,0.017,,0.0,,False,96.0,99.0,96.0,88.0,93.0,91.0,91.0,92.0,94.0,high,high,high,high,high,high,high,high,high,2026-06-09
hitter,KC,TEX,Maikel Garcia,672580,3.0,3B,Confirmed,4.51,,,,,0.94,0.31,,,,,0.8287068353556168,1.0560345094492858,0.27943780489592096,0.33728724122241444,0.8949771689497716,1.01382420810287,0.039791506888747455,0.05342487849030285,,,0.96,0.52,0.47,2.08,0.05,1.31,0.22,0.01,0.0,0.281,1.239368165249089,1.359454957001304,0.224,,0.01,,0.0,,False,96.0,99.0,96.0,88.0,93.0,91.0,91.0,92.0,94.0,high,high,high,high,high,high,high,high,high,2026-06-09
hitter,KC,TEX,Vinnie Pasquantino,686469,4.0,1B,Confirmed,4.57,,,,,1.13,0.35,,,,,1.042228444028513,1.208366707602588,0.3506534426564559,0.35351871949242114,1.0,1.0704678460320014,0.06158850452698218,0.0635635288807968,,,1.04,0.57,0.52,2.23,0.06,1.47,0.26,0.01,0.0,0.304,1.3893129770992367,1.528165515038167,0.26,,0.008,,0.0,,False,96.0,99.0,96.0,88.0,93.0,91.0,91.0,92.0,94.0,high,high,high,high,high,high,high,high,high,2026-06-09
hitter,KC,TEX,Salvador Perez,521692,5.0,DH,Confirmed,4.51,,,,,0.53,0.39,,,,,0.4918663987018491,0.5601703490963081,0.3555945467439594,0.42166914214712514,0.8694581280788177,0.9221085675537237,0.037767131109939976,0.04715495666909488,,,0.9,0.54,0.51,2.14,0.04,1.26,0.27,0.01,0.0,0.291,1.239368165249089,1.2717729431369824,0.272,,0.008,,0.0,,False,96.0,99.0,96.0,88.0,93.0,91.0,91.0,92.0,94.0,high,high,high,high,high,high,high,high,high,2026-06-09
hitter,KC,TEX,Jac Caglianone,695506,6.0,RF,Confirmed,3.89,,,,,0.98,0.28,,,,,0.9705865971842119,0.9845871811854625,0.2933268745415911,0.25720394280717085,0.801980198019802,0.7895205812869803,0.16156095151536862,0.1568738041391894,,,0.8,0.42,0.45,1.86,0.16,1.33,0.21,0.01,0.0,0.302,1.3148148148148149,1.3374247603815863,0.209,,0.009,,0.0,,False,96.0,99.0,96.0,88.0,93.0,91.0,91.0,92.0,94.0,high,high,high,high,high,high,high,high,high,2026-06-09
hitter,KC,TEX,Michael Massey,686681,7.0,2B,Confirmed,3.58,,,,,0.92,0.15,,,,,0.8654303362749809,0.9698679457367205,0.1413469795400747,0.15647875523138874,0.7715355805243446,0.6793195864056099,0.03418724461885811,0.03145489396872444,,,0.72,0.35,0.33,1.56,0.03,0.97,0.15,0.01,0.0,0.27,1.001763668430335,0.9419147347711149,0.152,,0.01,,0.0,,False,96.0,99.0,96.0,88.0,93.0,91.0,91.0,92.0,94.0,high,high,high,high,high,high,high,high,high,2026-06-09
hitter,KC,TEX,Isaac Collins,686555,8.0,LF,Confirmed,4.18,,,,,1.38,0.39,,,,,1.1859261192521078,1.5654218006942413,0.37409210314292907,0.4063544286722515,0.801980198019802,0.8212748835624197,0.03204375134798282,0.026626821638832072,,,0.81,0.41,0.37,1.77,0.03,1.1,0.18,0.01,0.0,0.273,1.1238670694864048,1.0754779295831416,0.176,,0.008,,0.0,,False,96.0,99.0,96.0,88.0,93.0,91.0,91.0,92.0,94.0,high,high,high,high,high,high,high,high,high,2026-06-09
hitter,KC,TEX,Kyle Isbel,664728,9.0,CF,Confirmed,3.96,,,,,0.7,0.18,,,,,0.663592375744221,0.7414728337025875,0.17782610866014453,0.17583807056134054,0.801980198019802,0.8604207954442281,0.06848119097321131,0.0689284073334516,,,0.83,0.42,0.39,1.91,0.07,1.25,0.17,0.01,0.0,0.293,1.239368165249089,1.2608200317992428,0.172,,0.011,,0.0,,False,96.0,99.0,96.0,88.0,93.0,91.0,91.0,92.0,94.0,high,high,high,high,high,high,high,high,high,2026-06-09
hitter,TEX,KC,Joc Pederson,592626,1.0,DH,Confirmed,3.96,,,,,1.07,0.44,,,,,1.044042295047211,1.0897763800013462,0.47283506317668456,0.3981808122103404,0.994208494208494,0.9392557873112086,0.2627797404557427,0.2766446982953421,,,0.96,0.42,0.31,1.43,0.27,2.02,0.15,0.01,0.0,0.272,2.057017543859649,1.998315592542861,0.145,,0.008,,0.0,,False,96.0,99.0,96.0,88.0,93.0,91.0,91.0,92.0,94.0,high,high,high,high,high,high,high,high,high,2026-06-09
hitter,TEX,KC,Corey Seager,608369,2.0,SS,Confirmed,4.45,,,,,0.76,0.41,,,,,0.7146358800762491,0.7979317684716769,0.3779989144968702,0.4382705055542392,0.5846774193548387,0.6902567803626977,0.03397596990646849,0.05877615752448529,,,0.64,0.6,0.48,2.07,0.05,0.89,0.22,0.01,0.0,0.334,0.7899761336515513,0.9681145210459212,0.219,,0.008,,0.0,,False,96.0,99.0,96.0,88.0,93.0,91.0,91.0,92.0,94.0,high,high,high,high,high,high,high,high,high,2026-06-09
hitter,TEX,KC,Josh Jung,673962,3.0,3B,Confirmed,4.25,,,,,1.18,0.27,,,,,1.132527833106962,1.2204705549386015,0.2897368738396885,0.25094619896497533,1.1391752577319587,1.1132412082189342,0.25969497483841536,0.2729279659785445,,,1.12,0.46,0.41,1.74,0.27,2.1,0.15,0.01,0.0,0.264,2.057017543859649,2.137368253691124,0.148,,0.011,,0.0,,False,96.0,99.0,96.0,88.0,93.0,91.0,91.0,92.0,94.0,high,high,high,high,high,high,high,high,high,2026-06-09
hitter,TEX,KC,Brandon Nimmo,607043,4.0,RF,Confirmed,3.74,,,,,1.09,0.23,,,,,1.0830073390402837,1.1054587659509876,0.25669993675393676,0.201932310693267,1.0,0.9333868768376768,0.2679063857233585,0.28413344570734256,,,0.96,0.39,0.36,1.46,0.28,1.95,0.14,0.01,0.0,0.258,2.057017543859649,1.8663748272099334,0.136,,0.009,,0.0,,False,96.0,99.0,96.0,88.0,93.0,91.0,91.0,92.0,94.0,high,high,high,high,high,high,high,high,high,2026-06-09
hitter,TEX,KC,Wyatt Langford,694671,5.0,LF,Confirmed,3.81,,,,,1.26,0.39,,,,,1.2951173354229775,1.2160322716552245,0.420898603115336,0.3685211252318804,0.994208494208494,0.8691072943778428,0.2715937353769265,0.3254235109211456,,,0.93,0.41,0.35,1.46,0.3,1.96,0.13,0.01,0.0,0.274,2.057017543859649,1.8826036630176528,0.127,,0.008,,0.0,,False,96.0,99.0,96.0,88.0,93.0,91.0,91.0,92.0,94.0,high,high,high,high,high,high,high,high,high,2026-06-09
hitter,TEX,KC,Ezequiel Duran,677649,6.0,2B,Confirmed,3.96,,,,,1.03,0.25,,,,,0.9475413711711066,1.112804983204073,0.2588371503020078,0.24240254438140527,1.0980834272829765,1.0057719716368902,0.10896291833731439,0.13587370699995088,,,1.05,0.35,0.34,1.49,0.12,1.56,0.12,0.01,0.0,0.249,1.5956790123456794,1.5296561545972263,0.123,,0.009,,0.0,,False,96.0,99.0,96.0,88.0,93.0,91.0,91.0,92.0,94.0,high,high,high,high,high,high,high,high,high,2026-06-09
hitter,TEX,KC,Jake Burger,669394,7.0,1B,Confirmed,3.1,,,,,1.08,0.19,,,,,1.1523300133387364,1.0045248613808377,0.22406976417627023,0.151877630737989,0.801980198019802,0.6909849033388845,0.28103603972122443,0.2534121873438257,,,0.74,0.3,0.27,1.15,0.27,1.71,0.12,0.01,0.0,0.271,1.914285714285714,1.5390207229842898,0.12,,0.008,,0.0,,False,96.0,99.0,96.0,88.0,93.0,91.0,91.0,92.0,94.0,high,high,high,high,high,high,high,high,high,2026-06-09
hitter,TEX,KC,Evan Carter,694497,8.0,CF,Confirmed,3.1,,,,,0.94,0.2,,,,,0.9434266282999176,0.9418925072772991,0.21623244616272114,0.18312215840884163,0.801980198019802,0.695628751295691,0.1108027409863217,0.10516116353220802,,,0.74,0.25,0.22,1.0,0.11,1.33,0.11,0.01,0.0,0.233,1.4476190476190476,1.2315184184805965,0.112,,0.01,,0.0,,False,96.0,99.0,96.0,88.0,93.0,91.0,91.0,92.0,94.0,high,high,high,high,high,high,high,high,high,2026-06-09
hitter,TEX,KC,Kyle Higashioka,543309,9.0,C,Confirmed,3.48,,,,,0.68,0.21,,,,,0.6254314283603611,0.7322437581305404,0.21248835238607897,0.21302323467576537,0.35424354243542433,0.4084983767449417,0.02275278587432449,0.03484427684458386,,,0.38,0.33,0.29,1.31,0.03,0.62,0.13,0.01,0.0,0.269,0.6289308176100628,0.6085844239261204,0.125,,0.007,,0.0,,False,96.0,99.0,96.0,88.0,93.0,91.0,91.0,92.0,94.0,high,high,high,high,high,high,high,high,high,2026-06-09
hitter,CWS,ATL,Sam Antonacci,803011,1.0,2B,Confirmed,4.26,,,,,0.55,0.46,,,,,0.5837192023932807,0.521422063402159,0.4486883104254674,0.46949638083866924,1.0980834272829765,1.059618600551607,0.03852595377478404,0.035087646667555025,,,1.08,0.51,0.39,1.9,0.04,1.49,0.16,0.01,0.0,0.298,1.5956790123456794,1.4080302338781698,0.162,,0.011,,0.0,,False,96.0,99.0,96.0,88.0,93.0,91.0,91.0,92.0,94.0,high,high,high,high,high,high,high,high,high,2026-06-09
hitter,CWS,ATL,Miguel Vargas,678246,2.0,3B,Confirmed,4.48,,,,,0.74,0.77,,,,,0.7764214498932408,0.7090085423053429,0.7611678726804135,0.7697634645087056,1.0980834272829765,0.9809522235334885,0.061620008180520734,0.0508209861359847,,,1.03,0.55,0.4,1.84,0.06,1.38,0.14,0.01,0.0,0.31,1.3893129770992367,1.3657157256707388,0.145,,0.008,,0.0,,False,96.0,99.0,96.0,88.0,93.0,91.0,91.0,92.0,94.0,high,high,high,high,high,high,high,high,high,2026-06-09
hitter,CWS,ATL,Andrew Benintendi,643217,3.0,DH,Confirmed,3.74,,,,,0.66,0.54,,,,,0.6938464789285379,0.6293963215243358,0.5494721868737678,0.5354349259924333,0.801980198019802,0.7328940194069099,0.038024033575194766,0.02346846454463117,,,0.76,0.41,0.34,1.46,0.03,1.04,0.15,0.01,0.0,0.282,1.1238670694864048,0.966776478996399,0.154,,0.008,,0.0,,False,96.0,99.0,96.0,88.0,93.0,91.0,91.0,92.0,94.0,high,high,high,high,high,high,high,high,high,2026-06-09
hitter,CWS,ATL,Jacob Gonzalez,694378,4.0,1B,Confirmed,3.1,,,,,0.7,0.38,,,,,0.7479069958854865,0.6596167782906892,0.4229414622505938,0.34501431185418074,0.707983193277311,0.5278037452123158,0.044223792139425844,0.032005101068211826,,,0.61,0.37,0.33,1.34,0.04,0.89,0.13,0.01,0.0,0.302,1.001763668430335,0.8043011350584307,0.126,,0.007,,0.0,,False,96.0,99.0,96.0,88.0,93.0,91.0,91.0,92.0,94.0,high,high,high,high,high,high,high,high,high,2026-06-09
hitter,CWS,ATL,Chase Meidroth,805367,5.0,SS,Confirmed,4.14,,,,,0.66,0.52,,,,,0.6918997120352196,0.6344970722260105,0.5197160635449207,0.5147482588568777,0.994208494208494,0.8293601658728108,0.032424639569561056,0.023018779152541045,,,0.9,0.45,0.38,1.7,0.03,1.2,0.13,0.01,0.0,0.272,1.239368165249089,1.17054749474113,0.127,,0.008,,0.0,,False,96.0,99.0,96.0,88.0,93.0,91.0,91.0,92.0,94.0,high,high,high,high,high,high,high,high,high,2026-06-09
hitter,CWS,ATL,Braden Montgomery,695731,6.0,RF,Confirmed,3.54,,,,,0.65,0.23,,,,,0.651,,0.226,,0.706,,0.097,,,,0.71,0.33,0.34,1.38,0.1,1.24,0.13,0.01,0.0,0.266,1.239,,0.128,,0.007,,0.0,,True,40.0,44.0,40.0,32.0,37.0,35.0,35.0,36.0,38.0,low,low,low,low,low,low,low,low,low,2026-06-09
hitter,CWS,ATL,Tristan Peters,671976,7.0,CF,Confirmed,3.81,,,,,0.63,0.34,,,,,0.6513716052854477,0.6154931972776302,0.3309606714915264,0.3484594624545451,0.8694581280788177,0.7890923046559761,0.025277873488866162,0.03335784046964295,,,0.83,0.31,0.26,1.27,0.03,1.03,0.13,0.01,0.0,0.233,1.1238670694864048,0.9540884847008028,0.127,,0.011,,0.0,,False,96.0,99.0,96.0,88.0,93.0,91.0,91.0,92.0,94.0,high,high,high,high,high,high,high,high,high,2026-06-09
hitter,CWS,ATL,Luisangel Acuña,682668,8.0,SS,Confirmed,1.92,,,,,0.34,0.09,,,,,0.3764024291987851,0.3135971119057675,0.12359526600152299,0.05711942228353189,0.4125159642401022,0.31137901379400224,0.0805606789847633,0.055721303617753376,,,0.36,0.16,0.14,0.63,0.07,0.7,0.08,0.01,0.0,0.238,0.8408408408408409,0.589496669124568,0.081,,0.007,,0.0,,False,96.0,99.0,96.0,88.0,93.0,91.0,91.0,92.0,94.0,high,high,high,high,high,high,high,high,high,2026-06-09
hitter,CWS,ATL,Drew Romo,691011,9.0,C,Confirmed,3.96,,,,,1.01,0.59,,,,,1.0293303992706948,0.9924739081276865,0.624226667024095,0.5568617595798648,0.801980198019802,0.7729754483879011,0.04893658356084092,0.04993108249441771,,,0.79,0.38,0.33,1.42,0.05,1.08,0.15,0.01,0.0,0.281,1.1521739130434783,1.0297248328603743,0.15,,0.008,,0.0,,False,96.0,99.0,96.0,88.0,93.0,91.0,91.0,92.0,94.0,high,high,high,high,high,high,high,high,high,2026-06-09
hitter,ATL,CWS,Ronald Acuña Jr.,660670,1.0,RF,Confirmed,4.25,,,,,1.42,0.89,,,,,1.4868234120842112,1.3514430477547499,0.9499090181152454,0.8390973792344485,0.8770949720670391,0.7641931371490989,0.13683685239309498,0.12104001717274172,,,0.81,0.49,0.37,1.73,0.13,1.58,0.17,0.01,0.0,0.29,1.684375,1.494469136646716,0.166,,0.008,,0.0,,False,96.0,99.0,96.0,88.0,93.0,91.0,91.0,92.0,94.0,high,high,high,high,high,high,high,high,high,2026-06-09
hitter,ATL,CWS,Michael Harris II,671739,2.0,CF,Confirmed,3.1,,,,,0.93,0.28,,,,,0.9848363976564126,0.8787994378635933,0.28507890657853074,0.2704995814477783,0.707983193277311,0.5242328825265057,0.09499455705508231,0.05951190915794513,,,0.61,0.35,0.28,1.34,0.08,0.96,0.13,0.01,0.0,0.279,1.1521739130434783,0.8022143992277122,0.127,,0.009,,0.0,,False,96.0,99.0,96.0,88.0,93.0,91.0,91.0,92.0,94.0,high,high,high,high,high,high,high,high,high,2026-06-09
hitter,ATL,CWS,Matt Olson,621566,3.0,1B,Confirmed,4.25,,,,,1.44,0.69,,,,,1.492958361995297,1.3934123356613544,0.7128319216739154,0.665294659738534,0.8694581280788177,0.7970098896825725,0.12796692464622433,0.11366503352389001,,,0.83,0.46,0.38,1.64,0.12,1.37,0.15,0.01,0.0,0.275,1.4476190476190476,1.3090638690636478,0.154,,0.008,,0.0,,False,96.0,99.0,96.0,88.0,93.0,91.0,91.0,92.0,94.0,high,high,high,high,high,high,high,high,high,2026-06-09
hitter,ATL,CWS,Ozzie Albies,645277,4.0,2B,Confirmed,4.08,,,,,0.63,0.56,,,,,0.6068146368384895,0.6485094072150335,0.5765438233991291,0.5466440147906328,0.994208494208494,0.8079440734994474,0.07645178438994996,0.07858583373096645,,,0.89,0.44,0.37,1.68,0.08,1.25,0.16,0.01,0.0,0.267,1.3148148148148149,1.198685080017698,0.158,,0.009,,0.0,,False,96.0,99.0,96.0,88.0,93.0,91.0,91.0,92.0,94.0,high,high,high,high,high,high,high,high,high,2026-06-09
hitter,ATL,CWS,Mauricio Dubón,643289,5.0,SS,Confirmed,3.81,,,,,0.57,0.45,,,,,0.5303072692027463,0.6038048379757697,0.43202689001678973,0.464248171677639,0.8888888888888888,0.7366192310952074,0.08830736871214137,0.09173391577803812,,,0.81,0.4,0.35,1.56,0.09,1.19,0.14,0.01,0.0,0.261,1.239368165249089,1.1552332142535977,0.142,,0.011,,0.0,,False,96.0,99.0,96.0,88.0,93.0,91.0,91.0,92.0,94.0,high,high,high,high,high,high,high,high,high,2026-06-09
hitter,ATL,CWS,Dominic Smith,642086,6.0,DH,Confirmed,3.48,,,,,0.85,0.5,,,,,0.8181776637787128,0.8750305952047228,0.558693222432767,0.4454857300870846,0.5846774193548387,0.5303926888045093,0.055889678254442396,0.055725192993815335,,,0.55,0.28,0.27,1.2,0.06,0.9,0.12,0.01,0.0,0.236,1.001763668430335,0.8228850079167631,0.121,,0.008,,0.0,,False,96.0,99.0,96.0,88.0,93.0,91.0,91.0,92.0,94.0,high,high,high,high,high,high,high,high,high,2026-06-09
hitter,ATL,CWS,Austin Riley,663586,7.0,3B,Confirmed,3.96,,,,,1.44,0.51,,,,,1.4408421364211081,1.4324292324292742,0.5053066685349391,0.5236999697270268,0.801980198019802,0.7575097477099194,0.14705189962124238,0.09589328727208547,,,0.78,0.39,0.35,1.55,0.12,1.35,0.17,0.01,0.0,0.283,1.4476190476190476,1.2617177592055022,0.169,,0.008,,0.0,,False,96.0,99.0,96.0,88.0,93.0,91.0,91.0,92.0,94.0,high,high,high,high,high,high,high,high,high,2026-06-09
hitter,ATL,CWS,Mike Yastrzemski,573262,8.0,LF,Confirmed,2.77,,,,,0.82,0.44,,,,,0.8769833536291665,0.7696436407315723,0.48147030957037495,0.389113932928601,0.4125159642401022,0.36697227460801096,0.07653222926596451,0.04701151338157061,,,0.39,0.21,0.18,0.8,0.06,0.68,0.09,0.01,0.0,0.222,0.7899761336515513,0.5833935907994275,0.085,,0.007,,0.0,,False,96.0,99.0,96.0,88.0,93.0,91.0,91.0,92.0,94.0,high,high,high,high,high,high,high,high,high,2026-06-09
hitter,ATL,CWS,Austin Wynns,642851,9.0,C,Confirmed,3.48,,,,,0.96,0.12,,,,,1.0294861660120123,0.8888958780534661,0.13223269795601555,0.11662497415044383,1.0980834272829765,0.8945569672951091,0.13001767557683153,0.11326176148055016,,,0.99,0.31,0.28,1.3,0.12,1.67,0.14,0.01,0.0,0.256,1.914285714285714,1.475799053677161,0.143,,0.01,,0.0,,False,96.0,99.0,96.0,88.0,93.0,91.0,91.0,92.0,94.0,high,high,high,high,high,high,high,high,high,2026-06-09
hitter,COL,CHC,Jake McCarthy,664983,1.0,LF,Confirmed,4.18,,,,,0.65,0.16,,,,,0.6450582916648664,0.6601384265252859,0.1553078415466406,0.16544103005100064,0.8694581280788177,0.8881674126535385,0.02587938839659306,0.01976038123561699,,,0.88,0.41,0.3,1.58,0.02,1.21,0.14,0.03,0.0,0.249,1.239368165249089,1.1890099999156556,0.144,,0.03,,0.0,,False,96.0,99.0,96.0,88.0,93.0,91.0,91.0,92.0,94.0,high,high,high,high,high,high,high,high,high,2026-06-09
hitter,COL,CHC,Willi Castro,650489,2.0,2B,Confirmed,4.18,,,,,0.87,0.26,,,,,0.7958316108119036,0.9380529960296329,0.2670213469859043,0.2528597048261121,0.7715355805243446,0.7302061403448209,0.02763430069328186,0.01432462639598085,,,0.75,0.41,0.28,1.46,0.02,1.0,0.15,0.01,0.0,0.255,1.001763668430335,1.0065504703800934,0.15,,0.013,,0.0,,False,96.0,99.0,96.0,88.0,93.0,91.0,91.0,92.0,94.0,high,high,high,high,high,high,high,high,high,2026-06-09
hitter,COL,CHC,TJ Rumfield,681198,3.0,1B,Confirmed,4.25,,,,,0.6,0.29,,,,,0.5584425892472208,0.634119292287751,0.28805986433689257,0.28407052545690725,0.801980198019802,0.8137063305282267,0.027443932830417753,0.0230070259965478,,,0.81,0.42,0.32,1.54,0.03,1.11,0.15,0.01,0.0,0.261,1.1238670694864048,1.093686703803611,0.153,,0.01,,0.0,,False,96.0,99.0,96.0,88.0,93.0,91.0,91.0,92.0,94.0,high,high,high,high,high,high,high,high,high,2026-06-09
hitter,COL,CHC,Hunter Goodman,696100,4.0,C,Confirmed,4.45,,,,,1.08,0.27,,,,,1.066289771914075,1.0957004590276862,0.28160161311314724,0.2549200379811533,0.8770949720670391,0.8861812345118228,0.05197697951606578,0.06852027012843283,,,0.88,0.53,0.43,1.96,0.06,1.28,0.22,0.02,0.0,0.309,1.3148148148148149,1.2571123662249208,0.219,,0.017,,0.0,,False,96.0,99.0,96.0,88.0,93.0,91.0,91.0,92.0,94.0,high,high,high,high,high,high,high,high,high,2026-06-09
hitter,COL,CHC,Troy Johnston,687859,5.0,RF,Confirmed,4.18,,,,,0.75,0.21,,,,,0.7173232054744368,0.7830993999596838,0.20694740384325938,0.2149613745784322,0.801980198019802,0.8043560042518926,0.02580114476502231,0.020296953630505876,,,0.8,0.4,0.32,1.52,0.02,1.09,0.15,0.01,0.0,0.248,1.1238670694864048,1.060770858857422,0.146,,0.012,,0.0,,False,96.0,99.0,96.0,88.0,93.0,91.0,91.0,92.0,94.0,high,high,high,high,high,high,high,high,high,2026-06-09
hitter,COL,CHC,Ezequiel Tovar,678662,6.0,SS,Confirmed,4.18,,,,,0.88,0.2,,,,,0.838133071766616,0.918086031387626,0.19772346892077172,0.21196563521826722,0.801980198019802,0.8118084346288751,0.04202282285116399,0.040559698438050525,,,0.81,0.37,0.34,1.51,0.04,1.19,0.14,0.02,0.0,0.256,1.239368165249089,1.1488821615265796,0.137,,0.015,,0.0,,False,96.0,99.0,96.0,88.0,93.0,91.0,91.0,92.0,94.0,high,high,high,high,high,high,high,high,high,2026-06-09
hitter,COL,CHC,Cole Carrigg,694249,7.0,CF,Confirmed,2.55,,,,,0.99,0.18,,,,,0.9670072628146579,1.0065154780206709,0.19248365680605586,0.1626330352997273,0.3344051446945337,0.2678257626796706,0.07348617107352573,0.06336601190936042,,,0.3,0.17,0.13,0.65,0.07,0.58,0.09,0.01,0.0,0.203,0.6289308176100628,0.5314884076433128,0.095,,0.008,,0.0,,False,96.0,99.0,96.0,88.0,93.0,91.0,91.0,92.0,94.0,high,high,high,high,high,high,high,high,high,2026-06-09
hitter,COL,CHC,Kyle Karros,691720,8.0,3B,Confirmed,3.96,,,,,0.86,0.26,,,,,0.8051483534866467,0.9143640446408235,0.25036253158909183,0.27147999136432927,0.801980198019802,0.8126245682962712,0.02729298348722113,0.036327126966035884,,,0.81,0.37,0.29,1.46,0.03,1.01,0.14,0.01,0.0,0.282,1.001763668430335,1.0199929828059073,0.136,,0.01,,0.0,,False,96.0,99.0,96.0,88.0,93.0,91.0,91.0,92.0,94.0,high,high,high,high,high,high,high,high,high,2026-06-09
hitter,COL,CHC,Edouard Julien,666397,9.0,DH,Confirmed,3.1,,,,,0.76,0.18,,,,,0.7507439309859094,0.7668738255825768,0.18386398161323217,0.1694209449441602,0.5290322580645161,0.4451954320608372,0.02351570437879255,0.006001084697941872,,,0.48,0.25,0.19,0.97,0.01,0.63,0.11,0.01,0.0,0.247,0.6720588235294118,0.589913172778267,0.11,,0.008,,0.0,,False,96.0,99.0,96.0,88.0,93.0,91.0,91.0,92.0,94.0,high,high,high,high,high,high,high,high,high,2026-06-09
hitter,CHC,COL,Pete Crow-Armstrong,691718,1.0,CF,Confirmed,4.25,,,,,1.25,0.37,,,,,1.2146629883623787,1.285651434818001,0.3647390508809294,0.36752157654762113,0.7715355805243446,0.7182081975925669,0.06111810124144016,0.025925346415178317,,,0.74,0.42,0.32,1.55,0.04,1.13,0.13,0.03,0.0,0.253,1.1521739130434783,1.103656866951489,0.132,,0.027,,0.0,,False,96.0,99.0,96.0,88.0,93.0,91.0,91.0,92.0,94.0,high,high,high,high,high,high,high,high,high,2026-06-09
hitter,CHC,COL,Moisés Ballesteros,694208,2.0,DH,Confirmed,3.1,,,,,0.88,0.29,,,,,0.8960844565757533,0.8568803897499713,0.2895040122705834,0.2953763393191074,0.5290322580645161,0.46499137469664964,0.025292014163828667,0.01740225627201129,,,0.49,0.32,0.23,1.2,0.02,0.71,0.11,0.01,0.0,0.27,0.7899761336515513,0.637105131527333,0.112,,0.011,,0.0,,False,96.0,99.0,96.0,88.0,93.0,91.0,91.0,92.0,94.0,high,high,high,high,high,high,high,high,high,2026-06-09
hitter,CHC,COL,Michael Busch,683737,3.0,1B,Confirmed,4.48,,,,,1.34,0.61,,,,,1.3114644646101774,1.3736887576752355,0.5951039883883511,0.6174420425597648,0.801980198019802,0.7963150398433578,0.04816708618649522,0.03550658663899832,,,0.8,0.48,0.38,1.76,0.04,1.2,0.19,0.01,0.0,0.285,1.239368165249089,1.1729895887358341,0.186,,0.013,,0.0,,False,96.0,99.0,96.0,88.0,93.0,91.0,91.0,92.0,94.0,high,high,high,high,high,high,high,high,high,2026-06-09
hitter,CHC,COL,Alex Bregman,608324,4.0,3B,Confirmed,4.51,,,,,0.93,0.61,,,,,0.8910601222607676,0.9639322618145044,0.617980996542617,0.5974015898028491,0.8770949720670391,0.9108254083596037,0.040529185672473045,0.040076264030054556,,,0.9,0.52,0.41,1.92,0.04,1.27,0.19,0.01,0.0,0.298,1.239368165249089,1.2986272102040235,0.188,,0.007,,0.0,,False,96.0,99.0,96.0,88.0,93.0,91.0,91.0,92.0,94.0,high,high,high,high,high,high,high,high,high,2026-06-09
hitter,CHC,COL,Ian Happ,664023,5.0,LF,Confirmed,4.48,,,,,1.42,0.76,,,,,1.422770147646069,1.4237404496513715,0.7511814640307977,0.7614712204394853,0.801980198019802,0.8078988874411105,0.06789560027886676,0.06258783434109773,,,0.81,0.51,0.39,1.77,0.07,1.3,0.2,0.01,0.0,0.303,1.239368165249089,1.3574063905601121,0.201,,0.007,,0.0,,False,96.0,99.0,96.0,88.0,93.0,91.0,91.0,92.0,94.0,high,high,high,high,high,high,high,high,high,2026-06-09
hitter,CHC,COL,Seiya Suzuki,673548,6.0,RF,Confirmed,3.96,,,,,1.27,0.55,,,,,1.3168906568058802,1.231226988686472,0.5583384698564994,0.5335602615615047,0.707983193277311,0.6746781724829172,0.0537931719385738,0.04656402932196504,,,0.69,0.38,0.34,1.53,0.05,1.11,0.17,0.01,0.0,0.291,1.1238670694864048,1.0987401929876346,0.173,,0.009,,0.0,,False,96.0,99.0,96.0,88.0,93.0,91.0,91.0,92.0,94.0,high,high,high,high,high,high,high,high,high,2026-06-09
hitter,CHC,COL,Nico Hoerner,663538,7.0,2B,Confirmed,4.18,,,,,0.55,0.35,,,,,0.4550975451595546,0.6369024566685735,0.3362727174945729,0.36790875086223535,1.0,0.9315313244299903,0.026612371302676074,0.011617346682658628,,,0.96,0.44,0.38,1.91,0.02,1.16,0.17,0.01,0.0,0.299,1.1521739130434783,1.1636220126735888,0.173,,0.01,,0.0,,False,96.0,99.0,96.0,88.0,93.0,91.0,91.0,92.0,94.0,high,high,high,high,high,high,high,high,high,2026-06-09
hitter,CHC,COL,Miguel Amaya,665804,8.0,C,Confirmed,2.55,,,,,0.78,0.24,,,,,0.8152427238500121,0.7495074957094265,0.25351830477646564,0.22305437315057122,0.35424354243542433,0.2832202281710712,0.01815311653748227,0.0068205983763687025,,,0.32,0.16,0.13,0.65,0.01,0.46,0.1,0.01,0.0,0.199,0.4591194968553459,0.4554772279365233,0.103,,0.008,,0.0,,False,96.0,99.0,96.0,88.0,93.0,91.0,91.0,92.0,94.0,high,high,high,high,high,high,high,high,high,2026-06-09
hitter,CHC,COL,Dansby Swanson,621020,9.0,SS,Confirmed,3.96,,,,,1.02,0.66,,,,,1.0157489866493792,1.031560071104853,0.6411255114520371,0.6870345695116363,0.5290322580645161,0.5431842215254375,0.04247475424809013,0.042258708622559545,,,0.54,0.37,0.29,1.46,0.04,0.77,0.15,0.01,0.0,0.272,0.7899761336515513,0.7490715927108589,0.148,,0.009,,0.0,,False,96.0,99.0,96.0,88.0,93.0,91.0,91.0,92.0,94.0,high,high,high,high,high,high,high,high,high,2026-06-09
hitter,LAA,HOU,Zach Neto,687263,1.0,SS,Confirmed,4.68,,,,,1.46,0.7,,,,,1.4251579362666378,1.4935591604876133,0.7077814365232348,0.6876115679930388,0.707983193277311,0.7290935320672243,0.043762518714122185,0.03919699653681277,,,0.72,0.65,0.49,2.24,0.04,1.03,0.23,0.01,0.0,0.352,1.001763668430335,1.0474341868219637,0.229,,0.009,,0.0,,False,96.0,99.0,96.0,88.0,93.0,91.0,91.0,92.0,94.0,high,high,high,high,high,high,high,high,high,2026-06-09
hitter,LAA,HOU,Mike Trout,545361,2.0,CF,Confirmed,4.68,,,,,1.56,0.92,,,,,1.5595734624886834,1.5600260704347675,0.9162926498592457,0.9334581521095826,0.707983193277311,0.796981061791572,0.053964046853652296,0.06207366831230543,,,0.76,0.73,0.56,2.38,0.06,1.03,0.21,0.01,0.0,0.392,1.001763668430335,1.0583493081363127,0.207,,0.008,,0.0,,False,96.0,99.0,96.0,88.0,93.0,91.0,91.0,92.0,94.0,high,high,high,high,high,high,high,high,high,2026-06-09
hitter,LAA,HOU,Wade Meckler,685133,3.0,LF,Confirmed,3.54,,,,,0.84,0.38,,,,,0.8137692237958388,0.8590232439307343,0.39126036761157623,0.37547362820579727,0.4803149606299212,0.46348911288309264,0.020056390720608056,0.017190486028921776,,,0.47,0.44,0.37,1.69,0.02,0.64,0.15,0.01,0.0,0.314,0.6720588235294118,0.6086958702623326,0.155,,0.01,,0.0,,False,96.0,99.0,96.0,88.0,93.0,91.0,91.0,92.0,94.0,high,high,high,high,high,high,high,high,high,2026-06-09
hitter,LAA,HOU,Jo Adell,666176,4.0,DH,Confirmed,4.04,,,,,1.17,0.31,,,,,1.1214350068182004,1.2093817083129161,0.30817667845018837,0.3155381297916948,0.6875,0.636304137553573,0.04616755397073287,0.05126239311116762,,,0.66,0.61,0.58,2.29,0.05,0.94,0.2,0.01,0.0,0.364,0.9875776397515532,0.9063814712762507,0.201,,0.009,,0.0,,False,96.0,99.0,96.0,88.0,93.0,91.0,91.0,92.0,94.0,high,high,high,high,high,high,high,high,high,2026-06-09
hitter,LAA,HOU,Nolan Schanuel,694384,5.0,1B,Confirmed,4.26,,,,,0.59,0.56,,,,,0.5749473894146294,0.5950752492709734,0.5978145547456514,0.5317399949712119,1.0980834272829765,0.9887193481995808,0.03979458995701967,0.04151850161995065,,,1.04,0.57,0.49,2.15,0.04,1.49,0.22,0.01,0.0,0.337,1.5956790123456794,1.405283701024205,0.219,,0.011,,0.0,,False,96.0,99.0,96.0,88.0,93.0,91.0,91.0,92.0,94.0,high,high,high,high,high,high,high,high,high,2026-06-09
hitter,LAA,HOU,Oswald Peraza,672724,6.0,SS,Confirmed,3.02,,,,,0.98,0.21,,,,,0.9642834395043848,0.9985893845723517,0.2385600322947231,0.1908108985169601,0.4125159642401022,0.3579714947596584,0.022511550700096025,0.00913851019949987,,,0.38,0.32,0.33,1.35,0.02,0.44,0.16,0.01,0.0,0.299,0.44025157232704404,0.43403206465888394,0.157,,0.009,,0.0,,False,96.0,99.0,96.0,88.0,93.0,91.0,91.0,92.0,94.0,high,high,high,high,high,high,high,high,high,2026-06-09
hitter,LAA,HOU,Denzer Guzman,694203,7.0,3B,Confirmed,3.96,,,,,1.41,0.36,,,,,1.3981400870782725,1.4235635586151658,0.36296193239108687,0.35303142337379956,0.7715355805243446,0.8558409826960144,0.04313325453438178,0.06251307827542256,,,0.82,0.54,0.5,2.21,0.05,1.05,0.2,0.01,0.0,0.376,1.001763668430335,1.0807198122283446,0.204,,0.011,,0.0,,False,96.0,99.0,96.0,88.0,93.0,91.0,91.0,92.0,94.0,high,high,high,high,high,high,high,high,high,2026-06-09
hitter,LAA,HOU,Jose Siri,642350,8.0,RF,Confirmed,3.02,,,,,1.11,0.28,,,,,1.1046312411448405,1.1153725028141102,0.27743883358768073,0.28427414245859284,0.3344051446945337,0.2495378775741613,0.023690288921179223,0.012656020280078072,,,0.29,0.26,0.22,1.01,0.02,0.38,0.12,0.01,0.0,0.248,0.44025157232704404,0.33032102758630855,0.119,,0.008,,0.0,,False,96.0,99.0,96.0,88.0,93.0,91.0,91.0,92.0,94.0,high,high,high,high,high,high,high,high,high,2026-06-09
hitter,LAA,HOU,Sebastián Rivero,665861,9.0,C,Confirmed,3.02,,,,,0.78,0.32,,,,,0.7655052100243428,0.7917096566800391,0.3587557065660376,0.2742451563175403,0.7061469265367316,0.5461534597622164,0.025639837306969202,0.023129836419235265,,,0.62,0.31,0.27,1.29,0.02,0.89,0.16,0.01,0.0,0.294,0.9875776397515532,0.8159235139694688,0.156,,0.009,,0.0,,False,96.0,99.0,96.0,88.0,93.0,91.0,91.0,92.0,94.0,high,high,high,high,high,high,high,high,high,2026-06-09
hitter,HOU,LAA,Jeremy Peña,665161,1.0,SS,Confirmed,4.14,,,,,0.84,0.29,,,,,0.8507510664581376,0.8217352919467464,0.3135616942206235,0.26985003920752215,1.0980834272829765,1.0305167204914056,0.0371667416878888,0.02532613644475259,,,1.06,0.38,0.27,1.3,0.03,1.29,0.11,0.01,0.0,0.238,1.3148148148148149,1.272966027889164,0.113,,0.008,,0.0,,False,96.0,99.0,96.0,88.0,93.0,91.0,91.0,92.0,94.0,high,high,high,high,high,high,high,high,high,2026-06-09
hitter,HOU,LAA,Yordan Alvarez,670541,2.0,DH,Confirmed,4.04,,,,,0.95,0.61,,,,,1.011513959354883,0.885788151625825,0.6651823986526946,0.5627180793605724,0.994208494208494,0.8632342277396421,0.07178059781457388,0.09194853316936345,,,0.92,0.49,0.31,1.38,0.08,1.32,0.08,0.01,0.0,0.325,1.3893129770992367,1.258181593900215,0.082,,0.007,,0.0,,False,96.0,99.0,96.0,88.0,93.0,91.0,91.0,92.0,94.0,high,high,high,high,high,high,high,high,high,2026-06-09
hitter,HOU,LAA,Christian Walker,572233,3.0,1B,Confirmed,3.89,,,,,1.14,0.26,,,,,1.1560873305700075,1.131192944650121,0.2831675048781892,0.23969931542508457,0.8770949720670391,0.871544036254569,0.06415792036453666,0.05914094838834017,,,0.87,0.38,0.33,1.24,0.06,1.26,0.1,0.01,0.0,0.246,1.3148148148148149,1.2185362159650217,0.097,,0.008,,0.0,,False,96.0,99.0,96.0,88.0,93.0,91.0,91.0,92.0,94.0,high,high,high,high,high,high,high,high,high,2026-06-09
hitter,HOU,LAA,Isaac Paredes,670623,4.0,3B,Confirmed,4.04,,,,,0.81,0.46,,,,,0.8227353960906734,0.8047785408003755,0.47379544421766406,0.43664418583072057,0.994208494208494,0.8851736017860748,0.05151626966238177,0.05398912316723369,,,0.93,0.4,0.31,1.24,0.05,1.21,0.1,0.01,0.0,0.264,1.239368165249089,1.1900303396007548,0.103,,0.008,,0.0,,False,96.0,99.0,96.0,88.0,93.0,91.0,91.0,92.0,94.0,high,high,high,high,high,high,high,high,high,2026-06-09
hitter,HOU,LAA,Jose Altuve,514888,5.0,2B,Confirmed,3.81,,,,,0.81,0.29,,,,,0.8275512162470497,0.7857205584129948,0.3196522119615185,0.261164851896433,0.8694581280788177,0.8480795016048819,0.035642482679487705,0.020272051590979213,,,0.86,0.33,0.27,1.13,0.03,1.12,0.11,0.01,0.0,0.229,1.1521739130434783,1.0914918999105827,0.106,,0.008,,0.0,,False,96.0,99.0,96.0,88.0,93.0,91.0,91.0,92.0,94.0,high,high,high,high,high,high,high,high,high,2026-06-09
hitter,HOU,LAA,Cam Smith,701358,6.0,RF,Confirmed,3.96,,,,,1.11,0.39,,,,,1.0670730488447417,1.1479095345293817,0.3903529698627709,0.3811887665125275,0.8694581280788177,0.828281350524349,0.04325537387410602,0.032526969205993954,,,0.85,0.36,0.33,1.34,0.04,1.19,0.12,0.01,0.0,0.274,1.239368165249089,1.1464755529651962,0.124,,0.009,,0.0,,False,96.0,99.0,96.0,88.0,93.0,91.0,91.0,92.0,94.0,high,high,high,high,high,high,high,high,high,2026-06-09
hitter,HOU,LAA,Joey Loperfido,694388,7.0,LF,Confirmed,3.33,,,,,0.99,0.13,,,,,0.8675564824718701,1.119800389931286,0.129433678935947,0.12441977702814146,0.4803149606299212,0.48455859163825066,0.08715700632210766,0.12302708710496946,,,0.48,0.2,0.17,0.79,0.11,0.97,0.08,0.01,0.0,0.181,0.9875776397515532,0.9542560275722293,0.081,,0.007,,0.0,,False,96.0,99.0,96.0,88.0,93.0,91.0,91.0,92.0,94.0,high,high,high,high,high,high,high,high,high,2026-06-09
hitter,HOU,LAA,Jake Meyers,676694,8.0,CF,Confirmed,3.89,,,,,0.76,0.27,,,,,0.7554018897381878,0.7703302146763308,0.27819464025054363,0.2631884742082778,0.994208494208494,0.9186253128338391,0.027003952466955413,0.019984696287103854,,,0.95,0.34,0.28,1.32,0.02,1.2,0.1,0.01,0.0,0.25,1.239368165249089,1.1728526867499003,0.105,,0.009,,0.0,,False,96.0,99.0,96.0,88.0,93.0,91.0,91.0,92.0,94.0,high,high,high,high,high,high,high,high,high,2026-06-09
hitter,HOU,LAA,Christian Vázquez,543877,9.0,C,Confirmed,3.81,,,,,0.51,0.37,,,,,0.49793076482469334,0.5287144601136925,0.36176200799915603,0.3755323892901079,0.5846774193548387,0.6357271971957182,0.023559117626705216,0.032128380983522505,,,0.61,0.33,0.27,1.24,0.03,0.81,0.1,0.01,0.0,0.251,0.7899761336515513,0.8192704558876885,0.104,,0.008,,0.0,,False,96.0,99.0,96.0,88.0,93.0,91.0,91.0,92.0,94.0,high,high,high,high,high,high,high,high,high,2026-06-09
hitter,SD,CIN,Fernando Tatis Jr.,665487,1.0,2B,Confirmed,4.18,,,,,0.92,0.45,,,,,0.928416909560785,0.9047195396425001,0.4371941150212272,0.4629168679779489,0.8694581280788177,0.7970848870840475,0.2059351221908126,0.19522174575592302,,,0.83,0.49,0.4,1.7,0.2,1.48,0.12,0.01,0.0,0.285,1.4759615384615385,1.4745196110294583,0.125,,0.007,,0.0,,False,96.0,99.0,96.0,88.0,93.0,91.0,91.0,92.0,94.0,high,high,high,high,high,high,high,high,high,2026-06-09
hitter,SD,CIN,Jackson Merrill,701538,2.0,CF,Confirmed,4.04,,,,,1.15,0.34,,,,,1.1543789743858937,1.1447747019871375,0.3409164381371683,0.33112168859973645,0.7715355805243446,0.6596907710418575,0.18120345131807256,0.17632792740830464,,,0.71,0.44,0.37,1.59,0.18,1.4,0.13,0.01,0.0,0.265,1.4476190476190476,1.3680110848163618,0.127,,0.011,,0.0,,False,96.0,99.0,96.0,88.0,93.0,91.0,91.0,92.0,94.0,high,high,high,high,high,high,high,high,high,2026-06-09
hitter,SD,CIN,Manny Machado,592518,3.0,3B,Confirmed,3.96,,,,,1.05,0.31,,,,,1.0719986801105226,1.0376831978178747,0.32076459618071285,0.3041962718665443,0.801980198019802,0.756597076832113,0.17834838423240668,0.18431502683891962,,,0.78,0.45,0.43,1.64,0.18,1.5,0.14,0.01,0.0,0.271,1.5956790123456794,1.427404354269743,0.138,,0.008,,0.0,,False,96.0,99.0,96.0,88.0,93.0,91.0,91.0,92.0,94.0,high,high,high,high,high,high,high,high,high,2026-06-09
hitter,SD,CIN,Gavin Sheets,657757,4.0,1B,Confirmed,3.81,,,,,0.9,0.36,,,,,0.9199644374442233,0.8752346460258701,0.3731095279895611,0.3439760872870832,0.7061469265367316,0.5995439450621906,0.1342106882085687,0.13265683765090083,,,0.65,0.4,0.37,1.47,0.13,1.21,0.11,0.01,0.0,0.257,1.239368165249089,1.182729593900673,0.111,,0.008,,0.0,,False,96.0,99.0,96.0,88.0,93.0,91.0,91.0,92.0,94.0,high,high,high,high,high,high,high,high,high,2026-06-09
hitter,SD,CIN,Will Wagner,695238,5.0,DH,Confirmed,3.02,,,,,0.71,0.12,,,,,0.6692350164272477,0.7585857657747227,0.1352546736130688,0.10221110442261559,0.7715355805243446,0.7007849131384061,0.0615282951872403,0.06581838090558605,,,0.73,0.32,0.29,1.25,0.06,0.79,0.08,0.01,0.0,0.254,0.8408408408408409,0.7475777461030939,0.082,,0.007,,0.0,,False,96.0,99.0,96.0,88.0,93.0,91.0,91.0,92.0,94.0,high,high,high,high,high,high,high,high,high,2026-06-09
hitter,SD,CIN,Samad Taylor,669392,6.0,LF,Confirmed,3.74,,,,,0.72,0.42,,,,,0.6639842681080732,0.7810201258916292,0.4485765451141426,0.3826269256611262,0.7061469265367316,0.5901399936279843,0.06062770110878201,0.0735301298361453,,,0.64,0.32,0.31,1.34,0.07,0.88,0.11,0.01,0.0,0.248,0.8408408408408409,0.9086677671095608,0.109,,0.01,,0.0,,False,96.0,99.0,96.0,88.0,93.0,91.0,91.0,92.0,94.0,high,high,high,high,high,high,high,high,high,2026-06-09
hitter,SD,CIN,Bryce Johnson,669369,7.0,RF,Confirmed,2.55,,,,,0.53,0.25,,,,,0.5335852260304198,0.5294428584256764,0.27210206204828635,0.23218166025182235,0.35424354243542433,0.3733379447758217,0.0200860412180561,0.020400372667469864,,,0.36,0.16,0.14,0.66,0.02,0.48,0.09,0.01,0.0,0.186,0.5,0.47061977918418096,0.085,,0.006,,0.0,,False,96.0,99.0,96.0,88.0,93.0,91.0,91.0,92.0,94.0,high,high,high,high,high,high,high,high,high,2026-06-09
hitter,SD,CIN,Freddy Fermin,666023,8.0,C,Confirmed,3.58,,,,,0.73,0.21,,,,,0.7156959698670972,0.753084720734397,0.19898416220530996,0.2219938676783397,0.7061469265367316,0.6290187721521672,0.08911159867389351,0.08082761317417102,,,0.66,0.3,0.28,1.24,0.08,1.06,0.12,0.01,0.0,0.234,1.1238670694864048,1.0059723967234084,0.12,,0.01,,0.0,,False,96.0,99.0,96.0,88.0,93.0,91.0,91.0,92.0,94.0,high,high,high,high,high,high,high,high,high,2026-06-09
hitter,SD,CIN,Sung-Mun Song,823550,9.0,SS,Confirmed,2.55,,,,,0.66,0.22,,,,,0.6898049857800387,0.6347052328977095,0.242108985662772,0.19282875616397985,0.3344051446945337,0.29279501785592515,0.01792806747168293,0.009522900882593072,,,0.31,0.2,0.17,0.78,0.01,0.35,0.08,0.01,0.0,0.221,0.44025157232704404,0.28424014670622333,0.079,,0.007,,0.0,,False,96.0,99.0,96.0,88.0,93.0,91.0,91.0,92.0,94.0,high,high,high,high,high,high,high,high,high,2026-06-09
hitter,CIN,SD,Blake Dunn,694362,1.0,RF,Confirmed,4.25,,,,,0.89,0.29,,,,,0.8577096631643881,0.9199128226861171,0.29683784183266737,0.28016992013039194,1.0980834272829765,1.0195405864799574,0.029631213958576416,0.04515443224214352,,,1.05,0.48,0.37,1.86,0.04,1.5,0.2,0.01,0.0,0.281,1.5956790123456794,1.420690340262531,0.199,,0.012,,0.0,,False,96.0,99.0,96.0,88.0,93.0,91.0,91.0,92.0,94.0,high,high,high,high,high,high,high,high,high,2026-06-09
hitter,CIN,SD,JJ Bleday,668709,2.0,LF,Confirmed,4.45,,,,,1.04,0.42,,,,,1.0383377031255838,1.0409310948532715,0.4144285189563385,0.422513401334821,1.0,0.9805697588638479,0.04597878731429401,0.015994360064777908,,,0.99,0.55,0.43,1.98,0.03,1.39,0.18,0.01,0.0,0.305,1.3893129770992367,1.3814771905370742,0.176,,0.008,,0.0,,False,96.0,99.0,96.0,88.0,93.0,91.0,91.0,92.0,94.0,high,high,high,high,high,high,high,high,high,2026-06-09
hitter,CIN,SD,Sal Stewart,701398,3.0,3B,Confirmed,4.61,,,,,1.08,0.48,,,,,1.0601715793052335,1.0913004513226148,0.4762104815452822,0.48156250577572535,1.0980834272829765,1.158577548433854,0.06206244836834649,0.06331983836213395,,,1.13,0.64,0.59,2.33,0.06,1.76,0.3,0.01,0.0,0.351,1.914285714285714,1.6395060646823385,0.303,,0.008,,0.0,,False,96.0,99.0,96.0,88.0,93.0,91.0,91.0,92.0,94.0,high,high,high,high,high,high,high,high,high,2026-06-09
hitter,CIN,SD,Nathaniel Lowe,663993,4.0,1B,Confirmed,3.74,,,,,0.94,0.35,,,,,0.9430810724157564,0.9351125370751181,0.33495246215908236,0.36069710373008895,0.994208494208494,0.8767421877606828,0.043799502272880056,0.03648050886705628,,,0.93,0.49,0.45,1.84,0.04,1.19,0.19,0.01,0.0,0.323,1.239368165249089,1.1579117830744432,0.187,,0.009,,0.0,,False,96.0,99.0,96.0,88.0,93.0,91.0,91.0,92.0,94.0,high,high,high,high,high,high,high,high,high,2026-06-09
hitter,CIN,SD,Spencer Steer,668715,5.0,1B,Confirmed,3.81,,,,,0.81,0.35,,,,,0.7577182694003288,0.8671221194149605,0.37559615163193893,0.32268141959388214,0.8770949720670391,0.839001965915408,0.03648624553279485,0.026008228957509368,,,0.86,0.47,0.41,1.74,0.03,1.15,0.16,0.01,0.0,0.306,1.239368165249089,1.0770290233956745,0.162,,0.01,,0.0,,False,96.0,99.0,96.0,88.0,93.0,91.0,91.0,92.0,94.0,high,high,high,high,high,high,high,high,high,2026-06-09
hitter,CIN,SD,Eugenio Suárez,553993,6.0,DH,Confirmed,4.14,,,,,1.09,0.31,,,,,1.057545126076941,1.1190169351386898,0.3222039461829458,0.29588079094480646,1.0980834272829765,0.9851997631147008,0.08150427689292822,0.08721704228696124,,,1.04,0.52,0.58,2.09,0.08,1.52,0.2,0.01,0.0,0.346,1.5956790123456794,1.4577067423658716,0.198,,0.009,,0.0,,False,96.0,99.0,96.0,88.0,93.0,91.0,91.0,92.0,94.0,high,high,high,high,high,high,high,high,high,2026-06-09
hitter,CIN,SD,Matt McLain,680574,7.0,SS,Confirmed,3.74,,,,,0.98,0.33,,,,,0.9898555270517618,0.970956861462864,0.34112551609511954,0.3286127082575051,0.8949771689497716,0.8550176778704401,0.044052250883785296,0.03780188928404817,,,0.87,0.41,0.37,1.65,0.04,1.2,0.16,0.01,0.0,0.31,1.239368165249089,1.1749060208405395,0.156,,0.01,,0.0,,False,96.0,99.0,96.0,88.0,93.0,91.0,91.0,92.0,94.0,high,high,high,high,high,high,high,high,high,2026-06-09
hitter,CIN,SD,Tyler Stephenson,663886,8.0,C,Confirmed,3.74,,,,,0.97,0.37,,,,,0.9541829755765671,0.9935654742252813,0.39096925385624215,0.3399685091994767,0.8770949720670391,0.8025175907115504,0.04331700208827856,0.024743257530369617,,,0.84,0.4,0.35,1.55,0.03,1.15,0.15,0.01,0.0,0.303,1.239368165249089,1.0817147395928712,0.149,,0.008,,0.0,,False,96.0,99.0,96.0,88.0,93.0,91.0,91.0,92.0,94.0,high,high,high,high,high,high,high,high,high,2026-06-09
hitter,CIN,SD,Edwin Arroyo,695490,9.0,2B,Confirmed,3.96,,,,,1.02,0.24,,,,,0.9684650846352919,1.075098151371293,0.21564268325049923,0.2570714567542238,0.8949771689497716,0.8945490136263914,0.03636677166455579,0.04539686178130579,,,0.89,0.41,0.39,1.67,0.04,1.28,0.16,0.01,0.0,0.284,1.239368165249089,1.3045470458208153,0.164,,0.01,,0.0,,False,96.0,99.0,96.0,88.0,93.0,91.0,91.0,92.0,94.0,high,high,high,high,high,high,high,high,high,2026-06-09
hitter,SF,WSH,Casey Schmitt,669477,1.0,LF,Confirmed,4.26,,,,,0.87,0.28,,,,,0.8455427826662416,0.901413254851214,0.29256073613675415,0.2599461173677305,1.0,1.0773379692892073,0.16090171858597144,0.13150744898480551,,,1.04,0.56,0.46,2.02,0.15,1.8,0.18,0.01,0.0,0.316,1.914285714285714,1.7061968883940744,0.185,,0.008,,0.0,,False,96.0,99.0,96.0,88.0,93.0,91.0,91.0,92.0,94.0,high,high,high,high,high,high,high,high,high,2026-06-09
hitter,SF,WSH,Rafael Devers,646240,2.0,1B,Confirmed,4.51,,,,,1.25,0.42,,,,,1.2866997108781286,1.2051314309005596,0.42858983441829623,0.4212020310748759,1.0980834272829765,1.114084411550535,0.1531556852537739,0.09007698232400914,,,1.11,0.64,0.51,2.16,0.12,1.84,0.18,0.01,0.0,0.353,1.914285714285714,1.778302816557533,0.178,,0.008,,0.0,,False,96.0,99.0,96.0,88.0,93.0,91.0,91.0,92.0,94.0,high,high,high,high,high,high,high,high,high,2026-06-09
hitter,SF,WSH,Luis Arraez,650333,3.0,2B,Confirmed,4.48,,,,,0.33,0.28,,,,,0.2252565774499584,0.4442837095864334,0.29121581413524034,0.26652058304088483,1.607843137254902,1.5473917579156122,0.059742847254147885,0.07180326686974309,,,1.57,0.55,0.49,2.15,0.07,1.82,0.15,0.01,0.0,0.301,1.914285714285714,1.7436133038040083,0.15,,0.014,,0.0,,False,96.0,99.0,96.0,88.0,93.0,91.0,91.0,92.0,94.0,high,high,high,high,high,high,high,high,high,2026-06-09
hitter,SF,WSH,Willy Adames,642715,4.0,SS,Confirmed,4.26,,,,,1.11,0.32,,,,,1.1467577025454325,1.068698436382138,0.32506539718229277,0.3226884734171127,1.0980834272829765,1.034466114795078,0.1619918650060089,0.13898685694922222,,,1.06,0.54,0.5,1.93,0.15,1.59,0.17,0.01,0.0,0.315,1.684375,1.5172502784938742,0.166,,0.009,,0.0,,False,96.0,99.0,96.0,88.0,93.0,91.0,91.0,92.0,94.0,high,high,high,high,high,high,high,high,high,2026-06-09
hitter,SF,WSH,Jung Hoo Lee,808982,5.0,CF,Confirmed,4.25,,,,,0.46,0.2,,,,,0.4414934720954311,0.4857879160721252,0.2128513909605394,0.1950944464754753,1.4947368421052631,1.5442451681201521,0.04482925702118107,0.04956579335694414,,,1.52,0.52,0.47,2.08,0.05,1.77,0.15,0.01,0.0,0.295,1.914285714285714,1.6448074494531926,0.146,,0.015,,0.0,,False,96.0,99.0,96.0,88.0,93.0,91.0,91.0,92.0,94.0,high,high,high,high,high,high,high,high,high,2026-06-09
hitter,SF,WSH,Bryce Eldridge,805811,6.0,DH,Confirmed,4.18,,,,,1.12,0.36,,,,,1.1532701995540553,1.081029584067084,0.3756244388229275,0.33639267031845627,1.0980834272829765,1.0081137155370086,0.14164760582251426,0.10041050732631572,,,1.05,0.5,0.52,1.89,0.12,1.76,0.15,0.01,0.0,0.339,1.914285714285714,1.6270152534866775,0.152,,0.013,,0.0,,False,96.0,99.0,96.0,88.0,93.0,91.0,91.0,92.0,94.0,high,high,high,high,high,high,high,high,high,2026-06-09
hitter,SF,WSH,Matt Chapman,656305,7.0,3B,Confirmed,4.26,,,,,1.03,0.3,,,,,1.0331341799309164,1.0238958110115008,0.3175746487698867,0.2913095884584489,1.0980834272829765,1.0686547467926608,0.16505422036363715,0.16766463983659333,,,1.08,0.51,0.46,1.97,0.17,1.78,0.14,0.01,0.0,0.336,1.914285714285714,1.67588640535087,0.137,,0.007,,0.0,,False,96.0,99.0,96.0,88.0,93.0,91.0,91.0,92.0,94.0,high,high,high,high,high,high,high,high,high,2026-06-09
hitter,SF,WSH,Daniel Susac,691740,8.0,C,Confirmed,3.74,,,,,1.12,0.44,,,,,1.0507171601586414,1.1950579489171484,0.4712841244741006,0.41128361545418746,0.801980198019802,0.7297165655355027,0.04826255521886427,0.043470734616565955,,,0.76,0.37,0.33,1.5,0.05,1.13,0.16,0.01,0.0,0.275,1.239368165249089,1.0374796999434441,0.164,,0.008,,0.0,,False,96.0,99.0,96.0,88.0,93.0,91.0,91.0,92.0,94.0,high,high,high,high,high,high,high,high,high,2026-06-09
hitter,SF,WSH,Jonah Cox,813841,9.0,CF,Confirmed,3.48,,,,,0.89,0.25,,,,,0.7741091960820311,1.0034210240977417,0.25282547464338406,0.2553115741724002,0.8694581280788177,0.9550168993694654,0.0874153409223018,0.08537013060428023,,,0.92,0.33,0.29,1.32,0.09,0.99,0.18,0.01,0.0,0.272,1.001763668430335,0.978150004047553,0.18,,0.007,,0.0,,False,96.0,99.0,96.0,88.0,93.0,91.0,91.0,92.0,94.0,high,high,high,high,high,high,high,high,high,2026-06-09
hitter,WSH,SF,James Wood,695578,1.0,RF,Confirmed,4.61,,,,,1.43,0.2,,,,,1.3263190513542897,1.5280454733176252,0.13339694693121587,0.2571061804750869,0.7715355805243446,0.7955720775221561,0.047441000402498594,0.06980382786203966,,,0.78,0.66,0.45,2.01,0.06,1.23,0.18,0.01,0.0,0.377,1.1521739130434783,1.3025439322370216,0.177,,0.009,,0.0,,False,96.0,99.0,96.0,88.0,93.0,91.0,91.0,92.0,94.0,high,high,high,high,high,high,high,high,high,2026-06-09
hitter,WSH,SF,Luis García Jr.,671277,2.0,1B,Confirmed,3.89,,,,,0.72,0.06,,,,,0.6834546664503343,0.761961862553726,0.05953898455782188,0.056122973091928714,0.7061469265367316,0.7279152413426174,0.023994049051480906,0.018880459242030665,,,0.72,0.48,0.37,1.72,0.02,0.95,0.18,0.01,0.0,0.309,0.9875776397515532,0.9214323350644887,0.177,,0.01,,0.0,,False,96.0,99.0,96.0,88.0,93.0,91.0,91.0,92.0,94.0,high,high,high,high,high,high,high,high,high,2026-06-09
hitter,WSH,SF,José Tena,677588,3.0,DH,Confirmed,3.02,,,,,0.94,0.14,,,,,0.9103058204138422,0.9645529465846072,0.1497833766947196,0.134019153511518,0.3344051446945337,0.29906071017648034,0.0895200223417825,0.0810962380919169,,,0.31,0.31,0.26,1.1,0.09,0.67,0.1,0.01,0.0,0.264,0.6720588235294118,0.6691519073767538,0.103,,0.01,,0.0,,False,96.0,99.0,96.0,88.0,93.0,91.0,91.0,92.0,94.0,high,high,high,high,high,high,high,high,high,2026-06-09
hitter,WSH,SF,CJ Abrams,682928,4.0,SS,Confirmed,4.48,,,,,1.03,0.09,,,,,0.9982657250649342,1.0577655191983164,0.07984312036472009,0.09213762709605544,0.801980198019802,0.8700557506036403,0.027209871591394742,0.03126989434823263,,,0.84,0.62,0.53,2.25,0.03,1.15,0.19,0.01,0.0,0.346,1.1238670694864048,1.1767336684620544,0.194,,0.01,,0.0,,False,96.0,99.0,96.0,88.0,93.0,91.0,91.0,92.0,94.0,high,high,high,high,high,high,high,high,high,2026-06-09
hitter,WSH,SF,Daylen Lile,695734,5.0,LF,Confirmed,4.45,,,,,0.84,0.09,,,,,0.7664254017313019,0.9188183252774837,0.08349494226628303,0.10393812097638655,0.7715355805243446,0.8794545257852582,0.02378310585180874,0.033787476405963864,,,0.83,0.6,0.51,2.2,0.03,1.09,0.21,0.02,0.0,0.341,1.001763668430335,1.154948768155731,0.21,,0.015,,0.0,,False,96.0,99.0,96.0,88.0,93.0,91.0,91.0,92.0,94.0,high,high,high,high,high,high,high,high,high,2026-06-09
hitter,WSH,SF,Jorbit Vivas,678391,6.0,3B,Confirmed,3.1,,,,,0.7,0.08,,,,,0.6622275442561176,0.734356407790552,0.07023398219054586,0.08516122848462813,0.4125159642401022,0.4341135006904642,0.01555575003393843,0.00870536338139428,,,0.42,0.3,0.28,1.22,0.01,0.61,0.12,0.01,0.0,0.289,0.6289308176100628,0.5915791729115496,0.119,,0.008,,0.0,,False,96.0,99.0,96.0,88.0,93.0,91.0,91.0,92.0,94.0,high,high,high,high,high,high,high,high,high,2026-06-09
hitter,WSH,SF,Nasim Nuñez,683083,7.0,2B,Confirmed,3.49,,,,,0.85,0.09,,,,,0.788289555309325,0.9149364969904857,0.07597706199300946,0.10188881264748735,0.5290322580645161,0.5354145820757974,0.0174056365802655,0.006599822589548601,,,0.53,0.34,0.27,1.31,0.01,0.67,0.14,0.01,0.0,0.287,0.6720588235294118,0.676895599516237,0.144,,0.01,,0.0,,False,96.0,99.0,96.0,88.0,93.0,91.0,91.0,92.0,94.0,high,high,high,high,high,high,high,high,high,2026-06-09
hitter,WSH,SF,Drew Millas,686452,8.0,C,Confirmed,4.18,,,,,0.63,0.34,,,,,0.6022388777316903,0.6505226086301766,0.3554975578841185,0.33231035935458436,0.8770949720670391,0.9012544506837613,0.16930524772092675,0.17544252486257425,,,0.89,0.46,0.39,1.84,0.17,1.61,0.18,0.01,0.0,0.316,1.5956790123456794,1.6241418025848515,0.176,,0.011,,0.0,,False,96.0,99.0,96.0,88.0,93.0,91.0,91.0,92.0,94.0,high,high,high,high,high,high,high,high,high,2026-06-09
hitter,WSH,SF,Jacob Young,696285,9.0,CF,Confirmed,3.49,,,,,0.69,0.18,,,,,0.6752579336168889,0.7078882022816257,0.19799533207994927,0.1676588120257263,0.4125159642401022,0.4814512175293746,0.09500000712415707,0.09094911277669884,,,0.45,0.39,0.33,1.52,0.09,0.92,0.15,0.01,0.0,0.32,0.9875776397515532,0.858146673970601,0.147,,0.009,,0.0,,False,96.0,99.0,96.0,88.0,93.0,91.0,91.0,92.0,94.0,high,high,high,high,high,high,high,high,high,2026-06-09
hitter,ATH,MIL,Colby Thomas,687515,1.0,RF,Confirmed,3.1,,,,,1.08,0.2,,,,,1.1065587117507258,1.0614404096257943,0.22570490216066746,0.1767151996651122,0.8694581280788177,0.619632198808656,0.3325879911496436,0.29304455015011716,,,0.73,0.34,0.28,1.27,0.31,1.66,0.17,0.01,0.0,0.272,1.914285714285714,1.443062179138952,0.165,,0.007,,0.0,,False,96.0,99.0,96.0,88.0,93.0,91.0,91.0,92.0,94.0,high,high,high,high,high,high,high,high,high,2026-06-09
hitter,ATH,MIL,Nick Kurtz,701762,2.0,1B,Confirmed,4.48,,,,,1.47,0.78,,,,,1.558615884224823,1.374678791463446,0.8172405617508169,0.7526475593810164,1.607843137254902,1.3442084394868528,0.809439092961853,0.6550252945400526,,,1.46,0.72,0.59,2.4,0.73,4.59,0.19,0.01,0.0,0.393,5.416666666666667,3.9062479211824495,0.186,,0.01,,0.0,,False,96.0,99.0,96.0,88.0,93.0,91.0,91.0,92.0,94.0,high,high,high,high,high,high,high,high,high,2026-06-09
hitter,ATH,MIL,Shea Langeliers,669127,3.0,DH,Confirmed,4.39,,,,,0.92,0.42,,,,,0.9430504776442344,0.8896800464104732,0.465241173955513,0.3685121790620688,1.607843137254902,1.269126618583238,0.6621459770048861,0.46888268507286396,,,1.42,0.67,0.66,2.43,0.57,3.05,0.23,0.01,0.0,0.367,3.0,3.087863462459261,0.226,,0.009,,0.0,,False,96.0,99.0,96.0,88.0,93.0,91.0,91.0,92.0,94.0,high,high,high,high,high,high,high,high,high,2026-06-09
hitter,ATH,MIL,Tyler Soderstrom,691016,4.0,LF,Confirmed,4.25,,,,,1.03,0.55,,,,,1.0630690692024032,0.9962519643258159,0.6071648106672307,0.4932853588107104,1.1702127659574468,1.1412544507796283,0.4009381958701982,0.3464339654680647,,,1.15,0.56,0.5,2.06,0.37,2.5,0.16,0.01,0.0,0.328,2.6,2.415948416339746,0.16,,0.01,,0.0,,False,96.0,99.0,96.0,88.0,93.0,91.0,91.0,92.0,94.0,high,high,high,high,high,high,high,high,high,2026-06-09
hitter,ATH,MIL,Max Muncy,691777,5.0,3B,Confirmed,3.81,,,,,1.23,0.37,,,,,1.3083930542275921,1.1544358138618123,0.3899001687608189,0.3429340916852776,1.0980834272829765,0.9140637347216,0.28211106916134654,0.2858393305249381,,,1.0,0.43,0.39,1.62,0.28,2.22,0.18,0.01,0.0,0.282,2.456692913385827,2.033369452864513,0.176,,0.007,,0.0,,False,96.0,99.0,96.0,88.0,93.0,91.0,91.0,92.0,94.0,high,high,high,high,high,high,high,high,high,2026-06-09
hitter,ATH,MIL,Jonah Heim,641680,6.0,C,Confirmed,2.55,,,,,0.73,0.2,,,,,0.8013184212789831,0.6548108584746313,0.23410170902199345,0.16573905502492198,0.7715355805243446,0.5390966094055061,0.19615158517619688,0.12937503664186029,,,0.64,0.23,0.24,0.96,0.16,1.22,0.11,0.01,0.0,0.26,1.4476190476190476,1.0364251624187946,0.107,,0.007,,0.0,,False,96.0,99.0,96.0,88.0,93.0,91.0,91.0,92.0,94.0,high,high,high,high,high,high,high,high,high,2026-06-09
hitter,ATH,MIL,Henry Bolte,703607,7.0,CF,Confirmed,3.81,,,,,1.04,0.34,,,,,1.0766870432104338,0.9975230136862064,0.3598688855346146,0.3168728888861224,1.1391752577319587,1.0611972668437373,0.17365918988621917,0.21837250091984303,,,1.1,0.35,0.31,1.43,0.2,1.91,0.16,0.01,0.0,0.258,2.057017543859649,1.7975579420757266,0.164,,0.008,,0.0,,False,96.0,99.0,96.0,88.0,93.0,91.0,91.0,92.0,94.0,high,high,high,high,high,high,high,high,high,2026-06-09
hitter,ATH,MIL,Zack Gelof,680869,8.0,2B,Confirmed,3.96,,,,,1.22,0.44,,,,,1.2391833647700299,1.2077390381739548,0.47142258747764876,0.40051642747834787,1.0980834272829765,0.9111856168377359,0.2508348333469636,0.2405957302394097,,,1.0,0.39,0.34,1.6,0.25,1.9,0.17,0.01,0.0,0.28,2.057017543859649,1.765268174166806,0.171,,0.008,,0.0,,False,96.0,99.0,96.0,88.0,93.0,91.0,91.0,92.0,94.0,high,high,high,high,high,high,high,high,high,2026-06-09
hitter,ATH,MIL,Alika Williams,675961,9.0,SS,Confirmed,3.81,,,,,1.1,0.27,,,,,1.0009073487297282,1.2003270621577675,0.28154618670250076,0.26036883763449015,0.994208494208494,0.7427304609160408,0.21268248009196933,0.19043301786475603,,,0.86,0.34,0.32,1.36,0.2,1.66,0.15,0.01,0.0,0.249,1.914285714285714,1.4437413186332841,0.151,,0.007,,0.0,,False,96.0,99.0,96.0,88.0,93.0,91.0,91.0,92.0,94.0,high,high,high,high,high,high,high,high,high,2026-06-09
hitter,MIL,ATH,Christian Yelich,592885,1.0,DH,Confirmed,4.18,,,,,0.89,0.46,,,,,0.9184890331511586,0.8660264225118328,0.47413126998456057,0.4434954160018082,1.0980834272829765,1.0909868816472312,0.22737118535793194,0.223759055873277,,,1.09,0.34,0.25,1.11,0.23,2.01,0.09,0.01,0.0,0.205,2.057017543859649,1.9714693383801898,0.089,,0.007,,0.0,,False,96.0,99.0,96.0,88.0,93.0,91.0,91.0,92.0,94.0,high,high,high,high,high,high,high,high,high,2026-06-09
hitter,MIL,ATH,Jackson Chourio,694192,2.0,LF,Confirmed,4.18,,,,,0.79,0.38,,,,,0.8082527072020532,0.7672671376713948,0.403488352177265,0.3497087271746992,1.4947368421052631,1.1761742088764429,0.22902315301047338,0.2382427403614808,,,1.32,0.4,0.32,1.43,0.23,2.33,0.1,0.01,0.0,0.235,2.456692913385827,2.2188839462717493,0.104,,0.009,,0.0,,False,96.0,99.0,96.0,88.0,93.0,91.0,91.0,92.0,94.0,high,high,high,high,high,high,high,high,high,2026-06-09
hitter,MIL,ATH,Brice Turang,668930,3.0,2B,Confirmed,3.96,,,,,0.83,0.49,,,,,0.8646240815283579,0.8027697863378116,0.5326051324211301,0.44118688155892716,1.1391752577319587,1.1026692446487063,0.21808262335147507,0.21979837928311563,,,1.12,0.36,0.3,1.19,0.22,1.95,0.09,0.01,0.0,0.23,2.057017543859649,1.868149479116686,0.086,,0.007,,0.0,,False,96.0,99.0,96.0,88.0,93.0,91.0,91.0,92.0,94.0,high,high,high,high,high,high,high,high,high,2026-06-09
hitter,MIL,ATH,William Contreras,661388,4.0,C,Confirmed,4.14,,,,,0.58,0.45,,,,,0.6307045197491947,0.5256724784899087,0.47973628415816727,0.4238547753496239,1.1391752577319587,1.1588422028995302,0.3492912726784861,0.24387190718448343,,,1.15,0.44,0.41,1.5,0.3,2.2,0.09,0.01,0.0,0.258,2.456692913385827,1.9817430519322703,0.092,,0.007,,0.0,,False,96.0,99.0,96.0,88.0,93.0,91.0,91.0,92.0,94.0,high,high,high,high,high,high,high,high,high,2026-06-09
hitter,MIL,ATH,Jake Bauers,641343,5.0,1B,Confirmed,3.81,,,,,0.83,0.51,,,,,0.8569280365740939,0.7981022287378384,0.5405248394540098,0.48648967140367627,1.0980834272829765,0.9552991233407131,0.29076018291738315,0.26707287874600855,,,1.02,0.35,0.31,1.14,0.28,1.93,0.08,0.01,0.0,0.233,2.057017543859649,1.8301526486463517,0.08,,0.007,,0.0,,False,96.0,99.0,96.0,88.0,93.0,91.0,91.0,92.0,94.0,high,high,high,high,high,high,high,high,high,2026-06-09
hitter,MIL,ATH,Garrett Mitchell,669003,6.0,CF,Confirmed,3.81,,,,,0.92,0.45,,,,,0.9126128693054154,0.9237790075029861,0.4975718437565845,0.400611116354071,1.0,0.9232392886679168,0.214936567662947,0.1934581534425051,,,0.96,0.26,0.26,0.94,0.2,1.72,0.08,0.01,0.0,0.204,1.914285714285714,1.5700192789225063,0.08,,0.008,,0.0,,False,96.0,99.0,96.0,88.0,93.0,91.0,91.0,92.0,94.0,high,high,high,high,high,high,high,high,high,2026-06-09
hitter,MIL,ATH,Sal Frelick,686217,7.0,RF,Confirmed,3.33,,,,,0.32,0.25,,,,,0.37163405632811974,0.2598636623594683,0.2879507776253386,0.21920209011740655,1.0980834272829765,0.862796216063302,0.10171172740818873,0.10024903473678956,,,0.97,0.21,0.18,0.8,0.1,1.48,0.1,0.01,0.0,0.184,1.684375,1.3114972056953196,0.097,,0.008,,0.0,,False,96.0,99.0,96.0,88.0,93.0,91.0,91.0,92.0,94.0,high,high,high,high,high,high,high,high,high,2026-06-09
hitter,MIL,ATH,Luis Rengifo,650859,8.0,3B,Confirmed,3.49,,,,,0.47,0.27,,,,,0.5021477018497212,0.4402142075241766,0.28953356517355167,0.25469402820963644,1.0980834272829765,0.917239541815293,0.10298390746137384,0.08534112161653866,,,1.0,0.24,0.21,0.93,0.09,1.62,0.09,0.01,0.0,0.199,1.914285714285714,1.3841628574932616,0.09,,0.011,,0.0,,False,96.0,99.0,96.0,88.0,93.0,91.0,91.0,92.0,94.0,high,high,high,high,high,high,high,high,high,2026-06-09
hitter,MIL,ATH,David Hamilton,666152,9.0,3B,Confirmed,2.55,,,,,0.56,0.21,,,,,0.5894183989713822,0.5381939547203574,0.2489536616974401,0.1775863756126186,0.7061469265367316,0.5033707255144817,0.09684143429471681,0.08312099023329518,,,0.59,0.18,0.15,0.66,0.09,0.96,0.06,0.01,0.0,0.201,1.1238670694864048,0.8328535816331595,0.062,,0.007,,0.0,,False,96.0,99.0,96.0,88.0,93.0,91.0,91.0,92.0,94.0,high,high,high,high,high,high,high,high,high,2026-06-09
