player_type,team,opponent,player_name,mlb_id,lineup_spot,pos,lineup_status,proj_pa,proj_ip,proj_outs,proj_runs_allowed,proj_hits_allowed,proj_strikeouts,proj_walks,proj_hr_allowed,proj_er_model,proj_fip,proj_war_contribution,direct_K,rate_K,direct_BB,rate_BB,direct_H,rate_H,direct_HR,rate_HR,direct_R,rate_R,proj_hits,proj_runs,proj_rbi,proj_hrrbi,proj_hr,proj_tb,proj_2b,proj_3b,proj_sb,proj_woba,direct_TB,rate_TB,direct_2B,rate_2B,direct_3B,rate_3B,direct_SB,rate_SB,used_fallback,confidence_score,proj_pa_confidence_score,proj_hits_confidence_score,proj_hr_confidence_score,proj_strikeouts_confidence_score,proj_runs_confidence_score,proj_rbi_confidence_score,proj_hrrbi_confidence_score,proj_walks_confidence_score,confidence,proj_pa_confidence,proj_hits_confidence,proj_hr_confidence,proj_strikeouts_confidence,proj_runs_confidence,proj_rbi_confidence,proj_hrrbi_confidence,proj_walks_confidence,game_date
pitcher,CIN,CLE,Chase Burns,695505,,,,,5.21,16.0,2.18,4.3,6.77,1.76,0.48,1.79,2.97,0.162,6.017094017094017,7.516544777237001,1.610062893081761,2.220376515405656,4.111111111111111,5.0333098236854905,0.4827586206896552,0.47907389125280486,1.789,,,,,,,,,,,,,,,,,,,,,,,,,,,,,,,,,,,,,,,2026-07-28
pitcher,CLE,CIN,Slade Cecconi,677944,,,,,4.79,14.0,2.7,5.22,3.83,1.63,0.8,2.5,4.93,0.049,3.8412698412698414,3.8257426697625427,1.610062893081761,1.6812829944533958,5.093457943925234,5.726131982864355,0.7948717948717948,0.8243081650798851,2.5,,,,,,,,,,,,,,,,,,,,,,,,,,,,,,,,,,,,,,,2026-07-28
pitcher,CLE,CIN,Gavin Williams,668909,,,,,5.13,15.0,2.64,5.01,5.86,2.18,0.57,2.28,3.67,0.097,6.017094017094017,5.709673390032388,2.163265306122449,2.2429662842281095,4.879746835443039,5.51786174638975,0.547945205479452,0.6063050264504087,2.28,,,,,,,,,,,,,,,,,,,,,,,,,,,,,,,,,,,,,,,2026-07-28
pitcher,DET,BAL,Troy Melton,675512,,,,,4.79,14.0,2.47,4.93,4.78,1.52,0.89,2.28,4.61,0.073,4.676567656765677,4.882964964028157,1.3455882352941178,2.026480650190615,4.879746835443039,5.152155509786922,0.869281045751634,0.9510542321979162,2.28,,,,,,,,,,,,,,,,,,,,,,,,,,,,,,,,,,,,,,,2026-07-28
pitcher,BAL,DET,Dean Kremer,665152,,,,,4.79,14.0,2.44,4.93,4.59,1.43,0.61,2.28,3.95,0.073,4.676567656765677,4.497510524090055,1.3455882352941178,1.6812829944533958,4.879746835443039,5.152155509786922,0.625,0.5661210675823506,2.28,,,,,,,,,,,,,,,,,,,,,,,,,,,,,,,,,,,,,,,2026-07-28
pitcher,PIT,AZ,Bubba Chandler,696149,,,,,4.79,14.0,2.46,4.93,4.78,1.85,0.4,2.21,3.63,0.081,4.676567656765677,4.882964964028157,1.890295358649789,1.7468702410277968,4.879746835443039,5.152155509786922,0.38095238095238093,0.44045373111342334,2.212,,,,,,,,,,,,,,,,,,,,,,,,,,,,,,,,,,,,,,,2026-07-28
pitcher,AZ,PIT,Brandon Pfaadt,694297,,,,,4.58,14.0,2.32,4.55,3.88,1.49,0.67,1.79,4.34,0.115,3.8412698412698414,3.914056289928546,1.3455882352941178,1.9376370308711937,4.525423728813561,4.645649161768958,0.625,0.7881693937507044,1.789,,,,,,,,,,,,,,,,,,,,,,,,,,,,,,,,,,,,,,,2026-07-28
pitcher,TEX,TB,Cal Quantrill,615698,,,,,4.58,14.0,2.41,4.39,4.42,1.69,0.85,1.37,4.55,0.166,4.5344827586206895,4.300333653514082,1.610062893081761,1.9376370308711937,4.326530612244898,4.645649161768958,0.7580645161290323,1.0756357700703456,1.367,,,,,,,,,,,,,,,,,,,,,,,,,,,,,,,,,,,,,,,2026-07-28
pitcher,MIA,PHI,Sandy Alcantara,645261,,,,,5.21,16.0,2.81,5.55,4.56,1.89,0.79,3.08,4.32,0.017,4.676567656765677,4.452452679154525,1.890295358649789,1.9000404918068519,5.387096774193548,6.222090435704619,0.7441860465116279,0.8965857077382466,3.075,,,,,,,,,,,,,,,,,,,,,,,,,,,,,,,,,,,,,,,2026-07-28
pitcher,PHI,MIA,Aaron Nola,605400,,,,,4.79,14.0,2.44,4.57,4.78,1.93,0.71,2.21,4.4,0.081,4.676567656765677,4.882964964028157,1.890295358649789,2.041382631246275,4.500000000000001,4.858659276173211,0.6666666666666666,0.8243081650798851,2.212,,,,,,,,,,,,,,,,,,,,,,,,,,,,,,,,,,,,,,,2026-07-28
pitcher,WSH,TOR,Cade Cavalli,676917,,,,,5.13,15.0,2.47,5.18,5.71,1.46,0.57,2.21,3.41,0.105,5.708333333333333,5.709673390032388,1.3455882352941178,1.8006224971912148,5.093457943925234,5.51786174638975,0.547945205479452,0.6063050264504087,2.212,,,,,,,,,,,,,,,,,,,,,,,,,,,,,,,,,,,,,,,2026-07-28
pitcher,TOR,WSH,Shane Bieber,669456,,,,,4.61,14.0,2.49,4.45,4.5,1.61,0.91,1.79,4.84,0.117,4.676567656765677,4.328501777882078,1.610062893081761,1.6181032577098442,4.326530612244898,4.95854632570307,0.9130434782608695,0.91531524226146,1.789,,,,,,,,,,,,,,,,,,,,,,,,,,,,,,,,,,,,,,,2026-07-28
pitcher,MIN,KC,Taj Bradley,671737,,,,,5.21,16.0,2.4,4.52,5.24,1.97,0.54,2.21,3.86,0.111,4.676567656765677,5.798713131007553,1.890295358649789,2.220376515405656,4.326530612244898,5.2846795049817175,0.5144396170346188,0.6157600755958343,2.212,,,,,,,,,,,,,,,,,,,,,,,,,,,,,,,,,,,,,,,2026-07-28
pitcher,KC,MIN,Seth Lugo,607625,,,,,4.79,14.0,2.69,4.93,3.83,1.93,0.78,2.48,5.0,0.051,3.8412698412698414,3.8257426697625427,1.890295358649789,2.041382631246275,4.879746835443039,5.152155509786922,0.7580645161290323,0.8243081650798851,2.481,,,,,,,,,,,,,,,,,,,,,,,,,,,,,,,,,,,,,,,2026-07-28
pitcher,CWS,NYY,Anthony Kay,641743,,,,,4.79,14.0,2.54,4.59,4.59,1.92,0.67,2.28,4.29,0.073,4.676567656765677,4.497510524090055,1.890295358649789,2.026480650190615,4.525423728813561,4.858659276173211,0.625,0.7592911695295503,2.28,,,,,,,,,,,,,,,,,,,,,,,,,,,,,,,,,,,,,,,2026-07-28
pitcher,NYY,CWS,Gerrit Cole,543037,,,,,4.79,14.0,2.37,4.71,4.59,1.43,0.67,2.28,3.95,0.073,4.676567656765677,4.497510524090055,1.3455882352941178,1.6812829944533958,4.666666666666667,4.858659276173211,0.625,0.7592911695295503,2.28,,,,,,,,,,,,,,,,,,,,,,,,,,,,,,,,,,,,,,,2026-07-28
pitcher,STL,CHC,Michael McGreevy,700241,,,,,4.79,14.0,2.84,5.69,3.58,1.28,0.87,3.0,5.0,-0.002,3.6538461538461537,3.502400723636293,1.2772277227722773,1.2824725226957707,5.68,5.720501571405975,0.869281045751634,0.8726985188581348,3.0,,,,,,,,,,,,,,,,,,,,,,,,,,,,,,,,,,,,,,,2026-07-28
pitcher,CHC,STL,Colin Rea,607067,,,,,4.79,14.0,2.61,4.93,3.83,1.93,0.63,2.48,4.64,0.051,3.8412698412698414,3.8257426697625427,1.890295358649789,2.041382631246275,4.879746835443039,5.152155509786922,0.625,0.6350989636681925,2.481,,,,,,,,,,,,,,,,,,,,,,,,,,,,,,,,,,,,,,,2026-07-28
pitcher,HOU,LAA,Peter Lambert,663567,,,,,5.21,16.0,2.44,4.63,4.78,1.97,0.56,2.28,4.01,0.103,4.676567656765677,4.891864265242002,1.890295358649789,2.220376515405656,4.525423728813561,5.0333098236854905,0.5409836065573771,0.6157600755958343,2.28,,,,,,,,,,,,,,,,,,,,,,,,,,,,,,,,,,,,,,,2026-07-28
pitcher,ATH,BOS,Gage Jump,695611,,,,,5.21,16.0,2.47,4.91,5.29,1.66,0.52,2.21,3.62,0.111,5.275,5.311116380498267,1.610062893081761,1.8287023801883489,4.879746835443039,5.0333098236854905,0.5409836065573771,0.47907389125280486,2.212,,,,,,,,,,,,,,,,,,,,,,,,,,,,,,,,,,,,,,,2026-07-28
pitcher,BOS,ATH,Jake Bennett,687562,,,,,4.79,14.0,2.47,4.88,4.78,1.33,0.71,2.21,4.06,0.081,4.676567656765677,4.882964964028157,1.3455882352941178,1.2824725226957707,4.879746835443039,4.858659276173211,0.6666666666666666,0.8243081650798851,2.212,,,,,,,,,,,,,,,,,,,,,,,,,,,,,,,,,,,,,,,2026-07-28
pitcher,SD,COL,Michael King,650633,,,,,5.13,15.0,2.72,4.66,4.95,2.27,0.91,2.28,5.01,0.097,4.676567656765677,5.229563729742055,2.163265306122449,2.579291945147967,4.525423728813561,5.203532794732478,0.869281045751634,1.0185612131889998,2.28,,,,,,,,,,,,,,,,,,,,,,,,,,,,,,,,,,,,,,,2026-07-28
pitcher,COL,SD,Michael Lorenzen,547179,,,,,4.79,14.0,2.78,5.53,3.67,1.63,0.78,3.08,4.83,-0.01,3.8412698412698414,3.502400723636293,1.610062893081761,1.6812829944533958,5.387096774193548,6.094132954135056,0.7580645161290323,0.8243081650798851,3.075,,,,,,,,,,,,,,,,,,,,,,,,,,,,,,,,,,,,,,,2026-07-28
pitcher,SF,MIL,Landen Roupp,694738,,,,,4.79,14.0,2.44,4.76,4.59,1.93,0.55,2.21,4.06,0.081,4.676567656765677,4.497510524090055,1.890295358649789,2.041382631246275,4.666666666666667,5.152155509786922,0.5409836065573771,0.5661210675823506,2.212,,,,,,,,,,,,,,,,,,,,,,,,,,,,,,,,,,,,,,,2026-07-28
pitcher,MIL,SF,Logan Henderson,701656,,,,,4.79,14.0,2.57,4.39,5.78,2.02,0.89,2.21,4.4,0.081,6.017094017094017,5.545235572368783,1.890295358649789,2.408344720713209,4.326530612244898,4.62755356150739,0.869281045751634,0.9510542321979162,2.212,,,,,,,,,,,,,,,,,,,,,,,,,,,,,,,,,,,,,,,2026-07-28
pitcher,LAD,SEA,Justin Wrobleski,680736,,,,,4.79,14.0,2.8,5.05,4.59,1.43,0.92,2.48,5.22,0.051,4.676567656765677,4.497510524090055,1.3455882352941178,1.6812829944533958,5.093457943925234,4.858659276173211,0.9130434782608695,0.9510542321979162,2.481,,,,,,,,,,,,,,,,,,,,,,,,,,,,,,,,,,,,,,,2026-07-28
pitcher,SEA,LAD,Luis Castillo,622491,,,,,4.79,14.0,2.4,4.93,4.52,1.38,0.57,2.28,3.8,0.073,4.5344827586206895,4.497510524090055,1.2772277227722773,1.6812829944533958,4.879746835443039,5.152155509786922,0.547945205479452,0.6350989636681925,2.28,,,,,,,,,,,,,,,,,,,,,,,,,,,,,,,,,,,,,,,2026-07-28
hitter,CIN,CLE,Elly De La Cruz,682829,1.0,SS,Confirmed,4.51,,,,,1.01,0.21,,,,,0.9407379064598763,1.071740181566575,0.20229666291445095,0.21123006928855217,0.707983193277311,0.8180652136622548,0.11783049897414555,0.1452750514756309,,,0.77,0.6,0.47,2.21,0.13,1.32,0.3,0.01,0.0,0.333,1.239368165249089,1.3931285325095126,0.304,,0.013,,0.0,,False,96.0,99.0,96.0,88.0,93.0,91.0,91.0,92.0,94.0,high,high,high,high,high,high,high,high,high,2026-07-28
hitter,CIN,CLE,Sal Stewart,701398,2.0,1B,Confirmed,4.39,,,,,0.96,0.17,,,,,0.8764297913834335,1.0385012892527217,0.17184763586461652,0.17509614029624135,0.7061469265367316,0.7478968380880462,0.16966085478267284,0.17299677074047717,,,0.73,0.61,0.51,2.22,0.17,1.32,0.23,0.01,0.0,0.341,1.239368165249089,1.3909277508720908,0.232,,0.01,,0.0,,False,96.0,99.0,96.0,88.0,93.0,91.0,91.0,92.0,94.0,high,high,high,high,high,high,high,high,high,2026-07-28
hitter,CIN,CLE,JJ Bleday,668709,3.0,RF,Confirmed,3.96,,,,,0.85,0.16,,,,,0.7716366053561647,0.9354124135807435,0.16291499130843687,0.15279362671140032,0.5290322580645161,0.6136763065397696,0.08826733523638303,0.09484578143285846,,,0.58,0.51,0.45,1.96,0.09,1.0,0.22,0.01,0.0,0.322,0.9875776397515532,1.00782649517484,0.217,,0.008,,0.0,,False,96.0,99.0,96.0,88.0,93.0,91.0,91.0,92.0,94.0,high,high,high,high,high,high,high,high,high,2026-07-28
hitter,CIN,CLE,Eugenio Suárez,553993,4.0,3B,Confirmed,4.18,,,,,1.01,0.17,,,,,0.8965613414687922,1.131051542056923,0.1516106232659913,0.18366434844165125,0.5290322580645161,0.6125820479371178,0.19667625046332987,0.19300188702827165,,,0.57,0.64,0.63,2.37,0.19,1.22,0.2,0.01,0.0,0.364,1.1521739130434783,1.2843477015534581,0.201,,0.008,,0.0,,False,96.0,99.0,96.0,88.0,93.0,91.0,91.0,92.0,94.0,high,high,high,high,high,high,high,high,high,2026-07-28
hitter,CIN,CLE,Nathaniel Lowe,663993,5.0,DH,Confirmed,3.32,,,,,0.9,0.31,,,,,0.9317264132794262,0.86185396564119,0.3329581121713261,0.29041020146464375,0.801980198019802,0.6963668630546681,0.03848349362593402,0.03127646688584486,,,0.74,0.44,0.4,1.64,0.03,1.13,0.16,0.01,0.0,0.323,1.239368165249089,1.0366435422220246,0.163,,0.01,,0.0,,False,96.0,99.0,96.0,88.0,93.0,91.0,91.0,92.0,94.0,high,high,high,high,high,high,high,high,high,2026-07-28
hitter,CIN,CLE,Tyler Stephenson,663886,6.0,C,Confirmed,3.81,,,,,0.88,0.2,,,,,0.765929918771757,1.001896721527947,0.19962278748698128,0.20090429834695261,0.4125159642401022,0.5067649936539869,0.09861689706475985,0.08657125069348903,,,0.46,0.42,0.43,1.75,0.09,0.84,0.18,0.01,0.0,0.314,0.8408408408408409,0.8449746700174029,0.177,,0.008,,0.0,,False,96.0,99.0,96.0,88.0,93.0,91.0,91.0,92.0,94.0,high,high,high,high,high,high,high,high,high,2026-07-28
hitter,CIN,CLE,Dane Myers,667472,7.0,CF,Confirmed,2.26,,,,,0.67,0.1,,,,,0.7176473069337549,0.6125929950604544,0.11322564833246766,0.0796093638906325,0.4125159642401022,0.3539021258618791,0.06415409470777739,0.04695693900216436,,,0.38,0.26,0.24,1.08,0.06,0.67,0.13,0.01,0.0,0.322,0.7899761336515513,0.5632845319712337,0.128,,0.009,,0.0,,False,96.0,99.0,96.0,88.0,93.0,91.0,91.0,92.0,94.0,high,high,high,high,high,high,high,high,high,2026-07-28
hitter,CIN,CLE,Edwin Arroyo,695490,8.0,2B,Confirmed,3.49,,,,,0.7,0.09,,,,,0.6232286682854076,0.7715249515728572,0.0946633125000246,0.09490677559112244,0.4803149606299212,0.5847410467806328,0.05796321736924658,0.06169468126034322,,,0.54,0.41,0.37,1.77,0.06,0.81,0.19,0.01,0.0,0.325,0.7899761336515513,0.8260225683822899,0.187,,0.009,,0.0,,False,96.0,99.0,96.0,88.0,93.0,91.0,91.0,92.0,94.0,high,high,high,high,high,high,high,high,high,2026-07-28
hitter,CIN,CLE,TJ Friedl,670770,9.0,LF,Confirmed,3.48,,,,,0.6,0.13,,,,,0.5934851550225074,0.6073655201222679,0.12072729511372235,0.13626488131676193,0.5290322580645161,0.5983378194610709,0.06789662796829082,0.06708097556204748,,,0.57,0.38,0.35,1.62,0.07,0.86,0.19,0.01,0.0,0.312,0.8408408408408409,0.8740687674470332,0.188,,0.012,,0.0,,False,96.0,99.0,96.0,88.0,93.0,91.0,91.0,92.0,94.0,high,high,high,high,high,high,high,high,high,2026-07-28
hitter,CLE,CIN,Steven Kwan,680757,1.0,LF,Confirmed,3.49,,,,,0.33,0.37,,,,,0.32709400386998033,0.3408031970653578,0.4042946401435048,0.3425059838601888,1.0,0.7852624152708371,0.09896230016506305,0.09580997348332594,,,0.88,0.38,0.28,1.36,0.1,1.33,0.14,0.01,0.0,0.279,1.5956790123456794,1.1138991832826002,0.137,,0.008,,0.0,,False,96.0,99.0,96.0,88.0,93.0,91.0,91.0,92.0,94.0,high,high,high,high,high,high,high,high,high,2026-07-28
hitter,CLE,CIN,José Ramírez,608070,2.0,3B,Confirmed,3.96,,,,,0.58,0.25,,,,,0.5636691537324743,0.6019056392326532,0.26737283225915454,0.2424218212283072,0.8694581280788177,0.8123562970416142,0.13771891491064822,0.1458914628221335,,,0.84,0.43,0.32,1.45,0.14,1.39,0.13,0.01,0.0,0.278,1.3893129770992367,1.3819790922653308,0.128,,0.008,,0.0,,False,96.0,99.0,96.0,88.0,93.0,91.0,91.0,92.0,94.0,high,high,high,high,high,high,high,high,high,2026-07-28
hitter,CLE,CIN,Chase DeLauter,800050,3.0,DH,Confirmed,4.25,,,,,0.61,0.41,,,,,0.6746441974221874,0.5412279565117404,0.4188676946559797,0.3922048221511629,1.0980834272829765,1.0743834308798375,0.22657141755735657,0.19628406179095018,,,1.09,0.47,0.4,1.74,0.21,2.02,0.16,0.01,0.0,0.279,2.057017543859649,1.9976311934788231,0.155,,0.01,,0.0,,False,96.0,99.0,96.0,88.0,93.0,91.0,91.0,92.0,94.0,high,high,high,high,high,high,high,high,high,2026-07-28
hitter,CLE,CIN,Travis Bazzana,683953,4.0,2B,Confirmed,4.51,,,,,0.96,0.67,,,,,1.0226503292396278,0.8941242661853814,0.7083195112904247,0.633681547920014,1.0980834272829765,1.0927245975648423,0.3198357047082967,0.3769967157236174,,,1.1,0.54,0.44,1.85,0.35,2.15,0.14,0.01,0.0,0.306,2.057017543859649,2.2270278469244307,0.143,,0.008,,0.0,,False,96.0,99.0,96.0,88.0,93.0,91.0,91.0,92.0,94.0,high,high,high,high,high,high,high,high,high,2026-07-28
hitter,CLE,CIN,Brayan Rocchio,677587,5.0,SS,Confirmed,3.89,,,,,0.63,0.35,,,,,0.6672651447687136,0.5835897060160776,0.349749135599694,0.3435053751342402,0.8949771689497716,0.8418770203579652,0.1548831847638574,0.16132491969851875,,,0.87,0.38,0.32,1.41,0.16,1.58,0.13,0.01,0.0,0.244,1.684375,1.4936123353861848,0.133,,0.008,,0.0,,False,96.0,99.0,96.0,88.0,93.0,91.0,91.0,92.0,94.0,high,high,high,high,high,high,high,high,high,2026-07-28
hitter,CLE,CIN,Kyle Manzardo,700932,6.0,1B,Confirmed,3.96,,,,,1.05,0.52,,,,,1.104852640653282,0.9887266757655286,0.5398352913415267,0.4982256091603266,0.801980198019802,0.7661152202527086,0.36719866143911406,0.36429357489591674,,,0.78,0.37,0.36,1.37,0.37,2.28,0.13,0.01,0.0,0.273,2.057017543859649,2.4610322260806115,0.132,,0.009,,0.0,,False,96.0,99.0,96.0,88.0,93.0,91.0,91.0,92.0,94.0,high,high,high,high,high,high,high,high,high,2026-07-28
hitter,CLE,CIN,Angel Martínez,682657,7.0,RF,Confirmed,3.33,,,,,0.79,0.1,,,,,0.7301121373437773,0.842323281032937,0.11315893353707183,0.09169008129077832,0.7061469265367316,0.6192576646590897,0.08591702278404056,0.09645286372034903,,,0.66,0.25,0.23,1.01,0.09,0.98,0.1,0.01,0.0,0.216,1.001763668430335,0.956687363365228,0.104,,0.007,,0.0,,False,96.0,99.0,96.0,88.0,93.0,91.0,91.0,92.0,94.0,high,high,high,high,high,high,high,high,high,2026-07-28
hitter,CLE,CIN,Patrick Bailey,672275,8.0,C,Confirmed,3.1,,,,,0.83,0.32,,,,,0.8903982722967432,0.7596502333974238,0.3576082650685214,0.27405473215962234,0.707983193277311,0.5804451739336725,0.0989865204841994,0.09354200755960541,,,0.64,0.26,0.23,1.01,0.1,1.15,0.11,0.01,0.0,0.245,1.3148148148148149,1.0080869906959522,0.114,,0.007,,0.0,,False,96.0,99.0,96.0,88.0,93.0,91.0,91.0,92.0,94.0,high,high,high,high,high,high,high,high,high,2026-07-28
hitter,CLE,CIN,Petey Halpin,690984,9.0,CF,Confirmed,2.55,,,,,0.74,0.05,,,,,0.7308193081934173,0.7572423316432267,0.062338529731416896,0.03697634196780734,0.4125159642401022,0.3270201986324992,0.013731326979438107,0.010745167474963785,,,0.37,0.2,0.17,0.78,0.01,0.54,0.09,0.01,0.0,0.228,0.6720588235294118,0.4252881414372698,0.089,,0.007,,0.0,,False,96.0,99.0,96.0,88.0,93.0,91.0,91.0,92.0,94.0,high,high,high,high,high,high,high,high,high,2026-07-28
hitter,CIN,CLE,Elly De La Cruz,682829,1.0,SS,Confirmed,4.51,,,,,1.01,0.21,,,,,0.9407379064598763,1.071740181566575,0.20229666291445095,0.21123006928855217,0.707983193277311,0.8180652136622548,0.11783049897414555,0.1452750514756309,,,0.77,0.6,0.47,2.21,0.13,1.32,0.3,0.01,0.0,0.333,1.239368165249089,1.3931285325095126,0.304,,0.013,,0.0,,False,96.0,99.0,96.0,88.0,93.0,91.0,91.0,92.0,94.0,high,high,high,high,high,high,high,high,high,2026-07-28
hitter,CIN,CLE,Sal Stewart,701398,2.0,DH,Confirmed,4.39,,,,,0.96,0.17,,,,,0.8764297913834335,1.0385012892527217,0.17184763586461652,0.17509614029624135,0.7061469265367316,0.7478968380880462,0.16966085478267284,0.17299677074047717,,,0.73,0.61,0.51,2.22,0.17,1.32,0.23,0.01,0.0,0.341,1.239368165249089,1.3909277508720908,0.232,,0.01,,0.0,,False,96.0,99.0,96.0,88.0,93.0,91.0,91.0,92.0,94.0,high,high,high,high,high,high,high,high,high,2026-07-28
hitter,CIN,CLE,JJ Bleday,668709,3.0,LF,Confirmed,3.96,,,,,0.85,0.16,,,,,0.7716366053561647,0.9354124135807435,0.16291499130843687,0.15279362671140032,0.5290322580645161,0.6136763065397696,0.08826733523638303,0.09484578143285846,,,0.58,0.51,0.45,1.96,0.09,1.0,0.22,0.01,0.0,0.322,0.9875776397515532,1.00782649517484,0.217,,0.008,,0.0,,False,96.0,99.0,96.0,88.0,93.0,91.0,91.0,92.0,94.0,high,high,high,high,high,high,high,high,high,2026-07-28
hitter,CIN,CLE,Nathaniel Lowe,663993,4.0,1B,Confirmed,3.32,,,,,0.9,0.31,,,,,0.9317264132794262,0.86185396564119,0.3329581121713261,0.29041020146464375,0.801980198019802,0.6963668630546681,0.03848349362593402,0.03127646688584486,,,0.74,0.44,0.4,1.64,0.03,1.13,0.16,0.01,0.0,0.323,1.239368165249089,1.0366435422220246,0.163,,0.01,,0.0,,False,96.0,99.0,96.0,88.0,93.0,91.0,91.0,92.0,94.0,high,high,high,high,high,high,high,high,high,2026-07-28
hitter,CIN,CLE,Dane Myers,667472,5.0,CF,Confirmed,2.26,,,,,0.67,0.1,,,,,0.7176473069337549,0.6125929950604544,0.11322564833246766,0.0796093638906325,0.4125159642401022,0.3539021258618791,0.06415409470777739,0.04695693900216436,,,0.38,0.29,0.27,1.15,0.06,0.67,0.13,0.01,0.0,0.322,0.7899761336515513,0.5632845319712337,0.128,,0.009,,0.0,,False,96.0,99.0,96.0,88.0,93.0,91.0,91.0,92.0,94.0,high,high,high,high,high,high,high,high,high,2026-07-28
hitter,CIN,CLE,Noelvi Marte,682622,6.0,RF,Confirmed,4.18,,,,,0.83,0.1,,,,,0.7212813564341221,0.944109746075154,0.10127025544622392,0.09546775687909961,0.5846774193548387,0.6937461445036556,0.10571489596715539,0.12131426919484117,,,0.64,0.48,0.51,2.09,0.11,1.17,0.22,0.01,0.0,0.314,1.1521739130434783,1.1904575024913762,0.216,,0.009,,0.0,,False,96.0,99.0,96.0,88.0,93.0,91.0,91.0,92.0,94.0,high,high,high,high,high,high,high,high,high,2026-07-28
hitter,CIN,CLE,Ivan Johnson,671155,7.0,2B,Confirmed,1.5,,,,,0.64,0.04,,,,,0.6806521980738459,0.5951634604662496,0.058908019777144056,0.026238808304141485,0.2543859649122807,0.14004037396625083,0.02725721989526345,0.015400583110959931,,,0.19,0.14,0.13,0.6,0.02,0.27,0.08,0.01,0.0,0.268,0.3498097525906963,0.20857816046362876,0.075,,0.007,,0.0,,False,96.0,99.0,96.0,88.0,93.0,91.0,91.0,92.0,94.0,high,high,high,high,high,high,high,high,high,2026-07-28
hitter,CIN,CLE,Jose Trevino,624431,8.0,C,Confirmed,3.49,,,,,0.5,0.26,,,,,0.5060918249162397,0.4905576192322722,0.2787142886061219,0.24314654920614676,0.994208494208494,0.8854879733182717,0.03002832143985552,0.024603891091491567,,,0.93,0.4,0.37,1.77,0.03,1.18,0.15,0.01,0.0,0.32,1.239368165249089,1.127696684333787,0.154,,0.01,,0.0,,False,96.0,99.0,96.0,88.0,93.0,91.0,91.0,92.0,94.0,high,high,high,high,high,high,high,high,high,2026-07-28
hitter,CIN,CLE,Ke'Bryan Hayes,663647,9.0,3B,Confirmed,4.18,,,,,0.76,0.26,,,,,0.7043193485088859,0.8136823304372491,0.24287727283445817,0.2810737066308172,0.8694581280788177,0.9255330479957268,0.027679283653911615,0.02872642337445184,,,0.9,0.48,0.44,2.05,0.03,1.15,0.17,0.01,0.0,0.314,1.1521739130434783,1.15652718443697,0.173,,0.011,,0.0,,False,96.0,99.0,96.0,88.0,93.0,91.0,91.0,92.0,94.0,high,high,high,high,high,high,high,high,high,2026-07-28
hitter,CLE,CIN,Steven Kwan,680757,1.0,LF,Confirmed,3.49,,,,,0.33,0.37,,,,,0.32709400386998033,0.3408031970653578,0.4042946401435048,0.3425059838601888,1.0,0.7852624152708371,0.09896230016506305,0.09580997348332594,,,0.88,0.38,0.28,1.36,0.1,1.33,0.14,0.01,0.0,0.279,1.5956790123456794,1.1138991832826002,0.137,,0.008,,0.0,,False,96.0,99.0,96.0,88.0,93.0,91.0,91.0,92.0,94.0,high,high,high,high,high,high,high,high,high,2026-07-28
hitter,CLE,CIN,José Ramírez,608070,2.0,DH,Confirmed,3.96,,,,,0.58,0.25,,,,,0.5636691537324743,0.6019056392326532,0.26737283225915454,0.2424218212283072,0.8694581280788177,0.8123562970416142,0.13771891491064822,0.1458914628221335,,,0.84,0.43,0.32,1.45,0.14,1.39,0.13,0.01,0.0,0.278,1.3893129770992367,1.3819790922653308,0.128,,0.008,,0.0,,False,96.0,99.0,96.0,88.0,93.0,91.0,91.0,92.0,94.0,high,high,high,high,high,high,high,high,high,2026-07-28
hitter,CLE,CIN,Chase DeLauter,800050,3.0,RF,Confirmed,4.25,,,,,0.61,0.41,,,,,0.6746441974221874,0.5412279565117404,0.4188676946559797,0.3922048221511629,1.0980834272829765,1.0743834308798375,0.22657141755735657,0.19628406179095018,,,1.09,0.47,0.4,1.74,0.21,2.02,0.16,0.01,0.0,0.279,2.057017543859649,1.9976311934788231,0.155,,0.01,,0.0,,False,96.0,99.0,96.0,88.0,93.0,91.0,91.0,92.0,94.0,high,high,high,high,high,high,high,high,high,2026-07-28
hitter,CLE,CIN,Rhys Hoskins,656555,4.0,1B,Confirmed,2.55,,,,,0.8,0.3,,,,,0.8485017794796039,0.7521356679517793,0.2989290335044529,0.2948472428397036,0.4125159642401022,0.34161114500106143,0.2934617198333471,0.21878195335845327,,,0.37,0.25,0.22,0.8,0.26,1.21,0.09,0.01,0.0,0.25,1.3148148148148149,1.1213322721002152,0.089,,0.006,,0.0,,False,96.0,99.0,96.0,88.0,93.0,91.0,91.0,92.0,94.0,high,high,high,high,high,high,high,high,high,2026-07-28
hitter,CLE,CIN,Brayan Rocchio,677587,5.0,SS,Confirmed,3.89,,,,,0.63,0.35,,,,,0.6672651447687136,0.5835897060160776,0.349749135599694,0.3435053751342402,0.8949771689497716,0.8418770203579652,0.1548831847638574,0.16132491969851875,,,0.87,0.38,0.32,1.41,0.16,1.58,0.13,0.01,0.0,0.244,1.684375,1.4936123353861848,0.133,,0.008,,0.0,,False,96.0,99.0,96.0,88.0,93.0,91.0,91.0,92.0,94.0,high,high,high,high,high,high,high,high,high,2026-07-28
hitter,CLE,CIN,Travis Bazzana,683953,6.0,2B,Confirmed,4.51,,,,,0.96,0.67,,,,,1.0226503292396278,0.8941242661853814,0.7083195112904247,0.633681547920014,1.0980834272829765,1.0927245975648423,0.3198357047082967,0.3769967157236174,,,1.1,0.47,0.44,1.78,0.35,2.15,0.14,0.01,0.0,0.306,2.057017543859649,2.2270278469244307,0.143,,0.008,,0.0,,False,96.0,99.0,96.0,88.0,93.0,91.0,91.0,92.0,94.0,high,high,high,high,high,high,high,high,high,2026-07-28
hitter,CLE,CIN,Gabriel Arias,672356,7.0,3B,Confirmed,3.96,,,,,1.12,0.34,,,,,1.1538473108874119,1.0795355005308993,0.3258421616807269,0.35695719386709096,0.8949771689497716,0.8401167211952927,0.2713024550428729,0.2800571759543676,,,0.86,0.36,0.33,1.39,0.28,2.1,0.12,0.01,0.0,0.252,1.914285714285714,2.253122770377896,0.117,,0.007,,0.0,,False,96.0,99.0,96.0,88.0,93.0,91.0,91.0,92.0,94.0,high,high,high,high,high,high,high,high,high,2026-07-28
hitter,CLE,CIN,Austin Hedges,595978,8.0,C,Confirmed,3.81,,,,,1.29,0.13,,,,,1.0997855879124987,1.4744146968372573,0.12178290626359409,0.14507133785498727,0.801980198019802,0.788725725876345,0.0887658839516359,0.09889496125459074,,,0.79,0.33,0.27,1.25,0.09,1.23,0.11,0.01,0.0,0.25,1.239368165249089,1.2292611258328903,0.107,,0.007,,0.0,,False,96.0,99.0,96.0,88.0,93.0,91.0,91.0,92.0,94.0,high,high,high,high,high,high,high,high,high,2026-07-28
hitter,CLE,CIN,Petey Halpin,690984,9.0,CF,Confirmed,2.55,,,,,0.74,0.05,,,,,0.7308193081934173,0.7572423316432267,0.062338529731416896,0.03697634196780734,0.4125159642401022,0.3270201986324992,0.013731326979438107,0.010745167474963785,,,0.37,0.2,0.17,0.78,0.01,0.54,0.09,0.01,0.0,0.228,0.6720588235294118,0.4252881414372698,0.089,,0.007,,0.0,,False,96.0,99.0,96.0,88.0,93.0,91.0,91.0,92.0,94.0,high,high,high,high,high,high,high,high,high,2026-07-28
hitter,DET,BAL,Kevin McGonigle,805808,1.0,SS,Confirmed,4.25,,,,,0.66,0.48,,,,,0.658734598857604,0.6607250602074978,0.502888511080115,0.4620156128552559,1.0980834272829765,1.0232627871033615,0.17024934289816784,0.14889298069110884,,,1.06,0.49,0.37,1.66,0.16,1.76,0.14,0.01,0.0,0.291,1.914285714285714,1.6272752846944196,0.136,,0.007,,0.0,,False,96.0,99.0,96.0,88.0,93.0,91.0,91.0,92.0,94.0,high,high,high,high,high,high,high,high,high,2026-07-28
hitter,DET,BAL,Gleyber Torres,650402,2.0,2B,Confirmed,4.04,,,,,1.06,0.53,,,,,0.9639123033444489,1.1489947129355134,0.5527363697639622,0.5087031770950969,1.0980834272829765,0.9423164507608958,0.33082813599833777,0.3293949793639457,,,1.01,0.47,0.36,1.64,0.33,1.98,0.13,0.01,0.0,0.293,2.057017543859649,1.9228035602014075,0.126,,0.007,,0.0,,False,96.0,99.0,96.0,88.0,93.0,91.0,91.0,92.0,94.0,high,high,high,high,high,high,high,high,high,2026-07-28
hitter,DET,BAL,Riley Greene,682985,3.0,LF,Confirmed,4.18,,,,,1.23,0.32,,,,,1.2327086986407165,1.2224937366721713,0.325973795726617,0.31361628214436743,1.0980834272829765,0.9576170312930088,0.22360229683638183,0.21963351256639954,,,1.02,0.49,0.46,1.75,0.22,1.93,0.15,0.01,0.0,0.287,2.057017543859649,1.8173298476046615,0.145,,0.007,,0.0,,False,96.0,99.0,96.0,88.0,93.0,91.0,91.0,92.0,94.0,high,high,high,high,high,high,high,high,high,2026-07-28
hitter,DET,BAL,Dillon Dingler,693307,4.0,DH,Confirmed,4.18,,,,,1.04,0.21,,,,,1.0018338878996587,1.0717546561088176,0.22448334292443223,0.1961771434368847,1.0980834272829765,1.0634068898756897,0.1710025265316882,0.17072202922729085,,,1.08,0.47,0.44,1.77,0.17,1.83,0.17,0.01,0.0,0.273,1.914285714285714,1.7643990094675917,0.167,,0.01,,0.0,,False,96.0,99.0,96.0,88.0,93.0,91.0,91.0,92.0,94.0,high,high,high,high,high,high,high,high,high,2026-07-28
hitter,DET,BAL,Colt Keith,690993,5.0,3B,Confirmed,3.09,,,,,0.7,0.18,,,,,0.7043385178470594,0.6927644190072141,0.1959661161424263,0.16434281517476332,0.801980198019802,0.639211109587827,0.10850246043329564,0.08860174082869392,,,0.71,0.3,0.28,1.11,0.1,1.12,0.1,0.01,0.0,0.244,1.239368165249089,1.013307563333915,0.1,,0.008,,0.0,,False,96.0,99.0,96.0,88.0,93.0,91.0,91.0,92.0,94.0,high,high,high,high,high,high,high,high,high,2026-07-28
hitter,DET,BAL,Spencer Torkelson,679529,6.0,1B,Confirmed,4.08,,,,,1.17,0.4,,,,,1.1899886225030423,1.1427228104335718,0.4203782188806998,0.37426681241593585,0.994208494208494,0.9195987026845247,0.18325174905457067,0.19145073251290823,,,0.95,0.39,0.39,1.49,0.19,1.74,0.13,0.01,0.0,0.277,1.914285714285714,1.5945555527412114,0.131,,0.008,,0.0,,False,96.0,99.0,96.0,88.0,93.0,91.0,91.0,92.0,94.0,high,high,high,high,high,high,high,high,high,2026-07-28
hitter,DET,BAL,Zach McKinstry,656716,7.0,RF,Confirmed,3.49,,,,,0.69,0.23,,,,,0.6978695644344202,0.6847526842498259,0.261000767190679,0.2061408141848444,0.994208494208494,0.7932070280302965,0.09956266969635119,0.09156938327105299,,,0.88,0.33,0.29,1.32,0.1,1.33,0.13,0.02,0.0,0.27,1.4157766934277654,1.2533042396732366,0.133,,0.017,,0.0,,False,96.0,99.0,96.0,88.0,93.0,91.0,91.0,92.0,94.0,high,high,high,high,high,high,high,high,high,2026-07-28
hitter,DET,BAL,Eduardo Valencia,680664,8.0,C,Confirmed,3.33,,,,,0.68,0.18,,,,,0.675,,0.177,,0.529,,0.095,,,,0.53,0.26,0.24,1.03,0.1,1.0,0.11,0.01,0.0,0.224,1.002,,0.11,,0.007,,0.0,,True,40.0,44.0,40.0,32.0,37.0,35.0,35.0,36.0,38.0,low,low,low,low,low,low,low,low,low,2026-07-28
hitter,DET,BAL,Javier Báez,595879,9.0,CF,Confirmed,2.55,,,,,0.74,0.22,,,,,0.7689046572932883,0.7182972654360114,0.2284327469582489,0.20823048124013283,0.3344051446945337,0.30673747889679415,0.029001692856479987,0.020161146319032017,,,0.32,0.2,0.19,0.8,0.02,0.41,0.09,0.01,0.0,0.221,0.44025157232704404,0.37821554603280877,0.092,,0.01,,0.0,,False,96.0,99.0,96.0,88.0,93.0,91.0,91.0,92.0,94.0,high,high,high,high,high,high,high,high,high,2026-07-28
hitter,BAL,DET,Dylan Beavers,687637,1.0,LF,Confirmed,3.1,,,,,0.74,0.35,,,,,0.768926873413688,0.704586528575525,0.3777355875347651,0.31447434103830635,0.6666666666666666,0.5214428373723956,0.032471527070752515,0.020467138631436368,,,0.59,0.21,0.14,0.7,0.03,0.85,0.09,0.01,0.0,0.184,0.9875776397515532,0.7293521096475899,0.091,,0.007,,0.0,,False,96.0,99.0,96.0,88.0,93.0,91.0,91.0,92.0,94.0,high,high,high,high,high,high,high,high,high,2026-07-28
hitter,BAL,DET,Pete Alonso,624413,2.0,1B,Confirmed,4.14,,,,,0.88,0.53,,,,,0.8541013843636847,0.8979548761484635,0.4955807610718457,0.5586379020554931,0.994208494208494,0.8484081830354551,0.07090594792138263,0.06653323852784714,,,0.91,0.3,0.2,0.99,0.07,1.39,0.1,0.01,0.0,0.192,1.4476190476190476,1.348470973589899,0.102,,0.008,,0.0,,False,96.0,99.0,96.0,88.0,93.0,91.0,91.0,92.0,94.0,high,high,high,high,high,high,high,high,high,2026-07-28
hitter,BAL,DET,Gunnar Henderson,683002,3.0,SS,Confirmed,3.96,,,,,0.7,0.4,,,,,0.6663744052899416,0.735924181200182,0.4412508102216963,0.354310372000976,0.994208494208494,0.8387423933424477,0.03943369526743038,0.03393769019497465,,,0.91,0.28,0.21,0.97,0.04,1.23,0.11,0.01,0.0,0.189,1.3148148148148149,1.158880803542248,0.11,,0.008,,0.0,,False,96.0,99.0,96.0,88.0,93.0,91.0,91.0,92.0,94.0,high,high,high,high,high,high,high,high,high,2026-07-28
hitter,BAL,DET,Taylor Ward,621493,4.0,LF,Confirmed,4.03,,,,,0.89,0.45,,,,,0.8911711393881369,0.8888906587221267,0.44276109896511784,0.4570898276576326,0.8694581280788177,0.7418082859573161,0.03571337998923993,0.018148557285346655,,,0.8,0.24,0.18,0.83,0.03,1.16,0.12,0.01,0.0,0.16,1.239368165249089,1.0964026271884655,0.122,,0.006,,0.0,,False,96.0,99.0,96.0,88.0,93.0,91.0,91.0,92.0,94.0,high,high,high,high,high,high,high,high,high,2026-07-28
hitter,BAL,DET,Leody Taveras,665750,5.0,RF,Confirmed,3.49,,,,,0.79,0.25,,,,,0.8207896447914305,0.7549536140585921,0.2611220989297576,0.23972642206765007,0.8888888888888888,0.7546808174980552,0.032314973505067526,0.038876881599630486,,,0.82,0.26,0.22,1.01,0.04,1.15,0.12,0.01,0.0,0.193,1.239368165249089,1.0780452139808003,0.12,,0.009,,0.0,,False,96.0,99.0,96.0,88.0,93.0,91.0,91.0,92.0,94.0,high,high,high,high,high,high,high,high,high,2026-07-28
hitter,BAL,DET,Jackson Holliday,702616,6.0,2B,Confirmed,3.02,,,,,0.7,0.26,,,,,0.7235147112805976,0.6687965502364577,0.2849556909890637,0.23152711822984723,0.7061469265367316,0.5696081732255474,0.02837913517901344,0.019680102455922454,,,0.63,0.17,0.15,0.68,0.02,0.88,0.09,0.01,0.0,0.173,0.9875776397515532,0.7879553727204406,0.091,,0.008,,0.0,,False,96.0,99.0,96.0,88.0,93.0,91.0,91.0,92.0,94.0,high,high,high,high,high,high,high,high,high,2026-07-28
hitter,BAL,DET,Coby Mayo,691723,7.0,1B,Confirmed,2.26,,,,,0.7,0.19,,,,,0.7570303948381218,0.6479267427706555,0.23621465327873262,0.15172960664782087,0.4125159642401022,0.3086380444275039,0.03211415801891323,0.018135051529439096,,,0.36,0.13,0.1,0.49,0.03,0.55,0.07,0.01,0.0,0.179,0.6720588235294118,0.4485686132247002,0.073,,0.006,,0.0,,False,96.0,99.0,96.0,88.0,93.0,91.0,91.0,92.0,94.0,high,high,high,high,high,high,high,high,high,2026-07-28
hitter,BAL,DET,Colton Cowser,681297,8.0,CF,Confirmed,3.02,,,,,1.34,0.45,,,,,1.4416689569477583,1.240641625605935,0.49767598536086877,0.3930259616297034,0.7715355805243446,0.5483293174653452,0.10100356983195141,0.08055348538436388,,,0.65,0.16,0.13,0.63,0.09,1.11,0.07,0.01,0.0,0.165,1.239368165249089,1.000386539689901,0.072,,0.006,,0.0,,False,96.0,99.0,96.0,88.0,93.0,91.0,91.0,92.0,94.0,high,high,high,high,high,high,high,high,high,2026-07-28
hitter,BAL,DET,Yohel Pozo,650968,9.0,C,Confirmed,1.92,,,,,0.46,0.11,,,,,0.5281203777852211,0.3957216085290727,0.14398751964621817,0.08329516106588246,0.4803149606299212,0.2946388077053015,0.024925777146797796,0.01429562785568381,,,0.38,0.12,0.1,0.47,0.02,0.52,0.07,0.01,0.0,0.184,0.6720588235294118,0.39851591075658993,0.073,,0.006,,0.0,,False,96.0,99.0,96.0,88.0,93.0,91.0,91.0,92.0,94.0,high,high,high,high,high,high,high,high,high,2026-07-28
hitter,PIT,AZ,Jake Mangum,663968,1.0,CF,Confirmed,3.81,,,,,0.52,0.28,,,,,0.5513774186376811,0.49505002056065167,0.31181077302524474,0.24853401991614113,1.4947368421052631,1.0982233598632476,0.08200356819666818,0.061603789798015306,,,1.28,0.38,0.3,1.55,0.07,1.69,0.13,0.01,0.0,0.244,1.914285714285714,1.5115354063724062,0.135,,0.009,,0.0,,False,96.0,99.0,96.0,88.0,93.0,91.0,91.0,92.0,94.0,high,high,high,high,high,high,high,high,high,2026-07-28
hitter,PIT,AZ,Brandon Lowe,664040,2.0,2B,Confirmed,4.04,,,,,1.1,0.49,,,,,1.1524607710759465,1.054774764580255,0.5294796480157823,0.450461607371053,1.4947368421052631,1.075345552123177,0.26868602407173076,0.2601406325996485,,,1.26,0.41,0.32,1.6,0.26,2.28,0.19,0.01,0.0,0.255,2.552380952380952,2.057764553102238,0.189,,0.008,,0.0,,False,96.0,99.0,96.0,88.0,93.0,91.0,91.0,92.0,94.0,high,high,high,high,high,high,high,high,high,2026-07-28
hitter,PIT,AZ,Bryan Reynolds,668804,3.0,LF,Confirmed,4.08,,,,,1.07,0.48,,,,,1.1417776100473571,0.9993914050304055,0.5025050886557487,0.44908985718467553,1.4947368421052631,1.1203993926659466,0.14069853795451157,0.15574560856823047,,,1.29,0.37,0.33,1.5,0.15,1.9,0.17,0.01,0.0,0.231,2.057017543859649,1.763654377599872,0.172,,0.012,,0.0,,False,96.0,99.0,96.0,88.0,93.0,91.0,91.0,92.0,94.0,high,high,high,high,high,high,high,high,high,2026-07-28
hitter,PIT,AZ,Esmerlyn Valdez,699013,4.0,RF,Confirmed,3.74,,,,,1.12,0.47,,,,,1.2042770155501088,1.039365317502243,0.5175415703637727,0.41799312840951575,1.0980834272829765,0.9231060713396804,0.22526757803965575,0.19611405846897223,,,1.0,0.34,0.3,1.31,0.21,1.86,0.12,0.01,0.0,0.221,2.057017543859649,1.691859805302482,0.12,,0.009,,0.0,,False,96.0,99.0,96.0,88.0,93.0,91.0,91.0,92.0,94.0,high,high,high,high,high,high,high,high,high,2026-07-28
hitter,PIT,AZ,Ryan O'Hearn,656811,5.0,1B,Confirmed,4.18,,,,,0.95,0.49,,,,,0.9494814732283049,0.9594741522345547,0.5296588492839799,0.4514363838321799,1.4947368421052631,1.096593866687645,0.14592118930509865,0.14305458256977904,,,1.28,0.41,0.35,1.63,0.14,1.86,0.17,0.01,0.0,0.244,2.057017543859649,1.6977120696073567,0.171,,0.01,,0.0,,False,96.0,99.0,96.0,88.0,93.0,91.0,91.0,92.0,94.0,high,high,high,high,high,high,high,high,high,2026-07-28
hitter,PIT,AZ,Nick Gonzales,693304,6.0,3B,Confirmed,4.18,,,,,0.72,0.33,,,,,0.7325891712937236,0.7096394557014585,0.3385962114673793,0.318048169576664,1.607843137254902,1.2929511499151032,0.10506488572155742,0.10361411186658122,,,1.43,0.43,0.43,1.96,0.1,1.93,0.15,0.01,0.0,0.281,2.057017543859649,1.8246928690825863,0.151,,0.01,,0.0,,False,96.0,99.0,96.0,88.0,93.0,91.0,91.0,92.0,94.0,high,high,high,high,high,high,high,high,high,2026-07-28
hitter,PIT,AZ,Endy Rodríguez,682848,7.0,C,Confirmed,3.96,,,,,1.02,0.62,,,,,1.0598013952647434,0.988859464912058,0.6544757704514593,0.594495955172319,1.1391752577319587,1.0215662908865275,0.18991047371559203,0.18459299272682067,,,1.07,0.34,0.28,1.39,0.19,1.88,0.14,0.01,0.0,0.247,2.057017543859649,1.7291185069659603,0.144,,0.007,,0.0,,False,96.0,99.0,96.0,88.0,93.0,91.0,91.0,92.0,94.0,high,high,high,high,high,high,high,high,high,2026-07-28
hitter,PIT,AZ,Marcell Ozuna,542303,8.0,DH,Confirmed,4.04,,,,,1.16,0.83,,,,,1.206479839099692,1.12252497868675,0.8827848973522029,0.7852627679703074,0.707983193277311,0.6646718330453789,0.06502407690190704,0.07001753304550586,,,0.68,0.35,0.31,1.46,0.07,1.1,0.13,0.01,0.0,0.249,1.1521739130434783,1.0647047365456987,0.128,,0.006,,0.0,,False,96.0,99.0,96.0,88.0,93.0,91.0,91.0,92.0,94.0,high,high,high,high,high,high,high,high,high,2026-07-28
hitter,PIT,AZ,Jacob Gonzalez,694378,9.0,SS,Confirmed,3.02,,,,,0.52,0.18,,,,,0.5151218526885661,0.5228085333541652,0.20362482159102416,0.14713633595990977,0.801980198019802,0.6487403432107653,0.197540026739389,0.1916335158249913,,,0.72,0.24,0.21,1.03,0.19,1.41,0.12,0.01,0.0,0.227,1.5956790123456794,1.252407777048431,0.125,,0.01,,0.0,,False,96.0,99.0,96.0,88.0,93.0,91.0,91.0,92.0,94.0,high,high,high,high,high,high,high,high,high,2026-07-28
hitter,AZ,PIT,Corbin Carroll,682998,1.0,RF,Confirmed,4.57,,,,,0.99,0.32,,,,,0.9139323164332736,1.0629753085010292,0.3002121122299346,0.33153590275712036,1.0980834272829765,1.1023457738587148,0.331448064779955,0.4282815839010436,,,1.1,0.67,0.49,2.25,0.38,2.56,0.25,0.02,0.0,0.38,2.456692913385827,2.6441093704178114,0.251,,0.016,,0.0,,False,96.0,99.0,96.0,88.0,93.0,91.0,91.0,92.0,94.0,high,high,high,high,high,high,high,high,high,2026-07-28
hitter,AZ,PIT,Geraldo Perdomo,672695,2.0,SS,Confirmed,4.61,,,,,0.47,0.41,,,,,0.4654370228055593,0.4664968042842366,0.39589287345732815,0.41528166503074115,1.0980834272829765,1.0946692049743048,0.18794533262913715,0.21297356089288774,,,1.1,0.65,0.43,2.18,0.2,1.93,0.24,0.01,0.0,0.379,1.914285714285714,1.9506139096281578,0.235,,0.01,,0.0,,False,96.0,99.0,96.0,88.0,93.0,91.0,91.0,92.0,94.0,high,high,high,high,high,high,high,high,high,2026-07-28
hitter,AZ,PIT,Gabriel Moreno,672515,3.0,DH,Confirmed,4.26,,,,,0.64,0.3,,,,,0.6094115108893353,0.6723086731370455,0.3014893922284396,0.2997666851919417,1.0980834272829765,1.0587809083058655,0.18863120592050803,0.209546010828859,,,1.08,0.61,0.49,2.2,0.2,1.84,0.23,0.01,0.0,0.374,1.914285714285714,1.7875906400798018,0.234,,0.009,,0.0,,False,96.0,99.0,96.0,88.0,93.0,91.0,91.0,92.0,94.0,high,high,high,high,high,high,high,high,high,2026-07-28
hitter,AZ,PIT,Ketel Marte,606466,4.0,2B,Confirmed,4.68,,,,,0.58,0.3,,,,,0.5589840278386784,0.6036302622668507,0.28564983098686847,0.30662754321881575,1.0980834272829765,1.2097055844128561,0.3362889726061528,0.38119408346380634,,,1.16,0.65,0.55,2.3,0.36,2.51,0.26,0.01,0.0,0.36,2.456692913385827,2.5589674236719806,0.26,,0.012,,0.0,,False,96.0,99.0,96.0,88.0,93.0,91.0,91.0,92.0,94.0,high,high,high,high,high,high,high,high,high,2026-07-28
hitter,AZ,PIT,Max Kepler,596146,5.0,LF,Confirmed,3.33,,,,,0.7,0.18,,,,,0.7280441973823355,0.674497171740429,0.18127917698693954,0.1745875021814897,0.7715355805243446,0.6951184452420259,0.23158375723999822,0.21375247104805967,,,0.73,0.46,0.4,1.63,0.22,1.56,0.16,0.01,0.0,0.353,1.684375,1.4649290182139973,0.155,,0.008,,0.0,,False,96.0,99.0,96.0,88.0,93.0,91.0,91.0,92.0,94.0,high,high,high,high,high,high,high,high,high,2026-07-28
hitter,AZ,PIT,Nolan Arenado,571448,6.0,3B,Confirmed,4.04,,,,,0.56,0.19,,,,,0.561821026413731,0.5615872737433428,0.1924162208491832,0.18605111978110025,0.994208494208494,1.0000748523438645,0.191722654834219,0.2169945825822964,,,1.0,0.48,0.46,1.94,0.2,1.82,0.22,0.01,0.0,0.352,1.914285714285714,1.7502597294241358,0.218,,0.009,,0.0,,False,96.0,99.0,96.0,88.0,93.0,91.0,91.0,92.0,94.0,high,high,high,high,high,high,high,high,high,2026-07-28
hitter,AZ,PIT,Tim Tawa,694374,7.0,1B,Confirmed,3.02,,,,,0.9,0.33,,,,,0.9229170867946141,0.8696133434323307,0.36642259498976015,0.29862969233593256,0.4125159642401022,0.40360524216285654,0.027408843866840064,0.011902145297614913,,,0.41,0.3,0.23,1.06,0.02,0.64,0.13,0.01,0.0,0.306,0.6720588235294118,0.6119027337698286,0.126,,0.007,,0.0,,False,96.0,99.0,96.0,88.0,93.0,91.0,91.0,92.0,94.0,high,high,high,high,high,high,high,high,high,2026-07-28
hitter,AZ,PIT,James McCann,543510,8.0,C,Confirmed,2.55,,,,,0.47,0.13,,,,,0.4480910885825,0.48417608244264077,0.15696159727120457,0.09636025678877921,0.801980198019802,0.587677845425219,0.12664315458395087,0.08947563271351197,,,0.68,0.34,0.29,1.33,0.11,1.18,0.15,0.01,0.0,0.381,1.3893129770992367,1.0012163295120262,0.151,,0.009,,0.0,,False,96.0,99.0,96.0,88.0,93.0,91.0,91.0,92.0,94.0,high,high,high,high,high,high,high,high,high,2026-07-28
hitter,AZ,PIT,Ryan Waldschmidt,814439,9.0,CF,Confirmed,4.26,,,,,1.17,0.27,,,,,1.0612525522492573,1.2857001077997094,0.273184657883214,0.27171123673991887,0.801980198019802,0.7581053995483884,0.08901753525544642,0.10813542111351318,,,0.78,0.52,0.42,2.03,0.1,1.24,0.24,0.01,0.0,0.362,1.239368165249089,1.2379112062288296,0.24,,0.009,,0.0,,False,96.0,99.0,96.0,88.0,93.0,91.0,91.0,92.0,94.0,high,high,high,high,high,high,high,high,high,2026-07-28
hitter,TB,TEX,Yandy Díaz,650490,1.0,DH,Confirmed,4.14,,,,,0.81,0.13,,,,,0.8163259818807056,0.7959617536651212,0.09451941135023798,0.1663722855974446,0.6434108527131783,0.651956449884129,0.025913469561509722,0.02762343906920544,,,0.65,0.45,0.35,1.57,0.03,0.83,0.12,0.01,0.0,0.274,0.7899761336515513,0.8599869597726715,0.124,,0.006,,0.0,,False,96.0,99.0,96.0,88.0,93.0,91.0,91.0,92.0,94.0,high,high,high,high,high,high,high,high,high,2026-07-28
hitter,TB,TEX,Jonathan Aranda,666018,2.0,1B,Confirmed,3.96,,,,,1.16,0.12,,,,,1.1514157247723407,1.1716517182428272,0.09406702969934905,0.1372623967205008,0.5846774193548387,0.6130529736163723,0.029461428062774717,0.03764534576535972,,,0.6,0.44,0.34,1.48,0.03,0.79,0.11,0.01,0.0,0.274,0.7899761336515513,0.7871312039497698,0.114,,0.007,,0.0,,False,96.0,99.0,96.0,88.0,93.0,91.0,91.0,92.0,94.0,high,high,high,high,high,high,high,high,high,2026-07-28
hitter,TB,TEX,Junior Caminero,691406,3.0,3B,Confirmed,4.14,,,,,1.03,0.13,,,,,1.0535549839038802,1.0082919212693369,0.09265014608475602,0.16045353823620462,0.5290322580645161,0.4932733980345095,0.04071722300093353,0.044547733210803346,,,0.51,0.44,0.39,1.54,0.04,0.75,0.11,0.01,0.0,0.264,0.7899761336515513,0.7226208793722019,0.113,,0.007,,0.0,,False,96.0,99.0,96.0,88.0,93.0,91.0,91.0,92.0,94.0,high,high,high,high,high,high,high,high,high,2026-07-28
hitter,TB,TEX,Cedric Mullins,656775,4.0,CF,Confirmed,3.49,,,,,1.04,0.08,,,,,1.0392319337089901,1.035127252407083,0.06805869058061995,0.08353372286340266,0.4125159642401022,0.41711433497087264,0.02787569167848752,0.025048050009946612,,,0.42,0.31,0.28,1.12,0.03,0.63,0.09,0.01,0.0,0.225,0.6720588235294118,0.602079980101636,0.093,,0.006,,0.0,,False,96.0,99.0,96.0,88.0,93.0,91.0,91.0,92.0,94.0,high,high,high,high,high,high,high,high,high,2026-07-28
hitter,TB,TEX,Chandler Simpson,802415,5.0,LF,Confirmed,3.58,,,,,0.51,0.08,,,,,0.4650838817031473,0.552902971089006,0.07023025496311722,0.08493254861061848,0.6434108527131783,0.658230358650853,0.01254821776317543,0.0,,,0.65,0.33,0.28,1.32,0.01,0.69,0.13,0.01,0.0,0.232,0.6720588235294118,0.6968859067067572,0.128,,0.01,,0.0,,False,96.0,99.0,96.0,88.0,93.0,91.0,91.0,92.0,94.0,high,high,high,high,high,high,high,high,high,2026-07-28
hitter,TB,TEX,Victor Mesa Jr.,683748,6.0,RF,Confirmed,3.74,,,,,1.03,0.27,,,,,0.9835276777409762,1.0862495481774161,0.2800195908791545,0.2649462051424603,0.4125159642401022,0.46728877206192976,0.02773692377009332,0.03265504462377605,,,0.44,0.28,0.27,1.07,0.03,0.7,0.1,0.01,0.0,0.217,0.6720588235294118,0.7196252282295578,0.101,,0.006,,0.0,,False,96.0,99.0,96.0,88.0,93.0,91.0,91.0,92.0,94.0,high,high,high,high,high,high,high,high,high,2026-07-28
hitter,TB,TEX,Richie Palacios,680700,7.0,2B,Confirmed,3.1,,,,,0.73,0.08,,,,,0.7301318144789886,0.7200690860820868,0.06962392741330033,0.09725962685121693,0.4125159642401022,0.4071580097208376,0.019953567907384336,0.021237429023099254,,,0.41,0.21,0.18,0.81,0.02,0.55,0.09,0.01,0.0,0.204,0.5302013422818792,0.5671020713306469,0.094,,0.008,,0.0,,False,96.0,99.0,96.0,88.0,93.0,91.0,91.0,92.0,94.0,high,high,high,high,high,high,high,high,high,2026-07-28
hitter,TB,TEX,Taylor Walls,670764,8.0,SS,Confirmed,3.32,,,,,0.91,0.09,,,,,0.8648211702536188,0.9547812975375408,0.08716691989524385,0.09212484023573025,0.4125159642401022,0.47920388859378926,0.019347643880515457,0.014660732240910287,,,0.45,0.26,0.22,1.0,0.02,0.61,0.09,0.01,0.0,0.226,0.6289308176100628,0.5897804621293025,0.094,,0.007,,0.0,,False,96.0,99.0,96.0,88.0,93.0,91.0,91.0,92.0,94.0,high,high,high,high,high,high,high,high,high,2026-07-28
hitter,TB,TEX,Hunter Feduccia,676439,9.0,C,Confirmed,2.77,,,,,0.9,0.17,,,,,0.8841311682065934,0.9082854675919864,0.1945471941428427,0.13993826096415662,0.3344051446945337,0.2575965715916296,0.021604631358988935,0.011715810732353235,,,0.29,0.19,0.16,0.7,0.02,0.43,0.08,0.01,0.0,0.2,0.4591194968553459,0.4074906470738689,0.079,,0.006,,0.0,,False,96.0,99.0,96.0,88.0,93.0,91.0,91.0,92.0,94.0,high,high,high,high,high,high,high,high,high,2026-07-28
hitter,TEX,TB,Joc Pederson,592626,1.0,DH,Confirmed,3.74,,,,,0.8,0.34,,,,,0.7230152294193807,0.8683418030994762,0.3327947764556184,0.3403008472921661,0.6434108527131783,0.5658395310810619,0.12695199183152017,0.12796249111603777,,,0.6,0.34,0.25,1.0,0.13,1.22,0.07,0.01,0.0,0.237,1.239368165249089,1.197243313655573,0.073,,0.006,,0.0,,False,96.0,99.0,96.0,88.0,93.0,91.0,91.0,92.0,94.0,high,high,high,high,high,high,high,high,high,2026-07-28
hitter,TEX,TB,Wyatt Langford,694671,2.0,LF,Confirmed,4.25,,,,,1.21,0.36,,,,,1.2623324352773468,1.1499419558325223,0.36683283284699897,0.3624216386051447,1.0980834272829765,1.0469550904196987,0.19055021369720362,0.1742178882747891,,,1.07,0.5,0.37,1.58,0.18,1.94,0.08,0.01,0.0,0.299,2.057017543859649,1.83869230375455,0.076,,0.007,,0.0,,False,96.0,99.0,96.0,88.0,93.0,91.0,91.0,92.0,94.0,high,high,high,high,high,high,high,high,high,2026-07-28
hitter,TEX,TB,Ezequiel Duran,677649,3.0,SS,Confirmed,3.48,,,,,0.61,0.17,,,,,0.5586870300462482,0.6614331839348817,0.18536059772375657,0.16120348743580204,0.7061469265367316,0.5733161261237578,0.04932949906380797,0.05505629820657723,,,0.63,0.29,0.25,1.07,0.05,0.96,0.07,0.01,0.0,0.208,1.001763668430335,0.9282538692199606,0.074,,0.008,,0.0,,False,96.0,99.0,96.0,88.0,93.0,91.0,91.0,92.0,94.0,high,high,high,high,high,high,high,high,high,2026-07-28
hitter,TEX,TB,Brandon Nimmo,607043,4.0,RF,Confirmed,3.96,,,,,0.69,0.29,,,,,0.6315414962165992,0.7520637995103167,0.30354517339995535,0.2755580858769716,0.801980198019802,0.7811583799893064,0.1265836812024417,0.11861773484483813,,,0.79,0.37,0.31,1.21,0.12,1.37,0.09,0.01,0.0,0.238,1.3893129770992367,1.3561587674265416,0.091,,0.008,,0.0,,False,96.0,99.0,96.0,88.0,93.0,91.0,91.0,92.0,94.0,high,high,high,high,high,high,high,high,high,2026-07-28
hitter,TEX,TB,Evan Carter,694497,5.0,CF,Confirmed,3.02,,,,,0.66,0.23,,,,,0.6376609583180349,0.6813622001712428,0.2511497161349867,0.20770746223726402,0.5290322580645161,0.46913217215010844,0.07042185316061025,0.062170305145836526,,,0.5,0.25,0.2,0.81,0.07,0.83,0.07,0.01,0.0,0.223,0.9875776397515532,0.693598917983332,0.071,,0.007,,0.0,,False,96.0,99.0,96.0,88.0,93.0,91.0,91.0,92.0,94.0,high,high,high,high,high,high,high,high,high,2026-07-28
hitter,TEX,TB,Jake Burger,669394,6.0,1B,Confirmed,3.74,,,,,0.79,0.23,,,,,0.746143607197411,0.8340474123952618,0.24968881959393632,0.21957727033522212,0.707983193277311,0.6974050850445135,0.15121676019301436,0.14355891320679087,,,0.7,0.31,0.33,1.17,0.15,1.29,0.08,0.01,0.0,0.237,1.3148148148148149,1.26945461123729,0.085,,0.006,,0.0,,False,96.0,99.0,96.0,88.0,93.0,91.0,91.0,92.0,94.0,high,high,high,high,high,high,high,high,high,2026-07-28
hitter,TEX,TB,Nicky Lopez,670032,7.0,2B,Confirmed,3.02,,,,,0.42,0.17,,,,,0.40094952842554565,0.43096204351473516,0.17340276907783092,0.1570436471416698,0.5846774193548387,0.5025461435385397,0.04073405390159808,0.0352625931872803,,,0.54,0.21,0.18,0.8,0.04,0.8,0.08,0.01,0.0,0.201,0.8408408408408409,0.773965665107475,0.084,,0.007,,0.0,,False,96.0,99.0,96.0,88.0,93.0,91.0,91.0,92.0,94.0,high,high,high,high,high,high,high,high,high,2026-07-28
hitter,TEX,TB,Josh Smith,669701,8.0,3B,Confirmed,3.1,,,,,0.51,0.28,,,,,0.5430636385870437,0.4785480416784207,0.29447472813137976,0.26882864534929707,0.6506024096385542,0.5138112596952605,0.07147540057664209,0.0609300707183131,,,0.58,0.25,0.2,0.86,0.07,0.92,0.07,0.01,0.0,0.244,1.001763668430335,0.8463716243190377,0.073,,0.007,,0.0,,False,96.0,99.0,96.0,88.0,93.0,91.0,91.0,92.0,94.0,high,high,high,high,high,high,high,high,high,2026-07-28
hitter,TEX,TB,Austin Wynns,642851,9.0,C,Confirmed,3.1,,,,,1.12,0.43,,,,,1.1591857811448507,1.0906729726718551,0.4692550115596458,0.38318425100215664,0.5846774193548387,0.48704336077109145,0.03805283540008616,0.020948002865755377,,,0.53,0.25,0.22,0.88,0.03,0.68,0.08,0.01,0.0,0.228,0.6720588235294118,0.683085086731247,0.083,,0.007,,0.0,,False,96.0,99.0,96.0,88.0,93.0,91.0,91.0,92.0,94.0,high,high,high,high,high,high,high,high,high,2026-07-28
hitter,MIA,PHI,Otto Lopez,672640,1.0,SS,Confirmed,4.25,,,,,0.37,0.32,,,,,0.40342592762919494,0.3401145915287874,0.3261996811622525,0.30717839855591134,1.607843137254902,1.3404026056811533,0.22248096169988738,0.1980939681476665,,,1.46,0.48,0.38,1.96,0.21,2.04,0.12,0.01,0.0,0.267,2.057017543859649,2.0234217383458426,0.118,,0.013,,0.0,,False,96.0,99.0,96.0,88.0,93.0,91.0,91.0,92.0,94.0,high,high,high,high,high,high,high,high,high,2026-07-28
hitter,MIA,PHI,Kyle Stowers,669065,2.0,1B,Confirmed,3.96,,,,,1.38,0.48,,,,,1.4325208663641644,1.3321863189497487,0.5023476105373426,0.4497902934323373,0.994208494208494,0.9030601249098739,0.33006552414313334,0.30106104466110756,,,0.94,0.37,0.29,1.46,0.32,1.97,0.15,0.01,0.0,0.228,2.057017543859649,1.90093328007499,0.148,,0.012,,0.0,,False,96.0,99.0,96.0,88.0,93.0,91.0,91.0,92.0,94.0,high,high,high,high,high,high,high,high,high,2026-07-28
hitter,MIA,PHI,Heriberto Hernández,681715,3.0,LF,Confirmed,3.96,,,,,0.71,0.41,,,,,0.7084728109042,0.7096787931531567,0.4058620036666628,0.405052409883915,1.1391752577319587,1.02411163099513,0.2499795835779971,0.24646851244007187,,,1.08,0.37,0.32,1.49,0.25,1.95,0.14,0.01,0.0,0.227,2.057017543859649,1.8657099492926397,0.137,,0.009,,0.0,,False,96.0,99.0,96.0,88.0,93.0,91.0,91.0,92.0,94.0,high,high,high,high,high,high,high,high,high,2026-07-28
hitter,MIA,PHI,Xavier Edwards,669364,4.0,2B,Confirmed,4.25,,,,,0.35,0.44,,,,,0.3928024962271661,0.3088429904697837,0.44788758570490583,0.4294392709665507,1.607843137254902,1.2910635758226054,0.12059414811284952,0.09182369773801785,,,1.43,0.48,0.42,2.0,0.11,1.88,0.14,0.01,0.0,0.27,2.057017543859649,1.7409216073748865,0.143,,0.011,,0.0,,False,96.0,99.0,96.0,88.0,93.0,91.0,91.0,92.0,94.0,high,high,high,high,high,high,high,high,high,2026-07-28
hitter,MIA,PHI,Liam Hicks,689414,5.0,DH,Confirmed,4.18,,,,,0.31,0.48,,,,,0.36053174058221615,0.2618965475267416,0.49396294568047305,0.47112720615035913,1.1702127659574468,1.0350556654885956,0.11352601850629554,0.09339505054126211,,,1.1,0.39,0.35,1.63,0.1,1.73,0.12,0.01,0.0,0.229,1.914285714285714,1.5834469302644922,0.124,,0.014,,0.0,,False,96.0,99.0,96.0,88.0,93.0,91.0,91.0,92.0,94.0,high,high,high,high,high,high,high,high,high,2026-07-28
hitter,MIA,PHI,Griffin Conine,665052,6.0,RF,Confirmed,4.04,,,,,0.82,0.52,,,,,0.8293788412603955,0.8006963690751225,0.5508057763377888,0.48996279635998286,1.0980834272829765,1.0095833994881658,0.19195777691393784,0.18802977948072344,,,1.05,0.33,0.32,1.45,0.19,1.91,0.14,0.01,0.0,0.232,2.057017543859649,1.789089252464848,0.14,,0.014,,0.0,,False,96.0,99.0,96.0,88.0,93.0,91.0,91.0,92.0,94.0,high,high,high,high,high,high,high,high,high,2026-07-28
hitter,MIA,PHI,Jakob Marsee,805300,7.0,CF,Confirmed,3.58,,,,,0.64,0.39,,,,,0.6332370305255108,0.6394808646688181,0.41421125802326253,0.35794949727591086,1.0980834272829765,0.839571956795553,0.19751717888290288,0.16336795417748146,,,0.96,0.28,0.25,1.23,0.18,1.54,0.12,0.01,0.0,0.217,1.684375,1.4291810339297777,0.121,,0.009,,0.0,,False,96.0,99.0,96.0,88.0,93.0,91.0,91.0,92.0,94.0,high,high,high,high,high,high,high,high,high,2026-07-28
hitter,MIA,PHI,Graham Pauley,688363,8.0,3B,Confirmed,3.02,,,,,0.76,0.31,,,,,0.7525478164877423,0.7740452857251998,0.3312510199326403,0.2953201694916782,0.35424354243542433,0.31393635803559045,0.02706731615020376,0.01917929460469807,,,0.33,0.19,0.17,0.84,0.02,0.47,0.1,0.01,0.0,0.182,0.4591194968553459,0.4774040676525072,0.105,,0.009,,0.0,,False,96.0,99.0,96.0,88.0,93.0,91.0,91.0,92.0,94.0,high,high,high,high,high,high,high,high,high,2026-07-28
hitter,MIA,PHI,Joe Mack,691788,9.0,C,Confirmed,3.33,,,,,0.56,0.33,,,,,0.5591235450747891,0.5671815675537806,0.3676009434077112,0.29763202653807225,1.0980834272829765,0.8127774072050533,0.22792459942792154,0.19483584705273324,,,0.94,0.28,0.25,1.24,0.21,1.76,0.13,0.01,0.0,0.234,2.057017543859649,1.5254281043327946,0.129,,0.011,,0.0,,False,96.0,99.0,96.0,88.0,93.0,91.0,91.0,92.0,94.0,high,high,high,high,high,high,high,high,high,2026-07-28
hitter,PHI,MIA,Trea Turner,607208,1.0,SS,Confirmed,4.18,,,,,1.0,0.52,,,,,1.060764051498981,0.9296465549284246,0.5569600212051042,0.4886960899498982,1.0980834272829765,1.0112076798097016,0.05251965257401024,0.040762006594062886,,,1.05,0.39,0.31,1.56,0.05,1.53,0.16,0.01,0.0,0.227,1.684375,1.406638431026481,0.162,,0.014,,0.0,,False,96.0,99.0,96.0,88.0,93.0,91.0,91.0,92.0,94.0,high,high,high,high,high,high,high,high,high,2026-07-28
hitter,PHI,MIA,Bryson Stott,681082,2.0,2B,Confirmed,3.96,,,,,0.81,0.6,,,,,0.802025846027142,0.8214781011042802,0.6404170070950206,0.5644848145374213,0.994208494208494,0.8456939653710971,0.03552339336600088,0.0383411194280942,,,0.91,0.36,0.28,1.44,0.04,1.19,0.13,0.01,0.0,0.224,1.239368165249089,1.1490405795715417,0.13,,0.009,,0.0,,False,96.0,99.0,96.0,88.0,93.0,91.0,91.0,92.0,94.0,high,high,high,high,high,high,high,high,high,2026-07-28
hitter,PHI,MIA,Bryce Harper,547180,3.0,DH,Confirmed,4.25,,,,,1.17,0.87,,,,,1.2151394289330095,1.1189244925041681,0.9517215765405199,0.7793789474454802,1.0,0.9484805747494744,0.06809100050478165,0.03918113405717876,,,0.97,0.4,0.35,1.63,0.05,1.35,0.16,0.01,0.0,0.235,1.3893129770992367,1.313552719607061,0.156,,0.008,,0.0,,False,96.0,99.0,96.0,88.0,93.0,91.0,91.0,92.0,94.0,high,high,high,high,high,high,high,high,high,2026-07-28
hitter,PHI,MIA,Alec Bohm,664761,4.0,1B,Confirmed,4.18,,,,,0.76,0.54,,,,,0.7744679546891727,0.7447205003396633,0.537997242065684,0.5416505633105647,1.0980834272829765,1.0571539873856681,0.051088018218862545,0.052990385019555414,,,1.08,0.38,0.34,1.6,0.05,1.49,0.16,0.01,0.0,0.225,1.5956790123456794,1.3965704634835658,0.162,,0.01,,0.0,,False,96.0,99.0,96.0,88.0,93.0,91.0,91.0,92.0,94.0,high,high,high,high,high,high,high,high,high,2026-07-28
hitter,PHI,MIA,Brandon Marsh,669016,5.0,LF,Confirmed,4.14,,,,,1.27,0.59,,,,,1.2743199999465522,1.2570240973997022,0.6217843727361694,0.5651251203418491,0.8949771689497716,0.8288589415060856,0.06036874326467908,0.03733095382147082,,,0.86,0.35,0.32,1.44,0.05,1.21,0.14,0.01,0.0,0.21,1.239368165249089,1.1939593448918315,0.137,,0.01,,0.0,,False,96.0,99.0,96.0,88.0,93.0,91.0,91.0,92.0,94.0,high,high,high,high,high,high,high,high,high,2026-07-28
hitter,PHI,MIA,Edmundo Sosa,624641,6.0,3B,Confirmed,3.33,,,,,0.92,0.34,,,,,0.9034648421964512,0.9432560095163958,0.3452627753348556,0.32761246857606285,0.801980198019802,0.6391672195699927,0.03947767042939911,0.03094378681575511,,,0.71,0.27,0.28,1.26,0.04,1.06,0.14,0.01,0.0,0.23,1.239368165249089,0.9176250105982597,0.143,,0.01,,0.0,,False,96.0,99.0,96.0,88.0,93.0,91.0,91.0,92.0,94.0,high,high,high,high,high,high,high,high,high,2026-07-28
hitter,PHI,MIA,Justin Crawford,702222,7.0,CF,Confirmed,3.1,,,,,0.83,0.3,,,,,0.8545855688391405,0.8061205632198765,0.3129513561299406,0.2787974616764077,0.7061469265367316,0.5959638633242228,0.019037275872973356,0.0028943490708129255,,,0.65,0.22,0.2,1.01,0.01,0.84,0.12,0.01,0.0,0.205,0.9875776397515532,0.7265855861509835,0.116,,0.01,,0.0,,False,96.0,99.0,96.0,88.0,93.0,91.0,91.0,92.0,94.0,high,high,high,high,high,high,high,high,high,2026-07-28
hitter,PHI,MIA,Bryan De La Cruz,650559,8.0,RF,Confirmed,3.09,,,,,1.45,0.21,,,,,1.426559202192197,1.4775316260535523,0.2195960463136478,0.19405804580250163,0.4125159642401022,0.34839498775562333,0.027820567743831202,0.024696276515974697,,,0.38,0.17,0.15,0.73,0.03,0.59,0.09,0.01,0.0,0.155,0.6289308176100628,0.5513557092501026,0.095,,0.008,,0.0,,False,96.0,99.0,96.0,88.0,93.0,91.0,91.0,92.0,94.0,high,high,high,high,high,high,high,high,high,2026-07-28
hitter,PHI,MIA,Garrett Stubbs,596117,9.0,C,Confirmed,3.02,,,,,0.76,0.25,,,,,0.7337918251029086,0.7776012845268218,0.2531996838619445,0.24432174544174032,0.6434108527131783,0.5204000086574019,0.02799255985676748,0.01596267333141574,,,0.58,0.21,0.19,0.92,0.02,0.74,0.09,0.01,0.0,0.192,0.7899761336515513,0.6925880315722991,0.093,,0.009,,0.0,,False,96.0,99.0,96.0,88.0,93.0,91.0,91.0,92.0,94.0,high,high,high,high,high,high,high,high,high,2026-07-28
hitter,WSH,TOR,James Wood,695578,1.0,DH,Confirmed,4.68,,,,,1.08,0.71,,,,,1.0661566021409357,1.0878877083932919,0.724073622255784,0.6999862535825847,1.0980834272829765,1.1687192726948121,0.43787682802460115,0.4385119437822195,,,1.14,0.81,0.61,2.4,0.44,2.69,0.19,0.01,0.0,0.442,2.552380952380952,2.799450139660324,0.194,,0.008,,0.0,,False,96.0,99.0,96.0,88.0,93.0,91.0,91.0,92.0,94.0,high,high,high,high,high,high,high,high,high,2026-07-28
hitter,WSH,TOR,Luis García Jr.,671277,2.0,1B,Confirmed,4.18,,,,,0.52,0.28,,,,,0.5309060253848354,0.5161783608137578,0.29020883723231006,0.26440286949833375,1.0980834272829765,1.0365895601815487,0.22599190680624992,0.247663329985916,,,1.06,0.59,0.48,2.06,0.24,2.06,0.2,0.01,0.0,0.351,2.057017543859649,2.0609018491937285,0.2,,0.01,,0.0,,False,96.0,99.0,96.0,88.0,93.0,91.0,91.0,92.0,94.0,high,high,high,high,high,high,high,high,high,2026-07-28
hitter,WSH,TOR,Dylan Crews,686611,3.0,RF,Confirmed,4.25,,,,,0.87,0.31,,,,,0.8384425740610999,0.8962449104543413,0.31348439748437407,0.31076913559987523,1.0980834272829765,1.1374551189148585,0.22156227365731107,0.2464557844573873,,,1.12,0.64,0.59,2.33,0.23,2.02,0.17,0.01,0.0,0.367,2.057017543859649,1.9932083168366506,0.168,,0.008,,0.0,,False,96.0,99.0,96.0,88.0,93.0,91.0,91.0,92.0,94.0,high,high,high,high,high,high,high,high,high,2026-07-28
hitter,WSH,TOR,CJ Abrams,682928,4.0,SS,Confirmed,4.39,,,,,0.73,0.29,,,,,0.7092445354522589,0.7520056777508984,0.3081872162382986,0.27992145879046565,1.0980834272829765,1.2616892645065882,0.2743915966280705,0.2813746189858556,,,1.19,0.67,0.63,2.4,0.28,2.12,0.2,0.01,0.0,0.374,2.057017543859649,2.1729057911286915,0.195,,0.01,,0.0,,False,96.0,99.0,96.0,88.0,93.0,91.0,91.0,92.0,94.0,high,high,high,high,high,high,high,high,high,2026-07-28
hitter,WSH,TOR,Keibert Ruiz,660688,5.0,C,Confirmed,3.96,,,,,0.25,0.36,,,,,0.27583297198192347,0.22754918468858604,0.3417242567318488,0.38683075246977056,0.994208494208494,0.9512008255154978,0.09163568346246492,0.0926841701676808,,,0.97,0.53,0.48,2.0,0.09,1.41,0.16,0.01,0.0,0.324,1.3893129770992367,1.4233297502668278,0.165,,0.01,,0.0,,False,96.0,99.0,96.0,88.0,93.0,91.0,91.0,92.0,94.0,high,high,high,high,high,high,high,high,high,2026-07-28
hitter,WSH,TOR,Daylen Lile,695734,6.0,LF,Confirmed,4.25,,,,,0.56,0.31,,,,,0.5653292691980057,0.5471156362631837,0.3160778413308072,0.309592885364933,1.1391752577319587,1.2032624342295242,0.28845250963075814,0.25887981130801174,,,1.17,0.59,0.63,2.32,0.27,2.03,0.15,0.02,0.0,0.384,2.057017543859649,2.007228455700484,0.149,,0.016,,0.0,,False,96.0,99.0,96.0,88.0,93.0,91.0,91.0,92.0,94.0,high,high,high,high,high,high,high,high,high,2026-07-28
hitter,WSH,TOR,Nasim Nuñez,683083,7.0,2B,Confirmed,3.81,,,,,0.77,0.31,,,,,0.7718877744659417,0.7722242816202153,0.3200177966775195,0.29083007641824654,0.994208494208494,0.9358558270955772,0.09806615498727284,0.10388335970181524,,,0.96,0.4,0.33,1.53,0.1,1.33,0.14,0.01,0.0,0.303,1.3148148148148149,1.3412564033595848,0.143,,0.011,,0.0,,False,96.0,99.0,96.0,88.0,93.0,91.0,91.0,92.0,94.0,high,high,high,high,high,high,high,high,high,2026-07-28
hitter,WSH,TOR,Jorbit Vivas,678391,8.0,3B,Confirmed,3.48,,,,,0.37,0.43,,,,,0.3470298616719317,0.3897301741312693,0.42157678925516395,0.429796401751395,0.801980198019802,0.67840916659468,0.056389261289373695,0.06572388685426744,,,0.73,0.38,0.33,1.51,0.06,1.09,0.13,0.01,0.0,0.318,1.1521739130434783,1.036355556704932,0.129,,0.011,,0.0,,False,96.0,99.0,96.0,88.0,93.0,91.0,91.0,92.0,94.0,high,high,high,high,high,high,high,high,high,2026-07-28
hitter,WSH,TOR,Jacob Young,696285,9.0,CF,Confirmed,3.33,,,,,0.53,0.21,,,,,0.5823631938787074,0.4808191501485127,0.22238555777628732,0.19124631760111035,0.8949771689497716,0.7851993479053317,0.10068978641463786,0.11243143420340969,,,0.83,0.38,0.33,1.51,0.11,1.43,0.14,0.01,0.0,0.327,1.5956790123456794,1.2888617967886624,0.144,,0.009,,0.0,,False,96.0,99.0,96.0,88.0,93.0,91.0,91.0,92.0,94.0,high,high,high,high,high,high,high,high,high,2026-07-28
hitter,TOR,WSH,Yohendrick Piñango,682818,1.0,LF,Confirmed,3.58,,,,,0.87,0.2,,,,,0.800316410774323,0.9320956426169843,0.205246816775446,0.1944238096195578,0.3344051446945337,0.34903228564227134,0.02272151427968815,0.0278929031405113,,,0.34,0.54,0.42,1.95,0.03,0.49,0.2,0.01,0.0,0.376,0.4591194968553459,0.5206674123495385,0.198,,0.009,,0.0,,False,96.0,99.0,96.0,88.0,93.0,91.0,91.0,92.0,94.0,high,high,high,high,high,high,high,high,high,2026-07-28
hitter,TOR,WSH,Nathan Lukes,664770,2.0,RF,Confirmed,4.18,,,,,0.47,0.21,,,,,0.42555797588192457,0.5130425136043218,0.19184937321082657,0.23151631510566142,0.4125159642401022,0.5498316367710044,0.0692591916487594,0.06124806681198434,,,0.49,0.59,0.44,2.16,0.07,0.78,0.27,0.01,0.0,0.358,0.6720588235294118,0.8696662790386979,0.272,,0.011,,0.0,,False,96.0,99.0,96.0,88.0,93.0,91.0,91.0,92.0,94.0,high,high,high,high,high,high,high,high,high,2026-07-28
hitter,TOR,WSH,Vladimir Guerrero Jr.,665489,3.0,1B,Confirmed,4.64,,,,,0.56,0.31,,,,,0.5177403715881443,0.6087048597154846,0.2655767575247785,0.3544336072211362,0.4125159642401022,0.6000708558693942,0.10290350899713971,0.11661659435005509,,,0.52,0.81,0.71,3.01,0.11,1.04,0.23,0.01,0.0,0.429,0.8408408408408409,1.204300690703242,0.235,,0.007,,0.0,,False,96.0,99.0,96.0,88.0,93.0,91.0,91.0,92.0,94.0,high,high,high,high,high,high,high,high,high,2026-07-28
hitter,TOR,WSH,George Springer,543807,4.0,DH,Confirmed,4.97,,,,,1.14,0.46,,,,,1.0958029357457442,1.1915062098858213,0.4398415723905156,0.48932878070627145,0.8770949720670391,0.9650577383535971,0.03453235598796996,0.025081603299194604,,,0.93,0.81,0.69,2.99,0.03,1.28,0.33,0.01,0.0,0.411,1.239368165249089,1.3072741113274562,0.326,,0.009,,0.0,,False,96.0,99.0,96.0,88.0,93.0,91.0,91.0,92.0,94.0,high,high,high,high,high,high,high,high,high,2026-07-28
hitter,TOR,WSH,Brandon Valenzuela,678218,5.0,C,Confirmed,2.9,,,,,0.75,0.26,,,,,0.714907678440683,0.7917723996060468,0.28331841895539833,0.23717888843892515,0.2543859649122807,0.21680642129423075,0.019021441996806516,0.015897100529845054,,,0.23,0.42,0.35,1.48,0.02,0.35,0.17,0.01,0.0,0.372,0.3888888888888889,0.31351589872252017,0.172,,0.008,,0.0,,False,96.0,99.0,96.0,88.0,93.0,91.0,91.0,92.0,94.0,high,high,high,high,high,high,high,high,high,2026-07-28
hitter,TOR,WSH,Daulton Varsho,662139,6.0,CF,Confirmed,4.18,,,,,0.89,0.2,,,,,0.7859840932834947,0.9951125281048311,0.19467500161763143,0.21240949754327368,0.35424354243542433,0.4020437090662057,0.13020406528708633,0.1405842750825459,,,0.38,0.56,0.59,2.25,0.14,0.9,0.21,0.01,0.0,0.376,0.7899761336515513,0.9990751871854228,0.212,,0.011,,0.0,,False,96.0,99.0,96.0,88.0,93.0,91.0,91.0,92.0,94.0,high,high,high,high,high,high,high,high,high,2026-07-28
hitter,TOR,WSH,Ernie Clement,676391,7.0,3B,Confirmed,4.08,,,,,0.37,0.17,,,,,0.33508923649139966,0.40288091758843303,0.13335208774384183,0.20095468229506078,0.4125159642401022,0.49521026227099363,0.05945241559265097,0.06606145657277797,,,0.46,0.48,0.43,2.05,0.06,0.82,0.29,0.01,0.0,0.34,0.6720588235294118,0.9417115937431312,0.292,,0.012,,0.0,,False,96.0,99.0,96.0,88.0,93.0,91.0,91.0,92.0,94.0,high,high,high,high,high,high,high,high,high,2026-07-28
hitter,TOR,WSH,Andrés Giménez,665926,8.0,SS,Confirmed,3.74,,,,,0.59,0.19,,,,,0.5549362507018375,0.6249373171336329,0.17608251682018322,0.19703997086627603,0.35424354243542433,0.500000458891325,0.054509998572372265,0.06511525079191831,,,0.43,0.48,0.42,1.99,0.06,0.75,0.25,0.01,0.0,0.371,0.6720588235294118,0.8115742095026938,0.251,,0.013,,0.0,,False,96.0,99.0,96.0,88.0,93.0,91.0,91.0,92.0,94.0,high,high,high,high,high,high,high,high,high,2026-07-28
hitter,TOR,WSH,Luis Urías,649966,9.0,2B,Confirmed,4.18,,,,,0.58,0.33,,,,,0.5090675790318464,0.6498553897238531,0.29036404884321776,0.3690797852549457,0.4125159642401022,0.5018247807235791,0.021425458680592854,0.027299006520048495,,,0.46,0.5,0.43,2.03,0.02,0.6,0.21,0.01,0.0,0.343,0.4591194968553459,0.7110533833742823,0.205,,0.008,,0.0,,False,96.0,99.0,96.0,88.0,93.0,91.0,91.0,92.0,94.0,high,high,high,high,high,high,high,high,high,2026-07-28
hitter,MIN,KC,Trevor Larnach,663616,1.0,LF,Confirmed,4.26,,,,,0.76,0.37,,,,,0.7447413256777765,0.7753210587779071,0.3688260054282624,0.3706073603351557,0.994208494208494,0.9168614770545729,0.24091000561217396,0.23680778978070197,,,0.95,0.6,0.5,2.24,0.24,1.92,0.18,0.01,0.0,0.334,2.057017543859649,1.809681203126924,0.178,,0.011,,0.0,,False,96.0,99.0,96.0,88.0,93.0,91.0,91.0,92.0,94.0,high,high,high,high,high,high,high,high,high,2026-07-28
hitter,MIN,KC,Byron Buxton,621439,2.0,CF,Confirmed,4.08,,,,,1.34,0.37,,,,,1.3072350230830958,1.3686991998152351,0.37104385660350614,0.3661451726569063,0.8888888888888888,0.8913386260205459,0.06863389899137395,0.07254052127028637,,,0.89,0.68,0.62,2.41,0.07,1.34,0.22,0.01,0.0,0.392,1.3148148148148149,1.3674364392860463,0.219,,0.013,,0.0,,False,96.0,99.0,96.0,88.0,93.0,91.0,91.0,92.0,94.0,high,high,high,high,high,high,high,high,high,2026-07-28
hitter,MIN,KC,Ryan Jeffers,680777,3.0,C,Confirmed,4.18,,,,,0.92,0.19,,,,,0.9138320899929556,0.9325460926067917,0.19340237237477287,0.17910627357139927,0.994208494208494,0.9230534407449885,0.25819298353924486,0.2785419285325368,,,0.96,0.61,0.6,2.31,0.27,1.9,0.18,0.01,0.0,0.344,1.914285714285714,1.8908511685186653,0.176,,0.007,,0.0,,False,96.0,99.0,96.0,88.0,93.0,91.0,91.0,92.0,94.0,high,high,high,high,high,high,high,high,high,2026-07-28
hitter,MIN,KC,Kody Clemens,665019,4.0,LF,Confirmed,4.39,,,,,1.3,0.31,,,,,1.2376339490587192,1.359377225941262,0.3166906225399625,0.3073950113091413,1.0980834272829765,0.9808520304484608,0.0812083752715935,0.06312500474146543,,,1.03,0.66,0.67,2.47,0.07,1.63,0.19,0.01,0.0,0.352,1.684375,1.5764533219244992,0.189,,0.015,,0.0,,False,96.0,99.0,96.0,88.0,93.0,91.0,91.0,92.0,94.0,high,high,high,high,high,high,high,high,high,2026-07-28
hitter,MIN,KC,Josh Bell,605137,5.0,DH,Confirmed,4.27,,,,,1.06,0.37,,,,,1.0818641609591404,1.0333156984073208,0.3852025229008552,0.3479520958879626,1.0980834272829765,1.0327574903656656,0.09688568461224101,0.07893294972834167,,,1.06,0.66,0.66,2.46,0.09,1.74,0.22,0.01,0.0,0.365,1.914285714285714,1.5936040600555814,0.219,,0.013,,0.0,,False,96.0,99.0,96.0,88.0,93.0,91.0,91.0,92.0,94.0,high,high,high,high,high,high,high,high,high,2026-07-28
hitter,MIN,KC,Victor Caratini,605170,6.0,1B,Confirmed,4.25,,,,,0.98,0.38,,,,,0.952199329923385,1.0101997569355097,0.3780672040734502,0.3804864870500361,1.0980834272829765,1.027515073655022,0.06200687357639446,0.050496333973058305,,,1.06,0.54,0.6,2.28,0.06,1.48,0.2,0.01,0.0,0.345,1.4759615384615385,1.4902695211651436,0.204,,0.009,,0.0,,False,96.0,99.0,96.0,88.0,93.0,91.0,91.0,92.0,94.0,high,high,high,high,high,high,high,high,high,2026-07-28
hitter,MIN,KC,Luke Keaschall,807712,7.0,CF,Confirmed,4.25,,,,,0.78,0.43,,,,,0.7484444355752722,0.8035803511805952,0.42243882741883587,0.4302345667949796,1.0980834272829765,1.0805576984329497,0.0373414787261255,0.027152756833539432,,,1.09,0.5,0.47,2.11,0.03,1.46,0.2,0.01,0.0,0.325,1.4476190476190476,1.4649748078327078,0.2,,0.009,,0.0,,False,96.0,99.0,96.0,88.0,93.0,91.0,91.0,92.0,94.0,high,high,high,high,high,high,high,high,high,2026-07-28
hitter,MIN,KC,Brooks Lee,686797,8.0,3B,Confirmed,4.45,,,,,0.96,0.39,,,,,0.898556539504582,1.0215818079378292,0.38714100495053017,0.39621602735694356,1.0980834272829765,1.099120355621911,0.05780831142176728,0.07029154243343795,,,1.1,0.55,0.54,2.22,0.06,1.49,0.17,0.01,0.0,0.328,1.4759615384615385,1.5105110320195827,0.171,,0.011,,0.0,,False,96.0,99.0,96.0,88.0,93.0,91.0,91.0,92.0,94.0,high,high,high,high,high,high,high,high,high,2026-07-28
hitter,MIN,KC,Ryan Kreidler,668952,9.0,SS,Confirmed,4.03,,,,,1.15,0.36,,,,,1.0186005209146363,1.2736920351041325,0.35069753652960967,0.36097249067605286,0.8694581280788177,0.8171592091545676,0.03665047361788862,0.04279921306099819,,,0.84,0.46,0.45,1.9,0.04,1.29,0.15,0.01,0.0,0.309,1.3148148148148149,1.2622090498183094,0.152,,0.013,,0.0,,False,96.0,99.0,96.0,88.0,93.0,91.0,91.0,92.0,94.0,high,high,high,high,high,high,high,high,high,2026-07-28
hitter,KC,MIN,Carter Jensen,695600,1.0,C,Confirmed,4.18,,,,,1.12,0.1,,,,,1.0795312144186442,1.1656252662621738,0.10051915105054143,0.10589439738758558,0.707983193277311,0.8220080120286227,0.03423408736583271,0.053985336334789163,,,0.77,0.4,0.27,1.37,0.04,1.15,0.13,0.01,0.0,0.25,1.1238670694864048,1.163859558466223,0.134,,0.009,,0.0,,False,96.0,99.0,96.0,88.0,93.0,91.0,91.0,92.0,94.0,high,high,high,high,high,high,high,high,high,2026-07-28
hitter,KC,MIN,Lane Thomas,657041,2.0,CF,Confirmed,3.02,,,,,0.58,0.2,,,,,0.582527339271147,0.5819154609576977,0.2288809561748791,0.17074010648634338,0.801980198019802,0.6425433786382809,0.11527043179522295,0.09350851637396675,,,0.71,0.25,0.15,0.82,0.1,1.13,0.1,0.01,0.0,0.231,1.3148148148148149,0.9790972970169485,0.098,,0.007,,0.0,,False,96.0,99.0,96.0,88.0,93.0,91.0,91.0,92.0,94.0,high,high,high,high,high,high,high,high,high,2026-07-28
hitter,KC,MIN,Jac Caglianone,695506,3.0,1B,Confirmed,4.26,,,,,0.82,0.26,,,,,0.8011137155981565,0.833701821699715,0.2904426995969339,0.22979819661565504,1.4947368421052631,1.1861272446896955,0.37294101864658125,0.31142782649259615,,,1.33,0.45,0.36,1.61,0.34,2.61,0.17,0.01,0.0,0.277,2.6,2.62133291727282,0.166,,0.01,,0.0,,False,96.0,99.0,96.0,88.0,93.0,91.0,91.0,92.0,94.0,high,high,high,high,high,high,high,high,high,2026-07-28
hitter,KC,MIN,Salvador Perez,521692,4.0,DH,Confirmed,4.25,,,,,0.64,0.16,,,,,0.6630007287206598,0.6093778928730469,0.17885784053458506,0.14756344845133446,1.607843137254902,1.3808668324778248,0.4783554855809407,0.38669083184580955,,,1.48,0.44,0.38,1.69,0.43,2.74,0.17,0.01,0.0,0.261,2.775,2.7161897055178694,0.165,,0.007,,0.0,,False,96.0,99.0,96.0,88.0,93.0,91.0,91.0,92.0,94.0,high,high,high,high,high,high,high,high,high,2026-07-28
hitter,KC,MIN,Vinnie Pasquantino,686469,5.0,1B,Confirmed,4.26,,,,,0.7,0.42,,,,,0.723769561918898,0.6742649406973906,0.45802055202770764,0.3798838074387526,1.0980834272829765,1.0248168963369773,0.2027258669178313,0.17808709437787273,,,1.06,0.48,0.36,1.71,0.19,1.83,0.17,0.01,0.0,0.297,1.914285714285714,1.7579826360719781,0.165,,0.008,,0.0,,False,96.0,99.0,96.0,88.0,93.0,91.0,91.0,92.0,94.0,high,high,high,high,high,high,high,high,high,2026-07-28
hitter,KC,MIN,Nick Loftin,679845,6.0,3B,Confirmed,3.96,,,,,0.39,0.24,,,,,0.4023212786482879,0.3708279969558929,0.25222130321920705,0.23146791915598525,1.4947368421052631,1.1160355170295073,0.13607250341125116,0.11638924541683462,,,1.29,0.36,0.32,1.48,0.13,1.73,0.13,0.01,0.0,0.27,1.914285714285714,1.5707913410047083,0.133,,0.008,,0.0,,False,96.0,99.0,96.0,88.0,93.0,91.0,91.0,92.0,94.0,high,high,high,high,high,high,high,high,high,2026-07-28
hitter,KC,MIN,Michael Massey,686681,7.0,2B,Confirmed,3.49,,,,,0.38,0.16,,,,,0.41600336203232946,0.3492001284152551,0.18154652184870115,0.13122485567054973,1.0980834272829765,0.8959208166497427,0.11765947156321704,0.14113719706580918,,,0.99,0.3,0.25,1.25,0.13,1.49,0.13,0.01,0.0,0.252,1.684375,1.339849712694399,0.13,,0.007,,0.0,,False,96.0,99.0,96.0,88.0,93.0,91.0,91.0,92.0,94.0,high,high,high,high,high,high,high,high,high,2026-07-28
hitter,KC,MIN,Isaac Collins,686555,8.0,LF,Confirmed,3.48,,,,,0.6,0.23,,,,,0.5937862151912394,0.5996683947043301,0.27600713672765065,0.19395762826514623,1.0980834272829765,0.9123480180055562,0.14125945747242405,0.12845991930359105,,,1.0,0.31,0.23,1.18,0.13,1.58,0.11,0.01,0.0,0.267,1.914285714285714,1.310966548976747,0.112,,0.007,,0.0,,False,96.0,99.0,96.0,88.0,93.0,91.0,91.0,92.0,94.0,high,high,high,high,high,high,high,high,high,2026-07-28
hitter,KC,MIN,Josh Rojas,668942,9.0,SS,Confirmed,3.49,,,,,0.66,0.22,,,,,0.6111742013564839,0.7168670963582432,0.2354990550475973,0.20132923441662176,1.0980834272829765,0.9134050084572477,0.15212221424791036,0.1786099525057247,,,1.0,0.33,0.25,1.29,0.17,1.63,0.12,0.01,0.0,0.287,1.914285714285714,1.3949009957940426,0.119,,0.008,,0.0,,False,96.0,99.0,96.0,88.0,93.0,91.0,91.0,92.0,94.0,high,high,high,high,high,high,high,high,high,2026-07-28
hitter,CWS,NYY,Sam Antonacci,803011,1.0,LF,Confirmed,4.25,,,,,0.42,0.24,,,,,0.43009104830024136,0.4025568234500116,0.24427423620295186,0.22663709085597017,1.1391752577319587,1.0861023159897527,0.2203454230766671,0.20654326825741662,,,1.11,0.53,0.43,2.06,0.21,1.93,0.18,0.01,0.0,0.3,2.057017543859649,1.834196262284185,0.181,,0.011,,0.0,,False,96.0,99.0,96.0,88.0,93.0,91.0,91.0,92.0,94.0,high,high,high,high,high,high,high,high,high,2026-07-28
hitter,CWS,NYY,Munetaka Murakami,808959,2.0,1B,Confirmed,4.18,,,,,0.68,0.42,,,,,0.5232427968141334,0.8316884635024225,0.4026593402657148,0.4301607732780201,0.801980198019802,0.773803078104527,0.05101083874311478,0.08278846995946168,,,0.79,0.52,0.43,1.82,0.07,1.14,0.13,0.01,0.0,0.3,1.1521739130434783,1.136495203700846,0.126,,0.009,,0.0,,False,96.0,99.0,96.0,88.0,93.0,91.0,91.0,92.0,94.0,high,high,high,high,high,high,high,high,high,2026-07-28
hitter,CWS,NYY,Miguel Vargas,678246,3.0,3B,Confirmed,4.25,,,,,0.47,0.36,,,,,0.49846534815614196,0.44558040071179034,0.36068400404955014,0.3647219817717654,1.0980834272829765,1.072783104818524,0.42706922170478856,0.45917134064590687,,,1.08,0.54,0.5,2.04,0.44,2.51,0.16,0.01,0.0,0.303,2.456692913385827,2.562478962112677,0.163,,0.008,,0.0,,False,96.0,99.0,96.0,88.0,93.0,91.0,91.0,92.0,94.0,high,high,high,high,high,high,high,high,high,2026-07-28
hitter,CWS,NYY,Colson Montgomery,695657,4.0,SS,Confirmed,3.96,,,,,0.76,0.3,,,,,0.6664531773054162,0.845018716050154,0.3048498869697416,0.2853102796534967,0.994208494208494,0.8848995324995281,0.5443566972697682,0.4980449127088626,,,0.93,0.49,0.49,1.78,0.52,2.42,0.12,0.01,0.0,0.291,2.456692913385827,2.3924695051952707,0.118,,0.007,,0.0,,False,96.0,99.0,96.0,88.0,93.0,91.0,91.0,92.0,94.0,high,high,high,high,high,high,high,high,high,2026-07-28
hitter,CWS,NYY,Andrew Benintendi,643217,5.0,DH,Confirmed,3.49,,,,,0.44,0.21,,,,,0.463334393958979,0.4183399874676449,0.2234066341219684,0.18724372519545585,0.801980198019802,0.7424465054826254,0.31790924452571295,0.3190524150442084,,,0.77,0.39,0.37,1.46,0.32,1.87,0.15,0.01,0.0,0.269,1.914285714285714,1.840325841079756,0.147,,0.008,,0.0,,False,96.0,99.0,96.0,88.0,93.0,91.0,91.0,92.0,94.0,high,high,high,high,high,high,high,high,high,2026-07-28
hitter,CWS,NYY,Braden Montgomery,695731,6.0,RF,Confirmed,3.89,,,,,0.58,0.26,,,,,0.5235294482419204,0.6320405632675296,0.27783547239992823,0.2499262575279872,1.0980834272829765,0.9154610237102396,0.2932486499795926,0.2813730353955143,,,1.0,0.4,0.43,1.7,0.29,1.98,0.15,0.01,0.0,0.279,2.057017543859649,1.917150861704273,0.148,,0.008,,0.0,,False,96.0,99.0,96.0,88.0,93.0,91.0,91.0,92.0,94.0,high,high,high,high,high,high,high,high,high,2026-07-28
hitter,CWS,NYY,Tristan Peters,671976,7.0,CF,Confirmed,3.33,,,,,0.39,0.17,,,,,0.39894096898020115,0.3728837316706945,0.19193976859430797,0.15390022828355793,0.8770949720670391,0.6891642535203063,0.13258837105347532,0.15935224316647092,,,0.77,0.3,0.27,1.28,0.15,1.27,0.13,0.01,0.0,0.25,1.3893129770992367,1.1755590983603872,0.132,,0.01,,0.0,,False,96.0,99.0,96.0,88.0,93.0,91.0,91.0,92.0,94.0,high,high,high,high,high,high,high,high,high,2026-07-28
hitter,CWS,NYY,Chase Meidroth,805367,8.0,2B,Confirmed,3.89,,,,,0.48,0.23,,,,,0.4949572957957564,0.45581683488100355,0.24529685789465466,0.21948254594814362,1.0980834272829765,0.946274256402433,0.1665864323621297,0.1523973692749523,,,1.01,0.36,0.33,1.57,0.16,1.73,0.14,0.01,0.0,0.257,1.914285714285714,1.5792762004944827,0.137,,0.009,,0.0,,False,96.0,99.0,96.0,88.0,93.0,91.0,91.0,92.0,94.0,high,high,high,high,high,high,high,high,high,2026-07-28
hitter,CWS,NYY,Drew Romo,691011,9.0,C,Confirmed,3.58,,,,,0.83,0.41,,,,,0.8324431424844527,0.8275730320917265,0.42438681702593983,0.38946182077797015,0.707983193277311,0.7312876446355067,0.028423985534556218,0.03278975439052316,,,0.72,0.34,0.32,1.37,0.03,1.0,0.19,0.01,0.0,0.267,1.001763668430335,0.9903861985853409,0.186,,0.009,,0.0,,False,96.0,99.0,96.0,88.0,93.0,91.0,91.0,92.0,94.0,high,high,high,high,high,high,high,high,high,2026-07-28
hitter,NYY,CWS,Paul Goldschmidt,502671,1.0,1B,Confirmed,3.49,,,,,1.21,0.26,,,,,1.1992886713501707,1.2178287808123351,0.26815880996339436,0.2503417616377948,0.4803149606299212,0.47839738990255887,0.1340295363992495,0.12096600760406269,,,0.48,0.26,0.17,0.84,0.13,1.05,0.11,0.01,0.0,0.204,1.1238670694864048,0.9957300785519806,0.112,,0.008,,0.0,,False,96.0,99.0,96.0,88.0,93.0,91.0,91.0,92.0,94.0,high,high,high,high,high,high,high,high,high,2026-07-28
hitter,NYY,CWS,Ben Rice,700250,2.0,DH,Confirmed,4.08,,,,,1.57,0.43,,,,,1.577745995077189,1.564378536288807,0.4435888451646882,0.4214262779571122,0.5290322580645161,0.5194486806828766,0.21576333385923085,0.20188264055230584,,,0.52,0.35,0.22,1.09,0.21,1.22,0.13,0.01,0.0,0.233,1.239368165249089,1.1959050265671056,0.133,,0.012,,0.0,,False,96.0,99.0,96.0,88.0,93.0,91.0,91.0,92.0,94.0,high,high,high,high,high,high,high,high,high,2026-07-28
hitter,NYY,CWS,Amed Rosario,642708,3.0,3B,Confirmed,3.09,,,,,0.95,0.1,,,,,0.957615112279815,0.9338843093460599,0.11366826486825729,0.08297400124305375,0.35424354243542433,0.37772417137800524,0.027431602214892485,0.034204959849012125,,,0.37,0.23,0.18,0.82,0.03,0.59,0.09,0.01,0.0,0.2,0.6289308176100628,0.5650544935783771,0.093,,0.007,,0.0,,False,96.0,99.0,96.0,88.0,93.0,91.0,91.0,92.0,94.0,high,high,high,high,high,high,high,high,high,2026-07-28
hitter,NYY,CWS,Jasson Domínguez,691176,4.0,RF,Confirmed,3.81,,,,,1.47,0.29,,,,,1.3671083562053334,1.5727477701238206,0.2874628309395778,0.30178815570025824,0.4803149606299212,0.4915016455928346,0.14886069931015145,0.1457212835250043,,,0.49,0.26,0.19,0.85,0.15,0.93,0.12,0.01,0.0,0.185,0.8408408408408409,1.0120271713833928,0.115,,0.009,,0.0,,False,96.0,99.0,96.0,88.0,93.0,91.0,91.0,92.0,94.0,high,high,high,high,high,high,high,high,high,2026-07-28
hitter,NYY,CWS,Trent Grisham,663757,5.0,CF,Confirmed,3.96,,,,,1.59,0.64,,,,,1.616781242010725,1.5680828858001352,0.6631051592478482,0.6212191304446018,0.5290322580645161,0.4641245181944334,0.25938560717049813,0.2356577963756838,,,0.49,0.38,0.23,1.1,0.25,1.2,0.12,0.01,0.0,0.281,1.239368165249089,1.17378024949089,0.12,,0.007,,0.0,,False,96.0,99.0,96.0,88.0,93.0,91.0,91.0,92.0,94.0,high,high,high,high,high,high,high,high,high,2026-07-28
hitter,NYY,CWS,Anthony Volpe,683011,6.0,SS,Confirmed,3.48,,,,,1.29,0.15,,,,,1.2750830919449698,1.3140428997434268,0.17206813466554755,0.12568627995967743,0.4125159642401022,0.44887008345733603,0.02603468387151535,0.03158963626462353,,,0.43,0.23,0.19,0.83,0.03,0.63,0.1,0.01,0.0,0.211,0.6289308176100628,0.6325356733631141,0.096,,0.008,,0.0,,False,96.0,99.0,96.0,88.0,93.0,91.0,91.0,92.0,94.0,high,high,high,high,high,high,high,high,high,2026-07-28
hitter,NYY,CWS,Jazz Chisholm Jr.,665862,7.0,2B,Confirmed,3.33,,,,,1.63,0.37,,,,,1.719685423057715,1.5392184135651126,0.3931921090090801,0.3499717652124911,0.35424354243542433,0.32534383254574933,0.21746075853558797,0.19614904816583492,,,0.34,0.23,0.16,0.74,0.21,0.91,0.09,0.01,0.0,0.222,0.9875776397515532,0.8441502146459231,0.094,,0.008,,0.0,,False,96.0,99.0,96.0,88.0,93.0,91.0,91.0,92.0,94.0,high,high,high,high,high,high,high,high,high,2026-07-28
hitter,NYY,CWS,Max Schuemann,680474,8.0,LF,Confirmed,2.55,,,,,0.79,0.12,,,,,0.8086532321155465,0.765157315841791,0.15378736823705672,0.09497359226104093,0.3344051446945337,0.24916283433993222,0.020185577911468175,0.01211533579302664,,,0.29,0.18,0.12,0.64,0.02,0.4,0.07,0.01,0.0,0.224,0.44025157232704404,0.37343645598061564,0.069,,0.007,,0.0,,False,96.0,99.0,96.0,88.0,93.0,91.0,91.0,92.0,94.0,high,high,high,high,high,high,high,high,high,2026-07-28
hitter,NYY,CWS,Austin Wells,669224,9.0,C,Confirmed,2.55,,,,,1.32,0.2,,,,,1.456333500650508,1.190164347338022,0.21571094339191682,0.19132746288336033,0.35424354243542433,0.2731889569585954,0.1371852457381095,0.11331541679347511,,,0.31,0.2,0.14,0.69,0.13,0.69,0.08,0.01,0.0,0.239,0.6720588235294118,0.708575941435357,0.085,,0.008,,0.0,,False,96.0,99.0,96.0,88.0,93.0,91.0,91.0,92.0,94.0,high,high,high,high,high,high,high,high,high,2026-07-28
hitter,STL,CHC,JJ Wetherholt,802139,1.0,2B,Confirmed,4.68,,,,,0.45,0.4,,,,,0.4734475845500544,0.4308267179496242,0.39911987973751384,0.39804941376114034,0.994208494208494,0.9182470003474354,0.029302721321989945,0.027064092114388892,,,0.95,0.64,0.47,2.21,0.03,1.23,0.22,0.01,0.0,0.354,1.239368165249089,1.2228870178656517,0.219,,0.009,,0.0,,False,96.0,99.0,96.0,88.0,93.0,91.0,91.0,92.0,94.0,high,high,high,high,high,high,high,high,high,2026-07-28
hitter,STL,CHC,Jordan Walker,691023,2.0,RF,Confirmed,4.57,,,,,0.78,0.38,,,,,0.6823728048614944,0.8821147579756229,0.3613246897925838,0.39651431373719775,0.8949771689497716,0.9398767004959675,0.04164995723734786,0.0392834460884134,,,0.92,0.58,0.43,2.02,0.04,1.26,0.22,0.01,0.0,0.328,1.239368165249089,1.2829163658347718,0.218,,0.013,,0.0,,False,96.0,99.0,96.0,88.0,93.0,91.0,91.0,92.0,94.0,high,high,high,high,high,high,high,high,high,2026-07-28
hitter,STL,CHC,Alec Burleson,676475,3.0,1B,Confirmed,4.26,,,,,0.41,0.28,,,,,0.4446526361535955,0.3797445982899488,0.277043460487413,0.27695679846993726,0.8694581280788177,0.8797934476371301,0.03285745428563588,0.007226436508568128,,,0.88,0.61,0.54,2.25,0.02,1.19,0.23,0.01,0.0,0.361,1.239368165249089,1.1433433411935923,0.231,,0.009,,0.0,,False,96.0,99.0,96.0,88.0,93.0,91.0,91.0,92.0,94.0,high,high,high,high,high,high,high,high,high,2026-07-28
hitter,STL,CHC,Iván Herrera,671056,4.0,DH,Confirmed,4.61,,,,,0.51,0.39,,,,,0.48927682423342045,0.5223404974566619,0.3687627198292768,0.4126256164789283,0.994208494208494,0.9572326729194006,0.035719582592183274,0.033081547480573764,,,0.97,0.58,0.49,2.07,0.03,1.3,0.21,0.01,0.0,0.326,1.239368165249089,1.3413444302525808,0.205,,0.008,,0.0,,False,96.0,99.0,96.0,88.0,93.0,91.0,91.0,92.0,94.0,high,high,high,high,high,high,high,high,high,2026-07-28
hitter,STL,CHC,Lars Nootbaar,663457,5.0,LF,Confirmed,4.25,,,,,0.6,0.4,,,,,0.5671110655286982,0.6232255108716122,0.40635792728141196,0.3873550173183813,0.8694581280788177,0.8504414678807002,0.028967472456222,0.025891065512862695,,,0.86,0.58,0.47,2.05,0.03,1.23,0.23,0.01,0.0,0.354,1.239368165249089,1.2173532978372237,0.227,,0.008,,0.0,,False,96.0,99.0,96.0,88.0,93.0,91.0,91.0,92.0,94.0,high,high,high,high,high,high,high,high,high,2026-07-28
hitter,STL,CHC,Masyn Winn,691026,6.0,SS,Confirmed,4.45,,,,,0.48,0.27,,,,,0.47153322145520493,0.48209592509927185,0.2687088059713234,0.2708553193073041,0.8949771689497716,0.96831943292035,0.035356665675017586,0.03897567600852421,,,0.94,0.48,0.48,1.95,0.04,1.33,0.17,0.01,0.0,0.308,1.3148148148148149,1.3490852041871404,0.174,,0.014,,0.0,,False,96.0,99.0,96.0,88.0,93.0,91.0,91.0,92.0,94.0,high,high,high,high,high,high,high,high,high,2026-07-28
hitter,STL,CHC,Nathan Church,701675,7.0,CF,Confirmed,3.81,,,,,0.56,0.26,,,,,0.5306135342911148,0.590334361110136,0.26707571373070726,0.2478739576704408,0.707983193277311,0.6932926279807445,0.02942427045984019,0.022239934683298605,,,0.7,0.42,0.35,1.63,0.03,1.01,0.15,0.01,0.0,0.318,1.001763668430335,1.0231840399791245,0.151,,0.01,,0.0,,False,96.0,99.0,96.0,88.0,93.0,91.0,91.0,92.0,94.0,high,high,high,high,high,high,high,high,high,2026-07-28
hitter,STL,CHC,José Fermín,665877,8.0,3B,Confirmed,4.03,,,,,0.35,0.28,,,,,0.3455750866335241,0.3521912124541485,0.26334130412246803,0.2871209935451025,0.707983193277311,0.7577389262771781,0.02762700575593454,0.03674830144175564,,,0.74,0.39,0.32,1.51,0.03,1.0,0.15,0.01,0.0,0.28,1.001763668430335,0.9974773326147908,0.147,,0.009,,0.0,,False,96.0,99.0,96.0,88.0,93.0,91.0,91.0,92.0,94.0,high,high,high,high,high,high,high,high,high,2026-07-28
hitter,STL,CHC,Jimmy Crooks,699625,9.0,C,Confirmed,3.32,,,,,0.81,0.3,,,,,0.8156553089431509,0.796231190060806,0.3444579591267316,0.262830164640387,0.8770949720670391,0.7322829145581159,0.09607088602505681,0.07665157758640383,,,0.8,0.34,0.29,1.32,0.09,1.19,0.13,0.01,0.0,0.301,1.3148148148148149,1.0929168795132933,0.127,,0.01,,0.0,,False,96.0,99.0,96.0,88.0,93.0,91.0,91.0,92.0,94.0,high,high,high,high,high,high,high,high,high,2026-07-28
hitter,CHC,STL,Pete Crow-Armstrong,691718,1.0,CF,Confirmed,4.18,,,,,0.89,0.43,,,,,0.8980878428387763,0.8881985572063621,0.39887076995880877,0.45801855634955707,0.801980198019802,0.8251240975551933,0.06697074609974604,0.04805359272826958,,,0.81,0.44,0.36,1.5,0.06,1.34,0.14,0.01,0.0,0.259,1.3148148148148149,1.3543241342377794,0.135,,0.008,,0.0,,False,96.0,99.0,96.0,88.0,93.0,91.0,91.0,92.0,94.0,high,high,high,high,high,high,high,high,high,2026-07-28
hitter,CHC,STL,Seiya Suzuki,673548,2.0,RF,Confirmed,4.18,,,,,0.9,0.55,,,,,0.9019311047186798,0.9059286442687866,0.5855480395524871,0.5210270485219025,0.801980198019802,0.7864878799320447,0.05470545184032194,0.0467316234691992,,,0.79,0.46,0.36,1.53,0.05,1.21,0.1,0.01,0.0,0.273,1.239368165249089,1.183086734954996,0.105,,0.008,,0.0,,False,96.0,99.0,96.0,88.0,93.0,91.0,91.0,92.0,94.0,high,high,high,high,high,high,high,high,high,2026-07-28
hitter,CHC,STL,Michael Busch,683737,3.0,1B,Confirmed,4.18,,,,,0.91,0.59,,,,,0.9088714842062025,0.9085168902383601,0.628353771132831,0.543109803387591,0.7715355805243446,0.8009863929413538,0.0507064702869766,0.03495231755083242,,,0.79,0.44,0.37,1.46,0.04,1.01,0.11,0.01,0.0,0.268,1.001763668430335,1.023449002078408,0.107,,0.007,,0.0,,False,96.0,99.0,96.0,88.0,93.0,91.0,91.0,92.0,94.0,high,high,high,high,high,high,high,high,high,2026-07-28
hitter,CHC,STL,Alex Bregman,608324,4.0,3B,Confirmed,4.04,,,,,0.51,0.54,,,,,0.546545793298506,0.47141470849261596,0.564739440254372,0.517628261568775,0.8694581280788177,0.8241677376253685,0.05027399205630998,0.03516012236041454,,,0.84,0.45,0.39,1.55,0.04,1.16,0.11,0.01,0.0,0.284,1.239368165249089,1.0940254912886522,0.113,,0.007,,0.0,,False,96.0,99.0,96.0,88.0,93.0,91.0,91.0,92.0,94.0,high,high,high,high,high,high,high,high,high,2026-07-28
hitter,CHC,STL,Ian Happ,664023,5.0,DH,Confirmed,4.08,,,,,0.89,0.58,,,,,0.8896883720380254,0.8906588934767393,0.6175386449232881,0.5435284108042646,0.7715355805243446,0.7341038279027096,0.06596979649146359,0.04224348584578868,,,0.75,0.44,0.39,1.51,0.05,1.19,0.11,0.01,0.0,0.265,1.239368165249089,1.1500632370682233,0.109,,0.007,,0.0,,False,96.0,99.0,96.0,88.0,93.0,91.0,91.0,92.0,94.0,high,high,high,high,high,high,high,high,high,2026-07-28
hitter,CHC,STL,Nico Hoerner,663538,6.0,SS,Confirmed,4.18,,,,,0.29,0.28,,,,,0.2652586382059783,0.31113306380281913,0.2783839672145789,0.2818288354606926,1.0980834272829765,0.9840727190225811,0.03117830424782777,0.019872069571279596,,,1.04,0.35,0.36,1.51,0.03,1.18,0.14,0.01,0.0,0.24,1.239368165249089,1.1318592438461108,0.145,,0.01,,0.0,,False,96.0,99.0,96.0,88.0,93.0,91.0,91.0,92.0,94.0,high,high,high,high,high,high,high,high,high,2026-07-28
hitter,CHC,STL,Michael Conforto,624424,7.0,LF,Confirmed,3.02,,,,,0.99,0.3,,,,,0.9768557324625126,1.0095440789562473,0.2879358245628806,0.3079624016615095,0.35424354243542433,0.33064811332904764,0.031483566130739465,0.02012779667964347,,,0.34,0.2,0.18,0.74,0.03,0.52,0.07,0.01,0.0,0.197,0.5302013422818792,0.5077366619568112,0.073,,0.007,,0.0,,False,96.0,99.0,96.0,88.0,93.0,91.0,91.0,92.0,94.0,high,high,high,high,high,high,high,high,high,2026-07-28
hitter,CHC,STL,Carson Kelly,608348,8.0,C,Confirmed,3.49,,,,,0.55,0.41,,,,,0.559067496976752,0.5373248915725118,0.44463558897191136,0.382991183629792,0.707983193277311,0.5888876787015743,0.036663996021633095,0.025738217115068997,,,0.64,0.28,0.23,1.05,0.03,0.9,0.11,0.01,0.0,0.242,0.9875776397515532,0.8326155700937957,0.115,,0.007,,0.0,,False,96.0,99.0,96.0,88.0,93.0,91.0,91.0,92.0,94.0,high,high,high,high,high,high,high,high,high,2026-07-28
hitter,CHC,STL,Pedro Ramírez,699393,9.0,LF,Confirmed,2.77,,,,,0.45,0.17,,,,,0.42270872670333726,0.46741513367706866,0.20175922100325092,0.14496661566099717,0.4803149606299212,0.4008522957463371,0.025385981443587707,0.020436336135090806,,,0.44,0.2,0.18,0.79,0.02,0.6,0.09,0.01,0.0,0.21,0.6720588235294118,0.5480278365581541,0.093,,0.008,,0.0,,False,96.0,99.0,96.0,88.0,93.0,91.0,91.0,92.0,94.0,high,high,high,high,high,high,high,high,high,2026-07-28
hitter,LAA,HOU,Zach Neto,687263,1.0,SS,Confirmed,4.14,,,,,1.56,0.26,,,,,1.5848552805543796,1.5345618580044318,0.2519924595497586,0.2586120557665595,1.1391752577319587,1.1246069555088718,0.07889473475605452,0.08564750864982733,,,1.13,0.37,0.27,1.35,0.08,1.77,0.14,0.01,0.0,0.228,1.914285714285714,1.6597121980779412,0.143,,0.007,,0.0,,False,96.0,99.0,96.0,88.0,93.0,91.0,91.0,92.0,94.0,high,high,high,high,high,high,high,high,high,2026-07-28
hitter,LAA,HOU,Mike Trout,545361,2.0,CF,Confirmed,4.25,,,,,1.22,0.72,,,,,1.2698591299195348,1.1663274228881575,0.702677673728757,0.7338586530953675,0.8770949720670391,0.8265106465042313,0.2714056748425758,0.2239278625095997,,,0.85,0.41,0.27,1.38,0.25,1.74,0.1,0.01,0.0,0.251,1.914285714285714,1.5986614449360703,0.101,,0.006,,0.0,,False,96.0,99.0,96.0,88.0,93.0,91.0,91.0,92.0,94.0,high,high,high,high,high,high,high,high,high,2026-07-28
hitter,LAA,HOU,Nolan Schanuel,694384,3.0,1B,Confirmed,4.04,,,,,0.69,0.39,,,,,0.6335909650607943,0.7455511441926892,0.412148118061167,0.37152821960114885,0.8770949720670391,0.8540033453061083,0.08874498538992834,0.08786986883388102,,,0.86,0.35,0.28,1.34,0.09,1.26,0.15,0.01,0.0,0.228,1.3148148148148149,1.2199680353223026,0.155,,0.008,,0.0,,False,96.0,99.0,96.0,88.0,93.0,91.0,91.0,92.0,94.0,high,high,high,high,high,high,high,high,high,2026-07-28
hitter,LAA,HOU,Jorge Soler,624585,4.0,DH,Confirmed,3.96,,,,,1.51,0.24,,,,,1.5568142203350301,1.4644338662513805,0.24727582801009926,0.22881908836176398,1.0980834272829765,1.018328273301177,0.06605499525984627,0.0731645085042197,,,1.05,0.34,0.27,1.26,0.07,1.58,0.12,0.01,0.0,0.225,1.684375,1.5016308087521615,0.121,,0.006,,0.0,,False,96.0,99.0,96.0,88.0,93.0,91.0,91.0,92.0,94.0,high,high,high,high,high,high,high,high,high,2026-07-28
hitter,LAA,HOU,Vaughn Grissom,687093,5.0,3B,Confirmed,3.33,,,,,0.75,0.17,,,,,0.7666542912460494,0.7320327091833146,0.16905401819683347,0.16181206195635653,1.0980834272829765,0.9045469262987634,0.036943209292771756,0.03401450239830138,,,0.99,0.32,0.26,1.23,0.04,1.23,0.12,0.01,0.0,0.244,1.3893129770992367,1.1080707938121466,0.115,,0.007,,0.0,,False,96.0,99.0,96.0,88.0,93.0,91.0,91.0,92.0,94.0,high,high,high,high,high,high,high,high,high,2026-07-28
hitter,LAA,HOU,Wade Meckler,685133,6.0,LF,Confirmed,3.09,,,,,1.03,0.12,,,,,1.060303352636519,1.0021343091399777,0.13830800507678226,0.10011252702953775,1.0,0.7578296034502786,0.02809923567654967,0.019160123536661466,,,0.87,0.19,0.17,0.78,0.02,1.06,0.11,0.01,0.0,0.191,1.239368165249089,0.9214503554770813,0.106,,0.007,,0.0,,False,96.0,99.0,96.0,88.0,93.0,91.0,91.0,92.0,94.0,high,high,high,high,high,high,high,high,high,2026-07-28
hitter,LAA,HOU,Jo Adell,666176,7.0,RF,Confirmed,3.81,,,,,1.25,0.14,,,,,1.2483020031254366,1.2491461060323066,0.15619379577969666,0.11902857512912023,1.1391752577319587,1.0658676230106658,0.07759994553553984,0.08528352949533861,,,1.1,0.31,0.27,1.29,0.08,1.74,0.14,0.01,0.0,0.229,1.914285714285714,1.5960433088234107,0.138,,0.008,,0.0,,False,96.0,99.0,96.0,88.0,93.0,91.0,91.0,92.0,94.0,high,high,high,high,high,high,high,high,high,2026-07-28
hitter,LAA,HOU,Oswald Peraza,672724,8.0,2B,Confirmed,3.48,,,,,1.29,0.17,,,,,1.278786074893206,1.3021547785283716,0.15808922890448013,0.1734454145691708,1.0980834272829765,0.8741963477763922,0.04731462443948239,0.047692314913634015,,,0.97,0.27,0.24,1.15,0.05,1.29,0.1,0.01,0.0,0.223,1.3893129770992367,1.210622760604098,0.104,,0.007,,0.0,,False,96.0,99.0,96.0,88.0,93.0,91.0,91.0,92.0,94.0,high,high,high,high,high,high,high,high,high,2026-07-28
hitter,LAA,HOU,Logan O'Hoppe,681351,9.0,C,Confirmed,3.49,,,,,1.38,0.17,,,,,1.4534262356603624,1.31106268641142,0.17328856064803352,0.15735282735285502,1.0980834272829765,0.9107065041981663,0.047576728339273844,0.05540650279716684,,,1.0,0.25,0.21,1.05,0.05,1.33,0.11,0.01,0.0,0.21,1.3893129770992367,1.2729032822930242,0.112,,0.006,,0.0,,False,96.0,99.0,96.0,88.0,93.0,91.0,91.0,92.0,94.0,high,high,high,high,high,high,high,high,high,2026-07-28
hitter,HOU,LAA,Jeremy Peña,665161,1.0,SS,Confirmed,4.25,,,,,1.28,0.43,,,,,1.2498292027163476,1.305604307949224,0.4270582640525181,0.441339094459095,0.6434108527131783,0.6033237453671356,0.042866280712771085,0.04380632770578181,,,0.62,0.54,0.41,1.94,0.04,0.84,0.19,0.01,0.0,0.319,0.8408408408408409,0.8449026606175795,0.192,,0.009,,0.0,,False,96.0,99.0,96.0,88.0,93.0,91.0,91.0,92.0,94.0,high,high,high,high,high,high,high,high,high,2026-07-28
hitter,HOU,LAA,Yordan Alvarez,670541,2.0,LF,Confirmed,4.51,,,,,0.63,0.6,,,,,0.6281821014390031,0.6341814220299224,0.6190841086856809,0.5867368683358357,1.1391752577319587,1.1939471304173772,0.42289415054131935,0.411472785622457,,,1.17,0.71,0.51,2.32,0.42,2.73,0.19,0.01,0.0,0.407,2.75,2.7054932985597215,0.189,,0.012,,0.0,,False,96.0,99.0,96.0,88.0,93.0,91.0,91.0,92.0,94.0,high,high,high,high,high,high,high,high,high,2026-07-28
hitter,HOU,LAA,Isaac Paredes,670623,3.0,3B,Confirmed,4.26,,,,,0.51,0.33,,,,,0.529481337320912,0.48998326751508675,0.3255486931124072,0.3329657731585173,1.0980834272829765,1.0855973291882535,0.2524692706070067,0.21295929869009803,,,1.09,0.56,0.48,2.04,0.23,2.0,0.18,0.01,0.0,0.333,2.057017543859649,1.9616723817143926,0.18,,0.009,,0.0,,False,96.0,99.0,96.0,88.0,93.0,91.0,91.0,92.0,94.0,high,high,high,high,high,high,high,high,high,2026-07-28
hitter,HOU,LAA,Christian Walker,572233,4.0,1B,Confirmed,4.18,,,,,0.82,0.28,,,,,0.761479141210864,0.8744325914454268,0.29679839871516,0.2696069747796579,1.0980834272829765,1.1350631904530057,0.3324258681703056,0.31243854245138675,,,1.12,0.53,0.48,1.89,0.32,2.28,0.16,0.01,0.0,0.316,2.456692913385827,2.14316117309236,0.159,,0.009,,0.0,,False,96.0,99.0,96.0,88.0,93.0,91.0,91.0,92.0,94.0,high,high,high,high,high,high,high,high,high,2026-07-28
hitter,HOU,LAA,Jose Altuve,514888,5.0,2B,Confirmed,4.25,,,,,0.57,0.33,,,,,0.5668786214346867,0.5663363630480169,0.3480579089134981,0.32036024539202285,1.0980834272829765,1.134975143429114,0.16386597270025413,0.18483895642184783,,,1.12,0.52,0.42,1.94,0.17,1.86,0.19,0.01,0.0,0.317,1.914285714285714,1.8133997591143696,0.189,,0.008,,0.0,,False,96.0,99.0,96.0,88.0,93.0,91.0,91.0,92.0,94.0,high,high,high,high,high,high,high,high,high,2026-07-28
hitter,HOU,LAA,Cam Smith,701358,6.0,RF,Confirmed,3.74,,,,,0.65,0.25,,,,,0.6025957955745703,0.7058716286865536,0.2659799015078985,0.23424600298775675,0.994208494208494,0.9240202661396333,0.21182306652327174,0.20250384696245488,,,0.96,0.39,0.39,1.55,0.21,1.62,0.14,0.01,0.0,0.297,1.684375,1.5760605327896378,0.142,,0.009,,0.0,,False,96.0,99.0,96.0,88.0,93.0,91.0,91.0,92.0,94.0,high,high,high,high,high,high,high,high,high,2026-07-28
hitter,HOU,LAA,Taylor Trammell,666211,7.0,LF,Confirmed,3.1,,,,,1.29,0.15,,,,,1.2385656296736565,1.338125234692362,0.1742927117753812,0.13246604808371315,0.4125159642401022,0.40434803720658713,0.17960709823900928,0.1686511361401166,,,0.41,0.33,0.29,1.26,0.17,0.91,0.12,0.01,0.0,0.311,1.001763668430335,0.833280903699536,0.12,,0.01,,0.0,,False,96.0,99.0,96.0,88.0,93.0,91.0,91.0,92.0,94.0,high,high,high,high,high,high,high,high,high,2026-07-28
hitter,HOU,LAA,Zach Dezenzo,701305,8.0,LF,Confirmed,2.07,,,,,1.08,0.08,,,,,1.2029735005543087,0.958428690325445,0.10109301161632055,0.06724175411547244,0.2543859649122807,0.2028116713273957,0.09321764888959122,0.06869603014915754,,,0.23,0.18,0.15,0.66,0.08,0.55,0.09,0.01,0.0,0.26,0.6289308176100628,0.48821317026866967,0.09,,0.009,,0.0,,False,96.0,99.0,96.0,88.0,93.0,91.0,91.0,92.0,94.0,high,high,high,high,high,high,high,high,high,2026-07-28
hitter,HOU,LAA,Christian Vázquez,543877,9.0,C,Confirmed,3.96,,,,,0.95,0.14,,,,,0.8598337146984967,1.035352297071029,0.1454600577939657,0.13154872452723082,0.801980198019802,0.8021249031952934,0.12670526680669086,0.15321077133186708,,,0.8,0.44,0.38,1.81,0.14,1.36,0.19,0.01,0.0,0.316,1.3148148148148149,1.3984243820535627,0.19,,0.01,,0.0,,False,96.0,99.0,96.0,88.0,93.0,91.0,91.0,92.0,94.0,high,high,high,high,high,high,high,high,high,2026-07-28
hitter,ATH,BOS,Jacob Wilson,805779,1.0,SS,Confirmed,3.93,,,,,0.42,0.31,,,,,0.37246709736848194,0.46828997968111435,0.30827372618035387,0.31287020096803825,0.6434108527131783,0.573293464695388,0.026270646335972894,0.011920632103125026,,,0.6,0.36,0.3,1.43,0.02,0.78,0.14,0.01,0.0,0.221,0.7899761336515513,0.7771850955633713,0.14,,0.008,,0.0,,False,96.0,99.0,96.0,88.0,93.0,91.0,91.0,92.0,94.0,high,high,high,high,high,high,high,high,high,2026-07-28
hitter,ATH,BOS,Nick Kurtz,701762,2.0,1B,Confirmed,3.94,,,,,1.68,0.21,,,,,1.6402973228270463,1.7133488972094664,0.1888752591277039,0.23353998776652907,0.3344051446945337,0.3372024071206397,0.061438070686061184,0.09897583456385811,,,0.34,0.47,0.43,1.61,0.08,0.54,0.11,0.01,0.0,0.274,0.4591194968553459,0.5986565908301673,0.113,,0.007,,0.0,,False,96.0,99.0,96.0,88.0,93.0,91.0,91.0,92.0,94.0,high,high,high,high,high,high,high,high,high,2026-07-28
hitter,ATH,BOS,Jonah Heim,641680,3.0,DH,Confirmed,3.33,,,,,0.99,0.1,,,,,0.9663690888875166,1.0198973516201182,0.09602025876534573,0.10809316257963188,0.3344051446945337,0.32162096915474997,0.028835568518642444,0.03211846942915462,,,0.33,0.28,0.27,1.08,0.03,0.49,0.12,0.01,0.0,0.202,0.4591194968553459,0.5221262906697693,0.12,,0.009,,0.0,,False,96.0,99.0,96.0,88.0,93.0,91.0,91.0,92.0,94.0,high,high,high,high,high,high,high,high,high,2026-07-28
hitter,ATH,BOS,Tyler Soderstrom,691016,4.0,LF,Confirmed,3.58,,,,,1.08,0.41,,,,,1.0665373229699582,1.0940535152133815,0.44589718002890033,0.377654828519302,0.6434108527131783,0.5526024478288266,0.12916692112031353,0.10995740729363031,,,0.59,0.36,0.35,1.41,0.12,1.09,0.11,0.01,0.0,0.239,1.1521739130434783,1.0396859739281217,0.112,,0.009,,0.0,,False,96.0,99.0,96.0,88.0,93.0,91.0,91.0,92.0,94.0,high,high,high,high,high,high,high,high,high,2026-07-28
hitter,ATH,BOS,Tommy White,695720,5.0,3B,Confirmed,1.84,,,,,0.54,0.11,,,,,0.5167661629712988,0.5540894718912598,0.1396071112481467,0.07123152230853014,0.4125159642401022,0.23919221161102275,0.07916155608181519,0.06892152105883027,,,0.32,0.18,0.17,0.7,0.07,0.63,0.08,0.01,0.0,0.239,0.7899761336515513,0.5063838904826468,0.079,,0.007,,0.0,,False,96.0,99.0,96.0,88.0,93.0,91.0,91.0,92.0,94.0,high,high,high,high,high,high,high,high,high,2026-07-28
hitter,ATH,BOS,Colby Thomas,687515,6.0,RF,Confirmed,2.77,,,,,0.69,0.2,,,,,0.6825306662655923,0.7013939297087955,0.23774422205347304,0.15877026036210654,0.707983193277311,0.5460668976206213,0.11731472485809435,0.09528714390321345,,,0.62,0.2,0.22,0.83,0.11,1.0,0.08,0.01,0.0,0.195,1.1521739130434783,0.8811773145567164,0.084,,0.007,,0.0,,False,96.0,99.0,96.0,88.0,93.0,91.0,91.0,92.0,94.0,high,high,high,high,high,high,high,high,high,2026-07-28
hitter,ATH,BOS,Henry Bolte,703607,7.0,CF,Confirmed,3.74,,,,,1.29,0.09,,,,,1.2033978919285744,1.379080048911332,0.09917011548509351,0.08588625078939593,0.35424354243542433,0.4352085604719602,0.025200975798928233,0.011723730137035981,,,0.4,0.3,0.28,1.29,0.02,0.5,0.13,0.01,0.0,0.219,0.44025157232704404,0.5530818990112042,0.127,,0.007,,0.0,,False,96.0,99.0,96.0,88.0,93.0,91.0,91.0,92.0,94.0,high,high,high,high,high,high,high,high,high,2026-07-28
hitter,ATH,BOS,Alika Williams,675961,8.0,2B,Confirmed,3.09,,,,,0.93,0.08,,,,,0.9029471431165065,0.9543482234024567,0.08017027011752316,0.07252860165591038,0.5290322580645161,0.4824504967475335,0.021085381332095365,0.01618725701232963,,,0.5,0.2,0.2,0.81,0.02,0.65,0.09,0.01,0.0,0.177,0.6720588235294118,0.6291323062402576,0.094,,0.008,,0.0,,False,96.0,99.0,96.0,88.0,93.0,91.0,91.0,92.0,94.0,high,high,high,high,high,high,high,high,high,2026-07-28
hitter,ATH,BOS,Brian Serven,661531,9.0,C,Confirmed,2.55,,,,,0.92,0.05,,,,,0.8556035114758587,0.9788121616405435,0.06892555611091218,0.031611847598155995,0.2543859649122807,0.18511550675620697,0.018057892824524125,0.010351990457939608,,,0.22,0.16,0.16,0.68,0.01,0.27,0.08,0.01,0.0,0.18,0.28125,0.253166644676912,0.08,,0.007,,0.0,,False,96.0,99.0,96.0,88.0,93.0,91.0,91.0,92.0,94.0,high,high,high,high,high,high,high,high,high,2026-07-28
hitter,BOS,ATH,Jahmai Jones,663330,1.0,DH,Confirmed,1.84,,,,,0.63,0.09,,,,,0.6799314436534472,0.585231142947311,0.1330949936773578,0.056705726815530884,0.3344051446945337,0.21514690128861386,0.021848056174716104,0.00747501015094106,,,0.27,0.26,0.21,0.88,0.01,0.36,0.09,0.01,0.0,0.353,0.44025157232704404,0.30049034582154305,0.087,,0.007,,0.0,,False,96.0,99.0,96.0,88.0,93.0,91.0,91.0,92.0,94.0,high,high,high,high,high,high,high,high,high,2026-07-28
hitter,BOS,ATH,Romy Gonzalez,663853,2.0,2B,Confirmed,4.57,,,,,0.84,0.48,,,,,0.750229723010599,0.9224673357443167,0.4613292408833283,0.4979087786865928,0.6434108527131783,0.6438005493423856,0.14780150291741437,0.17730040381714196,,,0.64,0.78,0.65,2.93,0.16,1.24,0.25,0.01,0.0,0.411,1.1521739130434783,1.3162498396378626,0.252,,0.009,,0.0,,False,96.0,99.0,96.0,88.0,93.0,91.0,91.0,92.0,94.0,high,high,high,high,high,high,high,high,high,2026-07-28
hitter,BOS,ATH,Willson Contreras,575929,3.0,1B,Confirmed,4.68,,,,,1.44,0.31,,,,,1.3875710534339083,1.4847089220932737,0.3051905401032584,0.3127035086759329,0.994208494208494,1.1001868845082106,0.35287845244935173,0.364243977015317,,,1.05,0.91,0.86,3.27,0.36,2.45,0.25,0.01,0.0,0.467,2.456692913385827,2.448775873142344,0.248,,0.009,,0.0,,False,96.0,99.0,96.0,88.0,93.0,91.0,91.0,92.0,94.0,high,high,high,high,high,high,high,high,high,2026-07-28
hitter,BOS,ATH,Wilyer Abreu,677800,4.0,RF,Confirmed,4.57,,,,,1.27,0.32,,,,,1.1403655534347468,1.395606227281797,0.3103041636771131,0.33962327920583013,0.8694581280788177,0.9812902443419157,0.25131693240117703,0.29830539318451593,,,0.93,0.66,0.59,2.35,0.27,1.99,0.2,0.01,0.0,0.357,1.914285714285714,2.057723162271012,0.197,,0.01,,0.0,,False,96.0,99.0,96.0,88.0,93.0,91.0,91.0,92.0,94.0,high,high,high,high,high,high,high,high,high,2026-07-28
hitter,BOS,ATH,Ceddanne Rafaela,678882,5.0,CF,Confirmed,4.74,,,,,1.01,0.2,,,,,0.8913416957181775,1.13343239852542,0.18720554954516308,0.20895511632282898,1.0980834272829765,1.1890417270500975,0.18967524555180362,0.2013540527107367,,,1.15,0.75,0.68,2.92,0.2,2.01,0.23,0.01,0.0,0.383,1.914285714285714,2.085191745801661,0.232,,0.011,,0.0,,False,96.0,99.0,96.0,88.0,93.0,91.0,91.0,92.0,94.0,high,high,high,high,high,high,high,high,high,2026-07-28
hitter,BOS,ATH,Caleb Durbin,702332,6.0,3B,Confirmed,4.39,,,,,0.64,0.22,,,,,0.5809131794375283,0.7017806083305214,0.20755843366025672,0.22495781448853777,0.8949771689497716,1.1038776948284632,0.14141886204747903,0.16321151625504637,,,1.01,0.51,0.52,2.17,0.15,1.64,0.21,0.01,0.0,0.333,1.5956790123456794,1.6680382698727665,0.212,,0.01,,0.0,,False,96.0,99.0,96.0,88.0,93.0,91.0,91.0,92.0,94.0,high,high,high,high,high,high,high,high,high,2026-07-28
hitter,BOS,ATH,Jarren Duran,680776,7.0,LF,Confirmed,4.74,,,,,1.45,0.32,,,,,1.3722232688169207,1.5351051158484597,0.3007544550956608,0.3369814040303272,1.0980834272829765,1.205589333762244,0.4412848052809261,0.37854966389619,,,1.16,0.86,0.83,3.3,0.41,2.54,0.28,0.02,0.0,0.501,2.456692913385827,2.60295432168188,0.28,,0.017,,0.0,,False,96.0,99.0,96.0,88.0,93.0,91.0,91.0,92.0,94.0,high,high,high,high,high,high,high,high,high,2026-07-28
hitter,BOS,ATH,Andruw Monasterio,655316,8.0,SS,Confirmed,3.81,,,,,0.71,0.52,,,,,0.6493835798828155,0.7785708776408734,0.5372452914090848,0.5009426242288834,0.4125159642401022,0.46151924902064606,0.14231117493825562,0.11166618251618403,,,0.44,0.48,0.44,1.93,0.13,1.08,0.16,0.01,0.0,0.354,1.1238670694864048,1.0379514347263354,0.155,,0.009,,0.0,,False,96.0,99.0,96.0,88.0,93.0,91.0,91.0,92.0,94.0,high,high,high,high,high,high,high,high,high,2026-07-28
hitter,BOS,ATH,Carlos Narváez,665966,9.0,C,Confirmed,4.18,,,,,1.3,0.31,,,,,1.1864976448180498,1.4212993870008157,0.2911751347409156,0.33351204795500755,0.801980198019802,0.8517040001789209,0.24796937002247874,0.24472826543845264,,,0.83,0.58,0.52,2.19,0.25,1.64,0.18,0.01,0.0,0.389,1.5956790123456794,1.6823580346080311,0.175,,0.008,,0.0,,False,96.0,99.0,96.0,88.0,93.0,91.0,91.0,92.0,94.0,high,high,high,high,high,high,high,high,high,2026-07-28
hitter,SD,COL,Fernando Tatis Jr.,665487,1.0,RF,Confirmed,4.68,,,,,1.17,0.21,,,,,1.1580787836026443,1.1837302731841373,0.2096110947045667,0.20128961551155722,0.994208494208494,1.0924632358882167,0.06420382161539373,0.08010647856994159,,,1.05,0.54,0.33,1.74,0.07,1.44,0.16,0.01,0.0,0.315,1.3148148148148149,1.5415096672332411,0.163,,0.009,,0.0,,False,96.0,99.0,96.0,88.0,93.0,91.0,91.0,92.0,94.0,high,high,high,high,high,high,high,high,high,2026-07-28
hitter,SD,COL,Jake Cronenworth,630105,2.0,2B,Confirmed,3.74,,,,,1.04,0.16,,,,,0.9492958734110223,1.122310725692965,0.16399980949811957,0.15280619204619034,0.5846774193548387,0.6449933914658051,0.031193303540728447,0.01728685913211294,,,0.62,0.41,0.23,1.29,0.02,0.86,0.12,0.01,0.0,0.31,0.7899761336515513,0.924400720853972,0.12,,0.008,,0.0,,False,96.0,99.0,96.0,88.0,93.0,91.0,91.0,92.0,94.0,high,high,high,high,high,high,high,high,high,2026-07-28
hitter,SD,COL,Manny Machado,592518,3.0,3B,Confirmed,4.61,,,,,1.29,0.21,,,,,1.1936814495105244,1.3816378433183065,0.1982533018425123,0.21375207238928925,0.801980198019802,0.9648920175663505,0.0611423083000678,0.04764230475738947,,,0.89,0.5,0.35,1.65,0.05,1.37,0.16,0.01,0.0,0.299,1.239368165249089,1.4708922120514318,0.164,,0.011,,0.0,,False,96.0,99.0,96.0,88.0,93.0,91.0,91.0,92.0,94.0,high,high,high,high,high,high,high,high,high,2026-07-28
hitter,SD,COL,Ty France,664034,4.0,1B,Confirmed,4.18,,,,,1.0,0.09,,,,,0.9054100856986564,1.0869383429723591,0.10546557554363402,0.07427657013351635,0.7715355805243446,0.8255206007627836,0.043068844928509896,0.04577395731747748,,,0.8,0.39,0.3,1.39,0.04,1.07,0.12,0.01,0.0,0.244,1.001763668430335,1.1193073735584775,0.124,,0.009,,0.0,,False,96.0,99.0,96.0,88.0,93.0,91.0,91.0,92.0,94.0,high,high,high,high,high,high,high,high,high,2026-07-28
hitter,SD,COL,Jackson Merrill,701538,5.0,CF,Confirmed,4.51,,,,,1.34,0.11,,,,,1.2405964369767157,1.4426418585934497,0.10961262933363164,0.10272460514717668,0.7715355805243446,0.9004179801704607,0.05091075836884611,0.06613270757571353,,,0.84,0.46,0.35,1.61,0.06,1.32,0.16,0.02,0.0,0.269,1.239368165249089,1.3838141808253677,0.159,,0.02,,0.0,,False,96.0,99.0,96.0,88.0,93.0,91.0,91.0,92.0,94.0,high,high,high,high,high,high,high,high,high,2026-07-28
hitter,SD,COL,Luis Rengifo,650859,6.0,LF,Confirmed,3.02,,,,,0.48,0.13,,,,,0.48434262389262805,0.47254401639602894,0.14803048334346552,0.10337150570090492,0.7061469265367316,0.6172561767786239,0.06905316312512333,0.06798117196534573,,,0.66,0.23,0.17,0.81,0.07,1.08,0.1,0.01,0.0,0.245,1.239368165249089,0.9418807637508754,0.1,,0.009,,0.0,,False,96.0,99.0,96.0,88.0,93.0,91.0,91.0,92.0,94.0,high,high,high,high,high,high,high,high,high,2026-07-28
hitter,SD,COL,Gavin Sheets,657757,7.0,DH,Confirmed,4.04,,,,,1.02,0.14,,,,,0.9744589304445243,1.074601779397891,0.14897710344606088,0.14057108083491124,0.7061469265367316,0.7223234448141682,0.04279465407504049,0.02548677902379233,,,0.72,0.37,0.26,1.34,0.03,1.03,0.13,0.01,0.0,0.283,0.9875776397515532,1.0558690046338386,0.127,,0.011,,0.0,,False,96.0,99.0,96.0,88.0,93.0,91.0,91.0,92.0,94.0,high,high,high,high,high,high,high,high,high,2026-07-28
hitter,SD,COL,Xander Bogaerts,593428,8.0,SS,Confirmed,4.51,,,,,0.9,0.56,,,,,0.8266503208275235,0.9645078981092107,0.5454412180051653,0.570214298796384,0.7061469265367316,0.7718551578325621,0.03149758083086934,0.034122776609902886,,,0.74,0.41,0.28,1.5,0.03,1.01,0.15,0.01,0.0,0.285,1.001763668430335,1.0201011567628828,0.151,,0.01,,0.0,,False,96.0,99.0,96.0,88.0,93.0,91.0,91.0,92.0,94.0,high,high,high,high,high,high,high,high,high,2026-07-28
hitter,SD,COL,Luis Campusano,669134,9.0,C,Confirmed,3.49,,,,,1.22,0.13,,,,,1.1873875591266354,1.2455465451907313,0.15067457038666845,0.118097887083405,0.4803149606299212,0.4927043168050029,0.03423355197279404,0.04070409290550375,,,0.49,0.28,0.18,0.94,0.04,0.79,0.1,0.01,0.0,0.254,0.7899761336515513,0.7818156670784514,0.104,,0.008,,0.0,,False,96.0,99.0,96.0,88.0,93.0,91.0,91.0,92.0,94.0,high,high,high,high,high,high,high,high,high,2026-07-28
hitter,COL,SD,Jake McCarthy,664983,1.0,RF,Confirmed,4.18,,,,,0.53,0.2,,,,,0.5474836309525255,0.5087618613674649,0.218246238075189,0.19148003317997153,0.994208494208494,0.9499307062971483,0.08313842905203428,0.07994783828880808,,,0.97,0.35,0.25,1.31,0.08,1.43,0.14,0.02,0.0,0.211,1.3893129770992367,1.4671725307153114,0.136,,0.017,,0.0,,False,96.0,99.0,96.0,88.0,93.0,91.0,91.0,92.0,94.0,high,high,high,high,high,high,high,high,high,2026-07-28
hitter,COL,SD,Mickey Moniak,666160,2.0,LF,Confirmed,3.48,,,,,0.69,0.2,,,,,0.6551943648599535,0.7155012442787804,0.2122825270135639,0.18414158522079474,0.801980198019802,0.686882553323966,0.15717625823040626,0.12304696414332221,,,0.74,0.25,0.18,0.92,0.14,1.28,0.13,0.01,0.0,0.193,1.3893129770992367,1.1871733548806145,0.126,,0.01,,0.0,,False,96.0,99.0,96.0,88.0,93.0,91.0,91.0,92.0,94.0,high,high,high,high,high,high,high,high,high,2026-07-28
hitter,COL,SD,Hunter Goodman,696100,3.0,C,Confirmed,4.25,,,,,0.89,0.4,,,,,0.8790072421975869,0.9103570779784282,0.4116702970712439,0.3888068610365873,0.8888888888888888,0.8405912784490034,0.2539144804079337,0.21429515497119186,,,0.86,0.35,0.26,1.2,0.23,1.84,0.15,0.01,0.0,0.224,1.914285714285714,1.771818052802806,0.146,,0.009,,0.0,,False,96.0,99.0,96.0,88.0,93.0,91.0,91.0,92.0,94.0,high,high,high,high,high,high,high,high,high,2026-07-28
hitter,COL,SD,TJ Rumfield,681198,4.0,1B,Confirmed,3.33,,,,,0.42,0.25,,,,,0.41349420991974795,0.42135410905365434,0.26380902885171575,0.24523273912541274,0.7061469265367316,0.5956473441980791,0.04548898721965443,0.054747082451148864,,,0.65,0.23,0.17,0.81,0.05,1.0,0.1,0.01,0.0,0.189,1.1238670694864048,0.8946512752255936,0.103,,0.007,,0.0,,False,96.0,99.0,96.0,88.0,93.0,91.0,91.0,92.0,94.0,high,high,high,high,high,high,high,high,high,2026-07-28
hitter,COL,SD,Cole Carrigg,694249,5.0,CF,Confirmed,3.1,,,,,0.63,0.27,,,,,0.606284052408713,0.6545338218309037,0.3058675488365936,0.23695701362614868,0.7061469265367316,0.5558948809754487,0.08262533355874002,0.07597981032263781,,,0.62,0.24,0.17,0.82,0.08,1.1,0.12,0.01,0.0,0.216,1.239368165249089,0.9936376938202398,0.116,,0.012,,0.0,,False,96.0,99.0,96.0,88.0,93.0,91.0,91.0,92.0,94.0,high,high,high,high,high,high,high,high,high,2026-07-28
hitter,COL,SD,Troy Johnston,687859,6.0,DH,Confirmed,2.55,,,,,0.43,0.19,,,,,0.4566866325144364,0.40660112647391383,0.22383415041948843,0.16217933334512377,0.4125159642401022,0.3519748283122994,0.0596711543138738,0.0432164097338699,,,0.38,0.16,0.14,0.64,0.05,0.68,0.08,0.01,0.0,0.2,0.7899761336515513,0.5926931263311701,0.078,,0.007,,0.0,,False,96.0,99.0,96.0,88.0,93.0,91.0,91.0,92.0,94.0,high,high,high,high,high,high,high,high,high,2026-07-28
hitter,COL,SD,Willi Castro,650489,7.0,2B,Confirmed,3.96,,,,,0.75,0.29,,,,,0.7038407498008448,0.787824367895931,0.3147167888603426,0.25573634676925344,0.801980198019802,0.7456625818815624,0.11833214401817935,0.1099340136485447,,,0.77,0.28,0.22,1.08,0.11,1.35,0.12,0.01,0.0,0.21,1.3893129770992367,1.318142495118806,0.119,,0.008,,0.0,,False,96.0,99.0,96.0,88.0,93.0,91.0,91.0,92.0,94.0,high,high,high,high,high,high,high,high,high,2026-07-28
hitter,COL,SD,Edouard Julien,666397,8.0,2B,Confirmed,3.32,,,,,0.66,0.36,,,,,0.6204776143589873,0.6952285050592647,0.4051397236536811,0.3239064736693672,0.6506024096385542,0.541827706438892,0.06324093629732802,0.06647321272564358,,,0.59,0.23,0.15,0.79,0.06,0.99,0.1,0.01,0.0,0.216,1.1238670694864048,0.8787090376662551,0.101,,0.007,,0.0,,False,96.0,99.0,96.0,88.0,93.0,91.0,91.0,92.0,94.0,high,high,high,high,high,high,high,high,high,2026-07-28
hitter,COL,SD,Ezequiel Tovar,678662,9.0,SS,Confirmed,3.74,,,,,0.7,0.22,,,,,0.6700865920594863,0.7199651338466223,0.23724151363380933,0.2019015908343088,0.7715355805243446,0.7195030655830253,0.12634643744133123,0.11086325634106227,,,0.74,0.24,0.2,0.96,0.12,1.28,0.15,0.01,0.0,0.191,1.3148148148148149,1.2605937821175197,0.147,,0.011,,0.0,,False,96.0,99.0,96.0,88.0,93.0,91.0,91.0,92.0,94.0,high,high,high,high,high,high,high,high,high,2026-07-28
hitter,SF,MIL,Luis Arraez,650333,1.0,2B,Confirmed,4.25,,,,,0.51,0.43,,,,,0.37295715324718637,0.6407384957533327,0.3879167686534454,0.4751906744859581,1.0980834272829765,1.0063139327983677,0.028904977336293353,0.025760889556750807,,,1.05,0.37,0.25,1.33,0.03,1.3,0.13,0.01,0.0,0.227,1.3148148148148149,1.2878298607667464,0.13,,0.011,,0.0,,False,96.0,99.0,96.0,88.0,93.0,91.0,91.0,92.0,94.0,high,high,high,high,high,high,high,high,high,2026-07-28
hitter,SF,MIL,Bryce Eldridge,805811,2.0,DH,Confirmed,4.25,,,,,1.43,0.78,,,,,1.4667986898006609,1.3971221169784496,0.7619144661374706,0.7911581908624548,0.8694581280788177,0.8011480102212495,0.05641714813916495,0.07619088731388843,,,0.83,0.42,0.25,1.31,0.07,1.24,0.13,0.01,0.0,0.275,1.239368165249089,1.2487835839850439,0.132,,0.008,,0.0,,False,96.0,99.0,96.0,88.0,93.0,91.0,91.0,92.0,94.0,high,high,high,high,high,high,high,high,high,2026-07-28
hitter,SF,MIL,Heliot Ramos,671218,3.0,LF,Confirmed,4.39,,,,,1.31,0.59,,,,,1.2737402226787475,1.342679246003722,0.5992759516844611,0.5892417979944451,0.8949771689497716,0.9441596524118787,0.05423640775692142,0.05504862895925291,,,0.92,0.4,0.3,1.41,0.05,1.27,0.14,0.01,0.0,0.246,1.3148148148148149,1.2327004226395066,0.138,,0.008,,0.0,,False,96.0,99.0,96.0,88.0,93.0,91.0,91.0,92.0,94.0,high,high,high,high,high,high,high,high,high,2026-07-28
hitter,SF,MIL,Rafael Devers,646240,4.0,1B,Confirmed,4.18,,,,,1.48,1.02,,,,,1.5287500553504645,1.4388378680628113,1.1038050538782367,0.9326500033673994,0.7715355805243446,0.7251873374395746,0.05635932900611582,0.049014083884869164,,,0.75,0.37,0.2,0.98,0.05,1.07,0.1,0.01,0.0,0.264,1.1521739130434783,1.0087284038158206,0.098,,0.006,,0.0,,False,96.0,99.0,96.0,88.0,93.0,91.0,91.0,92.0,94.0,high,high,high,high,high,high,high,high,high,2026-07-28
hitter,SF,MIL,Jung Hoo Lee,808982,5.0,RF,Confirmed,3.81,,,,,0.6,0.39,,,,,0.5819335341101756,0.6182838687241973,0.4043835048985457,0.37446236761930485,0.8770949720670391,0.8255866077251938,0.024704185758641382,0.01266837049886438,,,0.85,0.31,0.24,1.13,0.02,1.06,0.13,0.02,0.0,0.22,1.1521739130434783,0.9848596632412305,0.133,,0.017,,0.0,,False,96.0,99.0,96.0,88.0,93.0,91.0,91.0,92.0,94.0,high,high,high,high,high,high,high,high,high,2026-07-28
hitter,SF,MIL,Willy Adames,642715,6.0,SS,Confirmed,3.96,,,,,1.35,0.65,,,,,1.3621441323646866,1.3324534443008254,0.6715830158286193,0.6248688210385848,0.707983193277311,0.681500272086006,0.04538191524217489,0.03706070075273591,,,0.69,0.25,0.19,0.85,0.04,0.99,0.11,0.01,0.0,0.208,1.001763668430335,0.9764936709969639,0.107,,0.007,,0.0,,False,96.0,99.0,96.0,88.0,93.0,91.0,91.0,92.0,94.0,high,high,high,high,high,high,high,high,high,2026-07-28
hitter,SF,MIL,Grant McCray,687529,7.0,CF,Confirmed,2.55,,,,,0.57,0.33,,,,,0.5465413500744261,0.5888344621219125,0.4236856125891785,0.22951123168997029,0.4125159642401022,0.3238339953698958,0.09574728983130695,0.09682796103355516,,,0.36,0.15,0.1,0.5,0.1,0.85,0.1,0.01,0.0,0.192,0.9875776397515532,0.7342898743949152,0.105,,0.008,,0.0,,False,96.0,99.0,96.0,88.0,93.0,91.0,91.0,92.0,94.0,high,high,high,high,high,high,high,high,high,2026-07-28
hitter,SF,MIL,Drew Cavanaugh,701852,8.0,C,Confirmed,3.02,,,,,0.8,0.22,,,,,0.7913628699308016,0.8108362266554969,0.24646009135675498,0.19639083487113865,0.7061469265367316,0.5647853971363008,0.18039214687493021,0.16943798075903252,,,0.63,0.22,0.16,0.79,0.17,1.24,0.1,0.01,0.0,0.223,1.3148148148148149,1.1765163932161382,0.1,,0.007,,0.0,,False,96.0,99.0,96.0,88.0,93.0,91.0,91.0,92.0,94.0,high,high,high,high,high,high,high,high,high,2026-07-28
hitter,SF,MIL,Christian Koss,683766,9.0,3B,Confirmed,2.55,,,,,0.89,0.05,,,,,0.8938779514976467,0.8826202938082054,0.07218552241410447,0.023124838557986766,0.6434108527131783,0.4417255650688176,0.051522618130920794,0.026366359088158337,,,0.53,0.19,0.15,0.75,0.04,0.84,0.09,0.01,0.0,0.226,1.001763668430335,0.7104564030757725,0.093,,0.006,,0.0,,False,96.0,99.0,96.0,88.0,93.0,91.0,91.0,92.0,94.0,high,high,high,high,high,high,high,high,high,2026-07-28
hitter,MIL,SF,Brice Turang,668930,1.0,2B,Confirmed,4.18,,,,,1.6,0.26,,,,,1.615049019365839,1.5885961926282306,0.24175576371494495,0.2753374093771348,0.8770949720670391,0.8558990469679161,0.045863324749936006,0.04584683334169995,,,0.87,0.32,0.23,1.03,0.05,1.23,0.1,0.01,0.0,0.199,1.239368165249089,1.2153418836721213,0.103,,0.008,,0.0,,False,96.0,99.0,96.0,88.0,93.0,91.0,91.0,92.0,94.0,high,high,high,high,high,high,high,high,high,2026-07-28
hitter,MIL,SF,Jackson Chourio,694192,2.0,LF,Confirmed,4.18,,,,,1.51,0.16,,,,,1.5738203431279172,1.4526262876519218,0.17390016445069606,0.14594305170077304,1.0980834272829765,0.9939913796617006,0.05360009893193537,0.026281197869808468,,,1.04,0.35,0.27,1.21,0.04,1.31,0.12,0.01,0.0,0.208,1.3148148148148149,1.3112013777693583,0.116,,0.011,,0.0,,False,96.0,99.0,96.0,88.0,93.0,91.0,91.0,92.0,94.0,high,high,high,high,high,high,high,high,high,2026-07-28
hitter,MIL,SF,William Contreras,661388,3.0,C,Confirmed,4.18,,,,,1.11,0.23,,,,,1.078321514925561,1.1405093666519623,0.2147461470765895,0.23715804584368835,1.0980834272829765,1.0075841952609452,0.057145786571085884,0.06046222886897433,,,1.05,0.34,0.29,1.16,0.06,1.39,0.11,0.01,0.0,0.205,1.3893129770992367,1.3861681805481814,0.109,,0.007,,0.0,,False,96.0,99.0,96.0,88.0,93.0,91.0,91.0,92.0,94.0,high,high,high,high,high,high,high,high,high,2026-07-28
hitter,MIL,SF,Christian Yelich,592885,4.0,DH,Confirmed,4.18,,,,,1.69,0.21,,,,,1.6969683608802293,1.6750877944241562,0.20313413743516776,0.21794559132440602,0.8949771689497716,0.9013101012727045,0.045604675212660296,0.043645272384180686,,,0.9,0.28,0.24,0.93,0.04,1.25,0.09,0.01,0.0,0.174,1.239368165249089,1.2550070915264877,0.089,,0.008,,0.0,,False,96.0,99.0,96.0,88.0,93.0,91.0,91.0,92.0,94.0,high,high,high,high,high,high,high,high,high,2026-07-28
hitter,MIL,SF,Andrew Vaughn,683734,5.0,1B,Confirmed,2.77,,,,,0.43,0.07,,,,,0.438224528665177,0.4283460277307795,0.08851477805419901,0.044801971747230836,0.4125159642401022,0.47951935596454787,0.08811009212424575,0.06939164268416544,,,0.45,0.21,0.18,0.72,0.08,0.8,0.07,0.01,0.0,0.191,0.8408408408408409,0.760824280056997,0.069,,0.008,,0.0,,False,96.0,99.0,96.0,88.0,93.0,91.0,91.0,92.0,94.0,high,high,high,high,high,high,high,high,high,2026-07-28
hitter,MIL,SF,Luis Lara,800325,6.0,RF,Confirmed,1.84,,,,,0.66,0.11,,,,,0.6950834090377682,0.6204743070247517,0.13573115530310637,0.08294052128034908,0.35424354243542433,0.2555396292601727,0.04090868154063802,0.026702031236891296,,,0.3,0.13,0.12,0.5,0.03,0.41,0.06,0.01,0.0,0.214,0.4591194968553459,0.361576553467566,0.063,,0.006,,0.0,,False,96.0,99.0,96.0,88.0,93.0,91.0,91.0,92.0,94.0,high,high,high,high,high,high,high,high,high,2026-07-28
hitter,MIL,SF,Garrett Mitchell,669003,7.0,CF,Confirmed,3.96,,,,,1.66,0.22,,,,,1.6051646230775665,1.7167111990804287,0.21928705069720492,0.21099072293900997,0.707983193277311,0.6784039609732073,0.0631835315551757,0.04887100093400477,,,0.69,0.26,0.22,0.9,0.06,1.05,0.1,0.01,0.0,0.199,1.1238670694864048,0.9945672283589228,0.1,,0.009,,0.0,,False,96.0,99.0,96.0,88.0,93.0,91.0,91.0,92.0,94.0,high,high,high,high,high,high,high,high,high,2026-07-28
hitter,MIL,SF,Cooper Pratt,806198,8.0,SS,Confirmed,3.1,,,,,0.9,0.14,,,,,0.8915022230567233,0.914921233878469,0.15647387134916121,0.128124863591286,0.7061469265367316,0.5770972915363277,0.02819637719057822,0.020840803617658457,,,0.64,0.2,0.16,0.71,0.02,0.78,0.08,0.01,0.0,0.194,0.8408408408408409,0.7255286474591955,0.082,,0.007,,0.0,,False,96.0,99.0,96.0,88.0,93.0,91.0,91.0,92.0,94.0,high,high,high,high,high,high,high,high,high,2026-07-28
hitter,MIL,SF,David Hamilton,666152,9.0,3B,Confirmed,2.77,,,,,1.12,0.1,,,,,1.1737000169244385,1.0732833736541465,0.10457757556679678,0.08837773762896851,0.5846774193548387,0.4863688178668526,0.02054589079623835,0.01930136833712805,,,0.53,0.17,0.15,0.65,0.02,0.62,0.07,0.01,0.0,0.179,0.6720588235294118,0.5852526107205134,0.069,,0.007,,0.0,,False,96.0,99.0,96.0,88.0,93.0,91.0,91.0,92.0,94.0,high,high,high,high,high,high,high,high,high,2026-07-28
hitter,LAD,SEA,Shohei Ohtani,660271,1.0,DH,Confirmed,4.26,,,,,0.8,0.32,,,,,0.8151739173514024,0.7844717116176917,0.3462045827884118,0.2984776091141405,1.607843137254902,1.3501684437958985,0.4276130616874984,0.3126486100842827,,,1.47,0.45,0.33,1.66,0.37,2.94,0.18,0.01,0.0,0.274,3.5,2.489180593280467,0.184,,0.014,,0.0,,False,96.0,99.0,96.0,88.0,93.0,91.0,91.0,92.0,94.0,high,high,high,high,high,high,high,high,high,2026-07-28
hitter,LAD,SEA,Andy Pages,681624,2.0,CF,Confirmed,4.18,,,,,0.58,0.15,,,,,0.5803964324770293,0.5830010215052756,0.1597845176430761,0.13181119687823006,1.4947368421052631,1.2982170507007038,0.1609536334775229,0.14814278392051683,,,1.39,0.38,0.28,1.46,0.15,2.0,0.16,0.01,0.0,0.227,2.057017543859649,1.9589634953964223,0.156,,0.008,,0.0,,False,96.0,99.0,96.0,88.0,93.0,91.0,91.0,92.0,94.0,high,high,high,high,high,high,high,high,high,2026-07-28
hitter,LAD,SEA,Freddie Freeman,518692,3.0,1B,Confirmed,4.26,,,,,0.53,0.2,,,,,0.5440404496637073,0.5145522087023666,0.21020698013055095,0.19938407677510395,1.607843137254902,1.3469220174852208,0.18306604889076816,0.16191177600524403,,,1.46,0.43,0.36,1.68,0.17,2.25,0.16,0.01,0.0,0.256,2.456692913385827,2.085165679108418,0.158,,0.011,,0.0,,False,96.0,99.0,96.0,88.0,93.0,91.0,91.0,92.0,94.0,high,high,high,high,high,high,high,high,high,2026-07-28
hitter,LAD,SEA,Max Muncy,571970,4.0,3B,Confirmed,3.96,,,,,0.7,0.25,,,,,0.6790545416439528,0.7265802730763158,0.25724264755919185,0.2487706839914094,1.1391752577319587,1.1064756242377882,0.23287673640107565,0.18862302054235355,,,1.12,0.36,0.3,1.36,0.21,1.95,0.15,0.01,0.0,0.235,2.057017543859649,1.8604476990457135,0.153,,0.007,,0.0,,False,96.0,99.0,96.0,88.0,93.0,91.0,91.0,92.0,94.0,high,high,high,high,high,high,high,high,high,2026-07-28
hitter,LAD,SEA,Mookie Betts,605141,5.0,SS,Confirmed,4.25,,,,,0.31,0.16,,,,,0.33864527567184877,0.2769808919016038,0.17098411122524748,0.15734887194138603,1.607843137254902,1.3040906303376079,0.17812022391975416,0.15542175299951105,,,1.44,0.42,0.36,1.65,0.17,1.97,0.14,0.01,0.0,0.248,2.057017543859649,1.8924826060465714,0.142,,0.011,,0.0,,False,96.0,99.0,96.0,88.0,93.0,91.0,91.0,92.0,94.0,high,high,high,high,high,high,high,high,high,2026-07-28
hitter,LAD,SEA,Tommy Edman,669242,6.0,2B,Confirmed,3.58,,,,,0.48,0.11,,,,,0.5057419527572579,0.45247337211302496,0.12942774775073973,0.0858610630880729,1.4947368421052631,1.0222557418896459,0.11458180031804296,0.10301151236155132,,,1.23,0.29,0.28,1.27,0.11,1.8,0.15,0.01,0.0,0.228,2.057017543859649,1.5813254685604134,0.148,,0.007,,0.0,,False,96.0,99.0,96.0,88.0,93.0,91.0,91.0,92.0,94.0,high,high,high,high,high,high,high,high,high,2026-07-28
hitter,LAD,SEA,Kyle Tucker,663656,7.0,RF,Confirmed,4.14,,,,,0.5,0.22,,,,,0.5424676118140322,0.46421983263140293,0.229269603340557,0.20554869004247567,1.5,1.1987217448238212,0.14092397986288108,0.13200213429682262,,,1.33,0.35,0.28,1.43,0.14,1.91,0.13,0.01,0.0,0.245,2.057017543859649,1.7905232228385772,0.134,,0.007,,0.0,,False,96.0,99.0,96.0,88.0,93.0,91.0,91.0,92.0,94.0,high,high,high,high,high,high,high,high,high,2026-07-28
hitter,LAD,SEA,Teoscar Hernández,606192,8.0,LF,Confirmed,3.96,,,,,0.71,0.12,,,,,0.6930731675147362,0.736388685370032,0.1457528935062955,0.1034094838987545,1.607843137254902,1.311085177524314,0.19701632946939093,0.179811393118555,,,1.44,0.35,0.31,1.54,0.19,2.21,0.2,0.01,0.0,0.254,2.456692913385827,1.9993240336358775,0.202,,0.008,,0.0,,False,96.0,99.0,96.0,88.0,93.0,91.0,91.0,92.0,94.0,high,high,high,high,high,high,high,high,high,2026-07-28
hitter,LAD,SEA,Dalton Rushing,687221,9.0,C,Confirmed,3.81,,,,,0.79,0.17,,,,,0.7508269558015749,0.8282432417019431,0.1702985957300021,0.17659006332331145,1.4947368421052631,1.1235854386678008,0.17136300020012632,0.14290960990047433,,,1.29,0.3,0.25,1.26,0.16,1.83,0.14,0.01,0.0,0.228,1.914285714285714,1.7691986584457853,0.142,,0.012,,0.0,,False,96.0,99.0,96.0,88.0,93.0,91.0,91.0,92.0,94.0,high,high,high,high,high,high,high,high,high,2026-07-28
hitter,SEA,LAD,Cole Young,702284,1.0,2B,Confirmed,4.04,,,,,0.87,0.29,,,,,0.8378577188229182,0.9118724490011516,0.27177129912930864,0.30251634106464925,0.5290322580645161,0.5807441061599868,0.12133310322053725,0.12340737438202294,,,0.56,0.4,0.33,1.54,0.12,1.12,0.18,0.01,0.0,0.242,1.1238670694864048,1.1122571496731326,0.175,,0.01,,0.0,,False,96.0,99.0,96.0,88.0,93.0,91.0,91.0,92.0,94.0,high,high,high,high,high,high,high,high,high,2026-07-28
hitter,SEA,LAD,Randy Arozarena,668227,2.0,LF,Confirmed,4.26,,,,,1.33,0.42,,,,,1.317774350600754,1.3512778910783128,0.4107342883446645,0.43563376558350775,0.6434108527131783,0.6128893772401253,0.1379324886637333,0.17088287859990642,,,0.63,0.51,0.41,1.91,0.15,1.19,0.18,0.01,0.0,0.287,1.1521739130434783,1.2253011354924184,0.181,,0.01,,0.0,,False,96.0,99.0,96.0,88.0,93.0,91.0,91.0,92.0,94.0,high,high,high,high,high,high,high,high,high,2026-07-28
hitter,SEA,LAD,Julio Rodríguez,677594,3.0,CF,Confirmed,4.18,,,,,1.02,0.5,,,,,1.0047487063707403,1.0450675328615657,0.5000617935723044,0.491258444923807,0.4125159642401022,0.49533057125735963,0.0422309995772091,0.030961620093271018,,,0.46,0.51,0.49,2.0,0.04,0.73,0.17,0.01,0.0,0.29,0.6720588235294118,0.7810825229346156,0.167,,0.009,,0.0,,False,96.0,99.0,96.0,88.0,93.0,91.0,91.0,92.0,94.0,high,high,high,high,high,high,high,high,high,2026-07-28
hitter,SEA,LAD,Dominic Canzone,686527,4.0,RF,Confirmed,3.96,,,,,0.82,0.38,,,,,0.7828627283673248,0.8622524911433904,0.38306720792075377,0.37706706644275517,0.8770949720670391,0.8142197124681334,0.18050275277797767,0.1870100649104986,,,0.84,0.4,0.37,1.57,0.18,1.59,0.13,0.01,0.0,0.24,1.5956790123456794,1.5778525557199292,0.134,,0.009,,0.0,,False,96.0,99.0,96.0,88.0,93.0,91.0,91.0,92.0,94.0,high,high,high,high,high,high,high,high,high,2026-07-28
hitter,SEA,LAD,Cal Raleigh,663728,5.0,C,Confirmed,4.25,,,,,1.49,0.55,,,,,1.5053003689968236,1.475140843707221,0.5577059670885903,0.5411795555636578,0.6434108527131783,0.624333942242302,0.3024834273627716,0.2603584655215821,,,0.63,0.6,0.59,2.19,0.28,1.42,0.23,0.01,0.0,0.341,1.3893129770992367,1.438626794914374,0.232,,0.007,,0.0,,False,96.0,99.0,96.0,88.0,93.0,91.0,91.0,92.0,94.0,high,high,high,high,high,high,high,high,high,2026-07-28
hitter,SEA,LAD,Josh Naylor,647304,6.0,1B,Confirmed,4.25,,,,,0.74,0.34,,,,,0.7256571069826935,0.7503862490441436,0.3380816259597199,0.34362690498023357,0.7061469265367316,0.6714548895628878,0.11176424058122852,0.1484640627680178,,,0.69,0.46,0.49,2.05,0.13,1.21,0.19,0.01,0.0,0.296,1.1521739130434783,1.2592310877124868,0.188,,0.009,,0.0,,False,96.0,99.0,96.0,88.0,93.0,91.0,91.0,92.0,94.0,high,high,high,high,high,high,high,high,high,2026-07-28
hitter,SEA,LAD,Rob Refsnyder,608701,7.0,DH,Confirmed,2.55,,,,,1.12,0.14,,,,,1.0844153332765925,1.1561256232725414,0.14084198989533128,0.14232536891332856,0.23333333333333334,0.161523229706583,0.06776131773753954,0.05777259872774621,,,0.19,0.19,0.17,0.77,0.06,0.37,0.09,0.01,0.0,0.204,0.39285714285714285,0.35241734225787685,0.085,,0.008,,0.0,,False,96.0,99.0,96.0,88.0,93.0,91.0,91.0,92.0,94.0,high,high,high,high,high,high,high,high,high,2026-07-28
hitter,SEA,LAD,Weston Wilson,642215,8.0,3B,Confirmed,2.77,,,,,0.63,0.25,,,,,0.5995018516984367,0.6509717555906154,0.278496203488501,0.2195521118431259,0.5846774193548387,0.43245436914325447,0.10209202553712993,0.09472564274929078,,,0.5,0.23,0.21,0.97,0.1,0.85,0.11,0.01,0.0,0.232,0.9875776397515532,0.7421235320605638,0.113,,0.008,,0.0,,False,96.0,99.0,96.0,88.0,93.0,91.0,91.0,92.0,94.0,high,high,high,high,high,high,high,high,high,2026-07-28
hitter,SEA,LAD,J.P. Crawford,641487,9.0,SS,Confirmed,4.18,,,,,0.93,0.42,,,,,0.8986993574214378,0.9710463789827657,0.4116618197444961,0.4264189017705079,0.6434108527131783,0.5642587479320648,0.10203072883567485,0.10749509446617504,,,0.6,0.42,0.39,1.81,0.1,1.03,0.18,0.01,0.0,0.279,1.001763668430335,1.0441712801108016,0.184,,0.01,,0.0,,False,96.0,99.0,96.0,88.0,93.0,91.0,91.0,92.0,94.0,high,high,high,high,high,high,high,high,high,2026-07-28
