player_type,team,opponent,player_name,mlb_id,lineup_spot,pos,lineup_status,proj_pa,proj_ip,proj_outs,proj_runs_allowed,proj_hits_allowed,proj_strikeouts,proj_walks,proj_hr_allowed,proj_er_model,proj_fip,proj_war_contribution,direct_K,rate_K,direct_BB,rate_BB,direct_H,rate_H,direct_HR,rate_HR,direct_R,rate_R,proj_hits,proj_runs,proj_rbi,proj_hrrbi,proj_hr,proj_tb,proj_2b,proj_3b,proj_sb,proj_woba,direct_TB,rate_TB,direct_2B,rate_2B,direct_3B,rate_3B,direct_SB,rate_SB,used_fallback,confidence_score,proj_pa_confidence_score,proj_hits_confidence_score,proj_hr_confidence_score,proj_strikeouts_confidence_score,proj_runs_confidence_score,proj_rbi_confidence_score,proj_hrrbi_confidence_score,proj_walks_confidence_score,confidence,proj_pa_confidence,proj_hits_confidence,proj_hr_confidence,proj_strikeouts_confidence,proj_runs_confidence,proj_rbi_confidence,proj_hrrbi_confidence,proj_walks_confidence,game_date
pitcher,MIL,ATL,Jacob Misiorowski,694819,,,,,5.59,17.0,2.41,4.55,7.36,1.8,0.81,1.37,3.58,0.247,6.649122807017544,8.064776450048912,1.610062893081761,2.3649325333122206,4.326530612244898,5.462538614084102,0.7441860465116279,0.9619796749053355,1.367,,,,,,,,,,,,,,,,,,,,,,,,,,,,,,,,,,,,,,,2026-08-21
pitcher,ATL,MIL,Chris Sale,519242,,,,,5.59,17.0,2.6,5.28,6.72,1.38,0.82,2.21,3.47,0.138,6.649122807017544,6.78431677556018,1.3455882352941178,1.496664175755607,5.093457943925234,6.012640772381813,0.7580645161290323,0.9619796749053355,2.212,,,,,,,,,,,,,,,,,,,,,,,,,,,,,,,,,,,,,,,2026-08-21
pitcher,PHI,STL,Jesús Luzardo,666200,,,,,5.59,17.0,2.6,5.17,6.56,1.93,0.49,2.21,3.16,0.138,6.649122807017544,6.471370949799894,1.890295358649789,2.038623099654568,5.093457943925234,5.462538614084102,0.4827586206896552,0.5140159409027215,2.212,,,,,,,,,,,,,,,,,,,,,,,,,,,,,,,,,,,,,,,2026-08-21
pitcher,STL,PHI,Hunter Dobbins,690928,,,,,4.61,14.0,2.6,4.73,4.43,1.7,0.88,2.43,4.9,0.045,4.5344827586206895,4.328501777882078,1.610062893081761,1.9646709666065398,4.666666666666667,4.95854632570307,0.869281045751634,0.91531524226146,2.432,,,,,,,,,,,,,,,,,,,,,,,,,,,,,,,,,,,,,,,2026-08-21
pitcher,NYY,TOR,Cam Schlittler,693645,,,,,5.21,16.0,2.32,4.47,5.87,1.8,0.41,1.79,3.4,0.162,5.708333333333333,6.031456645520117,1.7846689185541507,1.8287023801883489,4.326530612244898,5.0333098236854905,0.38095238095238093,0.47907389125280486,1.789,,,,,,,,,,,,,,,,,,,,,,,,,,,,,,,,,,,,,,,2026-08-21
pitcher,BOS,SF,Sonny Gray,543243,,,,,5.21,16.0,2.45,5.2,6.17,1.31,0.57,2.21,3.16,0.111,6.017094017094017,6.323128873107073,1.2772277227722773,1.3949231405521847,5.093457943925234,5.60391027264924,0.547945205479452,0.6157600755958343,2.212,,,,,,,,,,,,,,,,,,,,,,,,,,,,,,,,,,,,,,,2026-08-21
pitcher,SF,BOS,Logan Webb,657277,,,,,5.59,17.0,2.54,5.28,5.86,1.33,0.53,2.28,3.15,0.13,6.017094017094017,5.69849147159027,1.2772277227722773,1.496664175755607,5.093457943925234,6.012640772381813,0.5409836065573771,0.5140159409027215,2.28,,,,,,,,,,,,,,,,,,,,,,,,,,,,,,,,,,,,,,,2026-08-21
pitcher,MIA,WSH,Ryan Gusto,687473,,,,,4.61,14.0,2.6,4.84,4.43,1.7,0.76,2.43,4.54,0.045,4.5344827586206895,4.328501777882078,1.610062893081761,1.9503289764882537,4.879746835443039,4.676079178112422,0.7441860465116279,0.7933320753691587,2.432,,,,,,,,,,,,,,,,,,,,,,,,,,,,,,,,,,,,,,,2026-08-21
pitcher,BAL,TB,Trevor Rogers,669432,,,,,5.21,16.0,2.58,4.68,5.54,1.86,0.83,2.21,4.4,0.111,5.275,5.798713131007553,1.8333333333333333,1.9257240242627596,4.525423728813561,5.2846795049817175,0.7948717948717948,0.8965857077382466,2.212,,,,,,,,,,,,,,,,,,,,,,,,,,,,,,,,,,,,,,,2026-08-21
pitcher,TB,BAL,Freddy Peralta,642547,,,,,4.79,14.0,2.43,4.55,4.78,1.93,0.55,2.28,4.06,0.073,4.676567656765677,4.882964964028157,1.890295358649789,2.041382631246275,4.525423728813561,4.629529980634155,0.5409836065573771,0.5661210675823506,2.28,,,,,,,,,,,,,,,,,,,,,,,,,,,,,,,,,,,,,,,2026-08-21
pitcher,CWS,NYM,Sean Burke,680732,,,,,5.13,15.0,2.57,4.83,4.95,2.39,0.56,2.21,4.28,0.105,4.676567656765677,5.229563729742055,2.3333333333333335,2.579291945147967,4.661316130940776,5.51786174638975,0.5409836065573771,0.6063050264504087,2.212,,,,,,,,,,,,,,,,,,,,,,,,,,,,,,,,,,,,,,,2026-08-21
pitcher,NYM,CWS,Sean Manaea,640455,,,,,4.79,14.0,2.47,4.76,4.78,1.45,0.71,2.21,4.06,0.081,4.676567656765677,4.882964964028157,1.3455882352941178,1.7468702410277968,4.666666666666667,5.152155509786922,0.6666666666666666,0.8243081650798851,2.212,,,,,,,,,,,,,,,,,,,,,,,,,,,,,,,,,,,,,,,2026-08-21
pitcher,KC,DET,Noah Cameron,702070,,,,,4.79,14.0,2.86,5.14,4.78,1.92,0.91,2.48,5.07,0.051,4.676567656765677,4.882964964028157,1.890295358649789,2.026480650190615,5.093457943925234,5.3041008324011045,0.9130434782608695,0.907982663950451,2.481,,,,,,,,,,,,,,,,,,,,,,,,,,,,,,,,,,,,,,,2026-08-21
pitcher,DET,KC,Troy Melton,675512,,,,,4.79,14.0,2.59,4.93,4.78,1.52,0.89,2.28,4.61,0.073,4.676567656765677,4.882964964028157,1.3455882352941178,2.026480650190615,4.879746835443039,5.152155509786922,0.869281045751634,0.9510542321979162,2.28,,,,,,,,,,,,,,,,,,,,,,,,,,,,,,,,,,,,,,,2026-08-21
pitcher,HOU,ATH,Hayden Wesneski,669713,,,,,5.13,15.0,2.47,5.01,4.75,1.46,0.68,2.28,4.02,0.097,4.676567656765677,4.816749266927345,1.3455882352941178,1.8006224971912148,4.879746835443039,5.51786174638975,0.625,0.813186576134988,2.28,,,,,,,,,,,,,,,,,,,,,,,,,,,,,,,,,,,,,,,2026-08-21
pitcher,ATH,HOU,J.T. Ginn,669372,,,,,4.79,14.0,2.89,4.71,4.59,2.35,0.89,2.43,5.23,0.057,4.676567656765677,4.497510524090055,2.3333333333333335,2.408344720713209,4.666666666666667,4.858659276173211,0.869281045751634,0.9510542321979162,2.432,,,,,,,,,,,,,,,,,,,,,,,,,,,,,,,,,,,,,,,2026-08-21
pitcher,TEX,LAA,MacKenzie Gore,669022,,,,,5.21,16.0,2.37,4.47,6.17,1.97,0.56,1.79,3.49,0.162,6.017094017094017,6.323128873107073,1.890295358649789,2.220376515405656,4.326530612244898,5.0333098236854905,0.5409836065573771,0.5943699081420252,1.789,,,,,,,,,,,,,,,,,,,,,,,,,,,,,,,,,,,,,,,2026-08-21
pitcher,COL,CLE,Tanner Gordon,685299,,,,,4.61,14.0,2.89,5.78,3.51,1.41,0.96,3.08,5.23,-0.02,3.6538461538461537,3.370786500201109,1.3455882352941178,1.6181032577098442,5.68,6.178085626494306,0.9130434782608695,1.082681419219278,3.075,,,,,,,,,,,,,,,,,,,,,,,,,,,,,,,,,,,,,,,2026-08-21
pitcher,CLE,COL,Joey Cantillo,676282,,,,,4.79,14.0,2.43,4.59,4.59,1.93,0.55,2.21,4.08,0.081,4.676567656765677,4.497510524090055,1.890295358649789,2.041382631246275,4.525423728813561,4.858659276173211,0.547945205479452,0.5661210675823506,2.212,,,,,,,,,,,,,,,,,,,,,,,,,,,,,,,,,,,,,,,2026-08-21
pitcher,AZ,CIN,Eduardo Rodriguez,593958,,,,,5.13,15.0,2.63,5.18,4.75,1.96,0.56,2.43,4.03,0.08,4.676567656765677,4.816749266927345,1.890295358649789,2.18628244223244,5.093457943925234,5.51786174638975,0.5409836065573771,0.6063050264504087,2.432,,,,,,,,,,,,,,,,,,,,,,,,,,,,,,,,,,,,,,,2026-08-21
pitcher,CIN,AZ,Nick Lodolo,666157,,,,,4.79,14.0,2.43,4.56,5.3,1.43,0.83,2.21,4.41,0.081,5.275,5.331254490887942,1.3455882352941178,1.6812829944533958,4.525423728813561,4.680779957327881,0.7948717948717948,0.907982663950451,2.212,,,,,,,,,,,,,,,,,,,,,,,,,,,,,,,,,,,,,,,2026-08-21
pitcher,SD,MIN,Randy Vásquez,681190,,,,,4.61,14.0,2.76,4.61,3.99,2.0,1.12,3.08,6.08,-0.02,3.6538461538461537,4.328501777882078,1.890295358649789,2.3178432489536314,4.525423728813561,4.95854632570307,1.1428571428571428,1.082681419219278,3.075,,,,,,,,,,,,,,,,,,,,,,,,,,,,,,,,,,,,,,,2026-08-21
pitcher,MIN,SD,Connor Prielipp,687570,,,,,5.13,15.0,2.56,4.77,4.95,1.96,0.56,2.28,4.02,0.097,4.676567656765677,5.229563729742055,1.890295358649789,2.18628244223244,4.666666666666667,5.203532794732478,0.5409836065573771,0.6063050264504087,2.28,,,,,,,,,,,,,,,,,,,,,,,,,,,,,,,,,,,,,,,2026-08-21
pitcher,LAD,PIT,Yoshinobu Yamamoto,808967,,,,,5.59,17.0,2.4,5.04,6.44,1.7,0.53,2.21,3.11,0.138,6.649122807017544,6.22165190063958,1.610062893081761,1.9620818244247349,4.879746835443039,5.670126378665604,0.5409836065573771,0.5140159409027215,2.212,,,,,,,,,,,,,,,,,,,,,,,,,,,,,,,,,,,,,,,2026-08-21
pitcher,PIT,LAD,Bubba Chandler,696149,,,,,4.79,14.0,2.45,4.93,4.78,1.85,0.4,2.21,3.91,0.081,4.676567656765677,4.882964964028157,1.890295358649789,1.7468702410277968,4.879746835443039,5.152155509786922,0.38095238095238093,0.44045373111342334,2.212,,,,,,,,,,,,,,,,,,,,,,,,,,,,,,,,,,,,,,,2026-08-21
pitcher,SEA,CHC,Emerson Hancock,676106,,,,,4.79,14.0,2.63,5.29,3.75,1.65,0.82,2.28,4.93,0.073,3.8412698412698414,3.6609009771017487,1.610062893081761,1.7704833159728637,5.093457943925234,6.094132954135056,0.7948717948717948,0.8726985188581348,2.28,,,,,,,,,,,,,,,,,,,,,,,,,,,,,,,,,,,,,,,2026-08-21
pitcher,CHC,SEA,Matthew Boyd,571510,,,,,4.79,14.0,2.37,4.93,4.52,1.43,0.61,2.28,4.01,0.073,4.5344827586206895,4.497510524090055,1.3455882352941178,1.6812829944533958,4.879746835443039,5.152155509786922,0.547945205479452,0.7592911695295503,2.28,,,,,,,,,,,,,,,,,,,,,,,,,,,,,,,,,,,,,,,2026-08-21
hitter,MIL,ATL,Jackson Chourio,694192,1.0,LF,Confirmed,4.7,,,,,1.6,0.17,,,,,1.5738203431279172,1.6333357779818263,0.17390016445069606,0.16409864664919457,1.0980834272829765,1.1176458096674626,0.05360009893193537,0.029550629183755936,,,1.11,0.66,0.54,2.34,0.04,1.4,0.21,0.01,0.0,0.343,1.3148148148148149,1.4743173386401878,0.212,,0.014,,0.0,,False,96.0,99.0,96.0,88.0,93.0,91.0,91.0,92.0,94.0,high,high,high,high,high,high,high,high,high,2026-08-21
hitter,MIL,ATL,Brice Turang,668930,2.0,2B,Confirmed,4.61,,,,,1.68,0.27,,,,,1.615049019365839,1.7520163751234796,0.24175576371494495,0.303661592638419,0.8770949720670391,0.9439460781153335,0.045863324749936006,0.05056313437924326,,,0.91,0.67,0.52,2.3,0.05,1.29,0.17,0.01,0.0,0.363,1.239368165249089,1.3403650918010717,0.167,,0.01,,0.0,,False,96.0,99.0,96.0,88.0,93.0,91.0,91.0,92.0,94.0,high,high,high,high,high,high,high,high,high,2026-08-21
hitter,MIL,ATL,William Contreras,661388,3.0,C,Confirmed,4.68,,,,,1.18,0.24,,,,,1.078321514925561,1.2769339320409532,0.2147461470765895,0.26552623314556495,1.0980834272829765,1.1281086205313933,0.057145786571085884,0.0676945528963636,,,1.11,0.71,0.66,2.47,0.06,1.48,0.2,0.01,0.0,0.37,1.3893129770992367,1.5519777715228442,0.196,,0.007,,0.0,,False,96.0,99.0,96.0,88.0,93.0,91.0,91.0,92.0,94.0,high,high,high,high,high,high,high,high,high,2026-08-21
hitter,MIL,ATL,Andrew Vaughn,683734,4.0,1B,Confirmed,2.9,,,,,0.44,0.07,,,,,0.438224528665177,0.44844890989865,0.08851477805419901,0.04690459135991676,0.4125159642401022,0.5020238744755194,0.08811009212424575,0.07264829017475803,,,0.46,0.4,0.37,1.42,0.08,0.82,0.12,0.01,0.0,0.337,0.8408408408408409,0.7965308347167116,0.116,,0.008,,0.0,,False,96.0,99.0,96.0,88.0,93.0,91.0,91.0,92.0,94.0,high,high,high,high,high,high,high,high,high,2026-08-21
hitter,MIL,ATL,Jake Bauers,641343,5.0,1B,Confirmed,4.25,,,,,1.67,0.22,,,,,1.6045458723871175,1.7259166369241372,0.2105423790875939,0.23492728019041972,0.801980198019802,0.8330625627459848,0.04955393317351645,0.07826490414928704,,,0.82,0.68,0.65,2.32,0.06,1.14,0.12,0.01,0.0,0.381,1.1521739130434783,1.1282730078914058,0.122,,0.007,,0.0,,False,96.0,99.0,96.0,88.0,93.0,91.0,91.0,92.0,94.0,high,high,high,high,high,high,high,high,high,2026-08-21
hitter,MIL,ATL,Gary Sánchez,596142,6.0,DH,Confirmed,3.81,,,,,0.74,0.15,,,,,0.660964526074075,0.821805539688552,0.1577560081494488,0.13535479069036183,0.7061469265367316,0.7088988024168003,0.15480152655129698,0.11333850535847823,,,0.71,0.5,0.53,1.91,0.13,1.17,0.13,0.01,0.0,0.367,1.239368165249089,1.1185857342868653,0.135,,0.008,,0.0,,False,96.0,99.0,96.0,88.0,93.0,91.0,91.0,92.0,94.0,high,high,high,high,high,high,high,high,high,2026-08-21
hitter,MIL,ATL,Joey Ortiz,687401,7.0,3B,Confirmed,3.19,,,,,0.76,0.11,,,,,0.6949911804007943,0.8260372883247586,0.11262249242139065,0.11387744215196943,0.707983193277311,0.6593137097349916,0.026141041439088797,0.019171223656434092,,,0.68,0.41,0.37,1.65,0.02,0.85,0.13,0.01,0.0,0.355,0.8408408408408409,0.8545823088999974,0.132,,0.008,,0.0,,False,96.0,99.0,96.0,88.0,93.0,91.0,91.0,92.0,94.0,high,high,high,high,high,high,high,high,high,2026-08-21
hitter,MIL,ATL,Cooper Pratt,806198,8.0,SS,Confirmed,3.49,,,,,0.96,0.15,,,,,0.8915022230567233,1.0300242278180183,0.15647387134916121,0.14424379804309292,0.7061469265367316,0.6496998540199302,0.02819637719057822,0.023462711169557428,,,0.68,0.4,0.34,1.54,0.03,0.83,0.17,0.01,0.0,0.333,0.8408408408408409,0.8168048321395459,0.166,,0.007,,0.0,,False,96.0,99.0,96.0,88.0,93.0,91.0,91.0,92.0,94.0,high,high,high,high,high,high,high,high,high,2026-08-21
hitter,MIL,ATL,Luis Lara,800325,9.0,RF,Confirmed,2.26,,,,,0.73,0.12,,,,,0.6950834090377682,0.762104311889097,0.13573115530310637,0.10187259678999397,0.35424354243542433,0.313869327243473,0.04090868154063802,0.0327970601061817,,,0.33,0.19,0.16,0.77,0.04,0.45,0.09,0.01,0.0,0.251,0.4591194968553459,0.4441103319764669,0.086,,0.007,,0.0,,False,96.0,99.0,96.0,88.0,93.0,91.0,91.0,92.0,94.0,high,high,high,high,high,high,high,high,high,2026-08-21
hitter,ATL,MIL,Ronald Acuña Jr.,660670,1.0,RF,Confirmed,4.25,,,,,1.04,0.8,,,,,1.107178985832288,0.9648531041527438,0.8783329467921153,0.718515781749499,1.0980834272829765,1.0151537029681732,0.38005249685606796,0.4267342572070914,,,1.05,0.58,0.5,1.95,0.4,2.54,0.14,0.01,0.0,0.322,2.552380952380952,2.5268035179459227,0.136,,0.007,,0.0,,False,96.0,99.0,96.0,88.0,93.0,91.0,91.0,92.0,94.0,high,high,high,high,high,high,high,high,high,2026-08-21
hitter,ATL,MIL,Drake Baldwin,686948,2.0,C,Confirmed,4.14,,,,,0.94,0.25,,,,,0.944814564553237,0.9300345745148092,0.2698037351392626,0.22603971106884527,1.0980834272829765,0.9626359486690855,0.14515320694387165,0.14821127112488514,,,1.02,0.51,0.44,1.83,0.15,1.72,0.14,0.01,0.0,0.291,1.914285714285714,1.564781694395096,0.142,,0.008,,0.0,,False,96.0,99.0,96.0,88.0,93.0,91.0,91.0,92.0,94.0,high,high,high,high,high,high,high,high,high,2026-08-21
hitter,ATL,MIL,Matt Olson,621566,3.0,1B,Confirmed,4.25,,,,,1.26,0.34,,,,,1.3181298085271507,1.198639407848719,0.3488377935391379,0.3389450181280508,0.994208494208494,0.9219760428214183,0.19187586675171217,0.19521447913061035,,,0.95,0.55,0.53,1.95,0.19,1.79,0.13,0.01,0.0,0.305,1.914285714285714,1.6850398867568561,0.127,,0.008,,0.0,,False,96.0,99.0,96.0,88.0,93.0,91.0,91.0,92.0,94.0,high,high,high,high,high,high,high,high,high,2026-08-21
hitter,ATL,MIL,Michael Harris II,671739,4.0,CF,Confirmed,4.18,,,,,0.95,0.14,,,,,0.980567982706687,0.9195281795336108,0.14203306902098528,0.14175114336863365,1.0980834272829765,1.1038360872437496,0.15997071153081496,0.16908660694867347,,,1.1,0.54,0.55,1.97,0.16,1.85,0.15,0.01,0.0,0.296,1.914285714285714,1.7942637694500483,0.146,,0.008,,0.0,,False,96.0,99.0,96.0,88.0,93.0,91.0,91.0,92.0,94.0,high,high,high,high,high,high,high,high,high,2026-08-21
hitter,ATL,MIL,Ozzie Albies,645277,5.0,2B,Confirmed,4.18,,,,,0.61,0.26,,,,,0.6164268539145498,0.5994575002168373,0.2702995115782002,0.25080846120969486,1.0980834272829765,1.0661195810187238,0.1259456916079782,0.1306356230841117,,,1.08,0.54,0.52,2.05,0.13,1.62,0.16,0.01,0.0,0.305,1.684375,1.5724260852698386,0.156,,0.012,,0.0,,False,96.0,99.0,96.0,88.0,93.0,91.0,91.0,92.0,94.0,high,high,high,high,high,high,high,high,high,2026-08-21
hitter,ATL,MIL,Mauricio Dubón,643289,6.0,SS,Confirmed,4.03,,,,,0.52,0.2,,,,,0.48904723649774606,0.5543417316271556,0.19433948491993921,0.2000051280889005,1.0980834272829765,0.9750179154071422,0.06735840381101443,0.08772512751820273,,,1.03,0.43,0.47,1.89,0.08,1.41,0.17,0.01,0.0,0.291,1.4759615384615385,1.3577580642638023,0.167,,0.008,,0.0,,False,96.0,99.0,96.0,88.0,93.0,91.0,91.0,92.0,94.0,high,high,high,high,high,high,high,high,high,2026-08-21
hitter,ATL,MIL,Dominic Smith,642086,7.0,DH,Confirmed,3.02,,,,,0.68,0.16,,,,,0.7182397791275023,0.6433702444388771,0.1775838278390975,0.13444716188142444,0.7061469265367316,0.5931928373489159,0.07626979716858279,0.06235632487407502,,,0.64,0.26,0.25,1.04,0.07,0.93,0.11,0.01,0.0,0.234,1.001763668430335,0.8791311871391272,0.108,,0.008,,0.0,,False,96.0,99.0,96.0,88.0,93.0,91.0,91.0,92.0,94.0,high,high,high,high,high,high,high,high,high,2026-08-21
hitter,ATL,MIL,Austin Riley,663586,8.0,3B,Confirmed,4.04,,,,,1.27,0.24,,,,,1.2655436167945615,1.281974182761484,0.22989358462897463,0.25581274314853086,1.0,0.912349202806073,0.18371060243703702,0.18764691622381496,,,0.95,0.52,0.55,1.94,0.19,1.82,0.13,0.01,0.0,0.338,1.914285714285714,1.73512427711865,0.133,,0.007,,0.0,,False,96.0,99.0,96.0,88.0,93.0,91.0,91.0,92.0,94.0,high,high,high,high,high,high,high,high,high,2026-08-21
hitter,ATL,MIL,Mike Yastrzemski,573262,9.0,LF,Confirmed,3.74,,,,,0.95,0.28,,,,,0.9151236717583694,0.9817287757602325,0.2559181682779085,0.31037320355232517,0.801980198019802,0.7579516822942604,0.1473808265394887,0.11514190816900999,,,0.78,0.37,0.37,1.44,0.13,1.3,0.12,0.01,0.0,0.269,1.3148148148148149,1.2899714444195276,0.118,,0.007,,0.0,,False,96.0,99.0,96.0,88.0,93.0,91.0,91.0,92.0,94.0,high,high,high,high,high,high,high,high,high,2026-08-21
hitter,PHI,STL,Kyle Schwarber,656941,1.0,DH,Confirmed,4.74,,,,,1.58,1.13,,,,,1.5956413974323647,1.5620073355052773,1.2382310837847281,1.0214915957503437,1.0,1.0331665972082111,0.14340893289028558,0.17085092644462502,,,1.02,1.08,0.99,3.56,0.16,1.71,0.19,0.01,0.0,0.526,1.684375,1.725667941866348,0.187,,0.009,,0.0,,False,96.0,99.0,96.0,88.0,93.0,91.0,91.0,92.0,94.0,high,high,high,high,high,high,high,high,high,2026-08-21
hitter,PHI,STL,Trea Turner,607208,2.0,SS,Confirmed,4.61,,,,,1.04,0.55,,,,,1.060764051498981,1.0252800522057508,0.5569600212051042,0.538968654227041,1.0980834272829765,1.1152314363451497,0.05251965257401024,0.044955227368093285,,,1.11,0.77,0.66,2.92,0.05,1.61,0.23,0.01,0.0,0.391,1.684375,1.5513404705818368,0.225,,0.014,,0.0,,False,96.0,99.0,96.0,88.0,93.0,91.0,91.0,92.0,94.0,high,high,high,high,high,high,high,high,high,2026-08-21
hitter,PHI,STL,Bryce Harper,547180,3.0,RF,Confirmed,4.64,,,,,1.22,0.9,,,,,1.2151394289330095,1.2216022694633741,0.9517215765405199,0.8508984273287123,1.0,1.035517615726485,0.06809100050478165,0.04277657930007281,,,1.02,0.84,0.82,3.15,0.06,1.41,0.21,0.01,0.0,0.427,1.3893129770992367,1.4340904985827676,0.213,,0.008,,0.0,,False,96.0,99.0,96.0,88.0,93.0,91.0,91.0,92.0,94.0,high,high,high,high,high,high,high,high,high,2026-08-21
hitter,PHI,STL,Luis Arraez,650333,4.0,2B,Confirmed,4.51,,,,,0.53,0.45,,,,,0.37295715324718637,0.6799366154935367,0.3879167686534454,0.5042611628074519,1.0980834272829765,1.0678766675107383,0.028904977336293353,0.02733684985904615,,,1.08,0.74,0.68,3.03,0.03,1.34,0.17,0.01,0.0,0.383,1.3148148148148149,1.3666147463665945,0.173,,0.015,,0.0,,False,96.0,99.0,96.0,88.0,93.0,91.0,91.0,92.0,94.0,high,high,high,high,high,high,high,high,high,2026-08-21
hitter,PHI,STL,Alec Bohm,664761,5.0,1B,Confirmed,4.61,,,,,0.8,0.57,,,,,0.7744679546891727,0.8213305039631216,0.537997242065684,0.5973705973353358,1.0980834272829765,1.1659042779540505,0.051088018218862545,0.058441549028744134,,,1.14,0.79,0.77,3.06,0.05,1.57,0.22,0.01,0.0,0.4,1.5956790123456794,1.540236803028526,0.217,,0.01,,0.0,,False,96.0,99.0,96.0,88.0,93.0,91.0,91.0,92.0,94.0,high,high,high,high,high,high,high,high,high,2026-08-21
hitter,PHI,STL,Bryson Stott,681082,6.0,3B,Confirmed,4.26,,,,,0.84,0.62,,,,,0.802025846027142,0.8837112905818773,0.6404170070950206,0.607248815638741,0.994208494208494,0.9097616900204226,0.03552339336600088,0.0412457496877983,,,0.95,0.5,0.54,2.15,0.04,1.24,0.18,0.01,0.0,0.324,1.239368165249089,1.2360891083269614,0.18,,0.01,,0.0,,False,96.0,99.0,96.0,88.0,93.0,91.0,91.0,92.0,94.0,high,high,high,high,high,high,high,high,high,2026-08-21
hitter,PHI,STL,Brandon Marsh,669016,7.0,LF,Confirmed,4.45,,,,,1.31,0.61,,,,,1.2743199999465522,1.351149090200163,0.6217843727361694,0.6074412525413596,0.8949771689497716,0.8909232583821454,0.06036874326467908,0.04012626678877903,,,0.89,0.55,0.54,2.23,0.05,1.26,0.19,0.01,0.0,0.336,1.239368165249089,1.2833620977702056,0.194,,0.01,,0.0,,False,96.0,99.0,96.0,88.0,93.0,91.0,91.0,92.0,94.0,high,high,high,high,high,high,high,high,high,2026-08-21
hitter,PHI,STL,J.T. Realmuto,592663,8.0,C,Confirmed,3.48,,,,,0.98,0.42,,,,,0.9427332949195554,1.0186726369657169,0.4310744564696364,0.412116820104589,0.707983193277311,0.6637943281747062,0.04534951981942643,0.039828576745929274,,,0.68,0.49,0.49,1.97,0.04,1.01,0.15,0.01,0.0,0.372,1.1238670694864048,0.9234693672398867,0.147,,0.009,,0.0,,False,96.0,99.0,96.0,88.0,93.0,91.0,91.0,92.0,94.0,high,high,high,high,high,high,high,high,high,2026-08-21
hitter,PHI,STL,Justin Crawford,702222,9.0,CF,Confirmed,3.48,,,,,0.88,0.31,,,,,0.8545855688391405,0.9049353419371516,0.3129513561299406,0.31297263439803186,0.7061469265367316,0.6690174981833211,0.019037275872973356,0.003249140247235155,,,0.69,0.4,0.37,1.76,0.01,0.89,0.17,0.01,0.0,0.313,0.9875776397515532,0.8156509160662652,0.17,,0.01,,0.0,,False,96.0,99.0,96.0,88.0,93.0,91.0,91.0,92.0,94.0,high,high,high,high,high,high,high,high,high,2026-08-21
hitter,STL,PHI,JJ Wetherholt,802139,1.0,2B,Confirmed,4.25,,,,,0.43,0.38,,,,,0.4734475845500544,0.3912422118132271,0.39911987973751384,0.3614764975394971,0.994208494208494,0.8338781520249147,0.029302721321989945,0.02457743407823778,,,0.91,0.36,0.28,1.44,0.03,1.17,0.16,0.01,0.0,0.212,1.239368165249089,1.1105277405831238,0.156,,0.008,,0.0,,False,96.0,99.0,96.0,88.0,93.0,91.0,91.0,92.0,94.0,high,high,high,high,high,high,high,high,high,2026-08-21
hitter,STL,PHI,Iván Herrera,671056,2.0,DH,Confirmed,4.18,,,,,0.48,0.37,,,,,0.48927682423342045,0.473618932617971,0.3687627198292768,0.3741377607119133,0.994208494208494,0.8679463281568534,0.035719582592183274,0.029995849993231738,,,0.92,0.36,0.28,1.4,0.03,1.23,0.14,0.01,0.0,0.212,1.239368165249089,1.2162298738515807,0.143,,0.007,,0.0,,False,96.0,99.0,96.0,88.0,93.0,91.0,91.0,92.0,94.0,high,high,high,high,high,high,high,high,high,2026-08-21
hitter,STL,PHI,Jordan Walker,691023,3.0,RF,Confirmed,4.18,,,,,0.74,0.36,,,,,0.6823728048614944,0.8068358180170905,0.3613246897925838,0.36267611190842153,0.8949771689497716,0.8596684043923728,0.04164995723734786,0.03593102946380043,,,0.88,0.33,0.29,1.33,0.04,1.2,0.16,0.01,0.0,0.199,1.239368165249089,1.173433349932023,0.161,,0.008,,0.0,,False,96.0,99.0,96.0,88.0,93.0,91.0,91.0,92.0,94.0,high,high,high,high,high,high,high,high,high,2026-08-21
hitter,STL,PHI,Joshua Báez,695491,4.0,LF,Confirmed,2.26,,,,,0.53,0.22,,,,,0.5332791513659405,0.5294395824449858,0.2518187920920769,0.18055583914059478,0.3344051446945337,0.21806418509073247,0.025218650399458673,0.016720391356792187,,,0.27,0.16,0.14,0.63,0.02,0.4,0.09,0.01,0.0,0.178,0.44025157232704404,0.3747091044261369,0.089,,0.007,,0.0,,False,96.0,99.0,96.0,88.0,93.0,91.0,91.0,92.0,94.0,high,high,high,high,high,high,high,high,high,2026-08-21
hitter,STL,PHI,Blaze Jordan,691458,5.0,3B,Confirmed,2.55,,,,,0.33,0.14,,,,,0.3441407186885693,0.31311571651234904,0.15651081247787144,0.1142832246861662,0.5290322580645161,0.4220087354658532,0.020795872933516528,0.013363768734928439,,,0.47,0.19,0.17,0.77,0.02,0.61,0.1,0.01,0.0,0.188,0.6720588235294118,0.5680688242598715,0.098,,0.01,,0.0,,False,96.0,99.0,96.0,88.0,93.0,91.0,91.0,92.0,94.0,high,high,high,high,high,high,high,high,high,2026-08-21
hitter,STL,PHI,José Fermín,665877,6.0,CF,Confirmed,3.58,,,,,0.33,0.26,,,,,0.3455750866335241,0.31286465026944205,0.26334130412246803,0.2550603366976345,0.707983193277311,0.6731278799186843,0.02762700575593454,0.03264489309217995,,,0.69,0.28,0.28,1.27,0.03,0.94,0.12,0.01,0.0,0.218,1.001763668430335,0.8860964890225684,0.122,,0.007,,0.0,,False,96.0,99.0,96.0,88.0,93.0,91.0,91.0,92.0,94.0,high,high,high,high,high,high,high,high,high,2026-08-21
hitter,STL,PHI,Everson Pereira,677592,7.0,CF,Confirmed,3.54,,,,,1.35,0.21,,,,,1.3508328264004508,1.3435483467211065,0.21848455986690415,0.19447402493181598,0.994208494208494,0.8122465334859356,0.09160194209808364,0.09727132323358263,,,0.89,0.26,0.23,1.13,0.09,1.45,0.17,0.01,0.0,0.21,1.5956790123456794,1.3276400778404804,0.167,,0.008,,0.0,,False,96.0,99.0,96.0,88.0,93.0,91.0,91.0,92.0,94.0,high,high,high,high,high,high,high,high,high,2026-08-21
hitter,STL,PHI,Bryan Torres,663494,8.0,LF,Confirmed,2.9,,,,,0.39,0.18,,,,,0.3841127876820495,0.39115976928042595,0.21055689062261715,0.15837532220181869,0.7061469265367316,0.5118069226682123,0.027637259444285033,0.008587238064744488,,,0.6,0.2,0.18,0.85,0.02,0.73,0.1,0.01,0.0,0.193,0.8408408408408409,0.6476603465423736,0.103,,0.009,,0.0,,False,96.0,99.0,96.0,88.0,93.0,91.0,91.0,92.0,94.0,high,high,high,high,high,high,high,high,high,2026-08-21
hitter,STL,PHI,Pedro Pagés,686780,9.0,C,Confirmed,3.48,,,,,0.62,0.22,,,,,0.5733416717067626,0.6636966978035724,0.216988797376087,0.22673066949118342,0.801980198019802,0.7237047954341003,0.031561695390422695,0.04576986826696246,,,0.76,0.28,0.25,1.24,0.04,1.07,0.12,0.01,0.0,0.222,1.1521739130434783,1.004179612657501,0.122,,0.007,,0.0,,False,96.0,99.0,96.0,88.0,93.0,91.0,91.0,92.0,94.0,high,high,high,high,high,high,high,high,high,2026-08-21
hitter,NYY,TOR,Paul Goldschmidt,502671,1.0,1B,Confirmed,3.54,,,,,1.22,0.26,,,,,1.1992886713501707,1.2352761845489015,0.26815880996339436,0.253928319827448,0.4803149606299212,0.4852512207034551,0.1340295363992495,0.12269904496228708,,,0.48,0.41,0.31,1.43,0.13,1.06,0.13,0.01,0.0,0.296,1.1238670694864048,1.0099955524567368,0.134,,0.007,,0.0,,False,96.0,99.0,96.0,88.0,93.0,91.0,91.0,92.0,94.0,high,high,high,high,high,high,high,high,high,2026-08-21
hitter,NYY,TOR,Amed Rosario,642708,2.0,3B,Confirmed,3.09,,,,,0.95,0.1,,,,,0.957615112279815,0.9338843093460599,0.11366826486825729,0.08297400124305375,0.35424354243542433,0.37772417137800524,0.027431602214892485,0.034204959849012125,,,0.37,0.37,0.28,1.29,0.03,0.59,0.11,0.01,0.0,0.294,0.6289308176100628,0.5650544935783771,0.112,,0.007,,0.0,,False,96.0,99.0,96.0,88.0,93.0,91.0,91.0,92.0,94.0,high,high,high,high,high,high,high,high,high,2026-08-21
hitter,NYY,TOR,Heliot Ramos,671218,3.0,LF,Confirmed,4.45,,,,,1.32,0.6,,,,,1.2737402226787475,1.3610302151973948,0.5992759516844611,0.59729521664585,0.8949771689497716,0.9570638845632939,0.05423640775692142,0.05580100202019943,,,0.93,0.57,0.48,2.05,0.06,1.28,0.19,0.01,0.0,0.326,1.3148148148148149,1.2495482644067892,0.19,,0.009,,0.0,,False,96.0,99.0,96.0,88.0,93.0,91.0,91.0,92.0,94.0,high,high,high,high,high,high,high,high,high,2026-08-21
hitter,NYY,TOR,Ben Rice,700250,4.0,DH,Confirmed,4.18,,,,,1.59,0.44,,,,,1.577745995077189,1.6027211474723562,0.4435888451646882,0.4317553533972375,0.5290322580645161,0.5321802659937315,0.21576333385923085,0.20683074448741137,,,0.53,0.44,0.35,1.51,0.21,1.23,0.16,0.01,0.0,0.28,1.239368165249089,1.2252164242770835,0.156,,0.011,,0.0,,False,96.0,99.0,96.0,88.0,93.0,91.0,91.0,92.0,94.0,high,high,high,high,high,high,high,high,high,2026-08-21
hitter,NYY,TOR,George Lombard Jr.,806146,5.0,SS,Confirmed,1.84,,,,,0.69,0.15,,,,,0.6832488182261729,0.6932617459439738,0.18332411130114082,0.11860493332155743,0.2543859649122807,0.14600856619076844,0.01669330525891556,0.011706542117552524,,,0.19,0.18,0.14,0.66,0.01,0.27,0.07,0.01,0.0,0.26,0.28125,0.25871905229873526,0.069,,0.007,,0.0,,False,96.0,99.0,96.0,88.0,93.0,91.0,91.0,92.0,94.0,high,high,high,high,high,high,high,high,high,2026-08-21
hitter,NYY,TOR,Trent Grisham,663757,6.0,CF,Confirmed,3.96,,,,,1.59,0.64,,,,,1.616781242010725,1.5680828858001352,0.6631051592478482,0.6212191304446018,0.5290322580645161,0.4641245181944334,0.25938560717049813,0.2356577963756838,,,0.49,0.44,0.36,1.5,0.25,1.2,0.14,0.01,0.0,0.343,1.239368165249089,1.17378024949089,0.14,,0.007,,0.0,,False,96.0,99.0,96.0,88.0,93.0,91.0,91.0,92.0,94.0,high,high,high,high,high,high,high,high,high,2026-08-21
hitter,NYY,TOR,Spencer Jones,682987,7.0,LF,Confirmed,3.02,,,,,1.25,0.15,,,,,1.2607855585512246,1.2397139865688498,0.1719247559898921,0.13379745522442638,0.2543859649122807,0.2287025527048346,0.027244055525253812,0.008717356982279665,,,0.24,0.25,0.2,0.94,0.02,0.37,0.12,0.01,0.0,0.255,0.44025157232704404,0.30546474728581835,0.116,,0.009,,0.0,,False,96.0,99.0,96.0,88.0,93.0,91.0,91.0,92.0,94.0,high,high,high,high,high,high,high,high,high,2026-08-21
hitter,NYY,TOR,José Caballero,676609,8.0,3B,Confirmed,3.19,,,,,1.29,0.28,,,,,1.2820877712323926,1.2920647122696118,0.30065493481186045,0.26205148421082125,0.4125159642401022,0.3476223387669156,0.07726184897552907,0.06776433080666551,,,0.38,0.25,0.19,0.92,0.07,0.67,0.12,0.01,0.0,0.244,0.6720588235294118,0.6620753438986615,0.121,,0.007,,0.0,,False,96.0,99.0,96.0,88.0,93.0,91.0,91.0,92.0,94.0,high,high,high,high,high,high,high,high,high,2026-08-21
hitter,NYY,TOR,Ali Sánchez,645305,9.0,C,Confirmed,2.55,,,,,0.8,0.24,,,,,0.785304343473891,0.8164744169566313,0.2795211947107705,0.1910906338493187,0.35424354243542433,0.3003140950977137,0.10391754672750678,0.09550374119044779,,,0.32,0.2,0.16,0.77,0.1,0.68,0.1,0.01,0.0,0.237,0.7899761336515513,0.5963520069343037,0.102,,0.007,,0.0,,False,96.0,99.0,96.0,88.0,93.0,91.0,91.0,92.0,94.0,high,high,high,high,high,high,high,high,high,2026-08-21
hitter,TOR,NYY,Brett Bateman,703520,1.0,CF,Confirmed,3.33,,,,,0.82,0.06,,,,,0.819,,0.063,,0.413,,0.019,,,,0.41,0.19,0.15,0.75,0.02,0.63,0.09,0.01,0.0,0.14,0.629,,0.089,,0.007,,0.0,,True,40.0,44.0,40.0,32.0,37.0,35.0,35.0,36.0,38.0,low,low,low,low,low,low,low,low,low,2026-08-21
hitter,TOR,NYY,Nathan Lukes,664770,2.0,RF,Confirmed,3.48,,,,,0.43,0.19,,,,,0.42555797588192457,0.42712630319211486,0.19184937321082657,0.1927456403272014,0.4125159642401022,0.4577545684122238,0.0692591916487594,0.05099121351811137,,,0.44,0.22,0.17,0.88,0.06,0.7,0.14,0.01,0.0,0.16,0.6720588235294118,0.7240283854197772,0.136,,0.007,,0.0,,False,96.0,99.0,96.0,88.0,93.0,91.0,91.0,92.0,94.0,high,high,high,high,high,high,high,high,high,2026-08-21
hitter,TOR,NYY,Alejandro Kirk,672386,3.0,C,Confirmed,3.49,,,,,0.43,0.24,,,,,0.4559017369807119,0.4112942276808396,0.23981311658980192,0.23713655280604237,0.4125159642401022,0.45518692680178274,0.09023937178736072,0.09245176788251996,,,0.44,0.24,0.21,0.98,0.09,0.8,0.1,0.01,0.0,0.168,0.7899761336515513,0.8029697451673139,0.105,,0.006,,0.0,,False,96.0,99.0,96.0,88.0,93.0,91.0,91.0,92.0,94.0,high,high,high,high,high,high,high,high,high,2026-08-21
hitter,TOR,NYY,Jesús Sánchez,660821,4.0,DH,Confirmed,3.1,,,,,1.04,0.12,,,,,1.0091749192499342,1.0698085740634355,0.11618655338649972,0.12110857400483427,0.5846774193548387,0.5091233911691789,0.0242200114348168,0.021807830844282162,,,0.54,0.19,0.17,0.77,0.02,0.73,0.09,0.01,0.0,0.153,0.7899761336515513,0.6865863470498328,0.093,,0.007,,0.0,,False,96.0,99.0,96.0,88.0,93.0,91.0,91.0,92.0,94.0,high,high,high,high,high,high,high,high,high,2026-08-21
hitter,TOR,NYY,Ernie Clement,676391,5.0,SS,Confirmed,3.33,,,,,0.33,0.15,,,,,0.33508923649139966,0.32882192538467697,0.13335208774384183,0.16401448334376284,0.4125159642401022,0.4041789640594139,0.05945241559265097,0.053917806467487894,,,0.41,0.23,0.21,0.97,0.06,0.73,0.13,0.01,0.0,0.173,0.6720588235294118,0.7686028448932909,0.133,,0.007,,0.0,,False,96.0,99.0,96.0,88.0,93.0,91.0,91.0,92.0,94.0,high,high,high,high,high,high,high,high,high,2026-08-21
hitter,TOR,NYY,Kazuma Okamoto,672960,6.0,3B,Confirmed,3.49,,,,,0.9,0.23,,,,,0.9018954954514103,0.907309285767915,0.22618682935573403,0.24283384859458643,0.4125159642401022,0.4013625681993301,0.13424556334644364,0.14784797316463577,,,0.41,0.17,0.17,0.76,0.14,0.96,0.1,0.01,0.0,0.14,0.9875776397515532,0.940118568394764,0.102,,0.007,,0.0,,False,96.0,99.0,96.0,88.0,93.0,91.0,91.0,92.0,94.0,high,high,high,high,high,high,high,high,high,2026-08-21
hitter,TOR,NYY,Brandon Valenzuela,678218,7.0,1B,Confirmed,2.77,,,,,0.74,0.25,,,,,0.714907678440683,0.7562791541064655,0.28331841895539833,0.22654673137097334,0.2543859649122807,0.2070875127534549,0.019021441996806516,0.015184471885403726,,,0.23,0.14,0.12,0.59,0.02,0.34,0.08,0.01,0.0,0.141,0.3888888888888889,0.29946173774530377,0.075,,0.006,,0.0,,False,96.0,99.0,96.0,88.0,93.0,91.0,91.0,92.0,94.0,high,high,high,high,high,high,high,high,high,2026-08-21
hitter,TOR,NYY,Charles McAdoo,807727,8.0,2B,Confirmed,2.77,,,,,0.62,0.08,,,,,0.6074407505859852,0.641988345680293,0.0977548581632186,0.07021345737026796,0.4125159642401022,0.40781415840562607,0.0959445995704743,0.07020270712363066,,,0.41,0.15,0.13,0.63,0.08,0.75,0.09,0.01,0.0,0.153,0.8408408408408409,0.6764628725664126,0.09,,0.006,,0.0,,False,96.0,99.0,96.0,88.0,93.0,91.0,91.0,92.0,94.0,high,high,high,high,high,high,high,high,high,2026-08-21
hitter,TOR,NYY,Myles Straw,664702,9.0,RF,Confirmed,1.92,,,,,0.4,0.1,,,,,0.4211762904554749,0.37998909111357393,0.12406775186827573,0.08236148576641592,0.2543859649122807,0.13685422724254315,0.038753073137503806,0.029512674183618116,,,0.19,0.13,0.12,0.59,0.03,0.38,0.06,0.01,0.0,0.197,0.44025157232704404,0.33813343367609106,0.065,,0.007,,0.0,,False,96.0,99.0,96.0,88.0,93.0,91.0,91.0,92.0,94.0,high,high,high,high,high,high,high,high,high,2026-08-21
hitter,BOS,SF,Nick Sogard,686765,1.0,2B,Confirmed,3.33,,,,,0.74,0.23,,,,,0.6677308581269228,0.8057242350369894,0.22159348699344747,0.23212364461202745,0.5290322580645161,0.5387735913354114,0.017519959569657295,0.008159939371223671,,,0.53,0.43,0.32,1.63,0.01,0.69,0.19,0.01,0.0,0.327,0.6720588235294118,0.7000508644731297,0.193,,0.01,,0.0,,False,96.0,99.0,96.0,88.0,93.0,91.0,91.0,92.0,94.0,high,high,high,high,high,high,high,high,high,2026-08-21
hitter,BOS,SF,Ceddanne Rafaela,678882,2.0,CF,Confirmed,4.74,,,,,1.01,0.2,,,,,0.8913416957181775,1.13343239852542,0.18720554954516308,0.20895511632282898,1.0980834272829765,1.1890417270500975,0.18967524555180362,0.2013540527107367,,,1.15,0.79,0.63,3.03,0.2,2.01,0.28,0.01,0.0,0.402,1.914285714285714,2.085191745801661,0.283,,0.011,,0.0,,False,96.0,99.0,96.0,88.0,93.0,91.0,91.0,92.0,94.0,high,high,high,high,high,high,high,high,high,2026-08-21
hitter,BOS,SF,Wilyer Abreu,677800,3.0,RF,Confirmed,4.26,,,,,1.22,0.31,,,,,1.1403655534347468,1.3009370958906903,0.3103041636771131,0.31658537624000793,0.8694581280788177,0.9147256982268185,0.25131693240117703,0.27807023522232777,,,0.89,0.79,0.71,3.0,0.26,1.92,0.21,0.01,0.0,0.448,1.914285714285714,1.9181401906508775,0.207,,0.01,,0.0,,False,96.0,99.0,96.0,88.0,93.0,91.0,91.0,92.0,94.0,high,high,high,high,high,high,high,high,high,2026-08-21
hitter,BOS,SF,Willson Contreras,575929,4.0,1B,Confirmed,4.57,,,,,1.42,0.31,,,,,1.3875710534339083,1.4498119175141584,0.3051905401032584,0.3053536398822678,0.994208494208494,1.0743277910689153,0.35287845244935173,0.35568268695726474,,,1.04,0.94,0.9,3.45,0.35,2.42,0.3,0.01,0.0,0.49,2.456692913385827,2.391219175269341,0.297,,0.009,,0.0,,False,96.0,99.0,96.0,88.0,93.0,91.0,91.0,92.0,94.0,high,high,high,high,high,high,high,high,high,2026-08-21
hitter,BOS,SF,Adley Rutschman,668939,5.0,C,Confirmed,4.74,,,,,0.63,0.41,,,,,0.588855569429711,0.6752212407205216,0.3815827632498482,0.4465553692701401,0.994208494208494,1.0775629371458078,0.03539199498531542,0.044994013886574924,,,1.04,0.87,0.8,3.28,0.04,1.34,0.32,0.01,0.0,0.452,1.239368165249089,1.4138099171297107,0.319,,0.008,,0.0,,False,96.0,99.0,96.0,88.0,93.0,91.0,91.0,92.0,94.0,high,high,high,high,high,high,high,high,high,2026-08-21
hitter,BOS,SF,Caleb Durbin,702332,6.0,3B,Confirmed,4.25,,,,,0.63,0.21,,,,,0.5809131794375283,0.6794003611400264,0.20755843366025672,0.21778376117910833,0.8949771689497716,1.0686743059273278,0.14141886204747903,0.15800659318540936,,,0.99,0.52,0.52,2.21,0.15,1.61,0.27,0.01,0.0,0.35,1.5956790123456794,1.6148434275533616,0.266,,0.011,,0.0,,False,96.0,99.0,96.0,88.0,93.0,91.0,91.0,92.0,94.0,high,high,high,high,high,high,high,high,high,2026-08-21
hitter,BOS,SF,Jarren Duran,680776,7.0,LF,Confirmed,4.61,,,,,1.43,0.31,,,,,1.3722232688169207,1.4930030768062024,0.3007544550956608,0.32773929801261786,1.0980834272829765,1.1725246473932376,0.4412848052809261,0.3681675001184464,,,1.14,0.84,0.8,3.25,0.4,2.5,0.34,0.02,0.0,0.503,2.456692913385827,2.5315652791041066,0.336,,0.017,,0.0,,False,96.0,99.0,96.0,88.0,93.0,91.0,91.0,92.0,94.0,high,high,high,high,high,high,high,high,high,2026-08-21
hitter,BOS,SF,Andruw Monasterio,655316,8.0,SS,Confirmed,3.96,,,,,0.73,0.53,,,,,0.6493835798828155,0.8092232743983881,0.5372452914090848,0.5206647747890756,0.4125159642401022,0.47968929819468725,0.14231117493825562,0.116062488914459,,,0.45,0.51,0.47,2.08,0.13,1.1,0.21,0.01,0.0,0.359,1.1238670694864048,1.0788156644399707,0.212,,0.009,,0.0,,False,96.0,99.0,96.0,88.0,93.0,91.0,91.0,92.0,94.0,high,high,high,high,high,high,high,high,high,2026-08-21
hitter,BOS,SF,Mickey Gasper,681508,9.0,DH,Confirmed,4.26,,,,,0.47,0.33,,,,,0.3642173949565406,0.5776664720295741,0.31510689306655526,0.33710717755432285,0.8949771689497716,0.9142693760875994,0.0904836104668092,0.09313913087013827,,,0.91,0.64,0.58,2.72,0.09,1.45,0.27,0.01,0.0,0.422,1.3893129770992367,1.4942307040840013,0.269,,0.009,,0.0,,False,96.0,99.0,96.0,88.0,93.0,91.0,91.0,92.0,94.0,high,high,high,high,high,high,high,high,high,2026-08-21
hitter,SF,BOS,Drew Gilbert,687551,1.0,CF,Confirmed,3.33,,,,,0.85,0.27,,,,,0.8176700571648926,0.8817537581801597,0.26695429368614176,0.26392744069389323,0.801980198019802,0.6418956339875803,0.19088126229684158,0.17955216144198569,,,0.71,0.38,0.29,1.38,0.19,1.55,0.12,0.01,0.0,0.288,1.684375,1.4400973044296654,0.12,,0.008,,0.0,,False,96.0,99.0,96.0,88.0,93.0,91.0,91.0,92.0,94.0,high,high,high,high,high,high,high,high,high,2026-08-21
hitter,SF,BOS,Rafael Devers,646240,2.0,DH,Confirmed,4.18,,,,,1.48,1.02,,,,,1.5287500553504645,1.4388378680628113,1.1038050538782367,0.9326500033673994,0.7715355805243446,0.7251873374395746,0.05635932900611582,0.049014083884869164,,,0.75,0.53,0.36,1.6,0.05,1.07,0.13,0.01,0.0,0.338,1.1521739130434783,1.0087284038158206,0.129,,0.007,,0.0,,False,96.0,99.0,96.0,88.0,93.0,91.0,91.0,92.0,94.0,high,high,high,high,high,high,high,high,high,2026-08-21
hitter,SF,BOS,Willy Adames,642715,3.0,SS,Confirmed,3.96,,,,,1.35,0.65,,,,,1.3621441323646866,1.3324534443008254,0.6715830158286193,0.6248688210385848,0.707983193277311,0.681500272086006,0.04538191524217489,0.03706070075273591,,,0.69,0.44,0.38,1.53,0.04,0.99,0.13,0.01,0.0,0.285,1.001763668430335,0.9764936709969639,0.127,,0.007,,0.0,,False,96.0,99.0,96.0,88.0,93.0,91.0,91.0,92.0,94.0,high,high,high,high,high,high,high,high,high,2026-08-21
hitter,SF,BOS,Bryce Eldridge,805811,4.0,1B,Confirmed,4.26,,,,,1.43,0.78,,,,,1.4667986898006609,1.400409463136046,0.7619144661374706,0.793019739546837,0.8694581280788177,0.8030330643629465,0.05641714813916495,0.07637015998992111,,,0.83,0.54,0.45,1.79,0.07,1.25,0.16,0.01,0.0,0.323,1.239368165249089,1.251721898300303,0.158,,0.008,,0.0,,False,96.0,99.0,96.0,88.0,93.0,91.0,91.0,92.0,94.0,high,high,high,high,high,high,high,high,high,2026-08-21
hitter,SF,BOS,Jung Hoo Lee,808982,5.0,RF,Confirmed,3.89,,,,,0.61,0.39,,,,,0.5819335341101756,0.6312662071750991,0.4043835048985457,0.38232509449845037,0.8770949720670391,0.8429217595934393,0.024704185758641382,0.012934373029024263,,,0.86,0.4,0.34,1.55,0.02,1.07,0.19,0.02,0.0,0.266,1.1521739130434783,1.005539131235797,0.19,,0.02,,0.0,,False,96.0,99.0,96.0,88.0,93.0,91.0,91.0,92.0,94.0,high,high,high,high,high,high,high,high,high,2026-08-21
hitter,SF,BOS,Osleivis Basabe,678545,6.0,2B,Confirmed,3.54,,,,,0.89,0.24,,,,,0.89,,0.24,,0.643,,0.1,,,,0.64,0.32,0.32,1.28,0.1,1.12,0.11,0.01,0.0,0.253,1.124,,0.112,,0.008,,0.0,,True,40.0,44.0,40.0,32.0,37.0,35.0,35.0,36.0,38.0,low,low,low,low,low,low,low,low,low,2026-08-21
hitter,SF,BOS,Turner Hill,806367,7.0,LF,Confirmed,1.84,,,,,0.67,0.1,,,,,0.6872063344395609,0.6612805953686987,0.12534319216913575,0.07455013277720815,0.23838875892988157,0.14340266597022064,0.04690136068591873,0.04767293081702088,,,0.19,0.13,0.12,0.5,0.05,0.33,0.06,0.01,0.0,0.213,0.3888888888888889,0.272823846434037,0.064,,0.006,,0.0,,False,96.0,99.0,96.0,88.0,93.0,91.0,91.0,92.0,94.0,high,high,high,high,high,high,high,high,high,2026-08-21
hitter,SF,BOS,Drew Cavanaugh,701852,8.0,C,Confirmed,3.09,,,,,0.81,0.22,,,,,0.7913628699308016,0.8296304438296309,0.24646009135675498,0.20094294031517165,0.7061469265367316,0.5778764493878045,0.18039214687493021,0.17336535117397697,,,0.64,0.27,0.23,1.03,0.18,1.25,0.11,0.01,0.0,0.25,1.3148148148148149,1.2037866407410156,0.11,,0.007,,0.0,,False,96.0,99.0,96.0,88.0,93.0,91.0,91.0,92.0,94.0,high,high,high,high,high,high,high,high,high,2026-08-21
hitter,SF,BOS,Christian Koss,683766,9.0,3B,Confirmed,2.9,,,,,0.95,0.05,,,,,0.8938779514976467,1.0037642557034494,0.07218552241410447,0.026298836007122205,0.6434108527131783,0.5023545641959102,0.051522618130920794,0.029985271119866347,,,0.57,0.24,0.21,0.99,0.04,0.9,0.11,0.01,0.0,0.241,1.001763668430335,0.8079700270273492,0.108,,0.007,,0.0,,False,96.0,99.0,96.0,88.0,93.0,91.0,91.0,92.0,94.0,high,high,high,high,high,high,high,high,high,2026-08-21
hitter,MIA,WSH,Jakob Marsee,805300,1.0,CF,Confirmed,3.33,,,,,0.61,0.37,,,,,0.6332370305255108,0.5948243797059118,0.41421125802326253,0.33295302400245336,1.0980834272829765,0.7809426302036847,0.19751717888290288,0.15195957748910985,,,0.92,0.37,0.24,1.26,0.17,1.49,0.11,0.01,0.0,0.296,1.684375,1.3293778891022792,0.108,,0.009,,0.0,,False,96.0,99.0,96.0,88.0,93.0,91.0,91.0,92.0,94.0,high,high,high,high,high,high,high,high,high,2026-08-21
hitter,MIA,WSH,Owen Caissie,683357,2.0,RF,Confirmed,3.1,,,,,1.24,0.24,,,,,1.3571105942283923,1.1239684089361865,0.25570414521268764,0.21541227578876537,0.7715355805243446,0.6166242840468062,0.2649352096235356,0.2222777758062138,,,0.69,0.33,0.22,1.13,0.24,1.62,0.11,0.01,0.0,0.275,1.914285714285714,1.3721603672149834,0.114,,0.007,,0.0,,False,96.0,99.0,96.0,88.0,93.0,91.0,91.0,92.0,94.0,high,high,high,high,high,high,high,high,high,2026-08-21
hitter,MIA,WSH,Griffin Conine,665052,3.0,1B,Confirmed,4.14,,,,,0.82,0.53,,,,,0.8293788412603955,0.8205155861314374,0.5508057763377888,0.5020905883490914,1.0980834272829765,1.0345730875943084,0.19195777691393784,0.1926839819431176,,,1.06,0.43,0.3,1.44,0.19,1.93,0.12,0.01,0.0,0.282,2.057017543859649,1.8333736399020966,0.123,,0.009,,0.0,,False,96.0,99.0,96.0,88.0,93.0,91.0,91.0,92.0,94.0,high,high,high,high,high,high,high,high,high,2026-08-21
hitter,MIA,WSH,Xavier Edwards,669364,4.0,2B,Confirmed,4.45,,,,,0.36,0.45,,,,,0.3928024962271661,0.3233767782565971,0.44788758570490583,0.4496481778355649,1.607843137254902,1.351819508802493,0.12059414811284952,0.09614481292568929,,,1.47,0.55,0.43,2.08,0.11,1.93,0.15,0.01,0.0,0.315,2.057017543859649,1.8228473300748813,0.149,,0.009,,0.0,,False,96.0,99.0,96.0,88.0,93.0,91.0,91.0,92.0,94.0,high,high,high,high,high,high,high,high,high,2026-08-21
hitter,MIA,WSH,Otto Lopez,672640,5.0,SS,Confirmed,4.51,,,,,0.38,0.33,,,,,0.40342592762919494,0.3609216018340779,0.3261996811622525,0.3259704888205082,1.607843137254902,1.4224037062640003,0.22248096169988738,0.21021265796375901,,,1.51,0.5,0.41,1.9,0.22,2.11,0.13,0.01,0.0,0.276,2.057017543859649,2.147207538809353,0.129,,0.009,,0.0,,False,96.0,99.0,96.0,88.0,93.0,91.0,91.0,92.0,94.0,high,high,high,high,high,high,high,high,high,2026-08-21
hitter,MIA,WSH,Heriberto Hernández,681715,6.0,LF,Confirmed,4.18,,,,,0.73,0.42,,,,,0.7084728109042,0.7491053927727765,0.4058620036666628,0.4275553215441325,1.1391752577319587,1.0810067216059704,0.2499795835779971,0.2601612075756314,,,1.11,0.36,0.3,1.36,0.26,2.01,0.12,0.01,0.0,0.259,2.057017543859649,1.9693605020311196,0.122,,0.008,,0.0,,False,96.0,99.0,96.0,88.0,93.0,91.0,91.0,92.0,94.0,high,high,high,high,high,high,high,high,high,2026-08-21
hitter,MIA,WSH,Joe Mack,691788,7.0,C,Confirmed,3.33,,,,,0.56,0.33,,,,,0.5591235450747891,0.5671815675537806,0.3676009434077112,0.29763202653807225,1.0980834272829765,0.8127774072050533,0.22792459942792154,0.19483584705273324,,,0.94,0.3,0.23,1.11,0.21,1.76,0.12,0.01,0.0,0.271,2.057017543859649,1.5254281043327946,0.122,,0.008,,0.0,,False,96.0,99.0,96.0,88.0,93.0,91.0,91.0,92.0,94.0,high,high,high,high,high,high,high,high,high,2026-08-21
hitter,MIA,WSH,Agustín Ramírez,682663,8.0,DH,Confirmed,4.25,,,,,1.35,0.15,,,,,1.412856806926647,1.2927964858106458,0.16822477080398482,0.13697920177723805,1.0980834272829765,1.1740986997174665,0.1538115765349793,0.15260980428275508,,,1.14,0.43,0.33,1.66,0.15,1.89,0.19,0.01,0.0,0.304,1.914285714285714,1.8737423655598895,0.186,,0.007,,0.0,,False,96.0,99.0,96.0,88.0,93.0,91.0,91.0,92.0,94.0,high,high,high,high,high,high,high,high,high,2026-08-21
hitter,MIA,WSH,Leo Jiménez,677870,9.0,1B,Confirmed,3.74,,,,,0.67,0.38,,,,,0.6539711452707414,0.6895812223558213,0.3813096049435286,0.3823333710415993,1.0980834272829765,1.0032959397172287,0.14295307638278493,0.14295182955240965,,,1.05,0.34,0.25,1.29,0.14,1.7,0.14,0.01,0.0,0.272,1.914285714285714,1.5191187371345367,0.136,,0.006,,0.0,,False,96.0,99.0,96.0,88.0,93.0,91.0,91.0,92.0,94.0,high,high,high,high,high,high,high,high,high,2026-08-21
hitter,WSH,MIA,Daylen Lile,695734,1.0,LF,Confirmed,4.18,,,,,0.55,0.31,,,,,0.5653292691980057,0.5381043199012018,0.3160778413308072,0.30449370842951057,1.1391752577319587,1.183443994136332,0.28845250963075814,0.25461590853352684,,,1.16,0.57,0.44,2.0,0.27,2.01,0.15,0.02,0.0,0.337,2.057017543859649,1.974168222312476,0.154,,0.017,,0.0,,False,96.0,99.0,96.0,88.0,93.0,91.0,91.0,92.0,94.0,high,high,high,high,high,high,high,high,high,2026-08-21
hitter,WSH,MIA,Jorbit Vivas,678391,2.0,2B,Confirmed,3.33,,,,,0.36,0.42,,,,,0.3470298616719317,0.37293145972905944,0.42157678925516395,0.41127069477935213,0.801980198019802,0.6491673921724955,0.056389261289373695,0.06289096069675591,,,0.72,0.38,0.27,1.36,0.06,1.06,0.13,0.01,0.0,0.297,1.1521739130434783,0.9916850585710987,0.13,,0.01,,0.0,,False,96.0,99.0,96.0,88.0,93.0,91.0,91.0,92.0,94.0,high,high,high,high,high,high,high,high,high,2026-08-21
hitter,WSH,MIA,Andrés Chaparro,665953,3.0,DH,Confirmed,1.64,,,,,0.42,0.21,,,,,0.46736201790088583,0.37758308971436966,0.260909488752328,0.15371085142599553,0.4125159642401022,0.21436678855375502,0.0679548813829998,0.02905124970496219,,,0.3,0.21,0.17,0.72,0.05,0.47,0.07,0.01,0.0,0.334,0.6720588235294118,0.3014614716411061,0.073,,0.007,,0.0,,False,96.0,99.0,96.0,88.0,93.0,91.0,91.0,92.0,94.0,high,high,high,high,high,high,high,high,high,2026-08-21
hitter,WSH,MIA,Abimelec Ortiz,694673,4.0,1B,Confirmed,2.26,,,,,0.55,0.12,,,,,0.5558036949915046,0.5368249252106344,0.1451184627352546,0.08669731307959463,0.4125159642401022,0.35209129960324925,0.11600293566542927,0.08390027422732475,,,0.38,0.26,0.21,0.88,0.1,0.84,0.1,0.01,0.0,0.299,1.001763668430335,0.7060048871466664,0.102,,0.008,,0.0,,False,96.0,99.0,96.0,88.0,93.0,91.0,91.0,92.0,94.0,high,high,high,high,high,high,high,high,high,2026-08-21
hitter,WSH,MIA,Brady House,691781,5.0,3B,Confirmed,4.26,,,,,1.22,0.27,,,,,1.1895167521057508,1.2506964336426003,0.24847535502733878,0.29029624582042984,0.8694581280788177,0.8987546594235464,0.05346644294964412,0.05312044808150539,,,0.89,0.54,0.5,2.03,0.05,1.22,0.17,0.01,0.0,0.308,1.239368165249089,1.2069885138503935,0.171,,0.011,,0.0,,False,96.0,99.0,96.0,88.0,93.0,91.0,91.0,92.0,94.0,high,high,high,high,high,high,high,high,high,2026-08-21
hitter,WSH,MIA,Keibert Ruiz,660688,6.0,C,Confirmed,3.81,,,,,0.25,0.36,,,,,0.27583297198192347,0.21892989738977597,0.3417242567318488,0.3721780724519762,0.994208494208494,0.9151704912156683,0.09163568346246492,0.08917340614617773,,,0.95,0.4,0.4,1.67,0.09,1.38,0.17,0.01,0.0,0.297,1.3893129770992367,1.3694157445749027,0.17,,0.01,,0.0,,False,96.0,99.0,96.0,88.0,93.0,91.0,91.0,92.0,94.0,high,high,high,high,high,high,high,high,high,2026-08-21
hitter,WSH,MIA,Dylan Crews,686611,7.0,RF,Confirmed,4.18,,,,,0.86,0.31,,,,,0.8384425740610999,0.8814832295762697,0.31348439748437407,0.3056505851311714,1.0980834272829765,1.1187205640150841,0.22156227365731107,0.24239651271338325,,,1.11,0.48,0.43,1.91,0.23,2.0,0.17,0.01,0.0,0.328,2.057017543859649,1.9603790033828703,0.165,,0.008,,0.0,,False,96.0,99.0,96.0,88.0,93.0,91.0,91.0,92.0,94.0,high,high,high,high,high,high,high,high,high,2026-08-21
hitter,WSH,MIA,Nasim Nuñez,683083,8.0,SS,Confirmed,3.74,,,,,0.76,0.3,,,,,0.7718877744659417,0.7580364339264056,0.3200177966775195,0.28548674168090343,0.994208494208494,0.9186616255478894,0.09806615498727284,0.10197474154456405,,,0.95,0.34,0.28,1.33,0.1,1.32,0.15,0.01,0.0,0.273,1.3148148148148149,1.316613897261115,0.146,,0.01,,0.0,,False,96.0,99.0,96.0,88.0,93.0,91.0,91.0,92.0,94.0,high,high,high,high,high,high,high,high,high,2026-08-21
hitter,WSH,MIA,Jacob Young,696285,9.0,CF,Confirmed,3.1,,,,,0.51,0.2,,,,,0.5823631938787074,0.447609419057174,0.22238555777628732,0.17803711248151413,0.8949771689497716,0.7309663599118704,0.10068978641463786,0.10466589970887989,,,0.8,0.33,0.27,1.31,0.1,1.38,0.14,0.01,0.0,0.307,1.5956790123456794,1.1998413123257818,0.142,,0.01,,0.0,,False,96.0,99.0,96.0,88.0,93.0,91.0,91.0,92.0,94.0,high,high,high,high,high,high,high,high,high,2026-08-21
hitter,BAL,TB,Jackson Holliday,702616,1.0,2B,Confirmed,3.1,,,,,0.71,0.26,,,,,0.7235147112805976,0.6865130151433837,0.2849556909890637,0.2376602869246776,0.7061469265367316,0.5846971314566877,0.02837913517901344,0.020201429673297883,,,0.64,0.39,0.31,1.41,0.02,0.89,0.14,0.01,0.0,0.316,0.9875776397515532,0.8088283627262801,0.145,,0.011,,0.0,,False,96.0,99.0,96.0,88.0,93.0,91.0,91.0,92.0,94.0,high,high,high,high,high,high,high,high,high,2026-08-21
hitter,BAL,TB,Pete Alonso,624413,2.0,1B,Confirmed,4.58,,,,,0.92,0.56,,,,,0.8541013843636847,0.9933896939033727,0.4955807610718457,0.618010046235304,0.994208494208494,0.9385771686720735,0.07090594792138263,0.07360440397525118,,,0.96,0.68,0.56,2.34,0.07,1.47,0.17,0.01,0.0,0.355,1.4476190476190476,1.4917867292371347,0.17,,0.01,,0.0,,False,96.0,99.0,96.0,88.0,93.0,91.0,91.0,92.0,94.0,high,high,high,high,high,high,high,high,high,2026-08-21
hitter,BAL,TB,Gunnar Henderson,683002,3.0,SS,Confirmed,4.39,,,,,0.74,0.42,,,,,0.6663744052899416,0.8158351402698987,0.4412508102216963,0.39278346795057684,0.994208494208494,0.9298179562558953,0.03943369526743038,0.03762284342321684,,,0.96,0.6,0.53,2.22,0.04,1.3,0.18,0.01,0.0,0.336,1.3148148148148149,1.2847188705935526,0.179,,0.01,,0.0,,False,96.0,99.0,96.0,88.0,93.0,91.0,91.0,92.0,94.0,high,high,high,high,high,high,high,high,high,2026-08-21
hitter,BAL,TB,Tyler O'Neill,641933,4.0,DH,Confirmed,2.55,,,,,0.67,0.24,,,,,0.7122444099271568,0.6363493141121751,0.26390522296217395,0.22242454755574292,0.4125159642401022,0.36082148730289876,0.0295158309572706,0.015984019706591506,,,0.38,0.33,0.31,1.16,0.02,0.6,0.11,0.01,0.0,0.312,0.6720588235294118,0.534192572844807,0.107,,0.008,,0.0,,False,96.0,99.0,96.0,88.0,93.0,91.0,91.0,92.0,94.0,high,high,high,high,high,high,high,high,high,2026-08-21
hitter,BAL,TB,Samuel Basallo,694212,5.0,C,Confirmed,3.54,,,,,0.8,0.28,,,,,0.7890185614315866,0.8047295611924566,0.2915089294816121,0.26379997723535425,0.707983193277311,0.6468974949730594,0.0370698272600717,0.020139202400774752,,,0.67,0.45,0.42,1.67,0.03,0.95,0.15,0.01,0.0,0.309,1.001763668430335,0.9163158172566831,0.153,,0.007,,0.0,,False,96.0,99.0,96.0,88.0,93.0,91.0,91.0,92.0,94.0,high,high,high,high,high,high,high,high,high,2026-08-21
hitter,BAL,TB,Dylan Beavers,687637,6.0,LF,Confirmed,3.49,,,,,0.78,0.37,,,,,0.768926873413688,0.7932280595898652,0.3777355875347651,0.3540372420076417,0.6666666666666666,0.5870437104611809,0.032471527070752515,0.02304203671732675,,,0.62,0.36,0.37,1.44,0.03,0.9,0.14,0.01,0.0,0.3,0.9875776397515532,0.8211093105387383,0.136,,0.009,,0.0,,False,96.0,99.0,96.0,88.0,93.0,91.0,91.0,92.0,94.0,high,high,high,high,high,high,high,high,high,2026-08-21
hitter,BAL,TB,Coby Mayo,691723,7.0,3B,Confirmed,2.55,,,,,0.74,0.2,,,,,0.7570303948381218,0.7310677849845892,0.23621465327873262,0.17119933493448816,0.4125159642401022,0.3482420412788208,0.03211415801891323,0.020462115663747654,,,0.38,0.26,0.25,0.99,0.03,0.58,0.12,0.01,0.0,0.292,0.6720588235294118,0.5061283025322945,0.121,,0.007,,0.0,,False,96.0,99.0,96.0,88.0,93.0,91.0,91.0,92.0,94.0,high,high,high,high,high,high,high,high,high,2026-08-21
hitter,BAL,TB,Colton Cowser,681297,8.0,CF,Confirmed,3.1,,,,,1.36,0.45,,,,,1.4416689569477583,1.2735063044299333,0.49767598536086877,0.4034372453814836,0.7715355805243446,0.5628545973982021,0.10100356983195141,0.08268735254686359,,,0.66,0.34,0.3,1.34,0.09,1.12,0.14,0.01,0.0,0.309,1.239368165249089,1.0268868453770508,0.141,,0.007,,0.0,,False,96.0,99.0,96.0,88.0,93.0,91.0,91.0,92.0,94.0,high,high,high,high,high,high,high,high,high,2026-08-21
hitter,BAL,TB,Leody Taveras,665750,9.0,RF,Confirmed,3.96,,,,,0.84,0.27,,,,,0.8207896447914305,0.8566235850063106,0.2611220989297576,0.2720104960996832,0.8888888888888888,0.8563140508000854,0.032314973505067526,0.04411245018181568,,,0.87,0.44,0.4,1.83,0.04,1.23,0.19,0.01,0.0,0.308,1.239368165249089,1.223226088069905,0.189,,0.012,,0.0,,False,96.0,99.0,96.0,88.0,93.0,91.0,91.0,92.0,94.0,high,high,high,high,high,high,high,high,high,2026-08-21
hitter,TB,BAL,Yandy Díaz,650490,1.0,DH,Confirmed,4.45,,,,,0.84,0.14,,,,,0.8163259818807056,0.8555627545434276,0.09451941135023798,0.17883011374604554,0.6434108527131783,0.700774444923762,0.025913469561509722,0.02969186083525706,,,0.67,0.4,0.22,1.2,0.03,0.86,0.11,0.01,0.0,0.255,0.7899761336515513,0.9243821185962292,0.111,,0.007,,0.0,,False,96.0,99.0,96.0,88.0,93.0,91.0,91.0,92.0,94.0,high,high,high,high,high,high,high,high,high,2026-08-21
hitter,TB,BAL,Ryan Vilade,668723,2.0,RF,Confirmed,3.02,,,,,0.9,0.12,,,,,0.8731442176001944,0.9329479355589317,0.15244365307719795,0.0966020251076288,0.3344051446945337,0.3774986942791019,0.02496363424156613,0.010440794988457422,,,0.36,0.23,0.13,0.72,0.02,0.45,0.08,0.01,0.0,0.22,0.44025157232704404,0.4497662377051947,0.085,,0.007,,0.0,,False,96.0,99.0,96.0,88.0,93.0,91.0,91.0,92.0,94.0,high,high,high,high,high,high,high,high,high,2026-08-21
hitter,TB,BAL,Jonny DeLuca,676356,3.0,CF,Confirmed,3.81,,,,,0.93,0.08,,,,,0.8425571899830293,1.016476533241787,0.07060752175916354,0.09716364372823152,0.5290322580645161,0.5502957090997431,0.02371494020684824,0.018234777410055445,,,0.54,0.32,0.21,1.0,0.02,0.72,0.12,0.01,0.0,0.237,0.6720588235294118,0.7636951110573768,0.123,,0.011,,0.0,,False,96.0,99.0,96.0,88.0,93.0,91.0,91.0,92.0,94.0,high,high,high,high,high,high,high,high,high,2026-08-21
hitter,TB,BAL,Junior Caminero,691406,4.0,3B,Confirmed,4.48,,,,,1.07,0.13,,,,,1.0535549839038802,1.0910985041755143,0.09265014608475602,0.17363088195608617,0.5290322580645161,0.533783773718503,0.04071722300093353,0.04820624270154566,,,0.53,0.4,0.25,1.17,0.04,0.79,0.12,0.01,0.0,0.253,0.7899761336515513,0.7819665554559094,0.124,,0.008,,0.0,,False,96.0,99.0,96.0,88.0,93.0,91.0,91.0,92.0,94.0,high,high,high,high,high,high,high,high,high,2026-08-21
hitter,TB,BAL,Chandler Simpson,802415,5.0,LF,Confirmed,3.89,,,,,0.53,0.08,,,,,0.4650838817031473,0.6007800440045344,0.07023025496311722,0.09228704304338153,0.6434108527131783,0.7152279595396139,0.01254821776317543,0.0,,,0.68,0.3,0.21,1.03,0.01,0.72,0.1,0.01,0.0,0.207,0.6720588235294118,0.7572307757232641,0.099,,0.01,,0.0,,False,96.0,99.0,96.0,88.0,93.0,91.0,91.0,92.0,94.0,high,high,high,high,high,high,high,high,high,2026-08-21
hitter,TB,BAL,Jorge Mateo,622761,6.0,2B,Confirmed,2.55,,,,,0.87,0.13,,,,,0.8923503075843278,0.8440885723983453,0.15049271995386215,0.10872680729378778,0.5290322580645161,0.4217255872675877,0.07330840732417879,0.052063336277244396,,,0.47,0.2,0.15,0.68,0.06,0.74,0.07,0.01,0.0,0.246,0.8408408408408409,0.6569854235970918,0.073,,0.007,,0.0,,False,96.0,99.0,96.0,88.0,93.0,91.0,91.0,92.0,94.0,high,high,high,high,high,high,high,high,high,2026-08-21
hitter,TB,BAL,Kenny Piper,700652,7.0,C,Confirmed,2.26,,,,,0.59,0.16,,,,,0.5369448747065347,0.6501569174088385,0.18219288857806235,0.1338988552499223,0.4125159642401022,0.2664739337356929,0.019093236048459424,0.0031053922260618366,,,0.33,0.14,0.09,0.48,0.01,0.55,0.08,0.01,0.0,0.193,0.6720588235294118,0.4489579510925158,0.075,,0.01,,0.0,,False,96.0,99.0,96.0,88.0,93.0,91.0,91.0,92.0,94.0,high,high,high,high,high,high,high,high,high,2026-08-21
hitter,TB,BAL,Liam Hicks,689414,8.0,C,Confirmed,4.45,,,,,0.32,0.5,,,,,0.36053174058221615,0.2788133101660287,0.49396294568047305,0.5015588677916504,1.1702127659574468,1.101913328091926,0.11352601850629554,0.09942774519344891,,,1.13,0.31,0.19,1.03,0.11,1.79,0.1,0.01,0.0,0.221,1.914285714285714,1.6857269951380363,0.101,,0.008,,0.0,,False,96.0,99.0,96.0,88.0,93.0,91.0,91.0,92.0,94.0,high,high,high,high,high,high,high,high,high,2026-08-21
hitter,TB,BAL,Taylor Walls,670764,9.0,SS,Confirmed,3.49,,,,,0.93,0.09,,,,,0.8648211702536188,1.0036707013271138,0.08716691989524385,0.09684207603093332,0.4125159642401022,0.5037414371061218,0.019347643880515457,0.015411432385776178,,,0.46,0.24,0.15,0.81,0.02,0.62,0.09,0.01,0.0,0.224,0.6289308176100628,0.619980064105803,0.095,,0.007,,0.0,,False,96.0,99.0,96.0,88.0,93.0,91.0,91.0,92.0,94.0,high,high,high,high,high,high,high,high,high,2026-08-21
hitter,CWS,NYM,Chase Meidroth,805367,1.0,2B,Confirmed,3.96,,,,,0.48,0.23,,,,,0.4949572957957564,0.4640191943775768,0.24529685789465466,0.22343210333024388,1.0980834272829765,0.9633023278544048,0.1665864323621297,0.15513973838786918,,,1.02,0.46,0.37,1.73,0.16,1.75,0.14,0.01,0.0,0.283,1.914285714285714,1.6076950524314013,0.138,,0.01,,0.0,,False,96.0,99.0,96.0,88.0,93.0,91.0,91.0,92.0,94.0,high,high,high,high,high,high,high,high,high,2026-08-21
hitter,CWS,NYM,Munetaka Murakami,808959,2.0,1B,Confirmed,4.26,,,,,0.69,0.42,,,,,0.5232427968141334,0.8476059460574928,0.4026593402657148,0.4383935153503267,0.801980198019802,0.7886127063936089,0.05101083874311478,0.08437293828404469,,,0.79,0.62,0.49,2.01,0.07,1.16,0.12,0.01,0.0,0.357,1.1521739130434783,1.1582463080778955,0.124,,0.009,,0.0,,False,96.0,99.0,96.0,88.0,93.0,91.0,91.0,92.0,94.0,high,high,high,high,high,high,high,high,high,2026-08-21
hitter,CWS,NYM,Miguel Vargas,678246,3.0,3B,Confirmed,4.45,,,,,0.48,0.37,,,,,0.49846534815614196,0.4665488901570511,0.36068400404955014,0.3818853691492603,1.0980834272829765,1.1232670156335134,0.42706922170478856,0.480779403735126,,,1.11,0.63,0.6,2.23,0.45,2.58,0.16,0.01,0.0,0.342,2.456692913385827,2.683066207388568,0.156,,0.008,,0.0,,False,96.0,99.0,96.0,88.0,93.0,91.0,91.0,92.0,94.0,high,high,high,high,high,high,high,high,high,2026-08-21
hitter,CWS,NYM,Randal Grichuk,545341,4.0,LF,Confirmed,3.33,,,,,0.53,0.16,,,,,0.4375798168511753,0.6225462236684876,0.17251610840087922,0.14554635019111642,0.801980198019802,0.7408960371805475,0.3897178429566611,0.31400240599434814,,,0.77,0.42,0.41,1.53,0.35,1.57,0.13,0.01,0.0,0.299,1.684375,1.484072322040495,0.126,,0.008,,0.0,,False,96.0,99.0,96.0,88.0,93.0,91.0,91.0,92.0,94.0,high,high,high,high,high,high,high,high,high,2026-08-21
hitter,CWS,NYM,Colson Montgomery,695657,5.0,DH,Confirmed,4.14,,,,,0.77,0.3,,,,,0.6664531773054162,0.8834286576887973,0.3048498869697416,0.29827892872865563,0.994208494208494,0.9251222385222339,0.5443566972697682,0.5206833178319926,,,0.96,0.59,0.6,1.99,0.53,2.48,0.13,0.01,0.0,0.336,2.456692913385827,2.501218119067783,0.127,,0.008,,0.0,,False,96.0,99.0,96.0,88.0,93.0,91.0,91.0,92.0,94.0,high,high,high,high,high,high,high,high,high,2026-08-21
hitter,CWS,NYM,Brenton Doyle,686668,6.0,CF,Confirmed,3.54,,,,,1.04,0.48,,,,,1.0831603128978937,1.0061599159052874,0.48916710411901354,0.4774094133363803,0.8949771689497716,0.8218607928929205,0.059487996852614064,0.06268099361787885,,,0.85,0.38,0.41,1.5,0.06,1.27,0.15,0.01,0.0,0.294,1.3148148148148149,1.2292905313124247,0.15,,0.012,,0.0,,False,96.0,99.0,96.0,88.0,93.0,91.0,91.0,92.0,94.0,high,high,high,high,high,high,high,high,high,2026-08-21
hitter,CWS,NYM,Luisangel Acuña,682668,7.0,SS,Confirmed,1.84,,,,,0.41,0.11,,,,,0.4540699543791199,0.37102989266485625,0.1375936651988361,0.08950684185692588,0.3344051446945337,0.24111451803912198,0.013874353997469651,0.008742548952669904,,,0.28,0.16,0.14,0.63,0.01,0.38,0.08,0.01,0.0,0.242,0.44025157232704404,0.3300986474034869,0.08,,0.007,,0.0,,False,96.0,99.0,96.0,88.0,93.0,91.0,91.0,92.0,94.0,high,high,high,high,high,high,high,high,high,2026-08-21
hitter,CWS,NYM,Jake Rogers,668670,8.0,C,Confirmed,3.1,,,,,0.87,0.19,,,,,0.8825849897013981,0.86591212552701,0.21709056944980468,0.17127539492418398,0.707983193277311,0.5905452533481729,0.10813481945990641,0.08924733435639548,,,0.64,0.33,0.3,1.27,0.1,1.1,0.14,0.01,0.0,0.296,1.239368165249089,0.9778001814465462,0.145,,0.008,,0.0,,False,96.0,99.0,96.0,88.0,93.0,91.0,91.0,92.0,94.0,high,high,high,high,high,high,high,high,high,2026-08-21
hitter,CWS,NYM,Tristan Peters,671976,9.0,RF,Confirmed,3.48,,,,,0.39,0.18,,,,,0.39894096898020115,0.3896802961603654,0.19193976859430797,0.1608326709990335,0.8770949720670391,0.7202076883635633,0.13258837105347532,0.1665302721379336,,,0.79,0.33,0.3,1.33,0.15,1.3,0.14,0.01,0.0,0.262,1.3893129770992367,1.2285122108991433,0.137,,0.009,,0.0,,False,96.0,99.0,96.0,88.0,93.0,91.0,91.0,92.0,94.0,high,high,high,high,high,high,high,high,high,2026-08-21
hitter,NYM,CWS,A.J. Ewing,805999,1.0,CF,Confirmed,4.04,,,,,1.03,0.44,,,,,0.9562971250684403,1.0941552201849014,0.4711156081698248,0.41811656257833213,0.6506024096385542,0.5928325116348907,0.11852290969630438,0.13666526988638125,,,0.62,0.46,0.37,1.71,0.13,1.11,0.16,0.02,0.0,0.278,1.1238670694864048,1.0992457277223704,0.163,,0.015,,0.0,,False,96.0,99.0,96.0,88.0,93.0,91.0,91.0,92.0,94.0,high,high,high,high,high,high,high,high,high,2026-08-21
hitter,NYM,CWS,Francisco Lindor,596019,2.0,SS,Confirmed,4.18,,,,,0.89,0.43,,,,,0.8975661448571596,0.8853783563875477,0.4362673195004536,0.426589105906517,0.707983193277311,0.6952430932280906,0.14651007523585458,0.15188117203597779,,,0.7,0.51,0.43,1.95,0.15,1.32,0.2,0.01,0.0,0.296,1.3148148148148149,1.3203878663123854,0.2,,0.011,,0.0,,False,96.0,99.0,96.0,88.0,93.0,91.0,91.0,92.0,94.0,high,high,high,high,high,high,high,high,high,2026-08-21
hitter,NYM,CWS,Bo Bichette,666182,3.0,DH,Confirmed,4.48,,,,,0.78,0.34,,,,,0.7936367215910345,0.768838130595346,0.3297026126540157,0.3447095856579999,0.8694581280788177,0.8838358991815776,0.13021729927476663,0.13702293363779894,,,0.88,0.54,0.5,2.14,0.13,1.42,0.28,0.01,0.0,0.295,1.385818393793784,1.4416948680858324,0.282,,0.01,,0.0,,False,96.0,99.0,96.0,88.0,93.0,91.0,91.0,92.0,94.0,high,high,high,high,high,high,high,high,high,2026-08-21
hitter,NYM,CWS,Carson Benge,701807,4.0,RF,Confirmed,4.18,,,,,0.98,0.29,,,,,0.9640598183839036,0.996970140113962,0.2856851826168135,0.2968523597524506,0.707983193277311,0.6940457079756672,0.14023126414902218,0.1628171544876642,,,0.7,0.49,0.47,1.97,0.15,1.28,0.23,0.01,0.0,0.287,1.239368165249089,1.3088018958356333,0.229,,0.013,,0.0,,False,96.0,99.0,96.0,88.0,93.0,91.0,91.0,92.0,94.0,high,high,high,high,high,high,high,high,high,2026-08-21
hitter,NYM,CWS,Jared Young,676724,5.0,1B,Confirmed,3.1,,,,,0.91,0.19,,,,,0.8955109632962903,0.9288262577567231,0.20773657526261083,0.1803865642716949,0.4125159642401022,0.3937219227259724,0.12314749884411674,0.12844672554862313,,,0.4,0.36,0.35,1.42,0.13,0.89,0.14,0.01,0.0,0.281,0.9875776397515532,0.8051032262247705,0.143,,0.012,,0.0,,False,96.0,99.0,96.0,88.0,93.0,91.0,91.0,92.0,94.0,high,high,high,high,high,high,high,high,high,2026-08-21
hitter,NYM,CWS,Luis Robert Jr.,673357,6.0,LF,Confirmed,4.08,,,,,1.04,0.36,,,,,0.9446070659887028,1.1264801779836828,0.36271532460117895,0.36288955246919286,0.6434108527131783,0.6357660594467577,0.2350417266141135,0.23478325888077506,,,0.64,0.44,0.5,1.83,0.23,1.37,0.17,0.01,0.0,0.291,1.3148148148148149,1.4179712605627628,0.174,,0.009,,0.0,,False,96.0,99.0,96.0,88.0,93.0,91.0,91.0,92.0,94.0,high,high,high,high,high,high,high,high,high,2026-08-21
hitter,NYM,CWS,Brett Baty,683146,7.0,3B,Confirmed,3.49,,,,,0.99,0.32,,,,,0.9672223783347577,1.0054519253932586,0.3342809283659385,0.30516177190713917,0.4803149606299212,0.4552893802262254,0.12980178123472436,0.12479254636354047,,,0.47,0.37,0.36,1.53,0.13,0.87,0.15,0.01,0.0,0.29,0.8408408408408409,0.8906316887583738,0.149,,0.01,,0.0,,False,96.0,99.0,96.0,88.0,93.0,91.0,91.0,92.0,94.0,high,high,high,high,high,high,high,high,high,2026-08-21
hitter,NYM,CWS,Marcus Semien,543760,8.0,2B,Confirmed,4.04,,,,,0.74,0.28,,,,,0.7285179720185184,0.7484204491278392,0.28482226139827205,0.266680283245768,0.801980198019802,0.7880508963565216,0.37309099499995213,0.38096077298868736,,,0.79,0.45,0.42,1.86,0.38,2.0,0.19,0.01,0.0,0.305,1.914285714285714,2.0709127957659805,0.192,,0.008,,0.0,,False,96.0,99.0,96.0,88.0,93.0,91.0,91.0,92.0,94.0,high,high,high,high,high,high,high,high,high,2026-08-21
hitter,NYM,CWS,Francisco Alvarez,682626,9.0,C,Confirmed,3.81,,,,,1.11,0.3,,,,,1.0597541701402364,1.1661768893609656,0.30317178836593983,0.2964854301626922,0.5846774193548387,0.553703281865103,0.14588541245263226,0.15299316967914922,,,0.57,0.37,0.36,1.53,0.15,1.13,0.15,0.01,0.0,0.263,1.1521739130434783,1.103345906515951,0.15,,0.009,,0.0,,False,96.0,99.0,96.0,88.0,93.0,91.0,91.0,92.0,94.0,high,high,high,high,high,high,high,high,high,2026-08-21
hitter,KC,DET,Carter Jensen,695600,1.0,C,Confirmed,3.74,,,,,1.06,0.1,,,,,1.0795312144186442,1.042927869813524,0.10051915105054143,0.09474761871520816,0.707983193277311,0.7354808528677151,0.03423408736583271,0.048302669352179785,,,0.72,0.23,0.16,0.8,0.04,1.08,0.09,0.01,0.0,0.16,1.1238670694864048,1.0413480259960943,0.09,,0.007,,0.0,,False,96.0,99.0,96.0,88.0,93.0,91.0,91.0,92.0,94.0,high,high,high,high,high,high,high,high,high,2026-08-21
hitter,KC,DET,Bobby Witt Jr.,677951,2.0,SS,Confirmed,3.33,,,,,0.52,0.21,,,,,0.5835210345993146,0.4652448965729011,0.2511387809721852,0.1612407468402451,1.4947368421052631,1.0157503661914875,0.3110669811638068,0.2970588967344614,,,1.23,0.22,0.16,0.79,0.3,2.29,0.1,0.01,0.0,0.18,2.552380952380952,2.0839859609705287,0.102,,0.009,,0.0,,False,96.0,99.0,96.0,88.0,93.0,91.0,91.0,92.0,94.0,high,high,high,high,high,high,high,high,high,2026-08-21
hitter,KC,DET,Jac Caglianone,695506,3.0,RF,Confirmed,3.81,,,,,0.77,0.25,,,,,0.8011137155981565,0.7456347278581958,0.2904426995969339,0.2055237392266774,1.4947368421052631,1.0608321132083898,0.37294101864658125,0.27853052087718105,,,1.26,0.26,0.22,0.97,0.33,2.46,0.09,0.01,0.0,0.177,2.6,2.3444315527721704,0.094,,0.008,,0.0,,False,96.0,99.0,96.0,88.0,93.0,91.0,91.0,92.0,94.0,high,high,high,high,high,high,high,high,high,2026-08-21
hitter,KC,DET,Salvador Perez,521692,4.0,DH,Confirmed,3.74,,,,,0.6,0.15,,,,,0.6630007287206598,0.5362525457282813,0.17885784053458506,0.12985583463717432,1.607843137254902,1.2151628125804859,0.4783554855809407,0.3402879320243124,,,1.39,0.26,0.23,1.01,0.41,2.56,0.11,0.01,0.0,0.174,2.775,2.390246940855725,0.109,,0.007,,0.0,,False,96.0,99.0,96.0,88.0,93.0,91.0,91.0,92.0,94.0,high,high,high,high,high,high,high,high,high,2026-08-21
hitter,KC,DET,Vinnie Pasquantino,686469,5.0,1B,Confirmed,3.81,,,,,0.66,0.4,,,,,0.723769561918898,0.6030397709054127,0.45802055202770764,0.3397552362304337,1.0980834272829765,0.9165615903858882,0.2027258669178313,0.15927507736612562,,,1.0,0.24,0.18,0.83,0.18,1.73,0.13,0.01,0.0,0.171,1.914285714285714,1.5722802449376143,0.129,,0.007,,0.0,,False,96.0,99.0,96.0,88.0,93.0,91.0,91.0,92.0,94.0,high,high,high,high,high,high,high,high,high,2026-08-21
hitter,KC,DET,Nick Loftin,679845,6.0,3B,Confirmed,3.48,,,,,0.36,0.23,,,,,0.4023212786482879,0.3258791488400271,0.25222130321920705,0.2034112016825325,1.4947368421052631,0.9807584846622944,0.13607250341125116,0.10228145809358194,,,1.21,0.19,0.17,0.77,0.12,1.62,0.09,0.01,0.0,0.161,1.914285714285714,1.3803923905798952,0.091,,0.007,,0.0,,False,96.0,99.0,96.0,88.0,93.0,91.0,91.0,92.0,94.0,high,high,high,high,high,high,high,high,high,2026-08-21
hitter,KC,DET,Michael Massey,686681,7.0,2B,Confirmed,3.1,,,,,0.36,0.15,,,,,0.41600336203232946,0.31017776449492573,0.18154652184870115,0.11656076005120461,1.0980834272829765,0.7958035907204017,0.11765947156321704,0.1253654185971371,,,0.93,0.15,0.13,0.64,0.12,1.41,0.09,0.01,0.0,0.148,1.684375,1.1901243866339934,0.093,,0.006,,0.0,,False,96.0,99.0,96.0,88.0,93.0,91.0,91.0,92.0,94.0,high,high,high,high,high,high,high,high,high,2026-08-21
hitter,KC,DET,Isaac Collins,686555,8.0,LF,Confirmed,3.1,,,,,0.56,0.22,,,,,0.5937862151912394,0.5341873630986849,0.27600713672765065,0.17277834701780267,1.0980834272829765,0.8127238091428806,0.14125945747242405,0.11443268673595755,,,0.94,0.17,0.13,0.66,0.13,1.5,0.08,0.01,0.0,0.168,1.914285714285714,1.1678150292608953,0.084,,0.006,,0.0,,False,96.0,99.0,96.0,88.0,93.0,91.0,91.0,92.0,94.0,high,high,high,high,high,high,high,high,high,2026-08-21
hitter,KC,DET,Kyle Isbel,664728,9.0,CF,Confirmed,3.1,,,,,0.54,0.23,,,,,0.5822300241055681,0.49313222956100566,0.27182166269203634,0.19504821330406877,0.7061469265367316,0.591821420388185,0.05564198521247815,0.04701733917371086,,,0.64,0.18,0.15,0.74,0.05,0.98,0.1,0.01,0.0,0.17,1.1238670694864048,0.8569442582325038,0.101,,0.007,,0.0,,False,96.0,99.0,96.0,88.0,93.0,91.0,91.0,92.0,94.0,high,high,high,high,high,high,high,high,high,2026-08-21
hitter,DET,KC,Gleyber Torres,650402,1.0,2B,Confirmed,4.51,,,,,1.12,0.56,,,,,0.9639123033444489,1.282664889935437,0.5527363697639622,0.5678839922521998,1.0980834272829765,1.0519423744880296,0.33082813599833777,0.3677156824087611,,,1.07,0.58,0.36,1.93,0.35,2.11,0.19,0.01,0.0,0.35,2.057017543859649,2.146496053591175,0.194,,0.009,,0.0,,False,96.0,99.0,96.0,88.0,93.0,91.0,91.0,92.0,94.0,high,high,high,high,high,high,high,high,high,2026-08-21
hitter,DET,KC,Hao-Yu Lee,701678,2.0,3B,Confirmed,3.49,,,,,0.92,0.19,,,,,0.8529137740417418,0.9872971197921255,0.1975116682103059,0.18400813307647906,0.801980198019802,0.7279283378952404,0.11004732295708577,0.1034945643208666,,,0.76,0.39,0.25,1.35,0.11,1.24,0.17,0.01,0.0,0.303,1.3148148148148149,1.1781239618401167,0.168,,0.012,,0.0,,False,96.0,99.0,96.0,88.0,93.0,91.0,91.0,92.0,94.0,high,high,high,high,high,high,high,high,high,2026-08-21
hitter,DET,KC,Kevin McGonigle,805808,3.0,3B,Confirmed,4.74,,,,,0.7,0.51,,,,,0.658734598857604,0.736902773031421,0.502888511080115,0.5152832952785678,1.0980834272829765,1.141238967263514,0.17024934289816784,0.1660594655237308,,,1.12,0.63,0.4,2.04,0.17,1.86,0.21,0.01,0.0,0.375,1.914285714285714,1.8148905528121293,0.213,,0.01,,0.0,,False,96.0,99.0,96.0,88.0,93.0,91.0,91.0,92.0,94.0,high,high,high,high,high,high,high,high,high,2026-08-21
hitter,DET,KC,Dillon Dingler,693307,4.0,C,Confirmed,4.61,,,,,1.09,0.22,,,,,1.0018338878996587,1.1820069293448923,0.22448334292443223,0.21635804575216233,1.0980834272829765,1.1728004216093133,0.1710025265316882,0.18828434323871074,,,1.14,0.52,0.41,1.94,0.18,1.93,0.23,0.02,0.0,0.298,1.914285714285714,1.9459041707286122,0.226,,0.018,,0.0,,False,96.0,99.0,96.0,88.0,93.0,91.0,91.0,92.0,94.0,high,high,high,high,high,high,high,high,high,2026-08-21
hitter,DET,KC,Eduardo Valencia,680664,5.0,DH,Confirmed,3.81,,,,,0.84,0.42,,,,,0.837,,0.418,,0.772,,0.036,,,,0.77,0.41,0.31,1.49,0.04,1.15,0.15,0.01,0.0,0.282,1.152,,0.15,,0.011,,0.0,,True,40.0,44.0,40.0,32.0,37.0,35.0,35.0,36.0,38.0,low,low,low,low,low,low,low,low,low,2026-08-21
hitter,DET,KC,Spencer Torkelson,679529,6.0,1B,Confirmed,4.57,,,,,1.23,0.42,,,,,1.1899886225030423,1.2799615793336823,0.4203782188806998,0.4192155227305948,0.994208494208494,1.030040703742225,0.18325174905457067,0.21444359009411534,,,1.01,0.47,0.37,1.71,0.2,1.84,0.19,0.01,0.0,0.321,1.914285714285714,1.7860585480459157,0.19,,0.013,,0.0,,False,96.0,99.0,96.0,88.0,93.0,91.0,91.0,92.0,94.0,high,high,high,high,high,high,high,high,high,2026-08-21
hitter,DET,KC,Ben Malgeri,701162,7.0,RF,Confirmed,2.9,,,,,0.62,0.19,,,,,0.5309999043621819,0.7096659236692864,0.19750363241099284,0.18083141011047763,0.3344051446945337,0.268399300836209,0.06426871854496025,0.05669831812809792,,,0.3,0.23,0.15,0.79,0.06,0.61,0.1,0.01,0.0,0.254,0.6720588235294118,0.5512120972145066,0.103,,0.008,,0.0,,False,96.0,99.0,96.0,88.0,93.0,91.0,91.0,92.0,94.0,high,high,high,high,high,high,high,high,high,2026-08-21
hitter,DET,KC,Max Clark,703601,8.0,CF,Confirmed,2.26,,,,,0.61,0.15,,,,,0.5865925719311591,0.6320713937668203,0.18018861894060467,0.1259451480938144,0.28236711787185503,0.23831684719382898,0.06392265904947651,0.06950785275755543,,,0.26,0.18,0.13,0.67,0.07,0.57,0.08,0.01,0.0,0.237,0.6720588235294118,0.48383508554023125,0.079,,0.008,,0.0,,False,96.0,99.0,96.0,88.0,93.0,91.0,91.0,92.0,94.0,high,high,high,high,high,high,high,high,high,2026-08-21
hitter,DET,KC,Javier Báez,595879,9.0,SS,Confirmed,2.77,,,,,0.77,0.23,,,,,0.7689046572932883,0.7802680099050007,0.2284327469582489,0.22619546393536,0.3344051446945337,0.33320110452710583,0.029001692856479987,0.021900539334791646,,,0.33,0.26,0.21,1.06,0.03,0.42,0.12,0.02,0.0,0.282,0.44025157232704404,0.41084590686701195,0.115,,0.015,,0.0,,False,96.0,99.0,96.0,88.0,93.0,91.0,91.0,92.0,94.0,high,high,high,high,high,high,high,high,high,2026-08-21
hitter,HOU,ATH,Jose Altuve,514888,1.0,2B,Confirmed,4.04,,,,,0.55,0.33,,,,,0.5668786214346867,0.5383526839327031,0.3480579089134981,0.3045306803255935,1.0980834272829765,1.0788940186949696,0.16386597270025413,0.17570573739865067,,,1.09,0.38,0.24,1.2,0.17,1.81,0.12,0.01,0.0,0.251,1.914285714285714,1.7237964768993066,0.119,,0.007,,0.0,,False,96.0,99.0,96.0,88.0,93.0,91.0,91.0,92.0,94.0,high,high,high,high,high,high,high,high,high,2026-08-21
hitter,HOU,ATH,Yordan Alvarez,670541,2.0,LF,Confirmed,4.25,,,,,0.61,0.59,,,,,0.6281821014390031,0.5976210739749824,0.6190841086856809,0.5529116830215747,1.1391752577319587,1.125116475448748,0.42289415054131935,0.38775151638479877,,,1.13,0.59,0.38,1.61,0.41,2.64,0.1,0.01,0.0,0.376,2.75,2.549522509729228,0.104,,0.008,,0.0,,False,96.0,99.0,96.0,88.0,93.0,91.0,91.0,92.0,94.0,high,high,high,high,high,high,high,high,high,2026-08-21
hitter,HOU,ATH,Isaac Paredes,670623,3.0,DH,Confirmed,4.14,,,,,0.5,0.32,,,,,0.529481337320912,0.4761809219512815,0.3255486931124072,0.32358645560475624,1.0980834272829765,1.0550171227322462,0.2524692706070067,0.2069604452058699,,,1.07,0.41,0.33,1.33,0.23,1.97,0.13,0.01,0.0,0.264,2.057017543859649,1.9064140047646914,0.127,,0.007,,0.0,,False,96.0,99.0,96.0,88.0,93.0,91.0,91.0,92.0,94.0,high,high,high,high,high,high,high,high,high,2026-08-21
hitter,HOU,ATH,Daulton Varsho,662139,4.0,CF,Confirmed,3.74,,,,,0.84,0.19,,,,,0.7859840932834947,0.8903638409359016,0.19467500161763143,0.19005060306503438,0.35424354243542433,0.3597233186381841,0.13020406528708633,0.12578593033701477,,,0.36,0.35,0.3,1.06,0.13,0.85,0.11,0.01,0.0,0.243,0.7899761336515513,0.89390937800801,0.106,,0.009,,0.0,,False,96.0,99.0,96.0,88.0,93.0,91.0,91.0,92.0,94.0,high,high,high,high,high,high,high,high,high,2026-08-21
hitter,HOU,ATH,Christian Walker,572233,5.0,1B,Confirmed,3.96,,,,,0.79,0.28,,,,,0.761479141210864,0.828409823474615,0.29679839871516,0.2554171340017812,1.0980834272829765,1.0753230225344266,0.3324258681703056,0.2959944086381559,,,1.09,0.41,0.35,1.29,0.31,2.22,0.11,0.01,0.0,0.268,2.456692913385827,2.0303632166138152,0.109,,0.007,,0.0,,False,96.0,99.0,96.0,88.0,93.0,91.0,91.0,92.0,94.0,high,high,high,high,high,high,high,high,high,2026-08-21
hitter,HOU,ATH,Yainer Diaz,673237,6.0,C,Confirmed,3.96,,,,,0.52,0.19,,,,,0.5301203998928693,0.5020426574180037,0.1923709495695367,0.1946895564798571,1.0980834272829765,1.0973435390623911,0.21142509213623653,0.2019601034811906,,,1.1,0.32,0.31,1.21,0.21,1.96,0.1,0.01,0.0,0.228,2.057017543859649,1.8732511360235515,0.098,,0.007,,0.0,,False,96.0,99.0,96.0,88.0,93.0,91.0,91.0,92.0,94.0,high,high,high,high,high,high,high,high,high,2026-08-21
hitter,HOU,ATH,Cam Smith,701358,7.0,RF,Confirmed,3.54,,,,,0.64,0.24,,,,,0.6025957955745703,0.6681244827674866,0.2659799015078985,0.22171947876381254,0.994208494208494,0.8746074176829683,0.21182306652327174,0.1916747642371899,,,0.93,0.31,0.26,1.04,0.2,1.58,0.1,0.01,0.0,0.254,1.684375,1.4917792208757534,0.098,,0.007,,0.0,,False,96.0,99.0,96.0,88.0,93.0,91.0,91.0,92.0,94.0,high,high,high,high,high,high,high,high,high,2026-08-21
hitter,HOU,ATH,Raynel Delgado,669384,8.0,3B,Confirmed,3.09,,,,,0.52,0.15,,,,,0.4669478142046892,0.5771958619291807,0.15581670191522895,0.13853413705572418,0.4125159642401022,0.3785710919421122,0.05046646170980267,0.04082752108660348,,,0.39,0.23,0.17,0.81,0.05,0.64,0.09,0.01,0.0,0.224,0.6720588235294118,0.6145235614699915,0.087,,0.006,,0.0,,False,96.0,99.0,96.0,88.0,93.0,91.0,91.0,92.0,94.0,high,high,high,high,high,high,high,high,high,2026-08-21
hitter,HOU,ATH,Nick Allen,669397,9.0,SS,Confirmed,3.58,,,,,1.13,0.14,,,,,0.9823309905469843,1.2858311179742838,0.14694451718245238,0.1390220340479236,0.7061469265367316,0.6236943638392137,0.06112885551399399,0.10960375828174272,,,0.66,0.26,0.2,0.99,0.09,1.08,0.1,0.01,0.0,0.216,1.1238670694864048,1.042666645512188,0.098,,0.007,,0.0,,False,96.0,99.0,96.0,88.0,93.0,91.0,91.0,92.0,94.0,high,high,high,high,high,high,high,high,high,2026-08-21
hitter,ATH,HOU,Henry Bolte,703607,1.0,CF,Confirmed,4.14,,,,,1.36,0.1,,,,,1.2033978919285744,1.5265752413082656,0.09917011548509351,0.09507194606098907,0.35424354243542433,0.4817549305759131,0.025200975798928233,0.012977605018002394,,,0.42,0.47,0.36,1.7,0.02,0.53,0.2,0.01,0.0,0.29,0.44025157232704404,0.6122350432904773,0.195,,0.007,,0.0,,False,96.0,99.0,96.0,88.0,93.0,91.0,91.0,92.0,94.0,high,high,high,high,high,high,high,high,high,2026-08-21
hitter,ATH,HOU,Jeff McNeil,643446,2.0,1B,Confirmed,3.1,,,,,0.46,0.09,,,,,0.4562738252600935,0.4567450554720696,0.09023724280640591,0.0888255335307394,0.5290322580645161,0.4710385554550525,0.021156618442382966,0.027714132582123685,,,0.5,0.41,0.31,1.43,0.02,0.74,0.15,0.01,0.0,0.332,0.7899761336515513,0.7010071286437857,0.145,,0.009,,0.0,,False,96.0,99.0,96.0,88.0,93.0,91.0,91.0,92.0,94.0,high,high,high,high,high,high,high,high,high,2026-08-21
hitter,ATH,HOU,Zack Gelof,680869,3.0,LF,Confirmed,4.18,,,,,1.58,0.1,,,,,1.431238044097651,1.7271899294896753,0.09220660234135336,0.10511237985923567,0.3344051446945337,0.47520480504308904,0.03287696878174812,0.045582462594014994,,,0.41,0.5,0.44,1.82,0.04,0.59,0.15,0.01,0.0,0.296,0.4591194968553459,0.7011736787303496,0.146,,0.009,,0.0,,False,96.0,99.0,96.0,88.0,93.0,91.0,91.0,92.0,94.0,high,high,high,high,high,high,high,high,high,2026-08-21
hitter,ATH,HOU,Carlos Cortes,666126,4.0,LF,Confirmed,2.9,,,,,0.78,0.06,,,,,0.7197791658473183,0.8302758706035551,0.07879280754406576,0.03870654970305354,0.2543859649122807,0.2732105731142489,0.022174395636202784,0.028602025703931416,,,0.26,0.38,0.34,1.43,0.03,0.39,0.12,0.01,0.0,0.324,0.3888888888888889,0.3958657892239989,0.124,,0.008,,0.0,,False,96.0,99.0,96.0,88.0,93.0,91.0,91.0,92.0,94.0,high,high,high,high,high,high,high,high,high,2026-08-21
hitter,ATH,HOU,Lawrence Butler,671732,5.0,RF,Confirmed,3.49,,,,,1.34,0.13,,,,,1.2486215344114153,1.424671082076536,0.1289941825273632,0.1213141339438981,0.3344051446945337,0.2990740652435922,0.027601913558351326,0.03821066806550273,,,0.31,0.45,0.38,1.54,0.03,0.47,0.15,0.01,0.0,0.329,0.44025157232704404,0.49982368581408954,0.148,,0.008,,0.0,,False,96.0,99.0,96.0,88.0,93.0,91.0,91.0,92.0,94.0,high,high,high,high,high,high,high,high,high,2026-08-21
hitter,ATH,HOU,Tommy White,695720,6.0,3B,Confirmed,2.07,,,,,0.57,0.11,,,,,0.5167661629712988,0.6233506558776672,0.1396071112481467,0.08013546259709639,0.4125159642401022,0.26909123806240054,0.07916155608181519,0.07753671119118405,,,0.33,0.21,0.2,0.82,0.08,0.67,0.1,0.01,0.0,0.293,0.7899761336515513,0.5696818767929775,0.103,,0.007,,0.0,,False,96.0,99.0,96.0,88.0,93.0,91.0,91.0,92.0,94.0,high,high,high,high,high,high,high,high,high,2026-08-21
hitter,ATH,HOU,Jonah Heim,641680,7.0,C,Confirmed,3.58,,,,,1.03,0.11,,,,,0.9663690888875166,1.0964662218618688,0.09602025876534573,0.11620826487540004,0.3344051446945337,0.3457666875597612,0.028835568518642444,0.03452976593284491,,,0.34,0.39,0.34,1.53,0.03,0.52,0.18,0.01,0.0,0.317,0.4591194968553459,0.5613249611404728,0.185,,0.01,,0.0,,False,96.0,99.0,96.0,88.0,93.0,91.0,91.0,92.0,94.0,high,high,high,high,high,high,high,high,high,2026-08-21
hitter,ATH,HOU,Donovan Walton,622268,8.0,2B,Confirmed,3.58,,,,,0.85,0.13,,,,,0.8352993103976788,0.8576570399396983,0.1418073160435803,0.12301779392196972,1.0980834272829765,0.9143537709901448,0.04078599862929413,0.0467509512761569,,,1.0,0.39,0.34,1.53,0.04,1.25,0.15,0.01,0.0,0.311,1.3148148148148149,1.2000713150502222,0.146,,0.008,,0.0,,False,96.0,99.0,96.0,88.0,93.0,91.0,91.0,92.0,94.0,high,high,high,high,high,high,high,high,high,2026-08-21
hitter,ATH,HOU,Max Muncy,691777,9.0,DH,Confirmed,3.49,,,,,1.46,0.07,,,,,1.4411772824659963,1.4753013848203538,0.08290361929045821,0.06575181772654488,0.3344051446945337,0.3014032971906486,0.030983601856183103,0.034419833878445216,,,0.32,0.38,0.34,1.49,0.03,0.48,0.15,0.01,0.0,0.314,0.44025157232704404,0.5193762381175718,0.146,,0.007,,0.0,,False,96.0,99.0,96.0,88.0,93.0,91.0,91.0,92.0,94.0,high,high,high,high,high,high,high,high,high,2026-08-21
hitter,TEX,LAA,Justin Foscue,679822,1.0,DH,Confirmed,2.26,,,,,0.41,0.15,,,,,0.3440348112688921,0.4809148715672861,0.1657506865407548,0.1340015352896492,0.4125159642401022,0.3798014875248325,0.08529237326132694,0.051751706289083765,,,0.39,0.24,0.18,0.84,0.07,0.66,0.09,0.01,0.0,0.277,0.7899761336515513,0.5545357346734018,0.095,,0.007,,0.0,,False,96.0,99.0,96.0,88.0,93.0,91.0,91.0,92.0,94.0,high,high,high,high,high,high,high,high,high,2026-08-21
hitter,TEX,LAA,Corey Seager,608369,2.0,SS,Confirmed,4.68,,,,,0.95,0.83,,,,,0.9412900087891257,0.9598104962414863,0.8608396298259803,0.8074556781821773,0.8949771689497716,0.950383851828898,0.18216259717268551,0.1941556825486435,,,0.93,0.66,0.48,2.25,0.19,1.72,0.23,0.01,0.0,0.367,1.684375,1.745084098607062,0.232,,0.009,,0.0,,False,96.0,99.0,96.0,88.0,93.0,91.0,91.0,92.0,94.0,high,high,high,high,high,high,high,high,high,2026-08-21
hitter,TEX,LAA,Wyatt Langford,694671,3.0,LF,Confirmed,4.68,,,,,1.26,0.38,,,,,1.2623324352773468,1.2662890243049891,0.36683283284699897,0.3990901808640181,1.0980834272829765,1.1528823113327504,0.19055021369720362,0.19184463932376775,,,1.13,0.62,0.51,2.12,0.19,2.04,0.17,0.01,0.0,0.338,2.057017543859649,2.0247247015461864,0.173,,0.009,,0.0,,False,96.0,99.0,96.0,88.0,93.0,91.0,91.0,92.0,94.0,high,high,high,high,high,high,high,high,high,2026-08-21
hitter,TEX,LAA,Brandon Nimmo,607043,4.0,RF,Confirmed,4.25,,,,,0.72,0.3,,,,,0.6315414962165992,0.8071391787673853,0.30354517339995535,0.2957378446911943,0.801980198019802,0.8383644229683213,0.1265836812024417,0.12730438714408135,,,0.82,0.6,0.52,2.22,0.13,1.43,0.24,0.01,0.0,0.358,1.3893129770992367,1.4554734246370713,0.237,,0.012,,0.0,,False,96.0,99.0,96.0,88.0,93.0,91.0,91.0,92.0,94.0,high,high,high,high,high,high,high,high,high,2026-08-21
hitter,TEX,LAA,Ezequiel Duran,677649,5.0,3B,Confirmed,3.96,,,,,0.66,0.18,,,,,0.5586870300462482,0.7526653472362447,0.18536059772375657,0.1834384512200506,0.7061469265367316,0.6523942124856554,0.04932949906380797,0.06265027037300168,,,0.68,0.42,0.36,1.66,0.06,1.03,0.16,0.01,0.0,0.269,1.001763668430335,1.056288885664093,0.16,,0.012,,0.0,,False,96.0,99.0,96.0,88.0,93.0,91.0,91.0,92.0,94.0,high,high,high,high,high,high,high,high,high,2026-08-21
hitter,TEX,LAA,Jake Burger,669394,6.0,1B,Confirmed,4.04,,,,,0.82,0.24,,,,,0.746143607197411,0.9009496112504967,0.24968881959393632,0.23719042036211158,0.707983193277311,0.7533466694063728,0.15121676019301436,0.15507433405225537,,,0.73,0.45,0.46,1.8,0.15,1.35,0.18,0.01,0.0,0.314,1.3148148148148149,1.3712825212295858,0.179,,0.009,,0.0,,False,96.0,99.0,96.0,88.0,93.0,91.0,91.0,92.0,94.0,high,high,high,high,high,high,high,high,high,2026-08-21
hitter,TEX,LAA,Cody Freeman,683227,7.0,2B,Confirmed,2.55,,,,,0.74,0.11,,,,,0.7607853635080936,0.7151542178304937,0.11806576037805488,0.10034290919958372,0.4125159642401022,0.33465838181944707,0.018219114089270697,0.011114662319975559,,,0.37,0.2,0.17,0.78,0.01,0.5,0.13,0.01,0.0,0.231,0.5302013422818792,0.47016473047816665,0.127,,0.008,,0.0,,False,96.0,99.0,96.0,88.0,93.0,91.0,91.0,92.0,94.0,high,high,high,high,high,high,high,high,high,2026-08-21
hitter,TEX,LAA,Elias Díaz,553869,8.0,C,Confirmed,3.49,,,,,0.67,0.16,,,,,0.6003145173826608,0.7485335607801915,0.17356289636084588,0.15634955569046907,0.6434108527131783,0.6048755380033451,0.09458115406617731,0.09170333971859441,,,0.62,0.36,0.33,1.46,0.09,0.98,0.16,0.01,0.0,0.298,1.001763668430335,0.968466976066616,0.157,,0.009,,0.0,,False,96.0,99.0,96.0,88.0,93.0,91.0,91.0,92.0,94.0,high,high,high,high,high,high,high,high,high,2026-08-21
hitter,TEX,LAA,Evan Carter,694497,9.0,CF,Confirmed,3.1,,,,,0.67,0.23,,,,,0.6376609583180349,0.6994115299771035,0.2511497161349867,0.21320964666739023,0.5290322580645161,0.4815595144587206,0.07042185316061025,0.06381720064638849,,,0.5,0.35,0.28,1.33,0.07,0.84,0.14,0.01,0.0,0.329,0.9875776397515532,0.7119723992544137,0.141,,0.009,,0.0,,False,96.0,99.0,96.0,88.0,93.0,91.0,91.0,92.0,94.0,high,high,high,high,high,high,high,high,high,2026-08-21
hitter,LAA,TEX,Zach Neto,687263,1.0,SS,Confirmed,4.45,,,,,1.62,0.26,,,,,1.5848552805543796,1.6494686637970344,0.2519924595497586,0.27797672660898304,1.1391752577319587,1.2088166550759614,0.07889473475605452,0.09206072789655353,,,1.18,0.61,0.5,2.21,0.09,1.84,0.23,0.01,0.0,0.335,1.914285714285714,1.7839901646006857,0.232,,0.008,,0.0,,False,96.0,99.0,96.0,88.0,93.0,91.0,91.0,92.0,94.0,high,high,high,high,high,high,high,high,high,2026-08-21
hitter,LAA,TEX,Mike Trout,545361,2.0,CF,Confirmed,4.57,,,,,1.26,0.75,,,,,1.2698591299195348,1.2541450170820894,0.702677673728757,0.7891138928578423,0.8770949720670391,0.8887420363586677,0.2714056748425758,0.24078831333385195,,,0.88,0.63,0.51,2.14,0.26,1.81,0.17,0.01,0.0,0.341,1.914285714285714,1.7190312478489038,0.173,,0.007,,0.0,,False,96.0,99.0,96.0,88.0,93.0,91.0,91.0,92.0,94.0,high,high,high,high,high,high,high,high,high,2026-08-21
hitter,LAA,TEX,Moisés Ballesteros,694208,3.0,DH,Confirmed,3.1,,,,,0.92,0.35,,,,,0.9438301999956372,0.8905024141290238,0.37532296389045705,0.3213444670795345,0.7061469265367316,0.5789553031349157,0.09451045566405555,0.07949926562675867,,,0.64,0.37,0.33,1.41,0.09,1.04,0.14,0.01,0.0,0.291,1.239368165249089,0.8853767832327172,0.136,,0.008,,0.0,,False,96.0,99.0,96.0,88.0,93.0,91.0,91.0,92.0,94.0,high,high,high,high,high,high,high,high,high,2026-08-21
hitter,LAA,TEX,Vaughn Grissom,687093,4.0,1B,Confirmed,3.74,,,,,0.79,0.18,,,,,0.7666542912460494,0.8221628625662453,0.16905401819683347,0.18173486838341546,1.0980834272829765,1.0159175688760886,0.036943209292771756,0.03820247416505921,,,1.05,0.49,0.44,1.93,0.04,1.31,0.17,0.01,0.0,0.324,1.3893129770992367,1.2444999305878164,0.174,,0.01,,0.0,,False,96.0,99.0,96.0,88.0,93.0,91.0,91.0,92.0,94.0,high,high,high,high,high,high,high,high,high,2026-08-21
hitter,LAA,TEX,Jose Siri,642350,5.0,LF,Confirmed,3.33,,,,,1.26,0.16,,,,,1.1895484894206076,1.3272169371890008,0.17301251769580667,0.15576731847831862,0.7715355805243446,0.6493429754343625,0.034427657641547316,0.02920289345076443,,,0.7,0.36,0.33,1.4,0.03,0.92,0.14,0.01,0.0,0.268,0.9875776397515532,0.8651512285839551,0.142,,0.007,,0.0,,False,96.0,99.0,96.0,88.0,93.0,91.0,91.0,92.0,94.0,high,high,high,high,high,high,high,high,high,2026-08-21
hitter,LAA,TEX,Denzer Guzman,694203,6.0,3B,Confirmed,4.25,,,,,1.44,0.18,,,,,1.3925647295027423,1.488905582434977,0.174261127846213,0.17595698071097152,1.1391752577319587,1.1352588215366715,0.048319018464899055,0.059291347452773535,,,1.14,0.49,0.52,2.1,0.05,1.75,0.22,0.01,0.0,0.317,1.914285714285714,1.6141188560566908,0.22,,0.009,,0.0,,False,96.0,99.0,96.0,88.0,93.0,91.0,91.0,92.0,94.0,high,high,high,high,high,high,high,high,high,2026-08-21
hitter,LAA,TEX,Josh Lowe,666139,7.0,RF,Confirmed,3.96,,,,,1.25,0.14,,,,,1.21401097696596,1.2843845467862023,0.14399933786388922,0.12704877726956967,1.0980834272829765,1.0202702499621887,0.05078125955603159,0.056184157554814325,,,1.06,0.41,0.39,1.7,0.05,1.4,0.18,0.01,0.0,0.287,1.3893129770992367,1.410160777322243,0.182,,0.009,,0.0,,False,96.0,99.0,96.0,88.0,93.0,91.0,91.0,92.0,94.0,high,high,high,high,high,high,high,high,high,2026-08-21
hitter,LAA,TEX,Travis d'Arnaud,518595,8.0,C,Confirmed,2.55,,,,,0.67,0.26,,,,,0.6945258478903633,0.6391940378515958,0.27533212958535314,0.2379940637862254,0.4125159642401022,0.4182539395331208,0.07884279997374,0.05670469603271735,,,0.42,0.26,0.25,1.09,0.07,0.82,0.12,0.01,0.0,0.288,0.9875776397515532,0.6832607282540235,0.12,,0.009,,0.0,,False,96.0,99.0,96.0,88.0,93.0,91.0,91.0,92.0,94.0,high,high,high,high,high,high,high,high,high,2026-08-21
hitter,LAA,TEX,Oswald Peraza,672724,9.0,2B,Confirmed,3.89,,,,,1.37,0.18,,,,,1.278786074893206,1.4555695656538408,0.15808922890448013,0.1938800754810559,1.0980834272829765,0.9771907450718867,0.04731462443948239,0.053311237072998945,,,1.03,0.44,0.41,1.84,0.05,1.37,0.16,0.01,0.0,0.31,1.3893129770992367,1.3532536030890638,0.161,,0.01,,0.0,,False,96.0,99.0,96.0,88.0,93.0,91.0,91.0,92.0,94.0,high,high,high,high,high,high,high,high,high,2026-08-21
hitter,COL,CLE,Jake McCarthy,664983,1.0,LF,Confirmed,4.39,,,,,0.54,0.21,,,,,0.5474836309525255,0.5343216677998016,0.218246238075189,0.2010998434593481,0.994208494208494,0.9976544977618375,0.08313842905203428,0.08396435648035107,,,1.0,0.41,0.29,1.5,0.08,1.47,0.15,0.01,0.0,0.246,1.3893129770992367,1.5408821554641667,0.153,,0.014,,0.0,,False,96.0,99.0,96.0,88.0,93.0,91.0,91.0,92.0,94.0,high,high,high,high,high,high,high,high,high,2026-08-21
hitter,COL,CLE,Kyle Karros,691720,2.0,3B,Confirmed,4.25,,,,,0.73,0.39,,,,,0.6376747957873126,0.8304340650991574,0.3768864419721889,0.4096432439452442,0.801980198019802,0.8354716481442447,0.12044727471851385,0.11087279592555008,,,0.82,0.41,0.25,1.35,0.12,1.27,0.14,0.01,0.0,0.266,1.239368165249089,1.2901383766016825,0.136,,0.007,,0.0,,False,96.0,99.0,96.0,88.0,93.0,91.0,91.0,92.0,94.0,high,high,high,high,high,high,high,high,high,2026-08-21
hitter,COL,CLE,Cole Carrigg,694249,3.0,CF,Confirmed,3.33,,,,,0.65,0.28,,,,,0.606284052408713,0.7030960086119062,0.3058675488365936,0.2545376952822823,0.7061469265367316,0.5971386947252401,0.08262533355874002,0.08161702205625287,,,0.65,0.29,0.18,0.88,0.08,1.14,0.11,0.01,0.0,0.25,1.239368165249089,1.067359200135935,0.112,,0.009,,0.0,,False,96.0,99.0,96.0,88.0,93.0,91.0,91.0,92.0,94.0,high,high,high,high,high,high,high,high,high,2026-08-21
hitter,COL,CLE,TJ Rumfield,681198,4.0,1B,Confirmed,3.48,,,,,0.43,0.26,,,,,0.41349420991974795,0.44033402387589105,0.26380902885171575,0.25627925890583675,0.7061469265367316,0.622478305648443,0.04548898721965443,0.05721316724624566,,,0.66,0.26,0.17,0.84,0.05,1.02,0.11,0.01,0.0,0.21,1.1238670694864048,0.9349508822177375,0.107,,0.007,,0.0,,False,96.0,99.0,96.0,88.0,93.0,91.0,91.0,92.0,94.0,high,high,high,high,high,high,high,high,high,2026-08-21
hitter,COL,CLE,Willi Castro,650489,5.0,SS,Confirmed,4.18,,,,,0.77,0.29,,,,,0.7038407498008448,0.8315923883345938,0.3147167888603426,0.2699439215897675,0.801980198019802,0.7870882808749825,0.11833214401817935,0.11604145885124162,,,0.79,0.38,0.27,1.3,0.12,1.39,0.13,0.01,0.0,0.251,1.3893129770992367,1.3913726337365175,0.127,,0.008,,0.0,,False,96.0,99.0,96.0,88.0,93.0,91.0,91.0,92.0,94.0,high,high,high,high,high,high,high,high,high,2026-08-21
hitter,COL,CLE,Jordan Beck,687597,6.0,RF,Confirmed,3.81,,,,,1.45,0.29,,,,,1.380855183711683,1.5148563307142544,0.3100474301913675,0.2656305757567474,0.7715355805243446,0.72209336880929,0.07016078026537004,0.06473062133051773,,,0.74,0.33,0.27,1.24,0.07,1.25,0.13,0.01,0.0,0.266,1.3148148148148149,1.1985148121884468,0.133,,0.007,,0.0,,False,96.0,99.0,96.0,88.0,93.0,91.0,91.0,92.0,94.0,high,high,high,high,high,high,high,high,high,2026-08-21
hitter,COL,CLE,Mickey Moniak,666160,7.0,DH,Confirmed,3.74,,,,,0.71,0.21,,,,,0.6551943648599535,0.7689582337938617,0.2122825270135639,0.19789928986372768,0.801980198019802,0.738201364779205,0.15717625823040626,0.1322401281310417,,,0.77,0.3,0.22,1.1,0.14,1.33,0.13,0.01,0.0,0.253,1.3893129770992367,1.275870214728017,0.134,,0.009,,0.0,,False,96.0,99.0,96.0,88.0,93.0,91.0,91.0,92.0,94.0,high,high,high,high,high,high,high,high,high,2026-08-21
hitter,COL,CLE,Braxton Fulford,690924,8.0,C,Confirmed,1.84,,,,,0.56,0.12,,,,,0.5807217399543119,0.5378250504053824,0.1639683580271818,0.08211741819553908,0.26722652666781754,0.18588397856311967,0.04247636871502407,0.026156860216760662,,,0.22,0.12,0.08,0.4,0.03,0.38,0.07,0.01,0.0,0.221,0.4591194968553459,0.3194679419542193,0.066,,0.006,,0.0,,False,96.0,99.0,96.0,88.0,93.0,91.0,91.0,92.0,94.0,high,high,high,high,high,high,high,high,high,2026-08-21
hitter,COL,CLE,Ezequiel Tovar,678662,9.0,SS,Confirmed,3.96,,,,,0.72,0.23,,,,,0.6700865920594863,0.7623160240728941,0.23724151363380933,0.21377815500103284,0.7715355805243446,0.7618267753232032,0.12634643744133123,0.11738462436112475,,,0.77,0.32,0.24,1.2,0.12,1.33,0.15,0.01,0.0,0.249,1.3148148148148149,1.334746357536197,0.153,,0.009,,0.0,,False,96.0,99.0,96.0,88.0,93.0,91.0,91.0,92.0,94.0,high,high,high,high,high,high,high,high,high,2026-08-21
hitter,CLE,COL,Steven Kwan,680757,1.0,LF,Confirmed,3.74,,,,,0.35,0.39,,,,,0.32709400386998033,0.3652160335313576,0.4042946401435048,0.36704079645762355,1.0,0.8415133046168857,0.09896230016506305,0.10267315209961003,,,0.91,0.5,0.38,1.75,0.1,1.37,0.12,0.01,0.0,0.328,1.5956790123456794,1.1936913883888036,0.124,,0.011,,0.0,,False,96.0,99.0,96.0,88.0,93.0,91.0,91.0,92.0,94.0,high,high,high,high,high,high,high,high,high,2026-08-21
hitter,CLE,COL,Chase DeLauter,800050,2.0,RF,Confirmed,4.61,,,,,0.63,0.42,,,,,0.6746441974221874,0.5870731481221466,0.4188676946559797,0.42542687767455556,1.0980834272829765,1.1653900273778943,0.22657141755735657,0.21291047643677186,,,1.14,0.65,0.53,2.32,0.22,2.12,0.17,0.02,0.0,0.341,2.057017543859649,2.166842306338206,0.172,,0.017,,0.0,,False,96.0,99.0,96.0,88.0,93.0,91.0,91.0,92.0,94.0,high,high,high,high,high,high,high,high,high,2026-08-21
hitter,CLE,COL,José Ramírez,608070,3.0,3B,Confirmed,4.18,,,,,0.6,0.26,,,,,0.5636691537324743,0.635344841412245,0.26737283225915454,0.25588970018543533,0.8694581280788177,0.857487202432815,0.13771891491064822,0.1539965440900298,,,0.86,0.66,0.63,2.28,0.15,1.43,0.14,0.01,0.0,0.377,1.3893129770992367,1.4587557085022935,0.144,,0.01,,0.0,,False,96.0,99.0,96.0,88.0,93.0,91.0,91.0,92.0,94.0,high,high,high,high,high,high,high,high,high,2026-08-21
hitter,CLE,COL,Jo Adell,666176,4.0,DH,Confirmed,4.25,,,,,1.32,0.14,,,,,1.2483020031254366,1.3934044489861688,0.15619379577969666,0.1327746572962627,1.1391752577319587,1.188959946927908,0.07759994553553984,0.09513254602498401,,,1.17,0.86,0.92,2.91,0.09,1.84,0.2,0.01,0.0,0.463,1.914285714285714,1.7803632709972428,0.196,,0.012,,0.0,,False,96.0,99.0,96.0,88.0,93.0,91.0,91.0,92.0,94.0,high,high,high,high,high,high,high,high,high,2026-08-21
hitter,CLE,COL,Nathaniel Lowe,663993,5.0,1B,Confirmed,3.33,,,,,0.9,0.31,,,,,0.9317264132794262,0.8644499113208323,0.3329581121713261,0.29128493098712765,0.801980198019802,0.6984643536060376,0.03848349362593402,0.03137067311140464,,,0.75,0.55,0.56,1.82,0.03,1.13,0.12,0.01,0.0,0.39,1.239368165249089,1.0397659625299225,0.116,,0.01,,0.0,,False,96.0,99.0,96.0,88.0,93.0,91.0,91.0,92.0,94.0,high,high,high,high,high,high,high,high,high,2026-08-21
hitter,CLE,COL,Angel Genao,694197,6.0,SS,Confirmed,3.81,,,,,0.88,0.23,,,,,0.884,,0.234,,0.802,,0.245,,,,0.8,0.44,0.49,1.74,0.24,1.91,0.12,0.01,0.0,0.316,1.914,,0.118,,0.011,,0.0,,True,40.0,44.0,40.0,32.0,37.0,35.0,35.0,36.0,38.0,low,low,low,low,low,low,low,low,low,2026-08-21
hitter,CLE,COL,Travis Bazzana,683953,7.0,2B,Confirmed,4.74,,,,,0.98,0.69,,,,,1.0226503292396278,0.9397226212236603,0.7083195112904247,0.6659979018050701,1.0980834272829765,1.148451129147972,0.3198357047082967,0.3962227123126268,,,1.13,0.68,0.65,2.42,0.36,2.21,0.18,0.01,0.0,0.394,2.057017543859649,2.340601329140089,0.175,,0.01,,0.0,,False,96.0,99.0,96.0,88.0,93.0,91.0,91.0,92.0,94.0,high,high,high,high,high,high,high,high,high,2026-08-21
hitter,CLE,COL,Patrick Bailey,672275,8.0,C,Confirmed,3.33,,,,,0.85,0.33,,,,,0.8903982722967432,0.8160113797462648,0.3576082650685214,0.29438782519082013,0.707983193277311,0.6235104610319773,0.0989865204841994,0.10048222102370516,,,0.66,0.35,0.32,1.38,0.1,1.19,0.11,0.01,0.0,0.295,1.3148148148148149,1.0828805416185552,0.113,,0.013,,0.0,,False,96.0,99.0,96.0,88.0,93.0,91.0,91.0,92.0,94.0,high,high,high,high,high,high,high,high,high,2026-08-21
hitter,CLE,COL,Petey Halpin,690984,9.0,CF,Confirmed,2.55,,,,,0.74,0.05,,,,,0.7308193081934173,0.7572423316432267,0.062338529731416896,0.03697634196780734,0.4125159642401022,0.3270201986324992,0.013731326979438107,0.010745167474963785,,,0.37,0.25,0.22,0.95,0.01,0.54,0.08,0.01,0.0,0.276,0.6720588235294118,0.4252881414372698,0.083,,0.01,,0.0,,False,96.0,99.0,96.0,88.0,93.0,91.0,91.0,92.0,94.0,high,high,high,high,high,high,high,high,high,2026-08-21
hitter,AZ,CIN,Ildemaro Vargas,545121,1.0,2B,Confirmed,3.49,,,,,0.4,0.13,,,,,0.4006820463359323,0.39325318431713896,0.14645896946242062,0.11899534564958934,0.994208494208494,0.8928911156198108,0.17158450373741263,0.18158799910804016,,,0.94,0.37,0.28,1.45,0.18,1.59,0.17,0.01,0.0,0.268,1.684375,1.5213438771393628,0.17,,0.013,,0.0,,False,96.0,99.0,96.0,88.0,93.0,91.0,91.0,92.0,94.0,high,high,high,high,high,high,high,high,high,2026-08-21
hitter,AZ,CIN,Corbin Carroll,682998,2.0,RF,Confirmed,4.18,,,,,0.94,0.3,,,,,0.9139323164332736,0.9722618795479872,0.3002121122299346,0.3032429044911954,1.0980834272829765,1.0082725021289776,0.331448064779955,0.3917323896512827,,,1.05,0.44,0.3,1.61,0.36,2.44,0.19,0.02,0.0,0.276,2.456692913385827,2.4184632753493323,0.189,,0.02,,0.0,,False,96.0,99.0,96.0,88.0,93.0,91.0,91.0,92.0,94.0,high,high,high,high,high,high,high,high,high,2026-08-21
hitter,AZ,CIN,Gabriel Moreno,672515,3.0,C,Confirmed,3.96,,,,,0.62,0.29,,,,,0.6094115108893353,0.6249629919302113,0.3014893922284396,0.27865635524884724,1.0980834272829765,0.9842188725096778,0.18863120592050803,0.194789249502883,,,1.04,0.44,0.34,1.65,0.19,1.78,0.19,0.01,0.0,0.292,1.914285714285714,1.6617039752854497,0.193,,0.01,,0.0,,False,96.0,99.0,96.0,88.0,93.0,91.0,91.0,92.0,94.0,high,high,high,high,high,high,high,high,high,2026-08-21
hitter,AZ,CIN,Geraldo Perdomo,672695,4.0,SS,Confirmed,4.18,,,,,0.44,0.39,,,,,0.4654370228055593,0.42298408718180236,0.39589287345732815,0.3765460650387197,1.0980834272829765,0.9925634006057685,0.18794533262913715,0.19310834805472246,,,1.04,0.47,0.35,1.71,0.19,1.83,0.17,0.01,0.0,0.296,1.914285714285714,1.7686694451726028,0.172,,0.011,,0.0,,False,96.0,99.0,96.0,88.0,93.0,91.0,91.0,92.0,94.0,high,high,high,high,high,high,high,high,high,2026-08-21
hitter,AZ,CIN,Nolan Arenado,571448,5.0,DH,Confirmed,3.81,,,,,0.55,0.18,,,,,0.561821026413731,0.5296157210302317,0.1924162208491832,0.17545910058564157,0.994208494208494,0.9431398978787436,0.191722654834219,0.2046409306036013,,,0.97,0.38,0.32,1.5,0.2,1.77,0.17,0.01,0.0,0.257,1.914285714285714,1.650616229976722,0.171,,0.011,,0.0,,False,96.0,99.0,96.0,88.0,93.0,91.0,91.0,92.0,94.0,high,high,high,high,high,high,high,high,high,2026-08-21
hitter,AZ,CIN,Tim Tawa,694374,6.0,3B,Confirmed,2.77,,,,,0.86,0.32,,,,,0.9229170867946141,0.7976254838766741,0.36642259498976015,0.2739086913147461,0.4125159642401022,0.37019421218248766,0.027408843866840064,0.010916868369004407,,,0.39,0.2,0.17,0.78,0.02,0.61,0.11,0.01,0.0,0.223,0.6720588235294118,0.5612485339544454,0.109,,0.009,,0.0,,False,96.0,99.0,96.0,88.0,93.0,91.0,91.0,92.0,94.0,high,high,high,high,high,high,high,high,high,2026-08-21
hitter,AZ,CIN,Jordan Lawlar,691783,7.0,CF,Confirmed,4.04,,,,,0.92,0.4,,,,,0.8730379610700537,0.9573863554568379,0.38506735663548675,0.40674249149162234,0.994208494208494,0.8664492839743974,0.10785143575878231,0.10360982528487332,,,0.92,0.35,0.27,1.39,0.11,1.44,0.15,0.01,0.0,0.258,1.4759615384615385,1.4150585307763004,0.149,,0.01,,0.0,,False,96.0,99.0,96.0,88.0,93.0,91.0,91.0,92.0,94.0,high,high,high,high,high,high,high,high,high,2026-08-21
hitter,AZ,CIN,Jose Fernandez,699912,8.0,SS,Confirmed,3.81,,,,,0.8,0.12,,,,,0.7228560985226885,0.885532662138426,0.10789704505061679,0.13193941908934306,0.801980198019802,0.8228614151561003,0.018136456365867207,0.016415220860678235,,,0.81,0.33,0.27,1.4,0.02,1.11,0.17,0.01,0.0,0.249,1.1238670694864048,1.0966263474443485,0.168,,0.013,,0.0,,False,96.0,99.0,96.0,88.0,93.0,91.0,91.0,92.0,94.0,high,high,high,high,high,high,high,high,high,2026-08-21
hitter,AZ,CIN,Ryan Waldschmidt,814439,9.0,LF,Confirmed,4.18,,,,,1.16,0.27,,,,,1.0612525522492573,1.2615555048363345,0.273184657883214,0.26660867830348844,0.801980198019802,0.7438686784301088,0.08901753525544642,0.10610470897992608,,,0.77,0.36,0.3,1.53,0.1,1.23,0.17,0.01,0.0,0.253,1.239368165249089,1.21466404742641,0.168,,0.013,,0.0,,False,96.0,99.0,96.0,88.0,93.0,91.0,91.0,92.0,94.0,high,high,high,high,high,high,high,high,high,2026-08-21
hitter,CIN,AZ,Elly De La Cruz,682829,1.0,SS,Confirmed,4.04,,,,,0.95,0.2,,,,,0.9407379064598763,0.960051071735912,0.20229666291445095,0.1892171795844237,0.707983193277311,0.7328122978260554,0.11783049897414555,0.13013552282961174,,,0.72,0.45,0.38,1.7,0.12,1.24,0.19,0.01,0.0,0.274,1.239368165249089,1.2479466233566368,0.194,,0.012,,0.0,,False,96.0,99.0,96.0,88.0,93.0,91.0,91.0,92.0,94.0,high,high,high,high,high,high,high,high,high,2026-08-21
hitter,CIN,AZ,Sal Stewart,701398,2.0,1B,Confirmed,3.96,,,,,0.91,0.16,,,,,0.8764297913834335,0.9367802062507468,0.17184763586461652,0.1579454932968373,0.7061469265367316,0.6746404279791943,0.16966085478267284,0.1560517567499521,,,0.69,0.47,0.41,1.68,0.16,1.25,0.18,0.01,0.0,0.282,1.239368165249089,1.2546865360941866,0.179,,0.008,,0.0,,False,96.0,99.0,96.0,88.0,93.0,91.0,91.0,92.0,94.0,high,high,high,high,high,high,high,high,high,2026-08-21
hitter,CIN,AZ,Dane Myers,667472,3.0,CF,Confirmed,1.84,,,,,0.61,0.09,,,,,0.7176473069337549,0.49874827916426384,0.11322564833246766,0.06481470334458576,0.4125159642401022,0.2881327042415299,0.06415409470777739,0.03823042821415152,,,0.34,0.19,0.19,0.73,0.05,0.61,0.11,0.01,0.0,0.265,0.7899761336515513,0.4586033357641903,0.109,,0.008,,0.0,,False,96.0,99.0,96.0,88.0,93.0,91.0,91.0,92.0,94.0,high,high,high,high,high,high,high,high,high,2026-08-21
hitter,CIN,AZ,Eugenio Suárez,553993,4.0,DH,Confirmed,3.81,,,,,0.96,0.16,,,,,0.8965613414687922,1.0309345395303533,0.1516106232659913,0.16740697788581133,0.5290322580645161,0.5583582781436409,0.19667625046332987,0.17591798793725238,,,0.55,0.48,0.49,1.74,0.19,1.16,0.16,0.01,0.0,0.293,1.1521739130434783,1.1706614217508793,0.16,,0.007,,0.0,,False,96.0,99.0,96.0,88.0,93.0,91.0,91.0,92.0,94.0,high,high,high,high,high,high,high,high,high,2026-08-21
hitter,CIN,AZ,Matt McLain,680574,5.0,2B,Confirmed,3.1,,,,,0.96,0.37,,,,,1.0809503801897824,0.8428564781093126,0.41644250219736145,0.31744969426933484,0.994208494208494,0.7088379283610288,0.03727987703297035,0.03393874532853334,,,0.84,0.38,0.36,1.44,0.04,1.07,0.16,0.01,0.0,0.297,1.239368165249089,0.9392903975006603,0.159,,0.007,,0.0,,False,96.0,99.0,96.0,88.0,93.0,91.0,91.0,92.0,94.0,high,high,high,high,high,high,high,high,high,2026-08-21
hitter,CIN,AZ,JJ Bleday,668709,6.0,RF,Confirmed,3.54,,,,,0.8,0.15,,,,,0.7716366053561647,0.8362020060797555,0.16291499130843687,0.13658824206019118,0.5290322580645161,0.5485894255431273,0.08826733523638303,0.08478638037179773,,,0.54,0.32,0.34,1.37,0.09,0.94,0.15,0.01,0.0,0.251,0.9875776397515532,0.9009358062926599,0.148,,0.007,,0.0,,False,96.0,99.0,96.0,88.0,93.0,91.0,91.0,92.0,94.0,high,high,high,high,high,high,high,high,high,2026-08-21
hitter,CIN,AZ,Jose Trevino,624431,7.0,C,Confirmed,3.1,,,,,0.47,0.25,,,,,0.5060918249162397,0.4357388594899839,0.2787142886061219,0.2159754448535974,0.994208494208494,0.7865365952110722,0.03002832143985552,0.02185445913570884,,,0.88,0.29,0.28,1.28,0.03,1.11,0.14,0.01,0.0,0.263,1.239368165249089,1.0016790032764298,0.143,,0.009,,0.0,,False,96.0,99.0,96.0,88.0,93.0,91.0,91.0,92.0,94.0,high,high,high,high,high,high,high,high,high,2026-08-21
hitter,CIN,AZ,Ke'Bryan Hayes,663647,9.0,3B,Confirmed,3.81,,,,,0.72,0.25,,,,,0.7043193485088859,0.7416578179344305,0.24287727283445817,0.2561939766180415,0.8694581280788177,0.843607873890842,0.027679283653911615,0.02618365384130658,,,0.86,0.37,0.34,1.58,0.03,1.1,0.15,0.01,0.0,0.263,1.1521739130434783,1.054155160934176,0.154,,0.009,,0.0,,False,96.0,99.0,96.0,88.0,93.0,91.0,91.0,92.0,94.0,high,high,high,high,high,high,high,high,high,2026-08-21
hitter,SD,MIN,Fernando Tatis Jr.,665487,1.0,RF,Confirmed,4.14,,,,,1.1,0.19,,,,,1.1580787836026443,1.0471460108936599,0.2096110947045667,0.17806389064483907,0.994208494208494,0.9664097855934224,0.06420382161539373,0.07086342335033294,,,0.98,0.45,0.35,1.79,0.07,1.34,0.17,0.01,0.0,0.264,1.3148148148148149,1.3636431671678673,0.173,,0.009,,0.0,,False,96.0,99.0,96.0,88.0,93.0,91.0,91.0,92.0,94.0,high,high,high,high,high,high,high,high,high,2026-08-21
hitter,SD,MIN,Luis Rengifo,650859,2.0,DH,Confirmed,2.55,,,,,0.44,0.12,,,,,0.48434262389262805,0.3990023979502893,0.14803048334346552,0.08728388726400911,0.7061469265367316,0.5211931293991692,0.06905316312512333,0.057401320699215753,,,0.6,0.24,0.18,0.95,0.06,1.0,0.11,0.01,0.0,0.234,1.239368165249089,0.7952966713790504,0.108,,0.008,,0.0,,False,96.0,99.0,96.0,88.0,93.0,91.0,91.0,92.0,94.0,high,high,high,high,high,high,high,high,high,2026-08-21
hitter,SD,MIN,Manny Machado,592518,3.0,3B,Confirmed,4.04,,,,,1.2,0.19,,,,,1.1936814495105244,1.210806266161813,0.1982533018425123,0.18732285736501703,0.801980198019802,0.8455886661535912,0.0611423083000678,0.04175160763988144,,,0.83,0.37,0.33,1.5,0.05,1.27,0.16,0.01,0.0,0.23,1.239368165249089,1.2890248452684998,0.16,,0.01,,0.0,,False,96.0,99.0,96.0,88.0,93.0,91.0,91.0,92.0,94.0,high,high,high,high,high,high,high,high,high,2026-08-21
hitter,SD,MIN,Ty France,664034,4.0,1B,Confirmed,3.49,,,,,0.91,0.08,,,,,0.9054100856986564,0.9075155064529985,0.10546557554363402,0.06201560520717036,0.7715355805243446,0.6892504537469175,0.043068844928509896,0.03821796914784603,,,0.73,0.36,0.32,1.48,0.04,0.96,0.14,0.01,0.0,0.248,1.001763668430335,0.9345413238562409,0.14,,0.008,,0.0,,False,96.0,99.0,96.0,88.0,93.0,91.0,91.0,92.0,94.0,high,high,high,high,high,high,high,high,high,2026-08-21
hitter,SD,MIN,Jackson Merrill,701538,5.0,CF,Confirmed,3.96,,,,,1.25,0.1,,,,,1.2405964369767157,1.2667099246186388,0.10961262933363164,0.09019721427556977,0.7715355805243446,0.7906109094179655,0.05091075836884611,0.05806774323721189,,,0.78,0.36,0.33,1.49,0.05,1.23,0.18,0.01,0.0,0.224,1.239368165249089,1.2150563538954449,0.177,,0.012,,0.0,,False,96.0,99.0,96.0,88.0,93.0,91.0,91.0,92.0,94.0,high,high,high,high,high,high,high,high,high,2026-08-21
hitter,SD,MIN,Xander Bogaerts,593428,6.0,SS,Confirmed,3.96,,,,,0.84,0.52,,,,,0.8266503208275235,0.8468849837056485,0.5454412180051653,0.5006759696748737,0.7061469265367316,0.6777264800481033,0.03149758083086934,0.029961462389183024,,,0.69,0.36,0.35,1.61,0.03,0.94,0.16,0.01,0.0,0.255,1.001763668430335,0.8956985766698483,0.158,,0.01,,0.0,,False,96.0,99.0,96.0,88.0,93.0,91.0,91.0,92.0,94.0,high,high,high,high,high,high,high,high,high,2026-08-21
hitter,SD,MIN,Austin Hays,669720,7.0,LF,Confirmed,3.96,,,,,0.68,0.54,,,,,0.6437307197844049,0.7133166356213048,0.5863576242569069,0.4878406325733907,0.801980198019802,0.7580985729402329,0.20724681192966246,0.20020384034303634,,,0.78,0.32,0.29,1.41,0.2,1.6,0.16,0.01,0.0,0.226,1.684375,1.5339581417531543,0.16,,0.009,,0.0,,False,96.0,99.0,96.0,88.0,93.0,91.0,91.0,92.0,94.0,high,high,high,high,high,high,high,high,high,2026-08-21
hitter,SD,MIN,Freddy Fermin,666023,8.0,C,Confirmed,3.1,,,,,0.55,0.24,,,,,0.6161881258321967,0.48875664519518786,0.2510614548007734,0.21963670289858792,0.994208494208494,0.7062256404129966,0.15745598866138413,0.155970317798267,,,0.84,0.27,0.25,1.23,0.16,1.63,0.14,0.01,0.0,0.249,1.914285714285714,1.3911152451212971,0.144,,0.008,,0.0,,False,96.0,99.0,96.0,88.0,93.0,91.0,91.0,92.0,94.0,high,high,high,high,high,high,high,high,high,2026-08-21
hitter,SD,MIN,Jake Cronenworth,630105,9.0,2B,Confirmed,3.1,,,,,0.94,0.15,,,,,0.9492958734110223,0.9302575533818693,0.16399980949811957,0.12665753886181552,0.5846774193548387,0.5346201907871647,0.031193303540728447,0.014328680029291474,,,0.56,0.28,0.25,1.23,0.02,0.78,0.14,0.01,0.0,0.256,0.7899761336515513,0.766214501242597,0.14,,0.007,,0.0,,False,96.0,99.0,96.0,88.0,93.0,91.0,91.0,92.0,94.0,high,high,high,high,high,high,high,high,high,2026-08-21
hitter,MIN,SD,Luke Keaschall,807712,1.0,RF,Confirmed,4.64,,,,,0.81,0.45,,,,,0.7484444355752722,0.8773206657595204,0.42243882741883587,0.4697149152773424,1.0980834272829765,1.1797147578185616,0.0373414787261255,0.029644421578264222,,,1.14,0.73,0.55,2.77,0.03,1.53,0.28,0.01,0.0,0.391,1.4476190476190476,1.5994077901985326,0.282,,0.01,,0.0,,False,96.0,99.0,96.0,88.0,93.0,91.0,91.0,92.0,94.0,high,high,high,high,high,high,high,high,high,2026-08-21
hitter,MIN,SD,Byron Buxton,621439,2.0,CF,Confirmed,4.26,,,,,1.37,0.38,,,,,1.3072350230830958,1.4290829880423777,0.37104385660350614,0.3822986361564757,0.8888888888888888,0.930662388933217,0.06863389899137395,0.07574083838515194,,,0.91,0.69,0.58,2.41,0.07,1.38,0.27,0.01,0.0,0.396,1.3148148148148149,1.4277645174898423,0.27,,0.014,,0.0,,False,96.0,99.0,96.0,88.0,93.0,91.0,91.0,92.0,94.0,high,high,high,high,high,high,high,high,high,2026-08-21
hitter,MIN,SD,Josh Bell,605137,3.0,DH,Confirmed,4.74,,,,,1.11,0.39,,,,,1.0818641609591404,1.1470530235247545,0.3852025229008552,0.386251272718722,1.0980834272829765,1.1464333733801535,0.09688568461224101,0.08762111983895539,,,1.12,0.78,0.71,2.98,0.09,1.83,0.29,0.01,0.0,0.4,1.914285714285714,1.7690124694762195,0.287,,0.01,,0.0,,False,96.0,99.0,96.0,88.0,93.0,91.0,91.0,92.0,94.0,high,high,high,high,high,high,high,high,high,2026-08-21
hitter,MIN,SD,Ryan Jeffers,680777,4.0,C,Confirmed,4.57,,,,,0.97,0.19,,,,,0.9138320899929556,1.0195539816299135,0.19340237237477287,0.19581714598595568,0.994208494208494,1.009175651723588,0.25819298353924486,0.30453029028557255,,,1.0,0.77,0.68,2.94,0.28,2.0,0.22,0.01,0.0,0.412,1.914285714285714,2.0672702966818903,0.219,,0.008,,0.0,,False,96.0,99.0,96.0,88.0,93.0,91.0,91.0,92.0,94.0,high,high,high,high,high,high,high,high,high,2026-08-21
hitter,MIN,SD,Kody Clemens,665019,5.0,2B,Confirmed,4.68,,,,,1.34,0.32,,,,,1.2376339490587192,1.4491766326663111,0.3166906225399625,0.3277012876826381,1.0980834272829765,1.045646355922277,0.0812083752715935,0.06729499366516133,,,1.07,0.78,0.74,3.02,0.07,1.68,0.23,0.01,0.0,0.4,1.684375,1.6805926074274844,0.229,,0.012,,0.0,,False,96.0,99.0,96.0,88.0,93.0,91.0,91.0,92.0,94.0,high,high,high,high,high,high,high,high,high,2026-08-21
hitter,MIN,SD,Royce Lewis,668904,6.0,1B,Confirmed,4.74,,,,,1.4,0.31,,,,,1.288060987786968,1.5024725581332352,0.3080888439258288,0.31780571346237746,0.994208494208494,1.1049255361587031,0.0635487657462363,0.0734639342305305,,,1.06,0.66,0.71,2.87,0.07,1.62,0.26,0.01,0.0,0.384,1.5956790123456794,1.6317757822527534,0.256,,0.009,,0.0,,False,96.0,99.0,96.0,88.0,93.0,91.0,91.0,92.0,94.0,high,high,high,high,high,high,high,high,high,2026-08-21
hitter,MIN,SD,Trevor Larnach,663616,7.0,LF,Confirmed,4.74,,,,,0.8,0.39,,,,,0.7447413256777765,0.8626811780768263,0.3688260054282624,0.4123659361475676,0.994208494208494,1.0201698124973417,0.24091000561217396,0.2634903576433163,,,1.01,0.64,0.56,2.7,0.25,2.03,0.22,0.01,0.0,0.38,2.057017543859649,2.013588944324324,0.222,,0.013,,0.0,,False,96.0,99.0,96.0,88.0,93.0,91.0,91.0,92.0,94.0,high,high,high,high,high,high,high,high,high,2026-08-21
hitter,MIN,SD,Brooks Lee,686797,8.0,3B,Confirmed,4.74,,,,,0.99,0.4,,,,,0.898556539504582,1.088156802162991,0.38714100495053017,0.4220368471172837,1.0980834272829765,1.1707484237410917,0.05780831142176728,0.07487233958078558,,,1.14,0.65,0.58,2.73,0.07,1.55,0.2,0.01,0.0,0.38,1.4759615384615385,1.6089488296118701,0.202,,0.009,,0.0,,False,96.0,99.0,96.0,88.0,93.0,91.0,91.0,92.0,94.0,high,high,high,high,high,high,high,high,high,2026-08-21
hitter,MIN,SD,Kaelen Culpepper,701785,9.0,SS,Confirmed,3.96,,,,,0.55,0.22,,,,,0.554,,0.224,,1.0,,0.1,,,,1.0,0.44,0.39,1.83,0.1,1.6,0.19,0.01,0.0,0.311,1.596,,0.194,,0.009,,0.0,,True,40.0,44.0,40.0,32.0,37.0,35.0,35.0,36.0,38.0,low,low,low,low,low,low,low,low,low,2026-08-21
hitter,LAD,PIT,Shohei Ohtani,660271,1.0,DH,Confirmed,4.97,,,,,0.87,0.35,,,,,0.8151739173514024,0.915216996887307,0.3462045827884118,0.3482238772998306,1.607843137254902,1.5751965177618816,0.4276130616874984,0.36475671176499647,,,1.59,0.85,0.62,2.57,0.4,3.17,0.23,0.01,0.0,0.442,3.5,2.9040440254938784,0.234,,0.015,,0.0,,False,96.0,99.0,96.0,88.0,93.0,91.0,91.0,92.0,94.0,high,high,high,high,high,high,high,high,high,2026-08-21
hitter,LAD,PIT,Freddie Freeman,518692,2.0,1B,Confirmed,4.74,,,,,0.56,0.22,,,,,0.5440404496637073,0.5725299223589713,0.21020698013055095,0.2218498882427213,1.607843137254902,1.4986878786103162,0.18306604889076816,0.1801553564002011,,,1.55,0.67,0.47,2.24,0.18,2.38,0.24,0.01,0.0,0.371,2.456692913385827,2.3201139246417606,0.241,,0.013,,0.0,,False,96.0,99.0,96.0,88.0,93.0,91.0,91.0,92.0,94.0,high,high,high,high,high,high,high,high,high,2026-08-21
hitter,LAD,PIT,Andy Pages,681624,3.0,CF,Confirmed,4.68,,,,,0.62,0.15,,,,,0.5803964324770293,0.6527379858001651,0.1597845176430761,0.14757808645696574,1.4947368421052631,1.4535061715979172,0.1609536334775229,0.16586321261914325,,,1.47,0.63,0.54,2.27,0.16,2.13,0.23,0.01,0.0,0.341,2.057017543859649,2.193289272357717,0.226,,0.008,,0.0,,False,96.0,99.0,96.0,88.0,93.0,91.0,91.0,92.0,94.0,high,high,high,high,high,high,high,high,high,2026-08-21
hitter,LAD,PIT,Max Muncy,571970,4.0,3B,Confirmed,4.48,,,,,0.75,0.27,,,,,0.6790545416439528,0.8219898038843169,0.25724264755919185,0.28143754148523087,1.1391752577319587,1.251770403178104,0.23287673640107565,0.21339170000751112,,,1.2,0.61,0.49,1.98,0.22,2.08,0.17,0.01,0.0,0.36,2.057017543859649,2.1047489120517167,0.173,,0.007,,0.0,,False,96.0,99.0,96.0,88.0,93.0,91.0,91.0,92.0,94.0,high,high,high,high,high,high,high,high,high,2026-08-21
hitter,LAD,PIT,Mookie Betts,605141,5.0,SS,Confirmed,4.74,,,,,0.32,0.17,,,,,0.33864527567184877,0.3089151594384946,0.17098411122524748,0.1754902712946282,1.607843137254902,1.4544446088941791,0.17812022391975416,0.17334096687474881,,,1.52,0.64,0.55,2.29,0.18,2.09,0.18,0.01,0.0,0.343,2.057017543859649,2.1106747182731174,0.185,,0.011,,0.0,,False,96.0,99.0,96.0,88.0,93.0,91.0,91.0,92.0,94.0,high,high,high,high,high,high,high,high,high,2026-08-21
hitter,LAD,PIT,Kyle Tucker,663656,6.0,RF,Confirmed,4.57,,,,,0.53,0.23,,,,,0.5424676118140322,0.5124359022042299,0.229269603340557,0.22689795011935118,1.5,1.323226660349001,0.14092397986288108,0.14571250090253127,,,1.4,0.59,0.52,2.21,0.14,2.01,0.22,0.01,0.0,0.388,2.057017543859649,1.9764954416358211,0.215,,0.007,,0.0,,False,96.0,99.0,96.0,88.0,93.0,91.0,91.0,92.0,94.0,high,high,high,high,high,high,high,high,high,2026-08-21
hitter,LAD,PIT,Tommy Edman,669242,7.0,2B,Confirmed,4.04,,,,,0.51,0.11,,,,,0.5057419527572579,0.5106124087532461,0.12942774775073973,0.09689349018877501,1.4947368421052631,1.1536070383335668,0.11458180031804296,0.11624762847504673,,,1.31,0.47,0.39,1.85,0.12,1.91,0.2,0.01,0.0,0.339,2.057017543859649,1.7845125399396844,0.197,,0.007,,0.0,,False,96.0,99.0,96.0,88.0,93.0,91.0,91.0,92.0,94.0,high,high,high,high,high,high,high,high,high,2026-08-21
hitter,LAD,PIT,Teoscar Hernández,606192,8.0,LF,Confirmed,4.51,,,,,0.77,0.13,,,,,0.6930731675147362,0.8386648916714253,0.1457528935062955,0.11777191221802595,1.607843137254902,1.4931803410693574,0.19701632946939093,0.20478519771835432,,,1.54,0.55,0.48,2.13,0.2,2.36,0.27,0.01,0.0,0.356,2.456692913385827,2.277007927196416,0.272,,0.007,,0.0,,False,96.0,99.0,96.0,88.0,93.0,91.0,91.0,92.0,94.0,high,high,high,high,high,high,high,high,high,2026-08-21
hitter,LAD,PIT,Hunter Feduccia,676439,9.0,C,Confirmed,3.1,,,,,0.95,0.18,,,,,0.8841311682065934,1.016492761565039,0.1945471941428427,0.15660960613317168,0.3344051446945337,0.2882849718173472,0.021604631358988935,0.013111557137290624,,,0.31,0.33,0.26,1.26,0.02,0.46,0.14,0.01,0.0,0.32,0.4591194968553459,0.45603646423429367,0.139,,0.008,,0.0,,False,96.0,99.0,96.0,88.0,93.0,91.0,91.0,92.0,94.0,high,high,high,high,high,high,high,high,high,2026-08-21
hitter,PIT,LAD,Spencer Horwitz,687462,1.0,1B,Confirmed,3.81,,,,,0.64,0.43,,,,,0.6873005942646857,0.598830971732615,0.45080902556505875,0.4082274990562014,1.0,0.8626222017065952,0.035112238033320156,0.023992324902619756,,,0.92,0.28,0.17,0.93,0.03,1.26,0.1,0.01,0.0,0.2,1.3148148148148149,1.2111078075954584,0.099,,0.006,,0.0,,False,96.0,99.0,96.0,88.0,93.0,91.0,91.0,92.0,94.0,high,high,high,high,high,high,high,high,high,2026-08-21
hitter,PIT,LAD,Brandon Lowe,664040,2.0,2B,Confirmed,3.81,,,,,1.07,0.48,,,,,1.1524607710759465,0.9947257062006859,0.5294796480157823,0.4248165158623049,1.4947368421052631,1.014125384551808,0.26868602407173076,0.24533064609026256,,,1.23,0.25,0.16,0.82,0.26,2.22,0.1,0.01,0.0,0.18,2.552380952380952,1.9406145909206751,0.096,,0.007,,0.0,,False,96.0,99.0,96.0,88.0,93.0,91.0,91.0,92.0,94.0,high,high,high,high,high,high,high,high,high,2026-08-21
hitter,PIT,LAD,Bryan Reynolds,668804,3.0,LF,Confirmed,3.89,,,,,1.05,0.47,,,,,1.1417776100473571,0.9528511190118326,0.5025050886557487,0.42817635893342837,1.4947368421052631,1.0682239307525814,0.14069853795451157,0.14849274934569032,,,1.26,0.28,0.2,0.95,0.14,1.85,0.09,0.01,0.0,0.194,2.057017543859649,1.6815234139371331,0.094,,0.009,,0.0,,False,96.0,99.0,96.0,88.0,93.0,91.0,91.0,92.0,94.0,high,high,high,high,high,high,high,high,high,2026-08-21
hitter,PIT,LAD,Nick Gonzales,693304,4.0,DH,Confirmed,3.96,,,,,0.7,0.32,,,,,0.7325891712937236,0.6722900106645396,0.3385962114673793,0.3013087922305238,1.607843137254902,1.2249010893932557,0.10506488572155742,0.0981607375578138,,,1.4,0.32,0.26,1.23,0.1,1.88,0.09,0.01,0.0,0.203,2.057017543859649,1.728656402288766,0.086,,0.008,,0.0,,False,96.0,99.0,96.0,88.0,93.0,91.0,91.0,92.0,94.0,high,high,high,high,high,high,high,high,high,2026-08-21
hitter,PIT,LAD,Oneil Cruz,665833,5.0,CF,Confirmed,4.14,,,,,1.02,0.53,,,,,0.9715649951266184,1.0656229467253728,0.5100250661843375,0.5485614302195059,0.8770949720670391,0.8071025118196408,0.07340074024624083,0.07716187526199476,,,0.84,0.27,0.19,0.87,0.08,1.45,0.11,0.01,0.0,0.186,1.4476190476190476,1.4508662685625668,0.112,,0.006,,0.0,,False,96.0,99.0,96.0,88.0,93.0,91.0,91.0,92.0,94.0,high,high,high,high,high,high,high,high,high,2026-08-21
hitter,PIT,LAD,Rafael Flores Jr.,804668,6.0,C,Confirmed,3.49,,,,,0.69,0.31,,,,,0.598426845369606,0.7803779544543935,0.3214699215401988,0.3031756413450204,0.801980198019802,0.7329290706858278,0.10046789169234496,0.13597144456345572,,,0.76,0.2,0.17,0.78,0.12,1.23,0.09,0.01,0.0,0.178,1.239368165249089,1.2137130488155488,0.087,,0.008,,0.0,,False,96.0,99.0,96.0,88.0,93.0,91.0,91.0,92.0,94.0,high,high,high,high,high,high,high,high,high,2026-08-21
hitter,PIT,LAD,Jake Mangum,663968,7.0,RF,Confirmed,3.49,,,,,0.5,0.27,,,,,0.5513774186376811,0.4534710162091009,0.31181077302524474,0.22765977152423428,1.4947368421052631,1.0059841275387753,0.08200356819666818,0.05642971821393003,,,1.23,0.23,0.19,0.94,0.07,1.62,0.09,0.01,0.0,0.192,1.914285714285714,1.3845823013752487,0.094,,0.007,,0.0,,False,96.0,99.0,96.0,88.0,93.0,91.0,91.0,92.0,94.0,high,high,high,high,high,high,high,high,high,2026-08-21
hitter,PIT,LAD,Jacob Gonzalez,694378,8.0,SS,Confirmed,3.02,,,,,0.52,0.18,,,,,0.5151218526885661,0.5228085333541652,0.20362482159102416,0.14713633595990977,0.801980198019802,0.6487403432107653,0.197540026739389,0.1916335158249913,,,0.72,0.17,0.13,0.66,0.19,1.41,0.08,0.01,0.0,0.178,1.5956790123456794,1.252407777048431,0.083,,0.007,,0.0,,False,96.0,99.0,96.0,88.0,93.0,91.0,91.0,92.0,94.0,high,high,high,high,high,high,high,high,high,2026-08-21
hitter,PIT,LAD,Jared Triolo,669707,9.0,3B,Confirmed,3.74,,,,,0.88,0.42,,,,,0.8824763211353283,0.8681906390578322,0.46820120331346604,0.3622510375220584,1.0980834272829765,0.9549731487021729,0.08541147915044964,0.05616718150988474,,,1.02,0.24,0.17,0.89,0.07,1.52,0.09,0.01,0.0,0.197,1.684375,1.385180358234177,0.086,,0.007,,0.0,,False,96.0,99.0,96.0,88.0,93.0,91.0,91.0,92.0,94.0,high,high,high,high,high,high,high,high,high,2026-08-21
hitter,SEA,CHC,Brendan Donovan,680977,1.0,3B,Confirmed,4.18,,,,,0.46,0.14,,,,,0.45185126217210825,0.46816687096940024,0.12919979449495145,0.15863167960565966,0.801980198019802,0.8471101917297145,0.024078974321871706,0.03334467098622185,,,0.83,0.6,0.51,2.25,0.03,1.08,0.21,0.01,0.0,0.34,1.1238670694864048,1.044034208554655,0.209,,0.008,,0.0,,False,96.0,99.0,96.0,88.0,93.0,91.0,91.0,92.0,94.0,high,high,high,high,high,high,high,high,high,2026-08-21
hitter,SEA,CHC,Randy Arozarena,668227,2.0,LF,Confirmed,4.51,,,,,1.37,0.44,,,,,1.317774350600754,1.4305782367988709,0.4107342883446645,0.4611991274135258,0.6434108527131783,0.6488570636978791,0.1379324886637333,0.18091121654591033,,,0.65,0.62,0.54,2.25,0.16,1.23,0.24,0.01,0.0,0.33,1.1521739130434783,1.2972084791246026,0.237,,0.009,,0.0,,False,96.0,99.0,96.0,88.0,93.0,91.0,91.0,92.0,94.0,high,high,high,high,high,high,high,high,high,2026-08-21
hitter,SEA,CHC,Dominic Canzone,686527,3.0,RF,Confirmed,3.96,,,,,0.82,0.38,,,,,0.7828627283673248,0.8622524911433904,0.38306720792075377,0.37706706644275517,0.8770949720670391,0.8142197124681334,0.18050275277797767,0.1870100649104986,,,0.84,0.54,0.53,2.06,0.18,1.59,0.14,0.01,0.0,0.317,1.5956790123456794,1.5778525557199292,0.144,,0.007,,0.0,,False,96.0,99.0,96.0,88.0,93.0,91.0,91.0,92.0,94.0,high,high,high,high,high,high,high,high,high,2026-08-21
hitter,SEA,CHC,Julio Rodríguez,677594,4.0,CF,Confirmed,4.25,,,,,1.03,0.5,,,,,1.0047487063707403,1.0625686637946543,0.5000617935723044,0.49948526098712437,0.4125159642401022,0.5036255808238704,0.0422309995772091,0.03148011612354111,,,0.46,0.67,0.69,2.5,0.04,0.74,0.2,0.01,0.0,0.369,0.6720588235294118,0.7941628522660565,0.204,,0.009,,0.0,,False,96.0,99.0,96.0,88.0,93.0,91.0,91.0,92.0,94.0,high,high,high,high,high,high,high,high,high,2026-08-21
hitter,SEA,CHC,Josh Naylor,647304,5.0,1B,Confirmed,4.51,,,,,0.76,0.35,,,,,0.7256571069826935,0.7962922313386089,0.3380816259597199,0.36464878622608315,0.7061469265367316,0.7125321298655585,0.11176424058122852,0.15754657013735535,,,0.71,0.63,0.62,2.42,0.13,1.25,0.2,0.01,0.0,0.329,1.1521739130434783,1.3362664013137213,0.204,,0.007,,0.0,,False,96.0,99.0,96.0,88.0,93.0,91.0,91.0,92.0,94.0,high,high,high,high,high,high,high,high,high,2026-08-21
hitter,SEA,CHC,Taylor Ward,621493,6.0,DH,Confirmed,4.51,,,,,0.94,0.48,,,,,0.8911711393881369,0.9947634915227769,0.44276109896511784,0.5115322885200801,0.8694581280788177,0.8301626227462767,0.03571337998923993,0.020310172048861888,,,0.85,0.54,0.6,2.23,0.03,1.23,0.21,0.01,0.0,0.326,1.239368165249089,1.2269915257121535,0.208,,0.006,,0.0,,False,96.0,99.0,96.0,88.0,93.0,91.0,91.0,92.0,94.0,high,high,high,high,high,high,high,high,high,2026-08-21
hitter,SEA,CHC,Cal Raleigh,663728,7.0,C,Confirmed,4.39,,,,,1.51,0.56,,,,,1.5053003689968236,1.523733718558753,0.5577059670885903,0.5590066468057547,0.6434108527131783,0.6449002368102836,0.3024834273627716,0.26893497967994007,,,0.64,0.76,0.81,2.7,0.29,1.44,0.24,0.01,0.0,0.456,1.3893129770992367,1.486016854040965,0.244,,0.007,,0.0,,False,96.0,99.0,96.0,88.0,93.0,91.0,91.0,92.0,94.0,high,high,high,high,high,high,high,high,high,2026-08-21
hitter,SEA,CHC,Cole Young,702284,8.0,2B,Confirmed,4.18,,,,,0.89,0.29,,,,,0.8378577188229182,0.9434719893130726,0.27177129912930864,0.3129995806064935,0.5290322580645161,0.6008689019180061,0.12133310322053725,0.1276838675536772,,,0.57,0.46,0.45,1.9,0.12,1.14,0.19,0.01,0.0,0.299,1.1238670694864048,1.1508007142657657,0.185,,0.008,,0.0,,False,96.0,99.0,96.0,88.0,93.0,91.0,91.0,92.0,94.0,high,high,high,high,high,high,high,high,high,2026-08-21
hitter,SEA,CHC,Brock Rodden,801126,9.0,SS,Confirmed,3.49,,,,,0.5,0.1,,,,,0.502,,0.102,,0.869,,0.138,,,,0.87,0.39,0.38,1.64,0.14,1.47,0.13,0.01,0.0,0.302,1.472,,0.134,,0.008,,0.0,,True,40.0,44.0,40.0,32.0,37.0,35.0,35.0,36.0,38.0,low,low,low,low,low,low,low,low,low,2026-08-21
hitter,CHC,SEA,Pete Crow-Armstrong,691718,1.0,CF,Confirmed,4.18,,,,,0.89,0.43,,,,,0.8980878428387763,0.8881985572063621,0.39887076995880877,0.45801855634955707,0.801980198019802,0.8251240975551933,0.06697074609974604,0.04805359272826958,,,0.81,0.25,0.16,0.83,0.06,1.34,0.12,0.01,0.0,0.168,1.3148148148148149,1.3543241342377794,0.12,,0.008,,0.0,,False,96.0,99.0,96.0,88.0,93.0,91.0,91.0,92.0,94.0,high,high,high,high,high,high,high,high,high,2026-08-21
hitter,CHC,SEA,Seiya Suzuki,673548,2.0,RF,Confirmed,4.18,,,,,0.9,0.55,,,,,0.9019311047186798,0.9059286442687866,0.5855480395524871,0.5210270485219025,0.801980198019802,0.7864878799320447,0.05470545184032194,0.0467316234691992,,,0.79,0.28,0.16,0.85,0.05,1.21,0.11,0.01,0.0,0.19,1.239368165249089,1.183086734954996,0.108,,0.008,,0.0,,False,96.0,99.0,96.0,88.0,93.0,91.0,91.0,92.0,94.0,high,high,high,high,high,high,high,high,high,2026-08-21
hitter,CHC,SEA,Michael Busch,683737,3.0,1B,Confirmed,4.14,,,,,0.9,0.58,,,,,0.9088714842062025,0.8998229487049787,0.628353771132831,0.5379125803886666,0.7715355805243446,0.7933214513821063,0.0507064702869766,0.03461784561254694,,,0.78,0.28,0.18,0.88,0.04,1.01,0.09,0.01,0.0,0.196,1.001763668430335,1.0136552317235905,0.094,,0.007,,0.0,,False,96.0,99.0,96.0,88.0,93.0,91.0,91.0,92.0,94.0,high,high,high,high,high,high,high,high,high,2026-08-21
hitter,CHC,SEA,Alex Bregman,608324,4.0,3B,Confirmed,3.96,,,,,0.5,0.54,,,,,0.546545793298506,0.4620797637699899,0.564739440254372,0.5073781969832546,0.8694581280788177,0.8078475844050642,0.05027399205630998,0.034463882313673665,,,0.84,0.28,0.18,0.87,0.04,1.15,0.1,0.01,0.0,0.206,1.239368165249089,1.0723616201740254,0.103,,0.008,,0.0,,False,96.0,99.0,96.0,88.0,93.0,91.0,91.0,92.0,94.0,high,high,high,high,high,high,high,high,high,2026-08-21
hitter,CHC,SEA,Ian Happ,664023,5.0,LF,Confirmed,4.04,,,,,0.89,0.58,,,,,0.8896883720380254,0.8819269435406928,0.6175386449232881,0.5381997008944188,0.7715355805243446,0.7269067315507223,0.06596979649146359,0.04182933402377115,,,0.75,0.28,0.18,0.87,0.05,1.18,0.1,0.01,0.0,0.197,1.239368165249089,1.1387881072930448,0.101,,0.007,,0.0,,False,96.0,99.0,96.0,88.0,93.0,91.0,91.0,92.0,94.0,high,high,high,high,high,high,high,high,high,2026-08-21
hitter,CHC,SEA,Nico Hoerner,663538,6.0,SS,Confirmed,4.14,,,,,0.29,0.28,,,,,0.2652586382059783,0.3081557139099692,0.2783839672145789,0.2791319088055663,1.0980834272829765,0.9746557552041831,0.03117830424782777,0.019681906226099884,,,1.03,0.19,0.17,0.77,0.03,1.17,0.15,0.01,0.0,0.147,1.239368165249089,1.1210280549097842,0.146,,0.011,,0.0,,False,96.0,99.0,96.0,88.0,93.0,91.0,91.0,92.0,94.0,high,high,high,high,high,high,high,high,high,2026-08-21
hitter,CHC,SEA,Pedro Ramírez,699393,7.0,2B,Confirmed,2.55,,,,,0.43,0.17,,,,,0.42270872670333726,0.4302919100637274,0.20175922100325092,0.13345302163738004,0.4803149606299212,0.36901565131883013,0.025385981443587707,0.018813233626166628,,,0.42,0.15,0.12,0.61,0.02,0.58,0.08,0.01,0.0,0.183,0.6720588235294118,0.504502160008409,0.084,,0.008,,0.0,,False,96.0,99.0,96.0,88.0,93.0,91.0,91.0,92.0,94.0,high,high,high,high,high,high,high,high,high,2026-08-21
hitter,CHC,SEA,Michael Conforto,624424,8.0,DH,Confirmed,2.77,,,,,0.95,0.29,,,,,0.9768557324625126,0.9259725492413261,0.2879358245628806,0.28246882536502693,0.35424354243542433,0.303276580768696,0.031483566130739465,0.0184615883452359,,,0.33,0.14,0.1,0.5,0.02,0.49,0.07,0.01,0.0,0.167,0.5302013422818792,0.4657054813312474,0.067,,0.007,,0.0,,False,96.0,99.0,96.0,88.0,93.0,91.0,91.0,92.0,94.0,high,high,high,high,high,high,high,high,high,2026-08-21
hitter,CHC,SEA,Carson Kelly,608348,9.0,C,Confirmed,3.33,,,,,0.54,0.41,,,,,0.559067496976752,0.5126910856551473,0.44463558897191136,0.3654328485636697,0.707983193277311,0.5618899627725623,0.036663996021633095,0.024558241545323715,,,0.63,0.22,0.15,0.78,0.03,0.88,0.11,0.01,0.0,0.214,0.9875776397515532,0.7944440826396388,0.11,,0.007,,0.0,,False,96.0,99.0,96.0,88.0,93.0,91.0,91.0,92.0,94.0,high,high,high,high,high,high,high,high,high,2026-08-21
