player_type,team,opponent,player_name,mlb_id,lineup_spot,pos,lineup_status,proj_pa,proj_ip,proj_outs,proj_runs_allowed,proj_hits_allowed,proj_strikeouts,proj_walks,proj_hr_allowed,proj_er_model,proj_fip,proj_war_contribution,direct_K,rate_K,direct_BB,rate_BB,direct_H,rate_H,direct_HR,rate_HR,direct_R,rate_R,proj_hits,proj_runs,proj_rbi,proj_hrrbi,proj_hr,proj_tb,proj_2b,proj_3b,proj_sb,proj_woba,direct_TB,rate_TB,direct_2B,rate_2B,direct_3B,rate_3B,direct_SB,rate_SB,used_fallback,confidence_score,proj_pa_confidence_score,proj_hits_confidence_score,proj_hr_confidence_score,proj_strikeouts_confidence_score,proj_runs_confidence_score,proj_rbi_confidence_score,proj_hrrbi_confidence_score,proj_walks_confidence_score,confidence,proj_pa_confidence,proj_hits_confidence,proj_hr_confidence,proj_strikeouts_confidence,proj_runs_confidence,proj_rbi_confidence,proj_hrrbi_confidence,proj_walks_confidence,game_date
pitcher,BAL,MIN,Shane Baz,669358,,,,,4.79,14.0,2.15,3.87,5.92,1.93,0.55,2.21,3.5,0.081,6.017094017094017,5.813394875658903,1.890295358649789,2.041382631246275,3.68,4.62755356150739,0.5409836065573771,0.5661210675823506,2.212,,,,,,,,,,,,,,,,,,,,,,,,,,,,,,,,,,,,,,,2026-03-29
pitcher,MIN,BAL,Bailey Ober,641927,,,,,4.79,14.0,2.6,4.93,4.18,1.28,0.92,2.5,4.75,0.049,4.5344827586206895,3.8257426697625427,1.2772277227722773,1.2824725226957707,4.879746835443039,5.152155509786922,0.9130434782608695,0.9510542321979162,2.5,,,,,,,,,,,,,,,,,,,,,,,,,,,,,,,,,,,,,,,2026-03-29
pitcher,PHI,TEX,Jesús Luzardo,666200,,,,,5.21,16.0,2.69,5.02,6.49,1.97,0.79,2.21,3.79,0.111,6.649122807017544,6.323128873107073,1.890295358649789,2.204167888829458,4.879746835443039,5.60391027264924,0.7441860465116279,0.8965857077382466,2.212,,,,,,,,,,,,,,,,,,,,,,,,,,,,,,,,,,,,,,,2026-03-29
pitcher,TEX,PHI,MacKenzie Gore,669022,,,,,4.79,14.0,2.52,4.43,5.3,2.39,0.55,2.21,4.13,0.081,5.275,5.331254490887942,2.3797336631354846,2.408344720713209,4.326530612244898,4.858659276173211,0.5409836065573771,0.5661210675823506,2.212,,,,,,,,,,,,,,,,,,,,,,,,,,,,,,,,,,,,,,,2026-03-29
pitcher,ATL,KC,Grant Holmes,656550,,,,,4.79,14.0,2.59,4.55,5.67,2.13,0.69,2.21,4.02,0.081,6.017094017094017,5.331254490887942,2.163265306122449,2.041382631246275,4.525423728813561,4.62755356150739,0.6666666666666666,0.7592911695295503,2.212,,,,,,,,,,,,,,,,,,,,,,,,,,,,,,,,,,,,,,,2026-03-29
pitcher,KC,ATL,Seth Lugo,607625,,,,,4.79,14.0,2.68,5.05,4.59,1.93,0.87,2.43,4.96,0.057,4.676567656765677,4.497510524090055,1.890295358649789,2.041382631246275,4.879746835443039,5.720501571405975,0.869281045751634,0.8726985188581348,2.432,,,,,,,,,,,,,,,,,,,,,,,,,,,,,,,,,,,,,,,2026-03-29
pitcher,TOR,ATH,Eric Lauer,641778,,,,,4.79,14.0,2.67,4.93,4.78,1.63,0.92,2.28,4.78,0.073,4.676567656765677,4.882964964028157,1.610062893081761,1.6824961466193542,4.879746835443039,5.152155509786922,0.9130434782608695,0.9510542321979162,2.28,,,,,,,,,,,,,,,,,,,,,,,,,,,,,,,,,,,,,,,2026-03-29
pitcher,ATH,TOR,Luis Morales,806960,,,,,4.79,14.0,2.41,4.53,4.52,1.85,0.55,2.21,4.09,0.081,4.5344827586206895,4.497510524090055,1.890295358649789,1.7468702410277968,4.486486486486487,4.680779957327881,0.5409836065573771,0.5661210675823506,2.212,,,,,,,,,,,,,,,,,,,,,,,,,,,,,,,,,,,,,,,2026-03-29
pitcher,BOS,CIN,Connelly Early,813349,,,,,4.79,14.0,2.48,4.49,6.25,1.64,0.89,2.21,4.22,0.081,6.017094017094017,6.479368348332241,1.610062893081761,1.7468702410277968,4.326530612244898,5.152155509786922,0.869281045751634,0.9510542321979162,2.212,,,,,,,,,,,,,,,,,,,,,,,,,,,,,,,,,,,,,,,2026-03-29
pitcher,NYM,PIT,Nolan McLean,690997,,,,,5.21,16.0,2.56,4.63,5.91,1.97,0.8,2.21,4.0,0.111,6.017094017094017,5.798713131007553,1.890295358649789,2.220376515405656,4.525423728813561,5.0333098236854905,0.7580645161290323,0.8965857077382466,2.212,,,,,,,,,,,,,,,,,,,,,,,,,,,,,,,,,,,,,,,2026-03-29
pitcher,PIT,NYM,Carmen Mlodzinski,669387,,,,,4.58,14.0,2.44,3.93,4.07,1.7,0.86,2.21,5.0,0.067,3.8412698412698414,4.300333653514082,1.610062893081761,1.9518856891665841,3.68,4.926278128355762,0.8333333333333334,0.9093587439387173,2.212,,,,,,,,,,,,,,,,,,,,,,,,,,,,,,,,,,,,,,,2026-03-29
pitcher,MIA,COL,Max Meyer,676974,,,,,4.79,14.0,2.4,4.93,5.63,1.63,0.55,2.28,3.48,0.073,5.708333333333333,5.545235572368783,1.610062893081761,1.6812829944533958,4.879746835443039,5.152155509786922,0.547945205479452,0.5661210675823506,2.28,,,,,,,,,,,,,,,,,,,,,,,,,,,,,,,,,,,,,,,2026-03-29
pitcher,COL,MIA,Jose Quintana,500779,,,,,4.61,14.0,2.92,5.13,3.8,2.0,1.12,2.48,6.23,0.04,3.6538461538461537,3.939694213225021,1.890295358649789,2.3178432489536314,4.879746835443039,6.155953671439464,1.1428571428571428,1.082681419219278,2.481,,,,,,,,,,,,,,,,,,,,,,,,,,,,,,,,,,,,,,,2026-03-29
pitcher,LAA,HOU,Jack Kochanowicz,686799,,,,,4.61,14.0,2.94,5.31,3.67,2.2,0.96,3.08,5.76,-0.02,3.6538461538461537,3.681977809520944,2.163265306122449,2.3178432489536314,5.093457943925234,6.178085626494306,0.9130434782608695,1.082681419219278,3.075,,,,,,,,,,,,,,,,,,,,,,,,,,,,,,,,,,,,,,,2026-03-29
pitcher,MIL,CWS,Brandon Sproat,687075,,,,,4.79,14.0,2.48,4.93,4.59,1.85,0.48,2.21,4.06,0.081,4.676567656765677,4.497510524090055,1.890295358649789,1.7468702410277968,4.879746835443039,5.152155509786922,0.5,0.44045373111342334,2.212,,,,,,,,,,,,,,,,,,,,,,,,,,,,,,,,,,,,,,,2026-03-29
pitcher,STL,TB,Dustin May,669160,,,,,5.13,15.0,2.64,5.01,4.95,2.27,0.56,2.28,4.18,0.097,4.676567656765677,5.229563729742055,2.163265306122449,2.579291945147967,4.879746835443039,5.51786174638975,0.5409836065573771,0.6063050264504087,2.28,,,,,,,,,,,,,,,,,,,,,,,,,,,,,,,,,,,,,,,2026-03-29
pitcher,TB,STL,Steven Matz,571927,,,,,4.41,13.0,1.94,3.5,3.99,1.41,0.51,1.37,4.31,0.153,3.8412698412698414,4.140714282095437,1.3455882352941178,1.60828763318008,3.3125,4.26044075287006,0.4827586206896552,0.5847153298072503,1.367,,,,,,,,,,,,,,,,,,,,,,,,,,,,,,,,,,,,,,,2026-03-29
pitcher,CHC,WSH,Shota Imanaga,684007,,,,,4.79,14.0,2.57,4.93,4.25,1.28,0.89,2.28,4.57,0.073,4.676567656765677,3.8257426697625427,1.2772277227722773,1.2824725226957707,4.879746835443039,5.152155509786922,0.869281045751634,0.9510542321979162,2.28,,,,,,,,,,,,,,,,,,,,,,,,,,,,,,,,,,,,,,,2026-03-29
pitcher,WSH,CHC,Jake Irvin,663623,,,,,4.79,14.0,2.76,4.93,3.74,1.93,0.88,3.08,5.38,-0.01,3.6538461538461537,3.8257426697625427,1.890295358649789,2.041382631246275,4.879746835443039,5.152155509786922,0.869281045751634,0.907982663950451,3.075,,,,,,,,,,,,,,,,,,,,,,,,,,,,,,,,,,,,,,,2026-03-29
pitcher,SEA,CLE,Emerson Hancock,676106,,,,,4.57,14.0,1.87,3.82,4.88,1.49,0.5,1.37,3.57,0.165,4.676567656765677,5.086395203206241,1.3455882352941178,1.9334063823321732,3.6666666666666665,4.415014567033146,0.38095238095238093,0.7864484998778862,1.367,,,,,,,,,,,,,,,,,,,,,,,,,,,,,,,,,,,,,,,2026-03-29
pitcher,CLE,SEA,Slade Cecconi,677944,,,,,5.13,15.0,2.53,4.77,4.95,1.41,0.94,2.43,4.6,0.08,4.676567656765677,5.229563729742055,1.2772277227722773,1.8006224971912148,4.666666666666667,5.203532794732478,0.9130434782608695,1.0185612131889998,2.432,,,,,,,,,,,,,,,,,,,,,,,,,,,,,,,,,,,,,,,2026-03-29
hitter,BAL,MIN,Taylor Ward,621493,1.0,LF,Confirmed,3.74,,,,,1.29,0.39,,,,,1.3296861265620814,1.2459638858311406,0.40620298058696513,0.36580907241247446,0.7061469265367316,0.5970353664557176,0.2368807470023446,0.2413339227879189,,,0.65,0.29,0.19,0.96,0.24,1.51,0.11,0.01,0.0,0.205,1.5956790123456794,1.4446109725154874,0.106,,0.007,,0.0,,False,96.0,99.0,96.0,88.0,93.0,91.0,91.0,92.0,94.0,high,high,high,high,high,high,high,high,high,2026-03-29
hitter,BAL,MIN,Gunnar Henderson,683002,2.0,SS,Confirmed,3.96,,,,,0.61,0.42,,,,,0.5529070937391508,0.6590128364518728,0.4577624645244953,0.38289269206335846,0.801980198019802,0.7330897121356997,0.24049500473197089,0.23897110094231883,,,0.76,0.32,0.21,1.12,0.24,1.56,0.13,0.01,0.0,0.216,1.5956790123456794,1.521875673154304,0.125,,0.011,,0.0,,False,96.0,99.0,96.0,88.0,93.0,91.0,91.0,92.0,94.0,high,high,high,high,high,high,high,high,high,2026-03-29
hitter,BAL,MIN,Pete Alonso,624413,3.0,DH,Confirmed,3.96,,,,,1.37,0.68,,,,,1.4614896717714092,1.2858189274117227,0.6969130915402194,0.6688164868077986,0.6506024096385542,0.5853869655831977,0.10195574728924373,0.08932494697352981,,,0.61,0.34,0.27,1.2,0.1,0.95,0.12,0.01,0.0,0.226,1.001763668430335,0.8991232030583391,0.124,,0.009,,0.0,,False,96.0,99.0,96.0,88.0,93.0,91.0,91.0,92.0,94.0,high,high,high,high,high,high,high,high,high,2026-03-29
hitter,BAL,MIN,Ryan Mountcastle,663624,4.0,1B,Confirmed,3.81,,,,,0.78,0.26,,,,,0.7170067209706844,0.8411966036816627,0.2537318863142518,0.2580236866723099,0.7061469265367316,0.6466848676771949,0.25263351526773636,0.25862800480049725,,,0.67,0.23,0.2,0.84,0.26,1.51,0.11,0.01,0.0,0.156,1.4759615384615385,1.536934744133456,0.106,,0.007,,0.0,,False,96.0,99.0,96.0,88.0,93.0,91.0,91.0,92.0,94.0,high,high,high,high,high,high,high,high,high,2026-03-29
hitter,BAL,MIN,Samuel Basallo,694212,5.0,1B,Confirmed,3.48,,,,,1.28,0.11,,,,,1.2929416790149117,1.2666120933403349,0.11946207617297756,0.10016071656929566,0.35424354243542433,0.37345660408720377,0.02991626351110565,0.037658668696535495,,,0.36,0.27,0.23,1.03,0.03,0.55,0.1,0.01,0.0,0.195,0.5302013422818792,0.5709318457409852,0.104,,0.008,,0.0,,False,96.0,99.0,96.0,88.0,93.0,91.0,91.0,92.0,94.0,high,high,high,high,high,high,high,high,high,2026-03-29
hitter,BAL,MIN,Tyler O'Neill,641933,6.0,RF,Confirmed,3.19,,,,,0.67,0.36,,,,,0.6729236541091685,0.660615647727017,0.417963681950841,0.29298194661945554,0.6434108527131783,0.4920913949110018,0.2034673150011542,0.18668323393521558,,,0.56,0.21,0.18,0.81,0.2,1.22,0.1,0.01,0.0,0.206,1.239368165249089,1.2012410218837768,0.097,,0.007,,0.0,,False,96.0,99.0,96.0,88.0,93.0,91.0,91.0,92.0,94.0,high,high,high,high,high,high,high,high,high,2026-03-29
hitter,BAL,MIN,Coby Mayo,691723,7.0,3B,Confirmed,3.33,,,,,0.7,0.31,,,,,0.6758074334863202,0.7296872857223303,0.3404118605846973,0.2875609859251637,0.5846774193548387,0.4897632098342701,0.2338464508811207,0.19660053983138326,,,0.53,0.21,0.17,0.79,0.22,1.18,0.1,0.01,0.0,0.19,1.239368165249089,1.1311643699102822,0.098,,0.006,,0.0,,False,96.0,99.0,96.0,88.0,93.0,91.0,91.0,92.0,94.0,high,high,high,high,high,high,high,high,high,2026-03-29
hitter,BAL,MIN,Dylan Beavers,687637,8.0,CF,Confirmed,3.48,,,,,0.69,0.49,,,,,0.6659634705371753,0.7229304844901253,0.5410375999816054,0.43590504630952054,0.6434108527131783,0.504580281030924,0.17644786160483567,0.19371555240376687,,,0.57,0.21,0.16,0.78,0.19,1.17,0.09,0.01,0.0,0.189,1.239368165249089,1.1218122651061777,0.093,,0.007,,0.0,,False,96.0,99.0,96.0,88.0,93.0,91.0,91.0,92.0,94.0,high,high,high,high,high,high,high,high,high,2026-03-29
hitter,BAL,MIN,Jeremiah Jackson,669236,9.0,2B,Confirmed,3.48,,,,,1.35,0.15,,,,,1.336533388767814,1.3651173754758625,0.16537170882589872,0.13885950596664015,0.3344051446945337,0.3705643325730508,0.027278869333276022,0.028057753521798255,,,0.35,0.2,0.17,0.78,0.03,0.52,0.11,0.01,0.0,0.177,0.4591194968553459,0.560723609062977,0.109,,0.008,,0.0,,False,96.0,99.0,96.0,88.0,93.0,91.0,91.0,92.0,94.0,high,high,high,high,high,high,high,high,high,2026-03-29
hitter,MIN,BAL,Kody Clemens,665019,1.0,1B,Confirmed,3.96,,,,,1.57,0.14,,,,,1.5118645343540333,1.630874876627328,0.12835831679215925,0.151121504265075,0.4803149606299212,0.5323887448487726,0.050865132273544514,0.04389907083666151,,,0.51,0.32,0.2,1.0,0.05,0.8,0.12,0.01,0.0,0.225,0.7899761336515513,0.8130316659287812,0.117,,0.007,,0.0,,False,96.0,99.0,96.0,88.0,93.0,91.0,91.0,92.0,94.0,high,high,high,high,high,high,high,high,high,2026-03-29
hitter,MIN,BAL,Byron Buxton,621439,2.0,CF,Confirmed,4.26,,,,,1.16,0.19,,,,,1.20036621666419,1.1114252448934312,0.18014686516285527,0.209499165419615,1.607843137254902,1.346513853502443,0.6408437654125613,0.4975324933752316,,,1.46,0.43,0.29,1.37,0.57,4.1,0.12,0.01,0.0,0.27,5.416666666666667,3.015069213116111,0.118,,0.013,,0.0,,False,96.0,99.0,96.0,88.0,93.0,91.0,91.0,92.0,94.0,high,high,high,high,high,high,high,high,high,2026-03-29
hitter,MIN,BAL,Luke Keaschall,807712,3.0,2B,Confirmed,3.74,,,,,0.49,0.38,,,,,0.48941672231730937,0.4996988522655321,0.3933197104377326,0.37262477953964185,0.801980198019802,0.7699291160355382,0.030195932612230792,0.01855204741448049,,,0.78,0.3,0.18,0.9,0.02,1.04,0.08,0.01,0.0,0.233,1.1238670694864048,0.9674070707848945,0.076,,0.008,,0.0,,False,96.0,99.0,96.0,88.0,93.0,91.0,91.0,92.0,94.0,high,high,high,high,high,high,high,high,high,2026-03-29
hitter,MIN,BAL,Matt Wallner,670242,4.0,RF,Confirmed,3.81,,,,,0.77,0.43,,,,,0.7623701345881548,0.7867475939743688,0.43565206573766346,0.4276639758420554,1.0980834272829765,0.9320164883953891,0.07822624599158631,0.08088299058977604,,,1.01,0.33,0.21,0.95,0.08,1.51,0.12,0.01,0.0,0.251,1.5956790123456794,1.4320781475464792,0.12,,0.008,,0.0,,False,96.0,99.0,96.0,88.0,93.0,91.0,91.0,92.0,94.0,high,high,high,high,high,high,high,high,high,2026-03-29
hitter,MIN,BAL,Josh Bell,605137,5.0,DH,Confirmed,3.49,,,,,1.1,0.12,,,,,1.1317648680578036,1.0777805072950672,0.1261748826804569,0.118943558679032,0.35424354243542433,0.35148010389356116,0.041804597974653204,0.04582542513185498,,,0.35,0.33,0.24,1.05,0.04,0.6,0.1,0.01,0.0,0.258,0.5302013422818792,0.6505846580756027,0.095,,0.006,,0.0,,False,96.0,99.0,96.0,88.0,93.0,91.0,91.0,92.0,94.0,high,high,high,high,high,high,high,high,high,2026-03-29
hitter,MIN,BAL,Victor Caratini,605170,6.0,C,Confirmed,3.33,,,,,0.66,0.27,,,,,0.6654122568527417,0.6573674875744883,0.3243823836758446,0.2192499874754908,0.994208494208494,0.8077829260972641,0.24859892593341051,0.1601004940546951,,,0.89,0.24,0.18,0.83,0.2,1.53,0.08,0.01,0.0,0.223,1.684375,1.4087382956092116,0.076,,0.006,,0.0,,False,96.0,99.0,96.0,88.0,93.0,91.0,91.0,92.0,94.0,high,high,high,high,high,high,high,high,high,2026-03-29
hitter,MIN,BAL,Trevor Larnach,663616,7.0,LF,Confirmed,3.81,,,,,1.45,0.1,,,,,1.4706988249487876,1.430018727972747,0.12114980743364814,0.08785559215244779,0.4803149606299212,0.5225044454721257,0.040288344998378335,0.03213799953446389,,,0.5,0.25,0.17,0.83,0.04,0.79,0.11,0.01,0.0,0.214,0.7899761336515513,0.7851168840583215,0.113,,0.007,,0.0,,False,96.0,99.0,96.0,88.0,93.0,91.0,91.0,92.0,94.0,high,high,high,high,high,high,high,high,high,2026-03-29
hitter,MIN,BAL,Royce Lewis,668904,8.0,3B,Confirmed,4.08,,,,,1.37,0.08,,,,,1.332950499818996,1.4121415968873003,0.09221694144211788,0.06724227666956809,0.6434108527131783,0.5937229149241624,0.04723635760202142,0.040470942487068964,,,0.62,0.33,0.27,1.24,0.04,0.96,0.13,0.01,0.0,0.241,0.9875776397515532,0.9286160528525955,0.127,,0.007,,0.0,,False,96.0,99.0,96.0,88.0,93.0,91.0,91.0,92.0,94.0,high,high,high,high,high,high,high,high,high,2026-03-29
hitter,MIN,BAL,Tristan Gray,656484,9.0,SS,Confirmed,3.02,,,,,0.91,0.23,,,,,0.9407970648147694,0.8742847704136808,0.2520103855636108,0.20583352592318285,0.801980198019802,0.6334867464503513,0.03650607662355225,0.032746281181582876,,,0.71,0.21,0.14,0.7,0.03,0.98,0.08,0.01,0.0,0.216,1.1238670694864048,0.8713041272893657,0.079,,0.007,,0.0,,False,96.0,99.0,96.0,88.0,93.0,91.0,91.0,92.0,94.0,high,high,high,high,high,high,high,high,high,2026-03-29
hitter,PHI,TEX,Trea Turner,607208,1.0,SS,Confirmed,4.74,,,,,1.13,0.46,,,,,1.0608849071939557,1.2026539995884293,0.40870546978183286,0.5050838262821283,0.4125159642401022,0.5410161536458404,0.029280420461487596,0.019774108661359337,,,0.48,0.68,0.51,2.33,0.02,0.75,0.17,0.02,0.0,0.358,0.6720588235294118,0.8220924524255493,0.171,,0.021,,0.0,,False,96.0,99.0,96.0,88.0,93.0,91.0,91.0,92.0,94.0,high,high,high,high,high,high,high,high,high,2026-03-29
hitter,PHI,TEX,Kyle Schwarber,656941,2.0,DH,Confirmed,5.14,,,,,1.98,0.82,,,,,1.8730210860570335,2.0919828158960954,0.7305301073697901,0.9104133848368497,0.4125159642401022,0.4472454099104447,0.0900795428760274,0.13556106446661786,,,0.43,1.09,0.9,3.09,0.11,0.94,0.23,0.01,0.0,0.53,0.8408408408408409,1.0177539376985336,0.227,,0.009,,0.0,,False,96.0,99.0,96.0,88.0,93.0,91.0,91.0,92.0,94.0,high,high,high,high,high,high,high,high,high,2026-03-29
hitter,PHI,TEX,Bryce Harper,547180,3.0,1B,Confirmed,4.97,,,,,1.47,0.81,,,,,1.361020123621717,1.5777003503164373,0.7627951661940527,0.8613015759046523,0.4125159642401022,0.5473420436136571,0.03167071003242644,0.024697967704195953,,,0.49,0.79,0.59,2.47,0.03,0.71,0.23,0.01,0.0,0.423,0.6720588235294118,0.7343780981221474,0.228,,0.008,,0.0,,False,96.0,99.0,96.0,88.0,93.0,91.0,91.0,92.0,94.0,high,high,high,high,high,high,high,high,high,2026-03-29
hitter,PHI,TEX,Alec Bohm,664761,4.0,3B,Confirmed,4.97,,,,,1.14,0.51,,,,,1.024185272735364,1.2480762585991383,0.5074685929017769,0.51591091233522,0.5290322580645161,0.6668609680726968,0.03813283604905935,0.043183048906005224,,,0.6,0.68,0.58,2.36,0.04,0.8,0.15,0.01,0.0,0.34,0.6720588235294118,0.8975263752001551,0.155,,0.011,,0.0,,False,96.0,99.0,96.0,88.0,93.0,91.0,91.0,92.0,94.0,high,high,high,high,high,high,high,high,high,2026-03-29
hitter,PHI,TEX,Adolis García,666969,5.0,RF,Confirmed,4.6,,,,,1.0,0.29,,,,,0.9063578888695409,1.0971154199296111,0.26666647666898735,0.31563097935559253,0.8770949720670391,1.0036231022619528,0.0556064636248042,0.03886057705468484,,,0.95,0.68,0.6,2.39,0.05,1.38,0.2,0.01,0.0,0.372,1.3148148148148149,1.4359312274574434,0.203,,0.011,,0.0,,False,96.0,99.0,96.0,88.0,93.0,91.0,91.0,92.0,94.0,high,high,high,high,high,high,high,high,high,2026-03-29
hitter,PHI,TEX,Edmundo Sosa,624641,6.0,2B,Confirmed,2.55,,,,,1.05,0.17,,,,,1.0899361026705687,1.0043887322848508,0.1704444322417112,0.16044836403205306,0.3344051446945337,0.22531006271426826,0.022906742037868313,0.014566952594212913,,,0.27,0.33,0.36,1.34,0.02,0.33,0.11,0.01,0.0,0.363,0.3888888888888889,0.2857646917050321,0.114,,0.01,,0.0,,False,96.0,99.0,96.0,88.0,93.0,91.0,91.0,92.0,94.0,high,high,high,high,high,high,high,high,high,2026-03-29
hitter,PHI,TEX,J.T. Realmuto,592663,7.0,C,Confirmed,4.51,,,,,1.39,0.35,,,,,1.2150627515803154,1.5595602633474899,0.31639862572975885,0.38074996996499827,0.4125159642401022,0.5347368675724137,0.03215165376481954,0.04064207613743451,,,0.48,0.58,0.53,2.21,0.04,0.74,0.17,0.01,0.0,0.362,0.6720588235294118,0.7892509114128257,0.173,,0.009,,0.0,,False,96.0,99.0,96.0,88.0,93.0,91.0,91.0,92.0,94.0,high,high,high,high,high,high,high,high,high,2026-03-29
hitter,PHI,TEX,Otto Kemp,805249,8.0,LF,Confirmed,2.77,,,,,1.38,0.26,,,,,1.4513523925583574,1.3110154587541263,0.2603884569441208,0.26105076981186054,0.2543859649122807,0.19183696730079317,0.02783654831437551,0.026744559691442123,,,0.22,0.32,0.28,1.12,0.03,0.36,0.12,0.01,0.0,0.334,0.3888888888888889,0.3379808291409268,0.118,,0.008,,0.0,,False,96.0,99.0,96.0,88.0,93.0,91.0,91.0,92.0,94.0,high,high,high,high,high,high,high,high,high,2026-03-29
hitter,PHI,TEX,Justin Crawford,702222,9.0,CF,Confirmed,2.9,,,,,0.78,0.26,,,,,0.6999938698670477,0.8671291105705294,0.2620263471161949,0.2652679154886207,0.3127168442038919,0.2366628705661751,0.024100988423873468,0.02166556906988569,,,0.27,0.29,0.24,1.06,0.02,0.38,0.11,0.01,0.0,0.299,0.3888888888888889,0.36785661846604983,0.114,,0.008,,0.0,,False,96.0,99.0,96.0,88.0,93.0,91.0,91.0,92.0,94.0,high,high,high,high,high,high,high,high,high,2026-03-29
hitter,TEX,PHI,Brandon Nimmo,607043,1.0,RF,Confirmed,4.25,,,,,1.31,0.69,,,,,1.3330810036576874,1.2779397884765007,0.7648512711523541,0.6202637245486482,0.7061469265367316,0.6241052569434742,0.05506334965494555,0.02674261750574688,,,0.66,0.35,0.25,1.31,0.04,1.04,0.15,0.01,0.0,0.209,1.1238670694864048,0.9755926786617334,0.148,,0.007,,0.0,,False,96.0,99.0,96.0,88.0,93.0,91.0,91.0,92.0,94.0,high,high,high,high,high,high,high,high,high,2026-03-29
hitter,TEX,PHI,Wyatt Langford,694671,2.0,LF,Confirmed,3.96,,,,,1.09,0.21,,,,,1.086226137513064,1.0912000601422431,0.18390162918583805,0.24227756246444168,0.6434108527131783,0.5924298266441067,0.15125138338122404,0.14720291951821413,,,0.62,0.35,0.23,1.23,0.15,1.2,0.11,0.01,0.0,0.232,1.239368165249089,1.1744685674358386,0.11,,0.007,,0.0,,False,96.0,99.0,96.0,88.0,93.0,91.0,91.0,92.0,94.0,high,high,high,high,high,high,high,high,high,2026-03-29
hitter,TEX,PHI,Corey Seager,608369,3.0,SS,Confirmed,4.04,,,,,0.55,0.8,,,,,0.5971749987223929,0.5045586626438213,0.8959798564352305,0.6951290655789029,1.4947368421052631,1.11768681793328,0.5075649915517357,0.41469220333849227,,,1.29,0.35,0.27,1.26,0.46,2.59,0.13,0.01,0.0,0.227,2.775,2.432924344052701,0.131,,0.006,,0.0,,False,96.0,99.0,96.0,88.0,93.0,91.0,91.0,92.0,94.0,high,high,high,high,high,high,high,high,high,2026-03-29
hitter,TEX,PHI,Jake Burger,669394,4.0,1B,Confirmed,3.58,,,,,0.9,0.17,,,,,0.8723590999052659,0.9212854907231701,0.18262927957702152,0.16634255813922774,0.8949771689497716,0.777628853638349,0.05497077141347259,0.06076544016208143,,,0.83,0.3,0.27,1.21,0.06,1.21,0.09,0.01,0.0,0.203,1.239368165249089,1.184626934614374,0.092,,0.007,,0.0,,False,96.0,99.0,96.0,88.0,93.0,91.0,91.0,92.0,94.0,high,high,high,high,high,high,high,high,high,2026-03-29
hitter,TEX,PHI,Andrew McCutchen,457705,5.0,DH,Confirmed,3.96,,,,,0.89,0.56,,,,,0.9387562285202155,0.8427312618493088,0.6039915824286016,0.5101899872985658,0.8949771689497716,0.848384797374863,0.056803887560206046,0.04339439043090359,,,0.87,0.33,0.26,1.24,0.05,1.3,0.1,0.01,0.0,0.218,1.3893129770992367,1.2225422369595809,0.099,,0.006,,0.0,,False,96.0,99.0,96.0,88.0,93.0,91.0,91.0,92.0,94.0,high,high,high,high,high,high,high,high,high,2026-03-29
hitter,TEX,PHI,Kyle Higashioka,543309,6.0,C,Confirmed,3.49,,,,,1.3,0.06,,,,,1.2203971594614524,1.372926733152419,0.08957640869476496,0.0401872734429917,0.5290322580645161,0.5711149347293341,0.11394371790001859,0.11901793386541902,,,0.55,0.23,0.22,0.98,0.12,0.98,0.09,0.01,0.0,0.187,1.001763668430335,0.9541489896798592,0.086,,0.008,,0.0,,False,96.0,99.0,96.0,88.0,93.0,91.0,91.0,92.0,94.0,high,high,high,high,high,high,high,high,high,2026-03-29
hitter,TEX,PHI,Josh Jung,673962,7.0,3B,Confirmed,3.89,,,,,0.93,0.25,,,,,0.919518020373447,0.9340505838629855,0.26447523488047986,0.22868616989281268,0.8694581280788177,0.813063159668046,0.057933875178625756,0.05665821332003268,,,0.84,0.29,0.25,1.25,0.06,1.25,0.14,0.01,0.0,0.213,1.3148148148148149,1.191739983102733,0.137,,0.007,,0.0,,False,96.0,99.0,96.0,88.0,93.0,91.0,91.0,92.0,94.0,high,high,high,high,high,high,high,high,high,2026-03-29
hitter,TEX,PHI,Sam Haggerty,664059,8.0,LF,Confirmed,2.07,,,,,0.54,0.19,,,,,0.5793232669124603,0.5070506719394012,0.23362300497720084,0.14460107084217327,0.3344051446945337,0.1788347041336801,0.017305296797295425,0.00016494089170605302,,,0.25,0.12,0.09,0.46,0.01,0.33,0.06,0.01,0.0,0.168,0.39285714285714285,0.2770134582010528,0.062,,0.007,,0.0,,False,96.0,99.0,96.0,88.0,93.0,91.0,91.0,92.0,94.0,high,high,high,high,high,high,high,high,high,2026-03-29
hitter,TEX,PHI,Ezequiel Duran,677649,9.0,2B,Confirmed,3.49,,,,,0.74,0.21,,,,,0.6836994246225102,0.7895897699659539,0.2114821996676936,0.20220005745194627,0.801980198019802,0.6974834736214314,0.0184598909471673,0.019698357289157385,,,0.74,0.26,0.22,1.12,0.02,0.96,0.1,0.01,0.0,0.21,1.001763668430335,0.9273592261004244,0.096,,0.006,,0.0,,False,96.0,99.0,96.0,88.0,93.0,91.0,91.0,92.0,94.0,high,high,high,high,high,high,high,high,high,2026-03-29
hitter,ATL,KC,Ronald Acuña Jr.,660670,1.0,RF,Confirmed,4.97,,,,,1.11,0.92,,,,,1.067983655882614,1.1486838335909417,0.8925590196111747,0.9497171856541117,0.801980198019802,0.899688844357388,0.18794374136809344,0.22758091072037137,,,0.86,0.67,0.41,2.18,0.21,1.68,0.25,0.01,0.0,0.374,1.684375,1.6824400001302606,0.248,,0.009,,0.0,,False,96.0,99.0,96.0,88.0,93.0,91.0,91.0,92.0,94.0,high,high,high,high,high,high,high,high,high,2026-03-29
hitter,ATL,KC,Drake Baldwin,686948,2.0,C,Confirmed,4.68,,,,,0.62,0.56,,,,,0.5877896399729293,0.6532136592600981,0.5471282060279874,0.5712526257803258,0.801980198019802,0.8386854966071348,0.1215440513929002,0.14912539442607436,,,0.82,0.58,0.39,2.07,0.14,1.35,0.2,0.01,0.0,0.326,1.3148148148148149,1.3803994022523347,0.197,,0.012,,0.0,,False,96.0,99.0,96.0,88.0,93.0,91.0,91.0,92.0,94.0,high,high,high,high,high,high,high,high,high,2026-03-29
hitter,ATL,KC,Matt Olson,621566,3.0,1B,Confirmed,4.97,,,,,1.1,0.81,,,,,1.0397543299115335,1.1529210495369178,0.7642640396640915,0.8571521732474732,0.801980198019802,0.9576063357928332,0.17184153217750003,0.2670899359338346,,,0.89,0.64,0.47,2.2,0.22,1.77,0.35,0.01,0.0,0.354,1.684375,1.8313507776381814,0.346,,0.009,,0.0,,False,96.0,99.0,96.0,88.0,93.0,91.0,91.0,92.0,94.0,high,high,high,high,high,high,high,high,high,2026-03-29
hitter,ATL,KC,Austin Riley,663586,4.0,3B,Confirmed,4.64,,,,,1.61,0.23,,,,,1.430647730041314,1.7915781510499447,0.22669022950171222,0.22545695402633437,0.6434108527131783,0.714704473557368,0.09691850437126781,0.10183307353900449,,,0.68,0.57,0.47,2.14,0.1,1.22,0.23,0.01,0.0,0.317,1.1521739130434783,1.2692745366400202,0.235,,0.009,,0.0,,False,96.0,99.0,96.0,88.0,93.0,91.0,91.0,92.0,94.0,high,high,high,high,high,high,high,high,high,2026-03-29
hitter,ATL,KC,Mike Yastrzemski,573262,5.0,LF,Confirmed,4.68,,,,,0.61,0.87,,,,,0.6128421876760999,0.6107019816676612,0.8903083482299453,0.8593045172794227,1.0980834272829765,1.074603651905154,0.26281745334247897,0.1398511678683747,,,1.09,0.65,0.48,2.22,0.2,1.89,0.21,0.01,0.0,0.368,2.057017543859649,1.7489465569707467,0.209,,0.008,,0.0,,False,96.0,99.0,96.0,88.0,93.0,91.0,91.0,92.0,94.0,high,high,high,high,high,high,high,high,high,2026-03-29
hitter,ATL,KC,Ozzie Albies,645277,6.0,2B,Confirmed,3.96,,,,,0.65,0.49,,,,,0.6189876109010884,0.6826592959504656,0.4809375331324025,0.5049621359618157,0.8694581280788177,0.8719370385306442,0.1266763456372212,0.15035002027605313,,,0.87,0.39,0.35,1.64,0.14,1.54,0.16,0.01,0.0,0.293,1.684375,1.4153892072498713,0.163,,0.009,,0.0,,False,96.0,99.0,96.0,88.0,93.0,91.0,91.0,92.0,94.0,high,high,high,high,high,high,high,high,high,2026-03-29
hitter,ATL,KC,Michael Harris II,671739,7.0,CF,Confirmed,4.58,,,,,0.77,0.27,,,,,0.7471049939390543,0.7851648505029445,0.24749048393130998,0.2900455981029627,0.8770949720670391,1.0073935702291048,0.1360854589282488,0.17077374006789497,,,0.95,0.49,0.43,2.09,0.15,1.6,0.22,0.01,0.0,0.303,1.5956790123456794,1.6117783226370812,0.219,,0.015,,0.0,,False,96.0,99.0,96.0,88.0,93.0,91.0,91.0,92.0,94.0,high,high,high,high,high,high,high,high,high,2026-03-29
hitter,ATL,KC,Dominic Smith,642086,8.0,DH,Confirmed,4.25,,,,,1.24,0.16,,,,,1.0430033423080576,1.4405472574517582,0.15289898560310936,0.17238918336847345,0.3344051446945337,0.3761071195809461,0.02654182871153151,0.02632275431094231,,,0.36,0.47,0.38,1.95,0.03,0.52,0.19,0.01,0.0,0.322,0.44025157232704404,0.5876055871958475,0.195,,0.01,,0.0,,False,96.0,99.0,96.0,88.0,93.0,91.0,91.0,92.0,94.0,high,high,high,high,high,high,high,high,high,2026-03-29
hitter,ATL,KC,Jorge Mateo,622761,9.0,SS,Confirmed,3.1,,,,,1.0,0.31,,,,,0.9805991487498763,1.028163644190024,0.3030040373758843,0.3138039545374527,0.35424354243542433,0.29448532268337924,0.02575761548765854,0.019468390251236936,,,0.32,0.3,0.23,1.18,0.02,0.52,0.17,0.01,0.0,0.298,0.6289308176100628,0.4395606258306719,0.166,,0.009,,0.0,,False,96.0,99.0,96.0,88.0,93.0,91.0,91.0,92.0,94.0,high,high,high,high,high,high,high,high,high,2026-03-29
hitter,KC,ATL,Maikel Garcia,672580,1.0,3B,Confirmed,4.58,,,,,0.37,0.6,,,,,0.4079647127641859,0.3292234970244433,0.5704701720062428,0.6235537469068637,1.1702127659574468,1.1549022652457859,0.07331972516835228,0.0675542257956996,,,1.16,0.57,0.41,2.15,0.07,1.76,0.25,0.01,0.0,0.32,1.914285714285714,1.6353595085761772,0.245,,0.009,,0.0,,False,96.0,99.0,96.0,88.0,93.0,91.0,91.0,92.0,94.0,high,high,high,high,high,high,high,high,high,2026-03-29
hitter,KC,ATL,Bobby Witt Jr.,677951,2.0,SS,Confirmed,4.68,,,,,0.61,0.51,,,,,0.6372253319343101,0.5777418637175048,0.4616119950525639,0.5628089317485614,1.1702127659574468,1.2925021432338546,0.1056063785942278,0.11591201814486252,,,1.24,0.55,0.41,2.09,0.11,1.86,0.21,0.01,0.0,0.296,1.914285714285714,1.8171980690403222,0.215,,0.013,,0.0,,False,96.0,99.0,96.0,88.0,93.0,91.0,91.0,92.0,94.0,high,high,high,high,high,high,high,high,high,2026-03-29
hitter,KC,ATL,Vinnie Pasquantino,686469,3.0,1B,Confirmed,4.57,,,,,0.51,0.6,,,,,0.5662665355803578,0.4530852292941389,0.6240566495265408,0.5764780351815925,1.0980834272829765,1.1325389050351533,0.13958216224827003,0.117555442206884,,,1.12,0.56,0.46,2.12,0.13,1.79,0.3,0.01,0.0,0.32,1.914285714285714,1.6927898223278148,0.3,,0.009,,0.0,,False,96.0,99.0,96.0,88.0,93.0,91.0,91.0,92.0,94.0,high,high,high,high,high,high,high,high,high,2026-03-29
hitter,KC,ATL,Salvador Perez,521692,4.0,DH,Confirmed,4.48,,,,,0.62,0.46,,,,,0.6547462974488047,0.5857063097498024,0.48508179794077044,0.43847500512291204,0.8949771689497716,0.9846078013284952,0.13361917669709064,0.1298315131322179,,,0.94,0.52,0.46,2.08,0.13,1.66,0.21,0.01,0.0,0.289,1.684375,1.6353857209807867,0.208,,0.007,,0.0,,False,96.0,99.0,96.0,88.0,93.0,91.0,91.0,92.0,94.0,high,high,high,high,high,high,high,high,high,2026-03-29
hitter,KC,ATL,Carter Jensen,695600,5.0,C,Confirmed,4.25,,,,,0.61,0.6,,,,,0.6381205146371619,0.5911593964690274,0.600169367731165,0.6013096654228857,1.0980834272829765,1.0064136735028513,0.11369792774105245,0.09883853526407366,,,1.05,0.56,0.45,2.1,0.11,1.78,0.2,0.01,0.0,0.337,1.914285714285714,1.6776066369809084,0.196,,0.01,,0.0,,False,96.0,99.0,96.0,88.0,93.0,91.0,91.0,92.0,94.0,high,high,high,high,high,high,high,high,high,2026-03-29
hitter,KC,ATL,Lane Thomas,657041,6.0,RF,Confirmed,3.81,,,,,0.93,0.27,,,,,0.8906087541688736,0.9602200401769639,0.2840817904549773,0.2605488752825939,0.801980198019802,0.7848103266979066,0.11598089669997369,0.12283042773371824,,,0.79,0.36,0.33,1.49,0.12,1.36,0.14,0.01,0.0,0.283,1.3893129770992367,1.342870575105074,0.143,,0.009,,0.0,,False,96.0,99.0,96.0,88.0,93.0,91.0,91.0,92.0,94.0,high,high,high,high,high,high,high,high,high,2026-03-29
hitter,KC,ATL,Jac Caglianone,695506,7.0,RF,Confirmed,3.49,,,,,0.67,0.41,,,,,0.6736285398721389,0.6746266237010624,0.43827809430878373,0.3835337881880699,0.801980198019802,0.5761661931586862,0.08069675832501905,0.0780887852505418,,,0.68,0.35,0.29,1.44,0.08,1.16,0.16,0.01,0.0,0.293,1.239368165249089,1.0953841336226302,0.163,,0.01,,0.0,,False,96.0,99.0,96.0,88.0,93.0,91.0,91.0,92.0,94.0,high,high,high,high,high,high,high,high,high,2026-03-29
hitter,KC,ATL,Nick Loftin,679845,8.0,2B,Confirmed,2.55,,,,,0.55,0.18,,,,,0.5462764069700012,0.5462032054417972,0.20729473875862267,0.1552307725301718,0.35424354243542433,0.347616607005322,0.06629442700489185,0.049732252004175,,,0.35,0.27,0.23,1.14,0.06,0.6,0.11,0.01,0.0,0.299,0.6720588235294118,0.5437684905690079,0.112,,0.008,,0.0,,False,96.0,99.0,96.0,88.0,93.0,91.0,91.0,92.0,94.0,high,high,high,high,high,high,high,high,high,2026-03-29
hitter,KC,ATL,Kyle Isbel,664728,9.0,CF,Confirmed,3.1,,,,,0.54,0.17,,,,,0.5559898660804548,0.5199773487128019,0.19054836847149256,0.14904852199718538,0.801980198019802,0.6930515080154915,0.04841541573287695,0.03813619242367673,,,0.74,0.29,0.24,1.24,0.04,1.12,0.13,0.01,0.0,0.272,1.239368165249089,1.0283440803453343,0.127,,0.009,,0.0,,False,96.0,99.0,96.0,88.0,93.0,91.0,91.0,92.0,94.0,high,high,high,high,high,high,high,high,high,2026-03-29
hitter,TOR,ATH,George Springer,543807,1.0,DH,Confirmed,4.51,,,,,1.07,0.64,,,,,1.170416093481572,0.9643181238684487,0.6491945724985231,0.64026457390358,1.4947368421052631,1.1612907863446518,0.2454398219043239,0.25104188323015236,,,1.31,0.52,0.37,1.88,0.25,2.29,0.23,0.01,0.0,0.301,2.456692913385827,2.1563056832898124,0.225,,0.007,,0.0,,False,96.0,99.0,96.0,88.0,93.0,91.0,91.0,92.0,94.0,high,high,high,high,high,high,high,high,high,2026-03-29
hitter,TOR,ATH,Jesús Sánchez,660821,2.0,LF,Confirmed,3.96,,,,,0.93,0.31,,,,,0.9003197377687684,0.9622809437051958,0.33090124189880454,0.2966073096006735,1.0980834272829765,0.9891011898996457,0.2884320619263463,0.23360869669198142,,,1.04,0.43,0.32,1.62,0.26,1.96,0.17,0.01,0.0,0.272,2.057017543859649,1.8779805567117334,0.175,,0.011,,0.0,,False,96.0,99.0,96.0,88.0,93.0,91.0,91.0,92.0,94.0,high,high,high,high,high,high,high,high,high,2026-03-29
hitter,TOR,ATH,Vladimir Guerrero Jr.,665489,3.0,1B,Confirmed,4.64,,,,,0.82,0.83,,,,,0.87909966125845,0.7567654118189007,0.8535141009796703,0.7970772284656725,1.607843137254902,1.2705360800843106,0.34153005606382975,0.3096468404095862,,,1.42,0.6,0.47,2.16,0.33,2.62,0.24,0.01,0.0,0.338,2.6,2.6362096434354676,0.24,,0.015,,0.0,,False,96.0,99.0,96.0,88.0,93.0,91.0,91.0,92.0,94.0,high,high,high,high,high,high,high,high,high,2026-03-29
hitter,TOR,ATH,Addison Barger,680718,4.0,RF,Confirmed,4.25,,,,,1.11,0.49,,,,,1.1219327748644152,1.090732534333072,0.5401956954689596,0.4427716605843622,1.1391752577319587,1.111614857723511,0.18400250601499937,0.1907396210218513,,,1.12,0.47,0.37,1.73,0.19,2.07,0.2,0.01,0.0,0.288,2.057017543859649,2.0800070283881773,0.196,,0.013,,0.0,,False,96.0,99.0,96.0,88.0,93.0,91.0,91.0,92.0,94.0,high,high,high,high,high,high,high,high,high,2026-03-29
hitter,TOR,ATH,Kazuma Okamoto,672960,5.0,3B,Confirmed,3.49,,,,,0.75,0.25,,,,,0.746,,0.249,,0.706,,0.031,,,,0.71,0.35,0.28,1.34,0.03,1.0,0.15,0.01,0.0,0.256,1.002,,0.153,,0.009,,0.0,,True,40.0,44.0,40.0,32.0,37.0,35.0,35.0,36.0,38.0,low,low,low,low,low,low,low,low,low,2026-03-29
hitter,TOR,ATH,Daulton Varsho,662139,6.0,CF,Confirmed,4.45,,,,,1.25,0.39,,,,,1.2221901908016044,1.26953451815903,0.39104531431567424,0.3839392694776053,1.0980834272829765,1.0208665121581622,0.2703072538651109,0.2655915027287595,,,1.06,0.39,0.37,1.64,0.27,2.22,0.18,0.01,0.0,0.258,2.456692913385827,2.030818121228814,0.183,,0.013,,0.0,,False,96.0,99.0,96.0,88.0,93.0,91.0,91.0,92.0,94.0,high,high,high,high,high,high,high,high,high,2026-03-29
hitter,TOR,ATH,Ernie Clement,676391,7.0,2B,Confirmed,4.45,,,,,0.55,0.31,,,,,0.5334438045554177,0.5662158016573337,0.31743468457306023,0.2955029366141515,1.607843137254902,1.3748903836825008,0.11156855525437662,0.13495001951950455,,,1.48,0.44,0.38,1.92,0.12,1.99,0.25,0.01,0.0,0.282,2.057017543859649,1.9391656978117024,0.246,,0.011,,0.0,,False,96.0,99.0,96.0,88.0,93.0,91.0,91.0,92.0,94.0,high,high,high,high,high,high,high,high,high,2026-03-29
hitter,TOR,ATH,Andrés Giménez,665926,8.0,SS,Confirmed,4.18,,,,,0.83,0.38,,,,,0.8278020679836782,0.8256002780974561,0.3773543727475728,0.38038055404054244,1.0980834272829765,1.046509726455749,0.1219892066698818,0.12380443923186002,,,1.07,0.42,0.35,1.76,0.12,1.74,0.21,0.01,0.0,0.29,1.914285714285714,1.5945474810780358,0.209,,0.013,,0.0,,False,96.0,99.0,96.0,88.0,93.0,91.0,91.0,92.0,94.0,high,high,high,high,high,high,high,high,high,2026-03-29
hitter,TOR,ATH,Tyler Heineman,623168,9.0,C,Confirmed,3.02,,,,,0.67,0.26,,,,,0.7070660226858559,0.6362350927293019,0.2909403598862599,0.2344062895515673,0.4803149606299212,0.4410210746693177,0.04517104663286415,0.04768845053011753,,,0.46,0.24,0.18,0.95,0.05,0.74,0.12,0.01,0.0,0.237,0.7899761336515513,0.695024305537991,0.125,,0.01,,0.0,,False,96.0,99.0,96.0,88.0,93.0,91.0,91.0,92.0,94.0,high,high,high,high,high,high,high,high,high,2026-03-29
hitter,ATH,TOR,Shea Langeliers,669127,1.0,C,Confirmed,4.7,,,,,0.97,0.46,,,,,0.9316040976679679,1.0081198175181048,0.45198852195434036,0.4693857215171976,0.707983193277311,0.7772411022177419,0.0501863036274193,0.06973565891322439,,,0.75,0.98,0.89,3.47,0.06,1.02,0.28,0.01,0.0,0.482,0.9875776397515532,1.0554423670736583,0.277,,0.009,,0.0,,False,96.0,99.0,96.0,88.0,93.0,91.0,91.0,92.0,94.0,high,high,high,high,high,high,high,high,high,2026-03-29
hitter,ATH,TOR,Nick Kurtz,701762,2.0,1B,Confirmed,4.18,,,,,1.94,0.43,,,,,1.8642749168287867,2.014998744358505,0.4063395303049626,0.45956024782555877,0.4803149606299212,0.500773934300834,0.12225946909764951,0.10450103737571058,,,0.49,0.8,0.74,2.64,0.11,0.85,0.15,0.01,0.0,0.439,0.7899761336515513,0.8935041564959384,0.15,,0.007,,0.0,,False,96.0,99.0,96.0,88.0,93.0,91.0,91.0,92.0,94.0,high,high,high,high,high,high,high,high,high,2026-03-29
hitter,ATH,TOR,Brent Rooker,667670,3.0,RF,Confirmed,3.54,,,,,1.47,0.3,,,,,1.4716478976122664,1.4641616114306824,0.31811066307571423,0.27393243048504046,0.4125159642401022,0.42602553090840223,0.04592355066531376,0.03099571634621889,,,0.42,0.66,0.67,2.43,0.04,0.63,0.18,0.01,0.0,0.436,0.6720588235294118,0.6007375678714969,0.179,,0.007,,0.0,,False,96.0,99.0,96.0,88.0,93.0,91.0,91.0,92.0,94.0,high,high,high,high,high,high,high,high,high,2026-03-29
hitter,ATH,TOR,Tyler Soderstrom,691016,4.0,LF,Confirmed,3.1,,,,,1.35,0.22,,,,,1.430886267699778,1.2616580993953177,0.24584817848488807,0.1982841053671725,0.4125159642401022,0.3675522740749774,0.03976045077737746,0.015270403804319165,,,0.39,0.54,0.54,1.98,0.03,0.58,0.16,0.01,0.0,0.414,0.6289308176100628,0.5407750148280014,0.159,,0.008,,0.0,,False,96.0,99.0,96.0,88.0,93.0,91.0,91.0,92.0,94.0,high,high,high,high,high,high,high,high,high,2026-03-29
hitter,ATH,TOR,Jacob Wilson,805779,5.0,SS,Confirmed,4.18,,,,,0.48,0.31,,,,,0.4005259622214664,0.5607984720798543,0.30512772546686984,0.31770230404488004,0.4803149606299212,0.5419500424869894,0.021376328495867895,0.00799206038985017,,,0.51,0.75,0.71,3.08,0.01,0.69,0.21,0.01,0.0,0.424,0.6720588235294118,0.7096196889897213,0.211,,0.009,,0.0,,False,96.0,99.0,96.0,88.0,93.0,91.0,91.0,92.0,94.0,high,high,high,high,high,high,high,high,high,2026-03-29
hitter,ATH,TOR,Max Muncy,691777,6.0,3B,Confirmed,4.18,,,,,1.76,0.24,,,,,1.6342752308075914,1.8948840998338892,0.22455286877782954,0.2573110668796871,0.5290322580645161,0.6003169129338161,0.04858129143617641,0.02828662227428896,,,0.57,0.63,0.74,2.54,0.04,0.82,0.18,0.01,0.0,0.396,0.7899761336515513,0.8458840833929632,0.178,,0.009,,0.0,,False,96.0,99.0,96.0,88.0,93.0,91.0,91.0,92.0,94.0,high,high,high,high,high,high,high,high,high,2026-03-29
hitter,ATH,TOR,Darell Hernaiz,687231,7.0,2B,Confirmed,2.77,,,,,0.76,0.18,,,,,0.7346552704909036,0.7935504327854628,0.19102810274696636,0.16248285007134747,0.35424354243542433,0.3459347594888326,0.025057976130695877,0.006954739778862883,,,0.35,0.33,0.31,1.42,0.02,0.43,0.12,0.01,0.0,0.331,0.4591194968553459,0.39862096686972553,0.118,,0.008,,0.0,,False,96.0,99.0,96.0,88.0,93.0,91.0,91.0,92.0,94.0,high,high,high,high,high,high,high,high,high,2026-03-29
hitter,ATH,TOR,Austin Wynns,642851,8.0,C,Confirmed,3.96,,,,,1.04,0.38,,,,,1.0379960826684649,1.0496081788622178,0.391720439198621,0.3736686986634772,0.8888888888888888,0.8672622610499539,0.03832441061821495,0.027561431435281992,,,0.88,0.59,0.61,2.3,0.03,1.19,0.22,0.01,0.0,0.399,1.239368165249089,1.1498107894846006,0.224,,0.007,,0.0,,False,96.0,99.0,96.0,88.0,93.0,91.0,91.0,92.0,94.0,high,high,high,high,high,high,high,high,high,2026-03-29
hitter,ATH,TOR,Denzel Clarke,672016,9.0,CF,Confirmed,3.58,,,,,1.57,0.09,,,,,1.5171457504954704,1.6214671559341851,0.10640232014927137,0.07781037430842483,0.4125159642401022,0.5118002522283628,0.023996328201413324,0.02388298517972737,,,0.47,0.51,0.5,2.1,0.02,0.69,0.17,0.01,0.0,0.378,0.6720588235294118,0.7014111413262814,0.173,,0.011,,0.0,,False,96.0,99.0,96.0,88.0,93.0,91.0,91.0,92.0,94.0,high,high,high,high,high,high,high,high,high,2026-03-29
hitter,CIN,BOS,TJ Friedl,670770,1.0,LF,Confirmed,4.68,,,,,1.02,0.46,,,,,0.9404242783144611,1.095777229618635,0.4445663869052996,0.47613019955123154,0.7061469265367316,0.7825929896368284,0.02263015766257897,0.02662744397245174,,,0.75,0.54,0.38,2.02,0.02,0.86,0.22,0.01,0.0,0.296,0.7899761336515513,0.920908195549477,0.219,,0.008,,0.0,,False,96.0,99.0,96.0,88.0,93.0,91.0,91.0,92.0,94.0,high,high,high,high,high,high,high,high,high,2026-03-29
hitter,CIN,BOS,Matt McLain,680574,2.0,2B,Confirmed,4.18,,,,,1.53,0.43,,,,,1.451821597021201,1.6065285002280396,0.45149548298549835,0.41788365394381427,0.4125159642401022,0.5389049534453764,0.03341747374652051,0.05400900756525282,,,0.48,0.46,0.33,1.67,0.04,0.72,0.19,0.01,0.0,0.288,0.6720588235294118,0.7604774461345043,0.188,,0.008,,0.0,,False,96.0,99.0,96.0,88.0,93.0,91.0,91.0,92.0,94.0,high,high,high,high,high,high,high,high,high,2026-03-29
hitter,CIN,BOS,Elly De La Cruz,682829,3.0,SS,Confirmed,4.39,,,,,1.54,0.37,,,,,1.512919609649134,1.561320537821584,0.37055011119076864,0.37439465508012704,0.4803149606299212,0.5815819511569874,0.029064736629956005,0.03674816864657024,,,0.54,0.49,0.41,1.9,0.03,0.71,0.21,0.01,0.0,0.288,0.6720588235294118,0.7381215896957604,0.213,,0.013,,0.0,,False,96.0,99.0,96.0,88.0,93.0,91.0,91.0,92.0,94.0,high,high,high,high,high,high,high,high,high,2026-03-29
hitter,CIN,BOS,Sal Stewart,701398,4.0,DH,Confirmed,3.33,,,,,1.18,0.22,,,,,1.0876699314405314,1.269283476206697,0.20566219106850947,0.22682524780424115,0.4125159642401022,0.41232794655447125,0.03837317613895072,0.03511960505261957,,,0.41,0.39,0.34,1.54,0.04,0.65,0.19,0.01,0.0,0.297,0.6720588235294118,0.6300726899865023,0.186,,0.009,,0.0,,False,96.0,99.0,96.0,88.0,93.0,91.0,91.0,92.0,94.0,high,high,high,high,high,high,high,high,high,2026-03-29
hitter,CIN,BOS,Eugenio Suárez,553993,5.0,3B,Confirmed,4.18,,,,,1.39,0.29,,,,,1.369085463971655,1.4144576375139064,0.2810731636440357,0.3052994494456708,1.0980834272829765,1.0788579487096883,0.28864115362749154,0.2644326709609837,,,1.09,0.5,0.44,1.93,0.28,2.1,0.18,0.01,0.0,0.295,2.057017543859649,2.1265886494194755,0.183,,0.008,,0.0,,False,96.0,99.0,96.0,88.0,93.0,91.0,91.0,92.0,94.0,high,high,high,high,high,high,high,high,high,2026-03-29
hitter,CIN,BOS,Spencer Steer,668715,6.0,1B,Confirmed,4.18,,,,,1.29,0.3,,,,,1.200149387329088,1.3886598219462025,0.29035312839799743,0.3066797307699716,0.4803149606299212,0.5224496070580501,0.023008271122712212,0.011791390349811573,,,0.5,0.37,0.36,1.61,0.02,0.67,0.19,0.01,0.0,0.261,0.6720588235294118,0.6750999407915411,0.194,,0.009,,0.0,,False,96.0,99.0,96.0,88.0,93.0,91.0,91.0,92.0,94.0,high,high,high,high,high,high,high,high,high,2026-03-29
hitter,CIN,BOS,Dane Myers,667472,7.0,CF,Confirmed,3.1,,,,,0.77,0.1,,,,,0.7771670228938575,0.7645146402396478,0.11700621963401357,0.08556863045800975,0.8694581280788177,0.7338623550605191,0.027282612111855946,0.019738486715987772,,,0.79,0.31,0.27,1.36,0.02,0.97,0.15,0.01,0.0,0.289,1.001763668430335,0.9431151085335113,0.152,,0.01,,0.0,,False,96.0,99.0,96.0,88.0,93.0,91.0,91.0,92.0,94.0,high,high,high,high,high,high,high,high,high,2026-03-29
hitter,CIN,BOS,Tyler Stephenson,663886,8.0,C,Confirmed,3.74,,,,,1.5,0.3,,,,,1.4888021701909053,1.5179462900153877,0.27550391319264644,0.3320260445207121,0.35424354243542433,0.3173886486402076,0.02703396597082906,0.0238051710226102,,,0.33,0.34,0.29,1.44,0.03,0.57,0.15,0.01,0.0,0.265,0.6289308176100628,0.5206933567862836,0.15,,0.008,,0.0,,False,96.0,99.0,96.0,88.0,93.0,91.0,91.0,92.0,94.0,high,high,high,high,high,high,high,high,high,2026-03-29
hitter,CIN,BOS,Noelvi Marte,682622,9.0,RF,Confirmed,3.93,,,,,1.37,0.14,,,,,1.2593787068582507,1.470753216655207,0.14872940655514716,0.12970104945185107,0.4125159642401022,0.5369366105373221,0.02376918231767616,0.011782358123797562,,,0.48,0.36,0.31,1.54,0.02,0.58,0.16,0.01,0.0,0.257,0.5302013422818792,0.617067586591959,0.165,,0.012,,0.0,,False,96.0,99.0,96.0,88.0,93.0,91.0,91.0,92.0,94.0,high,high,high,high,high,high,high,high,high,2026-03-29
hitter,BOS,CIN,Roman Anthony,701350,1.0,DH,Confirmed,4.51,,,,,1.55,0.24,,,,,1.5325780833192368,1.5576732393302566,0.22328093126128545,0.26094873186683276,1.1391752577319587,1.2639067661772807,0.21342065282964393,0.23563174564223036,,,1.21,0.62,0.52,2.28,0.22,2.09,0.22,0.01,0.0,0.33,2.057017543859649,2.1126680443660484,0.217,,0.007,,0.0,,False,82.0,86.0,82.0,74.0,79.0,77.0,77.0,78.0,80.0,high,high,high,medium,medium,medium,medium,medium,high,2026-03-29
hitter,BOS,CIN,Trevor Story,596115,2.0,SS,Confirmed,3.89,,,,,1.64,0.07,,,,,1.6495934362471325,1.6315932620756937,0.06737134274652022,0.07655666242447669,0.7061469265367316,0.6697505457678827,0.030160658001531337,0.037374031221757247,,,0.69,0.31,0.25,1.27,0.03,0.96,0.14,0.01,0.0,0.195,0.9875776397515532,0.9424411169493252,0.141,,0.007,,0.0,,False,82.0,86.0,82.0,74.0,79.0,77.0,77.0,78.0,80.0,high,high,high,medium,medium,medium,medium,medium,high,2026-03-29
hitter,BOS,CIN,Jarren Duran,680776,3.0,CF,Confirmed,3.81,,,,,1.57,0.08,,,,,1.6532224077771227,1.485886485596828,0.07669678850566,0.08358647002919078,0.6434108527131783,0.6550986556123332,0.024838458354587065,0.02704653470036484,,,0.65,0.29,0.26,1.19,0.03,0.94,0.13,0.01,0.0,0.185,0.9875776397515532,0.9066508166106027,0.127,,0.012,,0.0,,False,82.0,86.0,82.0,74.0,79.0,77.0,77.0,78.0,80.0,high,high,high,medium,medium,medium,medium,medium,high,2026-03-29
hitter,BOS,CIN,Willson Contreras,575929,4.0,1B,Confirmed,3.96,,,,,0.86,0.14,,,,,0.869175466377347,0.8538760744274169,0.13699070061631416,0.14107320039429957,0.8694581280788177,0.8334620579662759,0.049281442980287526,0.04530973047257207,,,0.85,0.4,0.36,1.63,0.05,1.25,0.2,0.01,0.0,0.25,1.239368165249089,1.2621612520717622,0.195,,0.008,,0.0,,False,82.0,86.0,82.0,74.0,79.0,77.0,77.0,78.0,80.0,high,high,high,medium,medium,medium,medium,medium,high,2026-03-29
hitter,BOS,CIN,Wilyer Abreu,677800,5.0,RF,Confirmed,3.1,,,,,1.33,0.07,,,,,1.4067040841192413,1.24629019086846,0.06630034804494156,0.06458647194330606,0.4125159642401022,0.39309659443433204,0.02252657154132334,0.018926420251749378,,,0.4,0.19,0.17,0.77,0.02,0.58,0.1,0.01,0.0,0.155,0.6289308176100628,0.5437622507682415,0.1,,0.008,,0.0,,False,82.0,86.0,82.0,74.0,79.0,77.0,77.0,78.0,80.0,high,high,high,medium,medium,medium,medium,medium,high,2026-03-29
hitter,BOS,CIN,Caleb Durbin,702332,6.0,3B,Confirmed,3.49,,,,,0.79,0.33,,,,,0.7393978409245905,0.8455333515014516,0.3403705041816393,0.31445030794152173,0.4125159642401022,0.4301435675862371,0.026055584090786503,0.010039925197130838,,,0.42,0.21,0.17,0.79,0.02,0.64,0.12,0.01,0.0,0.191,0.6720588235294118,0.6214664420008991,0.123,,0.008,,0.0,,False,82.0,86.0,82.0,74.0,79.0,77.0,77.0,78.0,80.0,high,high,high,medium,medium,medium,medium,medium,high,2026-03-29
hitter,BOS,CIN,Masataka Yoshida,807799,7.0,LF,Confirmed,3.49,,,,,0.88,0.05,,,,,0.8525188348956634,0.9136336140175647,0.060179416422580526,0.046748850549237095,0.707983193277311,0.7345797360517892,0.02178518313028957,0.027220031401174776,,,0.72,0.27,0.24,1.22,0.02,0.78,0.13,0.01,0.0,0.213,0.7899761336515513,0.7654589959642832,0.128,,0.008,,0.0,,False,82.0,86.0,82.0,74.0,79.0,77.0,77.0,78.0,80.0,high,high,high,medium,medium,medium,medium,medium,high,2026-03-29
hitter,BOS,CIN,Marcelo Mayer,691785,8.0,2B,Confirmed,2.55,,,,,1.03,0.42,,,,,1.0694367171060195,0.982307619100404,0.44311281971966665,0.38796435170642823,0.3344051446945337,0.23465730934921236,0.0693644668273104,0.0662383425657524,,,0.28,0.2,0.14,0.61,0.07,0.47,0.08,0.01,0.0,0.257,0.4591194968553459,0.47949995760453656,0.078,,0.007,,0.0,,False,82.0,86.0,82.0,74.0,79.0,77.0,77.0,78.0,80.0,high,high,high,medium,medium,medium,medium,medium,high,2026-03-29
hitter,BOS,CIN,Connor Wong,657136,9.0,C,Confirmed,3.48,,,,,0.78,0.36,,,,,0.6968883736083062,0.8707760411073735,0.3818198634823271,0.33186589151820167,0.7715355805243446,0.6590085315802647,0.11219185220520309,0.12197243782912982,,,0.71,0.39,0.33,1.49,0.12,1.32,0.14,0.01,0.0,0.321,1.3148148148148149,1.3247099355833634,0.143,,0.008,,0.0,,False,82.0,86.0,82.0,74.0,79.0,77.0,77.0,78.0,80.0,high,high,high,medium,medium,medium,medium,medium,high,2026-03-29
hitter,NYM,PIT,Francisco Lindor,596019,1.0,SS,Confirmed,4.51,,,,,1.15,0.87,,,,,1.1848836119336905,1.1107071100606318,0.9439411566957333,0.7861582031337169,0.7061469265367316,0.5694632632951033,0.06167551003967493,0.05412752342052691,,,0.63,0.53,0.38,1.9,0.06,1.0,0.19,0.01,0.0,0.306,1.001763668430335,0.9938796439995125,0.193,,0.012,,0.0,,False,96.0,99.0,96.0,88.0,93.0,91.0,91.0,92.0,94.0,high,high,high,high,high,high,high,high,high,2026-03-29
hitter,NYM,PIT,Juan Soto,665742,2.0,LF,Confirmed,4.57,,,,,1.29,1.22,,,,,1.3608022786925396,1.2179456503671195,1.3508840418645625,1.0881175400811618,0.5846774193548387,0.5946165924160746,0.09159680365096329,0.1187704528146841,,,0.59,0.61,0.4,2.01,0.11,1.06,0.15,0.01,0.0,0.355,1.001763668430335,1.1003751338063172,0.147,,0.008,,0.0,,False,96.0,99.0,96.0,88.0,93.0,91.0,91.0,92.0,94.0,high,high,high,high,high,high,high,high,high,2026-03-29
hitter,NYM,PIT,Bo Bichette,666182,3.0,3B,Confirmed,4.68,,,,,0.79,0.58,,,,,0.8304866004981585,0.757200875067657,0.6260633622824711,0.5294527807871757,1.607843137254902,1.3379747143966194,0.23381552737483766,0.21353635704730403,,,1.46,0.56,0.45,2.11,0.22,2.41,0.26,0.01,0.0,0.315,2.456692913385827,2.3686685118175475,0.261,,0.01,,0.0,,False,96.0,99.0,96.0,88.0,93.0,91.0,91.0,92.0,94.0,high,high,high,high,high,high,high,high,high,2026-03-29
hitter,NYM,PIT,Jorge Polanco,593871,4.0,DH,Confirmed,4.18,,,,,0.94,0.24,,,,,0.9504985272202072,0.928563872158955,0.256032568036261,0.23391736907306473,1.1391752577319587,1.1211507748533682,0.17809953752618574,0.18742222584505033,,,1.13,0.46,0.38,1.72,0.18,2.0,0.16,0.01,0.0,0.284,2.057017543859649,1.9449031644208756,0.161,,0.009,,0.0,,False,96.0,99.0,96.0,88.0,93.0,91.0,91.0,92.0,94.0,high,high,high,high,high,high,high,high,high,2026-03-29
hitter,NYM,PIT,Luis Robert Jr.,673357,5.0,CF,Confirmed,4.18,,,,,1.22,0.24,,,,,1.1965383156446772,1.2444865129089127,0.23208448791311545,0.24477812679983257,1.0980834272829765,1.0287427692315136,0.19952125282289418,0.18666679083557727,,,1.06,0.46,0.38,1.71,0.19,1.83,0.16,0.01,0.0,0.281,1.914285714285714,1.7663951350530491,0.162,,0.01,,0.0,,False,96.0,99.0,96.0,88.0,93.0,91.0,91.0,92.0,94.0,high,high,high,high,high,high,high,high,high,2026-03-29
hitter,NYM,PIT,Brett Baty,683146,6.0,1B,Confirmed,3.58,,,,,0.69,0.19,,,,,0.6383822840101011,0.745966356167,0.2147673992637838,0.16856184268312138,0.7061469265367316,0.6404035051905747,0.12302948031670727,0.12827885820339424,,,0.67,0.33,0.3,1.34,0.13,1.2,0.14,0.01,0.0,0.269,1.239368165249089,1.1732419056278107,0.141,,0.008,,0.0,,False,96.0,99.0,96.0,88.0,93.0,91.0,91.0,92.0,94.0,high,high,high,high,high,high,high,high,high,2026-03-29
hitter,NYM,PIT,Marcus Semien,543760,7.0,2B,Confirmed,4.26,,,,,0.83,0.24,,,,,0.8156256662910746,0.8410297637946242,0.24420883127227921,0.23077535639046617,1.0980834272829765,1.1154606977431196,0.040489533436339764,0.048838611638956704,,,1.11,0.42,0.33,1.64,0.04,1.46,0.14,0.01,0.0,0.287,1.4759615384615385,1.4415758960229137,0.143,,0.01,,0.0,,False,96.0,99.0,96.0,88.0,93.0,91.0,91.0,92.0,94.0,high,high,high,high,high,high,high,high,high,2026-03-29
hitter,NYM,PIT,Carson Benge,701807,8.0,RF,Confirmed,3.33,,,,,0.61,0.28,,,,,0.614,,0.276,,0.643,,0.035,,,,0.64,0.29,0.23,1.16,0.04,0.84,0.12,0.01,0.0,0.256,0.841,,0.122,,0.009,,0.0,,True,40.0,44.0,40.0,32.0,37.0,35.0,35.0,36.0,38.0,low,low,low,low,low,low,low,low,low,2026-03-29
hitter,NYM,PIT,Luis Torrens,620443,9.0,C,Confirmed,3.33,,,,,0.49,0.18,,,,,0.45701917609950626,0.5290430274231079,0.18320404527404194,0.17536721303841513,0.6506024096385542,0.5543367915825529,0.07284184958615911,0.08494162779810831,,,0.6,0.31,0.26,1.28,0.08,1.0,0.15,0.01,0.0,0.277,1.1238670694864048,0.9029700996741097,0.15,,0.011,,0.0,,False,96.0,99.0,96.0,88.0,93.0,91.0,91.0,92.0,94.0,high,high,high,high,high,high,high,high,high,2026-03-29
hitter,PIT,NYM,Oneil Cruz,665833,1.0,CF,Confirmed,3.48,,,,,0.99,0.4,,,,,1.0564306385284286,0.9223391000300957,0.4195609221637526,0.38720126831558116,0.801980198019802,0.6368543532262209,0.06789357805129036,0.056571935910128025,,,0.71,0.57,0.52,1.74,0.06,1.2,0.11,0.01,0.0,0.387,1.3148148148148149,1.1106775872678811,0.111,,0.009,,0.0,,False,96.0,99.0,96.0,88.0,93.0,91.0,91.0,92.0,94.0,high,high,high,high,high,high,high,high,high,2026-03-29
hitter,PIT,NYM,Brandon Lowe,664040,2.0,2B,Confirmed,4.45,,,,,1.27,0.42,,,,,1.2405537820255481,1.291151733690691,0.4155668649886981,0.4309660741442284,0.994208494208494,0.9378014123482867,0.08360791073222182,0.11485607193161232,,,0.96,0.78,0.7,2.47,0.1,1.46,0.13,0.01,0.0,0.408,1.3893129770992367,1.5229924991709691,0.131,,0.009,,0.0,,False,96.0,99.0,96.0,88.0,93.0,91.0,91.0,92.0,94.0,high,high,high,high,high,high,high,high,high,2026-03-29
hitter,PIT,NYM,Bryan Reynolds,668804,3.0,DH,Confirmed,3.96,,,,,0.94,0.46,,,,,0.9014440638848867,0.9756542933579704,0.475548602485379,0.4480799865804629,0.801980198019802,0.7293111471736344,0.04888317023180661,0.02754671333121469,,,0.76,0.51,0.47,1.75,0.04,1.17,0.11,0.01,0.0,0.314,1.239368165249089,1.1203554184405589,0.11,,0.007,,0.0,,False,96.0,99.0,96.0,88.0,93.0,91.0,91.0,92.0,94.0,high,high,high,high,high,high,high,high,high,2026-03-29
hitter,PIT,NYM,Ryan O'Hearn,656811,4.0,1B,Confirmed,4.14,,,,,1.02,0.2,,,,,0.9417479782425099,1.0951363366131959,0.19019555861593798,0.2002981597068468,0.7061469265367316,0.6620974249962741,0.032271477378975504,0.0226779172477039,,,0.68,0.52,0.48,1.8,0.03,0.82,0.12,0.01,0.0,0.308,0.8408408408408409,0.8082548898466317,0.117,,0.007,,0.0,,False,96.0,99.0,96.0,88.0,93.0,91.0,91.0,92.0,94.0,high,high,high,high,high,high,high,high,high,2026-03-29
hitter,PIT,NYM,Jared Triolo,669707,5.0,SS,Confirmed,4.18,,,,,0.79,0.46,,,,,0.8355278190646481,0.7382617587279011,0.4947543688897419,0.4211873854529888,0.994208494208494,0.9475274810722332,0.0468635682361303,0.035701143379129,,,0.97,0.55,0.5,1.92,0.04,1.37,0.12,0.01,0.0,0.318,1.3893129770992367,1.3630375519064397,0.12,,0.007,,0.0,,False,96.0,99.0,96.0,88.0,93.0,91.0,91.0,92.0,94.0,high,high,high,high,high,high,high,high,high,2026-03-29
hitter,PIT,NYM,Spencer Horwitz,687462,6.0,1B,Confirmed,3.74,,,,,0.64,0.53,,,,,0.6864931969747278,0.5849792365550079,0.59569993268466,0.4626029953121603,0.8949771689497716,0.7763423656138065,0.06658426857375171,0.06109729939781143,,,0.83,0.44,0.45,1.66,0.06,1.23,0.11,0.01,0.0,0.335,1.3148148148148149,1.1635600895482354,0.111,,0.008,,0.0,,False,96.0,99.0,96.0,88.0,93.0,91.0,91.0,92.0,94.0,high,high,high,high,high,high,high,high,high,2026-03-29
hitter,PIT,NYM,Nick Gonzales,693304,7.0,3B,Confirmed,4.26,,,,,0.66,0.29,,,,,0.6720661118617369,0.6473592059763015,0.28750969171798957,0.29382351086741687,1.0980834272829765,1.0505181254006013,0.04602694948188404,0.055737092807891735,,,1.07,0.49,0.47,1.96,0.05,1.65,0.14,0.01,0.0,0.311,1.684375,1.6165660551723122,0.141,,0.008,,0.0,,False,96.0,99.0,96.0,88.0,93.0,91.0,91.0,92.0,94.0,high,high,high,high,high,high,high,high,high,2026-03-29
hitter,PIT,NYM,Henry Davis,680779,8.0,C,Confirmed,3.1,,,,,0.82,0.16,,,,,0.874436751485054,0.7596397373640703,0.1938019694208334,0.132466684080152,0.8694581280788177,0.7255480935109954,0.1641341399676476,0.10460484846302427,,,0.79,0.42,0.43,1.49,0.13,1.3,0.1,0.01,0.0,0.36,1.4476190476190476,1.1712039768346822,0.096,,0.007,,0.0,,False,96.0,99.0,96.0,88.0,93.0,91.0,91.0,92.0,94.0,high,high,high,high,high,high,high,high,high,2026-03-29
hitter,PIT,NYM,Jake Mangum,663968,9.0,LF,Confirmed,3.89,,,,,0.64,0.25,,,,,0.6436661026113564,0.6353199097121187,0.2621157417041574,0.23304768209968876,1.4947368421052631,1.1687094574497423,0.0291657087734346,0.020286149781742695,,,1.32,0.42,0.38,1.69,0.02,1.43,0.13,0.01,0.0,0.295,1.4759615384615385,1.393239893956033,0.128,,0.007,,0.0,,False,96.0,99.0,96.0,88.0,93.0,91.0,91.0,92.0,94.0,high,high,high,high,high,high,high,high,high,2026-03-29
hitter,MIA,COL,Austin Slater,596103,1.0,RF,Confirmed,2.26,,,,,0.74,0.24,,,,,0.783463007940527,0.6999446777710938,0.2843794682515085,0.2023859022139063,0.35424354243542433,0.2189134286663441,0.13696306591487964,0.1396989465713279,,,0.28,0.37,0.3,1.37,0.14,0.71,0.13,0.01,0.0,0.392,0.7899761336515513,0.6447412732228037,0.125,,0.008,,0.0,,False,96.0,99.0,96.0,88.0,93.0,91.0,91.0,92.0,94.0,high,high,high,high,high,high,high,high,high,2026-03-29
hitter,MIA,COL,Agustín Ramírez,682663,2.0,C,Confirmed,4.68,,,,,1.26,0.51,,,,,1.1977029481506638,1.323760038001399,0.4960988787989833,0.5311456814050172,0.801980198019802,0.7890249114175419,0.08038431421908396,0.08183496369104587,,,0.79,0.89,0.77,3.27,0.08,1.27,0.25,0.01,0.0,0.45,1.239368165249089,1.287817419055186,0.251,,0.008,,0.0,,False,96.0,99.0,96.0,88.0,93.0,91.0,91.0,92.0,94.0,high,high,high,high,high,high,high,high,high,2026-03-29
hitter,MIA,COL,Jakob Marsee,805300,3.0,CF,Confirmed,4.97,,,,,1.3,0.76,,,,,1.06295227588373,1.544424431660529,0.7396825590005863,0.7862030607487339,0.6434108527131783,0.5783736261568738,0.049999638761609025,0.05702003581443147,,,0.61,0.83,0.76,3.2,0.05,1.06,0.37,0.02,0.0,0.415,1.001763668430335,1.1051957198762954,0.37,,0.017,,0.0,,False,96.0,99.0,96.0,88.0,93.0,91.0,91.0,92.0,94.0,high,high,high,high,high,high,high,high,high,2026-03-29
hitter,MIA,COL,Otto Lopez,672640,4.0,SS,Confirmed,4.74,,,,,0.87,0.49,,,,,0.7116527629035956,1.0336183629308224,0.4450689039964082,0.5369495065706827,0.7061469265367316,0.8145043083415723,0.07443843472412459,0.08386540134874083,,,0.77,0.83,0.78,3.22,0.08,1.14,0.25,0.01,0.0,0.416,1.1238670694864048,1.1523328866495657,0.25,,0.01,,0.0,,False,96.0,99.0,96.0,88.0,93.0,91.0,91.0,92.0,94.0,high,high,high,high,high,high,high,high,high,2026-03-29
hitter,MIA,COL,Connor Norby,681393,5.0,DH,Confirmed,4.64,,,,,1.5,0.58,,,,,1.2332218275473217,1.7752451407208023,0.562037292353495,0.592221263438652,0.994208494208494,0.8492788220013631,0.0920493582917982,0.10329958229010183,,,0.91,0.81,0.78,3.09,0.1,1.4,0.2,0.01,0.0,0.413,1.3893129770992367,1.40406455226056,0.204,,0.01,,0.0,,False,96.0,99.0,96.0,88.0,93.0,91.0,91.0,92.0,94.0,high,high,high,high,high,high,high,high,high,2026-03-29
hitter,MIA,COL,Heriberto Hernández,681715,6.0,LF,Confirmed,4.39,,,,,1.46,0.68,,,,,1.2627056661000633,1.659454363253162,0.6556757831488771,0.7142943586821026,0.7061469265367316,0.6308890883728547,0.06696483191286687,0.06756824304729779,,,0.66,0.56,0.57,2.27,0.07,1.11,0.2,0.01,0.0,0.364,1.1238670694864048,1.1000394797510393,0.203,,0.012,,0.0,,False,96.0,99.0,96.0,88.0,93.0,91.0,91.0,92.0,94.0,high,high,high,high,high,high,high,high,high,2026-03-29
hitter,MIA,COL,Xavier Edwards,669364,7.0,2B,Confirmed,4.93,,,,,0.84,0.69,,,,,0.6799678780909029,1.007038206605736,0.6568664943350021,0.7309604176211996,0.8949771689497716,0.9420896136853666,0.031715615087567595,0.03325129021237765,,,0.92,0.67,0.57,2.85,0.03,1.13,0.26,0.01,0.0,0.385,1.1238670694864048,1.1388512456470714,0.264,,0.012,,0.0,,False,96.0,99.0,96.0,88.0,93.0,91.0,91.0,92.0,94.0,high,high,high,high,high,high,high,high,high,2026-03-29
hitter,MIA,COL,Deyvison De Los Santos,691277,8.0,1B,Confirmed,3.74,,,,,0.56,0.22,,,,,0.565,,0.215,,0.994,,0.112,,,,0.99,0.44,0.4,1.83,0.11,1.68,0.18,0.01,0.0,0.328,1.684,,0.176,,0.009,,0.0,,True,40.0,44.0,40.0,32.0,37.0,35.0,35.0,36.0,38.0,low,low,low,low,low,low,low,low,low,2026-03-29
hitter,MIA,COL,Javier Sanoja,691594,9.0,3B,Confirmed,4.14,,,,,0.73,0.37,,,,,0.5682228236681331,0.8999371086945435,0.3356445122603625,0.3983569602787098,0.801980198019802,0.7907513788482977,0.03629605337167098,0.03881616000025051,,,0.8,0.47,0.42,2.03,0.04,1.17,0.25,0.02,0.0,0.321,1.239368165249089,1.109335361140025,0.247,,0.019,,0.0,,False,96.0,99.0,96.0,88.0,93.0,91.0,91.0,92.0,94.0,high,high,high,high,high,high,high,high,high,2026-03-29
hitter,COL,MIA,Jake McCarthy,664983,1.0,LF,Confirmed,4.18,,,,,0.59,0.25,,,,,0.5735167347355129,0.6017845333186383,0.24772648034520192,0.2606861949387686,0.994208494208494,0.951277265240641,0.07629641763979339,0.08239259821024357,,,0.97,0.56,0.46,2.16,0.08,1.44,0.23,0.11,0.0,0.345,1.3893129770992367,1.4775621280767035,0.232,,0.11,,0.0,,False,96.0,99.0,96.0,88.0,93.0,91.0,91.0,92.0,94.0,high,high,high,high,high,high,high,high,high,2026-03-29
hitter,COL,MIA,Hunter Goodman,696100,2.0,DH,Confirmed,4.57,,,,,1.74,0.12,,,,,1.6044903955607477,1.87274701998077,0.11432317515348155,0.13519790247479818,0.707983193277311,0.8072696996615699,0.0514354236559791,0.06737194936514002,,,0.76,0.89,0.79,3.17,0.06,1.12,0.27,0.01,0.0,0.452,1.001763668430335,1.2172325327560265,0.266,,0.015,,0.0,,False,96.0,99.0,96.0,88.0,93.0,91.0,91.0,92.0,94.0,high,high,high,high,high,high,high,high,high,2026-03-29
hitter,COL,MIA,Willi Castro,650489,3.0,2B,Confirmed,3.33,,,,,0.65,0.19,,,,,0.6251986034185714,0.682530121066208,0.18730660045740394,0.18716042204194308,0.35424354243542433,0.39834990885840205,0.02853011435835463,0.03042098057250629,,,0.38,0.47,0.41,1.78,0.03,0.62,0.17,0.01,0.0,0.353,0.6289308176100628,0.607393145708189,0.173,,0.012,,0.0,,False,96.0,99.0,96.0,88.0,93.0,91.0,91.0,92.0,94.0,high,high,high,high,high,high,high,high,high,2026-03-29
hitter,COL,MIA,Ezequiel Tovar,678662,4.0,SS,Confirmed,4.48,,,,,1.53,0.1,,,,,1.3567369825578977,1.7113834779804786,0.09978084359167708,0.09101572728898849,0.6434108527131783,0.7415798083141547,0.039275795760112586,0.03607459486972524,,,0.7,0.63,0.62,2.39,0.04,1.03,0.24,0.01,0.0,0.335,0.9875776397515532,1.0605089777564836,0.24,,0.013,,0.0,,False,96.0,99.0,96.0,88.0,93.0,91.0,91.0,92.0,94.0,high,high,high,high,high,high,high,high,high,2026-03-29
hitter,COL,MIA,TJ Rumfield,681198,5.0,1B,Confirmed,2.55,,,,,0.96,0.2,,,,,0.9617217938730301,0.9562422406298609,0.21144902623976017,0.1834395094034184,0.3344051446945337,0.26417696626894643,0.04933375237197275,0.042315263527750425,,,0.3,0.28,0.25,1.05,0.05,0.48,0.12,0.01,0.0,0.272,0.4992676326896259,0.4705457468790863,0.123,,0.008,,0.0,,False,96.0,99.0,96.0,88.0,93.0,91.0,91.0,92.0,94.0,high,high,high,high,high,high,high,high,high,2026-03-29
hitter,COL,MIA,Jordan Beck,687597,6.0,RF,Confirmed,4.04,,,,,1.69,0.12,,,,,1.5437202928699154,1.8409795738246335,0.10994438568933763,0.1396040123279363,0.5290322580645161,0.5846363933966142,0.037879901791032344,0.03966903249505869,,,0.56,0.55,0.62,2.27,0.04,0.88,0.19,0.01,0.0,0.368,0.7899761336515513,0.9468307627655987,0.186,,0.012,,0.0,,False,96.0,99.0,96.0,88.0,93.0,91.0,91.0,92.0,94.0,high,high,high,high,high,high,high,high,high,2026-03-29
hitter,COL,MIA,Brenton Doyle,686668,7.0,CF,Confirmed,3.96,,,,,1.48,0.08,,,,,1.3460638505208031,1.6215377368822894,0.08915719311301888,0.0791006118358177,0.6434108527131783,0.6470074463867772,0.035586135462904026,0.04103067551994734,,,0.65,0.53,0.52,2.19,0.04,0.84,0.19,0.01,0.0,0.36,0.7899761336515513,0.8752281371191837,0.191,,0.012,,0.0,,False,96.0,99.0,96.0,88.0,93.0,91.0,91.0,92.0,94.0,high,high,high,high,high,high,high,high,high,2026-03-29
hitter,COL,MIA,Brett Sullivan,664954,8.0,C,Confirmed,2.77,,,,,0.56,0.13,,,,,0.47589948254663417,0.6410735152873835,0.1410923359508537,0.1265548952059691,0.3344051446945337,0.3437638591737153,0.019180618656868265,0.015850435618906873,,,0.34,0.26,0.23,1.02,0.02,0.49,0.11,0.01,0.0,0.262,0.5302013422818792,0.4645323325599655,0.111,,0.008,,0.0,,False,96.0,99.0,96.0,88.0,93.0,91.0,91.0,92.0,94.0,high,high,high,high,high,high,high,high,high,2026-03-29
hitter,COL,MIA,Kyle Karros,691720,9.0,3B,Confirmed,3.74,,,,,1.41,0.15,,,,,1.2939931997307483,1.520704988115688,0.13038702497313223,0.16899611575274034,0.4803149606299212,0.549823194661756,0.025644392291706862,0.012684761909990025,,,0.52,0.47,0.43,2.0,0.02,0.69,0.21,0.01,0.0,0.353,0.6720588235294118,0.7111228360000784,0.206,,0.011,,0.0,,False,96.0,99.0,96.0,88.0,93.0,91.0,91.0,92.0,94.0,high,high,high,high,high,high,high,high,high,2026-03-29
hitter,HOU,LAA,Jeremy Peña,665161,1.0,SS,Confirmed,4.97,,,,,1.17,0.11,,,,,1.126716349908897,1.204472859244737,0.1133216216792085,0.11336667652708539,0.994208494208494,1.1340474732846433,0.03642340398207647,0.040217807550345694,,,1.07,0.89,0.73,3.23,0.04,1.35,0.28,0.01,0.0,0.437,1.239368165249089,1.4444637286633615,0.279,,0.009,,0.0,,False,96.0,99.0,96.0,88.0,93.0,91.0,91.0,92.0,94.0,high,high,high,high,high,high,high,high,high,2026-03-29
hitter,HOU,LAA,Yordan Alvarez,670541,2.0,LF,Confirmed,4.74,,,,,0.69,0.31,,,,,0.6495179556739192,0.7385162920366104,0.2646651211125992,0.3480982378711672,0.707983193277311,0.8096706777704918,0.1857557972144999,0.2092323291943966,,,0.76,1.06,0.88,3.43,0.2,1.53,0.17,0.01,0.0,0.539,1.3148148148148149,1.7086679637128508,0.171,,0.008,,0.0,,False,96.0,99.0,96.0,88.0,93.0,91.0,91.0,92.0,94.0,high,high,high,high,high,high,high,high,high,2026-03-29
hitter,HOU,LAA,Isaac Paredes,670623,3.0,2B,Confirmed,4.68,,,,,0.78,0.25,,,,,0.7219962077139574,0.832414341221616,0.23172063987169125,0.26152862467234556,0.801980198019802,0.8973443405624537,0.24631154122509294,0.34978617638746234,,,0.85,0.72,0.65,2.51,0.3,2.05,0.19,0.01,0.0,0.379,1.914285714285714,2.1560574612925554,0.187,,0.007,,0.0,,False,96.0,99.0,96.0,88.0,93.0,91.0,91.0,92.0,94.0,high,high,high,high,high,high,high,high,high,2026-03-29
hitter,HOU,LAA,Jose Altuve,514888,4.0,DH,Confirmed,4.45,,,,,0.71,0.19,,,,,0.6446530696287742,0.7748799390512237,0.18441845176583369,0.2001872145425684,0.7715355805243446,0.8830999269667092,0.18022499816279575,0.26815681344353787,,,0.83,0.67,0.6,2.4,0.22,1.66,0.2,0.01,0.0,0.37,1.4759615384615385,1.8028128758210273,0.2,,0.008,,0.0,,False,96.0,99.0,96.0,88.0,93.0,91.0,91.0,92.0,94.0,high,high,high,high,high,high,high,high,high,2026-03-29
hitter,HOU,LAA,Carlos Correa,621043,5.0,3B,Confirmed,4.97,,,,,0.84,0.19,,,,,0.7687095362815484,0.9121984811038164,0.18606899905770488,0.19402913056323792,0.8770949720670391,1.0693141666239643,0.21953696964289474,0.3133357921178976,,,0.98,0.89,0.81,3.31,0.27,1.98,0.31,0.01,0.0,0.441,1.914285714285714,2.0260989223927646,0.313,,0.009,,0.0,,False,96.0,99.0,96.0,88.0,93.0,91.0,91.0,92.0,94.0,high,high,high,high,high,high,high,high,high,2026-03-29
hitter,HOU,LAA,Joey Loperfido,694388,6.0,LF,Confirmed,2.77,,,,,0.85,0.18,,,,,0.8082998053773008,0.8846088147428577,0.1996100714968595,0.16292696634730736,0.4125159642401022,0.36168740514783854,0.020674620499548393,0.01489041265842233,,,0.38,0.3,0.3,1.25,0.02,0.53,0.12,0.01,0.0,0.311,0.5069120485316367,0.5461187497913806,0.117,,0.009,,0.0,,False,96.0,99.0,96.0,88.0,93.0,91.0,91.0,92.0,94.0,high,high,high,high,high,high,high,high,high,2026-03-29
hitter,HOU,LAA,Christian Walker,572233,7.0,1B,Confirmed,4.45,,,,,1.09,0.15,,,,,0.9709833136199223,1.2079491987275632,0.14671002196183872,0.14529625767680926,0.8694581280788177,0.9778548964088317,0.531135598803923,0.4717179334782172,,,0.93,0.86,0.87,3.22,0.5,2.4,0.21,0.01,0.0,0.513,2.456692913385827,2.3572738130825344,0.213,,0.007,,0.0,,False,96.0,99.0,96.0,88.0,93.0,91.0,91.0,92.0,94.0,high,high,high,high,high,high,high,high,high,2026-03-29
hitter,HOU,LAA,Cam Smith,701358,8.0,RF,Confirmed,4.18,,,,,1.07,0.35,,,,,0.9926791324799448,1.1533922845884774,0.3447010641323236,0.3581273767484544,0.801980198019802,0.8436408610496021,0.17667302504252252,0.20916343538014773,,,0.82,0.45,0.41,1.73,0.19,1.48,0.2,0.01,0.0,0.311,1.4759615384615385,1.4787994767186758,0.204,,0.008,,0.0,,False,96.0,99.0,96.0,88.0,93.0,91.0,91.0,92.0,94.0,high,high,high,high,high,high,high,high,high,2026-03-29
hitter,HOU,LAA,Christian Vázquez,543877,9.0,C,Confirmed,4.68,,,,,1.16,0.17,,,,,0.9476021798663722,1.3743100180919607,0.13428203282698353,0.2115908845226217,0.5846774193548387,0.8161963657068414,0.032749351303605095,0.040539240414528076,,,0.71,0.68,0.59,2.76,0.04,1.0,0.18,0.01,0.0,0.407,0.8408408408408409,1.131001672334651,0.178,,0.009,,0.0,,False,96.0,99.0,96.0,88.0,93.0,91.0,91.0,92.0,94.0,high,high,high,high,high,high,high,high,high,2026-03-29
hitter,LAA,HOU,Zach Neto,687263,1.0,SS,Confirmed,4.26,,,,,1.84,0.16,,,,,1.862081487524401,1.8236352008964314,0.16515749443212277,0.14845691133285432,1.0980834272829765,1.0316993224763082,0.34973457148425,0.35604209678223536,,,1.06,0.63,0.57,2.19,0.35,2.33,0.17,0.01,0.0,0.343,2.456692913385827,2.2250182716670976,0.172,,0.009,,0.0,,False,82.0,86.0,82.0,74.0,79.0,77.0,77.0,78.0,80.0,high,high,high,medium,medium,medium,medium,medium,high,2026-03-29
hitter,LAA,HOU,Mike Trout,545361,2.0,DH,Confirmed,3.96,,,,,1.48,0.48,,,,,1.4674630152752441,1.4969958277244058,0.5018924840575674,0.46781634624366514,0.7061469265367316,0.6913803348250009,0.3476110336214012,0.30884284256264133,,,0.7,0.58,0.48,1.76,0.33,1.47,0.09,0.01,0.0,0.356,1.4759615384615385,1.4684274443987984,0.093,,0.006,,0.0,,False,82.0,86.0,82.0,74.0,79.0,77.0,77.0,78.0,80.0,high,high,high,medium,medium,medium,medium,medium,high,2026-03-29
hitter,LAA,HOU,Nolan Schanuel,694384,3.0,1B,Confirmed,4.25,,,,,0.55,0.36,,,,,0.5273336097499202,0.5808374681852007,0.35073371234409967,0.3697633576843767,0.8949771689497716,0.9468336166704802,0.08910030735073743,0.09203101684699157,,,0.92,0.47,0.4,1.76,0.09,1.4,0.15,0.01,0.0,0.28,1.3893129770992367,1.40401811905384,0.153,,0.01,,0.0,,False,82.0,86.0,82.0,74.0,79.0,77.0,77.0,78.0,80.0,high,high,high,medium,medium,medium,medium,medium,high,2026-03-29
hitter,LAA,HOU,Jorge Soler,624585,4.0,RF,Confirmed,2.55,,,,,1.01,0.26,,,,,1.1101653402110567,0.9189528781058055,0.31386949771299244,0.2067017364135159,0.3344051446945337,0.2403012495709464,0.10529402731185358,0.09211343736508838,,,0.28,0.26,0.21,0.8,0.1,0.69,0.08,0.01,0.0,0.264,0.7899761336515513,0.6076844969002926,0.076,,0.006,,0.0,,False,82.0,86.0,82.0,74.0,79.0,77.0,77.0,78.0,80.0,high,high,high,medium,medium,medium,medium,medium,high,2026-03-29
hitter,LAA,HOU,Yoán Moncada,660162,5.0,3B,Confirmed,3.1,,,,,1.35,0.1,,,,,1.4216147824360206,1.27203363021176,0.11010508695801778,0.09135405300917641,0.6434108527131783,0.5426317196607656,0.1777465958266879,0.15750390972490613,,,0.59,0.35,0.35,1.29,0.17,1.17,0.11,0.01,0.0,0.268,1.239368165249089,1.1055563865649116,0.107,,0.009,,0.0,,False,82.0,86.0,82.0,74.0,79.0,77.0,77.0,78.0,80.0,high,high,high,medium,medium,medium,medium,medium,high,2026-03-29
hitter,LAA,HOU,Jo Adell,666176,6.0,CF,Confirmed,4.18,,,,,1.31,0.25,,,,,1.2445912762723754,1.3813087107692321,0.24745550024089394,0.2520646912234343,0.801980198019802,0.7739550893386331,0.2685184908048441,0.29516337507627816,,,0.79,0.46,0.51,1.77,0.28,1.82,0.13,0.01,0.0,0.297,1.914285714285714,1.744087384795054,0.128,,0.008,,0.0,,False,82.0,86.0,82.0,74.0,79.0,77.0,77.0,78.0,80.0,high,high,high,medium,medium,medium,medium,medium,high,2026-03-29
hitter,LAA,HOU,Josh Lowe,666139,7.0,LF,Confirmed,4.25,,,,,1.11,0.32,,,,,1.0988254706634497,1.118779073282765,0.3206813241065126,0.31130475464184193,1.0980834272829765,1.0644397418975384,0.047117327960823734,0.047778246199557825,,,1.08,0.46,0.39,1.95,0.05,1.56,0.24,0.01,0.0,0.317,1.5956790123456794,1.5268195190192788,0.243,,0.012,,0.0,,False,82.0,86.0,82.0,74.0,79.0,77.0,77.0,78.0,80.0,high,high,high,medium,medium,medium,medium,medium,high,2026-03-29
hitter,LAA,HOU,Travis d'Arnaud,518595,8.0,C,Confirmed,3.1,,,,,1.47,0.06,,,,,1.523907448900349,1.4169726483224392,0.08045906585382469,0.049369600910693104,0.6434108527131783,0.5136645101487111,0.1601792462905949,0.15239700779759788,,,0.57,0.32,0.32,1.29,0.16,1.18,0.12,0.01,0.0,0.28,1.239368165249089,1.135146756889008,0.122,,0.008,,0.0,,False,82.0,86.0,82.0,74.0,79.0,77.0,77.0,78.0,80.0,high,high,high,medium,medium,medium,medium,medium,high,2026-03-29
hitter,LAA,HOU,Adam Frazier,624428,9.0,2B,Confirmed,4.18,,,,,0.53,0.45,,,,,0.5318508452481234,0.5267795615562435,0.4513901051043966,0.44125413500817595,0.994208494208494,0.9553848693768743,0.03872712563710959,0.04932691729368084,,,0.97,0.4,0.31,1.58,0.04,1.26,0.19,0.01,0.0,0.286,1.3148148148148149,1.2176746821460993,0.187,,0.011,,0.0,,False,82.0,86.0,82.0,74.0,79.0,77.0,77.0,78.0,80.0,high,high,high,medium,medium,medium,medium,medium,high,2026-03-29
hitter,MIL,CWS,Brice Turang,668930,1.0,2B,Confirmed,3.96,,,,,1.61,0.46,,,,,1.5881384423016898,1.624611612242192,0.4569481407589423,0.46586656334430065,0.4125159642401022,0.4768183568802794,0.02812953759648749,0.021027614675108632,,,0.45,0.27,0.16,0.85,0.02,0.62,0.1,0.01,0.0,0.196,0.6289308176100628,0.6066673627698205,0.1,,0.011,,0.0,,False,82.0,86.0,82.0,74.0,79.0,77.0,77.0,78.0,80.0,high,high,high,medium,medium,medium,medium,medium,high,2026-03-29
hitter,MIL,CWS,William Contreras,661388,2.0,C,Confirmed,3.96,,,,,1.29,0.59,,,,,1.3406553042721605,1.2361938184526764,0.5743106365043171,0.6018678350304725,0.4125159642401022,0.4706914309384146,0.0317482657751085,0.02207735575591774,,,0.44,0.29,0.16,0.86,0.03,0.67,0.1,0.01,0.0,0.211,0.6720588235294118,0.6643838647151618,0.097,,0.008,,0.0,,False,82.0,86.0,82.0,74.0,79.0,77.0,77.0,78.0,80.0,high,high,high,medium,medium,medium,medium,medium,high,2026-03-29
hitter,MIL,CWS,Luis Rengifo,650859,3.0,3B,Confirmed,3.49,,,,,0.88,0.18,,,,,0.8532908768168708,0.9041291696495678,0.1853076438667448,0.16700046137513433,0.7061469265367316,0.6394799436196748,0.10588766050472329,0.08618679622230829,,,0.67,0.38,0.35,1.43,0.1,1.1,0.1,0.01,0.0,0.262,1.1238670694864048,1.0728630434003947,0.096,,0.008,,0.0,,False,82.0,86.0,82.0,74.0,79.0,77.0,77.0,78.0,80.0,high,high,high,medium,medium,medium,medium,medium,high,2026-03-29
hitter,MIL,CWS,Gary Sánchez,596142,4.0,C,Confirmed,2.9,,,,,1.21,0.17,,,,,1.236055588916259,1.1802094424175242,0.19319470730461288,0.14407445473876518,0.5290322580645161,0.42262591944535716,0.2488301892050983,0.21151652214098937,,,0.47,0.39,0.39,1.3,0.23,1.2,0.11,0.01,0.0,0.319,1.239368165249089,1.1748284206836928,0.106,,0.008,,0.0,,False,82.0,86.0,82.0,74.0,79.0,77.0,77.0,78.0,80.0,high,high,high,medium,medium,medium,medium,medium,high,2026-03-29
hitter,MIL,CWS,Sal Frelick,686217,5.0,RF,Confirmed,3.96,,,,,0.95,0.4,,,,,0.8654544566342721,1.0254816801528464,0.39115086880774985,0.4152901734009467,0.4125159642401022,0.4755624743523433,0.02277042898114677,0.014113572211939762,,,0.45,0.26,0.17,0.85,0.02,0.69,0.1,0.01,0.0,0.184,0.6720588235294118,0.7008202069809965,0.098,,0.009,,0.0,,False,82.0,86.0,82.0,74.0,79.0,77.0,77.0,78.0,80.0,high,high,high,medium,medium,medium,medium,medium,high,2026-03-29
hitter,MIL,CWS,Joey Ortiz,687401,6.0,SS,Confirmed,2.55,,,,,0.75,0.2,,,,,0.8032015231186986,0.7066357784537861,0.22683337269606912,0.18265020611621552,0.35424354243542433,0.30938868573837036,0.023425067144280217,0.014590377432555856,,,0.33,0.17,0.15,0.68,0.02,0.42,0.08,0.01,0.0,0.21,0.44025157232704404,0.4001296562209773,0.083,,0.008,,0.0,,False,82.0,86.0,82.0,74.0,79.0,77.0,77.0,78.0,80.0,high,high,high,medium,medium,medium,medium,medium,high,2026-03-29
hitter,MIL,CWS,Jeferson Quero,691620,7.0,C,Confirmed,3.33,,,,,0.64,0.22,,,,,0.645,,0.215,,0.585,,0.029,,,,0.58,0.25,0.21,1.05,0.03,0.84,0.13,0.01,0.0,0.226,0.841,,0.13,,0.009,,0.0,,True,40.0,44.0,40.0,32.0,37.0,35.0,35.0,36.0,38.0,low,low,low,low,low,low,low,low,low,2026-03-29
hitter,MIL,CWS,Brandon Lockridge,663604,8.0,LF,Confirmed,3.1,,,,,0.73,0.13,,,,,0.7357729952455317,0.7218266670517614,0.1489300513390941,0.11405974452785574,0.7061469265367316,0.528685230270241,0.0189612368009736,0.015129544072800705,,,0.61,0.28,0.24,1.23,0.02,0.81,0.15,0.01,0.0,0.263,0.9375,0.7051542913153365,0.15,,0.011,,0.0,,False,82.0,86.0,82.0,74.0,79.0,77.0,77.0,78.0,80.0,high,high,high,medium,medium,medium,medium,medium,high,2026-03-29
hitter,MIL,CWS,Blake Perkins,663368,9.0,CF,Confirmed,2.55,,,,,1.22,0.29,,,,,1.297141414415287,1.1360311220585129,0.32840366837604407,0.2581271760074825,0.3344051446945337,0.22634101890515823,0.025011378703132178,0.008802745668070083,,,0.27,0.18,0.13,0.65,0.02,0.38,0.07,0.01,0.0,0.228,0.44025157232704404,0.3359630118429117,0.075,,0.008,,0.0,,False,82.0,86.0,82.0,74.0,79.0,77.0,77.0,78.0,80.0,high,high,high,medium,medium,medium,medium,medium,high,2026-03-29
hitter,CWS,MIL,Chase Meidroth,805367,1.0,2B,Confirmed,4.25,,,,,0.6,0.35,,,,,0.5892298793211326,0.6207237744851284,0.33405601429065956,0.35896723980071527,1.0,0.9859974460650113,0.10956410338988742,0.10347930418428894,,,0.99,0.46,0.34,1.79,0.11,1.6,0.17,0.01,0.0,0.273,1.684375,1.5342980830491928,0.166,,0.014,,0.0,,False,96.0,99.0,96.0,88.0,93.0,91.0,91.0,92.0,94.0,high,high,high,high,high,high,high,high,high,2026-03-29
hitter,CWS,MIL,Munetaka Murakami,808959,2.0,1B,Confirmed,3.49,,,,,0.54,0.19,,,,,0.535,,0.193,,0.708,,0.029,,,,0.71,0.34,0.25,1.29,0.03,1.0,0.16,0.01,0.0,0.245,1.002,,0.156,,0.01,,0.0,,True,40.0,44.0,40.0,32.0,37.0,35.0,35.0,36.0,38.0,low,low,low,low,low,low,low,low,low,2026-03-29
hitter,CWS,MIL,Miguel Vargas,678246,3.0,3B,Confirmed,4.18,,,,,0.73,0.44,,,,,0.7328520832099976,0.729016292913877,0.45005316003187124,0.4339400971796963,1.0,0.912723625910763,0.3635101713817981,0.36630286494963776,,,0.95,0.45,0.36,1.7,0.36,2.05,0.17,0.01,0.0,0.275,2.057017543859649,2.0452909593864885,0.171,,0.011,,0.0,,False,96.0,99.0,96.0,88.0,93.0,91.0,91.0,92.0,94.0,high,high,high,high,high,high,high,high,high,2026-03-29
hitter,CWS,MIL,Colson Montgomery,695657,4.0,SS,Confirmed,4.25,,,,,1.19,0.46,,,,,1.178038507865368,1.1990287605499836,0.4720273917578157,0.43943968083640783,1.0,0.9542770758563252,0.5249181175698174,0.5214568233492158,,,0.97,0.49,0.41,1.8,0.52,2.52,0.17,0.02,0.0,0.296,2.552380952380952,2.4874922041422804,0.174,,0.02,,0.0,,False,96.0,99.0,96.0,88.0,93.0,91.0,91.0,92.0,94.0,high,high,high,high,high,high,high,high,high,2026-03-29
hitter,CWS,MIL,Austin Hays,669720,5.0,LF,Confirmed,3.58,,,,,1.21,0.2,,,,,1.209997349179905,1.2176935129871505,0.21037877845542535,0.19565386545164307,0.4125159642401022,0.4597160384358513,0.021981478440541546,0.015144498014575588,,,0.44,0.37,0.32,1.5,0.02,0.64,0.2,0.01,0.0,0.265,0.6720588235294118,0.6143050741141328,0.195,,0.012,,0.0,,False,96.0,99.0,96.0,88.0,93.0,91.0,91.0,92.0,94.0,high,high,high,high,high,high,high,high,high,2026-03-29
hitter,CWS,MIL,Andrew Benintendi,643217,6.0,DH,Confirmed,3.81,,,,,0.64,0.51,,,,,0.6544444121098866,0.6260970293535396,0.4964110092602132,0.5207508017290179,0.7061469265367316,0.627949129177337,0.041328290447613526,0.039307242077650593,,,0.66,0.37,0.36,1.6,0.04,0.95,0.19,0.01,0.0,0.284,1.001763668430335,0.8994552943140149,0.193,,0.012,,0.0,,False,96.0,99.0,96.0,88.0,93.0,91.0,91.0,92.0,94.0,high,high,high,high,high,high,high,high,high,2026-03-29
hitter,CWS,MIL,Everson Pereira,677592,7.0,RF,Confirmed,2.55,,,,,0.73,0.2,,,,,0.73734291326224,0.7253972655261931,0.2145571880520832,0.18191858341630596,0.7061469265367316,0.4880010597779386,0.028564165687126723,0.018094972643716765,,,0.59,0.19,0.15,0.75,0.02,0.72,0.11,0.01,0.0,0.218,0.8408408408408409,0.6276647956185648,0.11,,0.009,,0.0,,False,96.0,99.0,96.0,88.0,93.0,91.0,91.0,92.0,94.0,high,high,high,high,high,high,high,high,high,2026-03-29
hitter,CWS,MIL,Edgar Quero,700337,8.0,C,Confirmed,4.08,,,,,0.72,0.34,,,,,0.6809070487121464,0.7564655378599091,0.33821022818389124,0.34825545480255077,1.0980834272829765,0.9166313236976164,0.1335037572293859,0.14737534940266384,,,1.0,0.44,0.37,1.91,0.14,1.67,0.18,0.01,0.0,0.307,1.914285714285714,1.4646857135625126,0.183,,0.015,,0.0,,False,96.0,99.0,96.0,88.0,93.0,91.0,91.0,92.0,94.0,high,high,high,high,high,high,high,high,high,2026-03-29
hitter,CWS,MIL,Tristan Peters,671976,9.0,CF,Confirmed,3.48,,,,,0.96,0.19,,,,,0.8651237538134638,1.0505052621578572,0.19791651943284036,0.19111638978533976,0.8694581280788177,0.7108873727578676,0.09577688728672021,0.0718481762429055,,,0.78,0.32,0.27,1.36,0.08,1.26,0.21,0.02,0.0,0.271,1.3148148148148149,1.220215597350715,0.208,,0.016,,0.0,,False,96.0,99.0,96.0,88.0,93.0,91.0,91.0,92.0,94.0,high,high,high,high,high,high,high,high,high,2026-03-29
hitter,STL,TB,JJ Wetherholt,802139,1.0,2B,Confirmed,3.49,,,,,0.96,0.14,,,,,0.962,,0.137,,0.802,,0.03,,,,0.8,0.36,0.28,1.45,0.03,1.15,0.16,0.01,0.0,0.259,1.152,,0.164,,0.009,,0.0,,True,40.0,44.0,40.0,32.0,37.0,35.0,35.0,36.0,38.0,low,low,low,low,low,low,low,low,low,2026-03-29
hitter,STL,TB,Iván Herrera,671056,2.0,DH,Confirmed,4.45,,,,,1.11,0.34,,,,,1.0522521036543775,1.1746421074386026,0.3318816977204855,0.3469846337300657,0.707983193277311,0.7438877824763663,0.05603751966591299,0.04502585999174459,,,0.73,0.52,0.4,2.02,0.05,1.12,0.21,0.01,0.0,0.292,1.001763668430335,1.2242312128727022,0.214,,0.009,,0.0,,False,96.0,99.0,96.0,88.0,93.0,91.0,91.0,92.0,94.0,high,high,high,high,high,high,high,high,high,2026-03-29
hitter,STL,TB,Alec Burleson,676475,3.0,1B,Confirmed,4.48,,,,,0.99,0.33,,,,,0.9541035053401655,1.0309678073475383,0.31999495499156005,0.33542529636394425,0.707983193277311,0.8045376848558989,0.1618785406986784,0.1793729093635874,,,0.76,0.52,0.46,2.12,0.17,1.42,0.19,0.01,0.0,0.284,1.3893129770992367,1.442667645403992,0.194,,0.012,,0.0,,False,96.0,99.0,96.0,88.0,93.0,91.0,91.0,92.0,94.0,high,high,high,high,high,high,high,high,high,2026-03-29
hitter,STL,TB,Masyn Winn,691026,4.0,SS,Confirmed,4.04,,,,,1.27,0.07,,,,,1.2364619534956858,1.2956338130262046,0.08894943237858136,0.053779538088478455,0.6434108527131783,0.6972645544767981,0.10798298000506346,0.1263378414188354,,,0.67,0.45,0.4,1.84,0.12,1.13,0.19,0.01,0.0,0.272,1.1238670694864048,1.1367423067036333,0.19,,0.01,,0.0,,False,96.0,99.0,96.0,88.0,93.0,91.0,91.0,92.0,94.0,high,high,high,high,high,high,high,high,high,2026-03-29
hitter,STL,TB,Thomas Saggese,695336,5.0,LF,Confirmed,4.18,,,,,1.29,0.17,,,,,1.148840305146338,1.422379348094143,0.19241839905119482,0.1550162138264935,0.7715355805243446,0.8060644367961202,0.04604576614372607,0.04582168484722334,,,0.79,0.5,0.44,2.04,0.05,1.01,0.22,0.01,0.0,0.293,1.001763668430335,1.0182238927341904,0.218,,0.009,,0.0,,False,96.0,99.0,96.0,88.0,93.0,91.0,91.0,92.0,94.0,high,high,high,high,high,high,high,high,high,2026-03-29
hitter,STL,TB,Ramón Urías,602104,6.0,3B,Confirmed,3.49,,,,,0.82,0.34,,,,,0.7863113049996686,0.8598702339232369,0.4002965209160504,0.28469516538523865,0.8694581280788177,0.7868550124146392,0.21383326681828138,0.17099249772159708,,,0.82,0.33,0.33,1.46,0.19,1.49,0.17,0.01,0.0,0.268,1.684375,1.3344199999257635,0.172,,0.008,,0.0,,False,96.0,99.0,96.0,88.0,93.0,91.0,91.0,92.0,94.0,high,high,high,high,high,high,high,high,high,2026-03-29
hitter,STL,TB,Jordan Walker,691023,7.0,RF,Confirmed,4.18,,,,,1.41,0.27,,,,,1.2618754179434084,1.549468423817613,0.2586724458512523,0.2906143999967568,0.7061469265367316,0.6238906993009034,0.06389294887973933,0.05612467367185716,,,0.66,0.42,0.37,1.78,0.06,1.02,0.2,0.01,0.0,0.282,0.9875776397515532,1.0506112857536423,0.201,,0.01,,0.0,,False,96.0,99.0,96.0,88.0,93.0,91.0,91.0,92.0,94.0,high,high,high,high,high,high,high,high,high,2026-03-29
hitter,STL,TB,Pedro Pagés,686780,8.0,C,Confirmed,3.89,,,,,1.36,0.15,,,,,1.2496830841187467,1.475198913207122,0.1560859600625413,0.13551211058508766,0.4125159642401022,0.5257586843012325,0.02889309923562739,0.04048712967431957,,,0.47,0.39,0.35,1.73,0.03,0.69,0.2,0.01,0.0,0.279,0.6720588235294118,0.6974296229803095,0.2,,0.009,,0.0,,False,96.0,99.0,96.0,88.0,93.0,91.0,91.0,92.0,94.0,high,high,high,high,high,high,high,high,high,2026-03-29
hitter,STL,TB,Victor Scott II,687363,9.0,CF,Confirmed,3.49,,,,,1.03,0.28,,,,,0.9900303361819932,1.075511625278301,0.26512377981185264,0.29296392249764075,0.7061469265367316,0.6405389029883123,0.02302772926166249,0.02005440196423979,,,0.67,0.33,0.27,1.4,0.02,0.78,0.2,0.01,0.0,0.274,0.7899761336515513,0.7782450045791649,0.198,,0.011,,0.0,,False,96.0,99.0,96.0,88.0,93.0,91.0,91.0,92.0,94.0,high,high,high,high,high,high,high,high,high,2026-03-29
hitter,TB,STL,Yandy Díaz,650490,1.0,DH,Confirmed,4.27,,,,,0.72,0.46,,,,,0.7124081109971883,0.7177200813704908,0.447106317626637,0.47113920493895733,1.0980834272829765,1.028170542891039,0.04349316131607309,0.045568502692157946,,,1.06,0.62,0.45,2.16,0.04,1.34,0.23,0.01,0.0,0.373,1.239368165249089,1.4144113848826465,0.231,,0.012,,0.0,,False,96.0,99.0,96.0,88.0,93.0,91.0,91.0,92.0,94.0,high,high,high,high,high,high,high,high,high,2026-03-29
hitter,TB,STL,Jonathan Aranda,666018,2.0,1B,Confirmed,4.57,,,,,1.31,0.49,,,,,1.328085169451443,1.2930667716122497,0.480426627020033,0.5036503935419373,1.1391752577319587,1.2172215419445256,0.060745901968186085,0.058353037654380525,,,1.18,0.62,0.44,2.06,0.06,1.78,0.23,0.01,0.0,0.352,1.914285714285714,1.668940396685028,0.233,,0.012,,0.0,,False,96.0,99.0,96.0,88.0,93.0,91.0,91.0,92.0,94.0,high,high,high,high,high,high,high,high,high,2026-03-29
hitter,TB,STL,Cedric Mullins,656775,3.0,CF,Confirmed,3.48,,,,,1.19,0.53,,,,,1.191957224668982,1.1850112797627732,0.5493182998451643,0.5099579428847407,0.35424354243542433,0.31213373696651886,0.04004761040835321,0.0296382380035998,,,0.33,0.4,0.34,1.45,0.03,0.62,0.15,0.01,0.0,0.298,0.6720588235294118,0.5758597182875037,0.149,,0.008,,0.0,,False,96.0,99.0,96.0,88.0,93.0,91.0,91.0,92.0,94.0,high,high,high,high,high,high,high,high,high,2026-03-29
hitter,TB,STL,Junior Caminero,691406,4.0,3B,Confirmed,4.68,,,,,1.0,0.4,,,,,0.974784428345696,1.022001906254012,0.38300695414348684,0.4177373657770335,1.4947368421052631,1.3341617115648128,0.08842375619698103,0.11553231047583631,,,1.41,0.68,0.62,2.4,0.1,2.08,0.25,0.01,0.0,0.364,2.057017543859649,2.09913276862943,0.251,,0.008,,0.0,,False,96.0,99.0,96.0,88.0,93.0,91.0,91.0,92.0,94.0,high,high,high,high,high,high,high,high,high,2026-03-29
hitter,TB,STL,Chandler Simpson,802415,5.0,LF,Confirmed,4.7,,,,,0.52,0.22,,,,,0.4607727483276244,0.5833778303976033,0.20372117759487515,0.23472321176915856,1.0980834272829765,1.2581835101291994,0.0222241540375273,0.009973989894586737,,,1.19,0.67,0.58,2.74,0.02,1.49,0.2,0.03,0.0,0.348,1.4476190476190476,1.515718879667653,0.2,,0.025,,0.0,,False,96.0,99.0,96.0,88.0,93.0,91.0,91.0,92.0,94.0,high,high,high,high,high,high,high,high,high,2026-03-29
hitter,TB,STL,Jonny DeLuca,676356,6.0,RF,Confirmed,2.77,,,,,0.83,0.14,,,,,0.8178596558838473,0.8508537420720357,0.15208391124091725,0.1242799746261494,0.5290322580645161,0.46280073152274637,0.06786092404862229,0.05015557929798719,,,0.49,0.29,0.27,1.2,0.06,0.94,0.13,0.02,0.0,0.311,1.001763668430335,0.8887494600074235,0.13,,0.016,,0.0,,False,96.0,99.0,96.0,88.0,93.0,91.0,91.0,92.0,94.0,high,high,high,high,high,high,high,high,high,2026-03-29
hitter,TB,STL,Richie Palacios,680700,7.0,2B,Confirmed,4.03,,,,,0.92,0.33,,,,,0.8597901076278834,0.9728929064557794,0.31349784935355374,0.3424477645832782,1.0980834272829765,0.961700945925391,0.038610416584934006,0.0360902632000356,,,1.02,0.43,0.37,1.7,0.04,1.29,0.17,0.01,0.0,0.312,1.3148148148148149,1.2773186190838677,0.175,,0.009,,0.0,,False,96.0,99.0,96.0,88.0,93.0,91.0,91.0,92.0,94.0,high,high,high,high,high,high,high,high,high,2026-03-29
hitter,TB,STL,Carson Williams,700246,8.0,SS,Confirmed,3.74,,,,,1.23,0.24,,,,,1.1933912435034735,1.2605192236210563,0.24300596336411648,0.23545368965007893,0.8770949720670391,0.7636102703863966,0.048938599158162975,0.03291431523629328,,,0.81,0.37,0.32,1.46,0.04,1.19,0.16,0.01,0.0,0.285,1.239368165249089,1.149052360180388,0.155,,0.009,,0.0,,False,96.0,99.0,96.0,88.0,93.0,91.0,91.0,92.0,94.0,high,high,high,high,high,high,high,high,high,2026-03-29
hitter,TB,STL,Hunter Feduccia,676439,9.0,C,Confirmed,3.96,,,,,1.02,0.41,,,,,0.9239075449166663,1.1206075703169376,0.3971919943462737,0.4202121949765796,0.8694581280788177,0.8628089033614507,0.022493508120449222,0.03171700421421546,,,0.87,0.39,0.31,1.51,0.03,1.22,0.17,0.01,0.0,0.294,1.239368165249089,1.1964741091523539,0.165,,0.007,,0.0,,False,96.0,99.0,96.0,88.0,93.0,91.0,91.0,92.0,94.0,high,high,high,high,high,high,high,high,high,2026-03-29
hitter,CHC,WSH,Michael Busch,683737,1.0,1B,Confirmed,4.18,,,,,1.23,0.41,,,,,1.0965005219262973,1.359644168675271,0.49549210236294106,0.3341258181647787,0.707983193277311,0.7238202207863265,0.1652805639865981,0.1175655892400482,,,0.72,0.6,0.5,1.98,0.14,1.27,0.15,0.01,0.0,0.347,1.3148148148148149,1.2352600310274648,0.145,,0.012,,0.0,,False,96.0,99.0,96.0,88.0,93.0,91.0,91.0,92.0,94.0,high,high,high,high,high,high,high,high,high,2026-03-29
hitter,CHC,WSH,Alex Bregman,608324,2.0,3B,Confirmed,4.18,,,,,1.1,0.17,,,,,1.0885766030513613,1.107555175835281,0.1283953683027282,0.21645069195285316,0.6506024096385542,0.7066580076831466,0.026534099492524343,0.032924195089811495,,,0.68,0.63,0.52,2.14,0.03,0.96,0.17,0.01,0.0,0.362,0.9375,0.9703730656724443,0.167,,0.007,,0.0,,False,96.0,99.0,96.0,88.0,93.0,91.0,91.0,92.0,94.0,high,high,high,high,high,high,high,high,high,2026-03-29
hitter,CHC,WSH,Ian Happ,664023,3.0,LF,Confirmed,4.18,,,,,1.33,0.25,,,,,1.266357742395269,1.3880969793199422,0.24022690138410016,0.26623613456753525,0.5290322580645161,0.6656808749638057,0.17870743902641417,0.13618093612871873,,,0.6,0.6,0.61,2.08,0.16,1.18,0.13,0.01,0.0,0.334,1.1521739130434783,1.1979339083032143,0.126,,0.007,,0.0,,False,96.0,99.0,96.0,88.0,93.0,91.0,91.0,92.0,94.0,high,high,high,high,high,high,high,high,high,2026-03-29
hitter,CHC,WSH,Pete Crow-Armstrong,691718,4.0,CF,Confirmed,3.74,,,,,1.18,0.16,,,,,1.1147052996266975,1.243597982896642,0.1508478993399834,0.17206910611261225,0.4803149606299212,0.514842031158549,0.10285943769648292,0.10108609114821977,,,0.5,0.44,0.45,1.6,0.1,0.97,0.13,0.01,0.0,0.279,1.001763668430335,0.9408926849280685,0.126,,0.011,,0.0,,False,96.0,99.0,96.0,88.0,93.0,91.0,91.0,92.0,94.0,high,high,high,high,high,high,high,high,high,2026-03-29
hitter,CHC,WSH,Nico Hoerner,663538,5.0,2B,Confirmed,4.45,,,,,0.54,0.24,,,,,0.3969268237674417,0.6754568141221466,0.22651536991995666,0.25927173245461466,1.0980834272829765,1.1606978033577662,0.07776597373468933,0.061354970227664465,,,1.13,0.61,0.57,2.35,0.07,1.32,0.17,0.02,0.0,0.325,1.239368165249089,1.3949942384543532,0.166,,0.016,,0.0,,False,96.0,99.0,96.0,88.0,93.0,91.0,91.0,92.0,94.0,high,high,high,high,high,high,high,high,high,2026-03-29
hitter,CHC,WSH,Carson Kelly,608348,6.0,C,Confirmed,3.81,,,,,1.03,0.22,,,,,0.9677960620381098,1.0965064187901956,0.21633307026510837,0.22249078108818923,0.5290322580645161,0.57140072357963,0.12055254989706485,0.0918794400345765,,,0.55,0.43,0.48,1.68,0.11,1.03,0.13,0.01,0.0,0.306,1.001763668430335,1.0561658407946426,0.129,,0.007,,0.0,,False,96.0,99.0,96.0,88.0,93.0,91.0,91.0,92.0,94.0,high,high,high,high,high,high,high,high,high,2026-03-29
hitter,CHC,WSH,Moisés Ballesteros,694208,7.0,DH,Confirmed,3.1,,,,,0.87,0.19,,,,,0.8146449197873686,0.9283853234324908,0.21693728584202887,0.16989354811609741,0.4125159642401022,0.45232637776134693,0.04021938372289598,0.032478427358478196,,,0.43,0.34,0.32,1.3,0.04,0.59,0.12,0.01,0.0,0.303,0.6289308176100628,0.5575103214815605,0.117,,0.007,,0.0,,False,96.0,99.0,96.0,88.0,93.0,91.0,91.0,92.0,94.0,high,high,high,high,high,high,high,high,high,2026-03-29
hitter,CHC,WSH,Dansby Swanson,621020,8.0,SS,Confirmed,3.74,,,,,1.26,0.19,,,,,1.2128179078258616,1.307662192587404,0.19501890733658456,0.19312744387044326,0.4803149606299212,0.5580258701984903,0.09340150584268475,0.08230266780028825,,,0.52,0.43,0.43,1.56,0.09,0.8,0.12,0.01,0.0,0.309,0.7899761336515513,0.8024038600585769,0.123,,0.009,,0.0,,False,96.0,99.0,96.0,88.0,93.0,91.0,91.0,92.0,94.0,high,high,high,high,high,high,high,high,high,2026-03-29
hitter,CHC,WSH,Michael Conforto,624424,9.0,RF,Confirmed,3.96,,,,,0.83,0.58,,,,,0.8472041676243672,0.814371625638683,0.652318879497378,0.5104364945944277,0.8949771689497716,0.879786907803415,0.16211164718107518,0.19749272445070068,,,0.89,0.43,0.39,1.63,0.18,1.52,0.15,0.01,0.0,0.312,1.5956790123456794,1.4605451829383673,0.153,,0.009,,0.0,,False,96.0,99.0,96.0,88.0,93.0,91.0,91.0,92.0,94.0,high,high,high,high,high,high,high,high,high,2026-03-29
hitter,WSH,CHC,James Wood,695578,1.0,DH,Confirmed,4.61,,,,,2.02,0.24,,,,,1.8767296547726846,2.1598507858964866,0.18681077986572286,0.28640871249141775,0.3344051446945337,0.4629354597949478,0.056301728671460216,0.0937571425572719,,,0.41,0.98,0.87,3.45,0.08,0.66,0.22,0.01,0.0,0.492,0.6289308176100628,0.6904631572167933,0.217,,0.008,,0.0,,False,96.0,99.0,96.0,88.0,93.0,91.0,91.0,92.0,94.0,high,high,high,high,high,high,high,high,high,2026-03-29
hitter,WSH,CHC,Andrés Chaparro,665953,2.0,1B,Confirmed,1.84,,,,,0.97,0.04,,,,,1.0502433855224584,0.8830039451550956,0.05190207584692117,0.021486773916663596,0.0,0.12392984664280375,0.017353599857790367,0.00775425100354275,,,0.07,0.27,0.24,0.99,0.01,0.2,0.09,0.01,0.0,0.353,0.23076923076923078,0.1816692188629837,0.09,,0.006,,0.0,,False,96.0,99.0,96.0,88.0,93.0,91.0,91.0,92.0,94.0,high,high,high,high,high,high,high,high,high,2026-03-29
hitter,WSH,CHC,Brady House,691781,3.0,3B,Confirmed,3.96,,,,,1.53,0.05,,,,,1.347363176191042,1.7067725116094619,0.05894691834414851,0.035782434825781514,0.35424354243542433,0.478353236026939,0.024802238932642898,0.01807941393787271,,,0.42,0.55,0.54,2.19,0.02,0.59,0.15,0.01,0.0,0.326,0.5302013422818792,0.63035690113966,0.147,,0.009,,0.0,,False,96.0,99.0,96.0,88.0,93.0,91.0,91.0,92.0,94.0,high,high,high,high,high,high,high,high,high,2026-03-29
hitter,WSH,CHC,Daylen Lile,695734,4.0,LF,Confirmed,4.61,,,,,1.09,0.13,,,,,0.8923888366845639,1.2835960655598733,0.11874503561888863,0.13730758472763924,0.5290322580645161,0.679585580769933,0.05049752113629984,0.05831543030610417,,,0.61,0.79,0.78,3.06,0.05,0.84,0.18,0.01,0.0,0.399,0.7899761336515513,0.8857538921223973,0.176,,0.015,,0.0,,False,96.0,99.0,96.0,88.0,93.0,91.0,91.0,92.0,94.0,high,high,high,high,high,high,high,high,high,2026-03-29
hitter,WSH,CHC,Joey Wiemer,686894,5.0,RF,Confirmed,2.07,,,,,1.34,0.05,,,,,1.6195102702406345,1.0544455980067757,0.06252351868840544,0.03198075088525385,0.2543859649122807,0.18958940522547305,0.03299892733780441,0.016923737152254502,,,0.22,0.47,0.51,1.63,0.02,0.32,0.12,0.01,0.0,0.519,0.3888888888888889,0.2638608455217026,0.115,,0.007,,0.0,,False,96.0,99.0,96.0,88.0,93.0,91.0,91.0,92.0,94.0,high,high,high,high,high,high,high,high,high,2026-03-29
hitter,WSH,CHC,CJ Abrams,682928,6.0,SS,Confirmed,4.64,,,,,1.48,0.12,,,,,1.437332624144239,1.5258722803987061,0.12734725576045722,0.12079742659887026,0.4125159642401022,0.5779544430769064,0.040894399972770605,0.04772660007035217,,,0.5,0.75,0.87,3.12,0.04,0.85,0.21,0.01,0.0,0.428,0.6720588235294118,1.0020851986905153,0.212,,0.008,,0.0,,False,96.0,99.0,96.0,88.0,93.0,91.0,91.0,92.0,94.0,high,high,high,high,high,high,high,high,high,2026-03-29
hitter,WSH,CHC,Nasim Nuñez,683083,7.0,2B,Confirmed,3.48,,,,,1.19,0.09,,,,,1.0683577753501463,1.3180956760641038,0.09075394764575226,0.09712010227025208,0.3344051446945337,0.3107100074367613,0.024835105103450134,0.018691358372339036,,,0.32,0.41,0.41,1.62,0.02,0.47,0.14,0.01,0.0,0.315,0.44025157232704404,0.49052123919952545,0.139,,0.008,,0.0,,False,96.0,99.0,96.0,88.0,93.0,91.0,91.0,92.0,94.0,high,high,high,high,high,high,high,high,high,2026-03-29
hitter,WSH,CHC,Keibert Ruiz,660688,8.0,C,Confirmed,3.74,,,,,0.24,0.07,,,,,0.2578432145896784,0.21324999450433782,0.08768665655630904,0.04959851853898651,1.0980834272829765,1.0619691733766845,0.024185336862135916,0.010402444858757581,,,1.08,0.46,0.44,2.0,0.02,1.27,0.18,0.01,0.0,0.336,1.239368165249089,1.302850864854068,0.182,,0.009,,0.0,,False,96.0,99.0,96.0,88.0,93.0,91.0,91.0,92.0,94.0,high,high,high,high,high,high,high,high,high,2026-03-29
hitter,WSH,CHC,Jacob Young,696285,9.0,CF,Confirmed,3.58,,,,,0.97,0.07,,,,,0.8782976593120178,1.0538855217811165,0.07679968647433637,0.06493191569718948,0.3344051446945337,0.38649996849145773,0.0230252528616632,0.012643801257132534,,,0.36,0.38,0.36,1.61,0.02,0.53,0.12,0.01,0.0,0.289,0.4591194968553459,0.5837392730131175,0.125,,0.008,,0.0,,False,96.0,99.0,96.0,88.0,93.0,91.0,91.0,92.0,94.0,high,high,high,high,high,high,high,high,high,2026-03-29
hitter,SEA,CLE,Brendan Donovan,680977,1.0,3B,Confirmed,4.61,,,,,0.71,0.29,,,,,0.6826616779013214,0.7452575549469695,0.2852904276549545,0.2970642724763565,1.0980834272829765,1.050620053846563,0.04327719404116808,0.05101676721334108,,,1.07,0.49,0.35,1.84,0.05,1.4,0.18,0.01,0.0,0.275,1.3893129770992367,1.4047925618424286,0.182,,0.008,,0.0,,False,96.0,99.0,96.0,88.0,93.0,91.0,91.0,92.0,94.0,high,high,high,high,high,high,high,high,high,2026-03-29
hitter,SEA,CLE,Cal Raleigh,663728,2.0,C,Confirmed,4.25,,,,,1.41,0.44,,,,,1.5200737082149027,1.3022393265367314,0.43700231550355706,0.43918948431357835,1.1391752577319587,1.149878901140522,0.4387733179756175,0.3628662187068245,,,1.15,0.5,0.34,1.64,0.4,2.49,0.15,0.01,0.0,0.31,2.552380952380952,2.4377029107779236,0.152,,0.007,,0.0,,False,96.0,99.0,96.0,88.0,93.0,91.0,91.0,92.0,94.0,high,high,high,high,high,high,high,high,high,2026-03-29
hitter,SEA,CLE,Julio Rodríguez,677594,3.0,CF,Confirmed,4.18,,,,,1.18,0.27,,,,,1.1684726272689987,1.1832949321142356,0.2786626004610899,0.2637246256624727,1.4947368421052631,1.230338388540788,0.19165045136436004,0.19561368980319202,,,1.35,0.44,0.37,1.68,0.19,2.05,0.18,0.01,0.0,0.272,2.057017543859649,2.046239795416424,0.181,,0.009,,0.0,,False,96.0,99.0,96.0,88.0,93.0,91.0,91.0,92.0,94.0,high,high,high,high,high,high,high,high,high,2026-03-29
hitter,SEA,CLE,Josh Naylor,647304,4.0,1B,Confirmed,4.18,,,,,0.8,0.28,,,,,0.8157917159224056,0.7745263922785571,0.3031706992649341,0.26187489526094926,1.4947368421052631,1.2522342604285521,0.1730135754992545,0.13760108393401566,,,1.36,0.5,0.41,1.91,0.16,1.95,0.17,0.01,0.0,0.306,2.057017543859649,1.8709208968979132,0.166,,0.009,,0.0,,False,96.0,99.0,96.0,88.0,93.0,91.0,91.0,92.0,94.0,high,high,high,high,high,high,high,high,high,2026-03-29
hitter,SEA,CLE,Randy Arozarena,668227,5.0,LF,Confirmed,4.18,,,,,1.31,0.34,,,,,1.3292225078666526,1.2947181760455282,0.338398760398544,0.3390546280791758,1.1391752577319587,1.0616915082464742,0.18686608634724916,0.17301346874768417,,,1.1,0.44,0.35,1.59,0.18,1.97,0.19,0.01,0.0,0.275,2.057017543859649,1.8906968086581397,0.192,,0.009,,0.0,,False,96.0,99.0,96.0,88.0,93.0,91.0,91.0,92.0,94.0,high,high,high,high,high,high,high,high,high,2026-03-29
hitter,SEA,CLE,Luke Raley,670042,6.0,RF,Confirmed,2.77,,,,,1.13,0.24,,,,,1.1304016869100728,1.1298561352535037,0.26877821408407143,0.21626801550236616,0.4125159642401022,0.3241438638093554,0.02933669308770985,0.015373627772214836,,,0.36,0.19,0.18,0.78,0.02,0.5,0.11,0.01,0.0,0.211,0.5302013422818792,0.47655711676479595,0.108,,0.009,,0.0,,False,96.0,99.0,96.0,88.0,93.0,91.0,91.0,92.0,94.0,high,high,high,high,high,high,high,high,high,2026-03-29
hitter,SEA,CLE,Dominic Canzone,686527,7.0,DH,Confirmed,3.33,,,,,0.99,0.16,,,,,0.9663415408982209,1.0044246793975742,0.18552695054360194,0.1283917673036904,0.994208494208494,0.8023721844083329,0.13796240437135532,0.10205947459555059,,,0.89,0.28,0.24,1.16,0.12,1.52,0.14,0.01,0.0,0.251,1.684375,1.378349996665062,0.144,,0.008,,0.0,,False,96.0,99.0,96.0,88.0,93.0,91.0,91.0,92.0,94.0,high,high,high,high,high,high,high,high,high,2026-03-29
hitter,SEA,CLE,Cole Young,702284,8.0,2B,Confirmed,3.81,,,,,0.92,0.26,,,,,0.848946673159267,0.992444769372412,0.24820631764374385,0.27312229077264755,0.7061469265367316,0.7155420861035344,0.028883037824653016,0.02192752083033015,,,0.71,0.33,0.25,1.29,0.03,0.99,0.14,0.01,0.0,0.259,1.001763668430335,0.987859515733307,0.143,,0.009,,0.0,,False,96.0,99.0,96.0,88.0,93.0,91.0,91.0,92.0,94.0,high,high,high,high,high,high,high,high,high,2026-03-29
hitter,SEA,CLE,Leo Rivas,660844,9.0,SS,Confirmed,3.02,,,,,0.97,0.23,,,,,1.007081145114199,0.9247981817250106,0.22870777439737575,0.23747009679429518,0.6506024096385542,0.5354026575559659,0.0647087884168563,0.056665841018871684,,,0.59,0.2,0.15,0.76,0.06,1.06,0.1,0.01,0.0,0.209,1.1238670694864048,1.0047013907494382,0.097,,0.007,,0.0,,False,96.0,99.0,96.0,88.0,93.0,91.0,91.0,92.0,94.0,high,high,high,high,high,high,high,high,high,2026-03-29
hitter,CLE,SEA,Steven Kwan,680757,1.0,CF,Confirmed,4.14,,,,,0.47,0.34,,,,,0.41626233852156125,0.5299533433170196,0.3524388029917478,0.32122902547238635,0.994208494208494,0.8647802505409387,0.027847673881172878,0.026303089569710166,,,0.92,0.37,0.28,1.45,0.03,1.12,0.17,0.01,0.0,0.224,1.1521739130434783,1.0849288281336884,0.168,,0.009,,0.0,,False,96.0,99.0,96.0,88.0,93.0,91.0,91.0,92.0,94.0,high,high,high,high,high,high,high,high,high,2026-03-29
hitter,CLE,SEA,Chase DeLauter,800050,2.0,RF,Confirmed,3.74,,,,,0.86,0.45,,,,,0.8312338873137776,0.887594184507975,0.46372361472699863,0.43921474737953864,0.801980198019802,0.7436019223735083,0.05628875326369952,0.0835211198748134,,,0.77,0.36,0.27,1.33,0.07,1.12,0.16,0.01,0.0,0.246,1.1521739130434783,1.0866925777346774,0.162,,0.008,,0.0,,False,96.0,99.0,96.0,88.0,93.0,91.0,91.0,92.0,94.0,high,high,high,high,high,high,high,high,high,2026-03-29
hitter,CLE,SEA,José Ramírez,608070,3.0,DH,Confirmed,4.18,,,,,0.64,0.55,,,,,0.6480270000965748,0.6340195212146755,0.5793525265876006,0.5204035176132361,0.8949771689497716,0.8631736965872966,0.04895077562027463,0.040381646116980884,,,0.88,0.4,0.34,1.54,0.04,1.18,0.16,0.01,0.0,0.242,1.239368165249089,1.1370496643198535,0.16,,0.008,,0.0,,False,96.0,99.0,96.0,88.0,93.0,91.0,91.0,92.0,94.0,high,high,high,high,high,high,high,high,high,2026-03-29
hitter,CLE,SEA,Kyle Manzardo,700932,4.0,1B,Confirmed,3.81,,,,,1.14,0.38,,,,,1.1514305778356937,1.1295454581861775,0.40182988682672993,0.35562290863590923,0.707983193277311,0.6032103134728393,0.04798362373353544,0.043841649387507765,,,0.65,0.33,0.28,1.26,0.05,0.92,0.12,0.01,0.0,0.215,1.001763668430335,0.8561247340222582,0.116,,0.007,,0.0,,False,96.0,99.0,96.0,88.0,93.0,91.0,91.0,92.0,94.0,high,high,high,high,high,high,high,high,high,2026-03-29
hitter,CLE,SEA,Bo Naylor,666310,5.0,C,Confirmed,3.74,,,,,1.02,0.37,,,,,0.9765916780029037,1.0636729580835065,0.3762922637856192,0.36084467624056116,0.7061469265367316,0.6055773158277553,0.04503832883156327,0.057496567673433294,,,0.65,0.28,0.24,1.05,0.05,0.93,0.12,0.01,0.0,0.19,1.001763668430335,0.8639386902330365,0.116,,0.007,,0.0,,False,96.0,99.0,96.0,88.0,93.0,91.0,91.0,92.0,94.0,high,high,high,high,high,high,high,high,high,2026-03-29
hitter,CLE,SEA,Daniel Schneemann,682177,6.0,3B,Confirmed,3.02,,,,,0.96,0.23,,,,,0.9921208096369832,0.9294169097637134,0.25309158322832825,0.21480962544305995,0.4803149606299212,0.41931479587532794,0.034459413244751116,0.02854606953016389,,,0.45,0.19,0.18,0.78,0.03,0.64,0.1,0.01,0.0,0.181,0.6720588235294118,0.6064140102806465,0.098,,0.007,,0.0,,False,96.0,99.0,96.0,88.0,93.0,91.0,91.0,92.0,94.0,high,high,high,high,high,high,high,high,high,2026-03-29
hitter,CLE,SEA,Gabriel Arias,672356,7.0,SS,Confirmed,3.81,,,,,1.18,0.3,,,,,1.16121874658532,1.2047421987286748,0.30220010422263,0.29752944386885755,0.7715355805243446,0.6456462014100128,0.05396228983624985,0.053846844060486676,,,0.7,0.3,0.27,1.28,0.05,1.03,0.11,0.01,0.0,0.221,1.001763668430335,1.0514175665836962,0.112,,0.01,,0.0,,False,96.0,99.0,96.0,88.0,93.0,91.0,91.0,92.0,94.0,high,high,high,high,high,high,high,high,high,2026-03-29
hitter,CLE,SEA,CJ Kayfus,692216,8.0,LF,Confirmed,2.77,,,,,0.79,0.23,,,,,0.7981760462603781,0.7746871341895297,0.2565914681807915,0.1992327434579686,0.4125159642401022,0.3469625989818564,0.02997671817025844,0.02646333355700229,,,0.38,0.16,0.14,0.66,0.03,0.61,0.08,0.01,0.0,0.175,0.6720588235294118,0.5597294552686792,0.083,,0.008,,0.0,,False,96.0,99.0,96.0,88.0,93.0,91.0,91.0,92.0,94.0,high,high,high,high,high,high,high,high,high,2026-03-29
hitter,CLE,SEA,Brayan Rocchio,677587,9.0,2B,Confirmed,3.33,,,,,0.75,0.24,,,,,0.7467825428201088,0.7519974562778281,0.24646914266916803,0.23410803116373555,0.707983193277311,0.6284375414183825,0.03571384742217152,0.034199395452695486,,,0.66,0.27,0.24,1.15,0.03,0.88,0.12,0.01,0.0,0.225,0.9875776397515532,0.7836845766102049,0.116,,0.008,,0.0,,False,96.0,99.0,96.0,88.0,93.0,91.0,91.0,92.0,94.0,high,high,high,high,high,high,high,high,high,2026-03-29
