player_type,team,opponent,player_name,mlb_id,lineup_spot,pos,lineup_status,proj_pa,proj_ip,proj_outs,proj_runs_allowed,proj_hits_allowed,proj_strikeouts,proj_walks,proj_hr_allowed,proj_er_model,proj_fip,proj_war_contribution,direct_K,rate_K,direct_BB,rate_BB,direct_H,rate_H,direct_HR,rate_HR,direct_R,rate_R,proj_hits,proj_runs,proj_rbi,proj_hrrbi,proj_hr,proj_tb,proj_2b,proj_3b,proj_sb,proj_woba,direct_TB,rate_TB,direct_2B,rate_2B,direct_3B,rate_3B,direct_SB,rate_SB,used_fallback,confidence_score,proj_pa_confidence_score,proj_hits_confidence_score,proj_hr_confidence_score,proj_strikeouts_confidence_score,proj_runs_confidence_score,proj_rbi_confidence_score,proj_hrrbi_confidence_score,proj_walks_confidence_score,confidence,proj_pa_confidence,proj_hits_confidence,proj_hr_confidence,proj_strikeouts_confidence,proj_runs_confidence,proj_rbi_confidence,proj_hrrbi_confidence,proj_walks_confidence,game_date
pitcher,NYY,ATL,Gerrit Cole,543037,,,,,4.79,14.0,2.37,4.71,4.59,1.43,0.67,2.28,3.95,0.073,4.676567656765677,4.497510524090055,1.3455882352941178,1.6812829944533958,4.666666666666667,4.858659276173211,0.625,0.7592911695295503,2.28,,,,,,,,,,,,,,,,,,,,,,,,,,,,,,,,,,,,,,,2026-08-08
pitcher,ATL,NYY,Chris Sale,519242,,,,,5.59,17.0,2.6,5.28,6.72,1.38,0.82,2.28,3.47,0.13,6.649122807017544,6.78431677556018,1.3455882352941178,1.496664175755607,5.093457943925234,6.012640772381813,0.7580645161290323,0.9619796749053355,2.28,,,,,,,,,,,,,,,,,,,,,,,,,,,,,,,,,,,,,,,2026-08-08
pitcher,BOS,ATH,Jake Bennett,687562,,,,,4.79,14.0,2.47,4.88,4.78,1.33,0.71,2.21,4.06,0.081,4.676567656765677,4.882964964028157,1.3455882352941178,1.2824725226957707,4.879746835443039,4.858659276173211,0.6666666666666666,0.8243081650798851,2.212,,,,,,,,,,,,,,,,,,,,,,,,,,,,,,,,,,,,,,,2026-08-08
pitcher,ATH,BOS,Gage Jump,695611,,,,,5.21,16.0,2.47,4.91,5.29,1.66,0.52,2.21,3.62,0.111,5.275,5.311116380498267,1.610062893081761,1.8287023801883489,4.879746835443039,5.0333098236854905,0.5409836065573771,0.47907389125280486,2.212,,,,,,,,,,,,,,,,,,,,,,,,,,,,,,,,,,,,,,,2026-08-08
pitcher,MIA,LAA,Sandy Alcantara,645261,,,,,5.21,16.0,2.81,5.55,4.56,1.89,0.79,3.08,4.32,0.017,4.676567656765677,4.452452679154525,1.890295358649789,1.9000404918068519,5.387096774193548,6.222090435704619,0.7441860465116279,0.8965857077382466,3.075,,,,,,,,,,,,,,,,,,,,,,,,,,,,,,,,,,,,,,,2026-08-08
pitcher,LAA,MIA,Walbert Ureña,700712,,,,,4.79,14.0,2.58,4.51,5.0,2.4,0.78,2.21,4.68,0.081,4.676567656765677,5.331254490887942,2.4,2.408344720713209,4.486486486486487,4.62755356150739,0.7580645161290323,0.8243081650798851,2.212,,,,,,,,,,,,,,,,,,,,,,,,,,,,,,,,,,,,,,,2026-08-08
pitcher,PHI,TOR,Aaron Nola,605400,,,,,4.79,14.0,2.5,4.57,4.78,1.93,0.71,2.28,4.4,0.073,4.676567656765677,4.882964964028157,1.890295358649789,2.041382631246275,4.500000000000001,4.858659276173211,0.6666666666666666,0.8243081650798851,2.28,,,,,,,,,,,,,,,,,,,,,,,,,,,,,,,,,,,,,,,2026-08-08
pitcher,TOR,PHI,Max Scherzer,453286,,,,,4.61,14.0,2.62,4.61,4.43,1.91,0.83,2.28,4.76,0.061,4.5344827586206895,4.328501777882078,1.890295358649789,1.9646709666065398,4.525423728813561,4.95854632570307,0.7948717948717948,0.91531524226146,2.28,,,,,,,,,,,,,,,,,,,,,,,,,,,,,,,,,,,,,,,2026-08-08
pitcher,PIT,NYM,Bubba Chandler,696149,,,,,4.79,14.0,2.45,4.93,4.78,1.85,0.4,2.21,3.91,0.081,4.676567656765677,4.882964964028157,1.890295358649789,1.7468702410277968,4.879746835443039,5.152155509786922,0.38095238095238093,0.44045373111342334,2.212,,,,,,,,,,,,,,,,,,,,,,,,,,,,,,,,,,,,,,,2026-08-08
pitcher,WSH,CIN,Andrew Alvarez,674841,,,,,4.61,14.0,2.52,4.4,5.14,1.91,0.79,2.21,4.81,0.069,4.676567656765677,5.594937448181115,1.890295358649789,1.9646709666065398,4.326530612244898,4.676079178112422,0.7948717948717948,0.7933320753691587,2.212,,,,,,,,,,,,,,,,,,,,,,,,,,,,,,,,,,,,,,,2026-08-08
pitcher,CIN,WSH,Chase Burns,695505,,,,,5.21,16.0,2.25,4.3,6.77,1.76,0.48,1.79,3.19,0.162,6.017094017094017,7.516544777237001,1.610062893081761,2.220376515405656,4.111111111111111,5.0333098236854905,0.4827586206896552,0.47907389125280486,1.789,,,,,,,,,,,,,,,,,,,,,,,,,,,,,,,,,,,,,,,2026-08-08
pitcher,KC,CHC,Seth Lugo,607625,,,,,4.79,14.0,2.69,4.93,3.83,1.93,0.78,2.48,5.0,0.051,3.8412698412698414,3.8257426697625427,1.890295358649789,2.041382631246275,4.879746835443039,5.152155509786922,0.7580645161290323,0.8243081650798851,2.481,,,,,,,,,,,,,,,,,,,,,,,,,,,,,,,,,,,,,,,2026-08-08
pitcher,CHC,KC,Clay Holmes,605280,,,,,4.79,14.0,2.66,4.65,5.0,1.93,0.98,2.28,5.07,0.073,4.676567656765677,5.331254490887942,1.890295358649789,2.041382631246275,4.525423728813561,5.152155509786922,0.9130434782608695,1.1249553141128723,2.28,,,,,,,,,,,,,,,,,,,,,,,,,,,,,,,,,,,,,,,2026-08-08
pitcher,MIL,MIN,Robert Gasser,688107,,,,,4.79,14.0,2.57,4.43,5.01,2.02,0.78,2.21,4.75,0.081,4.676567656765677,5.340567241789763,1.890295358649789,2.408344720713209,4.326530612244898,4.858659276173211,0.7580645161290323,0.8243081650798851,2.212,,,,,,,,,,,,,,,,,,,,,,,,,,,,,,,,,,,,,,,2026-08-08
pitcher,MIN,MIL,Taj Bradley,671737,,,,,5.21,16.0,2.33,4.52,5.24,1.97,0.54,2.21,3.86,0.111,4.676567656765677,5.798713131007553,1.890295358649789,2.220376515405656,4.326530612244898,5.2846795049817175,0.5144396170346723,0.6157600755958343,2.212,,,,,,,,,,,,,,,,,,,,,,,,,,,,,,,,,,,,,,,2026-08-08
pitcher,SD,HOU,Michael King,650633,,,,,5.13,15.0,2.72,4.66,4.95,2.27,0.91,2.43,5.01,0.08,4.676567656765677,5.229563729742055,2.163265306122449,2.579291945147967,4.525423728813561,5.203532794732478,0.869281045751634,1.0185612131889998,2.432,,,,,,,,,,,,,,,,,,,,,,,,,,,,,,,,,,,,,,,2026-08-08
pitcher,HOU,SD,Peter Lambert,663567,,,,,5.21,16.0,2.44,4.63,4.78,1.97,0.56,2.21,4.01,0.111,4.676567656765677,4.891864265242002,1.890295358649789,2.220376515405656,4.525423728813561,5.0333098236854905,0.5409836065573771,0.6157600755958343,2.212,,,,,,,,,,,,,,,,,,,,,,,,,,,,,,,,,,,,,,,2026-08-08
pitcher,SF,DET,Landen Roupp,694738,,,,,4.79,14.0,2.43,4.76,4.59,1.93,0.55,2.28,4.06,0.073,4.676567656765677,4.497510524090055,1.890295358649789,2.041382631246275,4.666666666666667,5.152155509786922,0.5409836065573771,0.5661210675823506,2.28,,,,,,,,,,,,,,,,,,,,,,,,,,,,,,,,,,,,,,,2026-08-08
pitcher,DET,SF,Jackson Jobe,695549,,,,,4.79,14.0,2.62,4.67,4.59,2.22,0.55,2.28,4.36,0.073,4.676567656765677,4.497510524090055,2.163265306122449,2.408344720713209,4.666666666666667,4.680779957327881,0.547945205479452,0.5661210675823506,2.28,,,,,,,,,,,,,,,,,,,,,,,,,,,,,,,,,,,,,,,2026-08-08
pitcher,STL,COL,Matthew Liberatore,669461,,,,,4.61,14.0,2.57,4.54,4.5,1.91,0.91,2.28,5.02,0.061,4.676567656765677,4.328501777882078,1.890295358649789,1.9646709666065398,4.500000000000001,4.676079178112422,0.9130434782608695,0.91531524226146,2.28,,,,,,,,,,,,,,,,,,,,,,,,,,,,,,,,,,,,,,,2026-08-08
pitcher,COL,STL,Kyle Freeland,607536,,,,,4.79,14.0,3.03,5.82,3.74,1.43,1.14,3.33,5.78,-0.034,3.6538461538461537,3.8257426697625427,1.3455882352941178,1.6812829944533958,5.68,6.386036678668229,1.1428571428571428,1.1249553141128723,3.333,,,,,,,,,,,,,,,,,,,,,,,,,,,,,,,,,,,,,,,2026-08-08
pitcher,TEX,BAL,Jacob deGrom,594798,,,,,5.21,16.0,2.2,4.47,6.85,1.47,0.56,2.21,2.94,0.111,6.649122807017544,7.047496679501248,1.3455882352941178,1.8287023801883489,4.326530612244898,5.0333098236854905,0.5409836065573771,0.5943699081420252,2.212,,,,,,,,,,,,,,,,,,,,,,,,,,,,,,,,,,,,,,,2026-08-08
pitcher,BAL,TEX,Kyle Bradish,680694,,,,,5.21,16.0,2.65,4.6,6.85,2.45,0.8,2.21,4.08,0.111,6.649122807017544,7.047496679501248,2.4,2.619514821485557,4.486486486486487,5.0333098236854905,0.7580645161290323,0.8965857077382466,2.212,,,,,,,,,,,,,,,,,,,,,,,,,,,,,,,,,,,,,,,2026-08-08
pitcher,CWS,CLE,Anthony Kay,641743,,,,,4.79,14.0,2.49,4.59,4.59,1.92,0.67,2.21,4.29,0.081,4.676567656765677,4.497510524090055,1.890295358649789,2.026480650190615,4.525423728813561,4.858659276173211,0.625,0.7592911695295503,2.212,,,,,,,,,,,,,,,,,,,,,,,,,,,,,,,,,,,,,,,2026-08-08
pitcher,CLE,CWS,Gavin Williams,668909,,,,,5.13,15.0,2.64,5.01,5.86,2.18,0.57,2.28,3.65,0.097,6.017094017094017,5.709673390032388,2.163265306122449,2.242966284228193,4.879746835443039,5.51786174638975,0.547945205479452,0.6063050264504087,2.28,,,,,,,,,,,,,,,,,,,,,,,,,,,,,,,,,,,,,,,2026-08-08
pitcher,AZ,LAD,Brandon Pfaadt,694297,,,,,4.58,14.0,2.31,4.55,3.88,1.49,0.67,1.37,4.34,0.166,3.8412698412698414,3.914056289928546,1.3455882352941178,1.9376370308711937,4.525423728813561,4.645649161768958,0.625,0.7881693937507044,1.367,,,,,,,,,,,,,,,,,,,,,,,,,,,,,,,,,,,,,,,2026-08-08
pitcher,LAD,AZ,Yoshinobu Yamamoto,808967,,,,,5.59,17.0,2.47,5.04,6.44,1.7,0.53,2.21,3.11,0.138,6.649122807017544,6.22165190063958,1.610062893081761,1.9620818244247349,4.879746835443039,5.670126378665604,0.5409836065573771,0.5140159409027215,2.212,,,,,,,,,,,,,,,,,,,,,,,,,,,,,,,,,,,,,,,2026-08-08
pitcher,SEA,TB,George Kirby,669923,,,,,5.21,16.0,2.47,4.63,6.81,1.36,0.88,2.21,4.0,0.111,6.649122807017544,6.9744984170508655,1.3455882352941178,1.3949231405521847,4.525423728813561,5.0333098236854905,0.869281045751634,0.8965857077382466,2.212,,,,,,,,,,,,,,,,,,,,,,,,,,,,,,,,,,,,,,,2026-08-08
hitter,NYY,ATL,Paul Goldschmidt,502671,1.0,1B,Confirmed,3.81,,,,,1.26,0.27,,,,,1.1992886713501707,1.32949216472636,0.26815880996339436,0.27329573405157537,0.4803149606299212,0.5222619070282949,0.1340295363992495,0.1320574466966988,,,0.5,0.57,0.48,2.04,0.13,1.1,0.18,0.01,0.0,0.362,1.1238670694864048,1.08702911154242,0.18,,0.008,,0.0,,False,96.0,99.0,96.0,88.0,93.0,91.0,91.0,92.0,94.0,high,high,high,high,high,high,high,high,high,2026-08-08
hitter,NYY,ATL,Heliot Ramos,671218,2.0,LF,Confirmed,4.61,,,,,1.34,0.61,,,,,1.2737402226787475,1.4099661330471889,0.5992759516844611,0.6187709997162625,0.8949771689497716,0.9914751703004012,0.05423640775692142,0.05780733018272345,,,0.95,0.68,0.57,2.35,0.06,1.3,0.22,0.01,0.0,0.36,1.3148148148148149,1.2944758424528762,0.216,,0.009,,0.0,,False,96.0,99.0,96.0,88.0,93.0,91.0,91.0,92.0,94.0,high,high,high,high,high,high,high,high,high,2026-08-08
hitter,NYY,ATL,Ben Rice,700250,3.0,DH,Confirmed,4.18,,,,,1.59,0.44,,,,,1.577745995077189,1.6027211474723562,0.4435888451646882,0.4317553533972375,0.5290322580645161,0.5321802659937315,0.21576333385923085,0.20683074448741137,,,0.53,0.68,0.65,2.33,0.21,1.23,0.18,0.01,0.0,0.392,1.239368165249089,1.2252164242770835,0.177,,0.011,,0.0,,False,96.0,99.0,96.0,88.0,93.0,91.0,91.0,92.0,94.0,high,high,high,high,high,high,high,high,high,2026-08-08
hitter,NYY,ATL,Amed Rosario,642708,4.0,3B,Confirmed,3.19,,,,,0.96,0.1,,,,,0.957615112279815,0.9641071025287803,0.11366826486825729,0.08565924400172863,0.35424354243542433,0.3899482545941219,0.027431602214892485,0.035311916478429996,,,0.37,0.51,0.49,1.87,0.03,0.6,0.14,0.01,0.0,0.375,0.6289308176100628,0.583341046768616,0.137,,0.007,,0.0,,False,96.0,99.0,96.0,88.0,93.0,91.0,91.0,92.0,94.0,high,high,high,high,high,high,high,high,high,2026-08-08
hitter,NYY,ATL,Trent Grisham,663757,5.0,CF,Confirmed,4.14,,,,,1.63,0.66,,,,,1.616781242010725,1.6393593806092321,0.6631051592478482,0.6494563636466291,0.5290322580645161,0.48522108720327123,0.25938560717049813,0.2463695143927603,,,0.5,0.7,0.63,2.32,0.25,1.23,0.14,0.01,0.0,0.413,1.239368165249089,1.2271338971950212,0.143,,0.007,,0.0,,False,96.0,99.0,96.0,88.0,93.0,91.0,91.0,92.0,94.0,high,high,high,high,high,high,high,high,high,2026-08-08
hitter,NYY,ATL,George Lombard Jr.,806146,6.0,SS,Confirmed,2.26,,,,,0.77,0.16,,,,,0.6832488182261729,0.8515062749094461,0.18332411130114082,0.14567779853626076,0.2543859649122807,0.17933660847344382,0.01669330525891556,0.014378687600906902,,,0.21,0.2,0.19,0.8,0.02,0.3,0.08,0.01,0.0,0.251,0.28125,0.3177744881495335,0.078,,0.007,,0.0,,False,96.0,99.0,96.0,88.0,93.0,91.0,91.0,92.0,94.0,high,high,high,high,high,high,high,high,high,2026-08-08
hitter,NYY,ATL,Spencer Jones,682987,7.0,RF,Confirmed,3.1,,,,,1.27,0.15,,,,,1.2607855585512246,1.2725540921733225,0.1719247559898921,0.13734175867408005,0.2543859649122807,0.23476089847185008,0.027244055525253812,0.008948280346048663,,,0.24,0.42,0.42,1.55,0.02,0.37,0.14,0.01,0.0,0.379,0.44025157232704404,0.31355652867087314,0.142,,0.009,,0.0,,False,96.0,99.0,96.0,88.0,93.0,91.0,91.0,92.0,94.0,high,high,high,high,high,high,high,high,high,2026-08-08
hitter,NYY,ATL,José Caballero,676609,8.0,2B,Confirmed,3.48,,,,,1.35,0.29,,,,,1.2820877712323926,1.4095251406577585,0.30065493481186045,0.28587434641180504,0.4125159642401022,0.379224369563908,0.07726184897552907,0.07392472451636238,,,0.39,0.38,0.34,1.49,0.08,0.7,0.15,0.01,0.0,0.311,0.6720588235294118,0.7222640115258125,0.148,,0.008,,0.0,,False,96.0,99.0,96.0,88.0,93.0,91.0,91.0,92.0,94.0,high,high,high,high,high,high,high,high,high,2026-08-08
hitter,NYY,ATL,Austin Wells,669224,9.0,C,Confirmed,2.9,,,,,1.4,0.22,,,,,1.456333500650508,1.353520238149123,0.21571094339191682,0.21758809504382157,0.35424354243542433,0.3106854804627164,0.1371852457381095,0.12886851321610895,,,0.33,0.41,0.4,1.52,0.13,0.75,0.12,0.01,0.0,0.379,0.6720588235294118,0.8058314628088373,0.125,,0.009,,0.0,,False,96.0,99.0,96.0,88.0,93.0,91.0,91.0,92.0,94.0,high,high,high,high,high,high,high,high,high,2026-08-08
hitter,ATL,NYY,Drake Baldwin,686948,1.0,C,Confirmed,4.18,,,,,0.94,0.25,,,,,0.944814564553237,0.9390204158144693,0.2698037351392626,0.2282236696298969,1.0980834272829765,0.9719367790910091,0.14515320694387165,0.1496432640826135,,,1.03,0.52,0.43,1.94,0.15,1.73,0.21,0.01,0.0,0.299,1.914285714285714,1.5799003581090583,0.213,,0.009,,0.0,,False,96.0,99.0,96.0,88.0,93.0,91.0,91.0,92.0,94.0,high,high,high,high,high,high,high,high,high,2026-08-08
hitter,ATL,NYY,Ronald Acuña Jr.,660670,2.0,DH,Confirmed,4.26,,,,,1.04,0.8,,,,,1.107178985832288,0.9671233467507503,0.8783329467921153,0.7202064071183214,1.0980834272829765,1.0175422999163337,0.38005249685606796,0.42773833781228454,,,1.05,0.52,0.42,1.83,0.4,2.54,0.17,0.01,0.0,0.297,2.552380952380952,2.5327489379881483,0.174,,0.007,,0.0,,False,96.0,99.0,96.0,88.0,93.0,91.0,91.0,92.0,94.0,high,high,high,high,high,high,high,high,high,2026-08-08
hitter,ATL,NYY,Matt Olson,621566,3.0,1B,Confirmed,4.27,,,,,1.26,0.34,,,,,1.3181298085271507,1.2042800638856541,0.3488377935391379,0.34054005350747685,0.994208494208494,0.9263147536111661,0.19187586675171217,0.19613313550298966,,,0.96,0.57,0.54,2.1,0.19,1.79,0.16,0.01,0.0,0.32,1.914285714285714,1.692969486223947,0.164,,0.008,,0.0,,False,96.0,99.0,96.0,88.0,93.0,91.0,91.0,92.0,94.0,high,high,high,high,high,high,high,high,high,2026-08-08
hitter,ATL,NYY,Michael Harris II,671739,4.0,CF,Confirmed,4.18,,,,,0.95,0.14,,,,,0.980567982706687,0.9195281795336108,0.14203306902098528,0.14175114336863365,1.0980834272829765,1.1038360872437496,0.15997071153081496,0.16908660694867347,,,1.1,0.52,0.51,2.03,0.16,1.85,0.18,0.01,0.0,0.296,1.914285714285714,1.7942637694500483,0.176,,0.009,,0.0,,False,96.0,99.0,96.0,88.0,93.0,91.0,91.0,92.0,94.0,high,high,high,high,high,high,high,high,high,2026-08-08
hitter,ATL,NYY,Ozzie Albies,645277,5.0,2B,Confirmed,4.25,,,,,0.61,0.26,,,,,0.6164268539145498,0.6094962621821911,0.2702995115782002,0.25500860290459404,1.0980834272829765,1.0839732582128174,0.1259456916079782,0.13282330098264944,,,1.09,0.55,0.51,2.16,0.13,1.64,0.18,0.01,0.0,0.31,1.684375,1.598758579520769,0.183,,0.013,,0.0,,False,96.0,99.0,96.0,88.0,93.0,91.0,91.0,92.0,94.0,high,high,high,high,high,high,high,high,high,2026-08-08
hitter,ATL,NYY,Mauricio Dubón,643289,6.0,LF,Confirmed,4.08,,,,,0.53,0.2,,,,,0.48904723649774606,0.5612194206051601,0.19433948491993921,0.20248658129099606,1.0980834272829765,0.9871149118762135,0.06735840381101443,0.0888135286040365,,,1.04,0.4,0.42,1.82,0.08,1.42,0.18,0.01,0.0,0.272,1.4759615384615385,1.3746036978154623,0.176,,0.009,,0.0,,False,96.0,99.0,96.0,88.0,93.0,91.0,91.0,92.0,94.0,high,high,high,high,high,high,high,high,high,2026-08-08
hitter,ATL,NYY,Mike Yastrzemski,573262,7.0,RF,Confirmed,3.74,,,,,0.95,0.28,,,,,0.9151236717583694,0.9817287757602325,0.2559181682779085,0.31037320355232517,0.801980198019802,0.7579516822942604,0.1473808265394887,0.11514190816900999,,,0.78,0.36,0.34,1.4,0.13,1.3,0.14,0.01,0.0,0.263,1.3148148148148149,1.2899714444195276,0.138,,0.006,,0.0,,False,96.0,99.0,96.0,88.0,93.0,91.0,91.0,92.0,94.0,high,high,high,high,high,high,high,high,high,2026-08-08
hitter,ATL,NYY,Austin Riley,663586,8.0,3B,Confirmed,4.04,,,,,1.27,0.24,,,,,1.2655436167945615,1.281974182761484,0.22989358462897463,0.25581274314853086,1.0,0.912349202806073,0.18371060243703702,0.18764691622381496,,,0.95,0.47,0.46,1.93,0.19,1.82,0.17,0.01,0.0,0.317,1.914285714285714,1.73512427711865,0.174,,0.008,,0.0,,False,96.0,99.0,96.0,88.0,93.0,91.0,91.0,92.0,94.0,high,high,high,high,high,high,high,high,high,2026-08-08
hitter,ATL,NYY,Jim Jarvis,805347,9.0,SS,Confirmed,3.49,,,,,0.9,0.13,,,,,0.7806212487682459,1.0220543380355516,0.13685789652272176,0.1169044825137818,0.801980198019802,0.7148150731648776,0.07913375542533047,0.0737844084805986,,,0.75,0.34,0.32,1.46,0.08,1.1,0.14,0.01,0.0,0.266,1.1521739130434783,1.05616889570587,0.136,,0.009,,0.0,,False,96.0,99.0,96.0,88.0,93.0,91.0,91.0,92.0,94.0,high,high,high,high,high,high,high,high,high,2026-08-08
hitter,BOS,ATH,Jahmai Jones,663330,1.0,DH,Confirmed,1.84,,,,,0.63,0.09,,,,,0.6799314436534472,0.585231142947311,0.1330949936773578,0.056705726815530884,0.3344051446945337,0.21514690128861386,0.021848056174716104,0.00747501015094106,,,0.27,0.26,0.21,0.88,0.01,0.36,0.09,0.01,0.0,0.353,0.44025157232704404,0.30049034582154305,0.087,,0.007,,0.0,,False,96.0,99.0,96.0,88.0,93.0,91.0,91.0,92.0,94.0,high,high,high,high,high,high,high,high,high,2026-08-08
hitter,BOS,ATH,Ceddanne Rafaela,678882,2.0,CF,Confirmed,4.74,,,,,1.01,0.2,,,,,0.8913416957181775,1.13343239852542,0.18720554954516308,0.20895511632282898,1.0980834272829765,1.1890417270500975,0.18967524555180362,0.2013540527107367,,,1.15,0.75,0.6,2.84,0.2,2.01,0.23,0.01,0.0,0.383,1.914285714285714,2.085191745801661,0.232,,0.011,,0.0,,False,96.0,99.0,96.0,88.0,93.0,91.0,91.0,92.0,94.0,high,high,high,high,high,high,high,high,high,2026-08-08
hitter,BOS,ATH,Caleb Durbin,702332,3.0,3B,Confirmed,4.39,,,,,0.64,0.22,,,,,0.5809131794375283,0.7017806083305214,0.20755843366025672,0.22495781448853777,0.8949771689497716,1.1038776948284632,0.14141886204747903,0.16321151625504637,,,1.01,0.59,0.52,2.24,0.15,1.64,0.21,0.01,0.0,0.333,1.5956790123456794,1.6680382698727665,0.212,,0.01,,0.0,,False,96.0,99.0,96.0,88.0,93.0,91.0,91.0,92.0,94.0,high,high,high,high,high,high,high,high,high,2026-08-08
hitter,BOS,ATH,Willson Contreras,575929,4.0,1B,Confirmed,4.68,,,,,1.44,0.31,,,,,1.3875710534339083,1.4847089220932737,0.3051905401032584,0.3127035086759329,0.994208494208494,1.1001868845082106,0.35287845244935173,0.364243977015317,,,1.05,0.91,0.86,3.27,0.36,2.45,0.25,0.01,0.0,0.467,2.456692913385827,2.448775873142344,0.248,,0.009,,0.0,,False,96.0,99.0,96.0,88.0,93.0,91.0,91.0,92.0,94.0,high,high,high,high,high,high,high,high,high,2026-08-08
hitter,BOS,ATH,Andruw Monasterio,655316,5.0,SS,Confirmed,3.81,,,,,0.71,0.52,,,,,0.6493835798828155,0.7785708776408734,0.5372452914090848,0.5009426242288834,0.4125159642401022,0.46151924902064606,0.14231117493825562,0.11166618251618403,,,0.44,0.55,0.5,2.05,0.13,1.08,0.16,0.01,0.0,0.354,1.1238670694864048,1.0379514347263354,0.155,,0.009,,0.0,,False,96.0,99.0,96.0,88.0,93.0,91.0,91.0,92.0,94.0,high,high,high,high,high,high,high,high,high,2026-08-08
hitter,BOS,ATH,Eli White,642201,6.0,RF,Confirmed,3.81,,,,,0.91,0.13,,,,,0.8062776940985124,1.0049170495375437,0.13293222458852474,0.12572068735243752,0.6434108527131783,0.6225688928077796,0.023284744441241213,0.028837180556279717,,,0.63,0.46,0.47,1.92,0.03,0.79,0.2,0.01,0.0,0.337,0.7899761336515513,0.7967034651260139,0.196,,0.008,,0.0,,False,96.0,99.0,96.0,88.0,93.0,91.0,91.0,92.0,94.0,high,high,high,high,high,high,high,high,high,2026-08-08
hitter,BOS,ATH,Nick Sogard,686765,7.0,2B,Confirmed,3.1,,,,,0.71,0.22,,,,,0.6677308581269228,0.7500736121965967,0.22159348699344747,0.2160910805697553,0.5290322580645161,0.5015610009428754,0.017519959569657295,0.007596339955193208,,,0.51,0.35,0.3,1.45,0.01,0.66,0.15,0.01,0.0,0.333,0.6720588235294118,0.6516990029629736,0.154,,0.01,,0.0,,False,96.0,99.0,96.0,88.0,93.0,91.0,91.0,92.0,94.0,high,high,high,high,high,high,high,high,high,2026-08-08
hitter,BOS,ATH,Jarren Duran,680776,8.0,LF,Confirmed,4.74,,,,,1.45,0.32,,,,,1.3722232688169207,1.5351051158484597,0.3007544550956608,0.3369814040303272,1.0980834272829765,1.205589333762244,0.4412848052809261,0.37854966389619,,,1.16,0.86,0.83,3.3,0.41,2.54,0.28,0.02,0.0,0.501,2.456692913385827,2.60295432168188,0.28,,0.017,,0.0,,False,96.0,99.0,96.0,88.0,93.0,91.0,91.0,92.0,94.0,high,high,high,high,high,high,high,high,high,2026-08-08
hitter,BOS,ATH,Connor Wong,657136,9.0,C,Confirmed,4.18,,,,,0.72,0.62,,,,,0.5829223418918552,0.850456325677966,0.5888085724825541,0.647206503285906,0.4125159642401022,0.45562853772422135,0.09309077234237167,0.10872980012971187,,,0.44,0.5,0.43,2.04,0.1,0.97,0.18,0.01,0.0,0.342,0.9875776397515532,0.9550083658100278,0.183,,0.008,,0.0,,False,96.0,99.0,96.0,88.0,93.0,91.0,91.0,92.0,94.0,high,high,high,high,high,high,high,high,high,2026-08-08
hitter,ATH,BOS,Henry Bolte,703607,1.0,CF,Confirmed,3.74,,,,,1.29,0.09,,,,,1.2033978919285744,1.379080048911332,0.09917011548509351,0.08588625078939593,0.35424354243542433,0.4352085604719602,0.025200975798928233,0.011723730137035981,,,0.4,0.34,0.28,1.33,0.02,0.5,0.13,0.01,0.0,0.219,0.44025157232704404,0.5530818990112042,0.127,,0.007,,0.0,,False,96.0,99.0,96.0,88.0,93.0,91.0,91.0,92.0,94.0,high,high,high,high,high,high,high,high,high,2026-08-08
hitter,ATH,BOS,Jacob Wilson,805779,2.0,SS,Confirmed,3.93,,,,,0.42,0.31,,,,,0.37246709736848194,0.46828997968111435,0.30827372618035387,0.31287020096803825,0.6434108527131783,0.573293464695388,0.026270646335972894,0.011920632103125026,,,0.6,0.36,0.3,1.43,0.02,0.78,0.14,0.01,0.0,0.221,0.7899761336515513,0.7771850955633713,0.14,,0.008,,0.0,,False,96.0,99.0,96.0,88.0,93.0,91.0,91.0,92.0,94.0,high,high,high,high,high,high,high,high,high,2026-08-08
hitter,ATH,BOS,Jonah Heim,641680,3.0,DH,Confirmed,3.33,,,,,0.99,0.1,,,,,0.9663690888875166,1.0198973516201182,0.09602025876534573,0.10809316257963188,0.3344051446945337,0.32162096915474997,0.028835568518642444,0.03211846942915462,,,0.33,0.28,0.27,1.08,0.03,0.49,0.12,0.01,0.0,0.202,0.4591194968553459,0.5221262906697693,0.12,,0.009,,0.0,,False,96.0,99.0,96.0,88.0,93.0,91.0,91.0,92.0,94.0,high,high,high,high,high,high,high,high,high,2026-08-08
hitter,ATH,BOS,Tyler Soderstrom,691016,4.0,LF,Confirmed,3.58,,,,,1.08,0.41,,,,,1.0665373229699582,1.0940535152133815,0.44589718002890033,0.377654828519302,0.6434108527131783,0.5526024478288266,0.12916692112031353,0.10995740729363031,,,0.59,0.36,0.35,1.41,0.12,1.09,0.11,0.01,0.0,0.239,1.1521739130434783,1.0396859739281217,0.112,,0.009,,0.0,,False,96.0,99.0,96.0,88.0,93.0,91.0,91.0,92.0,94.0,high,high,high,high,high,high,high,high,high,2026-08-08
hitter,ATH,BOS,Tommy White,695720,5.0,3B,Confirmed,1.84,,,,,0.54,0.11,,,,,0.5167661629712988,0.5540894718912598,0.1396071112481467,0.07123152230853014,0.4125159642401022,0.23919221161102275,0.07916155608181519,0.06892152105883027,,,0.32,0.18,0.17,0.7,0.07,0.63,0.08,0.01,0.0,0.239,0.7899761336515513,0.5063838904826468,0.079,,0.007,,0.0,,False,96.0,99.0,96.0,88.0,93.0,91.0,91.0,92.0,94.0,high,high,high,high,high,high,high,high,high,2026-08-08
hitter,ATH,BOS,Brian Serven,661531,6.0,C,Confirmed,2.55,,,,,0.92,0.05,,,,,0.8556035114758587,0.9788121616405435,0.06892555611091218,0.031611847598155995,0.2543859649122807,0.18511550675620697,0.018057892824524125,0.010351990457939608,,,0.22,0.16,0.18,0.7,0.01,0.27,0.08,0.01,0.0,0.18,0.28125,0.253166644676912,0.08,,0.007,,0.0,,False,96.0,99.0,96.0,88.0,93.0,91.0,91.0,92.0,94.0,high,high,high,high,high,high,high,high,high,2026-08-08
hitter,ATH,BOS,Lawrence Butler,671732,7.0,RF,Confirmed,3.1,,,,,1.26,0.12,,,,,1.2486215344114153,1.2654671502685564,0.1289941825273632,0.10775754017939372,0.3344051446945337,0.26565318116193,0.027601913558351326,0.033940708023798984,,,0.3,0.22,0.21,0.84,0.03,0.44,0.11,0.01,0.0,0.195,0.44025157232704404,0.4439694630440337,0.109,,0.008,,0.0,,False,96.0,99.0,96.0,88.0,93.0,91.0,91.0,92.0,94.0,high,high,high,high,high,high,high,high,high,2026-08-08
hitter,ATH,BOS,Max Muncy,691777,8.0,3B,Confirmed,3.1,,,,,1.38,0.07,,,,,1.4411772824659963,1.3104396254851278,0.08290361929045821,0.058404193396071384,0.3344051446945337,0.2677221264444157,0.030983601856183103,0.030573491410653342,,,0.3,0.22,0.22,0.92,0.03,0.45,0.1,0.01,0.0,0.199,0.44025157232704404,0.46133705964598065,0.104,,0.007,,0.0,,False,96.0,99.0,96.0,88.0,93.0,91.0,91.0,92.0,94.0,high,high,high,high,high,high,high,high,high,2026-08-08
hitter,ATH,BOS,Alika Williams,675961,9.0,2B,Confirmed,3.09,,,,,0.93,0.08,,,,,0.9029471431165065,0.9543482234024567,0.08017027011752316,0.07252860165591038,0.5290322580645161,0.4824504967475335,0.021085381332095365,0.01618725701232963,,,0.5,0.2,0.2,0.81,0.02,0.65,0.09,0.01,0.0,0.177,0.6720588235294118,0.6291323062402576,0.094,,0.008,,0.0,,False,96.0,99.0,96.0,88.0,93.0,91.0,91.0,92.0,94.0,high,high,high,high,high,high,high,high,high,2026-08-08
hitter,MIA,LAA,Jakob Marsee,805300,1.0,CF,Confirmed,3.54,,,,,0.63,0.38,,,,,0.6332370305255108,0.6323358270747531,0.41421125802326253,0.35395006155215764,1.0980834272829765,0.830191264540854,0.19751717888290288,0.16154261390734198,,,0.95,0.24,0.13,0.7,0.18,1.54,0.09,0.01,0.0,0.194,1.684375,1.413212530757378,0.092,,0.009,,0.0,,False,96.0,99.0,96.0,88.0,93.0,91.0,91.0,92.0,94.0,high,high,high,high,high,high,high,high,high,2026-08-08
hitter,MIA,LAA,Xavier Edwards,669364,2.0,2B,Confirmed,4.25,,,,,0.35,0.44,,,,,0.3928024962271661,0.3088429904697837,0.44788758570490583,0.4294392709665507,1.607843137254902,1.2910635758226054,0.12059414811284952,0.09182369773801785,,,1.43,0.32,0.19,1.04,0.11,1.88,0.1,0.01,0.0,0.208,2.057017543859649,1.7409216073748865,0.105,,0.009,,0.0,,False,96.0,99.0,96.0,88.0,93.0,91.0,91.0,92.0,94.0,high,high,high,high,high,high,high,high,high,2026-08-08
hitter,MIA,LAA,Kyle Stowers,669065,3.0,1B,Confirmed,3.96,,,,,1.38,0.48,,,,,1.4325208663641644,1.3321863189497487,0.5023476105373426,0.4497902934323373,0.994208494208494,0.9030601249098739,0.33006552414313334,0.30106104466110756,,,0.94,0.31,0.19,0.92,0.32,1.97,0.1,0.01,0.0,0.228,2.057017543859649,1.90093328007499,0.102,,0.008,,0.0,,False,96.0,99.0,96.0,88.0,93.0,91.0,91.0,92.0,94.0,high,high,high,high,high,high,high,high,high,2026-08-08
hitter,MIA,LAA,Otto Lopez,672640,4.0,SS,Confirmed,4.25,,,,,0.37,0.32,,,,,0.40342592762919494,0.3401145915287874,0.3261996811622525,0.30717839855591134,1.607843137254902,1.3404026056811533,0.22248096169988738,0.1980939681476665,,,1.46,0.37,0.29,1.37,0.21,2.04,0.1,0.01,0.0,0.225,2.057017543859649,2.0234217383458426,0.098,,0.009,,0.0,,False,96.0,99.0,96.0,88.0,93.0,91.0,91.0,92.0,94.0,high,high,high,high,high,high,high,high,high,2026-08-08
hitter,MIA,LAA,Griffin Conine,665052,5.0,RF,Confirmed,3.96,,,,,0.81,0.52,,,,,0.8293788412603955,0.7848409954300706,0.5508057763377888,0.4802605627686961,1.0980834272829765,0.9895916490032517,0.19195777691393784,0.18430641751080815,,,1.04,0.3,0.19,0.9,0.19,1.89,0.1,0.01,0.0,0.218,2.057017543859649,1.753661742515049,0.097,,0.01,,0.0,,False,96.0,99.0,96.0,88.0,93.0,91.0,91.0,92.0,94.0,high,high,high,high,high,high,high,high,high,2026-08-08
hitter,MIA,LAA,Heriberto Hernández,681715,6.0,LF,Confirmed,3.89,,,,,0.7,0.4,,,,,0.7084728109042,0.6971339660014596,0.4058620036666628,0.3978923925374822,1.1391752577319587,1.0060086476189534,0.2499795835779971,0.2421117458060302,,,1.07,0.25,0.18,0.84,0.25,1.93,0.1,0.01,0.0,0.203,2.057017543859649,1.8327302279667597,0.096,,0.008,,0.0,,False,96.0,99.0,96.0,88.0,93.0,91.0,91.0,92.0,94.0,high,high,high,high,high,high,high,high,high,2026-08-08
hitter,MIA,LAA,Owen Caissie,683357,7.0,DH,Confirmed,3.02,,,,,1.23,0.23,,,,,1.3571105942283923,1.094962772576543,0.25570414521268764,0.20985324931679722,0.7715355805243446,0.6007113992972113,0.2649352096235356,0.216541575140247,,,0.68,0.19,0.14,0.66,0.24,1.6,0.09,0.01,0.0,0.202,1.914285714285714,1.3367497770933063,0.093,,0.007,,0.0,,False,96.0,99.0,96.0,88.0,93.0,91.0,91.0,92.0,94.0,high,high,high,high,high,high,high,high,high,2026-08-08
hitter,MIA,LAA,Joe Mack,691788,8.0,C,Confirmed,3.1,,,,,0.54,0.32,,,,,0.5591235450747891,0.5280068646897056,0.3676009434077112,0.27707485953994715,1.0980834272829765,0.7566396283290286,0.22792459942792154,0.18137871647551743,,,0.91,0.2,0.14,0.67,0.2,1.71,0.08,0.01,0.0,0.209,2.057017543859649,1.4200682052347338,0.084,,0.008,,0.0,,False,96.0,99.0,96.0,88.0,93.0,91.0,91.0,92.0,94.0,high,high,high,high,high,high,high,high,high,2026-08-08
hitter,MIA,LAA,Javier Sanoja,691594,9.0,3B,Confirmed,3.33,,,,,0.27,0.23,,,,,0.3098899354443311,0.22621107186442752,0.25032857812935694,0.21878895056090214,1.0980834272829765,0.9493094938212056,0.07904296072227734,0.09522729710160292,,,1.02,0.2,0.15,0.77,0.09,1.5,0.13,0.01,0.0,0.195,1.684375,1.3408617607704756,0.125,,0.01,,0.0,,False,96.0,99.0,96.0,88.0,93.0,91.0,91.0,92.0,94.0,high,high,high,high,high,high,high,high,high,2026-08-08
hitter,LAA,MIA,Wade Meckler,685133,1.0,LF,Confirmed,3.1,,,,,1.03,0.12,,,,,1.060303352636519,1.0053774622439906,0.13830800507678226,0.10043651579015116,1.0,0.7602821264387909,0.02809923567654967,0.019222130408948396,,,0.87,0.25,0.19,0.96,0.02,1.07,0.11,0.01,0.0,0.199,1.239368165249089,0.924432395462444,0.11,,0.008,,0.0,,False,96.0,99.0,96.0,88.0,93.0,91.0,91.0,92.0,94.0,high,high,high,high,high,high,high,high,high,2026-08-08
hitter,LAA,MIA,Mike Trout,545361,2.0,CF,Confirmed,4.25,,,,,1.22,0.72,,,,,1.2698591299195348,1.1663274228881575,0.702677673728757,0.7338586530953675,0.8770949720670391,0.8265106465042313,0.2714056748425758,0.2239278625095997,,,0.85,0.38,0.29,1.44,0.25,1.74,0.11,0.01,0.0,0.222,1.914285714285714,1.5986614449360703,0.109,,0.007,,0.0,,False,96.0,99.0,96.0,88.0,93.0,91.0,91.0,92.0,94.0,high,high,high,high,high,high,high,high,high,2026-08-08
hitter,LAA,MIA,Nolan Schanuel,694384,3.0,1B,Confirmed,4.18,,,,,0.7,0.4,,,,,0.6335909650607943,0.7713870749320397,0.412148118061167,0.3844029598843569,0.8770949720670391,0.8835975206384982,0.08874498538992834,0.09091486428852047,,,0.88,0.38,0.34,1.59,0.09,1.29,0.16,0.01,0.0,0.225,1.3148148148148149,1.2622441553582238,0.157,,0.009,,0.0,,False,96.0,99.0,96.0,88.0,93.0,91.0,91.0,92.0,94.0,high,high,high,high,high,high,high,high,high,2026-08-08
hitter,LAA,MIA,Zach Neto,687263,4.0,SS,Confirmed,4.18,,,,,1.57,0.26,,,,,1.5848552805543796,1.549388542622832,0.2519924595497586,0.26111072297203347,1.1391752577319587,1.135472723194948,0.07889473475605452,0.08647502081069522,,,1.14,0.37,0.33,1.51,0.08,1.78,0.17,0.01,0.0,0.221,1.914285714285714,1.6757480647260372,0.167,,0.007,,0.0,,False,96.0,99.0,96.0,88.0,93.0,91.0,91.0,92.0,94.0,high,high,high,high,high,high,high,high,high,2026-08-08
hitter,LAA,MIA,Vaughn Grissom,687093,5.0,2B,Confirmed,3.49,,,,,0.77,0.17,,,,,0.7666542912460494,0.7672054519668974,0.16905401819683347,0.16958681568398928,1.0980834272829765,0.9480086404752806,0.036943209292771756,0.03564883284386541,,,1.02,0.34,0.3,1.42,0.04,1.26,0.13,0.01,0.0,0.242,1.3893129770992367,1.1613114325538716,0.13,,0.009,,0.0,,False,96.0,99.0,96.0,88.0,93.0,91.0,91.0,92.0,94.0,high,high,high,high,high,high,high,high,high,2026-08-08
hitter,LAA,MIA,Moisés Ballesteros,694208,6.0,DH,Confirmed,3.02,,,,,0.91,0.34,,,,,0.9438301999956372,0.8675217066676296,0.37532296389045705,0.31305170663877235,0.7061469265367316,0.5640145211185308,0.09451045566405555,0.07744767167510037,,,0.63,0.2,0.19,0.87,0.09,1.03,0.09,0.01,0.0,0.185,1.239368165249089,0.8625283501170341,0.087,,0.007,,0.0,,False,96.0,99.0,96.0,88.0,93.0,91.0,91.0,92.0,94.0,high,high,high,high,high,high,high,high,high,2026-08-08
hitter,LAA,MIA,Denzer Guzman,694203,7.0,3B,Confirmed,3.96,,,,,1.39,0.17,,,,,1.3925647295027423,1.3873096721041198,0.174261127846213,0.16395050438010522,1.1391752577319587,1.0577941019494634,0.048319018464899055,0.055245584920701925,,,1.09,0.28,0.25,1.24,0.05,1.69,0.17,0.01,0.0,0.203,1.914285714285714,1.5039789811728224,0.173,,0.008,,0.0,,False,96.0,99.0,96.0,88.0,93.0,91.0,91.0,92.0,94.0,high,high,high,high,high,high,high,high,high,2026-08-08
hitter,LAA,MIA,Josh Lowe,666139,8.0,RF,Confirmed,3.89,,,,,1.24,0.13,,,,,1.21401097696596,1.2616807795450322,0.14399933786388922,0.12480296555015809,1.0980834272829765,1.0022351697860896,0.05078125955603159,0.055191003254602966,,,1.05,0.28,0.25,1.24,0.05,1.39,0.13,0.01,0.0,0.203,1.3893129770992367,1.3852336928746276,0.134,,0.009,,0.0,,False,96.0,99.0,96.0,88.0,93.0,91.0,91.0,92.0,94.0,high,high,high,high,high,high,high,high,high,2026-08-08
hitter,LAA,MIA,Tyler Heineman,623168,9.0,C,Confirmed,3.02,,,,,0.8,0.16,,,,,0.8056669412114074,0.7847098409677663,0.1737620546690957,0.14313695743959257,0.5290322580645161,0.49357323036887635,0.04212610563828316,0.045101433323568516,,,0.51,0.19,0.17,0.83,0.04,0.75,0.1,0.01,0.0,0.178,0.7899761336515513,0.713576121178764,0.103,,0.01,,0.0,,False,96.0,99.0,96.0,88.0,93.0,91.0,91.0,92.0,94.0,high,high,high,high,high,high,high,high,high,2026-08-08
hitter,PHI,TOR,Kyle Schwarber,656941,1.0,1B,Confirmed,4.93,,,,,1.61,1.15,,,,,1.5956413974323647,1.6246194438905097,1.2382310837847281,1.0624374614027834,1.0,1.074580448151156,0.14340893289028558,0.17769938130210997,,,1.04,0.99,0.78,2.87,0.16,1.75,0.18,0.01,0.0,0.502,1.684375,1.7948402855276573,0.184,,0.008,,0.0,,False,96.0,99.0,96.0,88.0,93.0,91.0,91.0,92.0,94.0,high,high,high,high,high,high,high,high,high,2026-08-08
hitter,PHI,TOR,Trea Turner,607208,2.0,SS,Confirmed,4.68,,,,,1.05,0.55,,,,,1.060764051498981,1.040848295948571,0.5569600212051042,0.547152560039599,1.0980834272829765,1.1321655362462688,0.05251965257401024,0.04563784470340055,,,1.12,0.66,0.52,2.27,0.05,1.62,0.16,0.01,0.0,0.347,1.684375,1.5748966165559644,0.164,,0.011,,0.0,,False,96.0,99.0,96.0,88.0,93.0,91.0,91.0,92.0,94.0,high,high,high,high,high,high,high,high,high,2026-08-08
hitter,PHI,TOR,Bryce Harper,547180,3.0,DH,Confirmed,4.74,,,,,1.23,0.91,,,,,1.2151394289330095,1.2479299045811194,0.9517215765405199,0.8692367555039002,1.0,1.0578348057205904,0.06809100050478165,0.04369848833671231,,,1.03,0.77,0.64,2.51,0.06,1.43,0.18,0.01,0.0,0.415,1.3893129770992367,1.4649976213970517,0.179,,0.007,,0.0,,False,96.0,99.0,96.0,88.0,93.0,91.0,91.0,92.0,94.0,high,high,high,high,high,high,high,high,high,2026-08-08
hitter,PHI,TOR,Luis Arraez,650333,4.0,2B,Confirmed,4.68,,,,,0.54,0.46,,,,,0.37295715324718637,0.70556615532367,0.3879167686534454,0.5232687897868903,1.0980834272829765,1.108129224822673,0.028904977336293353,0.028367285441316184,,,1.1,0.62,0.53,2.36,0.03,1.37,0.12,0.01,0.0,0.322,1.3148148148148149,1.4181279407972642,0.121,,0.014,,0.0,,False,96.0,99.0,96.0,88.0,93.0,91.0,91.0,92.0,94.0,high,high,high,high,high,high,high,high,high,2026-08-08
hitter,PHI,TOR,Bryson Stott,681082,5.0,3B,Confirmed,4.51,,,,,0.87,0.64,,,,,0.802025846027142,0.9355722818132081,0.6404170070950206,0.6428854832231742,0.994208494208494,0.9631514605615272,0.03552339336600088,0.04366627490421839,,,0.98,0.64,0.54,2.27,0.04,1.28,0.17,0.01,0.0,0.359,1.239368165249089,1.3086295489564779,0.167,,0.009,,0.0,,False,96.0,99.0,96.0,88.0,93.0,91.0,91.0,92.0,94.0,high,high,high,high,high,high,high,high,high,2026-08-08
hitter,PHI,TOR,Brandon Marsh,669016,6.0,LF,Confirmed,4.61,,,,,1.34,0.63,,,,,1.2743199999465522,1.3997297316455624,0.6217843727361694,0.6292818369023974,0.8949771689497716,0.9229564541891438,0.06036874326467908,0.041569008965454235,,,0.91,0.51,0.5,1.91,0.05,1.29,0.16,0.01,0.0,0.322,1.239368165249089,1.3295054540945277,0.159,,0.01,,0.0,,False,96.0,99.0,96.0,88.0,93.0,91.0,91.0,92.0,94.0,high,high,high,high,high,high,high,high,high,2026-08-08
hitter,PHI,TOR,Justin Crawford,702222,7.0,CF,Confirmed,3.49,,,,,0.88,0.31,,,,,0.8545855688391405,0.9075357308507642,0.3129513561299406,0.3138719810486009,0.7061469265367316,0.6709399622585606,0.019037275872973356,0.0032584768571410033,,,0.69,0.35,0.29,1.41,0.01,0.89,0.13,0.01,0.0,0.286,0.9875776397515532,0.81799474053772,0.134,,0.011,,0.0,,False,96.0,99.0,96.0,88.0,93.0,91.0,91.0,92.0,94.0,high,high,high,high,high,high,high,high,high,2026-08-08
hitter,PHI,TOR,Bryan De La Cruz,650559,8.0,RF,Confirmed,3.33,,,,,1.51,0.21,,,,,1.426559202192197,1.5922913639994594,0.2195960463136478,0.20913051537939498,0.4125159642401022,0.3754547926298465,0.027820567743831202,0.026614433915273704,,,0.39,0.35,0.3,1.29,0.03,0.61,0.12,0.01,0.0,0.307,0.6289308176100628,0.5941794536578776,0.116,,0.008,,0.0,,False,96.0,99.0,96.0,88.0,93.0,91.0,91.0,92.0,94.0,high,high,high,high,high,high,high,high,high,2026-08-08
hitter,PHI,TOR,Garrett Stubbs,596117,9.0,C,Confirmed,3.1,,,,,0.77,0.25,,,,,0.7337918251029086,0.7981999940507111,0.2531996838619445,0.2507938446587401,0.6434108527131783,0.5341854393503132,0.02799255985676748,0.016385525605095624,,,0.58,0.32,0.28,1.25,0.02,0.75,0.13,0.01,0.0,0.295,0.7899761336515513,0.7109347343954063,0.127,,0.008,,0.0,,False,96.0,99.0,96.0,88.0,93.0,91.0,91.0,92.0,94.0,high,high,high,high,high,high,high,high,high,2026-08-08
hitter,TOR,PHI,Nathan Lukes,664770,1.0,RF,Confirmed,3.74,,,,,0.44,0.2,,,,,0.42555797588192457,0.4590380384880775,0.19184937321082657,0.20714617667348656,0.4125159642401022,0.4919546223740566,0.0692591916487594,0.05480090188440705,,,0.46,0.38,0.3,1.55,0.06,0.73,0.18,0.01,0.0,0.25,0.6720588235294118,0.7781224601925192,0.176,,0.009,,0.0,,False,96.0,99.0,96.0,88.0,93.0,91.0,91.0,92.0,94.0,high,high,high,high,high,high,high,high,high,2026-08-08
hitter,TOR,PHI,Brett Bateman,703520,2.0,CF,Confirmed,3.74,,,,,0.77,0.09,,,,,0.772,,0.086,,0.708,,0.025,,,,0.71,0.31,0.25,1.27,0.02,1.0,0.13,0.01,0.0,0.205,1.002,,0.131,,0.008,,0.0,,True,40.0,44.0,40.0,32.0,37.0,35.0,35.0,36.0,38.0,low,low,low,low,low,low,low,low,low,2026-08-08
hitter,TOR,PHI,Vladimir Guerrero Jr.,665489,3.0,1B,Confirmed,3.96,,,,,0.52,0.28,,,,,0.5177403715881443,0.5194981130330429,0.2655767575247785,0.3024907509904525,0.4125159642401022,0.5121294373368107,0.10290350899713971,0.09952623138496082,,,0.47,0.39,0.35,1.63,0.1,0.94,0.15,0.01,0.0,0.242,0.8408408408408409,1.0278083481001807,0.155,,0.007,,0.0,,False,96.0,99.0,96.0,88.0,93.0,91.0,91.0,92.0,94.0,high,high,high,high,high,high,high,high,high,2026-08-08
hitter,TOR,PHI,Jesús Sánchez,660821,4.0,DH,Confirmed,3.33,,,,,1.08,0.12,,,,,1.0091749192499342,1.149181468268142,0.11618655338649972,0.13009404885035425,0.5846774193548387,0.5468970621268922,0.0242200114348168,0.02342583119724503,,,0.56,0.31,0.28,1.3,0.02,0.76,0.14,0.01,0.0,0.231,0.7899761336515513,0.7375266244115946,0.142,,0.011,,0.0,,False,96.0,99.0,96.0,88.0,93.0,91.0,91.0,92.0,94.0,high,high,high,high,high,high,high,high,high,2026-08-08
hitter,TOR,PHI,Ernie Clement,676391,5.0,2B,Confirmed,3.54,,,,,0.34,0.15,,,,,0.33508923649139966,0.3495584432017287,0.13335208774384183,0.17435773905012628,0.4125159642401022,0.42966772755865623,0.05945241559265097,0.05731802849696911,,,0.42,0.33,0.3,1.4,0.06,0.75,0.17,0.01,0.0,0.23,0.6720588235294118,0.8170732945712461,0.168,,0.01,,0.0,,False,96.0,99.0,96.0,88.0,93.0,91.0,91.0,92.0,94.0,high,high,high,high,high,high,high,high,high,2026-08-08
hitter,TOR,PHI,Andrés Giménez,665926,6.0,SS,Confirmed,3.33,,,,,0.56,0.18,,,,,0.5549362507018375,0.55642814600401,0.17608251682018322,0.17543933234885004,0.35424354243542433,0.4451875743604578,0.054509998572372265,0.0579769478976171,,,0.4,0.27,0.28,1.26,0.06,0.7,0.16,0.01,0.0,0.233,0.6720588235294118,0.7226048442898316,0.159,,0.011,,0.0,,False,96.0,99.0,96.0,88.0,93.0,91.0,91.0,92.0,94.0,high,high,high,high,high,high,high,high,high,2026-08-08
hitter,TOR,PHI,Brandon Valenzuela,678218,7.0,C,Confirmed,2.77,,,,,0.74,0.25,,,,,0.714907678440683,0.7562791541064655,0.28331841895539833,0.22654673137097334,0.2543859649122807,0.2070875127534549,0.019021441996806516,0.015184471885403726,,,0.23,0.17,0.15,0.73,0.02,0.34,0.12,0.01,0.0,0.179,0.3888888888888889,0.29946173774530377,0.123,,0.008,,0.0,,False,96.0,99.0,96.0,88.0,93.0,91.0,91.0,92.0,94.0,high,high,high,high,high,high,high,high,high,2026-08-08
hitter,TOR,PHI,Josh Smith,669701,8.0,3B,Confirmed,3.33,,,,,0.53,0.29,,,,,0.5430636385870437,0.514053218964239,0.29447472813137976,0.28877399645585783,0.6506024096385542,0.551932740253296,0.07147540057664209,0.06545068886838148,,,0.6,0.28,0.25,1.23,0.07,0.95,0.12,0.01,0.0,0.232,1.001763668430335,0.9091669383814178,0.116,,0.01,,0.0,,False,96.0,99.0,96.0,88.0,93.0,91.0,91.0,92.0,94.0,high,high,high,high,high,high,high,high,high,2026-08-08
hitter,TOR,PHI,Myles Straw,664702,9.0,LF,Confirmed,2.07,,,,,0.42,0.11,,,,,0.4211762904554749,0.4096757388568219,0.12406775186827573,0.08879597684191715,0.2543859649122807,0.14754596374586681,0.038753073137503806,0.03181835185421328,,,0.2,0.16,0.15,0.72,0.04,0.4,0.07,0.01,0.0,0.224,0.44025157232704404,0.36455010818203565,0.074,,0.009,,0.0,,False,96.0,99.0,96.0,88.0,93.0,91.0,91.0,92.0,94.0,high,high,high,high,high,high,high,high,high,2026-08-08
hitter,PIT,NYM,Jake Mangum,663968,1.0,CF,Confirmed,4.45,,,,,0.56,0.3,,,,,0.5513774186376811,0.5782080292637533,0.31181077302524474,0.29028251669995486,1.4947368421052631,1.282701824512192,0.08200356819666818,0.07195193296618585,,,1.38,0.64,0.49,2.48,0.08,1.83,0.22,0.01,0.0,0.358,1.914285714285714,1.7654416163667213,0.22,,0.013,,0.0,,False,82.0,86.0,82.0,74.0,79.0,77.0,77.0,78.0,80.0,high,high,high,medium,medium,medium,medium,medium,high,2026-08-08
hitter,PIT,NYM,Brandon Lowe,664040,2.0,2B,Confirmed,4.68,,,,,1.19,0.53,,,,,1.1524607710759465,1.2218677965929685,0.5294796480157823,0.5218218620040911,1.4947368421052631,1.2456973227565515,0.26868602407173076,0.30135102984315715,,,1.36,0.85,0.66,3.01,0.29,2.46,0.25,0.01,0.0,0.447,2.552380952380952,2.3837470565639785,0.253,,0.01,,0.0,,False,82.0,86.0,82.0,74.0,79.0,77.0,77.0,78.0,80.0,high,high,high,medium,medium,medium,medium,medium,high,2026-08-08
hitter,PIT,NYM,Bryan Reynolds,668804,3.0,DH,Confirmed,4.68,,,,,1.14,0.51,,,,,1.1417776100473571,1.1463607292995825,0.5025050886557487,0.5151324832412454,1.4947368421052631,1.2851640092344678,0.14069853795451157,0.1786493745341467,,,1.38,0.63,0.53,2.31,0.16,2.04,0.28,0.01,0.0,0.35,2.057017543859649,2.023015315482206,0.279,,0.013,,0.0,,False,82.0,86.0,82.0,74.0,79.0,77.0,77.0,78.0,80.0,high,high,high,medium,medium,medium,medium,medium,high,2026-08-08
hitter,PIT,NYM,Spencer Horwitz,687462,4.0,1B,Confirmed,4.25,,,,,0.68,0.45,,,,,0.6873005942646857,0.6679873044261453,0.45080902556505875,0.455371882149306,1.0,0.9622426134522387,0.035112238033320156,0.026763092082974792,,,0.98,0.55,0.43,2.08,0.03,1.33,0.2,0.01,0.0,0.333,1.3148148148148149,1.3509732761891595,0.203,,0.007,,0.0,,False,82.0,86.0,82.0,74.0,79.0,77.0,77.0,78.0,80.0,high,high,high,medium,medium,medium,medium,medium,high,2026-08-08
hitter,PIT,NYM,Nick Gonzales,693304,5.0,2B,Confirmed,4.74,,,,,0.77,0.35,,,,,0.7325891712937236,0.8047107703408884,0.3385962114673793,0.36065749373047545,1.607843137254902,1.4661694857888972,0.10506488572155742,0.11749542828889833,,,1.53,0.77,0.67,3.05,0.11,2.06,0.24,0.01,0.0,0.394,2.057017543859649,2.069149330012311,0.236,,0.013,,0.0,,False,82.0,86.0,82.0,74.0,79.0,77.0,77.0,78.0,80.0,high,high,high,medium,medium,medium,medium,medium,high,2026-08-08
hitter,PIT,NYM,Ronny Simon,682927,6.0,RF,Confirmed,3.74,,,,,0.79,0.28,,,,,0.7324579692341054,0.8381845463517437,0.276102594959051,0.2861379971104612,0.801980198019802,0.7432318195931827,0.08210928760226055,0.08880023945124656,,,0.77,0.37,0.36,1.53,0.09,1.19,0.14,0.01,0.0,0.284,1.239368165249089,1.153914988258256,0.136,,0.009,,0.0,,False,82.0,86.0,82.0,74.0,79.0,77.0,77.0,78.0,80.0,high,high,high,medium,medium,medium,medium,medium,high,2026-08-08
hitter,PIT,NYM,Esmerlyn Valdez,699013,7.0,LF,Confirmed,4.14,,,,,1.18,0.49,,,,,1.2042770155501088,1.1505273835452634,0.5175415703637727,0.4626982758329933,1.0980834272829765,1.0218339934080953,0.22526757803965575,0.217088824080627,,,1.06,0.57,0.5,2.17,0.22,1.96,0.18,0.01,0.0,0.396,2.057017543859649,1.8728073780621055,0.181,,0.012,,0.0,,False,82.0,86.0,82.0,74.0,79.0,77.0,77.0,78.0,80.0,high,high,high,medium,medium,medium,medium,medium,high,2026-08-08
hitter,PIT,NYM,Jacob Gonzalez,694378,8.0,SS,Confirmed,3.19,,,,,0.53,0.18,,,,,0.5151218526885661,0.5522381527813864,0.20362482159102416,0.1554188449377855,0.801980198019802,0.6852588393517687,0.197540026739389,0.20242083294096763,,,0.74,0.42,0.4,1.62,0.2,1.45,0.13,0.01,0.0,0.355,1.5956790123456794,1.3229075525776472,0.129,,0.009,,0.0,,False,82.0,86.0,82.0,74.0,79.0,77.0,77.0,78.0,80.0,high,high,high,medium,medium,medium,medium,medium,high,2026-08-08
hitter,PIT,NYM,Henry Davis,680779,9.0,C,Confirmed,3.58,,,,,0.91,0.31,,,,,0.9255437304467956,0.8989019576476998,0.3377704668588466,0.28444797581771886,0.994208494208494,0.8623199474844039,0.18809256405720765,0.17383440109771622,,,0.92,0.5,0.45,1.94,0.18,1.75,0.21,0.01,0.0,0.393,1.914285714285714,1.6238244360855187,0.209,,0.007,,0.0,,False,82.0,86.0,82.0,74.0,79.0,77.0,77.0,78.0,80.0,high,high,high,medium,medium,medium,medium,medium,high,2026-08-08
hitter,NYM,PIT,A.J. Ewing,805999,1.0,LF,Confirmed,4.39,,,,,1.07,0.46,,,,,0.9562971250684403,1.1889458952009202,0.4711156081698248,0.4543395321086331,0.6506024096385542,0.6441917638804877,0.11852290969630438,0.14850508287158753,,,0.65,0.59,0.41,2.0,0.13,1.16,0.19,0.01,0.0,0.351,1.1238670694864048,1.1944774120547539,0.193,,0.01,,0.0,,False,96.0,99.0,96.0,88.0,93.0,91.0,91.0,92.0,94.0,high,high,high,high,high,high,high,high,high,2026-08-08
hitter,NYM,PIT,Francisco Lindor,596019,2.0,SS,Confirmed,4.64,,,,,0.94,0.45,,,,,0.8975661448571596,0.982812338190962,0.4362673195004536,0.47353431851823896,0.707983193277311,0.7717530987029523,0.14651007523585458,0.16859536800165956,,,0.74,0.65,0.46,2.21,0.16,1.4,0.25,0.01,0.0,0.365,1.3148148148148149,1.4656937080596815,0.252,,0.009,,0.0,,False,96.0,99.0,96.0,88.0,93.0,91.0,91.0,92.0,94.0,high,high,high,high,high,high,high,high,high,2026-08-08
hitter,NYM,PIT,Bo Bichette,666182,3.0,3B,Confirmed,4.97,,,,,0.82,0.36,,,,,0.7936367215910345,0.8529298011292119,0.3297026126540157,0.3824121965893436,0.8694581280788177,0.9805054506545625,0.13021729927476663,0.15200981700443317,,,0.93,0.78,0.67,2.94,0.14,1.5,0.35,0.01,0.0,0.399,1.385818393793784,1.59938024428272,0.352,,0.008,,0.0,,False,96.0,99.0,96.0,88.0,93.0,91.0,91.0,92.0,94.0,high,high,high,high,high,high,high,high,high,2026-08-08
hitter,NYM,PIT,Jared Young,676724,4.0,1B,Confirmed,3.48,,,,,0.97,0.21,,,,,0.8955109632962903,1.042682379675289,0.20773657526261083,0.20249846569854782,0.4125159642401022,0.44198461002786577,0.12314749884411674,0.14419180803522855,,,0.43,0.46,0.4,1.66,0.13,0.94,0.16,0.01,0.0,0.331,0.9875776397515532,0.9037932991168391,0.155,,0.009,,0.0,,False,96.0,99.0,96.0,88.0,93.0,91.0,91.0,92.0,94.0,high,high,high,high,high,high,high,high,high,2026-08-08
hitter,NYM,PIT,Luis Robert Jr.,673357,5.0,CF,Confirmed,4.39,,,,,1.08,0.38,,,,,0.9446070659887028,1.2120705836638155,0.36271532460117895,0.3904620429754305,0.6434108527131783,0.6840718139635457,0.2350417266141135,0.2526221829624026,,,0.67,0.63,0.57,2.19,0.24,1.43,0.21,0.01,0.0,0.362,1.3148148148148149,1.5257092730074824,0.206,,0.007,,0.0,,False,96.0,99.0,96.0,88.0,93.0,91.0,91.0,92.0,94.0,high,high,high,high,high,high,high,high,high,2026-08-08
hitter,NYM,PIT,Brett Baty,683146,6.0,3B,Confirmed,3.81,,,,,1.03,0.33,,,,,0.9672223783347577,1.0976423598132707,0.3342809283659385,0.33314222090722073,0.4803149606299212,0.4970351113644466,0.12980178123472436,0.13623484287824905,,,0.49,0.44,0.41,1.65,0.13,0.91,0.17,0.01,0.0,0.341,0.8408408408408409,0.972294193171749,0.172,,0.008,,0.0,,False,96.0,99.0,96.0,88.0,93.0,91.0,91.0,92.0,94.0,high,high,high,high,high,high,high,high,high,2026-08-08
hitter,NYM,PIT,Marcus Semien,543760,7.0,2B,Confirmed,4.51,,,,,0.78,0.29,,,,,0.7285179720185184,0.8354891647441967,0.28482226139827205,0.29770496966297366,0.801980198019802,0.8797300847940376,0.37309099499995213,0.4252804668759851,,,0.84,0.54,0.45,1.99,0.4,2.13,0.24,0.01,0.0,0.353,1.914285714285714,2.3118358190357853,0.241,,0.007,,0.0,,False,96.0,99.0,96.0,88.0,93.0,91.0,91.0,92.0,94.0,high,high,high,high,high,high,high,high,high,2026-08-08
hitter,NYM,PIT,Jorge Polanco,593871,8.0,DH,Confirmed,4.57,,,,,0.9,0.17,,,,,0.8448101584900864,0.9529788936834193,0.1444361262375397,0.20295093350851937,0.6434108527131783,0.6853631930384483,0.10214530626107726,0.14328590889309176,,,0.67,0.53,0.45,2.08,0.12,1.21,0.25,0.01,0.0,0.339,1.1238670694864048,1.2803897246784925,0.249,,0.008,,0.0,,False,96.0,99.0,96.0,88.0,93.0,91.0,91.0,92.0,94.0,high,high,high,high,high,high,high,high,high,2026-08-08
hitter,NYM,PIT,Francisco Alvarez,682626,9.0,C,Confirmed,4.18,,,,,1.17,0.31,,,,,1.0597541701402364,1.2794276633933952,0.30317178836593983,0.32527797849870166,0.5846774193548387,0.6074749916525276,0.14588541245263226,0.167850774083686,,,0.6,0.51,0.43,1.93,0.16,1.18,0.18,0.01,0.0,0.351,1.1521739130434783,1.2104949840516206,0.18,,0.007,,0.0,,False,96.0,99.0,96.0,88.0,93.0,91.0,91.0,92.0,94.0,high,high,high,high,high,high,high,high,high,2026-08-08
hitter,WSH,CIN,CJ Abrams,682928,1.0,SS,Confirmed,4.04,,,,,0.7,0.28,,,,,0.7092445354522589,0.6920507831693918,0.3081872162382986,0.2576042582035265,1.0980834272829765,1.1610990042384093,0.2743915966280705,0.25894156280247305,,,1.13,0.45,0.36,1.59,0.27,2.03,0.14,0.01,0.0,0.278,2.057017543859649,1.999667288419115,0.141,,0.01,,0.0,,False,96.0,99.0,96.0,88.0,93.0,91.0,91.0,92.0,94.0,high,high,high,high,high,high,high,high,high,2026-08-08
hitter,WSH,CIN,Abimelec Ortiz,694673,2.0,1B,Confirmed,2.26,,,,,0.55,0.12,,,,,0.5558036949915046,0.5368249252106344,0.1451184627352546,0.08669731307959463,0.4125159642401022,0.35209129960324925,0.11600293566542927,0.08390027422732475,,,0.38,0.21,0.16,0.7,0.1,0.84,0.08,0.01,0.0,0.238,1.001763668430335,0.7060048871466664,0.082,,0.007,,0.0,,False,96.0,99.0,96.0,88.0,93.0,91.0,91.0,92.0,94.0,high,high,high,high,high,high,high,high,high,2026-08-08
hitter,WSH,CIN,Dylan Crews,686611,3.0,RF,Confirmed,3.96,,,,,0.84,0.3,,,,,0.8384425740610999,0.8350893753880451,0.31348439748437407,0.2895637122295308,1.0980834272829765,1.0598405343300799,0.22156227365731107,0.22963880151794205,,,1.08,0.41,0.36,1.48,0.23,1.95,0.14,0.01,0.0,0.262,2.057017543859649,1.8572011610995613,0.139,,0.008,,0.0,,False,96.0,99.0,96.0,88.0,93.0,91.0,91.0,92.0,94.0,high,high,high,high,high,high,high,high,high,2026-08-08
hitter,WSH,CIN,Daylen Lile,695734,4.0,LF,Confirmed,3.81,,,,,0.53,0.3,,,,,0.5653292691980057,0.4904730762735835,0.3160778413308072,0.2775409160565635,1.1391752577319587,1.0786893822151735,0.28845250963075814,0.23207813672553526,,,1.11,0.47,0.42,1.69,0.26,1.92,0.14,0.01,0.0,0.304,2.057017543859649,1.799421274404434,0.142,,0.014,,0.0,,False,96.0,99.0,96.0,88.0,93.0,91.0,91.0,92.0,94.0,high,high,high,high,high,high,high,high,high,2026-08-08
hitter,WSH,CIN,Keibert Ruiz,660688,5.0,C,Confirmed,3.49,,,,,0.24,0.34,,,,,0.27583297198192347,0.2005420844856478,0.3417242567318488,0.34091902174734834,0.994208494208494,0.8383057780426988,0.09163568346246492,0.08168377623363789,,,0.91,0.37,0.33,1.41,0.09,1.32,0.14,0.01,0.0,0.265,1.3893129770992367,1.2543991990987953,0.144,,0.007,,0.0,,False,96.0,99.0,96.0,88.0,93.0,91.0,91.0,92.0,94.0,high,high,high,high,high,high,high,high,high,2026-08-08
hitter,WSH,CIN,Jorbit Vivas,678391,6.0,3B,Confirmed,3.1,,,,,0.35,0.4,,,,,0.3470298616719317,0.34717343097900427,0.42157678925516395,0.38286461075555306,0.801980198019802,0.604330004725146,0.056389261289373695,0.05854714058857157,,,0.69,0.27,0.26,1.12,0.06,1.03,0.11,0.01,0.0,0.259,1.1521739130434783,0.9231902947658878,0.108,,0.008,,0.0,,False,96.0,99.0,96.0,88.0,93.0,91.0,91.0,92.0,94.0,high,high,high,high,high,high,high,high,high,2026-08-08
hitter,WSH,CIN,Nasim Nuñez,683083,7.0,2B,Confirmed,3.48,,,,,0.74,0.29,,,,,0.7718877744659417,0.7053387139208266,0.3200177966775195,0.2656400697993433,0.994208494208494,0.8547974483707634,0.09806615498727284,0.0948855883890596,,,0.92,0.29,0.24,1.12,0.1,1.27,0.13,0.01,0.0,0.249,1.3148148148148149,1.225084588895369,0.131,,0.008,,0.0,,False,96.0,99.0,96.0,88.0,93.0,91.0,91.0,92.0,94.0,high,high,high,high,high,high,high,high,high,2026-08-08
hitter,WSH,CIN,José Tena,677588,8.0,DH,Confirmed,3.1,,,,,0.6,0.38,,,,,0.5713266061118724,0.6367750380142624,0.42608616781693576,0.33140206850951115,0.801980198019802,0.6241463900838607,0.11742033817961717,0.09904508316090443,,,0.7,0.29,0.26,1.08,0.11,1.1,0.1,0.01,0.0,0.267,1.239368165249089,0.9838325997098138,0.102,,0.009,,0.0,,False,96.0,99.0,96.0,88.0,93.0,91.0,91.0,92.0,94.0,high,high,high,high,high,high,high,high,high,2026-08-08
hitter,WSH,CIN,Jacob Young,696285,9.0,CF,Confirmed,3.09,,,,,0.51,0.2,,,,,0.5823631938787074,0.4461655177053766,0.22238555777628732,0.17746279921544472,0.8949771689497716,0.7286084039121546,0.10068978641463786,0.10432826777433511,,,0.8,0.25,0.21,0.99,0.1,1.38,0.11,0.01,0.0,0.234,1.5956790123456794,1.1959708564795695,0.113,,0.009,,0.0,,False,96.0,99.0,96.0,88.0,93.0,91.0,91.0,92.0,94.0,high,high,high,high,high,high,high,high,high,2026-08-08
hitter,CIN,WSH,Elly De La Cruz,682829,1.0,SS,Confirmed,4.57,,,,,1.01,0.21,,,,,0.9407379064598763,1.0859983658002768,0.20229666291445095,0.21404022542099413,0.707983193277311,0.8289485646200676,0.11783049897414555,0.14720775726022914,,,0.77,0.58,0.4,2.08,0.13,1.33,0.29,0.02,0.0,0.339,1.239368165249089,1.411662393252433,0.286,,0.018,,0.0,,False,96.0,99.0,96.0,88.0,93.0,91.0,91.0,92.0,94.0,high,high,high,high,high,high,high,high,high,2026-08-08
hitter,CIN,WSH,Sal Stewart,701398,2.0,1B,Confirmed,4.51,,,,,0.97,0.18,,,,,0.8764297913834335,1.066888568230017,0.17184763586461652,0.17988236736584248,0.7061469265367316,0.7683404874207491,0.16966085478267284,0.1777256118541121,,,0.74,0.53,0.37,1.89,0.17,1.34,0.24,0.01,0.0,0.308,1.239368165249089,1.428948554996157,0.238,,0.01,,0.0,,False,96.0,99.0,96.0,88.0,93.0,91.0,91.0,92.0,94.0,high,high,high,high,high,high,high,high,high,2026-08-08
hitter,CIN,WSH,Dane Myers,667472,3.0,CF,Confirmed,1.84,,,,,0.61,0.09,,,,,0.7176473069337549,0.49874827916426384,0.11322564833246766,0.06481470334458576,0.4125159642401022,0.2881327042415299,0.06415409470777739,0.03823042821415152,,,0.34,0.22,0.17,0.8,0.05,0.61,0.12,0.01,0.0,0.323,0.7899761336515513,0.4586033357641903,0.117,,0.008,,0.0,,False,96.0,99.0,96.0,88.0,93.0,91.0,91.0,92.0,94.0,high,high,high,high,high,high,high,high,high,2026-08-08
hitter,CIN,WSH,Eugenio Suárez,553993,4.0,DH,Confirmed,4.25,,,,,1.02,0.17,,,,,0.8965613414687922,1.1499925965889768,0.1516106232659913,0.18674006719545883,0.5290322580645161,0.6228405989791269,0.19667625046332987,0.1962339760454915,,,0.58,0.53,0.43,1.96,0.2,1.24,0.2,0.01,0.0,0.321,1.1521739130434783,1.3058559166512433,0.2,,0.008,,0.0,,False,96.0,99.0,96.0,88.0,93.0,91.0,91.0,92.0,94.0,high,high,high,high,high,high,high,high,high,2026-08-08
hitter,CIN,WSH,JJ Bleday,668709,5.0,LF,Confirmed,3.96,,,,,0.85,0.16,,,,,0.7716366053561647,0.9354124135807435,0.16291499130843687,0.15279362671140032,0.5290322580645161,0.6136763065397696,0.08826733523638303,0.09484578143285846,,,0.58,0.45,0.35,1.67,0.09,1.0,0.21,0.01,0.0,0.303,0.9875776397515532,1.00782649517484,0.213,,0.008,,0.0,,False,96.0,99.0,96.0,88.0,93.0,91.0,91.0,92.0,94.0,high,high,high,high,high,high,high,high,high,2026-08-08
hitter,CIN,WSH,Matt McLain,680574,6.0,2B,Confirmed,3.48,,,,,1.01,0.39,,,,,1.0809503801897824,0.9461743689743252,0.41644250219736145,0.35636288259912424,0.994208494208494,0.7957277389343161,0.03727987703297035,0.03809897862686969,,,0.89,0.39,0.35,1.61,0.04,1.14,0.23,0.01,0.0,0.333,1.239368165249089,1.054429220420096,0.231,,0.007,,0.0,,False,96.0,99.0,96.0,88.0,93.0,91.0,91.0,92.0,94.0,high,high,high,high,high,high,high,high,high,2026-08-08
hitter,CIN,WSH,Jose Trevino,624431,7.0,C,Confirmed,3.48,,,,,0.5,0.26,,,,,0.5060918249162397,0.4891520100081109,0.2787142886061219,0.24244985422274803,0.994208494208494,0.88295075849501,0.03002832143985552,0.024533392836215084,,,0.93,0.36,0.3,1.54,0.03,1.18,0.17,0.01,0.0,0.302,1.239368165249089,1.1244654617425727,0.165,,0.01,,0.0,,False,96.0,99.0,96.0,88.0,93.0,91.0,91.0,92.0,94.0,high,high,high,high,high,high,high,high,high,2026-08-08
hitter,CIN,WSH,Noelvi Marte,682622,8.0,RF,Confirmed,4.18,,,,,0.83,0.1,,,,,0.7212813564341221,0.944109746075154,0.10127025544622392,0.09546775687909961,0.5846774193548387,0.6937461445036556,0.10571489596715539,0.12131426919484117,,,0.64,0.39,0.33,1.61,0.11,1.17,0.2,0.01,0.0,0.273,1.1521739130434783,1.1904575024913762,0.198,,0.009,,0.0,,False,96.0,99.0,96.0,88.0,93.0,91.0,91.0,92.0,94.0,high,high,high,high,high,high,high,high,high,2026-08-08
hitter,CIN,WSH,Ke'Bryan Hayes,663647,9.0,3B,Confirmed,4.18,,,,,0.76,0.26,,,,,0.7043193485088859,0.8136823304372491,0.24287727283445817,0.2810737066308172,0.8694581280788177,0.9255330479957268,0.027679283653911615,0.02872642337445184,,,0.9,0.46,0.38,1.93,0.03,1.15,0.17,0.01,0.0,0.313,1.1521739130434783,1.15652718443697,0.17,,0.01,,0.0,,False,96.0,99.0,96.0,88.0,93.0,91.0,91.0,92.0,94.0,high,high,high,high,high,high,high,high,high,2026-08-08
hitter,KC,CHC,Carter Jensen,695600,1.0,C,Confirmed,4.25,,,,,1.13,0.1,,,,,1.0795312144186442,1.1851453066062774,0.10051915105054143,0.10766774854000927,0.707983193277311,0.8357736964405854,0.03423408736583271,0.05488939699111339,,,0.78,0.45,0.34,1.69,0.04,1.16,0.18,0.01,0.0,0.272,1.1238670694864048,1.1833500295410162,0.176,,0.011,,0.0,,False,96.0,99.0,96.0,88.0,93.0,91.0,91.0,92.0,94.0,high,high,high,high,high,high,high,high,high,2026-08-08
hitter,KC,CHC,Bobby Witt Jr.,677951,2.0,SS,Confirmed,3.89,,,,,0.56,0.22,,,,,0.5835210345993146,0.5434842785791547,0.2511387809721852,0.1883563078704365,1.4947368421052631,1.1865672445900561,0.3110669811638068,0.3470147472363528,,,1.33,0.48,0.35,1.83,0.33,2.49,0.21,0.02,0.0,0.32,2.552380952380952,2.434446062515122,0.209,,0.017,,0.0,,False,96.0,99.0,96.0,88.0,93.0,91.0,91.0,92.0,94.0,high,high,high,high,high,high,high,high,high,2026-08-08
hitter,KC,CHC,Jac Caglianone,695506,3.0,1B,Confirmed,4.27,,,,,0.82,0.26,,,,,0.8011137155981565,0.8356588682295264,0.2904426995969339,0.23033762900207677,1.4947368421052631,1.1889115809448356,0.37294101864658125,0.31215887772849427,,,1.33,0.55,0.47,2.12,0.34,2.62,0.19,0.01,0.0,0.324,2.6,2.62748628092839,0.188,,0.012,,0.0,,False,96.0,99.0,96.0,88.0,93.0,91.0,91.0,92.0,94.0,high,high,high,high,high,high,high,high,high,2026-08-08
hitter,KC,CHC,Isaac Collins,686555,4.0,LF,Confirmed,3.49,,,,,0.6,0.24,,,,,0.5937862151912394,0.6013915797465839,0.27600713672765065,0.19451497777165527,1.0980834272829765,0.9149697077124688,0.14125945747242405,0.1288290570027393,,,1.0,0.43,0.35,1.64,0.14,1.58,0.14,0.01,0.0,0.312,1.914285714285714,1.3147336942324275,0.142,,0.01,,0.0,,False,96.0,99.0,96.0,88.0,93.0,91.0,91.0,92.0,94.0,high,high,high,high,high,high,high,high,high,2026-08-08
hitter,KC,CHC,Michael Massey,686681,5.0,2B,Confirmed,3.58,,,,,0.39,0.16,,,,,0.41600336203232946,0.3582052893199465,0.18154652184870115,0.13460887773655242,1.0980834272829765,0.9190247918642059,0.11765947156321704,0.14477683825088736,,,1.0,0.41,0.35,1.66,0.13,1.51,0.16,0.01,0.0,0.286,1.684375,1.374401711016031,0.16,,0.009,,0.0,,False,96.0,99.0,96.0,88.0,93.0,91.0,91.0,92.0,94.0,high,high,high,high,high,high,high,high,high,2026-08-08
hitter,KC,CHC,John Rave,670231,6.0,RF,Confirmed,3.81,,,,,1.04,0.15,,,,,0.9576298383939085,1.122466975289929,0.1332803248181083,0.1572407629610025,0.7061469265367316,0.6634409224176803,0.27052332059383116,0.2231793577932207,,,0.68,0.38,0.36,1.62,0.25,1.28,0.16,0.01,0.0,0.291,1.3148148148148149,1.2443824616303483,0.161,,0.009,,0.0,,False,96.0,99.0,96.0,88.0,93.0,91.0,91.0,92.0,94.0,high,high,high,high,high,high,high,high,high,2026-08-08
hitter,KC,CHC,Nick Loftin,679845,7.0,3B,Confirmed,4.18,,,,,0.4,0.25,,,,,0.4023212786482879,0.3914295523423314,0.25222130321920705,0.24432724799798441,1.4947368421052631,1.1780374901978132,0.13607250341125116,0.12285531460665876,,,1.32,0.41,0.34,1.75,0.13,1.77,0.17,0.01,0.0,0.283,1.914285714285714,1.6580575266160809,0.17,,0.011,,0.0,,False,96.0,99.0,96.0,88.0,93.0,91.0,91.0,92.0,94.0,high,high,high,high,high,high,high,high,high,2026-08-08
hitter,KC,CHC,Josh Rojas,668942,8.0,DH,Confirmed,3.58,,,,,0.67,0.22,,,,,0.6111742013564839,0.7353536403904042,0.2354990550475973,0.20652110579126243,1.0980834272829765,0.9369598654088672,0.15212221424791036,0.18321593981962592,,,1.01,0.37,0.3,1.54,0.17,1.65,0.16,0.01,0.0,0.299,1.914285714285714,1.4308726547113675,0.161,,0.011,,0.0,,False,96.0,99.0,96.0,88.0,93.0,91.0,91.0,92.0,94.0,high,high,high,high,high,high,high,high,high,2026-08-08
hitter,KC,CHC,Kyle Isbel,664728,9.0,CF,Confirmed,3.89,,,,,0.6,0.26,,,,,0.5822300241055681,0.6188014106426813,0.27182166269203634,0.24475404830736372,0.7061469265367316,0.7426404275193677,0.05564198521247815,0.05899917722120493,,,0.73,0.4,0.34,1.73,0.06,1.1,0.17,0.01,0.0,0.291,1.1238670694864048,1.0753268272659482,0.168,,0.012,,0.0,,False,96.0,99.0,96.0,88.0,93.0,91.0,91.0,92.0,94.0,high,high,high,high,high,high,high,high,high,2026-08-08
hitter,CHC,KC,Pete Crow-Armstrong,691718,1.0,DH,Confirmed,4.57,,,,,0.93,0.45,,,,,0.8980878428387763,0.9710687575198745,0.39887076995880877,0.5007523450998747,0.801980198019802,0.9021093602457498,0.06697074609974604,0.05253706190626603,,,0.86,0.81,0.71,3.02,0.06,1.41,0.32,0.01,0.0,0.423,1.3148148148148149,1.4806845199680987,0.321,,0.01,,0.0,,False,96.0,99.0,96.0,88.0,93.0,91.0,91.0,92.0,94.0,high,high,high,high,high,high,high,high,high,2026-08-08
hitter,CHC,KC,Seiya Suzuki,673548,2.0,RF,Confirmed,4.57,,,,,0.95,0.58,,,,,0.9019311047186798,0.990453087155109,0.5855480395524871,0.5696396200347117,0.801980198019802,0.8598683280596757,0.05470545184032194,0.05109175101776085,,,0.83,0.69,0.6,2.43,0.05,1.27,0.23,0.01,0.0,0.358,1.239368165249089,1.2934704255369218,0.229,,0.009,,0.0,,False,96.0,99.0,96.0,88.0,93.0,91.0,91.0,92.0,94.0,high,high,high,high,high,high,high,high,high,2026-08-08
hitter,CHC,KC,Michael Busch,683737,3.0,1B,Confirmed,4.51,,,,,0.94,0.61,,,,,0.9088714842062025,0.980241907888757,0.628353771132831,0.5859868931287165,0.7715355805243446,0.8642221608051448,0.0507064702869766,0.037711711041687614,,,0.82,0.65,0.63,2.37,0.04,1.06,0.21,0.01,0.0,0.341,1.001763668430335,1.1042476075056507,0.207,,0.008,,0.0,,False,96.0,99.0,96.0,88.0,93.0,91.0,91.0,92.0,94.0,high,high,high,high,high,high,high,high,high,2026-08-08
hitter,CHC,KC,Alex Bregman,608324,4.0,3B,Confirmed,4.45,,,,,0.53,0.57,,,,,0.546545793298506,0.5192563001960745,0.564739440254372,0.5701598425695664,0.8694581280788177,0.9078085228794283,0.05027399205630998,0.03872835259996157,,,0.89,0.66,0.64,2.47,0.04,1.22,0.23,0.01,0.0,0.358,1.239368165249089,1.2050528307511144,0.23,,0.007,,0.0,,False,96.0,99.0,96.0,88.0,93.0,91.0,91.0,92.0,94.0,high,high,high,high,high,high,high,high,high,2026-08-08
hitter,CHC,KC,Ian Happ,664023,5.0,LF,Confirmed,4.48,,,,,0.93,0.61,,,,,0.8896883720380254,0.977978392837204,0.6175386449232881,0.5968155099027219,0.7715355805243446,0.8060747914225831,0.06596979649146359,0.04638500406596405,,,0.79,0.67,0.66,2.43,0.06,1.25,0.2,0.01,0.0,0.351,1.239368165249089,1.2628145348200102,0.201,,0.008,,0.0,,False,96.0,99.0,96.0,88.0,93.0,91.0,91.0,92.0,94.0,high,high,high,high,high,high,high,high,high,2026-08-08
hitter,CHC,KC,Nico Hoerner,663538,6.0,2B,Confirmed,4.57,,,,,0.3,0.29,,,,,0.2652586382059783,0.34016222525810613,0.2783839672145789,0.3081238703481735,1.0980834272829765,1.0758881162519607,0.03117830424782777,0.02172616218678176,,,1.09,0.66,0.7,2.97,0.03,1.24,0.2,0.02,0.0,0.387,1.239368165249089,1.2374633359752936,0.203,,0.016,,0.0,,False,96.0,99.0,96.0,88.0,93.0,91.0,91.0,92.0,94.0,high,high,high,high,high,high,high,high,high,2026-08-08
hitter,CHC,KC,Carson Kelly,608348,7.0,C,Confirmed,3.81,,,,,0.57,0.43,,,,,0.559067496976752,0.5865925034072407,0.44463558897191136,0.4181078537620365,0.707983193277311,0.6428831105595983,0.036663996021633095,0.028098168254559564,,,0.67,0.47,0.44,1.91,0.03,0.94,0.18,0.01,0.0,0.338,0.9875776397515532,0.9089585450021093,0.176,,0.009,,0.0,,False,96.0,99.0,96.0,88.0,93.0,91.0,91.0,92.0,94.0,high,high,high,high,high,high,high,high,high,2026-08-08
hitter,CHC,KC,Dansby Swanson,621020,8.0,SS,Confirmed,4.18,,,,,0.87,0.43,,,,,0.8217602353543823,0.9203308018280214,0.46403068234030964,0.3969115294013146,0.7715355805243446,0.7063798705565136,0.05115365773691613,0.0486821895695395,,,0.74,0.54,0.54,2.18,0.05,1.01,0.19,0.01,0.0,0.349,1.001763668430335,1.01325900604939,0.189,,0.011,,0.0,,False,96.0,99.0,96.0,88.0,93.0,91.0,91.0,92.0,94.0,high,high,high,high,high,high,high,high,high,2026-08-08
hitter,CHC,KC,Tyrone Taylor,621438,9.0,CF,Confirmed,3.81,,,,,0.63,0.24,,,,,0.5759504155133648,0.6834784240495346,0.22327301320262166,0.2519927949728995,0.8770949720670391,0.8879168764648432,0.06337678357868157,0.07778762634849404,,,0.88,0.42,0.4,1.82,0.07,1.27,0.18,0.01,0.0,0.306,1.3148148148148149,1.2378720541941042,0.175,,0.012,,0.0,,False,96.0,99.0,96.0,88.0,93.0,91.0,91.0,92.0,94.0,high,high,high,high,high,high,high,high,high,2026-08-08
hitter,MIL,MIN,Brice Turang,668930,1.0,2B,Confirmed,4.51,,,,,1.66,0.27,,,,,1.615049019365839,1.714011681519933,0.24175576371494495,0.29707457327532966,0.8770949720670391,0.92347002436012,0.045863324749936006,0.04946632018446574,,,0.9,0.47,0.29,1.57,0.05,1.28,0.15,0.01,0.0,0.284,1.239368165249089,1.3112899271199203,0.148,,0.008,,0.0,,False,96.0,99.0,96.0,88.0,93.0,91.0,91.0,92.0,94.0,high,high,high,high,high,high,high,high,high,2026-08-08
hitter,MIL,MIN,Jackson Chourio,694192,2.0,LF,Confirmed,4.57,,,,,1.58,0.17,,,,,1.5738203431279172,1.5881584053993503,0.17390016445069606,0.1595597479120892,1.0980834272829765,1.0867322021660222,0.05360009893193537,0.02873327135526907,,,1.09,0.47,0.33,1.7,0.04,1.38,0.17,0.01,0.0,0.27,1.3148148148148149,1.4335383484224806,0.166,,0.013,,0.0,,False,96.0,99.0,96.0,88.0,93.0,91.0,91.0,92.0,94.0,high,high,high,high,high,high,high,high,high,2026-08-08
hitter,MIL,MIN,Jake Bauers,641343,3.0,1B,Confirmed,4.18,,,,,1.65,0.22,,,,,1.6045458723871175,1.6974897746689162,0.2105423790875939,0.23105788969316574,0.801980198019802,0.8193415323007567,0.04955393317351645,0.07697583513976936,,,0.81,0.4,0.3,1.41,0.06,1.13,0.13,0.01,0.0,0.257,1.1521739130434783,1.1096896877614297,0.132,,0.006,,0.0,,False,96.0,99.0,96.0,88.0,93.0,91.0,91.0,92.0,94.0,high,high,high,high,high,high,high,high,high,2026-08-08
hitter,MIL,MIN,William Contreras,661388,4.0,C,Confirmed,4.51,,,,,1.15,0.24,,,,,1.078321514925561,1.2305495798086963,0.2147461470765895,0.2558810494629269,1.0980834272829765,1.087130315939441,0.057145786571085884,0.06523556272705125,,,1.09,0.54,0.41,1.94,0.06,1.45,0.17,0.01,0.0,0.312,1.3893129770992367,1.495602510591459,0.172,,0.007,,0.0,,False,96.0,99.0,96.0,88.0,93.0,91.0,91.0,92.0,94.0,high,high,high,high,high,high,high,high,high,2026-08-08
hitter,MIL,MIN,Garrett Mitchell,669003,5.0,CF,Confirmed,4.18,,,,,1.71,0.22,,,,,1.6051646230775665,1.8120840434737857,0.21928705069720492,0.22271242976895497,0.707983193277311,0.7160930699161633,0.0631835315551757,0.051586056541449474,,,0.71,0.42,0.31,1.43,0.06,1.08,0.15,0.01,0.0,0.266,1.1238670694864048,1.0498209632677518,0.146,,0.009,,0.0,,False,96.0,99.0,96.0,88.0,93.0,91.0,91.0,92.0,94.0,high,high,high,high,high,high,high,high,high,2026-08-08
hitter,MIL,MIN,Andrew Vaughn,683734,6.0,1B,Confirmed,2.55,,,,,0.42,0.06,,,,,0.438224528665177,0.39432576560053706,0.08851477805419901,0.041243692402685425,0.4125159642401022,0.4414347861767498,0.08811009212424575,0.06388039308470103,,,0.43,0.21,0.18,0.8,0.08,0.76,0.1,0.01,0.0,0.25,0.8408408408408409,0.7003978029405568,0.103,,0.008,,0.0,,False,96.0,99.0,96.0,88.0,93.0,91.0,91.0,92.0,94.0,high,high,high,high,high,high,high,high,high,2026-08-08
hitter,MIL,MIN,Christian Yelich,592885,7.0,DH,Confirmed,4.51,,,,,1.75,0.22,,,,,1.6969683608802293,1.8073315676681687,0.20313413743516776,0.23515182221843808,0.8949771689497716,0.9724661618994971,0.045604675212660296,0.047090951782931795,,,0.94,0.38,0.3,1.48,0.05,1.3,0.16,0.01,0.0,0.257,1.239368165249089,1.3540865987522632,0.155,,0.009,,0.0,,False,96.0,99.0,96.0,88.0,93.0,91.0,91.0,92.0,94.0,high,high,high,high,high,high,high,high,high,2026-08-08
hitter,MIL,MIN,Cooper Pratt,806198,8.0,SS,Confirmed,3.48,,,,,0.96,0.15,,,,,0.8915022230567233,1.0270728689990556,0.15647387134916121,0.14383049203150813,0.7061469265367316,0.647838249853684,0.02819637719057822,0.023395482770790784,,,0.67,0.31,0.23,1.18,0.03,0.83,0.13,0.01,0.0,0.269,0.8408408408408409,0.814464417147742,0.131,,0.007,,0.0,,False,96.0,99.0,96.0,88.0,93.0,91.0,91.0,92.0,94.0,high,high,high,high,high,high,high,high,high,2026-08-08
hitter,MIL,MIN,Joey Ortiz,687401,9.0,3B,Confirmed,3.1,,,,,0.75,0.11,,,,,0.6949911804007943,0.8027321610679473,0.11262249242139065,0.11066459895645933,0.707983193277311,0.640712382501089,0.026141041439088797,0.01863034273822749,,,0.67,0.3,0.24,1.24,0.02,0.84,0.11,0.01,0.0,0.289,0.8408408408408409,0.8304718362351072,0.115,,0.007,,0.0,,False,96.0,99.0,96.0,88.0,93.0,91.0,91.0,92.0,94.0,high,high,high,high,high,high,high,high,high,2026-08-08
hitter,MIN,MIL,Austin Martin,668885,1.0,RF,Confirmed,3.1,,,,,0.82,0.29,,,,,0.8712692405130822,0.7778672094392918,0.299419511614173,0.27515271641168454,0.7061469265367316,0.5687388805768382,0.024880875406783815,0.011594938241039007,,,0.63,0.35,0.26,1.29,0.02,0.82,0.1,0.01,0.0,0.278,0.8666666666666667,0.7815956442236923,0.105,,0.009,,0.0,,False,96.0,99.0,96.0,88.0,93.0,91.0,91.0,92.0,94.0,high,high,high,high,high,high,high,high,high,2026-08-08
hitter,MIN,MIL,Ryan Jeffers,680777,2.0,C,Confirmed,4.18,,,,,0.92,0.19,,,,,0.9138320899929556,0.9325460926067917,0.19340237237477287,0.17910627357139927,0.994208494208494,0.9230534407449885,0.25819298353924486,0.2785419285325368,,,0.96,0.53,0.42,1.94,0.27,1.9,0.16,0.01,0.0,0.313,1.914285714285714,1.8908511685186653,0.159,,0.008,,0.0,,False,96.0,99.0,96.0,88.0,93.0,91.0,91.0,92.0,94.0,high,high,high,high,high,high,high,high,high,2026-08-08
hitter,MIN,MIL,Royce Lewis,668904,3.0,1B,Confirmed,4.25,,,,,1.32,0.3,,,,,1.288060987786968,1.3471536649928797,0.3080888439258288,0.284952380214157,0.994208494208494,0.9907032760916642,0.0635487657462363,0.06586956128264865,,,0.99,0.57,0.54,2.21,0.06,1.52,0.16,0.01,0.0,0.32,1.5956790123456794,1.4630901001211396,0.159,,0.009,,0.0,,False,96.0,99.0,96.0,88.0,93.0,91.0,91.0,92.0,94.0,high,high,high,high,high,high,high,high,high,2026-08-08
hitter,MIN,MIL,Josh Bell,605137,4.0,DH,Confirmed,4.25,,,,,1.06,0.37,,,,,1.0818641609591404,1.028475812232111,0.3852025229008552,0.3463223436823984,1.0980834272829765,1.0279202187480279,0.09688568461224101,0.07856324036193257,,,1.06,0.58,0.54,2.22,0.09,1.73,0.18,0.01,0.0,0.334,1.914285714285714,1.5861398724206608,0.178,,0.012,,0.0,,False,96.0,99.0,96.0,88.0,93.0,91.0,91.0,92.0,94.0,high,high,high,high,high,high,high,high,high,2026-08-08
hitter,MIN,MIL,Kody Clemens,665019,5.0,2B,Confirmed,4.25,,,,,1.28,0.31,,,,,1.2376339490587192,1.316025788211928,0.3166906225399625,0.2975919813357291,1.0980834272829765,0.9495720112542048,0.0812083752715935,0.06111190664037087,,,1.02,0.54,0.52,2.06,0.07,1.6,0.17,0.01,0.0,0.309,1.684375,1.526179184095472,0.172,,0.013,,0.0,,False,96.0,99.0,96.0,88.0,93.0,91.0,91.0,92.0,94.0,high,high,high,high,high,high,high,high,high,2026-08-08
hitter,MIN,MIL,Luke Keaschall,807712,6.0,CF,Confirmed,4.25,,,,,0.78,0.43,,,,,0.7484444355752722,0.8035803511805952,0.42243882741883587,0.4302345667949796,1.0980834272829765,1.0805576984329497,0.0373414787261255,0.027152756833539432,,,1.09,0.44,0.44,1.88,0.03,1.46,0.18,0.01,0.0,0.296,1.4476190476190476,1.4649748078327078,0.185,,0.009,,0.0,,False,96.0,99.0,96.0,88.0,93.0,91.0,91.0,92.0,94.0,high,high,high,high,high,high,high,high,high,2026-08-08
hitter,MIN,MIL,Kaelen Culpepper,701785,7.0,SS,Confirmed,3.74,,,,,0.75,0.17,,,,,0.748,,0.167,,0.802,,0.101,,,,0.8,0.36,0.33,1.49,0.1,1.32,0.13,0.01,0.0,0.266,1.315,,0.132,,0.009,,0.0,,True,40.0,44.0,40.0,32.0,37.0,35.0,35.0,36.0,38.0,low,low,low,low,low,low,low,low,low,2026-08-08
hitter,MIN,MIL,Brooks Lee,686797,8.0,3B,Confirmed,4.26,,,,,0.94,0.38,,,,,0.898556539504582,0.9779637082730678,0.38714100495053017,0.3792989385484448,1.0980834272829765,1.0521916213369302,0.05780831142176728,0.06729033050931363,,,1.07,0.49,0.44,2.03,0.06,1.46,0.15,0.01,0.0,0.319,1.4759615384615385,1.4460173025625667,0.146,,0.01,,0.0,,False,96.0,99.0,96.0,88.0,93.0,91.0,91.0,92.0,94.0,high,high,high,high,high,high,high,high,high,2026-08-08
hitter,MIN,MIL,Ryan Kreidler,668952,9.0,CF,Confirmed,3.96,,,,,1.14,0.35,,,,,1.0186005209146363,1.2515683521122494,0.35069753652960967,0.3547024970414812,0.8694581280788177,0.8029653767374907,0.03665047361788862,0.042055802412295985,,,0.83,0.41,0.37,1.64,0.04,1.27,0.14,0.01,0.0,0.286,1.3148148148148149,1.2402848231465273,0.143,,0.009,,0.0,,False,96.0,99.0,96.0,88.0,93.0,91.0,91.0,92.0,94.0,high,high,high,high,high,high,high,high,high,2026-08-08
hitter,SD,HOU,Fernando Tatis Jr.,665487,1.0,RF,Confirmed,3.96,,,,,1.08,0.19,,,,,1.1580787836026443,1.0016179234635008,0.2096110947045667,0.17032198235593304,0.994208494208494,0.9243919688284911,0.06420382161539373,0.06778240494379673,,,0.96,0.36,0.26,1.32,0.07,1.31,0.13,0.01,0.0,0.234,1.3148148148148149,1.3043543338127426,0.132,,0.007,,0.0,,False,96.0,99.0,96.0,88.0,93.0,91.0,91.0,92.0,94.0,high,high,high,high,high,high,high,high,high,2026-08-08
hitter,SD,HOU,Jake Cronenworth,630105,2.0,2B,Confirmed,3.02,,,,,0.93,0.14,,,,,0.9492958734110223,0.9062509068429824,0.16399980949811957,0.12338895721376866,0.5846774193548387,0.5208235407023346,0.031193303540728447,0.01395890764143879,,,0.55,0.23,0.15,0.79,0.02,0.77,0.11,0.01,0.0,0.201,0.7899761336515513,0.7464412237911752,0.107,,0.006,,0.0,,False,96.0,99.0,96.0,88.0,93.0,91.0,91.0,92.0,94.0,high,high,high,high,high,high,high,high,high,2026-08-08
hitter,SD,HOU,Manny Machado,592518,3.0,3B,Confirmed,3.96,,,,,1.19,0.19,,,,,1.1936814495105244,1.1868299044556385,0.1982533018425123,0.18361349385283848,0.801980198019802,0.8288443361307478,0.0611423083000678,0.040924843132161014,,,0.82,0.34,0.27,1.25,0.05,1.25,0.11,0.01,0.0,0.223,1.239368165249089,1.2634996008077375,0.114,,0.008,,0.0,,False,96.0,99.0,96.0,88.0,93.0,91.0,91.0,92.0,94.0,high,high,high,high,high,high,high,high,high,2026-08-08
hitter,SD,HOU,Ty France,664034,4.0,1B,Confirmed,3.48,,,,,0.91,0.08,,,,,0.9054100856986564,0.9049151754889497,0.10546557554363402,0.06183791006331027,0.7715355805243446,0.6872755240800208,0.043068844928509896,0.038108462072923836,,,0.73,0.28,0.24,1.1,0.04,0.96,0.11,0.01,0.0,0.2,1.001763668430335,0.9318635550199765,0.106,,0.007,,0.0,,False,96.0,99.0,96.0,88.0,93.0,91.0,91.0,92.0,94.0,high,high,high,high,high,high,high,high,high,2026-08-08
hitter,SD,HOU,Jackson Merrill,701538,5.0,CF,Confirmed,3.81,,,,,1.23,0.1,,,,,1.2405964369767157,1.2187284880800542,0.10961262933363164,0.0867806531287679,0.7715355805243446,0.7606635264854669,0.05091075836884611,0.055868207508529624,,,0.77,0.28,0.24,1.11,0.05,1.2,0.11,0.01,0.0,0.188,1.239368165249089,1.1690314920054659,0.113,,0.011,,0.0,,False,96.0,99.0,96.0,88.0,93.0,91.0,91.0,92.0,94.0,high,high,high,high,high,high,high,high,high,2026-08-08
hitter,SD,HOU,Luis Campusano,669134,6.0,C,Confirmed,3.02,,,,,1.13,0.13,,,,,1.1873875591266354,1.0778081852366785,0.15067457038666845,0.10219358710369143,0.4803149606299212,0.42635158646163573,0.03423355197279404,0.035222452886710984,,,0.45,0.18,0.15,0.68,0.03,0.73,0.08,0.01,0.0,0.179,0.7899761336515513,0.6765281703658805,0.084,,0.007,,0.0,,False,96.0,99.0,96.0,88.0,93.0,91.0,91.0,92.0,94.0,high,high,high,high,high,high,high,high,high,2026-08-08
hitter,SD,HOU,Gavin Sheets,657757,7.0,DH,Confirmed,3.33,,,,,0.93,0.13,,,,,0.9744589304445243,0.8857484963848953,0.14897710344606088,0.11586675722283526,0.7061469265367316,0.5953804631760348,0.04279465407504049,0.021007666868620906,,,0.65,0.22,0.18,0.88,0.03,0.92,0.11,0.01,0.0,0.201,0.9875776397515532,0.8703078676808621,0.112,,0.007,,0.0,,False,96.0,99.0,96.0,88.0,93.0,91.0,91.0,92.0,94.0,high,high,high,high,high,high,high,high,high,2026-08-08
hitter,SD,HOU,Xander Bogaerts,593428,8.0,SS,Confirmed,3.81,,,,,0.82,0.51,,,,,0.8266503208275235,0.8148060070501314,0.5454412180051653,0.48171097082355274,0.7061469265367316,0.6520550224705236,0.03149758083086934,0.02882655851080488,,,0.68,0.31,0.24,1.24,0.03,0.92,0.12,0.01,0.0,0.239,1.001763668430335,0.8617706002808388,0.12,,0.008,,0.0,,False,96.0,99.0,96.0,88.0,93.0,91.0,91.0,92.0,94.0,high,high,high,high,high,high,high,high,high,2026-08-08
hitter,SD,HOU,Luis Rengifo,650859,9.0,LF,Confirmed,2.55,,,,,0.44,0.12,,,,,0.48434262389262805,0.3990023979502893,0.14803048334346552,0.08728388726400911,0.7061469265367316,0.5211931293991692,0.06905316312512333,0.057401320699215753,,,0.6,0.15,0.12,0.61,0.06,1.0,0.08,0.01,0.0,0.183,1.239368165249089,0.7952966713790504,0.081,,0.007,,0.0,,False,96.0,99.0,96.0,88.0,93.0,91.0,91.0,92.0,94.0,high,high,high,high,high,high,high,high,high,2026-08-08
hitter,HOU,SD,Jeremy Peña,665161,1.0,SS,Confirmed,3.96,,,,,1.23,0.42,,,,,1.2498292027163476,1.2165160139950417,0.4270582640525181,0.41122419154306267,0.6434108527131783,0.5621557721538487,0.042866280712771085,0.04081719005056375,,,0.6,0.34,0.23,1.21,0.04,0.81,0.13,0.01,0.0,0.224,0.8408408408408409,0.7872504790695565,0.133,,0.007,,0.0,,False,96.0,99.0,96.0,88.0,93.0,91.0,91.0,92.0,94.0,high,high,high,high,high,high,high,high,high,2026-08-08
hitter,HOU,SD,Yordan Alvarez,670541,2.0,DH,Confirmed,4.14,,,,,0.61,0.58,,,,,0.6281821014390031,0.5821532344132769,0.6190841086856809,0.5386010276963104,1.1391752577319587,1.0959958137312509,0.42289415054131935,0.377715594784251,,,1.12,0.39,0.23,1.21,0.4,2.6,0.13,0.01,0.0,0.261,2.75,2.483534868300942,0.127,,0.008,,0.0,,False,96.0,99.0,96.0,88.0,93.0,91.0,91.0,92.0,94.0,high,high,high,high,high,high,high,high,high,2026-08-08
hitter,HOU,SD,Isaac Paredes,670623,3.0,3B,Confirmed,3.96,,,,,0.49,0.32,,,,,0.529481337320912,0.4554774036055736,0.3255486931124072,0.3095174792741147,1.0980834272829765,1.0091468130482355,0.2524692706070067,0.19796216497952776,,,1.05,0.34,0.26,1.24,0.23,1.93,0.14,0.01,0.0,0.224,2.057017543859649,1.8235264393401396,0.144,,0.007,,0.0,,False,96.0,99.0,96.0,88.0,93.0,91.0,91.0,92.0,94.0,high,high,high,high,high,high,high,high,high,2026-08-08
hitter,HOU,SD,Jose Altuve,514888,4.0,2B,Confirmed,3.96,,,,,0.55,0.32,,,,,0.5668786214346867,0.527692234745917,0.3480579089134981,0.29850036982409656,1.0980834272829765,1.0575297807010098,0.16386597270025413,0.1722264158660041,,,1.08,0.32,0.23,1.13,0.17,1.79,0.13,0.01,0.0,0.214,1.914285714285714,1.6896618931983303,0.131,,0.007,,0.0,,False,96.0,99.0,96.0,88.0,93.0,91.0,91.0,92.0,94.0,high,high,high,high,high,high,high,high,high,2026-08-08
hitter,HOU,SD,Christian Walker,572233,5.0,1B,Confirmed,3.89,,,,,0.79,0.27,,,,,0.761479141210864,0.8137662154839022,0.29679839871516,0.2509021846633659,1.0980834272829765,1.056314787287606,0.3324258681703056,0.290762184243037,,,1.08,0.29,0.22,1.04,0.31,2.2,0.12,0.01,0.0,0.198,2.456692913385827,1.994472957734278,0.124,,0.007,,0.0,,False,96.0,99.0,96.0,88.0,93.0,91.0,91.0,92.0,94.0,high,high,high,high,high,high,high,high,high,2026-08-08
hitter,HOU,SD,Daulton Varsho,662139,6.0,CF,Confirmed,3.49,,,,,0.81,0.19,,,,,0.7859840932834947,0.8308475414081007,0.19467500161763143,0.17734668574785292,0.35424354243542433,0.33567764225862634,0.13020406528708633,0.11737777991341752,,,0.34,0.21,0.19,0.81,0.12,0.81,0.11,0.01,0.0,0.182,0.7899761336515513,0.8341560773390253,0.114,,0.009,,0.0,,False,96.0,99.0,96.0,88.0,93.0,91.0,91.0,92.0,94.0,high,high,high,high,high,high,high,high,high,2026-08-08
hitter,HOU,SD,Cam Smith,701358,7.0,RF,Confirmed,3.33,,,,,0.62,0.24,,,,,0.6025957955745703,0.6284899795524662,0.2659799015078985,0.2085666283286711,0.994208494208494,0.8227239268034702,0.21182306652327174,0.18030422737566168,,,0.9,0.2,0.16,0.78,0.2,1.53,0.11,0.01,0.0,0.188,1.684375,1.4032838433661747,0.111,,0.008,,0.0,,False,96.0,99.0,96.0,88.0,93.0,91.0,91.0,92.0,94.0,high,high,high,high,high,high,high,high,high,2026-08-08
hitter,HOU,SD,Taylor Trammell,666211,8.0,LF,Confirmed,3.02,,,,,1.27,0.15,,,,,1.2385656296736565,1.3035929705712688,0.1742927117753812,0.12904756942348827,0.4125159642401022,0.39391324914964293,0.17960709823900928,0.16429884875585551,,,0.4,0.18,0.14,0.68,0.17,0.9,0.09,0.01,0.0,0.188,1.001763668430335,0.8117768803782576,0.086,,0.008,,0.0,,False,96.0,99.0,96.0,88.0,93.0,91.0,91.0,92.0,94.0,high,high,high,high,high,high,high,high,high,2026-08-08
hitter,HOU,SD,Christian Vázquez,543877,9.0,C,Confirmed,3.54,,,,,0.89,0.13,,,,,0.8598337146984967,0.925542204957435,0.1454600577939657,0.117596587077373,0.801980198019802,0.7170510498260957,0.12670526680669086,0.13696114406939633,,,0.76,0.3,0.25,1.25,0.13,1.28,0.13,0.01,0.0,0.244,1.3148148148148149,1.2501066445630333,0.131,,0.008,,0.0,,False,96.0,99.0,96.0,88.0,93.0,91.0,91.0,92.0,94.0,high,high,high,high,high,high,high,high,high,2026-08-08
hitter,SF,DET,Bryce Eldridge,805811,1.0,DH,Confirmed,4.68,,,,,1.5,0.82,,,,,1.4667986898006609,1.5384780017550925,0.7619144661374706,0.8712047842908913,0.8694581280788177,0.8822053383142229,0.05641714813916495,0.0838996123832936,,,0.88,0.69,0.51,2.3,0.07,1.31,0.23,0.01,0.0,0.383,1.239368165249089,1.3751310995411776,0.226,,0.011,,0.0,,False,96.0,99.0,96.0,88.0,93.0,91.0,91.0,92.0,94.0,high,high,high,high,high,high,high,high,high,2026-08-08
hitter,SF,DET,Jung Hoo Lee,808982,2.0,RF,Confirmed,4.25,,,,,0.64,0.41,,,,,0.5819335341101756,0.689686730204157,0.4043835048985457,0.41770736545460513,0.8770949720670391,0.9209299430005442,0.024704185758641382,0.014131384414743733,,,0.9,0.53,0.4,2.03,0.02,1.12,0.22,0.02,0.0,0.32,1.1521739130434783,1.0985967372113463,0.219,,0.021,,0.0,,False,96.0,99.0,96.0,88.0,93.0,91.0,91.0,92.0,94.0,high,high,high,high,high,high,high,high,high,2026-08-08
hitter,SF,DET,Willy Adames,642715,3.0,SS,Confirmed,4.25,,,,,1.4,0.67,,,,,1.3621441323646866,1.4300321056258858,0.6715830158286193,0.6706294165186831,0.707983193277311,0.7314081202943247,0.04538191524217489,0.039774741969476675,,,0.72,0.58,0.49,2.06,0.04,1.03,0.19,0.01,0.0,0.344,1.001763668430335,1.0480045711457315,0.185,,0.009,,0.0,,False,96.0,99.0,96.0,88.0,93.0,91.0,91.0,92.0,94.0,high,high,high,high,high,high,high,high,high,2026-08-08
hitter,SF,DET,Rafael Devers,646240,4.0,1B,Confirmed,4.61,,,,,1.56,1.07,,,,,1.5287500553504645,1.586852289897024,1.1038050538782367,1.0285924678286391,0.7715355805243446,0.7997879487072821,0.05635932900611582,0.05405620256202079,,,0.79,0.68,0.53,2.22,0.06,1.13,0.18,0.01,0.0,0.39,1.1521739130434783,1.112497115213142,0.178,,0.008,,0.0,,False,96.0,99.0,96.0,88.0,93.0,91.0,91.0,92.0,94.0,high,high,high,high,high,high,high,high,high,2026-08-08
hitter,SF,DET,Osleivis Basabe,678545,5.0,SS,Confirmed,3.89,,,,,0.72,0.33,,,,,0.72,,0.33,,0.877,,0.104,,,,0.88,0.47,0.41,1.76,0.1,1.6,0.15,0.01,0.0,0.304,1.596,,0.148,,0.009,,0.0,,True,40.0,44.0,40.0,32.0,37.0,35.0,35.0,36.0,38.0,low,low,low,low,low,low,low,low,low,2026-08-08
hitter,SF,DET,Drew Gilbert,687551,6.0,CF,Confirmed,3.74,,,,,0.9,0.28,,,,,0.8176700571648926,0.990318034712852,0.26695429368614176,0.29642301147001826,0.801980198019802,0.7209278291632284,0.19088126229684158,0.20165918432223018,,,0.76,0.38,0.37,1.56,0.2,1.65,0.14,0.01,0.0,0.295,1.684375,1.617406582152237,0.14,,0.009,,0.0,,False,96.0,99.0,96.0,88.0,93.0,91.0,91.0,92.0,94.0,high,high,high,high,high,high,high,high,high,2026-08-08
hitter,SF,DET,Eddys Leonard,678760,7.0,LF,Confirmed,3.81,,,,,0.72,0.32,,,,,0.719,,0.32,,0.869,,0.102,,,,0.87,0.41,0.35,1.63,0.1,1.39,0.14,0.01,0.0,0.305,1.389,,0.138,,0.008,,0.0,,True,40.0,44.0,40.0,32.0,37.0,35.0,35.0,36.0,38.0,low,low,low,low,low,low,low,low,low,2026-08-08
hitter,SF,DET,Drew Cavanaugh,701852,8.0,C,Confirmed,3.1,,,,,0.81,0.22,,,,,0.7913628699308016,0.8323153319973644,0.24646009135675498,0.20159324109289067,0.7061469265367316,0.5797465997094479,0.18039214687493021,0.17392640409039764,,,0.64,0.38,0.32,1.51,0.18,1.26,0.17,0.01,0.0,0.357,1.3148148148148149,1.2076823903874268,0.167,,0.008,,0.0,,False,96.0,99.0,96.0,88.0,93.0,91.0,91.0,92.0,94.0,high,high,high,high,high,high,high,high,high,2026-08-08
hitter,SF,DET,Christian Koss,683766,9.0,3B,Confirmed,3.02,,,,,0.97,0.05,,,,,0.8938779514976467,1.0452993283532472,0.07218552241410447,0.02738706370396864,0.6434108527131783,0.5231416496109135,0.051522618130920794,0.031226040959309094,,,0.58,0.31,0.27,1.28,0.04,0.91,0.14,0.01,0.0,0.292,1.001763668430335,0.8414032695250326,0.137,,0.008,,0.0,,False,96.0,99.0,96.0,88.0,93.0,91.0,91.0,92.0,94.0,high,high,high,high,high,high,high,high,high,2026-08-08
hitter,DET,SF,Kevin McGonigle,805808,1.0,3B,Confirmed,4.18,,,,,0.65,0.48,,,,,0.658734598857604,0.6498425298040801,0.502888511080115,0.4544059439376399,1.0980834272829765,1.0064090470804825,0.17024934289816784,0.14644062571501998,,,1.05,0.33,0.22,0.96,0.16,1.74,0.11,0.01,0.0,0.214,1.914285714285714,1.6004731035347468,0.114,,0.008,,0.0,,False,96.0,99.0,96.0,88.0,93.0,91.0,91.0,92.0,94.0,high,high,high,high,high,high,high,high,high,2026-08-08
hitter,DET,SF,Gleyber Torres,650402,2.0,2B,Confirmed,3.96,,,,,1.05,0.53,,,,,0.9639123033444489,1.126242342382335,0.5527363697639622,0.4986298468555901,1.0980834272829765,0.9236567190626602,0.33082813599833777,0.32287230650525367,,,1.0,0.3,0.22,0.93,0.33,1.96,0.1,0.01,0.0,0.202,2.057017543859649,1.884728242177617,0.098,,0.007,,0.0,,False,96.0,99.0,96.0,88.0,93.0,91.0,91.0,92.0,94.0,high,high,high,high,high,high,high,high,high,2026-08-08
hitter,DET,SF,Dillon Dingler,693307,3.0,C,Confirmed,4.04,,,,,1.02,0.21,,,,,1.0018338878996587,1.0358585671482352,0.22448334292443223,0.18960661710167803,1.0980834272829765,1.0277903911717192,0.1710025265316882,0.16500406652589833,,,1.06,0.32,0.29,1.13,0.17,1.8,0.11,0.01,0.0,0.194,1.914285714285714,1.7053043058012132,0.108,,0.008,,0.0,,False,96.0,99.0,96.0,88.0,93.0,91.0,91.0,92.0,94.0,high,high,high,high,high,high,high,high,high,2026-08-08
hitter,DET,SF,Riley Greene,682985,4.0,LF,Confirmed,4.18,,,,,1.23,0.32,,,,,1.2327086986407165,1.2224937366721713,0.325973795726617,0.31361628214436743,1.0980834272829765,0.9576170312930088,0.22360229683638183,0.21963351256639954,,,1.02,0.33,0.3,1.11,0.22,1.93,0.1,0.01,0.0,0.201,2.057017543859649,1.8173298476046615,0.102,,0.008,,0.0,,False,96.0,99.0,96.0,88.0,93.0,91.0,91.0,92.0,94.0,high,high,high,high,high,high,high,high,high,2026-08-08
hitter,DET,SF,Colt Keith,690993,5.0,DH,Confirmed,3.02,,,,,0.69,0.18,,,,,0.7043385178470594,0.6770707266672449,0.1959661161424263,0.16061983877921854,0.801980198019802,0.62473059901464,0.10850246043329564,0.08659458165134487,,,0.7,0.22,0.19,0.76,0.1,1.1,0.07,0.01,0.0,0.186,1.239368165249089,0.9903523758150238,0.072,,0.008,,0.0,,False,96.0,99.0,96.0,88.0,93.0,91.0,91.0,92.0,94.0,high,high,high,high,high,high,high,high,high,2026-08-08
hitter,DET,SF,Spencer Torkelson,679529,6.0,1B,Confirmed,3.96,,,,,1.15,0.39,,,,,1.1899886225030423,1.109113316009055,0.4203782188806998,0.3632589649919377,0.994208494208494,0.8925516820173328,0.18325174905457067,0.18581982861546975,,,0.94,0.27,0.25,0.93,0.18,1.71,0.09,0.01,0.0,0.199,1.914285714285714,1.5476568600135288,0.088,,0.008,,0.0,,False,96.0,99.0,96.0,88.0,93.0,91.0,91.0,92.0,94.0,high,high,high,high,high,high,high,high,high,2026-08-08
hitter,DET,SF,Max Clark,703601,7.0,CF,Confirmed,2.07,,,,,0.58,0.15,,,,,0.5865925719311591,0.5789326482731495,0.18018861894060467,0.1153568391832725,0.28236711787185503,0.2182813600403655,0.06392265904947651,0.06366427221599104,,,0.25,0.14,0.12,0.52,0.06,0.55,0.07,0.01,0.0,0.208,0.6720588235294118,0.44315868454348617,0.066,,0.006,,0.0,,False,96.0,99.0,96.0,88.0,93.0,91.0,91.0,92.0,94.0,high,high,high,high,high,high,high,high,high,2026-08-08
hitter,DET,SF,Javier Báez,595879,8.0,SS,Confirmed,2.55,,,,,0.74,0.22,,,,,0.7689046572932883,0.7182972654360114,0.2284327469582489,0.20823048124013283,0.3344051446945337,0.30673747889679415,0.029001692856479987,0.020161146319032017,,,0.32,0.16,0.15,0.65,0.02,0.41,0.07,0.01,0.0,0.184,0.44025157232704404,0.37821554603280877,0.065,,0.008,,0.0,,False,96.0,99.0,96.0,88.0,93.0,91.0,91.0,92.0,94.0,high,high,high,high,high,high,high,high,high,2026-08-08
hitter,DET,SF,Zach McKinstry,656716,9.0,SS,Confirmed,3.48,,,,,0.69,0.23,,,,,0.6978695644344202,0.6827906421746115,0.261000767190679,0.20555015282614855,0.994208494208494,0.7909342285230463,0.09956266969635119,0.09130700681468894,,,0.88,0.22,0.18,0.82,0.1,1.32,0.1,0.02,0.0,0.189,1.4157766934277654,1.2497131100466656,0.102,,0.016,,0.0,,False,96.0,99.0,96.0,88.0,93.0,91.0,91.0,92.0,94.0,high,high,high,high,high,high,high,high,high,2026-08-08
hitter,STL,COL,JJ Wetherholt,802139,1.0,2B,Confirmed,4.93,,,,,0.46,0.41,,,,,0.4734475845500544,0.4538409657033434,0.39911987973751384,0.4193127371458166,0.994208494208494,0.967298656348901,0.029302721321989945,0.02850982353075582,,,0.98,0.78,0.64,3.02,0.03,1.27,0.29,0.01,0.0,0.38,1.239368165249089,1.2882121790764236,0.289,,0.014,,0.0,,False,96.0,99.0,96.0,88.0,93.0,91.0,91.0,92.0,94.0,high,high,high,high,high,high,high,high,high,2026-08-08
hitter,STL,COL,Jordan Walker,691023,2.0,RF,Confirmed,4.74,,,,,0.8,0.39,,,,,0.6823728048614944,0.9149286548806241,0.3613246897925838,0.4112642991497412,0.8949771689497716,0.9748392911052267,0.04164995723734786,0.04074475589914212,,,0.94,0.78,0.65,3.03,0.04,1.29,0.29,0.01,0.0,0.393,1.239368165249089,1.330639731741098,0.291,,0.013,,0.0,,False,96.0,99.0,96.0,88.0,93.0,91.0,91.0,92.0,94.0,high,high,high,high,high,high,high,high,high,2026-08-08
hitter,STL,COL,Iván Herrera,671056,3.0,C,Confirmed,4.93,,,,,0.52,0.41,,,,,0.48927682423342045,0.5585984061738271,0.3687627198292768,0.44126774170089295,0.994208494208494,1.0236783248357146,0.035719582592183274,0.03537788049440968,,,1.01,0.78,0.73,3.12,0.04,1.35,0.26,0.01,0.0,0.38,1.239368165249089,1.4344529373416968,0.257,,0.009,,0.0,,False,96.0,99.0,96.0,88.0,93.0,91.0,91.0,92.0,94.0,high,high,high,high,high,high,high,high,high,2026-08-08
hitter,STL,COL,Alec Burleson,676475,4.0,1B,Confirmed,4.57,,,,,0.43,0.29,,,,,0.4446526361535955,0.40737859487912353,0.277043460487413,0.297110931691928,0.8694581280788177,0.9438159755168274,0.03285745428563588,0.0077523039540273115,,,0.91,0.78,0.75,3.14,0.02,1.23,0.33,0.01,0.0,0.412,1.239368165249089,1.2265443824541589,0.325,,0.013,,0.0,,False,96.0,99.0,96.0,88.0,93.0,91.0,91.0,92.0,94.0,high,high,high,high,high,high,high,high,high,2026-08-08
hitter,STL,COL,José Fermín,665877,5.0,DH,Confirmed,4.18,,,,,0.36,0.28,,,,,0.3455750866335241,0.3653000665157172,0.26334130412246803,0.29780787916092516,0.707983193277311,0.785942608396676,0.02762700575593454,0.03811610422494754,,,0.75,0.54,0.49,2.2,0.03,1.02,0.21,0.01,0.0,0.314,1.001763668430335,1.0346042804788647,0.208,,0.01,,0.0,,False,96.0,99.0,96.0,88.0,93.0,91.0,91.0,92.0,94.0,high,high,high,high,high,high,high,high,high,2026-08-08
hitter,STL,COL,Masyn Winn,691026,6.0,SS,Confirmed,4.68,,,,,0.49,0.28,,,,,0.47153322145520493,0.5070132425763129,0.2687088059713234,0.2848545830018389,0.8949771689497716,1.0183674036106152,0.035356665675017586,0.040990149150537815,,,0.96,0.62,0.66,2.77,0.04,1.37,0.25,0.02,0.0,0.36,1.3148148148148149,1.4188132035046777,0.248,,0.015,,0.0,,False,96.0,99.0,96.0,88.0,93.0,91.0,91.0,92.0,94.0,high,high,high,high,high,high,high,high,high,2026-08-08
hitter,STL,COL,Blaze Jordan,691458,7.0,3B,Confirmed,3.02,,,,,0.36,0.15,,,,,0.3441407186885693,0.3708272407322722,0.15651081247787144,0.13534719158910663,0.5290322580645161,0.49979073768897125,0.020795872933516528,0.015826894737052507,,,0.51,0.33,0.31,1.44,0.02,0.67,0.16,0.01,0.0,0.305,0.6720588235294118,0.672771705594044,0.156,,0.015,,0.0,,False,96.0,99.0,96.0,88.0,93.0,91.0,91.0,92.0,94.0,high,high,high,high,high,high,high,high,high,2026-08-08
hitter,STL,COL,Nathan Church,701675,8.0,CF,Confirmed,4.03,,,,,0.58,0.26,,,,,0.5306135342911148,0.6244219095206951,0.26707571373070726,0.2621868896094164,0.707983193277311,0.7333252731659845,0.02942427045984019,0.023524130386796165,,,0.72,0.46,0.42,1.98,0.03,1.05,0.2,0.02,0.0,0.314,1.001763668430335,1.0822655331012787,0.199,,0.017,,0.0,,False,96.0,99.0,96.0,88.0,93.0,91.0,91.0,92.0,94.0,high,high,high,high,high,high,high,high,high,2026-08-08
hitter,STL,COL,Everson Pereira,677592,9.0,LF,Confirmed,4.18,,,,,1.47,0.22,,,,,1.3508328264004508,1.5864497427384816,0.21848455986690415,0.22963317068220077,0.994208494208494,0.9590933643986469,0.09160194209808364,0.11485709918541677,,,0.97,0.48,0.44,2.05,0.1,1.58,0.24,0.01,0.0,0.32,1.5956790123456794,1.5676654026477987,0.243,,0.015,,0.0,,False,96.0,99.0,96.0,88.0,93.0,91.0,91.0,92.0,94.0,high,high,high,high,high,high,high,high,high,2026-08-08
hitter,COL,STL,Jake McCarthy,664983,1.0,LF,Confirmed,4.25,,,,,0.53,0.21,,,,,0.5474836309525255,0.5172817968449105,0.218246238075189,0.1946866366064304,0.994208494208494,0.9658386367853781,0.08313842905203428,0.08128667768598909,,,0.98,0.43,0.32,1.64,0.08,1.45,0.17,0.03,0.0,0.255,1.3893129770992367,1.4917424056315967,0.166,,0.032,,0.0,,False,96.0,99.0,96.0,88.0,93.0,91.0,91.0,92.0,94.0,high,high,high,high,high,high,high,high,high,2026-08-08
hitter,COL,STL,Kyle Karros,691720,2.0,3B,Confirmed,4.08,,,,,0.72,0.39,,,,,0.6376747957873126,0.7972167024951912,0.3768864419721889,0.39325751418743443,0.801980198019802,0.8020527822184749,0.12044727471851385,0.10643788408852807,,,0.8,0.42,0.29,1.47,0.11,1.24,0.16,0.01,0.0,0.268,1.239368165249089,1.2385328415376153,0.161,,0.009,,0.0,,False,96.0,99.0,96.0,88.0,93.0,91.0,91.0,92.0,94.0,high,high,high,high,high,high,high,high,high,2026-08-08
hitter,COL,STL,Cole Carrigg,694249,3.0,CF,Confirmed,3.33,,,,,0.65,0.28,,,,,0.606284052408713,0.7030960086119062,0.3058675488365936,0.2545376952822823,0.7061469265367316,0.5971386947252401,0.08262533355874002,0.08161702205625287,,,0.65,0.34,0.26,1.25,0.08,1.14,0.13,0.01,0.0,0.271,1.239368165249089,1.067359200135935,0.128,,0.013,,0.0,,False,96.0,99.0,96.0,88.0,93.0,91.0,91.0,92.0,94.0,high,high,high,high,high,high,high,high,high,2026-08-08
hitter,COL,STL,Hunter Goodman,696100,4.0,C,Confirmed,4.48,,,,,0.92,0.41,,,,,0.8790072421975869,0.9596234610219668,0.4116702970712439,0.40984817351621444,0.8888888888888888,0.8860821005768319,0.2539144804079337,0.22589230453433873,,,0.89,0.45,0.36,1.61,0.24,1.89,0.2,0.01,0.0,0.269,1.914285714285714,1.8677046768368404,0.204,,0.013,,0.0,,False,96.0,99.0,96.0,88.0,93.0,91.0,91.0,92.0,94.0,high,high,high,high,high,high,high,high,high,2026-08-08
hitter,COL,STL,TJ Rumfield,681198,5.0,1B,Confirmed,3.49,,,,,0.43,0.26,,,,,0.41349420991974795,0.44159935153070684,0.26380902885171575,0.257015693557865,0.7061469265367316,0.6242670364118006,0.04548898721965443,0.05737757289925212,,,0.66,0.33,0.26,1.23,0.05,1.02,0.11,0.01,0.0,0.245,1.1238670694864048,0.9376375226838805,0.113,,0.01,,0.0,,False,96.0,99.0,96.0,88.0,93.0,91.0,91.0,92.0,94.0,high,high,high,high,high,high,high,high,high,2026-08-08
hitter,COL,STL,Willi Castro,650489,6.0,2B,Confirmed,4.18,,,,,0.77,0.29,,,,,0.7038407498008448,0.8315923883345938,0.3147167888603426,0.2699439215897675,0.801980198019802,0.7870882808749825,0.11833214401817935,0.11604145885124162,,,0.79,0.35,0.32,1.45,0.12,1.39,0.14,0.01,0.0,0.251,1.3893129770992367,1.3913726337365175,0.143,,0.011,,0.0,,False,96.0,99.0,96.0,88.0,93.0,91.0,91.0,92.0,94.0,high,high,high,high,high,high,high,high,high,2026-08-08
hitter,COL,STL,Jordan Beck,687597,7.0,RF,Confirmed,3.81,,,,,1.45,0.29,,,,,1.380855183711683,1.5148563307142544,0.3100474301913675,0.2656305757567474,0.7715355805243446,0.72209336880929,0.07016078026537004,0.06473062133051773,,,0.74,0.32,0.26,1.29,0.07,1.25,0.15,0.01,0.0,0.25,1.3148148148148149,1.1985148121884468,0.149,,0.01,,0.0,,False,96.0,99.0,96.0,88.0,93.0,91.0,91.0,92.0,94.0,high,high,high,high,high,high,high,high,high,2026-08-08
hitter,COL,STL,Tyler Freeman,671289,8.0,DH,Confirmed,4.18,,,,,0.33,0.24,,,,,0.3318875444313272,0.319348579322634,0.2509824655426906,0.2197912989458735,0.994208494208494,0.9212312169340872,0.055346955469590314,0.0584294610777515,,,0.95,0.36,0.3,1.53,0.06,1.33,0.15,0.01,0.0,0.25,1.3148148148148149,1.3368770917914448,0.15,,0.011,,0.0,,False,96.0,99.0,96.0,88.0,93.0,91.0,91.0,92.0,94.0,high,high,high,high,high,high,high,high,high,2026-08-08
hitter,COL,STL,Ezequiel Tovar,678662,9.0,SS,Confirmed,3.89,,,,,0.71,0.22,,,,,0.6700865920594863,0.7488407408190804,0.23724151363380933,0.20999924822071156,0.7715355805243446,0.748360140405874,0.12634643744133123,0.11530964362746851,,,0.76,0.31,0.26,1.28,0.12,1.31,0.18,0.02,0.0,0.237,1.3148148148148149,1.311152356266618,0.182,,0.016,,0.0,,False,96.0,99.0,96.0,88.0,93.0,91.0,91.0,92.0,94.0,high,high,high,high,high,high,high,high,high,2026-08-08
hitter,TEX,BAL,Joc Pederson,592626,1.0,DH,Confirmed,3.81,,,,,0.8,0.34,,,,,0.7230152294193807,0.8845941897885038,0.3327947764556184,0.346670114487474,0.6434108527131783,0.5764301105397983,0.12695199183152017,0.13035751100323634,,,0.61,0.32,0.26,1.11,0.13,1.23,0.11,0.01,0.0,0.207,1.239368165249089,1.219651610969982,0.107,,0.006,,0.0,,False,96.0,99.0,96.0,88.0,93.0,91.0,91.0,92.0,94.0,high,high,high,high,high,high,high,high,high,2026-08-08
hitter,TEX,BAL,Wyatt Langford,694671,2.0,LF,Confirmed,4.25,,,,,1.21,0.36,,,,,1.2623324352773468,1.1499419558325223,0.36683283284699897,0.3624216386051447,1.0980834272829765,1.0469550904196987,0.19055021369720362,0.1742178882747891,,,1.07,0.44,0.36,1.58,0.18,1.94,0.15,0.01,0.0,0.256,2.057017543859649,1.83869230375455,0.146,,0.008,,0.0,,False,96.0,99.0,96.0,88.0,93.0,91.0,91.0,92.0,94.0,high,high,high,high,high,high,high,high,high,2026-08-08
hitter,TEX,BAL,Corey Seager,608369,3.0,SS,Confirmed,4.18,,,,,0.9,0.79,,,,,0.9412900087891257,0.85726663980543,0.8608396298259803,0.7211890458977567,0.8949771689497716,0.8488471155223918,0.18216259717268551,0.1734125540712243,,,0.87,0.45,0.43,1.68,0.18,1.62,0.14,0.01,0.0,0.261,1.684375,1.5586434897815211,0.137,,0.007,,0.0,,False,96.0,99.0,96.0,88.0,93.0,91.0,91.0,92.0,94.0,high,high,high,high,high,high,high,high,high,2026-08-08
hitter,TEX,BAL,Brandon Nimmo,607043,4.0,RF,Confirmed,3.89,,,,,0.69,0.29,,,,,0.6315414962165992,0.7387697424482655,0.30354517339995535,0.27068710961146963,0.801980198019802,0.7673500247874753,0.1265836812024417,0.11652095670364152,,,0.78,0.38,0.36,1.45,0.12,1.36,0.15,0.01,0.0,0.238,1.3893129770992367,1.3321862639619313,0.151,,0.007,,0.0,,False,96.0,99.0,96.0,88.0,93.0,91.0,91.0,92.0,94.0,high,high,high,high,high,high,high,high,high,2026-08-08
hitter,TEX,BAL,Ezequiel Duran,677649,5.0,3B,Confirmed,3.49,,,,,0.61,0.17,,,,,0.5586870300462482,0.6633338540036601,0.18536059772375657,0.1616667158479739,0.7061469265367316,0.5749635862562973,0.04932949906380797,0.05521450596004441,,,0.63,0.28,0.25,1.12,0.05,0.96,0.12,0.01,0.0,0.198,1.001763668430335,0.93092126539588,0.121,,0.01,,0.0,,False,96.0,99.0,96.0,88.0,93.0,91.0,91.0,92.0,94.0,high,high,high,high,high,high,high,high,high,2026-08-08
hitter,TEX,BAL,Evan Carter,694497,6.0,CF,Confirmed,3.09,,,,,0.67,0.23,,,,,0.6376609583180349,0.6971553637513709,0.2511497161349867,0.21252187361362443,0.5290322580645161,0.48000609667014404,0.07042185316061025,0.06361133870881949,,,0.5,0.2,0.21,0.82,0.07,0.83,0.09,0.01,0.0,0.184,0.9875776397515532,0.7096757140955284,0.093,,0.007,,0.0,,False,96.0,99.0,96.0,88.0,93.0,91.0,91.0,92.0,94.0,high,high,high,high,high,high,high,high,high,2026-08-08
hitter,TEX,BAL,Jake Burger,669394,7.0,1B,Confirmed,3.74,,,,,0.79,0.23,,,,,0.746143607197411,0.8340474123952618,0.24968881959393632,0.21957727033522212,0.707983193277311,0.6974050850445135,0.15121676019301436,0.14355891320679087,,,0.7,0.32,0.31,1.27,0.15,1.29,0.14,0.01,0.0,0.233,1.3148148148148149,1.26945461123729,0.137,,0.007,,0.0,,False,96.0,99.0,96.0,88.0,93.0,91.0,91.0,92.0,94.0,high,high,high,high,high,high,high,high,high,2026-08-08
hitter,TEX,BAL,Austin Wynns,642851,8.0,C,Confirmed,3.1,,,,,1.12,0.43,,,,,1.1591857811448507,1.0906729726718551,0.4692550115596458,0.38318425100215664,0.5846774193548387,0.48704336077109145,0.03805283540008616,0.020948002865755377,,,0.53,0.23,0.22,0.93,0.03,0.68,0.11,0.01,0.0,0.208,0.6720588235294118,0.683085086731247,0.113,,0.009,,0.0,,False,96.0,99.0,96.0,88.0,93.0,91.0,91.0,92.0,94.0,high,high,high,high,high,high,high,high,high,2026-08-08
hitter,TEX,BAL,Nicky Lopez,670032,9.0,2B,Confirmed,3.1,,,,,0.42,0.17,,,,,0.40094952842554565,0.4423782565879732,0.17340276907783092,0.16120374375469418,0.5846774193548387,0.5158586241620772,0.04073405390159808,0.036196701616082426,,,0.55,0.22,0.2,0.95,0.04,0.82,0.11,0.01,0.0,0.199,0.8408408408408409,0.7944680668321763,0.108,,0.006,,0.0,,False,96.0,99.0,96.0,88.0,93.0,91.0,91.0,92.0,94.0,high,high,high,high,high,high,high,high,high,2026-08-08
hitter,BAL,TEX,Gunnar Henderson,683002,1.0,SS,Confirmed,4.04,,,,,0.71,0.4,,,,,0.6663744052899416,0.7507913363759433,0.4412508102216963,0.36146815729392495,0.994208494208494,0.8556866841170426,0.03943369526743038,0.034623300097903424,,,0.92,0.38,0.32,1.41,0.04,1.24,0.12,0.01,0.0,0.226,1.3148148148148149,1.182292536947142,0.12,,0.009,,0.0,,False,96.0,99.0,96.0,88.0,93.0,91.0,91.0,92.0,94.0,high,high,high,high,high,high,high,high,high,2026-08-08
hitter,BAL,TEX,Pete Alonso,624413,2.0,1B,Confirmed,4.25,,,,,0.89,0.53,,,,,0.8541013843636847,0.9218135805871908,0.4955807610718457,0.5734809381004459,0.994208494208494,0.8709504294446097,0.07090594792138263,0.06830102988969815,,,0.93,0.47,0.41,1.59,0.07,1.41,0.11,0.01,0.0,0.26,1.4476190476190476,1.384299912501708,0.109,,0.007,,0.0,,False,96.0,99.0,96.0,88.0,93.0,91.0,91.0,92.0,94.0,high,high,high,high,high,high,high,high,high,2026-08-08
hitter,BAL,TEX,Jackson Holliday,702616,3.0,2B,Confirmed,3.1,,,,,0.71,0.26,,,,,0.7235147112805976,0.6865130151433837,0.2849556909890637,0.2376602869246776,0.7061469265367316,0.5846971314566877,0.02837913517901344,0.020201429673297883,,,0.64,0.24,0.23,0.88,0.02,0.89,0.1,0.01,0.0,0.186,0.9875776397515532,0.8088283627262801,0.101,,0.008,,0.0,,False,96.0,99.0,96.0,88.0,93.0,91.0,91.0,92.0,94.0,high,high,high,high,high,high,high,high,high,2026-08-08
hitter,BAL,TEX,Tyler O'Neill,641933,4.0,DH,Confirmed,2.55,,,,,0.67,0.24,,,,,0.7122444099271568,0.6363493141121751,0.26390522296217395,0.22242454755574292,0.4125159642401022,0.36082148730289876,0.0295158309572706,0.015984019706591506,,,0.38,0.21,0.21,0.76,0.02,0.6,0.08,0.01,0.0,0.2,0.6720588235294118,0.534192572844807,0.076,,0.007,,0.0,,False,96.0,99.0,96.0,88.0,93.0,91.0,91.0,92.0,94.0,high,high,high,high,high,high,high,high,high,2026-08-08
hitter,BAL,TEX,Dylan Beavers,687637,5.0,LF,Confirmed,3.1,,,,,0.74,0.35,,,,,0.768926873413688,0.704586528575525,0.3777355875347651,0.31447434103830635,0.6666666666666666,0.5214428373723956,0.032471527070752515,0.020467138631436368,,,0.59,0.25,0.24,0.89,0.03,0.85,0.09,0.01,0.0,0.193,0.9875776397515532,0.7293521096475899,0.089,,0.007,,0.0,,False,96.0,99.0,96.0,88.0,93.0,91.0,91.0,92.0,94.0,high,high,high,high,high,high,high,high,high,2026-08-08
hitter,BAL,TEX,Leody Taveras,665750,6.0,RF,Confirmed,3.74,,,,,0.81,0.26,,,,,0.8207896447914305,0.8090333858392935,0.2611220989297576,0.256898801871923,0.8888888888888888,0.8087410479778585,0.032314973505067526,0.04166175850504814,,,0.84,0.31,0.33,1.34,0.04,1.19,0.13,0.01,0.0,0.227,1.239368165249089,1.1552690831771326,0.127,,0.01,,0.0,,False,96.0,99.0,96.0,88.0,93.0,91.0,91.0,92.0,94.0,high,high,high,high,high,high,high,high,high,2026-08-08
hitter,BAL,TEX,Christian Encarnacion-Strand,687952,7.0,3B,Confirmed,3.81,,,,,1.51,0.12,,,,,1.4947064532976118,1.5266336253419004,0.1170413505002412,0.12351841675773527,0.7061469265367316,0.7291397571958144,0.12954675513145028,0.17021162983355942,,,0.72,0.34,0.32,1.43,0.15,1.25,0.11,0.01,0.0,0.239,1.239368165249089,1.2587026975485391,0.108,,0.008,,0.0,,False,96.0,99.0,96.0,88.0,93.0,91.0,91.0,92.0,94.0,high,high,high,high,high,high,high,high,high,2026-08-08
hitter,BAL,TEX,Colton Cowser,681297,8.0,CF,Confirmed,3.02,,,,,1.34,0.45,,,,,1.4416689569477583,1.240641625605935,0.49767598536086877,0.3930259616297034,0.7715355805243446,0.5483293174653452,0.10100356983195141,0.08055348538436388,,,0.65,0.2,0.19,0.8,0.09,1.11,0.08,0.01,0.0,0.182,1.239368165249089,1.000386539689901,0.082,,0.006,,0.0,,False,96.0,99.0,96.0,88.0,93.0,91.0,91.0,92.0,94.0,high,high,high,high,high,high,high,high,high,2026-08-08
hitter,BAL,TEX,Carlos Narváez,665966,9.0,C,Confirmed,3.49,,,,,1.19,0.28,,,,,1.1864976448180498,1.186682981012643,0.2911751347409156,0.278458623771047,0.801980198019802,0.7111117130680464,0.24796937002247874,0.20433053741153104,,,0.75,0.28,0.28,1.09,0.23,1.49,0.09,0.01,0.0,0.218,1.5956790123456794,1.404648215498093,0.094,,0.007,,0.0,,False,96.0,99.0,96.0,88.0,93.0,91.0,91.0,92.0,94.0,high,high,high,high,high,high,high,high,high,2026-08-08
hitter,CWS,CLE,Sam Antonacci,803011,1.0,LF,Confirmed,4.61,,,,,0.43,0.25,,,,,0.43009104830024136,0.436655754377542,0.24427423620295186,0.24583458561082883,1.1391752577319587,1.1781015709912377,0.2203454230766671,0.22403869803922136,,,1.16,0.56,0.42,2.09,0.22,2.02,0.2,0.01,0.0,0.308,2.057017543859649,1.9895634750894338,0.199,,0.011,,0.0,,False,96.0,99.0,96.0,88.0,93.0,91.0,91.0,92.0,94.0,high,high,high,high,high,high,high,high,high,2026-08-08
hitter,CWS,CLE,Munetaka Murakami,808959,2.0,1B,Confirmed,4.45,,,,,0.7,0.43,,,,,0.5232427968141334,0.8854099671257848,0.4026593402657148,0.457946277772055,0.801980198019802,0.8237855735801783,0.05101083874311478,0.08813605055492932,,,0.81,0.62,0.43,1.93,0.07,1.18,0.13,0.01,0.0,0.366,1.1521739130434783,1.2099051809733887,0.131,,0.009,,0.0,,False,96.0,99.0,96.0,88.0,93.0,91.0,91.0,92.0,94.0,high,high,high,high,high,high,high,high,high,2026-08-08
hitter,CWS,CLE,Miguel Vargas,678246,3.0,3B,Confirmed,4.57,,,,,0.49,0.38,,,,,0.49846534815614196,0.4791299838242075,0.36068400404955014,0.3921834015757572,1.0980834272829765,1.153557362122507,0.42706922170478856,0.4937442415886575,,,1.13,0.6,0.5,2.1,0.46,2.62,0.17,0.01,0.0,0.333,2.456692913385827,2.7554185545541023,0.174,,0.007,,0.0,,False,96.0,99.0,96.0,88.0,93.0,91.0,91.0,92.0,94.0,high,high,high,high,high,high,high,high,high,2026-08-08
hitter,CWS,CLE,Colson Montgomery,695657,4.0,SS,Confirmed,4.18,,,,,0.78,0.3,,,,,0.6664531773054162,0.8919642002751625,0.3048498869697416,0.30116085074535764,0.994208494208494,0.9340606176383907,0.5443566972697682,0.5257140745260216,,,0.96,0.52,0.48,1.8,0.54,2.49,0.14,0.01,0.0,0.309,2.456692913385827,2.525384477706119,0.137,,0.007,,0.0,,False,96.0,99.0,96.0,88.0,93.0,91.0,91.0,92.0,94.0,high,high,high,high,high,high,high,high,high,2026-08-08
hitter,CWS,CLE,Andrew Benintendi,643217,5.0,DH,Confirmed,3.74,,,,,0.46,0.21,,,,,0.463334393958979,0.4483070352805134,0.2234066341219684,0.2006565994931246,0.801980198019802,0.7956303525802347,0.31790924452571295,0.34190717256886516,,,0.8,0.42,0.36,1.48,0.33,1.95,0.17,0.01,0.0,0.288,1.914285714285714,1.9721543397244377,0.169,,0.008,,0.0,,False,96.0,99.0,96.0,88.0,93.0,91.0,91.0,92.0,94.0,high,high,high,high,high,high,high,high,high,2026-08-08
hitter,CWS,CLE,Braden Montgomery,695731,6.0,RF,Confirmed,4.08,,,,,0.59,0.27,,,,,0.5235294482419204,0.66291143910836,0.27783547239992823,0.2621334526257552,1.0980834272829765,0.9601750582873464,0.2932486499795926,0.29511619136598927,,,1.02,0.43,0.42,1.73,0.29,2.03,0.16,0.01,0.0,0.302,2.057017543859649,2.010790621016307,0.158,,0.009,,0.0,,False,96.0,99.0,96.0,88.0,93.0,91.0,91.0,92.0,94.0,high,high,high,high,high,high,high,high,high,2026-08-08
hitter,CWS,CLE,Tristan Peters,671976,7.0,LF,Confirmed,3.49,,,,,0.39,0.18,,,,,0.39894096898020115,0.39080006712634346,0.19193976859430797,0.1612948338467319,0.8770949720670391,0.7222772506864471,0.13258837105347532,0.16700880740269777,,,0.79,0.34,0.29,1.41,0.15,1.3,0.15,0.01,0.0,0.283,1.3893129770992367,1.2320424184017271,0.149,,0.009,,0.0,,False,96.0,99.0,96.0,88.0,93.0,91.0,91.0,92.0,94.0,high,high,high,high,high,high,high,high,high,2026-08-08
hitter,CWS,CLE,Chase Meidroth,805367,8.0,2B,Confirmed,4.18,,,,,0.49,0.24,,,,,0.4949572957957564,0.4897980385096644,0.24529685789465466,0.23584499795970187,1.0980834272829765,1.0168191238463162,0.1665864323621297,0.16375861274275078,,,1.05,0.44,0.37,1.81,0.17,1.79,0.15,0.01,0.0,0.299,1.914285714285714,1.6970114442331459,0.146,,0.008,,0.0,,False,96.0,99.0,96.0,88.0,93.0,91.0,91.0,92.0,94.0,high,high,high,high,high,high,high,high,high,2026-08-08
hitter,CWS,CLE,Drew Romo,691011,9.0,C,Confirmed,3.89,,,,,0.87,0.42,,,,,0.8324431424844527,0.8992343840326302,0.42438681702593983,0.4231861683872357,0.707983193277311,0.7946114350927711,0.028423985534556218,0.03562909066456287,,,0.76,0.39,0.34,1.51,0.03,1.04,0.2,0.01,0.0,0.296,1.001763668430335,1.076145897345524,0.202,,0.009,,0.0,,False,96.0,99.0,96.0,88.0,93.0,91.0,91.0,92.0,94.0,high,high,high,high,high,high,high,high,high,2026-08-08
hitter,CLE,CWS,Steven Kwan,680757,1.0,CF,Confirmed,3.33,,,,,0.33,0.37,,,,,0.32709400386998033,0.32517898172711784,0.4042946401435048,0.3268037037978306,1.0,0.7492618460893661,0.09896230016506305,0.09141753916890412,,,0.86,0.25,0.15,0.82,0.1,1.3,0.13,0.01,0.0,0.215,1.5956790123456794,1.0628321720146299,0.125,,0.009,,0.0,,False,96.0,99.0,96.0,88.0,93.0,91.0,91.0,92.0,94.0,high,high,high,high,high,high,high,high,high,2026-08-08
hitter,CLE,CWS,Jo Adell,666176,2.0,RF,Confirmed,3.96,,,,,1.27,0.14,,,,,1.2483020031254366,1.2983250865847595,0.15619379577969666,0.12371473950428244,1.1391752577319587,1.1078309152551802,0.07759994553553984,0.08864114876680863,,,1.12,0.32,0.22,1.07,0.08,1.77,0.13,0.01,0.0,0.215,1.914285714285714,1.65887965956449,0.129,,0.012,,0.0,,False,96.0,99.0,96.0,88.0,93.0,91.0,91.0,92.0,94.0,high,high,high,high,high,high,high,high,high,2026-08-08
hitter,CLE,CWS,Chase DeLauter,800050,3.0,DH,Confirmed,4.18,,,,,0.6,0.4,,,,,0.6746441974221874,0.5323136136986057,0.4188676946559797,0.3857449780216143,1.0980834272829765,1.0566877037829931,0.22657141755735657,0.19305114783204042,,,1.08,0.38,0.29,1.37,0.21,2.01,0.13,0.01,0.0,0.241,2.057017543859649,1.9647290326450542,0.135,,0.011,,0.0,,False,96.0,99.0,96.0,88.0,93.0,91.0,91.0,92.0,94.0,high,high,high,high,high,high,high,high,high,2026-08-08
hitter,CLE,CWS,Angel Martínez,682657,4.0,LF,Confirmed,3.1,,,,,0.76,0.1,,,,,0.7301121373437773,0.7841447961567881,0.11315893353707183,0.085357132733157,0.7061469265367316,0.5764861142472006,0.08591702278404056,0.08979095421413874,,,0.63,0.2,0.15,0.71,0.09,0.94,0.08,0.01,0.0,0.168,1.001763668430335,0.8906098577874495,0.077,,0.008,,0.0,,False,96.0,99.0,96.0,88.0,93.0,91.0,91.0,92.0,94.0,high,high,high,high,high,high,high,high,high,2026-08-08
hitter,CLE,CWS,Rhys Hoskins,656555,5.0,1B,Confirmed,2.07,,,,,0.73,0.27,,,,,0.8485017794796039,0.6105571892785032,0.2989290335044529,0.2393465853639947,0.4125159642401022,0.27730787064792045,0.2934617198333471,0.17759946802039148,,,0.34,0.19,0.13,0.57,0.24,1.09,0.07,0.01,0.0,0.253,1.3148148148148149,0.9102579620578217,0.074,,0.006,,0.0,,False,96.0,99.0,96.0,88.0,93.0,91.0,91.0,92.0,94.0,high,high,high,high,high,high,high,high,high,2026-08-08
hitter,CLE,CWS,Brayan Rocchio,677587,6.0,SS,Confirmed,3.81,,,,,0.62,0.34,,,,,0.6672651447687136,0.5715878611622766,0.349749135599694,0.3364409972394486,0.8949771689497716,0.8245633541295238,0.1548831847638574,0.15800718356076002,,,0.86,0.24,0.2,0.92,0.16,1.56,0.11,0.01,0.0,0.191,1.684375,1.462895372190582,0.109,,0.01,,0.0,,False,96.0,99.0,96.0,88.0,93.0,91.0,91.0,92.0,94.0,high,high,high,high,high,high,high,high,high,2026-08-08
hitter,CLE,CWS,Travis Bazzana,683953,7.0,2B,Confirmed,4.26,,,,,0.93,0.65,,,,,1.0226503292396278,0.8445608367959478,0.7083195112904247,0.5985550763058225,1.0980834272829765,1.0321522806266583,0.3198357047082967,0.3560988933442595,,,1.06,0.34,0.22,1.15,0.34,2.08,0.12,0.01,0.0,0.257,2.057017543859649,2.1035784097334975,0.118,,0.009,,0.0,,False,96.0,99.0,96.0,88.0,93.0,91.0,91.0,92.0,94.0,high,high,high,high,high,high,high,high,high,2026-08-08
hitter,CLE,CWS,Austin Hedges,595978,8.0,C,Confirmed,3.54,,,,,1.23,0.13,,,,,1.0997855879124987,1.3699286159590265,0.12178290626359409,0.13479069186526377,0.801980198019802,0.7328317767984938,0.0887658839516359,0.09188665691371424,,,0.76,0.26,0.18,0.93,0.09,1.19,0.09,0.01,0.0,0.233,1.239368165249089,1.1421481326636302,0.092,,0.008,,0.0,,False,96.0,99.0,96.0,88.0,93.0,91.0,91.0,92.0,94.0,high,high,high,high,high,high,high,high,high,2026-08-08
hitter,CLE,CWS,Angel Genao,694197,9.0,2B,Confirmed,3.32,,,,,0.64,0.32,,,,,0.645,,0.318,,0.413,,0.03,,,,0.41,0.21,0.15,0.78,0.03,0.63,0.09,0.01,0.0,0.198,0.629,,0.093,,0.007,,0.0,,True,40.0,44.0,40.0,32.0,37.0,35.0,35.0,36.0,38.0,low,low,low,low,low,low,low,low,low,2026-08-08
hitter,AZ,LAD,Geraldo Perdomo,672695,1.0,SS,Confirmed,3.89,,,,,0.43,0.37,,,,,0.4654370228055593,0.3936383012289979,0.39589287345732815,0.35042205574177504,1.0980834272829765,0.9237013464967561,0.18794533262913715,0.17971087893130874,,,1.0,0.31,0.19,1.03,0.18,1.77,0.11,0.01,0.0,0.221,1.914285714285714,1.6459627133304846,0.109,,0.01,,0.0,,False,96.0,99.0,96.0,88.0,93.0,91.0,91.0,92.0,94.0,high,high,high,high,high,high,high,high,high,2026-08-08
hitter,AZ,LAD,Corbin Carroll,682998,2.0,RF,Confirmed,3.81,,,,,0.9,0.29,,,,,0.9139323164332736,0.8862004213104859,0.3002121122299346,0.27640082921326664,1.0980834272829765,0.9190235007443552,0.331448064779955,0.3570575130553558,,,1.0,0.28,0.17,0.93,0.34,2.32,0.1,0.01,0.0,0.199,2.456692913385827,2.2043887748997504,0.102,,0.014,,0.0,,False,96.0,99.0,96.0,88.0,93.0,91.0,91.0,92.0,94.0,high,high,high,high,high,high,high,high,high,2026-08-08
hitter,AZ,LAD,Gabriel Moreno,672515,3.0,DH,Confirmed,3.58,,,,,0.59,0.28,,,,,0.6094115108893353,0.564991795734888,0.3014893922284396,0.25191660398759425,1.0980834272829765,0.88977362716784,0.18863120592050803,0.17609735182331343,,,0.98,0.27,0.19,0.95,0.18,1.69,0.1,0.01,0.0,0.209,1.914285714285714,1.5022475332126035,0.101,,0.008,,0.0,,False,96.0,99.0,96.0,88.0,93.0,91.0,91.0,92.0,94.0,high,high,high,high,high,high,high,high,high,2026-08-08
hitter,AZ,LAD,Ketel Marte,606466,4.0,2B,Confirmed,3.96,,,,,0.53,0.27,,,,,0.5589840278386784,0.5107640680719506,0.28564983098686847,0.25945407503130563,1.0980834272829765,1.0235970329647244,0.3362889726061528,0.32254883985398997,,,1.06,0.28,0.22,1.03,0.33,2.3,0.12,0.01,0.0,0.19,2.456692913385827,2.165280127722445,0.122,,0.01,,0.0,,False,96.0,99.0,96.0,88.0,93.0,91.0,91.0,92.0,94.0,high,high,high,high,high,high,high,high,high,2026-08-08
hitter,AZ,LAD,Lars Nootbaar,663457,5.0,LF,Confirmed,3.74,,,,,0.56,0.37,,,,,0.5671110655286982,0.5484384495670187,0.40635792728141196,0.3408724152401756,0.8694581280788177,0.7483884917350162,0.028967472456222,0.02278413765131917,,,0.8,0.25,0.17,0.83,0.03,1.15,0.11,0.01,0.0,0.185,1.239368165249089,1.0712709020967568,0.106,,0.007,,0.0,,False,96.0,99.0,96.0,88.0,93.0,91.0,91.0,92.0,94.0,high,high,high,high,high,high,high,high,high,2026-08-08
hitter,AZ,LAD,Nolan Arenado,571448,6.0,3B,Confirmed,3.33,,,,,0.51,0.17,,,,,0.561821026413731,0.4628924805854781,0.1924162208491832,0.15335401704729304,0.994208494208494,0.8243191233428389,0.191722654834219,0.17885939603936807,,,0.9,0.2,0.17,0.78,0.19,1.65,0.09,0.01,0.0,0.179,1.914285714285714,1.4426645789560326,0.089,,0.008,,0.0,,False,96.0,99.0,96.0,88.0,93.0,91.0,91.0,92.0,94.0,high,high,high,high,high,high,high,high,high,2026-08-08
hitter,AZ,LAD,Tim Tawa,694374,7.0,1B,Confirmed,2.55,,,,,0.83,0.31,,,,,0.9229170867946141,0.7342761674676963,0.36642259498976015,0.252154210416102,0.4125159642401022,0.34079250579976295,0.027408843866840064,0.01004982467182716,,,0.37,0.14,0.1,0.49,0.02,0.59,0.06,0.01,0.0,0.177,0.6720588235294118,0.5166728381169082,0.064,,0.007,,0.0,,False,96.0,99.0,96.0,88.0,93.0,91.0,91.0,92.0,94.0,high,high,high,high,high,high,high,high,high,2026-08-08
hitter,AZ,LAD,James McCann,543510,8.0,C,Confirmed,2.77,,,,,0.49,0.13,,,,,0.4480910885825,0.5259481366141627,0.15696159727120457,0.10467369070781114,0.801980198019802,0.6383794634619046,0.12664315458395087,0.09719509906526595,,,0.71,0.15,0.12,0.61,0.11,1.22,0.07,0.01,0.0,0.164,1.3893129770992367,1.087595777548358,0.069,,0.008,,0.0,,False,96.0,99.0,96.0,88.0,93.0,91.0,91.0,92.0,94.0,high,high,high,high,high,high,high,high,high,2026-08-08
hitter,AZ,LAD,Ryan Waldschmidt,814439,9.0,CF,Confirmed,3.81,,,,,1.11,0.26,,,,,1.0612525522492573,1.149886716130726,0.273184657883214,0.24300934553499787,0.801980198019802,0.6780238432580658,0.08901753525544642,0.09671266536208574,,,0.73,0.2,0.15,0.77,0.09,1.17,0.1,0.01,0.0,0.165,1.239368165249089,1.1071459379652209,0.1,,0.009,,0.0,,False,96.0,99.0,96.0,88.0,93.0,91.0,91.0,92.0,94.0,high,high,high,high,high,high,high,high,high,2026-08-08
hitter,LAD,AZ,Shohei Ohtani,660271,1.0,DH,Confirmed,4.45,,,,,0.82,0.33,,,,,0.8151739173514024,0.8194598865489973,0.3462045827884118,0.31178999074129704,1.607843137254902,1.410387224152993,0.4276130616874984,0.3265930316608118,,,1.5,0.47,0.36,1.72,0.38,3.01,0.21,0.01,0.0,0.269,3.5,2.600200384999549,0.209,,0.012,,0.0,,False,96.0,99.0,96.0,88.0,93.0,91.0,91.0,92.0,94.0,high,high,high,high,high,high,high,high,high,2026-08-08
hitter,LAD,AZ,Andy Pages,681624,2.0,CF,Confirmed,4.18,,,,,0.58,0.15,,,,,0.5803964324770293,0.5830010215052756,0.1597845176430761,0.13181119687823006,1.4947368421052631,1.2982170507007038,0.1609536334775229,0.14814278392051683,,,1.39,0.38,0.3,1.48,0.15,2.0,0.16,0.01,0.0,0.226,2.057017543859649,1.9589634953964223,0.163,,0.009,,0.0,,False,96.0,99.0,96.0,88.0,93.0,91.0,91.0,92.0,94.0,high,high,high,high,high,high,high,high,high,2026-08-08
hitter,LAD,AZ,Freddie Freeman,518692,3.0,1B,Confirmed,4.26,,,,,0.53,0.2,,,,,0.5440404496637073,0.5145522087023666,0.21020698013055095,0.19938407677510395,1.607843137254902,1.3469220174852208,0.18306604889076816,0.16191177600524403,,,1.46,0.47,0.41,1.88,0.17,2.25,0.17,0.01,0.0,0.274,2.456692913385827,2.085165679108418,0.175,,0.013,,0.0,,False,96.0,99.0,96.0,88.0,93.0,91.0,91.0,92.0,94.0,high,high,high,high,high,high,high,high,high,2026-08-08
hitter,LAD,AZ,Max Muncy,571970,4.0,3B,Confirmed,3.89,,,,,0.7,0.25,,,,,0.6790545416439528,0.7137366823906234,0.25724264755919185,0.24437322240570267,1.1391752577319587,1.0869167116881304,0.23287673640107565,0.18528877522973622,,,1.11,0.36,0.31,1.38,0.21,1.93,0.15,0.01,0.0,0.238,2.057017543859649,1.8275609972949056,0.151,,0.007,,0.0,,False,96.0,99.0,96.0,88.0,93.0,91.0,91.0,92.0,94.0,high,high,high,high,high,high,high,high,high,2026-08-08
hitter,LAD,AZ,Mookie Betts,605141,5.0,SS,Confirmed,4.25,,,,,0.31,0.16,,,,,0.33864527567184877,0.2769808919016038,0.17098411122524748,0.15734887194138603,1.607843137254902,1.3040906303376079,0.17812022391975416,0.15542175299951105,,,1.44,0.47,0.42,1.88,0.17,1.97,0.15,0.01,0.0,0.27,2.057017543859649,1.8924826060465714,0.15,,0.01,,0.0,,False,96.0,99.0,96.0,88.0,93.0,91.0,91.0,92.0,94.0,high,high,high,high,high,high,high,high,high,2026-08-08
hitter,LAD,AZ,Kyle Tucker,663656,6.0,RF,Confirmed,4.18,,,,,0.51,0.22,,,,,0.5424676118140322,0.4687050484056194,0.229269603340557,0.20753466772404547,1.5,1.2103035974308147,0.14092397986288108,0.13327751723688855,,,1.34,0.37,0.36,1.59,0.14,1.92,0.15,0.01,0.0,0.249,2.057017543859649,1.8078229641220418,0.155,,0.007,,0.0,,False,96.0,99.0,96.0,88.0,93.0,91.0,91.0,92.0,94.0,high,high,high,high,high,high,high,high,high,2026-08-08
hitter,LAD,AZ,Tommy Edman,669242,7.0,2B,Confirmed,3.74,,,,,0.49,0.11,,,,,0.5057419527572579,0.47269564572701495,0.12942774775073973,0.0896984290361432,1.4947368421052631,1.067943149348401,0.11458180031804296,0.1076153788358106,,,1.26,0.31,0.28,1.35,0.11,1.83,0.16,0.01,0.0,0.233,2.057017543859649,1.6519992325184207,0.164,,0.007,,0.0,,False,96.0,99.0,96.0,88.0,93.0,91.0,91.0,92.0,94.0,high,high,high,high,high,high,high,high,high,2026-08-08
hitter,LAD,AZ,Teoscar Hernández,606192,8.0,LF,Confirmed,4.08,,,,,0.73,0.13,,,,,0.6930731675147362,0.7587034940176087,0.1457528935062955,0.10654310462295918,1.607843137254902,1.350815031388687,0.19701632946939093,0.18526022321305669,,,1.47,0.4,0.36,1.76,0.19,2.24,0.21,0.01,0.0,0.275,2.456692913385827,2.0599096104127224,0.212,,0.007,,0.0,,False,96.0,99.0,96.0,88.0,93.0,91.0,91.0,92.0,94.0,high,high,high,high,high,high,high,high,high,2026-08-08
hitter,LAD,AZ,Hunter Feduccia,676439,9.0,C,Confirmed,2.9,,,,,0.92,0.17,,,,,0.8841311682065934,0.9509125833995525,0.1945471941428427,0.14650576057619286,0.3344051446945337,0.26968594137751833,0.021604631358988935,0.01226565022520736,,,0.3,0.18,0.15,0.74,0.02,0.44,0.1,0.01,0.0,0.181,0.4591194968553459,0.42661475686433925,0.098,,0.008,,0.0,,False,96.0,99.0,96.0,88.0,93.0,91.0,91.0,92.0,94.0,high,high,high,high,high,high,high,high,high,2026-08-08
hitter,SEA,TB,Taylor Ward,621493,1.0,RF,Confirmed,4.18,,,,,0.91,0.46,,,,,0.8911711393881369,0.9219759189723298,0.44276109896511784,0.47410309667714745,0.8694581280788177,0.7694190162038662,0.03571337998923993,0.018824061898945164,,,0.81,0.41,0.31,1.49,0.03,1.18,0.13,0.01,0.0,0.246,1.239368165249089,1.1372116579771179,0.135,,0.006,,0.0,,False,96.0,99.0,96.0,88.0,93.0,91.0,91.0,92.0,94.0,high,high,high,high,high,high,high,high,high,2026-08-08
hitter,SEA,TB,Cole Young,702284,2.0,2B,Confirmed,3.74,,,,,0.84,0.28,,,,,0.8378577188229182,0.8441591483327493,0.27177129912930864,0.2800522563321258,0.5290322580645161,0.537619543821374,0.12133310322053725,0.11424346044276382,,,0.53,0.47,0.38,1.71,0.12,1.07,0.14,0.01,0.0,0.302,1.1238670694864048,1.0296637969746327,0.14,,0.006,,0.0,,False,96.0,99.0,96.0,88.0,93.0,91.0,91.0,92.0,94.0,high,high,high,high,high,high,high,high,high,2026-08-08
hitter,SEA,TB,Randy Arozarena,668227,3.0,LF,Confirmed,4.18,,,,,1.32,0.42,,,,,1.317774350600754,1.325901780447734,0.4107342883446645,0.427452849797902,0.6434108527131783,0.6013797175736441,0.1379324886637333,0.16767381045718519,,,0.62,0.43,0.38,1.61,0.15,1.18,0.13,0.01,0.0,0.256,1.1521739130434783,1.2022907855301195,0.134,,0.007,,0.0,,False,96.0,99.0,96.0,88.0,93.0,91.0,91.0,92.0,94.0,high,high,high,high,high,high,high,high,high,2026-08-08
hitter,SEA,TB,Dominic Canzone,686527,4.0,DH,Confirmed,3.49,,,,,0.77,0.36,,,,,0.7828627283673248,0.7599144429521295,0.38306720792075377,0.3323141570417211,0.8770949720670391,0.7175825243721682,0.18050275277797767,0.16481442589334347,,,0.79,0.41,0.37,1.55,0.17,1.48,0.09,0.01,0.0,0.286,1.5956790123456794,1.390582176631958,0.093,,0.006,,0.0,,False,96.0,99.0,96.0,88.0,93.0,91.0,91.0,92.0,94.0,high,high,high,high,high,high,high,high,high,2026-08-08
hitter,SEA,TB,Julio Rodríguez,677594,5.0,CF,Confirmed,4.03,,,,,1.01,0.49,,,,,1.0047487063707403,1.0075651094335194,0.5000617935723044,0.47362955335955564,0.4125159642401022,0.4775555507576937,0.0422309995772091,0.029850557171263687,,,0.45,0.46,0.4,1.73,0.04,0.72,0.12,0.01,0.0,0.28,0.6720588235294118,0.7530532457958137,0.121,,0.007,,0.0,,False,96.0,99.0,96.0,88.0,93.0,91.0,91.0,92.0,94.0,high,high,high,high,high,high,high,high,high,2026-08-08
hitter,SEA,TB,Josh Naylor,647304,6.0,1B,Confirmed,4.18,,,,,0.73,0.34,,,,,0.7256571069826935,0.7380269461187107,0.3380816259597199,0.3379671677217356,0.7061469265367316,0.6603956325583225,0.11176424058122852,0.1460187723224269,,,0.68,0.38,0.38,1.63,0.13,1.2,0.15,0.01,0.0,0.259,1.1521739130434783,1.238490810973693,0.149,,0.007,,0.0,,False,96.0,99.0,96.0,88.0,93.0,91.0,91.0,92.0,94.0,high,high,high,high,high,high,high,high,high,2026-08-08
hitter,SEA,TB,Brendan Donovan,680977,7.0,3B,Confirmed,3.96,,,,,0.45,0.14,,,,,0.45185126217210825,0.44352650933943183,0.12919979449495145,0.15028264383694073,0.801980198019802,0.8025254447965717,0.024078974321871706,0.031589688302736486,,,0.8,0.37,0.32,1.57,0.03,1.05,0.13,0.01,0.0,0.265,1.1238670694864048,0.9890850396833575,0.132,,0.007,,0.0,,False,96.0,99.0,96.0,88.0,93.0,91.0,91.0,92.0,94.0,high,high,high,high,high,high,high,high,high,2026-08-08
hitter,SEA,TB,Cal Raleigh,663728,8.0,C,Confirmed,4.04,,,,,1.45,0.54,,,,,1.5053003689968236,1.402251531429923,0.5577059670885903,0.5144389187005124,0.6434108527131783,0.5934845003903294,0.3024834273627716,0.24749369428404508,,,0.62,0.43,0.4,1.63,0.27,1.38,0.16,0.01,0.0,0.298,1.3893129770992367,1.3675417062244872,0.16,,0.007,,0.0,,False,96.0,99.0,96.0,88.0,93.0,91.0,91.0,92.0,94.0,high,high,high,high,high,high,high,high,high,2026-08-08
hitter,SEA,TB,Colt Emerson,806068,9.0,SS,Confirmed,3.1,,,,,1.18,0.26,,,,,1.2325726090346103,1.124859865307426,0.26616966999936853,0.2491952733914304,0.3344051446945337,0.3350120760057186,0.07596397005648783,0.06962609324704147,,,0.33,0.25,0.22,1.0,0.07,0.63,0.09,0.01,0.0,0.233,0.6720588235294118,0.5906864572658076,0.095,,0.007,,0.0,,False,96.0,99.0,96.0,88.0,93.0,91.0,91.0,92.0,94.0,high,high,high,high,high,high,high,high,high,2026-08-08
hitter,TB,SEA,Yandy Díaz,650490,1.0,DH,Confirmed,4.18,,,,,0.81,0.13,,,,,0.8163259818807056,0.8036522053913543,0.09451941135023798,0.16797974729403828,0.6434108527131783,0.6582555460182752,0.025913469561509722,0.027890332200308874,,,0.65,0.5,0.4,1.89,0.03,0.83,0.18,0.01,0.0,0.287,0.7899761336515513,0.8682960125240983,0.176,,0.009,,0.0,,False,96.0,99.0,96.0,88.0,93.0,91.0,91.0,92.0,94.0,high,high,high,high,high,high,high,high,high,2026-08-08
hitter,TB,SEA,Jonathan Aranda,666018,2.0,1B,Confirmed,4.04,,,,,1.17,0.12,,,,,1.1514157247723407,1.1953214499245006,0.09406702969934905,0.1400353744320261,0.5846774193548387,0.6254378821742788,0.029461428062774717,0.038405857801023555,,,0.61,0.43,0.36,1.59,0.03,0.8,0.17,0.01,0.0,0.261,0.7899761336515513,0.8030328444336035,0.171,,0.009,,0.0,,False,96.0,99.0,96.0,88.0,93.0,91.0,91.0,92.0,94.0,high,high,high,high,high,high,high,high,high,2026-08-08
hitter,TB,SEA,Junior Caminero,691406,3.0,3B,Confirmed,4.08,,,,,1.02,0.13,,,,,1.0535549839038802,0.9936789948741291,0.09265014608475602,0.15812812463857848,0.5290322580645161,0.4861245082079224,0.04071722300093353,0.04390211388890765,,,0.51,0.47,0.44,1.78,0.04,0.75,0.16,0.01,0.0,0.277,0.7899761336515513,0.7121481130044889,0.165,,0.011,,0.0,,False,96.0,99.0,96.0,88.0,93.0,91.0,91.0,92.0,94.0,high,high,high,high,high,high,high,high,high,2026-08-08
hitter,TB,SEA,Victor Mesa Jr.,683748,4.0,RF,Confirmed,3.89,,,,,1.06,0.28,,,,,0.9835276777409762,1.1298157065267778,0.2800195908791545,0.2755723898406873,0.4125159642401022,0.48603030035318356,0.02773692377009332,0.03396473892686867,,,0.45,0.36,0.33,1.39,0.03,0.71,0.12,0.01,0.0,0.228,0.6720588235294118,0.7484872026237914,0.121,,0.009,,0.0,,False,96.0,99.0,96.0,88.0,93.0,91.0,91.0,92.0,94.0,high,high,high,high,high,high,high,high,high,2026-08-08
hitter,TB,SEA,Chandler Simpson,802415,5.0,LF,Confirmed,3.81,,,,,0.53,0.08,,,,,0.4650838817031473,0.5884246703489142,0.07023025496311722,0.09038910899621688,0.6434108527131783,0.7005189012457401,0.01254821776317543,0.0,,,0.67,0.38,0.34,1.59,0.01,0.71,0.12,0.02,0.0,0.243,0.6720588235294118,0.7416579062996494,0.124,,0.019,,0.0,,False,96.0,99.0,96.0,88.0,93.0,91.0,91.0,92.0,94.0,high,high,high,high,high,high,high,high,high,2026-08-08
hitter,TB,SEA,Cedric Mullins,656775,6.0,CF,Confirmed,3.74,,,,,1.07,0.08,,,,,1.0392319337089901,1.1092767690551548,0.06805869058061995,0.08951751389946301,0.4125159642401022,0.4469935853269523,0.02787569167848752,0.026842322933295224,,,0.43,0.31,0.33,1.35,0.03,0.66,0.14,0.01,0.0,0.231,0.6720588235294118,0.645208918504332,0.136,,0.012,,0.0,,False,96.0,99.0,96.0,88.0,93.0,91.0,91.0,92.0,94.0,high,high,high,high,high,high,high,high,high,2026-08-08
hitter,TB,SEA,Nick Fortes,663743,7.0,C,Confirmed,3.1,,,,,0.66,0.05,,,,,0.6248532379582993,0.7045620041899017,0.05746124475521617,0.04748144311940932,0.4125159642401022,0.3929151437951245,0.018881722646913256,0.01533464897325753,,,0.4,0.29,0.27,1.27,0.02,0.56,0.12,0.01,0.0,0.26,0.5302013422818792,0.5832291907338312,0.124,,0.01,,0.0,,False,96.0,99.0,96.0,88.0,93.0,91.0,91.0,92.0,94.0,high,high,high,high,high,high,high,high,high,2026-08-08
hitter,TB,SEA,Richie Palacios,680700,8.0,2B,Confirmed,3.33,,,,,0.75,0.09,,,,,0.7301318144789886,0.7734935666623707,0.06962392741330033,0.10447566368211367,0.4125159642401022,0.4373665072162546,0.019953567907384336,0.0228131092409421,,,0.43,0.27,0.24,1.16,0.02,0.57,0.11,0.01,0.0,0.227,0.5302013422818792,0.6091773863003401,0.11,,0.013,,0.0,,False,96.0,99.0,96.0,88.0,93.0,91.0,91.0,92.0,94.0,high,high,high,high,high,high,high,high,high,2026-08-08
hitter,TB,SEA,Carson Williams,700246,9.0,SS,Confirmed,3.81,,,,,0.75,0.55,,,,,0.6741226263898301,0.8328547926220574,0.5660292890671872,0.5405540903002807,0.7715355805243446,0.7731412980863956,0.053175016749994884,0.06368272415819475,,,0.77,0.32,0.3,1.33,0.06,1.2,0.15,0.01,0.0,0.237,1.239368165249089,1.1724463733786648,0.147,,0.007,,0.0,,False,96.0,99.0,96.0,88.0,93.0,91.0,91.0,92.0,94.0,high,high,high,high,high,high,high,high,high,2026-08-08
