player_type,team,opponent,player_name,mlb_id,lineup_spot,pos,lineup_status,proj_pa,proj_ip,proj_outs,proj_runs_allowed,proj_hits_allowed,proj_strikeouts,proj_walks,proj_hr_allowed,proj_er_model,proj_fip,proj_war_contribution,direct_K,rate_K,direct_BB,rate_BB,direct_H,rate_H,direct_HR,rate_HR,direct_R,rate_R,proj_hits,proj_runs,proj_rbi,proj_hrrbi,proj_hr,proj_tb,proj_2b,proj_3b,proj_sb,proj_woba,direct_TB,rate_TB,direct_2B,rate_2B,direct_3B,rate_3B,direct_SB,rate_SB,used_fallback,confidence_score,proj_pa_confidence_score,proj_hits_confidence_score,proj_hr_confidence_score,proj_strikeouts_confidence_score,proj_runs_confidence_score,proj_rbi_confidence_score,proj_hrrbi_confidence_score,proj_walks_confidence_score,confidence,proj_pa_confidence,proj_hits_confidence,proj_hr_confidence,proj_strikeouts_confidence,proj_runs_confidence,proj_rbi_confidence,proj_hrrbi_confidence,proj_walks_confidence,game_date
pitcher,DET,TOR,Casey Mize,663554,,,,,4.79,14.0,2.4,4.76,4.59,1.43,0.63,2.21,3.74,0.081,4.676567656765677,4.497510524090055,1.3455882352941178,1.6812829944533958,4.666666666666667,5.152155509786922,0.625,0.6350989636681925,2.212,,,,,,,,,,,,,,,,,,,,,,,,,,,,,,,,,,,,,,,2026-05-16
pitcher,KC,STL,Noah Cameron,702070,,,,,4.79,14.0,2.71,5.22,4.59,1.93,0.71,2.28,4.4,0.073,4.676567656765677,4.497510524090055,1.890295358649789,2.041382631246275,5.093457943925234,5.720501571405975,0.6666666666666666,0.8243081650798851,2.28,,,,,,,,,,,,,,,,,,,,,,,,,,,,,,,,,,,,,,,2026-05-16
pitcher,COL,AZ,Tomoyuki Sugano,608372,,,,,4.79,14.0,3.03,5.83,3.58,1.43,0.92,3.2,5.78,-0.022,3.6538461538461537,3.502400723636293,1.3455882352941178,1.6812829944533958,5.68,6.419312397160026,0.9130434782608695,0.9510542321979162,3.2,,,,,,,,,,,,,,,,,,,,,,,,,,,,,,,,,,,,,,,2026-05-16
pitcher,AZ,COL,Eduardo Rodriguez,593958,,,,,5.13,15.0,2.56,4.94,4.75,1.96,0.59,2.48,4.03,0.074,4.676567656765677,4.816749266927345,1.890295358649789,2.18628244223244,4.879746835443039,5.203532794732478,0.547945205479452,0.6801790571227196,2.481,,,,,,,,,,,,,,,,,,,,,,,,,,,,,,,,,,,,,,,2026-05-16
pitcher,WSH,BAL,Cade Cavalli,676917,,,,,4.79,14.0,2.54,4.88,4.59,1.88,0.55,2.23,4.05,0.079,4.676567656765677,4.497510524090055,1.836734693877551,2.026480650190615,4.879746835443039,4.858659276173211,0.5409836065573771,0.5661210675823506,2.227,,,,,,,,,,,,,,,,,,,,,,,,,,,,,,,,,,,,,,,2026-05-16
pitcher,BAL,WSH,Chris Bassitt,605135,,,,,4.79,14.0,2.48,5.11,4.78,1.64,0.55,2.21,3.91,0.081,4.676567656765677,4.882964964028157,1.610062893081761,1.7468702410277968,5.093457943925234,5.152155509786922,0.547945205479452,0.5661210675823506,2.212,,,,,,,,,,,,,,,,,,,,,,,,,,,,,,,,,,,,,,,2026-05-16
pitcher,PIT,PHI,Bubba Chandler,696149,,,,,4.61,14.0,2.34,4.61,4.69,2.0,0.39,2.21,3.64,0.069,4.676567656765677,4.699471499826681,1.890295358649789,2.3178432489536314,4.525423728813561,4.95854632570307,0.38095238095238093,0.4239022339108312,2.212,,,,,,,,,,,,,,,,,,,,,,,,,,,,,,,,,,,,,,,2026-05-16
pitcher,PHI,PIT,Cristopher Sánchez,650911,,,,,5.75,17.0,2.48,5.48,6.81,1.34,0.51,2.21,2.81,0.15,6.649122807017544,6.978501155540436,1.2772277227722773,1.5395025063675742,5.3076923076923075,6.184737824900792,0.5,0.5287283828605811,2.212,,,,,,,,,,,,,,,,,,,,,,,,,,,,,,,,,,,,,,,2026-05-16
pitcher,TB,MIA,Nick Martinez,607259,,,,,4.79,14.0,2.74,5.76,3.83,1.43,0.71,2.43,4.41,0.057,3.8412698412698414,3.8257426697625427,1.3455882352941178,1.6812829944533958,5.68,6.094132954135056,0.6666666666666666,0.8243081650798851,2.432,,,,,,,,,,,,,,,,,,,,,,,,,,,,,,,,,,,,,,,2026-05-16
pitcher,MIA,TB,Sandy Alcantara,645261,,,,,5.21,16.0,2.63,5.2,4.78,1.89,0.56,3.08,4.01,0.017,4.676567656765677,4.891864265242002,1.890295358649789,1.9000404918068519,5.093457943925234,5.60391027264924,0.5409836065573771,0.6157600755958343,3.075,,,,,,,,,,,,,,,,,,,,,,,,,,,,,,,,,,,,,,,2026-05-16
pitcher,CLE,CIN,Joey Cantillo,676282,,,,,4.61,14.0,2.52,4.45,4.69,2.0,0.81,2.21,4.81,0.069,4.676567656765677,4.699471499826681,1.890295358649789,2.3178432489536314,4.326530612244898,4.95854632570307,0.7948717948717948,0.8399040024918583,2.212,,,,,,,,,,,,,,,,,,,,,,,,,,,,,,,,,,,,,,,2026-05-16
pitcher,CIN,CLE,Chris Paddack,663978,,,,,4.61,14.0,2.67,5.18,3.67,1.41,0.88,2.48,5.11,0.04,3.6538461538461537,3.681977809520944,1.3455882352941178,1.6181032577098442,5.093457943925234,5.505534915277983,0.869281045751634,0.91531524226146,2.481,,,,,,,,,,,,,,,,,,,,,,,,,,,,,,,,,,,,,,,2026-05-16
pitcher,HOU,TEX,Kai-Wei Teng,678906,,,,,4.57,14.0,2.02,3.53,5.11,1.99,0.63,1.37,4.1,0.165,4.676567656765677,5.546391353186051,1.890295358649789,2.297731810784836,3.3125,4.415014567033146,0.5409836065573771,0.8326163321882413,1.367,,,,,,,,,,,,,,,,,,,,,,,,,,,,,,,,,,,,,,,2026-05-16
pitcher,TEX,HOU,Jacob deGrom,594798,,,,,5.21,16.0,2.4,4.47,6.17,1.47,0.88,2.21,4.0,0.111,6.017094017094017,6.323128873107073,1.3455882352941178,1.8287023801883489,4.326530612244898,5.0333098236854905,0.869281045751634,0.8965857077382466,2.212,,,,,,,,,,,,,,,,,,,,,,,,,,,,,,,,,,,,,,,2026-05-16
pitcher,CWS,CHC,Davis Martin,663436,,,,,5.13,15.0,2.86,5.18,4.75,1.96,0.93,3.0,4.96,0.019,4.676567656765677,4.816749266927345,1.890295358649789,2.18628244223244,5.093457943925234,5.51786174638975,0.9130434782608695,0.972432372873865,3.0,,,,,,,,,,,,,,,,,,,,,,,,,,,,,,,,,,,,,,,2026-05-16
pitcher,CHC,CWS,Jameson Taillon,592791,,,,,5.13,15.0,2.59,5.01,4.75,1.46,0.9,2.28,4.53,0.097,4.676567656765677,4.816749266927345,1.3455882352941178,1.8006224971912148,4.879746835443039,5.51786174638975,0.869281045751634,0.972432372873865,2.28,,,,,,,,,,,,,,,,,,,,,,,,,,,,,,,,,,,,,,,2026-05-16
pitcher,MIN,MIL,Connor Prielipp,687570,,,,,4.79,14.0,2.15,3.87,4.78,2.02,0.54,2.21,4.06,0.081,4.676567656765677,4.882964964028157,1.890295358649789,2.408344720713209,3.68,4.62755356150739,0.5409836065573771,0.5464552514395971,2.212,,,,,,,,,,,,,,,,,,,,,,,,,,,,,,,,,,,,,,,2026-05-16
pitcher,MIL,MIN,Logan Henderson,701656,,,,,4.79,14.0,2.43,3.87,6.25,2.22,0.89,2.21,4.57,0.081,6.017094017094017,6.479368348332241,2.163265306122449,2.408344720713209,3.68,4.62755356150739,0.869281045751634,0.9510542321979162,2.212,,,,,,,,,,,,,,,,,,,,,,,,,,,,,,,,,,,,,,,2026-05-16
pitcher,SEA,SD,Logan Gilbert,669302,,,,,4.79,14.0,2.4,4.4,5.78,1.43,0.91,2.21,4.06,0.081,6.017094017094017,5.545235572368783,1.3455882352941178,1.6812829944533958,4.326530612244898,4.680779957327881,0.9130434782608695,0.907982663950451,2.212,,,,,,,,,,,,,,,,,,,,,,,,,,,,,,,,,,,,,,,2026-05-16
pitcher,SD,SEA,Walker Buehler,621111,,,,,4.61,14.0,2.44,4.73,4.43,1.91,0.57,2.28,4.17,0.061,4.5344827586206895,4.328501777882078,1.890295358649789,1.9646709666065398,4.666666666666667,4.95854632570307,0.547945205479452,0.6112330318393252,2.28,,,,,,,,,,,,,,,,,,,,,,,,,,,,,,,,,,,,,,,2026-05-16
pitcher,ATL,BOS,Bryce Elder,693821,,,,,5.21,16.0,2.86,5.13,4.99,1.97,0.94,2.48,4.93,0.08,4.676567656765677,5.311116380498267,1.890295358649789,2.220376515405656,5.093457943925234,5.2846795049817175,0.9130434782608695,0.9875970102676095,2.481,,,,,,,,,,,,,,,,,,,,,,,,,,,,,,,,,,,,,,,2026-05-16
pitcher,BOS,ATL,Payton Tolle,801139,,,,,4.79,14.0,2.32,4.54,5.0,1.71,0.44,2.21,3.52,0.081,4.676567656765677,5.331254490887942,1.610062893081761,2.026480650190615,4.500000000000001,4.680779957327881,0.38095238095238093,0.5661210675823506,2.212,,,,,,,,,,,,,,,,,,,,,,,,,,,,,,,,,,,,,,,2026-05-16
pitcher,NYY,NYM,Carlos Rodón,607074,,,,,4.79,14.0,2.52,4.63,5.08,1.93,0.54,2.21,3.91,0.081,5.275,4.882964964028157,1.890295358649789,2.041382631246275,4.500000000000001,5.152155509786922,0.5409836065573771,0.5464552514395971,2.212,,,,,,,,,,,,,,,,,,,,,,,,,,,,,,,,,,,,,,,2026-05-16
pitcher,LAA,LAD,José Soriano,667755,,,,,4.79,14.0,2.27,4.53,4.59,1.93,0.4,1.79,3.63,0.13,4.676567656765677,4.497510524090055,1.890295358649789,2.041382631246275,4.500000000000001,4.62755356150739,0.38095238095238093,0.44045373111342334,1.789,,,,,,,,,,,,,,,,,,,,,,,,,,,,,,,,,,,,,,,2026-05-16
pitcher,LAD,LAA,Justin Wrobleski,680736,,,,,4.79,14.0,2.77,5.53,3.83,1.45,0.87,2.48,4.96,0.051,3.8412698412698414,3.8257426697625427,1.3455882352941178,1.7468702410277968,5.387096774193548,6.094132954135056,0.8333333333333334,0.9510542321979162,2.481,,,,,,,,,,,,,,,,,,,,,,,,,,,,,,,,,,,,,,,2026-05-16
pitcher,ATH,SF,Luis Severino,622663,,,,,5.13,15.0,2.76,4.94,4.95,1.96,0.94,2.5,4.85,0.072,4.676567656765677,5.229563729742055,1.890295358649789,2.1729137712511823,4.879746835443039,5.203532794732478,0.9130434782608695,1.0185612131889998,2.5,,,,,,,,,,,,,,,,,,,,,,,,,,,,,,,,,,,,,,,2026-05-16
pitcher,SF,ATH,Trevor McDonald,686790,,,,,5.13,15.0,2.66,4.94,4.75,1.66,0.94,2.28,4.71,0.097,4.676567656765677,4.816749266927345,1.610062893081761,1.8006224971912148,4.879746835443039,5.203532794732478,0.9130434782608695,1.0185612131889998,2.28,,,,,,,,,,,,,,,,,,,,,,,,,,,,,,,,,,,,,,,2026-05-16
hitter,DET,TOR,Kevin McGonigle,805808,1.0,SS,Confirmed,4.45,,,,,0.75,0.8,,,,,0.7150076509824821,0.7909209578063513,0.8310404134194983,0.773840742963452,0.801980198019802,0.7705655892013143,0.036825923408467826,0.05044808039519533,,,0.78,0.5,0.29,1.59,0.04,1.11,0.16,0.01,0.0,0.313,1.1521739130434783,1.0725998995581572,0.164,,0.009,,0.0,,False,82.0,86.0,82.0,74.0,79.0,77.0,77.0,78.0,80.0,high,high,high,medium,medium,medium,medium,medium,high,2026-05-16
hitter,DET,TOR,Dillon Dingler,693307,2.0,DH,Confirmed,4.18,,,,,1.05,0.32,,,,,0.969240935034282,1.1333791194939526,0.32427070667000657,0.3127520081191766,0.7715355805243446,0.7538975399753252,0.04955648250631359,0.047121715685513516,,,0.76,0.4,0.28,1.45,0.05,1.09,0.15,0.01,0.0,0.244,1.1238670694864048,1.0686617349274856,0.147,,0.007,,0.0,,False,82.0,86.0,82.0,74.0,79.0,77.0,77.0,78.0,80.0,high,high,high,medium,medium,medium,medium,medium,high,2026-05-16
hitter,DET,TOR,Hao-Yu Lee,701678,3.0,3B,Confirmed,2.9,,,,,0.92,0.19,,,,,0.9005957254587635,0.9333852397228242,0.20654414211949015,0.18163795468295962,0.4125159642401022,0.34641604071665466,0.026831759788825085,0.007687689259838264,,,0.38,0.22,0.17,0.8,0.02,0.59,0.1,0.01,0.0,0.2,0.6720588235294118,0.5152539133199294,0.101,,0.007,,0.0,,False,82.0,86.0,82.0,74.0,79.0,77.0,77.0,78.0,80.0,high,high,high,medium,medium,medium,medium,medium,high,2026-05-16
hitter,DET,TOR,Matt Vierling,663837,4.0,CF,Confirmed,3.96,,,,,0.84,0.43,,,,,0.8026814754774545,0.8739614642119957,0.4432249382529394,0.4187911442289458,0.6434108527131783,0.600510496973798,0.027419502000705837,0.02892597843531969,,,0.62,0.36,0.26,1.26,0.03,0.82,0.12,0.01,0.0,0.242,0.8408408408408409,0.8085559508119334,0.124,,0.008,,0.0,,False,82.0,86.0,82.0,74.0,79.0,77.0,77.0,78.0,80.0,high,high,high,medium,medium,medium,medium,medium,high,2026-05-16
hitter,DET,TOR,Riley Greene,682985,5.0,LF,Confirmed,4.45,,,,,1.34,0.56,,,,,1.2463344165535721,1.4326858649518963,0.5297973122875281,0.5914850560713218,0.7715355805243446,0.7959325409547382,0.05142084041153881,0.05053635202016372,,,0.78,0.44,0.32,1.53,0.05,1.13,0.15,0.01,0.0,0.263,1.1521739130434783,1.1063162700116387,0.153,,0.01,,0.0,,False,82.0,86.0,82.0,74.0,79.0,77.0,77.0,78.0,80.0,high,high,high,medium,medium,medium,medium,medium,high,2026-05-16
hitter,DET,TOR,Spencer Torkelson,679529,6.0,1B,Confirmed,3.96,,,,,1.19,0.45,,,,,1.1448021761532137,1.2374536393651863,0.4696215970711656,0.42837582885308156,0.6506024096385542,0.6063719221514681,0.04752647432643676,0.05924875004066359,,,0.63,0.33,0.28,1.26,0.05,0.96,0.13,0.01,0.0,0.254,1.001763668430335,0.9224977764105697,0.134,,0.007,,0.0,,False,82.0,86.0,82.0,74.0,79.0,77.0,77.0,78.0,80.0,high,high,high,medium,medium,medium,medium,medium,high,2026-05-16
hitter,DET,TOR,Zach McKinstry,656716,7.0,RF,Confirmed,3.1,,,,,0.78,0.32,,,,,0.761427726760796,0.7988750706574383,0.33532743669186305,0.3006207890811585,0.5290322580645161,0.43095217961305254,0.022220558782106634,0.007578913895276796,,,0.48,0.25,0.19,0.97,0.01,0.72,0.13,0.02,0.0,0.253,0.7899761336515513,0.6680856738723925,0.132,,0.017,,0.0,,False,82.0,86.0,82.0,74.0,79.0,77.0,77.0,78.0,80.0,high,high,high,medium,medium,medium,medium,medium,high,2026-05-16
hitter,DET,TOR,Wenceel Pérez,672761,8.0,RF,Confirmed,3.49,,,,,0.9,0.28,,,,,0.8645317259421245,0.9325444485104583,0.30661161086969135,0.2602696805962479,0.5846774193548387,0.5711234443105997,0.09445240778723141,0.09681118043329763,,,0.58,0.32,0.27,1.24,0.1,1.05,0.15,0.01,0.0,0.272,1.1238670694864048,0.9853153103948545,0.147,,0.013,,0.0,,False,82.0,86.0,82.0,74.0,79.0,77.0,77.0,78.0,80.0,high,high,high,medium,medium,medium,medium,medium,high,2026-05-16
hitter,DET,TOR,Jake Rogers,668670,9.0,C,Confirmed,3.02,,,,,0.85,0.24,,,,,0.8179487107893356,0.8759245334089654,0.2557504320054341,0.21777846741342083,0.5846774193548387,0.49921934806755014,0.0911230653474838,0.06405318899467016,,,0.54,0.27,0.24,1.04,0.08,0.98,0.14,0.01,0.0,0.265,1.1238670694864048,0.8567242797055511,0.141,,0.01,,0.0,,False,82.0,86.0,82.0,74.0,79.0,77.0,77.0,78.0,80.0,high,high,high,medium,medium,medium,medium,medium,high,2026-05-16
hitter,TOR,DET,George Springer,543807,1.0,DH,Confirmed,4.26,,,,,0.93,0.32,,,,,0.9197113640955549,0.9320706462859895,0.33433258707580815,0.3072873497212874,0.994208494208494,0.9203788520125805,0.08757872364996608,0.09676541297421408,,,0.95,0.56,0.4,2.05,0.09,1.34,0.25,0.01,0.0,0.341,1.3148148148148149,1.3684588118253773,0.253,,0.009,,0.0,,False,96.0,99.0,96.0,88.0,93.0,91.0,91.0,92.0,94.0,high,high,high,high,high,high,high,high,high,2026-05-16
hitter,TOR,DET,Yohendrick Piñango,682818,2.0,RF,Confirmed,3.33,,,,,0.73,0.2,,,,,0.7337807170427086,0.7282918701556167,0.22087697627228028,0.18584374155518807,0.7061469265367316,0.6192887584894886,0.04893687529203227,0.04143095912299405,,,0.66,0.35,0.26,1.32,0.05,0.95,0.16,0.01,0.0,0.273,0.9875776397515532,0.9245125432778083,0.155,,0.007,,0.0,,False,96.0,99.0,96.0,88.0,93.0,91.0,91.0,92.0,94.0,high,high,high,high,high,high,high,high,high,2026-05-16
hitter,TOR,DET,Vladimir Guerrero Jr.,665489,3.0,1B,Confirmed,4.45,,,,,0.76,0.3,,,,,0.755726625943803,0.7710409253234669,0.3094783896334181,0.29027557818396693,0.994208494208494,0.9677283984185392,0.08604747303835414,0.09267777957402193,,,0.98,0.56,0.45,2.11,0.09,1.33,0.2,0.01,0.0,0.324,1.3148148148148149,1.3428604853630488,0.203,,0.009,,0.0,,False,96.0,99.0,96.0,88.0,93.0,91.0,91.0,92.0,94.0,high,high,high,high,high,high,high,high,high,2026-05-16
hitter,TOR,DET,Kazuma Okamoto,672960,4.0,3B,Confirmed,4.27,,,,,1.2,0.33,,,,,1.199015476543883,1.19508763461932,0.3496687187362387,0.31626502936152584,0.8949771689497716,0.9063470389042365,0.16474657656185063,0.16196065597111606,,,0.9,0.56,0.45,2.0,0.16,1.4,0.19,0.01,0.0,0.336,1.3148148148148149,1.4751872683782026,0.193,,0.01,,0.0,,False,96.0,99.0,96.0,88.0,93.0,91.0,91.0,92.0,94.0,high,high,high,high,high,high,high,high,high,2026-05-16
hitter,TOR,DET,Daulton Varsho,662139,5.0,CF,Confirmed,4.25,,,,,1.16,0.3,,,,,1.1136522555197477,1.1984920515492,0.2977888330568671,0.2954642170151052,0.8770949720670391,0.8437937558147468,0.10131832789665424,0.09378551282243293,,,0.86,0.5,0.42,1.91,0.1,1.3,0.19,0.01,0.0,0.298,1.3148148148148149,1.2911609720709134,0.185,,0.011,,0.0,,False,96.0,99.0,96.0,88.0,93.0,91.0,91.0,92.0,94.0,high,high,high,high,high,high,high,high,high,2026-05-16
hitter,TOR,DET,Jesús Sánchez,660821,6.0,RF,Confirmed,3.96,,,,,0.95,0.23,,,,,0.8595057412867662,1.0317878753979763,0.21288393153248295,0.25468452519032575,0.8694581280788177,0.7979238521530413,0.0774152598006527,0.07587764738967866,,,0.83,0.38,0.37,1.65,0.08,1.22,0.19,0.01,0.0,0.279,1.239368165249089,1.2097590070907573,0.193,,0.01,,0.0,,False,96.0,99.0,96.0,88.0,93.0,91.0,91.0,92.0,94.0,high,high,high,high,high,high,high,high,high,2026-05-16
hitter,TOR,DET,Lenyn Sosa,672820,7.0,2B,Confirmed,3.49,,,,,0.57,0.28,,,,,0.5108596582525525,0.6228711968062591,0.290277597771487,0.2697278196101229,0.5846774193548387,0.5443922870108426,0.06739297395718932,0.052305866404328834,,,0.56,0.3,0.27,1.28,0.06,0.84,0.17,0.01,0.0,0.252,0.8408408408408409,0.840721522290463,0.169,,0.009,,0.0,,False,96.0,99.0,96.0,88.0,93.0,91.0,91.0,92.0,94.0,high,high,high,high,high,high,high,high,high,2026-05-16
hitter,TOR,DET,Andrés Giménez,665926,8.0,SS,Confirmed,4.08,,,,,0.76,0.23,,,,,0.7162950434223347,0.8048060417244634,0.2166681160002035,0.24473398932508805,0.8949771689497716,0.9516500471714281,0.09243768565875585,0.09636668225527666,,,0.93,0.42,0.36,1.79,0.09,1.33,0.2,0.02,0.0,0.299,1.3148148148148149,1.3457077317402018,0.195,,0.019,,0.0,,False,96.0,99.0,96.0,88.0,93.0,91.0,91.0,92.0,94.0,high,high,high,high,high,high,high,high,high,2026-05-16
hitter,TOR,DET,Tyler Heineman,623168,9.0,C,Confirmed,2.9,,,,,0.4,0.27,,,,,0.4306232195957608,0.37103221890926785,0.2868923774938371,0.2432182099074398,0.4125159642401022,0.39820730998518983,0.02283767965100713,0.02165551561645884,,,0.4,0.28,0.24,1.2,0.02,0.62,0.17,0.01,0.0,0.281,0.6289308176100628,0.6119618309814158,0.175,,0.009,,0.0,,False,96.0,99.0,96.0,88.0,93.0,91.0,91.0,92.0,94.0,high,high,high,high,high,high,high,high,high,2026-05-16
hitter,STL,KC,Masyn Winn,691026,1.0,SS,Confirmed,4.61,,,,,0.78,0.21,,,,,0.7377549270837115,0.8197552342745141,0.19808987782131765,0.22655672122647594,0.994208494208494,1.0981826757823117,0.1578353320336991,0.20945048319497014,,,1.05,0.5,0.35,1.85,0.18,1.88,0.2,0.01,0.0,0.278,1.914285714285714,1.853723536597265,0.201,,0.013,,0.0,,False,96.0,99.0,96.0,88.0,93.0,91.0,91.0,92.0,94.0,high,high,high,high,high,high,high,high,high,2026-05-16
hitter,STL,KC,Iván Herrera,671056,2.0,DH,Confirmed,4.39,,,,,0.81,0.29,,,,,0.7388911864302159,0.8716558351975304,0.2828516361513449,0.2872685276255492,0.8770949720670391,0.9129671991746192,0.24658285123304777,0.311459607748349,,,0.9,0.52,0.35,1.87,0.28,1.89,0.19,0.01,0.0,0.312,1.914285714285714,1.8749730137569742,0.194,,0.009,,0.0,,False,96.0,99.0,96.0,88.0,93.0,91.0,91.0,92.0,94.0,high,high,high,high,high,high,high,high,high,2026-05-16
hitter,STL,KC,Jordan Walker,691023,3.0,RF,Confirmed,4.25,,,,,1.12,0.27,,,,,1.0157070933937682,1.229024968623173,0.268979756640469,0.2786043132485929,0.8694581280788177,0.9111813783952575,0.21419139337668003,0.23818436135268578,,,0.89,0.47,0.36,1.71,0.23,1.68,0.19,0.01,0.0,0.294,1.684375,1.670922613308324,0.191,,0.01,,0.0,,False,96.0,99.0,96.0,88.0,93.0,91.0,91.0,92.0,94.0,high,high,high,high,high,high,high,high,high,2026-05-16
hitter,STL,KC,Alec Burleson,676475,4.0,1B,Confirmed,4.26,,,,,0.71,0.22,,,,,0.7190285148763244,0.7071271290936767,0.21620723494619498,0.22699139482513886,1.0,1.0392023750533044,0.26525256011768883,0.28589951286291143,,,1.02,0.55,0.44,2.09,0.28,1.97,0.24,0.01,0.0,0.335,2.057017543859649,1.895465906424845,0.243,,0.012,,0.0,,False,96.0,99.0,96.0,88.0,93.0,91.0,91.0,92.0,94.0,high,high,high,high,high,high,high,high,high,2026-05-16
hitter,STL,KC,José Fermín,665877,5.0,3B,Confirmed,3.48,,,,,0.62,0.23,,,,,0.5533460208036209,0.6771220575154158,0.2379850458339853,0.2229340652864994,0.5846774193548387,0.638006363558196,0.10355523647861403,0.11316753321447061,,,0.61,0.36,0.26,1.27,0.11,0.97,0.11,0.01,0.0,0.272,1.001763668430335,0.9351225717422217,0.109,,0.007,,0.0,,False,96.0,99.0,96.0,88.0,93.0,91.0,91.0,92.0,94.0,high,high,high,high,high,high,high,high,high,2026-05-16
hitter,STL,KC,Thomas Saggese,695336,6.0,2B,Confirmed,2.55,,,,,0.74,0.22,,,,,0.770764654367788,0.7175716913189425,0.2600899991157881,0.18677459639497146,0.6506024096385542,0.49098628610979556,0.034090025199340956,0.022009857027033772,,,0.56,0.25,0.22,1.01,0.03,0.74,0.13,0.01,0.0,0.301,0.8408408408408409,0.6641729947830213,0.128,,0.009,,0.0,,False,96.0,99.0,96.0,88.0,93.0,91.0,91.0,92.0,94.0,high,high,high,high,high,high,high,high,high,2026-05-16
hitter,STL,KC,Nathan Church,701675,7.0,LF,Confirmed,4.14,,,,,0.79,0.22,,,,,0.6925241754423427,0.8858756844781055,0.22350825901987448,0.22527417248799025,0.7715355805243446,0.7861549007645675,0.1778559552419178,0.22020376015227391,,,0.78,0.37,0.29,1.46,0.2,1.38,0.2,0.01,0.0,0.273,1.3148148148148149,1.4295909962962692,0.198,,0.011,,0.0,,False,96.0,99.0,96.0,88.0,93.0,91.0,91.0,92.0,94.0,high,high,high,high,high,high,high,high,high,2026-05-16
hitter,STL,KC,Pedro Pagés,686780,8.0,C,Confirmed,4.18,,,,,1.04,0.22,,,,,0.9688955060993804,1.1064595651041347,0.19776222031196458,0.23815722333028916,0.994208494208494,0.9787106892279837,0.21077674608448013,0.2383040293148907,,,0.99,0.44,0.35,1.78,0.22,1.86,0.2,0.01,0.0,0.309,1.914285714285714,1.810389491490285,0.202,,0.009,,0.0,,False,96.0,99.0,96.0,88.0,93.0,91.0,91.0,92.0,94.0,high,high,high,high,high,high,high,high,high,2026-05-16
hitter,STL,KC,Victor Scott II,687363,9.0,CF,Confirmed,3.1,,,,,0.81,0.17,,,,,0.8115149223215578,0.8090139361064453,0.15800910639264804,0.18536328266012572,0.4803149606299212,0.48037924783938313,0.08658148035386465,0.09515278844872876,,,0.48,0.27,0.21,1.06,0.09,0.79,0.13,0.01,0.0,0.271,0.8408408408408409,0.7453685814319174,0.128,,0.011,,0.0,,False,96.0,99.0,96.0,88.0,93.0,91.0,91.0,92.0,94.0,high,high,high,high,high,high,high,high,high,2026-05-16
hitter,KC,STL,Maikel Garcia,672580,1.0,3B,Confirmed,4.18,,,,,0.38,0.54,,,,,0.39948428007323533,0.35498702323481407,0.5627987211323608,0.5256680269640821,0.707983193277311,0.7459199904094382,0.03102160813167428,0.040843424144805816,,,0.73,0.43,0.26,1.4,0.04,0.95,0.12,0.01,0.0,0.279,0.9875776397515532,0.91171991104769,0.116,,0.01,,0.0,,False,96.0,99.0,96.0,88.0,93.0,91.0,91.0,92.0,94.0,high,high,high,high,high,high,high,high,high,2026-05-16
hitter,KC,STL,Bobby Witt Jr.,677951,2.0,SS,Confirmed,4.25,,,,,0.58,0.58,,,,,0.5828157045139362,0.5795713109111166,0.5863141190869995,0.5767048618669273,0.707983193277311,0.7639883566472133,0.06912699763755209,0.07551064373287178,,,0.74,0.46,0.3,1.46,0.07,1.03,0.15,0.01,0.0,0.289,1.001763668430335,1.0595833332385662,0.147,,0.012,,0.0,,False,96.0,99.0,96.0,88.0,93.0,91.0,91.0,92.0,94.0,high,high,high,high,high,high,high,high,high,2026-05-16
hitter,KC,STL,Vinnie Pasquantino,686469,3.0,1B,Confirmed,4.45,,,,,0.56,0.6,,,,,0.5877246419521025,0.5343793978606302,0.6099967087636095,0.5957164220701507,0.707983193277311,0.7867413287083668,0.044324860421592505,0.05288711416408042,,,0.75,0.45,0.32,1.47,0.05,1.05,0.15,0.01,0.0,0.277,1.001763668430335,1.0890987388566986,0.152,,0.008,,0.0,,False,96.0,99.0,96.0,88.0,93.0,91.0,91.0,92.0,94.0,high,high,high,high,high,high,high,high,high,2026-05-16
hitter,KC,STL,Salvador Perez,521692,4.0,DH,Confirmed,4.25,,,,,0.7,0.36,,,,,0.7022386501468717,0.6977507864000002,0.35066501067524725,0.3646672879431149,0.801980198019802,0.827864564744846,0.04816066147003119,0.04929333999968345,,,0.82,0.41,0.32,1.43,0.05,1.08,0.13,0.01,0.0,0.249,1.1238670694864048,1.036755735629949,0.133,,0.008,,0.0,,False,96.0,99.0,96.0,88.0,93.0,91.0,91.0,92.0,94.0,high,high,high,high,high,high,high,high,high,2026-05-16
hitter,KC,STL,Carter Jensen,695600,5.0,C,Confirmed,3.93,,,,,0.79,0.55,,,,,0.7587739794417266,0.8172248125754884,0.5662866701265038,0.5423434335145416,0.6434108527131783,0.5931470462229297,0.036718188405553395,0.039988601809126015,,,0.62,0.37,0.24,1.13,0.04,0.84,0.1,0.01,0.0,0.259,0.8408408408408409,0.8332751476079495,0.096,,0.007,,0.0,,False,96.0,99.0,96.0,88.0,93.0,91.0,91.0,92.0,94.0,high,high,high,high,high,high,high,high,high,2026-05-16
hitter,KC,STL,Jac Caglianone,695506,6.0,RF,Confirmed,3.1,,,,,0.66,0.28,,,,,0.6710346491288897,0.6539332266916255,0.3040049800705392,0.2590142258304004,0.5290322580645161,0.45391025931731677,0.03509837085634954,0.03627274307683727,,,0.49,0.26,0.22,0.96,0.04,0.66,0.1,0.01,0.0,0.251,0.6720588235294118,0.6433182575834737,0.103,,0.008,,0.0,,False,96.0,99.0,96.0,88.0,93.0,91.0,91.0,92.0,94.0,high,high,high,high,high,high,high,high,high,2026-05-16
hitter,KC,STL,Isaac Collins,686555,7.0,LF,Confirmed,3.96,,,,,0.75,0.53,,,,,0.6791034171088324,0.8128223114945892,0.5524168216418279,0.5157940695093335,0.6434108527131783,0.5857639168696493,0.025436122742100865,0.025403673806185044,,,0.61,0.35,0.23,1.22,0.03,0.76,0.11,0.01,0.0,0.275,0.7899761336515513,0.7347391156998747,0.113,,0.008,,0.0,,False,96.0,99.0,96.0,88.0,93.0,91.0,91.0,92.0,94.0,high,high,high,high,high,high,high,high,high,2026-05-16
hitter,KC,STL,Michael Massey,686681,8.0,2B,Confirmed,3.02,,,,,0.42,0.24,,,,,0.44010194952553316,0.391329882351932,0.23425112190592431,0.24696193772573877,0.4125159642401022,0.3882981756846292,0.021598753638508682,0.013256255739274938,,,0.4,0.21,0.16,0.78,0.02,0.62,0.09,0.01,0.0,0.212,0.6720588235294118,0.568979743266395,0.091,,0.007,,0.0,,False,96.0,99.0,96.0,88.0,93.0,91.0,91.0,92.0,94.0,high,high,high,high,high,high,high,high,high,2026-05-16
hitter,KC,STL,Kyle Isbel,664728,9.0,CF,Confirmed,3.02,,,,,0.47,0.27,,,,,0.4773782509950736,0.4540635000626154,0.2899655850509064,0.2478543634525375,0.4803149606299212,0.4468299863210522,0.016950928764330783,0.0004619026094607535,,,0.46,0.22,0.15,0.78,0.01,0.62,0.09,0.01,0.0,0.227,0.6720588235294118,0.5723255189587383,0.091,,0.008,,0.0,,False,96.0,99.0,96.0,88.0,93.0,91.0,91.0,92.0,94.0,high,high,high,high,high,high,high,high,high,2026-05-16
hitter,COL,AZ,Willi Castro,650489,1.0,2B,Confirmed,3.49,,,,,0.63,0.09,,,,,0.5913659910348867,0.6687183726683691,0.07591360346244516,0.10152836726103534,0.4125159642401022,0.4694524178454504,0.06104791668403044,0.05683795919767054,,,0.44,0.24,0.15,0.8,0.06,0.7,0.09,0.01,0.0,0.184,0.6720588235294118,0.7262493818761083,0.094,,0.011,,0.0,,False,96.0,99.0,96.0,88.0,93.0,91.0,91.0,92.0,94.0,high,high,high,high,high,high,high,high,high,2026-05-16
hitter,COL,AZ,Brenton Doyle,686668,2.0,CF,Confirmed,3.33,,,,,1.16,0.25,,,,,1.0885076696034923,1.23100324255579,0.25705959028473047,0.23294334032260258,0.7061469265367316,0.5972318378165983,0.07193754919551981,0.061798268095259845,,,0.65,0.25,0.18,0.91,0.07,1.08,0.09,0.01,0.0,0.2,1.239368165249089,0.9563630779394421,0.093,,0.008,,0.0,,False,96.0,99.0,96.0,88.0,93.0,91.0,91.0,92.0,94.0,high,high,high,high,high,high,high,high,high,2026-05-16
hitter,COL,AZ,TJ Rumfield,681198,3.0,1B,Confirmed,3.96,,,,,0.47,0.12,,,,,0.47522277951925673,0.47006142284841684,0.09074791343747689,0.14131828962326298,0.4803149606299212,0.5259574215538476,0.06527090138055158,0.08667762500860256,,,0.51,0.28,0.2,0.95,0.08,0.85,0.1,0.01,0.0,0.191,0.7899761336515513,0.8991794107273603,0.105,,0.009,,0.0,,False,96.0,99.0,96.0,88.0,93.0,91.0,91.0,92.0,94.0,high,high,high,high,high,high,high,high,high,2026-05-16
hitter,COL,AZ,Hunter Goodman,696100,4.0,C,Confirmed,3.96,,,,,0.75,0.11,,,,,0.7089356044294424,0.7875713594492669,0.07489136810724778,0.1459305965253377,0.4803149606299212,0.5290047964786803,0.15871523308833463,0.1630021774382314,,,0.51,0.28,0.22,0.97,0.16,1.03,0.11,0.01,0.0,0.186,1.001763668430335,1.0611854935910665,0.107,,0.01,,0.0,,False,96.0,99.0,96.0,88.0,93.0,91.0,91.0,92.0,94.0,high,high,high,high,high,high,high,high,high,2026-05-16
hitter,COL,AZ,Mickey Moniak,666160,5.0,DH,Confirmed,3.81,,,,,0.69,0.07,,,,,0.6260527180359985,0.7462911375430741,0.06652160112190703,0.07604253300997864,0.4803149606299212,0.543253437796705,0.08868865474898052,0.10020081236033743,,,0.51,0.25,0.2,0.93,0.09,1.02,0.11,0.01,0.0,0.175,0.9875776397515532,1.0498562966950957,0.113,,0.012,,0.0,,False,96.0,99.0,96.0,88.0,93.0,91.0,91.0,92.0,94.0,high,high,high,high,high,high,high,high,high,2026-05-16
hitter,COL,AZ,Ezequiel Tovar,678662,6.0,SS,Confirmed,3.48,,,,,0.61,0.06,,,,,0.5681700127762114,0.6435471305048831,0.06003894814859934,0.06856404979334091,0.4125159642401022,0.4538404331193983,0.0797717383895396,0.07884059438901955,,,0.44,0.19,0.17,0.78,0.08,0.73,0.09,0.01,0.0,0.168,0.6720588235294118,0.7755272985028839,0.093,,0.01,,0.0,,False,96.0,99.0,96.0,88.0,93.0,91.0,91.0,92.0,94.0,high,high,high,high,high,high,high,high,high,2026-05-16
hitter,COL,AZ,Sterlin Thompson,694514,7.0,RF,Confirmed,2.77,,,,,0.57,0.05,,,,,0.4056464606004683,0.7274556615890908,0.05454895923054439,0.051641943089738074,0.3344051446945337,0.45334655764355297,0.0313315460014655,0.02849394311203202,,,0.4,0.15,0.12,0.6,0.03,0.63,0.07,0.01,0.0,0.16,0.4591194968553459,0.7624694185793425,0.065,,0.008,,0.0,,False,96.0,99.0,96.0,88.0,93.0,91.0,91.0,92.0,94.0,high,high,high,high,high,high,high,high,high,2026-05-16
hitter,COL,AZ,Kyle Karros,691720,8.0,3B,Confirmed,3.33,,,,,0.61,0.08,,,,,0.5785822640851829,0.6419104265737605,0.07656288059348064,0.08429685203932183,0.35424354243542433,0.4303277682262134,0.05091025115438842,0.0593318244779938,,,0.4,0.2,0.15,0.76,0.06,0.67,0.08,0.01,0.0,0.183,0.6720588235294118,0.6732251888270748,0.077,,0.008,,0.0,,False,96.0,99.0,96.0,88.0,93.0,91.0,91.0,92.0,94.0,high,high,high,high,high,high,high,high,high,2026-05-16
hitter,COL,AZ,Jake McCarthy,664983,9.0,LF,Confirmed,3.09,,,,,0.39,0.08,,,,,0.3840887942720177,0.38863874448289665,0.05781578760595229,0.09256603039509756,0.4125159642401022,0.42401340590773673,0.045716073431102455,0.04723967485945006,,,0.42,0.18,0.15,0.74,0.05,0.66,0.1,0.02,0.0,0.178,0.6720588235294118,0.6545223187588937,0.1,,0.017,,0.0,,False,96.0,99.0,96.0,88.0,93.0,91.0,91.0,92.0,94.0,high,high,high,high,high,high,high,high,high,2026-05-16
hitter,AZ,COL,Ketel Marte,606466,1.0,DH,Confirmed,4.64,,,,,0.59,0.69,,,,,0.6093819317118887,0.5728009534093734,0.7056481525693333,0.6695006585028285,1.607843137254902,1.2750436489480206,0.07260626338863585,0.08960427379898121,,,1.42,0.93,0.81,3.24,0.08,1.89,0.23,0.01,0.0,0.47,2.057017543859649,1.760220840941511,0.231,,0.013,,0.0,,False,96.0,99.0,96.0,88.0,93.0,91.0,91.0,92.0,94.0,high,high,high,high,high,high,high,high,high,2026-05-16
hitter,AZ,COL,Corbin Carroll,682998,2.0,RF,Confirmed,4.68,,,,,0.96,0.77,,,,,0.9355496171763401,0.9843055463631935,0.7762790019600783,0.7693910939145523,1.4947368421052631,1.2640405830042847,0.0928293811949227,0.09141446141849277,,,1.37,1.0,0.88,3.37,0.09,2.02,0.28,0.02,0.0,0.503,2.057017543859649,1.9865712045981452,0.278,,0.02,,0.0,,False,96.0,99.0,96.0,88.0,93.0,91.0,91.0,92.0,94.0,high,high,high,high,high,high,high,high,high,2026-05-16
hitter,AZ,COL,Geraldo Perdomo,672695,3.0,SS,Confirmed,4.68,,,,,0.44,0.76,,,,,0.4756964906808099,0.39787048522471713,0.7481433431872124,0.7714685082062505,1.5,1.274993192124698,0.045398577071353544,0.051402338584535405,,,1.38,0.8,0.74,3.04,0.05,1.74,0.25,0.01,0.0,0.416,1.914285714285714,1.5954449453268293,0.254,,0.014,,0.0,,False,96.0,99.0,96.0,88.0,93.0,91.0,91.0,92.0,94.0,high,high,high,high,high,high,high,high,high,2026-05-16
hitter,AZ,COL,Nolan Arenado,571448,4.0,3B,Confirmed,4.26,,,,,0.46,0.58,,,,,0.4940225683985928,0.4357618355116111,0.5922888683344941,0.5649944139565358,1.0980834272829765,1.0850726649593792,0.04584093438099995,0.05056798846487881,,,1.09,0.72,0.73,2.54,0.05,1.49,0.17,0.01,0.0,0.396,1.5956790123456794,1.409916401529193,0.173,,0.008,,0.0,,False,96.0,99.0,96.0,88.0,93.0,91.0,91.0,92.0,94.0,high,high,high,high,high,high,high,high,high,2026-05-16
hitter,AZ,COL,Ildemaro Vargas,545121,5.0,2B,Confirmed,4.61,,,,,0.49,0.36,,,,,0.48401344446293293,0.4897580340465274,0.34948480784207014,0.3783283423081076,1.4947368421052631,1.4310056869902092,0.056253725629974556,0.06630359028911482,,,1.46,0.8,0.78,3.08,0.06,1.81,0.23,0.01,0.0,0.406,1.914285714285714,1.7335848325431529,0.23,,0.014,,0.0,,False,96.0,99.0,96.0,88.0,93.0,91.0,91.0,92.0,94.0,high,high,high,high,high,high,high,high,high,2026-05-16
hitter,AZ,COL,Lourdes Gurriel Jr.,666971,6.0,LF,Confirmed,4.48,,,,,0.52,0.48,,,,,0.5391267516283126,0.5043983628497805,0.4716681650368756,0.4826049080061547,1.4947368421052631,1.2842337264405328,0.047910203612003474,0.06170702360421115,,,1.38,0.75,0.85,3.09,0.05,1.76,0.2,0.01,0.0,0.444,1.914285714285714,1.6270714528002719,0.203,,0.01,,0.0,,False,96.0,99.0,96.0,88.0,93.0,91.0,91.0,92.0,94.0,high,high,high,high,high,high,high,high,high,2026-05-16
hitter,AZ,COL,Jose Fernandez,699912,7.0,1B,Confirmed,4.08,,,,,0.88,0.45,,,,,0.8103716807657848,0.9456266618190912,0.44592264144430627,0.4559212476483088,1.1391752577319587,1.0931067184051246,0.04618098355091646,0.03988218013573378,,,1.11,0.57,0.56,2.23,0.04,1.39,0.18,0.01,0.0,0.374,1.3893129770992367,1.3956570882900048,0.177,,0.01,,0.0,,False,96.0,99.0,96.0,88.0,93.0,91.0,91.0,92.0,94.0,high,high,high,high,high,high,high,high,high,2026-05-16
hitter,AZ,COL,James McCann,543510,8.0,C,Confirmed,4.08,,,,,0.78,0.41,,,,,0.7528901986404178,0.7991534042643299,0.4095087553615163,0.4114714608628181,0.707983193277311,0.7820590644123457,0.0699828839109361,0.07000336590315143,,,0.75,0.57,0.57,2.24,0.07,1.02,0.17,0.01,0.0,0.372,0.9875776397515532,1.0438641214104925,0.175,,0.01,,0.0,,False,96.0,99.0,96.0,88.0,93.0,91.0,91.0,92.0,94.0,high,high,high,high,high,high,high,high,high,2026-05-16
hitter,AZ,COL,Ryan Waldschmidt,814439,9.0,LF,Confirmed,3.96,,,,,0.76,0.44,,,,,0.6231347258334313,0.8935325216664011,0.5078015340227662,0.36976044720499474,0.994208494208494,0.9043589637552735,0.02752998690161144,0.02671379400025147,,,0.94,0.43,0.39,1.71,0.03,1.16,0.17,0.01,0.0,0.303,1.1238670694864048,1.1826471289263416,0.172,,0.01,,0.0,,False,96.0,99.0,96.0,88.0,93.0,91.0,91.0,92.0,94.0,high,high,high,high,high,high,high,high,high,2026-05-16
hitter,WSH,BAL,James Wood,695578,1.0,RF,Confirmed,4.61,,,,,1.03,0.67,,,,,0.8905654009967793,1.1647466501396424,0.5924811388147613,0.7414915996721653,0.801980198019802,0.8477973146544827,0.2441379847234364,0.25030572202910417,,,0.83,0.63,0.4,2.02,0.25,1.62,0.2,0.01,0.0,0.365,1.5956790123456794,1.638795889542281,0.198,,0.01,,0.0,,False,96.0,99.0,96.0,88.0,93.0,91.0,91.0,92.0,94.0,high,high,high,high,high,high,high,high,high,2026-05-16
hitter,WSH,BAL,Luis García Jr.,671277,2.0,1B,Confirmed,3.96,,,,,0.49,0.24,,,,,0.4737577215908355,0.5156491616062135,0.2343780463258435,0.2539350325198595,0.7061469265367316,0.7342004867968531,0.10235329734000062,0.12365651325756774,,,0.72,0.44,0.32,1.66,0.11,1.19,0.16,0.01,0.0,0.284,1.239368165249089,1.1425752618658305,0.162,,0.008,,0.0,,False,96.0,99.0,96.0,88.0,93.0,91.0,91.0,92.0,94.0,high,high,high,high,high,high,high,high,high,2026-05-16
hitter,WSH,BAL,José Tena,677588,3.0,3B,Confirmed,3.02,,,,,0.99,0.21,,,,,1.001818971361676,0.9776652497304359,0.2360362909126611,0.18276800459173087,0.35424354243542433,0.32348245988603797,0.027079325198393112,0.030266932851319935,,,0.34,0.36,0.29,1.35,0.03,0.46,0.14,0.01,0.0,0.305,0.4591194968553459,0.45528829647860164,0.141,,0.01,,0.0,,False,96.0,99.0,96.0,88.0,93.0,91.0,91.0,92.0,94.0,high,high,high,high,high,high,high,high,high,2026-05-16
hitter,WSH,BAL,CJ Abrams,682928,4.0,SS,Confirmed,4.61,,,,,0.72,0.34,,,,,0.709539565531168,0.7324640417928188,0.3239042683342983,0.36190539995087256,0.801980198019802,0.8741232782342636,0.12180196828707035,0.15197081461408765,,,0.84,0.55,0.45,2.1,0.14,1.48,0.21,0.01,0.0,0.309,1.3893129770992367,1.5483005594566912,0.213,,0.009,,0.0,,False,96.0,99.0,96.0,88.0,93.0,91.0,91.0,92.0,94.0,high,high,high,high,high,high,high,high,high,2026-05-16
hitter,WSH,BAL,Daylen Lile,695734,5.0,LF,Confirmed,4.27,,,,,0.61,0.31,,,,,0.5995799254929846,0.6115810673842274,0.3185650831115938,0.310715785262941,0.8694581280788177,0.8174497015975617,0.11245375388223688,0.11375150480896852,,,0.84,0.55,0.45,2.09,0.11,1.36,0.19,0.02,0.0,0.327,1.3148148148148149,1.3919501588922876,0.19,,0.024,,0.0,,False,96.0,99.0,96.0,88.0,93.0,91.0,91.0,92.0,94.0,high,high,high,high,high,high,high,high,high,2026-05-16
hitter,WSH,BAL,Nasim Nuñez,683083,6.0,2B,Confirmed,3.96,,,,,1.0,0.44,,,,,0.9017658167829053,1.1078698681272339,0.45118267551553515,0.42262896503146774,0.4125159642401022,0.48507924624300713,0.026328483702221475,0.027930058920735957,,,0.45,0.4,0.34,1.61,0.03,0.63,0.15,0.01,0.0,0.301,0.6289308176100628,0.6258803883737722,0.152,,0.011,,0.0,,False,96.0,99.0,96.0,88.0,93.0,91.0,91.0,92.0,94.0,high,high,high,high,high,high,high,high,high,2026-05-16
hitter,WSH,BAL,Keibert Ruiz,660688,7.0,C,Confirmed,4.18,,,,,0.63,0.28,,,,,0.5875040041392178,0.6699406792361533,0.2757084287004383,0.2821386518936809,1.0980834272829765,1.080609002308507,0.0999546039216746,0.08475591257593114,,,1.09,0.44,0.38,1.92,0.09,1.5,0.19,0.01,0.0,0.301,1.4759615384615385,1.5138501667062054,0.187,,0.01,,0.0,,False,96.0,99.0,96.0,88.0,93.0,91.0,91.0,92.0,94.0,high,high,high,high,high,high,high,high,high,2026-05-16
hitter,WSH,BAL,Jorbit Vivas,678391,8.0,DH,Confirmed,2.9,,,,,0.47,0.18,,,,,0.4469721260725925,0.48910922784921895,0.18363017811893295,0.17690432047477775,0.4125159642401022,0.42498891866714167,0.04163048749545247,0.04459058678827705,,,0.42,0.28,0.22,1.15,0.04,0.66,0.11,0.01,0.0,0.283,0.6720588235294118,0.6535753559697532,0.111,,0.008,,0.0,,False,96.0,99.0,96.0,88.0,93.0,91.0,91.0,92.0,94.0,high,high,high,high,high,high,high,high,high,2026-05-16
hitter,WSH,BAL,Jacob Young,696285,9.0,CF,Confirmed,4.18,,,,,0.53,0.25,,,,,0.5037996925626492,0.5552454362463985,0.2314773141023819,0.2726765430683684,0.7061469265367316,0.7483900426683184,0.04425189115735626,0.05724426476240272,,,0.73,0.42,0.34,1.75,0.05,1.07,0.15,0.01,0.0,0.285,1.001763668430335,1.121084364272847,0.147,,0.011,,0.0,,False,96.0,99.0,96.0,88.0,93.0,91.0,91.0,92.0,94.0,high,high,high,high,high,high,high,high,high,2026-05-16
hitter,BAL,WSH,Gunnar Henderson,683002,1.0,SS,Confirmed,4.18,,,,,0.81,0.46,,,,,0.7559613551244841,0.8620370576641223,0.49917391133611644,0.4254830596815316,0.7061469265367316,0.6160132744678809,0.04769183950015136,0.04798136081916176,,,0.66,0.39,0.29,1.48,0.05,0.96,0.15,0.02,0.0,0.24,0.9875776397515532,0.9298415341499502,0.145,,0.016,,0.0,,False,96.0,99.0,96.0,88.0,93.0,91.0,91.0,92.0,94.0,high,high,high,high,high,high,high,high,high,2026-05-16
hitter,BAL,WSH,Taylor Ward,621493,2.0,LF,Confirmed,4.18,,,,,0.87,0.69,,,,,0.7941867927321331,0.937932425776522,0.7349278972312109,0.6524079890825426,0.6506024096385542,0.7073873141526064,0.05331797829426473,0.03501172491796987,,,0.68,0.41,0.29,1.47,0.04,0.93,0.15,0.01,0.0,0.259,0.8408408408408409,1.0033670087474738,0.152,,0.008,,0.0,,False,96.0,99.0,96.0,88.0,93.0,91.0,91.0,92.0,94.0,high,high,high,high,high,high,high,high,high,2026-05-16
hitter,BAL,WSH,Adley Rutschman,668939,3.0,C,Confirmed,4.04,,,,,0.56,0.43,,,,,0.5621312904037714,0.5588969098988975,0.43877113327762574,0.41645434765095984,0.7061469265367316,0.6368535342076536,0.0425085619150149,0.04965867785800296,,,0.67,0.39,0.32,1.51,0.05,0.92,0.16,0.01,0.0,0.245,0.9875776397515532,0.8677481194084716,0.157,,0.009,,0.0,,False,96.0,99.0,96.0,88.0,93.0,91.0,91.0,92.0,94.0,high,high,high,high,high,high,high,high,high,2026-05-16
hitter,BAL,WSH,Pete Alonso,624413,4.0,1B,Confirmed,4.25,,,,,0.87,0.49,,,,,0.8151185674742921,0.9186123514568397,0.49953416828773767,0.4847600652794821,0.7061469265367316,0.6035547269395614,0.06352917997488981,0.057498069905237384,,,0.65,0.41,0.35,1.55,0.06,1.0,0.16,0.01,0.0,0.242,1.001763668430335,0.9958048904812873,0.163,,0.01,,0.0,,False,96.0,99.0,96.0,88.0,93.0,91.0,91.0,92.0,94.0,high,high,high,high,high,high,high,high,high,2026-05-16
hitter,BAL,WSH,Samuel Basallo,694212,5.0,DH,Confirmed,3.81,,,,,0.82,0.3,,,,,0.7749428718686905,0.8670011202374097,0.3013821893672741,0.2989314579188605,0.5290322580645161,0.5117308297357281,0.06505782489654267,0.055016462407569036,,,0.52,0.35,0.3,1.36,0.06,0.81,0.14,0.01,0.0,0.226,0.7899761336515513,0.8236571146977755,0.135,,0.01,,0.0,,False,96.0,99.0,96.0,88.0,93.0,91.0,91.0,92.0,94.0,high,high,high,high,high,high,high,high,high,2026-05-16
hitter,BAL,WSH,Tyler O'Neill,641933,6.0,RF,Confirmed,3.49,,,,,0.8,0.41,,,,,0.8007359780767305,0.7967901100514123,0.41884576546005214,0.39829388193420806,0.4125159642401022,0.49211125701065955,0.038505439767828706,0.04192216070680707,,,0.46,0.29,0.26,1.19,0.04,0.67,0.12,0.01,0.0,0.24,0.6720588235294118,0.6628610072249412,0.12,,0.009,,0.0,,False,96.0,99.0,96.0,88.0,93.0,91.0,91.0,92.0,94.0,high,high,high,high,high,high,high,high,high,2026-05-16
hitter,BAL,WSH,Leody Taveras,665750,7.0,CF,Confirmed,3.1,,,,,0.65,0.27,,,,,0.649374566485396,0.6498304887312922,0.28388351520159694,0.24915616539222585,0.4125159642401022,0.36341876409348517,0.03278256059007488,0.024485078292585123,,,0.39,0.21,0.18,0.87,0.03,0.6,0.12,0.01,0.0,0.2,0.6720588235294118,0.5449917797639345,0.117,,0.012,,0.0,,False,96.0,99.0,96.0,88.0,93.0,91.0,91.0,92.0,94.0,high,high,high,high,high,high,high,high,high,2026-05-16
hitter,BAL,WSH,Coby Mayo,691723,8.0,3B,Confirmed,3.74,,,,,0.89,0.35,,,,,0.8785656491986689,0.9110337429024488,0.3459488795333473,0.35672701536365603,0.5290322580645161,0.5229785410435297,0.04353632427188408,0.03486711602548533,,,0.53,0.3,0.26,1.26,0.04,0.81,0.12,0.01,0.0,0.226,0.819611860070094,0.8026322210702277,0.116,,0.008,,0.0,,False,96.0,99.0,96.0,88.0,93.0,91.0,91.0,92.0,94.0,high,high,high,high,high,high,high,high,high,2026-05-16
hitter,BAL,WSH,Jeremiah Jackson,669236,9.0,2B,Confirmed,3.81,,,,,0.8,0.26,,,,,0.7640760152617098,0.8422763554403294,0.27099050201363695,0.24622084595966293,0.5846774193548387,0.5484772777769108,0.03777868764327002,0.039890005972985296,,,0.56,0.29,0.25,1.25,0.04,0.86,0.13,0.01,0.0,0.217,0.8408408408408409,0.8777967931778442,0.132,,0.011,,0.0,,False,96.0,99.0,96.0,88.0,93.0,91.0,91.0,92.0,94.0,high,high,high,high,high,high,high,high,high,2026-05-16
hitter,PIT,PHI,Oneil Cruz,665833,1.0,CF,Confirmed,4.18,,,,,0.98,0.69,,,,,0.9678032346712674,0.9927888970982081,0.7496155722657556,0.6306991968403465,1.0980834272829765,1.025774699215181,0.40744109629351294,0.37898285908677126,,,1.06,0.38,0.29,1.48,0.39,2.48,0.19,0.01,0.0,0.231,2.552380952380952,2.4203355762612193,0.188,,0.009,,0.0,,False,96.0,99.0,96.0,88.0,93.0,91.0,91.0,92.0,94.0,high,high,high,high,high,high,high,high,high,2026-05-16
hitter,PIT,PHI,Konnor Griffin,804606,2.0,SS,Confirmed,3.81,,,,,0.81,0.43,,,,,0.832347994014512,0.7942920260356294,0.43549750170032686,0.41540095048734965,1.0980834272829765,0.9478177492489418,0.18467579508361612,0.18447742298841954,,,1.02,0.35,0.28,1.43,0.18,1.93,0.15,0.01,0.0,0.227,2.057017543859649,1.8290737372749135,0.149,,0.009,,0.0,,False,96.0,99.0,96.0,88.0,93.0,91.0,91.0,92.0,94.0,high,high,high,high,high,high,high,high,high,2026-05-16
hitter,PIT,PHI,Bryan Reynolds,668804,3.0,LF,Confirmed,4.04,,,,,0.81,0.61,,,,,0.8549279509918161,0.7713214890626776,0.6388590628238048,0.573030804364735,1.0980834272829765,0.9659590887617889,0.24843690903814208,0.2107907768008674,,,1.03,0.41,0.35,1.63,0.23,1.88,0.17,0.01,0.0,0.254,2.057017543859649,1.731467333970121,0.173,,0.009,,0.0,,False,96.0,99.0,96.0,88.0,93.0,91.0,91.0,92.0,94.0,high,high,high,high,high,high,high,high,high,2026-05-16
hitter,PIT,PHI,Marcell Ozuna,542303,4.0,DH,Confirmed,4.18,,,,,0.88,0.69,,,,,0.8958011058287115,0.8552775708386186,0.7056240746065564,0.6646688613748171,1.0980834272829765,0.9541003310168967,0.25635425488220515,0.2727668484245294,,,1.02,0.39,0.34,1.61,0.26,1.95,0.13,0.01,0.0,0.228,2.057017543859649,1.8550148710373484,0.134,,0.007,,0.0,,False,96.0,99.0,96.0,88.0,93.0,91.0,91.0,92.0,94.0,high,high,high,high,high,high,high,high,high,2026-05-16
hitter,PIT,PHI,Ryan O'Hearn,656811,5.0,1B,Confirmed,4.04,,,,,0.67,0.49,,,,,0.6924202039988717,0.6453706358821879,0.5040967361878198,0.47567389652211856,1.0980834272829765,0.9712062857581947,0.1832557006861626,0.15324492706689435,,,1.03,0.39,0.34,1.6,0.17,1.77,0.15,0.01,0.0,0.236,1.914285714285714,1.6523161717547485,0.155,,0.009,,0.0,,False,96.0,99.0,96.0,88.0,93.0,91.0,91.0,92.0,94.0,high,high,high,high,high,high,high,high,high,2026-05-16
hitter,PIT,PHI,Nick Gonzales,693304,6.0,3B,Confirmed,3.89,,,,,0.52,0.36,,,,,0.5744478440787828,0.47270544690818544,0.36515252660602326,0.3488650589461938,1.1391752577319587,0.9905585139442358,0.1461567755026219,0.12474844072599404,,,1.06,0.34,0.35,1.58,0.14,1.77,0.14,0.01,0.0,0.241,1.914285714285714,1.653309792838925,0.137,,0.009,,0.0,,False,96.0,99.0,96.0,88.0,93.0,91.0,91.0,92.0,94.0,high,high,high,high,high,high,high,high,high,2026-05-16
hitter,PIT,PHI,Brandon Lowe,664040,7.0,2B,Confirmed,4.18,,,,,0.88,0.64,,,,,0.9503894143317294,0.8188114652115172,0.6894439779721178,0.5949576380207832,1.0980834272829765,1.056450392530663,0.33250150611191726,0.324466916132527,,,1.08,0.35,0.31,1.54,0.33,2.31,0.19,0.01,0.0,0.243,2.456692913385827,2.196419703180611,0.193,,0.011,,0.0,,False,96.0,99.0,96.0,88.0,93.0,91.0,91.0,92.0,94.0,high,high,high,high,high,high,high,high,high,2026-05-16
hitter,PIT,PHI,Jared Triolo,669707,8.0,1B,Confirmed,3.1,,,,,0.56,0.34,,,,,0.6211331168600404,0.4928470200393117,0.36765448596796935,0.3112852930038182,0.994208494208494,0.7200885551422437,0.09216718454183156,0.07526449097535945,,,0.84,0.27,0.24,1.22,0.08,1.26,0.14,0.01,0.0,0.248,1.4759615384615385,1.083894013876641,0.141,,0.008,,0.0,,False,96.0,99.0,96.0,88.0,93.0,91.0,91.0,92.0,94.0,high,high,high,high,high,high,high,high,high,2026-05-16
hitter,PIT,PHI,Henry Davis,680779,9.0,C,Confirmed,3.96,,,,,0.74,0.51,,,,,0.7178976508733456,0.771348522309924,0.5432847980136811,0.4760558762422991,0.994208494208494,0.8402720881059652,0.08893026121745254,0.07442720111688315,,,0.91,0.31,0.28,1.36,0.08,1.38,0.15,0.01,0.0,0.22,1.4759615384615385,1.308940496733334,0.148,,0.007,,0.0,,False,96.0,99.0,96.0,88.0,93.0,91.0,91.0,92.0,94.0,high,high,high,high,high,high,high,high,high,2026-05-16
hitter,PHI,PIT,Trea Turner,607208,1.0,SS,Confirmed,4.45,,,,,0.73,0.14,,,,,0.7454307236310967,0.7100855900874469,0.12853767995374962,0.14627492871717593,1.0980834272829765,1.0546918476273406,0.1082306200049929,0.10816794042522576,,,1.07,0.56,0.44,2.1,0.11,1.6,0.21,0.02,0.0,0.31,1.5956790123456794,1.595976502743246,0.211,,0.018,,0.0,,False,96.0,99.0,96.0,88.0,93.0,91.0,91.0,92.0,94.0,high,high,high,high,high,high,high,high,high,2026-05-16
hitter,PHI,PIT,Kyle Schwarber,656941,2.0,DH,Confirmed,4.57,,,,,1.2,0.36,,,,,1.2536446627084366,1.1534083362052332,0.3413076020092244,0.37376482780215275,0.8694581280788177,0.8221136502171111,0.2872752416685768,0.26242671137033113,,,0.84,0.65,0.51,2.06,0.27,1.79,0.19,0.01,0.0,0.36,1.914285714285714,1.6814655948778923,0.186,,0.007,,0.0,,False,96.0,99.0,96.0,88.0,93.0,91.0,91.0,92.0,94.0,high,high,high,high,high,high,high,high,high,2026-05-16
hitter,PHI,PIT,Bryce Harper,547180,3.0,1B,Confirmed,4.48,,,,,0.8,0.21,,,,,0.7979571222624956,0.8003589949476737,0.18075581980090913,0.23237819455624448,1.0980834272829765,1.0003296594654536,0.17942330758845923,0.16252713294826288,,,1.04,0.62,0.56,2.28,0.17,1.83,0.19,0.01,0.0,0.34,1.914285714285714,1.7545163508067272,0.194,,0.008,,0.0,,False,96.0,99.0,96.0,88.0,93.0,91.0,91.0,92.0,94.0,high,high,high,high,high,high,high,high,high,2026-05-16
hitter,PHI,PIT,Alec Bohm,664761,4.0,3B,Confirmed,4.18,,,,,0.61,0.13,,,,,0.6020031964315634,0.6095428072465203,0.1352057376557136,0.1152329460557156,1.0980834272829765,1.046864129790122,0.11677395468314802,0.12936451791534548,,,1.07,0.55,0.51,2.16,0.12,1.64,0.23,0.01,0.0,0.325,1.5956790123456794,1.682627911775088,0.227,,0.009,,0.0,,False,96.0,99.0,96.0,88.0,93.0,91.0,91.0,92.0,94.0,high,high,high,high,high,high,high,high,high,2026-05-16
hitter,PHI,PIT,Brandon Marsh,669016,5.0,LF,Confirmed,4.08,,,,,0.84,0.15,,,,,0.7870119379624482,0.8986717554652378,0.12779439795245337,0.16627638269501588,0.8694581280788177,0.8667568829112177,0.08902273337485592,0.09319063892776416,,,0.87,0.45,0.4,1.73,0.09,1.28,0.16,0.01,0.0,0.273,1.239368165249089,1.3199346825125975,0.157,,0.011,,0.0,,False,96.0,99.0,96.0,88.0,93.0,91.0,91.0,92.0,94.0,high,high,high,high,high,high,high,high,high,2026-05-16
hitter,PHI,PIT,Adolis García,666969,6.0,RF,Confirmed,4.18,,,,,0.97,0.1,,,,,0.9489140100386647,0.984514321206102,0.11019365736143541,0.08741793230857152,1.0,0.9807079720715336,0.15764630348221345,0.1734402650236571,,,0.99,0.47,0.51,1.99,0.17,1.8,0.23,0.01,0.0,0.315,1.914285714285714,1.7040622658768005,0.23,,0.009,,0.0,,False,96.0,99.0,96.0,88.0,93.0,91.0,91.0,92.0,94.0,high,high,high,high,high,high,high,high,high,2026-05-16
hitter,PHI,PIT,Bryson Stott,681082,7.0,2B,Confirmed,4.04,,,,,0.64,0.14,,,,,0.6222267847300069,0.6648331264566131,0.14409619426549963,0.13136931970702578,0.8694581280788177,0.8756846999377782,0.07967751584498814,0.08426589268277702,,,0.87,0.4,0.35,1.62,0.08,1.3,0.16,0.01,0.0,0.281,1.239368165249089,1.3570950487570193,0.165,,0.009,,0.0,,False,96.0,99.0,96.0,88.0,93.0,91.0,91.0,92.0,94.0,high,high,high,high,high,high,high,high,high,2026-05-16
hitter,PHI,PIT,J.T. Realmuto,592663,8.0,C,Confirmed,4.04,,,,,1.21,0.19,,,,,1.0928479378340539,1.3370794895101217,0.1812315214591452,0.189987751079268,0.8694581280788177,0.885311734522655,0.03978341466331469,0.050076383159977235,,,0.88,0.45,0.43,1.87,0.04,1.24,0.21,0.01,0.0,0.313,1.239368165249089,1.2413481976316587,0.214,,0.013,,0.0,,False,96.0,99.0,96.0,88.0,93.0,91.0,91.0,92.0,94.0,high,high,high,high,high,high,high,high,high,2026-05-16
hitter,PHI,PIT,Justin Crawford,702222,9.0,CF,Confirmed,3.96,,,,,0.85,0.14,,,,,0.8035472059521193,0.888696740606456,0.136177605768788,0.1533733797284179,0.8694581280788177,0.8935214634014987,0.07640616824002988,0.0696065544249563,,,0.88,0.38,0.35,1.6,0.07,1.32,0.18,0.01,0.0,0.274,1.239368165249089,1.3881018462966477,0.18,,0.01,,0.0,,False,96.0,99.0,96.0,88.0,93.0,91.0,91.0,92.0,94.0,high,high,high,high,high,high,high,high,high,2026-05-16
hitter,TB,MIA,Chandler Simpson,802415,1.0,LF,Confirmed,4.03,,,,,0.35,0.25,,,,,0.35603894281645265,0.3411684094270253,0.24303628158130497,0.25738356929007866,1.1702127659574468,1.1338978816881427,0.046565584714930046,0.05743011323601905,,,1.15,0.41,0.3,1.6,0.05,1.56,0.15,0.02,0.0,0.253,1.684375,1.4563741907409806,0.145,,0.016,,0.0,,False,96.0,99.0,96.0,88.0,93.0,91.0,91.0,92.0,94.0,high,high,high,high,high,high,high,high,high,2026-05-16
hitter,TB,MIA,Junior Caminero,691406,2.0,3B,Confirmed,4.18,,,,,0.68,0.41,,,,,0.7154607328893783,0.6419766816266674,0.4459058339666221,0.3820209439574508,1.4947368421052631,1.2424545814891865,0.42694905497497004,0.35780749067739775,,,1.36,0.47,0.34,1.71,0.39,2.7,0.18,0.01,0.0,0.293,2.775,2.636250107742486,0.185,,0.007,,0.0,,False,96.0,99.0,96.0,88.0,93.0,91.0,91.0,92.0,94.0,high,high,high,high,high,high,high,high,high,2026-05-16
hitter,TB,MIA,Jonathan Aranda,666018,3.0,1B,Confirmed,4.04,,,,,0.86,0.46,,,,,0.8480771342068194,0.8673981238618428,0.4793599261727576,0.4378098460721734,1.0980834272829765,1.0254346347362815,0.20376797051485704,0.18978768888438605,,,1.06,0.39,0.29,1.39,0.2,1.93,0.14,0.01,0.0,0.256,2.057017543859649,1.8210354241721072,0.141,,0.008,,0.0,,False,96.0,99.0,96.0,88.0,93.0,91.0,91.0,92.0,94.0,high,high,high,high,high,high,high,high,high,2026-05-16
hitter,TB,MIA,Yandy Díaz,650490,4.0,DH,Confirmed,4.18,,,,,0.52,0.44,,,,,0.5543672641210842,0.48777515271678296,0.44342456752378634,0.4382010008674458,1.4947368421052631,1.207171297372606,0.2766010625872804,0.27030193190075597,,,1.34,0.44,0.35,1.66,0.27,2.23,0.17,0.01,0.0,0.275,2.456692913385827,2.041471366735929,0.17,,0.008,,0.0,,False,96.0,99.0,96.0,88.0,93.0,91.0,91.0,92.0,94.0,high,high,high,high,high,high,high,high,high,2026-05-16
hitter,TB,MIA,Richie Palacios,680700,5.0,2B,Confirmed,3.09,,,,,0.69,0.32,,,,,0.7101510166391998,0.6728835197225678,0.36322528878835425,0.27785509898705,0.801980198019802,0.67429722547072,0.0783302547915567,0.05298902752142584,,,0.73,0.26,0.19,0.94,0.07,1.16,0.12,0.01,0.0,0.231,1.3148148148148149,1.027919959564231,0.121,,0.009,,0.0,,False,96.0,99.0,96.0,88.0,93.0,91.0,91.0,92.0,94.0,high,high,high,high,high,high,high,high,high,2026-05-16
hitter,TB,MIA,Cedric Mullins,656775,6.0,CF,Confirmed,3.81,,,,,0.73,0.35,,,,,0.6892067373949873,0.7756861232869027,0.3752758381955845,0.3320273461564196,0.994208494208494,0.948053056405111,0.17080054246320492,0.1801820834938829,,,0.97,0.32,0.29,1.31,0.18,1.78,0.15,0.01,0.0,0.253,1.914285714285714,1.667618293297609,0.151,,0.01,,0.0,,False,96.0,99.0,96.0,88.0,93.0,91.0,91.0,92.0,94.0,high,high,high,high,high,high,high,high,high,2026-05-16
hitter,TB,MIA,Jonny DeLuca,676356,7.0,RF,Confirmed,2.77,,,,,0.6,0.2,,,,,0.6000022222044696,0.6079342363311834,0.2158245484008867,0.18371938231857038,0.7777777777777778,0.6064195419738714,0.07921095810696843,0.049674960032089474,,,0.68,0.18,0.15,0.74,0.06,1.09,0.13,0.01,0.0,0.206,1.239368165249089,0.9658315721781326,0.127,,0.011,,0.0,,False,96.0,99.0,96.0,88.0,93.0,91.0,91.0,92.0,94.0,high,high,high,high,high,high,high,high,high,2026-05-16
hitter,TB,MIA,Hunter Feduccia,676439,8.0,C,Confirmed,2.77,,,,,0.69,0.29,,,,,0.726013897876314,0.6457718901181374,0.32380368838465456,0.26025664667880083,0.6434108527131783,0.5147918187099665,0.05157333957668948,0.045259810168402706,,,0.57,0.2,0.14,0.75,0.05,0.83,0.09,0.01,0.0,0.22,1.001763668430335,0.6848705317525118,0.091,,0.008,,0.0,,False,96.0,99.0,96.0,88.0,93.0,91.0,91.0,92.0,94.0,high,high,high,high,high,high,high,high,high,2026-05-16
hitter,TB,MIA,Taylor Walls,670764,9.0,SS,Confirmed,3.19,,,,,0.68,0.32,,,,,0.6962994559938228,0.6692261357535474,0.35832053712631473,0.2874618668183336,0.8949771689497716,0.7584814621613918,0.08670329801701601,0.07429833770608324,,,0.82,0.29,0.22,1.16,0.08,1.21,0.12,0.01,0.0,0.273,1.3893129770992367,1.0689016397916304,0.125,,0.009,,0.0,,False,96.0,99.0,96.0,88.0,93.0,91.0,91.0,92.0,94.0,high,high,high,high,high,high,high,high,high,2026-05-16
hitter,MIA,TB,Xavier Edwards,669364,1.0,2B,Confirmed,4.45,,,,,0.63,0.28,,,,,0.5986446268241535,0.6618069392432643,0.2621968650115084,0.30022225623972837,1.0980834272829765,1.0099805530196682,0.08288061824193371,0.11280463429897701,,,1.05,0.5,0.39,2.03,0.1,1.46,0.2,0.02,0.0,0.278,1.4759615384615385,1.4559552270181135,0.196,,0.018,,0.0,,False,96.0,99.0,96.0,88.0,93.0,91.0,91.0,92.0,94.0,high,high,high,high,high,high,high,high,high,2026-05-16
hitter,MIA,TB,Liam Hicks,689414,2.0,DH,Confirmed,4.18,,,,,0.62,0.24,,,,,0.5631000402024615,0.6711776130009967,0.24171564358870426,0.24757098083407686,0.8949771689497716,0.8811955115034559,0.10649780303092163,0.11486348432655338,,,0.89,0.45,0.35,1.8,0.11,1.34,0.19,0.01,0.0,0.267,1.3893129770992367,1.3064184673274029,0.193,,0.012,,0.0,,False,96.0,99.0,96.0,88.0,93.0,91.0,91.0,92.0,94.0,high,high,high,high,high,high,high,high,high,2026-05-16
hitter,MIA,TB,Otto Lopez,672640,3.0,SS,Confirmed,4.25,,,,,0.7,0.2,,,,,0.6801098708375724,0.7275853176318863,0.19097082192109371,0.2069235167630147,1.0980834272829765,1.0529196316508682,0.252895755087742,0.2020440648886421,,,1.07,0.49,0.44,2.03,0.23,1.92,0.22,0.01,0.0,0.281,2.057017543859649,1.805816869572805,0.224,,0.009,,0.0,,False,96.0,99.0,96.0,88.0,93.0,91.0,91.0,92.0,94.0,high,high,high,high,high,high,high,high,high,2026-05-16
hitter,MIA,TB,Kyle Stowers,669065,4.0,LF,Confirmed,4.25,,,,,1.21,0.3,,,,,1.2215073307351447,1.2039010654619706,0.33430117975761386,0.26302522797608924,0.801980198019802,0.8426595144149991,0.3409549743226281,0.2943335144916429,,,0.82,0.47,0.41,1.87,0.32,1.97,0.2,0.01,0.0,0.273,1.914285714285714,2.014451342327666,0.201,,0.011,,0.0,,False,96.0,99.0,96.0,88.0,93.0,91.0,91.0,92.0,94.0,high,high,high,high,high,high,high,high,high,2026-05-16
hitter,MIA,TB,Connor Norby,681393,5.0,1B,Confirmed,3.96,,,,,1.16,0.24,,,,,1.1118742041922083,1.203541869771615,0.22699978438623916,0.2470473634214349,0.7715355805243446,0.7699233554001031,0.23072071029191746,0.19345126174944807,,,0.77,0.45,0.41,1.86,0.21,1.37,0.17,0.01,0.0,0.279,1.3893129770992367,1.3518795398565562,0.169,,0.008,,0.0,,False,96.0,99.0,96.0,88.0,93.0,91.0,91.0,92.0,94.0,high,high,high,high,high,high,high,high,high,2026-05-16
hitter,MIA,TB,Jakob Marsee,805300,6.0,CF,Confirmed,4.18,,,,,1.09,0.32,,,,,1.0753043118767514,1.1112728493620707,0.3243523303751169,0.3105286893062591,0.7715355805243446,0.8323198750599633,0.21182654077655053,0.19550694872669128,,,0.8,0.41,0.4,1.81,0.2,1.77,0.22,0.01,0.0,0.286,1.914285714285714,1.6566333744774435,0.222,,0.014,,0.0,,False,96.0,99.0,96.0,88.0,93.0,91.0,91.0,92.0,94.0,high,high,high,high,high,high,high,high,high,2026-05-16
hitter,MIA,TB,Javier Sanoja,691594,7.0,3B,Confirmed,3.74,,,,,0.43,0.15,,,,,0.4090715516198181,0.4569730025265162,0.15121982733346415,0.1481447394425227,0.6506024096385542,0.5973213243508062,0.019869017246364248,0.02114007490744664,,,0.62,0.34,0.31,1.55,0.02,0.76,0.2,0.01,0.0,0.26,0.6720588235294118,0.8361556878918688,0.203,,0.01,,0.0,,False,96.0,99.0,96.0,88.0,93.0,91.0,91.0,92.0,94.0,high,high,high,high,high,high,high,high,high,2026-05-16
hitter,MIA,TB,Owen Caissie,683357,8.0,RF,Confirmed,3.1,,,,,1.03,0.12,,,,,1.0210534345052913,1.0443347011151973,0.12416329104637237,0.11389473236089845,0.4803149606299212,0.47243772240765397,0.10237092718631419,0.07937837813687855,,,0.48,0.28,0.25,1.23,0.09,1.05,0.16,0.01,0.0,0.253,1.001763668430335,1.094786102202111,0.159,,0.011,,0.0,,False,96.0,99.0,96.0,88.0,93.0,91.0,91.0,92.0,94.0,high,high,high,high,high,high,high,high,high,2026-05-16
hitter,MIA,TB,Joe Mack,691788,9.0,C,Confirmed,3.1,,,,,0.91,0.13,,,,,0.9146853794401966,0.9058363114708811,0.134166058287447,0.11988418835143988,0.5290322580645161,0.49836317500313804,0.09550224889108225,0.07271557809546769,,,0.51,0.3,0.27,1.34,0.08,0.94,0.16,0.01,0.0,0.271,1.001763668430335,0.896204930722008,0.157,,0.011,,0.0,,False,96.0,99.0,96.0,88.0,93.0,91.0,91.0,92.0,94.0,high,high,high,high,high,high,high,high,high,2026-05-16
hitter,CLE,CIN,Daniel Schneemann,682177,1.0,CF,Confirmed,3.19,,,,,0.98,0.29,,,,,0.9507772443192798,1.0040546366123533,0.3243456191581082,0.264457044315574,0.4125159642401022,0.41872748470741705,0.08653877488560371,0.08090868624909035,,,0.42,0.42,0.28,1.41,0.08,0.75,0.14,0.01,0.0,0.354,0.7899761336515513,0.7214049122950056,0.144,,0.008,,0.0,,False,96.0,99.0,96.0,88.0,93.0,91.0,91.0,92.0,94.0,high,high,high,high,high,high,high,high,high,2026-05-16
hitter,CLE,CIN,José Ramírez,608070,2.0,3B,Confirmed,4.93,,,,,0.38,0.76,,,,,0.39045796556674706,0.36150640429014114,0.7469290838712324,0.7648963092153906,0.8770949720670391,0.8909722788980241,0.14435557408519661,0.17680605661584275,,,0.88,0.7,0.49,2.33,0.16,1.58,0.25,0.01,0.0,0.377,1.4759615384615385,1.6620271839677325,0.249,,0.008,,0.0,,False,96.0,99.0,96.0,88.0,93.0,91.0,91.0,92.0,94.0,high,high,high,high,high,high,high,high,high,2026-05-16
hitter,CLE,CIN,Chase DeLauter,800050,3.0,DH,Confirmed,4.93,,,,,0.35,0.63,,,,,0.35810126527316477,0.339383902664497,0.6572887123033047,0.6038674174231984,0.994208494208494,1.0713623843867757,0.16054666846559065,0.1604458881259194,,,1.04,0.72,0.59,2.49,0.16,1.71,0.24,0.02,0.0,0.377,1.5956790123456794,1.7952781467768397,0.241,,0.017,,0.0,,False,96.0,99.0,96.0,88.0,93.0,91.0,91.0,92.0,94.0,high,high,high,high,high,high,high,high,high,2026-05-16
hitter,CLE,CIN,Kyle Manzardo,700932,4.0,1B,Confirmed,3.49,,,,,0.66,0.43,,,,,0.5999623601370094,0.7108144908459916,0.4634976704210386,0.39562270009891987,0.4803149606299212,0.4837994751595448,0.13113003334893766,0.12105629785055967,,,0.48,0.5,0.41,1.71,0.13,0.95,0.16,0.01,0.0,0.371,1.001763668430335,0.9161093193983806,0.164,,0.009,,0.0,,False,96.0,99.0,96.0,88.0,93.0,91.0,91.0,92.0,94.0,high,high,high,high,high,high,high,high,high,2026-05-16
hitter,CLE,CIN,Travis Bazzana,683953,5.0,2B,Confirmed,4.74,,,,,0.5,0.81,,,,,0.4542177233170933,0.5359955837249718,0.8198303262019603,0.8044335682197611,0.801980198019802,0.8979715103875423,0.14617056643166748,0.14893971708260373,,,0.85,0.68,0.53,2.3,0.15,1.4,0.24,0.01,0.0,0.378,1.3148148148148149,1.4771723610700063,0.237,,0.009,,0.0,,False,96.0,99.0,96.0,88.0,93.0,91.0,91.0,92.0,94.0,high,high,high,high,high,high,high,high,high,2026-05-16
hitter,CLE,CIN,Steven Kwan,680757,6.0,LF,Confirmed,4.93,,,,,0.26,0.54,,,,,0.2559618900395949,0.2606409467043197,0.5226240809710562,0.5529411812444845,1.0,1.1143916335778008,0.08891535640567633,0.10865571478336566,,,1.06,0.66,0.62,2.77,0.1,1.45,0.28,0.02,0.0,0.389,1.3148148148148149,1.5661045877743676,0.278,,0.019,,0.0,,False,96.0,99.0,96.0,88.0,93.0,91.0,91.0,92.0,94.0,high,high,high,high,high,high,high,high,high,2026-05-16
hitter,CLE,CIN,Angel Martínez,682657,7.0,RF,Confirmed,4.45,,,,,0.73,0.32,,,,,0.6363601727313126,0.8140996243345688,0.3000874248823516,0.33378800790339236,0.7715355805243446,0.8718240958985762,0.10363305577390644,0.1247513188545233,,,0.83,0.5,0.44,2.03,0.11,1.27,0.18,0.01,0.0,0.317,1.239368165249089,1.3031803528774355,0.182,,0.012,,0.0,,False,96.0,99.0,96.0,88.0,93.0,91.0,91.0,92.0,94.0,high,high,high,high,high,high,high,high,high,2026-05-16
hitter,CLE,CIN,Austin Hedges,595978,8.0,C,Confirmed,2.55,,,,,0.51,0.29,,,,,0.4967067835399246,0.5175884799719398,0.3184798094463559,0.26814449816035535,0.35424354243542433,0.26208449578467125,0.0663527997641791,0.05467298584916784,,,0.3,0.27,0.21,1.02,0.06,0.56,0.12,0.01,0.0,0.326,0.6289308176100628,0.49557578844301525,0.117,,0.008,,0.0,,False,96.0,99.0,96.0,88.0,93.0,91.0,91.0,92.0,94.0,high,high,high,high,high,high,high,high,high,2026-05-16
hitter,CLE,CIN,Brayan Rocchio,677587,9.0,SS,Confirmed,4.48,,,,,0.48,0.35,,,,,0.4805625192692897,0.48560175899283015,0.3290114750427674,0.3731237836240937,0.801980198019802,0.8441360847561613,0.07371148037680827,0.07848693224781071,,,0.83,0.48,0.41,1.99,0.08,1.16,0.24,0.01,0.0,0.316,1.1238670694864048,1.1849513206640307,0.236,,0.012,,0.0,,False,96.0,99.0,96.0,88.0,93.0,91.0,91.0,92.0,94.0,high,high,high,high,high,high,high,high,high,2026-05-16
hitter,CIN,CLE,Dane Myers,667472,1.0,CF,Confirmed,1.84,,,,,0.42,0.13,,,,,0.4550918324428803,0.3783645259810282,0.1651708727133967,0.09276742796451701,0.4125159642401022,0.2654539187364228,0.018204006225955055,0.0087734953708969,,,0.33,0.17,0.12,0.62,0.01,0.39,0.09,0.01,0.0,0.236,0.4591194968553459,0.32781641397013567,0.088,,0.007,,0.0,,False,96.0,99.0,96.0,88.0,93.0,91.0,91.0,92.0,94.0,high,high,high,high,high,high,high,high,high,2026-05-16
hitter,CIN,CLE,Elly De La Cruz,682829,2.0,SS,Confirmed,4.26,,,,,0.74,0.35,,,,,0.6998362623614686,0.7750632372618542,0.33526721234975854,0.35995421646525144,0.994208494208494,0.8664950094642945,0.03895489476475555,0.04055321336679141,,,0.92,0.42,0.31,1.61,0.04,1.25,0.17,0.01,0.0,0.251,1.239368165249089,1.2561174263231498,0.173,,0.011,,0.0,,False,96.0,99.0,96.0,88.0,93.0,91.0,91.0,92.0,94.0,high,high,high,high,high,high,high,high,high,2026-05-16
hitter,CIN,CLE,Sal Stewart,701398,3.0,1B,Confirmed,4.25,,,,,0.72,0.32,,,,,0.6385204048043581,0.8004371652123553,0.32630505904335416,0.31722297567406416,0.8949771689497716,0.9226353088592596,0.043949452105233586,0.05473151584436403,,,0.91,0.4,0.33,1.53,0.05,1.32,0.21,0.01,0.0,0.24,1.3148148148148149,1.3203922042718423,0.206,,0.007,,0.0,,False,96.0,99.0,96.0,88.0,93.0,91.0,91.0,92.0,94.0,high,high,high,high,high,high,high,high,high,2026-05-16
hitter,CIN,CLE,Spencer Steer,668715,4.0,LF,Confirmed,4.18,,,,,0.63,0.34,,,,,0.5696603336072588,0.689731551431743,0.3640611002224,0.32127406496940775,0.8694581280788177,0.8525064457678764,0.029075277076807085,0.023721893977358292,,,0.86,0.39,0.32,1.52,0.03,1.21,0.18,0.01,0.0,0.244,1.239368165249089,1.18965943394703,0.177,,0.008,,0.0,,False,96.0,99.0,96.0,88.0,93.0,91.0,91.0,92.0,94.0,high,high,high,high,high,high,high,high,high,2026-05-16
hitter,CIN,CLE,JJ Bleday,668709,5.0,DH,Confirmed,3.96,,,,,0.63,0.43,,,,,0.5652992456981512,0.6935191275495413,0.43437446195237306,0.42567027538291885,0.7715355805243446,0.7740810112353137,0.033632176300408476,0.038321217818696296,,,0.77,0.37,0.29,1.36,0.04,1.1,0.16,0.01,0.0,0.244,1.1521739130434783,1.048450973490288,0.163,,0.01,,0.0,,False,96.0,99.0,96.0,88.0,93.0,91.0,91.0,92.0,94.0,high,high,high,high,high,high,high,high,high,2026-05-16
hitter,CIN,CLE,Matt McLain,680574,6.0,2B,Confirmed,3.74,,,,,0.63,0.3,,,,,0.563628656918717,0.6952379110764709,0.290895147476938,0.29973779864890165,0.707983193277311,0.690596706836431,0.026465585759210528,0.014216217611247764,,,0.7,0.3,0.28,1.29,0.02,1.04,0.16,0.01,0.0,0.236,1.1238670694864048,0.9686900508604684,0.16,,0.007,,0.0,,False,96.0,99.0,96.0,88.0,93.0,91.0,91.0,92.0,94.0,high,high,high,high,high,high,high,high,high,2026-05-16
hitter,CIN,CLE,Blake Dunn,694362,7.0,RF,Confirmed,3.49,,,,,1.16,0.35,,,,,1.168708879840793,1.1474173127504232,0.35847239312871804,0.3472529405711348,0.8949771689497716,0.7747858636355925,0.12177264930233975,0.14014772211925064,,,0.83,0.29,0.24,1.23,0.13,1.36,0.13,0.01,0.0,0.235,1.3148148148148149,1.393372251723604,0.131,,0.007,,0.0,,False,96.0,99.0,96.0,88.0,93.0,91.0,91.0,92.0,94.0,high,high,high,high,high,high,high,high,high,2026-05-16
hitter,CIN,CLE,Jose Trevino,624431,8.0,C,Confirmed,3.1,,,,,0.62,0.22,,,,,0.6501122051572987,0.5876612216377651,0.24458807390359621,0.19779748714643697,0.994208494208494,0.7543738359448134,0.1481424836380669,0.12267990108829353,,,0.86,0.28,0.24,1.23,0.14,1.6,0.17,0.01,0.0,0.26,1.914285714285714,1.3465325803517492,0.169,,0.008,,0.0,,False,96.0,99.0,96.0,88.0,93.0,91.0,91.0,92.0,94.0,high,high,high,high,high,high,high,high,high,2026-05-16
hitter,CIN,CLE,Ke'Bryan Hayes,663647,9.0,3B,Confirmed,3.33,,,,,0.42,0.17,,,,,0.4336347099278962,0.39921739651833604,0.1817192768163509,0.15704167886678705,0.7715355805243446,0.6948242994517831,0.02365158481141783,0.01996898170149634,,,0.73,0.28,0.24,1.23,0.02,0.93,0.14,0.01,0.0,0.244,1.001763668430335,0.8648238129899667,0.142,,0.008,,0.0,,False,96.0,99.0,96.0,88.0,93.0,91.0,91.0,92.0,94.0,high,high,high,high,high,high,high,high,high,2026-05-16
hitter,HOU,TEX,Jose Altuve,514888,1.0,2B,Confirmed,3.81,,,,,0.76,0.4,,,,,0.7649525998980555,0.7598236334643463,0.41834642736647387,0.37413802129746837,0.7061469265367316,0.6365985937504959,0.08240846456924358,0.08350332700224715,,,0.67,0.2,0.15,0.77,0.08,1.06,0.1,0.01,0.0,0.132,1.1238670694864048,1.0002881777125368,0.1,,0.007,,0.0,,False,96.0,99.0,96.0,88.0,93.0,91.0,91.0,92.0,94.0,high,high,high,high,high,high,high,high,high,2026-05-16
hitter,HOU,TEX,Isaac Paredes,670623,2.0,3B,Confirmed,3.74,,,,,0.73,0.41,,,,,0.7328853439159676,0.7217817810486564,0.4082954379707303,0.4150560197146087,0.4125159642401022,0.47201026385209677,0.13776382825360733,0.1259536751580588,,,0.45,0.23,0.17,0.88,0.13,0.99,0.1,0.01,0.0,0.155,1.001763668430335,0.9889306611343972,0.104,,0.006,,0.0,,False,96.0,99.0,96.0,88.0,93.0,91.0,91.0,92.0,94.0,high,high,high,high,high,high,high,high,high,2026-05-16
hitter,HOU,TEX,Yordan Alvarez,670541,3.0,DH,Confirmed,3.89,,,,,0.83,0.56,,,,,0.8544918802856831,0.8079271057686854,0.5282629161461674,0.584124108585467,0.4125159642401022,0.5006565418669641,0.17054881822659657,0.1741055001758301,,,0.46,0.24,0.2,0.92,0.17,1.18,0.1,0.01,0.0,0.156,1.1521739130434783,1.207406578892662,0.1,,0.007,,0.0,,False,96.0,99.0,96.0,88.0,93.0,91.0,91.0,92.0,94.0,high,high,high,high,high,high,high,high,high,2026-05-16
hitter,HOU,TEX,Christian Walker,572233,4.0,1B,Confirmed,3.74,,,,,1.03,0.31,,,,,1.01664664486279,1.043493684796624,0.30793377949073264,0.30975822043579704,0.4803149606299212,0.5107189835952839,0.18386935724716583,0.17570300044473067,,,0.5,0.22,0.2,0.91,0.18,1.17,0.1,0.01,0.0,0.149,1.1521739130434783,1.1812732099887917,0.099,,0.007,,0.0,,False,96.0,99.0,96.0,88.0,93.0,91.0,91.0,92.0,94.0,high,high,high,high,high,high,high,high,high,2026-05-16
hitter,HOU,TEX,Braden Shewmake,669699,5.0,SS,Confirmed,3.02,,,,,0.67,0.24,,,,,0.6477240991635812,0.6825273777259326,0.2616744203155098,0.21958510568039402,0.4125159642401022,0.31969780380715335,0.09170230425816214,0.07721196912508735,,,0.36,0.2,0.17,0.78,0.08,0.72,0.09,0.01,0.0,0.165,0.7899761336515513,0.6553792846499862,0.094,,0.006,,0.0,,False,96.0,99.0,96.0,88.0,93.0,91.0,91.0,92.0,94.0,high,high,high,high,high,high,high,high,high,2026-05-16
hitter,HOU,TEX,Brice Matthews,694728,6.0,CF,Confirmed,3.33,,,,,1.06,0.26,,,,,1.0745181151131178,1.0443567754569039,0.283040668763757,0.22866701053190283,0.4125159642401022,0.4126973357236171,0.12274780059095083,0.0985923456717789,,,0.41,0.17,0.17,0.76,0.11,0.9,0.1,0.01,0.0,0.15,0.9875776397515532,0.8195257179966012,0.102,,0.008,,0.0,,False,96.0,99.0,96.0,88.0,93.0,91.0,91.0,92.0,94.0,high,high,high,high,high,high,high,high,high,2026-05-16
hitter,HOU,TEX,Zach Cole,805904,7.0,LF,Confirmed,3.1,,,,,1.08,0.27,,,,,1.127239507806997,1.0249171403351585,0.28709265433825504,0.2612750428441462,0.3344051446945337,0.2556506556236331,0.0926571868592288,0.10342541399320773,,,0.29,0.15,0.13,0.61,0.1,0.72,0.09,0.01,0.0,0.142,0.7899761336515513,0.6597266583864378,0.092,,0.007,,0.0,,False,96.0,99.0,96.0,88.0,93.0,91.0,91.0,92.0,94.0,high,high,high,high,high,high,high,high,high,2026-05-16
hitter,HOU,TEX,Zach Dezenzo,701305,8.0,LF,Confirmed,2.55,,,,,0.88,0.23,,,,,0.9820812813536907,0.7876224685989566,0.24473315981866617,0.21130572022976005,0.3344051446945337,0.2088056492202096,0.07701743790946752,0.052741676372141715,,,0.27,0.14,0.12,0.59,0.06,0.54,0.08,0.01,0.0,0.157,0.6289308176100628,0.46582524576029605,0.075,,0.006,,0.0,,False,96.0,99.0,96.0,88.0,93.0,91.0,91.0,92.0,94.0,high,high,high,high,high,high,high,high,high,2026-05-16
hitter,HOU,TEX,Christian Vázquez,543877,9.0,C,Confirmed,3.02,,,,,0.59,0.23,,,,,0.601833020949301,0.5762429015444323,0.2528830203857175,0.20806006164712013,0.4125159642401022,0.3746404700950059,0.07673728314221132,0.07070941241574764,,,0.39,0.17,0.15,0.73,0.07,0.76,0.08,0.01,0.0,0.158,0.7899761336515513,0.7274269723280004,0.082,,0.007,,0.0,,False,96.0,99.0,96.0,88.0,93.0,91.0,91.0,92.0,94.0,high,high,high,high,high,high,high,high,high,2026-05-16
hitter,TEX,HOU,Joc Pederson,592626,1.0,DH,Confirmed,3.1,,,,,0.76,0.44,,,,,0.7523473001324767,0.7736883247754489,0.4666527077293545,0.41130482198314633,0.3344051446945337,0.2322233381243437,0.02286480899423903,0.020730382537782886,,,0.28,0.37,0.26,1.33,0.02,0.39,0.15,0.01,0.0,0.315,0.39285714285714285,0.38163740910807487,0.153,,0.009,,0.0,,False,96.0,99.0,96.0,88.0,93.0,91.0,91.0,92.0,94.0,high,high,high,high,high,high,high,high,high,2026-05-16
hitter,TEX,HOU,Brandon Nimmo,607043,2.0,RF,Confirmed,4.57,,,,,0.87,0.53,,,,,0.7906610309500575,0.9568376678868719,0.518099248949067,0.5430552538761049,0.35424354243542433,0.552020189759218,0.029649969290565716,0.039026787612587224,,,0.46,0.54,0.39,2.03,0.03,0.7,0.25,0.01,0.0,0.304,0.6289308176100628,0.767123549344991,0.254,,0.009,,0.0,,False,96.0,99.0,96.0,88.0,93.0,91.0,91.0,92.0,94.0,high,high,high,high,high,high,high,high,high,2026-05-16
hitter,TEX,HOU,Josh Jung,673962,3.0,3B,Confirmed,4.51,,,,,0.96,0.35,,,,,0.8792507943517983,1.050305162719091,0.351675902454766,0.3503492925899413,0.4125159642401022,0.5720310683020271,0.04353514740173716,0.05331075293617185,,,0.5,0.53,0.46,2.09,0.05,0.77,0.22,0.01,0.0,0.291,0.6720588235294118,0.8455082680607174,0.216,,0.01,,0.0,,False,96.0,99.0,96.0,88.0,93.0,91.0,91.0,92.0,94.0,high,high,high,high,high,high,high,high,high,2026-05-16
hitter,TEX,HOU,Evan Carter,694497,4.0,CF,Confirmed,3.54,,,,,0.77,0.42,,,,,0.7391255982377485,0.7948613928061243,0.42593051467859333,0.4225177119817692,0.3344051446945337,0.3425498519762236,0.022609245840362703,0.021570452800347636,,,0.34,0.43,0.35,1.64,0.02,0.47,0.19,0.01,0.0,0.311,0.44025157232704404,0.4860879858625182,0.188,,0.009,,0.0,,False,96.0,99.0,96.0,88.0,93.0,91.0,91.0,92.0,94.0,high,high,high,high,high,high,high,high,high,2026-05-16
hitter,TEX,HOU,Ezequiel Duran,677649,5.0,SS,Confirmed,4.18,,,,,0.82,0.36,,,,,0.7095462938419177,0.9369816082161546,0.3202493630994825,0.399754262789818,0.4125159642401022,0.4327064886654186,0.026932365610750908,0.025944339667345193,,,0.42,0.51,0.43,2.04,0.03,0.66,0.17,0.01,0.0,0.299,0.6289308176100628,0.6896849830311578,0.166,,0.01,,0.0,,False,96.0,99.0,96.0,88.0,93.0,91.0,91.0,92.0,94.0,high,high,high,high,high,high,high,high,high,2026-05-16
hitter,TEX,HOU,Alejandro Osuna,696030,6.0,CF,Confirmed,3.02,,,,,0.57,0.34,,,,,0.5672702599000201,0.5801374123974253,0.3464767108640502,0.3430402075909349,0.2543859649122807,0.2523928383482498,0.01776522593852986,0.015363555128710365,,,0.25,0.31,0.28,1.29,0.02,0.4,0.13,0.01,0.0,0.3,0.39285714285714285,0.39845966654249165,0.134,,0.009,,0.0,,False,96.0,99.0,96.0,88.0,93.0,91.0,91.0,92.0,94.0,high,high,high,high,high,high,high,high,high,2026-05-16
hitter,TEX,HOU,Jake Burger,669394,7.0,1B,Confirmed,3.96,,,,,0.93,0.27,,,,,0.889878668977907,0.9681271470330283,0.254488826230864,0.28665883173094286,0.35424354243542433,0.4401672093885991,0.03252419118104541,0.04526828232822031,,,0.4,0.41,0.37,1.77,0.04,0.58,0.2,0.01,0.0,0.293,0.5302013422818792,0.626810819390673,0.201,,0.008,,0.0,,False,96.0,99.0,96.0,88.0,93.0,91.0,91.0,92.0,94.0,high,high,high,high,high,high,high,high,high,2026-05-16
hitter,TEX,HOU,Danny Jansen,643376,8.0,C,Confirmed,3.33,,,,,1.11,0.08,,,,,1.0586775134710331,1.1529153689750327,0.09242346589973802,0.061086309046692426,0.4125159642401022,0.3927271155501404,0.08460620160851037,0.08093355443253611,,,0.4,0.33,0.27,1.38,0.08,0.76,0.16,0.01,0.0,0.295,0.7899761336515513,0.7424492610770154,0.164,,0.007,,0.0,,False,96.0,99.0,96.0,88.0,93.0,91.0,91.0,92.0,94.0,high,high,high,high,high,high,high,high,high,2026-05-16
hitter,TEX,HOU,Justin Foscue,679822,9.0,2B,Confirmed,2.55,,,,,0.67,0.18,,,,,0.5744899277582829,0.7612257667529877,0.2007739966852743,0.16680379643320864,0.2543859649122807,0.21789913995894145,0.01893105256805047,0.01643206218393911,,,0.23,0.26,0.22,1.13,0.02,0.31,0.13,0.01,0.0,0.298,0.3888888888888889,0.24107475858229943,0.126,,0.007,,0.0,,False,96.0,99.0,96.0,88.0,93.0,91.0,91.0,92.0,94.0,high,high,high,high,high,high,high,high,high,2026-05-16
hitter,CWS,CHC,Sam Antonacci,803011,1.0,LF,Confirmed,3.74,,,,,0.38,0.42,,,,,0.38907869360038383,0.37182338761337996,0.42738770238919155,0.41105956416678124,0.7061469265367316,0.7105540186966356,0.08290637014982463,0.07618726718683294,,,0.71,0.38,0.27,1.42,0.08,1.09,0.13,0.01,0.0,0.257,1.1238670694864048,1.0687652087619675,0.131,,0.01,,0.0,,False,96.0,99.0,96.0,88.0,93.0,91.0,91.0,92.0,94.0,high,high,high,high,high,high,high,high,high,2026-05-16
hitter,CWS,CHC,Munetaka Murakami,808959,2.0,1B,Confirmed,4.51,,,,,1.07,0.98,,,,,1.0435600148106465,1.0936675856491815,0.9901458842096923,0.9712771843630825,0.707983193277311,0.6554920256613869,0.2895445655640481,0.3469259163869752,,,0.68,0.51,0.33,1.64,0.32,1.78,0.2,0.01,0.0,0.309,1.914285714285714,1.6641663675473837,0.199,,0.008,,0.0,,False,96.0,99.0,96.0,88.0,93.0,91.0,91.0,92.0,94.0,high,high,high,high,high,high,high,high,high,2026-05-16
hitter,CWS,CHC,Miguel Vargas,678246,3.0,3B,Confirmed,4.39,,,,,0.57,0.66,,,,,0.585464881659666,0.5500499317824294,0.6596165038098096,0.6553717384568571,0.707983193277311,0.6987541536837653,0.17084760400857302,0.18010577261688349,,,0.7,0.44,0.34,1.59,0.18,1.3,0.15,0.01,0.0,0.265,1.3148148148148149,1.2829224030084652,0.147,,0.008,,0.0,,False,96.0,99.0,96.0,88.0,93.0,91.0,91.0,92.0,94.0,high,high,high,high,high,high,high,high,high,2026-05-16
hitter,CWS,CHC,Colson Montgomery,695657,4.0,SS,Confirmed,4.26,,,,,0.93,0.65,,,,,0.9279598922268466,0.9264904539195882,0.6575771180237054,0.6399236096269757,0.707983193277311,0.7198053829793424,0.25622565446885487,0.24914916897078915,,,0.71,0.45,0.36,1.61,0.25,1.59,0.15,0.01,0.0,0.276,1.684375,1.5162851134869573,0.151,,0.008,,0.0,,False,96.0,99.0,96.0,88.0,93.0,91.0,91.0,92.0,94.0,high,high,high,high,high,high,high,high,high,2026-05-16
hitter,CWS,CHC,Chase Meidroth,805367,5.0,2B,Confirmed,4.25,,,,,0.57,0.49,,,,,0.6084392699860109,0.5375000496779907,0.5102409436647846,0.47381575090010336,0.7715355805243446,0.7766968179202077,0.08195634089494133,0.10445368406467362,,,0.77,0.41,0.32,1.53,0.09,1.27,0.14,0.01,0.0,0.249,1.239368165249089,1.3037874408064616,0.143,,0.009,,0.0,,False,96.0,99.0,96.0,88.0,93.0,91.0,91.0,92.0,94.0,high,high,high,high,high,high,high,high,high,2026-05-16
hitter,CWS,CHC,Andrew Benintendi,643217,6.0,DH,Confirmed,3.49,,,,,0.54,0.45,,,,,0.5733548109551133,0.511663709844448,0.49046022023484603,0.40838484262701513,0.5846774193548387,0.5524089411116987,0.12101668096199286,0.11803043471216072,,,0.57,0.3,0.27,1.21,0.12,1.07,0.14,0.01,0.0,0.255,1.1238670694864048,1.0195979819899201,0.141,,0.007,,0.0,,False,96.0,99.0,96.0,88.0,93.0,91.0,91.0,92.0,94.0,high,high,high,high,high,high,high,high,high,2026-05-16
hitter,CWS,CHC,Jarred Kelenic,672284,7.0,RF,Confirmed,3.02,,,,,0.68,0.36,,,,,0.6672963742865327,0.6886156787044676,0.36303728640662325,0.3494742343431026,0.4125159642401022,0.37599875991410514,0.10861860259872441,0.0845151213598517,,,0.39,0.21,0.16,0.77,0.1,0.72,0.12,0.01,0.0,0.211,0.7899761336515513,0.6543562726307012,0.12,,0.008,,0.0,,False,96.0,99.0,96.0,88.0,93.0,91.0,91.0,92.0,94.0,high,high,high,high,high,high,high,high,high,2026-05-16
hitter,CWS,CHC,Tristan Peters,671976,8.0,CF,Confirmed,3.02,,,,,0.59,0.26,,,,,0.5591734996083737,0.6290795398432354,0.27107297933845453,0.24152893281254276,0.4125159642401022,0.44215607193445017,0.06554428665811761,0.06622029985994761,,,0.43,0.21,0.17,0.86,0.07,0.76,0.1,0.01,0.0,0.206,0.7899761336515513,0.7337296120633988,0.104,,0.007,,0.0,,False,96.0,99.0,96.0,88.0,93.0,91.0,91.0,92.0,94.0,high,high,high,high,high,high,high,high,high,2026-05-16
hitter,CWS,CHC,Drew Romo,691011,9.0,C,Confirmed,3.19,,,,,0.73,0.45,,,,,0.706963574633498,0.7453791051411015,0.4642624548084089,0.4340293026807895,0.4803149606299212,0.4085321209524042,0.10116318657514556,0.10648437109843058,,,0.44,0.22,0.16,0.79,0.1,0.84,0.12,0.01,0.0,0.221,1.001763668430335,0.716582013047843,0.124,,0.007,,0.0,,False,96.0,99.0,96.0,88.0,93.0,91.0,91.0,92.0,94.0,high,high,high,high,high,high,high,high,high,2026-05-16
hitter,CHC,CWS,Nico Hoerner,663538,1.0,SS,Confirmed,4.18,,,,,0.4,0.19,,,,,0.3363129956149644,0.46766023095548187,0.19737881260517945,0.19175629526148574,1.607843137254902,1.3452578391622343,0.03046703210961005,0.029567446930097798,,,1.46,0.36,0.27,1.4,0.03,1.75,0.15,0.02,0.0,0.223,1.914285714285714,1.6175393542378795,0.146,,0.019,,0.0,,False,96.0,99.0,96.0,88.0,93.0,91.0,91.0,92.0,94.0,high,high,high,high,high,high,high,high,high,2026-05-16
hitter,CHC,CWS,Michael Busch,683737,2.0,1B,Confirmed,4.18,,,,,1.09,0.43,,,,,1.104465572361288,1.0787407905150845,0.4386194538861963,0.41576461556893535,1.0980834272829765,1.0071419439105194,0.06114603781813903,0.055488732518029896,,,1.05,0.36,0.22,1.17,0.06,1.57,0.15,0.01,0.0,0.242,1.684375,1.4807863968433599,0.154,,0.008,,0.0,,False,96.0,99.0,96.0,88.0,93.0,91.0,91.0,92.0,94.0,high,high,high,high,high,high,high,high,high,2026-05-16
hitter,CHC,CWS,Alex Bregman,608324,3.0,3B,Confirmed,4.18,,,,,0.75,0.34,,,,,0.771987239210703,0.7206802071409513,0.3581199364951112,0.32511828348578437,1.0980834272829765,1.091311288098074,0.0413233940047769,0.029056542872590567,,,1.09,0.36,0.26,1.26,0.04,1.51,0.12,0.01,0.0,0.231,1.5956790123456794,1.447939404355551,0.12,,0.008,,0.0,,False,96.0,99.0,96.0,88.0,93.0,91.0,91.0,92.0,94.0,high,high,high,high,high,high,high,high,high,2026-05-16
hitter,CHC,CWS,Ian Happ,664023,4.0,DH,Confirmed,4.25,,,,,1.15,0.4,,,,,1.185100695167311,1.1114666033958303,0.37492391139489945,0.42055344205817197,1.0980834272829765,1.0199996056842988,0.06251830487584714,0.05319008716428894,,,1.06,0.36,0.25,1.19,0.06,1.53,0.11,0.01,0.0,0.229,1.5956790123456794,1.484697237627653,0.114,,0.007,,0.0,,False,96.0,99.0,96.0,88.0,93.0,91.0,91.0,92.0,94.0,high,high,high,high,high,high,high,high,high,2026-05-16
hitter,CHC,CWS,Seiya Suzuki,673548,5.0,RF,Confirmed,4.18,,,,,1.13,0.37,,,,,1.1571891231925775,1.0958617664568269,0.3911328250532483,0.3552673048660665,1.0980834272829765,1.070192671366185,0.060174307740771954,0.05409385572910643,,,1.08,0.38,0.27,1.3,0.06,1.61,0.14,0.01,0.0,0.249,1.684375,1.5491225735843082,0.137,,0.008,,0.0,,False,96.0,99.0,96.0,88.0,93.0,91.0,91.0,92.0,94.0,high,high,high,high,high,high,high,high,high,2026-05-16
hitter,CHC,CWS,Michael Conforto,624424,6.0,LF,Confirmed,3.02,,,,,0.85,0.43,,,,,0.8568308569160022,0.8440140454899964,0.4485611210890874,0.4017740318443311,0.35424354243542433,0.3057711597620497,0.0419166525882759,0.030654954070716566,,,0.33,0.19,0.16,0.71,0.04,0.52,0.09,0.01,0.0,0.201,0.5302013422818792,0.5151825153932975,0.086,,0.007,,0.0,,False,96.0,99.0,96.0,88.0,93.0,91.0,91.0,92.0,94.0,high,high,high,high,high,high,high,high,high,2026-05-16
hitter,CHC,CWS,Matt Shaw,807713,7.0,2B,Confirmed,3.1,,,,,0.73,0.17,,,,,0.7339055716393554,0.7354686845557993,0.18159656162464333,0.14860256129425095,0.7715355805243446,0.6190997861283589,0.03354601448758161,0.02682873115159398,,,0.69,0.2,0.16,0.77,0.03,0.94,0.09,0.01,0.0,0.195,1.001763668430335,0.8863749429787467,0.092,,0.01,,0.0,,False,96.0,99.0,96.0,88.0,93.0,91.0,91.0,92.0,94.0,high,high,high,high,high,high,high,high,high,2026-05-16
hitter,CHC,CWS,Pete Crow-Armstrong,691718,8.0,CF,Confirmed,4.18,,,,,1.05,0.22,,,,,1.0349588216366656,1.0656760646122532,0.23435155467975646,0.2013897152669312,1.0980834272829765,1.0430194327025903,0.05941972512358398,0.04635933193417852,,,1.07,0.3,0.24,1.18,0.05,1.58,0.15,0.01,0.0,0.212,1.5956790123456794,1.5722021231449308,0.149,,0.01,,0.0,,False,96.0,99.0,96.0,88.0,93.0,91.0,91.0,92.0,94.0,high,high,high,high,high,high,high,high,high,2026-05-16
hitter,CHC,CWS,Miguel Amaya,665804,9.0,C,Confirmed,3.74,,,,,1.06,0.35,,,,,1.0145997150037835,1.1099113779839085,0.36956747716707605,0.3209634912786956,0.7715355805243446,0.7256964711046059,0.0290865518243273,0.035330381266469736,,,0.75,0.28,0.21,1.07,0.03,0.99,0.13,0.01,0.0,0.228,1.001763668430335,0.9822400400716887,0.129,,0.008,,0.0,,False,96.0,99.0,96.0,88.0,93.0,91.0,91.0,92.0,94.0,high,high,high,high,high,high,high,high,high,2026-05-16
hitter,MIN,MIL,Austin Martin,668885,1.0,RF,Confirmed,4.04,,,,,0.54,0.15,,,,,0.5193219054620901,0.5573876493212876,0.16045522725167505,0.14422126261957494,0.707983193277311,0.7272109817760262,0.026789418984553347,0.014365988596313984,,,0.72,0.46,0.35,1.7,0.02,0.87,0.15,0.01,0.0,0.284,0.8408408408408409,0.8965847935717562,0.148,,0.008,,0.0,,False,96.0,99.0,96.0,88.0,93.0,91.0,91.0,92.0,94.0,high,high,high,high,high,high,high,high,high,2026-05-16
hitter,MIN,MIL,Brooks Lee,686797,2.0,SS,Confirmed,4.25,,,,,0.61,0.15,,,,,0.5811618730367465,0.6306593248662254,0.14571648221050698,0.15486436117840804,0.7715355805243446,0.7813115035486667,0.02955393171388625,0.033117786884145135,,,0.78,0.46,0.37,1.72,0.03,1.0,0.17,0.01,0.0,0.268,0.9875776397515532,1.006344335346186,0.167,,0.008,,0.0,,False,96.0,99.0,96.0,88.0,93.0,91.0,91.0,92.0,94.0,high,high,high,high,high,high,high,high,high,2026-05-16
hitter,MIN,MIL,Ryan Jeffers,680777,3.0,C,Confirmed,4.08,,,,,0.65,0.16,,,,,0.6360209643101228,0.6644606145641722,0.17127337056535552,0.15080652527871372,0.7061469265367316,0.674602447291684,0.03315446978970119,0.03490266728130509,,,0.69,0.48,0.42,1.77,0.03,0.84,0.13,0.01,0.0,0.292,0.8408408408408409,0.8366886124006396,0.133,,0.006,,0.0,,False,96.0,99.0,96.0,88.0,93.0,91.0,91.0,92.0,94.0,high,high,high,high,high,high,high,high,high,2026-05-16
hitter,MIN,MIL,Trevor Larnach,663616,4.0,LF,Confirmed,3.96,,,,,1.18,0.39,,,,,1.1820955522981471,1.1814228077618634,0.40444561309103855,0.3785369223261468,0.5290322580645161,0.5278173258637414,0.10156392577824425,0.12253399748643577,,,0.53,0.47,0.41,1.75,0.11,1.04,0.17,0.01,0.0,0.294,1.001763668430335,1.0651254544360234,0.167,,0.008,,0.0,,False,96.0,99.0,96.0,88.0,93.0,91.0,91.0,92.0,94.0,high,high,high,high,high,high,high,high,high,2026-05-16
hitter,MIN,MIL,Josh Bell,605137,5.0,DH,Confirmed,4.08,,,,,0.67,0.18,,,,,0.6639492301124713,0.6802201508010125,0.17301325357486463,0.18075338827140955,0.707983193277311,0.7321056600760077,0.06245496605605261,0.07464639822069842,,,0.72,0.53,0.5,1.9,0.07,1.02,0.16,0.01,0.0,0.315,1.001763668430335,1.0395590983539758,0.157,,0.007,,0.0,,False,96.0,99.0,96.0,88.0,93.0,91.0,91.0,92.0,94.0,high,high,high,high,high,high,high,high,high,2026-05-16
hitter,MIN,MIL,Kody Clemens,665019,6.0,1B,Confirmed,3.96,,,,,0.88,0.22,,,,,0.8386016414831624,0.9129053623122736,0.20705862460408142,0.24258603632946357,0.707983193277311,0.694290337311866,0.04968634929824446,0.04605066662768792,,,0.7,0.43,0.45,1.68,0.05,0.99,0.16,0.01,0.0,0.302,0.9875776397515532,0.9909205896542885,0.164,,0.008,,0.0,,False,96.0,99.0,96.0,88.0,93.0,91.0,91.0,92.0,94.0,high,high,high,high,high,high,high,high,high,2026-05-16
hitter,MIN,MIL,Royce Lewis,668904,7.0,3B,Confirmed,3.96,,,,,0.79,0.12,,,,,0.7561732969130981,0.8314537245854223,0.12018065471429766,0.1280688326728172,0.7061469265367316,0.7224878954854028,0.046710896684366565,0.03885130171187097,,,0.72,0.42,0.41,1.7,0.04,0.99,0.15,0.01,0.0,0.293,0.9875776397515532,0.9917098367911029,0.147,,0.007,,0.0,,False,96.0,99.0,96.0,88.0,93.0,91.0,91.0,92.0,94.0,high,high,high,high,high,high,high,high,high,2026-05-16
hitter,MIN,MIL,Tristan Gray,656484,8.0,2B,Confirmed,3.09,,,,,1.13,0.19,,,,,1.137239300972089,1.1179043133891664,0.2176790960852092,0.15694560102327343,0.7061469265367316,0.5511812854666854,0.20719858345952896,0.17684234824413445,,,0.62,0.28,0.26,1.08,0.19,1.2,0.13,0.01,0.0,0.258,1.3148148148148149,1.0981721422073796,0.129,,0.007,,0.0,,False,96.0,99.0,96.0,88.0,93.0,91.0,91.0,92.0,94.0,high,high,high,high,high,high,high,high,high,2026-05-16
hitter,MIN,MIL,James Outman,681546,9.0,CF,Confirmed,3.58,,,,,0.94,0.14,,,,,0.8821751340173368,1.004810059225752,0.14706901320148028,0.14070083971641703,0.5290322580645161,0.510372014936896,0.03500192054633686,0.04039617930629085,,,0.52,0.33,0.31,1.28,0.04,0.77,0.14,0.01,0.0,0.256,0.6720588235294118,0.8518196311341591,0.138,,0.007,,0.0,,False,96.0,99.0,96.0,88.0,93.0,91.0,91.0,92.0,94.0,high,high,high,high,high,high,high,high,high,2026-05-16
hitter,MIL,MIN,Jackson Chourio,694192,1.0,LF,Confirmed,4.18,,,,,1.2,0.17,,,,,1.213419266467769,1.1934750895574835,0.18215593273177094,0.16625860552476723,0.801980198019802,0.8104839969392598,0.032751207774822766,0.023922975164089744,,,0.81,0.49,0.39,1.74,0.03,1.09,0.17,0.01,0.0,0.288,1.1238670694864048,1.0570058254012007,0.174,,0.009,,0.0,,False,96.0,99.0,96.0,88.0,93.0,91.0,91.0,92.0,94.0,high,high,high,high,high,high,high,high,high,2026-05-16
hitter,MIL,MIN,Brice Turang,668930,2.0,2B,Confirmed,4.18,,,,,1.21,0.36,,,,,1.1419092564293833,1.2788767961421619,0.33560300868149284,0.38275664494256006,0.707983193277311,0.7260419011659378,0.03409068325208508,0.054083486876010695,,,0.72,0.48,0.35,1.6,0.04,0.99,0.13,0.01,0.0,0.294,1.001763668430335,0.977442578891937,0.133,,0.009,,0.0,,False,96.0,99.0,96.0,88.0,93.0,91.0,91.0,92.0,94.0,high,high,high,high,high,high,high,high,high,2026-05-16
hitter,MIL,MIN,William Contreras,661388,3.0,C,Confirmed,4.25,,,,,0.94,0.31,,,,,0.9198916320439416,0.9620311272449109,0.3012119952587461,0.3199606792304847,0.801980198019802,0.8151870737260183,0.03646636140000265,0.04726758301524239,,,0.81,0.52,0.45,1.84,0.04,1.1,0.16,0.01,0.0,0.311,1.1238670694864048,1.0734801990689398,0.163,,0.007,,0.0,,False,96.0,99.0,96.0,88.0,93.0,91.0,91.0,92.0,94.0,high,high,high,high,high,high,high,high,high,2026-05-16
hitter,MIL,MIN,Andrew Vaughn,683734,4.0,1B,Confirmed,4.04,,,,,0.94,0.3,,,,,0.9371999575488956,0.9365971623598549,0.2991902411348709,0.29466532170705184,0.707983193277311,0.7074797725822264,0.03356162376388239,0.03586395839944363,,,0.71,0.44,0.37,1.52,0.03,1.04,0.14,0.01,0.0,0.278,1.001763668430335,1.0693440545834632,0.145,,0.008,,0.0,,False,96.0,99.0,96.0,88.0,93.0,91.0,91.0,92.0,94.0,high,high,high,high,high,high,high,high,high,2026-05-16
hitter,MIL,MIN,Luis Rengifo,650859,5.0,3B,Confirmed,3.81,,,,,0.82,0.17,,,,,0.7766165074303509,0.8700971735139409,0.17778537039549516,0.1676718611890445,0.707983193277311,0.6524818267919198,0.01789583200382063,0.012111424651279639,,,0.68,0.36,0.3,1.37,0.02,0.98,0.15,0.01,0.0,0.238,0.9875776397515532,0.9657320094500396,0.149,,0.009,,0.0,,False,96.0,99.0,96.0,88.0,93.0,91.0,91.0,92.0,94.0,high,high,high,high,high,high,high,high,high,2026-05-16
hitter,MIL,MIN,Gary Sánchez,596142,6.0,C,Confirmed,3.81,,,,,0.85,0.55,,,,,0.8516984253066141,0.8395611611844745,0.6114375599591206,0.49848264028622635,1.0,0.8245162188019195,0.043136937640672564,0.045315286693703286,,,0.9,0.37,0.37,1.44,0.04,1.25,0.13,0.01,0.0,0.278,1.3148148148148149,1.199597407248179,0.132,,0.007,,0.0,,False,96.0,99.0,96.0,88.0,93.0,91.0,91.0,92.0,94.0,high,high,high,high,high,high,high,high,high,2026-05-16
hitter,MIL,MIN,Sal Frelick,686217,7.0,RF,Confirmed,3.96,,,,,0.67,0.26,,,,,0.6243938720630614,0.7187138698202162,0.24616903647174548,0.283035464003764,0.7715355805243446,0.7948795494552559,0.021501177842820282,0.026535370981352686,,,0.78,0.36,0.3,1.43,0.02,1.0,0.16,0.01,0.0,0.271,1.001763668430335,0.994690279017499,0.161,,0.008,,0.0,,False,96.0,99.0,96.0,88.0,93.0,91.0,91.0,92.0,94.0,high,high,high,high,high,high,high,high,high,2026-05-16
hitter,MIL,MIN,Blake Perkins,663368,8.0,CF,Confirmed,3.02,,,,,1.0,0.14,,,,,0.9492930170526851,1.054438662145649,0.1325532910264121,0.1566265659739218,0.4803149606299212,0.4796670035556138,0.023492392404502002,0.0240600994558368,,,0.48,0.24,0.21,0.93,0.02,0.63,0.1,0.01,0.0,0.229,0.6720588235294118,0.601591546383347,0.105,,0.008,,0.0,,False,96.0,99.0,96.0,88.0,93.0,91.0,91.0,92.0,94.0,high,high,high,high,high,high,high,high,high,2026-05-16
hitter,MIL,MIN,Joey Ortiz,687401,9.0,SS,Confirmed,2.26,,,,,0.56,0.07,,,,,0.580656107187188,0.5333058021907086,0.08813324683901172,0.06174030137282102,0.3344051446945337,0.2821135694844711,0.016516777223222878,0.006684287040998404,,,0.31,0.16,0.14,0.64,0.01,0.41,0.08,0.01,0.0,0.208,0.44025157232704404,0.3844149342020705,0.083,,0.007,,0.0,,False,96.0,99.0,96.0,88.0,93.0,91.0,91.0,92.0,94.0,high,high,high,high,high,high,high,high,high,2026-05-16
hitter,SEA,SD,J.P. Crawford,641487,1.0,SS,Confirmed,4.14,,,,,0.57,0.21,,,,,0.581969587699853,0.5637362763800955,0.19209665800946785,0.22470602586510524,0.801980198019802,0.8085958036850779,0.02993859752287974,0.020667262799671307,,,0.81,0.36,0.28,1.35,0.03,1.08,0.1,0.01,0.0,0.214,1.1238670694864048,1.037953468161473,0.098,,0.007,,0.0,,False,96.0,99.0,96.0,88.0,93.0,91.0,91.0,92.0,94.0,high,high,high,high,high,high,high,high,high,2026-05-16
hitter,SEA,SD,Julio Rodríguez,677594,2.0,CF,Confirmed,3.96,,,,,0.77,0.12,,,,,0.7143275837997297,0.830598201501569,0.11244155447861623,0.11870311382649845,0.801980198019802,0.7338368119201413,0.038770736135089134,0.034218856391669064,,,0.76,0.4,0.35,1.46,0.04,1.13,0.1,0.01,0.0,0.236,1.1521739130434783,1.1097717855645388,0.102,,0.007,,0.0,,False,96.0,99.0,96.0,88.0,93.0,91.0,91.0,92.0,94.0,high,high,high,high,high,high,high,high,high,2026-05-16
hitter,SEA,SD,Josh Naylor,647304,3.0,1B,Confirmed,3.96,,,,,0.49,0.14,,,,,0.5133594795945661,0.46624869836350463,0.12515897220576278,0.15556656790230378,0.801980198019802,0.7735077117238279,0.03435621665093848,0.01828310032704159,,,0.79,0.38,0.37,1.46,0.03,1.06,0.12,0.01,0.0,0.23,1.1238670694864048,1.0071012726676392,0.118,,0.006,,0.0,,False,96.0,99.0,96.0,88.0,93.0,91.0,91.0,92.0,94.0,high,high,high,high,high,high,high,high,high,2026-05-16
hitter,SEA,SD,Randy Arozarena,668227,4.0,LF,Confirmed,3.96,,,,,0.85,0.14,,,,,0.8130916955982751,0.8938429001812259,0.13718588517765093,0.14447638369242055,0.7715355805243446,0.7144744301223689,0.0368289335439422,0.02714660674620984,,,0.74,0.37,0.36,1.44,0.03,0.97,0.1,0.01,0.0,0.225,1.001763668430335,0.9446349302186909,0.101,,0.006,,0.0,,False,96.0,99.0,96.0,88.0,93.0,91.0,91.0,92.0,94.0,high,high,high,high,high,high,high,high,high,2026-05-16
hitter,SEA,SD,Luke Raley,670042,5.0,RF,Confirmed,3.1,,,,,0.75,0.09,,,,,0.7298814070647681,0.7781051363491973,0.10557273425205604,0.08290271262163391,0.5290322580645161,0.4587405397533659,0.029083125640392532,0.0246056282819566,,,0.49,0.24,0.23,0.89,0.03,0.67,0.09,0.01,0.0,0.188,0.6720588235294118,0.6664631751543489,0.088,,0.007,,0.0,,False,96.0,99.0,96.0,88.0,93.0,91.0,91.0,92.0,94.0,high,high,high,high,high,high,high,high,high,2026-05-16
hitter,SEA,SD,Cole Young,702284,6.0,2B,Confirmed,3.74,,,,,0.59,0.15,,,,,0.5998957752504398,0.582629344954763,0.15023411733530925,0.14696393614451136,0.801980198019802,0.7357496605429676,0.025061437123465976,0.0168607833401663,,,0.77,0.32,0.33,1.36,0.02,1.05,0.12,0.01,0.0,0.235,1.1238670694864048,0.9937322188383555,0.121,,0.007,,0.0,,False,96.0,99.0,96.0,88.0,93.0,91.0,91.0,92.0,94.0,high,high,high,high,high,high,high,high,high,2026-05-16
hitter,SEA,SD,Dominic Canzone,686527,7.0,DH,Confirmed,2.55,,,,,0.61,0.1,,,,,0.6141315478294737,0.5966244217643779,0.10183707364941824,0.09116625497299416,0.4125159642401022,0.35359168754351794,0.0209059732796699,0.01712653848801861,,,0.38,0.18,0.17,0.7,0.02,0.48,0.07,0.01,0.0,0.194,0.5302013422818792,0.43317227374726763,0.072,,0.006,,0.0,,False,96.0,99.0,96.0,88.0,93.0,91.0,91.0,92.0,94.0,high,high,high,high,high,high,high,high,high,2026-05-16
hitter,SEA,SD,Jhonny Pereda,640902,8.0,C,Confirmed,2.55,,,,,0.62,0.08,,,,,0.6344756744497434,0.597403666781525,0.09522478086246745,0.055449805628553915,0.4125159642401022,0.33673297669694463,0.019320759027912675,0.010812379078661281,,,0.37,0.17,0.16,0.69,0.02,0.57,0.08,0.01,0.0,0.192,0.6720588235294118,0.49456299774561246,0.076,,0.006,,0.0,,False,96.0,99.0,96.0,88.0,93.0,91.0,91.0,92.0,94.0,high,high,high,high,high,high,high,high,high,2026-05-16
hitter,SEA,SD,Leo Rivas,660844,9.0,3B,Confirmed,3.19,,,,,0.94,0.34,,,,,0.9803501377775096,0.906031640372659,0.36204879478562924,0.3175049993050673,0.7061469265367316,0.5932891426937472,0.09602888999401121,0.10293471976617145,,,0.64,0.21,0.2,0.82,0.1,1.14,0.08,0.01,0.0,0.183,1.239368165249089,1.060577953443932,0.082,,0.006,,0.0,,False,96.0,99.0,96.0,88.0,93.0,91.0,91.0,92.0,94.0,high,high,high,high,high,high,high,high,high,2026-05-16
hitter,SD,SEA,Jackson Merrill,701538,1.0,CF,Confirmed,3.96,,,,,1.21,0.21,,,,,1.2433234340184744,1.1807151576402133,0.2209370534385732,0.1906388631557229,0.994208494208494,0.8837749328166623,0.04981067651266687,0.051563087425453076,,,0.93,0.21,0.16,0.77,0.05,1.32,0.11,0.01,0.0,0.134,1.3148148148148149,1.3260896320344937,0.109,,0.01,,0.0,,False,96.0,99.0,96.0,88.0,93.0,91.0,91.0,92.0,94.0,high,high,high,high,high,high,high,high,high,2026-05-16
hitter,SD,SEA,Fernando Tatis Jr.,665487,2.0,RF,Confirmed,3.96,,,,,1.01,0.33,,,,,1.0929154748400691,0.9353362209733661,0.35086993827531154,0.3145755170997653,0.994208494208494,0.8871175158440121,0.04853373925198648,0.04458218255227365,,,0.94,0.22,0.16,0.79,0.05,1.27,0.1,0.01,0.0,0.144,1.3148148148148149,1.2329252876903332,0.103,,0.006,,0.0,,False,96.0,99.0,96.0,88.0,93.0,91.0,91.0,92.0,94.0,high,high,high,high,high,high,high,high,high,2026-05-16
hitter,SD,SEA,Manny Machado,592518,3.0,DH,Confirmed,3.81,,,,,1.03,0.24,,,,,1.0465398947771847,1.0146459787955604,0.25412968781541084,0.2240753483107445,0.8949771689497716,0.8203401237858141,0.05175186912041371,0.04071635580211223,,,0.85,0.21,0.19,0.81,0.05,1.26,0.1,0.01,0.0,0.143,1.3148148148148149,1.2157675709626743,0.102,,0.007,,0.0,,False,96.0,99.0,96.0,88.0,93.0,91.0,91.0,92.0,94.0,high,high,high,high,high,high,high,high,high,2026-05-16
hitter,SD,SEA,Gavin Sheets,657757,4.0,1B,Confirmed,3.02,,,,,0.82,0.19,,,,,0.9254935854893218,0.7173432389745669,0.2087257438923382,0.17675114912856613,0.7061469265367316,0.5370560349491944,0.03882238913159383,0.02236133846513726,,,0.61,0.18,0.15,0.66,0.03,0.88,0.08,0.01,0.0,0.149,0.9875776397515532,0.789937078315239,0.076,,0.006,,0.0,,False,96.0,99.0,96.0,88.0,93.0,91.0,91.0,92.0,94.0,high,high,high,high,high,high,high,high,high,2026-05-16
hitter,SD,SEA,Xander Bogaerts,593428,5.0,SS,Confirmed,3.33,,,,,0.81,0.22,,,,,0.8579723211821433,0.752535555579804,0.237244619043434,0.20597169951955752,0.801980198019802,0.6843007447930846,0.03761647184037112,0.021743624832611358,,,0.74,0.18,0.15,0.69,0.03,1.02,0.09,0.01,0.0,0.137,1.1238670694864048,0.9388085580591897,0.089,,0.006,,0.0,,False,96.0,99.0,96.0,88.0,93.0,91.0,91.0,92.0,94.0,high,high,high,high,high,high,high,high,high,2026-05-16
hitter,SD,SEA,Miguel Andujar,609280,6.0,3B,Confirmed,3.48,,,,,0.68,0.15,,,,,0.6901619670975484,0.6603803367262255,0.16930339289199936,0.1283987075628454,0.8770949720670391,0.7821152627998453,0.03219728814793908,0.021162177855381027,,,0.82,0.17,0.17,0.76,0.03,1.11,0.09,0.01,0.0,0.141,1.239368165249089,1.0000150435113435,0.093,,0.006,,0.0,,False,96.0,99.0,96.0,88.0,93.0,91.0,91.0,92.0,94.0,high,high,high,high,high,high,high,high,high,2026-05-16
hitter,SD,SEA,Nick Castellanos,592206,7.0,RF,Confirmed,3.33,,,,,1.23,0.1,,,,,1.2889445546325824,1.1729511796521885,0.10684476007408708,0.08761545204483262,0.801980198019802,0.7319913454336133,0.045020377417913766,0.04797130237253192,,,0.76,0.18,0.16,0.75,0.05,1.12,0.1,0.01,0.0,0.153,1.239368165249089,1.0285986850170712,0.096,,0.008,,0.0,,False,96.0,99.0,96.0,88.0,93.0,91.0,91.0,92.0,94.0,high,high,high,high,high,high,high,high,high,2026-05-16
hitter,SD,SEA,Ramón Laureano,657656,8.0,LF,Confirmed,3.02,,,,,1.1,0.17,,,,,1.1606312254126905,1.0339395600072117,0.18915231759303075,0.14487308708975138,0.7061469265367316,0.563914359534458,0.04257763258969401,0.029536460819914873,,,0.63,0.12,0.11,0.48,0.04,0.89,0.09,0.01,0.0,0.122,0.9875776397515532,0.8026430936084373,0.092,,0.006,,0.0,,False,96.0,99.0,96.0,88.0,93.0,91.0,91.0,92.0,94.0,high,high,high,high,high,high,high,high,high,2026-05-16
hitter,SD,SEA,Rodolfo Durán,660710,9.0,C,Confirmed,2.26,,,,,0.89,0.06,,,,,0.9158727993382502,0.8700648213071925,0.0740560276357991,0.03932449841114612,0.3344051446945337,0.30840250175609385,0.017772071676145043,0.0152924426585352,,,0.32,0.12,0.1,0.47,0.02,0.37,0.09,0.01,0.0,0.153,0.44025157232704404,0.3152476614122823,0.085,,0.006,,0.0,,False,96.0,99.0,96.0,88.0,93.0,91.0,91.0,92.0,94.0,high,high,high,high,high,high,high,high,high,2026-05-16
hitter,ATL,BOS,Drake Baldwin,686948,1.0,DH,Confirmed,3.54,,,,,0.91,0.1,,,,,0.9348443505655915,0.8904565044950061,0.11669971128878663,0.08505526102638677,0.801980198019802,0.7209998607205177,0.20089858207979766,0.2163336824524028,,,0.76,0.51,0.42,1.92,0.21,1.48,0.2,0.01,0.0,0.348,1.5956790123456794,1.3938943927354839,0.198,,0.008,,0.0,,False,96.0,99.0,96.0,88.0,93.0,91.0,91.0,92.0,94.0,high,high,high,high,high,high,high,high,high,2026-05-16
hitter,ATL,BOS,Ozzie Albies,645277,2.0,2B,Confirmed,3.33,,,,,0.64,0.1,,,,,0.6272702883831662,0.6486336052302898,0.10900580138605534,0.08263228841999792,0.707983193277311,0.6910774467554315,0.14275794799729835,0.15651778710189868,,,0.7,0.43,0.34,1.67,0.15,1.31,0.15,0.01,0.0,0.314,1.3893129770992367,1.2474853553862257,0.151,,0.008,,0.0,,False,96.0,99.0,96.0,88.0,93.0,91.0,91.0,92.0,94.0,high,high,high,high,high,high,high,high,high,2026-05-16
hitter,ATL,BOS,Matt Olson,621566,3.0,1B,Confirmed,3.81,,,,,1.2,0.14,,,,,1.2294563855634473,1.16684359420908,0.13395730411628118,0.13689107974030826,0.801980198019802,0.8114342915909608,0.2699281624424612,0.35415506864390245,,,0.81,0.54,0.51,2.05,0.31,1.93,0.2,0.01,0.0,0.344,1.914285714285714,1.9417329996165986,0.204,,0.007,,0.0,,False,96.0,99.0,96.0,88.0,93.0,91.0,91.0,92.0,94.0,high,high,high,high,high,high,high,high,high,2026-05-16
hitter,ATL,BOS,Austin Riley,663586,4.0,3B,Confirmed,4.27,,,,,1.39,0.13,,,,,1.3634223844578606,1.4077126411396006,0.1224356236292256,0.13238798669043772,1.0,0.9917596803779501,0.44281252196697013,0.4510333586966992,,,1.0,0.63,0.62,2.39,0.45,2.45,0.25,0.01,0.0,0.355,2.456692913385827,2.45107972805297,0.248,,0.008,,0.0,,False,96.0,99.0,96.0,88.0,93.0,91.0,91.0,92.0,94.0,high,high,high,high,high,high,high,high,high,2026-05-16
hitter,ATL,BOS,Mauricio Dubón,643289,5.0,LF,Confirmed,3.1,,,,,0.53,0.07,,,,,0.4929134761936058,0.5623093146155594,0.0834039728971364,0.04739598543427575,0.6875,0.5502504562157412,0.08134591326780599,0.08303978615493432,,,0.61,0.37,0.34,1.51,0.08,0.93,0.13,0.01,0.0,0.289,1.001763668430335,0.8777114592142675,0.131,,0.009,,0.0,,False,96.0,99.0,96.0,88.0,93.0,91.0,91.0,92.0,94.0,high,high,high,high,high,high,high,high,high,2026-05-16
hitter,ATL,BOS,Michael Harris II,671739,6.0,CF,Confirmed,4.18,,,,,0.96,0.08,,,,,0.9336655632171789,0.9944692599485614,0.07969378842748562,0.07583621989219008,0.8949771689497716,1.008350737244131,0.3288329333386652,0.35218327353124523,,,0.96,0.49,0.55,2.14,0.34,2.2,0.21,0.01,0.0,0.319,2.057017543859649,2.3137459950157,0.209,,0.008,,0.0,,False,96.0,99.0,96.0,88.0,93.0,91.0,91.0,92.0,94.0,high,high,high,high,high,high,high,high,high,2026-05-16
hitter,ATL,BOS,Ha-Seong Kim,673490,7.0,SS,Confirmed,4.25,,,,,0.97,0.18,,,,,0.9011937834199257,1.043718126474012,0.16170447025807125,0.20140723988488063,0.8694581280788177,0.8623034873782185,0.23959559746904105,0.2609521481780993,,,0.87,0.5,0.48,2.08,0.25,1.75,0.26,0.01,0.0,0.333,1.914285714285714,1.6211908473595815,0.258,,0.011,,0.0,,False,96.0,99.0,96.0,88.0,93.0,91.0,91.0,92.0,94.0,high,high,high,high,high,high,high,high,high,2026-05-16
hitter,ATL,BOS,Sandy León,506702,8.0,C,Confirmed,2.26,,,,,0.92,0.05,,,,,1.0198837240289278,0.8135265722542303,0.06818218580412898,0.03176650352061883,0.4125159642401022,0.35205463597594355,0.18371654314493358,0.13526976609964717,,,0.38,0.24,0.23,1.01,0.16,1.0,0.13,0.01,0.0,0.301,1.1521739130434783,0.8773855957622307,0.134,,0.007,,0.0,,False,96.0,99.0,96.0,88.0,93.0,91.0,91.0,92.0,94.0,high,high,high,high,high,high,high,high,high,2026-05-16
hitter,ATL,BOS,José Azócar,640492,9.0,RF,Confirmed,1.64,,,,,0.55,0.04,,,,,0.6411313067483706,0.4558006169795838,0.054974591677675995,0.019183381076548777,0.35424354243542433,0.22347533162568056,0.0816075563649202,0.05012765224558261,,,0.28,0.18,0.17,0.77,0.07,0.55,0.09,0.01,0.0,0.314,0.6720588235294118,0.4494893110153898,0.095,,0.006,,0.0,,False,96.0,99.0,96.0,88.0,93.0,91.0,91.0,92.0,94.0,high,high,high,high,high,high,high,high,high,2026-05-16
hitter,BOS,ATL,Jarren Duran,680776,1.0,LF,Confirmed,4.18,,,,,1.17,0.58,,,,,1.2280251596126635,1.1191529182973277,0.608787217943925,0.5477413017899487,0.8694581280788177,0.7771853714951683,0.05815671139703617,0.058018522635851395,,,0.82,0.3,0.16,0.87,0.06,1.21,0.1,0.03,0.0,0.206,1.3148148148148149,1.1168318904425154,0.097,,0.033,,0.0,,False,96.0,99.0,96.0,88.0,93.0,91.0,91.0,92.0,94.0,high,high,high,high,high,high,high,high,high,2026-05-16
hitter,BOS,ATL,Mickey Gasper,681508,2.0,C,Confirmed,3.48,,,,,0.72,0.45,,,,,0.6991947242789526,0.7402216843454925,0.48234011861689907,0.40827707989838635,0.7061469265367316,0.6343025261966564,0.037850980621562676,0.0303286308362646,,,0.67,0.27,0.16,0.84,0.03,0.91,0.09,0.01,0.0,0.213,0.9875776397515532,0.8440516532751053,0.094,,0.007,,0.0,,False,96.0,99.0,96.0,88.0,93.0,91.0,91.0,92.0,94.0,high,high,high,high,high,high,high,high,high,2026-05-16
hitter,BOS,ATL,Wilyer Abreu,677800,3.0,RF,Confirmed,3.96,,,,,1.0,0.66,,,,,0.9747604984102939,1.0259728710735034,0.7209219994262971,0.5899494554372544,0.707983193277311,0.6182504685846643,0.045684831672610685,0.04375406534269156,,,0.66,0.32,0.18,0.91,0.04,1.03,0.09,0.01,0.0,0.234,1.1238670694864048,0.9503999120672504,0.088,,0.008,,0.0,,False,96.0,99.0,96.0,88.0,93.0,91.0,91.0,92.0,94.0,high,high,high,high,high,high,high,high,high,2026-05-16
hitter,BOS,ATL,Willson Contreras,575929,4.0,1B,Confirmed,3.81,,,,,1.11,0.49,,,,,1.1696145358575476,1.0421696635736075,0.5153479443271174,0.46199420492371845,0.707983193277311,0.6525655936059263,0.06897635162849192,0.05282332430703655,,,0.68,0.28,0.19,0.88,0.06,1.13,0.1,0.01,0.0,0.208,1.239368165249089,1.0480047317039942,0.099,,0.007,,0.0,,False,96.0,99.0,96.0,88.0,93.0,91.0,91.0,92.0,94.0,high,high,high,high,high,high,high,high,high,2026-05-16
hitter,BOS,ATL,Masataka Yoshida,807799,5.0,DH,Confirmed,3.1,,,,,0.52,0.31,,,,,0.540111370084431,0.5023656607482019,0.3208275874280754,0.29174137683597123,0.6434108527131783,0.5482060121379106,0.03182474078633169,0.020758511907099337,,,0.59,0.21,0.15,0.72,0.03,0.74,0.08,0.01,0.0,0.186,0.8408408408408409,0.6524101366247228,0.08,,0.007,,0.0,,False,96.0,99.0,96.0,88.0,93.0,91.0,91.0,92.0,94.0,high,high,high,high,high,high,high,high,high,2026-05-16
hitter,BOS,ATL,Ceddanne Rafaela,678882,6.0,CF,Confirmed,3.49,,,,,0.84,0.34,,,,,0.8798989972704343,0.7977425314799038,0.3530465507881465,0.3330210530953318,0.707983193277311,0.6437137020488021,0.035402242043411566,0.027745034169756277,,,0.67,0.21,0.18,0.8,0.03,0.94,0.09,0.01,0.0,0.187,1.001763668430335,0.8878638277896397,0.095,,0.009,,0.0,,False,96.0,99.0,96.0,88.0,93.0,91.0,91.0,92.0,94.0,high,high,high,high,high,high,high,high,high,2026-05-16
hitter,BOS,ATL,Marcelo Mayer,691785,7.0,2B,Confirmed,3.1,,,,,0.79,0.34,,,,,0.7667776224515831,0.8071132457589358,0.371030080947541,0.31529593280160806,0.4803149606299212,0.445072689829629,0.024906957169828593,0.010657527982127537,,,0.46,0.19,0.12,0.65,0.02,0.64,0.09,0.01,0.0,0.197,0.6720588235294118,0.6092345865325994,0.088,,0.01,,0.0,,False,96.0,99.0,96.0,88.0,93.0,91.0,91.0,92.0,94.0,high,high,high,high,high,high,high,high,high,2026-05-16
hitter,BOS,ATL,Andruw Monasterio,655316,8.0,SS,Confirmed,3.1,,,,,0.78,0.34,,,,,0.7809374158988497,0.7858827979873229,0.3742534961379237,0.305347052071963,0.5290322580645161,0.4495984767669843,0.02757651968419524,0.020685968768924454,,,0.49,0.19,0.13,0.68,0.02,0.71,0.09,0.01,0.0,0.198,0.7899761336515513,0.6373876201434209,0.088,,0.007,,0.0,,False,96.0,99.0,96.0,88.0,93.0,91.0,91.0,92.0,94.0,high,high,high,high,high,high,high,high,high,2026-05-16
hitter,BOS,ATL,Caleb Durbin,702332,9.0,3B,Confirmed,3.1,,,,,0.44,0.32,,,,,0.46412814420354853,0.4241160164022694,0.3435729321012886,0.29706353379928047,0.7061469265367316,0.5587457818824008,0.028478172945785758,0.01745933539649596,,,0.63,0.21,0.15,0.77,0.02,0.76,0.09,0.01,0.0,0.209,0.8408408408408409,0.7021170599686829,0.091,,0.008,,0.0,,False,96.0,99.0,96.0,88.0,93.0,91.0,91.0,92.0,94.0,high,high,high,high,high,high,high,high,high,2026-05-16
hitter,NYM,NYY,Carson Benge,701807,1.0,RF,Confirmed,3.81,,,,,1.06,0.22,,,,,1.0002083661073213,1.12374233515008,0.22616079395466293,0.2112798844930959,0.4125159642401022,0.4556739405665199,0.11079938607762119,0.13531697562397665,,,0.44,0.33,0.2,1.06,0.12,0.88,0.12,0.01,0.0,0.243,0.7899761336515513,0.9582448106678408,0.122,,0.007,,0.0,,False,96.0,99.0,96.0,88.0,93.0,91.0,91.0,92.0,94.0,high,high,high,high,high,high,high,high,high,2026-05-16
hitter,NYM,NYY,Bo Bichette,666182,2.0,SS,Confirmed,4.51,,,,,1.01,0.35,,,,,0.9568119043154181,1.0552603626915154,0.34045118596155544,0.3536564510941205,0.4125159642401022,0.5118312471563105,0.12361471960757131,0.1608190002937539,,,0.47,0.42,0.24,1.31,0.14,1.13,0.14,0.01,0.0,0.263,0.9875776397515532,1.251967273159051,0.139,,0.008,,0.0,,False,96.0,99.0,96.0,88.0,93.0,91.0,91.0,92.0,94.0,high,high,high,high,high,high,high,high,high,2026-05-16
hitter,NYM,NYY,Juan Soto,665742,3.0,LF,Confirmed,4.57,,,,,1.35,0.58,,,,,1.3486226397938206,1.3415048322652217,0.553616304506324,0.5982444580266109,0.4125159642401022,0.5579792770808331,0.2551643363947262,0.26849812087778585,,,0.49,0.48,0.28,1.35,0.26,1.3,0.11,0.01,0.0,0.306,1.1521739130434783,1.414022972741344,0.111,,0.007,,0.0,,False,96.0,99.0,96.0,88.0,93.0,91.0,91.0,92.0,94.0,high,high,high,high,high,high,high,high,high,2026-05-16
hitter,NYM,NYY,Mark Vientos,668901,4.0,1B,Confirmed,4.03,,,,,1.43,0.25,,,,,1.3604086090390555,1.4964425285376068,0.251297053839974,0.25265620891632784,0.35424354243542433,0.460262969855423,0.15427904924809913,0.1809691942950051,,,0.41,0.36,0.26,1.2,0.17,1.09,0.12,0.01,0.0,0.241,0.9875776397515532,1.1723244191747177,0.123,,0.007,,0.0,,False,96.0,99.0,96.0,88.0,93.0,91.0,91.0,92.0,94.0,high,high,high,high,high,high,high,high,high,2026-05-16
hitter,NYM,NYY,Marcus Semien,543760,5.0,2B,Confirmed,4.18,,,,,1.04,0.32,,,,,0.9659871620405295,1.1212913392424564,0.3107989098853695,0.33915940746667866,0.35424354243542433,0.4182573141595222,0.10034713486988941,0.12808229475960017,,,0.39,0.34,0.22,1.1,0.11,0.9,0.11,0.01,0.0,0.231,0.7899761336515513,0.9905502569391788,0.112,,0.007,,0.0,,False,96.0,99.0,96.0,88.0,93.0,91.0,91.0,92.0,94.0,high,high,high,high,high,high,high,high,high,2026-05-16
hitter,NYM,NYY,A.J. Ewing,805999,6.0,CF,Confirmed,4.18,,,,,1.55,0.54,,,,,1.5287090507396695,1.5705098381587583,0.5114423692499936,0.5734518558418739,0.4125159642401022,0.5388994520864279,0.20753789335608558,0.17054820216134833,,,0.48,0.42,0.29,1.29,0.19,1.29,0.11,0.01,0.0,0.327,1.1521739130434783,1.396162167619761,0.114,,0.011,,0.0,,False,96.0,99.0,96.0,88.0,93.0,91.0,91.0,92.0,94.0,high,high,high,high,high,high,high,high,high,2026-05-16
hitter,NYM,NYY,Austin Slater,596103,7.0,DH,Confirmed,3.09,,,,,0.77,0.33,,,,,0.7714513229120304,0.7759326255277578,0.36464650673059873,0.29695917650519066,0.6666666666666666,0.508252293035598,0.026409717578503553,0.023831427773522627,,,0.58,0.21,0.13,0.7,0.03,0.72,0.08,0.01,0.0,0.225,0.7899761336515513,0.6701702773581464,0.081,,0.007,,0.0,,False,96.0,99.0,96.0,88.0,93.0,91.0,91.0,92.0,94.0,high,high,high,high,high,high,high,high,high,2026-05-16
hitter,NYM,NYY,Brett Baty,683146,8.0,3B,Confirmed,3.49,,,,,1.28,0.3,,,,,1.247639962737523,1.3077255471598577,0.29949880994146016,0.29244136618839706,0.3344051446945337,0.3607701007910769,0.11122578436504993,0.11011811908290813,,,0.35,0.26,0.16,0.83,0.11,0.79,0.09,0.01,0.0,0.242,0.6720588235294118,0.8839196493418124,0.089,,0.008,,0.0,,False,96.0,99.0,96.0,88.0,93.0,91.0,91.0,92.0,94.0,high,high,high,high,high,high,high,high,high,2026-05-16
hitter,NYM,NYY,Luis Torrens,620443,9.0,C,Confirmed,3.1,,,,,1.03,0.2,,,,,1.008363332634415,1.0521556588909047,0.20816878646852072,0.19160263899685592,0.3344051446945337,0.27639656214440417,0.058562058626907304,0.06700288352440877,,,0.3,0.24,0.15,0.81,0.06,0.67,0.09,0.01,0.0,0.254,0.6720588235294118,0.6690465764254662,0.091,,0.007,,0.0,,False,96.0,99.0,96.0,88.0,93.0,91.0,91.0,92.0,94.0,high,high,high,high,high,high,high,high,high,2026-05-16
hitter,NYY,NYM,Ben Rice,700250,1.0,DH,Confirmed,4.26,,,,,1.35,0.42,,,,,1.341383866072014,1.3516508238683427,0.43671520493029836,0.3972239321597678,0.994208494208494,0.9757619122668393,0.05591168738375339,0.043192309146244175,,,0.98,0.53,0.36,1.69,0.05,1.4,0.12,0.01,0.0,0.325,1.3893129770992367,1.406172783204,0.122,,0.01,,0.0,,False,96.0,99.0,96.0,88.0,93.0,91.0,91.0,92.0,94.0,high,high,high,high,high,high,high,high,high,2026-05-16
hitter,NYY,NYM,Aaron Judge,592450,2.0,RF,Confirmed,4.51,,,,,1.71,0.65,,,,,1.7606411583878678,1.6531887804079746,0.6656705513845915,0.6419433205605564,0.994208494208494,0.9769685914050373,0.09413233225854081,0.10322714991042911,,,0.98,0.64,0.38,1.79,0.1,1.53,0.13,0.01,0.0,0.389,1.5956790123456794,1.478364679671303,0.128,,0.009,,0.0,,False,96.0,99.0,96.0,88.0,93.0,91.0,91.0,92.0,94.0,high,high,high,high,high,high,high,high,high,2026-05-16
hitter,NYY,NYM,Cody Bellinger,641355,3.0,LF,Confirmed,4.45,,,,,0.97,0.42,,,,,0.9472978190168951,0.991276431616688,0.4078520266855581,0.4323912918062429,1.0980834272829765,1.1384638831451812,0.040099034661082875,0.039792246303991946,,,1.12,0.51,0.36,1.67,0.04,1.5,0.14,0.01,0.0,0.307,1.4476190476190476,1.5497569735158727,0.138,,0.011,,0.0,,False,96.0,99.0,96.0,88.0,93.0,91.0,91.0,92.0,94.0,high,high,high,high,high,high,high,high,high,2026-05-16
hitter,NYY,NYM,Paul Goldschmidt,502671,4.0,1B,Confirmed,3.96,,,,,0.67,0.41,,,,,0.7071520942837477,0.6316117316047867,0.41187151584085613,0.4132460004236485,0.994208494208494,0.9654251818828202,0.20144210381029876,0.21952069197131682,,,0.98,0.5,0.39,1.75,0.21,1.83,0.14,0.01,0.0,0.325,1.914285714285714,1.7600331503404465,0.145,,0.007,,0.0,,False,96.0,99.0,96.0,88.0,93.0,91.0,91.0,92.0,94.0,high,high,high,high,high,high,high,high,high,2026-05-16
hitter,NYY,NYM,Jazz Chisholm Jr.,665862,5.0,2B,Confirmed,3.81,,,,,1.52,0.36,,,,,1.5483081121563602,1.4912996328110704,0.3723443020747561,0.3492963220117714,0.801980198019802,0.8047129944504765,0.053728026374469204,0.06367237970898196,,,0.8,0.47,0.36,1.53,0.06,1.21,0.12,0.01,0.0,0.325,1.239368165249089,1.1860019370018293,0.119,,0.007,,0.0,,False,96.0,99.0,96.0,88.0,93.0,91.0,91.0,92.0,94.0,high,high,high,high,high,high,high,high,high,2026-05-16
hitter,NYY,NYM,Amed Rosario,642708,6.0,3B,Confirmed,2.07,,,,,0.45,0.16,,,,,0.5380808801545204,0.3645967624343279,0.2013673948400426,0.12280489548691502,0.6434108527131783,0.3685869705370769,0.17944679194936283,0.08715667752428562,,,0.49,0.22,0.21,0.84,0.13,1.04,0.09,0.01,0.0,0.314,1.3148148148148149,0.8112226403932725,0.094,,0.007,,0.0,,False,96.0,99.0,96.0,88.0,93.0,91.0,91.0,92.0,94.0,high,high,high,high,high,high,high,high,high,2026-05-16
hitter,NYY,NYM,Trent Grisham,663757,7.0,CF,Confirmed,4.18,,,,,1.41,0.53,,,,,1.389517312530189,1.4207094636969382,0.5424510176058354,0.5127342901348584,0.8949771689497716,0.9613321279455197,0.06815910647745299,0.07219106101679389,,,0.93,0.49,0.35,1.61,0.07,1.38,0.14,0.01,0.0,0.365,1.3893129770992367,1.3700003603641655,0.144,,0.007,,0.0,,False,96.0,99.0,96.0,88.0,93.0,91.0,91.0,92.0,94.0,high,high,high,high,high,high,high,high,high,2026-05-16
hitter,NYY,NYM,Anthony Volpe,683011,8.0,SS,Confirmed,3.81,,,,,1.48,0.27,,,,,1.4753367891927063,1.4799172755297303,0.28694957001422283,0.2575127367571989,0.8949771689497716,0.9318007109942182,0.05834384369577804,0.06779105311344633,,,0.92,0.4,0.32,1.43,0.06,1.29,0.12,0.01,0.0,0.309,1.3148148148148149,1.2714441660587332,0.117,,0.008,,0.0,,False,96.0,99.0,96.0,88.0,93.0,91.0,91.0,92.0,94.0,high,high,high,high,high,high,high,high,high,2026-05-16
hitter,NYY,NYM,Austin Wells,669224,9.0,C,Confirmed,3.49,,,,,1.32,0.26,,,,,1.354045912156557,1.2886843902836085,0.28846730585371105,0.23673217701935265,0.801980198019802,0.7171717920264199,0.045768180600030045,0.04453778953153829,,,0.76,0.36,0.29,1.29,0.05,1.05,0.11,0.01,0.0,0.309,1.1521739130434783,0.9660980320055329,0.106,,0.009,,0.0,,False,96.0,99.0,96.0,88.0,93.0,91.0,91.0,92.0,94.0,high,high,high,high,high,high,high,high,high,2026-05-16
hitter,LAA,LAD,Vaughn Grissom,687093,1.0,3B,Confirmed,3.96,,,,,0.71,0.24,,,,,0.6814137032065208,0.7390997756247564,0.22876189094329907,0.2523190862028585,0.7061469265367316,0.6388900739161113,0.04607139207678436,0.05672720518588875,,,0.67,0.37,0.31,1.38,0.05,1.02,0.12,0.01,0.0,0.222,1.001763668430335,1.0387800638224798,0.121,,0.007,,0.0,,False,96.0,99.0,96.0,88.0,93.0,91.0,91.0,92.0,94.0,high,high,high,high,high,high,high,high,high,2026-05-16
hitter,LAA,LAD,Mike Trout,545361,2.0,CF,Confirmed,4.18,,,,,1.4,0.36,,,,,1.434688398019627,1.3698013279551151,0.3561217893714159,0.3677827973068413,0.6666666666666666,0.6457837336456308,0.10896746006154334,0.11635597606097804,,,0.66,0.47,0.42,1.6,0.11,1.02,0.11,0.01,0.0,0.263,1.001763668430335,1.0374108795283685,0.106,,0.006,,0.0,,False,96.0,99.0,96.0,88.0,93.0,91.0,91.0,92.0,94.0,high,high,high,high,high,high,high,high,high,2026-05-16
hitter,LAA,LAD,Zach Neto,687263,3.0,SS,Confirmed,4.25,,,,,1.29,0.34,,,,,1.263383829043924,1.3265275188537125,0.33812136342885046,0.35153791547594054,0.707983193277311,0.7535692212725262,0.08185642959215855,0.07840535209668613,,,0.73,0.46,0.46,1.72,0.08,1.25,0.13,0.01,0.0,0.254,1.239368165249089,1.2506625846117294,0.13,,0.008,,0.0,,False,96.0,99.0,96.0,88.0,93.0,91.0,91.0,92.0,94.0,high,high,high,high,high,high,high,high,high,2026-05-16
hitter,LAA,LAD,Jorge Soler,624585,4.0,DH,Confirmed,4.04,,,,,1.27,0.27,,,,,1.2302639098026646,1.301687033031724,0.23484225355319405,0.3140173613675711,0.7061469265367316,0.66006224064181,0.07115741357807137,0.08081906775610645,,,0.68,0.4,0.39,1.49,0.08,1.06,0.13,0.01,0.0,0.234,1.1238670694864048,1.0162991741191643,0.133,,0.007,,0.0,,False,96.0,99.0,96.0,88.0,93.0,91.0,91.0,92.0,94.0,high,high,high,high,high,high,high,high,high,2026-05-16
hitter,LAA,LAD,Jo Adell,666176,5.0,RF,Confirmed,4.04,,,,,1.13,0.2,,,,,1.1046935732312193,1.1620459040340447,0.19674189456292263,0.20573528595825014,0.7715355805243446,0.7345306735466733,0.0895351128006805,0.09144143220660766,,,0.75,0.46,0.47,1.74,0.09,1.29,0.15,0.01,0.0,0.267,1.239368165249089,1.3274891514020808,0.155,,0.007,,0.0,,False,96.0,99.0,96.0,88.0,93.0,91.0,91.0,92.0,94.0,high,high,high,high,high,high,high,high,high,2026-05-16
hitter,LAA,LAD,Oswald Peraza,672724,6.0,2B,Confirmed,3.49,,,,,1.05,0.19,,,,,1.0309476058865399,1.069526339741758,0.1886043967640452,0.19811107385962995,0.6666666666666666,0.5593786266175189,0.033889136780388816,0.04352226392568193,,,0.61,0.28,0.3,1.22,0.04,0.8,0.13,0.01,0.0,0.221,0.7899761336515513,0.7996700574753627,0.134,,0.007,,0.0,,False,96.0,99.0,96.0,88.0,93.0,91.0,91.0,92.0,94.0,high,high,high,high,high,high,high,high,high,2026-05-16
hitter,LAA,LAD,Nolan Schanuel,694384,7.0,1B,Confirmed,3.96,,,,,0.59,0.22,,,,,0.5566484153637341,0.6182112439759495,0.21762347834600757,0.22778283597565974,0.707983193277311,0.7651278284242186,0.04651545667692559,0.04249896392881362,,,0.74,0.35,0.34,1.49,0.04,1.01,0.12,0.01,0.0,0.24,1.001763668430335,1.0228217653614913,0.124,,0.008,,0.0,,False,96.0,99.0,96.0,88.0,93.0,91.0,91.0,92.0,94.0,high,high,high,high,high,high,high,high,high,2026-05-16
hitter,LAA,LAD,Logan O'Hoppe,681351,8.0,C,Confirmed,3.1,,,,,1.06,0.16,,,,,1.094138123157614,1.0321840286578936,0.1840107453325543,0.13650161894190666,0.4125159642401022,0.4101734401896367,0.0558653485361093,0.05640263639508144,,,0.41,0.24,0.24,0.96,0.06,0.64,0.11,0.01,0.0,0.214,0.6720588235294118,0.6196662259069128,0.109,,0.007,,0.0,,False,96.0,99.0,96.0,88.0,93.0,91.0,91.0,92.0,94.0,high,high,high,high,high,high,high,high,high,2026-05-16
hitter,LAA,LAD,Jose Siri,642350,9.0,LF,Confirmed,2.55,,,,,0.9,0.13,,,,,0.9386976414369897,0.8594464195135781,0.12949274058913993,0.13602573372936666,0.35424354243542433,0.3207257417641199,0.018064821440318672,0.024950645913924468,,,0.34,0.13,0.12,0.5,0.02,0.51,0.08,0.01,0.0,0.144,0.5302013422818792,0.4877349386647656,0.076,,0.006,,0.0,,False,96.0,99.0,96.0,88.0,93.0,91.0,91.0,92.0,94.0,high,high,high,high,high,high,high,high,high,2026-05-16
hitter,LAD,LAA,Shohei Ohtani,660271,1.0,DH,Confirmed,4.25,,,,,0.98,0.65,,,,,1.008622055225128,0.9457382248506639,0.7256186150555796,0.5720272554013346,0.994208494208494,0.8955531169243034,0.5945589676019186,0.507435434227706,,,0.94,0.37,0.27,1.35,0.55,2.56,0.16,0.02,0.0,0.229,2.552380952380952,2.565916453479052,0.156,,0.02,,0.0,,False,96.0,99.0,96.0,88.0,93.0,91.0,91.0,92.0,94.0,high,high,high,high,high,high,high,high,high,2026-05-16
hitter,LAD,LAA,Mookie Betts,605141,2.0,SS,Confirmed,4.18,,,,,0.4,0.46,,,,,0.4075930053325827,0.3859411563172589,0.4850475942821558,0.42778455763863643,1.0980834272829765,0.9801688388945707,0.2828286483290136,0.2747207856273448,,,1.03,0.37,0.28,1.45,0.28,1.91,0.13,0.01,0.0,0.223,2.057017543859649,1.7807732789487032,0.131,,0.01,,0.0,,False,96.0,99.0,96.0,88.0,93.0,91.0,91.0,92.0,94.0,high,high,high,high,high,high,high,high,high,2026-05-16
hitter,LAD,LAA,Freddie Freeman,518692,3.0,1B,Confirmed,3.96,,,,,1.0,0.43,,,,,1.0416206109743749,0.9628643134994147,0.4728251435269831,0.3884789302656529,1.0980834272829765,0.9589302195990606,0.1470673348533665,0.13273759009985658,,,1.02,0.38,0.32,1.5,0.14,1.58,0.16,0.01,0.0,0.239,1.684375,1.4990174977905928,0.162,,0.009,,0.0,,False,96.0,99.0,96.0,88.0,93.0,91.0,91.0,92.0,94.0,high,high,high,high,high,high,high,high,high,2026-05-16
hitter,LAD,LAA,Will Smith,669257,4.0,C,Confirmed,3.81,,,,,0.68,0.4,,,,,0.6897399242845822,0.6768660763754655,0.4166665332177707,0.3875702396766611,0.994208494208494,0.8076362820749989,0.2906546027471321,0.2746189279026706,,,0.89,0.31,0.26,1.21,0.28,1.79,0.13,0.01,0.0,0.203,1.914285714285714,1.6838047266354026,0.132,,0.006,,0.0,,False,96.0,99.0,96.0,88.0,93.0,91.0,91.0,92.0,94.0,high,high,high,high,high,high,high,high,high,2026-05-16
hitter,LAD,LAA,Andy Pages,681624,5.0,CF,Confirmed,3.74,,,,,0.64,0.22,,,,,0.6295976491562477,0.653583907538494,0.24881093059535564,0.19561286461190375,0.994208494208494,0.8392297865244166,0.27090936052303843,0.24458147455074417,,,0.91,0.29,0.26,1.19,0.26,1.88,0.13,0.01,0.0,0.194,2.057017543859649,1.7419525786125465,0.132,,0.008,,0.0,,False,96.0,99.0,96.0,88.0,93.0,91.0,91.0,92.0,94.0,high,high,high,high,high,high,high,high,high,2026-05-16
hitter,LAD,LAA,Max Muncy,571970,6.0,3B,Confirmed,3.54,,,,,0.74,0.42,,,,,0.744276564439013,0.7354090363173306,0.4668818604680074,0.3712027562716928,0.801980198019802,0.7009405114666165,0.35097477382071063,0.29032628015913925,,,0.75,0.24,0.23,0.99,0.32,1.75,0.11,0.01,0.0,0.196,1.914285714285714,1.6066759935165331,0.11,,0.007,,0.0,,False,96.0,99.0,96.0,88.0,93.0,91.0,91.0,92.0,94.0,high,high,high,high,high,high,high,high,high,2026-05-16
hitter,LAD,LAA,Teoscar Hernández,606192,7.0,LF,Confirmed,3.81,,,,,0.82,0.27,,,,,0.8035367326382166,0.8305122708715343,0.27787606348876603,0.2591495046650624,0.994208494208494,0.8590400751580475,0.32580553268196405,0.28473808381811855,,,0.92,0.26,0.23,1.13,0.31,1.84,0.12,0.01,0.0,0.195,1.914285714285714,1.7834914713511212,0.124,,0.007,,0.0,,False,96.0,99.0,96.0,88.0,93.0,91.0,91.0,92.0,94.0,high,high,high,high,high,high,high,high,high,2026-05-16
hitter,LAD,LAA,Alex Call,669743,8.0,RF,Confirmed,2.26,,,,,0.65,0.15,,,,,0.7024991500272166,0.6034752588751449,0.16033477856746603,0.13408813890607899,0.35424354243542433,0.28347546199406287,0.04213313039276576,0.028084529884887948,,,0.32,0.14,0.12,0.59,0.04,0.55,0.06,0.01,0.0,0.177,0.6720588235294118,0.45450455140519186,0.064,,0.007,,0.0,,False,96.0,99.0,96.0,88.0,93.0,91.0,91.0,92.0,94.0,high,high,high,high,high,high,high,high,high,2026-05-16
hitter,LAD,LAA,Hyeseong Kim,808975,9.0,SS,Confirmed,3.33,,,,,0.73,0.22,,,,,0.7126033589581876,0.7473091570205305,0.25087065607862213,0.18711666104802951,0.801980198019802,0.6670764696834146,0.12378408282465828,0.09940950163531292,,,0.73,0.26,0.22,1.12,0.11,1.24,0.13,0.01,0.0,0.22,1.3148148148148149,1.1862183942906503,0.13,,0.01,,0.0,,False,96.0,99.0,96.0,88.0,93.0,91.0,91.0,92.0,94.0,high,high,high,high,high,high,high,high,high,2026-05-16
hitter,ATH,SF,Nick Kurtz,701762,1.0,1B,Confirmed,4.97,,,,,1.49,0.54,,,,,1.478043855200735,1.5112287672904137,0.5375153295881986,0.540764651462476,1.607843137254902,1.4674135471720275,0.3637056578010195,0.2778176101571906,,,1.53,0.9,0.69,3.08,0.32,2.61,0.27,0.01,0.0,0.451,2.552380952380952,2.649548036600526,0.275,,0.008,,0.0,,False,96.0,99.0,96.0,88.0,93.0,91.0,91.0,92.0,94.0,high,high,high,high,high,high,high,high,high,2026-05-16
hitter,ATH,SF,Shea Langeliers,669127,2.0,C,Confirmed,4.74,,,,,1.0,0.27,,,,,0.9674513947987645,1.027669977592927,0.26583493333347785,0.27701261136660504,1.607843137254902,1.3852445233626534,0.22535192813548177,0.20093760897393914,,,1.49,0.77,0.62,2.89,0.21,2.36,0.23,0.02,0.0,0.397,2.456692913385827,2.2813882796772442,0.232,,0.016,,0.0,,False,96.0,99.0,96.0,88.0,93.0,91.0,91.0,92.0,94.0,high,high,high,high,high,high,high,high,high,2026-05-16
hitter,ATH,SF,Tyler Soderstrom,691016,3.0,LF,Confirmed,4.68,,,,,1.09,0.3,,,,,1.0191880420872659,1.154995604325692,0.3061870969587279,0.2866646916831632,1.5,1.398372134630376,0.14716312876819865,0.17196945124112317,,,1.44,0.62,0.54,2.34,0.16,2.09,0.28,0.01,0.0,0.338,2.057017543859649,2.1163885181847046,0.281,,0.013,,0.0,,False,96.0,99.0,96.0,88.0,93.0,91.0,91.0,92.0,94.0,high,high,high,high,high,high,high,high,high,2026-05-16
hitter,ATH,SF,Brent Rooker,667670,4.0,DH,Confirmed,4.51,,,,,1.21,0.29,,,,,1.1752189648134868,1.2451725476695994,0.3071704079911538,0.27821062757109527,1.4947368421052631,1.3244120559933263,0.17529459516339715,0.20550463892668336,,,1.4,0.61,0.53,2.24,0.19,2.13,0.26,0.01,0.0,0.34,2.057017543859649,2.1949584440804286,0.258,,0.009,,0.0,,False,96.0,99.0,96.0,88.0,93.0,91.0,91.0,92.0,94.0,high,high,high,high,high,high,high,high,high,2026-05-16
hitter,ATH,SF,Henry Bolte,703607,5.0,CF,Confirmed,3.02,,,,,0.8,0.15,,,,,0.7921583339903733,0.8108740794407939,0.1676559510097528,0.12874737552336543,0.7061469265367316,0.6829741836056672,0.09597148525185889,0.08352853139778994,,,0.69,0.37,0.34,1.42,0.09,1.15,0.12,0.01,0.0,0.305,1.239368165249089,1.0758358862982895,0.124,,0.008,,0.0,,False,96.0,99.0,96.0,88.0,93.0,91.0,91.0,92.0,94.0,high,high,high,high,high,high,high,high,high,2026-05-16
hitter,ATH,SF,Zack Gelof,680869,6.0,3B,Confirmed,3.96,,,,,1.17,0.21,,,,,1.101746827021392,1.2375268667780295,0.21124486395391612,0.20925688503953802,1.0980834272829765,0.98742649699174,0.10666691429834332,0.10041697183904558,,,1.04,0.48,0.48,2.07,0.1,1.59,0.2,0.01,0.0,0.346,1.684375,1.5092827091698302,0.195,,0.009,,0.0,,False,96.0,99.0,96.0,88.0,93.0,91.0,91.0,92.0,94.0,high,high,high,high,high,high,high,high,high,2026-05-16
hitter,ATH,SF,Lawrence Butler,671732,7.0,CF,Confirmed,4.18,,,,,1.25,0.28,,,,,1.244438429364025,1.2556392613216678,0.28363431711740505,0.2815557853663548,1.0980834272829765,1.0523947907137543,0.1656073294419267,0.1690703640457821,,,1.07,0.49,0.43,1.92,0.17,1.86,0.2,0.01,0.0,0.334,1.914285714285714,1.8171840196346087,0.204,,0.012,,0.0,,False,96.0,99.0,96.0,88.0,93.0,91.0,91.0,92.0,94.0,high,high,high,high,high,high,high,high,high,2026-05-16
hitter,ATH,SF,Darell Hernaiz,687231,8.0,SS,Confirmed,4.08,,,,,0.65,0.29,,,,,0.5996140113691408,0.6916154168360275,0.2918317449067638,0.2928402078937952,1.0980834272829765,1.1579321188674947,0.04223872713865268,0.05637191324523974,,,1.13,0.43,0.35,1.78,0.05,1.5,0.2,0.01,0.0,0.307,1.4759615384615385,1.5136319015600248,0.201,,0.01,,0.0,,False,96.0,99.0,96.0,88.0,93.0,91.0,91.0,92.0,94.0,high,high,high,high,high,high,high,high,high,2026-05-16
hitter,ATH,SF,Jeff McNeil,643446,9.0,2B,Confirmed,4.25,,,,,0.56,0.22,,,,,0.5365515224261992,0.5856650819378029,0.22762706241283653,0.20954997782794527,1.0980834272829765,1.2025293930424987,0.08845147729041355,0.10644584530214306,,,1.16,0.48,0.41,1.99,0.1,1.8,0.24,0.01,0.0,0.324,1.914285714285714,1.713126848438861,0.239,,0.01,,0.0,,False,96.0,99.0,96.0,88.0,93.0,91.0,91.0,92.0,94.0,high,high,high,high,high,high,high,high,high,2026-05-16
hitter,SF,ATH,Jung Hoo Lee,808982,1.0,RF,Confirmed,4.61,,,,,0.3,0.2,,,,,0.3023999926127474,0.29458127916405186,0.2039325956482308,0.18832446923632298,1.0980834272829765,1.202245162931944,0.12091850015559513,0.14750015742357037,,,1.16,0.53,0.37,2.0,0.13,1.86,0.18,0.03,0.0,0.294,1.914285714285714,1.8236323412407391,0.179,,0.03,,0.0,,False,96.0,99.0,96.0,88.0,93.0,91.0,91.0,92.0,94.0,high,high,high,high,high,high,high,high,high,2026-05-16
hitter,SF,ATH,Luis Arraez,650333,2.0,2B,Confirmed,4.74,,,,,0.19,0.22,,,,,0.15017673836781825,0.23356794211013537,0.20471209761676049,0.2332657974505923,1.1391752577319587,1.265291185500402,0.11905306483403821,0.12037461742460924,,,1.21,0.52,0.37,2.0,0.12,1.89,0.16,0.01,0.0,0.278,1.914285714285714,1.8696185135733467,0.162,,0.011,,0.0,,False,96.0,99.0,96.0,88.0,93.0,91.0,91.0,92.0,94.0,high,high,high,high,high,high,high,high,high,2026-05-16
hitter,SF,ATH,Casey Schmitt,669477,3.0,DH,Confirmed,4.18,,,,,0.65,0.19,,,,,0.527101102181279,0.7640737270115459,0.2026432766683374,0.18289975516412493,0.8694581280788177,0.9139912548306037,0.2704575484706906,0.2868429760751851,,,0.89,0.43,0.34,1.56,0.28,1.92,0.17,0.01,0.0,0.268,1.914285714285714,1.9188281354723242,0.168,,0.009,,0.0,,False,96.0,99.0,96.0,88.0,93.0,91.0,91.0,92.0,94.0,high,high,high,high,high,high,high,high,high,2026-05-16
hitter,SF,ATH,Rafael Devers,646240,4.0,1B,Confirmed,4.61,,,,,0.87,0.48,,,,,0.7957377953091868,0.9432942887915359,0.47475444180601445,0.4904969374946605,1.0980834272829765,1.110727337036552,0.3839093158107925,0.3938812803775211,,,1.11,0.62,0.43,2.05,0.39,2.35,0.19,0.01,0.0,0.368,2.456692913385827,2.2570754064819125,0.194,,0.009,,0.0,,False,96.0,99.0,96.0,88.0,93.0,91.0,91.0,92.0,94.0,high,high,high,high,high,high,high,high,high,2026-05-16
hitter,SF,ATH,Willy Adames,642715,5.0,SS,Confirmed,4.18,,,,,0.7,0.33,,,,,0.6227559727179298,0.784169563018898,0.31921380465394045,0.33273371797504225,0.8888888888888888,0.8845281768454768,0.27621886820559544,0.29905287819863874,,,0.89,0.46,0.33,1.59,0.29,1.92,0.18,0.01,0.0,0.299,1.914285714285714,1.916261271318931,0.177,,0.009,,0.0,,False,96.0,99.0,96.0,88.0,93.0,91.0,91.0,92.0,94.0,high,high,high,high,high,high,high,high,high,2026-05-16
hitter,SF,ATH,Matt Chapman,656305,6.0,3B,Confirmed,4.48,,,,,0.75,0.33,,,,,0.6401366593007574,0.8575055887546145,0.29336958496211585,0.359771714523277,0.8949771689497716,1.017594085906069,0.33445777591805337,0.35041144755020087,,,0.96,0.4,0.35,1.55,0.34,2.11,0.19,0.01,0.0,0.274,2.057017543859649,2.150920400784246,0.191,,0.009,,0.0,,False,96.0,99.0,96.0,88.0,93.0,91.0,91.0,92.0,94.0,high,high,high,high,high,high,high,high,high,2026-05-16
hitter,SF,ATH,Drew Gilbert,687551,7.0,LF,Confirmed,3.33,,,,,0.72,0.24,,,,,0.6919420496132386,0.7406166587513204,0.24852120029265048,0.22235904275014015,0.35424354243542433,0.3942645993568251,0.07008559318105409,0.06910732627068673,,,0.38,0.33,0.25,1.28,0.07,0.7,0.16,0.01,0.0,0.299,0.6720588235294118,0.7228215860795151,0.158,,0.01,,0.0,,False,96.0,99.0,96.0,88.0,93.0,91.0,91.0,92.0,94.0,high,high,high,high,high,high,high,high,high,2026-05-16
hitter,SF,ATH,Harrison Bader,664056,8.0,CF,Confirmed,4.18,,,,,0.73,0.25,,,,,0.6644509335857282,0.7899183554089,0.2539900179702076,0.24923157820428934,0.8694581280788177,0.8793378473591174,0.21324861098980002,0.23770987512912684,,,0.87,0.38,0.29,1.47,0.23,1.71,0.18,0.01,0.0,0.277,1.684375,1.7340068439398635,0.176,,0.009,,0.0,,False,96.0,99.0,96.0,88.0,93.0,91.0,91.0,92.0,94.0,high,high,high,high,high,high,high,high,high,2026-05-16
hitter,SF,ATH,Jesus Rodriguez,683679,9.0,C,Confirmed,4.18,,,,,0.97,0.29,,,,,0.9165263341257822,1.0319978398997744,0.2693042793050352,0.3042837130737236,0.5290322580645161,0.6481499549929862,0.019420374455595142,0.006800168471629835,,,0.59,0.39,0.3,1.56,0.01,0.74,0.15,0.01,0.0,0.281,0.6720588235294118,0.794433079206037,0.148,,0.011,,0.0,,False,96.0,99.0,96.0,88.0,93.0,91.0,91.0,92.0,94.0,high,high,high,high,high,high,high,high,high,2026-05-16
