player_type,team,opponent,player_name,mlb_id,lineup_spot,pos,lineup_status,proj_pa,proj_ip,proj_outs,proj_runs_allowed,proj_hits_allowed,proj_strikeouts,proj_walks,proj_hr_allowed,proj_er_model,proj_fip,proj_war_contribution,direct_K,rate_K,direct_BB,rate_BB,direct_H,rate_H,direct_HR,rate_HR,direct_R,rate_R,proj_hits,proj_runs,proj_rbi,proj_hrrbi,proj_hr,proj_tb,proj_2b,proj_3b,proj_sb,proj_woba,direct_TB,rate_TB,direct_2B,rate_2B,direct_3B,rate_3B,direct_SB,rate_SB,used_fallback,confidence_score,proj_pa_confidence_score,proj_hits_confidence_score,proj_hr_confidence_score,proj_strikeouts_confidence_score,proj_runs_confidence_score,proj_rbi_confidence_score,proj_hrrbi_confidence_score,proj_walks_confidence_score,confidence,proj_pa_confidence,proj_hits_confidence,proj_hr_confidence,proj_strikeouts_confidence,proj_runs_confidence,proj_rbi_confidence,proj_hrrbi_confidence,proj_walks_confidence,game_date
pitcher,CIN,WSH,Brady Singer,663903,,,,,4.79,14.0,2.64,4.65,5.0,1.93,0.89,2.28,4.96,0.073,4.676567656765677,5.331254490887942,1.890295358649789,2.041382631246275,4.525423728813561,5.152155509786922,0.869281045751634,0.9510542321979162,2.28,,,,,,,,,,,,,,,,,,,,,,,,,,,,,,,,,,,,,,,2026-08-09
pitcher,ATH,BOS,J.T. Ginn,669372,,,,,4.79,14.0,2.82,4.71,4.59,2.35,0.89,2.43,5.23,0.057,4.676567656765677,4.497510524090055,2.3333333333333335,2.408344720713209,4.666666666666667,4.858659276173211,0.869281045751634,0.9510542321979162,2.432,,,,,,,,,,,,,,,,,,,,,,,,,,,,,,,,,,,,,,,2026-08-09
pitcher,PIT,NYM,Jared Jones,683003,,,,,4.61,14.0,2.21,3.94,4.9,1.7,0.72,2.21,4.62,0.069,4.676567656765677,5.1309150736938225,1.610062893081761,1.9646709666065398,3.68,4.95854632570307,0.6666666666666666,0.8399040024918583,2.212,,,,,,,,,,,,,,,,,,,,,,,,,,,,,,,,,,,,,,,2026-08-09
pitcher,NYM,PIT,Sean Manaea,640455,,,,,4.79,14.0,2.47,4.76,4.78,1.45,0.71,2.21,4.06,0.081,4.676567656765677,4.882964964028157,1.3455882352941178,1.7468702410277968,4.666666666666667,5.152155509786922,0.6666666666666666,0.8243081650798851,2.212,,,,,,,,,,,,,,,,,,,,,,,,,,,,,,,,,,,,,,,2026-08-09
pitcher,PHI,TOR,Jesús Luzardo,666200,,,,,5.59,17.0,2.6,5.17,6.56,1.93,0.49,2.21,3.16,0.138,6.649122807017544,6.471370949799894,1.890295358649789,2.038623099654568,5.093457943925234,5.462538614084102,0.4827586206896552,0.5140159409027215,2.212,,,,,,,,,,,,,,,,,,,,,,,,,,,,,,,,,,,,,,,2026-08-09
pitcher,TOR,PHI,Shane Bieber,669456,,,,,4.61,14.0,2.48,4.45,4.5,1.61,0.91,1.79,4.83,0.117,4.676567656765677,4.328501777882078,1.610062893081761,1.6181032577098442,4.326530612244898,4.95854632570307,0.9130434782608695,0.91531524226146,1.789,,,,,,,,,,,,,,,,,,,,,,,,,,,,,,,,,,,,,,,2026-08-09
pitcher,NYY,ATL,Cam Schlittler,693645,,,,,5.21,16.0,2.32,4.47,5.87,1.8,0.41,1.79,3.43,0.162,5.708333333333333,6.031456645520117,1.7846689185541507,1.8287023801883489,4.326530612244898,5.0333098236854905,0.38095238095238093,0.47907389125280486,1.789,,,,,,,,,,,,,,,,,,,,,,,,,,,,,,,,,,,,,,,2026-08-09
pitcher,ATL,NYY,Grant Holmes,656550,,,,,4.61,14.0,2.58,3.88,4.69,2.33,0.77,2.21,4.88,0.069,4.676567656765677,4.699471499826681,2.3333333333333335,2.3178432489536314,3.68,4.676079178112422,0.7580645161290323,0.7933320753691587,2.212,,,,,,,,,,,,,,,,,,,,,,,,,,,,,,,,,,,,,,,2026-08-09
pitcher,MIA,LAA,Ryan Gusto,687473,,,,,4.61,14.0,2.6,4.84,4.43,1.7,0.76,2.43,4.54,0.045,4.5344827586206895,4.328501777882078,1.610062893081761,1.9503289764882537,4.879746835443039,4.676079178112422,0.7441860465116279,0.7933320753691587,2.432,,,,,,,,,,,,,,,,,,,,,,,,,,,,,,,,,,,,,,,2026-08-09
pitcher,LAA,MIA,Grayson Rodriguez,680570,,,,,4.79,14.0,2.5,4.55,4.59,2.13,0.57,2.28,4.23,0.073,4.676567656765677,4.497510524090055,2.163265306122449,2.041382631246275,4.525423728813561,4.62755356150739,0.5438855584435516,0.6350989636681925,2.28,,,,,,,,,,,,,,,,,,,,,,,,,,,,,,,,,,,,,,,2026-08-09
pitcher,CHC,KC,Matthew Boyd,571510,,,,,4.79,14.0,2.28,4.93,4.52,1.43,0.61,2.21,3.8,0.081,4.5344827586206895,4.497510524090055,1.3455882352941178,1.6812829944533958,4.879746835443039,5.152155509786922,0.547945205479452,0.7592911695295503,2.212,,,,,,,,,,,,,,,,,,,,,,,,,,,,,,,,,,,,,,,2026-08-09
pitcher,CWS,CLE,Davis Martin,663436,,,,,4.79,14.0,2.63,5.05,4.59,1.85,0.55,2.28,4.06,0.073,4.676567656765677,4.497510524090055,1.890295358649789,1.7468702410277968,5.093457943925234,4.858659276173211,0.5409836065573771,0.5661210675823506,2.28,,,,,,,,,,,,,,,,,,,,,,,,,,,,,,,,,,,,,,,2026-08-09
pitcher,CLE,CWS,Joey Cantillo,676282,,,,,4.79,14.0,2.49,4.59,4.59,1.93,0.55,2.21,4.08,0.081,4.676567656765677,4.497510524090055,1.890295358649789,2.041382631246275,4.525423728813561,4.858659276173211,0.547945205479452,0.5661210675823506,2.212,,,,,,,,,,,,,,,,,,,,,,,,,,,,,,,,,,,,,,,2026-08-09
pitcher,MIL,MIN,Jacob Misiorowski,694819,,,,,5.59,17.0,2.14,4.55,7.36,1.8,0.81,1.37,3.4,0.247,6.649122807017544,8.064776450048912,1.610062893081761,2.3649325333122206,4.326530612244898,5.462538614084102,0.7441860465116279,0.9619796749053355,1.367,,,,,,,,,,,,,,,,,,,,,,,,,,,,,,,,,,,,,,,2026-08-09
pitcher,MIN,MIL,Connor Prielipp,687570,,,,,5.13,15.0,2.44,4.77,4.95,1.96,0.56,1.79,4.02,0.155,4.676567656765677,5.229563729742055,1.890295358649789,2.18628244223244,4.666666666666667,5.203532794732478,0.5409836065573771,0.6063050264504087,1.789,,,,,,,,,,,,,,,,,,,,,,,,,,,,,,,,,,,,,,,2026-08-09
pitcher,STL,COL,Michael McGreevy,700241,,,,,4.79,14.0,2.75,5.69,3.58,1.28,0.87,3.0,5.0,-0.002,3.6538461538461537,3.502400723636293,1.2772277227722773,1.2824725226957707,5.68,5.720501571405975,0.869281045751634,0.8726985188581348,3.0,,,,,,,,,,,,,,,,,,,,,,,,,,,,,,,,,,,,,,,2026-08-09
pitcher,COL,STL,Michael Lorenzen,547179,,,,,4.79,14.0,2.78,5.53,3.67,1.63,0.78,3.08,4.83,-0.01,3.8412698412698414,3.502400723636293,1.610062893081761,1.6812829944533958,5.387096774193548,6.094132954135056,0.7580645161290323,0.8243081650798851,3.075,,,,,,,,,,,,,,,,,,,,,,,,,,,,,,,,,,,,,,,2026-08-09
pitcher,TEX,BAL,Kumar Rocker,677958,,,,,4.61,14.0,2.63,4.61,4.69,1.91,0.86,2.28,5.02,0.061,4.676567656765677,4.699471499826681,1.890295358649789,1.9646709666065398,4.525423728813561,4.95854632570307,0.869281045751634,0.8399040024918583,2.28,,,,,,,,,,,,,,,,,,,,,,,,,,,,,,,,,,,,,,,2026-08-09
pitcher,BAL,TEX,Cade Povich,700249,,,,,4.79,14.0,2.43,4.57,4.78,1.93,0.55,2.21,4.08,0.081,4.676567656765677,4.882964964028157,1.890295358649789,2.041382631246275,4.500000000000001,4.858659276173211,0.547945205479452,0.5661210675823506,2.212,,,,,,,,,,,,,,,,,,,,,,,,,,,,,,,,,,,,,,,2026-08-09
pitcher,SF,DET,Logan Webb,657277,,,,,5.59,17.0,2.52,5.28,5.86,1.33,0.53,2.28,3.15,0.13,6.017094017094017,5.69849147159027,1.2772277227722773,1.496664175755607,5.093457943925234,6.012640772381813,0.5409836065573771,0.5140159409027215,2.28,,,,,,,,,,,,,,,,,,,,,,,,,,,,,,,,,,,,,,,2026-08-09
pitcher,DET,SF,Troy Melton,675512,,,,,4.79,14.0,2.52,4.93,4.78,1.52,0.89,2.28,4.61,0.073,4.676567656765677,4.882964964028157,1.3455882352941178,2.026480650190615,4.879746835443039,5.152155509786922,0.869281045751634,0.9510542321979162,2.28,,,,,,,,,,,,,,,,,,,,,,,,,,,,,,,,,,,,,,,2026-08-09
pitcher,AZ,LAD,Eduardo Rodriguez,593958,,,,,5.13,15.0,2.63,5.18,4.75,1.96,0.56,2.28,4.02,0.097,4.676567656765677,4.816749266927345,1.890295358649789,2.18628244223244,5.093457943925234,5.51786174638975,0.5409836065573771,0.6063050264504087,2.28,,,,,,,,,,,,,,,,,,,,,,,,,,,,,,,,,,,,,,,2026-08-09
pitcher,LAD,AZ,Justin Wrobleski,680736,,,,,4.79,14.0,2.69,5.05,4.59,1.43,0.92,2.48,4.73,0.051,4.676567656765677,4.497510524090055,1.3455882352941178,1.6812829944533958,5.093457943925234,4.858659276173211,0.9130434782608695,0.9510542321979162,2.481,,,,,,,,,,,,,,,,,,,,,,,,,,,,,,,,,,,,,,,2026-08-09
pitcher,SEA,TB,Emerson Hancock,676106,,,,,4.79,14.0,2.6,5.29,3.75,1.65,0.82,2.43,4.83,0.057,3.8412698412698414,3.6609009771017487,1.610062893081761,1.7704833159728637,5.093457943925234,6.094132954135056,0.7948717948717948,0.8726985188581348,2.432,,,,,,,,,,,,,,,,,,,,,,,,,,,,,,,,,,,,,,,2026-08-09
pitcher,SD,HOU,Randy Vásquez,681190,,,,,4.61,14.0,2.77,4.61,3.99,2.0,1.12,3.08,6.08,-0.02,3.6538461538461537,4.328501777882078,1.890295358649789,2.3178432489536314,4.525423728813561,4.95854632570307,1.1428571428571428,1.082681419219278,3.075,,,,,,,,,,,,,,,,,,,,,,,,,,,,,,,,,,,,,,,2026-08-09
pitcher,HOU,SD,Cristian Javier,664299,,,,,4.79,14.0,2.59,4.65,4.59,1.99,0.79,2.21,4.75,0.081,4.676567656765677,4.497510524090055,1.890295358649789,2.295210204438778,4.525423728813561,5.152155509786922,0.7580645161290323,0.8726985188581348,2.212,,,,,,,,,,,,,,,,,,,,,,,,,,,,,,,,,,,,,,,2026-08-09
hitter,WSH,CIN,CJ Abrams,682928,1.0,SS,Confirmed,4.18,,,,,0.71,0.29,,,,,0.7092445354522589,0.7160327410019944,0.3081872162382986,0.2665311384383021,1.0980834272829765,1.201335108345681,0.2743915966280705,0.2679147852758261,,,1.15,0.48,0.34,1.53,0.27,2.06,0.12,0.01,0.0,0.302,2.057017543859649,2.0689626895029454,0.117,,0.009,,0.0,,False,96.0,99.0,96.0,88.0,93.0,91.0,91.0,92.0,94.0,high,high,high,high,high,high,high,high,high,2026-08-09
hitter,WSH,CIN,Abimelec Ortiz,694673,2.0,1B,Confirmed,2.77,,,,,0.61,0.13,,,,,0.5558036949915046,0.6579668331121493,0.1451184627352546,0.1062617509869368,0.4125159642401022,0.43154553092964626,0.11600293566542927,0.1028335219511901,,,0.42,0.25,0.16,0.74,0.11,0.93,0.07,0.01,0.0,0.242,1.001763668430335,0.8653245740691444,0.071,,0.006,,0.0,,False,96.0,99.0,96.0,88.0,93.0,91.0,91.0,92.0,94.0,high,high,high,high,high,high,high,high,high,2026-08-09
hitter,WSH,CIN,José Tena,677588,3.0,DH,Confirmed,3.1,,,,,0.6,0.38,,,,,0.5713266061118724,0.6367750380142624,0.42608616781693576,0.33140206850951115,0.801980198019802,0.6241463900838607,0.11742033817961717,0.09904508316090443,,,0.7,0.34,0.25,1.0,0.11,1.1,0.08,0.01,0.0,0.297,1.239368165249089,0.9838325997098138,0.084,,0.008,,0.0,,False,96.0,99.0,96.0,88.0,93.0,91.0,91.0,92.0,94.0,high,high,high,high,high,high,high,high,high,2026-08-09
hitter,WSH,CIN,Daylen Lile,695734,4.0,LF,Confirmed,3.96,,,,,0.54,0.3,,,,,0.5653292691980057,0.5097830399064017,0.3160778413308072,0.2884677237753258,1.1391752577319587,1.1211574681291567,0.28845250963075814,0.2412150712422886,,,1.13,0.5,0.4,1.61,0.26,1.95,0.11,0.01,0.0,0.328,2.057017543859649,1.870264631664451,0.113,,0.012,,0.0,,False,96.0,99.0,96.0,88.0,93.0,91.0,91.0,92.0,94.0,high,high,high,high,high,high,high,high,high,2026-08-09
hitter,WSH,CIN,Dylan Crews,686611,5.0,RF,Confirmed,4.14,,,,,0.86,0.31,,,,,0.8384425740610999,0.8730479833602288,0.31348439748437407,0.30272569914905495,1.0980834272829765,1.108015104072356,0.22156227365731107,0.24007692885966667,,,1.1,0.47,0.36,1.54,0.23,1.99,0.11,0.01,0.0,0.295,2.057017543859649,1.9416193956949959,0.107,,0.007,,0.0,,False,96.0,99.0,96.0,88.0,93.0,91.0,91.0,92.0,94.0,high,high,high,high,high,high,high,high,high,2026-08-09
hitter,WSH,CIN,Jorbit Vivas,678391,6.0,3B,Confirmed,3.19,,,,,0.35,0.41,,,,,0.3470298616719317,0.3572526596203302,0.42157678925516395,0.39398003493877876,0.801980198019802,0.6218750693784567,0.056389261289373695,0.060246896283078485,,,0.7,0.28,0.23,0.99,0.06,1.04,0.1,0.01,0.0,0.274,1.1521739130434783,0.9499925936461876,0.096,,0.007,,0.0,,False,96.0,99.0,96.0,88.0,93.0,91.0,91.0,92.0,94.0,high,high,high,high,high,high,high,high,high,2026-08-09
hitter,WSH,CIN,Nasim Nuñez,683083,7.0,2B,Confirmed,3.54,,,,,0.74,0.3,,,,,0.7718877744659417,0.7174997262298063,0.3200177966775195,0.2702200710027803,0.994208494208494,0.8695353354116386,0.09806615498727284,0.09652154680956063,,,0.93,0.3,0.21,0.98,0.1,1.28,0.11,0.01,0.0,0.263,1.3148148148148149,1.2462067369797718,0.109,,0.007,,0.0,,False,96.0,99.0,96.0,88.0,93.0,91.0,91.0,92.0,94.0,high,high,high,high,high,high,high,high,high,2026-08-09
hitter,WSH,CIN,Keibert Ruiz,660688,8.0,C,Confirmed,3.74,,,,,0.25,0.35,,,,,0.27583297198192347,0.21490756331699792,0.3417242567318488,0.3653401551103389,0.994208494208494,0.8983563352090812,0.09163568346246492,0.08753504960280965,,,0.94,0.36,0.29,1.36,0.09,1.36,0.12,0.01,0.0,0.282,1.3893129770992367,1.3442558752520042,0.119,,0.007,,0.0,,False,96.0,99.0,96.0,88.0,93.0,91.0,91.0,92.0,94.0,high,high,high,high,high,high,high,high,high,2026-08-09
hitter,WSH,CIN,Jacob Young,696285,9.0,CF,Confirmed,3.1,,,,,0.51,0.2,,,,,0.5823631938787074,0.447609419057174,0.22238555777628732,0.17803711248151413,0.8949771689497716,0.7309663599118704,0.10068978641463786,0.10466589970887989,,,0.8,0.3,0.21,1.04,0.1,1.38,0.1,0.01,0.0,0.296,1.5956790123456794,1.1998413123257818,0.104,,0.008,,0.0,,False,96.0,99.0,96.0,88.0,93.0,91.0,91.0,92.0,94.0,high,high,high,high,high,high,high,high,high,2026-08-09
hitter,CIN,WSH,Elly De La Cruz,682829,1.0,SS,Confirmed,4.18,,,,,0.97,0.2,,,,,0.9407379064598763,0.9933201682812158,0.20229666291445095,0.19577421056012154,0.707983193277311,0.7582067833942849,0.11783049897414555,0.13464516966034085,,,0.74,0.48,0.31,1.58,0.13,1.27,0.19,0.01,0.0,0.31,1.239368165249089,1.2911922984234507,0.191,,0.013,,0.0,,False,96.0,99.0,96.0,88.0,93.0,91.0,91.0,92.0,94.0,high,high,high,high,high,high,high,high,high,2026-08-09
hitter,CIN,WSH,Sal Stewart,701398,2.0,1B,Confirmed,4.18,,,,,0.93,0.17,,,,,0.8764297913834335,0.9888235510424548,0.17184763586461652,0.16672024292443935,0.7061469265367316,0.7121204517558163,0.16966085478267284,0.16472129879161607,,,0.71,0.47,0.31,1.58,0.17,1.29,0.18,0.01,0.0,0.3,1.239368165249089,1.3243913436549748,0.176,,0.007,,0.0,,False,96.0,99.0,96.0,88.0,93.0,91.0,91.0,92.0,94.0,high,high,high,high,high,high,high,high,high,2026-08-09
hitter,CIN,WSH,JJ Bleday,668709,3.0,LF,Confirmed,3.81,,,,,0.84,0.15,,,,,0.7716366053561647,0.8999801251875335,0.16291499130843687,0.14700598933596848,0.5290322580645161,0.5904309918981117,0.08826733523638303,0.09125313819676534,,,0.56,0.38,0.27,1.3,0.09,0.98,0.13,0.01,0.0,0.275,0.9875776397515532,0.9696512491454898,0.129,,0.007,,0.0,,False,96.0,99.0,96.0,88.0,93.0,91.0,91.0,92.0,94.0,high,high,high,high,high,high,high,high,high,2026-08-09
hitter,CIN,WSH,Tyler Stephenson,663886,4.0,C,Confirmed,3.74,,,,,0.87,0.2,,,,,0.765929918771757,0.9834891702137855,0.19962278748698128,0.19721314325921335,0.4125159642401022,0.49745435072596084,0.09861689706475985,0.0849807027804853,,,0.46,0.36,0.25,1.2,0.09,0.83,0.12,0.01,0.0,0.265,0.8408408408408409,0.8294502010144585,0.118,,0.007,,0.0,,False,96.0,99.0,96.0,88.0,93.0,91.0,91.0,92.0,94.0,high,high,high,high,high,high,high,high,high,2026-08-09
hitter,CIN,WSH,Eugenio Suárez,553993,5.0,DH,Confirmed,3.96,,,,,0.98,0.16,,,,,0.8965613414687922,1.0715225135276112,0.1516106232659913,0.1739978037868275,0.5290322580645161,0.5803408875193747,0.19667625046332987,0.1828438929741521,,,0.56,0.43,0.33,1.47,0.19,1.19,0.13,0.01,0.0,0.289,1.1521739130434783,1.216750454103276,0.135,,0.007,,0.0,,False,96.0,99.0,96.0,88.0,93.0,91.0,91.0,92.0,94.0,high,high,high,high,high,high,high,high,high,2026-08-09
hitter,CIN,WSH,Héctor Rodríguez,699302,6.0,RF,Confirmed,1.0,,,,,0.49,0.11,,,,,0.6122135984180453,0.3651159053633708,0.15709084706894696,0.061779852475269466,0.23333333333333334,0.08101393774555948,0.011169637045763622,0.0,,,0.15,0.03,0.01,0.04,0.01,0.2,0.0,0.0,0.0,0.132,0.28125,0.13525604953754178,0.063,,0.007,,0.0,,False,96.0,99.0,96.0,88.0,93.0,91.0,91.0,92.0,94.0,high,high,high,high,high,high,high,high,high,2026-08-09
hitter,CIN,WSH,Dane Myers,667472,7.0,CF,Confirmed,1.64,,,,,0.58,0.09,,,,,0.7176473069337549,0.4445365096898873,0.11322564833246766,0.05776962689408731,0.4125159642401022,0.2568139320413636,0.06415409470777739,0.03407494688652635,,,0.33,0.17,0.12,0.63,0.05,0.58,0.09,0.01,0.0,0.324,0.7899761336515513,0.4087551470941696,0.091,,0.007,,0.0,,False,96.0,99.0,96.0,88.0,93.0,91.0,91.0,92.0,94.0,high,high,high,high,high,high,high,high,high,2026-08-09
hitter,CIN,WSH,Matt McLain,680574,8.0,2B,Confirmed,3.1,,,,,0.96,0.37,,,,,1.0809503801897824,0.8428564781093126,0.41644250219736145,0.31744969426933484,0.994208494208494,0.7088379283610288,0.03727987703297035,0.03393874532853334,,,0.84,0.32,0.24,1.2,0.04,1.07,0.14,0.01,0.0,0.319,1.239368165249089,0.9392903975006603,0.14,,0.006,,0.0,,False,96.0,99.0,96.0,88.0,93.0,91.0,91.0,92.0,94.0,high,high,high,high,high,high,high,high,high,2026-08-09
hitter,CIN,WSH,Ke'Bryan Hayes,663647,9.0,3B,Confirmed,3.96,,,,,0.74,0.25,,,,,0.7043193485088859,0.7708569446247624,0.24287727283445817,0.2662803536502479,0.8694581280788177,0.8768207823117412,0.027679283653911615,0.02721450635474385,,,0.87,0.35,0.27,1.39,0.03,1.12,0.12,0.01,0.0,0.259,1.1521739130434783,1.0956573326244978,0.124,,0.008,,0.0,,False,96.0,99.0,96.0,88.0,93.0,91.0,91.0,92.0,94.0,high,high,high,high,high,high,high,high,high,2026-08-09
hitter,BOS,ATH,Nick Sogard,686765,1.0,3B,Confirmed,3.02,,,,,0.7,0.22,,,,,0.6677308581269228,0.7307168738173297,0.22159348699344747,0.21051453655505192,0.5290322580645161,0.4886174912411238,0.017519959569657295,0.007400305375704351,,,0.51,0.22,0.14,0.69,0.01,0.65,0.08,0.01,0.0,0.205,0.6720588235294118,0.6348809641768324,0.084,,0.008,,0.0,,False,96.0,99.0,96.0,88.0,93.0,91.0,91.0,92.0,94.0,high,high,high,high,high,high,high,high,high,2026-08-09
hitter,BOS,ATH,Ceddanne Rafaela,678882,2.0,CF,Confirmed,4.25,,,,,0.95,0.19,,,,,0.8913416957181775,1.0162632265259566,0.18720554954516308,0.18735427096456184,1.0980834272829765,1.066123911384581,0.18967524555180362,0.18053897131236937,,,1.08,0.39,0.28,1.32,0.19,1.89,0.11,0.01,0.0,0.238,1.914285714285714,1.869633949294738,0.111,,0.008,,0.0,,False,96.0,99.0,96.0,88.0,93.0,91.0,91.0,92.0,94.0,high,high,high,high,high,high,high,high,high,2026-08-09
hitter,BOS,ATH,Wilyer Abreu,677800,3.0,DH,Confirmed,4.04,,,,,1.19,0.31,,,,,1.1403655534347468,1.2337525510324858,0.3103041636771131,0.3002358967158761,0.8694581280788177,0.8674863429193302,0.25131693240117703,0.26370980053948456,,,0.87,0.39,0.29,1.21,0.26,1.86,0.1,0.01,0.0,0.259,1.914285714285714,1.8190813075656211,0.098,,0.008,,0.0,,False,96.0,99.0,96.0,88.0,93.0,91.0,91.0,92.0,94.0,high,high,high,high,high,high,high,high,high,2026-08-09
hitter,BOS,ATH,Willson Contreras,575929,4.0,1B,Confirmed,4.18,,,,,1.36,0.29,,,,,1.3875710534339083,1.3260861740063854,0.3051905401032584,0.2792950141592734,0.994208494208494,0.9826455506932309,0.35287845244935173,0.3253290222059883,,,0.99,0.48,0.4,1.52,0.34,2.31,0.11,0.01,0.0,0.298,2.456692913385827,2.187154519174145,0.112,,0.007,,0.0,,False,96.0,99.0,96.0,88.0,93.0,91.0,91.0,92.0,94.0,high,high,high,high,high,high,high,high,high,2026-08-09
hitter,BOS,ATH,Andruw Monasterio,655316,5.0,SS,Confirmed,3.48,,,,,0.68,0.5,,,,,0.6493835798828155,0.7111356047743411,0.5372452914090848,0.4575538929964604,0.4125159642401022,0.42154514083775546,0.14231117493825562,0.10199430843997911,,,0.42,0.33,0.28,1.09,0.12,1.03,0.09,0.01,0.0,0.247,1.1238670694864048,0.9480501293563378,0.093,,0.007,,0.0,,False,96.0,99.0,96.0,88.0,93.0,91.0,91.0,92.0,94.0,high,high,high,high,high,high,high,high,high,2026-08-09
hitter,BOS,ATH,Anthony Seigler,678011,6.0,2B,Confirmed,3.89,,,,,1.05,0.25,,,,,0.9426418279781378,1.1600483312400613,0.24487112242445494,0.24617633038886524,0.801980198019802,0.8196765002241403,0.13181062895784684,0.15476792340341186,,,0.81,0.3,0.26,1.04,0.14,1.37,0.1,0.01,0.0,0.235,1.3893129770992367,1.35160010536592,0.102,,0.007,,0.0,,False,96.0,99.0,96.0,88.0,93.0,91.0,91.0,92.0,94.0,high,high,high,high,high,high,high,high,high,2026-08-09
hitter,BOS,ATH,Jarren Duran,680776,7.0,LF,Confirmed,4.25,,,,,1.37,0.3,,,,,1.3722232688169207,1.3764128148430281,0.3007544550956608,0.30214577365588413,1.0980834272829765,1.0809609005252188,0.4412848052809261,0.3394168927339256,,,1.09,0.44,0.37,1.51,0.39,2.39,0.13,0.01,0.0,0.305,2.456692913385827,2.3338725458118117,0.133,,0.015,,0.0,,False,96.0,99.0,96.0,88.0,93.0,91.0,91.0,92.0,94.0,high,high,high,high,high,high,high,high,high,2026-08-09
hitter,BOS,ATH,Eli White,642201,8.0,RF,Confirmed,3.49,,,,,0.86,0.12,,,,,0.8062776940985124,0.9205145676866214,0.13293222458852474,0.1151614695170622,0.6434108527131783,0.5702796419682811,0.023284744441241213,0.026415160142103995,,,0.6,0.26,0.22,0.96,0.02,0.76,0.11,0.01,0.0,0.224,0.7899761336515513,0.7297887383962699,0.108,,0.007,,0.0,,False,96.0,99.0,96.0,88.0,93.0,91.0,91.0,92.0,94.0,high,high,high,high,high,high,high,high,high,2026-08-09
hitter,BOS,ATH,Jake Rogers,668670,9.0,C,Confirmed,3.1,,,,,0.87,0.19,,,,,0.8825849897013981,0.86591212552701,0.21709056944980468,0.17127539492418398,0.707983193277311,0.5905452533481729,0.10813481945990641,0.08924733435639548,,,0.64,0.24,0.18,0.77,0.1,1.1,0.09,0.01,0.0,0.237,1.239368165249089,0.9778001814465462,0.092,,0.007,,0.0,,False,96.0,99.0,96.0,88.0,93.0,91.0,91.0,92.0,94.0,high,high,high,high,high,high,high,high,high,2026-08-09
hitter,ATH,BOS,Henry Bolte,703607,1.0,CF,Confirmed,3.48,,,,,1.24,0.09,,,,,1.2033978919285744,1.283208173853325,0.09917011548509351,0.07991554886286038,0.35424354243542433,0.40495341990439077,0.025200975798928233,0.01090871146440781,,,0.38,0.17,0.13,0.66,0.02,0.48,0.09,0.01,0.0,0.128,0.44025157232704404,0.5146323552296767,0.088,,0.006,,0.0,,False,82.0,86.0,82.0,74.0,79.0,77.0,77.0,78.0,80.0,high,high,high,medium,medium,medium,medium,medium,high,2026-08-09
hitter,ATH,BOS,Jacob Wilson,805779,2.0,SS,Confirmed,4.04,,,,,0.43,0.31,,,,,0.37246709736848194,0.48139733280195973,0.30827372618035387,0.3216273821656169,0.6434108527131783,0.5893398466588722,0.026270646335972894,0.01225428847242369,,,0.61,0.33,0.23,1.2,0.02,0.79,0.12,0.01,0.0,0.213,0.7899761336515513,0.7989383679582748,0.123,,0.008,,0.0,,False,82.0,86.0,82.0,74.0,79.0,77.0,77.0,78.0,80.0,high,high,high,medium,medium,medium,medium,medium,high,2026-08-09
hitter,ATH,BOS,Jonah Heim,641680,3.0,C,Confirmed,3.09,,,,,0.96,0.1,,,,,0.9663690888875166,0.9463912361880376,0.09602025876534573,0.10030266437569445,0.3344051446945337,0.2984410794859391,0.028835568518642444,0.029803624785611944,,,0.31,0.17,0.15,0.65,0.03,0.47,0.08,0.01,0.0,0.138,0.4591194968553459,0.48449556701789404,0.08,,0.007,,0.0,,False,82.0,86.0,82.0,74.0,79.0,77.0,77.0,78.0,80.0,high,high,high,medium,medium,medium,medium,medium,high,2026-08-09
hitter,ATH,BOS,Tyler Soderstrom,691016,4.0,DH,Confirmed,3.74,,,,,1.1,0.42,,,,,1.0665373229699582,1.1429497617033648,0.44589718002890033,0.39453325660955013,0.6434108527131783,0.5772997639329083,0.12916692112031353,0.11487170482630651,,,0.61,0.41,0.34,1.39,0.12,1.12,0.11,0.01,0.0,0.286,1.1521739130434783,1.0861523861707194,0.11,,0.009,,0.0,,False,82.0,86.0,82.0,74.0,79.0,77.0,77.0,78.0,80.0,high,high,high,medium,medium,medium,medium,medium,high,2026-08-09
hitter,ATH,BOS,Tommy White,695720,5.0,1B,Confirmed,1.84,,,,,0.54,0.11,,,,,0.5167661629712988,0.5540894718912598,0.1396071112481467,0.07123152230853014,0.4125159642401022,0.23919221161102275,0.07916155608181519,0.06892152105883027,,,0.32,0.22,0.2,0.84,0.07,0.63,0.09,0.01,0.0,0.303,0.7899761336515513,0.5063838904826468,0.088,,0.008,,0.0,,False,82.0,86.0,82.0,74.0,79.0,77.0,77.0,78.0,80.0,high,high,high,medium,medium,medium,medium,medium,high,2026-08-09
hitter,ATH,BOS,Lawrence Butler,671732,6.0,RF,Confirmed,3.02,,,,,1.24,0.12,,,,,1.2486215344114153,1.2328099334874323,0.1289941825273632,0.10497670043282872,0.3344051446945337,0.25879761519646083,0.027601913558351326,0.03306481878447514,,,0.29,0.15,0.15,0.63,0.03,0.44,0.08,0.01,0.0,0.147,0.44025157232704404,0.4325121865783812,0.078,,0.007,,0.0,,False,82.0,86.0,82.0,74.0,79.0,77.0,77.0,78.0,80.0,high,high,high,medium,medium,medium,medium,medium,high,2026-08-09
hitter,ATH,BOS,Jonathan Ornelas,680716,7.0,LF,Confirmed,4.18,,,,,0.74,0.23,,,,,0.44206045922534853,1.043741600286864,0.20870705256426567,0.24257425142385203,1.0980834272829765,0.9587125545413206,0.10512372922890345,0.12403983530126227,,,1.02,0.44,0.4,1.84,0.11,1.31,0.11,0.01,0.0,0.29,1.3893129770992367,1.245351910316047,0.11,,0.008,,0.0,,False,82.0,86.0,82.0,74.0,79.0,77.0,77.0,78.0,80.0,high,high,high,medium,medium,medium,medium,medium,high,2026-08-09
hitter,ATH,BOS,Max Muncy,691777,8.0,3B,Confirmed,3.02,,,,,1.36,0.07,,,,,1.4411772824659963,1.2766218286984148,0.08290361929045821,0.056896988405205025,0.3344051446945337,0.2608131683426243,0.030983601856183103,0.029784498083926803,,,0.29,0.15,0.13,0.61,0.03,0.45,0.08,0.01,0.0,0.141,0.44025157232704404,0.4494315871389876,0.08,,0.006,,0.0,,False,82.0,86.0,82.0,74.0,79.0,77.0,77.0,78.0,80.0,high,high,high,medium,medium,medium,medium,medium,high,2026-08-09
hitter,ATH,BOS,Jeff McNeil,643446,9.0,LF,Confirmed,3.1,,,,,0.46,0.09,,,,,0.4562738252600935,0.4567450554720696,0.09023724280640591,0.0888255335307394,0.5290322580645161,0.4710385554550525,0.021156618442382966,0.027714132582123685,,,0.5,0.21,0.19,0.92,0.02,0.74,0.12,0.01,0.0,0.193,0.7899761336515513,0.7010071286437857,0.116,,0.009,,0.0,,False,82.0,86.0,82.0,74.0,79.0,77.0,77.0,78.0,80.0,high,high,high,medium,medium,medium,medium,medium,high,2026-08-09
hitter,PIT,NYM,Jake Mangum,663968,1.0,CF,Confirmed,3.96,,,,,0.53,0.29,,,,,0.5513774186376811,0.5145401788504411,0.31181077302524474,0.25831882384984745,1.4947368421052631,1.141460500015344,0.08200356819666818,0.06402913585305528,,,1.3,0.49,0.4,1.89,0.07,1.73,0.15,0.01,0.0,0.299,1.914285714285714,1.5710446743398236,0.148,,0.009,,0.0,,False,96.0,99.0,96.0,88.0,93.0,91.0,91.0,92.0,94.0,high,high,high,high,high,high,high,high,high,2026-08-09
hitter,PIT,NYM,Ronny Simon,682927,2.0,RF,Confirmed,3.49,,,,,0.76,0.27,,,,,0.7324579692341054,0.7821561675849159,0.276102594959051,0.26701112564585816,0.801980198019802,0.6935505482300022,0.08210928760226055,0.08286439456814185,,,0.74,0.4,0.32,1.53,0.08,1.15,0.14,0.01,0.0,0.285,1.239368165249089,1.0767816334281588,0.138,,0.008,,0.0,,False,96.0,99.0,96.0,88.0,93.0,91.0,91.0,92.0,94.0,high,high,high,high,high,high,high,high,high,2026-08-09
hitter,PIT,NYM,Bryan Reynolds,668804,3.0,DH,Confirmed,4.18,,,,,1.08,0.48,,,,,1.1417776100473571,1.0238862924086016,0.5025050886557487,0.4600969615274371,1.4947368421052631,1.1478601620940334,0.14069853795451157,0.15956290289588315,,,1.3,0.54,0.5,1.93,0.15,1.92,0.18,0.01,0.0,0.314,2.057017543859649,1.806881200580261,0.178,,0.012,,0.0,,False,96.0,99.0,96.0,88.0,93.0,91.0,91.0,92.0,94.0,high,high,high,high,high,high,high,high,high,2026-08-09
hitter,PIT,NYM,Nick Gonzales,693304,4.0,2B,Confirmed,4.25,,,,,0.73,0.33,,,,,0.7325891712937236,0.7215233700313872,0.3385962114673793,0.3233743350958904,1.607843137254902,1.3146034418993275,0.10506488572155742,0.10534927641937086,,,1.45,0.56,0.53,2.18,0.11,1.95,0.16,0.01,0.0,0.315,2.057017543859649,1.8552499266988018,0.159,,0.01,,0.0,,False,96.0,99.0,96.0,88.0,93.0,91.0,91.0,92.0,94.0,high,high,high,high,high,high,high,high,high,2026-08-09
hitter,PIT,NYM,Esmerlyn Valdez,699013,5.0,1B,Confirmed,3.81,,,,,1.13,0.47,,,,,1.2042770155501088,1.0588186790597716,0.5175415703637727,0.4258165292086243,1.0980834272829765,0.940383457701653,0.22526757803965575,0.19978464245101182,,,1.01,0.46,0.43,1.6,0.21,1.87,0.13,0.01,0.0,0.293,2.057017543859649,1.723525630535416,0.134,,0.01,,0.0,,False,96.0,99.0,96.0,88.0,93.0,91.0,91.0,92.0,94.0,high,high,high,high,high,high,high,high,high,2026-08-09
hitter,PIT,NYM,Brandon Lowe,664040,6.0,2B,Confirmed,4.18,,,,,1.12,0.5,,,,,1.1524607710759465,1.0913263653330358,0.5294796480157823,0.46607166307203,1.4947368421052631,1.1126100019492275,0.26868602407173076,0.26915540699666596,,,1.28,0.56,0.63,2.18,0.27,2.32,0.17,0.01,0.0,0.36,2.552380952380952,2.1290732257344938,0.17,,0.009,,0.0,,False,96.0,99.0,96.0,88.0,93.0,91.0,91.0,92.0,94.0,high,high,high,high,high,high,high,high,high,2026-08-09
hitter,PIT,NYM,Rafael Flores Jr.,804668,7.0,P,Confirmed,3.74,,,,,0.72,0.32,,,,,0.598426845369606,0.8362789540571437,0.3214699215401988,0.3248930941634316,0.801980198019802,0.7854311531131793,0.10046789169234496,0.1457115193889182,,,0.79,0.33,0.3,1.34,0.12,1.27,0.12,0.01,0.0,0.253,1.239368165249089,1.300655244289442,0.124,,0.008,,0.0,,False,96.0,99.0,96.0,88.0,93.0,91.0,91.0,92.0,94.0,high,high,high,high,high,high,high,high,high,2026-08-09
hitter,PIT,NYM,Jared Triolo,669707,8.0,3B,Confirmed,3.96,,,,,0.9,0.43,,,,,0.8824763211353283,0.9192606766494693,0.46820120331346604,0.3835599220821794,1.0980834272829765,1.0111480398023005,0.08541147915044964,0.05947113336340737,,,1.05,0.38,0.34,1.53,0.07,1.56,0.14,0.01,0.0,0.274,1.684375,1.4666615557773637,0.14,,0.01,,0.0,,False,96.0,99.0,96.0,88.0,93.0,91.0,91.0,92.0,94.0,high,high,high,high,high,high,high,high,high,2026-08-09
hitter,PIT,NYM,Henry Davis,680779,9.0,C,Confirmed,3.33,,,,,0.88,0.3,,,,,0.9255437304467956,0.8361294745717431,0.3377704668588466,0.2645842903555876,0.994208494208494,0.8021020740567221,0.18809256405720765,0.1616951272780433,,,0.89,0.39,0.4,1.5,0.17,1.69,0.13,0.01,0.0,0.319,1.914285714285714,1.5104288749063624,0.131,,0.007,,0.0,,False,96.0,99.0,96.0,88.0,93.0,91.0,91.0,92.0,94.0,high,high,high,high,high,high,high,high,high,2026-08-09
hitter,NYM,PIT,A.J. Ewing,805999,1.0,LF,Confirmed,4.04,,,,,1.03,0.44,,,,,0.9562971250684403,1.0941552201849014,0.4711156081698248,0.41811656257833213,0.6506024096385542,0.5928325116348907,0.11852290969630438,0.13666526988638125,,,0.62,0.38,0.24,1.26,0.13,1.11,0.12,0.01,0.0,0.252,1.1238670694864048,1.0992457277223704,0.122,,0.009,,0.0,,False,96.0,99.0,96.0,88.0,93.0,91.0,91.0,92.0,94.0,high,high,high,high,high,high,high,high,high,2026-08-09
hitter,NYM,PIT,Francisco Lindor,596019,2.0,SS,Confirmed,4.25,,,,,0.9,0.44,,,,,0.8975661448571596,0.9002052666619804,0.4362673195004536,0.4337329426083008,0.707983193277311,0.7068859201481783,0.14651007523585458,0.1544246366394511,,,0.71,0.41,0.26,1.38,0.15,1.33,0.12,0.01,0.0,0.258,1.3148148148148149,1.342499624839148,0.116,,0.008,,0.0,,False,96.0,99.0,96.0,88.0,93.0,91.0,91.0,92.0,94.0,high,high,high,high,high,high,high,high,high,2026-08-09
hitter,NYM,PIT,Bo Bichette,666182,3.0,3B,Confirmed,4.51,,,,,0.78,0.34,,,,,0.7936367215910345,0.7739866002198683,0.3297026126540157,0.34701790877624544,0.8694581280788177,0.8897544431493113,0.13021729927476663,0.13794049792555202,,,0.88,0.41,0.32,1.5,0.13,1.42,0.16,0.01,0.0,0.238,1.385818393793784,1.4513490747917641,0.16,,0.007,,0.0,,False,96.0,99.0,96.0,88.0,93.0,91.0,91.0,92.0,94.0,high,high,high,high,high,high,high,high,high,2026-08-09
hitter,NYM,PIT,Carson Benge,701807,4.0,RF,Confirmed,4.18,,,,,0.98,0.29,,,,,0.9640598183839036,0.996970140113962,0.2856851826168135,0.2968523597524506,0.707983193277311,0.6940457079756672,0.14023126414902218,0.1628171544876642,,,0.7,0.36,0.28,1.28,0.15,1.28,0.14,0.01,0.0,0.228,1.239368165249089,1.3088018958356333,0.143,,0.008,,0.0,,False,96.0,99.0,96.0,88.0,93.0,91.0,91.0,92.0,94.0,high,high,high,high,high,high,high,high,high,2026-08-09
hitter,NYM,PIT,Luis Robert Jr.,673357,5.0,CF,Confirmed,3.96,,,,,1.02,0.36,,,,,0.9446070659887028,1.0933484080429863,0.36271532460117895,0.352216330337746,0.6434108527131783,0.6170670576983236,0.2350417266141135,0.22787786891369344,,,0.63,0.4,0.32,1.42,0.23,1.35,0.14,0.01,0.0,0.261,1.3148148148148149,1.3762662234873873,0.138,,0.007,,0.0,,False,96.0,99.0,96.0,88.0,93.0,91.0,91.0,92.0,94.0,high,high,high,high,high,high,high,high,high,2026-08-09
hitter,NYM,PIT,Jared Young,676724,6.0,1B,Confirmed,3.1,,,,,0.91,0.19,,,,,0.8955109632962903,0.9288262577567231,0.20773657526261083,0.1803865642716949,0.4125159642401022,0.3937219227259724,0.12314749884411674,0.12844672554862313,,,0.4,0.21,0.18,0.8,0.13,0.89,0.09,0.01,0.0,0.202,0.9875776397515532,0.8051032262247705,0.089,,0.007,,0.0,,False,96.0,99.0,96.0,88.0,93.0,91.0,91.0,92.0,94.0,high,high,high,high,high,high,high,high,high,2026-08-09
hitter,NYM,PIT,Marcus Semien,543760,7.0,2B,Confirmed,4.04,,,,,0.74,0.28,,,,,0.7285179720185184,0.7484204491278392,0.28482226139827205,0.266680283245768,0.801980198019802,0.7880508963565216,0.37309099499995213,0.38096077298868736,,,0.79,0.34,0.26,1.29,0.38,2.0,0.12,0.01,0.0,0.257,1.914285714285714,2.0709127957659805,0.121,,0.007,,0.0,,False,96.0,99.0,96.0,88.0,93.0,91.0,91.0,92.0,94.0,high,high,high,high,high,high,high,high,high,2026-08-09
hitter,NYM,PIT,Brett Baty,683146,8.0,DH,Confirmed,3.48,,,,,0.98,0.32,,,,,0.9672223783347577,1.0025709743176332,0.3342809283659385,0.30428738287588664,0.4803149606299212,0.45398482612815594,0.12980178123472436,0.12443497459745581,,,0.47,0.23,0.16,0.81,0.13,0.87,0.11,0.01,0.0,0.21,0.8408408408408409,0.8880797354954558,0.107,,0.007,,0.0,,False,96.0,99.0,96.0,88.0,93.0,91.0,91.0,92.0,94.0,high,high,high,high,high,high,high,high,high,2026-08-09
hitter,NYM,PIT,Francisco Alvarez,682626,9.0,C,Confirmed,3.81,,,,,1.11,0.3,,,,,1.0597541701402364,1.1661768893609656,0.30317178836593983,0.2964854301626922,0.5846774193548387,0.553703281865103,0.14588541245263226,0.15299316967914922,,,0.57,0.27,0.21,1.01,0.15,1.13,0.11,0.01,0.0,0.218,1.1521739130434783,1.103345906515951,0.109,,0.007,,0.0,,False,96.0,99.0,96.0,88.0,93.0,91.0,91.0,92.0,94.0,high,high,high,high,high,high,high,high,high,2026-08-09
hitter,PHI,TOR,Kyle Schwarber,656941,1.0,DH,Confirmed,4.97,,,,,1.62,1.15,,,,,1.5956413974323647,1.6378009403926639,1.2382310837847281,1.0710576436454025,1.0,1.0832991536128287,0.14340893289028558,0.1791411612721068,,,1.05,0.97,0.78,2.84,0.16,1.75,0.19,0.01,0.0,0.483,1.684375,1.809402884193196,0.194,,0.009,,0.0,,False,96.0,99.0,96.0,88.0,93.0,91.0,91.0,92.0,94.0,high,high,high,high,high,high,high,high,high,2026-08-09
hitter,PHI,TOR,Trea Turner,607208,2.0,SS,Confirmed,4.68,,,,,1.05,0.55,,,,,1.060764051498981,1.040848295948571,0.5569600212051042,0.547152560039599,1.0980834272829765,1.1321655362462688,0.05251965257401024,0.04563784470340055,,,1.12,0.65,0.52,2.26,0.05,1.62,0.18,0.01,0.0,0.341,1.684375,1.5748966165559644,0.178,,0.012,,0.0,,False,96.0,99.0,96.0,88.0,93.0,91.0,91.0,92.0,94.0,high,high,high,high,high,high,high,high,high,2026-08-09
hitter,PHI,TOR,Bryce Harper,547180,3.0,RF,Confirmed,4.74,,,,,1.23,0.91,,,,,1.2151394289330095,1.2479299045811194,0.9517215765405199,0.8692367555039002,1.0,1.0578348057205904,0.06809100050478165,0.04369848833671231,,,1.03,0.77,0.65,2.52,0.06,1.43,0.2,0.01,0.0,0.415,1.3893129770992367,1.4649976213970517,0.196,,0.008,,0.0,,False,96.0,99.0,96.0,88.0,93.0,91.0,91.0,92.0,94.0,high,high,high,high,high,high,high,high,high,2026-08-09
hitter,PHI,TOR,Luis Arraez,650333,4.0,2B,Confirmed,4.74,,,,,0.54,0.46,,,,,0.37295715324718637,0.7146118752637171,0.3879167686534454,0.5299773640149273,1.0980834272829765,1.122336009756297,0.028904977336293353,0.028730968587999728,,,1.11,0.73,0.65,2.87,0.03,1.38,0.14,0.01,0.0,0.368,1.3148148148148149,1.4363090682433832,0.14,,0.014,,0.0,,False,96.0,99.0,96.0,88.0,93.0,91.0,91.0,92.0,94.0,high,high,high,high,high,high,high,high,high,2026-08-09
hitter,PHI,TOR,J.T. Realmuto,592663,5.0,C,Confirmed,3.49,,,,,0.98,0.42,,,,,0.9427332949195554,1.0215998571868827,0.4310744564696364,0.4133010638405218,0.707983193277311,0.6657017831407255,0.04534951981942643,0.039943026679107235,,,0.68,0.53,0.5,1.9,0.04,1.02,0.13,0.01,0.0,0.368,1.1238670694864048,0.926123014846898,0.129,,0.008,,0.0,,False,96.0,99.0,96.0,88.0,93.0,91.0,91.0,92.0,94.0,high,high,high,high,high,high,high,high,high,2026-08-09
hitter,PHI,TOR,Bryson Stott,681082,6.0,3B,Confirmed,4.51,,,,,0.87,0.64,,,,,0.802025846027142,0.9355722818132081,0.6404170070950206,0.6428854832231742,0.994208494208494,0.9631514605615272,0.03552339336600088,0.04366627490421839,,,0.98,0.56,0.54,2.2,0.04,1.28,0.18,0.01,0.0,0.354,1.239368165249089,1.3086295489564779,0.179,,0.009,,0.0,,False,96.0,99.0,96.0,88.0,93.0,91.0,91.0,92.0,94.0,high,high,high,high,high,high,high,high,high,2026-08-09
hitter,PHI,TOR,Brandon Marsh,669016,7.0,LF,Confirmed,4.61,,,,,1.34,0.63,,,,,1.2743199999465522,1.3997297316455624,0.6217843727361694,0.6292818369023974,0.8949771689497716,0.9229564541891438,0.06036874326467908,0.041569008965454235,,,0.91,0.55,0.48,2.02,0.05,1.29,0.17,0.01,0.0,0.339,1.239368165249089,1.3295054540945277,0.165,,0.01,,0.0,,False,96.0,99.0,96.0,88.0,93.0,91.0,91.0,92.0,94.0,high,high,high,high,high,high,high,high,high,2026-08-09
hitter,PHI,TOR,Alec Bohm,664761,8.0,1B,Confirmed,4.68,,,,,0.8,0.57,,,,,0.7744679546891727,0.833801899901824,0.537997242065684,0.6064413005486705,1.0980834272829765,1.1836078136279728,0.051088018218862545,0.05932894782093764,,,1.15,0.6,0.57,2.31,0.06,1.58,0.21,0.01,0.0,0.36,1.5956790123456794,1.5636243466753799,0.21,,0.009,,0.0,,False,96.0,99.0,96.0,88.0,93.0,91.0,91.0,92.0,94.0,high,high,high,high,high,high,high,high,high,2026-08-09
hitter,PHI,TOR,Justin Crawford,702222,9.0,CF,Confirmed,3.49,,,,,0.88,0.31,,,,,0.8545855688391405,0.9075357308507642,0.3129513561299406,0.3138719810486009,0.7061469265367316,0.6709399622585606,0.019037275872973356,0.0032584768571410033,,,0.69,0.36,0.31,1.46,0.01,0.89,0.15,0.01,0.0,0.291,0.9875776397515532,0.81799474053772,0.146,,0.011,,0.0,,False,96.0,99.0,96.0,88.0,93.0,91.0,91.0,92.0,94.0,high,high,high,high,high,high,high,high,high,2026-08-09
hitter,TOR,PHI,Brett Bateman,703520,1.0,CF,Confirmed,3.48,,,,,1.03,0.09,,,,,1.028,,0.087,,0.585,,0.025,,,,0.58,0.26,0.21,1.06,0.02,0.79,0.12,0.01,0.0,0.188,0.79,,0.119,,0.007,,0.0,,True,40.0,44.0,40.0,32.0,37.0,35.0,35.0,36.0,38.0,low,low,low,low,low,low,low,low,low,2026-08-09
hitter,TOR,PHI,Vladimir Guerrero Jr.,665489,2.0,DH,Confirmed,3.96,,,,,0.52,0.28,,,,,0.5177403715881443,0.5194981130330429,0.2655767575247785,0.3024907509904525,0.4125159642401022,0.5121294373368107,0.10290350899713971,0.09952623138496082,,,0.47,0.32,0.25,1.28,0.1,0.94,0.13,0.01,0.0,0.2,0.8408408408408409,1.0278083481001807,0.127,,0.007,,0.0,,False,96.0,99.0,96.0,88.0,93.0,91.0,91.0,92.0,94.0,high,high,high,high,high,high,high,high,high,2026-08-09
hitter,TOR,PHI,Alejandro Kirk,672386,3.0,C,Confirmed,3.54,,,,,0.44,0.24,,,,,0.4559017369807119,0.41718669512612383,0.23981311658980192,0.24053392462274784,0.4125159642401022,0.46170822947802603,0.09023937178736072,0.09377629177768501,,,0.44,0.32,0.28,1.31,0.09,0.8,0.14,0.01,0.0,0.223,0.7899761336515513,0.8144736097112582,0.137,,0.007,,0.0,,False,96.0,99.0,96.0,88.0,93.0,91.0,91.0,92.0,94.0,high,high,high,high,high,high,high,high,high,2026-08-09
hitter,TOR,PHI,Kazuma Okamoto,672960,4.0,1B,Confirmed,3.74,,,,,0.94,0.24,,,,,0.9018954954514103,0.9723027876137542,0.22618682935573403,0.2602288234222789,0.4125159642401022,0.43011346850014165,0.13424556334644364,0.15843880218789047,,,0.42,0.3,0.27,1.21,0.15,1.0,0.13,0.01,0.0,0.198,0.9875776397515532,1.007462305385793,0.132,,0.007,,0.0,,False,96.0,99.0,96.0,88.0,93.0,91.0,91.0,92.0,94.0,high,high,high,high,high,high,high,high,high,2026-08-09
hitter,TOR,PHI,Ernie Clement,676391,5.0,2B,Confirmed,3.48,,,,,0.34,0.15,,,,,0.33508923649139966,0.3436337238254282,0.13335208774384183,0.17140252313402243,0.4125159642401022,0.4223852237017298,0.05945241559265097,0.05634653648854591,,,0.42,0.31,0.28,1.29,0.06,0.74,0.15,0.01,0.0,0.218,0.6720588235294118,0.8032245946632589,0.147,,0.008,,0.0,,False,96.0,99.0,96.0,88.0,93.0,91.0,91.0,92.0,94.0,high,high,high,high,high,high,high,high,high,2026-08-09
hitter,TOR,PHI,Andrés Giménez,665926,6.0,SS,Confirmed,3.1,,,,,0.54,0.17,,,,,0.5549362507018375,0.517996171955685,0.17608251682018322,0.16332190098541596,0.35424354243542433,0.41443888303826404,0.054509998572372265,0.053972534078862766,,,0.39,0.25,0.26,1.15,0.05,0.67,0.14,0.01,0.0,0.229,0.6720588235294118,0.6726952003899334,0.136,,0.008,,0.0,,False,96.0,99.0,96.0,88.0,93.0,91.0,91.0,92.0,94.0,high,high,high,high,high,high,high,high,high,2026-08-09
hitter,TOR,PHI,Myles Straw,664702,7.0,LF,Confirmed,2.07,,,,,0.42,0.11,,,,,0.4211762904554749,0.4096757388568219,0.12406775186827573,0.08879597684191715,0.2543859649122807,0.14754596374586681,0.038753073137503806,0.03181835185421328,,,0.2,0.14,0.13,0.63,0.04,0.4,0.08,0.01,0.0,0.2,0.44025157232704404,0.36455010818203565,0.077,,0.007,,0.0,,False,96.0,99.0,96.0,88.0,93.0,91.0,91.0,92.0,94.0,high,high,high,high,high,high,high,high,high,2026-08-09
hitter,TOR,PHI,Josh Smith,669701,8.0,3B,Confirmed,3.1,,,,,0.51,0.28,,,,,0.5430636385870437,0.4785480416784207,0.29447472813137976,0.26882864534929707,0.6506024096385542,0.5138112596952605,0.07147540057664209,0.0609300707183131,,,0.58,0.24,0.21,1.03,0.07,0.92,0.1,0.01,0.0,0.215,1.001763668430335,0.8463716243190377,0.102,,0.007,,0.0,,False,96.0,99.0,96.0,88.0,93.0,91.0,91.0,92.0,94.0,high,high,high,high,high,high,high,high,high,2026-08-09
hitter,TOR,PHI,Davis Schneider,676914,9.0,LF,Confirmed,2.9,,,,,1.26,0.13,,,,,1.289251898789656,1.230001592622017,0.150634656306564,0.10859053930754824,0.4125159642401022,0.33343336558532405,0.025446769273021527,0.02112302866941442,,,0.37,0.15,0.14,0.64,0.02,0.57,0.1,0.01,0.0,0.155,0.6720588235294118,0.4889935706252939,0.098,,0.006,,0.0,,False,96.0,99.0,96.0,88.0,93.0,91.0,91.0,92.0,94.0,high,high,high,high,high,high,high,high,high,2026-08-09
hitter,NYY,ATL,Trent Grisham,663757,1.0,CF,Confirmed,3.96,,,,,1.59,0.64,,,,,1.616781242010725,1.5680828858001352,0.6631051592478482,0.6212191304446018,0.5290322580645161,0.4641245181944334,0.25938560717049813,0.2356577963756838,,,0.49,0.52,0.41,1.73,0.25,1.2,0.14,0.01,0.0,0.322,1.239368165249089,1.17378024949089,0.138,,0.008,,0.0,,False,96.0,99.0,96.0,88.0,93.0,91.0,91.0,92.0,94.0,high,high,high,high,high,high,high,high,high,2026-08-09
hitter,NYY,ATL,Ben Rice,700250,2.0,DH,Confirmed,4.08,,,,,1.57,0.43,,,,,1.577745995077189,1.564378536288807,0.4435888451646882,0.4214262779571122,0.5290322580645161,0.5194486806828766,0.21576333385923085,0.20188264055230584,,,0.52,0.51,0.41,1.81,0.21,1.22,0.17,0.01,0.0,0.311,1.239368165249089,1.1959050265671056,0.175,,0.012,,0.0,,False,96.0,99.0,96.0,88.0,93.0,91.0,91.0,92.0,94.0,high,high,high,high,high,high,high,high,high,2026-08-09
hitter,NYY,ATL,Heliot Ramos,671218,3.0,LF,Confirmed,4.27,,,,,1.29,0.59,,,,,1.2737402226787475,1.3059773076163763,0.5992759516844611,0.5731349606916356,0.8949771689497716,0.9183511881090483,0.05423640775692142,0.05354388283735989,,,0.91,0.54,0.5,2.04,0.05,1.25,0.2,0.01,0.0,0.312,1.3148148148148149,1.1990047391049414,0.205,,0.01,,0.0,,False,96.0,99.0,96.0,88.0,93.0,91.0,91.0,92.0,94.0,high,high,high,high,high,high,high,high,high,2026-08-09
hitter,NYY,ATL,Luis García Jr.,671277,4.0,1B,Confirmed,3.81,,,,,0.5,0.27,,,,,0.5309060253848354,0.4704879317465113,0.29020883723231006,0.24099878774848124,1.0980834272829765,0.9448340249501676,0.22599190680624992,0.2257409778101292,,,1.01,0.39,0.35,1.45,0.23,1.96,0.18,0.01,0.0,0.253,2.057017543859649,1.8784775228296908,0.177,,0.01,,0.0,,False,96.0,99.0,96.0,88.0,93.0,91.0,91.0,92.0,94.0,high,high,high,high,high,high,high,high,high,2026-08-09
hitter,NYY,ATL,Jazz Chisholm Jr.,665862,5.0,2B,Confirmed,3.33,,,,,1.63,0.37,,,,,1.719685423057715,1.5392184135651126,0.3931921090090801,0.3499717652124911,0.35424354243542433,0.32534383254574933,0.21746075853558797,0.19614904816583492,,,0.34,0.42,0.4,1.47,0.21,0.91,0.12,0.01,0.0,0.309,0.9875776397515532,0.8441502146459231,0.12,,0.008,,0.0,,False,96.0,99.0,96.0,88.0,93.0,91.0,91.0,92.0,94.0,high,high,high,high,high,high,high,high,high,2026-08-09
hitter,NYY,ATL,Spencer Jones,682987,6.0,RF,Confirmed,3.09,,,,,1.26,0.15,,,,,1.2607855585512246,1.2684490789727634,0.1719247559898921,0.13689872074287332,0.2543859649122807,0.23400360525097313,0.027244055525253812,0.008919414925577537,,,0.24,0.3,0.31,1.22,0.02,0.37,0.12,0.01,0.0,0.275,0.44025157232704404,0.31254505599774124,0.122,,0.01,,0.0,,False,96.0,99.0,96.0,88.0,93.0,91.0,91.0,92.0,94.0,high,high,high,high,high,high,high,high,high,2026-08-09
hitter,NYY,ATL,George Lombard Jr.,806146,7.0,SS,Confirmed,1.84,,,,,0.69,0.15,,,,,0.6832488182261729,0.6932617459439738,0.18332411130114082,0.11860493332155743,0.2543859649122807,0.14600856619076844,0.01669330525891556,0.011706542117552524,,,0.19,0.12,0.11,0.49,0.01,0.27,0.07,0.01,0.0,0.202,0.28125,0.25871905229873526,0.073,,0.007,,0.0,,False,96.0,99.0,96.0,88.0,93.0,91.0,91.0,92.0,94.0,high,high,high,high,high,high,high,high,high,2026-08-09
hitter,NYY,ATL,Ryan McMahon,641857,8.0,3B,Confirmed,3.19,,,,,1.61,0.37,,,,,1.6895182166414762,1.5297644468628213,0.4076644658312619,0.3359573207283011,0.35424354243542433,0.3218839474763671,0.16743420320419072,0.14536389639296016,,,0.34,0.33,0.3,1.27,0.16,0.83,0.13,0.01,0.0,0.292,0.8408408408408409,0.8167671770918578,0.129,,0.009,,0.0,,False,96.0,99.0,96.0,88.0,93.0,91.0,91.0,92.0,94.0,high,high,high,high,high,high,high,high,high,2026-08-09
hitter,NYY,ATL,Austin Wells,669224,9.0,C,Confirmed,2.77,,,,,1.37,0.21,,,,,1.456333500650508,1.292845192990714,0.21571094339191682,0.20783414595565025,0.35424354243542433,0.29675820030404293,0.1371852457381095,0.12309164883055924,,,0.32,0.28,0.27,1.13,0.13,0.73,0.11,0.01,0.0,0.28,0.6720588235294118,0.7697079834415447,0.106,,0.008,,0.0,,False,96.0,99.0,96.0,88.0,93.0,91.0,91.0,92.0,94.0,high,high,high,high,high,high,high,high,high,2026-08-09
hitter,ATL,NYY,Drake Baldwin,686948,1.0,C,Confirmed,3.96,,,,,0.92,0.24,,,,,0.944814564553237,0.8895982886663394,0.2698037351392626,0.21621189754411288,1.0980834272829765,0.9207822117704297,0.14515320694387165,0.14176730281510752,,,1.0,0.27,0.21,1.06,0.14,1.68,0.13,0.01,0.0,0.167,1.914285714285714,1.496747707682266,0.126,,0.007,,0.0,,False,96.0,99.0,96.0,88.0,93.0,91.0,91.0,92.0,94.0,high,high,high,high,high,high,high,high,high,2026-08-09
hitter,ATL,NYY,Ronald Acuña Jr.,660670,2.0,RF,Confirmed,4.18,,,,,1.03,0.79,,,,,1.107178985832288,0.9489614059666986,0.8783329467921153,0.7066814041677426,1.0980834272829765,0.9984335243310504,0.38005249685606796,0.4197056929707393,,,1.04,0.31,0.24,1.2,0.4,2.52,0.12,0.01,0.0,0.182,2.552380952380952,2.4851855776503426,0.12,,0.006,,0.0,,False,96.0,99.0,96.0,88.0,93.0,91.0,91.0,92.0,94.0,high,high,high,high,high,high,high,high,high,2026-08-09
hitter,ATL,NYY,Matt Olson,621566,3.0,1B,Confirmed,4.18,,,,,1.25,0.34,,,,,1.3181298085271507,1.178897111719446,0.3488377935391379,0.3333623943000593,0.994208494208494,0.9067905550573008,0.19187586675171217,0.19199918182728265,,,0.95,0.32,0.29,1.32,0.19,1.77,0.14,0.01,0.0,0.192,1.914285714285714,1.6572862886220372,0.137,,0.006,,0.0,,False,96.0,99.0,96.0,88.0,93.0,91.0,91.0,92.0,94.0,high,high,high,high,high,high,high,high,high,2026-08-09
hitter,ATL,NYY,Michael Harris II,671739,4.0,CF,Confirmed,3.96,,,,,0.93,0.14,,,,,0.980567982706687,0.8711319595581577,0.14203306902098528,0.13429055687554767,1.0980834272829765,1.0457394510730258,0.15997071153081496,0.16018731184611174,,,1.07,0.32,0.29,1.31,0.16,1.8,0.12,0.01,0.0,0.192,1.914285714285714,1.6998288342158354,0.12,,0.007,,0.0,,False,96.0,99.0,96.0,88.0,93.0,91.0,91.0,92.0,94.0,high,high,high,high,high,high,high,high,high,2026-08-09
hitter,ATL,NYY,Ozzie Albies,645277,5.0,2B,Confirmed,4.04,,,,,0.6,0.26,,,,,0.6164268539145498,0.5793799762861299,0.2702995115782002,0.24240817781989646,1.0980834272829765,1.0304122266305369,0.1259456916079782,0.12626026728703618,,,1.06,0.31,0.28,1.3,0.13,1.59,0.13,0.01,0.0,0.19,1.684375,1.5197610967679782,0.129,,0.011,,0.0,,False,96.0,99.0,96.0,88.0,93.0,91.0,91.0,92.0,94.0,high,high,high,high,high,high,high,high,high,2026-08-09
hitter,ATL,NYY,Dominic Smith,642086,6.0,1B,Confirmed,3.02,,,,,0.68,0.16,,,,,0.7182397791275023,0.6433702444388771,0.1775838278390975,0.13444716188142444,0.7061469265367316,0.5931928373489159,0.07626979716858279,0.06235632487407502,,,0.64,0.17,0.17,0.75,0.07,0.93,0.09,0.01,0.0,0.157,1.001763668430335,0.8791311871391272,0.092,,0.007,,0.0,,False,96.0,99.0,96.0,88.0,93.0,91.0,91.0,92.0,94.0,high,high,high,high,high,high,high,high,high,2026-08-09
hitter,ATL,NYY,Mike Yastrzemski,573262,7.0,LF,Confirmed,3.48,,,,,0.91,0.27,,,,,0.9151236717583694,0.9134802512421414,0.2559181682779085,0.2887964567813079,0.801980198019802,0.7052598541133759,0.1473808265394887,0.10713739048881143,,,0.75,0.18,0.16,0.75,0.13,1.25,0.09,0.01,0.0,0.148,1.3148148148148149,1.2002942851818064,0.086,,0.006,,0.0,,False,96.0,99.0,96.0,88.0,93.0,91.0,91.0,92.0,94.0,high,high,high,high,high,high,high,high,high,2026-08-09
hitter,ATL,NYY,Austin Riley,663586,8.0,3B,Confirmed,3.81,,,,,1.24,0.24,,,,,1.2655436167945615,1.2089905040399143,0.22989358462897463,0.24124914638512443,1.0,0.8604085303690936,0.18371060243703702,0.176964047230875,,,0.92,0.22,0.2,0.94,0.18,1.76,0.11,0.01,0.0,0.159,1.914285714285714,1.6363424494609051,0.109,,0.007,,0.0,,False,96.0,99.0,96.0,88.0,93.0,91.0,91.0,92.0,94.0,high,high,high,high,high,high,high,high,high,2026-08-09
hitter,ATL,NYY,Jim Jarvis,805347,9.0,SS,Confirmed,3.33,,,,,0.88,0.12,,,,,0.7806212487682459,0.9751979786986781,0.13685789652272176,0.11154496469080039,0.801980198019802,0.6820441815584648,0.07913375542533047,0.07040174218922444,,,0.74,0.27,0.24,1.22,0.07,1.07,0.11,0.01,0.0,0.221,1.1521739130434783,1.0077485451864032,0.105,,0.007,,0.0,,False,96.0,99.0,96.0,88.0,93.0,91.0,91.0,92.0,94.0,high,high,high,high,high,high,high,high,high,2026-08-09
hitter,MIA,LAA,Kyle Stowers,669065,1.0,1B,Confirmed,4.39,,,,,1.45,0.5,,,,,1.4325208663641644,1.4768429141892416,0.5023476105373426,0.4986311586282729,0.994208494208494,1.001119683927865,0.33006552414313334,0.3337520166823894,,,1.0,0.52,0.35,1.75,0.33,2.08,0.16,0.01,0.0,0.318,2.057017543859649,2.107347752406365,0.159,,0.013,,0.0,,False,96.0,99.0,96.0,88.0,93.0,91.0,91.0,92.0,94.0,high,high,high,high,high,high,high,high,high,2026-08-09
hitter,MIA,LAA,Xavier Edwards,669364,2.0,2B,Confirmed,4.68,,,,,0.37,0.46,,,,,0.3928024962271661,0.3400906342114324,0.44788758570490583,0.4728884207349311,1.607843137254902,1.4216888317293632,0.12059414811284952,0.10111409539151141,,,1.51,0.55,0.38,2.03,0.11,1.98,0.16,0.01,0.0,0.305,2.057017543859649,1.917061911179875,0.159,,0.012,,0.0,,False,96.0,99.0,96.0,88.0,93.0,91.0,91.0,92.0,94.0,high,high,high,high,high,high,high,high,high,2026-08-09
hitter,MIA,LAA,Otto Lopez,672640,3.0,SS,Confirmed,4.68,,,,,0.39,0.33,,,,,0.40342592762919494,0.37452618549522937,0.3261996811622525,0.3382576247627447,1.607843137254902,1.4760198104912463,0.22248096169988738,0.21813641668966569,,,1.54,0.54,0.45,2.09,0.22,2.15,0.14,0.01,0.0,0.288,2.057017543859649,2.2281444083431867,0.14,,0.014,,0.0,,False,96.0,99.0,96.0,88.0,93.0,91.0,91.0,92.0,94.0,high,high,high,high,high,high,high,high,high,2026-08-09
hitter,MIA,LAA,Griffin Conine,665052,4.0,DH,Confirmed,4.25,,,,,0.84,0.53,,,,,0.8293788412603955,0.8423167248933838,0.5508057763377888,0.5154311595371107,1.0980834272829765,1.0620617445110656,0.19195777691393784,0.19780360465175115,,,1.08,0.48,0.34,1.62,0.19,1.96,0.14,0.01,0.0,0.303,2.057017543859649,1.8820864660830703,0.145,,0.012,,0.0,,False,96.0,99.0,96.0,88.0,93.0,91.0,91.0,92.0,94.0,high,high,high,high,high,high,high,high,high,2026-08-09
hitter,MIA,LAA,Heriberto Hernández,681715,5.0,LF,Confirmed,4.25,,,,,0.74,0.42,,,,,0.7084728109042,0.7616502199244738,0.4058620036666628,0.43471533889056535,1.1391752577319587,1.099109704982147,0.2499795835779971,0.2645179742096731,,,1.12,0.45,0.34,1.59,0.26,2.03,0.15,0.01,0.0,0.278,2.057017543859649,2.002340223357,0.149,,0.01,,0.0,,False,96.0,99.0,96.0,88.0,93.0,91.0,91.0,92.0,94.0,high,high,high,high,high,high,high,high,high,2026-08-09
hitter,MIA,LAA,Owen Caissie,683357,6.0,RF,Confirmed,3.33,,,,,1.28,0.24,,,,,1.3571105942283923,1.2073596134701616,0.25570414521268764,0.23139447689567375,0.7715355805243446,0.6623738277018919,0.2649352096235356,0.23876935272086836,,,0.71,0.33,0.31,1.35,0.25,1.67,0.14,0.01,0.0,0.296,1.914285714285714,1.4739658138148048,0.138,,0.01,,0.0,,False,96.0,99.0,96.0,88.0,93.0,91.0,91.0,92.0,94.0,high,high,high,high,high,high,high,high,high,2026-08-09
hitter,MIA,LAA,Agustín Ramírez,682663,7.0,C,Confirmed,4.51,,,,,1.39,0.16,,,,,1.412856806926647,1.3718852120014147,0.16822477080398482,0.14535910588596318,1.0980834272829765,1.2459259142884174,0.1538115765349793,0.1619459334859354,,,1.18,0.51,0.41,2.01,0.16,1.96,0.22,0.01,0.0,0.333,1.914285714285714,1.9883713102764944,0.222,,0.01,,0.0,,False,96.0,99.0,96.0,88.0,93.0,91.0,91.0,92.0,94.0,high,high,high,high,high,high,high,high,high,2026-08-09
hitter,MIA,LAA,Jakob Marsee,805300,8.0,CF,Confirmed,3.81,,,,,0.66,0.4,,,,,0.6332370305255108,0.6805648308346919,0.41421125802326253,0.3809462526874917,1.0980834272829765,0.8935109372600717,0.19751717888290288,0.17386366073078333,,,0.99,0.35,0.26,1.32,0.19,1.59,0.13,0.01,0.0,0.281,1.684375,1.5209999271710763,0.133,,0.01,,0.0,,False,96.0,99.0,96.0,88.0,93.0,91.0,91.0,92.0,94.0,high,high,high,high,high,high,high,high,high,2026-08-09
hitter,MIA,LAA,Javier Sanoja,691594,9.0,3B,Confirmed,3.74,,,,,0.28,0.25,,,,,0.3098899354443311,0.2540628855174051,0.25032857812935694,0.24572692945879102,1.0980834272829765,1.0661914435109037,0.07904296072227734,0.10695197932732581,,,1.08,0.37,0.3,1.54,0.09,1.59,0.16,0.01,0.0,0.291,1.684375,1.5059528484329066,0.162,,0.014,,0.0,,False,96.0,99.0,96.0,88.0,93.0,91.0,91.0,92.0,94.0,high,high,high,high,high,high,high,high,high,2026-08-09
hitter,LAA,MIA,Wade Meckler,685133,1.0,LF,Confirmed,3.48,,,,,1.09,0.13,,,,,1.060303352636519,1.1286172801964798,0.13830800507678226,0.11274808869346,1.0,0.8534780000022555,0.02809923567654967,0.02157839155585175,,,0.92,0.4,0.29,1.4,0.02,1.13,0.15,0.01,0.0,0.299,1.239368165249089,1.0377499149062275,0.145,,0.009,,0.0,,False,96.0,99.0,96.0,88.0,93.0,91.0,91.0,92.0,94.0,high,high,high,high,high,high,high,high,high,2026-08-09
hitter,LAA,MIA,Mike Trout,545361,2.0,DH,Confirmed,4.68,,,,,1.28,0.76,,,,,1.2698591299195348,1.2843323150862533,0.702677673728757,0.8081078815261928,0.8770949720670391,0.91013407662113,0.2714056748425758,0.2465840933046886,,,0.9,0.74,0.55,2.3,0.26,1.83,0.13,0.01,0.0,0.404,1.914285714285714,1.7604083676001903,0.135,,0.007,,0.0,,False,96.0,99.0,96.0,88.0,93.0,91.0,91.0,92.0,94.0,high,high,high,high,high,high,high,high,high,2026-08-09
hitter,LAA,MIA,Nolan Schanuel,694384,3.0,1B,Confirmed,4.61,,,,,0.74,0.42,,,,,0.6335909650607943,0.850740290774331,0.412148118061167,0.42394680503992477,0.8770949720670391,0.9744939163022673,0.08874498538992834,0.10026735032777019,,,0.93,0.59,0.48,2.17,0.09,1.36,0.18,0.01,0.0,0.328,1.3148148148148149,1.3920922383256968,0.183,,0.01,,0.0,,False,96.0,99.0,96.0,88.0,93.0,91.0,91.0,92.0,94.0,high,high,high,high,high,high,high,high,high,2026-08-09
hitter,LAA,MIA,Zach Neto,687263,4.0,SS,Confirmed,4.58,,,,,1.64,0.27,,,,,1.5848552805543796,1.6976553888068353,0.2519924595497586,0.28609739502677356,1.1391752577319587,1.2441304000557085,0.07889473475605452,0.0947501424193742,,,1.2,0.69,0.59,2.37,0.09,1.87,0.19,0.01,0.0,0.378,1.914285714285714,1.8361067312069979,0.192,,0.007,,0.0,,False,96.0,99.0,96.0,88.0,93.0,91.0,91.0,92.0,94.0,high,high,high,high,high,high,high,high,high,2026-08-09
hitter,LAA,MIA,Moisés Ballesteros,694208,5.0,C,Confirmed,3.1,,,,,0.92,0.35,,,,,0.9438301999956372,0.8905024141290238,0.37532296389045705,0.3213444670795345,0.7061469265367316,0.5789553031349157,0.09451045566405555,0.07949926562675867,,,0.64,0.38,0.32,1.34,0.09,1.04,0.12,0.01,0.0,0.319,1.239368165249089,0.8853767832327172,0.116,,0.008,,0.0,,False,96.0,99.0,96.0,88.0,93.0,91.0,91.0,92.0,94.0,high,high,high,high,high,high,high,high,high,2026-08-09
hitter,LAA,MIA,Denzer Guzman,694203,6.0,3B,Confirmed,4.26,,,,,1.44,0.18,,,,,1.3925647295027423,1.4924088896877652,0.174261127846213,0.1763709971361738,1.1391752577319587,1.1379300187638166,0.048319018464899055,0.059430856505603584,,,1.14,0.49,0.48,1.96,0.05,1.75,0.19,0.01,0.0,0.331,1.914285714285714,1.617916782776824,0.191,,0.008,,0.0,,False,96.0,99.0,96.0,88.0,93.0,91.0,91.0,92.0,94.0,high,high,high,high,high,high,high,high,high,2026-08-09
hitter,LAA,MIA,Josh Lowe,666139,7.0,RF,Confirmed,3.96,,,,,1.25,0.14,,,,,1.21401097696596,1.2843845467862023,0.14399933786388922,0.12704877726956967,1.0980834272829765,1.0202702499621887,0.05078125955603159,0.056184157554814325,,,1.06,0.44,0.39,1.69,0.05,1.4,0.17,0.01,0.0,0.316,1.3893129770992367,1.410160777322243,0.172,,0.009,,0.0,,False,96.0,99.0,96.0,88.0,93.0,91.0,91.0,92.0,94.0,high,high,high,high,high,high,high,high,high,2026-08-09
hitter,LAA,MIA,Jose Siri,642350,8.0,CF,Confirmed,3.33,,,,,1.26,0.16,,,,,1.1895484894206076,1.3272169371890008,0.17301251769580667,0.15576731847831862,0.7715355805243446,0.6493429754343625,0.034427657641547316,0.02920289345076443,,,0.7,0.29,0.24,1.06,0.03,0.92,0.12,0.01,0.0,0.26,0.9875776397515532,0.8651512285839551,0.12,,0.007,,0.0,,False,96.0,99.0,96.0,88.0,93.0,91.0,91.0,92.0,94.0,high,high,high,high,high,high,high,high,high,2026-08-09
hitter,LAA,MIA,Adam Frazier,624428,9.0,2B,Confirmed,2.55,,,,,0.87,0.12,,,,,0.8905883788127356,0.8524800778133828,0.13356610345027214,0.11385421580620207,0.2543859649122807,0.21819650738987093,0.014931605239337125,0.006259312000064993,,,0.23,0.2,0.16,0.78,0.01,0.33,0.1,0.01,0.0,0.24,0.3888888888888889,0.2899843961253907,0.104,,0.009,,0.0,,False,96.0,99.0,96.0,88.0,93.0,91.0,91.0,92.0,94.0,high,high,high,high,high,high,high,high,high,2026-08-09
hitter,KC,CHC,Nick Loftin,679845,1.0,3B,Confirmed,4.08,,,,,0.39,0.25,,,,,0.4023212786482879,0.3820652089848594,0.25222130321920705,0.23848209852434843,1.4947368421052631,1.1498547751213106,0.13607250341125116,0.1199161922476478,,,1.31,0.48,0.4,1.88,0.13,1.75,0.15,0.01,0.0,0.283,1.914285714285714,1.6183910786109117,0.151,,0.009,,0.0,,False,96.0,99.0,96.0,88.0,93.0,91.0,91.0,92.0,94.0,high,high,high,high,high,high,high,high,high,2026-08-09
hitter,KC,CHC,Bobby Witt Jr.,677951,2.0,DH,Confirmed,3.81,,,,,0.56,0.22,,,,,0.5835210345993146,0.5323072240068327,0.2511387809721852,0.18448265629469487,1.4947368421052631,1.1621648333902606,0.3110669811638068,0.339878197164654,,,1.31,0.62,0.54,2.26,0.33,2.46,0.17,0.01,0.0,0.382,2.552380952380952,2.3843803337230374,0.175,,0.014,,0.0,,False,96.0,99.0,96.0,88.0,93.0,91.0,91.0,92.0,94.0,high,high,high,high,high,high,high,high,high,2026-08-09
hitter,KC,CHC,Jac Caglianone,695506,3.0,1B,Confirmed,4.25,,,,,0.82,0.26,,,,,0.8011137155981565,0.8317447751699034,0.2904426995969339,0.22925876422923333,1.4947368421052631,1.1833429084345555,0.37294101864658125,0.31069677525669803,,,1.32,0.66,0.67,2.43,0.34,2.61,0.17,0.01,0.0,0.362,2.6,2.6151795536172506,0.169,,0.009,,0.0,,False,96.0,99.0,96.0,88.0,93.0,91.0,91.0,92.0,94.0,high,high,high,high,high,high,high,high,high,2026-08-09
hitter,KC,CHC,Salvador Perez,521692,4.0,1B,Confirmed,4.25,,,,,0.64,0.16,,,,,0.6630007287206598,0.6093778928730469,0.17885784053458506,0.14756344845133446,1.607843137254902,1.3808668324778248,0.4783554855809407,0.38669083184580955,,,1.48,0.68,0.7,2.52,0.43,2.74,0.22,0.01,0.0,0.369,2.775,2.7161897055178694,0.222,,0.008,,0.0,,False,96.0,99.0,96.0,88.0,93.0,91.0,91.0,92.0,94.0,high,high,high,high,high,high,high,high,high,2026-08-09
hitter,KC,CHC,Starling Marte,516782,5.0,LF,Confirmed,3.74,,,,,0.68,0.2,,,,,0.6664297551670519,0.683577824324998,0.23335558652753344,0.1667839092337309,1.0980834272829765,1.0021761495326573,0.2137427505859109,0.14977400353128117,,,1.05,0.48,0.47,1.85,0.18,1.75,0.15,0.01,0.0,0.306,1.914285714285714,1.6138893103048737,0.146,,0.009,,0.0,,False,96.0,99.0,96.0,88.0,93.0,91.0,91.0,92.0,94.0,high,high,high,high,high,high,high,high,high,2026-08-09
hitter,KC,CHC,Michael Massey,686681,6.0,2B,Confirmed,3.49,,,,,0.38,0.16,,,,,0.41600336203232946,0.3492001284152551,0.18154652184870115,0.13122485567054973,1.0980834272829765,0.8959208166497427,0.11765947156321704,0.14113719706580918,,,0.99,0.38,0.42,1.7,0.13,1.49,0.15,0.01,0.0,0.298,1.684375,1.339849712694399,0.15,,0.008,,0.0,,False,96.0,99.0,96.0,88.0,93.0,91.0,91.0,92.0,94.0,high,high,high,high,high,high,high,high,high,2026-08-09
hitter,KC,CHC,Tyler Tolbert,686475,7.0,SS,Confirmed,3.33,,,,,0.56,0.14,,,,,0.5221818183784693,0.5905797535408549,0.1654335815370931,0.11365494517082529,1.0980834272829765,0.907638132826525,0.09446128569780451,0.0916468992552642,,,0.99,0.36,0.33,1.56,0.09,1.44,0.11,0.01,0.0,0.289,1.684375,1.242812461426681,0.11,,0.008,,0.0,,False,96.0,99.0,96.0,88.0,93.0,91.0,91.0,92.0,94.0,high,high,high,high,high,high,high,high,high,2026-08-09
hitter,KC,CHC,Luke Maile,571912,8.0,C,Confirmed,3.74,,,,,0.7,0.21,,,,,0.6191683866465131,0.7761135955765914,0.2232342323762665,0.18677662223830932,1.0980834272829765,0.9383407515159524,0.1588143686513586,0.1434618294351671,,,1.01,0.39,0.36,1.62,0.15,1.84,0.12,0.01,0.0,0.285,1.914285714285714,1.770452454734296,0.12,,0.009,,0.0,,False,96.0,99.0,96.0,88.0,93.0,91.0,91.0,92.0,94.0,high,high,high,high,high,high,high,high,high,2026-08-09
hitter,KC,CHC,Kyle Isbel,664728,9.0,CF,Confirmed,3.81,,,,,0.59,0.26,,,,,0.5822300241055681,0.6060754176217521,0.27182166269203634,0.23972054602854903,0.7061469265367316,0.7273676166706402,0.05564198521247815,0.057785826532851095,,,0.72,0.41,0.38,1.78,0.06,1.09,0.15,0.01,0.0,0.292,1.1238670694864048,1.0532121367309157,0.153,,0.009,,0.0,,False,96.0,99.0,96.0,88.0,93.0,91.0,91.0,92.0,94.0,high,high,high,high,high,high,high,high,high,2026-08-09
hitter,CHC,KC,Pete Crow-Armstrong,691718,1.0,DH,Confirmed,4.45,,,,,0.92,0.44,,,,,0.8980878428387763,0.9455702343464861,0.39887076995880877,0.4876034870228539,0.801980198019802,0.878421587110194,0.06697074609974604,0.05115753292842097,,,0.84,0.43,0.3,1.54,0.06,1.38,0.2,0.01,0.0,0.257,1.3148148148148149,1.4418044012818465,0.205,,0.011,,0.0,,False,82.0,86.0,82.0,74.0,79.0,77.0,77.0,78.0,80.0,high,high,high,medium,medium,medium,medium,medium,high,2026-08-09
hitter,CHC,KC,Michael Busch,683737,2.0,1B,Confirmed,4.45,,,,,0.94,0.6,,,,,0.9088714842062025,0.967200995588685,0.628353771132831,0.5781910586303302,0.7715355805243446,0.8527247484662738,0.0507064702869766,0.0372100031342594,,,0.82,0.46,0.28,1.51,0.04,1.05,0.15,0.01,0.0,0.278,1.001763668430335,1.0895569519734247,0.149,,0.008,,0.0,,False,82.0,86.0,82.0,74.0,79.0,77.0,77.0,78.0,80.0,high,high,high,medium,medium,medium,medium,medium,high,2026-08-09
hitter,CHC,KC,Alex Bregman,608324,3.0,3B,Confirmed,4.26,,,,,0.52,0.56,,,,,0.546545793298506,0.4970858064798376,0.564739440254372,0.5458159391789557,0.8694581280788177,0.8690481589812054,0.05027399205630998,0.03707478248895197,,,0.87,0.5,0.36,1.72,0.04,1.19,0.15,0.01,0.0,0.312,1.239368165249089,1.1536011368538757,0.155,,0.008,,0.0,,False,82.0,86.0,82.0,74.0,79.0,77.0,77.0,78.0,80.0,high,high,high,medium,medium,medium,medium,medium,high,2026-08-09
hitter,CHC,KC,Ian Happ,664023,4.0,LF,Confirmed,4.45,,,,,0.93,0.61,,,,,0.8896883720380254,0.9714294303851692,0.6175386449232881,0.5928189774703376,0.7715355805243446,0.8006769691585925,0.06596979649146359,0.04607439019945089,,,0.79,0.46,0.33,1.57,0.06,1.25,0.16,0.01,0.0,0.281,1.239368165249089,1.254358187488626,0.161,,0.008,,0.0,,False,82.0,86.0,82.0,74.0,79.0,77.0,77.0,78.0,80.0,high,high,high,medium,medium,medium,medium,medium,high,2026-08-09
hitter,CHC,KC,Michael Conforto,624424,5.0,RF,Confirmed,3.02,,,,,0.99,0.3,,,,,0.9768557324625126,1.0095440789562473,0.2879358245628806,0.3079624016615095,0.35424354243542433,0.33064811332904764,0.031483566130739465,0.02012779667964347,,,0.34,0.21,0.16,0.72,0.03,0.52,0.09,0.01,0.0,0.192,0.5302013422818792,0.5077366619568112,0.086,,0.007,,0.0,,False,82.0,86.0,82.0,74.0,79.0,77.0,77.0,78.0,80.0,high,high,high,medium,medium,medium,medium,medium,high,2026-08-09
hitter,CHC,KC,Nico Hoerner,663538,6.0,2B,Confirmed,4.51,,,,,0.3,0.29,,,,,0.2652586382059783,0.3356962004188312,0.2783839672145789,0.3040784803654841,1.0980834272829765,1.0617626705243637,0.03117830424782777,0.021440917169012193,,,1.08,0.45,0.43,1.98,0.03,1.23,0.18,0.01,0.0,0.287,1.239368165249089,1.2212165525708036,0.185,,0.015,,0.0,,False,82.0,86.0,82.0,74.0,79.0,77.0,77.0,78.0,80.0,high,high,high,medium,medium,medium,medium,medium,high,2026-08-09
hitter,CHC,KC,Dansby Swanson,621020,7.0,SS,Confirmed,4.04,,,,,0.86,0.42,,,,,0.8217602353543823,0.889506325211772,0.46403068234030964,0.3836178418137107,0.7715355805243446,0.68272121460486,0.05115365773691613,0.04705168561266498,,,0.72,0.37,0.28,1.42,0.05,0.99,0.15,0.01,0.0,0.273,1.001763668430335,0.9793221015405588,0.154,,0.012,,0.0,,False,82.0,86.0,82.0,74.0,79.0,77.0,77.0,78.0,80.0,high,high,high,medium,medium,medium,medium,medium,high,2026-08-09
hitter,CHC,KC,Miguel Amaya,665804,8.0,C,Confirmed,3.1,,,,,0.84,0.27,,,,,0.8170612719913087,0.865783347271638,0.29423736298243997,0.25277739035228247,0.5290322580645161,0.4211474030613192,0.028383734917967952,0.018924120055975092,,,0.47,0.24,0.18,0.89,0.02,0.65,0.11,0.01,0.0,0.233,0.6720588235294118,0.6290840949794888,0.113,,0.007,,0.0,,False,82.0,86.0,82.0,74.0,79.0,77.0,77.0,78.0,80.0,high,high,high,medium,medium,medium,medium,medium,high,2026-08-09
hitter,CHC,KC,Tyrone Taylor,621438,9.0,CF,Confirmed,3.89,,,,,0.64,0.24,,,,,0.5759504155133648,0.6978296770479501,0.22327301320262166,0.25728398226891835,0.8770949720670391,0.9065608003801156,0.06337678357868157,0.07942096233481412,,,0.89,0.39,0.34,1.62,0.07,1.29,0.19,0.01,0.0,0.286,1.3148148148148149,1.2638641183241641,0.19,,0.009,,0.0,,False,82.0,86.0,82.0,74.0,79.0,77.0,77.0,78.0,80.0,high,high,high,medium,medium,medium,medium,medium,high,2026-08-09
hitter,CWS,CLE,Brenton Doyle,686668,1.0,CF,Confirmed,3.49,,,,,1.04,0.48,,,,,1.0831603128978937,0.9919486176580378,0.48916710411901354,0.47066634252654443,0.8949771689497716,0.8102525896034725,0.059487996852614064,0.06179566884926474,,,0.85,0.33,0.2,1.06,0.06,1.26,0.13,0.01,0.0,0.265,1.3148148148148149,1.2119276707006674,0.131,,0.007,,0.0,,False,96.0,99.0,96.0,88.0,93.0,91.0,91.0,92.0,94.0,high,high,high,high,high,high,high,high,high,2026-08-09
hitter,CWS,CLE,Munetaka Murakami,808959,2.0,1B,Confirmed,4.45,,,,,0.7,0.43,,,,,0.5232427968141334,0.8854099671257848,0.4026593402657148,0.457946277772055,0.801980198019802,0.8237855735801783,0.05101083874311478,0.08813605055492932,,,0.81,0.48,0.22,1.23,0.07,1.18,0.11,0.01,0.0,0.326,1.1521739130434783,1.2099051809733887,0.114,,0.009,,0.0,,False,96.0,99.0,96.0,88.0,93.0,91.0,91.0,92.0,94.0,high,high,high,high,high,high,high,high,high,2026-08-09
hitter,CWS,CLE,Miguel Vargas,678246,3.0,3B,Confirmed,4.57,,,,,0.49,0.38,,,,,0.49846534815614196,0.4791299838242075,0.36068400404955014,0.3921834015757572,1.0980834272829765,1.153557362122507,0.42706922170478856,0.4937442415886575,,,1.13,0.47,0.3,1.48,0.46,2.62,0.14,0.01,0.0,0.286,2.456692913385827,2.7554185545541023,0.138,,0.007,,0.0,,False,96.0,99.0,96.0,88.0,93.0,91.0,91.0,92.0,94.0,high,high,high,high,high,high,high,high,high,2026-08-09
hitter,CWS,CLE,Randal Grichuk,545341,4.0,LF,Confirmed,3.33,,,,,0.53,0.16,,,,,0.4375798168511753,0.6225462236684876,0.17251610840087922,0.14554635019111642,0.801980198019802,0.7408960371805475,0.3897178429566611,0.31400240599434814,,,0.77,0.3,0.22,1.05,0.35,1.57,0.12,0.01,0.0,0.239,1.684375,1.484072322040495,0.12,,0.006,,0.0,,False,96.0,99.0,96.0,88.0,93.0,91.0,91.0,92.0,94.0,high,high,high,high,high,high,high,high,high,2026-08-09
hitter,CWS,CLE,Braden Montgomery,695731,5.0,RF,Confirmed,4.03,,,,,0.59,0.27,,,,,0.5235294482419204,0.6547875244134046,0.27783547239992823,0.2589210328631847,1.0980834272829765,0.9484082070828447,0.2932486499795926,0.29149957137375904,,,1.02,0.4,0.27,1.31,0.29,2.02,0.12,0.01,0.0,0.269,2.057017543859649,1.9861485790920874,0.123,,0.007,,0.0,,False,96.0,99.0,96.0,88.0,93.0,91.0,91.0,92.0,94.0,high,high,high,high,high,high,high,high,high,2026-08-09
hitter,CWS,CLE,Colson Montgomery,695657,6.0,DH,Confirmed,4.18,,,,,0.78,0.3,,,,,0.6664531773054162,0.8919642002751625,0.3048498869697416,0.30116085074535764,0.994208494208494,0.9340606176383907,0.5443566972697682,0.5257140745260216,,,0.96,0.33,0.25,1.11,0.54,2.49,0.1,0.01,0.0,0.246,2.456692913385827,2.525384477706119,0.1,,0.006,,0.0,,False,96.0,99.0,96.0,88.0,93.0,91.0,91.0,92.0,94.0,high,high,high,high,high,high,high,high,high,2026-08-09
hitter,CWS,CLE,Edgar Quero,700337,7.0,C,Confirmed,3.1,,,,,0.47,0.08,,,,,0.4710850270947967,0.47536784449579594,0.08666191553291927,0.07134382425235128,0.5846774193548387,0.5185769479984415,0.06023273022696682,0.046212885942100115,,,0.55,0.22,0.15,0.79,0.05,0.89,0.1,0.01,0.0,0.23,0.9875776397515532,0.8123883187343273,0.104,,0.006,,0.0,,False,96.0,99.0,96.0,88.0,93.0,91.0,91.0,92.0,94.0,high,high,high,high,high,high,high,high,high,2026-08-09
hitter,CWS,CLE,Sam Antonacci,803011,8.0,2B,Confirmed,4.57,,,,,0.43,0.24,,,,,0.43009104830024136,0.4328669842744831,0.24427423620295186,0.24370153063806674,1.1391752577319587,1.1678794315466283,0.2203454230766671,0.2220947613967986,,,1.15,0.36,0.25,1.32,0.22,2.01,0.15,0.01,0.0,0.245,2.057017543859649,1.9723004514444062,0.147,,0.009,,0.0,,False,96.0,99.0,96.0,88.0,93.0,91.0,91.0,92.0,94.0,high,high,high,high,high,high,high,high,high,2026-08-09
hitter,CWS,CLE,Luisangel Acuña,682668,9.0,SS,Confirmed,1.84,,,,,0.41,0.11,,,,,0.4540699543791199,0.37102989266485625,0.1375936651988361,0.08950684185692588,0.3344051446945337,0.24111451803912198,0.013874353997469651,0.008742548952669904,,,0.28,0.13,0.09,0.48,0.01,0.38,0.06,0.01,0.0,0.22,0.44025157232704404,0.3300986474034869,0.064,,0.006,,0.0,,False,96.0,99.0,96.0,88.0,93.0,91.0,91.0,92.0,94.0,high,high,high,high,high,high,high,high,high,2026-08-09
hitter,CLE,CWS,Steven Kwan,680757,1.0,CF,Confirmed,3.96,,,,,0.36,0.4,,,,,0.32709400386998033,0.38669932962143744,0.4042946401435048,0.3886314315433661,1.0,0.8910140872414083,0.09896230016506305,0.10871274928194002,,,0.94,0.51,0.34,1.86,0.1,1.41,0.23,0.01,0.0,0.346,1.5956790123456794,1.2639085288822625,0.226,,0.014,,0.0,,False,96.0,99.0,96.0,88.0,93.0,91.0,91.0,92.0,94.0,high,high,high,high,high,high,high,high,high,2026-08-09
hitter,CLE,CWS,Chase DeLauter,800050,2.0,RF,Confirmed,4.74,,,,,0.64,0.43,,,,,0.6746441974221874,0.6036283562036822,0.4188676946559797,0.43742373105800286,1.0980834272829765,1.1982535205577483,0.22657141755735657,0.21891445950331856,,,1.15,0.59,0.4,2.13,0.22,2.15,0.28,0.02,0.0,0.333,2.057017543859649,2.227946319315205,0.281,,0.018,,0.0,,False,96.0,99.0,96.0,88.0,93.0,91.0,91.0,92.0,94.0,high,high,high,high,high,high,high,high,high,2026-08-09
hitter,CLE,CWS,José Ramírez,608070,3.0,3B,Confirmed,4.25,,,,,0.6,0.26,,,,,0.5636691537324743,0.645984587560297,0.26737283225915454,0.2601749343990671,0.8694581280788177,0.8718470359663789,0.13771891491064822,0.15657543358436044,,,0.87,0.56,0.4,1.96,0.15,1.44,0.21,0.01,0.0,0.358,1.3893129770992367,1.4831846318504183,0.207,,0.011,,0.0,,False,96.0,99.0,96.0,88.0,93.0,91.0,91.0,92.0,94.0,high,high,high,high,high,high,high,high,high,2026-08-09
hitter,CLE,CWS,Nathaniel Lowe,663993,4.0,1B,Confirmed,3.48,,,,,0.92,0.32,,,,,0.9317264132794262,0.9033890965154643,0.3329581121713261,0.30440587382438566,0.801980198019802,0.7299267118765799,0.03848349362593402,0.03278376649480124,,,0.76,0.44,0.32,1.54,0.04,1.16,0.19,0.01,0.0,0.341,1.239368165249089,1.0866022671483873,0.186,,0.011,,0.0,,False,96.0,99.0,96.0,88.0,93.0,91.0,91.0,92.0,94.0,high,high,high,high,high,high,high,high,high,2026-08-09
hitter,CLE,CWS,Jo Adell,666176,5.0,LF,Confirmed,4.51,,,,,1.36,0.15,,,,,1.2483020031254366,1.4786480152770873,0.15619379577969666,0.14089734221321054,1.1391752577319587,1.2616963201517328,0.07759994553553984,0.10095241942886539,,,1.21,0.59,0.47,2.16,0.09,1.9,0.27,0.01,0.0,0.346,1.914285714285714,1.88927961228178,0.268,,0.014,,0.0,,False,96.0,99.0,96.0,88.0,93.0,91.0,91.0,92.0,94.0,high,high,high,high,high,high,high,high,high,2026-08-09
hitter,CLE,CWS,Travis Bazzana,683953,6.0,DH,Confirmed,4.97,,,,,1.0,0.7,,,,,1.0226503292396278,0.9853209762619392,0.7083195112904247,0.6983142556901262,1.0980834272829765,1.2041776607311012,0.3198357047082967,0.41544870890163604,,,1.16,0.56,0.45,2.11,0.37,2.28,0.29,0.01,0.0,0.355,2.057017543859649,2.454174811355747,0.286,,0.013,,0.0,,False,96.0,99.0,96.0,88.0,93.0,91.0,91.0,92.0,94.0,high,high,high,high,high,high,high,high,high,2026-08-09
hitter,CLE,CWS,Brayan Rocchio,677587,7.0,SS,Confirmed,4.45,,,,,0.67,0.37,,,,,0.6672651447687136,0.6676026199926852,0.349749135599694,0.39295602039778116,0.8949771689497716,0.9630726839570553,0.1548831847638574,0.18454907266282994,,,0.93,0.48,0.38,1.96,0.17,1.7,0.22,0.01,0.0,0.325,1.684375,1.7086310777554041,0.223,,0.013,,0.0,,False,96.0,99.0,96.0,88.0,93.0,91.0,91.0,92.0,94.0,high,high,high,high,high,high,high,high,high,2026-08-09
hitter,CLE,CWS,Patrick Bailey,672275,8.0,C,Confirmed,3.33,,,,,0.85,0.33,,,,,0.8903982722967432,0.8160113797462648,0.3576082650685214,0.29438782519082013,0.707983193277311,0.6235104610319773,0.0989865204841994,0.10048222102370516,,,0.66,0.4,0.3,1.57,0.1,1.19,0.18,0.01,0.0,0.365,1.3148148148148149,1.0828805416185552,0.182,,0.013,,0.0,,False,96.0,99.0,96.0,88.0,93.0,91.0,91.0,92.0,94.0,high,high,high,high,high,high,high,high,high,2026-08-09
hitter,CLE,CWS,Angel Genao,694197,9.0,2B,Confirmed,3.93,,,,,0.54,0.45,,,,,0.539,,0.454,,0.869,,0.035,,,,0.87,0.4,0.31,1.57,0.04,1.24,0.17,0.01,0.0,0.303,1.239,,0.166,,0.01,,0.0,,True,40.0,44.0,40.0,32.0,37.0,35.0,35.0,36.0,38.0,low,low,low,low,low,low,low,low,low,2026-08-09
hitter,MIL,MIN,Jackson Chourio,694192,1.0,LF,Confirmed,4.26,,,,,1.53,0.16,,,,,1.5738203431279172,1.4804277477026764,0.17390016445069606,0.14873622015437635,1.0980834272829765,1.0130151381241255,0.05360009893193537,0.026784187302723462,,,1.05,0.45,0.36,1.8,0.04,1.33,0.18,0.02,0.0,0.259,1.3148148148148149,1.3362961409802552,0.181,,0.015,,0.0,,False,96.0,99.0,96.0,88.0,93.0,91.0,91.0,92.0,94.0,high,high,high,high,high,high,high,high,high,2026-08-09
hitter,MIL,MIN,Brice Turang,668930,2.0,SS,Confirmed,4.25,,,,,1.62,0.26,,,,,1.615049019365839,1.615199478150713,0.24175576371494495,0.27994832293129734,0.8770949720670391,0.8702322845965654,0.045863324749936006,0.04661460327804422,,,0.87,0.4,0.31,1.58,0.05,1.24,0.17,0.01,0.0,0.238,1.239368165249089,1.2356944989489271,0.172,,0.01,,0.0,,False,96.0,99.0,96.0,88.0,93.0,91.0,91.0,92.0,94.0,high,high,high,high,high,high,high,high,high,2026-08-09
hitter,MIL,MIN,Andrew Vaughn,683734,3.0,3B,Confirmed,2.55,,,,,0.42,0.06,,,,,0.438224528665177,0.39432576560053706,0.08851477805419901,0.041243692402685425,0.4125159642401022,0.4414347861767498,0.08811009212424575,0.06388039308470103,,,0.43,0.22,0.2,0.9,0.08,0.76,0.12,0.01,0.0,0.222,0.8408408408408409,0.7003978029405568,0.122,,0.009,,0.0,,False,96.0,99.0,96.0,88.0,93.0,91.0,91.0,92.0,94.0,high,high,high,high,high,high,high,high,high,2026-08-09
hitter,MIL,MIN,William Contreras,661388,4.0,C,Confirmed,4.25,,,,,1.12,0.23,,,,,1.078321514925561,1.1596088058064211,0.2147461470765895,0.2411295920659511,1.0980834272829765,1.024457614798808,0.057145786571085884,0.06147475423280883,,,1.06,0.45,0.41,1.85,0.06,1.4,0.18,0.01,0.0,0.263,1.3893129770992367,1.4093815232846343,0.185,,0.008,,0.0,,False,96.0,99.0,96.0,88.0,93.0,91.0,91.0,92.0,94.0,high,high,high,high,high,high,high,high,high,2026-08-09
hitter,MIL,MIN,Jake Bauers,641343,5.0,1B,Confirmed,3.96,,,,,1.61,0.21,,,,,1.6045458723871175,1.6081482075810785,0.2105423790875939,0.21889694813036756,0.801980198019802,0.7762182937586116,0.04955393317351645,0.07292447539557098,,,0.79,0.37,0.33,1.51,0.06,1.1,0.15,0.01,0.0,0.233,1.1521739130434783,1.0512849673529334,0.145,,0.007,,0.0,,False,96.0,99.0,96.0,88.0,93.0,91.0,91.0,92.0,94.0,high,high,high,high,high,high,high,high,high,2026-08-09
hitter,MIL,MIN,Luis Lara,800325,6.0,RF,Confirmed,1.84,,,,,0.66,0.11,,,,,0.6950834090377682,0.6204743070247517,0.13573115530310637,0.08294052128034908,0.35424354243542433,0.2555396292601727,0.04090868154063802,0.026702031236891296,,,0.3,0.14,0.14,0.61,0.03,0.41,0.08,0.01,0.0,0.216,0.4591194968553459,0.361576553467566,0.083,,0.006,,0.0,,False,96.0,99.0,96.0,88.0,93.0,91.0,91.0,92.0,94.0,high,high,high,high,high,high,high,high,high,2026-08-09
hitter,MIL,MIN,Gary Sánchez,596142,7.0,C,Confirmed,3.48,,,,,0.71,0.14,,,,,0.660964526074075,0.750625532313953,0.1577560081494488,0.12363114740222024,0.7061469265367316,0.6474981187429042,0.15480152655129698,0.10352178442191712,,,0.67,0.29,0.26,1.26,0.13,1.12,0.12,0.01,0.0,0.238,1.239368165249089,1.0217003557265856,0.122,,0.009,,0.0,,False,96.0,99.0,96.0,88.0,93.0,91.0,91.0,92.0,94.0,high,high,high,high,high,high,high,high,high,2026-08-09
hitter,MIL,MIN,Brandon Lockridge,663604,8.0,CF,Confirmed,2.55,,,,,0.7,0.18,,,,,0.7323242281892988,0.6706311968262705,0.200103993520571,0.164822909615101,0.4125159642401022,0.3611376665136881,0.015231978967230133,0.009273586200092686,,,0.38,0.17,0.14,0.72,0.01,0.49,0.1,0.01,0.0,0.189,0.5302013422818792,0.45504114958065817,0.095,,0.008,,0.0,,False,96.0,99.0,96.0,88.0,93.0,91.0,91.0,92.0,94.0,high,high,high,high,high,high,high,high,high,2026-08-09
hitter,MIL,MIN,David Hamilton,666152,9.0,3B,Confirmed,3.02,,,,,1.17,0.1,,,,,1.1737000169244385,1.1701501041283473,0.10457757556679678,0.09635406773988624,0.5846774193548387,0.5302649205624169,0.02054589079623835,0.021043369089576432,,,0.55,0.23,0.2,1.02,0.02,0.65,0.13,0.01,0.0,0.216,0.6720588235294118,0.6380732434570218,0.126,,0.008,,0.0,,False,96.0,99.0,96.0,88.0,93.0,91.0,91.0,92.0,94.0,high,high,high,high,high,high,high,high,high,2026-08-09
hitter,MIN,MIL,Trevor Larnach,663616,1.0,LF,Confirmed,3.96,,,,,0.73,0.36,,,,,0.7447413256777765,0.7207209842160827,0.3688260054282624,0.34450825045239825,0.994208494208494,0.8522937674028424,0.24091000561217396,0.22013118486656802,,,0.92,0.44,0.37,1.61,0.23,1.85,0.13,0.01,0.0,0.268,2.057017543859649,1.6822388648785491,0.127,,0.009,,0.0,,False,96.0,99.0,96.0,88.0,93.0,91.0,91.0,92.0,94.0,high,high,high,high,high,high,high,high,high,2026-08-09
hitter,MIN,MIL,Royce Lewis,668904,2.0,2B,Confirmed,4.18,,,,,1.31,0.29,,,,,1.288060987786968,1.3249652516871144,0.3080888439258288,0.2802590468929826,0.994208494208494,0.9743858103678015,0.0635487657462363,0.06478465086152267,,,0.98,0.54,0.49,1.9,0.06,1.51,0.11,0.01,0.0,0.296,1.5956790123456794,1.438992145530909,0.115,,0.008,,0.0,,False,96.0,99.0,96.0,88.0,93.0,91.0,91.0,92.0,94.0,high,high,high,high,high,high,high,high,high,2026-08-09
hitter,MIN,MIL,Josh Bell,605137,3.0,DH,Confirmed,4.14,,,,,1.04,0.36,,,,,1.0818641609591404,1.0018564382684563,0.3852025229008552,0.3373587065517951,1.0980834272829765,1.00131522485102,0.09688568461224101,0.07652983884668255,,,1.04,0.58,0.58,2.15,0.09,1.71,0.13,0.01,0.0,0.324,1.914285714285714,1.5450868404285967,0.13,,0.009,,0.0,,False,96.0,99.0,96.0,88.0,93.0,91.0,91.0,92.0,94.0,high,high,high,high,high,high,high,high,high,2026-08-09
hitter,MIN,MIL,Kody Clemens,665019,4.0,LF,Confirmed,4.08,,,,,1.25,0.3,,,,,1.2376339490587192,1.2633847566834508,0.3166906225399625,0.28568830208229995,1.0980834272829765,0.9115891308040366,0.0812083752715935,0.05866743037475603,,,1.0,0.52,0.53,1.92,0.07,1.56,0.12,0.01,0.0,0.298,1.684375,1.465132016731653,0.122,,0.009,,0.0,,False,96.0,99.0,96.0,88.0,93.0,91.0,91.0,92.0,94.0,high,high,high,high,high,high,high,high,high,2026-08-09
hitter,MIN,MIL,Brooks Lee,686797,5.0,3B,Confirmed,4.08,,,,,0.92,0.38,,,,,0.898556539504582,0.9366412980643467,0.38714100495053017,0.3632722228351303,1.0980834272829765,1.00773282043537,0.05780831142176728,0.06444707710751164,,,1.05,0.55,0.54,2.08,0.06,1.43,0.11,0.01,0.0,0.311,1.4759615384615385,1.384917979919078,0.112,,0.008,,0.0,,False,96.0,99.0,96.0,88.0,93.0,91.0,91.0,92.0,94.0,high,high,high,high,high,high,high,high,high,2026-08-09
hitter,MIN,MIL,Luke Keaschall,807712,6.0,CF,Confirmed,3.96,,,,,0.75,0.41,,,,,0.7484444355752722,0.7487478095706253,0.42243882741883587,0.4008773845901457,1.0980834272829765,1.0068255260692895,0.0373414787261255,0.025299980484897917,,,1.05,0.45,0.48,1.92,0.03,1.4,0.15,0.01,0.0,0.31,1.4476190476190476,1.3650118209452995,0.146,,0.007,,0.0,,False,96.0,99.0,96.0,88.0,93.0,91.0,91.0,92.0,94.0,high,high,high,high,high,high,high,high,high,2026-08-09
hitter,MIN,MIL,Victor Caratini,605170,7.0,1B,Confirmed,3.96,,,,,0.95,0.37,,,,,0.952199329923385,0.9412684794034395,0.3780672040734502,0.3545238796983866,1.0980834272829765,0.9574022803938558,0.06200687357639446,0.04705070177254374,,,1.02,0.43,0.42,1.72,0.05,1.43,0.14,0.01,0.0,0.295,1.4759615384615385,1.3885805420738748,0.137,,0.007,,0.0,,False,96.0,99.0,96.0,88.0,93.0,91.0,91.0,92.0,94.0,high,high,high,high,high,high,high,high,high,2026-08-09
hitter,MIN,MIL,Alan Roden,702176,8.0,RF,Confirmed,2.55,,,,,0.53,0.12,,,,,0.49708902776006036,0.5551497252458121,0.12615162890222492,0.10514128915080694,0.4125159642401022,0.4144187033698893,0.07161321704353724,0.04927434756097201,,,0.41,0.21,0.21,0.84,0.06,0.65,0.1,0.01,0.0,0.229,0.6992421095027739,0.6035848124750112,0.099,,0.008,,0.0,,False,96.0,99.0,96.0,88.0,93.0,91.0,91.0,92.0,94.0,high,high,high,high,high,high,high,high,high,2026-08-09
hitter,MIN,MIL,Ryan Kreidler,668952,9.0,SS,Confirmed,3.74,,,,,1.1,0.34,,,,,1.0186005209146363,1.1820367769949023,0.35069753652960967,0.3349968027613989,0.8694581280788177,0.7583561891409635,0.03665047361788862,0.03971936894494621,,,0.81,0.36,0.35,1.41,0.04,1.24,0.12,0.01,0.0,0.258,1.3148148148148149,1.171380110749498,0.121,,0.009,,0.0,,False,96.0,99.0,96.0,88.0,93.0,91.0,91.0,92.0,94.0,high,high,high,high,high,high,high,high,high,2026-08-09
hitter,STL,COL,JJ Wetherholt,802139,1.0,2B,Confirmed,4.97,,,,,0.47,0.41,,,,,0.4734475845500544,0.4575232453439385,0.39911987973751384,0.42271486888736487,0.994208494208494,0.9751469213091355,0.029302721321989945,0.02874114055737453,,,0.98,0.54,0.32,1.76,0.03,1.27,0.19,0.01,0.0,0.302,1.239368165249089,1.298664204870147,0.189,,0.012,,0.0,,False,96.0,99.0,96.0,88.0,93.0,91.0,91.0,92.0,94.0,high,high,high,high,high,high,high,high,high,2026-08-09
hitter,STL,COL,Iván Herrera,671056,2.0,DH,Confirmed,4.74,,,,,0.51,0.4,,,,,0.48927682423342045,0.5370702728730102,0.3687627198292768,0.42426147985035145,0.994208494208494,0.9842262190104032,0.035719582592183274,0.034014432767444605,,,0.99,0.52,0.32,1.71,0.03,1.32,0.16,0.01,0.0,0.298,1.239368165249089,1.3791697612575342,0.163,,0.009,,0.0,,False,96.0,99.0,96.0,88.0,93.0,91.0,91.0,92.0,94.0,high,high,high,high,high,high,high,high,high,2026-08-09
hitter,STL,COL,Alec Burleson,676475,3.0,1B,Confirmed,4.58,,,,,0.43,0.29,,,,,0.4446526361535955,0.4082700141239356,0.277043460487413,0.2977610650216696,0.8694581280788177,0.9458812183516564,0.03285745428563588,0.007769267420009866,,,0.91,0.51,0.38,1.76,0.02,1.23,0.19,0.01,0.0,0.3,1.239368165249089,1.2292282870109514,0.186,,0.012,,0.0,,False,96.0,99.0,96.0,88.0,93.0,91.0,91.0,92.0,94.0,high,high,high,high,high,high,high,high,high,2026-08-09
hitter,STL,COL,Jordan Walker,691023,4.0,RF,Confirmed,4.74,,,,,0.8,0.39,,,,,0.6823728048614944,0.9149286548806241,0.3613246897925838,0.4112642991497412,0.8949771689497716,0.9748392911052267,0.04164995723734786,0.04074475589914212,,,0.94,0.53,0.38,1.78,0.04,1.29,0.19,0.01,0.0,0.303,1.239368165249089,1.330639731741098,0.191,,0.011,,0.0,,False,96.0,99.0,96.0,88.0,93.0,91.0,91.0,92.0,94.0,high,high,high,high,high,high,high,high,high,2026-08-09
hitter,STL,COL,Jimmy Crooks,699625,5.0,C,Confirmed,3.48,,,,,0.83,0.31,,,,,0.8156553089431509,0.8346037775336159,0.3444579591267316,0.2754966785989599,0.8770949720670391,0.7675736574283866,0.09607088602505681,0.08034562951827871,,,0.82,0.33,0.24,1.1,0.09,1.22,0.11,0.01,0.0,0.263,1.3148148148148149,1.1455875725018858,0.108,,0.011,,0.0,,False,96.0,99.0,96.0,88.0,93.0,91.0,91.0,92.0,94.0,high,high,high,high,high,high,high,high,high,2026-08-09
hitter,STL,COL,Masyn Winn,691026,6.0,SS,Confirmed,4.64,,,,,0.49,0.28,,,,,0.47153322145520493,0.5026797960585666,0.2687088059713234,0.2824199284462676,0.8949771689497716,1.0096634087079603,0.035356665675017586,0.04063980599540501,,,0.96,0.42,0.36,1.65,0.04,1.37,0.15,0.01,0.0,0.276,1.3148148148148149,1.4066865949277148,0.147,,0.013,,0.0,,False,96.0,99.0,96.0,88.0,93.0,91.0,91.0,92.0,94.0,high,high,high,high,high,high,high,high,high,2026-08-09
hitter,STL,COL,Nathan Church,701675,7.0,CF,Confirmed,4.04,,,,,0.58,0.26,,,,,0.5306135342911148,0.6259713435393569,0.26707571373070726,0.2628374774248244,0.707983193277311,0.7351449388562226,0.02942427045984019,0.023582502918773326,,,0.72,0.37,0.26,1.34,0.03,1.05,0.13,0.01,0.0,0.284,1.001763668430335,1.084951055515922,0.13,,0.014,,0.0,,False,96.0,99.0,96.0,88.0,93.0,91.0,91.0,92.0,94.0,high,high,high,high,high,high,high,high,high,2026-08-09
hitter,STL,COL,José Fermín,665877,8.0,3B,Confirmed,4.18,,,,,0.36,0.28,,,,,0.3455750866335241,0.3653000665157172,0.26334130412246803,0.29780787916092516,0.707983193277311,0.785942608396676,0.02762700575593454,0.03811610422494754,,,0.75,0.36,0.25,1.32,0.03,1.02,0.14,0.01,0.0,0.266,1.001763668430335,1.0346042804788647,0.135,,0.008,,0.0,,False,96.0,99.0,96.0,88.0,93.0,91.0,91.0,92.0,94.0,high,high,high,high,high,high,high,high,high,2026-08-09
hitter,STL,COL,Bryan Torres,663494,9.0,LF,Confirmed,3.33,,,,,0.42,0.2,,,,,0.3841127876820495,0.4491593212771788,0.21055689062261715,0.18185855963174355,0.7061469265367316,0.5876955353397058,0.027637259444285033,0.009860518191585912,,,0.64,0.34,0.25,1.25,0.02,0.79,0.11,0.02,0.0,0.311,0.8408408408408409,0.743692742753829,0.107,,0.02,,0.0,,False,96.0,99.0,96.0,88.0,93.0,91.0,91.0,92.0,94.0,high,high,high,high,high,high,high,high,high,2026-08-09
hitter,COL,STL,Jake McCarthy,664983,1.0,RF,Confirmed,4.04,,,,,0.52,0.2,,,,,0.5474836309525255,0.4917219904125738,0.218246238075189,0.18506682632705385,0.994208494208494,0.9181148453206888,0.08313842905203428,0.07727015949444609,,,0.95,0.39,0.31,1.48,0.08,1.41,0.12,0.02,0.0,0.239,1.3893129770992367,1.4180327808827413,0.121,,0.024,,0.0,,False,96.0,99.0,96.0,88.0,93.0,91.0,91.0,92.0,94.0,high,high,high,high,high,high,high,high,high,2026-08-09
hitter,COL,STL,Cole Carrigg,694249,2.0,CF,Confirmed,3.09,,,,,0.63,0.27,,,,,0.606284052408713,0.6524224224056427,0.3058675488365936,0.2361926361628385,0.7061469265367316,0.5541016716819794,0.08262533355874002,0.07573471416030672,,,0.62,0.28,0.21,0.98,0.08,1.1,0.09,0.01,0.0,0.232,1.239368165249089,0.9904324109369487,0.089,,0.011,,0.0,,False,96.0,99.0,96.0,88.0,93.0,91.0,91.0,92.0,94.0,high,high,high,high,high,high,high,high,high,2026-08-09
hitter,COL,STL,TJ Rumfield,681198,3.0,1B,Confirmed,3.1,,,,,0.4,0.25,,,,,0.41349420991974795,0.39225157299289143,0.26380902885171575,0.2282947421287626,0.7061469265367316,0.5545065366408544,0.04548898721965443,0.050965752432000445,,,0.62,0.23,0.19,0.83,0.05,0.96,0.08,0.01,0.0,0.194,1.1238670694864048,0.8328585445043064,0.082,,0.008,,0.0,,False,96.0,99.0,96.0,88.0,93.0,91.0,91.0,92.0,94.0,high,high,high,high,high,high,high,high,high,2026-08-09
hitter,COL,STL,Hunter Goodman,696100,4.0,DH,Confirmed,4.18,,,,,0.89,0.4,,,,,0.8790072421975869,0.89536296139996,0.4116702970712439,0.38240298332539646,0.8888888888888888,0.8267462456274903,0.2539144804079337,0.21076558771284282,,,0.85,0.48,0.46,1.65,0.23,1.82,0.12,0.01,0.0,0.281,1.914285714285714,1.7426351672272302,0.122,,0.01,,0.0,,False,96.0,99.0,96.0,88.0,93.0,91.0,91.0,92.0,94.0,high,high,high,high,high,high,high,high,high,2026-08-09
hitter,COL,STL,Mickey Moniak,666160,5.0,LF,Confirmed,3.49,,,,,0.69,0.2,,,,,0.6551943648599535,0.7175572823370528,0.2122825270135639,0.1846707277070614,0.801980198019802,0.6888563537645521,0.15717625823040626,0.12340054737361912,,,0.74,0.36,0.35,1.29,0.14,1.28,0.11,0.01,0.0,0.248,1.3893129770992367,1.190584772567053,0.108,,0.012,,0.0,,False,96.0,99.0,96.0,88.0,93.0,91.0,91.0,92.0,94.0,high,high,high,high,high,high,high,high,high,2026-08-09
hitter,COL,STL,Kyle Karros,691720,6.0,3B,Confirmed,3.89,,,,,0.7,0.38,,,,,0.6376747957873126,0.7600914148789936,0.3768864419721889,0.37494405151694116,0.801980198019802,0.7647022850073204,0.12044727471851385,0.10148121791773877,,,0.78,0.34,0.35,1.34,0.11,1.21,0.11,0.01,0.0,0.251,1.239368165249089,1.180856067054246,0.113,,0.007,,0.0,,False,96.0,99.0,96.0,88.0,93.0,91.0,91.0,92.0,94.0,high,high,high,high,high,high,high,high,high,2026-08-09
hitter,COL,STL,Willi Castro,650489,7.0,2B,Confirmed,3.96,,,,,0.75,0.29,,,,,0.7038407498008448,0.787824367895931,0.3147167888603426,0.25573634676925344,0.801980198019802,0.7456625818815624,0.11833214401817935,0.1099340136485447,,,0.77,0.32,0.29,1.26,0.11,1.35,0.09,0.01,0.0,0.23,1.3893129770992367,1.318142495118806,0.094,,0.009,,0.0,,False,96.0,99.0,96.0,88.0,93.0,91.0,91.0,92.0,94.0,high,high,high,high,high,high,high,high,high,2026-08-09
hitter,COL,STL,Brett Sullivan,664954,8.0,C,Confirmed,3.02,,,,,0.75,0.1,,,,,0.7669572556536728,0.7260667328827766,0.10065339010829687,0.10795116371646488,0.8770949720670391,0.7150338398410339,0.03328643339956989,0.027457610056015252,,,0.79,0.21,0.19,0.82,0.03,1.03,0.08,0.01,0.0,0.2,1.1521739130434783,0.9385949266839384,0.08,,0.008,,0.0,,False,96.0,99.0,96.0,88.0,93.0,91.0,91.0,92.0,94.0,high,high,high,high,high,high,high,high,high,2026-08-09
hitter,COL,STL,Ezequiel Tovar,678662,9.0,SS,Confirmed,3.74,,,,,0.7,0.22,,,,,0.6700865920594863,0.7199651338466223,0.23724151363380933,0.2019015908343088,0.7715355805243446,0.7195030655830253,0.12634643744133123,0.11086325634106227,,,0.74,0.28,0.26,1.07,0.12,1.28,0.13,0.01,0.0,0.211,1.3148148148148149,1.2605937821175197,0.134,,0.013,,0.0,,False,96.0,99.0,96.0,88.0,93.0,91.0,91.0,92.0,94.0,high,high,high,high,high,high,high,high,high,2026-08-09
hitter,TEX,BAL,Wyatt Langford,694671,1.0,LF,Confirmed,4.68,,,,,1.26,0.38,,,,,1.2623324352773468,1.2662890243049891,0.36683283284699897,0.3990901808640181,1.0980834272829765,1.1528823113327504,0.19055021369720362,0.19184463932376775,,,1.13,0.68,0.51,2.19,0.19,2.04,0.16,0.01,0.0,0.371,2.057017543859649,2.0247247015461864,0.156,,0.008,,0.0,,False,96.0,99.0,96.0,88.0,93.0,91.0,91.0,92.0,94.0,high,high,high,high,high,high,high,high,high,2026-08-09
hitter,TEX,BAL,Corey Seager,608369,2.0,DH,Confirmed,4.68,,,,,0.95,0.83,,,,,0.9412900087891257,0.9598104962414863,0.8608396298259803,0.8074556781821773,0.8949771689497716,0.950383851828898,0.18216259717268551,0.1941556825486435,,,0.93,0.73,0.55,2.38,0.19,1.72,0.21,0.01,0.0,0.401,1.684375,1.745084098607062,0.206,,0.007,,0.0,,False,96.0,99.0,96.0,88.0,93.0,91.0,91.0,92.0,94.0,high,high,high,high,high,high,high,high,high,2026-08-09
hitter,TEX,BAL,Ezequiel Duran,677649,3.0,SS,Confirmed,3.93,,,,,0.65,0.18,,,,,0.5586870300462482,0.7469633370299095,0.18536059772375657,0.1820487659835351,0.7061469265367316,0.6474518320880368,0.04932949906380797,0.062175647112600145,,,0.67,0.42,0.35,1.57,0.06,1.03,0.14,0.01,0.0,0.268,1.001763668430335,1.048286697136335,0.144,,0.011,,0.0,,False,96.0,99.0,96.0,88.0,93.0,91.0,91.0,92.0,94.0,high,high,high,high,high,high,high,high,high,2026-08-09
hitter,TEX,BAL,Brandon Nimmo,607043,4.0,RF,Confirmed,4.27,,,,,0.72,0.3,,,,,0.6315414962165992,0.8109374807851141,0.30354517339995535,0.2971295521956234,0.801980198019802,0.8423096673117015,0.1265836812024417,0.12790346661299465,,,0.82,0.6,0.53,2.12,0.13,1.43,0.22,0.01,0.0,0.352,1.3893129770992367,1.4623227113412456,0.216,,0.008,,0.0,,False,96.0,99.0,96.0,88.0,93.0,91.0,91.0,92.0,94.0,high,high,high,high,high,high,high,high,high,2026-08-09
hitter,TEX,BAL,Jake Burger,669394,5.0,1B,Confirmed,4.14,,,,,0.83,0.25,,,,,0.746143607197411,0.9232503442022416,0.24968881959393632,0.24306147037107473,0.707983193277311,0.7719938641936592,0.15121676019301436,0.1589128076674102,,,0.74,0.56,0.51,1.94,0.16,1.36,0.19,0.01,0.0,0.332,1.3148148148148149,1.4052251578936843,0.185,,0.007,,0.0,,False,96.0,99.0,96.0,88.0,93.0,91.0,91.0,92.0,94.0,high,high,high,high,high,high,high,high,high,2026-08-09
hitter,TEX,BAL,Justin Foscue,679822,6.0,2B,Confirmed,1.84,,,,,0.37,0.14,,,,,0.3440348112688921,0.3915413113645162,0.1657506865407548,0.10909859510307725,0.4125159642401022,0.3092189101972088,0.08529237326132694,0.042134132553944305,,,0.36,0.21,0.21,0.78,0.06,0.6,0.09,0.01,0.0,0.342,0.7899761336515513,0.4514804211500263,0.086,,0.007,,0.0,,False,96.0,99.0,96.0,88.0,93.0,91.0,91.0,92.0,94.0,high,high,high,high,high,high,high,high,high,2026-08-09
hitter,TEX,BAL,Elias Díaz,553869,7.0,C,Confirmed,3.49,,,,,0.67,0.16,,,,,0.6003145173826608,0.7485335607801915,0.17356289636084588,0.15634955569046907,0.6434108527131783,0.6048755380033451,0.09458115406617731,0.09170333971859441,,,0.62,0.37,0.34,1.42,0.09,0.98,0.14,0.01,0.0,0.303,1.001763668430335,0.968466976066616,0.14,,0.008,,0.0,,False,96.0,99.0,96.0,88.0,93.0,91.0,91.0,92.0,94.0,high,high,high,high,high,high,high,high,high,2026-08-09
hitter,TEX,BAL,Jonah Bride,681146,8.0,3B,Confirmed,1.84,,,,,1.0,0.12,,,,,1.137114255951553,0.8531270044465097,0.13192350365222705,0.10260813036264099,0.0,0.10979556294079112,0.020136615969447318,0.011401649149367818,,,0.06,0.18,0.15,0.66,0.02,0.07,0.09,0.01,0.0,0.304,0.0,0.12593456780810766,0.092,,0.007,,0.0,,False,96.0,99.0,96.0,88.0,93.0,91.0,91.0,92.0,94.0,high,high,high,high,high,high,high,high,high,2026-08-09
hitter,TEX,BAL,Cam Cauley,695508,9.0,RF,Confirmed,3.09,,,,,0.56,0.19,,,,,0.520070779143452,0.5976690812856186,0.21514624452040945,0.1693136688553872,0.5290322580645161,0.5284841225687994,0.04317876460023227,0.054112275459294,,,0.53,0.29,0.23,1.11,0.05,0.79,0.13,0.01,0.0,0.287,0.7899761336515513,0.7989056134586997,0.131,,0.01,,0.0,,False,96.0,99.0,96.0,88.0,93.0,91.0,91.0,92.0,94.0,high,high,high,high,high,high,high,high,high,2026-08-09
hitter,BAL,TEX,Gunnar Henderson,683002,1.0,SS,Confirmed,4.45,,,,,0.75,0.42,,,,,0.6663744052899416,0.8269855066517198,0.4412508102216963,0.3981518069202887,0.994208494208494,0.9425261743368415,0.03943369526743038,0.038137050850413426,,,0.97,0.61,0.48,2.19,0.04,1.31,0.2,0.01,0.0,0.339,1.3148148148148149,1.3022776706472232,0.198,,0.011,,0.0,,False,96.0,99.0,96.0,88.0,93.0,91.0,91.0,92.0,94.0,high,high,high,high,high,high,high,high,high,2026-08-09
hitter,BAL,TEX,Pete Alonso,624413,2.0,1B,Confirmed,4.68,,,,,0.93,0.56,,,,,0.8541013843636847,1.0150794252113065,0.4955807610718457,0.6315037153670792,0.994208494208494,0.9590701199531231,0.07090594792138263,0.07521148703147937,,,0.97,0.71,0.6,2.41,0.07,1.49,0.17,0.01,0.0,0.367,1.4476190476190476,1.5243584918842337,0.175,,0.011,,0.0,,False,96.0,99.0,96.0,88.0,93.0,91.0,91.0,92.0,94.0,high,high,high,high,high,high,high,high,high,2026-08-09
hitter,BAL,TEX,Jackson Holliday,702616,3.0,SS,Confirmed,3.33,,,,,0.73,0.27,,,,,0.7235147112805976,0.7374478517507961,0.2849556909890637,0.255293146922315,0.7061469265367316,0.6280778863712161,0.02837913517901344,0.021700245423252242,,,0.66,0.42,0.39,1.58,0.03,0.92,0.17,0.01,0.0,0.316,0.9875776397515532,0.8688382089930686,0.166,,0.01,,0.0,,False,96.0,99.0,96.0,88.0,93.0,91.0,91.0,92.0,94.0,high,high,high,high,high,high,high,high,high,2026-08-09
hitter,BAL,TEX,Tyler O'Neill,641933,4.0,DH,Confirmed,2.55,,,,,0.67,0.24,,,,,0.7122444099271568,0.6363493141121751,0.26390522296217395,0.22242454755574292,0.4125159642401022,0.36082148730289876,0.0295158309572706,0.015984019706591506,,,0.38,0.33,0.31,1.17,0.02,0.6,0.11,0.01,0.0,0.32,0.6720588235294118,0.534192572844807,0.111,,0.008,,0.0,,False,96.0,99.0,96.0,88.0,93.0,91.0,91.0,92.0,94.0,high,high,high,high,high,high,high,high,high,2026-08-09
hitter,BAL,TEX,Dylan Beavers,687637,5.0,LF,Confirmed,3.74,,,,,0.81,0.38,,,,,0.768926873413688,0.8500495538298269,0.3777355875347651,0.3793980759623438,0.6666666666666666,0.6290955521847611,0.032471527070752515,0.02469261241341033,,,0.65,0.45,0.4,1.63,0.03,0.93,0.15,0.01,0.0,0.305,0.9875776397515532,0.8799280290587053,0.15,,0.009,,0.0,,False,96.0,99.0,96.0,88.0,93.0,91.0,91.0,92.0,94.0,high,high,high,high,high,high,high,high,high,2026-08-09
hitter,BAL,TEX,Leody Taveras,665750,6.0,RF,Confirmed,4.18,,,,,0.86,0.27,,,,,0.8207896447914305,0.9042137841733279,0.2611220989297576,0.28712219032744335,0.8888888888888888,0.9038870536223124,0.032314973505067526,0.046563141858583214,,,0.9,0.44,0.46,1.9,0.04,1.27,0.21,0.01,0.0,0.299,1.239368165249089,1.2911830929626775,0.205,,0.014,,0.0,,False,96.0,99.0,96.0,88.0,93.0,91.0,91.0,92.0,94.0,high,high,high,high,high,high,high,high,high,2026-08-09
hitter,BAL,TEX,Coby Mayo,691723,7.0,1B,Confirmed,2.55,,,,,0.74,0.2,,,,,0.7570303948381218,0.7310677849845892,0.23621465327873262,0.17119933493448816,0.4125159642401022,0.3482420412788208,0.03211415801891323,0.020462115663747654,,,0.38,0.29,0.27,1.09,0.03,0.58,0.13,0.01,0.0,0.32,0.6720588235294118,0.5061283025322945,0.127,,0.007,,0.0,,False,96.0,99.0,96.0,88.0,93.0,91.0,91.0,92.0,94.0,high,high,high,high,high,high,high,high,high,2026-08-09
hitter,BAL,TEX,Colton Cowser,681297,8.0,CF,Confirmed,3.33,,,,,1.4,0.47,,,,,1.4416689569477583,1.3679922560489284,0.49767598536086877,0.43336968616785176,0.7715355805243446,0.6046147772051654,0.10100356983195141,0.08882222063905024,,,0.68,0.34,0.31,1.36,0.09,1.16,0.15,0.01,0.0,0.291,1.239368165249089,1.103075224227606,0.151,,0.007,,0.0,,False,96.0,99.0,96.0,88.0,93.0,91.0,91.0,92.0,94.0,high,high,high,high,high,high,high,high,high,2026-08-09
hitter,BAL,TEX,Carlos Narváez,665966,9.0,C,Confirmed,3.95,,,,,1.26,0.3,,,,,1.1864976448180498,1.3430939183380917,0.2911751347409156,0.31516090656035406,0.801980198019802,0.8048399044752962,0.24796937002247874,0.23126235609614545,,,0.8,0.42,0.39,1.62,0.24,1.59,0.16,0.01,0.0,0.301,1.5956790123456794,1.5897880949047185,0.158,,0.008,,0.0,,False,96.0,99.0,96.0,88.0,93.0,91.0,91.0,92.0,94.0,high,high,high,high,high,high,high,high,high,2026-08-09
hitter,SF,DET,Bryce Eldridge,805811,1.0,DH,Confirmed,3.96,,,,,1.38,0.75,,,,,1.4667986898006609,1.3017890784081554,0.7619144661374706,0.7371732790153697,0.8694581280788177,0.7464814401120348,0.05641714813916495,0.07099197970894075,,,0.8,0.28,0.19,0.95,0.06,1.2,0.11,0.01,0.0,0.187,1.239368165249089,1.163572468842535,0.115,,0.008,,0.0,,False,96.0,99.0,96.0,88.0,93.0,91.0,91.0,92.0,94.0,high,high,high,high,high,high,high,high,high,2026-08-09
hitter,SF,DET,Jung Hoo Lee,808982,2.0,RF,Confirmed,3.48,,,,,0.57,0.37,,,,,0.5819335341101756,0.5647317226142274,0.4043835048985457,0.3420286192428296,0.8770949720670391,0.7540791062686809,0.024704185758641382,0.011571110061954867,,,0.81,0.21,0.15,0.77,0.02,1.01,0.13,0.01,0.0,0.161,1.1521739130434783,0.8995568577636437,0.127,,0.015,,0.0,,False,96.0,99.0,96.0,88.0,93.0,91.0,91.0,92.0,94.0,high,high,high,high,high,high,high,high,high,2026-08-09
hitter,SF,DET,Willy Adames,642715,3.0,SS,Confirmed,3.49,,,,,1.27,0.61,,,,,1.3621441323646866,1.1743087173257274,0.6715830158286193,0.5507050973294598,0.707983193277311,0.600615138782869,0.04538191524217489,0.03266208222905261,,,0.65,0.23,0.18,0.82,0.04,0.92,0.09,0.01,0.0,0.174,1.001763668430335,0.860596694893789,0.095,,0.006,,0.0,,False,96.0,99.0,96.0,88.0,93.0,91.0,91.0,92.0,94.0,high,high,high,high,high,high,high,high,high,2026-08-09
hitter,SF,DET,Rafael Devers,646240,4.0,1B,Confirmed,3.81,,,,,1.42,0.98,,,,,1.5287500553504645,1.3114766213682563,1.1038050538782367,0.8500948595286584,0.7715355805243446,0.6609961137906171,0.05635932900611582,0.04467551665104104,,,0.71,0.26,0.19,0.86,0.05,1.02,0.1,0.01,0.0,0.191,1.1521739130434783,0.9194390474971954,0.099,,0.006,,0.0,,False,96.0,99.0,96.0,88.0,93.0,91.0,91.0,92.0,94.0,high,high,high,high,high,high,high,high,high,2026-08-09
hitter,SF,DET,Osleivis Basabe,678545,5.0,2B,Confirmed,3.1,,,,,0.87,0.16,,,,,0.869,,0.164,,0.354,,0.026,,,,0.35,0.19,0.15,0.69,0.03,0.5,0.09,0.01,0.0,0.159,0.5,,0.088,,0.006,,0.0,,True,40.0,44.0,40.0,32.0,37.0,35.0,35.0,36.0,38.0,low,low,low,low,low,low,low,low,low,2026-08-09
hitter,SF,DET,Drew Gilbert,687551,6.0,CF,Confirmed,3.02,,,,,0.81,0.25,,,,,0.8176700571648926,0.7996685734847093,0.26695429368614176,0.23935761888755483,0.801980198019802,0.5821395839767245,0.19088126229684158,0.16283709536180083,,,0.68,0.19,0.17,0.77,0.18,1.48,0.11,0.01,0.0,0.187,1.684375,1.306034192005282,0.105,,0.007,,0.0,,False,96.0,99.0,96.0,88.0,93.0,91.0,91.0,92.0,94.0,high,high,high,high,high,high,high,high,high,2026-08-09
hitter,SF,DET,Daniel Susac,691740,7.0,C,Confirmed,2.55,,,,,0.85,0.16,,,,,0.8976618645987678,0.8114110884698874,0.18096698765538508,0.12903750799868036,0.4125159642401022,0.32959078860714563,0.06184688885408394,0.05873385209951437,,,0.37,0.15,0.12,0.6,0.06,0.59,0.09,0.01,0.0,0.171,0.6720588235294118,0.5223469246345311,0.086,,0.007,,0.0,,False,96.0,99.0,96.0,88.0,93.0,91.0,91.0,92.0,94.0,high,high,high,high,high,high,high,high,high,2026-08-09
hitter,SF,DET,Grant McCray,687529,8.0,LF,Confirmed,2.07,,,,,0.51,0.3,,,,,0.5465413500744261,0.47799503395778775,0.4236856125891785,0.1863091174895053,0.4125159642401022,0.2628770080061507,0.09574728983130695,0.07860152130959183,,,0.33,0.11,0.09,0.44,0.09,0.77,0.08,0.01,0.0,0.174,0.9875776397515532,0.5960706039205782,0.084,,0.007,,0.0,,False,96.0,99.0,96.0,88.0,93.0,91.0,91.0,92.0,94.0,high,high,high,high,high,high,high,high,high,2026-08-09
hitter,SF,DET,Christian Koss,683766,9.0,3B,Confirmed,2.55,,,,,0.89,0.05,,,,,0.8938779514976467,0.8826202938082054,0.07218552241410447,0.023124838557986766,0.6434108527131783,0.4417255650688176,0.051522618130920794,0.026366359088158337,,,0.53,0.14,0.12,0.6,0.04,0.84,0.08,0.01,0.0,0.166,1.001763668430335,0.7104564030757725,0.076,,0.006,,0.0,,False,96.0,99.0,96.0,88.0,93.0,91.0,91.0,92.0,94.0,high,high,high,high,high,high,high,high,high,2026-08-09
hitter,DET,SF,Kevin McGonigle,805808,1.0,3B,Confirmed,5.14,,,,,0.73,0.53,,,,,0.658734598857604,0.7990886610509502,0.502888511080115,0.5587671176649447,1.0980834272829765,1.237546053108536,0.17024934289816784,0.1800729225299528,,,1.17,0.9,0.68,3.19,0.18,1.94,0.29,0.01,0.0,0.437,1.914285714285714,1.9680458737245452,0.293,,0.007,,0.0,,False,96.0,99.0,96.0,88.0,93.0,91.0,91.0,92.0,94.0,high,high,high,high,high,high,high,high,high,2026-08-09
hitter,DET,SF,Gleyber Torres,650402,2.0,2B,Confirmed,4.68,,,,,1.15,0.57,,,,,0.9639123033444489,1.3310136773609411,0.5527363697639622,0.5892898190111518,1.0980834272829765,1.0915943043467802,0.33082813599833777,0.3815763622334816,,,1.09,0.84,0.65,2.99,0.36,2.15,0.22,0.01,0.0,0.446,2.057017543859649,2.2274061043917293,0.216,,0.009,,0.0,,False,96.0,99.0,96.0,88.0,93.0,91.0,91.0,92.0,94.0,high,high,high,high,high,high,high,high,high,2026-08-09
hitter,DET,SF,Dillon Dingler,693307,3.0,DH,Confirmed,4.74,,,,,1.11,0.22,,,,,1.0018338878996587,1.2153390119511474,0.22448334292443223,0.22245924877771137,1.0980834272829765,1.2058728846915716,0.1710025265316882,0.19359388003286093,,,1.16,0.84,0.79,3.24,0.18,1.96,0.31,0.01,0.0,0.428,1.914285714285714,2.0007778241331065,0.31,,0.011,,0.0,,False,96.0,99.0,96.0,88.0,93.0,91.0,91.0,92.0,94.0,high,high,high,high,high,high,high,high,high,2026-08-09
hitter,DET,SF,Riley Greene,682985,4.0,LF,Confirmed,4.97,,,,,1.34,0.35,,,,,1.2327086986407165,1.4535392036508832,0.325973795726617,0.372888258913279,1.0980834272829765,1.1386020683077163,0.22360229683638183,0.2611431955633985,,,1.12,0.92,0.87,3.4,0.24,2.11,0.33,0.01,0.0,0.451,2.057017543859649,2.16079649344382,0.332,,0.009,,0.0,,False,96.0,99.0,96.0,88.0,93.0,91.0,91.0,92.0,94.0,high,high,high,high,high,high,high,high,high,2026-08-09
hitter,DET,SF,Colt Keith,690993,5.0,3B,Confirmed,3.49,,,,,0.74,0.19,,,,,0.7043385178470594,0.7824426609498956,0.1959661161424263,0.18561696600644792,0.801980198019802,0.721956884291753,0.10850246043329564,0.1000712218421171,,,0.76,0.58,0.52,2.2,0.1,1.19,0.22,0.01,0.0,0.409,1.239368165249089,1.1444800634418653,0.218,,0.011,,0.0,,False,96.0,99.0,96.0,88.0,93.0,91.0,91.0,92.0,94.0,high,high,high,high,high,high,high,high,high,2026-08-09
hitter,DET,SF,Spencer Torkelson,679529,6.0,1B,Confirmed,4.74,,,,,1.26,0.43,,,,,1.1899886225030423,1.3275750297684143,0.4203782188806998,0.4348099732479255,0.994208494208494,1.0683573163540803,0.18325174905457067,0.22242070394881985,,,1.03,0.73,0.76,2.99,0.2,1.88,0.23,0.01,0.0,0.43,1.914285714285714,1.8524983627434661,0.229,,0.009,,0.0,,False,96.0,99.0,96.0,88.0,93.0,91.0,91.0,92.0,94.0,high,high,high,high,high,high,high,high,high,2026-08-09
hitter,DET,SF,Max Clark,703601,7.0,CF,Confirmed,2.55,,,,,0.65,0.16,,,,,0.5865925719311591,0.7131779000466335,0.18018861894060467,0.14210625116779946,0.28236711787185503,0.26889732758595747,0.06392265904947651,0.07842700200520634,,,0.27,0.27,0.24,1.09,0.07,0.6,0.13,0.01,0.0,0.309,0.6720588235294118,0.5459201186405264,0.13,,0.008,,0.0,,False,96.0,99.0,96.0,88.0,93.0,91.0,91.0,92.0,94.0,high,high,high,high,high,high,high,high,high,2026-08-09
hitter,DET,SF,Eduardo Valencia,680664,8.0,C,Confirmed,3.89,,,,,0.63,0.26,,,,,0.632,,0.257,,1.098,,0.137,,,,1.1,0.5,0.45,2.05,0.14,1.91,0.2,0.01,0.0,0.356,1.914,,0.199,,0.008,,0.0,,True,40.0,44.0,40.0,32.0,37.0,35.0,35.0,36.0,38.0,low,low,low,low,low,low,low,low,low,2026-08-09
hitter,DET,SF,Zach McKinstry,656716,9.0,SS,Confirmed,4.18,,,,,0.76,0.25,,,,,0.6978695644344202,0.8201335874396195,0.261000767190679,0.24689644793485657,0.994208494208494,0.9500301940305556,0.09956266969635119,0.10967335876017234,,,0.97,0.54,0.47,2.18,0.1,1.46,0.24,0.02,0.0,0.373,1.4157766934277654,1.501092183906627,0.243,,0.021,,0.0,,False,96.0,99.0,96.0,88.0,93.0,91.0,91.0,92.0,94.0,high,high,high,high,high,high,high,high,high,2026-08-09
hitter,AZ,LAD,Geraldo Perdomo,672695,1.0,SS,Confirmed,4.18,,,,,0.44,0.39,,,,,0.4654370228055593,0.42298408718180236,0.39589287345732815,0.3765460650387197,1.0980834272829765,0.9925634006057685,0.18794533262913715,0.19310834805472246,,,1.04,0.48,0.39,1.86,0.19,1.83,0.17,0.01,0.0,0.276,1.914285714285714,1.7686694451726028,0.168,,0.01,,0.0,,False,96.0,99.0,96.0,88.0,93.0,91.0,91.0,92.0,94.0,high,high,high,high,high,high,high,high,high,2026-08-09
hitter,AZ,LAD,Corbin Carroll,682998,2.0,RF,Confirmed,4.14,,,,,0.94,0.3,,,,,0.9139323164332736,0.9629579381169059,0.3002121122299346,0.3003410585152031,1.0980834272829765,0.9986239614387481,0.331448064779955,0.38798375434361493,,,1.04,0.46,0.38,1.72,0.36,2.42,0.17,0.01,0.0,0.267,2.456692913385827,2.3953200861115396,0.172,,0.013,,0.0,,False,96.0,99.0,96.0,88.0,93.0,91.0,91.0,92.0,94.0,high,high,high,high,high,high,high,high,high,2026-08-09
hitter,AZ,LAD,Gabriel Moreno,672515,3.0,C,Confirmed,3.96,,,,,0.62,0.29,,,,,0.6094115108893353,0.6249629919302113,0.3014893922284396,0.27865635524884724,1.0980834272829765,0.9842188725096778,0.18863120592050803,0.194789249502883,,,1.04,0.44,0.41,1.74,0.19,1.78,0.18,0.01,0.0,0.271,1.914285714285714,1.6617039752854497,0.175,,0.01,,0.0,,False,96.0,99.0,96.0,88.0,93.0,91.0,91.0,92.0,94.0,high,high,high,high,high,high,high,high,high,2026-08-09
hitter,AZ,LAD,Ketel Marte,606466,4.0,DH,Confirmed,4.25,,,,,0.55,0.28,,,,,0.5589840278386784,0.5481685074004521,0.28564983098686847,0.2784544997179417,1.0980834272829765,1.0985574217424443,0.3362889726061528,0.34616984075238827,,,1.1,0.5,0.48,1.99,0.34,2.38,0.2,0.02,0.0,0.287,2.456692913385827,2.3238486219243417,0.205,,0.015,,0.0,,False,96.0,99.0,96.0,88.0,93.0,91.0,91.0,92.0,94.0,high,high,high,high,high,high,high,high,high,2026-08-09
hitter,AZ,LAD,Nolan Arenado,571448,5.0,3B,Confirmed,3.81,,,,,0.55,0.18,,,,,0.561821026413731,0.5296157210302317,0.1924162208491832,0.17545910058564157,0.994208494208494,0.9431398978787436,0.191722654834219,0.2046409306036013,,,0.97,0.4,0.38,1.57,0.2,1.77,0.15,0.01,0.0,0.251,1.914285714285714,1.650616229976722,0.153,,0.01,,0.0,,False,96.0,99.0,96.0,88.0,93.0,91.0,91.0,92.0,94.0,high,high,high,high,high,high,high,high,high,2026-08-09
hitter,AZ,LAD,Ildemaro Vargas,545121,6.0,2B,Confirmed,3.54,,,,,0.4,0.13,,,,,0.4006820463359323,0.39888718409245616,0.14645896946242062,0.12070015002852329,0.994208494208494,0.9056832519467422,0.17158450373741263,0.18418954637319832,,,0.95,0.34,0.37,1.51,0.18,1.61,0.16,0.01,0.0,0.265,1.684375,1.5431396346915025,0.164,,0.013,,0.0,,False,96.0,99.0,96.0,88.0,93.0,91.0,91.0,92.0,94.0,high,high,high,high,high,high,high,high,high,2026-08-09
hitter,AZ,LAD,Tim Tawa,694374,7.0,1B,Confirmed,2.55,,,,,0.83,0.31,,,,,0.9229170867946141,0.7342761674676963,0.36642259498976015,0.252154210416102,0.4125159642401022,0.34079250579976295,0.027408843866840064,0.01004982467182716,,,0.37,0.2,0.18,0.79,0.02,0.59,0.11,0.01,0.0,0.222,0.6720588235294118,0.5166728381169082,0.112,,0.008,,0.0,,False,96.0,99.0,96.0,88.0,93.0,91.0,91.0,92.0,94.0,high,high,high,high,high,high,high,high,high,2026-08-09
hitter,AZ,LAD,Tyler Locklear,682988,8.0,1B,Confirmed,3.81,,,,,0.78,0.23,,,,,0.7235410532519287,0.8455507755208771,0.22397685208641055,0.23709554652446702,0.6434108527131783,0.6584488531244952,0.03038829120896314,0.04535624011925735,,,0.65,0.36,0.34,1.51,0.04,0.95,0.17,0.01,0.0,0.265,0.9875776397515532,0.9111473209591227,0.172,,0.009,,0.0,,False,96.0,99.0,96.0,88.0,93.0,91.0,91.0,92.0,94.0,high,high,high,high,high,high,high,high,high,2026-08-09
hitter,AZ,LAD,Ryan Waldschmidt,814439,9.0,LF,Confirmed,4.18,,,,,1.16,0.27,,,,,1.0612525522492573,1.2615555048363345,0.273184657883214,0.26660867830348844,0.801980198019802,0.7438686784301088,0.08901753525544642,0.10610470897992608,,,0.77,0.37,0.34,1.58,0.1,1.23,0.16,0.01,0.0,0.243,1.239368165249089,1.21466404742641,0.155,,0.011,,0.0,,False,96.0,99.0,96.0,88.0,93.0,91.0,91.0,92.0,94.0,high,high,high,high,high,high,high,high,high,2026-08-09
hitter,LAD,AZ,Shohei Ohtani,660271,1.0,DH,Confirmed,4.27,,,,,0.8,0.32,,,,,0.8151739173514024,0.786313194508813,0.3462045827884118,0.29917826077872767,1.607843137254902,1.353337853288377,0.4276130616874984,0.31338252700936314,,,1.47,0.65,0.58,2.22,0.37,2.95,0.2,0.01,0.0,0.359,3.5,2.49502374021305,0.202,,0.013,,0.0,,False,96.0,99.0,96.0,88.0,93.0,91.0,91.0,92.0,94.0,high,high,high,high,high,high,high,high,high,2026-08-09
hitter,LAD,AZ,Andy Pages,681624,2.0,CF,Confirmed,4.18,,,,,0.58,0.15,,,,,0.5803964324770293,0.5830010215052756,0.1597845176430761,0.13181119687823006,1.4947368421052631,1.2982170507007038,0.1609536334775229,0.14814278392051683,,,1.39,0.46,0.39,1.73,0.15,2.0,0.17,0.01,0.0,0.265,2.057017543859649,1.9589634953964223,0.169,,0.008,,0.0,,False,96.0,99.0,96.0,88.0,93.0,91.0,91.0,92.0,94.0,high,high,high,high,high,high,high,high,high,2026-08-09
hitter,LAD,AZ,Freddie Freeman,518692,3.0,1B,Confirmed,4.26,,,,,0.53,0.2,,,,,0.5440404496637073,0.5145522087023666,0.21020698013055095,0.19938407677510395,1.607843137254902,1.3469220174852208,0.18306604889076816,0.16191177600524403,,,1.46,0.53,0.5,2.03,0.17,2.25,0.17,0.01,0.0,0.295,2.456692913385827,2.085165679108418,0.173,,0.013,,0.0,,False,96.0,99.0,96.0,88.0,93.0,91.0,91.0,92.0,94.0,high,high,high,high,high,high,high,high,high,2026-08-09
hitter,LAD,AZ,Tommy Edman,669242,4.0,2B,Confirmed,3.58,,,,,0.48,0.11,,,,,0.5057419527572579,0.45247337211302496,0.12942774775073973,0.0858610630880729,1.4947368421052631,1.0222557418896459,0.11458180031804296,0.10301151236155132,,,1.23,0.39,0.37,1.57,0.11,1.8,0.17,0.01,0.0,0.266,2.057017543859649,1.5813254685604134,0.168,,0.007,,0.0,,False,96.0,99.0,96.0,88.0,93.0,91.0,91.0,92.0,94.0,high,high,high,high,high,high,high,high,high,2026-08-09
hitter,LAD,AZ,Mookie Betts,605141,5.0,SS,Confirmed,4.25,,,,,0.31,0.16,,,,,0.33864527567184877,0.2769808919016038,0.17098411122524748,0.15734887194138603,1.607843137254902,1.3040906303376079,0.17812022391975416,0.15542175299951105,,,1.44,0.53,0.51,2.03,0.17,1.97,0.16,0.01,0.0,0.292,2.057017543859649,1.8924826060465714,0.156,,0.01,,0.0,,False,96.0,99.0,96.0,88.0,93.0,91.0,91.0,92.0,94.0,high,high,high,high,high,high,high,high,high,2026-08-09
hitter,LAD,AZ,Kyle Tucker,663656,6.0,RF,Confirmed,4.14,,,,,0.5,0.22,,,,,0.5424676118140322,0.46421983263140293,0.229269603340557,0.20554869004247567,1.5,1.1987217448238212,0.14092397986288108,0.13200213429682262,,,1.33,0.41,0.44,1.72,0.14,1.91,0.16,0.01,0.0,0.273,2.057017543859649,1.7905232228385772,0.158,,0.007,,0.0,,False,96.0,99.0,96.0,88.0,93.0,91.0,91.0,92.0,94.0,high,high,high,high,high,high,high,high,high,2026-08-09
hitter,LAD,AZ,Teoscar Hernández,606192,7.0,LF,Confirmed,4.04,,,,,0.72,0.13,,,,,0.6930731675147362,0.7512652244684165,0.1457528935062955,0.10549856438155762,1.607843137254902,1.3375717467672292,0.19701632946939093,0.18344394651488946,,,1.46,0.46,0.45,1.91,0.19,2.23,0.22,0.01,0.0,0.311,2.456692913385827,2.039714418153774,0.224,,0.007,,0.0,,False,96.0,99.0,96.0,88.0,93.0,91.0,91.0,92.0,94.0,high,high,high,high,high,high,high,high,high,2026-08-09
hitter,LAD,AZ,Enrique Hernández,571771,8.0,3B,Confirmed,2.77,,,,,0.76,0.1,,,,,0.7794378277718642,0.7314251119715341,0.11244563124859741,0.08378006681409157,0.8694581280788177,0.6626332366362583,0.25273906891697,0.1855953049271904,,,0.76,0.24,0.23,0.95,0.22,1.3,0.12,0.01,0.0,0.235,1.3893129770992367,1.2334576839421523,0.116,,0.007,,0.0,,False,96.0,99.0,96.0,88.0,93.0,91.0,91.0,92.0,94.0,high,high,high,high,high,high,high,high,high,2026-08-09
hitter,LAD,AZ,Ben Rortvedt,666163,9.0,C,Confirmed,2.07,,,,,0.54,0.09,,,,,0.583824189430827,0.4944483593015126,0.10968556230706736,0.07308584247023409,0.2543859649122807,0.2133930172700381,0.013511067443624018,0.004299437067981193,,,0.23,0.15,0.13,0.64,0.01,0.32,0.11,0.01,0.0,0.209,0.3888888888888889,0.26503041232508573,0.105,,0.01,,0.0,,False,96.0,99.0,96.0,88.0,93.0,91.0,91.0,92.0,94.0,high,high,high,high,high,high,high,high,high,2026-08-09
hitter,SEA,TB,Taylor Ward,621493,1.0,RF,Confirmed,4.18,,,,,0.91,0.46,,,,,0.8911711393881369,0.9219759189723298,0.44276109896511784,0.47410309667714745,0.8694581280788177,0.7694190162038662,0.03571337998923993,0.018824061898945164,,,0.81,0.37,0.29,1.24,0.03,1.18,0.1,0.01,0.0,0.221,1.239368165249089,1.1372116579771179,0.102,,0.006,,0.0,,False,96.0,99.0,96.0,88.0,93.0,91.0,91.0,92.0,94.0,high,high,high,high,high,high,high,high,high,2026-08-09
hitter,SEA,TB,Cole Young,702284,2.0,2B,Confirmed,3.74,,,,,0.84,0.28,,,,,0.8378577188229182,0.8441591483327493,0.27177129912930864,0.2800522563321258,0.5290322580645161,0.537619543821374,0.12133310322053725,0.11424346044276382,,,0.53,0.35,0.28,1.22,0.12,1.07,0.12,0.01,0.0,0.228,1.1238670694864048,1.0296637969746327,0.119,,0.007,,0.0,,False,96.0,99.0,96.0,88.0,93.0,91.0,91.0,92.0,94.0,high,high,high,high,high,high,high,high,high,2026-08-09
hitter,SEA,TB,Randy Arozarena,668227,3.0,LF,Confirmed,4.18,,,,,1.32,0.42,,,,,1.317774350600754,1.325901780447734,0.4107342883446645,0.427452849797902,0.6434108527131783,0.6013797175736441,0.1379324886637333,0.16767381045718519,,,0.62,0.38,0.34,1.37,0.15,1.18,0.11,0.01,0.0,0.228,1.1521739130434783,1.2022907855301195,0.115,,0.008,,0.0,,False,96.0,99.0,96.0,88.0,93.0,91.0,91.0,92.0,94.0,high,high,high,high,high,high,high,high,high,2026-08-09
hitter,SEA,TB,Dominic Canzone,686527,4.0,DH,Confirmed,3.49,,,,,0.77,0.36,,,,,0.7828627283673248,0.7599144429521295,0.38306720792075377,0.3323141570417211,0.8770949720670391,0.7175825243721682,0.18050275277797767,0.16481442589334347,,,0.79,0.27,0.25,0.94,0.17,1.48,0.08,0.01,0.0,0.195,1.5956790123456794,1.390582176631958,0.084,,0.007,,0.0,,False,96.0,99.0,96.0,88.0,93.0,91.0,91.0,92.0,94.0,high,high,high,high,high,high,high,high,high,2026-08-09
hitter,SEA,TB,Julio Rodríguez,677594,5.0,CF,Confirmed,3.96,,,,,1.0,0.48,,,,,1.0047487063707403,0.9900639785004308,0.5000617935723044,0.46540273729623827,0.4125159642401022,0.4692605411911828,0.0422309995772091,0.0293320611409936,,,0.44,0.4,0.38,1.43,0.04,0.71,0.11,0.01,0.0,0.245,0.6720588235294118,0.7399729164643727,0.109,,0.007,,0.0,,False,96.0,99.0,96.0,88.0,93.0,91.0,91.0,92.0,94.0,high,high,high,high,high,high,high,high,high,2026-08-09
hitter,SEA,TB,Josh Naylor,647304,6.0,1B,Confirmed,4.08,,,,,0.72,0.33,,,,,0.7256571069826935,0.7203707990823779,0.3380816259597199,0.32988182878102423,0.7061469265367316,0.6445966939803722,0.11176424058122852,0.1425255002572971,,,0.67,0.35,0.36,1.42,0.13,1.18,0.13,0.01,0.0,0.244,1.1521739130434783,1.2088618442039873,0.128,,0.007,,0.0,,False,96.0,99.0,96.0,88.0,93.0,91.0,91.0,92.0,94.0,high,high,high,high,high,high,high,high,high,2026-08-09
hitter,SEA,TB,Cal Raleigh,663728,7.0,C,Confirmed,3.96,,,,,1.44,0.53,,,,,1.5053003689968236,1.374484174371905,0.5577059670885903,0.504252009419314,0.6434108527131783,0.5817323320657685,0.3024834273627716,0.24259282905069765,,,0.61,0.44,0.42,1.57,0.27,1.36,0.12,0.01,0.0,0.311,1.3893129770992367,1.3404616724378637,0.118,,0.008,,0.0,,False,96.0,99.0,96.0,88.0,93.0,91.0,91.0,92.0,94.0,high,high,high,high,high,high,high,high,high,2026-08-09
hitter,SEA,TB,Weston Wilson,642215,8.0,3B,Confirmed,2.55,,,,,0.6,0.24,,,,,0.5995018516984367,0.5992700277097723,0.278496203488501,0.20211475999998954,0.5846774193548387,0.39810781274920537,0.10209202553712993,0.08720230650205468,,,0.48,0.17,0.15,0.66,0.09,0.82,0.07,0.01,0.0,0.187,0.9875776397515532,0.6831823129077392,0.068,,0.006,,0.0,,False,96.0,99.0,96.0,88.0,93.0,91.0,91.0,92.0,94.0,high,high,high,high,high,high,high,high,high,2026-08-09
hitter,SEA,TB,Colt Emerson,806068,9.0,SS,Confirmed,3.09,,,,,1.18,0.26,,,,,1.2325726090346103,1.121231285096757,0.26616966999936853,0.24839141767081288,0.3344051446945337,0.33393139188957105,0.07596397005648783,0.06940149294624456,,,0.33,0.2,0.17,0.72,0.07,0.63,0.09,0.01,0.0,0.186,0.6720588235294118,0.5887810170810791,0.091,,0.007,,0.0,,False,96.0,99.0,96.0,88.0,93.0,91.0,91.0,92.0,94.0,high,high,high,high,high,high,high,high,high,2026-08-09
hitter,TB,SEA,Yandy Díaz,650490,1.0,DH,Confirmed,3.96,,,,,0.79,0.13,,,,,0.8163259818807056,0.7613547208970726,0.09451941135023798,0.1591387079627731,0.6434108527131783,0.6236105172804713,0.025913469561509722,0.026422419979239987,,,0.63,0.26,0.15,0.82,0.03,0.81,0.1,0.01,0.0,0.179,0.7899761336515513,0.8225962223912511,0.096,,0.007,,0.0,,False,96.0,99.0,96.0,88.0,93.0,91.0,91.0,92.0,94.0,high,high,high,high,high,high,high,high,high,2026-08-09
hitter,TB,SEA,Jonathan Aranda,666018,2.0,1B,Confirmed,3.96,,,,,1.16,0.12,,,,,1.1514157247723407,1.1716517182428272,0.09406702969934905,0.1372623967205008,0.5846774193548387,0.6130529736163723,0.029461428062774717,0.03764534576535972,,,0.6,0.26,0.15,0.83,0.03,0.79,0.1,0.01,0.0,0.184,0.7899761336515513,0.7871312039497698,0.101,,0.007,,0.0,,False,96.0,99.0,96.0,88.0,93.0,91.0,91.0,92.0,94.0,high,high,high,high,high,high,high,high,high,2026-08-09
hitter,TB,SEA,Chandler Simpson,802415,3.0,LF,Confirmed,3.49,,,,,0.5,0.08,,,,,0.4650838817031473,0.5390031757264332,0.07023025496311722,0.08279737280755825,0.6434108527131783,0.641682668070245,0.01254821776317543,0.0,,,0.64,0.21,0.16,0.79,0.01,0.68,0.1,0.01,0.0,0.163,0.6720588235294118,0.6793664286051907,0.1,,0.011,,0.0,,False,96.0,99.0,96.0,88.0,93.0,91.0,91.0,92.0,94.0,high,high,high,high,high,high,high,high,high,2026-08-09
hitter,TB,SEA,Junior Caminero,691406,4.0,3B,Confirmed,3.96,,,,,1.01,0.12,,,,,1.0535549839038802,0.9644531420837136,0.09265014608475602,0.15347729744332617,0.5290322580645161,0.4718267285547482,0.04071722300093353,0.042610875245116246,,,0.5,0.28,0.19,0.88,0.04,0.74,0.11,0.01,0.0,0.194,0.7899761336515513,0.6912025802690628,0.108,,0.007,,0.0,,False,96.0,99.0,96.0,88.0,93.0,91.0,91.0,92.0,94.0,high,high,high,high,high,high,high,high,high,2026-08-09
hitter,TB,SEA,Liam Hicks,689414,5.0,C,Confirmed,4.08,,,,,0.31,0.48,,,,,0.36053174058221615,0.2556310798825612,0.49396294568047305,0.4598562203572884,1.1702127659574468,1.010293568228103,0.11352601850629554,0.09116071918860034,,,1.08,0.25,0.17,0.83,0.1,1.71,0.09,0.01,0.0,0.171,1.914285714285714,1.5455654247557726,0.087,,0.009,,0.0,,False,96.0,99.0,96.0,88.0,93.0,91.0,91.0,92.0,94.0,high,high,high,high,high,high,high,high,high,2026-08-09
hitter,TB,SEA,Victor Mesa Jr.,683748,6.0,RF,Confirmed,3.74,,,,,1.03,0.27,,,,,0.9835276777409762,1.0862495481774161,0.2800195908791545,0.2649462051424603,0.4125159642401022,0.46728877206192976,0.02773692377009332,0.03265504462377605,,,0.44,0.19,0.15,0.7,0.03,0.7,0.09,0.01,0.0,0.165,0.6720588235294118,0.7196252282295578,0.085,,0.007,,0.0,,False,96.0,99.0,96.0,88.0,93.0,91.0,91.0,92.0,94.0,high,high,high,high,high,high,high,high,high,2026-08-09
hitter,TB,SEA,Cedric Mullins,656775,7.0,CF,Confirmed,3.48,,,,,1.04,0.08,,,,,1.0392319337089901,1.0321612717411601,0.06805869058061995,0.08329437122196023,0.4125159642401022,0.4159191649566294,0.02787569167848752,0.024976279093012668,,,0.41,0.18,0.13,0.64,0.03,0.63,0.08,0.01,0.0,0.164,0.6720588235294118,0.6003548225655281,0.085,,0.007,,0.0,,False,96.0,99.0,96.0,88.0,93.0,91.0,91.0,92.0,94.0,high,high,high,high,high,high,high,high,high,2026-08-09
hitter,TB,SEA,Richie Palacios,680700,8.0,2B,Confirmed,3.02,,,,,0.72,0.08,,,,,0.7301318144789886,0.701486658054162,0.06962392741330033,0.09474970099699198,0.4125159642401022,0.3966507062441708,0.019953567907384336,0.020689366338632175,,,0.4,0.17,0.12,0.63,0.02,0.54,0.08,0.01,0.0,0.175,0.5302013422818792,0.5524671791672754,0.08,,0.009,,0.0,,False,96.0,99.0,96.0,88.0,93.0,91.0,91.0,92.0,94.0,high,high,high,high,high,high,high,high,high,2026-08-09
hitter,TB,SEA,Taylor Walls,670764,9.0,SS,Confirmed,3.1,,,,,0.88,0.09,,,,,0.8648211702536188,0.8915126573392701,0.08716691989524385,0.08602018214782042,0.4125159642401022,0.4474494140484177,0.019347643880515457,0.013689237935789727,,,0.43,0.18,0.13,0.66,0.02,0.59,0.08,0.01,0.0,0.183,0.6289308176100628,0.5506986242773607,0.083,,0.008,,0.0,,False,96.0,99.0,96.0,88.0,93.0,91.0,91.0,92.0,94.0,high,high,high,high,high,high,high,high,high,2026-08-09
hitter,SD,HOU,Fernando Tatis Jr.,665487,1.0,RF,Confirmed,4.39,,,,,1.13,0.2,,,,,1.1580787836026443,1.1103794656577697,0.2096110947045667,0.18881654104609746,0.994208494208494,1.024767864433605,0.06420382161539373,0.07514261558163324,,,1.01,0.53,0.39,2.02,0.07,1.39,0.23,0.01,0.0,0.308,1.3148148148148149,1.4459887690499849,0.233,,0.012,,0.0,,False,96.0,99.0,96.0,88.0,93.0,91.0,91.0,92.0,94.0,high,high,high,high,high,high,high,high,high,2026-08-09
hitter,SD,HOU,Jake Cronenworth,630105,2.0,2B,Confirmed,3.33,,,,,0.97,0.15,,,,,0.9492958734110223,0.9992766621811694,0.16399980949811957,0.1360547110999502,0.5846774193548387,0.5742855597810511,0.031193303540728447,0.015391775644367937,,,0.58,0.39,0.28,1.47,0.02,0.81,0.18,0.01,0.0,0.302,0.7899761336515513,0.8230626739154349,0.177,,0.009,,0.0,,False,96.0,99.0,96.0,88.0,93.0,91.0,91.0,92.0,94.0,high,high,high,high,high,high,high,high,high,2026-08-09
hitter,SD,HOU,Manny Machado,592518,3.0,3B,Confirmed,4.25,,,,,1.23,0.2,,,,,1.1936814495105244,1.2737442156405212,0.1982533018425123,0.19705993658448573,0.801980198019802,0.8895425324635551,0.0611423083000678,0.04392186447264756,,,0.85,0.49,0.41,1.89,0.05,1.3,0.2,0.01,0.0,0.295,1.239368165249089,1.356028611978001,0.201,,0.014,,0.0,,False,96.0,99.0,96.0,88.0,93.0,91.0,91.0,92.0,94.0,high,high,high,high,high,high,high,high,high,2026-08-09
hitter,SD,HOU,Ty France,664034,4.0,1B,Confirmed,3.96,,,,,0.97,0.09,,,,,0.9054100856986564,1.0297310617632875,0.10546557554363402,0.07036727696859445,0.7715355805243446,0.7820721480910582,0.043068844928509896,0.04336480166918919,,,0.78,0.45,0.4,1.85,0.04,1.03,0.17,0.01,0.0,0.28,1.001763668430335,1.060396459160663,0.165,,0.009,,0.0,,False,96.0,99.0,96.0,88.0,93.0,91.0,91.0,92.0,94.0,high,high,high,high,high,high,high,high,high,2026-08-09
hitter,SD,HOU,Jackson Merrill,701538,5.0,CF,Confirmed,4.14,,,,,1.28,0.1,,,,,1.2405964369767157,1.3242876484649406,0.10961262933363164,0.09429708765173203,0.7715355805243446,0.8265477689369639,0.05091075836884611,0.060707186111630604,,,0.8,0.46,0.41,1.86,0.06,1.26,0.22,0.02,0.0,0.277,1.239368165249089,1.2702861881634195,0.217,,0.018,,0.0,,False,96.0,99.0,96.0,88.0,93.0,91.0,91.0,92.0,94.0,high,high,high,high,high,high,high,high,high,2026-08-09
hitter,SD,HOU,Luis Rengifo,650859,6.0,LF,Confirmed,2.55,,,,,0.44,0.12,,,,,0.48434262389262805,0.3990023979502893,0.14803048334346552,0.08728388726400911,0.7061469265367316,0.5211931293991692,0.06905316312512333,0.057401320699215753,,,0.6,0.26,0.25,1.16,0.06,1.0,0.11,0.01,0.0,0.297,1.239368165249089,0.7952966713790504,0.112,,0.01,,0.0,,False,96.0,99.0,96.0,88.0,93.0,91.0,91.0,92.0,94.0,high,high,high,high,high,high,high,high,high,2026-08-09
hitter,SD,HOU,Gavin Sheets,657757,7.0,DH,Confirmed,3.74,,,,,0.98,0.14,,,,,0.9744589304445243,0.994804617561414,0.14897710344606088,0.13013263423825944,0.7061469265367316,0.6686855652487598,0.04279465407504049,0.023594196423015672,,,0.69,0.37,0.31,1.55,0.03,0.98,0.18,0.01,0.0,0.284,0.9875776397515532,0.9774628904283557,0.179,,0.011,,0.0,,False,96.0,99.0,96.0,88.0,93.0,91.0,91.0,92.0,94.0,high,high,high,high,high,high,high,high,high,2026-08-09
hitter,SD,HOU,Xander Bogaerts,593428,8.0,SS,Confirmed,4.25,,,,,0.87,0.54,,,,,0.8266503208275235,0.9089043385729813,0.5454412180051653,0.537341634120761,0.7061469265367316,0.7273579646980907,0.03149758083086934,0.032155609887380775,,,0.72,0.42,0.34,1.76,0.03,0.98,0.19,0.01,0.0,0.288,1.001763668430335,0.9612926643552665,0.195,,0.013,,0.0,,False,96.0,99.0,96.0,88.0,93.0,91.0,91.0,92.0,94.0,high,high,high,high,high,high,high,high,high,2026-08-09
hitter,SD,HOU,Freddy Fermin,666023,9.0,C,Confirmed,3.1,,,,,0.55,0.24,,,,,0.6161881258321967,0.48875664519518786,0.2510614548007734,0.21963670289858792,0.994208494208494,0.7062256404129966,0.15745598866138413,0.155970317798267,,,0.84,0.35,0.3,1.52,0.16,1.63,0.17,0.01,0.0,0.318,1.914285714285714,1.3911152451212971,0.175,,0.01,,0.0,,False,96.0,99.0,96.0,88.0,93.0,91.0,91.0,92.0,94.0,high,high,high,high,high,high,high,high,high,2026-08-09
hitter,HOU,SD,Jeremy Peña,665161,1.0,SS,Confirmed,4.61,,,,,1.33,0.45,,,,,1.2498292027163476,1.4161966728578643,0.4270582640525181,0.47872311187210076,0.6434108527131783,0.6544288155629401,0.042866280712771085,0.04751698134674215,,,0.65,0.75,0.6,2.84,0.05,0.88,0.26,0.01,0.0,0.394,0.8408408408408409,0.9164708859875392,0.258,,0.01,,0.0,,False,96.0,99.0,96.0,88.0,93.0,91.0,91.0,92.0,94.0,high,high,high,high,high,high,high,high,high,2026-08-09
hitter,HOU,SD,Yordan Alvarez,670541,2.0,DH,Confirmed,4.74,,,,,0.65,0.62,,,,,0.6281821014390031,0.6665232683862158,0.6190841086856809,0.6166591476522975,1.1391752577319587,1.2548357867357802,0.42289415054131935,0.4324569853326932,,,1.2,0.91,0.73,3.14,0.43,2.8,0.26,0.01,0.0,0.474,2.75,2.843467457909774,0.264,,0.01,,0.0,,False,96.0,99.0,96.0,88.0,93.0,91.0,91.0,92.0,94.0,high,high,high,high,high,high,high,high,high,2026-08-09
hitter,HOU,SD,Isaac Paredes,670623,3.0,3B,Confirmed,4.68,,,,,0.53,0.35,,,,,0.529481337320912,0.5382914769884052,0.3255486931124072,0.365793384596681,1.0980834272829765,1.1926280517842784,0.2524692706070067,0.23395528588489642,,,1.15,0.75,0.68,2.93,0.24,2.11,0.24,0.01,0.0,0.391,2.057017543859649,2.1550767010383467,0.239,,0.009,,0.0,,False,96.0,99.0,96.0,88.0,93.0,91.0,91.0,92.0,94.0,high,high,high,high,high,high,high,high,high,2026-08-09
hitter,HOU,SD,Jose Altuve,514888,4.0,2B,Confirmed,4.68,,,,,0.6,0.35,,,,,0.5668786214346867,0.6236362774269927,0.3480579089134981,0.35277316433756867,1.0980834272829765,1.2498079226466479,0.16386597270025413,0.20354030965982303,,,1.18,0.71,0.62,2.83,0.18,1.96,0.26,0.01,0.0,0.377,1.914285714285714,1.9968731465071174,0.261,,0.009,,0.0,,False,96.0,99.0,96.0,88.0,93.0,91.0,91.0,92.0,94.0,high,high,high,high,high,high,high,high,high,2026-08-09
hitter,HOU,SD,Taylor Trammell,666211,5.0,RF,Confirmed,3.48,,,,,1.37,0.16,,,,,1.2385656296736565,1.5021534892675548,0.1742927117753812,0.1487038217197812,0.4125159642401022,0.453913280477072,0.17960709823900928,0.18932450121535668,,,0.44,0.45,0.41,1.67,0.18,0.97,0.17,0.01,0.0,0.326,1.001763668430335,0.9354250144756081,0.173,,0.011,,0.0,,False,96.0,99.0,96.0,88.0,93.0,91.0,91.0,92.0,94.0,high,high,high,high,high,high,high,high,high,2026-08-09
hitter,HOU,SD,Christian Walker,572233,6.0,1B,Confirmed,4.57,,,,,0.86,0.3,,,,,0.761479141210864,0.9560184073936845,0.29679839871516,0.2947616925222576,1.0980834272829765,1.2409662153995782,0.3324258681703056,0.34158950693847795,,,1.18,0.68,0.73,2.9,0.34,2.39,0.28,0.01,0.0,0.409,2.456692913385827,2.3431211868497814,0.276,,0.009,,0.0,,False,96.0,99.0,96.0,88.0,93.0,91.0,91.0,92.0,94.0,high,high,high,high,high,high,high,high,high,2026-08-09
hitter,HOU,SD,Daulton Varsho,662139,7.0,CF,Confirmed,4.18,,,,,0.89,0.2,,,,,0.7859840932834947,0.9951125281048311,0.19467500161763143,0.21240949754327368,0.35424354243542433,0.4020437090662057,0.13020406528708633,0.1405842750825459,,,0.38,0.55,0.54,2.19,0.14,0.9,0.2,0.01,0.0,0.363,0.7899761336515513,0.9990751871854228,0.204,,0.01,,0.0,,False,96.0,99.0,96.0,88.0,93.0,91.0,91.0,92.0,94.0,high,high,high,high,high,high,high,high,high,2026-08-09
hitter,HOU,SD,Yainer Diaz,673237,8.0,C,Confirmed,4.51,,,,,0.55,0.21,,,,,0.5301203998928693,0.5717708042816152,0.1923709495695367,0.22172977265761504,1.0980834272829765,1.2497523639321677,0.21142509213623653,0.23001011785357817,,,1.18,0.52,0.49,2.17,0.22,2.1,0.25,0.01,0.0,0.317,2.057017543859649,2.1334249049157115,0.246,,0.01,,0.0,,False,96.0,99.0,96.0,88.0,93.0,91.0,91.0,92.0,94.0,high,high,high,high,high,high,high,high,high,2026-08-09
hitter,HOU,SD,LaMonte Wade Jr.,664774,9.0,LF,Confirmed,3.48,,,,,0.65,0.27,,,,,0.5963911505200588,0.6990274653435096,0.3061769418277278,0.24346577650708537,0.801980198019802,0.7114240133523524,0.1222590447613712,0.13702178656934189,,,0.75,0.4,0.35,1.62,0.13,1.26,0.17,0.01,0.0,0.331,1.3148148148148149,1.220193073030954,0.174,,0.013,,0.0,,False,96.0,99.0,96.0,88.0,93.0,91.0,91.0,92.0,94.0,high,high,high,high,high,high,high,high,high,2026-08-09
