player_type,team,opponent,player_name,mlb_id,lineup_spot,pos,lineup_status,proj_pa,proj_ip,proj_outs,proj_runs_allowed,proj_hits_allowed,proj_strikeouts,proj_walks,proj_hr_allowed,proj_er_model,proj_fip,proj_war_contribution,direct_K,rate_K,direct_BB,rate_BB,direct_H,rate_H,direct_HR,rate_HR,direct_R,rate_R,proj_hits,proj_runs,proj_rbi,proj_hrrbi,proj_hr,proj_tb,proj_2b,proj_3b,proj_sb,proj_woba,direct_TB,rate_TB,direct_2B,rate_2B,direct_3B,rate_3B,direct_SB,rate_SB,used_fallback,confidence_score,proj_pa_confidence_score,proj_hits_confidence_score,proj_hr_confidence_score,proj_strikeouts_confidence_score,proj_runs_confidence_score,proj_rbi_confidence_score,proj_hrrbi_confidence_score,proj_walks_confidence_score,confidence,proj_pa_confidence,proj_hits_confidence,proj_hr_confidence,proj_strikeouts_confidence,proj_runs_confidence,proj_rbi_confidence,proj_hrrbi_confidence,proj_walks_confidence,game_date
pitcher,CIN,DET,Andrew Abbott,671096,,,,,4.79,14.0,2.52,4.93,4.59,1.63,0.61,2.43,4.12,0.057,4.676567656765677,4.497510524090055,1.610062893081761,1.6812829944533958,4.879746835443039,5.152155509786922,0.625,0.5661210675823506,2.432,,,,,,,,,,,,,,,,,,,,,,,,,,,,,,,,,,,,,,,2026-04-24
pitcher,DET,CIN,Framber Valdez,664285,,,,,5.59,17.0,2.63,5.21,5.38,1.93,0.53,2.28,3.75,0.13,5.275,5.4925247088434155,1.890295358649789,2.038623099654568,5.093457943925234,5.670126378665604,0.5409836065573771,0.5140159409027215,2.28,,,,,,,,,,,,,,,,,,,,,,,,,,,,,,,,,,,,,,,2026-04-24
pitcher,BAL,BOS,Brandon Young,687064,,,,,4.79,14.0,2.68,5.28,3.83,1.81,0.68,2.48,4.6,0.051,3.8412698412698414,3.8257426697625427,1.836734693877551,1.7468702410277968,5.3076923076923075,5.152155509786922,0.625,0.8243081650798851,2.481,,,,,,,,,,,,,,,,,,,,,,,,,,,,,,,,,,,,,,,2026-04-24
pitcher,BOS,BAL,Brayan Bello,678394,,,,,4.79,14.0,2.76,4.93,4.52,1.93,0.89,2.43,5.01,0.057,4.5344827586206895,4.497510524090055,1.890295358649789,2.041382631246275,4.879746835443039,5.152155509786922,0.869281045751634,0.9510542321979162,2.432,,,,,,,,,,,,,,,,,,,,,,,,,,,,,,,,,,,,,,,2026-04-24
pitcher,TOR,CLE,Max Scherzer,453286,,,,,4.61,14.0,2.48,4.73,4.43,1.68,0.7,2.28,4.32,0.061,4.5344827586206895,4.328501777882078,1.610062893081761,1.887057725686575,4.666666666666667,4.95854632570307,0.6666666666666666,0.7933320753691587,2.28,,,,,,,,,,,,,,,,,,,,,,,,,,,,,,,,,,,,,,,2026-04-24
pitcher,CLE,TOR,Gavin Williams,668909,,,,,5.21,16.0,2.62,4.11,6.85,2.45,0.8,2.21,4.01,0.111,6.649122807017544,7.047496679501248,2.4,2.619514821485557,4.111111111111111,4.091824662240782,0.7580645161290323,0.8965857077382466,2.212,,,,,,,,,,,,,,,,,,,,,,,,,,,,,,,,,,,,,,,2026-04-24
pitcher,NYM,COL,Freddy Peralta,642547,,,,,4.79,14.0,2.58,4.39,5.78,2.35,0.8,2.21,4.26,0.081,6.017094017094017,5.545235572368783,2.3333333333333335,2.408344720713209,4.326530612244898,4.62755356150739,0.7948717948717948,0.8243081650798851,2.212,,,,,,,,,,,,,,,,,,,,,,,,,,,,,,,,,,,,,,,2026-04-24
pitcher,COL,NYM,Michael Lorenzen,547179,,,,,4.79,14.0,3.11,5.83,4.59,1.64,1.09,3.08,5.52,-0.01,4.676567656765677,4.497510524090055,1.610062893081761,1.731774340413035,5.68,6.419312397160026,1.1428571428571428,0.9510542321979162,3.075,,,,,,,,,,,,,,,,,,,,,,,,,,,,,,,,,,,,,,,2026-04-24
pitcher,TB,MIN,Drew Rasmussen,656876,,,,,4.61,14.0,2.11,3.83,4.9,1.61,0.57,2.21,4.14,0.069,4.676567656765677,5.1309150736938225,1.610062893081761,1.6181032577098442,3.68,4.453658020573918,0.547945205479452,0.6112330318393252,2.212,,,,,,,,,,,,,,,,,,,,,,,,,,,,,,,,,,,,,,,2026-04-24
pitcher,MIN,TB,Taj Bradley,671737,,,,,4.79,14.0,2.57,4.39,5.11,1.93,0.87,2.21,4.96,0.081,4.676567656765677,5.545235572368783,1.890295358649789,2.041382631246275,4.326530612244898,4.62755356150739,0.869281045751634,0.8726985188581348,2.212,,,,,,,,,,,,,,,,,,,,,,,,,,,,,,,,,,,,,,,2026-04-24
pitcher,ATL,PHI,Grant Holmes,656550,,,,,4.79,14.0,2.59,4.57,4.78,2.22,0.71,2.28,4.58,0.073,4.676567656765677,4.882964964028157,2.163265306122449,2.408344720713209,4.500000000000001,4.858659276173211,0.6666666666666666,0.8243081650798851,2.28,,,,,,,,,,,,,,,,,,,,,,,,,,,,,,,,,,,,,,,2026-04-24
pitcher,PHI,ATL,Andrew Painter,691725,,,,,4.79,14.0,2.45,4.76,4.59,1.72,0.68,2.21,4.12,0.081,4.676567656765677,4.497510524090055,1.610062893081761,2.041382631246275,4.666666666666667,5.152155509786922,0.625,0.8243081650798851,2.212,,,,,,,,,,,,,,,,,,,,,,,,,,,,,,,,,,,,,,,2026-04-24
pitcher,KC,LAA,Noah Cameron,702070,,,,,5.13,15.0,2.78,5.01,4.75,1.96,0.96,2.43,4.96,0.08,4.676567656765677,4.816749266927345,1.890295358649789,2.18628244223244,4.879746835443039,5.51786174638975,0.9130434782608695,1.0742368402833866,2.432,,,,,,,,,,,,,,,,,,,,,,,,,,,,,,,,,,,,,,,2026-04-24
pitcher,LAA,KC,Yusei Kikuchi,579328,,,,,4.79,14.0,2.43,4.51,4.59,1.93,0.55,2.21,4.06,0.081,4.676567656765677,4.497510524090055,1.890295358649789,2.041382631246275,4.486486486486487,4.62755356150739,0.5409836065573771,0.5661210675823506,2.212,,,,,,,,,,,,,,,,,,,,,,,,,,,,,,,,,,,,,,,2026-04-24
pitcher,MIL,PIT,Brandon Woodruff,605540,,,,,4.79,14.0,2.18,4.53,5.67,1.28,0.51,1.79,3.12,0.13,6.017094017094017,5.331254490887942,1.2772277227722773,1.2824725226957707,4.500000000000001,4.62755356150739,0.5409836065573771,0.44045373111342334,1.789,,,,,,,,,,,,,,,,,,,,,,,,,,,,,,,,,,,,,,,2026-04-24
pitcher,PIT,MIL,Paul Skenes,694973,,,,,5.21,16.0,2.22,4.63,6.34,1.31,0.48,1.79,2.75,0.162,6.649122807017544,6.031456645520117,1.2772277227722773,1.3949231405521847,4.525423728813561,5.0333098236854905,0.4827586206896552,0.47907389125280486,1.789,,,,,,,,,,,,,,,,,,,,,,,,,,,,,,,,,,,,,,,2026-04-24
pitcher,TEX,ATH,Nathan Eovaldi,543135,,,,,5.59,17.0,2.65,5.04,6.12,1.33,0.9,2.21,3.92,0.138,6.017094017094017,6.22165190063958,1.2772277227722773,1.496664175755607,4.879746835443039,5.670126378665604,0.869281045751634,0.9619796749053355,2.212,,,,,,,,,,,,,,,,,,,,,,,,,,,,,,,,,,,,,,,2026-04-24
pitcher,ATH,TEX,Luis Severino,622663,,,,,5.13,15.0,2.78,5.01,4.75,1.89,0.92,2.48,4.96,0.074,4.676567656765677,4.816749266927345,1.890295358649789,1.8961543655408746,4.879746835443039,5.51786174638975,0.9130434782608695,0.934643716438879,2.481,,,,,,,,,,,,,,,,,,,,,,,,,,,,,,,,,,,,,,,2026-04-24
pitcher,HOU,NYY,Lance McCullers Jr.,621121,,,,,4.58,14.0,2.2,3.86,4.3,1.99,0.62,1.79,4.4,0.115,3.9257384314750854,4.668889255793102,1.890295358649789,2.302759670327035,3.6666666666666665,4.645649161768958,0.547945205479452,0.7881693937507044,1.789,,,,,,,,,,,,,,,,,,,,,,,,,,,,,,,,,,,,,,,2026-04-24
pitcher,NYY,HOU,Will Warren,701542,,,,,4.79,14.0,2.43,4.4,4.59,1.92,0.55,2.21,4.08,0.081,4.676567656765677,4.497510524090055,1.890295358649789,2.026480650190615,4.326530612244898,4.680779957327881,0.547945205479452,0.5661210675823506,2.212,,,,,,,,,,,,,,,,,,,,,,,,,,,,,,,,,,,,,,,2026-04-24
pitcher,STL,SEA,Andre Pallante,669467,,,,,4.79,14.0,2.62,4.93,3.74,1.93,0.78,2.48,5.0,0.051,3.6538461538461537,3.8257426697625427,1.890295358649789,2.041382631246275,4.879746835443039,5.152155509786922,0.7580645161290323,0.8243081650798851,2.481,,,,,,,,,,,,,,,,,,,,,,,,,,,,,,,,,,,,,,,2026-04-24
pitcher,SEA,STL,George Kirby,669923,,,,,4.79,14.0,2.27,4.57,5.78,1.43,0.61,2.21,3.18,0.081,6.017094017094017,5.545235572368783,1.3455882352941178,1.6812829944533958,4.500000000000001,4.858659276173211,0.625,0.5661210675823506,2.212,,,,,,,,,,,,,,,,,,,,,,,,,,,,,,,,,,,,,,,2026-04-24
pitcher,LAD,CHC,Emmet Sheehan,686218,,,,,4.61,14.0,1.76,3.02,5.46,1.5,0.42,1.0,3.28,0.217,4.676567656765677,6.235884777831239,1.3455882352941178,1.9503289764882537,3.3125,1.844,0.38095238095238093,0.5259203985671278,1.0,,,,,,,,,,,,,,,,,,,,,,,,,,,,,,,,,,,,,,,2026-04-24
pitcher,CHC,LAD,Jameson Taillon,592791,,,,,4.79,14.0,2.57,5.05,4.59,1.28,0.91,2.28,4.57,0.073,4.676567656765677,4.497510524090055,1.2772277227722773,1.2824725226957707,4.879746835443039,5.720501571405975,0.8946651855784131,0.9510542321979162,2.28,,,,,,,,,,,,,,,,,,,,,,,,,,,,,,,,,,,,,,,2026-04-24
pitcher,SF,MIA,Adrian Houser,605288,,,,,5.21,16.0,2.72,5.43,4.0,1.84,0.62,3.0,4.31,0.025,3.8412698412698414,4.161194010326272,1.836734693877551,1.8300219047780448,5.387096774193548,5.60391027264924,0.625,0.6157600755958343,3.0,,,,,,,,,,,,,,,,,,,,,,,,,,,,,,,,,,,,,,,2026-04-24
pitcher,MIA,SF,Sandy Alcantara,645261,,,,,5.21,16.0,2.73,5.13,4.56,1.97,0.57,2.48,4.02,0.08,4.676567656765677,4.452452679154525,1.890295358649789,2.204167888829458,5.093457943925234,5.2846795049817175,0.547945205479452,0.6157600755958343,2.481,,,,,,,,,,,,,,,,,,,,,,,,,,,,,,,,,,,,,,,2026-04-24
hitter,CIN,DET,Dane Myers,667472,1.0,CF,Confirmed,3.32,,,,,0.91,0.5,,,,,0.8795646129211027,0.9366314381595695,0.5759603007413188,0.41869265779478715,0.7061469265367316,0.6067045766790659,0.15704512505989476,0.14504592742930178,,,0.65,0.25,0.19,0.86,0.15,1.19,0.08,0.01,0.0,0.197,1.3148148148148149,1.0860974657931952,0.083,,0.006,,0.0,,False,96.0,99.0,96.0,88.0,93.0,91.0,91.0,92.0,94.0,high,high,high,high,high,high,high,high,high,2026-04-24
hitter,CIN,DET,Matt McLain,680574,2.0,2B,Confirmed,3.54,,,,,0.95,0.2,,,,,0.9229811961706249,0.9791362170336618,0.20997972595986772,0.18171636772664124,0.4125159642401022,0.4846042509163365,0.03377370902486614,0.03877763881307693,,,0.45,0.31,0.22,0.94,0.04,0.78,0.09,0.01,0.0,0.234,0.7899761336515513,0.769206254822766,0.094,,0.006,,0.0,,False,96.0,99.0,96.0,88.0,93.0,91.0,91.0,92.0,94.0,high,high,high,high,high,high,high,high,high,2026-04-24
hitter,CIN,DET,Elly De La Cruz,682829,3.0,SS,Confirmed,3.96,,,,,1.06,0.16,,,,,1.0853994439356731,1.0256965922958214,0.17038963868705453,0.14065761816384775,0.7061469265367316,0.6457709298614779,0.036916065031467576,0.03929554105259363,,,0.67,0.4,0.34,1.33,0.04,1.01,0.11,0.01,0.0,0.255,1.001763668430335,1.0170951770200591,0.109,,0.009,,0.0,,False,96.0,99.0,96.0,88.0,93.0,91.0,91.0,92.0,94.0,high,high,high,high,high,high,high,high,high,2026-04-24
hitter,CIN,DET,Sal Stewart,701398,4.0,3B,Confirmed,3.74,,,,,0.94,0.12,,,,,0.8768782396423606,0.9955009584024617,0.1246215155769816,0.113079457383383,0.5846774193548387,0.5858667909677874,0.04781444284844307,0.08170702898077327,,,0.59,0.37,0.35,1.25,0.06,0.93,0.09,0.01,0.0,0.245,0.9875776397515532,0.8881899566909152,0.092,,0.006,,0.0,,False,96.0,99.0,96.0,88.0,93.0,91.0,91.0,92.0,94.0,high,high,high,high,high,high,high,high,high,2026-04-24
hitter,CIN,DET,Spencer Steer,668715,5.0,1B,Confirmed,3.49,,,,,0.88,0.11,,,,,0.8834547825523645,0.8704169164974435,0.1315027500832498,0.08364465867778281,0.4803149606299212,0.48712038759835735,0.02822315513032963,0.022860281270328787,,,0.48,0.28,0.23,0.92,0.03,0.76,0.09,0.01,0.0,0.206,0.7899761336515513,0.7311358796686416,0.091,,0.006,,0.0,,False,96.0,99.0,96.0,88.0,93.0,91.0,91.0,92.0,94.0,high,high,high,high,high,high,high,high,high,2026-04-24
hitter,CIN,DET,Nathaniel Lowe,663993,6.0,DH,Confirmed,3.1,,,,,0.83,0.13,,,,,0.8633457659605542,0.7903470435579559,0.14976651034671087,0.1180163246283418,0.4125159642401022,0.417950393112622,0.023704915262272783,0.02473881506921897,,,0.42,0.26,0.25,0.92,0.02,0.66,0.09,0.01,0.0,0.249,0.6720588235294118,0.6425269064794609,0.091,,0.007,,0.0,,False,96.0,99.0,96.0,88.0,93.0,91.0,91.0,92.0,94.0,high,high,high,high,high,high,high,high,high,2026-04-24
hitter,CIN,DET,Tyler Stephenson,663886,7.0,C,Confirmed,3.81,,,,,1.28,0.62,,,,,1.3012666306003786,1.2682858067929144,0.6404059983443133,0.6085607394990215,0.7715355805243446,0.7056929667422611,0.4127574729195753,0.36120945972212465,,,0.74,0.33,0.29,1.15,0.39,1.83,0.11,0.01,0.0,0.252,1.914285714285714,1.7553697856161419,0.108,,0.006,,0.0,,False,96.0,99.0,96.0,88.0,93.0,91.0,91.0,92.0,94.0,high,high,high,high,high,high,high,high,high,2026-04-24
hitter,CIN,DET,Rece Hinds,677956,8.0,RF,Confirmed,3.74,,,,,1.27,0.49,,,,,1.2946179170363903,1.2441989862873415,0.4891202727757641,0.4888584300808796,0.801980198019802,0.7885283999141759,0.481827139800032,0.2992786393661947,,,0.79,0.32,0.31,1.16,0.39,2.2,0.14,0.01,0.0,0.244,2.456692913385827,1.9888582923250744,0.138,,0.007,,0.0,,False,96.0,99.0,96.0,88.0,93.0,91.0,91.0,92.0,94.0,high,high,high,high,high,high,high,high,high,2026-04-24
hitter,CIN,DET,Ke'Bryan Hayes,663647,9.0,3B,Confirmed,3.74,,,,,0.78,0.52,,,,,0.7890195135510322,0.7703725277332201,0.54401973514646,0.48648131009559187,0.994208494208494,0.8625865724735413,0.1509673698059368,0.18881906935817294,,,0.92,0.35,0.32,1.38,0.17,1.53,0.11,0.01,0.0,0.265,1.684375,1.3996255105577058,0.113,,0.007,,0.0,,False,96.0,99.0,96.0,88.0,93.0,91.0,91.0,92.0,94.0,high,high,high,high,high,high,high,high,high,2026-04-24
hitter,DET,CIN,Jahmai Jones,663330,1.0,RF,Confirmed,2.55,,,,,0.66,0.16,,,,,0.6212012251377231,0.6984083989002412,0.16106859716407673,0.16179436488718602,0.3344051446945337,0.315810373827717,0.08443333098687289,0.07067303241918536,,,0.32,0.22,0.15,0.79,0.08,0.6,0.08,0.01,0.0,0.233,0.6720588235294118,0.5481413959759499,0.085,,0.01,,0.0,,False,96.0,99.0,96.0,88.0,93.0,91.0,91.0,92.0,94.0,high,high,high,high,high,high,high,high,high,2026-04-24
hitter,DET,CIN,Gleyber Torres,650402,2.0,DH,Confirmed,4.7,,,,,0.75,0.62,,,,,0.7248752899685101,0.7716777154274733,0.6179341946345298,0.6255876405622545,0.8770949720670391,0.9623465930020815,0.13954731363141248,0.12911646216449074,,,0.92,0.62,0.39,2.1,0.13,1.44,0.23,0.01,0.0,0.355,1.3893129770992367,1.4880658887486369,0.229,,0.008,,0.0,,False,96.0,99.0,96.0,88.0,93.0,91.0,91.0,92.0,94.0,high,high,high,high,high,high,high,high,high,2026-04-24
hitter,DET,CIN,Kevin McGonigle,805808,3.0,SS,Confirmed,4.45,,,,,0.75,0.54,,,,,0.7187977211226855,0.7844374157346394,0.5022505333720148,0.5790511026264201,0.801980198019802,0.8336851394748032,0.23890127723362975,0.20318850988557344,,,0.82,0.56,0.41,1.96,0.22,1.75,0.15,0.02,0.0,0.333,1.684375,1.806414043696143,0.154,,0.02,,0.0,,False,96.0,99.0,96.0,88.0,93.0,91.0,91.0,92.0,94.0,high,high,high,high,high,high,high,high,high,2026-04-24
hitter,DET,CIN,Matt Vierling,663837,4.0,CF,Confirmed,4.18,,,,,0.87,0.26,,,,,0.7655361856436431,0.9666921054062554,0.2365106091182682,0.27457657381276146,0.707983193277311,0.8044670737936126,0.06781583168879576,0.08455743410435049,,,0.76,0.42,0.34,1.63,0.08,1.12,0.21,0.02,0.0,0.267,1.1238670694864048,1.1237850443926012,0.207,,0.017,,0.0,,False,96.0,99.0,96.0,88.0,93.0,91.0,91.0,92.0,94.0,high,high,high,high,high,high,high,high,high,2026-04-24
hitter,DET,CIN,Dillon Dingler,693307,5.0,C,Confirmed,4.51,,,,,1.02,0.32,,,,,0.9686420519029336,1.0795832536120586,0.3015579172863181,0.33174089025484416,0.8694581280788177,0.9168249405057157,0.159964876906988,0.16522526798152345,,,0.9,0.5,0.41,1.91,0.16,1.46,0.21,0.02,0.0,0.289,1.4476190476190476,1.4644225248324212,0.208,,0.02,,0.0,,False,96.0,99.0,96.0,88.0,93.0,91.0,91.0,92.0,94.0,high,high,high,high,high,high,high,high,high,2026-04-24
hitter,DET,CIN,Riley Greene,682985,6.0,LF,Confirmed,4.51,,,,,1.17,0.44,,,,,1.0952192230508973,1.2456654468001511,0.42156254263660164,0.4502738492841558,0.8694581280788177,0.8686705444117621,0.2024710662432051,0.19726854788763723,,,0.87,0.43,0.37,1.69,0.2,1.61,0.2,0.01,0.0,0.288,1.5956790123456794,1.6254065327130378,0.197,,0.01,,0.0,,False,96.0,99.0,96.0,88.0,93.0,91.0,91.0,92.0,94.0,high,high,high,high,high,high,high,high,high,2026-04-24
hitter,DET,CIN,Spencer Torkelson,679529,7.0,1B,Confirmed,3.96,,,,,1.01,0.43,,,,,0.9959789245802398,1.0319886061757884,0.4311621143830222,0.42825712483645006,0.6506024096385542,0.6493796445567911,0.16672369188765954,0.18047595630869434,,,0.65,0.38,0.28,1.43,0.17,1.3,0.18,0.01,0.0,0.292,1.3148148148148149,1.2955640286851344,0.177,,0.012,,0.0,,False,96.0,99.0,96.0,88.0,93.0,91.0,91.0,92.0,94.0,high,high,high,high,high,high,high,high,high,2026-04-24
hitter,DET,CIN,Hao-Yu Lee,701678,8.0,2B,Confirmed,3.81,,,,,0.9,0.38,,,,,0.8211122228596354,0.9779846544359541,0.3771704029830796,0.38295315798935703,0.7715355805243446,0.8580677044916163,0.03652590771430965,0.04480399585893821,,,0.82,0.35,0.28,1.43,0.04,1.14,0.17,0.01,0.0,0.272,1.1521739130434783,1.1326500561932993,0.167,,0.01,,0.0,,False,96.0,99.0,96.0,88.0,93.0,91.0,91.0,92.0,94.0,high,high,high,high,high,high,high,high,high,2026-04-24
hitter,DET,CIN,Javier Báez,595879,9.0,2B,Confirmed,3.89,,,,,0.81,0.2,,,,,0.7574436146775578,0.8681000641066384,0.1823798018587875,0.2244454278890048,0.707983193277311,0.8176346078846747,0.10747416765607856,0.11218492474765375,,,0.77,0.36,0.31,1.53,0.11,1.15,0.16,0.02,0.0,0.266,1.1521739130434783,1.1567171106554794,0.157,,0.015,,0.0,,False,96.0,99.0,96.0,88.0,93.0,91.0,91.0,92.0,94.0,high,high,high,high,high,high,high,high,high,2026-04-24
hitter,BAL,BOS,Gunnar Henderson,683002,1.0,SS,Confirmed,4.57,,,,,0.94,0.47,,,,,0.8875117000358842,0.9961705032746871,0.49082645252441814,0.44488651370081955,1.0980834272829765,1.0762998977488376,0.14422239879634566,0.1503656427923862,,,1.09,0.59,0.42,2.01,0.15,1.84,0.17,0.01,0.0,0.33,1.914285714285714,1.7771968936145293,0.174,,0.01,,0.0,,False,96.0,99.0,96.0,88.0,93.0,91.0,91.0,92.0,94.0,high,high,high,high,high,high,high,high,high,2026-04-24
hitter,BAL,BOS,Taylor Ward,621493,2.0,LF,Confirmed,4.26,,,,,1.04,0.49,,,,,1.0193248933889287,1.0560488168782896,0.5239102798237438,0.4504845983030967,0.994208494208494,0.9818154397453669,0.18894981616298753,0.199079274947891,,,0.99,0.59,0.42,1.88,0.19,1.78,0.17,0.01,0.0,0.356,1.914285714285714,1.6646364438608112,0.166,,0.008,,0.0,,False,96.0,99.0,96.0,88.0,93.0,91.0,91.0,92.0,94.0,high,high,high,high,high,high,high,high,high,2026-04-24
hitter,BAL,BOS,Adley Rutschman,668939,3.0,C,Confirmed,3.33,,,,,0.51,0.38,,,,,0.5153146886136363,0.5105627015419126,0.39515808350036086,0.3624109674744547,0.7061469265367316,0.5942701274044595,0.1037123735066817,0.08839487977292655,,,0.64,0.44,0.36,1.51,0.1,1.02,0.14,0.01,0.0,0.341,1.1521739130434783,0.9057948528934824,0.136,,0.008,,0.0,,False,96.0,99.0,96.0,88.0,93.0,91.0,91.0,92.0,94.0,high,high,high,high,high,high,high,high,high,2026-04-24
hitter,BAL,BOS,Pete Alonso,624413,4.0,1B,Confirmed,4.57,,,,,1.04,0.5,,,,,0.9864177411064693,1.0851904126343355,0.4881698113844861,0.5050470836489647,1.0980834272829765,1.1347263359572155,0.24141637139730412,0.2340401101873045,,,1.12,0.7,0.61,2.31,0.24,2.01,0.2,0.01,0.0,0.384,2.057017543859649,1.9718765216594167,0.199,,0.009,,0.0,,False,96.0,99.0,96.0,88.0,93.0,91.0,91.0,92.0,94.0,high,high,high,high,high,high,high,high,high,2026-04-24
hitter,BAL,BOS,Dylan Beavers,687637,5.0,RF,Confirmed,3.89,,,,,0.96,0.46,,,,,0.9194268073305485,0.9926169543542503,0.4784655093305349,0.44976858537529024,0.801980198019802,0.826128651517194,0.0979134337086015,0.09620443630698791,,,0.82,0.43,0.34,1.48,0.1,1.3,0.15,0.01,0.0,0.296,1.3148148148148149,1.286538046696669,0.15,,0.008,,0.0,,False,96.0,99.0,96.0,88.0,93.0,91.0,91.0,92.0,94.0,high,high,high,high,high,high,high,high,high,2026-04-24
hitter,BAL,BOS,Samuel Basallo,694212,6.0,DH,Confirmed,3.74,,,,,0.94,0.32,,,,,0.9283707635049832,0.9423304222049154,0.3310823858877151,0.31558545122934806,0.8694581280788177,0.8072536420539043,0.16857054923653098,0.1579968073009226,,,0.84,0.43,0.43,1.63,0.16,1.48,0.16,0.01,0.0,0.33,1.4759615384615385,1.4922479735036456,0.157,,0.007,,0.0,,False,96.0,99.0,96.0,88.0,93.0,91.0,91.0,92.0,94.0,high,high,high,high,high,high,high,high,high,2026-04-24
hitter,BAL,BOS,Leody Taveras,665750,7.0,CF,Confirmed,3.49,,,,,0.85,0.28,,,,,0.8288949106834584,0.8742922178839355,0.2840988334139599,0.27202847335189606,0.801980198019802,0.8108567215234398,0.09532511501589844,0.09651386446040308,,,0.81,0.35,0.29,1.35,0.1,1.19,0.14,0.01,0.0,0.295,1.239368165249089,1.151832844395246,0.145,,0.008,,0.0,,False,96.0,99.0,96.0,88.0,93.0,91.0,91.0,92.0,94.0,high,high,high,high,high,high,high,high,high,2026-04-24
hitter,BAL,BOS,Coby Mayo,691723,8.0,3B,Confirmed,3.81,,,,,0.95,0.3,,,,,0.944329301009076,0.9637354042886674,0.3162712303472426,0.28953812011586877,0.8694581280788177,0.8542809905636806,0.15769577844016455,0.14758639856666178,,,0.86,0.44,0.38,1.62,0.15,1.53,0.16,0.01,0.0,0.331,1.5956790123456794,1.4805536436511721,0.16,,0.008,,0.0,,False,96.0,99.0,96.0,88.0,93.0,91.0,91.0,92.0,94.0,high,high,high,high,high,high,high,high,high,2026-04-24
hitter,BAL,BOS,Jeremiah Jackson,669236,9.0,2B,Confirmed,4.14,,,,,1.05,0.28,,,,,1.022038687707707,1.0840523046629698,0.27854971661359684,0.27190447839830456,1.0,1.0292508981120003,0.15922496704267403,0.17688626825123405,,,1.02,0.48,0.42,1.8,0.17,1.81,0.16,0.01,0.0,0.331,1.914285714285714,1.7238202086044887,0.164,,0.009,,0.0,,False,96.0,99.0,96.0,88.0,93.0,91.0,91.0,92.0,94.0,high,high,high,high,high,high,high,high,high,2026-04-24
hitter,BOS,BAL,Jarren Duran,680776,1.0,LF,Confirmed,4.25,,,,,0.97,0.16,,,,,0.9206343486862213,1.025914649056291,0.1483375509567765,0.1783667115348932,0.6434108527131783,0.690874180986373,0.16951300011069353,0.16840802722354506,,,0.67,0.67,0.57,2.34,0.17,1.31,0.19,0.02,0.0,0.382,1.239368165249089,1.3754350975538558,0.188,,0.017,,0.0,,False,96.0,99.0,96.0,88.0,93.0,91.0,91.0,92.0,94.0,high,high,high,high,high,high,high,high,high,2026-04-24
hitter,BOS,BAL,Ceddanne Rafaela,678882,2.0,CF,Confirmed,4.18,,,,,0.74,0.13,,,,,0.6840826844367214,0.7935969048411421,0.1311743787712105,0.13240385528879303,0.5290322580645161,0.6288440070801404,0.0755761731098781,0.09037905853064304,,,0.58,0.58,0.47,2.14,0.08,1.02,0.21,0.01,0.0,0.34,0.9875776397515532,1.051514206741429,0.207,,0.01,,0.0,,False,96.0,99.0,96.0,88.0,93.0,91.0,91.0,92.0,94.0,high,high,high,high,high,high,high,high,high,2026-04-24
hitter,BOS,BAL,Masataka Yoshida,807799,3.0,DH,Confirmed,3.81,,,,,0.48,0.1,,,,,0.453443904106254,0.5076566340002963,0.10886355596414915,0.09276085061513871,0.5846774193548387,0.6433032642076708,0.06989246050212652,0.09689381128149015,,,0.62,0.56,0.52,2.18,0.08,1.01,0.16,0.01,0.0,0.351,0.9875776397515532,1.0236275151198504,0.161,,0.008,,0.0,,False,96.0,99.0,96.0,88.0,93.0,91.0,91.0,92.0,94.0,high,high,high,high,high,high,high,high,high,2026-04-24
hitter,BOS,BAL,Willson Contreras,575929,4.0,1B,Confirmed,4.26,,,,,0.98,0.15,,,,,0.9384895081261586,1.0198834203278422,0.14115070587773212,0.148919406824144,0.6506024096385542,0.6654231979396484,0.17905794079231163,0.1617830276176608,,,0.66,0.7,0.68,2.53,0.17,1.29,0.23,0.01,0.0,0.397,1.239368165249089,1.3363017470833063,0.23,,0.008,,0.0,,False,96.0,99.0,96.0,88.0,93.0,91.0,91.0,92.0,94.0,high,high,high,high,high,high,high,high,high,2026-04-24
hitter,BOS,BAL,Wilyer Abreu,677800,5.0,RF,Confirmed,3.89,,,,,0.87,0.13,,,,,0.7978888870355534,0.9465344401046045,0.14647649810158153,0.11477841474755526,0.4125159642401022,0.48500116268629867,0.12554328821103797,0.12137999584548861,,,0.45,0.53,0.49,1.9,0.12,0.89,0.16,0.01,0.0,0.331,0.7899761336515513,0.9717197903340428,0.164,,0.007,,0.0,,False,96.0,99.0,96.0,88.0,93.0,91.0,91.0,92.0,94.0,high,high,high,high,high,high,high,high,high,2026-04-24
hitter,BOS,BAL,Trevor Story,596115,6.0,SS,Confirmed,4.51,,,,,1.03,0.14,,,,,0.9338161885134895,1.1323871102007361,0.13441798648294406,0.1525479748965903,0.6506024096385542,0.7146391076730526,0.125977808560044,0.1465404491506838,,,0.69,0.58,0.64,2.36,0.14,1.32,0.26,0.01,0.0,0.358,1.239368165249089,1.3825910657873766,0.262,,0.009,,0.0,,False,96.0,99.0,96.0,88.0,93.0,91.0,91.0,92.0,94.0,high,high,high,high,high,high,high,high,high,2026-04-24
hitter,BOS,BAL,Marcelo Mayer,691785,7.0,2B,Confirmed,3.49,,,,,0.76,0.11,,,,,0.6828746987586405,0.8373515032131867,0.112508217762478,0.11609630374751755,0.4125159642401022,0.4835443811211496,0.07124535727175449,0.07024600234704871,,,0.45,0.41,0.37,1.65,0.07,0.75,0.15,0.01,0.0,0.327,0.6720588235294118,0.8141596174992096,0.15,,0.01,,0.0,,False,96.0,99.0,96.0,88.0,93.0,91.0,91.0,92.0,94.0,high,high,high,high,high,high,high,high,high,2026-04-24
hitter,BOS,BAL,Caleb Durbin,702332,8.0,3B,Confirmed,3.96,,,,,0.41,0.14,,,,,0.39704831420871367,0.4180662532364491,0.12906730682935397,0.14125395960927217,0.6434108527131783,0.6443111831244813,0.05650249940339766,0.05885620978157796,,,0.64,0.48,0.43,2.02,0.06,0.88,0.19,0.01,0.0,0.342,0.8408408408408409,0.9152012552285383,0.191,,0.01,,0.0,,False,96.0,99.0,96.0,88.0,93.0,91.0,91.0,92.0,94.0,high,high,high,high,high,high,high,high,high,2026-04-24
hitter,BOS,BAL,Carlos Narváez,665966,9.0,C,Confirmed,3.74,,,,,0.89,0.14,,,,,0.8507111409160477,0.9264132686890513,0.12881251606432137,0.14503496058670498,0.4125159642401022,0.5084386261173466,0.0991527674817424,0.11351378487906033,,,0.47,0.47,0.45,1.82,0.11,0.89,0.16,0.01,0.0,0.347,0.8408408408408409,0.9313169909215951,0.158,,0.008,,0.0,,False,96.0,99.0,96.0,88.0,93.0,91.0,91.0,92.0,94.0,high,high,high,high,high,high,high,high,high,2026-04-24
hitter,TOR,CLE,Nathan Lukes,664770,1.0,RF,Confirmed,3.09,,,,,0.47,0.1,,,,,0.5037265063145894,0.4276794074484801,0.11715279938357122,0.08025811816492315,0.994208494208494,0.8023109981931723,0.030194478928964808,0.020144358356526178,,,0.89,0.23,0.18,0.82,0.03,1.09,0.1,0.01,0.0,0.185,1.239368165249089,0.963468619136787,0.103,,0.008,,0.0,,False,96.0,99.0,96.0,88.0,93.0,91.0,91.0,92.0,94.0,high,high,high,high,high,high,high,high,high,2026-04-24
hitter,TOR,CLE,Ernie Clement,676391,2.0,2B,Confirmed,3.58,,,,,0.41,0.11,,,,,0.43295483316903305,0.39559740553627865,0.11793721702420816,0.10148847166841664,1.4947368421052631,1.1240858816202572,0.03618474134653536,0.03067356128901789,,,1.29,0.32,0.27,1.23,0.03,1.46,0.13,0.01,0.0,0.218,1.5956790123456794,1.3571405256302613,0.125,,0.007,,0.0,,False,96.0,99.0,96.0,88.0,93.0,91.0,91.0,92.0,94.0,high,high,high,high,high,high,high,high,high,2026-04-24
hitter,TOR,CLE,Vladimir Guerrero Jr.,665489,3.0,1B,Confirmed,3.96,,,,,0.64,0.2,,,,,0.7030827357728041,0.5787869199003886,0.21299791919856298,0.1804411600285748,1.4947368421052631,1.124313742530573,0.057585501724374266,0.061964498918889756,,,1.29,0.38,0.35,1.38,0.06,1.73,0.12,0.01,0.0,0.239,1.914285714285714,1.5846254468954781,0.123,,0.006,,0.0,,False,96.0,99.0,96.0,88.0,93.0,91.0,91.0,92.0,94.0,high,high,high,high,high,high,high,high,high,2026-04-24
hitter,TOR,CLE,Jesús Sánchez,660821,4.0,RF,Confirmed,3.09,,,,,0.7,0.11,,,,,0.7269270438993749,0.6777993336879499,0.12782094111007447,0.09595815395760861,0.8770949720670391,0.7842117954625731,0.04354866649035446,0.04331735655425953,,,0.83,0.23,0.23,0.81,0.04,1.12,0.09,0.01,0.0,0.183,1.239368165249089,1.0163587731442845,0.09,,0.008,,0.0,,False,96.0,99.0,96.0,88.0,93.0,91.0,91.0,92.0,94.0,high,high,high,high,high,high,high,high,high,2026-04-24
hitter,TOR,CLE,Lenyn Sosa,672820,5.0,DH,Confirmed,3.96,,,,,0.94,0.1,,,,,0.9244476505409,0.9598643101598627,0.10634219883023498,0.09807811367841132,1.0980834272829765,1.0050550455109482,0.050557803408839565,0.05078991603565175,,,1.05,0.3,0.29,1.12,0.05,1.44,0.11,0.01,0.0,0.182,1.4759615384615385,1.4081237943804015,0.115,,0.006,,0.0,,False,96.0,99.0,96.0,88.0,93.0,91.0,91.0,92.0,94.0,high,high,high,high,high,high,high,high,high,2026-04-24
hitter,TOR,CLE,Daulton Varsho,662139,6.0,CF,Confirmed,3.74,,,,,1.02,0.16,,,,,1.0793245410242964,0.9705369139963884,0.17839957921002292,0.13618810158610462,1.0,0.9397010592850504,0.055496716339694906,0.06922435995119933,,,0.97,0.24,0.26,0.91,0.06,1.36,0.1,0.01,0.0,0.178,1.3893129770992367,1.3308034178385904,0.098,,0.007,,0.0,,False,96.0,99.0,96.0,88.0,93.0,91.0,91.0,92.0,94.0,high,high,high,high,high,high,high,high,high,2026-04-24
hitter,TOR,CLE,Kazuma Okamoto,672960,7.0,3B,Confirmed,3.74,,,,,1.0,0.17,,,,,1.0377576719592603,0.9717747179813667,0.16339638867058168,0.17160599238056137,1.0980834272829765,1.0071430811758835,0.04799636708239392,0.047932087227923935,,,1.05,0.26,0.25,0.99,0.05,1.5,0.1,0.01,0.0,0.195,1.5956790123456794,1.4204483987223493,0.096,,0.008,,0.0,,False,96.0,99.0,96.0,88.0,93.0,91.0,91.0,92.0,94.0,high,high,high,high,high,high,high,high,high,2026-04-24
hitter,TOR,CLE,Andrés Giménez,665926,8.0,SS,Confirmed,3.33,,,,,0.61,0.11,,,,,0.6720050492679523,0.5475777215525034,0.12417915659886228,0.08836264337803804,1.0980834272829765,0.9087437630035887,0.03159656721317046,0.027178993711523144,,,0.99,0.22,0.2,0.9,0.03,1.21,0.11,0.01,0.0,0.188,1.3148148148148149,1.1242268439728698,0.107,,0.007,,0.0,,False,96.0,99.0,96.0,88.0,93.0,91.0,91.0,92.0,94.0,high,high,high,high,high,high,high,high,high,2026-04-24
hitter,TOR,CLE,Tyler Heineman,623168,9.0,C,Confirmed,2.55,,,,,0.57,0.1,,,,,0.6531846311339593,0.48673576513732963,0.1121072372637885,0.0859276753088664,0.7861954177379407,0.5766696511059765,0.01911678919825191,0.013646994335858687,,,0.67,0.16,0.14,0.64,0.02,0.82,0.08,0.01,0.0,0.184,0.9875776397515532,0.6919084685212883,0.084,,0.008,,0.0,,False,96.0,99.0,96.0,88.0,93.0,91.0,91.0,92.0,94.0,high,high,high,high,high,high,high,high,high,2026-04-24
hitter,CLE,TOR,Daniel Schneemann,682177,1.0,2B,Confirmed,3.33,,,,,1.25,0.38,,,,,1.263281634890085,1.2430557562654432,0.38396427392758514,0.3818575184439004,0.4125159642401022,0.33760656570921,0.03220271998381437,0.023900565915657604,,,0.37,0.32,0.23,1.2,0.03,0.59,0.13,0.01,0.0,0.249,0.6289308176100628,0.5593514582852745,0.13,,0.009,,0.0,,False,96.0,99.0,96.0,88.0,93.0,91.0,91.0,92.0,94.0,high,high,high,high,high,high,high,high,high,2026-04-24
hitter,CLE,TOR,Chase DeLauter,800050,2.0,RF,Confirmed,4.25,,,,,0.77,0.53,,,,,0.7128122539645753,0.8176308781117849,0.5093691918975474,0.5532997079926033,0.7061469265367316,0.7768242316654868,0.04222413394883087,0.06143326051332634,,,0.75,0.48,0.36,1.84,0.05,1.05,0.18,0.02,0.0,0.288,0.9875776397515532,1.107434500576856,0.183,,0.018,,0.0,,False,96.0,99.0,96.0,88.0,93.0,91.0,91.0,92.0,94.0,high,high,high,high,high,high,high,high,high,2026-04-24
hitter,CLE,TOR,José Ramírez,608070,3.0,3B,Confirmed,4.45,,,,,0.85,0.67,,,,,0.8590524689559809,0.8337371378929556,0.6687463492359449,0.6752611628903399,0.801980198019802,0.8060177337279436,0.038159151528569926,0.03598760920453797,,,0.8,0.55,0.45,2.09,0.04,0.99,0.2,0.01,0.0,0.313,1.001763668430335,0.9738671034804385,0.204,,0.01,,0.0,,False,96.0,99.0,96.0,88.0,93.0,91.0,91.0,92.0,94.0,high,high,high,high,high,high,high,high,high,2026-04-24
hitter,CLE,TOR,Kyle Manzardo,700932,4.0,1B,Confirmed,3.81,,,,,1.37,0.43,,,,,1.3472854832442724,1.3981921611144985,0.40993459385478415,0.44255511312939816,0.4803149606299212,0.5071627144753721,0.03350044640700557,0.018479753718229068,,,0.5,0.38,0.32,1.47,0.03,0.67,0.15,0.01,0.0,0.253,0.6720588235294118,0.663165466832722,0.146,,0.01,,0.0,,False,96.0,99.0,96.0,88.0,93.0,91.0,91.0,92.0,94.0,high,high,high,high,high,high,high,high,high,2026-04-24
hitter,CLE,TOR,Rhys Hoskins,656555,5.0,DH,Confirmed,3.1,,,,,1.21,0.44,,,,,1.2341338310270478,1.1955173452200714,0.47272038378429004,0.4169635251347614,0.35424354243542433,0.3081983527426064,0.036118849878816514,0.02875823973260575,,,0.33,0.34,0.27,1.25,0.03,0.53,0.1,0.01,0.0,0.28,0.5302013422818792,0.5298446702340102,0.099,,0.006,,0.0,,False,96.0,99.0,96.0,88.0,93.0,91.0,91.0,92.0,94.0,high,high,high,high,high,high,high,high,high,2026-04-24
hitter,CLE,TOR,George Valera,671655,6.0,LF,Confirmed,3.1,,,,,1.05,0.33,,,,,1.0572767553425118,1.0478778188356888,0.3371110603525781,0.3141323599713411,0.4125159642401022,0.31831651280068224,0.02599326301503451,0.013248488882120041,,,0.36,0.27,0.26,1.17,0.02,0.52,0.13,0.01,0.0,0.253,0.5302013422818792,0.5042957270841373,0.129,,0.008,,0.0,,False,96.0,99.0,96.0,88.0,93.0,91.0,91.0,92.0,94.0,high,high,high,high,high,high,high,high,high,2026-04-24
hitter,CLE,TOR,Angel Martínez,682657,7.0,LF,Confirmed,3.49,,,,,1.13,0.26,,,,,1.1288710596891574,1.138378824872524,0.2597750428789756,0.2597660008851209,0.4125159642401022,0.4630410769104012,0.034023376225062754,0.029952413242433522,,,0.44,0.29,0.25,1.25,0.03,0.68,0.15,0.01,0.0,0.238,0.6720588235294118,0.6784280459404943,0.148,,0.009,,0.0,,False,96.0,99.0,96.0,88.0,93.0,91.0,91.0,92.0,94.0,high,high,high,high,high,high,high,high,high,2026-04-24
hitter,CLE,TOR,Bo Naylor,666310,8.0,C,Confirmed,3.1,,,,,1.08,0.29,,,,,1.0920588212374533,1.0707838977781028,0.2863140942949196,0.28513811490049223,0.4125159642401022,0.3263069976948248,0.034934049947694876,0.026851642243815265,,,0.37,0.28,0.24,1.16,0.03,0.58,0.12,0.01,0.0,0.256,0.6289308176100628,0.5320127474670033,0.124,,0.008,,0.0,,False,96.0,99.0,96.0,88.0,93.0,91.0,91.0,92.0,94.0,high,high,high,high,high,high,high,high,high,2026-04-24
hitter,CLE,TOR,Brayan Rocchio,677587,9.0,SS,Confirmed,3.49,,,,,0.91,0.29,,,,,0.8943668330957014,0.9264955356551017,0.3024754701661234,0.2786194523870011,0.4803149606299212,0.47658523589212437,0.0351535279422776,0.021743034459991196,,,0.48,0.29,0.25,1.26,0.03,0.69,0.14,0.01,0.0,0.244,0.6720588235294118,0.7083694967896104,0.142,,0.012,,0.0,,False,96.0,99.0,96.0,88.0,93.0,91.0,91.0,92.0,94.0,high,high,high,high,high,high,high,high,high,2026-04-24
hitter,NYM,COL,Bo Bichette,666182,1.0,3B,Confirmed,4.61,,,,,0.68,0.33,,,,,0.7071377490174323,0.6598655109637156,0.34187393453224046,0.3241897375043113,1.1702127659574468,1.2464314986396139,0.24069322281598404,0.2558329550625921,,,1.21,0.67,0.52,2.68,0.25,2.27,0.29,0.01,0.0,0.362,2.25,2.2911979848118373,0.29,,0.012,,0.0,,False,96.0,99.0,96.0,88.0,93.0,91.0,91.0,92.0,94.0,high,high,high,high,high,high,high,high,high,2026-04-24
hitter,NYM,COL,Juan Soto,665742,2.0,DH,Confirmed,4.74,,,,,0.91,0.71,,,,,0.9506132893507294,0.8776971976442964,0.7273082522430102,0.6900288860229272,1.0980834272829765,1.1940917966816371,0.5230772937524034,0.5313670013861599,,,1.15,0.61,0.45,2.23,0.53,2.62,0.24,0.01,0.0,0.327,2.552380952380952,2.6668556331424402,0.244,,0.009,,0.0,,False,96.0,99.0,96.0,88.0,93.0,91.0,91.0,92.0,94.0,high,high,high,high,high,high,high,high,high,2026-04-24
hitter,NYM,COL,Francisco Alvarez,682626,3.0,C,Confirmed,3.74,,,,,0.92,0.32,,,,,0.8908528775947525,0.9540684957213281,0.31319216519287174,0.3246815986766895,0.801980198019802,0.8219963544436455,0.23578985799382005,0.1925413030076004,,,0.81,0.47,0.4,1.86,0.21,1.63,0.21,0.01,0.0,0.32,1.684375,1.5887351464932542,0.215,,0.013,,0.0,,False,96.0,99.0,96.0,88.0,93.0,91.0,91.0,92.0,94.0,high,high,high,high,high,high,high,high,high,2026-04-24
hitter,NYM,COL,Brett Baty,683146,4.0,RF,Confirmed,3.02,,,,,0.84,0.2,,,,,0.8954767504708746,0.7908249830122389,0.21777296481784422,0.1841265937747358,0.6666666666666666,0.5495648947004488,0.20286124345112608,0.15464384062428538,,,0.6,0.34,0.3,1.35,0.18,1.23,0.15,0.01,0.0,0.286,1.3148148148148149,1.1690759739987346,0.151,,0.013,,0.0,,False,96.0,99.0,96.0,88.0,93.0,91.0,91.0,92.0,94.0,high,high,high,high,high,high,high,high,high,2026-04-24
hitter,NYM,COL,Mark Vientos,668901,5.0,1B,Confirmed,3.54,,,,,0.93,0.25,,,,,0.9530773744762143,0.9087140364414308,0.27098950121811805,0.2302780059998646,0.801980198019802,0.8134123738270047,0.24939445037120261,0.2231919965552195,,,0.81,0.46,0.4,1.86,0.24,1.72,0.21,0.01,0.0,0.328,1.914285714285714,1.562942076205087,0.209,,0.014,,0.0,,False,96.0,99.0,96.0,88.0,93.0,91.0,91.0,92.0,94.0,high,high,high,high,high,high,high,high,high,2026-04-24
hitter,NYM,COL,Marcus Semien,543760,6.0,2B,Confirmed,3.89,,,,,0.7,0.32,,,,,0.7055371727545724,0.6861244194253944,0.3149048501123982,0.31649568439879333,0.8770949720670391,0.873004493970516,0.21773472064528235,0.20836373160244784,,,0.87,0.41,0.4,1.8,0.21,1.74,0.19,0.01,0.0,0.302,1.914285714285714,1.594967556438603,0.191,,0.01,,0.0,,False,96.0,99.0,96.0,88.0,93.0,91.0,91.0,92.0,94.0,high,high,high,high,high,high,high,high,high,2026-04-24
hitter,NYM,COL,Carson Benge,701807,7.0,LF,Confirmed,3.49,,,,,0.65,0.21,,,,,0.630434244775874,0.6600435830896169,0.21609907544225412,0.20853467926628338,0.994208494208494,0.8956739420932518,0.19387205068902835,0.19378564673039492,,,0.94,0.4,0.36,1.75,0.19,1.62,0.21,0.01,0.0,0.328,1.684375,1.5723496591461674,0.215,,0.011,,0.0,,False,96.0,99.0,96.0,88.0,93.0,91.0,91.0,92.0,94.0,high,high,high,high,high,high,high,high,high,2026-04-24
hitter,NYM,COL,Tyrone Taylor,621438,8.0,CF,Confirmed,3.1,,,,,0.76,0.15,,,,,0.7712391272248977,0.7520408110631424,0.1601962125408497,0.13575366400265432,0.801980198019802,0.7106307895170895,0.09708153569545161,0.1146441489777262,,,0.75,0.34,0.3,1.52,0.11,1.26,0.18,0.01,0.0,0.315,1.3148148148148149,1.222344240589656,0.181,,0.011,,0.0,,False,96.0,99.0,96.0,88.0,93.0,91.0,91.0,92.0,94.0,high,high,high,high,high,high,high,high,high,2026-04-24
hitter,NYM,COL,Ronny Mauricio,677595,9.0,SS,Confirmed,3.02,,,,,0.86,0.23,,,,,0.9029246730975878,0.8176069592775302,0.25140496314503524,0.2092042410995247,0.5290322580645161,0.5715923265100372,0.12258665888925643,0.13475165216366247,,,0.55,0.28,0.23,1.15,0.13,1.08,0.14,0.01,0.0,0.267,1.1521739130434783,1.0119139783040991,0.144,,0.012,,0.0,,False,96.0,99.0,96.0,88.0,93.0,91.0,91.0,92.0,94.0,high,high,high,high,high,high,high,high,high,2026-04-24
hitter,COL,NYM,Mickey Moniak,666160,1.0,DH,Confirmed,3.81,,,,,0.74,0.3,,,,,0.7420957665859403,0.7458769122704643,0.31932059542283353,0.27332111668810155,1.0980834272829765,0.9942871649907329,0.17293056471480692,0.1523634026742051,,,1.04,0.39,0.3,1.34,0.16,1.77,0.13,0.01,0.0,0.258,1.914285714285714,1.6575083084500928,0.135,,0.011,,0.0,,False,96.0,99.0,96.0,88.0,93.0,91.0,91.0,92.0,94.0,high,high,high,high,high,high,high,high,high,2026-04-24
hitter,COL,NYM,Hunter Goodman,696100,2.0,C,Confirmed,4.25,,,,,0.97,0.43,,,,,1.066156729090195,0.8714887754096853,0.4468159397503608,0.4180436136011781,1.4947368421052631,1.222299366659552,0.1203543583340691,0.12384896188372971,,,1.34,0.48,0.4,1.58,0.12,2.21,0.14,0.01,0.0,0.276,2.25,2.182516545629103,0.143,,0.01,,0.0,,False,96.0,99.0,96.0,88.0,93.0,91.0,91.0,92.0,94.0,high,high,high,high,high,high,high,high,high,2026-04-24
hitter,COL,NYM,TJ Rumfield,681198,3.0,1B,Confirmed,3.81,,,,,0.58,0.38,,,,,0.581433100129513,0.5779975925815746,0.40242671417790843,0.34836020582884597,1.0980834272829765,0.9219934486483873,0.08875098577011403,0.09033393082260727,,,1.0,0.31,0.25,1.03,0.09,1.42,0.12,0.01,0.0,0.213,1.4759615384615385,1.373800868514867,0.122,,0.007,,0.0,,False,96.0,99.0,96.0,88.0,93.0,91.0,91.0,92.0,94.0,high,high,high,high,high,high,high,high,high,2026-04-24
hitter,COL,NYM,Tyler Freeman,671289,4.0,2B,Confirmed,3.96,,,,,0.34,0.32,,,,,0.3827412596205113,0.2941376558915039,0.3396103705499154,0.29321038943135436,1.0980834272829765,0.9792029132431567,0.09554219617353407,0.09383571091555837,,,1.03,0.35,0.29,1.28,0.09,1.51,0.1,0.01,0.0,0.221,1.5956790123456794,1.43195456980693,0.104,,0.009,,0.0,,False,96.0,99.0,96.0,88.0,93.0,91.0,91.0,92.0,94.0,high,high,high,high,high,high,high,high,high,2026-04-24
hitter,COL,NYM,Troy Johnston,687859,5.0,RF,Confirmed,3.09,,,,,0.56,0.23,,,,,0.5260520569760011,0.587872109310142,0.25862592357720726,0.19775974191854542,0.8694581280788177,0.6812156983259641,0.07880582304523648,0.06050148077199697,,,0.77,0.25,0.21,0.88,0.07,1.18,0.1,0.01,0.0,0.212,1.3148148148148149,1.0716339114784934,0.103,,0.007,,0.0,,False,96.0,99.0,96.0,88.0,93.0,91.0,91.0,92.0,94.0,high,high,high,high,high,high,high,high,high,2026-04-24
hitter,COL,NYM,Kyle Karros,691720,6.0,3B,Confirmed,3.19,,,,,0.61,0.38,,,,,0.6027454052768054,0.6171972800275873,0.41884979807728984,0.33833891566659674,0.8694581280788177,0.6807946968662352,0.10341590831372735,0.07645719582133002,,,0.77,0.25,0.22,0.88,0.09,1.18,0.1,0.01,0.0,0.235,1.3148148148148149,1.0668622698111803,0.097,,0.007,,0.0,,False,96.0,99.0,96.0,88.0,93.0,91.0,91.0,92.0,94.0,high,high,high,high,high,high,high,high,high,2026-04-24
hitter,COL,NYM,Ezequiel Tovar,678662,7.0,SS,Confirmed,3.1,,,,,0.64,0.23,,,,,0.6399501073640288,0.6305289898585245,0.2586025373407449,0.2002094747319159,0.994208494208494,0.7367384657959244,0.19596433353287673,0.11137590828297653,,,0.85,0.26,0.24,0.91,0.15,1.33,0.11,0.01,0.0,0.234,1.4759615384615385,1.202963256954743,0.106,,0.008,,0.0,,False,96.0,99.0,96.0,88.0,93.0,91.0,91.0,92.0,94.0,high,high,high,high,high,high,high,high,high,2026-04-24
hitter,COL,NYM,Jake McCarthy,664983,8.0,LF,Confirmed,3.09,,,,,0.42,0.19,,,,,0.43990625724212595,0.39559322393993845,0.2077244185405731,0.17202867017388027,0.8694581280788177,0.7199879135322276,0.04750542658400634,0.0513997871374706,,,0.79,0.2,0.17,0.78,0.05,1.22,0.1,0.02,0.0,0.191,1.3148148148148149,1.1408127308424154,0.097,,0.016,,0.0,,False,96.0,99.0,96.0,88.0,93.0,91.0,91.0,92.0,94.0,high,high,high,high,high,high,high,high,high,2026-04-24
hitter,COL,NYM,Brenton Doyle,686668,9.0,CF,Confirmed,3.49,,,,,0.73,0.29,,,,,0.7068623960737345,0.7495250675616683,0.309052992667585,0.2742919206678641,0.994208494208494,0.8610469087267384,0.11603350113797745,0.10640536965000745,,,0.92,0.26,0.23,0.97,0.11,1.47,0.11,0.01,0.0,0.215,1.5956790123456794,1.3755216574109879,0.111,,0.006,,0.0,,False,96.0,99.0,96.0,88.0,93.0,91.0,91.0,92.0,94.0,high,high,high,high,high,high,high,high,high,2026-04-24
hitter,TB,MIN,Chandler Simpson,802415,1.0,LF,Confirmed,4.51,,,,,0.36,0.28,,,,,0.3656239292763658,0.3521497739201684,0.2970513939352911,0.2551987705374015,1.4947368421052631,1.2828831872608717,0.03291903774559156,0.030028692320039838,,,1.38,0.45,0.33,1.79,0.03,1.77,0.19,0.02,0.0,0.253,1.914285714285714,1.6589505050235194,0.195,,0.016,,0.0,,False,96.0,99.0,96.0,88.0,93.0,91.0,91.0,92.0,94.0,high,high,high,high,high,high,high,high,high,2026-04-24
hitter,TB,MIN,Junior Caminero,691406,2.0,3B,Confirmed,4.26,,,,,0.67,0.45,,,,,0.7017648120360591,0.6428770780818464,0.4978905382590114,0.41053582523498483,1.4947368421052631,1.1943960473645148,0.3168362306829129,0.2379635284654273,,,1.33,0.51,0.38,1.89,0.28,2.29,0.19,0.01,0.0,0.304,2.456692913385827,2.1513943499896375,0.19,,0.011,,0.0,,False,96.0,99.0,96.0,88.0,93.0,91.0,91.0,92.0,94.0,high,high,high,high,high,high,high,high,high,2026-04-24
hitter,TB,MIN,Jonathan Aranda,666018,3.0,1B,Confirmed,4.26,,,,,0.95,0.7,,,,,0.967273729310196,0.9242922446514678,0.7487912699801765,0.6467200766122555,1.1391752577319587,1.122729864567694,0.17628701163433264,0.1674675357876796,,,1.13,0.47,0.33,1.6,0.17,1.88,0.19,0.01,0.0,0.302,1.914285714285714,1.8554340974602654,0.194,,0.009,,0.0,,False,96.0,99.0,96.0,88.0,93.0,91.0,91.0,92.0,94.0,high,high,high,high,high,high,high,high,high,2026-04-24
hitter,TB,MIN,Yandy Díaz,650490,4.0,DH,Confirmed,4.39,,,,,0.52,0.5,,,,,0.5459135225119282,0.49814736809649707,0.5122149833905407,0.48781077873008044,1.4947368421052631,1.2211819339876204,0.1725314631845324,0.17969565231641488,,,1.34,0.54,0.43,2.07,0.18,2.01,0.18,0.01,0.0,0.314,2.057017543859649,1.9702825930290258,0.18,,0.009,,0.0,,False,96.0,99.0,96.0,88.0,93.0,91.0,91.0,92.0,94.0,high,high,high,high,high,high,high,high,high,2026-04-24
hitter,TB,MIN,Jonny DeLuca,676356,5.0,RF,Confirmed,3.74,,,,,0.72,0.33,,,,,0.6668822658022807,0.7677349800327872,0.32978297064714635,0.33798714805112173,1.0980834272829765,0.9218418255270047,0.09584810284868117,0.07329087828822779,,,1.0,0.36,0.31,1.44,0.08,1.55,0.16,0.01,0.0,0.247,1.5956790123456794,1.507496582933924,0.156,,0.009,,0.0,,False,96.0,99.0,96.0,88.0,93.0,91.0,91.0,92.0,94.0,high,high,high,high,high,high,high,high,high,2026-04-24
hitter,TB,MIN,Cedric Mullins,656775,6.0,CF,Confirmed,3.49,,,,,1.21,0.29,,,,,1.1986163480722434,1.2302667854382763,0.30333515351680984,0.27363964958370013,0.4803149606299212,0.4828640497689399,0.11249700303135443,0.10246916267128003,,,0.48,0.27,0.24,1.1,0.11,0.93,0.16,0.01,0.0,0.238,0.9875776397515532,0.8802487889632311,0.162,,0.008,,0.0,,False,96.0,99.0,96.0,88.0,93.0,91.0,91.0,92.0,94.0,high,high,high,high,high,high,high,high,high,2026-04-24
hitter,TB,MIN,Ben Williamson,810938,7.0,2B,Confirmed,3.74,,,,,0.66,0.27,,,,,0.6302572775082322,0.6973550599738547,0.26165393344253585,0.28027932101169145,1.0,0.8824371488266102,0.051644694373991766,0.05345003551354802,,,0.94,0.29,0.24,1.24,0.05,1.37,0.11,0.01,0.0,0.222,1.3893129770992367,1.358763102396382,0.112,,0.008,,0.0,,False,96.0,99.0,96.0,88.0,93.0,91.0,91.0,92.0,94.0,high,high,high,high,high,high,high,high,high,2026-04-24
hitter,TB,MIN,Nick Fortes,663743,8.0,C,Confirmed,3.74,,,,,0.61,0.29,,,,,0.5706369542600332,0.6453394706285129,0.29498160162651155,0.2758619671238237,0.8770949720670391,0.8184636682242175,0.08409738925952548,0.08948583955894639,,,0.84,0.29,0.25,1.24,0.09,1.39,0.15,0.01,0.0,0.227,1.4476190476190476,1.338207698451675,0.147,,0.007,,0.0,,False,96.0,99.0,96.0,88.0,93.0,91.0,91.0,92.0,94.0,high,high,high,high,high,high,high,high,high,2026-04-24
hitter,TB,MIN,Taylor Walls,670764,9.0,SS,Confirmed,3.81,,,,,0.79,0.38,,,,,0.7863933776958885,0.7900902970351745,0.3969007039799657,0.36863749310863075,1.0980834272829765,0.8751070462458208,0.09842700658020886,0.11614929195127434,,,0.98,0.31,0.25,1.26,0.11,1.52,0.15,0.01,0.0,0.24,1.684375,1.3835087173902898,0.146,,0.008,,0.0,,False,96.0,99.0,96.0,88.0,93.0,91.0,91.0,92.0,94.0,high,high,high,high,high,high,high,high,high,2026-04-24
hitter,MIN,TB,Byron Buxton,621439,1.0,DH,Confirmed,4.51,,,,,1.0,0.87,,,,,1.0094954661299882,0.992879477464488,0.9862422518532815,0.7489766597473745,0.801980198019802,0.7278119989052385,0.12032017274264645,0.11639204020700275,,,0.76,0.72,0.57,2.09,0.12,1.34,0.1,0.01,0.0,0.393,1.3893129770992367,1.3076597052142322,0.099,,0.01,,0.0,,False,96.0,99.0,96.0,88.0,93.0,91.0,91.0,92.0,94.0,high,high,high,high,high,high,high,high,high,2026-04-24
hitter,MIN,TB,Trevor Larnach,663616,2.0,LF,Confirmed,3.96,,,,,0.75,0.68,,,,,0.740932911369586,0.7499193837153688,0.6926886747848571,0.6652893999144182,0.5290322580645161,0.5717268017686139,0.053292600995744524,0.05583894870204879,,,0.55,0.48,0.37,1.43,0.05,0.91,0.1,0.01,0.0,0.303,1.001763668430335,0.8306181787868939,0.095,,0.007,,0.0,,False,96.0,99.0,96.0,88.0,93.0,91.0,91.0,92.0,94.0,high,high,high,high,high,high,high,high,high,2026-04-24
hitter,MIN,TB,Austin Martin,668885,3.0,CF,Confirmed,4.25,,,,,0.6,0.63,,,,,0.6140462379271385,0.5807409601862197,0.644767229734134,0.6113569058926946,0.707983193277311,0.6442360399094507,0.039954531582676915,0.05435715764214683,,,0.67,0.5,0.41,1.72,0.05,1.03,0.1,0.01,0.0,0.3,1.1238670694864048,0.947817323814308,0.101,,0.007,,0.0,,False,96.0,99.0,96.0,88.0,93.0,91.0,91.0,92.0,94.0,high,high,high,high,high,high,high,high,high,2026-04-24
hitter,MIN,TB,Victor Caratini,605170,4.0,C,Confirmed,3.96,,,,,0.5,0.13,,,,,0.4639306428931944,0.5435152218484046,0.15055175217189276,0.1183628737857964,0.707983193277311,0.7341671311889121,0.09277576895825793,0.08116746929985903,,,0.72,0.49,0.46,1.66,0.09,1.17,0.09,0.01,0.0,0.303,1.1521739130434783,1.179215536402901,0.094,,0.006,,0.0,,False,96.0,99.0,96.0,88.0,93.0,91.0,91.0,92.0,94.0,high,high,high,high,high,high,high,high,high,2026-04-24
hitter,MIN,TB,Kody Clemens,665019,5.0,1B,Confirmed,3.96,,,,,0.87,0.59,,,,,0.8668477247564872,0.8685355449790039,0.5990384687948721,0.5759491763786252,0.7061469265367316,0.7314924283771439,0.08431885964554003,0.08238565606381063,,,0.72,0.62,0.63,1.9,0.08,1.02,0.11,0.01,0.0,0.376,1.001763668430335,1.0392134531342327,0.108,,0.007,,0.0,,False,96.0,99.0,96.0,88.0,93.0,91.0,91.0,92.0,94.0,high,high,high,high,high,high,high,high,high,2026-04-24
hitter,MIN,TB,Royce Lewis,668904,6.0,3B,Confirmed,3.81,,,,,0.62,0.1,,,,,0.6049848536877335,0.6270695501650076,0.1173088793317673,0.08043337382894016,0.707983193277311,0.6835771554834059,0.1264512617625865,0.1349161521476929,,,0.69,0.46,0.52,1.68,0.13,1.28,0.1,0.01,0.0,0.323,1.3148148148148149,1.256527070312242,0.096,,0.006,,0.0,,False,96.0,99.0,96.0,88.0,93.0,91.0,91.0,92.0,94.0,high,high,high,high,high,high,high,high,high,2026-04-24
hitter,MIN,TB,Matt Wallner,670242,7.0,RF,Confirmed,3.33,,,,,0.72,0.18,,,,,0.6739697794814796,0.7612943725144032,0.19456404577327027,0.15593279788817285,0.4803149606299212,0.4710203194292406,0.14676618870084185,0.13142831916957223,,,0.48,0.4,0.39,1.2,0.14,1.1,0.08,0.01,0.0,0.338,1.239368165249089,0.9855095050075681,0.083,,0.006,,0.0,,False,96.0,99.0,96.0,88.0,93.0,91.0,91.0,92.0,94.0,high,high,high,high,high,high,high,high,high,2026-04-24
hitter,MIN,TB,Brooks Lee,686797,8.0,SS,Confirmed,4.18,,,,,0.59,0.59,,,,,0.5755688060395262,0.6006908277607919,0.581470386516447,0.6009336181233783,0.7061469265367316,0.6873674056663152,0.06313517711020955,0.06420457619201506,,,0.7,0.43,0.4,1.48,0.06,1.02,0.1,0.01,0.0,0.286,1.001763668430335,1.0438749091785928,0.1,,0.007,,0.0,,False,96.0,99.0,96.0,88.0,93.0,91.0,91.0,92.0,94.0,high,high,high,high,high,high,high,high,high,2026-04-24
hitter,MIN,TB,Tristan Gray,656484,9.0,2B,Confirmed,3.33,,,,,0.78,0.43,,,,,0.7716135005909489,0.779674363772051,0.46801084611874955,0.4017220782033487,0.4803149606299212,0.42109915165710377,0.03285827975230231,0.0350602961552335,,,0.45,0.28,0.25,0.94,0.03,0.63,0.09,0.01,0.0,0.247,0.6720588235294118,0.5917073362448684,0.088,,0.006,,0.0,,False,96.0,99.0,96.0,88.0,93.0,91.0,91.0,92.0,94.0,high,high,high,high,high,high,high,high,high,2026-04-24
hitter,ATL,PHI,Ronald Acuña Jr.,660670,1.0,RF,Confirmed,4.61,,,,,1.81,0.24,,,,,1.8199895563223734,1.793684929862038,0.2374674137870259,0.24110179241002,1.0980834272829765,1.0888521444952382,0.048930443945313894,0.035415156948360754,,,1.09,0.62,0.48,2.2,0.04,1.59,0.19,0.01,0.0,0.335,1.5956790123456794,1.5866252549856326,0.195,,0.007,,0.0,,False,96.0,99.0,96.0,88.0,93.0,91.0,91.0,92.0,94.0,high,high,high,high,high,high,high,high,high,2026-04-24
hitter,ATL,PHI,Drake Baldwin,686948,2.0,C,Confirmed,4.51,,,,,1.26,0.16,,,,,1.2305185700170758,1.2862070977175528,0.1639232044881846,0.15049632670437385,1.0980834272829765,1.1735050345396403,0.04464827759847493,0.043332883702947925,,,1.14,0.58,0.46,2.13,0.04,1.62,0.18,0.01,0.0,0.316,1.5956790123456794,1.63335799170482,0.176,,0.01,,0.0,,False,96.0,99.0,96.0,88.0,93.0,91.0,91.0,92.0,94.0,high,high,high,high,high,high,high,high,high,2026-04-24
hitter,ATL,PHI,Matt Olson,621566,3.0,1B,Confirmed,4.61,,,,,1.81,0.27,,,,,1.8447945529696606,1.7850075892002415,0.2703323906545104,0.27228394960734675,1.0980834272829765,1.13079690460406,0.07738533746277634,0.05158273593603151,,,1.12,0.64,0.58,2.31,0.06,1.69,0.17,0.01,0.0,0.34,1.684375,1.6867983308867291,0.172,,0.01,,0.0,,False,96.0,99.0,96.0,88.0,93.0,91.0,91.0,92.0,94.0,high,high,high,high,high,high,high,high,high,2026-04-24
hitter,ATL,PHI,Ozzie Albies,645277,4.0,2B,Confirmed,4.18,,,,,0.92,0.15,,,,,0.8063335517726604,1.0241179070483248,0.15294912840211963,0.15015279747626112,1.0980834272829765,1.1420019676313138,0.035255242674243265,0.03568031640698414,,,1.12,0.55,0.49,2.13,0.04,1.44,0.18,0.01,0.0,0.323,1.4759615384615385,1.417405564541289,0.184,,0.008,,0.0,,False,96.0,99.0,96.0,88.0,93.0,91.0,91.0,92.0,94.0,high,high,high,high,high,high,high,high,high,2026-04-24
hitter,ATL,PHI,Austin Riley,663586,5.0,3B,Confirmed,4.57,,,,,1.89,0.15,,,,,1.8182319438256018,1.953723105030206,0.14196346957968217,0.15027510501520405,1.0980834272829765,1.180753681279701,0.08069964911591515,0.059210488456868125,,,1.14,0.62,0.6,2.33,0.07,1.73,0.17,0.01,0.0,0.323,1.684375,1.7615723685743725,0.167,,0.011,,0.0,,False,96.0,99.0,96.0,88.0,93.0,91.0,91.0,92.0,94.0,high,high,high,high,high,high,high,high,high,2026-04-24
hitter,ATL,PHI,Dominic Smith,642086,6.0,DH,Confirmed,4.25,,,,,1.32,0.14,,,,,1.2822657540941096,1.356068513569702,0.1396293347956975,0.1476197751682026,1.0980834272829765,1.1328705792372233,0.07096601139552886,0.07885226558039676,,,1.12,0.5,0.54,2.14,0.07,1.67,0.16,0.01,0.0,0.323,1.684375,1.6629875966295147,0.159,,0.009,,0.0,,False,96.0,99.0,96.0,88.0,93.0,91.0,91.0,92.0,94.0,high,high,high,high,high,high,high,high,high,2026-04-24
hitter,ATL,PHI,Mauricio Dubón,643289,7.0,CF,Confirmed,4.04,,,,,0.79,0.14,,,,,0.6690709345094378,0.9152510882793776,0.13294975322768565,0.1375584029312324,1.0980834272829765,1.0156642622509258,0.02194599829195728,0.022532949749537737,,,1.05,0.41,0.36,1.77,0.02,1.4,0.21,0.01,0.0,0.289,1.3893129770992367,1.411267262455154,0.209,,0.007,,0.0,,False,96.0,99.0,96.0,88.0,93.0,91.0,91.0,92.0,94.0,high,high,high,high,high,high,high,high,high,2026-04-24
hitter,ATL,PHI,Mike Yastrzemski,573262,8.0,LF,Confirmed,3.58,,,,,1.2,0.16,,,,,1.2040543465490732,1.1898190064332559,0.16892797683178384,0.15062040917933403,0.801980198019802,0.7849190286994805,0.04698665559298947,0.04619965565188281,,,0.79,0.39,0.36,1.52,0.05,1.17,0.13,0.01,0.0,0.308,1.239368165249089,1.1202898677518103,0.133,,0.007,,0.0,,False,96.0,99.0,96.0,88.0,93.0,91.0,91.0,92.0,94.0,high,high,high,high,high,high,high,high,high,2026-04-24
hitter,ATL,PHI,Eli White,642201,9.0,CF,Confirmed,3.02,,,,,1.29,0.1,,,,,1.2788948704085354,1.3078366119193006,0.11551771291070803,0.0893330925196121,0.7715355805243446,0.5286277765420456,0.030320475309919544,0.013244731621100653,,,0.64,0.31,0.29,1.31,0.02,0.74,0.16,0.01,0.0,0.294,0.8408408408408409,0.6653532665762144,0.155,,0.007,,0.0,,False,96.0,99.0,96.0,88.0,93.0,91.0,91.0,92.0,94.0,high,high,high,high,high,high,high,high,high,2026-04-24
hitter,PHI,ATL,Trea Turner,607208,1.0,SS,Confirmed,4.51,,,,,0.67,0.12,,,,,0.6464878672752777,0.7024152825447633,0.12174280085493457,0.12138143286660968,0.994208494208494,1.0686824200107514,0.20945892999061191,0.2089803014042588,,,1.04,0.58,0.47,2.15,0.21,1.89,0.16,0.01,0.0,0.312,1.914285714285714,1.8636535474810525,0.162,,0.009,,0.0,,False,96.0,99.0,96.0,88.0,93.0,91.0,91.0,92.0,94.0,high,high,high,high,high,high,high,high,high,2026-04-24
hitter,PHI,ATL,Kyle Schwarber,656941,2.0,DH,Confirmed,4.51,,,,,1.17,0.23,,,,,1.164246105574884,1.168339307864273,0.17184666450425998,0.2828895442266539,0.8949771689497716,0.9266148708693602,0.5244988733268311,0.5120549874243389,,,0.91,0.7,0.59,2.19,0.52,2.57,0.14,0.01,0.0,0.379,2.552380952380952,2.5918434066012273,0.14,,0.008,,0.0,,False,96.0,99.0,96.0,88.0,93.0,91.0,91.0,92.0,94.0,high,high,high,high,high,high,high,high,high,2026-04-24
hitter,PHI,ATL,Bryce Harper,547180,3.0,1B,Confirmed,4.26,,,,,0.79,0.2,,,,,0.7671073731529456,0.8138991460244338,0.17012032166941757,0.2199294756089023,1.0,0.9964707457794009,0.2725203797247214,0.269139018655519,,,1.0,0.6,0.53,2.13,0.27,2.0,0.17,0.01,0.0,0.348,2.057017543859649,1.9533001816538005,0.173,,0.008,,0.0,,False,96.0,99.0,96.0,88.0,93.0,91.0,91.0,92.0,94.0,high,high,high,high,high,high,high,high,high,2026-04-24
hitter,PHI,ATL,Adolis García,666969,4.0,RF,Confirmed,3.02,,,,,0.72,0.07,,,,,0.6834095359886079,0.7611559207369324,0.08293962585276483,0.04788104120920926,0.6434108527131783,0.5615417767819096,0.21114008402279696,0.16391619694343443,,,0.6,0.37,0.35,1.37,0.19,1.23,0.13,0.01,0.0,0.3,1.3148148148148149,1.1560921646703304,0.128,,0.008,,0.0,,False,96.0,99.0,96.0,88.0,93.0,91.0,91.0,92.0,94.0,high,high,high,high,high,high,high,high,high,2026-04-24
hitter,PHI,ATL,Brandon Marsh,669016,5.0,LF,Confirmed,3.89,,,,,0.87,0.17,,,,,0.8540858330794048,0.8919359717983072,0.1425076227078909,0.19257357201907627,0.707983193277311,0.7621554299815663,0.15360363849809072,0.13826131335904163,,,0.74,0.4,0.35,1.46,0.15,1.24,0.14,0.01,0.0,0.259,1.239368165249089,1.2344888594434558,0.143,,0.009,,0.0,,False,96.0,99.0,96.0,88.0,93.0,91.0,91.0,92.0,94.0,high,high,high,high,high,high,high,high,high,2026-04-24
hitter,PHI,ATL,Bryson Stott,681082,6.0,2B,Confirmed,3.49,,,,,0.56,0.1,,,,,0.5595099151458562,0.5538860032676821,0.10673513617082084,0.09558095003827358,0.7061469265367316,0.6644331302837406,0.14021153251208002,0.13350639106304898,,,0.68,0.34,0.35,1.4,0.14,1.16,0.14,0.01,0.0,0.281,1.239368165249089,1.0990003491334575,0.138,,0.008,,0.0,,False,96.0,99.0,96.0,88.0,93.0,91.0,91.0,92.0,94.0,high,high,high,high,high,high,high,high,high,2026-04-24
hitter,PHI,ATL,Alec Bohm,664761,7.0,3B,Confirmed,3.96,,,,,0.6,0.08,,,,,0.5821544892962088,0.6173243285064847,0.09318581452742634,0.07066973143506265,0.801980198019802,0.8327073324754138,0.1780848448825487,0.17249277441631264,,,0.82,0.41,0.38,1.67,0.18,1.45,0.16,0.01,0.0,0.289,1.4476190476190476,1.4459632013076595,0.159,,0.007,,0.0,,False,96.0,99.0,96.0,88.0,93.0,91.0,91.0,92.0,94.0,high,high,high,high,high,high,high,high,high,2026-04-24
hitter,PHI,ATL,Justin Crawford,702222,8.0,CF,Confirmed,3.1,,,,,0.57,0.11,,,,,0.5583381100067121,0.5866762092769257,0.11015370648737806,0.11136643837210791,0.6434108527131783,0.560331295420451,0.09029120711586,0.09207405688573943,,,0.6,0.3,0.25,1.2,0.09,0.96,0.13,0.01,0.0,0.278,1.001763668430335,0.9289800209230851,0.131,,0.009,,0.0,,False,96.0,99.0,96.0,88.0,93.0,91.0,91.0,92.0,94.0,high,high,high,high,high,high,high,high,high,2026-04-24
hitter,PHI,ATL,Garrett Stubbs,596117,9.0,C,Confirmed,2.55,,,,,0.55,0.05,,,,,0.4643069839727667,0.6416138773426001,0.07017527375930076,0.037728298882012144,0.4125159642401022,0.4653449293150754,0.06743404838288045,0.059675065478301384,,,0.44,0.19,0.17,0.77,0.06,0.66,0.07,0.01,0.0,0.21,0.6720588235294118,0.6519586917176808,0.073,,0.007,,0.0,,False,96.0,99.0,96.0,88.0,93.0,91.0,91.0,92.0,94.0,high,high,high,high,high,high,high,high,high,2026-04-24
hitter,KC,LAA,Nick Loftin,679845,1.0,3B,Confirmed,2.55,,,,,0.4,0.17,,,,,0.41161244104725636,0.3832895259252573,0.19528142483172586,0.15292813380807616,0.7061469265367316,0.5249932855672819,0.08181703262081769,0.06826876714872916,,,0.61,0.2,0.15,0.77,0.08,0.86,0.09,0.01,0.0,0.207,0.9875776397515532,0.7642518645725278,0.085,,0.007,,0.0,,False,96.0,99.0,96.0,88.0,93.0,91.0,91.0,92.0,94.0,high,high,high,high,high,high,high,high,high,2026-04-24
hitter,KC,LAA,Bobby Witt Jr.,677951,2.0,SS,Confirmed,4.14,,,,,0.64,0.38,,,,,0.688647716331099,0.5972277442986216,0.4024842010499172,0.3630739276612244,1.1702127659574468,1.1768924744295448,0.2771153846776292,0.311763437011524,,,1.17,0.4,0.29,1.49,0.29,2.49,0.16,0.01,0.0,0.249,2.552380952380952,2.4442116504582256,0.162,,0.012,,0.0,,False,96.0,99.0,96.0,88.0,93.0,91.0,91.0,92.0,94.0,high,high,high,high,high,high,high,high,high,2026-04-24
hitter,KC,LAA,Salvador Perez,521692,3.0,1B,Confirmed,3.96,,,,,0.65,0.2,,,,,0.690862346161809,0.6159952767476775,0.20474441742498667,0.19085999296271317,1.0980834272829765,1.099351019992945,0.40999196730965365,0.32396167172022144,,,1.1,0.38,0.34,1.52,0.37,2.3,0.13,0.01,0.0,0.232,2.456692913385827,2.173674160806964,0.134,,0.008,,0.0,,False,96.0,99.0,96.0,88.0,93.0,91.0,91.0,92.0,94.0,high,high,high,high,high,high,high,high,high,2026-04-24
hitter,KC,LAA,Lane Thomas,657041,4.0,RF,Confirmed,3.1,,,,,0.69,0.32,,,,,0.7206258539330689,0.6510905173506654,0.35669409723238266,0.29027682736368854,0.801980198019802,0.623185753895034,0.18237969822108419,0.15489872772175045,,,0.7,0.23,0.18,0.82,0.17,1.27,0.09,0.01,0.0,0.2,1.3893129770992367,1.1679929479678153,0.093,,0.007,,0.0,,False,96.0,99.0,96.0,88.0,93.0,91.0,91.0,92.0,94.0,high,high,high,high,high,high,high,high,high,2026-04-24
hitter,KC,LAA,Starling Marte,516782,5.0,RF,Confirmed,3.48,,,,,0.99,0.11,,,,,0.9042191746959685,1.0851778444122364,0.12314802814524929,0.10032871072025976,0.5846774193548387,0.5520834596125835,0.023515231973170195,0.012602463600008947,,,0.57,0.3,0.26,1.21,0.02,0.81,0.11,0.01,0.0,0.216,0.8408408408408409,0.7785918677261147,0.114,,0.008,,0.0,,False,96.0,99.0,96.0,88.0,93.0,91.0,91.0,92.0,94.0,high,high,high,high,high,high,high,high,high,2026-04-24
hitter,KC,LAA,Carter Jensen,695600,6.0,DH,Confirmed,3.81,,,,,0.67,0.35,,,,,0.7142133294662452,0.6171573545975789,0.36502098086562007,0.3384025094052195,1.0980834272829765,0.9512880283627827,0.31183818582864736,0.2610450195002176,,,1.02,0.32,0.3,1.32,0.29,1.99,0.13,0.01,0.0,0.247,2.057017543859649,1.9440590441249004,0.129,,0.007,,0.0,,False,96.0,99.0,96.0,88.0,93.0,91.0,91.0,92.0,94.0,high,high,high,high,high,high,high,high,high,2026-04-24
hitter,KC,LAA,Isaac Collins,686555,7.0,LF,Confirmed,3.09,,,,,0.69,0.19,,,,,0.6707968731659822,0.7044538375164106,0.20609528532928892,0.18163616181682302,0.707983193277311,0.6241542540858226,0.027781203923762095,0.0037052390897000524,,,0.66,0.22,0.18,0.87,0.02,0.88,0.09,0.01,0.0,0.207,0.9875776397515532,0.783216949378663,0.094,,0.008,,0.0,,False,96.0,99.0,96.0,88.0,93.0,91.0,91.0,92.0,94.0,high,high,high,high,high,high,high,high,high,2026-04-24
hitter,KC,LAA,Elias Díaz,553869,8.0,C,Confirmed,3.02,,,,,0.91,0.22,,,,,0.8810944149718318,0.9371130200876067,0.2377262666044585,0.19279104272995898,0.8949771689497716,0.7140705063100079,0.12937792233471124,0.08730798691013059,,,0.8,0.23,0.19,0.95,0.11,1.3,0.12,0.01,0.0,0.219,1.4759615384615385,1.1498470303279134,0.115,,0.007,,0.0,,False,96.0,99.0,96.0,88.0,93.0,91.0,91.0,92.0,94.0,high,high,high,high,high,high,high,high,high,2026-04-24
hitter,KC,LAA,Michael Massey,686681,9.0,2B,Confirmed,3.1,,,,,0.46,0.16,,,,,0.5073801060009083,0.40359369765010633,0.17687426381623758,0.13801752223573502,0.994208494208494,0.7266180295523154,0.1542405672518584,0.12067922922695569,,,0.85,0.26,0.23,1.14,0.14,1.39,0.11,0.01,0.0,0.241,1.5956790123456794,1.2183799920028517,0.107,,0.007,,0.0,,False,96.0,99.0,96.0,88.0,93.0,91.0,91.0,92.0,94.0,high,high,high,high,high,high,high,high,high,2026-04-24
hitter,LAA,KC,Zach Neto,687263,1.0,SS,Confirmed,4.64,,,,,0.97,0.44,,,,,0.9217972673772056,1.0259634013188943,0.45108995475423064,0.4243183432355278,1.0980834272829765,1.1617191945394503,0.3294190213020859,0.3648796115310006,,,1.13,0.98,0.84,3.32,0.35,2.26,0.22,0.01,0.0,0.503,2.057017543859649,2.4322012404929514,0.219,,0.01,,0.0,,False,96.0,99.0,96.0,88.0,93.0,91.0,91.0,92.0,94.0,high,high,high,high,high,high,high,high,high,2026-04-24
hitter,LAA,KC,Mike Trout,545361,2.0,CF,Confirmed,4.74,,,,,1.09,0.73,,,,,1.06147585599659,1.1126328021794978,0.784084265081862,0.6662696245505937,1.0,1.1303822762966875,0.36547620092233574,0.36148987242879793,,,1.07,0.94,0.76,2.81,0.36,2.15,0.16,0.01,0.0,0.493,2.057017543859649,2.230040684645563,0.162,,0.008,,0.0,,False,96.0,99.0,96.0,88.0,93.0,91.0,91.0,92.0,94.0,high,high,high,high,high,high,high,high,high,2026-04-24
hitter,LAA,KC,Jo Adell,666176,3.0,RF,Confirmed,4.51,,,,,0.91,0.26,,,,,0.8539277812514178,0.9616640742158256,0.26118720950880703,0.25425615365023024,1.0980834272829765,1.147886653642045,0.4557667394347656,0.4372430427979128,,,1.13,0.87,0.92,2.93,0.45,2.58,0.19,0.01,0.0,0.443,2.552380952380952,2.603759148825176,0.188,,0.008,,0.0,,False,96.0,99.0,96.0,88.0,93.0,91.0,91.0,92.0,94.0,high,high,high,high,high,high,high,high,high,2026-04-24
hitter,LAA,KC,Jorge Soler,624585,4.0,DH,Confirmed,4.26,,,,,0.99,0.41,,,,,0.9527355635952061,1.029568092397084,0.44405565740390396,0.3804534531481411,0.8694581280788177,0.9381318016215225,0.27765004838832025,0.27016706496914095,,,0.91,0.69,0.65,2.33,0.27,1.92,0.18,0.01,0.0,0.394,1.914285714285714,1.9273949515060829,0.176,,0.007,,0.0,,False,96.0,99.0,96.0,88.0,93.0,91.0,91.0,92.0,94.0,high,high,high,high,high,high,high,high,high,2026-04-24
hitter,LAA,KC,Oswald Peraza,672724,5.0,3B,Confirmed,3.02,,,,,0.73,0.18,,,,,0.7333591185521505,0.721203731480254,0.19910995337147988,0.16383254886538015,0.7061469265367316,0.561867113656492,0.10630119609871527,0.09852034057237677,,,0.63,0.4,0.37,1.48,0.1,1.11,0.12,0.01,0.0,0.326,1.239368165249089,1.0019069044168887,0.117,,0.008,,0.0,,False,96.0,99.0,96.0,88.0,93.0,91.0,91.0,92.0,94.0,high,high,high,high,high,high,high,high,high,2026-04-24
hitter,LAA,KC,Nolan Schanuel,694384,6.0,1B,Confirmed,4.68,,,,,0.44,0.42,,,,,0.45256103548156656,0.43335980863127577,0.40090435701793614,0.4355884994992805,1.0980834272829765,1.1206661654717045,0.14523884330904135,0.17493113970464158,,,1.11,0.54,0.54,2.18,0.16,1.88,0.19,0.01,0.0,0.326,1.914285714285714,1.8468257516139577,0.189,,0.01,,0.0,,False,96.0,99.0,96.0,88.0,93.0,91.0,91.0,92.0,94.0,high,high,high,high,high,high,high,high,high,2026-04-24
hitter,LAA,KC,Vaughn Grissom,687093,7.0,2B,Confirmed,4.14,,,,,0.64,0.35,,,,,0.5670348324984121,0.7029841703812955,0.29869767312862616,0.4047782062254908,0.994208494208494,0.9735919940954005,0.13832171111502806,0.12870226168095178,,,0.98,0.53,0.49,2.11,0.13,1.54,0.16,0.01,0.0,0.355,1.5956790123456794,1.5031998625495258,0.164,,0.006,,0.0,,False,96.0,99.0,96.0,88.0,93.0,91.0,91.0,92.0,94.0,high,high,high,high,high,high,high,high,high,2026-04-24
hitter,LAA,KC,Logan O'Hoppe,681351,8.0,C,Confirmed,4.25,,,,,0.97,0.29,,,,,0.9080920157533185,1.0398056437683765,0.2881469335470319,0.2861938191515371,0.994208494208494,1.0047701303948489,0.26895773189494654,0.2698867731818067,,,1.0,0.63,0.62,2.35,0.27,1.93,0.15,0.01,0.0,0.399,1.914285714285714,1.9386305509725537,0.154,,0.008,,0.0,,False,96.0,99.0,96.0,88.0,93.0,91.0,91.0,92.0,94.0,high,high,high,high,high,high,high,high,high,2026-04-24
hitter,LAA,KC,Bryce Teodosio,669326,9.0,LF,Confirmed,3.81,,,,,0.83,0.23,,,,,0.7868481099431572,0.8679612372377499,0.23292449385779168,0.22637888652950447,0.7715355805243446,0.8548038601664201,0.10790439160026655,0.1411668924750423,,,0.82,0.41,0.37,1.65,0.12,1.4,0.15,0.01,0.0,0.303,1.3893129770992367,1.4094099576813948,0.154,,0.011,,0.0,,False,96.0,99.0,96.0,88.0,93.0,91.0,91.0,92.0,94.0,high,high,high,high,high,high,high,high,high,2026-04-24
hitter,CWS,WSH,Everson Pereira,677592,1.0,DH,Confirmed,3.74,,,,,1.28,0.27,,,,,1.326311688297243,1.2342932669092268,0.29672578216971923,0.24591727539685887,0.8770949720670391,0.7830536974117603,0.042433378145826144,0.04148099651550274,,,0.83,0.4,0.31,1.48,0.04,1.22,0.16,0.01,0.0,0.269,1.239368165249089,1.2118835295747143,0.162,,0.01,,0.0,,False,96.0,99.0,96.0,88.0,93.0,91.0,91.0,92.0,94.0,high,high,high,high,high,high,high,high,high,2026-04-24
hitter,CWS,WSH,Chase Meidroth,805367,2.0,2B,Confirmed,4.04,,,,,0.68,0.28,,,,,0.6594229812168487,0.7074855537727367,0.2728824176365232,0.27786715547637786,1.0980834272829765,1.0613334747859307,0.02941987791633408,0.014969048130796752,,,1.08,0.41,0.31,1.62,0.02,1.35,0.16,0.01,0.0,0.253,1.3893129770992367,1.3206177352616715,0.157,,0.009,,0.0,,False,96.0,99.0,96.0,88.0,93.0,91.0,91.0,92.0,94.0,high,high,high,high,high,high,high,high,high,2026-04-24
hitter,CWS,WSH,Munetaka Murakami,808959,3.0,1B,Confirmed,4.03,,,,,1.36,0.51,,,,,1.4962342876348198,1.2154924485635072,0.5305550911062664,0.4889116782049751,0.8949771689497716,0.8665267358031001,0.09062588909488112,0.08465090963509284,,,0.88,0.49,0.41,1.7,0.09,1.31,0.25,0.01,0.0,0.317,1.3148148148148149,1.3021573776937785,0.251,,0.01,,0.0,,False,96.0,99.0,96.0,88.0,93.0,91.0,91.0,92.0,94.0,high,high,high,high,high,high,high,high,high,2026-04-24
hitter,CWS,WSH,Miguel Vargas,678246,4.0,3B,Confirmed,3.96,,,,,0.87,0.31,,,,,0.8972772718173327,0.8460750343725701,0.3081288168762578,0.3105431257015403,1.0,0.9684232365913059,0.061080922090179,0.04885367283717024,,,0.98,0.46,0.42,1.75,0.05,1.35,0.19,0.01,0.0,0.29,1.3893129770992367,1.3148308690109871,0.193,,0.009,,0.0,,False,96.0,99.0,96.0,88.0,93.0,91.0,91.0,92.0,94.0,high,high,high,high,high,high,high,high,high,2026-04-24
hitter,CWS,WSH,Colson Montgomery,695657,5.0,SS,Confirmed,3.96,,,,,1.36,0.31,,,,,1.4022467686714877,1.311280795033474,0.31875461612176537,0.30796466647715875,1.0,0.9319229299615233,0.09915124252324217,0.1001457249414195,,,0.96,0.55,0.52,1.94,0.1,1.51,0.23,0.01,0.0,0.341,1.5956790123456794,1.4438160364450878,0.23,,0.012,,0.0,,False,96.0,99.0,96.0,88.0,93.0,91.0,91.0,92.0,94.0,high,high,high,high,high,high,high,high,high,2026-04-24
hitter,CWS,WSH,Edgar Quero,700337,6.0,C,Confirmed,3.54,,,,,0.78,0.2,,,,,0.787160722494497,0.777603925456956,0.21771921621144988,0.1792539399909816,1.0980834272829765,0.8611896605622188,0.02915589931212548,0.020588984948672832,,,0.97,0.33,0.33,1.47,0.02,1.19,0.16,0.01,0.0,0.27,1.3148148148148149,1.0943062873449299,0.155,,0.009,,0.0,,False,96.0,99.0,96.0,88.0,93.0,91.0,91.0,92.0,94.0,high,high,high,high,high,high,high,high,high,2026-04-24
hitter,CWS,WSH,Sam Antonacci,803011,7.0,LF,Confirmed,3.49,,,,,0.68,0.23,,,,,0.6790264223829896,0.6777724833254412,0.23261795607740243,0.22759353419236003,1.0980834272829765,0.9685333636888738,0.03392340524999084,0.03062060256986155,,,1.03,0.36,0.32,1.55,0.03,1.26,0.18,0.02,0.0,0.295,1.3148148148148149,1.2229577794355022,0.176,,0.016,,0.0,,False,96.0,99.0,96.0,88.0,93.0,91.0,91.0,92.0,94.0,high,high,high,high,high,high,high,high,high,2026-04-24
hitter,CWS,WSH,Luisangel Acuña,682668,8.0,CF,Confirmed,1.64,,,,,0.44,0.15,,,,,0.538913159499326,0.34340525283760015,0.18820240075225567,0.11258142680377341,0.35424354243542433,0.22935286715412914,0.06157667615322384,0.040386842406538184,,,0.29,0.14,0.12,0.6,0.05,0.55,0.08,0.01,0.0,0.256,0.6720588235294118,0.4495178963935801,0.085,,0.007,,0.0,,False,96.0,99.0,96.0,88.0,93.0,91.0,91.0,92.0,94.0,high,high,high,high,high,high,high,high,high,2026-04-24
hitter,CWS,WSH,Tristan Peters,671976,9.0,RF,Confirmed,2.55,,,,,0.89,0.1,,,,,0.9235873154097608,0.8632258802977513,0.12311075587096296,0.06941863324581114,0.6506024096385542,0.4544152322255953,0.02147396064871826,0.00812194355197624,,,0.54,0.18,0.16,0.75,0.01,0.63,0.11,0.01,0.0,0.211,0.6720588235294118,0.5989287900012225,0.113,,0.01,,0.0,,False,96.0,99.0,96.0,88.0,93.0,91.0,91.0,92.0,94.0,high,high,high,high,high,high,high,high,high,2026-04-24
hitter,WSH,CWS,James Wood,695578,1.0,RF,Confirmed,4.48,,,,,1.52,0.63,,,,,1.5167726466220135,1.5287225357568026,0.6229074419192855,0.6374161689507611,0.8770949720670391,0.8997016865008077,0.46791532795714125,0.4415487318200155,,,0.89,0.75,0.61,2.23,0.45,2.41,0.14,0.01,0.0,0.412,2.456692913385827,2.379904601396007,0.141,,0.008,,0.0,,False,82.0,86.0,82.0,74.0,79.0,77.0,77.0,78.0,80.0,high,high,high,medium,medium,medium,medium,medium,high,2026-04-24
hitter,WSH,CWS,Daylen Lile,695734,2.0,LF,Confirmed,4.04,,,,,0.75,0.32,,,,,0.7437433775494182,0.763833649471077,0.3394001446206337,0.2978477625405299,0.8949771689497716,0.881062193940164,0.28795004243518507,0.2426178921367858,,,0.89,0.59,0.5,1.99,0.27,1.83,0.12,0.02,0.0,0.354,1.914285714285714,1.7690179468253442,0.122,,0.016,,0.0,,False,82.0,86.0,82.0,74.0,79.0,77.0,77.0,78.0,80.0,high,high,high,medium,medium,medium,medium,medium,high,2026-04-24
hitter,WSH,CWS,Brady House,691781,3.0,DH,Confirmed,4.18,,,,,1.55,0.14,,,,,1.3907781725748214,1.7026766089774041,0.11272638382679528,0.16975037861329947,1.0980834272829765,1.2311258356879782,0.09706318978166834,0.10583661006595246,,,1.17,0.53,0.49,2.17,0.1,1.92,0.19,0.01,0.0,0.306,2.057017543859649,1.8160663419826872,0.19,,0.014,,0.0,,False,82.0,86.0,82.0,74.0,79.0,77.0,77.0,78.0,80.0,high,high,high,medium,medium,medium,medium,medium,high,2026-04-24
hitter,WSH,CWS,CJ Abrams,682928,4.0,SS,Confirmed,4.14,,,,,0.95,0.28,,,,,0.9881016595581432,0.918367207930774,0.2849999614731914,0.27346508250600404,0.8694581280788177,0.8720394293026885,0.22962944998914936,0.2506692231705568,,,0.87,0.54,0.51,1.91,0.24,1.83,0.15,0.01,0.0,0.314,1.914285714285714,1.7567842830800775,0.146,,0.01,,0.0,,False,82.0,86.0,82.0,74.0,79.0,77.0,77.0,78.0,80.0,high,high,high,medium,medium,medium,medium,medium,high,2026-04-24
hitter,WSH,CWS,Jacob Young,696285,5.0,CF,Confirmed,3.58,,,,,0.71,0.16,,,,,0.7001599829730083,0.7218475064744906,0.16922586067445133,0.15680750548352232,0.707983193277311,0.6578793129325837,0.08316806628897364,0.08470989117273946,,,0.68,0.36,0.32,1.39,0.08,1.13,0.12,0.01,0.0,0.248,1.1521739130434783,1.1128688118005645,0.116,,0.008,,0.0,,False,82.0,86.0,82.0,74.0,79.0,77.0,77.0,78.0,80.0,high,high,high,medium,medium,medium,medium,medium,high,2026-04-24
hitter,WSH,CWS,Jorbit Vivas,678391,6.0,3B,Confirmed,3.02,,,,,0.66,0.18,,,,,0.6444562982766618,0.6745550403882937,0.19053718310981138,0.16475132379408475,0.4803149606299212,0.4147089947129826,0.10131775769478024,0.098646798579337,,,0.44,0.27,0.28,1.08,0.1,0.92,0.1,0.01,0.0,0.256,0.9875776397515532,0.8580118651971985,0.1,,0.008,,0.0,,False,82.0,86.0,82.0,74.0,79.0,77.0,77.0,78.0,80.0,high,high,high,medium,medium,medium,medium,medium,high,2026-04-24
hitter,WSH,CWS,Nasim Nuñez,683083,7.0,2B,Confirmed,3.1,,,,,0.8,0.25,,,,,0.7872610124094447,0.8139529253395158,0.26940427055143257,0.23268857556275643,0.5290322580645161,0.46174214132137814,0.11803786680916009,0.12625673147888355,,,0.49,0.29,0.25,1.08,0.12,0.94,0.12,0.01,0.0,0.274,1.001763668430335,0.8950425895580811,0.118,,0.008,,0.0,,False,82.0,86.0,82.0,74.0,79.0,77.0,77.0,78.0,80.0,high,high,high,medium,medium,medium,medium,medium,high,2026-04-24
hitter,WSH,CWS,Luis García Jr.,671277,8.0,1B,Confirmed,3.49,,,,,0.7,0.19,,,,,0.7132169047289999,0.695171998566193,0.20991276096559217,0.17518972848194997,0.7061469265367316,0.6519066398615592,0.1619038417492736,0.15439403357229362,,,0.68,0.36,0.34,1.41,0.16,1.26,0.12,0.01,0.0,0.29,1.3148148148148149,1.222006790021727,0.124,,0.008,,0.0,,False,82.0,86.0,82.0,74.0,79.0,77.0,77.0,78.0,80.0,high,high,high,medium,medium,medium,medium,medium,high,2026-04-24
hitter,WSH,CWS,Drew Millas,686452,9.0,C,Confirmed,4.51,,,,,0.56,0.47,,,,,0.543552583659728,0.5705608007859709,0.44941780205321735,0.4948581762110966,1.0980834272829765,1.1943097690270295,0.06868871793433023,0.06612837536726145,,,1.15,0.5,0.41,2.01,0.07,1.73,0.3,0.01,0.0,0.333,1.684375,1.7619340538090533,0.299,,0.014,,0.0,,False,82.0,86.0,82.0,74.0,79.0,77.0,77.0,78.0,80.0,high,high,high,medium,medium,medium,medium,medium,high,2026-04-24
hitter,MIL,PIT,Brice Turang,668930,1.0,2B,Confirmed,3.81,,,,,0.92,0.12,,,,,0.8522908340257318,0.9850626411797574,0.12822824280987194,0.11297116383298088,0.801980198019802,0.7896623095863197,0.024589556948767747,0.0,,,0.8,0.33,0.25,1.29,0.01,1.08,0.12,0.01,0.0,0.217,1.1238670694864048,1.0459614102722556,0.119,,0.008,,0.0,,False,96.0,99.0,96.0,88.0,93.0,91.0,91.0,92.0,94.0,high,high,high,high,high,high,high,high,high,2026-04-24
hitter,MIL,PIT,William Contreras,661388,2.0,C,Confirmed,4.26,,,,,0.77,0.15,,,,,0.7889420745027815,0.7603995865282493,0.1517073766445336,0.1516945068965663,1.0980834272829765,1.0671168727233682,0.04289189007019351,0.04778714744636958,,,1.08,0.46,0.36,1.81,0.05,1.4,0.17,0.01,0.0,0.269,1.4476190476190476,1.3692499588171778,0.169,,0.007,,0.0,,False,96.0,99.0,96.0,88.0,93.0,91.0,91.0,92.0,94.0,high,high,high,high,high,high,high,high,high,2026-04-24
hitter,MIL,PIT,Jake Bauers,641343,3.0,1B,Confirmed,3.1,,,,,1.0,0.43,,,,,1.0228316127820902,0.9851706804945086,0.45307850601501,0.4137808139375187,0.4125159642401022,0.3469953124269149,0.030542802656308682,0.03828348024180594,,,0.38,0.24,0.2,0.92,0.03,0.56,0.12,0.01,0.0,0.199,0.6289308176100628,0.4955085244621555,0.119,,0.007,,0.0,,False,96.0,99.0,96.0,88.0,93.0,91.0,91.0,92.0,94.0,high,high,high,high,high,high,high,high,high,2026-04-24
hitter,MIL,PIT,Tyler Black,672012,4.0,DH,Confirmed,3.02,,,,,0.71,0.22,,,,,0.7295805373199252,0.7003157780019469,0.2049306831321408,0.24081997143043785,0.4125159642401022,0.37429530172884024,0.026052234154776747,0.015776648544856962,,,0.39,0.27,0.21,1.01,0.02,0.74,0.12,0.01,0.0,0.233,0.6720588235294118,0.7919886176806393,0.121,,0.008,,0.0,,False,96.0,99.0,96.0,88.0,93.0,91.0,91.0,92.0,94.0,high,high,high,high,high,high,high,high,high,2026-04-24
hitter,MIL,PIT,Luis Rengifo,650859,5.0,3B,Confirmed,3.33,,,,,0.64,0.1,,,,,0.6711024400334239,0.6164131275143566,0.11016059431536068,0.0802223035332173,0.8694581280788177,0.7322192899677397,0.02788237331730757,0.026609432245670004,,,0.79,0.32,0.28,1.31,0.03,1.05,0.13,0.01,0.0,0.24,1.1521739130434783,0.9673700014069445,0.134,,0.008,,0.0,,False,96.0,99.0,96.0,88.0,93.0,91.0,91.0,92.0,94.0,high,high,high,high,high,high,high,high,high,2026-04-24
hitter,MIL,PIT,Garrett Mitchell,669003,6.0,CF,Confirmed,3.33,,,,,0.97,0.12,,,,,0.969583253712328,0.9788435242265399,0.14068901535675984,0.0979214766493278,0.7061469265367316,0.6007927272631901,0.02908527218523797,0.012939225708710835,,,0.65,0.21,0.2,0.89,0.02,1.01,0.11,0.01,0.0,0.184,1.1238670694864048,0.9156166052461162,0.108,,0.008,,0.0,,False,96.0,99.0,96.0,88.0,93.0,91.0,91.0,92.0,94.0,high,high,high,high,high,high,high,high,high,2026-04-24
hitter,MIL,PIT,Sal Frelick,686217,7.0,RF,Confirmed,3.81,,,,,0.51,0.12,,,,,0.5182785094988568,0.4995858462138314,0.11587533541530176,0.12122401685660479,0.994208494208494,0.906022437275714,0.02375078170429452,0.01589972699515265,,,0.95,0.32,0.28,1.4,0.02,1.17,0.16,0.01,0.0,0.239,1.239368165249089,1.1108178589215998,0.159,,0.008,,0.0,,False,96.0,99.0,96.0,88.0,93.0,91.0,91.0,92.0,94.0,high,high,high,high,high,high,high,high,high,2026-04-24
hitter,MIL,PIT,Brandon Lockridge,663604,8.0,LF,Confirmed,2.55,,,,,0.7,0.06,,,,,0.7222935228795362,0.6766725560536535,0.07319229695029383,0.037563299490936404,0.5290322580645161,0.44856340858867805,0.014848716285813216,0.008144560885806609,,,0.48,0.14,0.12,0.59,0.01,0.62,0.09,0.01,0.0,0.162,0.6720588235294118,0.5776101570496849,0.089,,0.007,,0.0,,False,96.0,99.0,96.0,88.0,93.0,91.0,91.0,92.0,94.0,high,high,high,high,high,high,high,high,high,2026-04-24
hitter,MIL,PIT,David Hamilton,666152,9.0,SS,Confirmed,2.55,,,,,0.68,0.08,,,,,0.6876285676764162,0.6672229078816184,0.0839113983015617,0.066326852940006,0.4803149606299212,0.44050861071649683,0.018942497215838378,0.013775366464810361,,,0.46,0.15,0.13,0.63,0.02,0.6,0.1,0.01,0.0,0.175,0.6720588235294118,0.5497633951562108,0.095,,0.007,,0.0,,False,96.0,99.0,96.0,88.0,93.0,91.0,91.0,92.0,94.0,high,high,high,high,high,high,high,high,high,2026-04-24
hitter,PIT,MIL,Oneil Cruz,665833,1.0,CF,Confirmed,3.96,,,,,1.94,0.38,,,,,2.004028278561974,1.867536463667525,0.4039632590861184,0.3637047697731645,0.8694581280788177,0.7427256425468372,0.21273003227615928,0.20103207362599437,,,0.8,0.28,0.19,0.95,0.21,1.63,0.11,0.01,0.0,0.187,1.684375,1.587854542915955,0.111,,0.009,,0.0,,False,96.0,99.0,96.0,88.0,93.0,91.0,91.0,92.0,94.0,high,high,high,high,high,high,high,high,high,2026-04-24
hitter,PIT,MIL,Brandon Lowe,664040,2.0,2B,Confirmed,4.18,,,,,1.84,0.34,,,,,1.8802598597788402,1.8021506059728518,0.3275618521688852,0.3447358537857362,0.8770949720670391,0.8822508458769223,0.18250859036562578,0.20830858260297755,,,0.88,0.31,0.22,1.12,0.2,1.78,0.13,0.01,0.0,0.193,1.914285714285714,1.6612596798245385,0.132,,0.007,,0.0,,False,96.0,99.0,96.0,88.0,93.0,91.0,91.0,92.0,94.0,high,high,high,high,high,high,high,high,high,2026-04-24
hitter,PIT,MIL,Bryan Reynolds,668804,3.0,LF,Confirmed,3.74,,,,,1.51,0.29,,,,,1.4949946281165118,1.517093123330089,0.3030317652987887,0.28522959888330246,0.7715355805243446,0.7234316058192091,0.11148393331812229,0.10932604650946694,,,0.75,0.25,0.2,0.93,0.11,1.29,0.1,0.01,0.0,0.18,1.3148148148148149,1.2638328221626955,0.101,,0.008,,0.0,,False,96.0,99.0,96.0,88.0,93.0,91.0,91.0,92.0,94.0,high,high,high,high,high,high,high,high,high,2026-04-24
hitter,PIT,MIL,Marcell Ozuna,542303,4.0,DH,Confirmed,3.49,,,,,1.51,0.23,,,,,1.6287482408999032,1.398393453887359,0.24055547138348513,0.21569886898530244,0.707983193277311,0.6495275349993009,0.15543931723813,0.13474125018463345,,,0.68,0.25,0.2,0.93,0.15,1.19,0.1,0.01,0.0,0.184,1.239368165249089,1.1436741688055911,0.096,,0.006,,0.0,,False,96.0,99.0,96.0,88.0,93.0,91.0,91.0,92.0,94.0,high,high,high,high,high,high,high,high,high,2026-04-24
hitter,PIT,MIL,Ryan O'Hearn,656811,5.0,1B,Confirmed,3.33,,,,,1.24,0.23,,,,,1.282311582776763,1.1992277930728803,0.24144687112157018,0.21469440962797276,0.707983193277311,0.6277299491770487,0.10263126412332169,0.10186923545772728,,,0.66,0.22,0.17,0.8,0.1,1.06,0.1,0.01,0.0,0.175,1.1521739130434783,0.9792292249593172,0.099,,0.006,,0.0,,False,96.0,99.0,96.0,88.0,93.0,91.0,91.0,92.0,94.0,high,high,high,high,high,high,high,high,high,2026-04-24
hitter,PIT,MIL,Nick Gonzales,693304,6.0,3B,Confirmed,3.33,,,,,1.01,0.13,,,,,1.0298084901816982,0.9961880253093468,0.1416348701451349,0.1264795870130154,0.801980198019802,0.7225250271417581,0.061260343403113156,0.08090438941401616,,,0.76,0.17,0.17,0.75,0.07,1.16,0.1,0.01,0.0,0.152,1.239368165249089,1.095752329867769,0.096,,0.009,,0.0,,False,96.0,99.0,96.0,88.0,93.0,91.0,91.0,92.0,94.0,high,high,high,high,high,high,high,high,high,2026-04-24
hitter,PIT,MIL,Spencer Horwitz,687462,7.0,1B,Confirmed,3.33,,,,,1.07,0.26,,,,,1.1336786281436708,1.004566481329071,0.2633056287057375,0.25095624982922454,0.7061469265367316,0.5922677585400151,0.09252228770424714,0.08928460526332287,,,0.64,0.2,0.15,0.76,0.09,1.04,0.1,0.01,0.0,0.181,1.1521739130434783,0.9570054778879858,0.102,,0.008,,0.0,,False,96.0,99.0,96.0,88.0,93.0,91.0,91.0,92.0,94.0,high,high,high,high,high,high,high,high,high,2026-04-24
hitter,PIT,MIL,Konnor Griffin,804606,8.0,SS,Confirmed,3.48,,,,,1.42,0.17,,,,,1.385379528368414,1.455917828157061,0.16658869089439335,0.17400565036620425,0.801980198019802,0.7515900986349131,0.05669441211552505,0.0687254703903181,,,0.77,0.22,0.19,0.93,0.06,1.18,0.11,0.01,0.0,0.183,1.239368165249089,1.1299470026304328,0.111,,0.01,,0.0,,False,96.0,99.0,96.0,88.0,93.0,91.0,91.0,92.0,94.0,high,high,high,high,high,high,high,high,high,2026-04-24
hitter,PIT,MIL,Henry Davis,680779,9.0,C,Confirmed,3.74,,,,,1.01,0.3,,,,,1.005559023493665,1.0050932696104669,0.2999967057120848,0.2967222580525129,0.801980198019802,0.7980145440175409,0.05962075775056821,0.06620037398560465,,,0.8,0.23,0.19,0.95,0.06,1.12,0.12,0.01,0.0,0.181,1.239368165249089,1.0225548237617035,0.121,,0.006,,0.0,,False,96.0,99.0,96.0,88.0,93.0,91.0,91.0,92.0,94.0,high,high,high,high,high,high,high,high,high,2026-04-24
hitter,TEX,ATH,Brandon Nimmo,607043,1.0,RF,Confirmed,4.74,,,,,0.91,0.5,,,,,0.8647302745838689,0.9490928674242733,0.4976882892587181,0.5013873502234248,1.1391752577319587,1.2465510826260553,0.26765642513440696,0.28586723389324176,,,1.2,0.67,0.52,2.18,0.28,2.44,0.21,0.01,0.0,0.355,2.456692913385827,2.421390975282549,0.207,,0.009,,0.0,,False,96.0,99.0,96.0,88.0,93.0,91.0,91.0,92.0,94.0,high,high,high,high,high,high,high,high,high,2026-04-24
hitter,TEX,ATH,Joc Pederson,592626,2.0,DH,Confirmed,3.48,,,,,0.82,0.38,,,,,0.8005461889338866,0.8344000171005191,0.39657026484777347,0.3663914642389813,0.7715355805243446,0.692601721754651,0.15530216379666975,0.15353195904463932,,,0.73,0.39,0.28,1.2,0.15,1.3,0.11,0.01,0.0,0.296,1.3148148148148149,1.2812801497652913,0.107,,0.007,,0.0,,False,96.0,99.0,96.0,88.0,93.0,91.0,91.0,92.0,94.0,high,high,high,high,high,high,high,high,high,2026-04-24
hitter,TEX,ATH,Corey Seager,608369,3.0,SS,Confirmed,4.74,,,,,0.83,0.75,,,,,0.8377891662228274,0.8239709189442923,0.7188404624877521,0.7869409037255297,1.0980834272829765,1.2068722079992378,0.35104197807879056,0.3498817831229978,,,1.16,0.78,0.68,2.46,0.35,2.43,0.16,0.01,0.0,0.416,2.456692913385827,2.4147901345878178,0.159,,0.007,,0.0,,False,96.0,99.0,96.0,88.0,93.0,91.0,91.0,92.0,94.0,high,high,high,high,high,high,high,high,high,2026-04-24
hitter,TEX,ATH,Jake Burger,669394,4.0,1B,Confirmed,3.89,,,,,0.94,0.26,,,,,0.9483322650573388,0.9345216309618152,0.27050564601991967,0.24331415057927736,1.0980834272829765,0.9771473085804089,0.36808642597540736,0.3023165701999115,,,1.03,0.58,0.58,1.95,0.34,2.05,0.13,0.01,0.0,0.351,2.057017543859649,2.042013289567295,0.126,,0.009,,0.0,,False,96.0,99.0,96.0,88.0,93.0,91.0,91.0,92.0,94.0,high,high,high,high,high,high,high,high,high,2026-04-24
hitter,TEX,ATH,Josh Jung,673962,5.0,3B,Confirmed,4.25,,,,,0.89,0.37,,,,,0.8472432045216411,0.9260057635364678,0.36231565396721266,0.38003638062016815,1.0980834272829765,1.1038941970992309,0.23187742446561738,0.24212005025557037,,,1.1,0.56,0.51,1.95,0.24,2.03,0.14,0.01,0.0,0.328,2.057017543859649,2.015980384509362,0.14,,0.009,,0.0,,False,96.0,99.0,96.0,88.0,93.0,91.0,91.0,92.0,94.0,high,high,high,high,high,high,high,high,high,2026-04-24
hitter,TEX,ATH,Evan Carter,694497,6.0,CF,Confirmed,4.18,,,,,0.83,0.45,,,,,0.792262813230882,0.8735940430259357,0.45246257524348654,0.44099162522127155,1.0980834272829765,1.0437122564758645,0.21931725627428264,0.22056383883200453,,,1.07,0.48,0.47,1.75,0.22,1.85,0.14,0.01,0.0,0.333,1.914285714285714,1.8064141918385985,0.145,,0.009,,0.0,,False,96.0,99.0,96.0,88.0,93.0,91.0,91.0,92.0,94.0,high,high,high,high,high,high,high,high,high,2026-04-24
hitter,TEX,ATH,Kyle Higashioka,543309,7.0,C,Confirmed,3.74,,,,,0.83,0.23,,,,,0.7347591784597449,0.9261449723010029,0.24733731806418346,0.20712451094189618,0.5290322580645161,0.462340130532305,0.08947026891314874,0.10998155302838883,,,0.49,0.37,0.32,1.33,0.1,0.85,0.11,0.01,0.0,0.286,0.8408408408408409,0.852155824522135,0.105,,0.008,,0.0,,False,96.0,99.0,96.0,88.0,93.0,91.0,91.0,92.0,94.0,high,high,high,high,high,high,high,high,high,2026-04-24
hitter,TEX,ATH,Josh Smith,669701,8.0,2B,Confirmed,4.18,,,,,0.72,0.43,,,,,0.7463656414521495,0.6923255129212156,0.4367633314206898,0.42442534918590025,1.0980834272829765,1.0215736298858633,0.17740794895556616,0.17041778285313272,,,1.06,0.48,0.41,1.77,0.17,1.83,0.12,0.01,0.0,0.332,1.914285714285714,1.7690776287746905,0.122,,0.008,,0.0,,False,96.0,99.0,96.0,88.0,93.0,91.0,91.0,92.0,94.0,high,high,high,high,high,high,high,high,high,2026-04-24
hitter,TEX,ATH,Alejandro Osuna,696030,9.0,LF,Confirmed,4.18,,,,,0.67,0.44,,,,,0.628394487550025,0.7136960459498877,0.4486497503628297,0.43274352281128214,1.0980834272829765,0.9507150263560941,0.15720879951875041,0.1398169099409492,,,1.02,0.47,0.4,1.74,0.15,1.5,0.14,0.01,0.0,0.327,1.4759615384615385,1.5274636960491037,0.139,,0.007,,0.0,,False,96.0,99.0,96.0,88.0,93.0,91.0,91.0,92.0,94.0,high,high,high,high,high,high,high,high,high,2026-04-24
hitter,ATH,TEX,Nick Kurtz,701762,1.0,1B,Confirmed,4.7,,,,,1.15,0.93,,,,,1.155554016731153,1.1466548602615239,0.990996560400709,0.8719572120481502,1.0980834272829765,1.0418542344068085,0.1367336723749182,0.13213201848958966,,,1.07,0.76,0.6,2.51,0.13,1.68,0.18,0.01,0.0,0.403,1.684375,1.681556670853129,0.184,,0.01,,0.0,,False,96.0,99.0,96.0,88.0,93.0,91.0,91.0,92.0,94.0,high,high,high,high,high,high,high,high,high,2026-04-24
hitter,ATH,TEX,Shea Langeliers,669127,2.0,C,Confirmed,4.64,,,,,0.8,0.43,,,,,0.8330476748578457,0.7620749279584256,0.40860706803420077,0.4514756170751704,1.0980834272829765,1.1682484262302852,0.0733111920310053,0.06372052024403992,,,1.14,0.6,0.49,2.23,0.07,1.64,0.3,0.01,0.0,0.32,1.684375,1.6072241964650886,0.295,,0.011,,0.0,,False,96.0,99.0,96.0,88.0,93.0,91.0,91.0,92.0,94.0,high,high,high,high,high,high,high,high,high,2026-04-24
hitter,ATH,TEX,Carlos Cortes,666126,3.0,DH,Confirmed,3.48,,,,,0.54,0.25,,,,,0.4966825997060037,0.5795721325397926,0.2608059947216147,0.2389946903574998,0.7715355805243446,0.7093757057162656,0.0364337571242422,0.015996687740829952,,,0.74,0.44,0.41,1.72,0.03,0.99,0.16,0.01,0.0,0.306,1.001763668430335,0.9760012213271304,0.158,,0.009,,0.0,,False,96.0,99.0,96.0,88.0,93.0,91.0,91.0,92.0,94.0,high,high,high,high,high,high,high,high,high,2026-04-24
hitter,ATH,TEX,Tyler Soderstrom,691016,4.0,LF,Confirmed,4.27,,,,,0.76,0.48,,,,,0.7166408532050148,0.8046221514841595,0.5047596160432419,0.4626418044583511,1.0,1.0302084040408122,0.04847204805039763,0.03358535860988983,,,1.02,0.56,0.49,2.16,0.04,1.39,0.29,0.01,0.0,0.337,1.3893129770992367,1.3977381143760435,0.294,,0.011,,0.0,,False,96.0,99.0,96.0,88.0,93.0,91.0,91.0,92.0,94.0,high,high,high,high,high,high,high,high,high,2026-04-24
hitter,ATH,TEX,Jacob Wilson,805779,5.0,SS,Confirmed,4.51,,,,,0.35,0.26,,,,,0.31029614133718375,0.3859544392905165,0.26330194931044765,0.2653548614433552,1.1391752577319587,1.2449589613037553,0.03029790923924324,0.026457713702536915,,,1.2,0.68,0.62,2.79,0.03,1.49,0.26,0.02,0.0,0.364,1.4759615384615385,1.4971004570833226,0.258,,0.019,,0.0,,False,96.0,99.0,96.0,88.0,93.0,91.0,91.0,92.0,94.0,high,high,high,high,high,high,high,high,high,2026-04-24
hitter,ATH,TEX,Jeff McNeil,643446,6.0,2B,Confirmed,4.18,,,,,0.39,0.41,,,,,0.4064291345221528,0.3817938321904305,0.40351937683834904,0.4073168710045433,0.994208494208494,0.95635206618908,0.034053101312872223,0.03242007349444909,,,0.97,0.48,0.48,2.06,0.03,1.34,0.21,0.01,0.0,0.324,1.3148148148148149,1.3585464096663062,0.211,,0.014,,0.0,,False,96.0,99.0,96.0,88.0,93.0,91.0,91.0,92.0,94.0,high,high,high,high,high,high,high,high,high,2026-04-24
hitter,ATH,TEX,Max Muncy,691777,7.0,3B,Confirmed,4.18,,,,,0.96,0.32,,,,,0.9199129595195255,0.9937520302431202,0.31528600602926593,0.3268625484442915,0.8949771689497716,0.9108601129532263,0.04454208081456944,0.04478707494430506,,,0.9,0.48,0.45,2.03,0.04,1.29,0.21,0.01,0.0,0.321,1.239368165249089,1.329643395811211,0.207,,0.01,,0.0,,False,96.0,99.0,96.0,88.0,93.0,91.0,91.0,92.0,94.0,high,high,high,high,high,high,high,high,high,2026-04-24
hitter,ATH,TEX,Lawrence Butler,671732,8.0,RF,Confirmed,4.26,,,,,0.94,0.45,,,,,0.8962656766435859,0.9754667644457339,0.46515501723540553,0.4446270742344746,0.8694581280788177,0.9089786478394658,0.046749816277394295,0.04601149141174292,,,0.89,0.47,0.43,1.89,0.05,1.33,0.18,0.01,0.0,0.307,1.3148148148148149,1.3386923495986605,0.183,,0.011,,0.0,,False,96.0,99.0,96.0,88.0,93.0,91.0,91.0,92.0,94.0,high,high,high,high,high,high,high,high,high,2026-04-24
hitter,ATH,TEX,Zack Gelof,680869,9.0,CF,Confirmed,3.81,,,,,1.33,0.25,,,,,1.273953370485326,1.3847862460857843,0.23170910128806224,0.2762231507575835,0.6434108527131783,0.6709571333697187,0.09402868812255963,0.1258487223185271,,,0.66,0.39,0.37,1.63,0.11,1.29,0.17,0.01,0.0,0.286,1.1521739130434783,1.4020154650545946,0.17,,0.012,,0.0,,False,96.0,99.0,96.0,88.0,93.0,91.0,91.0,92.0,94.0,high,high,high,high,high,high,high,high,high,2026-04-24
hitter,HOU,NYY,Carlos Correa,621043,1.0,SS,Confirmed,3.96,,,,,0.62,0.33,,,,,0.6661682396926316,0.580593625822197,0.34251129410193204,0.31204219967165375,0.8949771689497716,0.8643459495254026,0.10444560670486638,0.10855565225858084,,,0.88,0.42,0.35,1.64,0.11,1.37,0.18,0.01,0.0,0.26,1.3893129770992367,1.3564274156232259,0.176,,0.008,,0.0,,False,96.0,99.0,96.0,88.0,93.0,91.0,91.0,92.0,94.0,high,high,high,high,high,high,high,high,high,2026-04-24
hitter,HOU,NYY,Yordan Alvarez,670541,2.0,DH,Confirmed,3.96,,,,,0.6,0.56,,,,,0.6440386986877756,0.565373540121403,0.5786590341633668,0.5403630829905004,0.801980198019802,0.7912500972273742,0.198006133620113,0.19976687382841093,,,0.8,0.47,0.41,1.68,0.2,1.6,0.14,0.01,0.0,0.282,1.684375,1.524913014345556,0.138,,0.008,,0.0,,False,96.0,99.0,96.0,88.0,93.0,91.0,91.0,92.0,94.0,high,high,high,high,high,high,high,high,high,2026-04-24
hitter,HOU,NYY,Isaac Paredes,670623,3.0,3B,Confirmed,4.04,,,,,0.59,0.45,,,,,0.6038375497556588,0.5828225371888192,0.47378525965150164,0.4270862540890456,0.801980198019802,0.7609508541673107,0.14734544750228326,0.14637303911235522,,,0.78,0.39,0.36,1.46,0.15,1.41,0.13,0.01,0.0,0.235,1.4759615384615385,1.3496991351332253,0.132,,0.006,,0.0,,False,96.0,99.0,96.0,88.0,93.0,91.0,91.0,92.0,94.0,high,high,high,high,high,high,high,high,high,2026-04-24
hitter,HOU,NYY,Jose Altuve,514888,4.0,2B,Confirmed,3.89,,,,,0.56,0.32,,,,,0.5856447052856448,0.5373122255052006,0.3441008811726408,0.29157021196058336,0.801980198019802,0.7660104455459514,0.07541655636668396,0.07143878758414879,,,0.78,0.34,0.32,1.37,0.07,1.2,0.14,0.01,0.0,0.216,1.239368165249089,1.1600760292943118,0.135,,0.008,,0.0,,False,96.0,99.0,96.0,88.0,93.0,91.0,91.0,92.0,94.0,high,high,high,high,high,high,high,high,high,2026-04-24
hitter,HOU,NYY,Christian Walker,572233,5.0,1B,Confirmed,3.81,,,,,0.82,0.29,,,,,0.8177975776959874,0.8316564604290098,0.3121264357059529,0.26475071067985256,0.801980198019802,0.719726309720369,0.18475726764905476,0.17434838847495723,,,0.76,0.4,0.39,1.5,0.18,1.49,0.16,0.01,0.0,0.249,1.5956790123456794,1.4095964955636153,0.159,,0.008,,0.0,,False,96.0,99.0,96.0,88.0,93.0,91.0,91.0,92.0,94.0,high,high,high,high,high,high,high,high,high,2026-04-24
hitter,HOU,NYY,Cam Smith,701358,6.0,RF,Confirmed,3.49,,,,,0.72,0.31,,,,,0.687373463139597,0.7481236758647983,0.32979218385295217,0.29771931509519334,0.7061469265367316,0.5940176991075273,0.11200001242587351,0.08877650006690135,,,0.64,0.3,0.32,1.26,0.1,1.14,0.13,0.01,0.0,0.238,1.239368165249089,1.060510397643249,0.128,,0.008,,0.0,,False,96.0,99.0,96.0,88.0,93.0,91.0,91.0,92.0,94.0,high,high,high,high,high,high,high,high,high,2026-04-24
hitter,HOU,NYY,Dustin Harris,687957,7.0,LF,Confirmed,1.84,,,,,0.57,0.09,,,,,0.6198478190829682,0.5234661408009462,0.11126674563893402,0.05888146190426781,0.4125159642401022,0.2917057353300159,0.014939971791543577,0.0054765172280607476,,,0.35,0.15,0.13,0.61,0.01,0.39,0.08,0.01,0.0,0.224,0.44025157232704404,0.3475783510266084,0.077,,0.008,,0.0,,False,96.0,99.0,96.0,88.0,93.0,91.0,91.0,92.0,94.0,high,high,high,high,high,high,high,high,high,2026-04-24
hitter,HOU,NYY,Yainer Diaz,673237,8.0,C,Confirmed,3.96,,,,,0.71,0.14,,,,,0.7108870049707299,0.7074413604948875,0.13929614347582847,0.14828181052922904,1.0980834272829765,1.0438168952758482,0.045327530580878475,0.04853060746814903,,,1.07,0.37,0.37,1.54,0.05,1.52,0.14,0.01,0.0,0.253,1.5956790123456794,1.4645691628155413,0.145,,0.007,,0.0,,False,96.0,99.0,96.0,88.0,93.0,91.0,91.0,92.0,94.0,high,high,high,high,high,high,high,high,high,2026-04-24
hitter,HOU,NYY,Brice Matthews,694728,9.0,2B,Confirmed,3.02,,,,,0.8,0.18,,,,,0.820320440328587,0.7889844527764956,0.20342230767427,0.15939674690297873,0.5290322580645161,0.43010501003320606,0.08588956027052763,0.09341585806310684,,,0.47,0.2,0.19,0.8,0.09,0.89,0.1,0.01,0.0,0.183,1.001763668430335,0.7980125711956093,0.103,,0.007,,0.0,,False,96.0,99.0,96.0,88.0,93.0,91.0,91.0,92.0,94.0,high,high,high,high,high,high,high,high,high,2026-04-24
hitter,NYY,HOU,Trent Grisham,663757,1.0,CF,Confirmed,3.33,,,,,1.53,0.25,,,,,1.640096362149373,1.4118050416647256,0.2654502746322941,0.23314759969924598,0.4125159642401022,0.42927408412189316,0.15537541484671583,0.16383446421312559,,,0.42,0.49,0.35,1.55,0.16,0.91,0.13,0.01,0.0,0.384,1.001763668430335,0.8293955855061773,0.13,,0.007,,0.0,,False,96.0,99.0,96.0,88.0,93.0,91.0,91.0,92.0,94.0,high,high,high,high,high,high,high,high,high,2026-04-24
hitter,NYY,HOU,Aaron Judge,592450,2.0,RF,Confirmed,4.74,,,,,1.92,0.53,,,,,1.8961285172072584,1.9339387433993616,0.5004383870390127,0.5578356288770804,0.707983193277311,0.8788475171165192,0.3227992162340923,0.3120469320133036,,,0.8,0.83,0.58,2.51,0.32,1.9,0.18,0.01,0.0,0.454,1.914285714285714,1.887970688939284,0.179,,0.01,,0.0,,False,96.0,99.0,96.0,88.0,93.0,91.0,91.0,92.0,94.0,high,high,high,high,high,high,high,high,high,2026-04-24
hitter,NYY,HOU,Cody Bellinger,641355,3.0,RF,Confirmed,4.7,,,,,1.21,0.37,,,,,1.1568916810777392,1.2729634842821265,0.3505417362154556,0.38194024201006227,0.7061469265367316,0.7452638943266483,0.1359635418112822,0.16046827226795435,,,0.73,0.63,0.52,2.25,0.15,1.27,0.21,0.01,0.0,0.344,1.239368165249089,1.299287550030503,0.214,,0.012,,0.0,,False,96.0,99.0,96.0,88.0,93.0,91.0,91.0,92.0,94.0,high,high,high,high,high,high,high,high,high,2026-04-24
hitter,NYY,HOU,Ben Rice,700250,4.0,1B,Confirmed,4.25,,,,,1.52,0.32,,,,,1.4662718503740373,1.5675178852435017,0.3150265350734246,0.32908468787267353,0.5846774193548387,0.6989255050087523,0.13535735091667578,0.1477684005223247,,,0.65,0.51,0.41,1.72,0.14,1.22,0.22,0.01,0.0,0.318,1.1521739130434783,1.2800154918623516,0.222,,0.009,,0.0,,False,96.0,99.0,96.0,88.0,93.0,91.0,91.0,92.0,94.0,high,high,high,high,high,high,high,high,high,2026-04-24
hitter,NYY,HOU,Giancarlo Stanton,519317,5.0,DH,Confirmed,4.51,,,,,2.04,0.33,,,,,1.989042807131392,2.08677219172905,0.3374938646385357,0.31872207433555183,0.7061469265367316,0.6764805786859228,0.29235157656619354,0.2782732466361565,,,0.69,0.66,0.6,2.26,0.29,1.46,0.19,0.01,0.0,0.364,1.3893129770992367,1.516000963793388,0.191,,0.01,,0.0,,False,96.0,99.0,96.0,88.0,93.0,91.0,91.0,92.0,94.0,high,high,high,high,high,high,high,high,high,2026-04-24
hitter,NYY,HOU,Jazz Chisholm Jr.,665862,6.0,2B,Confirmed,3.1,,,,,1.5,0.22,,,,,1.578677929590645,1.4184574333483277,0.2305555372767837,0.20583303618939058,0.35424354243542433,0.3638625987990213,0.11030661231390615,0.12058856101338784,,,0.36,0.3,0.27,1.05,0.12,0.66,0.12,0.01,0.0,0.291,0.6720588235294118,0.6578561807874578,0.117,,0.007,,0.0,,False,96.0,99.0,96.0,88.0,93.0,91.0,91.0,92.0,94.0,high,high,high,high,high,high,high,high,high,2026-04-24
hitter,NYY,HOU,J.C. Escarra,641555,7.0,C,Confirmed,3.96,,,,,0.62,0.3,,,,,0.565787873397687,0.6802204879068771,0.302119716794337,0.30463684752608283,1.0980834272829765,1.0335800153098005,0.17331690963571425,0.16374727565296973,,,1.06,0.37,0.3,1.45,0.17,1.87,0.15,0.01,0.0,0.277,1.914285714285714,1.8320445866152875,0.151,,0.01,,0.0,,False,96.0,99.0,96.0,88.0,93.0,91.0,91.0,92.0,94.0,high,high,high,high,high,high,high,high,high,2026-04-24
hitter,NYY,HOU,Ryan McMahon,641857,8.0,3B,Confirmed,1.84,,,,,1.2,0.11,,,,,1.4775132072963286,0.9285822199026695,0.1266636829859249,0.08953127605676849,0.2543859649122807,0.16703210237209767,0.08536586300052956,0.06019302776528478,,,0.21,0.2,0.17,0.71,0.07,0.4,0.09,0.01,0.0,0.336,0.4591194968553459,0.35615149580021377,0.087,,0.007,,0.0,,False,96.0,99.0,96.0,88.0,93.0,91.0,91.0,92.0,94.0,high,high,high,high,high,high,high,high,high,2026-04-24
hitter,NYY,HOU,José Caballero,676609,9.0,SS,Confirmed,2.55,,,,,1.15,0.16,,,,,1.2338441328170346,1.0600193466203747,0.17107599308442598,0.15671459232153373,0.3344051446945337,0.2313332943434481,0.06233887693265864,0.05170887356251761,,,0.28,0.22,0.18,0.81,0.06,0.44,0.1,0.01,0.0,0.263,0.4591194968553459,0.4311023483029257,0.102,,0.008,,0.0,,False,96.0,99.0,96.0,88.0,93.0,91.0,91.0,92.0,94.0,high,high,high,high,high,high,high,high,high,2026-04-24
hitter,STL,SEA,JJ Wetherholt,802139,1.0,2B,Confirmed,4.61,,,,,0.75,0.51,,,,,0.6363241191416353,0.856114757956975,0.47783580290304617,0.5370504580814874,0.5290322580645161,0.6290203536941696,0.03757622288134644,0.02650450840789715,,,0.58,0.56,0.42,1.97,0.03,0.86,0.2,0.01,0.0,0.312,0.7899761336515513,0.921428183323721,0.197,,0.008,,0.0,,False,96.0,99.0,96.0,88.0,93.0,91.0,91.0,92.0,94.0,high,high,high,high,high,high,high,high,high,2026-04-24
hitter,STL,SEA,Iván Herrera,671056,2.0,C,Confirmed,4.59,,,,,0.6,0.4,,,,,0.5471531820302361,0.654639266744896,0.3995476315163323,0.39299103136198804,0.5290322580645161,0.6063059285179664,0.049897310731116085,0.04010471832209101,,,0.57,0.56,0.43,2.0,0.05,0.87,0.19,0.01,0.0,0.309,0.7899761336515513,0.933906228285191,0.192,,0.008,,0.0,,False,96.0,99.0,96.0,88.0,93.0,91.0,91.0,92.0,94.0,high,high,high,high,high,high,high,high,high,2026-04-24
hitter,STL,SEA,Alec Burleson,676475,3.0,1B,Confirmed,4.26,,,,,0.86,0.22,,,,,0.8814057580305774,0.8485033979296698,0.22801044068445933,0.20307191618867684,1.1391752577319587,1.1686271844194183,0.17797300575219235,0.16511692872650283,,,1.16,0.59,0.53,2.22,0.17,1.96,0.21,0.01,0.0,0.343,2.057017543859649,1.8738359591100422,0.209,,0.014,,0.0,,False,96.0,99.0,96.0,88.0,93.0,91.0,91.0,92.0,94.0,high,high,high,high,high,high,high,high,high,2026-04-24
hitter,STL,SEA,Jordan Walker,691023,4.0,RF,Confirmed,4.18,,,,,1.37,0.25,,,,,1.2668180604099526,1.467214880026915,0.2467812289776544,0.2527721547872983,1.0980834272829765,1.1191049642329876,0.17437841335696472,0.17340367648464403,,,1.11,0.55,0.5,2.04,0.17,1.86,0.19,0.01,0.0,0.324,1.914285714285714,1.8094678227958017,0.186,,0.011,,0.0,,False,96.0,99.0,96.0,88.0,93.0,91.0,91.0,92.0,94.0,high,high,high,high,high,high,high,high,high,2026-04-24
hitter,STL,SEA,Nolan Gorman,669357,5.0,DH,Confirmed,4.18,,,,,0.91,0.45,,,,,0.7872660903798218,1.0407359852808449,0.4471350757802226,0.4520885419663605,0.35424354243542433,0.4721499872824933,0.052422572389834415,0.06963524024683873,,,0.42,0.51,0.44,1.75,0.06,0.76,0.18,0.01,0.0,0.309,0.6720588235294118,0.8392905037216143,0.18,,0.009,,0.0,,False,96.0,99.0,96.0,88.0,93.0,91.0,91.0,92.0,94.0,high,high,high,high,high,high,high,high,high,2026-04-24
hitter,STL,SEA,Masyn Winn,691026,6.0,SS,Confirmed,4.25,,,,,1.0,0.19,,,,,0.9957124580847018,1.0132447053707367,0.20238614580790046,0.1747163027312074,1.1391752577319587,1.1457812892232644,0.1105982440514402,0.12057359188853334,,,1.14,0.45,0.45,1.9,0.12,1.84,0.18,0.01,0.0,0.299,1.914285714285714,1.7773630564745584,0.183,,0.01,,0.0,,False,96.0,99.0,96.0,88.0,93.0,91.0,91.0,92.0,94.0,high,high,high,high,high,high,high,high,high,2026-04-24
hitter,STL,SEA,Nathan Church,701675,7.0,CF,Confirmed,3.19,,,,,0.63,0.22,,,,,0.5794551671930053,0.6810833936169302,0.22962354644986085,0.2090130248533204,0.35424354243542433,0.36205913064341116,0.022577304590037133,0.013834726776329277,,,0.36,0.32,0.27,1.29,0.02,0.49,0.16,0.01,0.0,0.29,0.4591194968553459,0.5122878425339765,0.159,,0.01,,0.0,,False,96.0,99.0,96.0,88.0,93.0,91.0,91.0,92.0,94.0,high,high,high,high,high,high,high,high,high,2026-04-24
hitter,STL,SEA,Ramón Urías,602104,8.0,3B,Confirmed,3.1,,,,,0.54,0.2,,,,,0.5004237943813276,0.5894617455131298,0.21797434548084912,0.19040782139608312,0.35424354243542433,0.3575923089114627,0.03383025514908029,0.029347032735351893,,,0.36,0.34,0.3,1.35,0.03,0.53,0.14,0.01,0.0,0.309,0.5302013422818792,0.5221835922867132,0.143,,0.009,,0.0,,False,96.0,99.0,96.0,88.0,93.0,91.0,91.0,92.0,94.0,high,high,high,high,high,high,high,high,high,2026-04-24
hitter,STL,SEA,José Fermín,665877,9.0,LF,Confirmed,3.02,,,,,0.42,0.22,,,,,0.3841079318728764,0.45177886325236083,0.24335853773837254,0.20564391080284108,0.3344051446945337,0.23974766847130238,0.02482850302768227,0.01866138583719245,,,0.28,0.3,0.26,1.2,0.02,0.43,0.1,0.01,0.0,0.288,0.44025157232704404,0.41759837784421333,0.104,,0.008,,0.0,,False,96.0,99.0,96.0,88.0,93.0,91.0,91.0,92.0,94.0,high,high,high,high,high,high,high,high,high,2026-04-24
hitter,SEA,STL,J.P. Crawford,641487,1.0,SS,Confirmed,4.18,,,,,0.71,0.31,,,,,0.6866252242045322,0.7381754815941851,0.3278299476272859,0.2955104975369008,0.994208494208494,0.9481308353762908,0.10858796419337838,0.11414515594868559,,,0.97,0.44,0.3,1.46,0.11,1.48,0.11,0.01,0.0,0.278,1.4759615384615385,1.4751638810218624,0.109,,0.007,,0.0,,False,96.0,99.0,96.0,88.0,93.0,91.0,91.0,92.0,94.0,high,high,high,high,high,high,high,high,high,2026-04-24
hitter,SEA,STL,Cal Raleigh,663728,2.0,C,Confirmed,4.39,,,,,1.17,0.45,,,,,1.1778521463525287,1.164075718019183,0.4463999031661452,0.45651524780041125,0.994208494208494,0.9534010003114838,0.29220186542299653,0.2804155539573358,,,0.97,0.6,0.41,1.72,0.29,1.88,0.09,0.01,0.0,0.365,1.914285714285714,1.8522739967707578,0.094,,0.006,,0.0,,False,96.0,99.0,96.0,88.0,93.0,91.0,91.0,92.0,94.0,high,high,high,high,high,high,high,high,high,2026-04-24
hitter,SEA,STL,Julio Rodríguez,677594,3.0,CF,Confirmed,4.25,,,,,0.98,0.25,,,,,0.9236835429484067,1.0281365468364108,0.2554777005089682,0.23553154395066364,1.0980834272829765,1.0476781222089897,0.15946573809909806,0.1786340899676045,,,1.07,0.51,0.43,1.71,0.17,1.82,0.11,0.01,0.0,0.305,1.914285714285714,1.7347009989947542,0.112,,0.007,,0.0,,False,96.0,99.0,96.0,88.0,93.0,91.0,91.0,92.0,94.0,high,high,high,high,high,high,high,high,high,2026-04-24
hitter,SEA,STL,Josh Naylor,647304,4.0,1B,Confirmed,4.18,,,,,0.65,0.29,,,,,0.6527987053853002,0.6407381828980423,0.2833991890408014,0.2947978105958324,1.0980834272829765,1.105714888188259,0.1648008385634416,0.17511245787381985,,,1.1,0.52,0.44,1.76,0.17,1.76,0.12,0.01,0.0,0.315,1.914285714285714,1.6252698083147135,0.121,,0.006,,0.0,,False,96.0,99.0,96.0,88.0,93.0,91.0,91.0,92.0,94.0,high,high,high,high,high,high,high,high,high,2026-04-24
hitter,SEA,STL,Randy Arozarena,668227,5.0,LF,Confirmed,4.25,,,,,1.08,0.28,,,,,1.0465425607116325,1.1041577309396824,0.27158674066156896,0.28028235161815696,0.994208494208494,0.9483469787291241,0.1363903180232088,0.1549071568455586,,,0.97,0.47,0.38,1.56,0.15,1.67,0.12,0.01,0.0,0.291,1.684375,1.6522345355774672,0.12,,0.007,,0.0,,False,96.0,99.0,96.0,88.0,93.0,91.0,91.0,92.0,94.0,high,high,high,high,high,high,high,high,high,2026-04-24
hitter,SEA,STL,Luke Raley,670042,6.0,RF,Confirmed,3.02,,,,,0.84,0.16,,,,,0.834265562578162,0.8550069859348804,0.17233653919315264,0.14377855318364827,0.6434108527131783,0.5306222221196357,0.09669307572340699,0.07870497788014232,,,0.58,0.24,0.23,0.88,0.09,0.91,0.08,0.01,0.0,0.233,1.001763668430335,0.8302128336017192,0.077,,0.007,,0.0,,False,96.0,99.0,96.0,88.0,93.0,91.0,91.0,92.0,94.0,high,high,high,high,high,high,high,high,high,2026-04-24
hitter,SEA,STL,Dominic Canzone,686527,7.0,DH,Confirmed,3.33,,,,,0.85,0.14,,,,,0.8125071577332419,0.8882191890598283,0.1595981341952727,0.11731550324671458,0.707983193277311,0.6695924403487958,0.14072556287123747,0.11302526499166386,,,0.69,0.29,0.26,1.03,0.13,1.21,0.09,0.01,0.0,0.246,1.3148148148148149,1.1180755268545648,0.092,,0.006,,0.0,,False,96.0,99.0,96.0,88.0,93.0,91.0,91.0,92.0,94.0,high,high,high,high,high,high,high,high,high,2026-04-24
hitter,SEA,STL,Cole Young,702284,8.0,2B,Confirmed,4.04,,,,,0.72,0.33,,,,,0.6718815276385295,0.7648881589857599,0.30932120586663503,0.3418279200062882,1.0980834272829765,0.9546318125756833,0.11562906888320645,0.09703689276847868,,,1.02,0.4,0.32,1.42,0.11,1.48,0.11,0.01,0.0,0.292,1.5956790123456794,1.380623328810696,0.113,,0.007,,0.0,,False,96.0,99.0,96.0,88.0,93.0,91.0,91.0,92.0,94.0,high,high,high,high,high,high,high,high,high,2026-04-24
hitter,SEA,STL,Leo Rivas,660844,9.0,3B,Confirmed,3.19,,,,,0.87,0.17,,,,,0.8746622768444265,0.8568663872471036,0.19506952109819195,0.14970339072352581,0.5846774193548387,0.5601655793301487,0.07210091203242106,0.08420149133631974,,,0.57,0.24,0.19,0.84,0.08,1.02,0.09,0.01,0.0,0.225,1.1238670694864048,0.9426526094542413,0.087,,0.006,,0.0,,False,96.0,99.0,96.0,88.0,93.0,91.0,91.0,92.0,94.0,high,high,high,high,high,high,high,high,high,2026-04-24
hitter,LAD,CHC,Shohei Ohtani,660271,1.0,DH,Confirmed,4.51,,,,,1.05,0.51,,,,,1.029580235413248,1.0623730425043716,0.5029596853026022,0.5112986152220342,0.8949771689497716,0.919079060616058,0.06580241572042694,0.09186620329967486,,,0.91,0.7,0.52,2.11,0.08,1.48,0.16,0.02,0.0,0.405,1.4476190476190476,1.4994655337551208,0.162,,0.015,,0.0,,False,96.0,99.0,96.0,88.0,93.0,91.0,91.0,92.0,94.0,high,high,high,high,high,high,high,high,high,2026-04-24
hitter,LAD,CHC,Freddie Freeman,518692,2.0,1B,Confirmed,4.26,,,,,0.72,0.38,,,,,0.7201718199067271,0.7105728394574907,0.3710247531831612,0.3799842041580094,0.994208494208494,0.963321468307657,0.029627936955364496,0.03334614884166577,,,0.98,0.59,0.43,2.02,0.03,1.28,0.17,0.01,0.0,0.352,1.239368165249089,1.3205508857150934,0.169,,0.009,,0.0,,False,96.0,99.0,96.0,88.0,93.0,91.0,91.0,92.0,94.0,high,high,high,high,high,high,high,high,high,2026-04-24
hitter,LAD,CHC,Will Smith,669257,3.0,C,Confirmed,4.04,,,,,0.85,0.37,,,,,0.8015332829005639,0.8901256810339911,0.34330295279249945,0.3876335601829469,0.4125159642401022,0.5055216800781219,0.026199861740544596,0.021507570828893628,,,0.46,0.49,0.4,1.65,0.02,0.68,0.15,0.01,0.0,0.311,0.6720588235294118,0.6907579409645979,0.147,,0.007,,0.0,,False,96.0,99.0,96.0,88.0,93.0,91.0,91.0,92.0,94.0,high,high,high,high,high,high,high,high,high,2026-04-24
hitter,LAD,CHC,Kyle Tucker,663656,4.0,RF,Confirmed,4.26,,,,,0.62,0.38,,,,,0.6509176982083652,0.592591827551125,0.37746416590302234,0.3802966448503213,0.8770949720670391,0.8753637825047759,0.027490712589976044,0.029277597403248173,,,0.88,0.55,0.43,1.85,0.03,1.21,0.13,0.01,0.0,0.338,1.239368165249089,1.185695962411053,0.129,,0.007,,0.0,,False,96.0,99.0,96.0,88.0,93.0,91.0,91.0,92.0,94.0,high,high,high,high,high,high,high,high,high,2026-04-24
hitter,LAD,CHC,Teoscar Hernández,606192,5.0,LF,Confirmed,4.25,,,,,0.93,0.26,,,,,0.8783469156246756,0.9832571449677072,0.24816094334102923,0.2779318803685818,0.8694581280788177,0.8787445708240229,0.03368021746585663,0.04901737010486497,,,0.87,0.5,0.44,1.81,0.04,1.22,0.14,0.01,0.0,0.29,1.239368165249089,1.2093170374726003,0.14,,0.008,,0.0,,False,96.0,99.0,96.0,88.0,93.0,91.0,91.0,92.0,94.0,high,high,high,high,high,high,high,high,high,2026-04-24
hitter,LAD,CHC,Max Muncy,571970,6.0,3B,Confirmed,4.18,,,,,0.99,0.39,,,,,0.9974573756555306,0.9845873982105271,0.39802492113441224,0.375206915860882,0.801980198019802,0.8173919665074556,0.04367867583275384,0.06348172850646777,,,0.81,0.5,0.47,1.77,0.05,1.23,0.14,0.01,0.0,0.354,1.239368165249089,1.22458730961644,0.141,,0.007,,0.0,,False,96.0,99.0,96.0,88.0,93.0,91.0,91.0,92.0,94.0,high,high,high,high,high,high,high,high,high,2026-04-24
hitter,LAD,CHC,Andy Pages,681624,7.0,CF,Confirmed,3.81,,,,,0.8,0.17,,,,,0.7678394895320632,0.8389234192353435,0.17706538632517432,0.15864335970310933,0.801980198019802,0.7653523567449613,0.02972372258237871,0.036804012998618164,,,0.78,0.36,0.34,1.41,0.03,1.13,0.12,0.01,0.0,0.268,1.1521739130434783,1.1129706677554094,0.116,,0.007,,0.0,,False,96.0,99.0,96.0,88.0,93.0,91.0,91.0,92.0,94.0,high,high,high,high,high,high,high,high,high,2026-04-24
hitter,LAD,CHC,Hyeseong Kim,808975,8.0,SS,Confirmed,3.09,,,,,0.8,0.18,,,,,0.7899342464398359,0.8072765981854708,0.20069725921710888,0.168138139180164,0.5846774193548387,0.5221875267371492,0.0225805882235034,0.01859277280382371,,,0.55,0.28,0.23,1.04,0.02,0.71,0.11,0.01,0.0,0.266,0.7899761336515513,0.6515719390385398,0.11,,0.007,,0.0,,False,96.0,99.0,96.0,88.0,93.0,91.0,91.0,92.0,94.0,high,high,high,high,high,high,high,high,high,2026-04-24
hitter,LAD,CHC,Alex Freeland,690976,9.0,2B,Confirmed,3.33,,,,,0.91,0.24,,,,,0.90193104124405,0.9136923666133008,0.2616696812543765,0.21513707512331698,0.5290322580645161,0.543587322254027,0.025252961965713958,0.016324882635705303,,,0.54,0.29,0.23,1.05,0.02,0.79,0.11,0.01,0.0,0.261,0.8408408408408409,0.7527823487638826,0.115,,0.007,,0.0,,False,96.0,99.0,96.0,88.0,93.0,91.0,91.0,92.0,94.0,high,high,high,high,high,high,high,high,high,2026-04-24
hitter,CHC,LAD,Nico Hoerner,663538,1.0,2B,Confirmed,4.51,,,,,0.33,0.23,,,,,0.3222732009551714,0.32894673455420337,0.23285627786911758,0.23101010180141077,1.607843137254902,1.564999905521909,0.1597105536106749,0.10677826911028508,,,1.58,0.52,0.39,2.0,0.13,2.18,0.22,0.02,0.0,0.287,2.25,2.11961465463975,0.216,,0.015,,0.0,,False,96.0,99.0,96.0,88.0,93.0,91.0,91.0,92.0,94.0,high,high,high,high,high,high,high,high,high,2026-04-24
hitter,CHC,LAD,Michael Busch,683737,2.0,1B,Confirmed,4.18,,,,,0.87,0.41,,,,,0.8616628631029556,0.8819908902187418,0.41924246314262414,0.4002205934328887,1.0980834272829765,1.1597466877835882,0.17243805616126584,0.1955838084628729,,,1.13,0.43,0.28,1.48,0.18,1.98,0.16,0.01,0.0,0.273,2.057017543859649,1.9256674560416298,0.164,,0.009,,0.0,,False,96.0,99.0,96.0,88.0,93.0,91.0,91.0,92.0,94.0,high,high,high,high,high,high,high,high,high,2026-04-24
hitter,CHC,LAD,Alex Bregman,608324,3.0,3B,Confirmed,4.57,,,,,0.59,0.42,,,,,0.6299197194274149,0.5444006004751156,0.4186953812157648,0.4192692206000126,1.4947368421052631,1.3391954758883997,0.1584341633459783,0.146147489580429,,,1.41,0.48,0.36,1.73,0.15,2.02,0.17,0.01,0.0,0.275,2.057017543859649,1.9924749188873818,0.174,,0.009,,0.0,,False,96.0,99.0,96.0,88.0,93.0,91.0,91.0,92.0,94.0,high,high,high,high,high,high,high,high,high,2026-04-24
hitter,CHC,LAD,Ian Happ,664023,4.0,LF,Confirmed,4.51,,,,,0.97,0.46,,,,,0.9643354252261204,0.966635792255628,0.46517535693256784,0.4475612538972939,1.1391752577319587,1.2494993166597537,0.21248850537073946,0.22893796613601666,,,1.2,0.5,0.36,1.73,0.22,2.1,0.17,0.01,0.0,0.296,2.057017543859649,2.132958212279409,0.165,,0.007,,0.0,,False,96.0,99.0,96.0,88.0,93.0,91.0,91.0,92.0,94.0,high,high,high,high,high,high,high,high,high,2026-04-24
hitter,CHC,LAD,Seiya Suzuki,673548,5.0,RF,Confirmed,4.27,,,,,0.94,0.41,,,,,0.9901141226932152,0.8991887497350105,0.4049743274766111,0.4090586711854789,1.4947368421052631,1.1886654924550955,0.23342776357949968,0.21581913292705857,,,1.33,0.45,0.34,1.59,0.22,2.24,0.17,0.01,0.0,0.28,2.456692913385827,2.0707207661233693,0.172,,0.008,,0.0,,False,96.0,99.0,96.0,88.0,93.0,91.0,91.0,92.0,94.0,high,high,high,high,high,high,high,high,high,2026-04-24
hitter,CHC,LAD,Moisés Ballesteros,694208,6.0,DH,Confirmed,3.49,,,,,0.67,0.26,,,,,0.6105398993817552,0.7372502783705052,0.25408527015547155,0.2586295255317489,0.994208494208494,0.9537586999161806,0.11452415025647972,0.11149885955834334,,,0.97,0.29,0.26,1.2,0.11,1.43,0.13,0.01,0.0,0.251,1.5956790123456794,1.2904203835705315,0.135,,0.008,,0.0,,False,96.0,99.0,96.0,88.0,93.0,91.0,91.0,92.0,94.0,high,high,high,high,high,high,high,high,high,2026-04-24
hitter,CHC,LAD,Carson Kelly,608348,7.0,C,Confirmed,4.18,,,,,0.75,0.32,,,,,0.764547250912704,0.7350307889372866,0.32703313778331267,0.31868118052515215,1.1391752577319587,1.1597979951944142,0.20762821068082557,0.17664010289075208,,,1.15,0.37,0.3,1.47,0.19,2.21,0.15,0.01,0.0,0.264,2.456692913385827,2.000488879897267,0.147,,0.009,,0.0,,False,96.0,99.0,96.0,88.0,93.0,91.0,91.0,92.0,94.0,high,high,high,high,high,high,high,high,high,2026-04-24
hitter,CHC,LAD,Pete Crow-Armstrong,691718,8.0,CF,Confirmed,4.18,,,,,0.87,0.23,,,,,0.860588047198014,0.8776497487296185,0.23591381120225208,0.22713081438137395,1.1391752577319587,1.2506864675656235,0.18065657467887095,0.20962984473567206,,,1.2,0.34,0.29,1.44,0.2,2.05,0.18,0.01,0.0,0.24,2.057017543859649,2.0484356345959727,0.181,,0.008,,0.0,,False,96.0,99.0,96.0,88.0,93.0,91.0,91.0,92.0,94.0,high,high,high,high,high,high,high,high,high,2026-04-24
hitter,CHC,LAD,Dansby Swanson,621020,9.0,SS,Confirmed,4.18,,,,,0.91,0.37,,,,,0.9414402532376581,0.8823330049098486,0.35906860234148774,0.3749937085179186,1.4947368421052631,1.1995963314636737,0.2076872066840216,0.21331115865097341,,,1.33,0.39,0.29,1.48,0.21,2.14,0.14,0.02,0.0,0.278,2.456692913385827,1.8791991881524666,0.142,,0.016,,0.0,,False,96.0,99.0,96.0,88.0,93.0,91.0,91.0,92.0,94.0,high,high,high,high,high,high,high,high,high,2026-04-24
hitter,SF,MIA,Willy Adames,642715,1.0,SS,Confirmed,4.74,,,,,1.67,0.29,,,,,1.5420606852014216,1.797478490701105,0.2664827129506303,0.3175325408687842,0.35424354243542433,0.5420092385703927,0.03812181656633157,0.05803026528642511,,,0.46,0.62,0.41,1.83,0.05,0.71,0.12,0.01,0.0,0.345,0.5302013422818792,0.8612665807999157,0.12,,0.008,,0.0,,False,96.0,99.0,96.0,88.0,93.0,91.0,91.0,92.0,94.0,high,high,high,high,high,high,high,high,high,2026-04-24
hitter,SF,MIA,Luis Arraez,650333,2.0,2B,Confirmed,4.45,,,,,0.57,0.14,,,,,0.30754994321993656,0.8413487406609645,0.1383216482745171,0.14197880876890004,0.4125159642401022,0.5322048023375565,0.020024164369345482,0.021511784766098645,,,0.48,0.53,0.37,1.9,0.02,0.58,0.13,0.01,0.0,0.307,0.45276594963659056,0.6890159435921246,0.13,,0.012,,0.0,,False,96.0,99.0,96.0,88.0,93.0,91.0,91.0,92.0,94.0,high,high,high,high,high,high,high,high,high,2026-04-24
hitter,SF,MIA,Matt Chapman,656305,3.0,3B,Confirmed,4.45,,,,,1.47,0.23,,,,,1.3324562863520455,1.6133479763117355,0.21606766812405984,0.23876966265937724,0.3344051446945337,0.4167409999370261,0.027755142051480365,0.038035653638045785,,,0.38,0.57,0.44,1.78,0.03,0.59,0.14,0.01,0.0,0.336,0.44025157232704404,0.7123836771709791,0.135,,0.006,,0.0,,False,96.0,99.0,96.0,88.0,93.0,91.0,91.0,92.0,94.0,high,high,high,high,high,high,high,high,high,2026-04-24
hitter,SF,MIA,Rafael Devers,646240,4.0,1B,Confirmed,4.57,,,,,1.72,0.26,,,,,1.5934228321746124,1.8384068159141016,0.231804235732677,0.2861863473395531,0.3344051446945337,0.40684340678376474,0.033599041604300106,0.0549231464179327,,,0.37,0.59,0.44,1.74,0.04,0.63,0.11,0.01,0.0,0.343,0.4591194968553459,0.7628434418096588,0.112,,0.007,,0.0,,False,96.0,99.0,96.0,88.0,93.0,91.0,91.0,92.0,94.0,high,high,high,high,high,high,high,high,high,2026-04-24
hitter,SF,MIA,Casey Schmitt,669477,5.0,DH,Confirmed,4.18,,,,,1.13,0.1,,,,,1.0482153711031066,1.205501223844353,0.10422536913206973,0.10282903898498011,0.7715355805243446,0.8028063582996341,0.041760042665428945,0.0546903098259047,,,0.79,0.51,0.44,1.66,0.05,1.11,0.14,0.01,0.0,0.314,1.1238670694864048,1.0910111342823934,0.14,,0.007,,0.0,,False,96.0,99.0,96.0,88.0,93.0,91.0,91.0,92.0,94.0,high,high,high,high,high,high,high,high,high,2026-04-24
hitter,SF,MIA,Jung Hoo Lee,808982,6.0,RF,Confirmed,4.18,,,,,0.74,0.14,,,,,0.6274593793050832,0.8438607517981418,0.1378042369912751,0.1456807602042592,0.35424354243542433,0.5700278782888586,0.01885099141800635,0.017078682344035846,,,0.47,0.43,0.38,1.68,0.02,0.6,0.11,0.01,0.0,0.303,0.4591194968553459,0.7163300769773443,0.114,,0.014,,0.0,,False,96.0,99.0,96.0,88.0,93.0,91.0,91.0,92.0,94.0,high,high,high,high,high,high,high,high,high,2026-04-24
hitter,SF,MIA,Heliot Ramos,671218,7.0,LF,Confirmed,4.26,,,,,1.4,0.17,,,,,1.282236174916663,1.5248491883305102,0.16851888694587547,0.16916529990223622,0.3344051446945337,0.45198949454677956,0.02604364797539499,0.0343090218138897,,,0.4,0.46,0.36,1.62,0.03,0.57,0.14,0.01,0.0,0.318,0.4591194968553459,0.6671143830562961,0.142,,0.007,,0.0,,False,96.0,99.0,96.0,88.0,93.0,91.0,91.0,92.0,94.0,high,high,high,high,high,high,high,high,high,2026-04-24
hitter,SF,MIA,Drew Gilbert,687551,8.0,CF,Confirmed,3.49,,,,,0.98,0.1,,,,,0.867250153908872,1.1015292904220393,0.11269514576078432,0.09637204222865635,0.2543859649122807,0.30561367844624227,0.017739478174547903,0.009031642583541097,,,0.28,0.34,0.26,1.24,0.01,0.44,0.12,0.01,0.0,0.3,0.3888888888888889,0.476788530793919,0.12,,0.008,,0.0,,False,96.0,99.0,96.0,88.0,93.0,91.0,91.0,92.0,94.0,high,high,high,high,high,high,high,high,high,2026-04-24
hitter,SF,MIA,Eric Haase,606992,9.0,C,Confirmed,3.81,,,,,1.36,0.26,,,,,1.3304834948605444,1.3942190963721828,0.2520805001202545,0.2593599275745843,0.5290322580645161,0.4873052818580281,0.03072327652212072,0.054375566026050495,,,0.51,0.4,0.31,1.42,0.04,0.75,0.12,0.01,0.0,0.32,0.6720588235294118,0.8172863292803411,0.124,,0.007,,0.0,,False,96.0,99.0,96.0,88.0,93.0,91.0,91.0,92.0,94.0,high,high,high,high,high,high,high,high,high,2026-04-24
hitter,MIA,SF,Jakob Marsee,805300,1.0,CF,Confirmed,4.25,,,,,0.53,0.55,,,,,0.5332265943725375,0.5266757955299347,0.597143904007377,0.5106957519992688,1.0980834272829765,1.055509474996451,0.046906711301178246,0.04597712050899038,,,1.07,0.51,0.37,1.78,0.05,1.53,0.19,0.01,0.0,0.309,1.5956790123456794,1.473118932101609,0.185,,0.013,,0.0,,False,96.0,99.0,96.0,88.0,93.0,91.0,91.0,92.0,94.0,high,high,high,high,high,high,high,high,high,2026-04-24
hitter,MIA,SF,Kyle Stowers,669065,2.0,LF,Confirmed,4.51,,,,,1.25,0.39,,,,,1.2112027323981676,1.2798267188917765,0.3680233085518254,0.4129390808151208,1.0,1.026869513525113,0.196982594735264,0.1933270313643074,,,1.01,0.58,0.44,2.02,0.2,1.83,0.19,0.01,0.0,0.325,1.914285714285714,1.7587993521668257,0.192,,0.01,,0.0,,False,96.0,99.0,96.0,88.0,93.0,91.0,91.0,92.0,94.0,high,high,high,high,high,high,high,high,high,2026-04-24
hitter,MIA,SF,Otto Lopez,672640,3.0,SS,Confirmed,4.25,,,,,0.39,0.42,,,,,0.40935886953121703,0.37500067657972785,0.44465207266281004,0.4019393407473604,1.0980834272829765,1.1124636546513953,0.05737440105616132,0.065954086316983,,,1.11,0.52,0.46,1.98,0.06,1.59,0.2,0.01,0.0,0.303,1.5956790123456794,1.578854664426563,0.2,,0.009,,0.0,,False,96.0,99.0,96.0,88.0,93.0,91.0,91.0,92.0,94.0,high,high,high,high,high,high,high,high,high,2026-04-24
hitter,MIA,SF,Xavier Edwards,669364,4.0,2B,Confirmed,4.25,,,,,0.34,0.45,,,,,0.4076713647629642,0.2807043711282319,0.46211780888185217,0.4429310177917809,1.1702127659574468,1.1571286490407995,0.02983764029747343,0.023294526077012486,,,1.16,0.54,0.45,2.08,0.03,1.48,0.18,0.01,0.0,0.318,1.4759615384615385,1.49210674593049,0.177,,0.014,,0.0,,False,96.0,99.0,96.0,88.0,93.0,91.0,91.0,92.0,94.0,high,high,high,high,high,high,high,high,high,2026-04-24
hitter,MIA,SF,Liam Hicks,689414,5.0,C,Confirmed,3.74,,,,,0.32,0.36,,,,,0.3393875797290352,0.29312174399490265,0.3694263355637568,0.3546534109330888,0.994208494208494,0.8657303476655125,0.026058373770303782,0.02180505771205209,,,0.92,0.42,0.36,1.66,0.02,1.22,0.15,0.01,0.0,0.285,1.239368165249089,1.2098356631548601,0.148,,0.01,,0.0,,False,96.0,99.0,96.0,88.0,93.0,91.0,91.0,92.0,94.0,high,high,high,high,high,high,high,high,high,2026-04-24
hitter,MIA,SF,Agustín Ramírez,682663,6.0,DH,Confirmed,4.08,,,,,0.55,0.33,,,,,0.5687117687408176,0.5335347665890506,0.33560777717778845,0.320837208310388,1.0980834272829765,1.0830024362904211,0.08808467172907228,0.0743130475446131,,,1.09,0.49,0.52,2.01,0.08,1.59,0.17,0.01,0.0,0.329,1.684375,1.5187471297804562,0.169,,0.01,,0.0,,False,96.0,99.0,96.0,88.0,93.0,91.0,91.0,92.0,94.0,high,high,high,high,high,high,high,high,high,2026-04-24
hitter,MIA,SF,Owen Caissie,683357,7.0,RF,Confirmed,3.1,,,,,0.66,0.24,,,,,0.617277858275121,0.7084583538020875,0.25604259070903057,0.21447067727923505,0.801980198019802,0.6603922826216023,0.04286731171732233,0.03957188064507426,,,0.72,0.32,0.28,1.3,0.04,1.0,0.12,0.01,0.0,0.291,1.1238670694864048,0.8944023486333196,0.118,,0.011,,0.0,,False,96.0,99.0,96.0,88.0,93.0,91.0,91.0,92.0,94.0,high,high,high,high,high,high,high,high,high,2026-04-24
hitter,MIA,SF,Graham Pauley,688363,8.0,3B,Confirmed,3.1,,,,,0.51,0.28,,,,,0.5354784838108895,0.4773524021867334,0.29516248069896134,0.2566568992479493,0.801980198019802,0.6785455493996518,0.029164652905429547,0.02539820409182091,,,0.73,0.32,0.28,1.3,0.03,1.0,0.14,0.01,0.0,0.298,1.1238670694864048,0.8926667878638033,0.143,,0.008,,0.0,,False,96.0,99.0,96.0,88.0,93.0,91.0,91.0,92.0,94.0,high,high,high,high,high,high,high,high,high,2026-04-24
hitter,MIA,SF,Connor Norby,681393,9.0,1B,Confirmed,4.26,,,,,1.16,0.24,,,,,1.142135226111164,1.1762137531597396,0.2254685966775712,0.25035568818502707,1.0,1.0406838285373545,0.15186497363968376,0.13639985917198288,,,1.02,0.47,0.42,1.88,0.14,1.6,0.17,0.01,0.0,0.306,1.684375,1.538168365131456,0.171,,0.009,,0.0,,False,96.0,99.0,96.0,88.0,93.0,91.0,91.0,92.0,94.0,high,high,high,high,high,high,high,high,high,2026-04-24
