player_type,team,opponent,player_name,mlb_id,lineup_spot,pos,lineup_status,proj_pa,proj_ip,proj_outs,proj_runs_allowed,proj_hits_allowed,proj_strikeouts,proj_walks,proj_hr_allowed,proj_er_model,proj_fip,proj_war_contribution,direct_K,rate_K,direct_BB,rate_BB,direct_H,rate_H,direct_HR,rate_HR,direct_R,rate_R,proj_hits,proj_runs,proj_rbi,proj_hrrbi,proj_hr,proj_tb,proj_2b,proj_3b,proj_sb,proj_woba,direct_TB,rate_TB,direct_2B,rate_2B,direct_3B,rate_3B,direct_SB,rate_SB,used_fallback,confidence_score,proj_pa_confidence_score,proj_hits_confidence_score,proj_hr_confidence_score,proj_strikeouts_confidence_score,proj_runs_confidence_score,proj_rbi_confidence_score,proj_hrrbi_confidence_score,proj_walks_confidence_score,confidence,proj_pa_confidence,proj_hits_confidence,proj_hr_confidence,proj_strikeouts_confidence,proj_runs_confidence,proj_rbi_confidence,proj_hrrbi_confidence,proj_walks_confidence,game_date
pitcher,PIT,MIL,Braxton Ashcraft,677952,,,,,5.21,16.0,2.39,4.96,6.02,1.47,0.52,2.21,3.18,0.111,6.017094017094017,6.031456645520117,1.3455882352941178,1.8287023801883489,4.879746835443039,5.2846795049817175,0.5409836065573771,0.47907389125280486,2.212,,,,,,,,,,,,,,,,,,,,,,,,,,,,,,,,,,,,,,,2026-07-11
pitcher,MIL,PIT,Brandon Sproat,687075,,,,,4.79,14.0,2.41,4.39,4.78,2.22,0.47,2.21,4.08,0.081,4.676567656765677,4.882964964028157,2.163265306122449,2.408344720713209,4.326530612244898,4.62755356150739,0.4827586206896552,0.44045373111342334,2.212,,,,,,,,,,,,,,,,,,,,,,,,,,,,,,,,,,,,,,,2026-07-11
pitcher,PIT,MIL,Bubba Chandler,696149,,,,,4.79,14.0,2.46,4.93,4.78,1.85,0.4,2.21,3.63,0.081,4.676567656765677,4.882964964028157,1.890295358649789,1.7468702410277968,4.879746835443039,5.152155509786922,0.38095238095238093,0.44045373111342334,2.212,,,,,,,,,,,,,,,,,,,,,,,,,,,,,,,,,,,,,,,2026-07-11
pitcher,MIL,PIT,Shane Drohan,675660,,,,,4.79,14.0,2.47,4.76,4.71,1.64,0.55,2.21,3.92,0.081,4.5344827586206895,4.882964964028157,1.610062893081761,1.7468702410277968,4.666666666666667,5.152155509786922,0.5409836065573771,0.5661210675823506,2.212,,,,,,,,,,,,,,,,,,,,,,,,,,,,,,,,,,,,,,,2026-07-11
pitcher,MIN,LAA,Joe Ryan,657746,,,,,5.13,15.0,2.46,4.72,6.44,1.46,0.9,2.28,3.76,0.097,6.649122807017544,6.226036683116946,1.3455882352941178,1.8006224971912148,4.525423728813561,5.51786174638975,0.869281045751634,0.972432372873865,2.28,,,,,,,,,,,,,,,,,,,,,,,,,,,,,,,,,,,,,,,2026-07-11
pitcher,ATH,CWS,Gage Jump,695611,,,,,5.21,16.0,2.47,4.91,5.29,1.66,0.52,2.21,3.62,0.111,5.275,5.311116380498267,1.610062893081761,1.8287023801883489,4.879746835443039,5.0333098236854905,0.5409836065573771,0.47907389125280486,2.212,,,,,,,,,,,,,,,,,,,,,,,,,,,,,,,,,,,,,,,2026-07-11
pitcher,SF,COL,Tyler Mahle,641816,,,,,4.79,14.0,2.44,4.59,4.59,1.86,0.57,2.28,4.08,0.073,4.676567656765677,4.497510524090055,1.890295358649789,1.7704833159728637,4.525423728813561,4.858659276173211,0.547945205479452,0.6350989636681925,2.28,,,,,,,,,,,,,,,,,,,,,,,,,,,,,,,,,,,,,,,2026-07-11
pitcher,COL,SF,Kyle Freeland,607536,,,,,4.79,14.0,2.93,5.82,3.74,1.43,1.14,3.32,5.78,-0.034,3.6538461538461537,3.8257426697625427,1.3455882352941178,1.6812829944533958,5.68,6.386036678668229,1.1428571428571428,1.1249553141128723,3.323,,,,,,,,,,,,,,,,,,,,,,,,,,,,,,,,,,,,,,,2026-07-11
pitcher,NYY,WSH,Cam Schlittler,693645,,,,,5.21,16.0,2.25,4.47,5.87,1.8,0.41,1.79,3.3,0.162,5.708333333333333,6.031456645520117,1.7846689185541507,1.8287023801883489,4.326530612244898,5.0333098236854905,0.38095238095238093,0.47907389125280486,1.789,,,,,,,,,,,,,,,,,,,,,,,,,,,,,,,,,,,,,,,2026-07-11
pitcher,NYM,BOS,Freddy Peralta,642547,,,,,4.79,14.0,2.44,4.55,4.78,1.93,0.55,2.28,4.06,0.073,4.676567656765677,4.882964964028157,1.890295358649789,2.041382631246275,4.525423728813561,4.629529980634155,0.5409836065573771,0.5661210675823506,2.28,,,,,,,,,,,,,,,,,,,,,,,,,,,,,,,,,,,,,,,2026-07-11
pitcher,SEA,TB,Logan Gilbert,669302,,,,,5.24,16.0,2.35,4.86,5.92,1.31,0.69,2.21,3.35,0.112,6.017094017094017,5.8321030338732385,1.2772277227722773,1.4029553275419284,4.666666666666667,5.636178469996548,0.625,0.830623325330865,2.212,,,,,,,,,,,,,,,,,,,,,,,,,,,,,,,,,,,,,,,2026-07-11
pitcher,MIA,CLE,Eury Pérez,691587,,,,,4.79,14.0,2.27,3.86,6.25,1.93,0.78,1.79,4.06,0.13,6.017094017094017,6.479368348332241,1.890295358649789,2.041382631246275,3.6666666666666665,4.62755356150739,0.7580645161290323,0.8243081650798851,1.789,,,,,,,,,,,,,,,,,,,,,,,,,,,,,,,,,,,,,,,2026-07-11
pitcher,CLE,MIA,Tanner Bibee,676440,,,,,5.21,16.0,2.67,5.02,4.78,1.83,0.88,2.28,4.66,0.103,4.676567656765677,4.891864265242002,1.8333333333333333,1.8287023801883489,4.879746835443039,5.60391027264924,0.869281045751634,0.8965857077382466,2.28,,,,,,,,,,,,,,,,,,,,,,,,,,,,,,,,,,,,,,,2026-07-11
pitcher,DET,PHI,Casey Mize,663554,,,,,5.13,15.0,2.32,4.84,4.95,1.46,0.56,2.21,3.7,0.105,4.676567656765677,5.229563729742055,1.3455882352941178,1.8006224971912148,4.666666666666667,5.51786174638975,0.5409836065573771,0.6063050264504087,2.212,,,,,,,,,,,,,,,,,,,,,,,,,,,,,,,,,,,,,,,2026-07-11
pitcher,PHI,DET,Cristopher Sánchez,650911,,,,,5.72,17.0,2.44,5.19,6.64,1.34,0.54,2.21,2.94,0.147,6.649122807017544,6.621867948632451,1.2772277227722773,1.5314703193778303,5.093457943925234,5.589574395806989,0.5409836065573771,0.5259697999934825,2.212,,,,,,,,,,,,,,,,,,,,,,,,,,,,,,,,,,,,,,,2026-07-11
pitcher,BAL,KC,Kyle Bradish,680694,,,,,5.21,16.0,2.71,4.6,6.85,2.45,0.8,2.21,4.08,0.111,6.649122807017544,7.047496679501248,2.4,2.619514821485557,4.486486486486487,5.0333098236854905,0.7580645161290323,0.8965857077382466,2.212,,,,,,,,,,,,,,,,,,,,,,,,,,,,,,,,,,,,,,,2026-07-11
pitcher,KC,BAL,Noah Cameron,702070,,,,,4.79,14.0,2.83,5.14,4.78,1.92,0.91,2.48,4.96,0.051,4.676567656765677,4.882964964028157,1.890295358649789,2.026480650190615,5.093457943925234,5.3041008324011045,0.9130434782608695,0.907982663950451,2.481,,,,,,,,,,,,,,,,,,,,,,,,,,,,,,,,,,,,,,,2026-07-11
pitcher,TEX,HOU,Kumar Rocker,677958,,,,,4.61,14.0,2.64,4.61,4.69,1.91,0.86,2.28,5.02,0.061,4.676567656765677,4.699471499826681,1.890295358649789,1.9646709666065398,4.525423728813561,4.95854632570307,0.869281045751634,0.8399040024918583,2.28,,,,,,,,,,,,,,,,,,,,,,,,,,,,,,,,,,,,,,,2026-07-11
pitcher,HOU,TEX,Peter Lambert,663567,,,,,5.21,16.0,2.44,4.63,4.78,1.97,0.56,2.28,4.01,0.103,4.676567656765677,4.891864265242002,1.890295358649789,2.220376515405656,4.525423728813561,5.0333098236854905,0.5409836065573771,0.6157600755958343,2.28,,,,,,,,,,,,,,,,,,,,,,,,,,,,,,,,,,,,,,,2026-07-11
pitcher,CIN,CHC,Nick Lodolo,666157,,,,,4.79,14.0,2.46,4.56,5.3,1.43,0.83,2.28,4.36,0.073,5.275,5.331254490887942,1.3455882352941178,1.6812829944533958,4.525423728813561,4.680779957327881,0.7948717948717948,0.907982663950451,2.28,,,,,,,,,,,,,,,,,,,,,,,,,,,,,,,,,,,,,,,2026-07-11
pitcher,CHC,CIN,Javier Assad,665871,,,,,4.61,14.0,2.67,5.48,3.51,1.41,0.77,2.5,4.79,0.038,3.6538461538461537,3.370786500201109,1.3455882352941178,1.6181032577098442,5.387096774193548,5.865125870263593,0.7580645161290323,0.7933320753691587,2.5,,,,,,,,,,,,,,,,,,,,,,,,,,,,,,,,,,,,,,,2026-07-11
pitcher,STL,ATL,Matthew Liberatore,669461,,,,,4.61,14.0,2.64,4.54,4.5,1.91,0.91,2.28,5.02,0.061,4.676567656765677,4.328501777882078,1.890295358649789,1.9646709666065398,4.500000000000001,4.676079178112422,0.9130434782608695,0.91531524226146,2.28,,,,,,,,,,,,,,,,,,,,,,,,,,,,,,,,,,,,,,,2026-07-11
pitcher,SD,TOR,Walker Buehler,621111,,,,,4.61,14.0,2.68,4.9,3.67,2.2,0.76,2.48,5.11,0.04,3.6538461538461537,3.681977809520944,2.163265306122449,2.3178432489536314,4.879746835443039,4.95854632570307,0.7441860465116279,0.7933320753691587,2.481,,,,,,,,,,,,,,,,,,,,,,,,,,,,,,,,,,,,,,,2026-07-11
pitcher,TOR,SD,Trey Yesavage,702056,,,,,5.21,16.0,2.58,4.47,6.02,2.31,0.79,1.79,4.06,0.162,6.017094017094017,6.031456645520117,2.3333333333333335,2.220376515405656,4.326530612244898,5.0333098236854905,0.7441860465116279,0.8965857077382466,1.789,,,,,,,,,,,,,,,,,,,,,,,,,,,,,,,,,,,,,,,2026-07-11
pitcher,LAD,AZ,Yoshinobu Yamamoto,808967,,,,,5.59,17.0,2.47,5.04,6.44,1.7,0.53,2.21,3.11,0.138,6.649122807017544,6.22165190063958,1.610062893081761,1.9620818244247349,4.879746835443039,5.670126378665604,0.5409836065573771,0.5140159409027215,2.212,,,,,,,,,,,,,,,,,,,,,,,,,,,,,,,,,,,,,,,2026-07-11
pitcher,AZ,LAD,Brandon Pfaadt,694297,,,,,4.58,14.0,2.31,4.55,3.88,1.49,0.67,1.37,4.34,0.166,3.8412698412698414,3.914056289928546,1.3455882352941178,1.9376370308711937,4.525423728813561,4.645649161768958,0.625,0.7881693937507044,1.367,,,,,,,,,,,,,,,,,,,,,,,,,,,,,,,,,,,,,,,2026-07-11
hitter,PIT,MIL,Jake Mangum,663968,1.0,LF,Confirmed,4.18,,,,,0.55,0.29,,,,,0.5513774186376811,0.5431257443421322,0.31181077302524474,0.2726698696192834,1.4947368421052631,1.2048749722384184,0.08200356819666818,0.0675863100671139,,,1.34,0.47,0.34,1.81,0.07,1.77,0.15,0.01,0.0,0.284,1.914285714285714,1.6583249340253694,0.155,,0.011,,0.0,,False,96.0,99.0,96.0,88.0,93.0,91.0,91.0,92.0,94.0,high,high,high,high,high,high,high,high,high,2026-07-11
hitter,PIT,MIL,Brandon Lowe,664040,2.0,2B,Confirmed,4.39,,,,,1.15,0.51,,,,,1.1524607710759465,1.1461537664622075,0.5294796480157823,0.48948674662349567,1.4947368421052631,1.1685066766883037,0.26868602407173076,0.2826775685921923,,,1.32,0.5,0.33,1.7,0.28,2.38,0.19,0.01,0.0,0.304,2.552380952380952,2.2360362346828775,0.19,,0.01,,0.0,,False,96.0,99.0,96.0,88.0,93.0,91.0,91.0,92.0,94.0,high,high,high,high,high,high,high,high,high,2026-07-11
hitter,PIT,MIL,Bryan Reynolds,668804,3.0,DH,Confirmed,4.45,,,,,1.12,0.5,,,,,1.1417776100473571,1.0900224883297314,0.5025050886557487,0.48981614325289363,1.4947368421052631,1.222004239549868,0.14069853795451157,0.16986959758054548,,,1.34,0.48,0.35,1.7,0.16,1.98,0.2,0.01,0.0,0.289,2.057017543859649,1.9235936226273116,0.198,,0.015,,0.0,,False,96.0,99.0,96.0,88.0,93.0,91.0,91.0,92.0,94.0,high,high,high,high,high,high,high,high,high,2026-07-11
hitter,PIT,MIL,Esmerlyn Valdez,699013,4.0,RF,Confirmed,3.96,,,,,1.15,0.48,,,,,1.2042770155501088,1.1005044538259043,0.5175415703637727,0.44258095949242837,1.0980834272829765,0.9774064284773085,0.22526757803965575,0.20765017955538234,,,1.03,0.41,0.31,1.43,0.22,1.91,0.14,0.01,0.0,0.278,2.057017543859649,1.791380970320275,0.137,,0.012,,0.0,,False,96.0,99.0,96.0,88.0,93.0,91.0,91.0,92.0,94.0,high,high,high,high,high,high,high,high,high,2026-07-11
hitter,PIT,MIL,Ryan O'Hearn,656811,5.0,1B,Confirmed,4.57,,,,,1.0,0.51,,,,,0.9494814732283049,1.048994467873664,0.5296588492839799,0.4935560464385316,1.4947368421052631,1.1989076485077843,0.14592118930509865,0.15640178046504555,,,1.33,0.47,0.35,1.69,0.15,1.95,0.18,0.01,0.0,0.278,2.057017543859649,1.8561110426090002,0.182,,0.011,,0.0,,False,96.0,99.0,96.0,88.0,93.0,91.0,91.0,92.0,94.0,high,high,high,high,high,high,high,high,high,2026-07-11
hitter,PIT,MIL,Nick Gonzales,693304,6.0,3B,Confirmed,4.61,,,,,0.76,0.34,,,,,0.7325891712937236,0.7826406437281637,0.3385962114673793,0.3507660434804835,1.607843137254902,1.4259580863896235,0.10506488572155742,0.11427297983371758,,,1.51,0.46,0.43,1.99,0.11,2.03,0.17,0.01,0.0,0.288,2.057017543859649,2.0124005087250536,0.167,,0.01,,0.0,,False,96.0,99.0,96.0,88.0,93.0,91.0,91.0,92.0,94.0,high,high,high,high,high,high,high,high,high,2026-07-11
hitter,PIT,MIL,Tyler Callihan,682997,7.0,LF,Confirmed,3.1,,,,,0.96,0.33,,,,,1.0167644537755385,0.9064724316461239,0.3660084716910952,0.28475549944286904,0.801980198019802,0.6934271215753753,0.137532193687676,0.1056110361332815,,,0.74,0.29,0.21,1.09,0.12,1.53,0.13,0.01,0.0,0.286,1.914285714285714,1.224361207643398,0.13,,0.008,,0.0,,False,96.0,99.0,96.0,88.0,93.0,91.0,91.0,92.0,94.0,high,high,high,high,high,high,high,high,high,2026-07-11
hitter,PIT,MIL,Jared Triolo,669707,8.0,SS,Confirmed,4.18,,,,,0.93,0.44,,,,,0.8824763211353283,0.9703307142411065,0.46820120331346604,0.40486880664230046,1.0980834272829765,1.0673229309024284,0.08541147915044964,0.06277508521693,,,1.08,0.4,0.3,1.57,0.07,1.61,0.16,0.01,0.0,0.289,1.684375,1.5481427533205505,0.156,,0.01,,0.0,,False,96.0,99.0,96.0,88.0,93.0,91.0,91.0,92.0,94.0,high,high,high,high,high,high,high,high,high,2026-07-11
hitter,PIT,MIL,Henry Davis,680779,9.0,C,Confirmed,3.48,,,,,0.9,0.31,,,,,0.9255437304467956,0.8737929644173171,0.3377704668588466,0.2765025016328664,0.994208494208494,0.8382327981133311,0.18809256405720765,0.16897869156984704,,,0.91,0.33,0.26,1.3,0.18,1.73,0.14,0.01,0.0,0.282,1.914285714285714,1.5784662116138561,0.139,,0.007,,0.0,,False,96.0,99.0,96.0,88.0,93.0,91.0,91.0,92.0,94.0,high,high,high,high,high,high,high,high,high,2026-07-11
hitter,MIL,PIT,Christian Yelich,592885,1.0,DH,Confirmed,4.57,,,,,1.76,0.22,,,,,1.6969683608802293,1.8313758900761712,0.20313413743516776,0.23828022783553485,0.8949771689497716,0.9854036274680049,0.045604675212660296,0.0477174389463411,,,0.94,0.56,0.42,1.97,0.05,1.31,0.19,0.01,0.0,0.307,1.239368165249089,1.3721010546114953,0.193,,0.009,,0.0,,False,96.0,99.0,96.0,88.0,93.0,91.0,91.0,92.0,94.0,high,high,high,high,high,high,high,high,high,2026-07-11
hitter,MIL,PIT,Garrett Mitchell,669003,2.0,CF,Confirmed,4.25,,,,,1.72,0.22,,,,,1.6051646230775665,1.8424299485080358,0.21928705069720492,0.22644206376030113,0.707983193277311,0.7280850591252856,0.0631835315551757,0.05244993787109098,,,0.72,0.49,0.37,1.66,0.06,1.09,0.16,0.01,0.0,0.296,1.1238670694864048,1.0674016971023792,0.155,,0.01,,0.0,,False,96.0,99.0,96.0,88.0,93.0,91.0,91.0,92.0,94.0,high,high,high,high,high,high,high,high,high,2026-07-11
hitter,MIL,PIT,Brice Turang,668930,3.0,2B,Confirmed,4.61,,,,,1.68,0.27,,,,,1.615049019365839,1.7520163751234796,0.24175576371494495,0.303661592638419,0.8770949720670391,0.9439460781153335,0.045863324749936006,0.05056313437924326,,,0.91,0.58,0.48,2.06,0.05,1.29,0.17,0.01,0.0,0.323,1.239368165249089,1.3403650918010717,0.168,,0.01,,0.0,,False,96.0,99.0,96.0,88.0,93.0,91.0,91.0,92.0,94.0,high,high,high,high,high,high,high,high,high,2026-07-11
hitter,MIL,PIT,William Contreras,661388,4.0,C,Confirmed,4.64,,,,,1.17,0.24,,,,,1.078321514925561,1.2660199668098338,0.2147461470765895,0.26325677816141485,1.0980834272829765,1.1184666665097573,0.057145786571085884,0.06711596697417246,,,1.11,0.63,0.55,2.27,0.06,1.47,0.2,0.01,0.0,0.338,1.3893129770992367,1.5387130042448711,0.203,,0.008,,0.0,,False,96.0,99.0,96.0,88.0,93.0,91.0,91.0,92.0,94.0,high,high,high,high,high,high,high,high,high,2026-07-11
hitter,MIL,PIT,Jake Bauers,641343,5.0,1B,Confirmed,4.18,,,,,1.65,0.22,,,,,1.6045458723871175,1.6974897746689162,0.2105423790875939,0.23105788969316574,0.801980198019802,0.8193415323007567,0.04955393317351645,0.07697583513976936,,,0.81,0.53,0.46,1.86,0.06,1.13,0.15,0.01,0.0,0.319,1.1521739130434783,1.1096896877614297,0.148,,0.007,,0.0,,False,96.0,99.0,96.0,88.0,93.0,91.0,91.0,92.0,94.0,high,high,high,high,high,high,high,high,high,2026-07-11
hitter,MIL,PIT,Luis Lara,800325,6.0,LF,Confirmed,1.92,,,,,0.67,0.11,,,,,0.6950834090377682,0.6474514508084365,0.13573115530310637,0.08654663090123382,0.35424354243542433,0.2666500479236585,0.04090868154063802,0.02786298911675613,,,0.31,0.19,0.18,0.78,0.03,0.41,0.09,0.01,0.0,0.288,0.4591194968553459,0.3772972731835471,0.086,,0.007,,0.0,,False,96.0,99.0,96.0,88.0,93.0,91.0,91.0,92.0,94.0,high,high,high,high,high,high,high,high,high,2026-07-11
hitter,MIL,PIT,Cooper Pratt,806198,7.0,SS,Confirmed,3.49,,,,,0.96,0.15,,,,,0.8915022230567233,1.0300242278180183,0.15647387134916121,0.14424379804309292,0.7061469265367316,0.6496998540199302,0.02819637719057822,0.023462711169557428,,,0.68,0.36,0.3,1.44,0.03,0.83,0.16,0.01,0.0,0.306,0.8408408408408409,0.8168048321395459,0.156,,0.008,,0.0,,False,96.0,99.0,96.0,88.0,93.0,91.0,91.0,92.0,94.0,high,high,high,high,high,high,high,high,high,2026-07-11
hitter,MIL,PIT,Sal Frelick,686217,8.0,RF,Confirmed,3.33,,,,,0.68,0.11,,,,,0.6187293326327835,0.7440386060500445,0.11991658451434403,0.10397062355408795,0.7715355805243446,0.6917013532277093,0.02341700972768278,0.022790687482584834,,,0.73,0.36,0.31,1.47,0.02,0.96,0.13,0.01,0.0,0.306,1.001763668430335,0.9173645806038062,0.129,,0.01,,0.0,,False,96.0,99.0,96.0,88.0,93.0,91.0,91.0,92.0,94.0,high,high,high,high,high,high,high,high,high,2026-07-11
hitter,MIL,PIT,Joey Ortiz,687401,9.0,3B,Confirmed,3.1,,,,,0.75,0.11,,,,,0.6949911804007943,0.8027321610679473,0.11262249242139065,0.11066459895645933,0.707983193277311,0.640712382501089,0.026141041439088797,0.01863034273822749,,,0.67,0.36,0.31,1.47,0.02,0.84,0.13,0.01,0.0,0.328,0.8408408408408409,0.8304718362351072,0.135,,0.008,,0.0,,False,96.0,99.0,96.0,88.0,93.0,91.0,91.0,92.0,94.0,high,high,high,high,high,high,high,high,high,2026-07-11
hitter,PIT,MIL,Nick Gonzales,693304,1.0,3B,Confirmed,4.61,,,,,0.76,0.34,,,,,0.7325891712937236,0.7826406437281637,0.3385962114673793,0.3507660434804835,1.607843137254902,1.4259580863896235,0.10506488572155742,0.11427297983371758,,,1.51,0.53,0.38,2.0,0.11,2.03,0.17,0.01,0.0,0.288,2.057017543859649,2.0124005087250536,0.167,,0.01,,0.0,,False,96.0,99.0,96.0,88.0,93.0,91.0,91.0,92.0,94.0,high,high,high,high,high,high,high,high,high,2026-07-11
hitter,PIT,MIL,Brandon Lowe,664040,2.0,2B,Confirmed,4.39,,,,,1.15,0.51,,,,,1.1524607710759465,1.1461537664622075,0.5294796480157823,0.48948674662349567,1.4947368421052631,1.1685066766883037,0.26868602407173076,0.2826775685921923,,,1.32,0.5,0.33,1.7,0.28,2.38,0.19,0.01,0.0,0.304,2.552380952380952,2.2360362346828775,0.19,,0.01,,0.0,,False,96.0,99.0,96.0,88.0,93.0,91.0,91.0,92.0,94.0,high,high,high,high,high,high,high,high,high,2026-07-11
hitter,PIT,MIL,Bryan Reynolds,668804,3.0,RF,Confirmed,4.45,,,,,1.12,0.5,,,,,1.1417776100473571,1.0900224883297314,0.5025050886557487,0.48981614325289363,1.4947368421052631,1.222004239549868,0.14069853795451157,0.16986959758054548,,,1.34,0.48,0.35,1.7,0.16,1.98,0.2,0.01,0.0,0.289,2.057017543859649,1.9235936226273116,0.198,,0.015,,0.0,,False,96.0,99.0,96.0,88.0,93.0,91.0,91.0,92.0,94.0,high,high,high,high,high,high,high,high,high,2026-07-11
hitter,PIT,MIL,Esmerlyn Valdez,699013,4.0,RF,Confirmed,3.96,,,,,1.15,0.48,,,,,1.2042770155501088,1.1005044538259043,0.5175415703637727,0.44258095949242837,1.0980834272829765,0.9774064284773085,0.22526757803965575,0.20765017955538234,,,1.03,0.41,0.31,1.43,0.22,1.91,0.14,0.01,0.0,0.278,2.057017543859649,1.791380970320275,0.137,,0.012,,0.0,,False,96.0,99.0,96.0,88.0,93.0,91.0,91.0,92.0,94.0,high,high,high,high,high,high,high,high,high,2026-07-11
hitter,PIT,MIL,Ryan O'Hearn,656811,5.0,1B,Confirmed,4.57,,,,,1.0,0.51,,,,,0.9494814732283049,1.048994467873664,0.5296588492839799,0.4935560464385316,1.4947368421052631,1.1989076485077843,0.14592118930509865,0.15640178046504555,,,1.33,0.47,0.35,1.69,0.15,1.95,0.18,0.01,0.0,0.278,2.057017543859649,1.8561110426090002,0.182,,0.011,,0.0,,False,96.0,99.0,96.0,88.0,93.0,91.0,91.0,92.0,94.0,high,high,high,high,high,high,high,high,high,2026-07-11
hitter,PIT,MIL,Marcell Ozuna,542303,6.0,DH,Confirmed,4.51,,,,,1.23,0.88,,,,,1.206479839099692,1.2531157559102084,0.8827848973522029,0.8766175949371501,0.707983193277311,0.7419975165927373,0.06502407690190704,0.07816313713743352,,,0.73,0.46,0.37,1.71,0.07,1.17,0.15,0.01,0.0,0.318,1.1521739130434783,1.1885689014408665,0.149,,0.007,,0.0,,False,96.0,99.0,96.0,88.0,93.0,91.0,91.0,92.0,94.0,high,high,high,high,high,high,high,high,high,2026-07-11
hitter,PIT,MIL,Rafael Flores Jr.,804668,7.0,C,Confirmed,3.81,,,,,0.73,0.33,,,,,0.598426845369606,0.8519312339459137,0.3214699215401988,0.33097398095258673,0.801980198019802,0.8001317361928377,0.10046789169234496,0.14843874034004767,,,0.8,0.32,0.24,1.27,0.12,1.29,0.14,0.01,0.0,0.251,1.239368165249089,1.324999059022132,0.136,,0.008,,0.0,,False,96.0,99.0,96.0,88.0,93.0,91.0,91.0,92.0,94.0,high,high,high,high,high,high,high,high,high,2026-07-11
hitter,PIT,MIL,Jared Triolo,669707,8.0,SS,Confirmed,4.18,,,,,0.93,0.44,,,,,0.8824763211353283,0.9703307142411065,0.46820120331346604,0.40486880664230046,1.0980834272829765,1.0673229309024284,0.08541147915044964,0.06277508521693,,,1.08,0.4,0.3,1.57,0.07,1.61,0.16,0.01,0.0,0.289,1.684375,1.5481427533205505,0.156,,0.01,,0.0,,False,96.0,99.0,96.0,88.0,93.0,91.0,91.0,92.0,94.0,high,high,high,high,high,high,high,high,high,2026-07-11
hitter,PIT,MIL,Billy Cook,695257,9.0,CF,Confirmed,2.55,,,,,0.99,0.12,,,,,0.9558533104574823,1.0307709060449517,0.14111675241799723,0.10329376966687463,0.5290322580645161,0.41274479057158414,0.025467894920940544,0.014501074107056177,,,0.47,0.19,0.15,0.75,0.02,0.64,0.09,0.01,0.0,0.222,0.6720588235294118,0.6187421564866841,0.095,,0.007,,0.0,,False,96.0,99.0,96.0,88.0,93.0,91.0,91.0,92.0,94.0,high,high,high,high,high,high,high,high,high,2026-07-11
hitter,MIL,PIT,Christian Yelich,592885,1.0,DH,Confirmed,4.57,,,,,1.76,0.22,,,,,1.6969683608802293,1.8313758900761712,0.20313413743516776,0.23828022783553485,0.8949771689497716,0.9854036274680049,0.045604675212660296,0.0477174389463411,,,0.94,0.56,0.42,1.97,0.05,1.31,0.19,0.01,0.0,0.307,1.239368165249089,1.3721010546114953,0.193,,0.009,,0.0,,False,96.0,99.0,96.0,88.0,93.0,91.0,91.0,92.0,94.0,high,high,high,high,high,high,high,high,high,2026-07-11
hitter,MIL,PIT,Jackson Chourio,694192,2.0,LF,Confirmed,4.74,,,,,1.61,0.17,,,,,1.5738203431279172,1.6472365080072036,0.17390016445069606,0.16549523087599624,1.0980834272829765,1.127157688898675,0.05360009893193537,0.02980212390021343,,,1.11,0.59,0.46,2.15,0.04,1.41,0.21,0.02,0.0,0.309,1.3148148148148149,1.4868647202456362,0.208,,0.017,,0.0,,False,96.0,99.0,96.0,88.0,93.0,91.0,91.0,92.0,94.0,high,high,high,high,high,high,high,high,high,2026-07-11
hitter,MIL,PIT,Brice Turang,668930,3.0,2B,Confirmed,4.61,,,,,1.68,0.27,,,,,1.615049019365839,1.7520163751234796,0.24175576371494495,0.303661592638419,0.8770949720670391,0.9439460781153335,0.045863324749936006,0.05056313437924326,,,0.91,0.58,0.48,2.06,0.05,1.29,0.17,0.01,0.0,0.323,1.239368165249089,1.3403650918010717,0.168,,0.01,,0.0,,False,96.0,99.0,96.0,88.0,93.0,91.0,91.0,92.0,94.0,high,high,high,high,high,high,high,high,high,2026-07-11
hitter,MIL,PIT,Jake Bauers,641343,4.0,1B,Confirmed,4.18,,,,,1.65,0.22,,,,,1.6045458723871175,1.6974897746689162,0.2105423790875939,0.23105788969316574,0.801980198019802,0.8193415323007567,0.04955393317351645,0.07697583513976936,,,0.81,0.53,0.46,1.86,0.06,1.13,0.15,0.01,0.0,0.319,1.1521739130434783,1.1096896877614297,0.148,,0.007,,0.0,,False,96.0,99.0,96.0,88.0,93.0,91.0,91.0,92.0,94.0,high,high,high,high,high,high,high,high,high,2026-07-11
hitter,MIL,PIT,Gary Sánchez,596142,5.0,C,Confirmed,3.81,,,,,0.74,0.15,,,,,0.660964526074075,0.821805539688552,0.1577560081494488,0.13535479069036183,0.7061469265367316,0.7088988024168003,0.15480152655129698,0.11333850535847823,,,0.71,0.48,0.42,1.71,0.13,1.17,0.14,0.01,0.0,0.32,1.239368165249089,1.1185857342868653,0.14,,0.009,,0.0,,False,96.0,99.0,96.0,88.0,93.0,91.0,91.0,92.0,94.0,high,high,high,high,high,high,high,high,high,2026-07-11
hitter,MIL,PIT,Garrett Mitchell,669003,6.0,CF,Confirmed,4.25,,,,,1.72,0.22,,,,,1.6051646230775665,1.8424299485080358,0.21928705069720492,0.22644206376030113,0.707983193277311,0.7280850591252856,0.0631835315551757,0.05244993787109098,,,0.72,0.43,0.42,1.65,0.06,1.09,0.16,0.01,0.0,0.296,1.1238670694864048,1.0674016971023792,0.155,,0.01,,0.0,,False,96.0,99.0,96.0,88.0,93.0,91.0,91.0,92.0,94.0,high,high,high,high,high,high,high,high,high,2026-07-11
hitter,MIL,PIT,Luis Lara,800325,7.0,RF,Confirmed,1.92,,,,,0.67,0.11,,,,,0.6950834090377682,0.6474514508084365,0.13573115530310637,0.08654663090123382,0.35424354243542433,0.2666500479236585,0.04090868154063802,0.02786298911675613,,,0.31,0.19,0.16,0.76,0.03,0.41,0.09,0.01,0.0,0.288,0.4591194968553459,0.3772972731835471,0.086,,0.007,,0.0,,False,96.0,99.0,96.0,88.0,93.0,91.0,91.0,92.0,94.0,high,high,high,high,high,high,high,high,high,2026-07-11
hitter,MIL,PIT,Cooper Pratt,806198,8.0,SS,Confirmed,3.49,,,,,0.96,0.15,,,,,0.8915022230567233,1.0300242278180183,0.15647387134916121,0.14424379804309292,0.7061469265367316,0.6496998540199302,0.02819637719057822,0.023462711169557428,,,0.68,0.36,0.3,1.44,0.03,0.83,0.16,0.01,0.0,0.306,0.8408408408408409,0.8168048321395459,0.156,,0.008,,0.0,,False,96.0,99.0,96.0,88.0,93.0,91.0,91.0,92.0,94.0,high,high,high,high,high,high,high,high,high,2026-07-11
hitter,MIL,PIT,Joey Ortiz,687401,9.0,3B,Confirmed,3.1,,,,,0.75,0.11,,,,,0.6949911804007943,0.8027321610679473,0.11262249242139065,0.11066459895645933,0.707983193277311,0.640712382501089,0.026141041439088797,0.01863034273822749,,,0.67,0.36,0.31,1.47,0.02,0.84,0.13,0.01,0.0,0.328,0.8408408408408409,0.8304718362351072,0.135,,0.008,,0.0,,False,96.0,99.0,96.0,88.0,93.0,91.0,91.0,92.0,94.0,high,high,high,high,high,high,high,high,high,2026-07-11
hitter,MIN,LAA,Trevor Larnach,663616,1.0,LF,Confirmed,4.25,,,,,0.76,0.37,,,,,0.7447413256777765,0.773501056292513,0.3688260054282624,0.36973739000573047,0.994208494208494,0.9147092200661818,0.24091000561217396,0.23625190295023085,,,0.95,0.62,0.51,2.23,0.24,1.92,0.16,0.01,0.0,0.351,2.057017543859649,1.8054331251853117,0.155,,0.011,,0.0,,False,96.0,99.0,96.0,88.0,93.0,91.0,91.0,92.0,94.0,high,high,high,high,high,high,high,high,high,2026-07-11
hitter,MIN,LAA,Brooks Lee,686797,2.0,3B,Confirmed,4.25,,,,,0.94,0.38,,,,,0.898556539504582,0.9756680188170278,0.38714100495053017,0.3784085654532607,1.0980834272829765,1.0497216879535103,0.05780831142176728,0.06713237198699129,,,1.07,0.64,0.53,2.27,0.06,1.46,0.15,0.01,0.0,0.356,1.4759615384615385,1.4426228957490397,0.15,,0.009,,0.0,,False,96.0,99.0,96.0,88.0,93.0,91.0,91.0,92.0,94.0,high,high,high,high,high,high,high,high,high,2026-07-11
hitter,MIN,LAA,Josh Bell,605137,3.0,DH,Confirmed,4.25,,,,,1.06,0.37,,,,,1.0818641609591404,1.028475812232111,0.3852025229008552,0.3463223436823984,1.0980834272829765,1.0279202187480279,0.09688568461224101,0.07856324036193257,,,1.06,0.69,0.68,2.47,0.09,1.73,0.19,0.01,0.0,0.383,1.914285714285714,1.5861398724206608,0.194,,0.01,,0.0,,False,96.0,99.0,96.0,88.0,93.0,91.0,91.0,92.0,94.0,high,high,high,high,high,high,high,high,high,2026-07-11
hitter,MIN,LAA,Kody Clemens,665019,4.0,2B,Confirmed,4.18,,,,,1.27,0.3,,,,,1.2376339490587192,1.2943500693472607,0.3166906225399625,0.29269046634902296,1.0980834272829765,0.9339320016570766,0.0812083752715935,0.06010535758982358,,,1.01,0.66,0.66,2.42,0.07,1.58,0.17,0.01,0.0,0.372,1.684375,1.501042115180958,0.171,,0.012,,0.0,,False,96.0,99.0,96.0,88.0,93.0,91.0,91.0,92.0,94.0,high,high,high,high,high,high,high,high,high,2026-07-11
hitter,MIN,LAA,Royce Lewis,668904,5.0,1B,Confirmed,4.25,,,,,1.32,0.3,,,,,1.288060987786968,1.3471536649928797,0.3080888439258288,0.284952380214157,0.994208494208494,0.9907032760916642,0.0635487657462363,0.06586956128264865,,,0.99,0.62,0.62,2.23,0.06,1.52,0.16,0.01,0.0,0.339,1.5956790123456794,1.4630901001211396,0.161,,0.008,,0.0,,False,96.0,99.0,96.0,88.0,93.0,91.0,91.0,92.0,94.0,high,high,high,high,high,high,high,high,high,2026-07-11
hitter,MIN,LAA,Victor Caratini,605170,6.0,C,Confirmed,4.18,,,,,0.97,0.38,,,,,0.952199329923385,0.9935611727036305,0.3780672040734502,0.3742196507927414,1.0980834272829765,1.0105912959712922,0.06200687357639446,0.049664629648796164,,,1.05,0.56,0.61,2.27,0.06,1.47,0.18,0.01,0.0,0.364,1.4759615384615385,1.4657239055224234,0.185,,0.008,,0.0,,False,96.0,99.0,96.0,88.0,93.0,91.0,91.0,92.0,94.0,high,high,high,high,high,high,high,high,high,2026-07-11
hitter,MIN,LAA,Alan Roden,702176,7.0,RF,Confirmed,2.26,,,,,0.49,0.11,,,,,0.49708902776006036,0.4920150506100138,0.12615162890222492,0.09318404450228379,0.4125159642401022,0.3672887331827254,0.07161321704353724,0.04367059823050853,,,0.39,0.26,0.25,1.03,0.06,0.61,0.1,0.01,0.0,0.315,0.6992421095027739,0.5349418338013825,0.101,,0.009,,0.0,,False,96.0,99.0,96.0,88.0,93.0,91.0,91.0,92.0,94.0,high,high,high,high,high,high,high,high,high,2026-07-11
hitter,MIN,LAA,Tristan Gray,656484,8.0,SS,Confirmed,3.02,,,,,1.16,0.07,,,,,1.13837854362619,1.18398780428696,0.08608355138730536,0.05787492793776149,0.5290322580645161,0.49037617636497527,0.09614899705154056,0.07504358356309974,,,0.51,0.33,0.32,1.3,0.09,0.93,0.13,0.01,0.0,0.302,1.001763668430335,0.877491999562044,0.133,,0.009,,0.0,,False,96.0,99.0,96.0,88.0,93.0,91.0,91.0,92.0,94.0,high,high,high,high,high,high,high,high,high,2026-07-11
hitter,MIN,LAA,Luke Keaschall,807712,9.0,CF,Confirmed,4.18,,,,,0.77,0.42,,,,,0.7484444355752722,0.7903449101023267,0.42243882741883587,0.4231483504007093,1.0980834272829765,1.0627602775175835,0.0373414787261255,0.026705534956281134,,,1.08,0.48,0.43,1.91,0.03,1.44,0.18,0.01,0.0,0.323,1.4476190476190476,1.440845810997816,0.176,,0.008,,0.0,,False,96.0,99.0,96.0,88.0,93.0,91.0,91.0,92.0,94.0,high,high,high,high,high,high,high,high,high,2026-07-11
hitter,LAA,MIN,Zach Neto,687263,1.0,SS,Confirmed,4.04,,,,,1.54,0.25,,,,,1.5848552805543796,1.4974951464584312,0.2519924595497586,0.2523653877528745,1.1391752577319587,1.097442536293682,0.07889473475605452,0.08357872824765758,,,1.12,0.31,0.22,1.11,0.08,1.75,0.12,0.01,0.0,0.193,1.914285714285714,1.619622531457701,0.115,,0.006,,0.0,,False,96.0,99.0,96.0,88.0,93.0,91.0,91.0,92.0,94.0,high,high,high,high,high,high,high,high,high,2026-07-11
hitter,LAA,MIN,Mike Trout,545361,2.0,CF,Confirmed,4.18,,,,,1.21,0.71,,,,,1.2698591299195348,1.1471173241582349,0.702677673728757,0.7217715693973261,0.8770949720670391,0.8128975299735733,0.2714056748425758,0.22023963889179451,,,0.84,0.31,0.21,1.05,0.25,1.73,0.08,0.01,0.0,0.196,1.914285714285714,1.5723305505488878,0.081,,0.006,,0.0,,False,96.0,99.0,96.0,88.0,93.0,91.0,91.0,92.0,94.0,high,high,high,high,high,high,high,high,high,2026-07-11
hitter,LAA,MIN,Nolan Schanuel,694384,3.0,1B,Confirmed,3.96,,,,,0.68,0.39,,,,,0.6335909650607943,0.7307877551987745,0.412148118061167,0.3641712251536013,0.8770949720670391,0.8370923879733142,0.08874498538992834,0.08612987143122992,,,0.86,0.32,0.25,1.21,0.09,1.25,0.13,0.01,0.0,0.207,1.3148148148148149,1.195810252444633,0.129,,0.008,,0.0,,False,96.0,99.0,96.0,88.0,93.0,91.0,91.0,92.0,94.0,high,high,high,high,high,high,high,high,high,2026-07-11
hitter,LAA,MIN,Jorge Soler,624585,4.0,DH,Confirmed,3.81,,,,,1.48,0.23,,,,,1.5568142203350301,1.4089628864691313,0.24727582801009926,0.2201516986510911,1.0980834272829765,0.9797552326458294,0.06605499525984627,0.0703931256063326,,,1.03,0.26,0.21,0.95,0.07,1.55,0.09,0.01,0.0,0.18,1.684375,1.4447508538751856,0.094,,0.006,,0.0,,False,96.0,99.0,96.0,88.0,93.0,91.0,91.0,92.0,94.0,high,high,high,high,high,high,high,high,high,2026-07-11
hitter,LAA,MIN,Vaughn Grissom,687093,5.0,2B,Confirmed,3.33,,,,,0.75,0.17,,,,,0.7666542912460494,0.7320327091833146,0.16905401819683347,0.16181206195635653,1.0980834272829765,0.9045469262987634,0.036943209292771756,0.03401450239830138,,,0.99,0.26,0.21,1.01,0.04,1.23,0.09,0.01,0.0,0.202,1.3893129770992367,1.1080707938121466,0.094,,0.007,,0.0,,False,96.0,99.0,96.0,88.0,93.0,91.0,91.0,92.0,94.0,high,high,high,high,high,high,high,high,high,2026-07-11
hitter,LAA,MIN,Jo Adell,666176,6.0,RF,Confirmed,3.74,,,,,1.24,0.14,,,,,1.2483020031254366,1.2261959151078285,0.15619379577969666,0.1168416984207112,1.1391752577319587,1.0462847532965591,0.07759994553553984,0.08371664050198593,,,1.09,0.25,0.25,1.08,0.08,1.72,0.1,0.01,0.0,0.189,1.914285714285714,1.5667196784775739,0.103,,0.008,,0.0,,False,96.0,99.0,96.0,88.0,93.0,91.0,91.0,92.0,94.0,high,high,high,high,high,high,high,high,high,2026-07-11
hitter,LAA,MIN,Wade Meckler,685133,7.0,LF,Confirmed,3.09,,,,,1.03,0.12,,,,,1.060303352636519,1.0021343091399777,0.13830800507678226,0.10011252702953775,1.0,0.7578296034502786,0.02809923567654967,0.019160123536661466,,,0.87,0.19,0.15,0.75,0.02,1.06,0.08,0.01,0.0,0.179,1.239368165249089,0.9214503554770813,0.084,,0.006,,0.0,,False,96.0,99.0,96.0,88.0,93.0,91.0,91.0,92.0,94.0,high,high,high,high,high,high,high,high,high,2026-07-11
hitter,LAA,MIN,Denzer Guzman,694203,8.0,3B,Confirmed,3.81,,,,,1.36,0.17,,,,,1.3925647295027423,1.3347600633122971,0.174261127846213,0.15774025800207095,1.1391752577319587,1.0177261435422869,0.048319018464899055,0.053152949128251095,,,1.07,0.23,0.19,0.95,0.05,1.66,0.12,0.01,0.0,0.173,1.914285714285714,1.4470100803708217,0.123,,0.006,,0.0,,False,96.0,99.0,96.0,88.0,93.0,91.0,91.0,92.0,94.0,high,high,high,high,high,high,high,high,high,2026-07-11
hitter,LAA,MIN,Logan O'Hoppe,681351,9.0,C,Confirmed,3.49,,,,,1.38,0.17,,,,,1.4534262356603624,1.31106268641142,0.17328856064803352,0.15735282735285502,1.0980834272829765,0.9107065041981663,0.047576728339273844,0.05540650279716684,,,1.0,0.21,0.18,0.87,0.05,1.33,0.09,0.01,0.0,0.175,1.3893129770992367,1.2729032822930242,0.092,,0.006,,0.0,,False,96.0,99.0,96.0,88.0,93.0,91.0,91.0,92.0,94.0,high,high,high,high,high,high,high,high,high,2026-07-11
hitter,CWS,ATH,Randal Grichuk,545341,1.0,LF,Confirmed,3.54,,,,,0.55,0.16,,,,,0.4375798168511753,0.6618058954313651,0.17251610840087922,0.15472494885181745,0.801980198019802,0.7876192106964379,0.3897178429566611,0.3338043595255233,,,0.79,0.58,0.49,2.06,0.36,1.63,0.15,0.01,0.0,0.391,1.684375,1.5776624684754812,0.146,,0.008,,0.0,,False,96.0,99.0,96.0,88.0,93.0,91.0,91.0,92.0,94.0,high,high,high,high,high,high,high,high,high,2026-07-11
hitter,CWS,ATH,Munetaka Murakami,808959,2.0,DH,Confirmed,4.97,,,,,0.76,0.46,,,,,0.5232427968141334,0.9888736037337416,0.4026593402657148,0.5114591012420479,0.801980198019802,0.9200481574592103,0.05101083874311478,0.0984350946647188,,,0.87,0.99,0.75,3.24,0.07,1.26,0.19,0.01,0.0,0.499,1.1521739130434783,1.3512873594242116,0.192,,0.01,,0.0,,False,96.0,99.0,96.0,88.0,93.0,91.0,91.0,92.0,94.0,high,high,high,high,high,high,high,high,high,2026-07-11
hitter,CWS,ATH,Miguel Vargas,678246,3.0,1B,Confirmed,4.97,,,,,0.51,0.39,,,,,0.49846534815614196,0.5210669627147289,0.36068400404955014,0.42651017633074684,1.0980834272829765,1.2545251837524856,0.42706922170478856,0.5369603677670958,,,1.18,0.81,0.72,2.93,0.48,2.75,0.21,0.01,0.0,0.403,2.456692913385827,2.9965930451058833,0.206,,0.008,,0.0,,False,96.0,99.0,96.0,88.0,93.0,91.0,91.0,92.0,94.0,high,high,high,high,high,high,high,high,high,2026-07-11
hitter,CWS,ATH,Colson Montgomery,695657,4.0,3B,Confirmed,4.68,,,,,0.83,0.32,,,,,0.6664531773054162,0.9986584826047274,0.3048498869697416,0.3371848759541325,0.994208494208494,1.0457903565903512,0.5443566972697682,0.588598533201383,,,1.02,0.79,0.77,2.66,0.57,2.66,0.18,0.01,0.0,0.404,2.456692913385827,2.8274639606853196,0.177,,0.008,,0.0,,False,96.0,99.0,96.0,88.0,93.0,91.0,91.0,92.0,94.0,high,high,high,high,high,high,high,high,high,2026-07-11
hitter,CWS,ATH,Chase Meidroth,805367,5.0,2B,Confirmed,4.51,,,,,0.51,0.25,,,,,0.4949572957957564,0.5284663047077959,0.24529685789465466,0.25446433990388884,1.0980834272829765,1.0970943178341832,0.1665864323621297,0.1766869242750732,,,1.1,0.64,0.55,2.48,0.17,1.87,0.18,0.01,0.0,0.35,1.914285714285714,1.8309860319357627,0.183,,0.009,,0.0,,False,96.0,99.0,96.0,88.0,93.0,91.0,91.0,92.0,94.0,high,high,high,high,high,high,high,high,high,2026-07-11
hitter,CWS,ATH,Braden Montgomery,695731,6.0,RF,Confirmed,4.51,,,,,0.63,0.28,,,,,0.5235294482419204,0.7327771054849763,0.27783547239992823,0.2897602625838617,1.0980834272829765,1.0613699786460618,0.2932486499795926,0.32621912329916947,,,1.08,0.58,0.59,2.3,0.31,2.15,0.24,0.01,0.0,0.363,2.057017543859649,2.222712181564594,0.237,,0.008,,0.0,,False,96.0,99.0,96.0,88.0,93.0,91.0,91.0,92.0,94.0,high,high,high,high,high,high,high,high,high,2026-07-11
hitter,CWS,ATH,Luisangel Acuña,682668,7.0,SS,Confirmed,1.84,,,,,0.41,0.11,,,,,0.4540699543791199,0.37102989266485625,0.1375936651988361,0.08950684185692588,0.3344051446945337,0.24111451803912198,0.013874353997469651,0.008742548952669904,,,0.28,0.19,0.16,0.77,0.01,0.38,0.09,0.01,0.0,0.301,0.44025157232704404,0.3300986474034869,0.093,,0.008,,0.0,,False,96.0,99.0,96.0,88.0,93.0,91.0,91.0,92.0,94.0,high,high,high,high,high,high,high,high,high,2026-07-11
hitter,CWS,ATH,Junior Perez,678577,8.0,CF,Confirmed,2.26,,,,,0.68,0.22,,,,,0.6742660790529831,0.6917687196653179,0.26120242748772593,0.1788971602788189,0.2543859649122807,0.20351249786596817,0.019466481244337024,0.008856130327102179,,,0.23,0.21,0.18,0.75,0.01,0.33,0.12,0.01,0.0,0.284,0.3888888888888889,0.2871917695032301,0.118,,0.007,,0.0,,False,96.0,99.0,96.0,88.0,93.0,91.0,91.0,92.0,94.0,high,high,high,high,high,high,high,high,high,2026-07-11
hitter,CWS,ATH,Drew Romo,691011,9.0,C,Confirmed,4.25,,,,,0.91,0.44,,,,,0.8324431424844527,0.9824540185446473,0.42438681702593983,0.4623499269012215,0.707983193277311,0.868148740139917,0.028423985534556218,0.03892638440215738,,,0.8,0.58,0.53,2.22,0.03,1.1,0.3,0.01,0.0,0.397,1.001763668430335,1.175737805583156,0.297,,0.009,,0.0,,False,96.0,99.0,96.0,88.0,93.0,91.0,91.0,92.0,94.0,high,high,high,high,high,high,high,high,high,2026-07-11
hitter,ATH,CWS,Jacob Wilson,805779,1.0,SS,Confirmed,3.96,,,,,0.42,0.31,,,,,0.37246709736848194,0.4718647123504358,0.30827372618035387,0.3152585231128324,0.6434108527131783,0.5776697506854291,0.026270646335972894,0.012011629294751936,,,0.61,0.41,0.31,1.59,0.02,0.79,0.15,0.01,0.0,0.257,0.7899761336515513,0.7831178062165268,0.155,,0.008,,0.0,,False,96.0,99.0,96.0,88.0,93.0,91.0,91.0,92.0,94.0,high,high,high,high,high,high,high,high,high,2026-07-11
hitter,ATH,CWS,Tyler Soderstrom,691016,2.0,DH,Confirmed,3.32,,,,,1.04,0.4,,,,,1.0665373229699582,1.014597114667158,0.44589718002890033,0.3502273828726487,0.6434108527131783,0.5124693091596939,0.12916692112031353,0.10197167380303145,,,0.57,0.36,0.27,1.32,0.12,1.05,0.12,0.01,0.0,0.272,1.1521739130434783,0.9641780540339006,0.115,,0.01,,0.0,,False,96.0,99.0,96.0,88.0,93.0,91.0,91.0,92.0,94.0,high,high,high,high,high,high,high,high,high,2026-07-11
hitter,ATH,CWS,Shea Langeliers,669127,3.0,C,Confirmed,4.03,,,,,0.64,0.37,,,,,0.7052308441915742,0.5657721087494256,0.3710657269291091,0.3647253298955261,1.4947368421052631,1.1559063367879334,0.22275765547437346,0.2026595554842389,,,1.31,0.42,0.36,1.55,0.21,1.97,0.17,0.01,0.0,0.26,2.057017543859649,1.9033151240656974,0.169,,0.007,,0.0,,False,96.0,99.0,96.0,88.0,93.0,91.0,91.0,92.0,94.0,high,high,high,high,high,high,high,high,high,2026-07-11
hitter,ATH,CWS,Jonah Heim,641680,4.0,1B,Confirmed,3.1,,,,,0.96,0.1,,,,,0.9663690888875166,0.9494539909977077,0.09602025876534573,0.10062726846752518,0.3344051446945337,0.2994069082221396,0.028835568518642444,0.029900076645759558,,,0.32,0.29,0.26,1.08,0.03,0.47,0.13,0.01,0.0,0.239,0.4591194968553459,0.48606351383672225,0.127,,0.01,,0.0,,False,96.0,99.0,96.0,88.0,93.0,91.0,91.0,92.0,94.0,high,high,high,high,high,high,high,high,high,2026-07-11
hitter,ATH,CWS,Joshua Kuroda-Grauer,811965,5.0,3B,Confirmed,3.1,,,,,0.79,0.08,,,,,0.751316408671297,0.8297193803636025,0.0936003499183637,0.0760438205902305,0.3344051446945337,0.3300532125604891,0.021581151970776077,0.023845875694636625,,,0.33,0.29,0.25,1.12,0.02,0.48,0.12,0.01,0.0,0.237,0.4591194968553459,0.5006789070251654,0.124,,0.006,,0.0,,False,96.0,99.0,96.0,88.0,93.0,91.0,91.0,92.0,94.0,high,high,high,high,high,high,high,high,high,2026-07-11
hitter,ATH,CWS,Lawrence Butler,671732,6.0,RF,Confirmed,3.1,,,,,1.26,0.12,,,,,1.2486215344114153,1.2654671502685564,0.1289941825273632,0.10775754017939372,0.3344051446945337,0.26565318116193,0.027601913558351326,0.033940708023798984,,,0.3,0.24,0.23,0.96,0.03,0.44,0.11,0.01,0.0,0.232,0.44025157232704404,0.4439694630440337,0.115,,0.009,,0.0,,False,96.0,99.0,96.0,88.0,93.0,91.0,91.0,92.0,94.0,high,high,high,high,high,high,high,high,high,2026-07-11
hitter,ATH,CWS,Carlos Cortes,666126,7.0,LF,Confirmed,2.55,,,,,0.72,0.06,,,,,0.7197791658473183,0.7300701620824364,0.07879280754406576,0.03403506956647811,0.2543859649122807,0.24023688325563267,0.022174395636202784,0.025150057084491417,,,0.25,0.19,0.17,0.78,0.02,0.37,0.09,0.01,0.0,0.222,0.3888888888888889,0.34808888362799906,0.09,,0.008,,0.0,,False,96.0,99.0,96.0,88.0,93.0,91.0,91.0,92.0,94.0,high,high,high,high,high,high,high,high,high,2026-07-11
hitter,ATH,CWS,Jeff McNeil,643446,8.0,2B,Confirmed,3.02,,,,,0.45,0.09,,,,,0.4562738252600935,0.44495808629859684,0.09023724280640591,0.08653326169768806,0.5290322580645161,0.45888272176588984,0.021156618442382966,0.026998929160649523,,,0.49,0.28,0.25,1.17,0.02,0.73,0.14,0.01,0.0,0.27,0.7899761336515513,0.6829166220981395,0.135,,0.01,,0.0,,False,96.0,99.0,96.0,88.0,93.0,91.0,91.0,92.0,94.0,high,high,high,high,high,high,high,high,high,2026-07-11
hitter,ATH,CWS,Henry Bolte,703607,9.0,CF,Confirmed,3.58,,,,,1.26,0.09,,,,,1.2033978919285744,1.3200819719525583,0.09917011548509351,0.08221197268075867,0.35424354243542433,0.416590012430379,0.025200975798928233,0.011222180184649416,,,0.39,0.3,0.26,1.27,0.02,0.49,0.14,0.01,0.0,0.241,0.44025157232704404,0.529420641299495,0.143,,0.008,,0.0,,False,96.0,99.0,96.0,88.0,93.0,91.0,91.0,92.0,94.0,high,high,high,high,high,high,high,high,high,2026-07-11
hitter,SF,COL,Heliot Ramos,671218,1.0,LF,Confirmed,4.74,,,,,1.36,0.62,,,,,1.2737402226787475,1.4497265663001464,0.5992759516844611,0.6362200734609726,0.8949771689497716,1.0194343399618009,0.05423640775692142,0.05943747181477422,,,0.96,0.78,0.65,3.04,0.06,1.32,0.35,0.02,0.0,0.401,1.3148148148148149,1.3309794996153215,0.352,,0.016,,0.0,,False,96.0,99.0,96.0,88.0,93.0,91.0,91.0,92.0,94.0,high,high,high,high,high,high,high,high,high,2026-07-11
hitter,SF,COL,Luis Arraez,650333,2.0,2B,Confirmed,4.74,,,,,0.54,0.46,,,,,0.37295715324718637,0.7146118752637171,0.3879167686534454,0.5299773640149273,1.0980834272829765,1.122336009756297,0.028904977336293353,0.028730968587999728,,,1.11,0.72,0.58,2.91,0.03,1.38,0.21,0.02,0.0,0.36,1.3148148148148149,1.4363090682433832,0.205,,0.02,,0.0,,False,96.0,99.0,96.0,88.0,93.0,91.0,91.0,92.0,94.0,high,high,high,high,high,high,high,high,high,2026-07-11
hitter,SF,COL,Casey Schmitt,669477,3.0,3B,Confirmed,4.48,,,,,1.17,0.42,,,,,1.1024107716481968,1.231962678901846,0.37914070444322123,0.4548878355470894,0.801980198019802,0.8754786347656957,0.05015990195460219,0.056655454005951046,,,0.84,0.74,0.72,2.96,0.05,1.25,0.27,0.01,0.0,0.391,1.239368165249089,1.2623739274558665,0.274,,0.01,,0.0,,False,96.0,99.0,96.0,88.0,93.0,91.0,91.0,92.0,94.0,high,high,high,high,high,high,high,high,high,2026-07-11
hitter,SF,COL,Rafael Devers,646240,4.0,1B,Confirmed,4.68,,,,,1.57,1.07,,,,,1.5287500553504645,1.6109476608932911,1.1038050538782367,1.0442110085548875,0.7715355805243446,0.8119322342624902,0.05635932900611582,0.054877012579231506,,,0.79,0.83,0.78,3.22,0.06,1.14,0.25,0.01,0.0,0.424,1.1521739130434783,1.1293896961382872,0.25,,0.011,,0.0,,False,96.0,99.0,96.0,88.0,93.0,91.0,91.0,92.0,94.0,high,high,high,high,high,high,high,high,high,2026-07-11
hitter,SF,COL,Willy Adames,642715,5.0,SS,Confirmed,4.48,,,,,1.43,0.69,,,,,1.3621441323646866,1.5074220784009338,0.6715830158286193,0.706922302589106,0.707983193277311,0.7709902068043706,0.04538191524217489,0.041927257417236595,,,0.74,0.72,0.68,2.9,0.04,1.06,0.23,0.01,0.0,0.383,1.001763668430335,1.10472011264303,0.231,,0.012,,0.0,,False,96.0,99.0,96.0,88.0,93.0,91.0,91.0,92.0,94.0,high,high,high,high,high,high,high,high,high,2026-07-11
hitter,SF,COL,Bryce Eldridge,805811,6.0,DH,Confirmed,4.74,,,,,1.51,0.82,,,,,1.4667986898006609,1.558202078700671,0.7619144661374706,0.8823740763971849,0.8694581280788177,0.8935156631644053,0.05641714813916495,0.08497524843948968,,,0.88,0.72,0.78,3.11,0.07,1.32,0.33,0.01,0.0,0.42,1.239368165249089,1.3927609854327314,0.329,,0.015,,0.0,,False,96.0,99.0,96.0,88.0,93.0,91.0,91.0,92.0,94.0,high,high,high,high,high,high,high,high,high,2026-07-11
hitter,SF,COL,Jung Hoo Lee,808982,7.0,RF,Confirmed,4.25,,,,,0.64,0.41,,,,,0.5819335341101756,0.689686730204157,0.4043835048985457,0.41770736545460513,0.8770949720670391,0.9209299430005442,0.024704185758641382,0.014131384414743733,,,0.9,0.58,0.53,2.6,0.02,1.12,0.25,0.04,0.0,0.38,1.1521739130434783,1.0985967372113463,0.247,,0.038,,0.0,,False,96.0,99.0,96.0,88.0,93.0,91.0,91.0,92.0,94.0,high,high,high,high,high,high,high,high,high,2026-07-11
hitter,SF,COL,Jesus Rodriguez,683679,8.0,C,Confirmed,3.1,,,,,0.43,0.17,,,,,0.4219655657386495,0.44027622406219785,0.19244698059380647,0.14899708723063834,0.801980198019802,0.7081235067318651,0.0282183763745077,0.01951800412408622,,,0.75,0.36,0.33,1.56,0.02,0.91,0.17,0.01,0.0,0.318,0.9875776397515532,0.8482453072854564,0.166,,0.009,,0.0,,False,96.0,99.0,96.0,88.0,93.0,91.0,91.0,92.0,94.0,high,high,high,high,high,high,high,high,high,2026-07-11
hitter,SF,COL,Drew Gilbert,687551,9.0,CF,Confirmed,3.74,,,,,0.9,0.28,,,,,0.8176700571648926,0.990318034712852,0.26695429368614176,0.29642301147001826,0.801980198019802,0.7209278291632284,0.19088126229684158,0.20165918432223018,,,0.76,0.42,0.38,1.79,0.2,1.65,0.16,0.01,0.0,0.31,1.684375,1.617406582152237,0.162,,0.011,,0.0,,False,96.0,99.0,96.0,88.0,93.0,91.0,91.0,92.0,94.0,high,high,high,high,high,high,high,high,high,2026-07-11
hitter,COL,SF,Jake McCarthy,664983,1.0,CF,Confirmed,4.61,,,,,0.55,0.21,,,,,0.5474836309525255,0.5610986078717736,0.218246238075189,0.21117773994250452,0.994208494208494,1.0476508507248454,0.08313842905203428,0.08817213744291992,,,1.02,0.64,0.51,2.65,0.09,1.52,0.23,0.04,0.0,0.339,1.3893129770992367,1.6181017623439202,0.23,,0.038,,0.0,,False,96.0,99.0,96.0,88.0,93.0,91.0,91.0,92.0,94.0,high,high,high,high,high,high,high,high,high,2026-07-11
hitter,COL,SF,Mickey Moniak,666160,2.0,LF,Confirmed,3.89,,,,,0.73,0.21,,,,,0.6551943648599535,0.7997988046679471,0.2122825270135639,0.20583642715772746,0.801980198019802,0.7678083713879965,0.15717625823040626,0.13754387658549522,,,0.78,0.49,0.39,1.98,0.15,1.36,0.26,0.01,0.0,0.312,1.3893129770992367,1.327041480024595,0.264,,0.014,,0.0,,False,96.0,99.0,96.0,88.0,93.0,91.0,91.0,92.0,94.0,high,high,high,high,high,high,high,high,high,2026-07-11
hitter,COL,SF,Hunter Goodman,696100,3.0,DH,Confirmed,4.68,,,,,0.94,0.42,,,,,0.8790072421975869,1.0024637941033046,0.4116702970712439,0.42814496697675963,0.8888888888888888,0.925639337209726,0.2539144804079337,0.23597678241533596,,,0.91,0.7,0.62,2.81,0.24,1.93,0.27,0.01,0.0,0.366,1.914285714285714,1.9510843499099133,0.271,,0.011,,0.0,,False,96.0,99.0,96.0,88.0,93.0,91.0,91.0,92.0,94.0,high,high,high,high,high,high,high,high,high,2026-07-11
hitter,COL,SF,TJ Rumfield,681198,4.0,1B,Confirmed,3.74,,,,,0.44,0.27,,,,,0.41349420991974795,0.4732325429011013,0.26380902885171575,0.2754265598585717,0.7061469265367316,0.6689853054957404,0.04548898721965443,0.061487714224413445,,,0.69,0.44,0.39,1.82,0.05,1.06,0.14,0.01,0.0,0.283,1.1238670694864048,1.0048035343374535,0.144,,0.011,,0.0,,False,96.0,99.0,96.0,88.0,93.0,91.0,91.0,92.0,94.0,high,high,high,high,high,high,high,high,high,2026-07-11
hitter,COL,SF,Kyle Karros,691720,5.0,3B,Confirmed,4.26,,,,,0.74,0.39,,,,,0.6376747957873126,0.8323880276052731,0.3768864419721889,0.41060711040158593,0.801980198019802,0.837437463786937,0.12044727471851385,0.11113367309243372,,,0.82,0.5,0.44,2.04,0.12,1.27,0.21,0.01,0.0,0.292,1.239368165249089,1.2931739963113336,0.207,,0.01,,0.0,,False,96.0,99.0,96.0,88.0,93.0,91.0,91.0,92.0,94.0,high,high,high,high,high,high,high,high,high,2026-07-11
hitter,COL,SF,Troy Johnston,687859,6.0,RF,Confirmed,2.9,,,,,0.46,0.2,,,,,0.4566866325144364,0.46240912422523534,0.22383415041948843,0.1844392418434741,0.4125159642401022,0.400285098864968,0.0596711543138738,0.0491480738149893,,,0.41,0.28,0.28,1.26,0.05,0.73,0.14,0.01,0.0,0.27,0.7899761336515513,0.6740431632785856,0.136,,0.011,,0.0,,False,96.0,99.0,96.0,88.0,93.0,91.0,91.0,92.0,94.0,high,high,high,high,high,high,high,high,high,2026-07-11
hitter,COL,SF,Edouard Julien,666397,7.0,2B,Confirmed,3.81,,,,,0.71,0.39,,,,,0.6204776143589873,0.7978375314083731,0.4051397236536811,0.37171194719285816,0.6506024096385542,0.6217962534735477,0.06324093629732802,0.07628401821828375,,,0.63,0.39,0.34,1.73,0.07,1.06,0.2,0.01,0.0,0.292,1.1238670694864048,1.008398022141094,0.197,,0.011,,0.0,,False,96.0,99.0,96.0,88.0,93.0,91.0,91.0,92.0,94.0,high,high,high,high,high,high,high,high,high,2026-07-11
hitter,COL,SF,Ezequiel Tovar,678662,8.0,SS,Confirmed,4.14,,,,,0.73,0.23,,,,,0.6700865920594863,0.7969667524398438,0.23724151363380933,0.22349534386471614,0.7715355805243446,0.7964552651106215,0.12634643744133123,0.12272028910481224,,,0.79,0.43,0.38,1.91,0.12,1.36,0.25,0.01,0.0,0.291,1.3148148148148149,1.3954166465151152,0.249,,0.011,,0.0,,False,96.0,99.0,96.0,88.0,93.0,91.0,91.0,92.0,94.0,high,high,high,high,high,high,high,high,high,2026-07-11
hitter,COL,SF,Brett Sullivan,664954,9.0,C,Confirmed,3.1,,,,,0.76,0.11,,,,,0.7669572556536728,0.745300288720731,0.10065339010829687,0.11081079719239773,0.8770949720670391,0.7339751336116572,0.03328643339956989,0.028184963964783868,,,0.8,0.34,0.31,1.52,0.03,1.05,0.16,0.01,0.0,0.305,1.1521739130434783,0.9634583684504003,0.157,,0.01,,0.0,,False,96.0,99.0,96.0,88.0,93.0,91.0,91.0,92.0,94.0,high,high,high,high,high,high,high,high,high,2026-07-11
hitter,WSH,NYY,James Wood,695578,1.0,RF,Confirmed,3.96,,,,,0.99,0.66,,,,,1.0661566021409357,0.9205203686404777,0.724073622255784,0.5922960607237255,1.0980834272829765,0.9889163076648412,0.43787682802460115,0.3710485678157242,,,1.04,0.26,0.2,0.99,0.4,2.45,0.12,0.01,0.0,0.166,2.552380952380952,2.368765502789505,0.12,,0.006,,0.0,,False,96.0,99.0,96.0,88.0,93.0,91.0,91.0,92.0,94.0,high,high,high,high,high,high,high,high,high,2026-07-11
hitter,WSH,NYY,Luis García Jr.,671277,2.0,DH,Confirmed,3.49,,,,,0.48,0.26,,,,,0.5309060253848354,0.43097188498564953,0.29020883723231006,0.2207574197486088,1.0980834272829765,0.8654778863716759,0.22599190680624992,0.20678110565809737,,,0.97,0.2,0.16,0.77,0.22,1.87,0.13,0.01,0.0,0.144,2.057017543859649,1.720705132460793,0.131,,0.008,,0.0,,False,96.0,99.0,96.0,88.0,93.0,91.0,91.0,92.0,94.0,high,high,high,high,high,high,high,high,high,2026-07-11
hitter,WSH,NYY,Curtis Mead,678554,3.0,1B,Confirmed,3.33,,,,,0.71,0.28,,,,,0.7661847059354276,0.6519306627544844,0.31170259880372275,0.253075608552339,0.994208494208494,0.8073227005007362,0.16488045465766257,0.15481301954011198,,,0.89,0.19,0.17,0.77,0.16,1.62,0.09,0.01,0.0,0.143,1.914285714285714,1.3874596804683008,0.092,,0.007,,0.0,,False,96.0,99.0,96.0,88.0,93.0,91.0,91.0,92.0,94.0,high,high,high,high,high,high,high,high,high,2026-07-11
hitter,WSH,NYY,CJ Abrams,682928,4.0,SS,Confirmed,3.74,,,,,0.67,0.27,,,,,0.7092445354522589,0.6406608735281004,0.3081872162382986,0.2384752291290072,1.0980834272829765,1.074878781151399,0.2743915966280705,0.23971322893100228,,,1.09,0.24,0.22,0.98,0.26,1.94,0.11,0.01,0.0,0.157,2.057017543859649,1.8511771432394777,0.105,,0.009,,0.0,,False,96.0,99.0,96.0,88.0,93.0,91.0,91.0,92.0,94.0,high,high,high,high,high,high,high,high,high,2026-07-11
hitter,WSH,NYY,Daylen Lile,695734,5.0,LF,Confirmed,3.48,,,,,0.51,0.28,,,,,0.5653292691980057,0.4479911562813833,0.3160778413308072,0.25350193907528634,1.1391752577319587,0.9852595932044105,0.28845250963075814,0.21197688078867785,,,1.05,0.26,0.24,1.08,0.25,1.83,0.13,0.01,0.0,0.188,2.057017543859649,1.6435658884323963,0.126,,0.014,,0.0,,False,96.0,99.0,96.0,88.0,93.0,91.0,91.0,92.0,94.0,high,high,high,high,high,high,high,high,high,2026-07-11
hitter,WSH,NYY,Dylan Crews,686611,6.0,CF,Confirmed,3.49,,,,,0.79,0.28,,,,,0.8384425740610999,0.735975232349565,0.31348439748437407,0.2551963019396623,1.0980834272829765,0.934051380003025,0.22156227365731107,0.20238369123677216,,,1.01,0.21,0.21,0.95,0.21,1.83,0.1,0.01,0.0,0.168,2.057017543859649,1.6367757707670378,0.102,,0.007,,0.0,,False,96.0,99.0,96.0,88.0,93.0,91.0,91.0,92.0,94.0,high,high,high,high,high,high,high,high,high,2026-07-11
hitter,WSH,NYY,Jorbit Vivas,678391,7.0,3B,Confirmed,3.02,,,,,0.34,0.4,,,,,0.3470298616719317,0.338214116631159,0.42157678925516395,0.37298423370379685,0.801980198019802,0.588734391699981,0.056389261289373695,0.05703624663789875,,,0.68,0.17,0.15,0.73,0.06,1.01,0.09,0.01,0.0,0.156,1.1521739130434783,0.8993660290945099,0.09,,0.007,,0.0,,False,96.0,99.0,96.0,88.0,93.0,91.0,91.0,92.0,94.0,high,high,high,high,high,high,high,high,high,2026-07-11
hitter,WSH,NYY,Drew Millas,686452,8.0,C,Confirmed,3.1,,,,,0.55,0.26,,,,,0.5940517295673317,0.5127706611967513,0.28570246105709474,0.23583939442948287,1.0980834272829765,0.8059187015488009,0.10511709234430025,0.0906953828848826,,,0.94,0.17,0.15,0.73,0.1,1.45,0.11,0.01,0.0,0.155,1.684375,1.253466360267948,0.106,,0.007,,0.0,,False,96.0,99.0,96.0,88.0,93.0,91.0,91.0,92.0,94.0,high,high,high,high,high,high,high,high,high,2026-07-11
hitter,WSH,NYY,Nasim Nuñez,683083,9.0,2B,Confirmed,3.1,,,,,0.7,0.28,,,,,0.7718877744659417,0.628318969297288,0.3200177966775195,0.23663339551090928,0.994208494208494,0.761457497111887,0.09806615498727284,0.0845245183925531,,,0.87,0.17,0.15,0.73,0.09,1.19,0.1,0.01,0.0,0.155,1.3148148148148149,1.091310984360817,0.103,,0.007,,0.0,,False,96.0,99.0,96.0,88.0,93.0,91.0,91.0,92.0,94.0,high,high,high,high,high,high,high,high,high,2026-07-11
hitter,NYY,WSH,Amed Rosario,642708,1.0,3B,Confirmed,3.02,,,,,0.94,0.1,,,,,0.957615112279815,0.9127283541181557,0.11366826486825729,0.08109433131198134,0.35424354243542433,0.3691673131267236,0.027431602214892485,0.033430090208419624,,,0.36,0.34,0.28,1.21,0.03,0.59,0.09,0.01,0.0,0.268,0.6289308176100628,0.5522539063452101,0.089,,0.006,,0.0,,False,96.0,99.0,96.0,88.0,93.0,91.0,91.0,92.0,94.0,high,high,high,high,high,high,high,high,high,2026-07-11
hitter,NYY,WSH,Ben Rice,700250,2.0,DH,Confirmed,3.81,,,,,1.52,0.42,,,,,1.577745995077189,1.4608534860932243,0.4435888451646882,0.3935377742687739,0.5290322580645161,0.48507340034356866,0.21576333385923085,0.1885227599275209,,,0.5,0.43,0.34,1.48,0.2,1.17,0.17,0.01,0.0,0.283,1.239368165249089,1.1167642527501647,0.17,,0.009,,0.0,,False,96.0,99.0,96.0,88.0,93.0,91.0,91.0,92.0,94.0,high,high,high,high,high,high,high,high,high,2026-07-11
hitter,NYY,WSH,Trent Grisham,663757,3.0,CF,Confirmed,3.74,,,,,1.55,0.62,,,,,1.616781242010725,1.48096716992235,0.6631051592478482,0.5867069565310128,0.5290322580645161,0.43833982273918715,0.25938560717049813,0.2225656965770347,,,0.48,0.44,0.39,1.54,0.24,1.17,0.14,0.01,0.0,0.298,1.239368165249089,1.1085702356302851,0.14,,0.007,,0.0,,False,96.0,99.0,96.0,88.0,93.0,91.0,91.0,92.0,94.0,high,high,high,high,high,high,high,high,high,2026-07-11
hitter,NYY,WSH,Paul Goldschmidt,502671,4.0,1B,Confirmed,3.48,,,,,1.21,0.26,,,,,1.1992886713501707,1.2143393000650218,0.26815880996339436,0.24962444999986413,0.4803149606299212,0.4770266237423796,0.1340295363992495,0.1206194001324178,,,0.48,0.38,0.35,1.44,0.13,1.05,0.11,0.01,0.0,0.269,1.1238670694864048,0.9928769837710293,0.111,,0.007,,0.0,,False,96.0,99.0,96.0,88.0,93.0,91.0,91.0,92.0,94.0,high,high,high,high,high,high,high,high,high,2026-07-11
hitter,NYY,WSH,Cody Bellinger,641355,5.0,LF,Confirmed,3.81,,,,,1.1,0.4,,,,,1.1095619503809986,1.0870870886579265,0.4131270432544074,0.378427431054343,0.5290322580645161,0.4678570239994602,0.1612221455181425,0.15974045633175962,,,0.5,0.37,0.33,1.4,0.16,0.99,0.12,0.01,0.0,0.244,1.001763668430335,0.9822079192929356,0.121,,0.008,,0.0,,False,96.0,99.0,96.0,88.0,93.0,91.0,91.0,92.0,94.0,high,high,high,high,high,high,high,high,high,2026-07-11
hitter,NYY,WSH,Jasson Domínguez,691176,6.0,RF,Confirmed,3.49,,,,,1.4,0.28,,,,,1.3671083562053334,1.4406534692210327,0.2874628309395778,0.27644111900102397,0.4803149606299212,0.4502206674853,0.14886069931015145,0.13348222559114567,,,0.46,0.32,0.32,1.35,0.14,0.89,0.12,0.01,0.0,0.257,0.8408408408408409,0.9270275139443678,0.123,,0.008,,0.0,,False,96.0,99.0,96.0,88.0,93.0,91.0,91.0,92.0,94.0,high,high,high,high,high,high,high,high,high,2026-07-11
hitter,NYY,WSH,Jazz Chisholm Jr.,665862,7.0,2B,Confirmed,3.1,,,,,1.58,0.36,,,,,1.719685423057715,1.432906030646201,0.3931921090090801,0.32579954118880555,0.35424354243542433,0.3028726369044513,0.21746075853558797,0.18260121601023674,,,0.33,0.25,0.23,0.89,0.2,0.88,0.09,0.01,0.0,0.234,0.9875776397515532,0.7858455451658745,0.095,,0.008,,0.0,,False,96.0,99.0,96.0,88.0,93.0,91.0,91.0,92.0,94.0,high,high,high,high,high,high,high,high,high,2026-07-11
hitter,NYY,WSH,Anthony Volpe,683011,8.0,SS,Confirmed,3.19,,,,,1.24,0.14,,,,,1.2750830919449698,1.204539324764808,0.17206813466554755,0.11521242329637098,0.4125159642401022,0.4114642431692247,0.02603468387151535,0.0289571665759049,,,0.41,0.3,0.26,1.2,0.03,0.6,0.1,0.01,0.0,0.262,0.6289308176100628,0.5798243672495212,0.103,,0.007,,0.0,,False,96.0,99.0,96.0,88.0,93.0,91.0,91.0,92.0,94.0,high,high,high,high,high,high,high,high,high,2026-07-11
hitter,NYY,WSH,Ali Sánchez,645305,9.0,C,Confirmed,2.55,,,,,0.8,0.24,,,,,0.785304343473891,0.8164744169566313,0.2795211947107705,0.1910906338493187,0.35424354243542433,0.3003140950977137,0.10391754672750678,0.09550374119044779,,,0.32,0.15,0.13,0.61,0.1,0.68,0.08,0.01,0.0,0.175,0.7899761336515513,0.5963520069343037,0.078,,0.007,,0.0,,False,96.0,99.0,96.0,88.0,93.0,91.0,91.0,92.0,94.0,high,high,high,high,high,high,high,high,high,2026-07-11
hitter,NYM,BOS,A.J. Ewing,805999,1.0,2B,Confirmed,3.96,,,,,1.01,0.44,,,,,0.9562971250684403,1.0724887801812402,0.4711156081698248,0.40983702668569183,0.6506024096385542,0.5810932539787543,0.11852290969630438,0.13395902691833408,,,0.61,0.44,0.31,1.46,0.13,1.1,0.12,0.01,0.0,0.285,1.1238670694864048,1.077478485589254,0.118,,0.008,,0.0,,False,82.0,86.0,82.0,74.0,79.0,77.0,77.0,78.0,80.0,high,high,high,medium,medium,medium,medium,medium,high,2026-07-11
hitter,NYM,BOS,Juan Soto,665742,2.0,LF,Confirmed,4.39,,,,,0.92,0.67,,,,,0.9207584415873116,0.9225800005049307,0.6491716719422389,0.6826532717513503,0.7715355805243446,0.720971096018255,0.24484980883032864,0.28869040161186343,,,0.74,0.59,0.43,1.83,0.27,1.68,0.12,0.01,0.0,0.342,1.684375,1.6742553422773903,0.115,,0.007,,0.0,,False,82.0,86.0,82.0,74.0,79.0,77.0,77.0,78.0,80.0,high,high,high,medium,medium,medium,medium,medium,high,2026-07-11
hitter,NYM,BOS,Francisco Lindor,596019,3.0,SS,Confirmed,4.18,,,,,0.89,0.43,,,,,0.8975661448571596,0.8853783563875477,0.4362673195004536,0.426589105906517,0.707983193277311,0.6952430932280906,0.14651007523585458,0.15188117203597779,,,0.7,0.47,0.4,1.65,0.15,1.32,0.12,0.01,0.0,0.286,1.3148148148148149,1.3203878663123854,0.121,,0.007,,0.0,,False,82.0,86.0,82.0,74.0,79.0,77.0,77.0,78.0,80.0,high,high,high,medium,medium,medium,medium,medium,high,2026-07-11
hitter,NYM,BOS,Carson Benge,701807,4.0,RF,Confirmed,4.18,,,,,0.98,0.29,,,,,0.9640598183839036,0.996970140113962,0.2856851826168135,0.2968523597524506,0.707983193277311,0.6940457079756672,0.14023126414902218,0.1628171544876642,,,0.7,0.44,0.39,1.61,0.15,1.28,0.15,0.01,0.0,0.262,1.239368165249089,1.3088018958356333,0.148,,0.007,,0.0,,False,82.0,86.0,82.0,74.0,79.0,77.0,77.0,78.0,80.0,high,high,high,medium,medium,medium,medium,medium,high,2026-07-11
hitter,NYM,BOS,Jorge Polanco,593871,5.0,DH,Confirmed,3.96,,,,,0.84,0.16,,,,,0.8448101584900864,0.8257760216600306,0.1444361262375397,0.1758612027776229,0.6434108527131783,0.593881453923907,0.10214530626107726,0.1241602186469679,,,0.62,0.37,0.35,1.43,0.11,1.12,0.11,0.01,0.0,0.226,1.1238670694864048,1.1094843128505099,0.112,,0.007,,0.0,,False,82.0,86.0,82.0,74.0,79.0,77.0,77.0,78.0,80.0,high,high,high,medium,medium,medium,medium,medium,high,2026-07-11
hitter,NYM,BOS,Eric Wagaman,676572,6.0,1B,Confirmed,2.55,,,,,0.55,0.12,,,,,0.5533837247336708,0.5512881600220759,0.1365066025780266,0.09940895738154819,0.4125159642401022,0.3877453658929816,0.11098977383124833,0.10326035458628446,,,0.4,0.25,0.27,0.99,0.11,0.87,0.12,0.01,0.0,0.274,1.001763668430335,0.7669259990933708,0.115,,0.008,,0.0,,False,82.0,86.0,82.0,74.0,79.0,77.0,77.0,78.0,80.0,high,high,high,medium,medium,medium,medium,medium,high,2026-07-11
hitter,NYM,BOS,Francisco Alvarez,682626,7.0,C,Confirmed,3.81,,,,,1.11,0.3,,,,,1.0597541701402364,1.1661768893609656,0.30317178836593983,0.2964854301626922,0.5846774193548387,0.553703281865103,0.14588541245263226,0.15299316967914922,,,0.57,0.33,0.29,1.2,0.15,1.13,0.11,0.01,0.0,0.246,1.1521739130434783,1.103345906515951,0.106,,0.007,,0.0,,False,82.0,86.0,82.0,74.0,79.0,77.0,77.0,78.0,80.0,high,high,high,medium,medium,medium,medium,medium,high,2026-07-11
hitter,NYM,BOS,Brett Baty,683146,8.0,3B,Confirmed,3.33,,,,,0.96,0.31,,,,,0.9672223783347577,0.9593567081832524,0.3342809283659385,0.29117154740709844,0.4803149606299212,0.4344165146571148,0.12980178123472436,0.11907139810618617,,,0.46,0.29,0.25,1.02,0.12,0.85,0.1,0.01,0.0,0.254,0.8408408408408409,0.8498004365516861,0.103,,0.006,,0.0,,False,82.0,86.0,82.0,74.0,79.0,77.0,77.0,78.0,80.0,high,high,high,medium,medium,medium,medium,medium,high,2026-07-11
hitter,NYM,BOS,Zack Short,670097,9.0,2B,Confirmed,3.1,,,,,0.89,0.15,,,,,0.8599225157054661,0.9189885477262351,0.161229769395354,0.13455079815603693,0.5290322580645161,0.4883839911032811,0.10695472700937245,0.08422137024337514,,,0.51,0.26,0.24,1.03,0.1,0.91,0.12,0.01,0.0,0.239,1.001763668430335,0.842729494345745,0.119,,0.006,,0.0,,False,82.0,86.0,82.0,74.0,79.0,77.0,77.0,78.0,80.0,high,high,high,medium,medium,medium,medium,medium,high,2026-07-11
hitter,BOS,NYM,Anthony Seigler,678011,1.0,2B,Confirmed,4.04,,,,,1.07,0.25,,,,,0.9426418279781378,1.2047802720333798,0.24487112242445494,0.2556689909437058,0.801980198019802,0.8512835632147884,0.13181062895784684,0.16073583818760512,,,0.83,0.42,0.33,1.55,0.15,1.4,0.16,0.01,0.0,0.263,1.3893129770992367,1.4037183613568938,0.161,,0.014,,0.0,,False,96.0,99.0,96.0,88.0,93.0,91.0,91.0,92.0,94.0,high,high,high,high,high,high,high,high,high,2026-07-11
hitter,BOS,NYM,Ceddanne Rafaela,678882,2.0,CF,Confirmed,4.25,,,,,0.95,0.19,,,,,0.8913416957181775,1.0162632265259566,0.18720554954516308,0.18735427096456184,1.0980834272829765,1.066123911384581,0.18967524555180362,0.18053897131236937,,,1.08,0.54,0.43,2.07,0.19,1.89,0.19,0.01,0.0,0.307,1.914285714285714,1.869633949294738,0.19,,0.012,,0.0,,False,96.0,99.0,96.0,88.0,93.0,91.0,91.0,92.0,94.0,high,high,high,high,high,high,high,high,high,2026-07-11
hitter,BOS,NYM,Wilyer Abreu,677800,3.0,RF,Confirmed,4.04,,,,,1.19,0.31,,,,,1.1403655534347468,1.2337525510324858,0.3103041636771131,0.3002358967158761,0.8694581280788177,0.8674863429193302,0.25131693240117703,0.26370980053948456,,,0.87,0.48,0.43,1.78,0.26,1.86,0.16,0.01,0.0,0.295,1.914285714285714,1.8190813075656211,0.155,,0.01,,0.0,,False,96.0,99.0,96.0,88.0,93.0,91.0,91.0,92.0,94.0,high,high,high,high,high,high,high,high,high,2026-07-11
hitter,BOS,NYM,Caleb Durbin,702332,4.0,3B,Confirmed,3.96,,,,,0.61,0.21,,,,,0.5809131794375283,0.6330412776740011,0.20755843366025672,0.20292322218100448,0.8949771689497716,0.9957530003464042,0.14141886204747903,0.14722496682687555,,,0.95,0.47,0.42,1.89,0.14,1.55,0.19,0.01,0.0,0.298,1.5956790123456794,1.504654111320309,0.193,,0.01,,0.0,,False,96.0,99.0,96.0,88.0,93.0,91.0,91.0,92.0,94.0,high,high,high,high,high,high,high,high,high,2026-07-11
hitter,BOS,NYM,Masataka Yoshida,807799,5.0,DH,Confirmed,3.19,,,,,0.62,0.16,,,,,0.6370410650842512,0.6021265892789447,0.17532189750828114,0.14773850885838233,0.8694581280788177,0.7152476963840894,0.1506562384903628,0.12014180992205652,,,0.78,0.43,0.38,1.68,0.14,1.35,0.15,0.01,0.0,0.328,1.4759615384615385,1.2489730228726035,0.147,,0.009,,0.0,,False,96.0,99.0,96.0,88.0,93.0,91.0,91.0,92.0,94.0,high,high,high,high,high,high,high,high,high,2026-07-11
hitter,BOS,NYM,Andruw Monasterio,655316,6.0,SS,Confirmed,3.33,,,,,0.66,0.49,,,,,0.6493835798828155,0.6804832080168264,0.5372452914090848,0.4378317424362681,0.4125159642401022,0.4033750916637143,0.14231117493825562,0.09759800204170416,,,0.41,0.34,0.36,1.4,0.12,1.0,0.13,0.01,0.0,0.282,1.1238670694864048,0.9071858996427027,0.131,,0.009,,0.0,,False,96.0,99.0,96.0,88.0,93.0,91.0,91.0,92.0,94.0,high,high,high,high,high,high,high,high,high,2026-07-11
hitter,BOS,NYM,Jarren Duran,680776,7.0,LF,Confirmed,4.18,,,,,1.36,0.3,,,,,1.3722232688169207,1.3537424861279663,0.3007544550956608,0.29716925503096364,1.0980834272829765,1.0631568386342152,0.4412848052809261,0.3338264968536021,,,1.08,0.54,0.51,2.14,0.39,2.37,0.22,0.02,0.0,0.358,2.456692913385827,2.2954322921160877,0.22,,0.02,,0.0,,False,96.0,99.0,96.0,88.0,93.0,91.0,91.0,92.0,94.0,high,high,high,high,high,high,high,high,high,2026-07-11
hitter,BOS,NYM,Carlos Narváez,665966,8.0,C,Confirmed,3.81,,,,,1.24,0.3,,,,,1.1864976448180498,1.295490589586868,0.2911751347409156,0.3039906465809997,0.801980198019802,0.7763139331774376,0.24796937002247874,0.22306571562691496,,,0.79,0.41,0.37,1.59,0.24,1.56,0.16,0.01,0.0,0.304,1.5956790123456794,1.5334411750853107,0.163,,0.009,,0.0,,False,96.0,99.0,96.0,88.0,93.0,91.0,91.0,92.0,94.0,high,high,high,high,high,high,high,high,high,2026-07-11
hitter,BOS,NYM,Tsung-Che Cheng,691907,9.0,SS,Confirmed,3.74,,,,,1.01,0.23,,,,,0.9211589665008049,1.1051029855807233,0.23427502325772728,0.21721486853849067,0.994208494208494,0.9586938655795598,0.16743806201222175,0.17197410160411677,,,0.97,0.39,0.36,1.65,0.17,1.84,0.27,0.01,0.0,0.305,1.914285714285714,1.7722468991913638,0.269,,0.01,,0.0,,False,96.0,99.0,96.0,88.0,93.0,91.0,91.0,92.0,94.0,high,high,high,high,high,high,high,high,high,2026-07-11
hitter,TB,SEA,Yandy Díaz,650490,1.0,DH,Confirmed,3.81,,,,,0.77,0.12,,,,,0.8163259818807056,0.7325155269236986,0.09451941135023798,0.15311072660054686,0.6434108527131783,0.5999889067774231,0.025913469561509722,0.02542157073760211,,,0.62,0.18,0.13,0.66,0.03,0.79,0.09,0.01,0.0,0.117,0.7899761336515513,0.7914372745734006,0.087,,0.006,,0.0,,False,96.0,99.0,96.0,88.0,93.0,91.0,91.0,92.0,94.0,high,high,high,high,high,high,high,high,high,2026-07-11
hitter,TB,SEA,Jonathan Aranda,666018,2.0,1B,Confirmed,3.74,,,,,1.13,0.11,,,,,1.1514157247723407,1.1065599561182258,0.09406702969934905,0.12963670801380633,0.5846774193548387,0.5789944750821294,0.029461428062774717,0.03555393766728418,,,0.58,0.18,0.13,0.67,0.03,0.76,0.09,0.01,0.0,0.121,0.7899761336515513,0.7434016926192271,0.092,,0.007,,0.0,,False,96.0,99.0,96.0,88.0,93.0,91.0,91.0,92.0,94.0,high,high,high,high,high,high,high,high,high,2026-07-11
hitter,TB,SEA,Junior Caminero,691406,3.0,3B,Confirmed,3.81,,,,,0.99,0.12,,,,,1.0535549839038802,0.9279208260956942,0.09265014608475602,0.14766376344926077,0.5290322580645161,0.45395450398828047,0.04071722300093353,0.040996826940377,,,0.49,0.19,0.17,0.71,0.04,0.72,0.11,0.01,0.0,0.124,0.7899761336515513,0.6650206643497801,0.106,,0.007,,0.0,,False,96.0,99.0,96.0,88.0,93.0,91.0,91.0,92.0,94.0,high,high,high,high,high,high,high,high,high,2026-07-11
hitter,TB,SEA,Cedric Mullins,656775,4.0,CF,Confirmed,3.1,,,,,0.98,0.07,,,,,1.0392319337089901,0.9194540064360909,0.06805869058061995,0.07419900884714849,0.4125159642401022,0.3705027044153883,0.02787569167848752,0.022248984249522777,,,0.39,0.16,0.14,0.64,0.03,0.6,0.07,0.01,0.0,0.131,0.6720588235294118,0.5347988361934303,0.074,,0.007,,0.0,,False,96.0,99.0,96.0,88.0,93.0,91.0,91.0,92.0,94.0,high,high,high,high,high,high,high,high,high,2026-07-11
hitter,TB,SEA,Jonny DeLuca,676356,5.0,CF,Confirmed,3.33,,,,,0.87,0.08,,,,,0.8425571899830293,0.8884164975577825,0.07060752175916354,0.08492255475459605,0.5290322580645161,0.4809671158273346,0.02371494020684824,0.015937482618237436,,,0.5,0.16,0.14,0.64,0.02,0.67,0.09,0.01,0.0,0.124,0.6720588235294118,0.6674815537588096,0.087,,0.008,,0.0,,False,96.0,99.0,96.0,88.0,93.0,91.0,91.0,92.0,94.0,high,high,high,high,high,high,high,high,high,2026-07-11
hitter,TB,SEA,Chandler Simpson,802415,6.0,LF,Confirmed,3.33,,,,,0.49,0.07,,,,,0.4650838817031473,0.5142924284151927,0.07023025496311722,0.07900150471322892,0.6434108527131783,0.6122645514824974,0.01254821776317543,0.0,,,0.63,0.14,0.14,0.64,0.01,0.66,0.08,0.01,0.0,0.124,0.6720588235294118,0.6482206897579613,0.084,,0.01,,0.0,,False,96.0,99.0,96.0,88.0,93.0,91.0,91.0,92.0,94.0,high,high,high,high,high,high,high,high,high,2026-07-11
hitter,TB,SEA,Ben Williamson,810938,7.0,SS,Confirmed,3.1,,,,,0.8,0.15,,,,,0.8113240541100087,0.7843543131302618,0.16980117092197466,0.1390352784279269,0.6506024096385542,0.5568543146511636,0.02801108312985457,0.024642706607067584,,,0.6,0.17,0.15,0.73,0.03,0.77,0.08,0.01,0.0,0.151,0.7899761336515513,0.7600000847138509,0.078,,0.007,,0.0,,False,96.0,99.0,96.0,88.0,93.0,91.0,91.0,92.0,94.0,high,high,high,high,high,high,high,high,high,2026-07-11
hitter,TB,SEA,Richie Palacios,680700,8.0,2B,Confirmed,3.02,,,,,0.72,0.08,,,,,0.7301318144789886,0.701486658054162,0.06962392741330033,0.09474970099699198,0.4125159642401022,0.3966507062441708,0.019953567907384336,0.020689366338632175,,,0.4,0.11,0.1,0.46,0.02,0.54,0.07,0.01,0.0,0.108,0.5302013422818792,0.5524671791672754,0.068,,0.009,,0.0,,False,96.0,99.0,96.0,88.0,93.0,91.0,91.0,92.0,94.0,high,high,high,high,high,high,high,high,high,2026-07-11
hitter,TB,SEA,Nick Fortes,663743,9.0,C,Confirmed,2.55,,,,,0.6,0.05,,,,,0.6248532379582993,0.579559067962661,0.05746124475521617,0.03905731611435282,0.4125159642401022,0.3232043924766346,0.018881722646913256,0.012613985445744096,,,0.36,0.14,0.12,0.6,0.02,0.5,0.08,0.01,0.0,0.155,0.5302013422818792,0.4797530439907321,0.077,,0.006,,0.0,,False,96.0,99.0,96.0,88.0,93.0,91.0,91.0,92.0,94.0,high,high,high,high,high,high,high,high,high,2026-07-11
hitter,SEA,TB,J.P. Crawford,641487,1.0,3B,Confirmed,3.96,,,,,0.91,0.41,,,,,0.8986993574214378,0.9199386748257781,0.4116618197444961,0.40397580167732333,0.6434108527131783,0.5345609190935351,0.10203072883567485,0.10183745791532374,,,0.58,0.37,0.26,1.15,0.1,0.99,0.09,0.01,0.0,0.244,1.001763668430335,0.9892148969470753,0.091,,0.008,,0.0,,False,96.0,99.0,96.0,88.0,93.0,91.0,91.0,92.0,94.0,high,high,high,high,high,high,high,high,high,2026-07-11
hitter,SEA,TB,Randy Arozarena,668227,2.0,LF,Confirmed,4.18,,,,,1.32,0.42,,,,,1.317774350600754,1.325901780447734,0.4107342883446645,0.427452849797902,0.6434108527131783,0.6013797175736441,0.1379324886637333,0.16767381045718519,,,0.62,0.41,0.3,1.29,0.15,1.18,0.09,0.01,0.0,0.251,1.1521739130434783,1.2022907855301195,0.093,,0.008,,0.0,,False,96.0,99.0,96.0,88.0,93.0,91.0,91.0,92.0,94.0,high,high,high,high,high,high,high,high,high,2026-07-11
hitter,SEA,TB,Dominic Canzone,686527,3.0,DH,Confirmed,3.54,,,,,0.78,0.36,,,,,0.7828627283673248,0.770801469355455,0.38306720792075377,0.33707510485034176,0.8770949720670391,0.7278630762972708,0.18050275277797767,0.16717566408665785,,,0.8,0.3,0.26,0.97,0.17,1.49,0.08,0.01,0.0,0.217,1.5956790123456794,1.4105045573859973,0.081,,0.007,,0.0,,False,96.0,99.0,96.0,88.0,93.0,91.0,91.0,92.0,94.0,high,high,high,high,high,high,high,high,high,2026-07-11
hitter,SEA,TB,Cal Raleigh,663728,4.0,C,Confirmed,4.08,,,,,1.46,0.54,,,,,1.5053003689968236,1.4161352099589324,0.5577059670885903,0.5195323733411115,0.6434108527131783,0.5993605845526099,0.3024834273627716,0.2499441269007188,,,0.62,0.54,0.48,1.67,0.28,1.38,0.12,0.01,0.0,0.336,1.3893129770992367,1.381081723117799,0.117,,0.007,,0.0,,False,96.0,99.0,96.0,88.0,93.0,91.0,91.0,92.0,94.0,high,high,high,high,high,high,high,high,high,2026-07-11
hitter,SEA,TB,Josh Naylor,647304,5.0,1B,Confirmed,4.18,,,,,0.73,0.34,,,,,0.7256571069826935,0.7380269461187107,0.3380816259597199,0.3379671677217356,0.7061469265367316,0.6603956325583225,0.11176424058122852,0.1460187723224269,,,0.68,0.44,0.37,1.52,0.13,1.2,0.1,0.01,0.0,0.268,1.1521739130434783,1.238490810973693,0.104,,0.007,,0.0,,False,96.0,99.0,96.0,88.0,93.0,91.0,91.0,92.0,94.0,high,high,high,high,high,high,high,high,high,2026-07-11
hitter,SEA,TB,Luke Raley,670042,6.0,RF,Confirmed,3.49,,,,,1.22,0.27,,,,,1.1770663304366733,1.261960575521251,0.2930905101881701,0.2547543291768615,0.4125159642401022,0.5094621965115276,0.09820834079178387,0.09644835931329411,,,0.47,0.26,0.25,0.92,0.1,0.93,0.09,0.01,0.0,0.223,0.9875776397515532,0.8743787304163663,0.089,,0.007,,0.0,,False,96.0,99.0,96.0,88.0,93.0,91.0,91.0,92.0,94.0,high,high,high,high,high,high,high,high,high,2026-07-11
hitter,SEA,TB,Cole Young,702284,7.0,2B,Confirmed,3.81,,,,,0.85,0.28,,,,,0.8378577188229182,0.8599589184887099,0.27177129912930864,0.28529387610304796,0.5290322580645161,0.5476819417003836,0.12133310322053725,0.11638170702859094,,,0.54,0.36,0.32,1.32,0.12,1.08,0.11,0.01,0.0,0.268,1.1238670694864048,1.0489355792709492,0.107,,0.007,,0.0,,False,96.0,99.0,96.0,88.0,93.0,91.0,91.0,92.0,94.0,high,high,high,high,high,high,high,high,high,2026-07-11
hitter,SEA,TB,Victor Robles,645302,8.0,CF,Confirmed,3.02,,,,,0.83,0.21,,,,,0.8457684984495034,0.8067273805506919,0.21891529931469808,0.19324816026520308,0.4125159642401022,0.3556115054226514,0.057224706488600216,0.05542854047053086,,,0.38,0.22,0.18,0.81,0.06,0.64,0.07,0.01,0.0,0.212,0.6720588235294118,0.6131306645131859,0.073,,0.007,,0.0,,False,96.0,99.0,96.0,88.0,93.0,91.0,91.0,92.0,94.0,high,high,high,high,high,high,high,high,high,2026-07-11
hitter,SEA,TB,Colt Emerson,806068,9.0,SS,Confirmed,3.1,,,,,1.18,0.26,,,,,1.2325726090346103,1.124859865307426,0.26616966999936853,0.2491952733914304,0.3344051446945337,0.3350120760057186,0.07596397005648783,0.06962609324704147,,,0.33,0.22,0.17,0.72,0.07,0.63,0.09,0.01,0.0,0.214,0.6720588235294118,0.5906864572658076,0.086,,0.007,,0.0,,False,96.0,99.0,96.0,88.0,93.0,91.0,91.0,92.0,94.0,high,high,high,high,high,high,high,high,high,2026-07-11
hitter,MIA,CLE,Liam Hicks,689414,1.0,DH,Confirmed,4.51,,,,,0.32,0.5,,,,,0.36053174058221615,0.282572590752537,0.49396294568047305,0.5083214592674927,1.1702127659574468,1.1167705864482216,0.11352601850629554,0.10076834400504597,,,1.14,0.54,0.41,1.94,0.11,1.8,0.14,0.01,0.0,0.294,1.914285714285714,1.708455898443268,0.143,,0.01,,0.0,,False,96.0,99.0,96.0,88.0,93.0,91.0,91.0,92.0,94.0,high,high,high,high,high,high,high,high,high,2026-07-11
hitter,MIA,CLE,Otto Lopez,672640,2.0,SS,Confirmed,4.58,,,,,0.38,0.33,,,,,0.40342592762919494,0.3665234892239638,0.3261996811622525,0.33102989773789976,1.607843137254902,1.44448092565169,0.22248096169988738,0.2134753821450147,,,1.52,0.68,0.6,2.41,0.22,2.12,0.12,0.01,0.0,0.343,2.057017543859649,2.180534485087991,0.121,,0.011,,0.0,,False,96.0,99.0,96.0,88.0,93.0,91.0,91.0,92.0,94.0,high,high,high,high,high,high,high,high,high,2026-07-11
hitter,MIA,CLE,Kyle Stowers,669065,3.0,1B,Confirmed,4.25,,,,,1.43,0.49,,,,,1.4325208663641644,1.4297454180647555,0.5023476105373426,0.48272948158773576,0.994208494208494,0.969193315875496,0.33006552414313334,0.3231084443963907,,,0.98,0.74,0.73,2.58,0.33,2.05,0.15,0.01,0.0,0.413,2.057017543859649,2.040143040484522,0.146,,0.008,,0.0,,False,96.0,99.0,96.0,88.0,93.0,91.0,91.0,92.0,94.0,high,high,high,high,high,high,high,high,high,2026-07-11
hitter,MIA,CLE,Xavier Edwards,669364,4.0,2B,Confirmed,4.57,,,,,0.36,0.45,,,,,0.3928024962271661,0.3320970509286851,0.44788758570490583,0.46177352195697335,1.607843137254902,1.3882730685904252,0.12059414811284952,0.09873748203829213,,,1.49,0.6,0.54,2.29,0.11,1.96,0.18,0.01,0.0,0.323,2.057017543859649,1.8720027636948782,0.177,,0.008,,0.0,,False,96.0,99.0,96.0,88.0,93.0,91.0,91.0,92.0,94.0,high,high,high,high,high,high,high,high,high,2026-07-11
hitter,MIA,CLE,Heriberto Hernández,681715,5.0,LF,Confirmed,4.18,,,,,0.73,0.42,,,,,0.7084728109042,0.7491053927727765,0.4058620036666628,0.4275553215441325,1.1391752577319587,1.0810067216059704,0.2499795835779971,0.2601612075756314,,,1.11,0.69,0.7,2.39,0.26,2.01,0.15,0.01,0.0,0.385,2.057017543859649,1.9693605020311196,0.155,,0.007,,0.0,,False,96.0,99.0,96.0,88.0,93.0,91.0,91.0,92.0,94.0,high,high,high,high,high,high,high,high,high,2026-07-11
hitter,MIA,CLE,Griffin Conine,665052,6.0,RF,Confirmed,4.18,,,,,0.83,0.53,,,,,0.8293788412603955,0.8284432729539634,0.5508057763377888,0.5069417051447347,1.0980834272829765,1.0445689628367656,0.19195777691393784,0.19454566292807524,,,1.07,0.55,0.59,2.14,0.19,1.94,0.15,0.01,0.0,0.364,2.057017543859649,1.8510873948769961,0.155,,0.008,,0.0,,False,96.0,99.0,96.0,88.0,93.0,91.0,91.0,92.0,94.0,high,high,high,high,high,high,high,high,high,2026-07-11
hitter,MIA,CLE,Jakob Marsee,805300,7.0,CF,Confirmed,3.74,,,,,0.65,0.39,,,,,0.6332370305255108,0.6680610150450782,0.41421125802326253,0.3739472401709236,1.0980834272829765,0.8770947258143487,0.19751717888290288,0.17066931525803927,,,0.98,0.46,0.44,1.77,0.18,1.58,0.14,0.01,0.0,0.34,1.684375,1.4930550466193768,0.14,,0.007,,0.0,,False,96.0,99.0,96.0,88.0,93.0,91.0,91.0,92.0,94.0,high,high,high,high,high,high,high,high,high,2026-07-11
hitter,MIA,CLE,Joe Mack,691788,8.0,C,Confirmed,3.49,,,,,0.58,0.34,,,,,0.5591235450747891,0.5944335347635719,0.3676009434077112,0.3119326644498115,1.0980834272829765,0.8518297751188098,0.22792459942792154,0.2041973291934051,,,0.96,0.49,0.5,1.88,0.22,1.8,0.15,0.01,0.0,0.378,2.057017543859649,1.5987219471836196,0.146,,0.009,,0.0,,False,96.0,99.0,96.0,88.0,93.0,91.0,91.0,92.0,94.0,high,high,high,high,high,high,high,high,high,2026-07-11
hitter,MIA,CLE,Javier Sanoja,691594,9.0,3B,Confirmed,3.58,,,,,0.28,0.24,,,,,0.3098899354443311,0.24319388506746262,0.25032857812935694,0.23521454744985876,1.0980834272829765,1.0205789753393142,0.07904296072227734,0.10237649358070224,,,1.06,0.43,0.39,1.82,0.09,1.55,0.15,0.01,0.0,0.328,1.684375,1.4415270581256163,0.151,,0.009,,0.0,,False,96.0,99.0,96.0,88.0,93.0,91.0,91.0,92.0,94.0,high,high,high,high,high,high,high,high,high,2026-07-11
hitter,CLE,MIA,Travis Bazzana,683953,1.0,2B,Confirmed,3.96,,,,,0.9,0.63,,,,,1.0226503292396278,0.7850847215286276,0.7083195112904247,0.5564033103687928,1.0980834272829765,0.9594655003008372,0.3198357047082967,0.33102150648902995,,,1.02,0.22,0.16,0.79,0.33,2.0,0.09,0.01,0.0,0.148,2.057017543859649,1.9554390851043781,0.091,,0.008,,0.0,,False,96.0,99.0,96.0,88.0,93.0,91.0,91.0,92.0,94.0,high,high,high,high,high,high,high,high,high,2026-07-11
hitter,CLE,MIA,Brayan Rocchio,677587,2.0,SS,Confirmed,3.33,,,,,0.58,0.32,,,,,0.6672651447687136,0.4995767920394701,0.349749135599694,0.29405472987069914,0.8949771689497716,0.720681356758875,0.1548831847638574,0.13810076673420757,,,0.8,0.16,0.12,0.62,0.15,1.46,0.08,0.01,0.0,0.126,1.684375,1.2785935930169654,0.082,,0.008,,0.0,,False,96.0,99.0,96.0,88.0,93.0,91.0,91.0,92.0,94.0,high,high,high,high,high,high,high,high,high,2026-07-11
hitter,CLE,MIA,Chase DeLauter,800050,3.0,DH,Confirmed,3.81,,,,,0.58,0.39,,,,,0.6746441974221874,0.48519494454346607,0.4188676946559797,0.35160008762257194,1.0980834272829765,0.9631531462711014,0.22657141755735657,0.17596288833494594,,,1.02,0.2,0.17,0.78,0.2,1.91,0.1,0.01,0.0,0.136,2.057017543859649,1.7908176110951333,0.101,,0.009,,0.0,,False,96.0,99.0,96.0,88.0,93.0,91.0,91.0,92.0,94.0,high,high,high,high,high,high,high,high,high,2026-07-11
hitter,CLE,MIA,Kyle Manzardo,700932,4.0,1B,Confirmed,3.49,,,,,0.99,0.49,,,,,1.104852640653282,0.8713778026317411,0.5398352913415267,0.4390927717094798,0.801980198019802,0.675187403707564,0.36719866143911406,0.3210567112087751,,,0.73,0.19,0.16,0.7,0.34,2.12,0.09,0.01,0.0,0.14,2.057017543859649,2.1689400174296303,0.09,,0.008,,0.0,,False,96.0,99.0,96.0,88.0,93.0,91.0,91.0,92.0,94.0,high,high,high,high,high,high,high,high,high,2026-07-11
hitter,CLE,MIA,Kahlil Watson,696135,5.0,RF,Confirmed,3.49,,,,,0.98,0.38,,,,,1.0773240745942403,0.8825789376280306,0.4190214639439337,0.3484126146126751,0.8770949720670391,0.7325038333720132,0.1585750164693652,0.154491911332707,,,0.8,0.18,0.16,0.69,0.16,1.43,0.09,0.01,0.0,0.134,1.5956790123456794,1.2989393591115515,0.092,,0.006,,0.0,,False,96.0,99.0,96.0,88.0,93.0,91.0,91.0,92.0,94.0,high,high,high,high,high,high,high,high,high,2026-07-11
hitter,CLE,MIA,Gabriel Arias,672356,6.0,3B,Confirmed,3.48,,,,,1.05,0.32,,,,,1.1538473108874119,0.9486827125877599,0.3258421616807269,0.3136896552165345,0.8949771689497716,0.738284391353439,0.2713024550428729,0.24611085159626242,,,0.81,0.15,0.16,0.64,0.26,1.95,0.08,0.01,0.0,0.127,1.914285714285714,1.9800169800290601,0.076,,0.006,,0.0,,False,96.0,99.0,96.0,88.0,93.0,91.0,91.0,92.0,94.0,high,high,high,high,high,high,high,high,high,2026-07-11
hitter,CLE,MIA,Petey Halpin,690984,7.0,CF,Confirmed,2.07,,,,,0.67,0.05,,,,,0.7308193081934173,0.6147025986280311,0.062338529731416896,0.030016089362102427,0.4125159642401022,0.26546345536049937,0.013731326979438107,0.008722547714970602,,,0.33,0.1,0.09,0.42,0.01,0.49,0.06,0.01,0.0,0.144,0.6720588235294118,0.3452339030490778,0.064,,0.007,,0.0,,False,96.0,99.0,96.0,88.0,93.0,91.0,91.0,92.0,94.0,high,high,high,high,high,high,high,high,high,2026-07-11
hitter,CLE,MIA,Patrick Bailey,672275,8.0,C,Confirmed,2.77,,,,,0.78,0.3,,,,,0.8903982722967432,0.678784240809956,0.3576082650685214,0.244881163897469,0.707983193277311,0.5186558489665396,0.0989865204841994,0.08358430998067967,,,0.6,0.11,0.1,0.46,0.09,1.09,0.08,0.01,0.0,0.121,1.3148148148148149,0.900774504589609,0.078,,0.007,,0.0,,False,96.0,99.0,96.0,88.0,93.0,91.0,91.0,92.0,94.0,high,high,high,high,high,high,high,high,high,2026-07-11
hitter,CLE,MIA,Steven Kwan,680757,9.0,LF,Confirmed,3.1,,,,,0.31,0.35,,,,,0.32709400386998033,0.302719172178398,0.4042946401435048,0.30423167620819064,1.0,0.6975110278910014,0.09896230016506305,0.08510341484192276,,,0.83,0.15,0.13,0.63,0.09,1.26,0.1,0.01,0.0,0.145,1.5956790123456794,0.9894233433169227,0.099,,0.008,,0.0,,False,96.0,99.0,96.0,88.0,93.0,91.0,91.0,92.0,94.0,high,high,high,high,high,high,high,high,high,2026-07-11
hitter,DET,PHI,Matt Vierling,663837,1.0,CF,Confirmed,3.49,,,,,0.65,0.15,,,,,0.616110686783946,0.6832162549307953,0.15317800150673042,0.13895654102067365,0.707983193277311,0.7339622595612005,0.12371637466724786,0.10273079745392355,,,0.72,0.53,0.44,1.97,0.11,1.2,0.19,0.01,0.0,0.367,1.239368165249089,1.166637198224155,0.188,,0.007,,0.0,,False,96.0,99.0,96.0,88.0,93.0,91.0,91.0,92.0,94.0,high,high,high,high,high,high,high,high,high,2026-07-11
hitter,DET,PHI,Kevin McGonigle,805808,2.0,3B,Confirmed,4.74,,,,,0.7,0.51,,,,,0.658734598857604,0.736902773031421,0.502888511080115,0.5152832952785678,1.0980834272829765,1.141238967263514,0.17024934289816784,0.1660594655237308,,,1.12,0.91,0.74,3.26,0.17,1.86,0.22,0.01,0.0,0.46,1.914285714285714,1.8148905528121293,0.219,,0.007,,0.0,,False,96.0,99.0,96.0,88.0,93.0,91.0,91.0,92.0,94.0,high,high,high,high,high,high,high,high,high,2026-07-11
hitter,DET,PHI,Dillon Dingler,693307,3.0,DH,Confirmed,4.74,,,,,1.11,0.22,,,,,1.0018338878996587,1.2153390119511474,0.22448334292443223,0.22245924877771137,1.0980834272829765,1.2058728846915716,0.1710025265316882,0.19359388003286093,,,1.16,0.87,0.85,3.33,0.18,1.96,0.28,0.01,0.0,0.435,1.914285714285714,2.0007778241331065,0.282,,0.009,,0.0,,False,96.0,99.0,96.0,88.0,93.0,91.0,91.0,92.0,94.0,high,high,high,high,high,high,high,high,high,2026-07-11
hitter,DET,PHI,Spencer Torkelson,679529,4.0,1B,Confirmed,4.74,,,,,1.26,0.43,,,,,1.1899886225030423,1.3275750297684143,0.4203782188806998,0.4348099732479255,0.994208494208494,1.0683573163540803,0.18325174905457067,0.22242070394881985,,,1.03,0.87,0.84,3.2,0.2,1.88,0.18,0.01,0.0,0.43,1.914285714285714,1.8524983627434661,0.182,,0.008,,0.0,,False,96.0,99.0,96.0,88.0,93.0,91.0,91.0,92.0,94.0,high,high,high,high,high,high,high,high,high,2026-07-11
hitter,DET,PHI,Riley Greene,682985,5.0,LF,Confirmed,4.74,,,,,1.31,0.34,,,,,1.2327086986407165,1.386272801872271,0.325973795726617,0.35563186061346935,1.0980834272829765,1.0859102220882444,0.22360229683638183,0.24905809798199377,,,1.09,0.92,0.9,3.43,0.24,2.06,0.25,0.01,0.0,0.459,2.057017543859649,2.0607998750349514,0.254,,0.008,,0.0,,False,96.0,99.0,96.0,88.0,93.0,91.0,91.0,92.0,94.0,high,high,high,high,high,high,high,high,high,2026-07-11
hitter,DET,PHI,Eduardo Valencia,680664,6.0,C,Confirmed,4.14,,,,,0.59,0.21,,,,,0.586,,0.213,,1.098,,0.2,,,,1.1,0.52,0.57,2.18,0.2,2.06,0.17,0.01,0.0,0.342,2.057,,0.167,,0.007,,0.0,,True,40.0,44.0,40.0,32.0,37.0,35.0,35.0,36.0,38.0,low,low,low,low,low,low,low,low,low,2026-07-11
hitter,DET,PHI,Hao-Yu Lee,701678,7.0,2B,Confirmed,3.81,,,,,0.97,0.2,,,,,0.8529137740417418,1.0778229302028648,0.1975116682103059,0.20087993897460893,0.801980198019802,0.7946724834902194,0.11004732295708577,0.11298403726719247,,,0.8,0.54,0.52,2.16,0.11,1.3,0.19,0.01,0.0,0.381,1.3148148148148149,1.2861467892867748,0.189,,0.007,,0.0,,False,96.0,99.0,96.0,88.0,93.0,91.0,91.0,92.0,94.0,high,high,high,high,high,high,high,high,high,2026-07-11
hitter,DET,PHI,Ben Malgeri,701162,8.0,RF,Confirmed,3.1,,,,,0.64,0.2,,,,,0.5309999043621819,0.75860840116372,0.19750363241099284,0.19330254184223472,0.3344051446945337,0.2869095974456027,0.06426871854496025,0.06060854696451847,,,0.31,0.34,0.31,1.35,0.06,0.63,0.11,0.01,0.0,0.301,0.6720588235294118,0.5892267246086105,0.114,,0.007,,0.0,,False,96.0,99.0,96.0,88.0,93.0,91.0,91.0,92.0,94.0,high,high,high,high,high,high,high,high,high,2026-07-11
hitter,DET,PHI,Zach McKinstry,656716,9.0,SS,Confirmed,3.96,,,,,0.74,0.25,,,,,0.6978695644344202,0.7769686617849026,0.261000767190679,0.23390189804354836,0.994208494208494,0.9000286048710527,0.09956266969635119,0.10390107672016327,,,0.94,0.53,0.48,2.15,0.1,1.42,0.18,0.01,0.0,0.372,1.4157766934277654,1.4220873321220677,0.177,,0.014,,0.0,,False,96.0,99.0,96.0,88.0,93.0,91.0,91.0,92.0,94.0,high,high,high,high,high,high,high,high,high,2026-07-11
hitter,PHI,DET,Trea Turner,607208,1.0,SS,Confirmed,4.25,,,,,1.0,0.53,,,,,1.060764051498981,0.9452147986712451,0.5569600212051042,0.4968799957624564,1.0980834272829765,1.028141779710821,0.05251965257401024,0.041444623929370164,,,1.06,0.47,0.37,1.71,0.05,1.54,0.16,0.01,0.0,0.273,1.684375,1.4301945770006088,0.158,,0.012,,0.0,,False,96.0,99.0,96.0,88.0,93.0,91.0,91.0,92.0,94.0,high,high,high,high,high,high,high,high,high,2026-07-11
hitter,PHI,DET,Kyle Schwarber,656941,2.0,DH,Confirmed,4.51,,,,,1.54,1.11,,,,,1.5956413974323647,1.4862137306178902,1.2382310837847281,0.9719255478552847,1.0,0.9830340408035931,0.14340893289028558,0.1625606916171432,,,0.99,0.65,0.52,2.04,0.15,1.66,0.16,0.01,0.0,0.361,1.684375,1.6419329995394998,0.165,,0.008,,0.0,,False,96.0,99.0,96.0,88.0,93.0,91.0,91.0,92.0,94.0,high,high,high,high,high,high,high,high,high,2026-07-11
hitter,PHI,DET,Bryce Harper,547180,3.0,1B,Confirmed,4.45,,,,,1.19,0.88,,,,,1.2151394289330095,1.1715797627396585,0.9517215765405199,0.8160556037958557,1.0,0.993114954737685,0.06809100050478165,0.04102495213045776,,,1.0,0.53,0.45,1.84,0.05,1.38,0.17,0.01,0.0,0.301,1.3893129770992367,1.3753669652356286,0.171,,0.007,,0.0,,False,96.0,99.0,96.0,88.0,93.0,91.0,91.0,92.0,94.0,high,high,high,high,high,high,high,high,high,2026-07-11
hitter,PHI,DET,Brandon Marsh,669016,4.0,LF,Confirmed,4.18,,,,,1.27,0.6,,,,,1.2743199999465522,1.269169257761052,0.6217843727361694,0.5705852664321085,0.8949771689497716,0.8368672404578353,0.06036874326467908,0.03769163936563962,,,0.86,0.44,0.38,1.59,0.05,1.22,0.14,0.01,0.0,0.263,1.239368165249089,1.205495183972912,0.141,,0.009,,0.0,,False,96.0,99.0,96.0,88.0,93.0,91.0,91.0,92.0,94.0,high,high,high,high,high,high,high,high,high,2026-07-11
hitter,PHI,DET,Alec Bohm,664761,5.0,3B,Confirmed,4.25,,,,,0.77,0.54,,,,,0.7744679546891727,0.7571918962783658,0.537997242065684,0.5507212665238995,1.0980834272829765,1.074857523059591,0.051088018218862545,0.05387778381174893,,,1.09,0.47,0.41,1.76,0.05,1.5,0.17,0.01,0.0,0.274,1.5956790123456794,1.4199580071304199,0.172,,0.01,,0.0,,False,96.0,99.0,96.0,88.0,93.0,91.0,91.0,92.0,94.0,high,high,high,high,high,high,high,high,high,2026-07-11
hitter,PHI,DET,Bryson Stott,681082,6.0,2B,Confirmed,4.14,,,,,0.83,0.62,,,,,0.802025846027142,0.8588180147908384,0.6404170070950206,0.5901432151982131,0.994208494208494,0.8841346001606923,0.03552339336600088,0.04008389758391666,,,0.93,0.38,0.37,1.55,0.04,1.22,0.13,0.01,0.0,0.267,1.239368165249089,1.2012696968247936,0.135,,0.009,,0.0,,False,96.0,99.0,96.0,88.0,93.0,91.0,91.0,92.0,94.0,high,high,high,high,high,high,high,high,high,2026-07-11
hitter,PHI,DET,J.T. Realmuto,592663,7.0,C,Confirmed,3.33,,,,,0.96,0.41,,,,,0.9427332949195554,0.9747643336482291,0.4310744564696364,0.3943531640655981,0.707983193277311,0.6351825036844171,0.04534951981942643,0.03811182774825991,,,0.67,0.31,0.28,1.24,0.04,0.99,0.11,0.01,0.0,0.266,1.1238670694864048,0.8836646531347192,0.106,,0.009,,0.0,,False,96.0,99.0,96.0,88.0,93.0,91.0,91.0,92.0,94.0,high,high,high,high,high,high,high,high,high,2026-07-11
hitter,PHI,DET,Gabriel Rincones Jr.,687282,8.0,RF,Confirmed,3.33,,,,,1.07,0.43,,,,,1.0805190066062484,1.068464838391563,0.4418729812476313,0.41392241475059255,0.707983193277311,0.5954940894435015,0.030283662480211155,0.017969264832602704,,,0.65,0.3,0.27,1.21,0.02,0.9,0.13,0.01,0.0,0.259,0.9875776397515532,0.8203468505495115,0.131,,0.008,,0.0,,False,96.0,99.0,96.0,88.0,93.0,91.0,91.0,92.0,94.0,high,high,high,high,high,high,high,high,high,2026-07-11
hitter,PHI,DET,Derek Hill,656537,9.0,CF,Confirmed,3.33,,,,,1.22,0.35,,,,,1.2209945826763176,1.2133278702994907,0.34403980321082905,0.35559965510133085,0.7061469265367316,0.4914561627929495,0.04025451412556334,0.03647256853271852,,,0.59,0.28,0.25,1.12,0.04,0.94,0.13,0.01,0.0,0.239,0.9875776397515532,0.8968398888328277,0.134,,0.007,,0.0,,False,96.0,99.0,96.0,88.0,93.0,91.0,91.0,92.0,94.0,high,high,high,high,high,high,high,high,high,2026-07-11
hitter,BAL,KC,Gunnar Henderson,683002,1.0,SS,Confirmed,4.61,,,,,0.76,0.43,,,,,0.6663744052899416,0.8567198170032423,0.4412508102216963,0.41246737750618667,0.994208494208494,0.9764147558860313,0.03943369526743038,0.039508270656270994,,,0.98,0.61,0.39,2.1,0.04,1.33,0.19,0.01,0.0,0.352,1.3148148148148149,1.349101137457011,0.189,,0.015,,0.0,,False,96.0,99.0,96.0,88.0,93.0,91.0,91.0,92.0,94.0,high,high,high,high,high,high,high,high,high,2026-07-11
hitter,BAL,KC,Adley Rutschman,668939,2.0,C,Confirmed,4.61,,,,,0.62,0.41,,,,,0.588855569429711,0.6567025147091993,0.3815827632498482,0.43430807011294215,0.994208494208494,1.0480095232578426,0.03539199498531542,0.04376000084749165,,,1.02,0.59,0.39,2.08,0.04,1.31,0.22,0.01,0.0,0.341,1.239368165249089,1.3750345396556891,0.217,,0.01,,0.0,,False,96.0,99.0,96.0,88.0,93.0,91.0,91.0,92.0,94.0,high,high,high,high,high,high,high,high,high,2026-07-11
hitter,BAL,KC,Taylor Ward,621493,3.0,LF,Confirmed,4.68,,,,,0.96,0.49,,,,,0.8911711393881369,1.0322601198063406,0.44276109896511784,0.5308139934088636,0.8694581280788177,0.8614547836923669,0.03571337998923993,0.021075743944273535,,,0.87,0.54,0.36,1.78,0.03,1.26,0.22,0.01,0.0,0.325,1.239368165249089,1.2732417606059596,0.218,,0.008,,0.0,,False,96.0,99.0,96.0,88.0,93.0,91.0,91.0,92.0,94.0,high,high,high,high,high,high,high,high,high,2026-07-11
hitter,BAL,KC,Pete Alonso,624413,4.0,1B,Confirmed,4.74,,,,,0.94,0.57,,,,,0.8541013843636847,1.028093263996067,0.4955807610718457,0.6395999168461444,0.994208494208494,0.971365890721753,0.07090594792138263,0.0761757368652163,,,0.98,0.62,0.44,2.05,0.07,1.5,0.2,0.01,0.0,0.353,1.4476190476190476,1.5439015494724933,0.196,,0.011,,0.0,,False,96.0,99.0,96.0,88.0,93.0,91.0,91.0,92.0,94.0,high,high,high,high,high,high,high,high,high,2026-07-11
hitter,BAL,KC,Samuel Basallo,694212,5.0,DH,Confirmed,3.81,,,,,0.83,0.29,,,,,0.7890185614315866,0.8661072395884915,0.2915089294816121,0.2839203144821186,0.707983193277311,0.6962371344201571,0.0370698272600717,0.021675243261850795,,,0.7,0.41,0.3,1.42,0.03,0.99,0.16,0.01,0.0,0.29,1.001763668430335,0.9862043117932098,0.162,,0.008,,0.0,,False,96.0,99.0,96.0,88.0,93.0,91.0,91.0,92.0,94.0,high,high,high,high,high,high,high,high,high,2026-07-11
hitter,BAL,KC,Tyler O'Neill,641933,6.0,RF,Confirmed,2.55,,,,,0.67,0.24,,,,,0.7122444099271568,0.6363493141121751,0.26390522296217395,0.22242454755574292,0.4125159642401022,0.36082148730289876,0.0295158309572706,0.015984019706591506,,,0.38,0.24,0.18,0.84,0.02,0.6,0.11,0.01,0.0,0.308,0.6720588235294118,0.534192572844807,0.108,,0.009,,0.0,,False,96.0,99.0,96.0,88.0,93.0,91.0,91.0,92.0,94.0,high,high,high,high,high,high,high,high,high,2026-07-11
hitter,BAL,KC,Coby Mayo,691723,7.0,3B,Confirmed,2.77,,,,,0.78,0.21,,,,,0.7570303948381218,0.7941402997675734,0.23621465327873262,0.18596947363471852,0.4125159642401022,0.37828645268326816,0.03211415801891323,0.02222747466218863,,,0.39,0.24,0.17,0.82,0.03,0.6,0.12,0.01,0.0,0.284,0.6720588235294118,0.5497942737311592,0.119,,0.008,,0.0,,False,96.0,99.0,96.0,88.0,93.0,91.0,91.0,92.0,94.0,high,high,high,high,high,high,high,high,high,2026-07-11
hitter,BAL,KC,Jackson Holliday,702616,8.0,2B,Confirmed,3.49,,,,,0.75,0.28,,,,,0.7235147112805976,0.7728807815646481,0.2849556909890637,0.2675594843119758,0.7061469265367316,0.6582558028334967,0.02837913517901344,0.022742899858003103,,,0.68,0.36,0.25,1.32,0.03,0.95,0.15,0.01,0.0,0.32,0.9875776397515532,0.9105841890047477,0.155,,0.011,,0.0,,False,96.0,99.0,96.0,88.0,93.0,91.0,91.0,92.0,94.0,high,high,high,high,high,high,high,high,high,2026-07-11
hitter,BAL,KC,Leody Taveras,665750,9.0,CF,Confirmed,4.25,,,,,0.87,0.28,,,,,0.8207896447914305,0.9193561202719244,0.2611220989297576,0.2919304566726398,0.8888888888888888,0.9190239181566573,0.032314973505067526,0.04734290739210016,,,0.91,0.42,0.32,1.63,0.04,1.28,0.2,0.02,0.0,0.298,1.239368165249089,1.3128057763376506,0.2,,0.019,,0.0,,False,96.0,99.0,96.0,88.0,93.0,91.0,91.0,92.0,94.0,high,high,high,high,high,high,high,high,high,2026-07-11
hitter,KC,BAL,Carter Jensen,695600,1.0,C,Confirmed,3.81,,,,,1.07,0.1,,,,,1.0795312144186442,1.0624479101576274,0.10051915105054143,0.09652096986763184,0.707983193277311,0.7492465372796777,0.03423408736583271,0.04920673000850401,,,0.73,0.37,0.31,1.32,0.04,1.09,0.12,0.01,0.0,0.231,1.1238670694864048,1.0608384970708875,0.116,,0.008,,0.0,,False,96.0,99.0,96.0,88.0,93.0,91.0,91.0,92.0,94.0,high,high,high,high,high,high,high,high,high,2026-07-11
hitter,KC,BAL,Bobby Witt Jr.,677951,2.0,SS,Confirmed,3.74,,,,,0.55,0.22,,,,,0.5835210345993146,0.5225273012560511,0.2511387809721852,0.18109321116592095,1.4947368421052631,1.1408127235904395,0.3110669811638068,0.3336337158519176,,,1.3,0.38,0.31,1.4,0.32,2.44,0.13,0.01,0.0,0.248,2.552380952380952,2.340572821029963,0.132,,0.012,,0.0,,False,96.0,99.0,96.0,88.0,93.0,91.0,91.0,92.0,94.0,high,high,high,high,high,high,high,high,high,2026-07-11
hitter,KC,BAL,Jac Caglianone,695506,3.0,RF,Confirmed,3.96,,,,,0.79,0.25,,,,,0.8011137155981565,0.7749904258053688,0.2904426995969339,0.21361522502300329,1.4947368421052631,1.1025971570354918,0.37294101864658125,0.28949628941565275,,,1.28,0.4,0.38,1.49,0.33,2.51,0.13,0.01,0.0,0.24,2.6,2.4367320076057206,0.127,,0.008,,0.0,,False,96.0,99.0,96.0,88.0,93.0,91.0,91.0,92.0,94.0,high,high,high,high,high,high,high,high,high,2026-07-11
hitter,KC,BAL,Lane Thomas,657041,4.0,CF,Confirmed,3.02,,,,,0.58,0.2,,,,,0.582527339271147,0.5819154609576977,0.2288809561748791,0.17074010648634338,0.801980198019802,0.6425433786382809,0.11527043179522295,0.09350851637396675,,,0.71,0.2,0.17,0.72,0.1,1.13,0.08,0.01,0.0,0.166,1.3148148148148149,0.9790972970169485,0.081,,0.007,,0.0,,False,96.0,99.0,96.0,88.0,93.0,91.0,91.0,92.0,94.0,high,high,high,high,high,high,high,high,high,2026-07-11
hitter,KC,BAL,Vinnie Pasquantino,686469,5.0,1B,Confirmed,3.96,,,,,0.68,0.41,,,,,0.723769561918898,0.6267814941694054,0.45802055202770764,0.3531314266332067,1.0980834272829765,0.9526466923695845,0.2027258669178313,0.16554574970337466,,,1.02,0.43,0.41,1.62,0.18,1.76,0.16,0.01,0.0,0.264,1.914285714285714,1.6341810419824023,0.157,,0.007,,0.0,,False,96.0,99.0,96.0,88.0,93.0,91.0,91.0,92.0,94.0,high,high,high,high,high,high,high,high,high,2026-07-11
hitter,KC,BAL,Salvador Perez,521692,6.0,DH,Confirmed,4.03,,,,,0.62,0.16,,,,,0.6630007287206598,0.5778336254772657,0.17885784053458506,0.1399248699432654,1.607843137254902,1.3093866670319139,0.4783554855809407,0.36667389466790884,,,1.44,0.37,0.42,1.57,0.42,2.67,0.14,0.01,0.0,0.251,2.775,2.575586944291062,0.143,,0.008,,0.0,,False,96.0,99.0,96.0,88.0,93.0,91.0,91.0,92.0,94.0,high,high,high,high,high,high,high,high,high,2026-07-11
hitter,KC,BAL,Michael Massey,686681,7.0,2B,Confirmed,3.33,,,,,0.37,0.15,,,,,0.41600336203232946,0.3331909534735815,0.18154652184870115,0.12520881644210044,1.0980834272829765,0.8548470829351412,0.11765947156321704,0.13466672384789244,,,0.96,0.23,0.21,0.96,0.13,1.46,0.11,0.01,0.0,0.189,1.684375,1.2784239379003863,0.109,,0.006,,0.0,,False,96.0,99.0,96.0,88.0,93.0,91.0,91.0,92.0,94.0,high,high,high,high,high,high,high,high,high,2026-07-11
hitter,KC,BAL,Nick Loftin,679845,8.0,3B,Confirmed,3.81,,,,,0.38,0.24,,,,,0.4023212786482879,0.35678148191968484,0.25222130321920705,0.22270019494553125,1.4947368421052631,1.0737614444147534,0.13607250341125116,0.11198056187831816,,,1.26,0.3,0.27,1.27,0.12,1.69,0.11,0.01,0.0,0.218,1.914285714285714,1.5112916689969542,0.111,,0.008,,0.0,,False,96.0,99.0,96.0,88.0,93.0,91.0,91.0,92.0,94.0,high,high,high,high,high,high,high,high,high,2026-07-11
hitter,KC,BAL,Isaac Collins,686555,9.0,LF,Confirmed,3.32,,,,,0.58,0.23,,,,,0.5937862151912394,0.5720974340282688,0.27600713672765065,0.18504003616100156,1.0980834272829765,0.8704009826949559,0.14125945747242405,0.12255371611721903,,,0.97,0.24,0.22,0.99,0.13,1.55,0.11,0.01,0.0,0.208,1.914285714285714,1.250692224885862,0.106,,0.007,,0.0,,False,96.0,99.0,96.0,88.0,93.0,91.0,91.0,92.0,94.0,high,high,high,high,high,high,high,high,high,2026-07-11
hitter,TEX,HOU,Joc Pederson,592626,1.0,DH,Confirmed,3.74,,,,,0.8,0.34,,,,,0.7230152294193807,0.8683418030994762,0.3327947764556184,0.3403008472921661,0.6434108527131783,0.5658395310810619,0.12695199183152017,0.12796249111603777,,,0.6,0.24,0.16,0.81,0.13,1.22,0.1,0.01,0.0,0.172,1.239368165249089,1.197243313655573,0.1,,0.006,,0.0,,False,96.0,99.0,96.0,88.0,93.0,91.0,91.0,92.0,94.0,high,high,high,high,high,high,high,high,high,2026-07-11
hitter,TEX,HOU,Wyatt Langford,694671,2.0,LF,Confirmed,4.18,,,,,1.2,0.36,,,,,1.2623324352773468,1.131001735383516,0.36683283284699897,0.35645234102811874,1.0980834272829765,1.0297111242245507,0.19055021369720362,0.17134841717379254,,,1.06,0.38,0.27,1.35,0.18,1.92,0.13,0.01,0.0,0.232,2.057017543859649,1.8084079599280043,0.127,,0.007,,0.0,,False,96.0,99.0,96.0,88.0,93.0,91.0,91.0,92.0,94.0,high,high,high,high,high,high,high,high,high,2026-07-11
hitter,TEX,HOU,Josh Jung,673962,3.0,3B,Confirmed,3.89,,,,,1.03,0.09,,,,,1.0050067307405264,1.0534842939915403,0.09847111868550609,0.08201988531897184,0.6434108527131783,0.6095936457508818,0.027315395404483824,0.02739211516062918,,,0.62,0.32,0.26,1.22,0.03,0.8,0.12,0.01,0.0,0.206,0.7899761336515513,0.8112225381116348,0.124,,0.008,,0.0,,False,96.0,99.0,96.0,88.0,93.0,91.0,91.0,92.0,94.0,high,high,high,high,high,high,high,high,high,2026-07-11
hitter,TEX,HOU,Brandon Nimmo,607043,4.0,RF,Confirmed,3.89,,,,,0.69,0.29,,,,,0.6315414962165992,0.7387697424482655,0.30354517339995535,0.27068710961146963,0.801980198019802,0.7673500247874753,0.1265836812024417,0.11652095670364152,,,0.78,0.34,0.29,1.34,0.12,1.36,0.14,0.01,0.0,0.226,1.3893129770992367,1.3321862639619313,0.143,,0.008,,0.0,,False,96.0,99.0,96.0,88.0,93.0,91.0,91.0,92.0,94.0,high,high,high,high,high,high,high,high,high,2026-07-11
hitter,TEX,HOU,Jake Burger,669394,5.0,1B,Confirmed,3.74,,,,,0.79,0.23,,,,,0.746143607197411,0.8340474123952618,0.24968881959393632,0.21957727033522212,0.707983193277311,0.6974050850445135,0.15121676019301436,0.14355891320679087,,,0.7,0.31,0.27,1.22,0.15,1.29,0.13,0.01,0.0,0.213,1.3148148148148149,1.26945461123729,0.129,,0.006,,0.0,,False,96.0,99.0,96.0,88.0,93.0,91.0,91.0,92.0,94.0,high,high,high,high,high,high,high,high,high,2026-07-11
hitter,TEX,HOU,Ezequiel Duran,677649,6.0,SS,Confirmed,3.33,,,,,0.6,0.17,,,,,0.5586870300462482,0.6329231329032058,0.18536059772375657,0.15425506125322438,0.7061469265367316,0.5486042241356648,0.04932949906380797,0.05268318190456959,,,0.62,0.24,0.23,1.06,0.05,0.94,0.12,0.01,0.0,0.21,1.001763668430335,0.8882429265811692,0.116,,0.008,,0.0,,False,96.0,99.0,96.0,88.0,93.0,91.0,91.0,92.0,94.0,high,high,high,high,high,high,high,high,high,2026-07-11
hitter,TEX,HOU,Evan Carter,694497,7.0,CF,Confirmed,3.02,,,,,0.66,0.23,,,,,0.6376609583180349,0.6813622001712428,0.2511497161349867,0.20770746223726402,0.5290322580645161,0.46913217215010844,0.07042185316061025,0.062170305145836526,,,0.5,0.19,0.15,0.75,0.07,0.83,0.09,0.01,0.0,0.188,0.9875776397515532,0.693598917983332,0.091,,0.007,,0.0,,False,96.0,99.0,96.0,88.0,93.0,91.0,91.0,92.0,94.0,high,high,high,high,high,high,high,high,high,2026-07-11
hitter,TEX,HOU,Nicky Lopez,670032,8.0,2B,Confirmed,3.02,,,,,0.42,0.17,,,,,0.40094952842554565,0.43096204351473516,0.17340276907783092,0.1570436471416698,0.5846774193548387,0.5025461435385397,0.04073405390159808,0.0352625931872803,,,0.54,0.18,0.15,0.74,0.04,0.8,0.11,0.01,0.0,0.174,0.8408408408408409,0.773965665107475,0.11,,0.007,,0.0,,False,96.0,99.0,96.0,88.0,93.0,91.0,91.0,92.0,94.0,high,high,high,high,high,high,high,high,high,2026-07-11
hitter,TEX,HOU,Elias Díaz,553869,9.0,C,Confirmed,3.1,,,,,0.63,0.16,,,,,0.6003145173826608,0.6648865439594824,0.17356289636084588,0.13887782883680636,0.6434108527131783,0.5372819965072693,0.09458115406617731,0.08145568857525577,,,0.59,0.18,0.15,0.75,0.09,0.92,0.11,0.01,0.0,0.174,1.001763668430335,0.8602428727239283,0.113,,0.007,,0.0,,False,96.0,99.0,96.0,88.0,93.0,91.0,91.0,92.0,94.0,high,high,high,high,high,high,high,high,high,2026-07-11
hitter,HOU,TEX,Jeremy Peña,665161,1.0,SS,Confirmed,4.18,,,,,1.27,0.43,,,,,1.2498292027163476,1.284100236994766,0.4270582640525181,0.4340699799621217,0.6434108527131783,0.593386648384618,0.042866280712771085,0.043084811720039515,,,0.62,0.58,0.47,2.14,0.04,0.84,0.19,0.01,0.0,0.335,0.8408408408408409,0.8309866167956429,0.188,,0.01,,0.0,,False,96.0,99.0,96.0,88.0,93.0,91.0,91.0,92.0,94.0,high,high,high,high,high,high,high,high,high,2026-07-11
hitter,HOU,TEX,Yordan Alvarez,670541,2.0,LF,Confirmed,4.45,,,,,0.63,0.6,,,,,0.6281821014390031,0.6257444186326286,0.6190841086856809,0.578931056340237,1.1391752577319587,1.1780631331169245,0.42289415054131935,0.4059986465676128,,,1.16,0.7,0.58,2.38,0.41,2.71,0.2,0.01,0.0,0.385,2.75,2.6695000395988386,0.2,,0.01,,0.0,,False,96.0,99.0,96.0,88.0,93.0,91.0,91.0,92.0,94.0,high,high,high,high,high,high,high,high,high,2026-07-11
hitter,HOU,TEX,Isaac Paredes,670623,3.0,3B,Confirmed,4.25,,,,,0.51,0.33,,,,,0.529481337320912,0.48883307205143633,0.3255486931124072,0.33218416336237055,1.0980834272829765,1.0830489786502528,0.2524692706070067,0.21245939423307902,,,1.09,0.55,0.51,2.05,0.23,2.0,0.18,0.01,0.0,0.316,2.057017543859649,1.9570675169685843,0.184,,0.01,,0.0,,False,96.0,99.0,96.0,88.0,93.0,91.0,91.0,92.0,94.0,high,high,high,high,high,high,high,high,high,2026-07-11
hitter,HOU,TEX,Christian Walker,572233,4.0,1B,Confirmed,4.18,,,,,0.82,0.28,,,,,0.761479141210864,0.8744325914454268,0.29679839871516,0.2696069747796579,1.0980834272829765,1.1350631904530057,0.3324258681703056,0.31243854245138675,,,1.12,0.58,0.55,2.13,0.32,2.28,0.18,0.01,0.0,0.33,2.456692913385827,2.14316117309236,0.179,,0.008,,0.0,,False,96.0,99.0,96.0,88.0,93.0,91.0,91.0,92.0,94.0,high,high,high,high,high,high,high,high,high,2026-07-11
hitter,HOU,TEX,Jose Altuve,514888,5.0,2B,Confirmed,4.25,,,,,0.57,0.33,,,,,0.5668786214346867,0.5663363630480169,0.3480579089134981,0.32036024539202285,1.0980834272829765,1.134975143429114,0.16386597270025413,0.18483895642184783,,,1.12,0.55,0.48,2.12,0.17,1.86,0.2,0.01,0.0,0.32,1.914285714285714,1.8133997591143696,0.203,,0.008,,0.0,,False,96.0,99.0,96.0,88.0,93.0,91.0,91.0,92.0,94.0,high,high,high,high,high,high,high,high,high,2026-07-11
hitter,HOU,TEX,LaMonte Wade Jr.,664774,6.0,RF,Confirmed,3.1,,,,,0.61,0.26,,,,,0.5963911505200588,0.6226968800473792,0.3061769418277278,0.21688043309539212,0.801980198019802,0.6337397820092795,0.1222590447613712,0.12205963746119537,,,0.71,0.33,0.33,1.36,0.12,1.19,0.14,0.01,0.0,0.302,1.3148148148148149,1.0869535995390682,0.138,,0.011,,0.0,,False,96.0,99.0,96.0,88.0,93.0,91.0,91.0,92.0,94.0,high,high,high,high,high,high,high,high,high,2026-07-11
hitter,HOU,TEX,Yainer Diaz,673237,7.0,DH,Confirmed,4.18,,,,,0.53,0.2,,,,,0.5301203998928693,0.5299339161634482,0.1923709495695367,0.20550564295096027,1.0980834272829765,1.1583070690103017,0.21142509213623653,0.2131801092301456,,,1.13,0.48,0.46,2.04,0.21,2.01,0.17,0.01,0.0,0.312,2.057017543859649,1.9773206435804154,0.17,,0.009,,0.0,,False,96.0,99.0,96.0,88.0,93.0,91.0,91.0,92.0,94.0,high,high,high,high,high,high,high,high,high,2026-07-11
hitter,HOU,TEX,Taylor Trammell,666211,8.0,LF,Confirmed,3.1,,,,,1.29,0.15,,,,,1.2385656296736565,1.338125234692362,0.1742927117753812,0.13246604808371315,0.4125159642401022,0.40434803720658713,0.17960709823900928,0.1686511361401166,,,0.41,0.32,0.3,1.27,0.17,0.91,0.13,0.01,0.0,0.294,1.001763668430335,0.833280903699536,0.128,,0.009,,0.0,,False,96.0,99.0,96.0,88.0,93.0,91.0,91.0,92.0,94.0,high,high,high,high,high,high,high,high,high,2026-07-11
hitter,HOU,TEX,Christian Vázquez,543877,9.0,C,Confirmed,3.89,,,,,0.94,0.14,,,,,0.8598337146984967,1.0170506150520966,0.1454600577939657,0.12922336828558784,0.801980198019802,0.7879459276337605,0.12670526680669086,0.1505025001214553,,,0.79,0.42,0.39,1.8,0.14,1.35,0.19,0.01,0.0,0.305,1.3148148148148149,1.3737047591384746,0.19,,0.01,,0.0,,False,96.0,99.0,96.0,88.0,93.0,91.0,91.0,92.0,94.0,high,high,high,high,high,high,high,high,high,2026-07-11
hitter,CIN,CHC,Elly De La Cruz,682829,1.0,SS,Confirmed,4.18,,,,,0.97,0.2,,,,,0.9407379064598763,0.9933201682812158,0.20229666291445095,0.19577421056012154,0.707983193277311,0.7582067833942849,0.11783049897414555,0.13464516966034085,,,0.74,0.39,0.25,1.27,0.13,1.27,0.16,0.01,0.0,0.251,1.239368165249089,1.2911922984234507,0.156,,0.008,,0.0,,False,96.0,99.0,96.0,88.0,93.0,91.0,91.0,92.0,94.0,high,high,high,high,high,high,high,high,high,2026-07-11
hitter,CIN,CHC,Sal Stewart,701398,2.0,3B,Confirmed,4.18,,,,,0.93,0.17,,,,,0.8764297913834335,0.9888235510424548,0.17184763586461652,0.16672024292443935,0.7061469265367316,0.7121204517558163,0.16966085478267284,0.16472129879161607,,,0.71,0.4,0.27,1.38,0.17,1.29,0.15,0.01,0.0,0.255,1.239368165249089,1.3243913436549748,0.146,,0.007,,0.0,,False,96.0,99.0,96.0,88.0,93.0,91.0,91.0,92.0,94.0,high,high,high,high,high,high,high,high,high,2026-07-11
hitter,CIN,CHC,JJ Bleday,668709,3.0,LF,Confirmed,3.81,,,,,0.84,0.15,,,,,0.7716366053561647,0.8999801251875335,0.16291499130843687,0.14700598933596848,0.5290322580645161,0.5904309918981117,0.08826733523638303,0.09125313819676534,,,0.56,0.31,0.22,1.07,0.09,0.98,0.11,0.01,0.0,0.223,0.9875776397515532,0.9696512491454898,0.114,,0.006,,0.0,,False,96.0,99.0,96.0,88.0,93.0,91.0,91.0,92.0,94.0,high,high,high,high,high,high,high,high,high,2026-07-11
hitter,CIN,CHC,Spencer Steer,668715,4.0,RF,Confirmed,3.74,,,,,0.84,0.14,,,,,0.8045505494240033,0.865485027966921,0.1389179457927738,0.1342825495719816,0.5290322580645161,0.5544572255120953,0.09595423996029753,0.08687733179395467,,,0.54,0.28,0.21,0.97,0.09,0.97,0.11,0.01,0.0,0.207,0.9875776397515532,0.9469606493331022,0.113,,0.007,,0.0,,False,96.0,99.0,96.0,88.0,93.0,91.0,91.0,92.0,94.0,high,high,high,high,high,high,high,high,high,2026-07-11
hitter,CIN,CHC,Nathaniel Lowe,663993,5.0,1B,Confirmed,3.09,,,,,0.87,0.3,,,,,0.9317264132794262,0.8021472150094209,0.3329581121713261,0.2702914224475148,0.801980198019802,0.6481245803731701,0.03848349362593402,0.029109723697970068,,,0.72,0.25,0.18,0.84,0.03,1.09,0.09,0.01,0.0,0.216,1.239368165249089,0.9648278751403784,0.09,,0.007,,0.0,,False,96.0,99.0,96.0,88.0,93.0,91.0,91.0,92.0,94.0,high,high,high,high,high,high,high,high,high,2026-07-11
hitter,CIN,CHC,Eugenio Suárez,553993,6.0,DH,Confirmed,3.96,,,,,0.98,0.16,,,,,0.8965613414687922,1.0715225135276112,0.1516106232659913,0.1739978037868275,0.5290322580645161,0.5803408875193747,0.19667625046332987,0.1828438929741521,,,0.56,0.31,0.27,1.16,0.19,1.19,0.12,0.01,0.0,0.234,1.1521739130434783,1.216750454103276,0.123,,0.007,,0.0,,False,96.0,99.0,96.0,88.0,93.0,91.0,91.0,92.0,94.0,high,high,high,high,high,high,high,high,high,2026-07-11
hitter,CIN,CHC,Jose Trevino,624431,7.0,C,Confirmed,3.1,,,,,0.47,0.25,,,,,0.5060918249162397,0.4357388594899839,0.2787142886061219,0.2159754448535974,0.994208494208494,0.7865365952110722,0.03002832143985552,0.02185445913570884,,,0.88,0.24,0.19,0.97,0.03,1.11,0.1,0.01,0.0,0.231,1.239368165249089,1.0016790032764298,0.101,,0.007,,0.0,,False,96.0,99.0,96.0,88.0,93.0,91.0,91.0,92.0,94.0,high,high,high,high,high,high,high,high,high,2026-07-11
hitter,CIN,CHC,Edwin Arroyo,695490,8.0,2B,Confirmed,3.19,,,,,0.66,0.09,,,,,0.6232286682854076,0.7052047551625829,0.0946633125000246,0.08674860003887695,0.4803149606299212,0.5344767734184006,0.05796321736924658,0.05639141353022775,,,0.51,0.22,0.18,0.88,0.06,0.77,0.11,0.01,0.0,0.208,0.7899761336515513,0.755017763077222,0.107,,0.006,,0.0,,False,96.0,99.0,96.0,88.0,93.0,91.0,91.0,92.0,94.0,high,high,high,high,high,high,high,high,high,2026-07-11
hitter,CIN,CHC,TJ Friedl,670770,9.0,CF,Confirmed,3.1,,,,,0.57,0.12,,,,,0.5934851550225074,0.5410439978100663,0.12072729511372235,0.12138538278217298,0.5290322580645161,0.5330020805544022,0.06789662796829082,0.05975604144895034,,,0.53,0.22,0.16,0.79,0.06,0.81,0.1,0.01,0.0,0.221,0.8408408408408409,0.778624476748794,0.102,,0.008,,0.0,,False,96.0,99.0,96.0,88.0,93.0,91.0,91.0,92.0,94.0,high,high,high,high,high,high,high,high,high,2026-07-11
hitter,CHC,CIN,Pete Crow-Armstrong,691718,1.0,CF,Confirmed,4.45,,,,,0.92,0.44,,,,,0.8980878428387763,0.9455702343464861,0.39887076995880877,0.4876034870228539,0.801980198019802,0.878421587110194,0.06697074609974604,0.05115753292842097,,,0.84,0.44,0.32,1.64,0.06,1.38,0.23,0.01,0.0,0.263,1.3148148148148149,1.4418044012818465,0.231,,0.011,,0.0,,False,96.0,99.0,96.0,88.0,93.0,91.0,91.0,92.0,94.0,high,high,high,high,high,high,high,high,high,2026-07-11
hitter,CHC,CIN,Seiya Suzuki,673548,2.0,RF,Confirmed,4.45,,,,,0.93,0.57,,,,,0.9019311047186798,0.9644455662670098,0.5855480395524871,0.5546819057230782,0.801980198019802,0.8372897286357893,0.05470545184032194,0.04975017331051111,,,0.82,0.47,0.31,1.66,0.05,1.25,0.19,0.01,0.0,0.282,1.239368165249089,1.2595062130501753,0.188,,0.011,,0.0,,False,96.0,99.0,96.0,88.0,93.0,91.0,91.0,92.0,94.0,high,high,high,high,high,high,high,high,high,2026-07-11
hitter,CHC,CIN,Alex Bregman,608324,3.0,3B,Confirmed,4.26,,,,,0.52,0.56,,,,,0.546545793298506,0.4970858064798376,0.564739440254372,0.5458159391789557,0.8694581280788177,0.8690481589812054,0.05027399205630998,0.03707478248895197,,,0.87,0.53,0.39,1.92,0.04,1.19,0.18,0.01,0.0,0.329,1.239368165249089,1.1536011368538757,0.181,,0.008,,0.0,,False,96.0,99.0,96.0,88.0,93.0,91.0,91.0,92.0,94.0,high,high,high,high,high,high,high,high,high,2026-07-11
hitter,CHC,CIN,Carson Kelly,608348,4.0,DH,Confirmed,3.81,,,,,0.57,0.43,,,,,0.559067496976752,0.5865925034072407,0.44463558897191136,0.4181078537620365,0.707983193277311,0.6428831105595983,0.036663996021633095,0.028098168254559564,,,0.67,0.41,0.31,1.49,0.03,0.94,0.15,0.01,0.0,0.285,0.9875776397515532,0.9089585450021093,0.155,,0.009,,0.0,,False,96.0,99.0,96.0,88.0,93.0,91.0,91.0,92.0,94.0,high,high,high,high,high,high,high,high,high,2026-07-11
hitter,CHC,CIN,Michael Busch,683737,5.0,1B,Confirmed,4.27,,,,,0.92,0.59,,,,,0.9088714842062025,0.9280782586884684,0.628353771132831,0.5548035551351707,0.7715355805243446,0.8182325114496604,0.0507064702869766,0.03570487941197474,,,0.8,0.48,0.35,1.7,0.04,1.03,0.17,0.01,0.0,0.301,1.001763668430335,1.0454849853767467,0.167,,0.008,,0.0,,False,96.0,99.0,96.0,88.0,93.0,91.0,91.0,92.0,94.0,high,high,high,high,high,high,high,high,high,2026-07-11
hitter,CHC,CIN,Nico Hoerner,663538,6.0,2B,Confirmed,4.48,,,,,0.3,0.29,,,,,0.2652586382059783,0.3334631879991938,0.2783839672145789,0.30205578537413946,1.0980834272829765,1.0546999476605654,0.03117830424782777,0.021298294660127417,,,1.07,0.44,0.42,1.96,0.03,1.22,0.19,0.01,0.0,0.278,1.239368165249089,1.2130931608685591,0.19,,0.015,,0.0,,False,96.0,99.0,96.0,88.0,93.0,91.0,91.0,92.0,94.0,high,high,high,high,high,high,high,high,high,2026-07-11
hitter,CHC,CIN,Ian Happ,664023,7.0,LF,Confirmed,4.26,,,,,0.91,0.59,,,,,0.8896883720380254,0.9299526681889483,0.6175386449232881,0.5675076053985704,0.7715355805243446,0.7664907614866526,0.06596979649146359,0.04410716904486759,,,0.77,0.38,0.29,1.47,0.06,1.22,0.17,0.01,0.0,0.273,1.239368165249089,1.2008013210565274,0.175,,0.008,,0.0,,False,96.0,99.0,96.0,88.0,93.0,91.0,91.0,92.0,94.0,high,high,high,high,high,high,high,high,high,2026-07-11
hitter,CHC,CIN,Dansby Swanson,621020,8.0,SS,Confirmed,4.03,,,,,0.85,0.42,,,,,0.8217602353543823,0.8873045768820399,0.46403068234030964,0.3826682927003105,0.7715355805243446,0.6810313106083135,0.05115365773691613,0.0469352210443168,,,0.72,0.38,0.31,1.56,0.05,0.99,0.18,0.01,0.0,0.28,1.001763668430335,0.9768980369327851,0.181,,0.011,,0.0,,False,96.0,99.0,96.0,88.0,93.0,91.0,91.0,92.0,94.0,high,high,high,high,high,high,high,high,high,2026-07-11
hitter,CHC,CIN,Miguel Amaya,665804,9.0,C,Confirmed,3.33,,,,,0.87,0.28,,,,,0.8170612719913087,0.9300188859401788,0.29423736298243997,0.27153184189454854,0.5290322580645161,0.45239382328844935,0.028383734917967952,0.02032816767303131,,,0.49,0.28,0.22,1.15,0.02,0.67,0.13,0.01,0.0,0.252,0.6720588235294118,0.6757580762199025,0.135,,0.008,,0.0,,False,96.0,99.0,96.0,88.0,93.0,91.0,91.0,92.0,94.0,high,high,high,high,high,high,high,high,high,2026-07-11
hitter,STL,ATL,JJ Wetherholt,802139,1.0,2B,Confirmed,4.45,,,,,0.44,0.39,,,,,0.4734475845500544,0.4096536100162025,0.39911987973751384,0.37848715624723817,0.994208494208494,0.8731194768260871,0.029302721321989945,0.02573401921133132,,,0.93,0.48,0.35,1.61,0.03,1.2,0.14,0.01,0.0,0.277,1.239368165249089,1.1627878695517415,0.142,,0.007,,0.0,,False,96.0,99.0,96.0,88.0,93.0,91.0,91.0,92.0,94.0,high,high,high,high,high,high,high,high,high,2026-07-11
hitter,STL,ATL,Iván Herrera,671056,2.0,C,Confirmed,4.25,,,,,0.49,0.37,,,,,0.48927682423342045,0.4815503501498509,0.3687627198292768,0.3804032256042181,0.994208494208494,0.8824813145135472,0.035719582592183274,0.03049817284000835,,,0.93,0.44,0.33,1.48,0.03,1.24,0.12,0.01,0.0,0.265,1.239368165249089,1.236597359777325,0.121,,0.006,,0.0,,False,96.0,99.0,96.0,88.0,93.0,91.0,91.0,92.0,94.0,high,high,high,high,high,high,high,high,high,2026-07-11
hitter,STL,ATL,Alec Burleson,676475,3.0,1B,Confirmed,3.96,,,,,0.4,0.27,,,,,0.4446526361535955,0.3530020209455862,0.277043460487413,0.25745279857768816,0.8694581280788177,0.8178361625922618,0.03285745428563588,0.0067175325290915,,,0.84,0.45,0.4,1.62,0.02,1.14,0.14,0.01,0.0,0.284,1.239368165249089,1.0628262044898182,0.143,,0.007,,0.0,,False,96.0,99.0,96.0,88.0,93.0,91.0,91.0,92.0,94.0,high,high,high,high,high,high,high,high,high,2026-07-11
hitter,STL,ATL,Jordan Walker,691023,4.0,RF,Confirmed,4.25,,,,,0.75,0.37,,,,,0.6823728048614944,0.8203474226250322,0.3613246897925838,0.3687496353135865,0.8949771689497716,0.8740647652314796,0.04164995723734786,0.03653274526821815,,,0.88,0.44,0.38,1.53,0.04,1.21,0.12,0.01,0.0,0.262,1.239368165249089,1.1930841476581575,0.122,,0.007,,0.0,,False,96.0,99.0,96.0,88.0,93.0,91.0,91.0,92.0,94.0,high,high,high,high,high,high,high,high,high,2026-07-11
hitter,STL,ATL,Lars Nootbaar,663457,5.0,LF,Confirmed,3.96,,,,,0.57,0.38,,,,,0.5671110655286982,0.5806995348356668,0.40635792728141196,0.3609237337837153,0.8694581280788177,0.7924113441900171,0.028967472456222,0.02412438104257324,,,0.83,0.44,0.36,1.51,0.03,1.18,0.13,0.01,0.0,0.286,1.239368165249089,1.134286837514213,0.134,,0.007,,0.0,,False,96.0,99.0,96.0,88.0,93.0,91.0,91.0,92.0,94.0,high,high,high,high,high,high,high,high,high,2026-07-11
hitter,STL,ATL,Masyn Winn,691026,6.0,SS,Confirmed,4.18,,,,,0.46,0.26,,,,,0.47153322145520493,0.45284516110448453,0.2687088059713234,0.254421401057198,0.8949771689497716,0.9095674673274298,0.035356665675017586,0.03661085971137779,,,0.9,0.39,0.39,1.55,0.04,1.29,0.11,0.01,0.0,0.264,1.3148148148148149,1.2672305962926396,0.113,,0.008,,0.0,,False,96.0,99.0,96.0,88.0,93.0,91.0,91.0,92.0,94.0,high,high,high,high,high,high,high,high,high,2026-07-11
hitter,STL,ATL,Bryan Torres,663494,7.0,DH,Confirmed,3.02,,,,,0.4,0.19,,,,,0.3841127876820495,0.40734569076789184,0.21055689062261715,0.16492878381016982,0.7061469265367316,0.5329851401579313,0.027637259444285033,0.008942572053630467,,,0.61,0.24,0.21,0.93,0.02,0.75,0.09,0.01,0.0,0.233,0.8408408408408409,0.674460085019989,0.093,,0.01,,0.0,,False,96.0,99.0,96.0,88.0,93.0,91.0,91.0,92.0,94.0,high,high,high,high,high,high,high,high,high,2026-07-11
hitter,STL,ATL,Blaze Jordan,691458,8.0,3B,Confirmed,2.55,,,,,0.33,0.14,,,,,0.3441407186885693,0.31311571651234904,0.15651081247787144,0.1142832246861662,0.5290322580645161,0.4220087354658532,0.020795872933516528,0.013363768734928439,,,0.47,0.18,0.16,0.67,0.02,0.61,0.09,0.01,0.0,0.209,0.6720588235294118,0.5680688242598715,0.086,,0.008,,0.0,,False,96.0,99.0,96.0,88.0,93.0,91.0,91.0,92.0,94.0,high,high,high,high,high,high,high,high,high,2026-07-11
hitter,STL,ATL,Nathan Church,701675,9.0,CF,Confirmed,3.49,,,,,0.54,0.25,,,,,0.5306135342911148,0.5407524725129593,0.26707571373070726,0.22705514757738543,0.707983193277311,0.635063325893123,0.02942427045984019,0.02037201366002943,,,0.67,0.32,0.27,1.24,0.02,0.97,0.12,0.01,0.0,0.267,1.001763668430335,0.9372473227105367,0.118,,0.008,,0.0,,False,96.0,99.0,96.0,88.0,93.0,91.0,91.0,92.0,94.0,high,high,high,high,high,high,high,high,high,2026-07-11
hitter,ATL,STL,Michael Harris II,671739,1.0,CF,Confirmed,4.26,,,,,0.96,0.14,,,,,0.980567982706687,0.9371268049792302,0.14203306902098528,0.144464083911574,1.0980834272829765,1.1249621367603764,0.15997071153081496,0.17232271425869594,,,1.11,0.42,0.32,1.61,0.17,1.87,0.18,0.01,0.0,0.25,1.914285714285714,1.828603745898853,0.176,,0.009,,0.0,,False,96.0,99.0,96.0,88.0,93.0,91.0,91.0,92.0,94.0,high,high,high,high,high,high,high,high,high,2026-07-11
hitter,ATL,STL,Ozzie Albies,645277,2.0,2B,Confirmed,4.45,,,,,0.63,0.27,,,,,0.6164268539145498,0.638178439226059,0.2702995115782002,0.2670090077471632,1.0980834272829765,1.1349837644816558,0.1259456916079782,0.1390738092641859,,,1.12,0.44,0.31,1.62,0.13,1.68,0.16,0.01,0.0,0.258,1.684375,1.67399427738057,0.163,,0.015,,0.0,,False,96.0,99.0,96.0,88.0,93.0,91.0,91.0,92.0,94.0,high,high,high,high,high,high,high,high,high,2026-07-11
hitter,ATL,STL,Matt Olson,621566,3.0,1B,Confirmed,4.51,,,,,1.3,0.35,,,,,1.3181298085271507,1.271967936328876,0.3488377935391379,0.35968047806059034,0.994208494208494,0.9783792830881404,0.19187586675171217,0.2071570119715418,,,0.99,0.48,0.36,1.71,0.2,1.84,0.18,0.01,0.0,0.281,1.914285714285714,1.7881246798290402,0.181,,0.008,,0.0,,False,96.0,99.0,96.0,88.0,93.0,91.0,91.0,92.0,94.0,high,high,high,high,high,high,high,high,high,2026-07-11
hitter,ATL,STL,Drake Baldwin,686948,4.0,DH,Confirmed,4.25,,,,,0.95,0.25,,,,,0.944814564553237,0.9547456380888744,0.2698037351392626,0.2320455971117373,1.0980834272829765,0.9882132323293753,0.14515320694387165,0.15214925175863814,,,1.04,0.42,0.33,1.55,0.15,1.74,0.19,0.01,0.0,0.261,1.914285714285714,1.6063580196084923,0.186,,0.01,,0.0,,False,96.0,99.0,96.0,88.0,93.0,91.0,91.0,92.0,94.0,high,high,high,high,high,high,high,high,high,2026-07-11
hitter,ATL,STL,Mauricio Dubón,643289,5.0,LF,Confirmed,4.18,,,,,0.53,0.2,,,,,0.48904723649774606,0.5749747985611688,0.19433948491993921,0.20744948769518712,1.0980834272829765,1.0113089048143558,0.06735840381101443,0.09099033077570405,,,1.05,0.42,0.35,1.63,0.08,1.44,0.19,0.01,0.0,0.256,1.4759615384615385,1.4082949649187824,0.192,,0.01,,0.0,,False,96.0,99.0,96.0,88.0,93.0,91.0,91.0,92.0,94.0,high,high,high,high,high,high,high,high,high,2026-07-11
hitter,ATL,STL,Austin Riley,663586,6.0,3B,Confirmed,4.18,,,,,1.3,0.25,,,,,1.2655436167945615,1.3263990306789608,0.22989358462897463,0.26467754117843045,1.0,0.9439652642894517,0.18371060243703702,0.19414953213256103,,,0.97,0.38,0.35,1.52,0.19,1.85,0.17,0.01,0.0,0.266,1.914285714285714,1.795252346127712,0.172,,0.009,,0.0,,False,96.0,99.0,96.0,88.0,93.0,91.0,91.0,92.0,94.0,high,high,high,high,high,high,high,high,high,2026-07-11
hitter,ATL,STL,Eli White,642201,7.0,RF,Confirmed,3.49,,,,,0.86,0.12,,,,,0.8062776940985124,0.9205145676866214,0.13293222458852474,0.1151614695170622,0.6434108527131783,0.5702796419682811,0.023284744441241213,0.026415160142103995,,,0.6,0.28,0.23,1.15,0.02,0.76,0.14,0.01,0.0,0.234,0.7899761336515513,0.7297887383962699,0.141,,0.008,,0.0,,False,96.0,99.0,96.0,88.0,93.0,91.0,91.0,92.0,94.0,high,high,high,high,high,high,high,high,high,2026-07-11
hitter,ATL,STL,Joey Bart,663698,8.0,C,Confirmed,3.96,,,,,1.05,0.31,,,,,0.9686906734692943,1.1326260194498574,0.3125640776993106,0.29773523410315594,0.8694581280788177,0.8223026869681102,0.12913294769703001,0.11290122057199282,,,0.84,0.35,0.26,1.31,0.12,1.35,0.15,0.01,0.0,0.266,1.3148148148148149,1.3834333659951248,0.155,,0.008,,0.0,,False,96.0,99.0,96.0,88.0,93.0,91.0,91.0,92.0,94.0,high,high,high,high,high,high,high,high,high,2026-07-11
hitter,ATL,STL,Jorge Mateo,622761,9.0,SS,Confirmed,2.77,,,,,0.9,0.13,,,,,0.8923503075843278,0.9169119002131045,0.15049271995386215,0.11810715929560478,0.5290322580645161,0.4581097555808698,0.07330840732417879,0.05655507509332039,,,0.49,0.19,0.15,0.76,0.06,0.77,0.1,0.01,0.0,0.21,0.8408408408408409,0.7136665189662527,0.098,,0.008,,0.0,,False,96.0,99.0,96.0,88.0,93.0,91.0,91.0,92.0,94.0,high,high,high,high,high,high,high,high,high,2026-07-11
hitter,SD,TOR,Fernando Tatis Jr.,665487,1.0,RF,Confirmed,3.96,,,,,1.08,0.19,,,,,1.1580787836026443,1.0016179234635008,0.2096110947045667,0.17032198235593304,0.994208494208494,0.9243919688284911,0.06420382161539373,0.06778240494379673,,,0.96,0.42,0.31,1.37,0.07,1.31,0.1,0.01,0.0,0.268,1.3148148148148149,1.3043543338127426,0.103,,0.007,,0.0,,False,96.0,99.0,96.0,88.0,93.0,91.0,91.0,92.0,94.0,high,high,high,high,high,high,high,high,high,2026-07-11
hitter,SD,TOR,Jackson Merrill,701538,2.0,CF,Confirmed,3.81,,,,,1.23,0.1,,,,,1.2405964369767157,1.2187284880800542,0.10961262933363164,0.0867806531287679,0.7715355805243446,0.7606635264854669,0.05091075836884611,0.055868207508529624,,,0.77,0.31,0.25,1.05,0.05,1.2,0.1,0.01,0.0,0.206,1.239368165249089,1.1690314920054659,0.099,,0.011,,0.0,,False,96.0,99.0,96.0,88.0,93.0,91.0,91.0,92.0,94.0,high,high,high,high,high,high,high,high,high,2026-07-11
hitter,SD,TOR,Xander Bogaerts,593428,3.0,SS,Confirmed,3.96,,,,,0.84,0.52,,,,,0.8266503208275235,0.8468849837056485,0.5454412180051653,0.5006759696748737,0.7061469265367316,0.6777264800481033,0.03149758083086934,0.029961462389183024,,,0.69,0.37,0.29,1.24,0.03,0.94,0.1,0.01,0.0,0.243,1.001763668430335,0.8956985766698483,0.1,,0.008,,0.0,,False,96.0,99.0,96.0,88.0,93.0,91.0,91.0,92.0,94.0,high,high,high,high,high,high,high,high,high,2026-07-11
hitter,SD,TOR,Manny Machado,592518,4.0,DH,Confirmed,3.96,,,,,1.19,0.19,,,,,1.1936814495105244,1.1868299044556385,0.1982533018425123,0.18361349385283848,0.801980198019802,0.8288443361307478,0.0611423083000678,0.040924843132161014,,,0.82,0.38,0.31,1.22,0.05,1.25,0.09,0.01,0.0,0.246,1.239368165249089,1.2634996008077375,0.092,,0.008,,0.0,,False,96.0,99.0,96.0,88.0,93.0,91.0,91.0,92.0,94.0,high,high,high,high,high,high,high,high,high,2026-07-11
hitter,SD,TOR,Gavin Sheets,657757,5.0,LF,Confirmed,3.48,,,,,0.95,0.14,,,,,0.9744589304445243,0.9256470773031338,0.14897710344606088,0.12108598052116117,0.7061469265367316,0.622199402958739,0.04279465407504049,0.021953958169009233,,,0.66,0.29,0.24,0.94,0.03,0.94,0.1,0.01,0.0,0.217,0.9875776397515532,0.9095109247836036,0.101,,0.007,,0.0,,False,96.0,99.0,96.0,88.0,93.0,91.0,91.0,92.0,94.0,high,high,high,high,high,high,high,high,high,2026-07-11
hitter,SD,TOR,Ty France,664034,6.0,1B,Confirmed,3.48,,,,,0.91,0.08,,,,,0.9054100856986564,0.9049151754889497,0.10546557554363402,0.06183791006331027,0.7715355805243446,0.6872755240800208,0.043068844928509896,0.038108462072923836,,,0.73,0.27,0.28,1.03,0.04,0.96,0.09,0.01,0.0,0.214,1.001763668430335,0.9318635550199765,0.087,,0.007,,0.0,,False,96.0,99.0,96.0,88.0,93.0,91.0,91.0,92.0,94.0,high,high,high,high,high,high,high,high,high,2026-07-11
hitter,SD,TOR,Jake Cronenworth,630105,7.0,2B,Confirmed,3.02,,,,,0.93,0.14,,,,,0.9492958734110223,0.9062509068429824,0.16399980949811957,0.12338895721376866,0.5846774193548387,0.5208235407023346,0.031193303540728447,0.01395890764143879,,,0.55,0.25,0.2,0.86,0.02,0.77,0.09,0.01,0.0,0.25,0.7899761336515513,0.7464412237911752,0.095,,0.007,,0.0,,False,96.0,99.0,96.0,88.0,93.0,91.0,91.0,92.0,94.0,high,high,high,high,high,high,high,high,high,2026-07-11
hitter,SD,TOR,Luis Campusano,669134,8.0,C,Confirmed,3.02,,,,,1.13,0.13,,,,,1.1873875591266354,1.0778081852366785,0.15067457038666845,0.10219358710369143,0.4803149606299212,0.42635158646163573,0.03423355197279404,0.035222452886710984,,,0.45,0.22,0.18,0.74,0.03,0.73,0.07,0.01,0.0,0.22,0.7899761336515513,0.6765281703658805,0.069,,0.007,,0.0,,False,96.0,99.0,96.0,88.0,93.0,91.0,91.0,92.0,94.0,high,high,high,high,high,high,high,high,high,2026-07-11
hitter,SD,TOR,Sung-Mun Song,823550,9.0,3B,Confirmed,2.77,,,,,0.8,0.13,,,,,0.82326153729637,0.7829262439719129,0.1364240811004655,0.11887532691041937,0.4125159642401022,0.394447217854233,0.030982625551230235,0.020964225814350673,,,0.4,0.22,0.17,0.74,0.03,0.63,0.08,0.01,0.0,0.238,0.6720588235294118,0.6007731840966505,0.08,,0.007,,0.0,,False,96.0,99.0,96.0,88.0,93.0,91.0,91.0,92.0,94.0,high,high,high,high,high,high,high,high,high,2026-07-11
hitter,TOR,SD,Ernie Clement,676391,1.0,SS,Confirmed,3.81,,,,,0.36,0.16,,,,,0.33508923649139966,0.37621968039508086,0.13335208774384183,0.18765621067259353,0.4125159642401022,0.46243899491482493,0.05945241559265097,0.06168974253487354,,,0.44,0.5,0.41,1.9,0.06,0.79,0.2,0.01,0.0,0.314,0.6720588235294118,0.8793924441571886,0.198,,0.011,,0.0,,False,96.0,99.0,96.0,88.0,93.0,91.0,91.0,92.0,94.0,high,high,high,high,high,high,high,high,high,2026-07-11
hitter,TOR,SD,Nathan Lukes,664770,2.0,RF,Confirmed,3.89,,,,,0.45,0.2,,,,,0.42555797588192457,0.477448655004979,0.19184937321082657,0.215454178411728,0.4125159642401022,0.5116854227366525,0.0692591916487594,0.056998799018808395,,,0.47,0.53,0.44,1.96,0.06,0.75,0.23,0.01,0.0,0.333,0.6720588235294118,0.8093305802537165,0.227,,0.01,,0.0,,False,96.0,99.0,96.0,88.0,93.0,91.0,91.0,92.0,94.0,high,high,high,high,high,high,high,high,high,2026-07-11
hitter,TOR,SD,Vladimir Guerrero Jr.,665489,3.0,1B,Confirmed,4.25,,,,,0.54,0.3,,,,,0.5177403715881443,0.5575421667652607,0.2655767575247785,0.3246428514417735,0.4125159642401022,0.5496338658286478,0.10290350899713971,0.10681476853183926,,,0.49,0.67,0.65,2.42,0.1,0.99,0.19,0.01,0.0,0.377,0.8408408408408409,1.1030771412691334,0.194,,0.007,,0.0,,False,96.0,99.0,96.0,88.0,93.0,91.0,91.0,92.0,94.0,high,high,high,high,high,high,high,high,high,2026-07-11
hitter,TOR,SD,George Springer,543807,4.0,DH,Confirmed,4.61,,,,,1.1,0.45,,,,,1.0958029357457442,1.105199925065118,0.4398415723905156,0.4538844424659782,0.8770949720670391,0.8951541597203386,0.03453235598796996,0.023264827205087955,,,0.89,0.64,0.6,2.34,0.03,1.22,0.23,0.01,0.0,0.341,1.239368165249089,1.2125822239878419,0.232,,0.011,,0.0,,False,96.0,99.0,96.0,88.0,93.0,91.0,91.0,92.0,94.0,high,high,high,high,high,high,high,high,high,2026-07-11
hitter,TOR,SD,Kazuma Okamoto,672960,5.0,3B,Confirmed,4.08,,,,,0.98,0.26,,,,,0.9018954954514103,1.0606939501240955,0.22618682935573403,0.28388598918794056,0.4125159642401022,0.46921469290924545,0.13424556334644364,0.17284232965951687,,,0.44,0.59,0.59,2.11,0.15,1.05,0.18,0.01,0.0,0.347,0.9875776397515532,1.0990497876935923,0.179,,0.01,,0.0,,False,96.0,99.0,96.0,88.0,93.0,91.0,91.0,92.0,94.0,high,high,high,high,high,high,high,high,high,2026-07-11
hitter,TOR,SD,Daulton Varsho,662139,6.0,CF,Confirmed,3.81,,,,,0.85,0.19,,,,,0.7859840932834947,0.9070284048036859,0.19467500161763143,0.19360769991384516,0.35424354243542433,0.36645610802446027,0.13020406528708633,0.128140212455622,,,0.36,0.52,0.61,1.99,0.13,0.86,0.15,0.01,0.0,0.359,0.7899761336515513,0.9106403021953257,0.151,,0.011,,0.0,,False,96.0,99.0,96.0,88.0,93.0,91.0,91.0,92.0,94.0,high,high,high,high,high,high,high,high,high,2026-07-11
hitter,TOR,SD,Alejandro Kirk,672386,7.0,C,Confirmed,3.93,,,,,0.46,0.25,,,,,0.4559017369807119,0.4631479411993409,0.23981311658980192,0.2670334247930506,0.4125159642401022,0.5125743903527238,0.09023937178736072,0.10410757815997235,,,0.47,0.47,0.45,1.81,0.1,0.85,0.19,0.01,0.0,0.329,0.7899761336515513,0.9042037531540239,0.193,,0.008,,0.0,,False,96.0,99.0,96.0,88.0,93.0,91.0,91.0,92.0,94.0,high,high,high,high,high,high,high,high,high,2026-07-11
hitter,TOR,SD,Andrés Giménez,665926,8.0,SS,Confirmed,3.48,,,,,0.57,0.18,,,,,0.5549362507018375,0.5814924769050915,0.17608251682018322,0.18334200497717662,0.35424354243542433,0.46524106870101894,0.054509998572372265,0.06058852212723949,,,0.42,0.41,0.39,1.67,0.06,0.72,0.19,0.01,0.0,0.327,0.6720588235294118,0.7551546120506348,0.192,,0.012,,0.0,,False,96.0,99.0,96.0,88.0,93.0,91.0,91.0,92.0,94.0,high,high,high,high,high,high,high,high,high,2026-07-11
hitter,TOR,SD,Jonatan Clase,682729,9.0,LF,Confirmed,3.33,,,,,1.0,0.05,,,,,0.9279658588420396,1.0650566051175594,0.06091892336430937,0.03834292988044501,0.3344051446945337,0.37105704549269564,0.020031587767870812,0.01106671048685597,,,0.35,0.38,0.35,1.53,0.02,0.54,0.15,0.01,0.0,0.315,0.44025157232704404,0.6291749130293179,0.151,,0.01,,0.0,,False,96.0,99.0,96.0,88.0,93.0,91.0,91.0,92.0,94.0,high,high,high,high,high,high,high,high,high,2026-07-11
hitter,LAD,AZ,Shohei Ohtani,660271,1.0,DH,Confirmed,4.45,,,,,0.82,0.33,,,,,0.8151739173514024,0.8194598865489973,0.3462045827884118,0.31178999074129704,1.607843137254902,1.410387224152993,0.4276130616874984,0.3265930316608118,,,1.5,0.47,0.36,1.72,0.38,3.01,0.21,0.01,0.0,0.269,3.5,2.600200384999549,0.209,,0.012,,0.0,,False,96.0,99.0,96.0,88.0,93.0,91.0,91.0,92.0,94.0,high,high,high,high,high,high,high,high,high,2026-07-11
hitter,LAD,AZ,Andy Pages,681624,2.0,CF,Confirmed,4.18,,,,,0.58,0.15,,,,,0.5803964324770293,0.5830010215052756,0.1597845176430761,0.13181119687823006,1.4947368421052631,1.2982170507007038,0.1609536334775229,0.14814278392051683,,,1.39,0.38,0.3,1.48,0.15,2.0,0.16,0.01,0.0,0.226,2.057017543859649,1.9589634953964223,0.163,,0.009,,0.0,,False,96.0,99.0,96.0,88.0,93.0,91.0,91.0,92.0,94.0,high,high,high,high,high,high,high,high,high,2026-07-11
hitter,LAD,AZ,Freddie Freeman,518692,3.0,1B,Confirmed,4.26,,,,,0.53,0.2,,,,,0.5440404496637073,0.5145522087023666,0.21020698013055095,0.19938407677510395,1.607843137254902,1.3469220174852208,0.18306604889076816,0.16191177600524403,,,1.46,0.47,0.41,1.88,0.17,2.25,0.17,0.01,0.0,0.274,2.456692913385827,2.085165679108418,0.175,,0.013,,0.0,,False,96.0,99.0,96.0,88.0,93.0,91.0,91.0,92.0,94.0,high,high,high,high,high,high,high,high,high,2026-07-11
hitter,LAD,AZ,Mookie Betts,605141,4.0,SS,Confirmed,4.25,,,,,0.31,0.16,,,,,0.33864527567184877,0.2769808919016038,0.17098411122524748,0.15734887194138603,1.607843137254902,1.3040906303376079,0.17812022391975416,0.15542175299951105,,,1.44,0.47,0.42,1.88,0.17,1.97,0.15,0.01,0.0,0.27,2.057017543859649,1.8924826060465714,0.15,,0.01,,0.0,,False,96.0,99.0,96.0,88.0,93.0,91.0,91.0,92.0,94.0,high,high,high,high,high,high,high,high,high,2026-07-11
hitter,LAD,AZ,Max Muncy,571970,5.0,3B,Confirmed,3.89,,,,,0.7,0.25,,,,,0.6790545416439528,0.7137366823906234,0.25724264755919185,0.24437322240570267,1.1391752577319587,1.0869167116881304,0.23287673640107565,0.18528877522973622,,,1.11,0.36,0.31,1.38,0.21,1.93,0.15,0.01,0.0,0.238,2.057017543859649,1.8275609972949056,0.151,,0.007,,0.0,,False,96.0,99.0,96.0,88.0,93.0,91.0,91.0,92.0,94.0,high,high,high,high,high,high,high,high,high,2026-07-11
hitter,LAD,AZ,Kyle Tucker,663656,6.0,RF,Confirmed,4.18,,,,,0.51,0.22,,,,,0.5424676118140322,0.4687050484056194,0.229269603340557,0.20753466772404547,1.5,1.2103035974308147,0.14092397986288108,0.13327751723688855,,,1.34,0.37,0.36,1.59,0.14,1.92,0.15,0.01,0.0,0.249,2.057017543859649,1.8078229641220418,0.155,,0.007,,0.0,,False,96.0,99.0,96.0,88.0,93.0,91.0,91.0,92.0,94.0,high,high,high,high,high,high,high,high,high,2026-07-11
hitter,LAD,AZ,Teoscar Hernández,606192,7.0,LF,Confirmed,4.08,,,,,0.73,0.13,,,,,0.6930731675147362,0.7587034940176087,0.1457528935062955,0.10654310462295918,1.607843137254902,1.350815031388687,0.19701632946939093,0.18526022321305669,,,1.47,0.4,0.36,1.76,0.19,2.24,0.21,0.01,0.0,0.275,2.456692913385827,2.0599096104127224,0.212,,0.007,,0.0,,False,96.0,99.0,96.0,88.0,93.0,91.0,91.0,92.0,94.0,high,high,high,high,high,high,high,high,high,2026-07-11
hitter,LAD,AZ,Dalton Rushing,687221,8.0,1B,Confirmed,3.81,,,,,0.79,0.17,,,,,0.7508269558015749,0.8282432417019431,0.1702985957300021,0.17659006332331145,1.4947368421052631,1.1235854386678008,0.17136300020012632,0.14290960990047433,,,1.29,0.3,0.26,1.26,0.16,1.83,0.16,0.01,0.0,0.223,1.914285714285714,1.7691986584457853,0.156,,0.011,,0.0,,False,96.0,99.0,96.0,88.0,93.0,91.0,91.0,92.0,94.0,high,high,high,high,high,high,high,high,high,2026-07-11
hitter,LAD,AZ,Tommy Edman,669242,9.0,2B,Confirmed,3.74,,,,,0.49,0.11,,,,,0.5057419527572579,0.47269564572701495,0.12942774775073973,0.0896984290361432,1.4947368421052631,1.067943149348401,0.11458180031804296,0.1076153788358106,,,1.26,0.31,0.28,1.35,0.11,1.83,0.16,0.01,0.0,0.233,2.057017543859649,1.6519992325184207,0.164,,0.007,,0.0,,False,96.0,99.0,96.0,88.0,93.0,91.0,91.0,92.0,94.0,high,high,high,high,high,high,high,high,high,2026-07-11
hitter,AZ,LAD,Ketel Marte,606466,1.0,2B,Confirmed,3.96,,,,,0.53,0.27,,,,,0.5589840278386784,0.5107640680719506,0.28564983098686847,0.25945407503130563,1.0980834272829765,1.0235970329647244,0.3362889726061528,0.32254883985398997,,,1.06,0.28,0.19,1.01,0.33,2.3,0.12,0.01,0.0,0.19,2.456692913385827,2.165280127722445,0.122,,0.01,,0.0,,False,96.0,99.0,96.0,88.0,93.0,91.0,91.0,92.0,94.0,high,high,high,high,high,high,high,high,high,2026-07-11
hitter,AZ,LAD,Geraldo Perdomo,672695,2.0,SS,Confirmed,3.89,,,,,0.43,0.37,,,,,0.4654370228055593,0.3936383012289979,0.39589287345732815,0.35042205574177504,1.0980834272829765,0.9237013464967561,0.18794533262913715,0.17971087893130874,,,1.0,0.31,0.19,1.03,0.18,1.77,0.11,0.01,0.0,0.221,1.914285714285714,1.6459627133304846,0.109,,0.01,,0.0,,False,96.0,99.0,96.0,88.0,93.0,91.0,91.0,92.0,94.0,high,high,high,high,high,high,high,high,high,2026-07-11
hitter,AZ,LAD,Corbin Carroll,682998,3.0,RF,Confirmed,3.81,,,,,0.9,0.29,,,,,0.9139323164332736,0.8862004213104859,0.3002121122299346,0.27640082921326664,1.0980834272829765,0.9190235007443552,0.331448064779955,0.3570575130553558,,,1.0,0.28,0.2,0.95,0.34,2.32,0.1,0.01,0.0,0.199,2.456692913385827,2.2043887748997504,0.102,,0.014,,0.0,,False,96.0,99.0,96.0,88.0,93.0,91.0,91.0,92.0,94.0,high,high,high,high,high,high,high,high,high,2026-07-11
hitter,AZ,LAD,Gabriel Moreno,672515,4.0,DH,Confirmed,3.58,,,,,0.59,0.28,,,,,0.6094115108893353,0.564991795734888,0.3014893922284396,0.25191660398759425,1.0980834272829765,0.88977362716784,0.18863120592050803,0.17609735182331343,,,0.98,0.27,0.19,0.95,0.18,1.69,0.1,0.01,0.0,0.209,1.914285714285714,1.5022475332126035,0.101,,0.008,,0.0,,False,96.0,99.0,96.0,88.0,93.0,91.0,91.0,92.0,94.0,high,high,high,high,high,high,high,high,high,2026-07-11
hitter,AZ,LAD,Max Kepler,596146,5.0,LF,Confirmed,3.02,,,,,0.67,0.17,,,,,0.7280441973823355,0.6117061437405692,0.18127917698693954,0.15833461158801765,0.7715355805243446,0.6304077191083839,0.23158375723999822,0.19385359236190397,,,0.69,0.2,0.15,0.7,0.21,1.49,0.08,0.01,0.0,0.178,1.684375,1.328554244746628,0.076,,0.008,,0.0,,False,96.0,99.0,96.0,88.0,93.0,91.0,91.0,92.0,94.0,high,high,high,high,high,high,high,high,high,2026-07-11
hitter,AZ,LAD,Tim Tawa,694374,6.0,1B,Confirmed,2.55,,,,,0.83,0.31,,,,,0.9229170867946141,0.7342761674676963,0.36642259498976015,0.252154210416102,0.4125159642401022,0.34079250579976295,0.027408843866840064,0.01004982467182716,,,0.37,0.14,0.11,0.51,0.02,0.59,0.06,0.01,0.0,0.177,0.6720588235294118,0.5166728381169082,0.064,,0.007,,0.0,,False,96.0,99.0,96.0,88.0,93.0,91.0,91.0,92.0,94.0,high,high,high,high,high,high,high,high,high,2026-07-11
hitter,AZ,LAD,Nolan Arenado,571448,7.0,3B,Confirmed,3.33,,,,,0.51,0.17,,,,,0.561821026413731,0.4628924805854781,0.1924162208491832,0.15335401704729304,0.994208494208494,0.8243191233428389,0.191722654834219,0.17885939603936807,,,0.9,0.2,0.15,0.76,0.19,1.65,0.09,0.01,0.0,0.179,1.914285714285714,1.4426645789560326,0.089,,0.008,,0.0,,False,96.0,99.0,96.0,88.0,93.0,91.0,91.0,92.0,94.0,high,high,high,high,high,high,high,high,high,2026-07-11
hitter,AZ,LAD,James McCann,543510,8.0,C,Confirmed,2.77,,,,,0.49,0.13,,,,,0.4480910885825,0.5259481366141627,0.15696159727120457,0.10467369070781114,0.801980198019802,0.6383794634619046,0.12664315458395087,0.09719509906526595,,,0.71,0.15,0.12,0.61,0.11,1.22,0.07,0.01,0.0,0.164,1.3893129770992367,1.087595777548358,0.069,,0.008,,0.0,,False,96.0,99.0,96.0,88.0,93.0,91.0,91.0,92.0,94.0,high,high,high,high,high,high,high,high,high,2026-07-11
hitter,AZ,LAD,Tommy Troy,694371,9.0,CF,Confirmed,3.1,,,,,0.72,0.16,,,,,0.7560641205499906,0.6747029591530711,0.1829586001730456,0.13047285837144315,0.801980198019802,0.6819443668166654,0.11660028843098866,0.1058628738205148,,,0.74,0.19,0.15,0.75,0.11,1.2,0.08,0.01,0.0,0.187,1.3148148148148149,1.1099822080628834,0.084,,0.009,,0.0,,False,96.0,99.0,96.0,88.0,93.0,91.0,91.0,92.0,94.0,high,high,high,high,high,high,high,high,high,2026-07-11
