player_type,team,opponent,player_name,mlb_id,lineup_spot,pos,lineup_status,proj_pa,proj_ip,proj_outs,proj_runs_allowed,proj_hits_allowed,proj_strikeouts,proj_walks,proj_hr_allowed,proj_er_model,proj_fip,proj_war_contribution,direct_K,rate_K,direct_BB,rate_BB,direct_H,rate_H,direct_HR,rate_HR,direct_R,rate_R,proj_hits,proj_runs,proj_rbi,proj_hrrbi,proj_hr,proj_tb,proj_2b,proj_3b,proj_sb,proj_woba,direct_TB,rate_TB,direct_2B,rate_2B,direct_3B,rate_3B,direct_SB,rate_SB,used_fallback,confidence_score,proj_pa_confidence_score,proj_hits_confidence_score,proj_hr_confidence_score,proj_strikeouts_confidence_score,proj_runs_confidence_score,proj_rbi_confidence_score,proj_hrrbi_confidence_score,proj_walks_confidence_score,confidence,proj_pa_confidence,proj_hits_confidence,proj_hr_confidence,proj_strikeouts_confidence,proj_runs_confidence,proj_rbi_confidence,proj_hrrbi_confidence,proj_walks_confidence,game_date
pitcher,DET,CWS,Troy Melton,675512,,,,,4.79,14.0,2.55,4.93,4.17,1.45,0.82,2.28,4.76,0.073,3.8412698412698414,4.497510524090055,1.3455882352941178,1.7468702410277968,4.879746835443039,5.152155509786922,0.7580645161290323,0.9510542321979162,2.28,,,,,,,,,,,,,,,,,,,,,,,,,,,,,,,,,,,,,,,2026-06-20
pitcher,CWS,DET,Sean Newcomb,656794,,,,,4.61,14.0,2.64,4.61,4.69,1.91,0.87,2.28,5.02,0.061,4.676567656765677,4.699471499826681,1.890295358649789,1.9646709666065398,4.525423728813561,4.95854632570307,0.869281045751634,0.8738622298145259,2.28,,,,,,,,,,,,,,,,,,,,,,,,,,,,,,,,,,,,,,,2026-06-20
pitcher,NYY,CIN,Will Warren,701542,,,,,4.79,14.0,2.57,4.65,4.78,1.93,0.72,2.28,4.65,0.073,4.676567656765677,4.882964964028157,1.890295358649789,2.041382631246275,4.525423728813561,5.152155509786922,0.6729206179044119,0.8243081650798851,2.28,,,,,,,,,,,,,,,,,,,,,,,,,,,,,,,,,,,,,,,2026-06-20
pitcher,CIN,NYY,Andrew Abbott,671096,,,,,4.79,14.0,2.63,5.11,3.97,1.92,0.55,2.43,4.43,0.057,3.8412698412698414,4.0935217530038726,1.890295358649789,2.026480650190615,5.093457943925234,5.152155509786922,0.547945205479452,0.5661210675823506,2.432,,,,,,,,,,,,,,,,,,,,,,,,,,,,,,,,,,,,,,,2026-06-20
pitcher,CHC,TOR,Colin Rea,607067,,,,,4.79,14.0,2.48,4.88,4.59,1.64,0.56,2.28,3.91,0.073,4.676567656765677,4.497510524090055,1.610062893081761,1.7468702410277968,4.879746835443039,4.858659276173211,0.547945205479452,0.59875,2.28,,,,,,,,,,,,,,,,,,,,,,,,,,,,,,,,,,,,,,,2026-06-20
pitcher,TOR,CHC,Patrick Corbin,571578,,,,,4.61,14.0,2.78,4.9,3.76,1.91,0.91,2.43,5.5,0.045,3.8412698412698414,3.681977809520944,1.890295358649789,1.9646709666065398,4.879746835443039,4.95854632570307,0.9130434782608695,0.91531524226146,2.432,,,,,,,,,,,,,,,,,,,,,,,,,,,,,,,,,,,,,,,2026-06-20
pitcher,TEX,SD,MacKenzie Gore,669022,,,,,5.13,15.0,2.42,4.58,5.19,1.96,0.73,2.21,4.23,0.105,4.676567656765677,5.709673390032388,1.890295358649789,2.18628244223244,4.486486486486487,4.9560229166039464,0.6666666666666666,0.8828185567557015,2.212,,,,,,,,,,,,,,,,,,,,,,,,,,,,,,,,,,,,,,,2026-06-20
pitcher,SD,TEX,Walker Buehler,621111,,,,,4.61,14.0,2.64,4.61,4.5,1.91,0.88,2.43,5.02,0.045,4.676567656765677,4.328501777882078,1.890295358649789,1.9646709666065398,4.525423728813561,4.95854632570307,0.869281045751634,0.91531524226146,2.432,,,,,,,,,,,,,,,,,,,,,,,,,,,,,,,,,,,,,,,2026-06-20
pitcher,WSH,TB,Cade Cavalli,676917,,,,,5.13,15.0,2.55,5.18,4.95,1.66,0.59,2.21,3.87,0.105,4.676567656765677,5.229563729742055,1.610062893081761,1.8006224971912148,5.093457943925234,5.51786174638975,0.547945205479452,0.6801790571227196,2.212,,,,,,,,,,,,,,,,,,,,,,,,,,,,,,,,,,,,,,,2026-06-20
pitcher,MIA,SF,Max Meyer,676974,,,,,5.21,16.0,2.52,5.02,5.75,1.9,0.48,2.21,3.47,0.111,5.708333333333333,5.798713131007553,1.890295358649789,1.9257240242627596,4.879746835443039,5.60391027264924,0.4827586206896552,0.47907389125280486,2.212,,,,,,,,,,,,,,,,,,,,,,,,,,,,,,,,,,,,,,,2026-06-20
pitcher,SF,MIA,Trevor McDonald,686790,,,,,4.79,14.0,2.6,4.93,4.78,1.63,0.8,2.21,4.48,0.081,4.676567656765677,4.882964964028157,1.610062893081761,1.6812829944533958,4.879746835443039,5.152155509786922,0.7948717948717948,0.8243081650798851,2.212,,,,,,,,,,,,,,,,,,,,,,,,,,,,,,,,,,,,,,,2026-06-20
pitcher,ATL,MIL,Chris Sale,519242,,,,,5.72,17.0,2.44,5.18,6.64,1.34,0.54,1.79,2.94,0.201,6.649122807017544,6.621867948632451,1.2772277227722773,1.5314703193778303,5.093457943925234,5.5260138563303265,0.5409836065573771,0.5259697999934825,1.789,,,,,,,,,,,,,,,,,,,,,,,,,,,,,,,,,,,,,,,2026-06-20
pitcher,MIL,ATL,Kyle Harrison,690986,,,,,4.79,14.0,2.37,4.39,5.78,1.76,0.78,2.21,3.92,0.081,6.017094017094017,5.545235572368783,1.6681402934227683,2.026480650190615,4.326530612244898,4.62755356150739,0.7580645161290323,0.8243081650798851,2.212,,,,,,,,,,,,,,,,,,,,,,,,,,,,,,,,,,,,,,,2026-06-20
pitcher,HOU,CLE,Spencer Arrighetti,681293,,,,,5.13,15.0,2.56,4.94,4.75,1.96,0.57,2.21,4.03,0.105,4.676567656765677,4.816749266927345,1.890295358649789,2.18628244223244,4.879746835443039,5.203532794732478,0.547945205479452,0.6063050264504087,2.212,,,,,,,,,,,,,,,,,,,,,,,,,,,,,,,,,,,,,,,2026-06-20
pitcher,CLE,HOU,Joey Cantillo,676282,,,,,4.61,14.0,2.42,4.36,4.5,2.0,0.68,2.21,4.33,0.069,4.676567656765677,4.328501777882078,1.890295358649789,2.3178432489536314,4.326530612244898,4.474266541055382,0.625,0.7933320753691587,2.212,,,,,,,,,,,,,,,,,,,,,,,,,,,,,,,,,,,,,,,2026-06-20
pitcher,PHI,NYM,Cristopher Sánchez,650911,,,,,5.59,17.0,2.52,5.15,6.55,1.33,0.5,2.21,2.93,0.138,6.649122807017544,6.4433064466990215,1.2772277227722773,1.496664175755607,5.093457943925234,5.400422632322819,0.5,0.5140159409027215,2.212,,,,,,,,,,,,,,,,,,,,,,,,,,,,,,,,,,,,,,,2026-06-20
pitcher,NYM,PHI,Freddy Peralta,642547,,,,,5.21,16.0,2.56,4.96,5.91,1.95,0.56,2.28,3.49,0.103,6.017094017094017,5.798713131007553,1.890295358649789,2.132661768075283,4.879746835443039,5.2846795049817175,0.5409836065573771,0.6157600755958343,2.28,,,,,,,,,,,,,,,,,,,,,,,,,,,,,,,,,,,,,,,2026-06-20
pitcher,COL,PIT,Tomoyuki Sugano,608372,,,,,4.79,14.0,3.03,5.83,3.74,1.43,1.14,5.0,5.78,-0.175,3.6538461538461537,3.8257426697625427,1.3455882352941178,1.6812829944533958,5.68,6.419312397160026,1.1428571428571428,1.1249553141128723,5.0,,,,,,,,,,,,,,,,,,,,,,,,,,,,,,,,,,,,,,,2026-06-20
pitcher,PIT,COL,Paul Skenes,694973,,,,,5.59,17.0,2.24,4.81,6.72,1.33,0.53,2.21,2.8,0.138,6.649122807017544,6.78431677556018,1.2772277227722773,1.496664175755607,4.666666666666667,5.400422632322819,0.5409836065573771,0.5140159409027215,2.212,,,,,,,,,,,,,,,,,,,,,,,,,,,,,,,,,,,,,,,2026-06-20
pitcher,ATH,LAA,J.T. Ginn,669372,,,,,4.79,14.0,2.44,4.65,4.78,1.93,0.55,2.28,4.06,0.073,4.676567656765677,4.882964964028157,1.890295358649789,2.041382631246275,4.525423728813561,5.152155509786922,0.5409836065573771,0.5661210675823506,2.28,,,,,,,,,,,,,,,,,,,,,,,,,,,,,,,,,,,,,,,2026-06-20
pitcher,LAA,ATH,Walbert Ureña,700712,,,,,5.13,15.0,2.56,4.58,4.95,2.39,0.56,2.21,4.28,0.105,4.676567656765677,5.229563729742055,2.3333333333333335,2.579291945147967,4.486486486486487,4.9560229166039464,0.5409836065573771,0.6063050264504087,2.212,,,,,,,,,,,,,,,,,,,,,,,,,,,,,,,,,,,,,,,2026-06-20
pitcher,LAD,BAL,Yoshinobu Yamamoto,808967,,,,,5.59,17.0,2.47,4.98,6.44,1.72,0.53,2.21,3.11,0.138,6.649122807017544,6.22165190063958,1.610062893081761,2.038623099654568,4.879746835443039,5.400422632322819,0.5409836065573771,0.5140159409027215,2.212,,,,,,,,,,,,,,,,,,,,,,,,,,,,,,,,,,,,,,,2026-06-20
pitcher,BAL,LAD,Trevor Rogers,669432,,,,,4.79,14.0,2.35,4.39,4.59,1.72,0.55,2.28,4.03,0.073,4.676567656765677,4.497510524090055,1.610062893081761,2.041382631246275,4.326530612244898,4.62755356150739,0.5409836065573771,0.5661210675823506,2.28,,,,,,,,,,,,,,,,,,,,,,,,,,,,,,,,,,,,,,,2026-06-20
pitcher,SEA,BOS,Emerson Hancock,676106,,,,,4.79,14.0,2.6,4.93,4.31,1.64,0.68,2.43,4.18,0.057,4.5344827586206895,4.0935217530038726,1.610062893081761,1.7468702410277968,4.879746835443039,5.152155509786922,0.625,0.8243081650798851,2.432,,,,,,,,,,,,,,,,,,,,,,,,,,,,,,,,,,,,,,,2026-06-20
pitcher,BOS,SEA,Connelly Early,813349,,,,,5.21,16.0,2.4,4.96,5.91,1.66,0.56,1.79,3.33,0.162,6.017094017094017,5.798713131007553,1.610062893081761,1.8287023801883489,4.879746835443039,5.2846795049817175,0.5409836065573771,0.6157600755958343,1.789,,,,,,,,,,,,,,,,,,,,,,,,,,,,,,,,,,,,,,,2026-06-20
pitcher,AZ,MIN,Zac Gallen,668678,,,,,4.79,14.0,2.68,4.71,4.78,1.93,0.92,2.28,4.96,0.073,4.676567656765677,4.882964964028157,1.890295358649789,2.041382631246275,4.666666666666667,4.858659276173211,0.9130434782608695,0.9510542321979162,2.28,,,,,,,,,,,,,,,,,,,,,,,,,,,,,,,,,,,,,,,2026-06-20
pitcher,MIN,AZ,Taj Bradley,671737,,,,,4.79,14.0,2.52,4.59,4.59,2.13,0.55,2.21,4.23,0.081,4.676567656765677,4.497510524090055,2.163265306122449,2.041382631246275,4.525423728813561,4.858659276173211,0.5409836065573771,0.5661210675823506,2.212,,,,,,,,,,,,,,,,,,,,,,,,,,,,,,,,,,,,,,,2026-06-20
hitter,DET,CWS,Kevin McGonigle,805808,1.0,3B,Confirmed,4.93,,,,,0.88,0.42,,,,,0.7978033232346994,0.9698350136180324,0.43706145074465574,0.409356420965019,1.0980834272829765,1.1128146682732234,0.31132640975596854,0.44818977939353477,,,1.11,0.65,0.46,2.21,0.38,2.53,0.25,0.01,0.0,0.347,2.057017543859649,2.924357729787359,0.254,,0.014,,0.0,,False,96.0,99.0,96.0,88.0,93.0,91.0,91.0,92.0,94.0,high,high,high,high,high,high,high,high,high,2026-06-20
hitter,DET,CWS,Dillon Dingler,693307,2.0,DH,Confirmed,4.64,,,,,1.38,0.27,,,,,1.272299348584247,1.4939385963762504,0.25374653030750544,0.28926188935722413,0.994208494208494,1.1825540852295036,0.2956600734862684,0.39709182154654526,,,1.1,0.6,0.48,2.23,0.35,2.25,0.2,0.01,0.0,0.318,2.057017543859649,2.4129186781553797,0.202,,0.014,,0.0,,False,96.0,99.0,96.0,88.0,93.0,91.0,91.0,92.0,94.0,high,high,high,high,high,high,high,high,high,2026-06-20
hitter,DET,CWS,Matt Vierling,663837,3.0,RF,Confirmed,4.04,,,,,0.85,0.2,,,,,0.747991353668376,0.9460637445013337,0.19070946711486403,0.21127501278977306,0.801980198019802,0.9274841403383242,0.1714990530193647,0.19372626776309013,,,0.87,0.56,0.51,2.17,0.18,1.55,0.2,0.01,0.0,0.34,1.5956790123456794,1.5079977705043017,0.2,,0.013,,0.0,,False,96.0,99.0,96.0,88.0,93.0,91.0,91.0,92.0,94.0,high,high,high,high,high,high,high,high,high,2026-06-20
hitter,DET,CWS,Riley Greene,682985,4.0,LF,Confirmed,4.74,,,,,1.64,0.35,,,,,1.5229982383043303,1.7535682746139167,0.3301269793891676,0.3675519456469915,0.994208494208494,1.1211564956774231,0.3747221436538382,0.48663951181918974,,,1.06,0.67,0.61,2.42,0.43,2.73,0.27,0.01,0.0,0.357,2.456692913385827,2.95818678989592,0.267,,0.014,,0.0,,False,96.0,99.0,96.0,88.0,93.0,91.0,91.0,92.0,94.0,high,high,high,high,high,high,high,high,high,2026-06-20
hitter,DET,CWS,Spencer Torkelson,679529,5.0,1B,Confirmed,4.57,,,,,1.55,0.33,,,,,1.4442971874656827,1.6467941874223504,0.30830483914692497,0.3600124454584677,0.8694581280788177,0.9368579825114833,0.38507403933174583,0.49309195758823987,,,0.91,0.63,0.56,2.29,0.44,2.74,0.23,0.01,0.0,0.347,2.552380952380952,2.8952203860170047,0.233,,0.013,,0.0,,False,96.0,99.0,96.0,88.0,93.0,91.0,91.0,92.0,94.0,high,high,high,high,high,high,high,high,high,2026-06-20
hitter,DET,CWS,Kerry Carpenter,681481,6.0,RF,Confirmed,3.81,,,,,1.25,0.27,,,,,1.2089168840329187,1.2811329301303251,0.27248757436917725,0.274186258130371,0.7715355805243446,0.761127278991995,0.37827842643943815,0.4002776301471125,,,0.77,0.51,0.54,2.04,0.39,1.98,0.18,0.01,0.0,0.367,1.914285714285714,2.0264357282484853,0.18,,0.014,,0.0,,False,96.0,99.0,96.0,88.0,93.0,91.0,91.0,92.0,94.0,high,high,high,high,high,high,high,high,high,2026-06-20
hitter,DET,CWS,Hao-Yu Lee,701678,7.0,2B,Confirmed,3.33,,,,,1.02,0.15,,,,,0.840385405527376,1.2007239769081919,0.15380898836377996,0.15077681373869456,0.7061469265367316,0.6047950660615439,0.17291473166742188,0.18246606415482683,,,0.65,0.39,0.36,1.62,0.18,1.27,0.15,0.01,0.0,0.332,1.3148148148148149,1.2270510807596127,0.155,,0.01,,0.0,,False,96.0,99.0,96.0,88.0,93.0,91.0,91.0,92.0,94.0,high,high,high,high,high,high,high,high,high,2026-06-20
hitter,DET,CWS,Jake Rogers,668670,8.0,C,Confirmed,3.33,,,,,0.85,0.09,,,,,0.792635028459523,0.9086314036407737,0.0903190799164431,0.0914548923442102,0.2543859649122807,0.2591255071158895,0.09846562781179091,0.08610171953592011,,,0.26,0.38,0.33,1.48,0.09,0.61,0.15,0.01,0.0,0.325,0.5302013422818792,0.6678461289210312,0.154,,0.009,,0.0,,False,96.0,99.0,96.0,88.0,93.0,91.0,91.0,92.0,94.0,high,high,high,high,high,high,high,high,high,2026-06-20
hitter,DET,CWS,Zach McKinstry,656716,9.0,SS,Confirmed,3.54,,,,,0.93,0.39,,,,,0.8570602542277875,0.9969388074649416,0.40205041506282335,0.3788887992721031,0.4803149606299212,0.49816089663905083,0.02935598547030141,0.02625260950843413,,,0.49,0.42,0.35,1.66,0.03,0.68,0.19,0.03,0.0,0.348,0.6720588235294118,0.6866060315699763,0.193,,0.028,,0.0,,False,96.0,99.0,96.0,88.0,93.0,91.0,91.0,92.0,94.0,high,high,high,high,high,high,high,high,high,2026-06-20
hitter,CWS,DET,Sam Antonacci,803011,1.0,2B,Confirmed,4.48,,,,,0.94,0.23,,,,,0.8790463425694905,1.0033314546184144,0.20504893889675707,0.24558270353080128,1.0980834272829765,1.1764782487915841,0.17393719645106634,0.16945966714804728,,,1.14,0.77,0.66,2.93,0.17,1.86,0.18,0.01,0.0,0.401,1.914285714285714,1.8112780577198095,0.182,,0.01,,0.0,,False,96.0,99.0,96.0,88.0,93.0,91.0,91.0,92.0,94.0,high,high,high,high,high,high,high,high,high,2026-06-20
hitter,CWS,DET,Miguel Vargas,678246,2.0,1B,Confirmed,4.48,,,,,0.98,0.25,,,,,0.9622455230427976,0.9994363688276142,0.26411959924934264,0.24165095310430704,0.994208494208494,1.0471709432435692,0.2670089675367333,0.27584780930047526,,,1.02,0.72,0.65,2.47,0.27,1.94,0.16,0.01,0.0,0.371,1.914285714285714,1.9686156747847023,0.161,,0.007,,0.0,,False,96.0,99.0,96.0,88.0,93.0,91.0,91.0,92.0,94.0,high,high,high,high,high,high,high,high,high,2026-06-20
hitter,CWS,DET,Andrew Benintendi,643217,3.0,DH,Confirmed,3.33,,,,,0.93,0.15,,,,,0.9570140710110563,0.9109554158773924,0.16631141166534913,0.126092768644732,0.7715355805243446,0.6379326007433808,0.1660716328934678,0.16630681445777978,,,0.7,0.56,0.57,2.02,0.17,1.32,0.15,0.01,0.0,0.39,1.3893129770992367,1.256383886985857,0.154,,0.008,,0.0,,False,96.0,99.0,96.0,88.0,93.0,91.0,91.0,92.0,94.0,high,high,high,high,high,high,high,high,high,2026-06-20
hitter,CWS,DET,Colson Montgomery,695657,4.0,3B,Confirmed,4.51,,,,,1.56,0.29,,,,,1.5235856325277009,1.5946481623121902,0.27732182881746303,0.2991272308554426,0.994208494208494,0.9392102519931699,0.3447969680286286,0.35416822071365933,,,0.96,0.81,0.84,2.78,0.35,2.04,0.16,0.01,0.0,0.412,2.057017543859649,2.028895444342706,0.163,,0.007,,0.0,,False,96.0,99.0,96.0,88.0,93.0,91.0,91.0,92.0,94.0,high,high,high,high,high,high,high,high,high,2026-06-20
hitter,CWS,DET,Randal Grichuk,545341,5.0,LF,Confirmed,3.48,,,,,1.0,0.15,,,,,0.8993377217724682,1.096448849653381,0.1542646005237334,0.14949345848546874,0.801980198019802,0.7274500463497376,0.17829158947365445,0.14832542475625848,,,0.76,0.51,0.52,1.84,0.16,1.35,0.14,0.01,0.0,0.343,1.3148148148148149,1.3724752323768155,0.14,,0.007,,0.0,,False,96.0,99.0,96.0,88.0,93.0,91.0,91.0,92.0,94.0,high,high,high,high,high,high,high,high,high,2026-06-20
hitter,CWS,DET,Jacob Gonzalez,694378,6.0,1B,Confirmed,4.04,,,,,1.39,0.23,,,,,1.2481028197373951,1.5223322487638504,0.20585690466724915,0.25858079063592654,0.4803149606299212,0.5813960389459213,0.10336362875818667,0.10721583146385064,,,0.54,0.47,0.53,2.0,0.11,1.03,0.15,0.01,0.0,0.314,1.001763668430335,1.0561219222246059,0.154,,0.008,,0.0,,False,96.0,99.0,96.0,88.0,93.0,91.0,91.0,92.0,94.0,high,high,high,high,high,high,high,high,high,2026-06-20
hitter,CWS,DET,Braden Montgomery,695731,7.0,RF,Confirmed,3.96,,,,,1.37,0.15,,,,,1.3556885086242874,1.3792551723773538,0.14260102047792886,0.14770864561467753,0.8770949720670391,0.9047222546036046,0.266079008061764,0.2645247010815765,,,0.89,0.63,0.67,2.4,0.27,1.78,0.18,0.01,0.0,0.416,1.914285714285714,1.6756613445412063,0.181,,0.008,,0.0,,False,96.0,99.0,96.0,88.0,93.0,91.0,91.0,92.0,94.0,high,high,high,high,high,high,high,high,high,2026-06-20
hitter,CWS,DET,Tristan Peters,671976,8.0,CF,Confirmed,4.18,,,,,0.92,0.17,,,,,0.8541731106952611,0.9943531804610855,0.16375882382421456,0.16848036512060877,0.994208494208494,0.955527904709538,0.10924320570965756,0.12133831849287215,,,0.97,0.49,0.48,2.07,0.12,1.38,0.13,0.01,0.0,0.316,1.327840079862411,1.427686604822588,0.133,,0.01,,0.0,,False,96.0,99.0,96.0,88.0,93.0,91.0,91.0,92.0,94.0,high,high,high,high,high,high,high,high,high,2026-06-20
hitter,CWS,DET,Drew Romo,691011,9.0,C,Confirmed,4.18,,,,,1.23,0.38,,,,,1.1270407052667337,1.3369988705833755,0.34944227403251926,0.40637189190350204,0.4803149606299212,0.5047147024883207,0.13364632095839482,0.14979723560002156,,,0.49,0.57,0.59,2.15,0.14,1.12,0.16,0.01,0.0,0.36,1.1238670694864048,1.1081719093510263,0.162,,0.007,,0.0,,False,96.0,99.0,96.0,88.0,93.0,91.0,91.0,92.0,94.0,high,high,high,high,high,high,high,high,high,2026-06-20
hitter,NYY,CIN,Ben Rice,700250,1.0,1B,Confirmed,4.61,,,,,0.95,0.54,,,,,0.9336013268919087,0.9567898895603308,0.5266687666252993,0.5629458309080593,1.0980834272829765,1.1755194608578559,0.2817670120026762,0.3283489620489426,,,1.14,0.57,0.4,1.85,0.31,2.36,0.17,0.01,0.0,0.32,2.456692913385827,2.2787166814873583,0.171,,0.009,,0.0,,False,96.0,99.0,96.0,88.0,93.0,91.0,91.0,92.0,94.0,high,high,high,high,high,high,high,high,high,2026-06-20
hitter,NYY,CIN,Amed Rosario,642708,2.0,3B,Confirmed,2.26,,,,,0.41,0.08,,,,,0.4502561764647185,0.3748273600930693,0.10585250075231624,0.047356960651911535,0.4803149606299212,0.36981974454407673,0.0683008944667031,0.04429458545130778,,,0.42,0.22,0.16,0.73,0.06,0.68,0.08,0.01,0.0,0.244,0.8408408408408409,0.5543107326504861,0.083,,0.007,,0.0,,False,96.0,99.0,96.0,88.0,93.0,91.0,91.0,92.0,94.0,high,high,high,high,high,high,high,high,high,2026-06-20
hitter,NYY,CIN,Paul Goldschmidt,502671,3.0,DH,Confirmed,4.18,,,,,0.8,0.36,,,,,0.815392587450766,0.7831933658285021,0.3577263000694203,0.3631334614611348,0.994208494208494,0.9390800575430942,0.22215538969034157,0.2295279328726801,,,0.96,0.47,0.41,1.65,0.23,1.76,0.11,0.01,0.0,0.284,1.914285714285714,1.6408449988960283,0.112,,0.008,,0.0,,False,96.0,99.0,96.0,88.0,93.0,91.0,91.0,92.0,94.0,high,high,high,high,high,high,high,high,high,2026-06-20
hitter,NYY,CIN,Cody Bellinger,641355,4.0,LF,Confirmed,4.64,,,,,0.65,0.57,,,,,0.6471423541822554,0.6443902584011904,0.5584240084381982,0.5868066459471915,1.0980834272829765,1.1293057362262664,0.23486194063719015,0.25325284939419324,,,1.12,0.57,0.45,1.91,0.24,2.12,0.15,0.01,0.0,0.317,2.057017543859649,2.177971517591911,0.153,,0.012,,0.0,,False,96.0,99.0,96.0,88.0,93.0,91.0,91.0,92.0,94.0,high,high,high,high,high,high,high,high,high,2026-06-20
hitter,NYY,CIN,Jasson Domínguez,691176,5.0,RF,Confirmed,4.18,,,,,0.95,0.4,,,,,0.9129419852604808,0.983292220576235,0.3860992356857389,0.4229678554319991,0.8770949720670391,0.8443796066928368,0.19719305226880512,0.19562814038576432,,,0.86,0.44,0.36,1.5,0.2,1.63,0.14,0.01,0.0,0.273,1.5956790123456794,1.6601550245317598,0.145,,0.012,,0.0,,False,96.0,99.0,96.0,88.0,93.0,91.0,91.0,92.0,94.0,high,high,high,high,high,high,high,high,high,2026-06-20
hitter,NYY,CIN,José Caballero,676609,6.0,3B,Confirmed,3.78,,,,,0.96,0.21,,,,,0.8144294868941204,1.1103226072459786,0.20896369774452436,0.2123482840504577,0.5846774193548387,0.5606772605652848,0.04785635268618214,0.07081554317241424,,,0.57,0.33,0.28,1.26,0.06,0.84,0.12,0.01,0.0,0.264,0.7899761336515513,0.882445987563975,0.125,,0.008,,0.0,,False,96.0,99.0,96.0,88.0,93.0,91.0,91.0,92.0,94.0,high,high,high,high,high,high,high,high,high,2026-06-20
hitter,NYY,CIN,Jazz Chisholm Jr.,665862,7.0,2B,Confirmed,4.18,,,,,1.1,0.52,,,,,1.0949219078853183,1.100576662122213,0.5412763780183365,0.5042468167193714,0.8770949720670391,0.8593005082513153,0.29627910055329415,0.3233715563725448,,,0.87,0.44,0.36,1.52,0.31,1.94,0.12,0.01,0.0,0.315,1.914285714285714,1.9690165321310102,0.123,,0.007,,0.0,,False,96.0,99.0,96.0,88.0,93.0,91.0,91.0,92.0,94.0,high,high,high,high,high,high,high,high,high,2026-06-20
hitter,NYY,CIN,Anthony Volpe,683011,8.0,SS,Confirmed,3.74,,,,,0.94,0.36,,,,,0.9343998377337066,0.9394985468279109,0.3731245104871814,0.35127590055444335,0.7715355805243446,0.7330160916665273,0.25143253751600353,0.22043055520038468,,,0.75,0.4,0.34,1.44,0.24,1.58,0.12,0.01,0.0,0.307,1.684375,1.489095416339944,0.115,,0.007,,0.0,,False,96.0,99.0,96.0,88.0,93.0,91.0,91.0,92.0,94.0,high,high,high,high,high,high,high,high,high,2026-06-20
hitter,NYY,CIN,Ali Sánchez,645305,9.0,C,Confirmed,3.48,,,,,0.74,0.16,,,,,0.6648303214475267,0.8126337917534149,0.16303695590350534,0.1598760071699874,0.801980198019802,0.6895566443502616,0.07089021432781281,0.06567321715755646,,,0.74,0.27,0.22,1.02,0.07,1.01,0.13,0.01,0.0,0.233,1.1238670694864048,0.9234374967293537,0.126,,0.008,,0.0,,False,96.0,99.0,96.0,88.0,93.0,91.0,91.0,92.0,94.0,high,high,high,high,high,high,high,high,high,2026-06-20
hitter,CIN,NYY,Blake Dunn,694362,1.0,CF,Confirmed,4.57,,,,,1.62,0.13,,,,,1.4376202911661016,1.8009172236480697,0.12147015766395555,0.12908241407276463,0.7061469265367316,0.7403445699966643,0.02444072597183558,0.030131922459279016,,,0.72,0.54,0.37,2.01,0.03,1.03,0.26,0.01,0.0,0.308,0.9875776397515532,1.0685775770065142,0.264,,0.011,,0.0,,False,96.0,99.0,96.0,88.0,93.0,91.0,91.0,92.0,94.0,high,high,high,high,high,high,high,high,high,2026-06-20
hitter,CIN,NYY,JJ Bleday,668709,2.0,LF,Confirmed,4.74,,,,,1.75,0.17,,,,,1.5863544243589571,1.919944058523537,0.17733264288144898,0.1722389693175745,0.7061469265367316,0.7493534587885345,0.03748679069556201,0.03650754567490356,,,0.73,0.58,0.4,2.07,0.04,1.03,0.19,0.01,0.0,0.319,0.9875776397515532,1.060855574053612,0.192,,0.009,,0.0,,False,96.0,99.0,96.0,88.0,93.0,91.0,91.0,92.0,94.0,high,high,high,high,high,high,high,high,high,2026-06-20
hitter,CIN,NYY,Sal Stewart,701398,3.0,3B,Confirmed,4.93,,,,,1.89,0.22,,,,,1.7474447828703954,2.029603784425717,0.20679297226415316,0.23605435450861567,0.707983193277311,0.8422740412618284,0.041267444603454155,0.03739285886412629,,,0.78,0.62,0.48,2.27,0.04,1.2,0.33,0.01,0.0,0.339,1.1521739130434783,1.239595015936552,0.332,,0.01,,0.0,,False,96.0,99.0,96.0,88.0,93.0,91.0,91.0,92.0,94.0,high,high,high,high,high,high,high,high,high,2026-06-20
hitter,CIN,NYY,Nathaniel Lowe,663993,4.0,DH,Confirmed,3.54,,,,,1.51,0.11,,,,,1.4918380347808509,1.5350165482963445,0.13250598136177502,0.09350939729903676,0.4125159642401022,0.47673713361563586,0.031765323761984494,0.028697387427105186,,,0.45,0.5,0.4,1.89,0.03,0.7,0.18,0.01,0.0,0.358,0.6720588235294118,0.7289441299349658,0.177,,0.008,,0.0,,False,96.0,99.0,96.0,88.0,93.0,91.0,91.0,92.0,94.0,high,high,high,high,high,high,high,high,high,2026-06-20
hitter,CIN,NYY,Spencer Steer,668715,5.0,1B,Confirmed,4.26,,,,,1.61,0.12,,,,,1.4883885695036911,1.7291228813649597,0.13049149772299268,0.10873267223800905,0.6434108527131783,0.6699104640042166,0.025243991231579967,0.02164182675544378,,,0.66,0.56,0.43,2.09,0.02,0.87,0.27,0.01,0.0,0.347,0.8408408408408409,0.8995036579865934,0.268,,0.014,,0.0,,False,96.0,99.0,96.0,88.0,93.0,91.0,91.0,92.0,94.0,high,high,high,high,high,high,high,high,high,2026-06-20
hitter,CIN,NYY,Noelvi Marte,682622,6.0,RF,Confirmed,4.18,,,,,1.3,0.11,,,,,1.2337871325995518,1.356974748714749,0.11004988131108864,0.10271982362489622,0.4125159642401022,0.546064769435335,0.026874112196041935,0.013578201996861742,,,0.49,0.46,0.45,2.0,0.02,0.68,0.27,0.01,0.0,0.321,0.6289308176100628,0.7289847228666583,0.272,,0.01,,0.0,,False,96.0,99.0,96.0,88.0,93.0,91.0,91.0,92.0,94.0,high,high,high,high,high,high,high,high,high,2026-06-20
hitter,CIN,NYY,Matt McLain,680574,7.0,SS,Confirmed,3.96,,,,,1.74,0.13,,,,,1.6877240427579894,1.7990969375462882,0.1294507145361391,0.12365087479349271,0.4803149606299212,0.5147257983588753,0.030078512465276295,0.025625644239348752,,,0.5,0.45,0.36,1.8,0.03,0.77,0.19,0.01,0.0,0.336,0.6720588235294118,0.8540905439114329,0.194,,0.01,,0.0,,False,96.0,99.0,96.0,88.0,93.0,91.0,91.0,92.0,94.0,high,high,high,high,high,high,high,high,high,2026-06-20
hitter,CIN,NYY,Jose Trevino,624431,8.0,C,Confirmed,3.1,,,,,0.61,0.1,,,,,0.5788342583651461,0.6377676196299241,0.10205696902952174,0.0891293779385158,0.35424354243542433,0.40874618596649287,0.016947396496326435,0.016202942373196274,,,0.38,0.36,0.3,1.53,0.02,0.49,0.18,0.01,0.0,0.335,0.4591194968553459,0.518503497441939,0.182,,0.009,,0.0,,False,96.0,99.0,96.0,88.0,93.0,91.0,91.0,92.0,94.0,high,high,high,high,high,high,high,high,high,2026-06-20
hitter,CIN,NYY,Edwin Arroyo,695490,9.0,2B,Confirmed,4.18,,,,,1.58,0.1,,,,,1.3757001551341168,1.785026091852124,0.11088800340537645,0.09047767752970363,0.707983193277311,0.8500234797927273,0.030079981066614563,0.04128834315962972,,,0.79,0.47,0.4,2.01,0.04,1.05,0.26,0.01,0.0,0.332,1.001763668430335,1.0916632625949698,0.26,,0.009,,0.0,,False,96.0,99.0,96.0,88.0,93.0,91.0,91.0,92.0,94.0,high,high,high,high,high,high,high,high,high,2026-06-20
hitter,CHC,TOR,Pete Crow-Armstrong,691718,1.0,CF,Confirmed,4.74,,,,,1.16,0.61,,,,,1.2069391415203001,1.1068841006205532,0.6319284361151655,0.5861977689866263,1.4947368421052631,1.2220622112114046,0.1725919311041939,0.21613247815182526,,,1.34,0.55,0.43,2.16,0.19,2.13,0.22,0.02,0.0,0.289,2.057017543859649,2.186963108415327,0.219,,0.018,,0.0,,False,96.0,99.0,96.0,88.0,93.0,91.0,91.0,92.0,94.0,high,high,high,high,high,high,high,high,high,2026-06-20
hitter,CHC,TOR,Nico Hoerner,663538,2.0,2B,Confirmed,4.68,,,,,0.42,0.44,,,,,0.39666257888394363,0.43886677260815554,0.4321269401335118,0.44577718662154536,1.607843137254902,1.4778227688783727,0.10535194258359079,0.07895504877012204,,,1.54,0.69,0.54,2.84,0.09,1.97,0.25,0.02,0.0,0.355,2.057017543859649,1.8951552489389047,0.246,,0.024,,0.0,,False,96.0,99.0,96.0,88.0,93.0,91.0,91.0,92.0,94.0,high,high,high,high,high,high,high,high,high,2026-06-20
hitter,CHC,TOR,Seiya Suzuki,673548,3.0,DH,Confirmed,4.61,,,,,1.15,0.75,,,,,1.1845333589269305,1.109263718639663,0.7467419351092086,0.7484423523061641,1.1702127659574468,1.1590903939537913,0.20481474181094436,0.2420256130515108,,,1.16,0.53,0.47,2.14,0.22,2.08,0.23,0.01,0.0,0.289,2.057017543859649,2.1003355682874125,0.228,,0.009,,0.0,,False,96.0,99.0,96.0,88.0,93.0,91.0,91.0,92.0,94.0,high,high,high,high,high,high,high,high,high,2026-06-20
hitter,CHC,TOR,Michael Busch,683737,4.0,1B,Confirmed,4.68,,,,,1.17,0.9,,,,,1.2299784009182124,1.1142635122592055,0.9277841372285527,0.8821731127767463,1.1702127659574468,1.1289203667557468,0.18000528479418365,0.20532117311793047,,,1.15,0.56,0.47,2.2,0.19,2.04,0.23,0.01,0.0,0.301,2.057017543859649,2.0254363591854703,0.225,,0.009,,0.0,,False,96.0,99.0,96.0,88.0,93.0,91.0,91.0,92.0,94.0,high,high,high,high,high,high,high,high,high,2026-06-20
hitter,CHC,TOR,Alex Bregman,608324,5.0,3B,Confirmed,4.68,,,,,0.71,0.76,,,,,0.7637562300772123,0.6638773074943235,0.8236387652434316,0.7063494957588966,1.4947368421052631,1.1944642061831354,0.16793315636495887,0.15304610343169317,,,1.33,0.54,0.47,2.17,0.16,2.0,0.27,0.01,0.0,0.288,2.057017543859649,1.9551824773081545,0.266,,0.009,,0.0,,False,96.0,99.0,96.0,88.0,93.0,91.0,91.0,92.0,94.0,high,high,high,high,high,high,high,high,high,2026-06-20
hitter,CHC,TOR,Ian Happ,664023,6.0,LF,Confirmed,4.74,,,,,1.18,0.91,,,,,1.214145289282434,1.1436667322996326,0.9476163133222246,0.8719554681693542,1.4947368421052631,1.1367181095216103,0.2030635325113094,0.24118420394662593,,,1.3,0.49,0.49,2.15,0.22,2.06,0.26,0.01,0.0,0.3,2.057017543859649,2.068620519315599,0.257,,0.008,,0.0,,False,96.0,99.0,96.0,88.0,93.0,91.0,91.0,92.0,94.0,high,high,high,high,high,high,high,high,high,2026-06-20
hitter,CHC,TOR,Matt Shaw,807713,7.0,RF,Confirmed,3.49,,,,,0.72,0.46,,,,,0.7009304380284729,0.7437362881820688,0.5214984803639806,0.4001773498392593,0.801980198019802,0.7341829284753848,0.09423864838702456,0.0715276141160165,,,0.76,0.32,0.28,1.4,0.08,1.17,0.15,0.01,0.0,0.261,1.239368165249089,1.1208728244588546,0.15,,0.012,,0.0,,False,96.0,99.0,96.0,88.0,93.0,91.0,91.0,92.0,94.0,high,high,high,high,high,high,high,high,high,2026-06-20
hitter,CHC,TOR,Miguel Amaya,665804,8.0,C,Confirmed,3.33,,,,,0.9,0.33,,,,,0.8779953931253213,0.916761055812803,0.3528784760113055,0.3131114688869812,0.707983193277311,0.5887458517146207,0.06774223586552357,0.07254959604595138,,,0.64,0.34,0.3,1.51,0.07,1.02,0.16,0.01,0.0,0.285,1.1238670694864048,0.943371270098004,0.155,,0.009,,0.0,,False,96.0,99.0,96.0,88.0,93.0,91.0,91.0,92.0,94.0,high,high,high,high,high,high,high,high,high,2026-06-20
hitter,CHC,TOR,Dansby Swanson,621020,9.0,SS,Confirmed,3.74,,,,,0.94,0.54,,,,,0.9703078800851391,0.9105073778988032,0.569007656531265,0.5096754453499464,1.0,0.8550357607306297,0.14105927683312364,0.1273004572200329,,,0.92,0.39,0.35,1.75,0.13,1.5,0.19,0.01,0.0,0.297,1.5956790123456794,1.4302397474866915,0.191,,0.01,,0.0,,False,96.0,99.0,96.0,88.0,93.0,91.0,91.0,92.0,94.0,high,high,high,high,high,high,high,high,high,2026-06-20
hitter,TOR,CHC,George Springer,543807,1.0,DH,Confirmed,4.68,,,,,0.75,0.18,,,,,0.6941800381076833,0.809378993080334,0.1686078988767279,0.19954734575407776,0.801980198019802,0.9078548981047805,0.1909650421907936,0.21354220473353636,,,0.86,0.76,0.6,2.5,0.2,1.5,0.25,0.01,0.0,0.403,1.3893129770992367,1.5923804937366892,0.249,,0.008,,0.0,,False,96.0,99.0,96.0,88.0,93.0,91.0,91.0,92.0,94.0,high,high,high,high,high,high,high,high,high,2026-06-20
hitter,TOR,CHC,Nathan Lukes,664770,2.0,RF,Confirmed,4.08,,,,,0.48,0.12,,,,,0.4353664565130595,0.5167901099056674,0.11364201606225939,0.13382370149196252,0.7061469265367316,0.7384784198740758,0.0822046903320861,0.07069483962516235,,,0.72,0.59,0.46,2.14,0.08,1.03,0.19,0.01,0.0,0.357,1.001763668430335,1.052580456272376,0.185,,0.013,,0.0,,False,96.0,99.0,96.0,88.0,93.0,91.0,91.0,92.0,94.0,high,high,high,high,high,high,high,high,high,2026-06-20
hitter,TOR,CHC,Vladimir Guerrero Jr.,665489,3.0,1B,Confirmed,4.68,,,,,0.54,0.15,,,,,0.5104132411817762,0.5634967996123041,0.13712669842501815,0.1533161665895802,0.801980198019802,0.862121880889042,0.12883038267007474,0.1903471142926756,,,0.84,0.74,0.66,2.57,0.16,1.52,0.22,0.01,0.0,0.392,1.3893129770992367,1.6241896545843282,0.219,,0.007,,0.0,,False,96.0,99.0,96.0,88.0,93.0,91.0,91.0,92.0,94.0,high,high,high,high,high,high,high,high,high,2026-06-20
hitter,TOR,CHC,Brandon Valenzuela,678218,4.0,C,Confirmed,4.45,,,,,0.72,0.26,,,,,0.6483948990503953,0.7904584478502824,0.25170480442599696,0.259584646246213,0.7715355805243446,0.817387087205511,0.17445462150045038,0.21332678514621298,,,0.8,0.6,0.53,2.13,0.19,1.51,0.18,0.01,0.0,0.339,1.3893129770992367,1.6085584803878945,0.185,,0.011,,0.0,,False,96.0,99.0,96.0,88.0,93.0,91.0,91.0,92.0,94.0,high,high,high,high,high,high,high,high,high,2026-06-20
hitter,TOR,CHC,Kazuma Okamoto,672960,5.0,3B,Confirmed,4.45,,,,,1.09,0.13,,,,,0.932614296399861,1.2542426423899107,0.12294804565245454,0.14322848031648835,0.7061469265367316,0.7646885966047651,0.23403745524840228,0.22970953066147698,,,0.74,0.73,0.69,2.52,0.23,1.47,0.18,0.01,0.0,0.394,1.3893129770992367,1.5387081095544177,0.176,,0.008,,0.0,,False,96.0,99.0,96.0,88.0,93.0,91.0,91.0,92.0,94.0,high,high,high,high,high,high,high,high,high,2026-06-20
hitter,TOR,CHC,Daulton Varsho,662139,6.0,CF,Confirmed,4.25,,,,,0.84,0.11,,,,,0.7636330892955677,0.9136038976258607,0.12671579794081056,0.09697046795336857,0.8694581280788177,0.903999871036005,0.19027098716555627,0.170964905952911,,,0.89,0.61,0.67,2.38,0.18,1.65,0.21,0.01,0.0,0.395,1.684375,1.6209724942919803,0.213,,0.009,,0.0,,False,96.0,99.0,96.0,88.0,93.0,91.0,91.0,92.0,94.0,high,high,high,high,high,high,high,high,high,2026-06-20
hitter,TOR,CHC,Davis Schneider,676914,7.0,2B,Confirmed,3.33,,,,,0.9,0.08,,,,,0.8193289031378297,0.9782571277070703,0.10640392436561776,0.053282806503092986,0.4125159642401022,0.37185063016706144,0.12023445681442455,0.102569485934901,,,0.39,0.46,0.42,1.68,0.11,0.77,0.11,0.01,0.0,0.383,0.7899761336515513,0.7559379160455778,0.114,,0.006,,0.0,,False,96.0,99.0,96.0,88.0,93.0,91.0,91.0,92.0,94.0,high,high,high,high,high,high,high,high,high,2026-06-20
hitter,TOR,CHC,Andrés Giménez,665926,8.0,SS,Confirmed,3.81,,,,,0.64,0.07,,,,,0.6166040750807104,0.6666467004254593,0.08490235511739994,0.06129551964033563,0.7061469265367316,0.7309997288353595,0.07974306253948082,0.08928430425747945,,,0.72,0.51,0.47,2.08,0.08,1.04,0.17,0.01,0.0,0.372,1.001763668430335,1.0667267704841474,0.175,,0.013,,0.0,,False,96.0,99.0,96.0,88.0,93.0,91.0,91.0,92.0,94.0,high,high,high,high,high,high,high,high,high,2026-06-20
hitter,TOR,CHC,Myles Straw,664702,9.0,LF,Confirmed,3.81,,,,,0.75,0.09,,,,,0.6307834187139288,0.8634458778729307,0.09751005327700273,0.09212471427570479,0.4803149606299212,0.5784939833781504,0.01814357725903787,0.013851197402569983,,,0.53,0.36,0.31,1.47,0.02,0.72,0.13,0.01,0.0,0.269,0.6720588235294118,0.7611045061022945,0.127,,0.01,,0.0,,False,96.0,99.0,96.0,88.0,93.0,91.0,91.0,92.0,94.0,high,high,high,high,high,high,high,high,high,2026-06-20
hitter,TEX,SD,Joc Pederson,592626,1.0,DH,Confirmed,3.96,,,,,0.62,0.51,,,,,0.6052448457710407,0.6275819677721248,0.5247522432067142,0.486841456728071,1.0980834272829765,0.9127408220579846,0.04935410062256937,0.03763993674604161,,,1.0,0.43,0.35,1.59,0.04,1.27,0.16,0.01,0.0,0.268,1.3148148148148149,1.2320897769091965,0.162,,0.008,,0.0,,False,96.0,99.0,96.0,88.0,93.0,91.0,91.0,92.0,94.0,high,high,high,high,high,high,high,high,high,2026-06-20
hitter,TEX,SD,Josh Jung,673962,2.0,3B,Confirmed,4.08,,,,,0.69,0.38,,,,,0.6754296324902644,0.7079598621116802,0.39230128325666025,0.3638168858583632,1.1818181818181819,1.1071678826600913,0.04979158801039654,0.05438989472715054,,,1.14,0.54,0.44,2.08,0.05,1.7,0.2,0.01,0.0,0.315,1.914285714285714,1.5268144458181758,0.197,,0.009,,0.0,,False,96.0,99.0,96.0,88.0,93.0,91.0,91.0,92.0,94.0,high,high,high,high,high,high,high,high,high,2026-06-20
hitter,TEX,SD,Wyatt Langford,694671,3.0,CF,Confirmed,4.18,,,,,0.74,0.64,,,,,0.7371558535284738,0.7477299937341855,0.6658750668923834,0.6147142904839084,1.0980834272829765,1.0775370434716085,0.058665470703986276,0.05582693146010683,,,1.09,0.54,0.51,2.04,0.06,1.55,0.18,0.01,0.0,0.311,1.5956790123456794,1.5197490708743313,0.184,,0.007,,0.0,,False,96.0,99.0,96.0,88.0,93.0,91.0,91.0,92.0,94.0,high,high,high,high,high,high,high,high,high,2026-06-20
hitter,TEX,SD,Brandon Nimmo,607043,4.0,RF,Confirmed,4.25,,,,,0.61,0.44,,,,,0.5976188768079806,0.6213121619627857,0.4514800589604433,0.43093899160143045,1.4947368421052631,1.1769238227886198,0.054565357881057965,0.05571402860766324,,,1.32,0.55,0.52,2.17,0.06,1.8,0.27,0.01,0.0,0.321,1.914285714285714,1.7121489965151087,0.273,,0.011,,0.0,,False,96.0,99.0,96.0,88.0,93.0,91.0,91.0,92.0,94.0,high,high,high,high,high,high,high,high,high,2026-06-20
hitter,TEX,SD,Ezequiel Duran,677649,5.0,SS,Confirmed,4.08,,,,,0.72,0.34,,,,,0.725601122359286,0.7183931862234346,0.33222414639890385,0.343921040221777,1.1391752577319587,1.0595157260035504,0.02986521884043746,0.023022272649484733,,,1.1,0.49,0.45,2.04,0.03,1.53,0.17,0.01,0.0,0.292,1.684375,1.4092698280409242,0.174,,0.01,,0.0,,False,96.0,99.0,96.0,88.0,93.0,91.0,91.0,92.0,94.0,high,high,high,high,high,high,high,high,high,2026-06-20
hitter,TEX,SD,Jarred Kelenic,672284,6.0,LF,Confirmed,3.02,,,,,0.7,0.33,,,,,0.7150745532422003,0.6774388327143934,0.3748487045551746,0.28335501831002546,0.8694581280788177,0.621317281339865,0.0356800198644837,0.021206737659608215,,,0.73,0.31,0.33,1.32,0.03,0.96,0.14,0.01,0.0,0.281,1.1238670694864048,0.8196091311238594,0.14,,0.012,,0.0,,False,96.0,99.0,96.0,88.0,93.0,91.0,91.0,92.0,94.0,high,high,high,high,high,high,high,high,high,2026-06-20
hitter,TEX,SD,Jake Burger,669394,7.0,1B,Confirmed,4.25,,,,,0.79,0.41,,,,,0.7929159671706357,0.7780811391344675,0.41719730806470556,0.4047744468786298,1.1391752577319587,1.1342458704859417,0.06917968826886237,0.058249206598679173,,,1.14,0.49,0.48,2.07,0.06,1.74,0.21,0.01,0.0,0.318,1.914285714285714,1.5969714629606901,0.207,,0.009,,0.0,,False,96.0,99.0,96.0,88.0,93.0,91.0,91.0,92.0,94.0,high,high,high,high,high,high,high,high,high,2026-06-20
hitter,TEX,SD,Nicky Lopez,670032,8.0,2B,Confirmed,3.74,,,,,0.48,0.31,,,,,0.4690925267307696,0.495930770431662,0.32024250470666216,0.2978265267700317,0.994208494208494,0.9107302965407037,0.017250802736802247,0.008801228597960233,,,0.95,0.32,0.28,1.41,0.01,1.08,0.16,0.01,0.0,0.242,1.1521739130434783,1.0207304467858442,0.163,,0.011,,0.0,,False,96.0,99.0,96.0,88.0,93.0,91.0,91.0,92.0,94.0,high,high,high,high,high,high,high,high,high,2026-06-20
hitter,TEX,SD,Kyle Higashioka,543309,9.0,C,Confirmed,3.89,,,,,1.3,0.32,,,,,1.1822475105616816,1.4208250455271922,0.3112881811534346,0.3369060663735763,0.5846774193548387,0.6229576422232265,0.038013610815358374,0.0281361743427842,,,0.61,0.39,0.36,1.62,0.03,0.81,0.16,0.01,0.0,0.274,0.7899761336515513,0.8337600766896388,0.162,,0.008,,0.0,,False,96.0,99.0,96.0,88.0,93.0,91.0,91.0,92.0,94.0,high,high,high,high,high,high,high,high,high,2026-06-20
hitter,SD,TEX,Fernando Tatis Jr.,665487,1.0,2B,Confirmed,4.27,,,,,1.13,0.53,,,,,1.1664112251944174,1.0842313249441635,0.5212868415469076,0.5433509262905576,1.0980834272829765,0.9946308705072829,0.3481880248758553,0.2994345043681499,,,1.04,0.57,0.48,1.82,0.32,2.07,0.11,0.01,0.0,0.32,2.057017543859649,2.076833148031479,0.106,,0.006,,0.0,,False,96.0,99.0,96.0,88.0,93.0,91.0,91.0,92.0,94.0,high,high,high,high,high,high,high,high,high,2026-06-20
hitter,SD,TEX,Samad Taylor,669392,2.0,RF,Confirmed,3.81,,,,,1.14,0.34,,,,,1.123203283052764,1.1507191358955065,0.34577247460557003,0.3244122425345172,0.7715355805243446,0.6928702046584426,0.06314249691101069,0.06895154588225953,,,0.73,0.3,0.22,1.04,0.07,1.04,0.11,0.01,0.0,0.203,1.1521739130434783,0.9485641801559236,0.106,,0.007,,0.0,,False,96.0,99.0,96.0,88.0,93.0,91.0,91.0,92.0,94.0,high,high,high,high,high,high,high,high,high,2026-06-20
hitter,SD,TEX,Manny Machado,592518,3.0,3B,Confirmed,4.08,,,,,1.26,0.38,,,,,1.309928505520366,1.2177699541771227,0.38789463341138153,0.3671450405260344,0.994208494208494,0.8805465640377961,0.25994533324262786,0.25356158994063505,,,0.93,0.48,0.46,1.64,0.26,1.95,0.12,0.01,0.0,0.281,2.057017543859649,1.8619694979176424,0.116,,0.007,,0.0,,False,96.0,99.0,96.0,88.0,93.0,91.0,91.0,92.0,94.0,high,high,high,high,high,high,high,high,high,2026-06-20
hitter,SD,TEX,Xander Bogaerts,593428,4.0,SS,Confirmed,3.48,,,,,0.89,0.32,,,,,0.9327739985682206,0.8479586113240788,0.3389318017529773,0.29158312296187133,0.7715355805243446,0.6772104394595375,0.14457438573921727,0.1441818524569492,,,0.72,0.34,0.31,1.18,0.14,1.29,0.1,0.01,0.0,0.245,1.3893129770992367,1.208615759597689,0.105,,0.007,,0.0,,False,96.0,99.0,96.0,88.0,93.0,91.0,91.0,92.0,94.0,high,high,high,high,high,high,high,high,high,2026-06-20
hitter,SD,TEX,Jackson Merrill,701538,5.0,CF,Confirmed,4.04,,,,,1.36,0.3,,,,,1.396281169072478,1.3150724316359381,0.3079461422589066,0.2919560771448294,0.8949771689497716,0.8887386353311363,0.21751661179822268,0.24893569075006133,,,0.89,0.45,0.43,1.59,0.23,1.82,0.11,0.01,0.0,0.269,1.914285714285714,1.7416692114784422,0.109,,0.012,,0.0,,False,96.0,99.0,96.0,88.0,93.0,91.0,91.0,92.0,94.0,high,high,high,high,high,high,high,high,high,2026-06-20
hitter,SD,TEX,Ty France,664034,6.0,1B,Confirmed,3.1,,,,,0.92,0.17,,,,,0.9714522007096172,0.8607152770130023,0.18171253616417987,0.16548948092122362,0.707983193277311,0.5848828767855806,0.1706423711154588,0.13179644405847457,,,0.64,0.32,0.36,1.27,0.15,1.12,0.09,0.01,0.0,0.279,1.239368165249089,1.0271736633205881,0.088,,0.007,,0.0,,False,96.0,99.0,96.0,88.0,93.0,91.0,91.0,92.0,94.0,high,high,high,high,high,high,high,high,high,2026-06-20
hitter,SD,TEX,Nick Solak,669256,7.0,DH,Confirmed,1.92,,,,,0.68,0.09,,,,,0.7495462916724718,0.6089551466743971,0.11319317398963931,0.07507052345541583,0.3344051446945337,0.19456541383834114,0.06616305514522379,0.046981185433239044,,,0.26,0.13,0.13,0.51,0.06,0.54,0.05,0.01,0.0,0.197,0.6289308176100628,0.45886038429171466,0.054,,0.006,,0.0,,False,96.0,99.0,96.0,88.0,93.0,91.0,91.0,92.0,94.0,high,high,high,high,high,high,high,high,high,2026-06-20
hitter,SD,TEX,Jase Bowen,687749,8.0,RF,Confirmed,3.49,,,,,0.91,0.24,,,,,0.8832601693376624,0.9417655240693101,0.2616517552405243,0.2200752715660463,0.7061469265367316,0.6168231351499948,0.027046004855162977,0.03858311387091719,,,0.66,0.3,0.27,1.16,0.03,0.87,0.11,0.01,0.0,0.241,0.8408408408408409,0.9012570692960196,0.109,,0.007,,0.0,,False,96.0,99.0,96.0,88.0,93.0,91.0,91.0,92.0,94.0,high,high,high,high,high,high,high,high,high,2026-06-20
hitter,SD,TEX,Blake Hunt,675448,9.0,C,Confirmed,3.33,,,,,0.76,0.28,,,,,0.6593610299782482,0.8595761745988364,0.31099250494794106,0.2494462905842251,0.4125159642401022,0.5878611999464752,0.03177744386693419,0.028793061914223587,,,0.51,0.22,0.2,0.83,0.03,0.83,0.11,0.01,0.0,0.195,0.7899761336515513,0.8665965613931456,0.108,,0.007,,0.0,,False,96.0,99.0,96.0,88.0,93.0,91.0,91.0,92.0,94.0,high,high,high,high,high,high,high,high,high,2026-06-20
hitter,TB,WSH,Yandy Díaz,650490,1.0,DH,Confirmed,4.39,,,,,0.53,0.26,,,,,0.5305582478886341,0.5213434096456842,0.24982367679010045,0.265167370380086,0.8949771689497716,0.9403083305576997,0.06972238784782422,0.06938916659307451,,,0.92,0.59,0.49,2.18,0.07,1.42,0.21,0.01,0.0,0.324,1.3893129770992367,1.4369547901977064,0.209,,0.008,,0.0,,False,96.0,99.0,96.0,88.0,93.0,91.0,91.0,92.0,94.0,high,high,high,high,high,high,high,high,high,2026-06-20
hitter,TB,WSH,Jonathan Aranda,666018,2.0,1B,Confirmed,4.18,,,,,0.93,0.29,,,,,0.9252094095720937,0.9252895596757716,0.274562635572012,0.3053421096248684,0.801980198019802,0.7681164681319621,0.06963660561705884,0.06515297968833794,,,0.78,0.49,0.4,1.75,0.07,1.18,0.16,0.01,0.0,0.284,1.239368165249089,1.1322110720663918,0.165,,0.008,,0.0,,False,96.0,99.0,96.0,88.0,93.0,91.0,91.0,92.0,94.0,high,high,high,high,high,high,high,high,high,2026-06-20
hitter,TB,WSH,Cedric Mullins,656775,3.0,CF,Confirmed,3.96,,,,,0.8,0.21,,,,,0.7468059014838434,0.8439035450623105,0.20742005896219548,0.20984699289922099,0.7715355805243446,0.6864348721969736,0.08457121375631152,0.09181145093430396,,,0.72,0.41,0.38,1.56,0.09,1.09,0.14,0.01,0.0,0.252,1.1238670694864048,1.067922969149238,0.143,,0.009,,0.0,,False,96.0,99.0,96.0,88.0,93.0,91.0,91.0,92.0,94.0,high,high,high,high,high,high,high,high,high,2026-06-20
hitter,TB,WSH,Junior Caminero,691406,4.0,3B,Confirmed,4.25,,,,,0.7,0.27,,,,,0.7250381658683555,0.6823286006187802,0.2939973781040538,0.2501276305161235,0.8949771689497716,0.8530975498877612,0.08717872703535448,0.10117355179493036,,,0.87,0.62,0.6,2.31,0.09,1.46,0.22,0.01,0.0,0.348,1.5956790123456794,1.3545502487100607,0.219,,0.007,,0.0,,False,96.0,99.0,96.0,88.0,93.0,91.0,91.0,92.0,94.0,high,high,high,high,high,high,high,high,high,2026-06-20
hitter,TB,WSH,Richie Palacios,680700,5.0,2B,Confirmed,3.81,,,,,0.74,0.19,,,,,0.6951819851377136,0.7873337980882643,0.19336596107898438,0.1851817020633466,0.7061469265367316,0.5949731906457537,0.038001739344946765,0.03660771096145902,,,0.65,0.35,0.32,1.38,0.04,0.98,0.11,0.01,0.0,0.227,1.001763668430335,0.9599337817506327,0.112,,0.01,,0.0,,False,96.0,99.0,96.0,88.0,93.0,91.0,91.0,92.0,94.0,high,high,high,high,high,high,high,high,high,2026-06-20
hitter,TB,WSH,Chandler Simpson,802415,6.0,LF,Confirmed,3.89,,,,,0.33,0.19,,,,,0.325189796715885,0.32622436306949776,0.19035970379860945,0.19001699610794076,0.8694581280788177,0.8672810086840055,0.027859714423070385,0.0356905939014843,,,0.87,0.39,0.4,1.79,0.03,1.03,0.14,0.02,0.0,0.282,1.001763668430335,1.0550130535066702,0.135,,0.019,,0.0,,False,96.0,99.0,96.0,88.0,93.0,91.0,91.0,92.0,94.0,high,high,high,high,high,high,high,high,high,2026-06-20
hitter,TB,WSH,Victor Mesa Jr.,683748,7.0,RF,Confirmed,3.09,,,,,0.72,0.21,,,,,0.7495572727834123,0.7002324504286742,0.24736049825450962,0.18082725973050331,0.6506024096385542,0.4967252863485233,0.01886048179832493,0.005801792062655706,,,0.57,0.2,0.18,0.8,0.01,0.71,0.1,0.01,0.0,0.189,0.7899761336515513,0.6362651014969074,0.099,,0.006,,0.0,,False,96.0,99.0,96.0,88.0,93.0,91.0,91.0,92.0,94.0,high,high,high,high,high,high,high,high,high,2026-06-20
hitter,TB,WSH,Hunter Feduccia,676439,8.0,C,Confirmed,3.02,,,,,0.69,0.13,,,,,0.6463755806553142,0.724520372864199,0.12823451985823647,0.13270239185595062,0.35424354243542433,0.3501462559478485,0.03184891635125117,0.028363309889344823,,,0.35,0.19,0.17,0.78,0.03,0.57,0.09,0.01,0.0,0.181,0.6289308176100628,0.5127734125230199,0.093,,0.009,,0.0,,False,96.0,99.0,96.0,88.0,93.0,91.0,91.0,92.0,94.0,high,high,high,high,high,high,high,high,high,2026-06-20
hitter,TB,WSH,Taylor Walls,670764,9.0,SS,Confirmed,3.33,,,,,0.7,0.15,,,,,0.6912666795530851,0.7078136331157405,0.16407924028363718,0.14211277044102402,0.6434108527131783,0.5090867798286638,0.03259224245411839,0.02294321400370848,,,0.57,0.27,0.25,1.16,0.03,0.75,0.11,0.01,0.0,0.233,0.7899761336515513,0.7171718560573268,0.111,,0.01,,0.0,,False,96.0,99.0,96.0,88.0,93.0,91.0,91.0,92.0,94.0,high,high,high,high,high,high,high,high,high,2026-06-20
hitter,WSH,TB,James Wood,695578,1.0,RF,Confirmed,4.25,,,,,1.51,0.36,,,,,1.573099652182148,1.4558244390997424,0.38411910288138273,0.3457099630409171,0.994208494208494,0.8925246853215196,0.43909448749627566,0.4467747057720483,,,0.94,0.52,0.41,1.46,0.44,2.37,0.11,0.01,0.0,0.308,2.456692913385827,2.2941930108915565,0.105,,0.007,,0.0,,False,96.0,99.0,96.0,88.0,93.0,91.0,91.0,92.0,94.0,high,high,high,high,high,high,high,high,high,2026-06-20
hitter,WSH,TB,Curtis Mead,678554,2.0,3B,Confirmed,2.55,,,,,0.75,0.09,,,,,0.769133927655814,0.7333342493976435,0.12085593413184662,0.062484654281175916,0.5290322580645161,0.4270325228433637,0.1242090158258759,0.11417354022693921,,,0.47,0.23,0.18,0.75,0.12,0.87,0.06,0.01,0.0,0.231,1.001763668430335,0.7562044639782138,0.063,,0.006,,0.0,,False,96.0,99.0,96.0,88.0,93.0,91.0,91.0,92.0,94.0,high,high,high,high,high,high,high,high,high,2026-06-20
hitter,WSH,TB,Andrés Chaparro,665953,3.0,1B,Confirmed,1.42,,,,,0.43,0.06,,,,,0.49506374274978626,0.3637370963727249,0.09944668091145152,0.030510387031467967,0.35424354243542433,0.19906555475091856,0.018631364242700777,0.005364222061367146,,,0.27,0.14,0.13,0.47,0.01,0.31,0.05,0.01,0.0,0.255,0.44025157232704404,0.20613567173663375,0.053,,0.006,,0.0,,False,96.0,99.0,96.0,88.0,93.0,91.0,91.0,92.0,94.0,high,high,high,high,high,high,high,high,high,2026-06-20
hitter,WSH,TB,CJ Abrams,682928,4.0,SS,Confirmed,4.18,,,,,1.08,0.18,,,,,1.1171792867944177,1.0473789163255478,0.19254900286640386,0.17727813832637757,0.994208494208494,0.9827464282436358,0.28778518779105533,0.3037558146957965,,,0.99,0.44,0.42,1.5,0.3,1.95,0.11,0.01,0.0,0.256,2.057017543859649,1.8533576635747468,0.106,,0.008,,0.0,,False,96.0,99.0,96.0,88.0,93.0,91.0,91.0,92.0,94.0,high,high,high,high,high,high,high,high,high,2026-06-20
hitter,WSH,TB,Dylan Crews,686611,5.0,CF,Confirmed,3.74,,,,,1.07,0.18,,,,,1.0524393538120327,1.0872863277300515,0.18179695620971054,0.1874005060224193,0.8949771689497716,0.8500332851272602,0.2560471680217839,0.2697309197235856,,,0.87,0.44,0.42,1.5,0.26,1.77,0.1,0.01,0.0,0.283,1.914285714285714,1.6497426420245789,0.098,,0.007,,0.0,,False,96.0,99.0,96.0,88.0,93.0,91.0,91.0,92.0,94.0,high,high,high,high,high,high,high,high,high,2026-06-20
hitter,WSH,TB,Daylen Lile,695734,6.0,LF,Confirmed,4.08,,,,,0.83,0.18,,,,,0.8014402925680334,0.8584206226402452,0.19508328203657604,0.16013928996022703,1.0980834272829765,0.9814136531327469,0.2045067930174578,0.22768615601609815,,,1.03,0.36,0.37,1.37,0.22,1.77,0.11,0.01,0.0,0.249,1.914285714285714,1.6538176664827855,0.107,,0.014,,0.0,,False,96.0,99.0,96.0,88.0,93.0,91.0,91.0,92.0,94.0,high,high,high,high,high,high,high,high,high,2026-06-20
hitter,WSH,TB,Jacob Young,696285,7.0,CF,Confirmed,3.1,,,,,0.73,0.09,,,,,0.7637980598581936,0.6912800813685966,0.11166692402945033,0.0670299471342948,0.707983193277311,0.5904321741687567,0.11383967594877648,0.11146476957074426,,,0.64,0.22,0.2,0.84,0.11,1.1,0.08,0.01,0.0,0.205,1.239368165249089,0.9873984669149556,0.083,,0.007,,0.0,,False,96.0,99.0,96.0,88.0,93.0,91.0,91.0,92.0,94.0,high,high,high,high,high,high,high,high,high,2026-06-20
hitter,WSH,TB,Nasim Nuñez,683083,8.0,2B,Confirmed,3.09,,,,,0.86,0.12,,,,,0.862660811231314,0.8624062255195808,0.13003385453683924,0.11868375662239483,0.6434108527131783,0.5554122495767497,0.06871126079911631,0.0687453812545744,,,0.6,0.22,0.18,0.81,0.07,0.85,0.09,0.01,0.0,0.205,0.9875776397515532,0.7403452814138758,0.087,,0.007,,0.0,,False,96.0,99.0,96.0,88.0,93.0,91.0,91.0,92.0,94.0,high,high,high,high,high,high,high,high,high,2026-06-20
hitter,WSH,TB,Keibert Ruiz,660688,9.0,C,Confirmed,3.81,,,,,0.56,0.13,,,,,0.543371046218747,0.574327180830775,0.12856827044618957,0.1274096772636131,0.8949771689497716,0.9390454055686582,0.1639943874664826,0.1869240224299971,,,0.92,0.3,0.28,1.17,0.18,1.38,0.1,0.01,0.0,0.221,1.3893129770992367,1.36718813640379,0.104,,0.007,,0.0,,False,96.0,99.0,96.0,88.0,93.0,91.0,91.0,92.0,94.0,high,high,high,high,high,high,high,high,high,2026-06-20
hitter,MIA,SF,Jakob Marsee,805300,1.0,CF,Confirmed,4.25,,,,,1.15,0.26,,,,,1.0848039249596995,1.2084461425351192,0.2574509602029229,0.2539757456204181,0.994208494208494,0.9808456679298818,0.11869813405823573,0.09671507334795362,,,0.99,0.56,0.41,1.96,0.11,1.47,0.2,0.01,0.0,0.344,1.4476190476190476,1.4933406176820676,0.204,,0.01,,0.0,,False,96.0,99.0,96.0,88.0,93.0,91.0,91.0,92.0,94.0,high,high,high,high,high,high,high,high,high,2026-06-20
hitter,MIA,SF,Otto Lopez,672640,2.0,SS,Confirmed,4.57,,,,,0.79,0.16,,,,,0.7418218735587259,0.8331587175883313,0.15657097794965133,0.15597380419237106,1.0980834272829765,1.2509035463016056,0.14135204234415136,0.14733433170905222,,,1.18,0.61,0.48,2.22,0.14,1.89,0.23,0.01,0.0,0.332,1.914285714285714,1.8775860196066214,0.234,,0.013,,0.0,,False,96.0,99.0,96.0,88.0,93.0,91.0,91.0,92.0,94.0,high,high,high,high,high,high,high,high,high,2026-06-20
hitter,MIA,SF,Kyle Stowers,669065,3.0,1B,Confirmed,4.45,,,,,1.44,0.27,,,,,1.3798996366359733,1.5003077904442774,0.2715915680281893,0.26426968827486397,0.994208494208494,1.0409842489651815,0.15430018649896324,0.1693642960063576,,,1.02,0.6,0.49,2.09,0.16,1.84,0.2,0.01,0.0,0.347,1.914285714285714,1.779574754168383,0.196,,0.009,,0.0,,False,96.0,99.0,96.0,88.0,93.0,91.0,91.0,92.0,94.0,high,high,high,high,high,high,high,high,high,2026-06-20
hitter,MIA,SF,Xavier Edwards,669364,4.0,2B,Confirmed,4.57,,,,,0.61,0.46,,,,,0.5958276862320905,0.6320988171822203,0.4577316753447097,0.4612108023793606,1.4947368421052631,1.281187846813146,0.1217688567968522,0.1383046960745626,,,1.38,0.59,0.48,2.24,0.13,2.0,0.19,0.01,0.0,0.329,2.057017543859649,1.9517047544061545,0.19,,0.01,,0.0,,False,96.0,99.0,96.0,88.0,93.0,91.0,91.0,92.0,94.0,high,high,high,high,high,high,high,high,high,2026-06-20
hitter,MIA,SF,Heriberto Hernández,681715,5.0,LF,Confirmed,3.81,,,,,1.19,0.17,,,,,1.1783966317262125,1.1948817890727041,0.1798455226886153,0.15236061710678958,0.801980198019802,0.7369347158131131,0.14422124513208898,0.13406234262395605,,,0.77,0.51,0.44,1.81,0.14,1.36,0.18,0.01,0.0,0.336,1.3893129770992367,1.3315287034972445,0.18,,0.009,,0.0,,False,96.0,99.0,96.0,88.0,93.0,91.0,91.0,92.0,94.0,high,high,high,high,high,high,high,high,high,2026-06-20
hitter,MIA,SF,Owen Caissie,683357,6.0,DH,Confirmed,4.18,,,,,1.48,0.15,,,,,1.4236702178954088,1.5402573191648874,0.16358474427426045,0.1366605023139252,0.994208494208494,0.9796652618691283,0.17592001379561523,0.1742518920756327,,,0.99,0.51,0.52,2.03,0.18,1.75,0.17,0.01,0.0,0.348,1.5956790123456794,1.8832593576620127,0.172,,0.008,,0.0,,False,96.0,99.0,96.0,88.0,93.0,91.0,91.0,92.0,94.0,high,high,high,high,high,high,high,high,high,2026-06-20
hitter,MIA,SF,Leo Jiménez,677870,7.0,3B,Confirmed,3.96,,,,,1.09,0.19,,,,,0.9266671679180979,1.2467992879293226,0.19991153171174875,0.18117596979802905,0.707983193277311,0.7708677909111298,0.11786325243062887,0.10616211312277618,,,0.74,0.51,0.45,2.06,0.11,1.19,0.23,0.01,0.0,0.369,1.239368165249089,1.1545308510907126,0.234,,0.008,,0.0,,False,96.0,99.0,96.0,88.0,93.0,91.0,91.0,92.0,94.0,high,high,high,high,high,high,high,high,high,2026-06-20
hitter,MIA,SF,Joe Mack,691788,8.0,C,Confirmed,3.81,,,,,1.09,0.18,,,,,1.034145838579293,1.1483908165087247,0.18351385035744858,0.17390548710460593,0.8694581280788177,0.8125321805205975,0.10479276019231767,0.10226619236510172,,,0.84,0.42,0.35,1.64,0.1,1.31,0.16,0.01,0.0,0.321,1.3148148148148149,1.3113674681655665,0.165,,0.009,,0.0,,False,96.0,99.0,96.0,88.0,93.0,91.0,91.0,92.0,94.0,high,high,high,high,high,high,high,high,high,2026-06-20
hitter,MIA,SF,Esteury Ruiz,665923,9.0,RF,Confirmed,3.58,,,,,1.17,0.17,,,,,1.0759108754382951,1.26931816252941,0.17524170140854323,0.17087075967856752,0.707983193277311,0.6421482688700034,0.06395087741198521,0.052568201092878866,,,0.67,0.34,0.27,1.32,0.06,1.01,0.15,0.01,0.0,0.284,1.001763668430335,1.0255685264470717,0.151,,0.013,,0.0,,False,96.0,99.0,96.0,88.0,93.0,91.0,91.0,92.0,94.0,high,high,high,high,high,high,high,high,high,2026-06-20
hitter,SF,MIA,Luis Arraez,650333,1.0,2B,Confirmed,4.45,,,,,0.25,0.48,,,,,0.1948101778749239,0.3018284864873793,0.4735041244161937,0.47683627135390005,1.0980834272829765,1.224495005789793,0.05544063433328518,0.05820637957676123,,,1.17,0.47,0.34,1.81,0.06,1.63,0.14,0.01,0.0,0.264,1.684375,1.583220394553196,0.142,,0.015,,0.0,,False,96.0,99.0,96.0,88.0,93.0,91.0,91.0,92.0,94.0,high,high,high,high,high,high,high,high,high,2026-06-20
hitter,SF,MIA,Bryce Eldridge,805811,2.0,DH,Confirmed,4.26,,,,,0.89,0.76,,,,,0.9244594568220267,0.8535456877947207,0.781320833173037,0.7385147769956761,0.8770949720670391,0.8802209693102422,0.1540817726602035,0.12234460804658644,,,0.88,0.46,0.3,1.56,0.14,1.58,0.16,0.01,0.0,0.29,1.684375,1.4978392038846366,0.156,,0.011,,0.0,,False,96.0,99.0,96.0,88.0,93.0,91.0,91.0,92.0,94.0,high,high,high,high,high,high,high,high,high,2026-06-20
hitter,SF,MIA,Matt Chapman,656305,3.0,3B,Confirmed,4.45,,,,,0.86,0.71,,,,,0.8451995118687501,0.8771638166341796,0.6897767130469709,0.7327142663805586,0.8888888888888888,0.9114993597996751,0.14907246963405363,0.11367533553055324,,,0.9,0.48,0.36,1.71,0.13,1.51,0.16,0.01,0.0,0.288,1.5956790123456794,1.4458036671986458,0.161,,0.008,,0.0,,False,96.0,99.0,96.0,88.0,93.0,91.0,91.0,92.0,94.0,high,high,high,high,high,high,high,high,high,2026-06-20
hitter,SF,MIA,Rafael Devers,646240,4.0,1B,Confirmed,4.58,,,,,1.05,0.95,,,,,1.0935290206108814,0.9965510431531516,0.9703973628473307,0.9218041323321999,0.8949771689497716,0.8961083652633828,0.14596333120173993,0.11321592988537539,,,0.9,0.51,0.36,1.74,0.13,1.59,0.15,0.01,0.0,0.3,1.5956790123456794,1.5819830741427863,0.149,,0.007,,0.0,,False,96.0,99.0,96.0,88.0,93.0,91.0,91.0,92.0,94.0,high,high,high,high,high,high,high,high,high,2026-06-20
hitter,SF,MIA,Jung Hoo Lee,808982,5.0,RF,Confirmed,4.45,,,,,0.36,0.39,,,,,0.36570901701749703,0.36224594111591496,0.3732007769927498,0.41629692259198653,1.0980834272829765,1.264058252408135,0.049545363569770566,0.03915617333234815,,,1.19,0.49,0.42,2.02,0.04,1.86,0.18,0.02,0.0,0.277,1.914285714285714,1.8094903101605488,0.175,,0.021,,0.0,,False,96.0,99.0,96.0,88.0,93.0,91.0,91.0,92.0,94.0,high,high,high,high,high,high,high,high,high,2026-06-20
hitter,SF,MIA,Willy Adames,642715,6.0,SS,Confirmed,4.14,,,,,0.88,0.53,,,,,0.8911922764398315,0.8591619773568,0.5113342244636339,0.553352825810775,0.801980198019802,0.7572307160079347,0.11851224824731144,0.1271121125077857,,,0.78,0.35,0.32,1.44,0.12,1.28,0.15,0.01,0.0,0.252,1.3148148148148149,1.2579862997732019,0.154,,0.009,,0.0,,False,96.0,99.0,96.0,88.0,93.0,91.0,91.0,92.0,94.0,high,high,high,high,high,high,high,high,high,2026-06-20
hitter,SF,MIA,Casey Schmitt,669477,7.0,LF,Confirmed,4.14,,,,,0.68,0.44,,,,,0.65020944829002,0.7064771695425253,0.45383863964673377,0.4230658252362792,0.801980198019802,0.7327856038791803,0.08667881248770573,0.06852742585707974,,,0.76,0.34,0.29,1.43,0.08,1.4,0.17,0.01,0.0,0.24,1.4476190476190476,1.36282960865516,0.167,,0.008,,0.0,,False,96.0,99.0,96.0,88.0,93.0,91.0,91.0,92.0,94.0,high,high,high,high,high,high,high,high,high,2026-06-20
hitter,SF,MIA,Drew Gilbert,687551,8.0,CF,Confirmed,3.09,,,,,0.49,0.48,,,,,0.516337836169991,0.46887105339216284,0.5158038949914374,0.44611708353180773,0.6434108527131783,0.47452110450685736,0.031720596066147175,0.025495196309500427,,,0.55,0.27,0.2,1.06,0.03,0.85,0.13,0.01,0.0,0.269,0.9875776397515532,0.7335032336637026,0.125,,0.008,,0.0,,False,96.0,99.0,96.0,88.0,93.0,91.0,91.0,92.0,94.0,high,high,high,high,high,high,high,high,high,2026-06-20
hitter,SF,MIA,Eric Haase,606992,9.0,C,Confirmed,3.19,,,,,0.91,0.3,,,,,0.9308229154000818,0.881799207581748,0.3308655076117494,0.2650565304556484,0.5846774193548387,0.4732039617372291,0.1954203476845712,0.2448654616977438,,,0.52,0.24,0.19,0.95,0.22,1.22,0.12,0.01,0.0,0.224,1.239368165249089,1.2108712278164975,0.115,,0.01,,0.0,,False,96.0,99.0,96.0,88.0,93.0,91.0,91.0,92.0,94.0,high,high,high,high,high,high,high,high,high,2026-06-20
hitter,ATL,MIL,Mauricio Dubón,643289,1.0,LF,Confirmed,3.48,,,,,0.55,0.15,,,,,0.5338238906381432,0.5613177581934761,0.16516654574453582,0.13744256036153374,0.801980198019802,0.6854669233018783,0.02568104931043805,0.023634630857634256,,,0.74,0.31,0.25,1.26,0.02,0.93,0.14,0.01,0.0,0.222,1.001763668430335,0.8781618382337841,0.139,,0.007,,0.0,,False,96.0,99.0,96.0,88.0,93.0,91.0,91.0,92.0,94.0,high,high,high,high,high,high,high,high,high,2026-06-20
hitter,ATL,MIL,Drake Baldwin,686948,2.0,DH,Confirmed,3.81,,,,,1.0,0.26,,,,,1.0818983103099264,0.9172854263204648,0.2822917499288766,0.23169349330118913,0.801980198019802,0.7168249798744392,0.039725031958645914,0.02097788475786306,,,0.76,0.34,0.26,1.3,0.03,1.05,0.11,0.01,0.0,0.218,1.1238670694864048,0.9837035990649684,0.114,,0.007,,0.0,,False,96.0,99.0,96.0,88.0,93.0,91.0,91.0,92.0,94.0,high,high,high,high,high,high,high,high,high,2026-06-20
hitter,ATL,MIL,Matt Olson,621566,3.0,1B,Confirmed,3.96,,,,,1.28,0.27,,,,,1.3302212176905677,1.2273151235669182,0.27123972953299125,0.26537113642380405,0.7715355805243446,0.7200703819664428,0.04229335380423283,0.04616300907367255,,,0.74,0.34,0.29,1.34,0.04,1.08,0.12,0.01,0.0,0.209,1.1521739130434783,1.0299186084005003,0.117,,0.007,,0.0,,False,96.0,99.0,96.0,88.0,93.0,91.0,91.0,92.0,94.0,high,high,high,high,high,high,high,high,high,2026-06-20
hitter,ATL,MIL,Ozzie Albies,645277,4.0,2B,Confirmed,3.81,,,,,0.64,0.22,,,,,0.6517806992739523,0.6227989800127939,0.230350388913002,0.20560666626146473,0.801980198019802,0.784543085753159,0.028956986708969297,0.026938924668925508,,,0.79,0.32,0.28,1.31,0.03,1.04,0.13,0.01,0.0,0.209,1.1238670694864048,0.9787822938288794,0.126,,0.008,,0.0,,False,96.0,99.0,96.0,88.0,93.0,91.0,91.0,92.0,94.0,high,high,high,high,high,high,high,high,high,2026-06-20
hitter,ATL,MIL,Michael Harris II,671739,5.0,CF,Confirmed,3.81,,,,,1.01,0.23,,,,,1.0901230989297053,0.9235756470195473,0.2347712559416808,0.2347710029659614,1.1391752577319587,1.088157407438371,0.44488773853612457,0.35031558688228814,,,1.11,0.33,0.3,1.33,0.4,2.38,0.14,0.01,0.0,0.208,2.552380952380952,2.2330574883463865,0.136,,0.007,,0.0,,False,96.0,99.0,96.0,88.0,93.0,91.0,91.0,92.0,94.0,high,high,high,high,high,high,high,high,high,2026-06-20
hitter,ATL,MIL,Austin Riley,663586,6.0,3B,Confirmed,3.57,,,,,1.28,0.19,,,,,1.331508229282642,1.2311242585213256,0.21026012531611776,0.16291119339567653,0.707983193277311,0.5969090409529086,0.04290638049107292,0.03429768022250382,,,0.65,0.26,0.27,1.18,0.04,1.06,0.13,0.01,0.0,0.209,1.1238670694864048,1.0102876677806245,0.125,,0.007,,0.0,,False,96.0,99.0,96.0,88.0,93.0,91.0,91.0,92.0,94.0,high,high,high,high,high,high,high,high,high,2026-06-20
hitter,ATL,MIL,Eli White,642201,7.0,RF,Confirmed,2.55,,,,,0.85,0.1,,,,,0.8684537598375026,0.8281062666436856,0.12064240410559458,0.08381775385900951,0.4125159642401022,0.32508136651556735,0.021779832515030052,0.014137600442799981,,,0.36,0.15,0.13,0.63,0.02,0.57,0.08,0.01,0.0,0.166,0.6720588235294118,0.4932251086649679,0.079,,0.006,,0.0,,False,96.0,99.0,96.0,88.0,93.0,91.0,91.0,92.0,94.0,high,high,high,high,high,high,high,high,high,2026-06-20
hitter,ATL,MIL,Joey Bart,663698,8.0,C,Confirmed,3.02,,,,,1.33,0.36,,,,,1.3627617405118007,1.2903758594536825,0.39059463254540916,0.3212626091134774,0.5290322580645161,0.4298984110765848,0.04146828495306227,0.026418988946989706,,,0.47,0.18,0.15,0.74,0.03,0.73,0.1,0.01,0.0,0.168,0.7899761336515513,0.6758920828560698,0.101,,0.006,,0.0,,False,96.0,99.0,96.0,88.0,93.0,91.0,91.0,92.0,94.0,high,high,high,high,high,high,high,high,high,2026-06-20
hitter,ATL,MIL,Jorge Mateo,622761,9.0,SS,Confirmed,2.55,,,,,0.93,0.09,,,,,0.937371656422271,0.9247914252544702,0.11902456663785027,0.06782014665368721,0.4125159642401022,0.33465739265543565,0.024991229360166033,0.014068242078345422,,,0.37,0.15,0.13,0.63,0.02,0.58,0.09,0.01,0.0,0.166,0.6720588235294118,0.5017811817348512,0.09,,0.007,,0.0,,False,96.0,99.0,96.0,88.0,93.0,91.0,91.0,92.0,94.0,high,high,high,high,high,high,high,high,high,2026-06-20
hitter,MIL,ATL,Jackson Chourio,694192,1.0,LF,Confirmed,4.48,,,,,0.98,0.32,,,,,0.9985873510136934,0.9669455251428626,0.33509984401681314,0.29501842069349404,0.8949771689497716,0.8691068358698102,0.04074746027589145,0.02006370352902128,,,0.88,0.46,0.35,1.8,0.03,1.14,0.19,0.02,0.0,0.256,1.239368165249089,1.0613882072249377,0.192,,0.019,,0.0,,False,96.0,99.0,96.0,88.0,93.0,91.0,91.0,92.0,94.0,high,high,high,high,high,high,high,high,high,2026-06-20
hitter,MIL,ATL,Brice Turang,668930,2.0,2B,Confirmed,4.18,,,,,1.06,0.51,,,,,1.0876794526349882,1.0239717530394747,0.5119696118774502,0.5008451663778283,0.8694581280788177,0.8888883223119716,0.038565281128454226,0.0458819866242075,,,0.88,0.43,0.31,1.61,0.04,1.2,0.17,0.01,0.0,0.265,1.239368165249089,1.1640967674737068,0.171,,0.01,,0.0,,False,96.0,99.0,96.0,88.0,93.0,91.0,91.0,92.0,94.0,high,high,high,high,high,high,high,high,high,2026-06-20
hitter,MIL,ATL,William Contreras,661388,3.0,C,Confirmed,4.26,,,,,0.73,0.42,,,,,0.742182536404759,0.7228416209392405,0.4225350215292941,0.4225966207317713,1.0980834272829765,0.9748162772905452,0.041868891551073976,0.036725704825144874,,,1.03,0.51,0.44,2.05,0.04,1.33,0.2,0.01,0.0,0.3,1.3148148148148149,1.3352269770412275,0.196,,0.007,,0.0,,False,96.0,99.0,96.0,88.0,93.0,91.0,91.0,92.0,94.0,high,high,high,high,high,high,high,high,high,2026-06-20
hitter,MIL,ATL,Gary Sánchez,596142,4.0,DH,Confirmed,3.02,,,,,0.8,0.27,,,,,0.8168413323993509,0.7778670405752842,0.30155141211544556,0.2446027435145662,0.6875,0.5229975156689206,0.027248602222173533,0.013100982378558718,,,0.6,0.32,0.26,1.24,0.02,0.71,0.1,0.01,0.0,0.265,0.7899761336515513,0.6443816012886193,0.103,,0.007,,0.0,,False,96.0,99.0,96.0,88.0,93.0,91.0,91.0,92.0,94.0,high,high,high,high,high,high,high,high,high,2026-06-20
hitter,MIL,ATL,Andrew Vaughn,683734,5.0,1B,Confirmed,3.96,,,,,0.66,0.37,,,,,0.6537930354597649,0.6576194528638248,0.3953404048957643,0.34316294811159465,0.801980198019802,0.8008443879897825,0.04275953030262747,0.03574948283617145,,,0.8,0.39,0.33,1.52,0.04,1.17,0.17,0.01,0.0,0.255,1.239368165249089,1.1159517576203277,0.173,,0.009,,0.0,,False,96.0,99.0,96.0,88.0,93.0,91.0,91.0,92.0,94.0,high,high,high,high,high,high,high,high,high,2026-06-20
hitter,MIL,ATL,Blake Perkins,663368,6.0,RF,Confirmed,2.26,,,,,0.66,0.1,,,,,0.6562124344459311,0.6619517313616347,0.11539451939761276,0.094025944956094,0.3344051446945337,0.29464036621500406,0.01607213661973509,0.01112018724620896,,,0.31,0.15,0.14,0.64,0.01,0.34,0.08,0.01,0.0,0.188,0.39285714285714285,0.299989328586492,0.078,,0.007,,0.0,,False,96.0,99.0,96.0,88.0,93.0,91.0,91.0,92.0,94.0,high,high,high,high,high,high,high,high,high,2026-06-20
hitter,MIL,ATL,Garrett Mitchell,669003,7.0,CF,Confirmed,3.96,,,,,1.14,0.42,,,,,1.1174697466999874,1.1685126086031732,0.41065213480663243,0.4209675519445324,0.801980198019802,0.7592203747020378,0.049112427851553876,0.04609668806305113,,,0.78,0.35,0.29,1.44,0.05,1.18,0.16,0.01,0.0,0.255,1.239368165249089,1.1325077610953167,0.158,,0.01,,0.0,,False,96.0,99.0,96.0,88.0,93.0,91.0,91.0,92.0,94.0,high,high,high,high,high,high,high,high,high,2026-06-20
hitter,MIL,ATL,Cooper Pratt,806198,8.0,SS,Confirmed,2.55,,,,,0.62,0.18,,,,,0.6292762771060074,0.6066052582645667,0.20092828108856892,0.15893104308164646,0.4125159642401022,0.3908909074492589,0.01827683874119535,0.0057986366818734035,,,0.4,0.18,0.15,0.74,0.01,0.5,0.12,0.01,0.0,0.211,0.5302013422818792,0.4826529393753535,0.118,,0.007,,0.0,,False,96.0,99.0,96.0,88.0,93.0,91.0,91.0,92.0,94.0,high,high,high,high,high,high,high,high,high,2026-06-20
hitter,MIL,ATL,Joey Ortiz,687401,9.0,3B,Confirmed,2.55,,,,,0.47,0.13,,,,,0.4956765902996717,0.4384554490570862,0.14844125103362607,0.10404223806600855,0.4125159642401022,0.37664288304708027,0.017042714690409057,0.007082521874785427,,,0.39,0.19,0.17,0.84,0.01,0.6,0.1,0.01,0.0,0.219,0.6720588235294118,0.5347677442734264,0.099,,0.008,,0.0,,False,96.0,99.0,96.0,88.0,93.0,91.0,91.0,92.0,94.0,high,high,high,high,high,high,high,high,high,2026-06-20
hitter,HOU,CLE,Jeremy Peña,665161,1.0,SS,Confirmed,4.25,,,,,1.0,0.34,,,,,0.9791814428952216,1.0118477953238403,0.3330460350011727,0.3521060337494241,0.8694581280788177,0.8850899401995846,0.11307660660602198,0.129859472012183,,,0.88,0.49,0.38,1.96,0.12,1.37,0.21,0.01,0.0,0.281,1.3893129770992367,1.3622515031920865,0.212,,0.01,,0.0,,False,96.0,99.0,96.0,88.0,93.0,91.0,91.0,92.0,94.0,high,high,high,high,high,high,high,high,high,2026-06-20
hitter,HOU,CLE,Yordan Alvarez,670541,2.0,DH,Confirmed,4.25,,,,,1.1,0.62,,,,,1.1370600486177775,1.0623055670777193,0.6399199649441033,0.6097590851384846,0.801980198019802,0.8126786008961359,0.24215572432025279,0.23294472039158154,,,0.81,0.49,0.37,1.86,0.24,1.65,0.18,0.01,0.0,0.283,1.684375,1.6232444847836691,0.179,,0.009,,0.0,,False,96.0,99.0,96.0,88.0,93.0,91.0,91.0,92.0,94.0,high,high,high,high,high,high,high,high,high,2026-06-20
hitter,HOU,CLE,Christian Walker,572233,3.0,1B,Confirmed,4.14,,,,,1.39,0.32,,,,,1.3638508382084278,1.4161954704297868,0.3017672012904056,0.3321571767389827,0.7715355805243446,0.7588088931076953,0.2208769440467968,0.19276307403998366,,,0.76,0.45,0.41,1.85,0.21,1.44,0.19,0.01,0.0,0.266,1.4759615384615385,1.4039980932843859,0.186,,0.008,,0.0,,False,96.0,99.0,96.0,88.0,93.0,91.0,91.0,92.0,94.0,high,high,high,high,high,high,high,high,high,2026-06-20
hitter,HOU,CLE,Isaac Paredes,670623,4.0,1B,Confirmed,4.03,,,,,0.98,0.49,,,,,0.9746303754193809,0.979783814752995,0.49691199572288125,0.4785212054897521,0.7715355805243446,0.7371328333791147,0.17336655698027842,0.16372973581366326,,,0.75,0.47,0.41,1.87,0.17,1.26,0.17,0.01,0.0,0.287,1.3148148148148149,1.217583100099895,0.172,,0.008,,0.0,,False,96.0,99.0,96.0,88.0,93.0,91.0,91.0,92.0,94.0,high,high,high,high,high,high,high,high,high,2026-06-20
hitter,HOU,CLE,Jose Altuve,514888,5.0,2B,Confirmed,3.96,,,,,0.98,0.32,,,,,0.9629148630131282,0.9871799400514645,0.320056327304995,0.32935434442875056,0.707983193277311,0.7178772507443226,0.09039790779909598,0.09459211799349396,,,0.71,0.4,0.36,1.63,0.09,1.18,0.19,0.01,0.0,0.25,1.2089701690673165,1.1492363758225692,0.185,,0.009,,0.0,,False,96.0,99.0,96.0,88.0,93.0,91.0,91.0,92.0,94.0,high,high,high,high,high,high,high,high,high,2026-06-20
hitter,HOU,CLE,Yainer Diaz,673237,6.0,C,Confirmed,4.04,,,,,0.93,0.21,,,,,0.9190034315503582,0.9410846971439483,0.20307394252822555,0.2257694817466246,0.8694581280788177,0.8711926994627162,0.1516105575198098,0.1436468334801564,,,0.87,0.42,0.44,1.96,0.15,1.37,0.18,0.01,0.0,0.286,1.3893129770992367,1.3471395787341687,0.177,,0.009,,0.0,,False,96.0,99.0,96.0,88.0,93.0,91.0,91.0,92.0,94.0,high,high,high,high,high,high,high,high,high,2026-06-20
hitter,HOU,CLE,Cam Smith,701358,7.0,RF,Confirmed,4.18,,,,,1.35,0.37,,,,,1.2297943244920428,1.4759064167040459,0.346569078403407,0.3902469366693034,0.7715355805243446,0.7552248731170186,0.11566072171746786,0.11138588581876492,,,0.76,0.39,0.35,1.74,0.11,1.26,0.19,0.01,0.0,0.265,1.239368165249089,1.27802938761157,0.188,,0.009,,0.0,,False,96.0,99.0,96.0,88.0,93.0,91.0,91.0,92.0,94.0,high,high,high,high,high,high,high,high,high,2026-06-20
hitter,HOU,CLE,Jake Meyers,676694,8.0,CF,Confirmed,3.96,,,,,0.9,0.27,,,,,0.8485027950736793,0.9530450717995737,0.2486440185074262,0.2921435304346901,0.7715355805243446,0.7955646012255835,0.0689134636659931,0.07261916262030198,,,0.78,0.38,0.34,1.71,0.07,1.17,0.18,0.01,0.0,0.271,1.239368165249089,1.1147860201366162,0.18,,0.011,,0.0,,False,96.0,99.0,96.0,88.0,93.0,91.0,91.0,92.0,94.0,high,high,high,high,high,high,high,high,high,2026-06-20
hitter,HOU,CLE,Brice Matthews,694728,9.0,3B,Confirmed,1.84,,,,,0.96,0.15,,,,,1.1676776710064647,0.7579300030053318,0.17540692097463934,0.12137319775647734,0.3344051446945337,0.17758781067977888,0.0502158811920695,0.04568583568830313,,,0.25,0.17,0.15,0.73,0.05,0.51,0.11,0.01,0.0,0.272,0.6289308176100628,0.4150114096503437,0.111,,0.008,,0.0,,False,96.0,99.0,96.0,88.0,93.0,91.0,91.0,92.0,94.0,high,high,high,high,high,high,high,high,high,2026-06-20
hitter,CLE,HOU,Travis Bazzana,683953,1.0,2B,Confirmed,4.57,,,,,1.43,0.24,,,,,1.3365698232052696,1.5174524978826927,0.2188785200793806,0.25162743844578445,0.994208494208494,0.9945185349929674,0.1362378486942027,0.13138883689556646,,,0.99,0.53,0.38,2.01,0.13,1.53,0.19,0.01,0.0,0.293,1.4759615384615385,1.565843594089969,0.188,,0.01,,0.0,,False,96.0,99.0,96.0,88.0,93.0,91.0,91.0,92.0,94.0,high,high,high,high,high,high,high,high,high,2026-06-20
hitter,CLE,HOU,Kyle Manzardo,700932,2.0,1B,Confirmed,4.18,,,,,1.78,0.19,,,,,1.7177689970373997,1.8449590335147217,0.1800293011245535,0.19309695687988704,0.707983193277311,0.6920391017764254,0.1493275620398712,0.15265335403843192,,,0.7,0.43,0.31,1.61,0.15,1.29,0.16,0.01,0.0,0.26,1.239368165249089,1.3241463885890354,0.156,,0.01,,0.0,,False,96.0,99.0,96.0,88.0,93.0,91.0,91.0,92.0,94.0,high,high,high,high,high,high,high,high,high,2026-06-20
hitter,CLE,HOU,Brayan Rocchio,677587,3.0,SS,Confirmed,4.14,,,,,1.19,0.09,,,,,1.1148957235158385,1.2664345465985394,0.09956162522030691,0.07923134953464082,0.8949771689497716,0.9255254433852705,0.07042742257426327,0.08034318600935639,,,0.91,0.48,0.42,2.0,0.08,1.34,0.18,0.01,0.0,0.283,1.3148148148148149,1.359814538791953,0.18,,0.014,,0.0,,False,96.0,99.0,96.0,88.0,93.0,91.0,91.0,92.0,94.0,high,high,high,high,high,high,high,high,high,2026-06-20
hitter,CLE,HOU,Rhys Hoskins,656555,4.0,DH,Confirmed,3.81,,,,,1.61,0.09,,,,,1.5114689604616578,1.7087168592484052,0.10355549842559687,0.07798323880403946,0.7061469265367316,0.7079258511360313,0.1492853803617038,0.14116761996869454,,,0.71,0.38,0.33,1.51,0.15,1.26,0.14,0.01,0.0,0.251,1.239368165249089,1.2703005854928007,0.14,,0.009,,0.0,,False,96.0,99.0,96.0,88.0,93.0,91.0,91.0,92.0,94.0,high,high,high,high,high,high,high,high,high,2026-06-20
hitter,CLE,HOU,Daniel Schneemann,682177,5.0,3B,Confirmed,3.1,,,,,1.36,0.1,,,,,1.3534090077220098,1.3713640529306246,0.10436769550067229,0.10177720784685713,0.6434108527131783,0.5302621544289206,0.07551662679557111,0.06269823069077407,,,0.58,0.33,0.28,1.32,0.07,0.94,0.16,0.01,0.0,0.272,1.001763668430335,0.8940920524139976,0.158,,0.013,,0.0,,False,96.0,99.0,96.0,88.0,93.0,91.0,91.0,92.0,94.0,high,high,high,high,high,high,high,high,high,2026-06-20
hitter,CLE,HOU,Kahlil Watson,696135,6.0,RF,Confirmed,3.02,,,,,1.29,0.1,,,,,1.2810188584680142,1.2997728871428726,0.10335987233682532,0.09842053121735865,0.5290322580645161,0.4415128036156869,0.07062696670914617,0.07453597606484112,,,0.48,0.29,0.29,1.28,0.07,0.87,0.11,0.02,0.0,0.267,0.9875776397515532,0.7671541553642282,0.109,,0.016,,0.0,,False,96.0,99.0,96.0,88.0,93.0,91.0,91.0,92.0,94.0,high,high,high,high,high,high,high,high,high,2026-06-20
hitter,CLE,HOU,Steven Kwan,680757,7.0,LF,Confirmed,4.25,,,,,0.75,0.12,,,,,0.5203142678230337,0.9889371422725981,0.13340138428193543,0.11186896383141456,0.994208494208494,0.9836871593102716,0.06271538918636663,0.08651245893327751,,,0.99,0.43,0.37,1.9,0.07,1.4,0.22,0.01,0.0,0.294,1.3148148148148149,1.4685776905189751,0.221,,0.012,,0.0,,False,96.0,99.0,96.0,88.0,93.0,91.0,91.0,92.0,94.0,high,high,high,high,high,high,high,high,high,2026-06-20
hitter,CLE,HOU,Patrick Bailey,672275,8.0,C,Confirmed,3.96,,,,,1.6,0.1,,,,,1.4655562373986453,1.736065797333841,0.10493715550968473,0.09768462965712835,0.801980198019802,0.843090033503809,0.10113747444878071,0.11773689047514653,,,0.82,0.39,0.34,1.73,0.11,1.42,0.17,0.01,0.0,0.277,1.3148148148148149,1.5075952028607298,0.17,,0.012,,0.0,,False,96.0,99.0,96.0,88.0,93.0,91.0,91.0,92.0,94.0,high,high,high,high,high,high,high,high,high,2026-06-20
hitter,CLE,HOU,Petey Halpin,690984,9.0,CF,Confirmed,2.55,,,,,1.07,0.06,,,,,1.0382724512062382,1.1110443086828161,0.07285154079370884,0.04176961399103311,0.4125159642401022,0.308088253008944,0.03995354035965176,0.037469743140458374,,,0.36,0.21,0.18,0.92,0.04,0.61,0.1,0.01,0.0,0.235,0.6720588235294118,0.5583465882934554,0.095,,0.009,,0.0,,False,96.0,99.0,96.0,88.0,93.0,91.0,91.0,92.0,94.0,high,high,high,high,high,high,high,high,high,2026-06-20
hitter,PHI,NYM,Trea Turner,607208,1.0,SS,Confirmed,3.81,,,,,0.8,0.18,,,,,0.7689772087950509,0.8210398524276388,0.19579489180321713,0.173547742576814,0.8694581280788177,0.8338151796865774,0.03606787979850975,0.023607013314012732,,,0.85,0.34,0.25,1.3,0.03,1.09,0.16,0.01,0.0,0.227,1.1238670694864048,1.066863476249724,0.159,,0.01,,0.0,,False,96.0,99.0,96.0,88.0,93.0,91.0,91.0,92.0,94.0,high,high,high,high,high,high,high,high,high,2026-06-20
hitter,PHI,NYM,Kyle Schwarber,656941,2.0,DH,Confirmed,4.51,,,,,1.32,0.52,,,,,1.31996549481847,1.3230962735763878,0.536948761583884,0.5061284631234995,0.994208494208494,0.9586285373509618,0.11464002721173452,0.13849940191675164,,,0.97,0.52,0.35,1.74,0.13,1.66,0.16,0.01,0.0,0.301,1.684375,1.6325787979001658,0.161,,0.007,,0.0,,False,96.0,99.0,96.0,88.0,93.0,91.0,91.0,92.0,94.0,high,high,high,high,high,high,high,high,high,2026-06-20
hitter,PHI,NYM,Bryce Harper,547180,3.0,1B,Confirmed,4.26,,,,,0.94,0.4,,,,,0.9339851579777873,0.9381151670201929,0.39135676776817074,0.4044765225115476,1.0980834272829765,1.0423129434275515,0.056598164028270004,0.052459445982340897,,,1.07,0.51,0.41,1.92,0.05,1.45,0.18,0.01,0.0,0.308,1.4759615384615385,1.425299433891095,0.18,,0.008,,0.0,,False,96.0,99.0,96.0,88.0,93.0,91.0,91.0,92.0,94.0,high,high,high,high,high,high,high,high,high,2026-06-20
hitter,PHI,NYM,Brandon Marsh,669016,4.0,LF,Confirmed,4.04,,,,,1.05,0.27,,,,,1.048816729745014,1.0535014616040597,0.2605451403131444,0.2722817516417283,0.994208494208494,0.9194077968392217,0.04184667688387816,0.03198342816777721,,,0.95,0.42,0.35,1.64,0.04,1.21,0.17,0.01,0.0,0.262,1.239368165249089,1.1858187354809675,0.171,,0.008,,0.0,,False,96.0,99.0,96.0,88.0,93.0,91.0,91.0,92.0,94.0,high,high,high,high,high,high,high,high,high,2026-06-20
hitter,PHI,NYM,Alec Bohm,664761,5.0,3B,Confirmed,4.18,,,,,0.64,0.19,,,,,0.6415890857778656,0.6463523884027998,0.2009956728926981,0.1825842319966387,1.0,1.0295172447533936,0.04770907816145836,0.051339948557640416,,,1.02,0.42,0.36,1.68,0.05,1.4,0.21,0.01,0.0,0.254,1.3893129770992367,1.406815580015506,0.207,,0.008,,0.0,,False,96.0,99.0,96.0,88.0,93.0,91.0,91.0,92.0,94.0,high,high,high,high,high,high,high,high,high,2026-06-20
hitter,PHI,NYM,Bryson Stott,681082,6.0,2B,Confirmed,3.96,,,,,0.69,0.3,,,,,0.6548818792578732,0.7165824106361676,0.32572274322719896,0.28135198225072017,0.8888888888888888,0.87811742670925,0.035429823901502774,0.03764641364041822,,,0.88,0.34,0.31,1.42,0.04,1.22,0.15,0.01,0.0,0.254,1.239368165249089,1.2010005015715453,0.149,,0.007,,0.0,,False,96.0,99.0,96.0,88.0,93.0,91.0,91.0,92.0,94.0,high,high,high,high,high,high,high,high,high,2026-06-20
hitter,PHI,NYM,J.T. Realmuto,592663,7.0,C,Confirmed,3.89,,,,,0.88,0.19,,,,,0.8216737829087122,0.9448948618642494,0.20668036805070214,0.1770433480962092,0.994208494208494,0.908618967931028,0.04884492029446811,0.0479177918456692,,,0.95,0.33,0.28,1.38,0.05,1.35,0.17,0.01,0.0,0.243,1.3893129770992367,1.3180377685962774,0.168,,0.009,,0.0,,False,96.0,99.0,96.0,88.0,93.0,91.0,91.0,92.0,94.0,high,high,high,high,high,high,high,high,high,2026-06-20
hitter,PHI,NYM,Gabriel Rincones Jr.,687282,8.0,RF,Confirmed,3.1,,,,,0.83,0.13,,,,,0.7657211507146288,0.8928498923578279,0.14592754704191482,0.12349737662922355,0.707983193277311,0.6571704064196267,0.03757176403529684,0.03616492724127264,,,0.68,0.27,0.23,1.14,0.04,0.99,0.15,0.01,0.0,0.25,1.1238670694864048,0.8816228400524081,0.154,,0.01,,0.0,,False,96.0,99.0,96.0,88.0,93.0,91.0,91.0,92.0,94.0,high,high,high,high,high,high,high,high,high,2026-06-20
hitter,PHI,NYM,Justin Crawford,702222,9.0,CF,Confirmed,3.54,,,,,0.81,0.16,,,,,0.7593935553023619,0.8635024154207578,0.15371222026765652,0.16587397769033538,0.8694581280788177,0.8111887339605898,0.029140041401286624,0.024826117363550955,,,0.84,0.29,0.25,1.24,0.03,1.06,0.15,0.01,0.0,0.234,1.1521739130434783,0.9893613144671417,0.151,,0.007,,0.0,,False,96.0,99.0,96.0,88.0,93.0,91.0,91.0,92.0,94.0,high,high,high,high,high,high,high,high,high,2026-06-20
hitter,NYM,PHI,Carson Benge,701807,1.0,RF,Confirmed,4.51,,,,,1.08,0.2,,,,,1.0456379202889534,1.1175834713895372,0.19659415948324396,0.19550340210551156,1.0980834272829765,1.2022530791101307,0.21309604883723304,0.23143020596399602,,,1.16,0.61,0.51,2.26,0.22,2.08,0.24,0.01,0.0,0.323,2.057017543859649,2.0973671150672546,0.239,,0.012,,0.0,,False,96.0,99.0,96.0,88.0,93.0,91.0,91.0,92.0,94.0,high,high,high,high,high,high,high,high,high,2026-06-20
hitter,NYM,PHI,Bo Bichette,666182,2.0,3B,Confirmed,4.57,,,,,0.78,0.23,,,,,0.7894072165893233,0.7652788979801629,0.22829961171908042,0.2346088959799711,1.1391752577319587,1.2294530478651302,0.2257389095608066,0.25576854019445716,,,1.19,0.76,0.64,2.89,0.24,2.17,0.2,0.01,0.0,0.391,2.057017543859649,2.2665789090466593,0.195,,0.009,,0.0,,False,96.0,99.0,96.0,88.0,93.0,91.0,91.0,92.0,94.0,high,high,high,high,high,high,high,high,high,2026-06-20
hitter,NYM,PHI,Juan Soto,665742,3.0,LF,Confirmed,4.61,,,,,1.0,0.42,,,,,1.021326629311579,0.9769024935018595,0.4126829549605018,0.43029638026824596,1.0980834272829765,1.0946292247382547,0.3931219746654638,0.44931539107036167,,,1.1,0.74,0.72,2.6,0.42,2.58,0.14,0.01,0.0,0.375,2.456692913385827,2.672848779378513,0.137,,0.008,,0.0,,False,96.0,99.0,96.0,88.0,93.0,91.0,91.0,92.0,94.0,high,high,high,high,high,high,high,high,high,2026-06-20
hitter,NYM,PHI,Marcus Semien,543760,4.0,2B,Confirmed,4.39,,,,,0.91,0.32,,,,,0.8816104002367743,0.9456279406306429,0.3204513766184772,0.312575141725529,1.0980834272829765,1.07877930082706,0.2719811278780209,0.28077820336244036,,,1.09,0.64,0.61,2.35,0.28,1.97,0.2,0.01,0.0,0.35,1.914285714285714,2.019766155304829,0.197,,0.008,,0.0,,False,96.0,99.0,96.0,88.0,93.0,91.0,91.0,92.0,94.0,high,high,high,high,high,high,high,high,high,2026-06-20
hitter,NYM,PHI,Eric Wagaman,676572,5.0,3B,Confirmed,2.55,,,,,0.73,0.1,,,,,0.7733112565119006,0.6923218780802168,0.11849245249102996,0.09096593288058041,0.6434108527131783,0.478135561855589,0.18554849568202883,0.12905361941428078,,,0.55,0.41,0.41,1.53,0.16,1.08,0.13,0.01,0.0,0.381,1.239368165249089,0.946532000959005,0.128,,0.007,,0.0,,False,96.0,99.0,96.0,88.0,93.0,91.0,91.0,92.0,94.0,high,high,high,high,high,high,high,high,high,2026-06-20
hitter,NYM,PHI,Francisco Alvarez,682626,6.0,DH,Confirmed,3.74,,,,,1.07,0.18,,,,,1.0591185351982837,1.0889484625125558,0.19042344564261107,0.16932811902407863,0.801980198019802,0.79480745290823,0.2430289553390134,0.20432075051706147,,,0.8,0.51,0.57,2.07,0.22,1.6,0.16,0.01,0.0,0.363,1.684375,1.525088868407682,0.16,,0.007,,0.0,,False,96.0,99.0,96.0,88.0,93.0,91.0,91.0,92.0,94.0,high,high,high,high,high,high,high,high,high,2026-06-20
hitter,NYM,PHI,Mark Vientos,668901,7.0,1B,Confirmed,3.96,,,,,1.07,0.17,,,,,0.9985422840265966,1.1375751869703583,0.16426802269716959,0.1682069503482987,1.0,1.0672452598481905,0.324077927087811,0.2820107373005371,,,1.04,0.57,0.57,2.24,0.3,2.05,0.18,0.01,0.0,0.381,2.057017543859649,2.04340488477161,0.184,,0.008,,0.0,,False,96.0,99.0,96.0,88.0,93.0,91.0,91.0,92.0,94.0,high,high,high,high,high,high,high,high,high,2026-06-20
hitter,NYM,PHI,Luis Torrens,620443,8.0,C,Confirmed,4.04,,,,,0.62,0.25,,,,,0.6085554920330167,0.6321280744881949,0.248830254779418,0.24278308791022438,1.0980834272829765,1.1398845472115013,0.02643391469174967,0.022877398112323408,,,1.12,0.48,0.45,2.03,0.02,1.45,0.15,0.01,0.0,0.32,1.3893129770992367,1.4943332764905504,0.149,,0.008,,0.0,,False,96.0,99.0,96.0,88.0,93.0,91.0,91.0,92.0,94.0,high,high,high,high,high,high,high,high,high,2026-06-20
hitter,NYM,PHI,Zack Short,670097,9.0,P,Confirmed,3.02,,,,,0.96,0.13,,,,,0.9514942537365255,0.9669842752277533,0.1582049090923935,0.09200627481548804,0.6506024096385542,0.5269627261822523,0.1456165954203126,0.13674073544674128,,,0.58,0.36,0.35,1.41,0.14,1.15,0.12,0.01,0.0,0.32,1.239368165249089,1.0778154830916529,0.124,,0.006,,0.0,,False,96.0,99.0,96.0,88.0,93.0,91.0,91.0,92.0,94.0,high,high,high,high,high,high,high,high,high,2026-06-20
hitter,COL,PIT,Jake McCarthy,664983,1.0,RF,Confirmed,3.81,,,,,0.4,0.2,,,,,0.3759687070539516,0.41817188140073797,0.19982042988437168,0.19267498039952544,0.8949771689497716,0.8515721079791669,0.06110881225509742,0.06102313499611972,,,0.87,0.37,0.31,1.39,0.06,1.2,0.09,0.02,0.0,0.236,1.239368165249089,1.1596261148688494,0.09,,0.016,,0.0,,False,96.0,99.0,96.0,88.0,93.0,91.0,91.0,92.0,94.0,high,high,high,high,high,high,high,high,high,2026-06-20
hitter,COL,PIT,Willi Castro,650489,2.0,2B,Confirmed,3.81,,,,,0.52,0.37,,,,,0.4178449832015271,0.6143809475338088,0.37430942294632963,0.37203177409788873,0.8694581280788177,0.8007665060134055,0.12646957452509802,0.10337522453030479,,,0.83,0.46,0.38,1.54,0.11,1.27,0.09,0.01,0.0,0.289,1.3148148148148149,1.2388162039687873,0.089,,0.009,,0.0,,False,96.0,99.0,96.0,88.0,93.0,91.0,91.0,92.0,94.0,high,high,high,high,high,high,high,high,high,2026-06-20
hitter,COL,PIT,TJ Rumfield,681198,3.0,1B,Confirmed,4.18,,,,,0.32,0.39,,,,,0.3221522183109372,0.320053867674,0.40216194489284973,0.3854236545666056,0.994208494208494,0.9667327830708404,0.0686802444692724,0.08894539130918959,,,0.98,0.45,0.4,1.66,0.08,1.42,0.12,0.01,0.0,0.268,1.4476190476190476,1.3962886865745339,0.119,,0.009,,0.0,,False,96.0,99.0,96.0,88.0,93.0,91.0,91.0,92.0,94.0,high,high,high,high,high,high,high,high,high,2026-06-20
hitter,COL,PIT,Hunter Goodman,696100,4.0,C,Confirmed,3.96,,,,,0.64,0.34,,,,,0.5468744014565337,0.7389850354884347,0.36047566197065684,0.3277596100291067,0.994208494208494,0.8902805381726928,0.21691329843400364,0.18973977907403963,,,0.94,0.54,0.54,1.85,0.2,1.67,0.11,0.01,0.0,0.317,1.914285714285714,1.4785942790630981,0.107,,0.009,,0.0,,False,96.0,99.0,96.0,88.0,93.0,91.0,91.0,92.0,94.0,high,high,high,high,high,high,high,high,high,2026-06-20
hitter,COL,PIT,Troy Johnston,687859,5.0,DH,Confirmed,4.04,,,,,0.63,0.31,,,,,0.632810036691427,0.6307385025489837,0.30930442782411327,0.3197365260335476,0.8694581280788177,0.7798129688985426,0.10155553850649296,0.10024689464344753,,,0.82,0.43,0.4,1.64,0.1,1.22,0.11,0.01,0.0,0.26,1.239368165249089,1.198456043380693,0.11,,0.01,,0.0,,False,96.0,99.0,96.0,88.0,93.0,91.0,91.0,92.0,94.0,high,high,high,high,high,high,high,high,high,2026-06-20
hitter,COL,PIT,Cole Carrigg,694249,6.0,CF,Confirmed,4.14,,,,,0.66,0.41,,,,,0.5544215349294893,0.7681456680849603,0.42110612100968436,0.404097202426198,1.0,0.9853658628705122,0.10191863775565321,0.12296330695741334,,,0.99,0.43,0.46,1.7,0.11,1.58,0.11,0.01,0.0,0.287,1.5956790123456794,1.569251651936146,0.108,,0.012,,0.0,,False,96.0,99.0,96.0,88.0,93.0,91.0,91.0,92.0,94.0,high,high,high,high,high,high,high,high,high,2026-06-20
hitter,COL,PIT,Edouard Julien,666397,7.0,2B,Confirmed,3.74,,,,,0.63,0.18,,,,,0.5205818133872768,0.7324250567556129,0.1842840508146855,0.1694597456677074,0.801980198019802,0.7745635613927012,0.15969989216168196,0.15666594903217781,,,0.79,0.37,0.35,1.42,0.16,1.3,0.09,0.01,0.0,0.27,1.3148148148148149,1.2842104389991456,0.092,,0.009,,0.0,,False,96.0,99.0,96.0,88.0,93.0,91.0,91.0,92.0,94.0,high,high,high,high,high,high,high,high,high,2026-06-20
hitter,COL,PIT,Ezequiel Tovar,678662,8.0,SS,Confirmed,3.96,,,,,0.59,0.25,,,,,0.5103274234824033,0.668321033319828,0.23801342133046074,0.25258775079401,0.8888888888888888,0.8251569504785474,0.16501161434919145,0.13297167361889362,,,0.85,0.39,0.39,1.48,0.15,1.55,0.09,0.01,0.0,0.262,1.684375,1.4367257873048098,0.091,,0.01,,0.0,,False,96.0,99.0,96.0,88.0,93.0,91.0,91.0,92.0,94.0,high,high,high,high,high,high,high,high,high,2026-06-20
hitter,COL,PIT,Sterlin Thompson,694514,9.0,LF,Confirmed,3.02,,,,,0.49,0.18,,,,,0.40418965437390986,0.5779503571180987,0.1950211444089208,0.17230916259504614,0.6434108527131783,0.5342007603856821,0.079792424783108,0.0625401948161952,,,0.58,0.24,0.23,0.89,0.07,0.88,0.08,0.01,0.0,0.221,1.001763668430335,0.777382815617623,0.081,,0.009,,0.0,,False,96.0,99.0,96.0,88.0,93.0,91.0,91.0,92.0,94.0,high,high,high,high,high,high,high,high,high,2026-06-20
hitter,PIT,COL,Spencer Horwitz,687462,1.0,1B,Confirmed,4.74,,,,,0.93,0.17,,,,,0.8624819397247808,0.9975769068238479,0.12251601105751857,0.21243888906108424,0.707983193277311,0.8235919251916599,0.033515384370053525,0.03957591644963561,,,0.77,0.61,0.45,2.2,0.04,1.07,0.24,0.01,0.0,0.33,0.9875776397515532,1.1313633911285008,0.242,,0.009,,0.0,,False,96.0,99.0,96.0,88.0,93.0,91.0,91.0,92.0,94.0,high,high,high,high,high,high,high,high,high,2026-06-20
hitter,PIT,COL,Brandon Lowe,664040,2.0,2B,Confirmed,4.74,,,,,1.55,0.16,,,,,1.4466617443717764,1.6519074726942806,0.10313841689311892,0.21910014529236393,0.7061469265367316,0.8287829822815751,0.05191563640283024,0.07531503831124597,,,0.77,0.65,0.51,2.31,0.06,1.11,0.25,0.01,0.0,0.347,0.9875776397515532,1.2018039293268337,0.246,,0.014,,0.0,,False,96.0,99.0,96.0,88.0,93.0,91.0,91.0,92.0,94.0,high,high,high,high,high,high,high,high,high,2026-06-20
hitter,PIT,COL,Bryan Reynolds,668804,3.0,LF,Confirmed,4.61,,,,,1.32,0.16,,,,,1.2044972725152152,1.43371719574071,0.10589496833275186,0.20961447233394156,0.6434108527131783,0.79145634852573,0.04881282323316534,0.08453973137117803,,,0.72,0.63,0.56,2.28,0.07,1.02,0.24,0.03,0.0,0.344,0.9875776397515532,1.0490008833719147,0.241,,0.025,,0.0,,False,96.0,99.0,96.0,88.0,93.0,91.0,91.0,92.0,94.0,high,high,high,high,high,high,high,high,high,2026-06-20
hitter,PIT,COL,Ryan O'Hearn,656811,4.0,DH,Confirmed,4.57,,,,,1.28,0.13,,,,,1.168518455951652,1.3878389861472562,0.10394098131132547,0.1644720801472541,0.7061469265367316,0.7801567624587711,0.03131611242690498,0.04777675349665132,,,0.75,0.59,0.52,2.22,0.04,0.89,0.18,0.01,0.0,0.322,0.7899761336515513,0.9797928231471004,0.18,,0.013,,0.0,,False,96.0,99.0,96.0,88.0,93.0,91.0,91.0,92.0,94.0,high,high,high,high,high,high,high,high,high,2026-06-20
hitter,PIT,COL,Nick Gonzales,693304,5.0,3B,Confirmed,4.68,,,,,0.93,0.1,,,,,0.828222396981642,1.0261529266188887,0.07474420701323434,0.1172047794590938,0.7715355805243446,0.8435465727389956,0.025545390991333457,0.030256981708605298,,,0.81,0.7,0.63,2.82,0.03,0.97,0.22,0.02,0.0,0.36,0.8408408408408409,1.0723046228415116,0.221,,0.019,,0.0,,False,96.0,99.0,96.0,88.0,93.0,91.0,91.0,92.0,94.0,high,high,high,high,high,high,high,high,high,2026-06-20
hitter,PIT,COL,Tyler Callihan,682997,6.0,RF,Confirmed,3.49,,,,,1.1,0.1,,,,,1.038038356771854,1.1701752140070854,0.09396708996448573,0.10757270605136857,0.4125159642401022,0.445739019151917,0.02968262329323379,0.040869191479693666,,,0.43,0.43,0.42,1.72,0.04,0.66,0.16,0.01,0.0,0.349,0.6720588235294118,0.6452050442466147,0.162,,0.009,,0.0,,False,96.0,99.0,96.0,88.0,93.0,91.0,91.0,92.0,94.0,high,high,high,high,high,high,high,high,high,2026-06-20
hitter,PIT,COL,Jake Mangum,663968,7.0,CF,Confirmed,4.25,,,,,0.41,0.24,,,,,0.4281615147688903,0.40111076004592794,0.23673430163431083,0.24869993134894208,1.4947368421052631,1.3667286170566744,0.030210936877822236,0.019614643925965725,,,1.42,0.45,0.4,1.94,0.02,1.61,0.19,0.02,0.0,0.297,1.5956790123456794,1.6266181709410585,0.189,,0.017,,0.0,,False,96.0,99.0,96.0,88.0,93.0,91.0,91.0,92.0,94.0,high,high,high,high,high,high,high,high,high,2026-06-20
hitter,PIT,COL,Jared Triolo,669707,8.0,SS,Confirmed,4.18,,,,,1.15,0.12,,,,,0.9839896460960321,1.310586908794126,0.10129753448290299,0.14460461976279032,0.5290322580645161,0.6599354294050117,0.021850148019963166,0.015078820433670512,,,0.6,0.44,0.38,1.82,0.02,0.76,0.18,0.01,0.0,0.306,0.6720588235294118,0.8259574602780053,0.177,,0.015,,0.0,,False,96.0,99.0,96.0,88.0,93.0,91.0,91.0,92.0,94.0,high,high,high,high,high,high,high,high,high,2026-06-20
hitter,PIT,COL,Henry Davis,680779,9.0,C,Confirmed,4.18,,,,,0.82,0.28,,,,,0.7766160631079428,0.868894728956465,0.27160422514798643,0.2940831278569067,1.1702127659574468,1.1139694746089894,0.0735643749235704,0.10185354922318794,,,1.14,0.52,0.49,2.11,0.09,1.86,0.21,0.01,0.0,0.344,1.914285714285714,1.8245664623895306,0.209,,0.01,,0.0,,False,96.0,99.0,96.0,88.0,93.0,91.0,91.0,92.0,94.0,high,high,high,high,high,high,high,high,high,2026-06-20
hitter,ATH,LAA,Nick Kurtz,701762,1.0,1B,Confirmed,4.51,,,,,1.45,1.11,,,,,1.49944648474611,1.4057108369639244,1.2153645545482479,0.9950130080424284,0.994208494208494,0.9894976803915552,0.3157212340695759,0.2843819098349915,,,0.99,0.67,0.51,2.18,0.3,1.87,0.16,0.02,0.0,0.377,2.057017543859649,1.725330355911852,0.161,,0.018,,0.0,,False,96.0,99.0,96.0,88.0,93.0,91.0,91.0,92.0,94.0,high,high,high,high,high,high,high,high,high,2026-06-20
hitter,ATH,LAA,Shea Langeliers,669127,2.0,C,Confirmed,4.51,,,,,0.94,0.56,,,,,0.9232430924928235,0.9536917207629989,0.6070917525943551,0.5213672258436223,1.0980834272829765,1.0696879236539518,0.23855130588808018,0.21621338987338143,,,1.08,0.55,0.44,1.98,0.23,2.03,0.23,0.02,0.0,0.304,2.057017543859649,2.0070929161239026,0.228,,0.016,,0.0,,False,96.0,99.0,96.0,88.0,93.0,91.0,91.0,92.0,94.0,high,high,high,high,high,high,high,high,high,2026-06-20
hitter,ATH,LAA,Tyler Soderstrom,691016,3.0,LF,Confirmed,4.26,,,,,1.01,0.71,,,,,1.0140092739981867,1.0084037751701052,0.7556440701196446,0.6624780710774807,1.0980834272829765,1.001115706199374,0.15865060136894207,0.14797945090629872,,,1.04,0.59,0.5,2.19,0.15,1.79,0.16,0.02,0.0,0.348,1.914285714285714,1.6896229595697494,0.161,,0.024,,0.0,,False,96.0,99.0,96.0,88.0,93.0,91.0,91.0,92.0,94.0,high,high,high,high,high,high,high,high,high,2026-06-20
hitter,ATH,LAA,Jacob Wilson,805779,4.0,SS,Confirmed,4.26,,,,,0.51,0.44,,,,,0.46300191384853884,0.5631744480448206,0.4169705395742006,0.4545971136144437,1.0980834272829765,1.0990949509125458,0.08565401385453048,0.079540713900972,,,1.1,0.52,0.45,2.08,0.08,1.59,0.22,0.01,0.0,0.307,1.684375,1.5120379755795643,0.221,,0.012,,0.0,,False,96.0,99.0,96.0,88.0,93.0,91.0,91.0,92.0,94.0,high,high,high,high,high,high,high,high,high,2026-06-20
hitter,ATH,LAA,Jonah Heim,641680,5.0,DH,Confirmed,3.49,,,,,0.78,0.4,,,,,0.7902947188619799,0.77869012620265,0.3905866850515831,0.40636504662853096,0.801980198019802,0.6883366407587316,0.10424235625780248,0.08549093702036302,,,0.74,0.37,0.32,1.4,0.09,1.17,0.16,0.02,0.0,0.268,1.239368165249089,1.1082240841266926,0.163,,0.015,,0.0,,False,96.0,99.0,96.0,88.0,93.0,91.0,91.0,92.0,94.0,high,high,high,high,high,high,high,high,high,2026-06-20
hitter,ATH,LAA,Lawrence Butler,671732,6.0,RF,Confirmed,3.81,,,,,1.15,0.54,,,,,1.1462511750003173,1.1504027146736386,0.5741505092213022,0.5029001854579498,0.7715355805243446,0.7510980108366424,0.1262672854649147,0.14858139291111672,,,0.76,0.35,0.34,1.4,0.14,1.3,0.14,0.02,0.0,0.266,1.3450747293461205,1.270678265867609,0.139,,0.016,,0.0,,False,96.0,99.0,96.0,88.0,93.0,91.0,91.0,92.0,94.0,high,high,high,high,high,high,high,high,high,2026-06-20
hitter,ATH,LAA,Henry Bolte,703607,7.0,CF,Confirmed,3.96,,,,,1.07,0.42,,,,,1.0637482477403395,1.0729709465967934,0.4280486983942252,0.4089039386664561,0.994208494208494,0.8572677578534509,0.10256445105024836,0.117119260725467,,,0.92,0.38,0.33,1.59,0.11,1.38,0.19,0.01,0.0,0.273,1.3893129770992367,1.370947606041632,0.188,,0.012,,0.0,,False,96.0,99.0,96.0,88.0,93.0,91.0,91.0,92.0,94.0,high,high,high,high,high,high,high,high,high,2026-06-20
hitter,ATH,LAA,Max Muncy,691777,8.0,3B,Confirmed,4.08,,,,,1.26,0.46,,,,,1.2318185304336118,1.2960535901744947,0.47895475116343766,0.43945083750102415,0.801980198019802,0.8312163895523027,0.11969218157174102,0.1428270329598717,,,0.82,0.37,0.32,1.5,0.13,1.39,0.13,0.01,0.0,0.257,1.3893129770992367,1.3854403288528596,0.133,,0.011,,0.0,,False,96.0,99.0,96.0,88.0,93.0,91.0,91.0,92.0,94.0,high,high,high,high,high,high,high,high,high,2026-06-20
hitter,ATH,LAA,Jeff McNeil,643446,9.0,2B,Confirmed,3.33,,,,,0.53,0.41,,,,,0.5406053931274926,0.5112492158624047,0.4169894369484093,0.4041498134336725,0.801980198019802,0.6805989181775479,0.08079956704895228,0.06517151566662617,,,0.74,0.32,0.27,1.3,0.07,1.14,0.16,0.01,0.0,0.284,1.239368165249089,1.0619284477378605,0.164,,0.011,,0.0,,False,96.0,99.0,96.0,88.0,93.0,91.0,91.0,92.0,94.0,high,high,high,high,high,high,high,high,high,2026-06-20
hitter,LAA,ATH,Zach Neto,687263,1.0,SS,Confirmed,4.45,,,,,1.27,0.89,,,,,1.250518537195038,1.2857350430885137,0.9679607201105704,0.8219544711393775,1.0,0.8957038748881342,0.3420611659581898,0.4154541080510545,,,0.94,0.52,0.37,1.88,0.38,2.12,0.17,0.01,0.0,0.298,2.057017543859649,2.1739381318758237,0.166,,0.009,,0.0,,False,96.0,99.0,96.0,88.0,93.0,91.0,91.0,92.0,94.0,high,high,high,high,high,high,high,high,high,2026-06-20
hitter,LAA,ATH,Nolan Schanuel,694384,2.0,1B,Confirmed,4.18,,,,,0.56,0.66,,,,,0.5355881679710347,0.593552959909583,0.680837313121039,0.6456107381617108,0.994208494208494,0.871103065830602,0.1166653776379313,0.11076361460799601,,,0.93,0.43,0.3,1.61,0.11,1.53,0.19,0.01,0.0,0.27,1.5956790123456794,1.4806456206505607,0.186,,0.012,,0.0,,False,96.0,99.0,96.0,88.0,93.0,91.0,91.0,92.0,94.0,high,high,high,high,high,high,high,high,high,2026-06-20
hitter,LAA,ATH,Vaughn Grissom,687093,3.0,DH,Confirmed,3.49,,,,,0.71,0.32,,,,,0.6565393922635863,0.768362617017714,0.3312388632106026,0.315689706318832,0.3344051446945337,0.3546821722940159,0.027151455735454223,0.03271548418081185,,,0.35,0.35,0.28,1.34,0.03,0.43,0.13,0.01,0.0,0.253,0.39285714285714285,0.4609880797594566,0.125,,0.009,,0.0,,False,96.0,99.0,96.0,88.0,93.0,91.0,91.0,92.0,94.0,high,high,high,high,high,high,high,high,high,2026-06-20
hitter,LAA,ATH,Jo Adell,666176,4.0,RF,Confirmed,4.25,,,,,1.06,0.55,,,,,1.0121299171616245,1.114801006646639,0.5864169655441417,0.5169326240331937,1.0980834272829765,0.9556259305192623,0.34828487963138327,0.3534322168959229,,,1.02,0.48,0.41,1.88,0.35,2.1,0.22,0.01,0.0,0.283,2.057017543859649,2.1361067596487158,0.222,,0.008,,0.0,,False,96.0,99.0,96.0,88.0,93.0,91.0,91.0,92.0,94.0,high,high,high,high,high,high,high,high,high,2026-06-20
hitter,LAA,ATH,Wade Meckler,685133,5.0,LF,Confirmed,4.04,,,,,0.94,0.54,,,,,0.8725608857531257,1.0114864749318913,0.5463641280845127,0.5368179677823525,0.7715355805243446,0.7498893771570637,0.11289627694824203,0.1368290390016817,,,0.76,0.38,0.31,1.5,0.12,1.2,0.17,0.01,0.0,0.245,1.239368165249089,1.1625262297407772,0.168,,0.01,,0.0,,False,96.0,99.0,96.0,88.0,93.0,91.0,91.0,92.0,94.0,high,high,high,high,high,high,high,high,high,2026-06-20
hitter,LAA,ATH,Denzer Guzman,694203,6.0,3B,Confirmed,4.04,,,,,1.14,0.52,,,,,1.077156120724018,1.2045741708285767,0.5423794901614004,0.5046453532996861,0.8694581280788177,0.7963307449732114,0.24007796173342838,0.21730287614865818,,,0.83,0.34,0.33,1.47,0.23,1.71,0.2,0.01,0.0,0.248,1.684375,1.7343431729848302,0.199,,0.009,,0.0,,False,96.0,99.0,96.0,88.0,93.0,91.0,91.0,92.0,94.0,high,high,high,high,high,high,high,high,high,2026-06-20
hitter,LAA,ATH,Donovan Walton,622268,7.0,2B,Confirmed,3.49,,,,,0.55,0.19,,,,,0.5658114859599405,0.530828428701429,0.18533666693679127,0.19020259940438575,1.0980834272829765,0.9513981614130473,0.12300071827334197,0.11850911448071859,,,1.02,0.33,0.27,1.37,0.12,1.65,0.16,0.01,0.0,0.275,1.914285714285714,1.432414556911366,0.163,,0.012,,0.0,,False,96.0,99.0,96.0,88.0,93.0,91.0,91.0,92.0,94.0,high,high,high,high,high,high,high,high,high,2026-06-20
hitter,LAA,ATH,Jose Siri,642350,8.0,CF,Confirmed,3.54,,,,,1.09,0.59,,,,,1.0205446218735066,1.152244027814529,0.6199024061981468,0.5539337006089214,0.5290322580645161,0.4935538361628591,0.14482748906873016,0.14286391762046896,,,0.51,0.27,0.21,1.06,0.14,1.18,0.14,0.01,0.0,0.23,1.239368165249089,1.136192264537023,0.14,,0.009,,0.0,,False,96.0,99.0,96.0,88.0,93.0,91.0,91.0,92.0,94.0,high,high,high,high,high,high,high,high,high,2026-06-20
hitter,LAA,ATH,Tyler Heineman,623168,9.0,C,Confirmed,2.26,,,,,0.84,0.06,,,,,0.8698907619795904,0.8095588906357203,0.08279875652469706,0.04178181806960092,0.3344051446945337,0.2577317720262112,0.04021291922490585,0.04502179958946546,,,0.29,0.15,0.13,0.63,0.04,0.43,0.11,0.01,0.0,0.201,0.4591194968553459,0.41212271635878195,0.112,,0.008,,0.0,,False,96.0,99.0,96.0,88.0,93.0,91.0,91.0,92.0,94.0,high,high,high,high,high,high,high,high,high,2026-06-20
hitter,LAD,BAL,Shohei Ohtani,660271,1.0,DH,Confirmed,4.25,,,,,1.01,0.98,,,,,1.0445665954886458,0.9826010981187213,1.0212748635090938,0.939678664284761,0.801980198019802,0.7630283376468557,0.11849233096324749,0.12216324482708056,,,0.78,0.53,0.34,1.74,0.12,1.29,0.14,0.01,0.0,0.334,1.239368165249089,1.3402190737201358,0.139,,0.012,,0.0,,False,96.0,99.0,96.0,88.0,93.0,91.0,91.0,92.0,94.0,high,high,high,high,high,high,high,high,high,2026-06-20
hitter,LAD,BAL,Andy Pages,681624,2.0,CF,Confirmed,4.04,,,,,1.16,0.38,,,,,1.1829444619959377,1.1383257203190447,0.40087966091675054,0.35052363991791163,0.994208494208494,0.9218550634141686,0.05159401934000353,0.04550157324549538,,,0.95,0.38,0.27,1.42,0.05,1.27,0.16,0.01,0.0,0.238,1.3148148148148149,1.237381264969263,0.155,,0.007,,0.0,,False,96.0,99.0,96.0,88.0,93.0,91.0,91.0,92.0,94.0,high,high,high,high,high,high,high,high,high,2026-06-20
hitter,LAD,BAL,Freddie Freeman,518692,3.0,1B,Confirmed,4.18,,,,,1.12,0.67,,,,,1.2043550893446566,1.0318650221040224,0.7337972337762165,0.6134725923733166,1.0980834272829765,0.9953796331151196,0.05346649930680609,0.05547356430720484,,,1.04,0.46,0.35,1.69,0.05,1.39,0.16,0.01,0.0,0.292,1.4476190476190476,1.3434975020130957,0.158,,0.008,,0.0,,False,96.0,99.0,96.0,88.0,93.0,91.0,91.0,92.0,94.0,high,high,high,high,high,high,high,high,high,2026-06-20
hitter,LAD,BAL,Mookie Betts,605141,4.0,SS,Confirmed,3.96,,,,,0.69,0.57,,,,,0.6748080889161081,0.7028622621443987,0.6336300239784977,0.5086818140658533,1.0,0.9612720246657861,0.03910571647555595,0.0487271097444437,,,0.98,0.44,0.34,1.65,0.04,1.25,0.16,0.01,0.0,0.289,1.3148148148148149,1.190782298309067,0.157,,0.009,,0.0,,False,96.0,99.0,96.0,88.0,93.0,91.0,91.0,92.0,94.0,high,high,high,high,high,high,high,high,high,2026-06-20
hitter,LAD,BAL,Miguel Rojas,500743,5.0,2B,Confirmed,3.1,,,,,0.45,0.37,,,,,0.41764529201644784,0.48651715500184456,0.39725633961110285,0.3332604269767411,0.5846774193548387,0.534816672840271,0.03370849384309088,0.027656342110413106,,,0.56,0.32,0.26,1.22,0.03,0.66,0.12,0.01,0.0,0.261,0.6720588235294118,0.6580815555837295,0.119,,0.007,,0.0,,False,96.0,99.0,96.0,88.0,93.0,91.0,91.0,92.0,94.0,high,high,high,high,high,high,high,high,high,2026-06-20
hitter,LAD,BAL,Tommy Edman,669242,6.0,LF,Confirmed,3.93,,,,,0.94,0.34,,,,,0.9247812097200453,0.955995239447532,0.3379683300199544,0.34033952293538744,1.0,0.9484319102632381,0.045089958622177746,0.05118558680366935,,,0.97,0.33,0.32,1.46,0.05,1.24,0.15,0.01,0.0,0.245,1.3148148148148149,1.1736878920749285,0.148,,0.007,,0.0,,False,96.0,99.0,96.0,88.0,93.0,91.0,91.0,92.0,94.0,high,high,high,high,high,high,high,high,high,2026-06-20
hitter,LAD,BAL,Kyle Tucker,663656,7.0,RF,Confirmed,4.14,,,,,0.94,0.72,,,,,0.9883174098245401,0.8836364908693274,0.7439298174419081,0.6922839633674231,0.994208494208494,0.9267452097895666,0.043887714491864294,0.048599868331366,,,0.96,0.38,0.28,1.46,0.05,1.27,0.14,0.01,0.0,0.276,1.3148148148148149,1.2274134224240696,0.141,,0.007,,0.0,,False,96.0,99.0,96.0,88.0,93.0,91.0,91.0,92.0,94.0,high,high,high,high,high,high,high,high,high,2026-06-20
hitter,LAD,BAL,Alex Call,669743,8.0,LF,Confirmed,3.1,,,,,0.52,0.41,,,,,0.5308160818345311,0.5091481167623275,0.4409463623378317,0.3854767984564161,0.5290322580645161,0.47686855375606535,0.022171862879041528,0.016500079768123184,,,0.5,0.24,0.18,0.95,0.02,0.65,0.11,0.01,0.0,0.233,0.6720588235294118,0.6303402659902565,0.107,,0.008,,0.0,,False,96.0,99.0,96.0,88.0,93.0,91.0,91.0,92.0,94.0,high,high,high,high,high,high,high,high,high,2026-06-20
hitter,LAD,BAL,Dalton Rushing,687221,9.0,C,Confirmed,3.48,,,,,1.27,0.46,,,,,1.2366005820869805,1.2948890791483723,0.4930212265324039,0.4337832171598867,0.7715355805243446,0.6061792999580407,0.03648335805702592,0.02704295484848906,,,0.68,0.25,0.19,0.97,0.03,0.96,0.14,0.01,0.0,0.224,1.1238670694864048,0.8278827899702571,0.144,,0.008,,0.0,,False,96.0,99.0,96.0,88.0,93.0,91.0,91.0,92.0,94.0,high,high,high,high,high,high,high,high,high,2026-06-20
hitter,BAL,LAD,Taylor Ward,621493,1.0,LF,Confirmed,3.74,,,,,1.18,0.35,,,,,1.244248640221181,1.1250613876863398,0.38060124776232374,0.32713475101044315,0.707983193277311,0.6658230847501089,0.2678175668361013,0.27793326436313776,,,0.68,0.24,0.22,0.79,0.27,1.62,0.07,0.01,0.0,0.153,1.684375,1.5589427480500073,0.068,,0.006,,0.0,,False,96.0,99.0,96.0,88.0,93.0,91.0,91.0,92.0,94.0,high,high,high,high,high,high,high,high,high,2026-06-20
hitter,BAL,LAD,Gunnar Henderson,683002,2.0,DH,Confirmed,3.54,,,,,1.03,0.32,,,,,1.0862905007875938,0.9668783235587192,0.3399200873278351,0.29310236418481417,0.8694581280788177,0.711305171473412,0.24851069050853605,0.24235133289400174,,,0.78,0.22,0.19,0.75,0.25,1.68,0.08,0.01,0.0,0.151,1.914285714285714,1.487517369163543,0.077,,0.007,,0.0,,False,96.0,99.0,96.0,88.0,93.0,91.0,91.0,92.0,94.0,high,high,high,high,high,high,high,high,high,2026-06-20
hitter,BAL,LAD,Pete Alonso,624413,3.0,1B,Confirmed,3.74,,,,,1.16,0.33,,,,,1.2188690712257255,1.0972742345653628,0.34951497888344696,0.30683818762979326,0.8694581280788177,0.7584494013629719,0.3475926545563462,0.365960719990839,,,0.81,0.25,0.26,0.87,0.36,2.1,0.08,0.01,0.0,0.161,2.057017543859649,2.140518530354363,0.084,,0.007,,0.0,,False,96.0,99.0,96.0,88.0,93.0,91.0,91.0,92.0,94.0,high,high,high,high,high,high,high,high,high,2026-06-20
hitter,BAL,LAD,Samuel Basallo,694212,4.0,C,Confirmed,3.49,,,,,1.11,0.21,,,,,1.143799403952997,1.070184200770206,0.2298689915508572,0.19989811489416376,0.7061469265367316,0.6302034363424608,0.2395930779723885,0.22957649935514163,,,0.66,0.22,0.22,0.77,0.23,1.57,0.08,0.01,0.0,0.15,1.684375,1.4839113928841443,0.076,,0.006,,0.0,,False,96.0,99.0,96.0,88.0,93.0,91.0,91.0,92.0,94.0,high,high,high,high,high,high,high,high,high,2026-06-20
hitter,BAL,LAD,Leody Taveras,665750,5.0,RF,Confirmed,3.49,,,,,1.06,0.18,,,,,1.0787794209043153,1.0315558282780322,0.17434960994414367,0.18855861694688927,0.801980198019802,0.6648702616713696,0.16376165227832934,0.17877833919746314,,,0.73,0.21,0.21,0.78,0.17,1.36,0.07,0.01,0.0,0.145,1.3893129770992367,1.3335595541522118,0.072,,0.007,,0.0,,False,96.0,99.0,96.0,88.0,93.0,91.0,91.0,92.0,94.0,high,high,high,high,high,high,high,high,high,2026-06-20
hitter,BAL,LAD,Colton Cowser,681297,6.0,CF,Confirmed,3.49,,,,,1.29,0.26,,,,,1.3285863651276621,1.2465748081108443,0.27285713283209134,0.2447838662717565,0.7061469265367316,0.5782856107426616,0.2744985028491913,0.23399051511662297,,,0.64,0.2,0.22,0.75,0.25,1.54,0.07,0.01,0.0,0.156,1.5956790123456794,1.4902912514922668,0.066,,0.007,,0.0,,False,96.0,99.0,96.0,88.0,93.0,91.0,91.0,92.0,94.0,high,high,high,high,high,high,high,high,high,2026-06-20
hitter,BAL,LAD,Coby Mayo,691723,7.0,3B,Confirmed,2.9,,,,,1.13,0.16,,,,,1.2316590821637712,1.0277043599664215,0.1805646825743912,0.1376881716610848,0.5846774193548387,0.4537412066681181,0.22955264512277232,0.2080318365915028,,,0.51,0.16,0.17,0.58,0.22,1.19,0.06,0.01,0.0,0.148,1.239368165249089,1.141878658771283,0.063,,0.006,,0.0,,False,96.0,99.0,96.0,88.0,93.0,91.0,91.0,92.0,94.0,high,high,high,high,high,high,high,high,high,2026-06-20
hitter,BAL,LAD,Jackson Holliday,702616,8.0,2B,Confirmed,3.1,,,,,0.99,0.2,,,,,1.0442372891096914,0.9412881779723087,0.22497145150358575,0.1813543773980782,0.5846774193548387,0.5092152545815493,0.20962439461814175,0.18129487096453967,,,0.54,0.15,0.16,0.56,0.2,1.2,0.06,0.01,0.0,0.136,1.239368165249089,1.161419613542236,0.063,,0.008,,0.0,,False,96.0,99.0,96.0,88.0,93.0,91.0,91.0,92.0,94.0,high,high,high,high,high,high,high,high,high,2026-06-20
hitter,BAL,LAD,Blaze Alexander,677942,9.0,SS,Confirmed,3.09,,,,,1.2,0.14,,,,,1.2210612310375168,1.1779974380640028,0.14775419019235897,0.14214663137000352,0.4125159642401022,0.3931493071879864,0.028821374801645146,0.027619704091960948,,,0.4,0.19,0.19,0.71,0.03,0.62,0.07,0.01,0.0,0.164,0.6720588235294118,0.5844930826481125,0.072,,0.006,,0.0,,False,96.0,99.0,96.0,88.0,93.0,91.0,91.0,92.0,94.0,high,high,high,high,high,high,high,high,high,2026-06-20
hitter,SEA,BOS,J.P. Crawford,641487,1.0,3B,Confirmed,4.39,,,,,0.75,0.49,,,,,0.7061491951342717,0.7948472570010923,0.44676054277487665,0.5302179771206028,0.35424354243542433,0.4594544825417451,0.02945498345554764,0.03830513460223255,,,0.41,0.63,0.49,2.26,0.03,0.58,0.23,0.01,0.0,0.36,0.4591194968553459,0.6869533306080309,0.233,,0.008,,0.0,,False,96.0,99.0,96.0,88.0,93.0,91.0,91.0,92.0,94.0,high,high,high,high,high,high,high,high,high,2026-06-20
hitter,SEA,BOS,Cal Raleigh,663728,2.0,C,Confirmed,4.74,,,,,1.22,0.67,,,,,1.1660980413714102,1.2661054492893462,0.6249671379673898,0.7188712441028287,0.4125159642401022,0.5750484378810419,0.055806800075081806,0.11287119111506183,,,0.5,1.1,0.95,3.65,0.08,0.78,0.25,0.01,0.0,0.549,0.6720588235294118,0.8763217093099323,0.248,,0.007,,0.0,,False,96.0,99.0,96.0,88.0,93.0,91.0,91.0,92.0,94.0,high,high,high,high,high,high,high,high,high,2026-06-20
hitter,SEA,BOS,Julio Rodríguez,677594,3.0,CF,Confirmed,4.74,,,,,0.93,0.45,,,,,0.8110617769400319,1.0539501529584363,0.41792026508642055,0.49192026667499955,0.4125159642401022,0.5831103988800032,0.0417053894788314,0.03926748775744981,,,0.51,0.92,0.9,3.43,0.04,0.79,0.32,0.01,0.0,0.467,0.6720588235294118,0.884321785144989,0.32,,0.01,,0.0,,False,96.0,99.0,96.0,88.0,93.0,91.0,91.0,92.0,94.0,high,high,high,high,high,high,high,high,high,2026-06-20
hitter,SEA,BOS,Josh Naylor,647304,4.0,1B,Confirmed,4.74,,,,,0.58,0.47,,,,,0.5552480380829911,0.6124619715377548,0.44675577427858104,0.4939178390555156,0.4125159642401022,0.6636724844105862,0.027786045667000343,0.034542331215017937,,,0.55,0.83,0.77,3.21,0.03,0.79,0.3,0.01,0.0,0.429,0.6720588235294118,0.8845398527240617,0.304,,0.011,,0.0,,False,96.0,99.0,96.0,88.0,93.0,91.0,91.0,92.0,94.0,high,high,high,high,high,high,high,high,high,2026-06-20
hitter,SEA,BOS,Rob Refsnyder,608701,5.0,LF,Confirmed,3.54,,,,,0.93,0.29,,,,,0.8199493676432809,1.0482453770604596,0.2860615111670609,0.2898233351503438,0.35424354243542433,0.37018944392729686,0.02514698398020198,0.023882494683366163,,,0.36,0.48,0.45,1.8,0.02,0.49,0.17,0.01,0.0,0.329,0.4591194968553459,0.5143205786537188,0.174,,0.008,,0.0,,False,96.0,99.0,96.0,88.0,93.0,91.0,91.0,92.0,94.0,high,high,high,high,high,high,high,high,high,2026-06-20
hitter,SEA,BOS,Cole Young,702284,6.0,2B,Confirmed,4.57,,,,,0.71,0.35,,,,,0.6410802096714511,0.777513054109204,0.30842581766405575,0.3833132977073058,0.4125159642401022,0.5879243200353295,0.02890867038796566,0.037538450903034974,,,0.51,0.53,0.56,2.22,0.03,0.8,0.26,0.01,0.0,0.324,0.6720588235294118,0.8959001993687191,0.255,,0.012,,0.0,,False,96.0,99.0,96.0,88.0,93.0,91.0,91.0,92.0,94.0,high,high,high,high,high,high,high,high,high,2026-06-20
hitter,SEA,BOS,Mitch Garver,641598,7.0,DH,Confirmed,3.74,,,,,1.28,0.32,,,,,1.1778912467244322,1.3894911907114067,0.3164166989194227,0.31573932954193146,0.4125159642401022,0.4353678347190162,0.023679236287179696,0.02655274261442869,,,0.43,0.49,0.44,1.93,0.03,0.7,0.18,0.01,0.0,0.37,0.6720588235294118,0.7171205895640546,0.177,,0.009,,0.0,,False,96.0,99.0,96.0,88.0,93.0,91.0,91.0,92.0,94.0,high,high,high,high,high,high,high,high,high,2026-06-20
hitter,SEA,BOS,Connor Joe,656582,8.0,LF,Confirmed,2.77,,,,,1.07,0.17,,,,,1.0035835660677161,1.137176221275806,0.16745757273330444,0.17013535725930007,0.35424354243542433,0.2459748360336649,0.016061083156953773,0.014514839979886597,,,0.29,0.31,0.28,1.3,0.02,0.42,0.12,0.01,0.0,0.319,0.4591194968553459,0.3933215065636505,0.122,,0.008,,0.0,,False,96.0,99.0,96.0,88.0,93.0,91.0,91.0,92.0,94.0,high,high,high,high,high,high,high,high,high,2026-06-20
hitter,SEA,BOS,Colt Emerson,806068,9.0,SS,Confirmed,4.27,,,,,1.12,0.45,,,,,1.0987485394122367,1.1494931798977504,0.42150543842170285,0.47864831186498225,0.4125159642401022,0.5196782514764252,0.038533034886428605,0.05431766084873301,,,0.47,0.72,0.69,2.9,0.05,0.79,0.2,0.01,0.0,0.459,0.6289308176100628,0.9132066188704953,0.201,,0.01,,0.0,,False,96.0,99.0,96.0,88.0,93.0,91.0,91.0,92.0,94.0,high,high,high,high,high,high,high,high,high,2026-06-20
hitter,BOS,SEA,Anthony Seigler,678011,1.0,2B,Confirmed,2.55,,,,,0.76,0.11,,,,,0.7124012557371793,0.8084573210688226,0.13965523773853816,0.07499429810988942,0.4125159642401022,0.29137576179962843,0.01754187587540741,0.006016800376243267,,,0.35,0.33,0.26,1.3,0.01,0.41,0.13,0.01,0.0,0.317,0.44025157232704404,0.3803087906259802,0.132,,0.008,,0.0,,False,96.0,99.0,96.0,88.0,93.0,91.0,91.0,92.0,94.0,high,high,high,high,high,high,high,high,high,2026-06-20
hitter,BOS,SEA,Masataka Yoshida,807799,2.0,DH,Confirmed,3.96,,,,,0.37,0.42,,,,,0.3729173863916708,0.36993531224923665,0.4251703221765448,0.4233524154942035,0.7061469265367316,0.7462501453043386,0.05098890917685597,0.04923533536274059,,,0.73,0.52,0.43,2.06,0.05,0.89,0.21,0.01,0.0,0.32,0.8408408408408409,0.9282846670194288,0.213,,0.008,,0.0,,False,96.0,99.0,96.0,88.0,93.0,91.0,91.0,92.0,94.0,high,high,high,high,high,high,high,high,high,2026-06-20
hitter,BOS,SEA,Wilyer Abreu,677800,3.0,RF,Confirmed,4.26,,,,,1.53,0.16,,,,,1.4121312919090196,1.6408832941355587,0.15104527682091295,0.16249419374605048,0.7061469265367316,0.7274700840740985,0.1567450530085746,0.17317793063194759,,,0.72,0.56,0.53,2.19,0.16,1.39,0.22,0.01,0.0,0.317,1.239368165249089,1.5118487409990236,0.218,,0.009,,0.0,,False,96.0,99.0,96.0,88.0,93.0,91.0,91.0,92.0,94.0,high,high,high,high,high,high,high,high,high,2026-06-20
hitter,BOS,SEA,Willson Contreras,575929,4.0,1B,Confirmed,4.57,,,,,1.83,0.15,,,,,1.7930264222648213,1.8582894118512854,0.14875516232217623,0.15647789933413378,0.8694581280788177,0.946936246010689,0.2805467269502795,0.3039178095709483,,,0.91,0.83,0.81,3.24,0.29,1.98,0.29,0.01,0.0,0.429,1.914285714285714,2.0294481256881145,0.293,,0.008,,0.0,,False,96.0,99.0,96.0,88.0,93.0,91.0,91.0,92.0,94.0,high,high,high,high,high,high,high,high,high,2026-06-20
hitter,BOS,SEA,Jarren Duran,680776,5.0,LF,Confirmed,4.57,,,,,1.78,0.19,,,,,1.6620116128043154,1.8948213032556724,0.16495777685578888,0.20957046591148762,0.801980198019802,0.832461053190982,0.22406416035432253,0.2671484833102676,,,0.82,0.75,0.72,2.97,0.25,1.92,0.27,0.01,0.0,0.393,1.914285714285714,1.9195980258841778,0.271,,0.014,,0.0,,False,96.0,99.0,96.0,88.0,93.0,91.0,91.0,92.0,94.0,high,high,high,high,high,high,high,high,high,2026-06-20
hitter,BOS,SEA,Caleb Durbin,702332,6.0,3B,Confirmed,3.58,,,,,0.75,0.1,,,,,0.6749597298064941,0.8229511737999005,0.10793138852625239,0.09483506493875707,0.7061469265367316,0.6361545525649556,0.08525912916602182,0.0966023330820213,,,0.67,0.44,0.47,2.01,0.09,1.07,0.28,0.01,0.0,0.349,1.1238670694864048,1.023515198414127,0.281,,0.009,,0.0,,False,96.0,99.0,96.0,88.0,93.0,91.0,91.0,92.0,94.0,high,high,high,high,high,high,high,high,high,2026-06-20
hitter,BOS,SEA,Marcelo Mayer,691785,7.0,SS,Confirmed,3.33,,,,,1.16,0.16,,,,,1.0457695666709794,1.2798233275691215,0.1352790385686783,0.1805198309575924,0.4803149606299212,0.4848806480626052,0.06084322415664564,0.053781000276197574,,,0.48,0.37,0.33,1.59,0.06,0.81,0.21,0.01,0.0,0.312,0.8408408408408409,0.7847395327278468,0.207,,0.011,,0.0,,False,96.0,99.0,96.0,88.0,93.0,91.0,91.0,92.0,94.0,high,high,high,high,high,high,high,high,high,2026-06-20
hitter,BOS,SEA,Carlos Narváez,665966,8.0,C,Confirmed,3.49,,,,,1.47,0.11,,,,,1.4266372759867447,1.5106089793715176,0.1127315276214105,0.11669148288613629,0.4803149606299212,0.4821667476040923,0.11634192730977713,0.14463293658604937,,,0.48,0.42,0.4,1.82,0.13,1.01,0.21,0.01,0.0,0.336,0.9875776397515532,1.0356845687362792,0.206,,0.007,,0.0,,False,96.0,99.0,96.0,88.0,93.0,91.0,91.0,92.0,94.0,high,high,high,high,high,high,high,high,high,2026-06-20
hitter,BOS,SEA,Nate Eaton,681987,9.0,CF,Confirmed,3.1,,,,,0.57,0.34,,,,,0.5472317636218217,0.5926078810490555,0.3454794475646852,0.3366429335643614,0.5290322580645161,0.515188094261498,0.04108016643911661,0.04542128628755311,,,0.52,0.36,0.33,1.55,0.04,0.64,0.17,0.01,0.0,0.321,0.6720588235294118,0.6192367066701319,0.168,,0.01,,0.0,,False,96.0,99.0,96.0,88.0,93.0,91.0,91.0,92.0,94.0,high,high,high,high,high,high,high,high,high,2026-06-20
hitter,AZ,MIN,Ketel Marte,606466,1.0,2B,Confirmed,4.25,,,,,0.52,0.45,,,,,0.5558747865767839,0.47571957206805765,0.4451144990628403,0.44666605142368015,1.0980834272829765,1.0729599767643734,0.19674773786571914,0.1785490951124628,,,1.08,0.65,0.58,2.23,0.19,1.93,0.18,0.01,0.0,0.364,2.057017543859649,1.8322159038299877,0.18,,0.007,,0.0,,False,96.0,99.0,96.0,88.0,93.0,91.0,91.0,92.0,94.0,high,high,high,high,high,high,high,high,high,2026-06-20
hitter,AZ,MIN,Geraldo Perdomo,672695,2.0,SS,Confirmed,4.18,,,,,0.39,0.58,,,,,0.4381375684224693,0.3515147088122669,0.5754582546128073,0.5749429663159322,1.0980834272829765,1.057429981877763,0.08586541288418911,0.09060985477797649,,,1.08,0.5,0.39,1.77,0.09,1.74,0.15,0.01,0.0,0.296,1.914285714285714,1.5951924246407403,0.15,,0.007,,0.0,,False,96.0,99.0,96.0,88.0,93.0,91.0,91.0,92.0,94.0,high,high,high,high,high,high,high,high,high,2026-06-20
hitter,AZ,MIN,Corbin Carroll,682998,3.0,RF,Confirmed,4.25,,,,,0.85,0.46,,,,,0.8411820121302825,0.8648435597522635,0.46672082069496057,0.4505202700421864,1.0980834272829765,0.9899860733045832,0.1687222892375587,0.1665371153468485,,,1.04,0.58,0.57,2.03,0.17,1.94,0.16,0.02,0.0,0.329,2.057017543859649,1.8440686059971783,0.165,,0.019,,0.0,,False,96.0,99.0,96.0,88.0,93.0,91.0,91.0,92.0,94.0,high,high,high,high,high,high,high,high,high,2026-06-20
hitter,AZ,MIN,Lourdes Gurriel Jr.,666971,4.0,LF,Confirmed,3.81,,,,,0.47,0.27,,,,,0.5036499559111547,0.4400984704455188,0.2908297719814277,0.2569157473787455,1.0,0.9461147546130861,0.12069385387774748,0.12117063182159354,,,0.97,0.47,0.47,1.74,0.12,1.7,0.15,0.01,0.0,0.293,1.914285714285714,1.5168061503730494,0.15,,0.007,,0.0,,False,96.0,99.0,96.0,88.0,93.0,91.0,91.0,92.0,94.0,high,high,high,high,high,high,high,high,high,2026-06-20
hitter,AZ,MIN,Pavin Smith,656976,5.0,1B,Confirmed,3.02,,,,,0.71,0.34,,,,,0.7316975431701357,0.6885601776725189,0.3783201992935813,0.31140474070519536,0.7061469265367316,0.5525274852468963,0.07170279177979016,0.058673468104091166,,,0.62,0.28,0.26,0.95,0.07,1.02,0.09,0.01,0.0,0.229,1.1521739130434783,0.9039748957387541,0.087,,0.006,,0.0,,False,96.0,99.0,96.0,88.0,93.0,91.0,91.0,92.0,94.0,high,high,high,high,high,high,high,high,high,2026-06-20
hitter,AZ,MIN,Nolan Arenado,571448,6.0,3B,Confirmed,3.89,,,,,0.49,0.3,,,,,0.5223168289158704,0.4610466671147117,0.31345125349160297,0.28994310082867797,0.994208494208494,0.9277749456956755,0.1440634848601125,0.13907902396236935,,,0.96,0.44,0.5,1.74,0.14,1.59,0.13,0.01,0.0,0.302,1.684375,1.5076786103242077,0.125,,0.007,,0.0,,False,96.0,99.0,96.0,88.0,93.0,91.0,91.0,92.0,94.0,high,high,high,high,high,high,high,high,high,2026-06-20
hitter,AZ,MIN,Adrian Del Castillo,680728,7.0,C,Confirmed,3.81,,,,,0.9,0.14,,,,,0.7974291402925373,0.9931329328137771,0.1340430487441162,0.14028320050518103,0.5846774193548387,0.6220440174464187,0.02851679251980421,0.04053263493807033,,,0.61,0.37,0.39,1.4,0.03,0.89,0.11,0.01,0.0,0.262,0.7899761336515513,0.9713633456047941,0.109,,0.009,,0.0,,False,96.0,99.0,96.0,88.0,93.0,91.0,91.0,92.0,94.0,high,high,high,high,high,high,high,high,high,2026-06-20
hitter,AZ,MIN,Jorge Barrosa,678489,8.0,RF,Confirmed,2.55,,,,,0.65,0.14,,,,,0.6315955131264855,0.6639731826170124,0.16313719734878243,0.12294639422544469,0.5290322580645161,0.4544918217819072,0.061484890227145574,0.05853222209340741,,,0.49,0.21,0.21,0.83,0.06,0.78,0.09,0.01,0.0,0.23,0.9875776397515532,0.6111688434335523,0.087,,0.006,,0.0,,False,96.0,99.0,96.0,88.0,93.0,91.0,91.0,92.0,94.0,high,high,high,high,high,high,high,high,high,2026-06-20
hitter,AZ,MIN,Tommy Troy,694371,9.0,CF,Confirmed,3.81,,,,,0.48,0.51,,,,,0.4940421820591744,0.4604409687711802,0.578307225103331,0.44025291083887635,0.994208494208494,0.8544631451163813,0.08978218259873594,0.07360229793352521,,,0.92,0.36,0.32,1.39,0.08,1.37,0.13,0.01,0.0,0.266,1.4476190476190476,1.3072850206137578,0.131,,0.008,,0.0,,False,96.0,99.0,96.0,88.0,93.0,91.0,91.0,92.0,94.0,high,high,high,high,high,high,high,high,high,2026-06-20
hitter,MIN,AZ,Trevor Larnach,663616,1.0,LF,Confirmed,3.89,,,,,0.62,0.25,,,,,0.6179758887780823,0.6196259805204825,0.2846120354689903,0.22162072848726566,1.0980834272829765,1.0007855981387264,0.04671087016334917,0.040767062411338685,,,1.04,0.51,0.4,1.72,0.04,1.43,0.15,0.01,0.0,0.328,1.4759615384615385,1.397765778511812,0.148,,0.009,,0.0,,False,96.0,99.0,96.0,88.0,93.0,91.0,91.0,92.0,94.0,high,high,high,high,high,high,high,high,high,2026-06-20
hitter,MIN,AZ,Byron Buxton,621439,2.0,CF,Confirmed,4.58,,,,,0.87,0.3,,,,,0.8552245044618384,0.8803639283616388,0.32778585375413216,0.2812287270245391,1.4947368421052631,1.390847168425319,0.10987004984656065,0.12643027887993666,,,1.44,0.76,0.66,2.52,0.12,2.36,0.18,0.01,0.0,0.399,2.456692913385827,2.273206048838003,0.181,,0.012,,0.0,,False,96.0,99.0,96.0,88.0,93.0,91.0,91.0,92.0,94.0,high,high,high,high,high,high,high,high,high,2026-06-20
hitter,MIN,AZ,Kody Clemens,665019,3.0,RF,Confirmed,4.25,,,,,0.75,0.27,,,,,0.7337144495292877,0.7731685014888563,0.29354342903077135,0.2436350608699366,1.1391752577319587,1.1980570763771103,0.12065425799877616,0.08531939882257855,,,1.17,0.65,0.64,2.29,0.1,1.85,0.18,0.01,0.0,0.369,1.914285714285714,1.8058132170384802,0.176,,0.013,,0.0,,False,96.0,99.0,96.0,88.0,93.0,91.0,91.0,92.0,94.0,high,high,high,high,high,high,high,high,high,2026-06-20
hitter,MIN,AZ,Josh Bell,605137,4.0,DH,Confirmed,3.89,,,,,0.56,0.23,,,,,0.6227311541377117,0.5043332296707387,0.24354168331832085,0.21396358128564574,1.0980834272829765,1.0198673674061463,0.06533712436098787,0.06347245857448594,,,1.06,0.55,0.52,1.94,0.06,1.59,0.16,0.01,0.0,0.348,1.684375,1.5054799713159583,0.159,,0.01,,0.0,,False,96.0,99.0,96.0,88.0,93.0,91.0,91.0,92.0,94.0,high,high,high,high,high,high,high,high,high,2026-06-20
hitter,MIN,AZ,Royce Lewis,668904,5.0,1B,Confirmed,4.14,,,,,0.74,0.18,,,,,0.7175621874553088,0.7640236433377812,0.1962302967242386,0.15727409460588573,1.0980834272829765,1.065085429201224,0.0736919675382596,0.06523254590382013,,,1.08,0.56,0.54,1.99,0.07,1.65,0.13,0.01,0.0,0.322,1.684375,1.6140934360848895,0.13,,0.009,,0.0,,False,96.0,99.0,96.0,88.0,93.0,91.0,91.0,92.0,94.0,high,high,high,high,high,high,high,high,high,2026-06-20
hitter,MIN,AZ,Brooks Lee,686797,6.0,3B,Confirmed,4.18,,,,,0.51,0.25,,,,,0.5235493158010207,0.4893533846698904,0.26123724928474923,0.23882235415054157,1.1391752577319587,1.1874759690642824,0.07108655604984523,0.06437972299381749,,,1.17,0.52,0.55,2.06,0.07,1.64,0.17,0.01,0.0,0.341,1.684375,1.607829389309667,0.165,,0.011,,0.0,,False,96.0,99.0,96.0,88.0,93.0,91.0,91.0,92.0,94.0,high,high,high,high,high,high,high,high,high,2026-06-20
hitter,MIN,AZ,Victor Caratini,605170,7.0,C,Confirmed,3.54,,,,,0.48,0.2,,,,,0.5173136951272089,0.452433339432986,0.22176360751406968,0.17071908905590732,1.0980834272829765,0.8854368052293891,0.04884580874855085,0.047571136580520264,,,0.98,0.4,0.36,1.53,0.05,1.27,0.12,0.01,0.0,0.312,1.3148148148148149,1.2317933364594107,0.122,,0.01,,0.0,,False,96.0,99.0,96.0,88.0,93.0,91.0,91.0,92.0,94.0,high,high,high,high,high,high,high,high,high,2026-06-20
hitter,MIN,AZ,Luke Keaschall,807712,8.0,RF,Confirmed,4.26,,,,,0.43,0.26,,,,,0.47891617779840623,0.38047777389221493,0.25183848421566835,0.2616513996612286,1.1391752577319587,1.2619002087047906,0.03736370333870283,0.027728653122826578,,,1.21,0.48,0.41,1.88,0.03,1.64,0.16,0.01,0.0,0.32,1.684375,1.6028121105929478,0.157,,0.009,,0.0,,False,96.0,99.0,96.0,88.0,93.0,91.0,91.0,92.0,94.0,high,high,high,high,high,high,high,high,high,2026-06-20
hitter,MIN,AZ,Ryan Kreidler,668952,9.0,SS,Confirmed,3.33,,,,,0.87,0.23,,,,,0.8229681575578334,0.9122070239042506,0.23748183701656217,0.21541290726377815,0.801980198019802,0.6492391755554343,0.10942107554307409,0.09699095803316433,,,0.72,0.35,0.31,1.37,0.1,1.16,0.1,0.01,0.0,0.293,1.239368165249089,1.1029215776855485,0.099,,0.009,,0.0,,False,96.0,99.0,96.0,88.0,93.0,91.0,91.0,92.0,94.0,high,high,high,high,high,high,high,high,high,2026-06-20
