player_type,team,opponent,player_name,mlb_id,lineup_spot,pos,lineup_status,proj_pa,proj_ip,proj_outs,proj_runs_allowed,proj_hits_allowed,proj_strikeouts,proj_walks,proj_hr_allowed,proj_er_model,proj_fip,proj_war_contribution,direct_K,rate_K,direct_BB,rate_BB,direct_H,rate_H,direct_HR,rate_HR,direct_R,rate_R,proj_hits,proj_runs,proj_rbi,proj_hrrbi,proj_hr,proj_tb,proj_2b,proj_3b,proj_sb,proj_woba,direct_TB,rate_TB,direct_2B,rate_2B,direct_3B,rate_3B,direct_SB,rate_SB,used_fallback,confidence_score,proj_pa_confidence_score,proj_hits_confidence_score,proj_hr_confidence_score,proj_strikeouts_confidence_score,proj_runs_confidence_score,proj_rbi_confidence_score,proj_hrrbi_confidence_score,proj_walks_confidence_score,confidence,proj_pa_confidence,proj_hits_confidence,proj_hr_confidence,proj_strikeouts_confidence,proj_runs_confidence,proj_rbi_confidence,proj_hrrbi_confidence,proj_walks_confidence,game_date
pitcher,TB,MIA,Drew Rasmussen,656876,,,,,4.79,14.0,2.58,4.76,4.52,1.38,0.89,2.21,4.58,0.081,4.5344827586206895,4.497510524090055,1.2772277227722773,1.6812829944533958,4.666666666666667,5.152155509786922,0.869281045751634,0.9510542321979162,2.212,,,,,,,,,,,,,,,,,,,,,,,,,,,,,,,,,,,,,,,2026-05-17
pitcher,MIA,TB,Eury Pérez,691587,,,,,4.79,14.0,2.34,4.43,5.3,1.93,0.55,2.21,3.7,0.081,5.275,5.331254490887942,1.890295358649789,2.041382631246275,4.326530612244898,4.858659276173211,0.5409836065573771,0.5661210675823506,2.212,,,,,,,,,,,,,,,,,,,,,,,,,,,,,,,,,,,,,,,2026-05-17
pitcher,BAL,WSH,Brandon Young,687064,,,,,4.79,14.0,2.87,4.93,4.59,2.22,1.67,2.48,5.25,0.051,4.676567656765677,4.497510524090055,2.163265306122449,2.408344720713209,4.879746835443039,5.152155509786922,1.0909090909090908,3.0336379272414553,2.481,,,,,,,,,,,,,,,,,,,,,,,,,,,,,,,,,,,,,,,2026-05-17
pitcher,PIT,PHI,Paul Skenes,694973,,,,,5.59,17.0,2.25,4.67,7.07,1.33,0.53,1.79,2.93,0.191,6.649122807017544,7.4831950386399875,1.2772277227722773,1.496664175755607,4.486486486486487,5.400422632322819,0.5409836065573771,0.5140159409027215,1.789,,,,,,,,,,,,,,,,,,,,,,,,,,,,,,,,,,,,,,,2026-05-17
pitcher,PHI,PIT,Zack Wheeler,554430,,,,,5.59,17.0,2.24,4.7,6.72,1.33,0.57,1.79,2.93,0.191,6.649122807017544,6.78431677556018,1.2772277227722773,1.496664175755607,4.525423728813561,5.400422632322819,0.5409836065573771,0.6377212642061267,1.789,,,,,,,,,,,,,,,,,,,,,,,,,,,,,,,,,,,,,,,2026-05-17
pitcher,ATL,BOS,Grant Holmes,656550,,,,,4.79,14.0,2.78,4.51,4.78,2.4,0.88,2.28,5.27,0.073,4.676567656765677,4.882964964028157,2.4,2.408344720713209,4.486486486486487,4.62755356150739,0.869281045751634,0.907982663950451,2.28,,,,,,,,,,,,,,,,,,,,,,,,,,,,,,,,,,,,,,,2026-05-17
pitcher,BOS,ATL,Brayan Bello,678394,,,,,4.79,14.0,2.68,5.22,3.58,1.92,0.68,2.49,4.72,0.051,3.6538461538461537,3.502400723636293,1.890295358649789,2.026480650190615,5.093457943925234,5.720501571405975,0.625,0.8243081650798851,2.487,,,,,,,,,,,,,,,,,,,,,,,,,,,,,,,,,,,,,,,2026-05-17
pitcher,CLE,CIN,Gavin Williams,668909,,,,,5.21,16.0,2.64,4.96,5.59,2.18,0.56,2.21,3.77,0.111,5.8662946776999405,5.311116380498267,2.163265306122449,2.220376515405656,4.879746835443039,5.2846795049817175,0.5409836065573771,0.6157600755958343,2.212,,,,,,,,,,,,,,,,,,,,,,,,,,,,,,,,,,,,,,,2026-05-17
pitcher,CIN,CLE,Brady Singer,663903,,,,,4.79,14.0,2.69,5.11,4.59,1.81,0.71,2.28,4.37,0.073,4.676567656765677,4.497510524090055,1.836734693877551,1.7468702410277968,5.093457943925234,5.152155509786922,0.6666666666666666,0.8243081650798851,2.28,,,,,,,,,,,,,,,,,,,,,,,,,,,,,,,,,,,,,,,2026-05-17
pitcher,DET,TOR,Jack Flaherty,656427,,,,,4.79,14.0,2.37,3.87,5.47,2.22,0.57,2.21,3.81,0.081,5.454545454545454,5.492636212211912,2.163265306122449,2.408344720713209,3.68,4.62755356150739,0.547945205479452,0.6350989636681925,2.212,,,,,,,,,,,,,,,,,,,,,,,,,,,,,,,,,,,,,,,2026-05-17
pitcher,TOR,DET,Kevin Gausman,592332,,,,,5.21,16.0,2.4,4.96,4.78,1.66,0.56,2.21,3.85,0.111,4.676567656765677,4.891864265242002,1.610062893081761,1.8287023801883489,4.879746835443039,5.2846795049817175,0.5409836065573771,0.5943699081420252,2.212,,,,,,,,,,,,,,,,,,,,,,,,,,,,,,,,,,,,,,,2026-05-17
pitcher,NYM,NYY,Freddy Peralta,642547,,,,,5.21,16.0,2.45,4.47,6.02,2.18,0.56,2.21,3.65,0.111,6.017094017094017,6.031456645520117,2.163265306122449,2.220376515405656,4.326530612244898,5.0333098236854905,0.5409836065573771,0.6157600755958343,2.212,,,,,,,,,,,,,,,,,,,,,,,,,,,,,,,,,,,,,,,2026-05-17
pitcher,NYY,NYM,Elmer Rodríguez,695684,,,,,4.61,14.0,2.15,4.45,4.43,2.0,0.54,2.21,4.15,0.069,4.5344827586206895,4.328501777882078,1.890295358649789,2.3178432489536314,4.326530612244898,4.95854632570307,0.5409836065573771,0.5448472070051432,2.212,,,,,,,,,,,,,,,,,,,,,,,,,,,,,,,,,,,,,,,2026-05-17
pitcher,HOU,TEX,Peter Lambert,663567,,,,,5.21,16.0,2.7,4.6,5.63,2.45,0.83,2.21,4.6,0.111,5.454545454545454,5.798713131007553,2.4,2.619514821485557,4.486486486486487,5.0333098236854905,0.7948717948717948,0.8965857077382466,2.212,,,,,,,,,,,,,,,,,,,,,,,,,,,,,,,,,,,,,,,2026-05-17
pitcher,TEX,HOU,Nathan Eovaldi,543135,,,,,5.21,16.0,2.53,4.74,5.91,1.31,0.95,2.28,4.07,0.103,6.017094017094017,5.798713131007553,1.2772277227722773,1.3949231405521847,4.666666666666667,5.0333098236854905,0.9130434782608695,1.0344452087163136,2.28,,,,,,,,,,,,,,,,,,,,,,,,,,,,,,,,,,,,,,,2026-05-17
pitcher,CWS,CHC,Erick Fedde,607200,,,,,4.79,14.0,2.68,5.12,3.58,1.93,0.77,2.43,5.04,0.057,3.6538461538461537,3.502400723636293,1.890295358649789,2.041382631246275,4.879746835443039,6.094132954135056,0.7441860465116279,0.8243081650798851,2.432,,,,,,,,,,,,,,,,,,,,,,,,,,,,,,,,,,,,,,,2026-05-17
pitcher,CHC,CWS,Colin Rea,607067,,,,,4.79,14.0,2.6,4.93,3.83,1.64,0.77,2.43,4.79,0.057,3.8412698412698414,3.8257426697625427,1.610062893081761,1.7468702410277968,4.879746835443039,5.152155509786922,0.7441860465116279,0.8243081650798851,2.432,,,,,,,,,,,,,,,,,,,,,,,,,,,,,,,,,,,,,,,2026-05-17
pitcher,MIN,MIL,Bailey Ober,641927,,,,,4.79,14.0,2.73,5.34,4.39,1.28,0.86,2.48,4.57,0.051,4.676567656765677,4.0935217530038726,1.2772277227722773,1.2824725226957707,5.387096774193548,5.152155509786922,0.869281045751634,0.8243081650798851,2.481,,,,,,,,,,,,,,,,,,,,,,,,,,,,,,,,,,,,,,,2026-05-17
pitcher,MIL,MIN,Robert Gasser,688107,,,,,4.58,14.0,2.15,3.92,4.42,1.87,0.62,1.79,4.16,0.115,4.5344827586206895,4.300333653514082,1.836734693877551,1.9518856891665841,3.6666666666666665,4.926278128355762,0.5409836065573771,0.7881693937507044,1.789,,,,,,,,,,,,,,,,,,,,,,,,,,,,,,,,,,,,,,,2026-05-17
pitcher,STL,KC,Andre Pallante,669467,,,,,4.79,14.0,2.76,4.93,3.83,1.93,0.92,3.08,5.3,-0.01,3.8412698412698414,3.8257426697625427,1.890295358649789,2.041382631246275,4.879746835443039,5.152155509786922,0.9130434782608695,0.9510542321979162,3.075,,,,,,,,,,,,,,,,,,,,,,,,,,,,,,,,,,,,,,,2026-05-17
pitcher,KC,STL,Stephen Kolek,663568,,,,,5.21,16.0,2.77,5.2,4.37,1.66,0.95,2.5,5.09,0.078,3.8412698412698414,4.891864265242002,1.610062893081761,1.8287023801883489,5.093457943925234,5.60391027264924,0.9130434782608695,1.0344452087163136,2.5,,,,,,,,,,,,,,,,,,,,,,,,,,,,,,,,,,,,,,,2026-05-17
pitcher,COL,AZ,Michael Lorenzen,547179,,,,,4.79,14.0,2.94,5.77,4.59,1.63,0.89,3.08,4.78,-0.01,4.676567656765677,4.497510524090055,1.610062893081761,1.6812829944533958,5.68,6.105110505098867,0.869281045751634,0.9510542321979162,3.075,,,,,,,,,,,,,,,,,,,,,,,,,,,,,,,,,,,,,,,2026-05-17
pitcher,AZ,COL,Michael Soroka,647336,,,,,4.79,14.0,2.35,4.59,4.78,1.71,0.61,2.23,3.91,0.079,4.676567656765677,4.882964964028157,1.610062893081761,2.026480650190615,4.525423728813561,4.858659276173211,0.547945205479452,0.7592911695295503,2.227,,,,,,,,,,,,,,,,,,,,,,,,,,,,,,,,,,,,,,,2026-05-17
pitcher,ATH,SF,Jeffrey Springs,605488,,,,,4.79,14.0,2.67,4.93,3.83,1.71,0.87,2.28,4.84,0.073,3.8412698412698414,3.8257426697625427,1.610062893081761,2.026480650190615,4.879746835443039,5.152155509786922,0.869281045751634,0.8726985188581348,2.28,,,,,,,,,,,,,,,,,,,,,,,,,,,,,,,,,,,,,,,2026-05-17
pitcher,SF,ATH,Adrian Houser,605288,,,,,4.79,14.0,2.96,5.11,3.74,1.93,1.14,3.08,5.98,-0.01,3.6538461538461537,3.8257426697625427,1.890295358649789,2.041382631246275,5.093457943925234,5.152155509786922,1.1428571428571428,1.1249553141128723,3.075,,,,,,,,,,,,,,,,,,,,,,,,,,,,,,,,,,,,,,,2026-05-17
pitcher,LAD,LAA,Roki Sasaki,808963,,,,,4.79,14.0,2.61,4.88,3.74,2.02,0.68,2.43,4.72,0.057,3.6538461538461537,3.8257426697625427,1.890295358649789,2.408344720713209,4.666666666666667,5.720501571405975,0.625,0.8243081650798851,2.432,,,,,,,,,,,,,,,,,,,,,,,,,,,,,,,,,,,,,,,2026-05-17
pitcher,SEA,SD,George Kirby,669923,,,,,5.21,16.0,2.62,4.96,6.02,1.36,0.88,2.21,4.11,0.111,6.017094017094017,6.031456645520117,1.3455882352941178,1.3949231405521847,4.879746835443039,5.2846795049817175,0.869281045751634,0.8965857077382466,2.212,,,,,,,,,,,,,,,,,,,,,,,,,,,,,,,,,,,,,,,2026-05-17
pitcher,SD,SEA,Lucas Giolito,608337,,,,,4.79,14.0,2.84,5.11,3.88,1.93,0.83,2.5,5.19,0.049,3.9322699888176893,3.8257426697625427,1.890295358649789,2.041382631246275,5.093457943925234,5.152155509786922,0.8333333333333334,0.8243081650798851,2.5,,,,,,,,,,,,,,,,,,,,,,,,,,,,,,,,,,,,,,,2026-05-17
hitter,TB,MIA,Chandler Simpson,802415,1.0,LF,Confirmed,4.25,,,,,0.51,0.09,,,,,0.47872016814185037,0.543672618275171,0.10448408949127189,0.07964172710233604,1.1391752577319587,1.1907166551091204,0.019575968291963126,0.01166513705548903,,,1.17,0.36,0.26,1.33,0.02,1.62,0.12,0.01,0.0,0.214,1.5956790123456794,1.6402716866720461,0.116,,0.014,,0.0,,False,96.0,99.0,96.0,88.0,93.0,91.0,91.0,92.0,94.0,high,high,high,high,high,high,high,high,high,2026-05-17
hitter,TB,MIA,Junior Caminero,691406,2.0,3B,Confirmed,4.18,,,,,0.89,0.15,,,,,0.9058813213496507,0.8730314725672897,0.14963960064437284,0.15816648719105442,1.0980834272829765,1.1520830052229794,0.07968968236171828,0.08872237345199074,,,1.13,0.47,0.36,1.47,0.08,1.62,0.11,0.01,0.0,0.282,1.684375,1.5663191601405828,0.112,,0.007,,0.0,,False,96.0,99.0,96.0,88.0,93.0,91.0,91.0,92.0,94.0,high,high,high,high,high,high,high,high,high,2026-05-17
hitter,TB,MIA,Jonathan Aranda,666018,3.0,1B,Confirmed,3.96,,,,,1.1,0.17,,,,,1.0995723131566608,1.0989286463132553,0.1712799787592961,0.16079842232373623,0.8888888888888888,0.8867232284192228,0.04956247294111777,0.04005124837389148,,,0.89,0.4,0.31,1.24,0.04,1.28,0.1,0.01,0.0,0.271,1.3148148148148149,1.243420753759128,0.1,,0.007,,0.0,,False,96.0,99.0,96.0,88.0,93.0,91.0,91.0,92.0,94.0,high,high,high,high,high,high,high,high,high,2026-05-17
hitter,TB,MIA,Yandy Díaz,650490,4.0,DH,Confirmed,4.18,,,,,0.71,0.17,,,,,0.7236909168526827,0.7003305067914114,0.15479618483763194,0.18560047506135222,1.0980834272829765,1.124382446826901,0.04050659308077935,0.02767939500213548,,,1.11,0.43,0.34,1.41,0.03,1.39,0.11,0.01,0.0,0.268,1.4476190476190476,1.345929652106394,0.107,,0.007,,0.0,,False,96.0,99.0,96.0,88.0,93.0,91.0,91.0,92.0,94.0,high,high,high,high,high,high,high,high,high,2026-05-17
hitter,TB,MIA,Richie Palacios,680700,5.0,2B,Confirmed,3.02,,,,,0.83,0.09,,,,,0.8413551074455118,0.8229756640597293,0.10392846400854935,0.08105213203436726,0.707983193277311,0.6023130223548099,0.020938864313930945,0.0013120538663629448,,,0.65,0.24,0.18,0.77,0.01,0.88,0.09,0.01,0.0,0.215,0.9875776397515532,0.7903116338932187,0.088,,0.007,,0.0,,False,96.0,99.0,96.0,88.0,93.0,91.0,91.0,92.0,94.0,high,high,high,high,high,high,high,high,high,2026-05-17
hitter,TB,MIA,Jonny DeLuca,676356,6.0,RF,Confirmed,3.33,,,,,0.86,0.08,,,,,0.8191054724412375,0.8962983215834802,0.0897109421041436,0.06918731616734987,0.8694581280788177,0.7885674463767943,0.02496803341532659,0.016621065278960692,,,0.82,0.25,0.23,0.95,0.02,1.1,0.11,0.01,0.0,0.221,1.1521739130434783,1.0657283825023982,0.108,,0.009,,0.0,,False,96.0,99.0,96.0,88.0,93.0,91.0,91.0,92.0,94.0,high,high,high,high,high,high,high,high,high,2026-05-17
hitter,TB,MIA,Cedric Mullins,656775,7.0,CF,Confirmed,3.49,,,,,0.9,0.11,,,,,0.8769522510606067,0.9161559827276761,0.11683406072840077,0.10866624039861104,0.7715355805243446,0.7831862708415933,0.04001851022201612,0.03597094853000375,,,0.78,0.26,0.21,0.88,0.04,1.11,0.1,0.01,0.0,0.225,1.1521739130434783,1.0704581068363654,0.104,,0.008,,0.0,,False,96.0,99.0,96.0,88.0,93.0,91.0,91.0,92.0,94.0,high,high,high,high,high,high,high,high,high,2026-05-17
hitter,TB,MIA,Nick Fortes,663743,8.0,C,Confirmed,3.74,,,,,0.77,0.1,,,,,0.7081250968826286,0.8279712023653223,0.11382298344019612,0.08456926588229269,0.8949771689497716,0.9259000545856936,0.03387728685830384,0.034188957879373386,,,0.91,0.34,0.3,1.28,0.03,1.33,0.1,0.01,0.0,0.255,1.3148148148148149,1.3336792498705137,0.102,,0.006,,0.0,,False,96.0,99.0,96.0,88.0,93.0,91.0,91.0,92.0,94.0,high,high,high,high,high,high,high,high,high,2026-05-17
hitter,TB,MIA,Taylor Walls,670764,9.0,SS,Confirmed,3.74,,,,,0.91,0.16,,,,,0.8417218638559973,0.983414775345123,0.15820492380997467,0.16946988796446608,0.8949771689497716,0.8590736789549511,0.023442375423257885,0.017312509782123023,,,0.88,0.28,0.22,1.03,0.02,1.13,0.09,0.01,0.0,0.224,1.1521739130434783,1.113529591948408,0.093,,0.008,,0.0,,False,96.0,99.0,96.0,88.0,93.0,91.0,91.0,92.0,94.0,high,high,high,high,high,high,high,high,high,2026-05-17
hitter,MIA,TB,Xavier Edwards,669364,1.0,2B,Confirmed,3.93,,,,,0.44,0.28,,,,,0.45187446214926863,0.4325728068100727,0.2659941481264608,0.29140777748265584,0.8949771689497716,0.8699066805094267,0.021152322037564914,0.008529822535765832,,,0.88,0.4,0.3,1.5,0.01,1.09,0.13,0.01,0.0,0.256,1.1238670694864048,1.063349802942458,0.129,,0.012,,0.0,,False,96.0,99.0,96.0,88.0,93.0,91.0,91.0,92.0,94.0,high,high,high,high,high,high,high,high,high,2026-05-17
hitter,MIA,TB,Liam Hicks,689414,2.0,1B,Confirmed,3.48,,,,,0.42,0.2,,,,,0.41824934833011795,0.4192833675559977,0.2230134980940369,0.18526001879131704,0.7061469265367316,0.5947928867261975,0.024359072731965938,0.01791411943980708,,,0.64,0.34,0.26,1.24,0.02,0.91,0.14,0.01,0.0,0.246,0.9875776397515532,0.8374730097834576,0.144,,0.008,,0.0,,False,96.0,99.0,96.0,88.0,93.0,91.0,91.0,92.0,94.0,high,high,high,high,high,high,high,high,high,2026-05-17
hitter,MIA,TB,Otto Lopez,672640,3.0,SS,Confirmed,3.96,,,,,0.5,0.17,,,,,0.4968713097801425,0.5094876807465001,0.18019182737329742,0.15461613810662128,0.8770949720670391,0.8399890043280449,0.03493300899776211,0.04699839910935189,,,0.86,0.44,0.41,1.65,0.04,1.18,0.14,0.01,0.0,0.265,1.239368165249089,1.1268023370417466,0.14,,0.007,,0.0,,False,96.0,99.0,96.0,88.0,93.0,91.0,91.0,92.0,94.0,high,high,high,high,high,high,high,high,high,2026-05-17
hitter,MIA,TB,Kyle Stowers,669065,4.0,RF,Confirmed,3.81,,,,,0.94,0.27,,,,,0.9556906884561559,0.9180597342301119,0.2872740338084643,0.24752903236893475,0.707983193277311,0.7006948273900901,0.039383358376413935,0.024029269136182498,,,0.7,0.43,0.39,1.5,0.03,1.07,0.14,0.01,0.0,0.278,1.1238670694864048,1.022197834763085,0.14,,0.01,,0.0,,False,96.0,99.0,96.0,88.0,93.0,91.0,91.0,92.0,94.0,high,high,high,high,high,high,high,high,high,2026-05-17
hitter,MIA,TB,Connor Norby,681393,5.0,DH,Confirmed,3.33,,,,,0.82,0.18,,,,,0.8409594066038767,0.7957050287632602,0.2019620587067906,0.1598677099443542,0.7061469265367316,0.5924014066507951,0.029190200932999243,0.030759172638952517,,,0.64,0.3,0.27,1.11,0.03,0.93,0.11,0.01,0.0,0.228,0.9875776397515532,0.8850498867144204,0.105,,0.007,,0.0,,False,96.0,99.0,96.0,88.0,93.0,91.0,91.0,92.0,94.0,high,high,high,high,high,high,high,high,high,2026-05-17
hitter,MIA,TB,Jakob Marsee,805300,6.0,CF,Confirmed,4.18,,,,,0.92,0.34,,,,,0.9138582415403976,0.9262791611211691,0.3514889597388785,0.3319769675594079,0.801980198019802,0.8227973701741846,0.03620773838374433,0.023232984350641236,,,0.81,0.37,0.37,1.45,0.03,1.19,0.14,0.01,0.0,0.259,1.239368165249089,1.1429445270661764,0.14,,0.013,,0.0,,False,96.0,99.0,96.0,88.0,93.0,91.0,91.0,92.0,94.0,high,high,high,high,high,high,high,high,high,2026-05-17
hitter,MIA,TB,Leo Jiménez,677870,7.0,3B,Confirmed,3.49,,,,,0.71,0.19,,,,,0.6109033551114957,0.8064245359421287,0.21052271639916487,0.17133294006481226,0.5846774193548387,0.6016799968385202,0.025466162766991908,0.028579983666775412,,,0.59,0.3,0.27,1.22,0.03,0.75,0.14,0.01,0.0,0.246,0.6720588235294118,0.8079263064909724,0.136,,0.007,,0.0,,False,96.0,99.0,96.0,88.0,93.0,91.0,91.0,92.0,94.0,high,high,high,high,high,high,high,high,high,2026-05-17
hitter,MIA,TB,Owen Caissie,683357,8.0,RF,Confirmed,2.9,,,,,0.82,0.12,,,,,0.8299201529025937,0.8105726087072079,0.13650336471017152,0.10642481476545723,0.4803149606299212,0.4382578085437116,0.024384715240660104,0.018160571391461898,,,0.46,0.2,0.19,0.8,0.02,0.66,0.1,0.01,0.0,0.2,0.6720588235294118,0.6517323260919488,0.103,,0.007,,0.0,,False,96.0,99.0,96.0,88.0,93.0,91.0,91.0,92.0,94.0,high,high,high,high,high,high,high,high,high,2026-05-17
hitter,MIA,TB,Christopher Morel,666624,9.0,1B,Confirmed,3.54,,,,,1.18,0.19,,,,,1.1647026151117847,1.1944965985826104,0.17101256030962872,0.20393510385321778,0.7061469265367316,0.6902224505891436,0.26876434063609933,0.23004499801479383,,,0.7,0.32,0.3,1.27,0.25,1.57,0.12,0.01,0.0,0.254,1.5956790123456794,1.5569071070763034,0.122,,0.006,,0.0,,False,96.0,99.0,96.0,88.0,93.0,91.0,91.0,92.0,94.0,high,high,high,high,high,high,high,high,high,2026-05-17
hitter,WSH,BAL,James Wood,695578,1.0,RF,Confirmed,4.51,,,,,1.18,0.53,,,,,1.1528761490527928,1.2169651211972403,0.5182378885635891,0.5324886280412875,1.0980834272829765,1.0471164818394552,0.3424878891280816,0.3133555386669871,,,1.07,0.64,0.43,1.78,0.33,2.08,0.14,0.01,0.0,0.379,2.057017543859649,2.1004236914173946,0.144,,0.007,,0.0,,False,96.0,99.0,96.0,88.0,93.0,91.0,91.0,92.0,94.0,high,high,high,high,high,high,high,high,high,2026-05-17
hitter,WSH,BAL,Luis García Jr.,671277,2.0,1B,Confirmed,3.74,,,,,0.55,0.16,,,,,0.5536800877798039,0.5442093265380744,0.17592252199539873,0.15041168925242768,0.8770949720670391,0.8298329168282336,0.1458144422100822,0.13141523555038886,,,0.85,0.4,0.31,1.35,0.14,1.41,0.12,0.01,0.0,0.269,1.4476190476190476,1.3789819161717278,0.122,,0.007,,0.0,,False,96.0,99.0,96.0,88.0,93.0,91.0,91.0,92.0,94.0,high,high,high,high,high,high,high,high,high,2026-05-17
hitter,WSH,BAL,Brady House,691781,3.0,3B,Confirmed,3.19,,,,,0.81,0.12,,,,,0.8055227268526979,0.8046142466428777,0.12184469066930151,0.11760221684424405,0.707983193277311,0.6396337501815146,0.10203145816365322,0.08714681584899762,,,0.67,0.3,0.27,1.1,0.09,1.14,0.09,0.01,0.0,0.238,1.239368165249089,1.0669870959774346,0.091,,0.007,,0.0,,False,96.0,99.0,96.0,88.0,93.0,91.0,91.0,92.0,94.0,high,high,high,high,high,high,high,high,high,2026-05-17
hitter,WSH,BAL,CJ Abrams,682928,4.0,SS,Confirmed,4.39,,,,,0.81,0.21,,,,,0.857078979243553,0.7616884023241256,0.2339090558846161,0.18610365951679078,1.0980834272829765,1.1171277016471786,0.17002724263799013,0.1861696206724958,,,1.11,0.46,0.39,1.55,0.18,1.73,0.13,0.01,0.0,0.266,1.684375,1.7599880055553818,0.128,,0.008,,0.0,,False,96.0,99.0,96.0,88.0,93.0,91.0,91.0,92.0,94.0,high,high,high,high,high,high,high,high,high,2026-05-17
hitter,WSH,BAL,Daylen Lile,695734,5.0,LF,Confirmed,4.45,,,,,0.7,0.22,,,,,0.7066105287430307,0.6969643601043184,0.25112674199079676,0.1969166670148598,1.0980834272829765,1.1536733271707085,0.16279099630216678,0.1478274505832247,,,1.13,0.47,0.39,1.64,0.16,1.7,0.12,0.01,0.0,0.272,1.684375,1.71491603116761,0.115,,0.012,,0.0,,False,96.0,99.0,96.0,88.0,93.0,91.0,91.0,92.0,94.0,high,high,high,high,high,high,high,high,high,2026-05-17
hitter,WSH,BAL,Jacob Young,696285,6.0,CF,Confirmed,4.18,,,,,0.61,0.21,,,,,0.5929613623781101,0.6195392515501522,0.20755628489340744,0.2216147409474966,1.0980834272829765,1.0292756482319876,0.06639438471945508,0.08176654632380166,,,1.06,0.38,0.35,1.53,0.07,1.61,0.13,0.01,0.0,0.264,1.684375,1.5405284901205487,0.134,,0.008,,0.0,,False,96.0,99.0,96.0,88.0,93.0,91.0,91.0,92.0,94.0,high,high,high,high,high,high,high,high,high,2026-05-17
hitter,WSH,BAL,José Tena,677588,7.0,DH,Confirmed,3.02,,,,,0.75,0.12,,,,,0.7658800277128021,0.7352049360075654,0.13739956237971457,0.09533787173461823,0.7061469265367316,0.6200776039229572,0.10266881125369923,0.09526148738309001,,,0.66,0.23,0.2,0.84,0.1,1.05,0.08,0.01,0.0,0.226,1.1521739130434783,0.968616553884307,0.076,,0.007,,0.0,,False,96.0,99.0,96.0,88.0,93.0,91.0,91.0,92.0,94.0,high,high,high,high,high,high,high,high,high,2026-05-17
hitter,WSH,BAL,Keibert Ruiz,660688,8.0,C,Confirmed,3.96,,,,,0.4,0.16,,,,,0.4103142261830375,0.38014354234943265,0.1480827307565816,0.17592101270337462,0.994208494208494,0.9852871297429457,0.10408710885222422,0.08396111667885962,,,0.99,0.38,0.34,1.52,0.09,1.57,0.14,0.01,0.0,0.27,1.5956790123456794,1.5408626981969118,0.139,,0.009,,0.0,,False,96.0,99.0,96.0,88.0,93.0,91.0,91.0,92.0,94.0,high,high,high,high,high,high,high,high,high,2026-05-17
hitter,WSH,BAL,Nasim Nuñez,683083,9.0,2B,Confirmed,3.89,,,,,0.73,0.31,,,,,0.7108571084201347,0.7455109906252416,0.30114252827567345,0.3223064100216531,0.8694581280788177,0.8272681857756331,0.06791905811875298,0.08805449347035517,,,0.85,0.31,0.22,1.06,0.08,1.23,0.11,0.01,0.0,0.246,1.239368165249089,1.2252979319969493,0.108,,0.008,,0.0,,False,96.0,99.0,96.0,88.0,93.0,91.0,91.0,92.0,94.0,high,high,high,high,high,high,high,high,high,2026-05-17
hitter,BAL,WSH,Taylor Ward,621493,1.0,DH,Confirmed,4.26,,,,,1.32,0.26,,,,,1.277926628406883,1.3610985470079577,0.23393232438042924,0.2930280281567499,1.1391752577319587,1.1462322252579318,0.3355751594229559,0.2541262317222697,,,1.14,0.52,0.34,1.66,0.29,2.4,0.16,0.01,0.0,0.328,2.456692913385827,2.3559290154490364,0.158,,0.007,,0.0,,False,96.0,99.0,96.0,88.0,93.0,91.0,91.0,92.0,94.0,high,high,high,high,high,high,high,high,high,2026-05-17
hitter,BAL,WSH,Gunnar Henderson,683002,2.0,SS,Confirmed,4.45,,,,,1.27,0.16,,,,,1.206144439156285,1.3294756635916176,0.14908736756410756,0.17787515483507774,1.0980834272829765,1.1188072851796707,0.28205221902374616,0.25935728846974054,,,1.11,0.5,0.36,1.75,0.27,2.03,0.19,0.01,0.0,0.294,2.057017543859649,2.000257314162782,0.185,,0.012,,0.0,,False,96.0,99.0,96.0,88.0,93.0,91.0,91.0,92.0,94.0,high,high,high,high,high,high,high,high,high,2026-05-17
hitter,BAL,WSH,Pete Alonso,624413,3.0,1B,Confirmed,4.18,,,,,1.3,0.13,,,,,1.305487058730041,1.2919417942126075,0.133315647012891,0.12308847658641141,1.0980834272829765,1.042533228389617,0.3949882586595773,0.38833555057662006,,,1.07,0.46,0.38,1.6,0.39,2.46,0.18,0.01,0.0,0.284,2.456692913385827,2.4623376240113664,0.183,,0.009,,0.0,,False,96.0,99.0,96.0,88.0,93.0,91.0,91.0,92.0,94.0,high,high,high,high,high,high,high,high,high,2026-05-17
hitter,BAL,WSH,Tyler O'Neill,641933,4.0,RF,Confirmed,3.1,,,,,1.08,0.1,,,,,1.151037035131469,1.0005757288316928,0.13181212835680284,0.06140200308317771,0.801980198019802,0.690415856955571,0.1650515019593541,0.1525190479815229,,,0.74,0.26,0.2,0.88,0.16,1.31,0.11,0.01,0.0,0.226,1.3893129770992367,1.2409725040424147,0.106,,0.007,,0.0,,False,96.0,99.0,96.0,88.0,93.0,91.0,91.0,92.0,94.0,high,high,high,high,high,high,high,high,high,2026-05-17
hitter,BAL,WSH,Samuel Basallo,694212,5.0,C,Confirmed,3.58,,,,,1.2,0.08,,,,,1.247075800228628,1.1545916944915482,0.09792828278081112,0.06419624386347125,0.994208494208494,0.8627103234166584,0.2811264763905427,0.23226452373756534,,,0.92,0.4,0.34,1.44,0.26,1.79,0.13,0.01,0.0,0.28,1.914285714285714,1.69453176183658,0.135,,0.008,,0.0,,False,96.0,99.0,96.0,88.0,93.0,91.0,91.0,92.0,94.0,high,high,high,high,high,high,high,high,high,2026-05-17
hitter,BAL,WSH,Leody Taveras,665750,6.0,CF,Confirmed,3.1,,,,,0.96,0.08,,,,,0.9807961105258779,0.9441864961053611,0.09244704346475546,0.06438335202608896,0.801980198019802,0.7427042621847891,0.13016521199660208,0.12647863027484255,,,0.77,0.28,0.26,1.12,0.13,1.29,0.12,0.01,0.0,0.263,1.3893129770992367,1.204520899017339,0.116,,0.008,,0.0,,False,96.0,99.0,96.0,88.0,93.0,91.0,91.0,92.0,94.0,high,high,high,high,high,high,high,high,high,2026-05-17
hitter,BAL,WSH,Coby Mayo,691723,7.0,3B,Confirmed,3.48,,,,,1.24,0.08,,,,,1.2321936654952197,1.2383670566243925,0.09225385313566581,0.06584351552964077,0.801980198019802,0.7762855939430928,0.28397939527379956,0.2304056587361234,,,0.79,0.29,0.24,1.06,0.26,1.73,0.11,0.01,0.0,0.246,1.914285714285714,1.5703995143584222,0.112,,0.006,,0.0,,False,96.0,99.0,96.0,88.0,93.0,91.0,91.0,92.0,94.0,high,high,high,high,high,high,high,high,high,2026-05-17
hitter,BAL,WSH,Colton Cowser,681297,8.0,LF,Confirmed,2.9,,,,,0.8,0.31,,,,,0.7759382175372306,0.8145850332490389,0.3483062533779828,0.26859197083285236,0.3333333333333333,0.24034061353172476,0.03561684348592071,0.03362398737915794,,,0.28,0.21,0.17,0.73,0.03,0.41,0.08,0.01,0.0,0.224,0.4591194968553459,0.37868441413034326,0.08,,0.007,,0.0,,False,96.0,99.0,96.0,88.0,93.0,91.0,91.0,92.0,94.0,high,high,high,high,high,high,high,high,high,2026-05-17
hitter,BAL,WSH,Jeremiah Jackson,669236,9.0,2B,Confirmed,3.96,,,,,1.21,0.11,,,,,1.17874967761668,1.2453201715427873,0.10639014135086192,0.11240748027244697,1.0980834272829765,0.9758442010238091,0.2815162557832027,0.26052578093079154,,,1.03,0.37,0.32,1.5,0.27,1.96,0.14,0.01,0.0,0.272,2.057017543859649,1.877647033059793,0.14,,0.009,,0.0,,False,96.0,99.0,96.0,88.0,93.0,91.0,91.0,92.0,94.0,high,high,high,high,high,high,high,high,high,2026-05-17
hitter,PIT,PHI,Oneil Cruz,665833,1.0,DH,Confirmed,3.81,,,,,1.74,0.11,,,,,1.6805403650147743,1.802448738797146,0.08163182159093516,0.1294643988480049,0.5290322580645161,0.5896471097589754,0.036037705510968146,0.03415442687426125,,,0.56,0.33,0.25,1.28,0.04,0.85,0.15,0.01,0.0,0.213,0.7899761336515513,0.8994153876908301,0.15,,0.008,,0.0,,False,96.0,99.0,96.0,88.0,93.0,91.0,91.0,92.0,94.0,high,high,high,high,high,high,high,high,high,2026-05-17
hitter,PIT,PHI,Brandon Lowe,664040,2.0,2B,Confirmed,3.89,,,,,1.59,0.09,,,,,1.5754346299107953,1.6122107409226327,0.08261505903545525,0.10559485145478355,0.6434108527131783,0.6227419687258382,0.03290940564358627,0.03469658639846699,,,0.63,0.33,0.25,1.29,0.03,0.92,0.15,0.01,0.0,0.211,0.8408408408408409,0.9808782266077497,0.153,,0.009,,0.0,,False,96.0,99.0,96.0,88.0,93.0,91.0,91.0,92.0,94.0,high,high,high,high,high,high,high,high,high,2026-05-17
hitter,PIT,PHI,Bryan Reynolds,668804,3.0,LF,Confirmed,3.74,,,,,1.41,0.1,,,,,1.330150633902326,1.4914244584576504,0.08322361629881779,0.11665926961250651,0.6875,0.6016712107734112,0.024936181673434726,0.015046511565115356,,,0.64,0.32,0.28,1.31,0.02,0.83,0.13,0.01,0.0,0.211,0.7899761336515513,0.8592383305582133,0.132,,0.009,,0.0,,False,96.0,99.0,96.0,88.0,93.0,91.0,91.0,92.0,94.0,high,high,high,high,high,high,high,high,high,2026-05-17
hitter,PIT,PHI,Nick Gonzales,693304,4.0,3B,Confirmed,3.49,,,,,1.01,0.05,,,,,0.9659464113282533,1.0639440650977723,0.06277060847909635,0.04630517563801996,0.7061469265367316,0.6243691030370948,0.021233781342494852,0.021878648118777072,,,0.66,0.31,0.28,1.3,0.02,0.78,0.11,0.01,0.0,0.216,0.7899761336515513,0.7753626518334815,0.11,,0.008,,0.0,,False,96.0,99.0,96.0,88.0,93.0,91.0,91.0,92.0,94.0,high,high,high,high,high,high,high,high,high,2026-05-17
hitter,PIT,PHI,Spencer Horwitz,687462,5.0,1B,Confirmed,3.54,,,,,0.47,0.46,,,,,0.5141552610272864,0.42147974108176883,0.496023907440557,0.43351244211592266,1.0980834272829765,0.8145094564632874,0.1308738137998808,0.12480409683701396,,,0.94,0.35,0.3,1.42,0.13,1.45,0.14,0.01,0.0,0.242,1.684375,1.2595945815981182,0.141,,0.007,,0.0,,False,96.0,99.0,96.0,88.0,93.0,91.0,91.0,92.0,94.0,high,high,high,high,high,high,high,high,high,2026-05-17
hitter,PIT,PHI,Konnor Griffin,804606,6.0,SS,Confirmed,3.81,,,,,1.5,0.06,,,,,1.3758766146047208,1.6217997575713379,0.06612882199531861,0.06091067637671155,0.6434108527131783,0.6484070753693193,0.022598658981731183,0.020809618347788526,,,0.65,0.27,0.28,1.26,0.02,0.84,0.13,0.01,0.0,0.203,0.7899761336515513,0.8870510879320701,0.13,,0.012,,0.0,,False,96.0,99.0,96.0,88.0,93.0,91.0,91.0,92.0,94.0,high,high,high,high,high,high,high,high,high,2026-05-17
hitter,PIT,PHI,Jake Mangum,663968,7.0,CF,Confirmed,2.77,,,,,0.6,0.15,,,,,0.5821635026936283,0.6263831581066306,0.15046683172860265,0.14562625986493263,0.2543859649122807,0.20733161695802194,0.013791261163624514,0.005858441400811713,,,0.23,0.18,0.16,0.83,0.01,0.28,0.09,0.01,0.0,0.188,0.28125,0.27319087152185606,0.094,,0.007,,0.0,,False,96.0,99.0,96.0,88.0,93.0,91.0,91.0,92.0,94.0,high,high,high,high,high,high,high,high,high,2026-05-17
hitter,PIT,PHI,Jared Triolo,669707,8.0,RF,Confirmed,3.02,,,,,1.07,0.07,,,,,1.0360644227370184,1.1006963388814368,0.06822098870685589,0.0772623079620418,0.4125159642401022,0.4076893997870984,0.015711425090922194,0.005910867715729686,,,0.41,0.21,0.18,0.92,0.01,0.6,0.1,0.01,0.0,0.196,0.6289308176100628,0.5817760314825668,0.104,,0.007,,0.0,,False,96.0,99.0,96.0,88.0,93.0,91.0,91.0,92.0,94.0,high,high,high,high,high,high,high,high,high,2026-05-17
hitter,PIT,PHI,Henry Davis,680779,9.0,C,Confirmed,3.02,,,,,1.18,0.05,,,,,1.1627225875124965,1.1981012890241656,0.062167114063652655,0.04645667195898381,0.4125159642401022,0.4163319554513987,0.027386027504062094,0.02892343539789405,,,0.41,0.21,0.19,0.93,0.03,0.6,0.12,0.01,0.0,0.2,0.6289308176100628,0.5740281733482444,0.116,,0.006,,0.0,,False,96.0,99.0,96.0,88.0,93.0,91.0,91.0,92.0,94.0,high,high,high,high,high,high,high,high,high,2026-05-17
hitter,PHI,PIT,Trea Turner,607208,1.0,SS,Confirmed,4.04,,,,,0.63,0.6,,,,,0.6894443864086353,0.5802633047427074,0.6508014968798376,0.5541194098943912,0.994208494208494,0.8483943614339917,0.1245563881117207,0.10438407114899867,,,0.91,0.2,0.15,0.76,0.11,1.53,0.1,0.01,0.0,0.123,1.684375,1.4021845805490485,0.103,,0.011,,0.0,,False,96.0,99.0,96.0,88.0,93.0,91.0,91.0,92.0,94.0,high,high,high,high,high,high,high,high,high,2026-05-17
hitter,PHI,PIT,Kyle Schwarber,656941,2.0,DH,Confirmed,4.18,,,,,1.06,1.1,,,,,1.1570640781720414,0.9582157172281859,1.2298135692867107,0.9755285976929823,0.8694581280788177,0.6796166279071937,0.340165151903576,0.32846048585341214,,,0.77,0.21,0.15,0.72,0.33,1.85,0.11,0.01,0.0,0.131,2.057017543859649,1.689200161720255,0.106,,0.006,,0.0,,False,96.0,99.0,96.0,88.0,93.0,91.0,91.0,92.0,94.0,high,high,high,high,high,high,high,high,high,2026-05-17
hitter,PHI,PIT,Bryce Harper,547180,3.0,1B,Confirmed,4.14,,,,,0.69,0.91,,,,,0.7297379544016152,0.645764407111075,0.9365855451135334,0.8737032643096926,0.994208494208494,0.8321023030707887,0.20620066387748393,0.1926794330727385,,,0.91,0.21,0.18,0.8,0.2,1.75,0.09,0.01,0.0,0.127,1.914285714285714,1.6105935889748049,0.093,,0.007,,0.0,,False,96.0,99.0,96.0,88.0,93.0,91.0,91.0,92.0,94.0,high,high,high,high,high,high,high,high,high,2026-05-17
hitter,PHI,PIT,Alec Bohm,664761,4.0,3B,Confirmed,3.93,,,,,0.52,0.54,,,,,0.55139982518197,0.4826941998215932,0.5910828508639633,0.48494965428006676,1.0980834272829765,0.9026976212651991,0.135953636211285,0.14406371433262993,,,0.99,0.22,0.2,0.9,0.14,1.68,0.12,0.01,0.0,0.142,1.914285714285714,1.493082751923826,0.12,,0.007,,0.0,,False,96.0,99.0,96.0,88.0,93.0,91.0,91.0,92.0,94.0,high,high,high,high,high,high,high,high,high,2026-05-17
hitter,PHI,PIT,Brandon Marsh,669016,5.0,LF,Confirmed,3.81,,,,,0.76,0.57,,,,,0.7520303078316867,0.7589463119032838,0.5935904323419122,0.5551821634207146,0.801980198019802,0.6940494851616129,0.10225581271030951,0.0817093531819495,,,0.74,0.2,0.17,0.78,0.09,1.14,0.09,0.01,0.0,0.13,1.239368165249089,1.0613429577178137,0.09,,0.008,,0.0,,False,96.0,99.0,96.0,88.0,93.0,91.0,91.0,92.0,94.0,high,high,high,high,high,high,high,high,high,2026-05-17
hitter,PHI,PIT,Adolis García,666969,6.0,RF,Confirmed,3.33,,,,,0.76,0.43,,,,,0.8048311072873378,0.7180386039659078,0.482774728788538,0.38045888080760193,0.8694581280788177,0.6330135475476127,0.17806751339768082,0.16508518559062577,,,0.74,0.14,0.14,0.62,0.17,1.47,0.08,0.01,0.0,0.12,1.684375,1.302266786832839,0.078,,0.008,,0.0,,False,96.0,99.0,96.0,88.0,93.0,91.0,91.0,92.0,94.0,high,high,high,high,high,high,high,high,high,2026-05-17
hitter,PHI,PIT,Bryson Stott,681082,7.0,2B,Confirmed,3.1,,,,,0.49,0.48,,,,,0.5458491592373985,0.4408589052983974,0.5397097798093988,0.4135099950902769,0.707983193277311,0.5371496341711657,0.10478018923007226,0.08660941480390148,,,0.61,0.14,0.12,0.6,0.1,1.05,0.08,0.01,0.0,0.129,1.239368165249089,0.9004105393141287,0.076,,0.007,,0.0,,False,96.0,99.0,96.0,88.0,93.0,91.0,91.0,92.0,94.0,high,high,high,high,high,high,high,high,high,2026-05-17
hitter,PHI,PIT,J.T. Realmuto,592663,8.0,C,Confirmed,3.74,,,,,0.65,0.46,,,,,0.6173725624226538,0.6783619038933135,0.49517623363609675,0.4180755502654308,0.994208494208494,0.791667926411203,0.17126446135999376,0.13279588229615427,,,0.88,0.17,0.15,0.73,0.15,1.6,0.09,0.01,0.0,0.13,1.914285714285714,1.3499548058515372,0.094,,0.009,,0.0,,False,96.0,99.0,96.0,88.0,93.0,91.0,91.0,92.0,94.0,high,high,high,high,high,high,high,high,high,2026-05-17
hitter,PHI,PIT,Justin Crawford,702222,9.0,CF,Confirmed,3.58,,,,,0.65,0.56,,,,,0.6760899590631757,0.6246327129419771,0.6000636366281155,0.51335496823858,0.7715355805243446,0.6434433389173965,0.09207976463824202,0.07961906753517126,,,0.7,0.17,0.15,0.73,0.09,1.1,0.1,0.01,0.0,0.139,1.239368165249089,0.9805388580812127,0.101,,0.006,,0.0,,False,96.0,99.0,96.0,88.0,93.0,91.0,91.0,92.0,94.0,high,high,high,high,high,high,high,high,high,2026-05-17
hitter,ATL,BOS,Drake Baldwin,686948,1.0,C,Confirmed,3.89,,,,,0.6,0.14,,,,,0.5613664845903514,0.6293748001523746,0.1529457580760341,0.12881769329432521,0.5846774193548387,0.538584467075822,0.10958347699309476,0.1173553991584883,,,0.56,0.5,0.36,1.86,0.11,1.06,0.21,0.01,0.0,0.334,1.001763668430335,1.1077728676324952,0.211,,0.008,,0.0,,False,96.0,99.0,96.0,88.0,93.0,91.0,91.0,92.0,94.0,high,high,high,high,high,high,high,high,high,2026-05-17
hitter,ATL,BOS,Ozzie Albies,645277,2.0,2B,Confirmed,3.54,,,,,0.38,0.12,,,,,0.3573012310402537,0.4075668285749732,0.1310303966747275,0.11360329435289161,0.5290322580645161,0.5057167406499667,0.07505435220186077,0.08429239348960002,,,0.52,0.42,0.31,1.61,0.08,0.82,0.16,0.01,0.0,0.305,0.8408408408408409,0.7956913049204527,0.163,,0.009,,0.0,,False,96.0,99.0,96.0,88.0,93.0,91.0,91.0,92.0,94.0,high,high,high,high,high,high,high,high,high,2026-05-17
hitter,ATL,BOS,Matt Olson,621566,3.0,1B,Confirmed,3.96,,,,,0.77,0.16,,,,,0.6670064856526303,0.8632252683328441,0.15703562670443666,0.1681690466018233,0.5290322580645161,0.5432748522233298,0.14361864783533962,0.1673782631003652,,,0.54,0.47,0.38,1.75,0.16,1.2,0.22,0.01,0.0,0.315,1.1238670694864048,1.2622905775694535,0.218,,0.008,,0.0,,False,96.0,99.0,96.0,88.0,93.0,91.0,91.0,92.0,94.0,high,high,high,high,high,high,high,high,high,2026-05-17
hitter,ATL,BOS,Michael Harris II,671739,4.0,CF,Confirmed,3.02,,,,,0.5,0.05,,,,,0.48386802408625895,0.5103415956179209,0.06726149072074601,0.0314854361983765,0.4125159642401022,0.41866177916513236,0.12215399501146806,0.12216268675428779,,,0.42,0.38,0.34,1.52,0.12,0.94,0.16,0.01,0.0,0.312,0.9875776397515532,0.8936795649169096,0.162,,0.009,,0.0,,False,96.0,99.0,96.0,88.0,93.0,91.0,91.0,92.0,94.0,high,high,high,high,high,high,high,high,high,2026-05-17
hitter,ATL,BOS,Austin Riley,663586,5.0,3B,Confirmed,3.58,,,,,0.73,0.11,,,,,0.6141344041878108,0.8438631434656901,0.1146651823044651,0.0990099914945455,0.5290322580645161,0.48966413650790525,0.13704727014511,0.11633003320789757,,,0.51,0.5,0.43,1.92,0.13,1.04,0.22,0.01,0.0,0.353,1.001763668430335,1.0656544777873667,0.22,,0.01,,0.0,,False,96.0,99.0,96.0,88.0,93.0,91.0,91.0,92.0,94.0,high,high,high,high,high,high,high,high,high,2026-05-17
hitter,ATL,BOS,Dominic Smith,642086,6.0,DH,Confirmed,3.02,,,,,0.76,0.08,,,,,0.7691766460816113,0.746639230097121,0.09260706036591171,0.07335507279229703,0.5290322580645161,0.5257176934258452,0.14692474460334018,0.13522334052962412,,,0.53,0.33,0.31,1.41,0.14,1.0,0.14,0.01,0.0,0.314,1.1238670694864048,0.8955651578309142,0.143,,0.007,,0.0,,False,96.0,99.0,96.0,88.0,93.0,91.0,91.0,92.0,94.0,high,high,high,high,high,high,high,high,high,2026-05-17
hitter,ATL,BOS,Jorge Mateo,622761,7.0,SS,Confirmed,3.81,,,,,1.01,0.1,,,,,0.931524944804715,1.0933408421522934,0.08353883745209112,0.11031221185484458,0.6434108527131783,0.7066853422117851,0.09028149379323894,0.13100362747078576,,,0.68,0.41,0.35,1.75,0.11,1.2,0.19,0.01,0.0,0.316,1.001763668430335,1.354386091686095,0.195,,0.009,,0.0,,False,96.0,99.0,96.0,88.0,93.0,91.0,91.0,92.0,94.0,high,high,high,high,high,high,high,high,high,2026-05-17
hitter,ATL,BOS,Mike Yastrzemski,573262,8.0,RF,Confirmed,2.07,,,,,0.7,0.07,,,,,0.7873764727608938,0.6128594606619169,0.0812759136845465,0.06462948034060452,0.4125159642401022,0.2863560344004824,0.14507345824456372,0.0941757578755943,,,0.34,0.22,0.18,0.88,0.12,0.73,0.11,0.01,0.0,0.324,0.8408408408408409,0.63623300898137,0.115,,0.007,,0.0,,False,96.0,99.0,96.0,88.0,93.0,91.0,91.0,92.0,94.0,high,high,high,high,high,high,high,high,high,2026-05-17
hitter,ATL,BOS,José Azócar,640492,9.0,LF,Confirmed,1.64,,,,,0.34,0.06,,,,,0.35071856282848235,0.3335956698324715,0.0753819124460832,0.041849435581272985,0.2543859649122807,0.14586104711565231,0.0449019942265151,0.029920300952662182,,,0.19,0.18,0.15,0.74,0.04,0.31,0.09,0.01,0.0,0.319,0.3888888888888889,0.24190410045315472,0.094,,0.008,,0.0,,False,96.0,99.0,96.0,88.0,93.0,91.0,91.0,92.0,94.0,high,high,high,high,high,high,high,high,high,2026-05-17
hitter,BOS,ATL,Jarren Duran,680776,1.0,LF,Confirmed,4.25,,,,,0.72,0.09,,,,,0.6303666442952288,0.8141680742544468,0.0722556148943764,0.10932168199175786,0.7715355805243446,0.8531914027112246,0.08354008323023313,0.09642448206013172,,,0.82,0.45,0.3,1.28,0.09,1.27,0.1,0.02,0.0,0.282,1.239368165249089,1.2920322156490627,0.098,,0.019,,0.0,,False,96.0,99.0,96.0,88.0,93.0,91.0,91.0,92.0,94.0,high,high,high,high,high,high,high,high,high,2026-05-17
hitter,BOS,ATL,Mickey Gasper,681508,2.0,DH,Confirmed,3.09,,,,,0.39,0.08,,,,,0.37156296474284045,0.4173086757023746,0.0688699641274776,0.08593476568562253,0.5290322580645161,0.4812379928020337,0.05934402750968319,0.04432873204281912,,,0.5,0.34,0.22,0.96,0.05,0.73,0.08,0.01,0.0,0.295,0.7899761336515513,0.6820592653053037,0.082,,0.007,,0.0,,False,96.0,99.0,96.0,88.0,93.0,91.0,91.0,92.0,94.0,high,high,high,high,high,high,high,high,high,2026-05-17
hitter,BOS,ATL,Wilyer Abreu,677800,3.0,RF,Confirmed,4.14,,,,,0.64,0.11,,,,,0.5315590523753296,0.7512465526993398,0.10259928981887613,0.12575035800784903,0.6434108527131783,0.7059925546980601,0.07800857474131367,0.08936724338854081,,,0.68,0.38,0.26,1.05,0.08,1.05,0.08,0.01,0.0,0.253,1.001763668430335,1.0880817704249064,0.082,,0.007,,0.0,,False,96.0,99.0,96.0,88.0,93.0,91.0,91.0,92.0,94.0,high,high,high,high,high,high,high,high,high,2026-05-17
hitter,BOS,ATL,Willson Contreras,575929,4.0,1B,Confirmed,4.18,,,,,0.73,0.08,,,,,0.6605944689828442,0.8059186131570824,0.07136940678304535,0.09256537564135624,0.707983193277311,0.804977310358835,0.08176092740851776,0.08860692281893968,,,0.76,0.43,0.33,1.29,0.09,1.26,0.1,0.01,0.0,0.271,1.239368165249089,1.2826936374189253,0.103,,0.007,,0.0,,False,96.0,99.0,96.0,88.0,93.0,91.0,91.0,92.0,94.0,high,high,high,high,high,high,high,high,high,2026-05-17
hitter,BOS,ATL,Ceddanne Rafaela,678882,5.0,CF,Confirmed,4.25,,,,,0.59,0.07,,,,,0.5547629014880895,0.6201806316177461,0.06697059037033869,0.06755775186671807,0.801980198019802,0.9347064658906185,0.05764740509410228,0.07024892831232077,,,0.87,0.43,0.34,1.48,0.06,1.26,0.1,0.01,0.0,0.262,1.239368165249089,1.2838593276723542,0.104,,0.009,,0.0,,False,96.0,99.0,96.0,88.0,93.0,91.0,91.0,92.0,94.0,high,high,high,high,high,high,high,high,high,2026-05-17
hitter,BOS,ATL,Marcelo Mayer,691785,6.0,2B,Confirmed,3.96,,,,,0.65,0.11,,,,,0.5754466173773274,0.7309989286182066,0.0874816627271295,0.13583406360848194,0.707983193277311,0.7802318840897875,0.05311403830074854,0.05748164233281577,,,0.75,0.3,0.24,0.95,0.06,1.01,0.09,0.01,0.0,0.234,1.001763668430335,1.020491992045354,0.088,,0.008,,0.0,,False,96.0,99.0,96.0,88.0,93.0,91.0,91.0,92.0,94.0,high,high,high,high,high,high,high,high,high,2026-05-17
hitter,BOS,ATL,Andruw Monasterio,655316,7.0,SS,Confirmed,3.96,,,,,0.63,0.1,,,,,0.5576786720786168,0.7061132756473416,0.08418196631359724,0.12567092586198558,0.7061469265367316,0.7593162172136709,0.04387934379574888,0.05474836305844273,,,0.74,0.36,0.27,1.27,0.05,1.0,0.09,0.01,0.0,0.275,1.001763668430335,0.9954123109285397,0.092,,0.007,,0.0,,False,96.0,99.0,96.0,88.0,93.0,91.0,91.0,92.0,94.0,high,high,high,high,high,high,high,high,high,2026-05-17
hitter,BOS,ATL,Carlos Narváez,665966,8.0,C,Confirmed,3.33,,,,,0.98,0.39,,,,,1.0019553783409307,0.9630225266172227,0.4129257656144706,0.36096105382825694,0.5290322580645161,0.4926884288223056,0.04365443562285445,0.035107200577349285,,,0.51,0.31,0.24,0.96,0.04,0.75,0.09,0.01,0.0,0.28,0.7899761336515513,0.7099004306060778,0.089,,0.008,,0.0,,False,96.0,99.0,96.0,88.0,93.0,91.0,91.0,92.0,94.0,high,high,high,high,high,high,high,high,high,2026-05-17
hitter,BOS,ATL,Nick Sogard,686765,9.0,3B,Confirmed,3.81,,,,,1.07,0.31,,,,,1.0215504408559495,1.1126673443084842,0.30899803721953556,0.3065643265439306,0.7061469265367316,0.6281206215394711,0.07580522850686774,0.09584068126008974,,,0.66,0.32,0.23,1.06,0.09,1.11,0.12,0.01,0.0,0.26,1.1521739130434783,1.0820089606704426,0.12,,0.009,,0.0,,False,96.0,99.0,96.0,88.0,93.0,91.0,91.0,92.0,94.0,high,high,high,high,high,high,high,high,high,2026-05-17
hitter,CLE,CIN,Daniel Schneemann,682177,1.0,3B,Confirmed,3.81,,,,,0.81,0.28,,,,,0.7686443478368324,0.8589557602637566,0.30704174689665775,0.2604761098296186,0.7715355805243446,0.7003438196313362,0.030832841475235424,0.02263354544291195,,,0.73,0.52,0.41,1.8,0.03,1.06,0.16,0.01,0.0,0.336,1.1238670694864048,1.0008286566450042,0.157,,0.009,,0.0,,False,96.0,99.0,96.0,88.0,93.0,91.0,91.0,92.0,94.0,high,high,high,high,high,high,high,high,high,2026-05-17
hitter,CLE,CIN,José Ramírez,608070,2.0,DH,Confirmed,4.68,,,,,0.46,0.45,,,,,0.4789840956521998,0.4401034550411828,0.4758810137734466,0.42961092317618027,1.0980834272829765,1.1379819054188343,0.04438230163014374,0.05171476650700397,,,1.12,0.77,0.62,2.57,0.05,1.51,0.23,0.01,0.0,0.407,1.4759615384615385,1.5438911185386996,0.233,,0.008,,0.0,,False,96.0,99.0,96.0,88.0,93.0,91.0,91.0,92.0,94.0,high,high,high,high,high,high,high,high,high,2026-05-17
hitter,CLE,CIN,Chase DeLauter,800050,3.0,RF,Confirmed,4.68,,,,,0.42,0.36,,,,,0.4283990685705936,0.4150031477703456,0.3670216005429502,0.3526524997360206,1.0980834272829765,1.2082321223765418,0.05102639331981718,0.0559498043250529,,,1.16,0.71,0.67,2.55,0.05,1.68,0.24,0.01,0.0,0.371,1.5956790123456794,1.7557143431924394,0.239,,0.012,,0.0,,False,96.0,99.0,96.0,88.0,93.0,91.0,91.0,92.0,94.0,high,high,high,high,high,high,high,high,high,2026-05-17
hitter,CLE,CIN,Kyle Manzardo,700932,4.0,1B,Confirmed,3.96,,,,,0.83,0.3,,,,,0.7865366399351522,0.8678262188778345,0.3070191701271592,0.3021313005747343,0.801980198019802,0.7931667280152466,0.04922384264563191,0.05349479049674483,,,0.8,0.71,0.71,2.42,0.05,1.15,0.16,0.01,0.0,0.425,1.239368165249089,1.0846927425669566,0.163,,0.009,,0.0,,False,96.0,99.0,96.0,88.0,93.0,91.0,91.0,92.0,94.0,high,high,high,high,high,high,high,high,high,2026-05-17
hitter,CLE,CIN,Travis Bazzana,683953,5.0,2B,Confirmed,4.57,,,,,0.56,0.43,,,,,0.5238498046980853,0.5932718359080592,0.434522314772701,0.4326082827716648,1.0,1.0739867924308188,0.04443685536292606,0.054309904082743776,,,1.04,0.66,0.58,2.34,0.05,1.41,0.22,0.01,0.0,0.363,1.3893129770992367,1.4313804058979638,0.216,,0.009,,0.0,,False,96.0,99.0,96.0,88.0,93.0,91.0,91.0,92.0,94.0,high,high,high,high,high,high,high,high,high,2026-05-17
hitter,CLE,CIN,Steven Kwan,680757,6.0,LF,Confirmed,4.68,,,,,0.3,0.33,,,,,0.2574771246628048,0.3446153218282263,0.33826191632892333,0.3159366286898075,1.1391752577319587,1.204656678503683,0.03711238686273695,0.0399324606613493,,,1.18,0.67,0.69,2.85,0.04,1.64,0.23,0.01,0.0,0.398,1.5956790123456794,1.6727764396499343,0.227,,0.013,,0.0,,False,96.0,99.0,96.0,88.0,93.0,91.0,91.0,92.0,94.0,high,high,high,high,high,high,high,high,high,2026-05-17
hitter,CLE,CIN,Angel Martínez,682657,7.0,RF,Confirmed,4.04,,,,,0.79,0.15,,,,,0.7557247217049116,0.8250313052031726,0.15300874932339661,0.1391210356624118,0.8949771689497716,0.9306538053051027,0.042205370329023634,0.032338300723692384,,,0.91,0.51,0.5,2.11,0.04,1.2,0.18,0.01,0.0,0.345,1.239368165249089,1.1691168433393995,0.175,,0.011,,0.0,,False,96.0,99.0,96.0,88.0,93.0,91.0,91.0,92.0,94.0,high,high,high,high,high,high,high,high,high,2026-05-17
hitter,CLE,CIN,Patrick Bailey,672275,8.0,C,Confirmed,3.81,,,,,0.71,0.42,,,,,0.6352298165253716,0.7874905822609184,0.4364379845715787,0.4015883052243203,0.7061469265367316,0.6888776365561998,0.09131225965532813,0.09318669507544151,,,0.7,0.47,0.43,1.89,0.09,1.15,0.15,0.02,0.0,0.343,1.1521739130434783,1.141830012071259,0.153,,0.016,,0.0,,False,96.0,99.0,96.0,88.0,93.0,91.0,91.0,92.0,94.0,high,high,high,high,high,high,high,high,high,2026-05-17
hitter,CLE,CIN,Brayan Rocchio,677587,9.0,SS,Confirmed,3.96,,,,,0.53,0.18,,,,,0.5312013728368931,0.5285828244781742,0.17605730560365707,0.19280058797029753,0.994208494208494,0.9265671604391035,0.025478617699786217,0.01787059296001023,,,0.96,0.47,0.44,2.01,0.02,1.18,0.2,0.01,0.0,0.332,1.239368165249089,1.1255810831848485,0.2,,0.009,,0.0,,False,96.0,99.0,96.0,88.0,93.0,91.0,91.0,92.0,94.0,high,high,high,high,high,high,high,high,high,2026-05-17
hitter,CIN,CLE,Will Benson,666181,1.0,RF,Confirmed,3.02,,,,,0.8,0.35,,,,,0.7972791497425239,0.7933060610303472,0.3530122882592074,0.3411415329923795,0.4125159642401022,0.33961895548851395,0.08441435519892648,0.07596118309488428,,,0.37,0.33,0.25,1.28,0.08,0.72,0.12,0.01,0.0,0.267,0.7899761336515513,0.6633801178487779,0.119,,0.012,,0.0,,False,96.0,99.0,96.0,88.0,93.0,91.0,91.0,92.0,94.0,high,high,high,high,high,high,high,high,high,2026-05-17
hitter,CIN,CLE,Elly De La Cruz,682829,2.0,SS,Confirmed,4.18,,,,,0.99,0.53,,,,,0.9113090369364668,1.0689567730343714,0.5017665015628424,0.5526132314654157,0.707983193277311,0.7005385855339308,0.12101951871085417,0.11755455526808407,,,0.7,0.5,0.38,1.98,0.12,1.3,0.21,0.01,0.0,0.297,1.3148148148148149,1.2950380480540122,0.206,,0.014,,0.0,,False,96.0,99.0,96.0,88.0,93.0,91.0,91.0,92.0,94.0,high,high,high,high,high,high,high,high,high,2026-05-17
hitter,CIN,CLE,JJ Bleday,668709,3.0,LF,Confirmed,4.25,,,,,0.94,0.74,,,,,0.8759767094765373,1.0013985041539033,0.7472100719307287,0.7293876466225205,0.7061469265367316,0.6130173171636928,0.14347197334863443,0.15794283992555602,,,0.65,0.48,0.4,1.88,0.15,1.17,0.2,0.01,0.0,0.291,1.1521739130434783,1.1878064638422974,0.205,,0.013,,0.0,,False,96.0,99.0,96.0,88.0,93.0,91.0,91.0,92.0,94.0,high,high,high,high,high,high,high,high,high,2026-05-17
hitter,CIN,CLE,Spencer Steer,668715,4.0,1B,Confirmed,4.57,,,,,0.94,0.62,,,,,0.8551944809619838,1.0263097377080783,0.6309220479154815,0.6098026942850581,0.7715355805243446,0.7820478930417523,0.11413162593851928,0.12281826327240158,,,0.78,0.51,0.43,2.04,0.12,1.29,0.21,0.01,0.0,0.281,1.239368165249089,1.3247431636451745,0.215,,0.009,,0.0,,False,96.0,99.0,96.0,88.0,93.0,91.0,91.0,92.0,94.0,high,high,high,high,high,high,high,high,high,2026-05-17
hitter,CIN,CLE,Sal Stewart,701398,5.0,3B,Confirmed,4.61,,,,,1.05,0.64,,,,,0.9705674278460384,1.1328834588315138,0.6389773921763269,0.642559465846654,0.8694581280788177,0.8571328913707063,0.2459126120814315,0.22576892630439194,,,0.86,0.67,0.59,2.76,0.24,1.75,0.27,0.01,0.0,0.359,1.914285714285714,1.6188165184602996,0.273,,0.008,,0.0,,False,96.0,99.0,96.0,88.0,93.0,91.0,91.0,92.0,94.0,high,high,high,high,high,high,high,high,high,2026-05-17
hitter,CIN,CLE,Nathaniel Lowe,663993,6.0,DH,Confirmed,3.58,,,,,0.93,0.46,,,,,0.9549314684101505,0.9083228888808383,0.4668312319888188,0.4615905715635312,0.5846774193548387,0.5035268218176001,0.11693706557038402,0.11199598895403698,,,0.54,0.4,0.4,1.79,0.11,1.05,0.17,0.01,0.0,0.313,1.1238670694864048,0.9961431319670884,0.175,,0.01,,0.0,,False,96.0,99.0,96.0,88.0,93.0,91.0,91.0,92.0,94.0,high,high,high,high,high,high,high,high,high,2026-05-17
hitter,CIN,CLE,Tyler Stephenson,663886,7.0,C,Confirmed,3.81,,,,,1.02,0.54,,,,,0.9458203835356797,1.0858825545593147,0.5257161859023343,0.5454184039836704,0.5290322580645161,0.46774953117228696,0.11413561072138292,0.11681854782218319,,,0.5,0.37,0.31,1.58,0.12,0.93,0.17,0.01,0.0,0.278,0.9875776397515532,0.8739962501052002,0.171,,0.008,,0.0,,False,96.0,99.0,96.0,88.0,93.0,91.0,91.0,92.0,94.0,high,high,high,high,high,high,high,high,high,2026-05-17
hitter,CIN,CLE,TJ Friedl,670770,8.0,CF,Confirmed,4.18,,,,,0.76,0.68,,,,,0.7378952060153786,0.7881879817594292,0.7001843388693705,0.663538179520032,0.994208494208494,0.9024671239231576,0.09559841410015793,0.09646222869974268,,,0.94,0.43,0.37,1.9,0.1,1.35,0.21,0.01,0.0,0.294,1.3148148148148149,1.375529698960764,0.212,,0.012,,0.0,,False,96.0,99.0,96.0,88.0,93.0,91.0,91.0,92.0,94.0,high,high,high,high,high,high,high,high,high,2026-05-17
hitter,CIN,CLE,Matt McLain,680574,9.0,2B,Confirmed,4.51,,,,,1.07,0.71,,,,,1.0078151657322079,1.1251607860843211,0.6849976789631954,0.73789573400436,0.707983193277311,0.7685211819174953,0.1393130667452677,0.15853677626243523,,,0.74,0.46,0.39,1.95,0.15,1.31,0.2,0.01,0.0,0.293,1.239368165249089,1.361525580052845,0.197,,0.01,,0.0,,False,96.0,99.0,96.0,88.0,93.0,91.0,91.0,92.0,94.0,high,high,high,high,high,high,high,high,high,2026-05-17
hitter,DET,TOR,Kevin McGonigle,805808,1.0,SS,Confirmed,4.68,,,,,0.94,0.42,,,,,0.8048934393737166,1.0749316249002092,0.4147667878417075,0.4190535386602964,0.8949771689497716,0.9596548754800754,0.07834204338378895,0.07904404961393136,,,0.93,0.73,0.58,2.8,0.08,1.26,0.25,0.01,0.0,0.38,1.239368165249089,1.2698256279711861,0.253,,0.008,,0.0,,False,96.0,99.0,96.0,88.0,93.0,91.0,91.0,92.0,94.0,high,high,high,high,high,high,high,high,high,2026-05-17
hitter,DET,TOR,Dillon Dingler,693307,2.0,C,Confirmed,4.51,,,,,1.36,0.23,,,,,1.1813648323608832,1.539519369386687,0.2162449561067067,0.2503248064939707,0.801980198019802,0.9065432861830838,0.11643475750091534,0.13368977427306916,,,0.86,0.73,0.62,2.84,0.13,1.25,0.25,0.01,0.0,0.383,1.239368165249089,1.2622610374196663,0.254,,0.009,,0.0,,False,96.0,99.0,96.0,88.0,93.0,91.0,91.0,92.0,94.0,high,high,high,high,high,high,high,high,high,2026-05-17
hitter,DET,TOR,Colt Keith,690993,3.0,DH,Confirmed,3.33,,,,,0.98,0.2,,,,,0.8864110499566491,1.0654819025007871,0.18871738363460636,0.20260565554122448,0.5290322580645161,0.572296523434389,0.04207288127149779,0.03815718161096691,,,0.55,0.47,0.43,1.9,0.04,0.71,0.19,0.01,0.0,0.343,0.6720588235294118,0.7440786030598281,0.191,,0.01,,0.0,,False,96.0,99.0,96.0,88.0,93.0,91.0,91.0,92.0,94.0,high,high,high,high,high,high,high,high,high,2026-05-17
hitter,DET,TOR,Riley Greene,682985,4.0,LF,Confirmed,4.68,,,,,1.74,0.38,,,,,1.5919905906297531,1.8854994647420624,0.35197037181860447,0.4074034342269794,0.801980198019802,0.9139208208889703,0.12054134476721529,0.11840045947580209,,,0.86,0.76,0.7,2.96,0.12,1.4,0.23,0.01,0.0,0.393,1.3148148148148149,1.4686756179205294,0.228,,0.012,,0.0,,False,96.0,99.0,96.0,88.0,93.0,91.0,91.0,92.0,94.0,high,high,high,high,high,high,high,high,high,2026-05-17
hitter,DET,TOR,Matt Vierling,663837,5.0,CF,Confirmed,4.61,,,,,1.13,0.28,,,,,0.9331018450306917,1.3286608453159146,0.245249261237185,0.3166594402213949,0.801980198019802,0.9205306246270307,0.06153555531575229,0.07338819863372074,,,0.87,0.69,0.63,2.82,0.07,1.08,0.24,0.01,0.0,0.359,1.001763668430335,1.138182711354842,0.241,,0.01,,0.0,,False,96.0,99.0,96.0,88.0,93.0,91.0,91.0,92.0,94.0,high,high,high,high,high,high,high,high,high,2026-05-17
hitter,DET,TOR,Gage Workman,669398,6.0,3B,Confirmed,3.02,,,,,1.32,0.17,,,,,1.2928045738147302,1.3521618302264806,0.1705818061442536,0.16248510092251411,0.35424354243542433,0.31329618577247514,0.06570269006476592,0.06533327281592577,,,0.33,0.31,0.33,1.36,0.07,0.63,0.18,0.01,0.0,0.294,0.6289308176100628,0.625044581544247,0.181,,0.013,,0.0,,False,96.0,99.0,96.0,88.0,93.0,91.0,91.0,92.0,94.0,high,high,high,high,high,high,high,high,high,2026-05-17
hitter,DET,TOR,Zach McKinstry,656716,7.0,2B,Confirmed,3.48,,,,,1.02,0.19,,,,,0.898220695238767,1.1442614590364764,0.1935249992609935,0.1954630137072513,0.5290322580645161,0.533678581928012,0.03221690375543014,0.03552904634929492,,,0.53,0.41,0.38,1.78,0.03,0.8,0.22,0.02,0.0,0.331,0.7899761336515513,0.8167466634723909,0.224,,0.019,,0.0,,False,96.0,99.0,96.0,88.0,93.0,91.0,91.0,92.0,94.0,high,high,high,high,high,high,high,high,high,2026-05-17
hitter,DET,TOR,Spencer Torkelson,679529,8.0,1B,Confirmed,4.25,,,,,1.54,0.24,,,,,1.379410881987178,1.7090830130101524,0.24156297811933716,0.23143001410695524,0.7061469265367316,0.794385013444919,0.12617895721647934,0.12198033504459602,,,0.75,0.51,0.48,2.09,0.12,1.1,0.2,0.01,0.0,0.327,1.1238670694864048,1.076643978644354,0.203,,0.007,,0.0,,False,96.0,99.0,96.0,88.0,93.0,91.0,91.0,92.0,94.0,high,high,high,high,high,high,high,high,high,2026-05-17
hitter,DET,TOR,Wenceel Pérez,672761,9.0,RF,Confirmed,3.81,,,,,1.16,0.22,,,,,1.0285584208241172,1.2865955685509671,0.23353968875025713,0.20810579005910096,0.5290322580645161,0.5586170737889298,0.05295504480146318,0.06587834467127739,,,0.55,0.43,0.4,1.82,0.06,0.82,0.19,0.01,0.0,0.311,0.7899761336515513,0.8390078112538714,0.192,,0.013,,0.0,,False,96.0,99.0,96.0,88.0,93.0,91.0,91.0,92.0,94.0,high,high,high,high,high,high,high,high,high,2026-05-17
hitter,TOR,DET,Yohendrick Piñango,682818,1.0,RF,Confirmed,3.48,,,,,0.64,0.1,,,,,0.6063019522542922,0.6665197739625411,0.10472175635062544,0.1018209268955756,0.4125159642401022,0.43759641247957637,0.023517290667145512,0.014941240523009297,,,0.43,0.4,0.27,1.45,0.02,0.61,0.18,0.01,0.0,0.299,0.6289308176100628,0.5972920291185441,0.181,,0.008,,0.0,,False,96.0,99.0,96.0,88.0,93.0,91.0,91.0,92.0,94.0,high,high,high,high,high,high,high,high,high,2026-05-17
hitter,TOR,DET,Vladimir Guerrero Jr.,665489,2.0,DH,Confirmed,4.57,,,,,0.67,0.14,,,,,0.6259375115830682,0.7102801326440268,0.13514883212816053,0.1460509493322488,0.5290322580645161,0.6216166442546466,0.03186036680051163,0.04549972233358057,,,0.58,0.57,0.39,2.06,0.04,0.74,0.23,0.01,0.0,0.327,0.6720588235294118,0.7952773228625819,0.23,,0.009,,0.0,,False,96.0,99.0,96.0,88.0,93.0,91.0,91.0,92.0,94.0,high,high,high,high,high,high,high,high,high,2026-05-17
hitter,TOR,DET,Daulton Varsho,662139,3.0,CF,Confirmed,4.45,,,,,1.1,0.14,,,,,1.0135398156368245,1.1902915320163603,0.13216335607238278,0.1472570690155366,0.5290322580645161,0.5887182612833325,0.03624614413206004,0.0518860104825646,,,0.56,0.51,0.41,1.92,0.04,0.81,0.2,0.01,0.0,0.298,0.6720588235294118,0.9199746557831915,0.196,,0.009,,0.0,,False,96.0,99.0,96.0,88.0,93.0,91.0,91.0,92.0,94.0,high,high,high,high,high,high,high,high,high,2026-05-17
hitter,TOR,DET,Jesús Sánchez,660821,4.0,RF,Confirmed,3.33,,,,,0.73,0.08,,,,,0.6607959374575555,0.8017495529158368,0.0884560033938387,0.07173727288493235,0.4125159642401022,0.4312750228546724,0.02727636143956857,0.033673925928447764,,,0.42,0.4,0.33,1.53,0.03,0.66,0.19,0.01,0.0,0.311,0.6720588235294118,0.6447778624686478,0.189,,0.008,,0.0,,False,96.0,99.0,96.0,88.0,93.0,91.0,91.0,92.0,94.0,high,high,high,high,high,high,high,high,high,2026-05-17
hitter,TOR,DET,Lenyn Sosa,672820,5.0,1B,Confirmed,3.96,,,,,0.88,0.08,,,,,0.7602573180635055,0.9950598156044692,0.08390131675846749,0.08342189005002854,0.4125159642401022,0.6237348876146854,0.03294976234424411,0.0408450343952571,,,0.53,0.4,0.34,1.54,0.04,0.75,0.19,0.01,0.0,0.257,0.6720588235294118,0.8162377364803022,0.189,,0.007,,0.0,,False,96.0,99.0,96.0,88.0,93.0,91.0,91.0,92.0,94.0,high,high,high,high,high,high,high,high,high,2026-05-17
hitter,TOR,DET,Ernie Clement,676391,6.0,3B,Confirmed,3.33,,,,,0.44,0.06,,,,,0.39284594461120514,0.49467009829364017,0.07224598223750754,0.05239083000240063,0.4125159642401022,0.44207902171959523,0.019600151315918756,0.009528986767815877,,,0.43,0.36,0.34,1.58,0.01,0.53,0.17,0.01,0.0,0.307,0.5302013422818792,0.5313533557806043,0.168,,0.012,,0.0,,False,96.0,99.0,96.0,88.0,93.0,91.0,91.0,92.0,94.0,high,high,high,high,high,high,high,high,high,2026-05-17
hitter,TOR,DET,Andrés Giménez,665926,7.0,SS,Confirmed,3.74,,,,,0.62,0.09,,,,,0.5857574997026461,0.6622342287278306,0.09364706352096384,0.08793848245705499,0.4125159642401022,0.5440436742037679,0.026264581310807285,0.026645491506070262,,,0.48,0.38,0.31,1.59,0.03,0.7,0.18,0.01,0.0,0.3,0.6720588235294118,0.7240810552970073,0.181,,0.009,,0.0,,False,96.0,99.0,96.0,88.0,93.0,91.0,91.0,92.0,94.0,high,high,high,high,high,high,high,high,high,2026-05-17
hitter,TOR,DET,Brandon Valenzuela,678218,8.0,C,Confirmed,3.96,,,,,0.96,0.38,,,,,0.8414672036415861,1.0707670335289103,0.3604062244227465,0.3905247576543327,0.7061469265367316,0.6851597333887952,0.07262088309947506,0.08264102412361014,,,0.69,0.4,0.28,1.48,0.08,0.97,0.2,0.01,0.0,0.312,1.001763668430335,0.9432174546979442,0.197,,0.007,,0.0,,False,96.0,99.0,96.0,88.0,93.0,91.0,91.0,92.0,94.0,high,high,high,high,high,high,high,high,high,2026-05-17
hitter,TOR,DET,Davis Schneider,676914,9.0,2B,Confirmed,3.02,,,,,0.92,0.11,,,,,0.8746949662787291,0.965045131112392,0.10743419919952349,0.10386606861756635,0.2543859649122807,0.22380616161676764,0.02213650041747195,0.011269773065109245,,,0.24,0.29,0.23,1.17,0.02,0.38,0.15,0.01,0.0,0.295,0.3888888888888889,0.3765514095405785,0.148,,0.008,,0.0,,False,96.0,99.0,96.0,88.0,93.0,91.0,91.0,92.0,94.0,high,high,high,high,high,high,high,high,high,2026-05-17
hitter,NYM,NYY,Carson Benge,701807,1.0,RF,Confirmed,4.26,,,,,1.13,0.44,,,,,1.0777031450828904,1.191284731377286,0.4377687188248548,0.43913859312375364,0.801980198019802,0.8950426452499226,0.04344495273670262,0.04796273872712972,,,0.85,0.53,0.39,2.01,0.05,1.19,0.2,0.01,0.0,0.314,1.239368165249089,1.1473427808743404,0.204,,0.014,,0.0,,False,96.0,99.0,96.0,88.0,93.0,91.0,91.0,92.0,94.0,high,high,high,high,high,high,high,high,high,2026-05-17
hitter,NYM,NYY,Bo Bichette,666182,2.0,SS,Confirmed,4.7,,,,,0.98,0.61,,,,,0.9410948243027563,1.0128820377924348,0.6001663653446085,0.6295872203633215,0.994208494208494,0.9576080568353985,0.05789120617676375,0.061460636780145954,,,0.97,0.6,0.42,2.19,0.06,1.31,0.27,0.01,0.0,0.331,1.3148148148148149,1.3141254416444372,0.272,,0.01,,0.0,,False,96.0,99.0,96.0,88.0,93.0,91.0,91.0,92.0,94.0,high,high,high,high,high,high,high,high,high,2026-05-17
hitter,NYM,NYY,Juan Soto,665742,3.0,DH,Confirmed,3.74,,,,,1.19,0.73,,,,,1.2481350648492897,1.1385988185989762,0.7727543178833612,0.685817871081695,0.707983193277311,0.6073322340931375,0.08612550450178572,0.10715481663053762,,,0.65,0.5,0.36,1.66,0.1,1.04,0.15,0.01,0.0,0.362,1.1238670694864048,0.9732870027228903,0.148,,0.009,,0.0,,False,96.0,99.0,96.0,88.0,93.0,91.0,91.0,92.0,94.0,high,high,high,high,high,high,high,high,high,2026-05-17
hitter,NYM,NYY,Mark Vientos,668901,4.0,1B,Confirmed,4.25,,,,,1.43,0.42,,,,,1.3744820769899113,1.4813901344340572,0.4186731282330516,0.42242378075861425,0.7715355805243446,0.7737325642205451,0.060731083349716414,0.06715624742619944,,,0.77,0.51,0.42,1.93,0.06,1.1,0.2,0.01,0.0,0.308,1.1521739130434783,1.0568508951385647,0.198,,0.013,,0.0,,False,96.0,99.0,96.0,88.0,93.0,91.0,91.0,92.0,94.0,high,high,high,high,high,high,high,high,high,2026-05-17
hitter,NYM,NYY,MJ Melendez,669004,5.0,LF,Confirmed,3.1,,,,,1.32,0.37,,,,,1.3071258467199884,1.3306642706759901,0.38532064620724105,0.35036355070221414,0.4125159642401022,0.3035459798267744,0.03192363102994475,0.01596175607220784,,,0.35,0.34,0.26,1.25,0.02,0.58,0.13,0.01,0.0,0.292,0.6720588235294118,0.5039062124981168,0.133,,0.012,,0.0,,False,96.0,99.0,96.0,88.0,93.0,91.0,91.0,92.0,94.0,high,high,high,high,high,high,high,high,high,2026-05-17
hitter,NYM,NYY,Brett Baty,683146,6.0,3B,Confirmed,4.25,,,,,1.42,0.54,,,,,1.308691511936506,1.5335971569078146,0.5135570501813096,0.5734122616756013,0.7061469265367316,0.6861135347874212,0.047042362990028494,0.04862741171629577,,,0.7,0.4,0.36,1.63,0.05,1.01,0.15,0.01,0.0,0.282,0.9875776397515532,1.0284649963504189,0.15,,0.013,,0.0,,False,96.0,99.0,96.0,88.0,93.0,91.0,91.0,92.0,94.0,high,high,high,high,high,high,high,high,high,2026-05-17
hitter,NYM,NYY,Marcus Semien,543760,7.0,2B,Confirmed,4.48,,,,,1.06,0.57,,,,,0.9768691256093821,1.139083420400938,0.5510417285989372,0.5901194553034733,0.801980198019802,0.7737584385368768,0.044145283297681144,0.0537533888680221,,,0.79,0.44,0.35,1.79,0.05,1.13,0.17,0.01,0.0,0.291,1.1521739130434783,1.1127951269339764,0.173,,0.011,,0.0,,False,96.0,99.0,96.0,88.0,93.0,91.0,91.0,92.0,94.0,high,high,high,high,high,high,high,high,high,2026-05-17
hitter,NYM,NYY,A.J. Ewing,805999,8.0,CF,Confirmed,4.18,,,,,1.53,0.72,,,,,1.5288984590347352,1.533252677360852,0.6614090463247073,0.7865949590617185,0.707983193277311,0.7004717584999656,0.06862319776085492,0.07025925476916797,,,0.7,0.45,0.34,1.69,0.07,1.16,0.19,0.02,0.0,0.331,1.239368165249089,1.0960532570283152,0.192,,0.019,,0.0,,False,96.0,99.0,96.0,88.0,93.0,91.0,91.0,92.0,94.0,high,high,high,high,high,high,high,high,high,2026-05-17
hitter,NYM,NYY,Hayden Senger,663584,9.0,C,Confirmed,3.96,,,,,0.82,0.24,,,,,0.7103301420442518,0.9344392496267854,0.22417974866027487,0.25796253454159057,0.707983193277311,0.8818552846629399,0.13669536276529057,0.17398870155417778,,,0.8,0.37,0.3,1.54,0.16,1.44,0.18,0.01,0.0,0.274,1.3148148148148149,1.5482383993403177,0.176,,0.01,,0.0,,False,96.0,99.0,96.0,88.0,93.0,91.0,91.0,92.0,94.0,high,high,high,high,high,high,high,high,high,2026-05-17
hitter,NYY,NYM,Trent Grisham,663757,1.0,CF,Confirmed,4.26,,,,,1.33,0.39,,,,,1.2520844563100744,1.4125327606100821,0.3766051006907447,0.3951000282815751,0.707983193277311,0.7584386705158186,0.1383082649592086,0.11656605019264307,,,0.74,0.6,0.48,2.08,0.13,1.22,0.2,0.01,0.0,0.347,1.3148148148148149,1.1403614664217483,0.2,,0.008,,0.0,,False,96.0,99.0,96.0,88.0,93.0,91.0,91.0,92.0,94.0,high,high,high,high,high,high,high,high,high,2026-05-17
hitter,NYY,NYM,Ben Rice,700250,2.0,1B,Confirmed,4.45,,,,,1.3,0.33,,,,,1.2418061364697988,1.3565982325580677,0.33540323223483426,0.3298295679329683,0.801980198019802,0.7104030609242116,0.139518472024995,0.09943603346896736,,,0.75,0.54,0.42,1.97,0.12,1.59,0.22,0.01,0.0,0.305,1.684375,1.5076044741169274,0.22,,0.012,,0.0,,False,96.0,99.0,96.0,88.0,93.0,91.0,91.0,92.0,94.0,high,high,high,high,high,high,high,high,high,2026-05-17
hitter,NYY,NYM,Aaron Judge,592450,3.0,DH,Confirmed,4.57,,,,,1.62,0.43,,,,,1.6036196505903355,1.636122302211082,0.4341676505019203,0.43478984821321043,0.7061469265367316,0.7357347571785379,0.17909712559551333,0.16703518233788828,,,0.72,0.65,0.6,2.24,0.17,1.42,0.18,0.01,0.0,0.351,1.3148148148148149,1.4991953023399887,0.179,,0.011,,0.0,,False,96.0,99.0,96.0,88.0,93.0,91.0,91.0,92.0,94.0,high,high,high,high,high,high,high,high,high,2026-05-17
hitter,NYY,NYM,Cody Bellinger,641355,4.0,RF,Confirmed,4.51,,,,,0.89,0.29,,,,,0.8420944599324166,0.934472986075811,0.2884894116606126,0.29113297965374285,0.7715355805243446,0.7968381713935696,0.09843650110443641,0.07966999783458041,,,0.79,0.59,0.53,2.21,0.09,1.21,0.24,0.02,0.0,0.324,1.1521739130434783,1.25776828806443,0.235,,0.017,,0.0,,False,96.0,99.0,96.0,88.0,93.0,91.0,91.0,92.0,94.0,high,high,high,high,high,high,high,high,high,2026-05-17
hitter,NYY,NYM,Jazz Chisholm Jr.,665862,5.0,2B,Confirmed,4.18,,,,,1.49,0.28,,,,,1.3750843242766349,1.5995483535092865,0.2627405618947012,0.28991250283785386,0.7061469265367316,0.6925701276875693,0.11818654363267866,0.10597714618221893,,,0.7,0.51,0.47,1.87,0.11,1.06,0.18,0.01,0.0,0.3,1.001763668430335,1.1097571570531939,0.179,,0.008,,0.0,,False,96.0,99.0,96.0,88.0,93.0,91.0,91.0,92.0,94.0,high,high,high,high,high,high,high,high,high,2026-05-17
hitter,NYY,NYM,Ryan McMahon,641857,6.0,3B,Confirmed,3.33,,,,,1.41,0.31,,,,,1.4483720047947817,1.3704531917102263,0.343269220096482,0.2764081059696756,0.707983193277311,0.6436426090165819,0.03622456265415454,0.02880762071888828,,,0.67,0.35,0.36,1.42,0.03,0.95,0.16,0.01,0.0,0.295,1.001763668430335,0.9022386240818587,0.16,,0.008,,0.0,,False,96.0,99.0,96.0,88.0,93.0,91.0,91.0,92.0,94.0,high,high,high,high,high,high,high,high,high,2026-05-17
hitter,NYY,NYM,Spencer Jones,682987,7.0,RF,Confirmed,2.77,,,,,1.24,0.2,,,,,1.2813267104221255,1.2049213755389272,0.21625143184241685,0.18176687019249352,0.5290322580645161,0.40170349451406256,0.02128580729080667,0.004790361746524977,,,0.46,0.23,0.21,0.97,0.01,0.55,0.11,0.01,0.0,0.239,0.6289308176100628,0.48105316414367233,0.108,,0.012,,0.0,,False,96.0,99.0,96.0,88.0,93.0,91.0,91.0,92.0,94.0,high,high,high,high,high,high,high,high,high,2026-05-17
hitter,NYY,NYM,Anthony Volpe,683011,8.0,SS,Confirmed,3.96,,,,,1.46,0.27,,,,,1.3736180603302488,1.538031412725524,0.2539826591796278,0.2831986894123974,0.7061469265367316,0.673038590741265,0.12491658330947619,0.11128051123862606,,,0.69,0.46,0.43,1.89,0.12,1.21,0.2,0.01,0.0,0.325,1.239368165249089,1.1811052201553491,0.205,,0.009,,0.0,,False,96.0,99.0,96.0,88.0,93.0,91.0,91.0,92.0,94.0,high,high,high,high,high,high,high,high,high,2026-05-17
hitter,NYY,NYM,J.C. Escarra,641555,9.0,C,Confirmed,3.96,,,,,0.93,0.42,,,,,0.8201378238189008,1.036302706379975,0.4097901260781228,0.42533744326460865,0.5290322580645161,0.5853569565082903,0.0327120726985287,0.028154722256221128,,,0.56,0.43,0.39,1.81,0.03,0.76,0.2,0.02,0.0,0.305,0.6720588235294118,0.8344304626088425,0.204,,0.02,,0.0,,False,96.0,99.0,96.0,88.0,93.0,91.0,91.0,92.0,94.0,high,high,high,high,high,high,high,high,high,2026-05-17
hitter,HOU,TEX,Brice Matthews,694728,1.0,2B,Confirmed,3.33,,,,,0.91,0.08,,,,,0.9295043569170397,0.9003494336447743,0.09741576509330463,0.05564837205571667,0.7715355805243446,0.6508358022264683,0.40006684784367263,0.3414701754923685,,,0.71,0.25,0.22,0.89,0.37,1.8,0.08,0.01,0.0,0.179,1.914285714285714,1.7066951611762318,0.084,,0.007,,0.0,,False,96.0,99.0,96.0,88.0,93.0,91.0,91.0,92.0,94.0,high,high,high,high,high,high,high,high,high,2026-05-17
hitter,HOU,TEX,Yordan Alvarez,670541,2.0,DH,Confirmed,3.81,,,,,0.71,0.2,,,,,0.7500367601362694,0.6654284601155517,0.18250119246819074,0.214369360664002,0.8949771689497716,0.8419292650571735,0.5533269009834109,0.5438732627242943,,,0.87,0.28,0.25,0.95,0.55,2.44,0.09,0.01,0.0,0.177,2.456692913385827,2.434018647432531,0.091,,0.006,,0.0,,False,96.0,99.0,96.0,88.0,93.0,91.0,91.0,92.0,94.0,high,high,high,high,high,high,high,high,high,2026-05-17
hitter,HOU,TEX,Christian Walker,572233,3.0,1B,Confirmed,3.58,,,,,0.87,0.06,,,,,0.8742151615527235,0.8659434128003091,0.09694801828768523,0.02374034740597795,0.8694581280788177,0.7620679263903581,0.5727941233821486,0.4514952986830434,,,0.81,0.28,0.29,0.98,0.51,2.06,0.08,0.01,0.0,0.179,2.057017543859649,2.0554047405121794,0.084,,0.007,,0.0,,False,96.0,99.0,96.0,88.0,93.0,91.0,91.0,92.0,94.0,high,high,high,high,high,high,high,high,high,2026-05-17
hitter,HOU,TEX,Zach Cole,805904,4.0,CF,Confirmed,3.1,,,,,0.92,0.08,,,,,0.9519812310956889,0.8850786898171507,0.10025260829695301,0.06225124334621272,0.5290322580645161,0.43739146553973096,0.2681280749077665,0.2771091261340671,,,0.48,0.2,0.2,0.74,0.27,1.32,0.07,0.01,0.0,0.159,1.3148148148148149,1.326444001447714,0.075,,0.007,,0.0,,False,96.0,99.0,96.0,88.0,93.0,91.0,91.0,92.0,94.0,high,high,high,high,high,high,high,high,high,2026-05-17
hitter,HOU,TEX,Zach Dezenzo,701305,5.0,LF,Confirmed,2.77,,,,,0.81,0.08,,,,,0.8723339004772697,0.7407755993242477,0.09337470732281744,0.06844795516645155,0.4803149606299212,0.40008613626761025,0.20748444024552518,0.16243618463731394,,,0.44,0.19,0.19,0.71,0.18,0.96,0.06,0.01,0.0,0.166,1.1238670694864048,0.8192562318316707,0.062,,0.007,,0.0,,False,96.0,99.0,96.0,88.0,93.0,91.0,91.0,92.0,94.0,high,high,high,high,high,high,high,high,high,2026-05-17
hitter,HOU,TEX,Braden Shewmake,669699,6.0,3B,Confirmed,3.02,,,,,0.53,0.08,,,,,0.5054427333527877,0.5509134398858585,0.09333813413363617,0.07534701162453292,0.6434108527131783,0.4646471589966262,0.19111765738539538,0.21020127417047782,,,0.55,0.18,0.2,0.74,0.2,1.16,0.08,0.01,0.0,0.165,1.239368165249089,1.0996095403850783,0.083,,0.008,,0.0,,False,96.0,99.0,96.0,88.0,93.0,91.0,91.0,92.0,94.0,high,high,high,high,high,high,high,high,high,2026-05-17
hitter,HOU,TEX,Cam Smith,701358,7.0,RF,Confirmed,3.02,,,,,0.89,0.29,,,,,0.9299342705840904,0.8431254390652821,0.3134459551623855,0.2614013679610909,0.35424354243542433,0.3333458865211138,0.07562576741240748,0.06454071496142351,,,0.34,0.17,0.16,0.66,0.07,0.65,0.07,0.01,0.0,0.154,0.6720588235294118,0.6301936257868768,0.072,,0.007,,0.0,,False,96.0,99.0,96.0,88.0,93.0,91.0,91.0,92.0,94.0,high,high,high,high,high,high,high,high,high,2026-05-17
hitter,HOU,TEX,César Salazar,663967,8.0,C,Confirmed,2.55,,,,,0.61,0.22,,,,,0.6065955224167179,0.6227262449760415,0.2396500016378116,0.20926694356101466,0.35424354243542433,0.3203829434432379,0.06109106637933273,0.03911707156605158,,,0.34,0.13,0.12,0.5,0.05,0.57,0.06,0.01,0.0,0.144,0.6289308176100628,0.5140433558281852,0.064,,0.008,,0.0,,False,96.0,99.0,96.0,88.0,93.0,91.0,91.0,92.0,94.0,high,high,high,high,high,high,high,high,high,2026-05-17
hitter,HOU,TEX,Nick Allen,669397,9.0,SS,Confirmed,2.55,,,,,0.7,0.08,,,,,0.6522683748540424,0.7451502321958715,0.08771645229936638,0.0706310670153945,0.2543859649122807,0.2348138622176607,0.01300862303955029,0.005137111633836099,,,0.24,0.11,0.1,0.44,0.01,0.27,0.05,0.01,0.0,0.116,0.28125,0.26147973290084175,0.05,,0.006,,0.0,,False,96.0,99.0,96.0,88.0,93.0,91.0,91.0,92.0,94.0,high,high,high,high,high,high,high,high,high,2026-05-17
hitter,TEX,HOU,Evan Carter,694497,1.0,CF,Confirmed,3.96,,,,,1.14,0.54,,,,,1.0588143647726957,1.225107471775492,0.5176772075917383,0.5646286892415018,0.5290322580645161,0.49304912438480897,0.03895593239956114,0.0429714057835039,,,0.51,0.42,0.34,1.56,0.04,0.76,0.14,0.01,0.0,0.264,0.6720588235294118,0.8389838687421897,0.138,,0.011,,0.0,,False,96.0,99.0,96.0,88.0,93.0,91.0,91.0,92.0,94.0,high,high,high,high,high,high,high,high,high,2026-05-17
hitter,TEX,HOU,Brandon Nimmo,607043,2.0,RF,Confirmed,4.25,,,,,1.21,0.6,,,,,1.1799004726533888,1.245843926088567,0.6076920532946872,0.5922696157709962,0.5846774193548387,0.6271932739021833,0.05248250325889365,0.048764780913707534,,,0.61,0.53,0.43,1.96,0.05,0.89,0.18,0.01,0.0,0.307,0.8408408408408409,0.9257383816005658,0.178,,0.011,,0.0,,False,96.0,99.0,96.0,88.0,93.0,91.0,91.0,92.0,94.0,high,high,high,high,high,high,high,high,high,2026-05-17
hitter,TEX,HOU,Josh Jung,673962,3.0,3B,Confirmed,4.18,,,,,1.27,0.4,,,,,1.2238157760685715,1.324234889894286,0.4013996624942766,0.3926217178289772,0.6434108527131783,0.6260503011879578,0.06565824083961125,0.05706130106358382,,,0.63,0.47,0.44,1.8,0.06,0.86,0.17,0.01,0.0,0.269,0.8408408408408409,0.8818401079951894,0.17,,0.011,,0.0,,False,96.0,99.0,96.0,88.0,93.0,91.0,91.0,92.0,94.0,high,high,high,high,high,high,high,high,high,2026-05-17
hitter,TEX,HOU,Joc Pederson,592626,4.0,DH,Confirmed,3.1,,,,,1.02,0.49,,,,,0.9943367724349174,1.051367447155438,0.5017347410227002,0.4687777155936394,0.3344051446945337,0.23363727880946292,0.03174881442865586,0.024587582389375275,,,0.28,0.3,0.27,1.05,0.03,0.44,0.1,0.01,0.0,0.248,0.44025157232704404,0.4414519175039291,0.1,,0.009,,0.0,,False,96.0,99.0,96.0,88.0,93.0,91.0,91.0,92.0,94.0,high,high,high,high,high,high,high,high,high,2026-05-17
hitter,TEX,HOU,Ezequiel Duran,677649,5.0,SS,Confirmed,3.96,,,,,1.11,0.38,,,,,1.0108719769499588,1.213633844907847,0.3644391948823865,0.4007520333849274,0.5846774193548387,0.5317720501302451,0.035170398624468246,0.032222641396229226,,,0.56,0.39,0.35,1.54,0.03,0.83,0.11,0.01,0.0,0.238,0.8408408408408409,0.8236140757429398,0.108,,0.01,,0.0,,False,96.0,99.0,96.0,88.0,93.0,91.0,91.0,92.0,94.0,high,high,high,high,high,high,high,high,high,2026-05-17
hitter,TEX,HOU,Alejandro Osuna,696030,6.0,RF,Confirmed,3.81,,,,,0.95,0.54,,,,,0.8935405838407185,0.9987176247359157,0.5271535637486918,0.5541988633893755,0.4803149606299212,0.48533443927152625,0.030453594241608525,0.03150888504027362,,,0.48,0.35,0.35,1.47,0.03,0.73,0.12,0.01,0.0,0.264,0.6720588235294118,0.7862448089490046,0.118,,0.01,,0.0,,False,96.0,99.0,96.0,88.0,93.0,91.0,91.0,92.0,94.0,high,high,high,high,high,high,high,high,high,2026-05-17
hitter,TEX,HOU,Jake Burger,669394,7.0,1B,Confirmed,3.74,,,,,1.27,0.32,,,,,1.2579063493474125,1.276109271057278,0.30930033633655096,0.3207452993649326,0.4125159642401022,0.47896745000993357,0.05592302180356275,0.04587941819579012,,,0.45,0.34,0.34,1.39,0.05,0.75,0.14,0.01,0.0,0.249,0.7899761336515513,0.7219190837048479,0.137,,0.008,,0.0,,False,96.0,99.0,96.0,88.0,93.0,91.0,91.0,92.0,94.0,high,high,high,high,high,high,high,high,high,2026-05-17
hitter,TEX,HOU,Justin Foscue,679822,8.0,2B,Confirmed,2.55,,,,,0.88,0.21,,,,,0.8087679307714392,0.9485538945708386,0.23985735763876725,0.18449805851910484,0.3344051446945337,0.25108859536099903,0.02604521768811208,0.019702328928578452,,,0.29,0.19,0.17,0.77,0.02,0.34,0.1,0.01,0.0,0.211,0.39285714285714285,0.29983190831206064,0.098,,0.007,,0.0,,False,96.0,99.0,96.0,88.0,93.0,91.0,91.0,92.0,94.0,high,high,high,high,high,high,high,high,high,2026-05-17
hitter,TEX,HOU,Kyle Higashioka,543309,9.0,C,Confirmed,3.33,,,,,0.83,0.26,,,,,0.8344599853689749,0.8325784094592479,0.2666589412674337,0.2547795173173403,0.3344051446945337,0.3575763937498107,0.027893958029218596,0.029073936269287105,,,0.35,0.31,0.3,1.25,0.03,0.46,0.12,0.01,0.0,0.253,0.44025157232704404,0.4748532384073393,0.118,,0.009,,0.0,,False,96.0,99.0,96.0,88.0,93.0,91.0,91.0,92.0,94.0,high,high,high,high,high,high,high,high,high,2026-05-17
hitter,CWS,CHC,Sam Antonacci,803011,1.0,LF,Confirmed,4.18,,,,,0.36,0.21,,,,,0.3583579884130417,0.3541314643394326,0.20108112316890991,0.21288159728952533,1.0980834272829765,1.1370961452661592,0.21220018213012548,0.21719057997153932,,,1.12,0.58,0.47,2.14,0.21,1.88,0.16,0.01,0.0,0.331,1.914285714285714,1.8601917078433652,0.158,,0.012,,0.0,,False,96.0,99.0,96.0,88.0,93.0,91.0,91.0,92.0,94.0,high,high,high,high,high,high,high,high,high,2026-05-17
hitter,CWS,CHC,Munetaka Murakami,808959,2.0,1B,Confirmed,4.58,,,,,0.87,0.42,,,,,0.7321741106900259,1.0068116358931896,0.41359108858836513,0.42793935220699525,1.0980834272829765,1.1555173551357545,0.5053023774736655,0.6348277981617093,,,1.13,0.77,0.65,2.56,0.57,3.06,0.15,0.01,0.0,0.405,2.775,3.2883023623394605,0.145,,0.008,,0.0,,False,96.0,99.0,96.0,88.0,93.0,91.0,91.0,92.0,94.0,high,high,high,high,high,high,high,high,high,2026-05-17
hitter,CWS,CHC,Miguel Vargas,678246,3.0,3B,Confirmed,4.45,,,,,0.48,0.25,,,,,0.48925524285931776,0.47923542597473423,0.2633027734949926,0.24654450221431964,1.0980834272829765,1.1295429426476298,0.4201142705399694,0.4172121466931253,,,1.12,0.68,0.65,2.43,0.42,2.52,0.18,0.01,0.0,0.362,2.456692913385827,2.5730506005116287,0.177,,0.009,,0.0,,False,96.0,99.0,96.0,88.0,93.0,91.0,91.0,92.0,94.0,high,high,high,high,high,high,high,high,high,2026-05-17
hitter,CWS,CHC,Colson Montgomery,695657,4.0,SS,Confirmed,4.64,,,,,0.84,0.29,,,,,0.767504089588656,0.9049656939941281,0.30254967621032947,0.28609818449391117,1.0980834272829765,1.2510900621142214,0.5741590540634198,0.5641549428833039,,,1.18,0.78,0.79,2.7,0.57,2.98,0.17,0.01,0.0,0.394,2.775,3.1430563105579075,0.173,,0.01,,0.0,,False,96.0,99.0,96.0,88.0,93.0,91.0,91.0,92.0,94.0,high,high,high,high,high,high,high,high,high,2026-05-17
hitter,CWS,CHC,Chase Meidroth,805367,5.0,2B,Confirmed,4.57,,,,,0.49,0.25,,,,,0.5027246862338185,0.46939482140692956,0.257011640405313,0.24687146076880995,1.0980834272829765,1.2175674789216067,0.15966750999944218,0.15586976362354832,,,1.16,0.59,0.52,2.25,0.16,1.9,0.19,0.01,0.0,0.315,1.914285714285714,1.8845199840544986,0.194,,0.012,,0.0,,False,96.0,99.0,96.0,88.0,93.0,91.0,91.0,92.0,94.0,high,high,high,high,high,high,high,high,high,2026-05-17
hitter,CWS,CHC,Andrew Benintendi,643217,6.0,DH,Confirmed,3.81,,,,,0.49,0.19,,,,,0.48327015654898586,0.4979878012071932,0.20409983152294575,0.18401594834347293,0.8694581280788177,0.8729598288584351,0.3589298855935447,0.3600197395767571,,,0.87,0.51,0.56,2.06,0.36,1.95,0.18,0.01,0.0,0.364,1.914285714285714,1.9769427155772537,0.178,,0.007,,0.0,,False,96.0,99.0,96.0,88.0,93.0,91.0,91.0,92.0,94.0,high,high,high,high,high,high,high,high,high,2026-05-17
hitter,CWS,CHC,Edgar Quero,700337,7.0,C,Confirmed,4.03,,,,,0.71,0.32,,,,,0.6849670129778922,0.7428830283541835,0.31579573473514266,0.31573274341947305,0.994208494208494,0.9097898163009648,0.08769725270696044,0.07924509648806899,,,0.95,0.48,0.44,2.01,0.08,1.38,0.16,0.01,0.0,0.322,1.3893129770992367,1.3675330362459346,0.156,,0.01,,0.0,,False,96.0,99.0,96.0,88.0,93.0,91.0,91.0,92.0,94.0,high,high,high,high,high,high,high,high,high,2026-05-17
hitter,CWS,CHC,Tristan Peters,671976,8.0,LF,Confirmed,3.1,,,,,0.52,0.13,,,,,0.46766203073822754,0.5717579649481952,0.14344741385282828,0.10849323773273331,0.7715355805243446,0.6677128818186185,0.14101891184464785,0.15141363516172487,,,0.71,0.36,0.33,1.49,0.15,1.18,0.13,0.01,0.0,0.32,1.3148148148148149,1.0736657280080144,0.129,,0.009,,0.0,,False,96.0,99.0,96.0,88.0,93.0,91.0,91.0,92.0,94.0,high,high,high,high,high,high,high,high,high,2026-05-17
hitter,CWS,CHC,Derek Hill,656537,9.0,RF,Confirmed,2.77,,,,,0.87,0.25,,,,,0.9087823658260844,0.8350468219744501,0.25627116946201817,0.23963589670281016,0.6434108527131783,0.5111171313468588,0.06829460898558039,0.06462521126997545,,,0.57,0.35,0.34,1.39,0.07,0.9,0.14,0.01,0.0,0.349,1.001763668430335,0.8090924389764711,0.142,,0.01,,0.0,,False,96.0,99.0,96.0,88.0,93.0,91.0,91.0,92.0,94.0,high,high,high,high,high,high,high,high,high,2026-05-17
hitter,CHC,CWS,Nico Hoerner,663538,1.0,2B,Confirmed,4.51,,,,,0.56,0.1,,,,,0.43597787588377646,0.6865286458226464,0.11089088069249313,0.09483278999384273,1.0980834272829765,1.1223370016332535,0.07166311633776665,0.08086395750556807,,,1.11,0.57,0.46,2.16,0.08,1.61,0.24,0.01,0.0,0.308,1.5956790123456794,1.6297264374298095,0.242,,0.013,,0.0,,False,96.0,99.0,96.0,88.0,93.0,91.0,91.0,92.0,94.0,high,high,high,high,high,high,high,high,high,2026-05-17
hitter,CHC,CWS,Michael Busch,683737,2.0,1B,Confirmed,4.48,,,,,1.37,0.28,,,,,1.3260452218017051,1.4156437001347655,0.24173923587130286,0.3159206885808075,0.8694581280788177,0.8665241790639933,0.19582363953559417,0.18213116169917018,,,0.87,0.65,0.53,2.17,0.19,1.58,0.19,0.01,0.0,0.352,1.5956790123456794,1.5736170684501545,0.189,,0.01,,0.0,,False,96.0,99.0,96.0,88.0,93.0,91.0,91.0,92.0,94.0,high,high,high,high,high,high,high,high,high,2026-05-17
hitter,CHC,CWS,Alex Bregman,608324,3.0,3B,Confirmed,4.25,,,,,0.88,0.15,,,,,0.8777406694362803,0.8737238176484479,0.14907365077846693,0.15369540345395255,0.8770949720670391,0.8967431754361236,0.11755100723232423,0.12808928686917614,,,0.89,0.59,0.55,2.14,0.12,1.4,0.18,0.01,0.0,0.342,1.3893129770992367,1.4137396815842402,0.175,,0.007,,0.0,,False,96.0,99.0,96.0,88.0,93.0,91.0,91.0,92.0,94.0,high,high,high,high,high,high,high,high,high,2026-05-17
hitter,CHC,CWS,Ian Happ,664023,4.0,LF,Confirmed,4.25,,,,,1.36,0.17,,,,,1.3614813302812165,1.354553441757745,0.1439782917228312,0.19845767304553694,0.801980198019802,0.794293044743382,0.19595908237143245,0.18413325709527117,,,0.8,0.64,0.61,2.25,0.19,1.45,0.12,0.01,0.0,0.361,1.3893129770992367,1.504078041321537,0.125,,0.007,,0.0,,False,96.0,99.0,96.0,88.0,93.0,91.0,91.0,92.0,94.0,high,high,high,high,high,high,high,high,high,2026-05-17
hitter,CHC,CWS,Seiya Suzuki,673548,5.0,RF,Confirmed,4.25,,,,,1.35,0.17,,,,,1.3238137077194911,1.3713968894250312,0.17243661874503696,0.16976299180936522,0.801980198019802,0.8270182996058004,0.19316770550904158,0.21018345410949374,,,0.82,0.66,0.63,2.28,0.2,1.51,0.16,0.01,0.0,0.371,1.4759615384615385,1.5431474888678625,0.159,,0.008,,0.0,,False,96.0,99.0,96.0,88.0,93.0,91.0,91.0,92.0,94.0,high,high,high,high,high,high,high,high,high,2026-05-17
hitter,CHC,CWS,Michael Conforto,624424,6.0,DH,Confirmed,3.81,,,,,1.15,0.18,,,,,1.061815953062596,1.2419795560770517,0.15151210377770988,0.21365979801347493,0.7061469265367316,0.6931180214144351,0.12228238325667914,0.12230788308267508,,,0.7,0.39,0.42,1.52,0.12,1.07,0.13,0.01,0.0,0.287,1.001763668430335,1.1229560211489789,0.134,,0.01,,0.0,,False,96.0,99.0,96.0,88.0,93.0,91.0,91.0,92.0,94.0,high,high,high,high,high,high,high,high,high,2026-05-17
hitter,CHC,CWS,Carson Kelly,608348,7.0,C,Confirmed,4.18,,,,,0.81,0.31,,,,,0.7978233812176889,0.8143990158074618,0.31127820263340855,0.30071460281822504,1.0,1.0101225222798298,0.040756987951390745,0.02985822114654528,,,1.01,0.45,0.42,1.75,0.04,1.37,0.18,0.01,0.0,0.306,1.3893129770992367,1.354085241304544,0.179,,0.007,,0.0,,False,96.0,99.0,96.0,88.0,93.0,91.0,91.0,92.0,94.0,high,high,high,high,high,high,high,high,high,2026-05-17
hitter,CHC,CWS,Pete Crow-Armstrong,691718,8.0,CF,Confirmed,4.26,,,,,1.27,0.12,,,,,1.2059010774259629,1.3331516100105019,0.13089794580308292,0.10232245771473841,0.8694581280788177,0.8425550941516861,0.19276829898706702,0.1691443472527435,,,0.85,0.56,0.56,2.12,0.18,1.66,0.19,0.01,0.0,0.354,1.684375,1.6465603082393292,0.188,,0.011,,0.0,,False,96.0,99.0,96.0,88.0,93.0,91.0,91.0,92.0,94.0,high,high,high,high,high,high,high,high,high,2026-05-17
hitter,CHC,CWS,Dansby Swanson,621020,9.0,SS,Confirmed,3.96,,,,,0.96,0.27,,,,,0.897500892937814,1.0137258441184511,0.26805664051498534,0.27582678001118355,1.0980834272829765,0.9580945189810257,0.04574337018825666,0.04412967215442079,,,1.02,0.48,0.47,1.83,0.04,1.32,0.16,0.01,0.0,0.336,1.3148148148148149,1.3188952631061897,0.164,,0.008,,0.0,,False,96.0,99.0,96.0,88.0,93.0,91.0,91.0,92.0,94.0,high,high,high,high,high,high,high,high,high,2026-05-17
hitter,MIN,MIL,Austin Martin,668885,1.0,RF,Confirmed,4.18,,,,,0.88,0.27,,,,,0.8181984834572589,0.9450866917264891,0.27917300617569996,0.25586338060119357,1.0,0.977237599028673,0.08012812782129886,0.07484858896360368,,,0.99,0.49,0.35,1.84,0.08,1.4,0.13,0.01,0.0,0.301,1.3893129770992367,1.409442953234225,0.132,,0.012,,0.0,,False,96.0,99.0,96.0,88.0,93.0,91.0,91.0,92.0,94.0,high,high,high,high,high,high,high,high,high,2026-05-17
hitter,MIN,MIL,Brooks Lee,686797,2.0,SS,Confirmed,4.18,,,,,0.94,0.2,,,,,0.8824215425298854,0.9992328055749939,0.20361939080357633,0.2055874550709346,1.0,0.9647579110263758,0.11054190014998369,0.11751014633142895,,,0.98,0.45,0.31,1.64,0.11,1.44,0.14,0.01,0.0,0.274,1.3893129770992367,1.4755823927018907,0.137,,0.011,,0.0,,False,96.0,99.0,96.0,88.0,93.0,91.0,91.0,92.0,94.0,high,high,high,high,high,high,high,high,high,2026-05-17
hitter,MIN,MIL,Ryan Jeffers,680777,3.0,DH,Confirmed,4.18,,,,,1.02,0.33,,,,,1.003424435171024,1.041450833519661,0.31556240220344056,0.3357639628090977,0.994208494208494,0.9431590546127947,0.13886411896279854,0.13017722316001307,,,0.97,0.48,0.37,1.75,0.13,1.51,0.13,0.01,0.0,0.298,1.4759615384615385,1.531745133402356,0.13,,0.008,,0.0,,False,96.0,99.0,96.0,88.0,93.0,91.0,91.0,92.0,94.0,high,high,high,high,high,high,high,high,high,2026-05-17
hitter,MIN,MIL,Kody Clemens,665019,4.0,1B,Confirmed,3.81,,,,,1.25,0.2,,,,,1.2241163919148954,1.2665104493062056,0.20905999487805071,0.18756396056414376,0.801980198019802,0.8618030604422187,0.17422953762581572,0.15192534939119245,,,0.83,0.38,0.31,1.4,0.16,1.39,0.14,0.01,0.0,0.263,1.3893129770992367,1.3864292682593709,0.145,,0.012,,0.0,,False,96.0,99.0,96.0,88.0,93.0,91.0,91.0,92.0,94.0,high,high,high,high,high,high,high,high,high,2026-05-17
hitter,MIN,MIL,Luke Keaschall,807712,5.0,2B,Confirmed,4.26,,,,,0.54,0.19,,,,,0.5529411796153071,0.5353504582092694,0.18161710736794193,0.19522946730273893,0.801980198019802,0.8048981306127655,0.02560933482183733,0.014369285194991619,,,0.8,0.5,0.4,1.9,0.02,0.98,0.16,0.01,0.0,0.299,0.9875776397515532,0.9660637182042916,0.159,,0.013,,0.0,,False,96.0,99.0,96.0,88.0,93.0,91.0,91.0,92.0,94.0,high,high,high,high,high,high,high,high,high,2026-05-17
hitter,MIN,MIL,Victor Caratini,605170,6.0,C,Confirmed,3.74,,,,,0.84,0.51,,,,,0.8606072800108172,0.8272999439186189,0.5654321673643855,0.4591369525879433,0.8949771689497716,0.8303903248795764,0.059394248371248536,0.05549986682800565,,,0.86,0.36,0.33,1.49,0.06,1.32,0.12,0.01,0.0,0.277,1.3893129770992367,1.25534675219598,0.122,,0.011,,0.0,,False,96.0,99.0,96.0,88.0,93.0,91.0,91.0,92.0,94.0,high,high,high,high,high,high,high,high,high,2026-05-17
hitter,MIN,MIL,Royce Lewis,668904,7.0,3B,Confirmed,3.89,,,,,1.18,0.15,,,,,1.1417420642547176,1.2143648298285081,0.1630825656875185,0.1288817567866412,0.8694581280788177,0.8852816620016244,0.16832347943847553,0.1699395427993603,,,0.88,0.36,0.3,1.43,0.17,1.47,0.12,0.01,0.0,0.264,1.4759615384615385,1.4604900398378653,0.122,,0.009,,0.0,,False,96.0,99.0,96.0,88.0,93.0,91.0,91.0,92.0,94.0,high,high,high,high,high,high,high,high,high,2026-05-17
hitter,MIN,MIL,Ryan Kreidler,668952,8.0,CF,Confirmed,3.81,,,,,0.88,0.23,,,,,0.8274229974950281,0.9342236986821271,0.18882967877885307,0.2655991956551519,0.6434108527131783,0.6556962661152825,0.032454077898869935,0.04600222576557985,,,0.65,0.31,0.22,1.11,0.04,0.86,0.12,0.01,0.0,0.255,0.8408408408408409,0.8845125150741404,0.121,,0.008,,0.0,,False,96.0,99.0,96.0,88.0,93.0,91.0,91.0,92.0,94.0,high,high,high,high,high,high,high,high,high,2026-05-17
hitter,MIN,MIL,James Outman,681546,9.0,LF,Confirmed,3.02,,,,,1.27,0.15,,,,,1.3123872587769547,1.2186488623915677,0.16282909950479027,0.13006622123295272,0.5846774193548387,0.46571454510057997,0.09226979435813434,0.07877577413075894,,,0.52,0.22,0.16,0.78,0.09,0.9,0.12,0.01,0.0,0.228,0.9875776397515532,0.8259141229839355,0.119,,0.01,,0.0,,False,96.0,99.0,96.0,88.0,93.0,91.0,91.0,92.0,94.0,high,high,high,high,high,high,high,high,high,2026-05-17
hitter,MIL,MIN,Jackson Chourio,694192,1.0,CF,Confirmed,3.96,,,,,1.4,0.27,,,,,1.471519678860245,1.3245087856933246,0.29277643700622724,0.25150873482799685,0.707983193277311,0.6498806370102732,0.16165381485777858,0.15527563046363793,,,0.68,0.2,0.16,0.77,0.16,1.29,0.11,0.01,0.0,0.128,1.239368165249089,1.331422713516175,0.112,,0.012,,0.0,,False,96.0,99.0,96.0,88.0,93.0,91.0,91.0,92.0,94.0,high,high,high,high,high,high,high,high,high,2026-05-17
hitter,MIL,MIN,Brice Turang,668930,2.0,2B,Confirmed,3.96,,,,,1.39,0.49,,,,,1.386331266966341,1.3865237666310684,0.4952625964023405,0.4837593178671662,0.6434108527131783,0.5939706582306702,0.14841952218577914,0.1520067919491287,,,0.62,0.2,0.16,0.77,0.15,1.1,0.1,0.01,0.0,0.131,1.1521739130434783,1.0631019783512599,0.098,,0.008,,0.0,,False,96.0,99.0,96.0,88.0,93.0,91.0,91.0,92.0,94.0,high,high,high,high,high,high,high,high,high,2026-05-17
hitter,MIL,MIN,William Contreras,661388,3.0,C,Confirmed,4.04,,,,,1.07,0.45,,,,,1.0883652325344149,1.0458623013767694,0.4548505616569337,0.4387474980466167,0.7061469265367316,0.6630834185137152,0.16539143509981954,0.1560087558823454,,,0.68,0.2,0.18,0.8,0.16,1.23,0.09,0.01,0.0,0.127,1.239368165249089,1.2147970586853274,0.094,,0.007,,0.0,,False,96.0,99.0,96.0,88.0,93.0,91.0,91.0,92.0,94.0,high,high,high,high,high,high,high,high,high,2026-05-17
hitter,MIL,MIN,Christian Yelich,592885,4.0,DH,Confirmed,3.81,,,,,1.26,0.28,,,,,1.2455752599821968,1.2807097120946478,0.31780736316318015,0.2396660145748251,0.7061469265367316,0.5964298464530221,0.06134209443923445,0.05592605282616653,,,0.65,0.17,0.14,0.65,0.06,1.02,0.08,0.01,0.0,0.117,1.1521739130434783,0.9056085374727546,0.082,,0.008,,0.0,,False,96.0,99.0,96.0,88.0,93.0,91.0,91.0,92.0,94.0,high,high,high,high,high,high,high,high,high,2026-05-17
hitter,MIL,MIN,Jake Bauers,641343,5.0,LF,Confirmed,3.1,,,,,1.04,0.26,,,,,1.0839209928603823,1.001718282616228,0.2854734554942535,0.23037611563817456,0.5290322580645161,0.43323729810085204,0.030041480837174395,0.029649550018194457,,,0.48,0.17,0.14,0.64,0.03,0.69,0.07,0.01,0.0,0.136,0.7899761336515513,0.6127430485208851,0.074,,0.006,,0.0,,False,96.0,99.0,96.0,88.0,93.0,91.0,91.0,92.0,94.0,high,high,high,high,high,high,high,high,high,2026-05-17
hitter,MIL,MIN,Sal Frelick,686217,6.0,RF,Confirmed,3.74,,,,,0.76,0.32,,,,,0.7174194964877124,0.7960713280066309,0.3412173538015546,0.3048442706807742,0.6434108527131783,0.6371337203257886,0.0856004413993918,0.07536866394072073,,,0.64,0.17,0.17,0.75,0.08,0.98,0.1,0.01,0.0,0.133,1.001763668430335,0.9694019024063536,0.096,,0.008,,0.0,,False,96.0,99.0,96.0,88.0,93.0,91.0,91.0,92.0,94.0,high,high,high,high,high,high,high,high,high,2026-05-17
hitter,MIL,MIN,Garrett Mitchell,669003,7.0,CF,Confirmed,3.1,,,,,1.16,0.23,,,,,1.1702676897973014,1.1596456373845154,0.24580686623457346,0.20633216619461445,0.4125159642401022,0.37461602935535926,0.028432440766414584,0.023004952936909323,,,0.39,0.12,0.1,0.47,0.03,0.6,0.06,0.01,0.0,0.111,0.6720588235294118,0.5428067182463313,0.065,,0.008,,0.0,,False,96.0,99.0,96.0,88.0,93.0,91.0,91.0,92.0,94.0,high,high,high,high,high,high,high,high,high,2026-05-17
hitter,MIL,MIN,Joey Ortiz,687401,8.0,SS,Confirmed,3.1,,,,,0.71,0.15,,,,,0.714470274767326,0.713909024661127,0.1626102785081114,0.13720061371893774,0.6434108527131783,0.5174760472444899,0.06631757985307803,0.06153161085565489,,,0.57,0.16,0.15,0.72,0.06,0.91,0.08,0.01,0.0,0.149,1.001763668430335,0.8349442812594596,0.077,,0.008,,0.0,,False,96.0,99.0,96.0,88.0,93.0,91.0,91.0,92.0,94.0,high,high,high,high,high,high,high,high,high,2026-05-17
hitter,MIL,MIN,David Hamilton,666152,9.0,3B,Confirmed,3.48,,,,,1.09,0.19,,,,,1.0648504212106877,1.115354328369454,0.18586926676378984,0.1900964823212052,0.707983193277311,0.6785044322325114,0.030972055268234586,0.031329911081632134,,,0.69,0.17,0.15,0.74,0.03,0.96,0.09,0.01,0.0,0.14,1.001763668430335,0.9339125204229526,0.088,,0.008,,0.0,,False,96.0,99.0,96.0,88.0,93.0,91.0,91.0,92.0,94.0,high,high,high,high,high,high,high,high,high,2026-05-17
hitter,STL,KC,JJ Wetherholt,802139,1.0,2B,Confirmed,4.68,,,,,0.81,0.35,,,,,0.7466826337529395,0.872590084268581,0.3298163795563783,0.3668213380685495,0.994208494208494,1.028583541056713,0.266376626918975,0.3628082367870173,,,1.01,0.65,0.5,2.15,0.31,2.03,0.17,0.01,0.0,0.349,1.914285714285714,2.1164968630955245,0.17,,0.008,,0.0,,False,96.0,99.0,96.0,88.0,93.0,91.0,91.0,92.0,94.0,high,high,high,high,high,high,high,high,high,2026-05-17
hitter,STL,KC,Iván Herrera,671056,2.0,C,Confirmed,4.18,,,,,0.71,0.12,,,,,0.6373325405838964,0.7825645225557873,0.12701650755906063,0.11182484055547803,0.7715355805243446,0.7711898167858584,0.03156314907368868,0.0324435854464469,,,0.77,0.54,0.43,1.77,0.03,1.09,0.15,0.01,0.0,0.321,1.001763668430335,1.157668886096275,0.146,,0.008,,0.0,,False,96.0,99.0,96.0,88.0,93.0,91.0,91.0,92.0,94.0,high,high,high,high,high,high,high,high,high,2026-05-17
hitter,STL,KC,Alec Burleson,676475,3.0,1B,Confirmed,3.96,,,,,0.65,0.1,,,,,0.6110195771585014,0.6799494304500054,0.10639258446933439,0.10248575364389598,0.801980198019802,0.7991897742800781,0.028479013330524477,0.018909763072654732,,,0.8,0.54,0.51,1.92,0.02,1.04,0.17,0.01,0.0,0.336,1.001763668430335,1.06684954624776,0.173,,0.011,,0.0,,False,96.0,99.0,96.0,88.0,93.0,91.0,91.0,92.0,94.0,high,high,high,high,high,high,high,high,high,2026-05-17
hitter,STL,KC,Jordan Walker,691023,4.0,DH,Confirmed,3.96,,,,,0.95,0.12,,,,,0.8105441413347169,1.0855883650256117,0.11534784994775611,0.11855991122704174,0.707983193277311,0.7629496194477562,0.037012545177624825,0.027810543140119152,,,0.74,0.53,0.48,1.81,0.03,1.02,0.13,0.01,0.0,0.328,0.9875776397515532,1.0506438702311551,0.133,,0.008,,0.0,,False,96.0,99.0,96.0,88.0,93.0,91.0,91.0,92.0,94.0,high,high,high,high,high,high,high,high,high,2026-05-17
hitter,STL,KC,Nolan Gorman,669357,5.0,3B,Confirmed,3.81,,,,,1.06,0.31,,,,,0.9830375266503272,1.1353716523109725,0.309302838325348,0.3125235897505685,0.6434108527131783,0.5781133115050475,0.2400958368991529,0.24022055199437173,,,0.61,0.48,0.43,1.55,0.24,1.28,0.12,0.01,0.0,0.32,1.3148148148148149,1.2513188466879215,0.124,,0.006,,0.0,,False,96.0,99.0,96.0,88.0,93.0,91.0,91.0,92.0,94.0,high,high,high,high,high,high,high,high,high,2026-05-17
hitter,STL,KC,Masyn Winn,691026,6.0,SS,Confirmed,4.04,,,,,0.68,0.09,,,,,0.6289941323769301,0.7351377723110862,0.09391399629045298,0.08654364791021443,0.7061469265367316,0.7758818947954444,0.024985091402202585,0.02960998555419522,,,0.74,0.4,0.4,1.57,0.03,1.02,0.13,0.01,0.0,0.278,0.9875776397515532,1.0408040784690646,0.133,,0.01,,0.0,,False,96.0,99.0,96.0,88.0,93.0,91.0,91.0,92.0,94.0,high,high,high,high,high,high,high,high,high,2026-05-17
hitter,STL,KC,Nathan Church,701675,7.0,CF,Confirmed,3.32,,,,,0.64,0.08,,,,,0.589377203936698,0.6851026040345815,0.08365230264403999,0.07002976479480555,0.5290322580645161,0.5307783437784789,0.019680504197154232,0.015366106821650152,,,0.53,0.29,0.26,1.08,0.02,0.71,0.13,0.01,0.0,0.257,0.6720588235294118,0.7424100618200191,0.127,,0.009,,0.0,,False,96.0,99.0,96.0,88.0,93.0,91.0,91.0,92.0,94.0,high,high,high,high,high,high,high,high,high,2026-05-17
hitter,STL,KC,Thomas Saggese,695336,8.0,LF,Confirmed,2.55,,,,,0.7,0.07,,,,,0.6897815001670446,0.7005001942123443,0.07784993306587548,0.05651412851015179,0.4125159642401022,0.42686478888885776,0.02294959668685209,0.019756870853209568,,,0.42,0.25,0.22,0.88,0.02,0.61,0.1,0.01,0.0,0.289,0.6720588235294118,0.5518179114713702,0.104,,0.007,,0.0,,False,96.0,99.0,96.0,88.0,93.0,91.0,91.0,92.0,94.0,high,high,high,high,high,high,high,high,high,2026-05-17
hitter,STL,KC,Victor Scott II,687363,9.0,CF,Confirmed,2.55,,,,,0.63,0.07,,,,,0.6383817127384337,0.6154166253611917,0.070024160994746,0.07389944180394929,0.3344051446945337,0.3342829587498316,0.01570441442573008,0.003945317392125796,,,0.33,0.2,0.16,0.72,0.01,0.43,0.09,0.01,0.0,0.245,0.44025157232704404,0.4142429803667708,0.086,,0.009,,0.0,,False,96.0,99.0,96.0,88.0,93.0,91.0,91.0,92.0,94.0,high,high,high,high,high,high,high,high,high,2026-05-17
hitter,KC,STL,Maikel Garcia,672580,1.0,3B,Confirmed,4.45,,,,,0.32,0.47,,,,,0.34923309780660816,0.29118709943158566,0.46973954376657756,0.46324302136211865,0.8770949720670391,0.9219873092642679,0.037660002775298476,0.051037528090305324,,,0.9,0.48,0.32,1.69,0.04,1.26,0.16,0.01,0.0,0.282,1.239368165249089,1.2858344646835376,0.164,,0.01,,0.0,,False,96.0,99.0,96.0,88.0,93.0,91.0,91.0,92.0,94.0,high,high,high,high,high,high,high,high,high,2026-05-17
hitter,KC,STL,Bobby Witt Jr.,677951,2.0,SS,Confirmed,4.48,,,,,0.52,0.5,,,,,0.5147573813647502,0.5212609879159718,0.4903464238973211,0.504743438976193,0.8770949720670391,0.9191806610883124,0.09503738186792152,0.10002166409703869,,,0.9,0.51,0.35,1.74,0.1,1.39,0.16,0.01,0.0,0.299,1.3148148148148149,1.4547892809878264,0.164,,0.012,,0.0,,False,96.0,99.0,96.0,88.0,93.0,91.0,91.0,92.0,94.0,high,high,high,high,high,high,high,high,high,2026-05-17
hitter,KC,STL,Vinnie Pasquantino,686469,3.0,1B,Confirmed,4.68,,,,,0.49,0.56,,,,,0.521220875959234,0.46224847715327866,0.5713320924292655,0.5392091213350859,0.994208494208494,1.0295221712555918,0.059258676245450476,0.07473377966637212,,,1.01,0.55,0.42,1.96,0.07,1.44,0.22,0.01,0.0,0.315,1.3893129770992367,1.472439912275687,0.218,,0.011,,0.0,,False,96.0,99.0,96.0,88.0,93.0,91.0,91.0,92.0,94.0,high,high,high,high,high,high,high,high,high,2026-05-17
hitter,KC,STL,Salvador Perez,521692,4.0,C,Confirmed,4.51,,,,,0.63,0.3,,,,,0.6029834351382317,0.647857354027835,0.28357282706332076,0.30697141972319214,0.994208494208494,0.9978501148054632,0.06830574118263211,0.07480457648274257,,,1.0,0.49,0.42,1.91,0.07,1.33,0.18,0.01,0.0,0.276,1.3148148148148149,1.3387500588552157,0.179,,0.007,,0.0,,False,96.0,99.0,96.0,88.0,93.0,91.0,91.0,92.0,94.0,high,high,high,high,high,high,high,high,high,2026-05-17
hitter,KC,STL,Carter Jensen,695600,5.0,DH,Confirmed,3.96,,,,,0.68,0.48,,,,,0.6154278901921161,0.738162645230463,0.49500236013227883,0.4734079612829498,0.7061469265367316,0.5877138484042654,0.03840203763613125,0.05798439260415117,,,0.64,0.41,0.3,1.41,0.05,0.95,0.12,0.01,0.0,0.276,1.001763668430335,0.9045976811265174,0.122,,0.007,,0.0,,False,96.0,99.0,96.0,88.0,93.0,91.0,91.0,92.0,94.0,high,high,high,high,high,high,high,high,high,2026-05-17
hitter,KC,STL,Isaac Collins,686555,6.0,LF,Confirmed,3.96,,,,,0.62,0.5,,,,,0.5307596528887156,0.7130257887139548,0.5203867142831949,0.47467482679842826,0.7061469265367316,0.6138983298051267,0.022670134781175345,0.027072740966153287,,,0.66,0.35,0.28,1.33,0.02,0.91,0.13,0.01,0.0,0.271,0.9875776397515532,0.8439349295102963,0.133,,0.008,,0.0,,False,96.0,99.0,96.0,88.0,93.0,91.0,91.0,92.0,94.0,high,high,high,high,high,high,high,high,high,2026-05-17
hitter,KC,STL,Lane Thomas,657041,7.0,RF,Confirmed,3.74,,,,,0.69,0.49,,,,,0.6249749822980901,0.7642106601090021,0.4988538039458982,0.4792607760532343,0.4803149606299212,0.5433071473911782,0.028720767322155737,0.03245718898719114,,,0.51,0.32,0.23,1.19,0.03,0.71,0.12,0.01,0.0,0.259,0.6720588235294118,0.7365198750816219,0.121,,0.007,,0.0,,False,96.0,99.0,96.0,88.0,93.0,91.0,91.0,92.0,94.0,high,high,high,high,high,high,high,high,high,2026-05-17
hitter,KC,STL,Michael Massey,686681,8.0,2B,Confirmed,3.48,,,,,0.38,0.23,,,,,0.3899476295438491,0.3716178712795892,0.22187290027175985,0.2377986171766606,0.6506024096385542,0.5481466167714693,0.03368805939918773,0.043371774632978644,,,0.59,0.3,0.25,1.26,0.04,0.83,0.11,0.01,0.0,0.251,0.8666666666666667,0.8088935734070543,0.109,,0.008,,0.0,,False,96.0,99.0,96.0,88.0,93.0,91.0,91.0,92.0,94.0,high,high,high,high,high,high,high,high,high,2026-05-17
hitter,KC,STL,Kyle Isbel,664728,9.0,CF,Confirmed,3.48,,,,,0.43,0.25,,,,,0.4226596608145685,0.4453769388148884,0.2663967328414968,0.2264948948310621,0.6434108527131783,0.5887501718909139,0.019341866442632232,0.008048166137346826,,,0.61,0.31,0.24,1.26,0.01,0.8,0.12,0.01,0.0,0.26,0.7899761336515513,0.8018061700207251,0.123,,0.01,,0.0,,False,96.0,99.0,96.0,88.0,93.0,91.0,91.0,92.0,94.0,high,high,high,high,high,high,high,high,high,2026-05-17
hitter,COL,AZ,Edouard Julien,666397,1.0,2B,Confirmed,3.09,,,,,0.61,0.09,,,,,0.5734163813459355,0.6475923177984753,0.08657859194718498,0.09474574021911543,0.35424354243542433,0.39892984825819755,0.05151136990441797,0.04513481611373632,,,0.38,0.22,0.15,0.79,0.05,0.62,0.11,0.01,0.0,0.192,0.6289308176100628,0.6179854775482511,0.108,,0.009,,0.0,,False,96.0,99.0,96.0,88.0,93.0,91.0,91.0,92.0,94.0,high,high,high,high,high,high,high,high,high,2026-05-17
hitter,COL,AZ,Mickey Moniak,666160,2.0,LF,Confirmed,3.1,,,,,0.98,0.1,,,,,1.0380628579789237,0.927144672105462,0.11318073027476899,0.08218623950610557,0.994208494208494,0.7974892564219153,0.04544742878539586,0.02859816583751451,,,0.89,0.21,0.16,0.78,0.04,1.1,0.13,0.01,0.0,0.185,1.239368165249089,0.9908253793602237,0.135,,0.011,,0.0,,False,96.0,99.0,96.0,88.0,93.0,91.0,91.0,92.0,94.0,high,high,high,high,high,high,high,high,high,2026-05-17
hitter,COL,AZ,Hunter Goodman,696100,3.0,DH,Confirmed,3.48,,,,,1.15,0.16,,,,,1.2452945751696027,1.059867252498985,0.158485720540916,0.1651987535024306,1.0980834272829765,0.9512993217717001,0.06291135961415552,0.041659502600824995,,,1.02,0.28,0.23,1.04,0.05,1.48,0.12,0.01,0.0,0.205,1.5956790123456794,1.3867306967758373,0.122,,0.013,,0.0,,False,96.0,99.0,96.0,88.0,93.0,91.0,91.0,92.0,94.0,high,high,high,high,high,high,high,high,high,2026-05-17
hitter,COL,AZ,TJ Rumfield,681198,4.0,1B,Confirmed,3.33,,,,,0.8,0.14,,,,,0.8186776534369674,0.7806277866210942,0.16093571212378796,0.11882089137455244,0.994208494208494,0.8202116929337304,0.03535158026993202,0.02513495622139904,,,0.9,0.22,0.17,0.81,0.03,1.1,0.1,0.01,0.0,0.181,1.239368165249089,0.9920808012652802,0.104,,0.008,,0.0,,False,96.0,99.0,96.0,88.0,93.0,91.0,91.0,92.0,94.0,high,high,high,high,high,high,high,high,high,2026-05-17
hitter,COL,AZ,Troy Johnston,687859,5.0,RF,Confirmed,3.02,,,,,0.82,0.11,,,,,0.8319130658517139,0.8178887413104172,0.12248295537023442,0.09670814851787,1.0980834272829765,0.7976328808960198,0.029873899500943688,0.02841052677998364,,,0.93,0.21,0.17,0.79,0.03,1.09,0.1,0.01,0.0,0.18,1.239368165249089,0.9742019578085155,0.099,,0.008,,0.0,,False,96.0,99.0,96.0,88.0,93.0,91.0,91.0,92.0,94.0,high,high,high,high,high,high,high,high,high,2026-05-17
hitter,COL,AZ,Willi Castro,650489,6.0,SS,Confirmed,3.74,,,,,1.05,0.14,,,,,1.0616572664883117,1.0360360558102046,0.14843189065200865,0.1409181228122879,1.0980834272829765,1.0246826265460516,0.04061386728101652,0.015394830447381873,,,1.06,0.28,0.26,1.18,0.03,1.37,0.13,0.01,0.0,0.216,1.4476190476190476,1.3022155521649579,0.128,,0.011,,0.0,,False,96.0,99.0,96.0,88.0,93.0,91.0,91.0,92.0,94.0,high,high,high,high,high,high,high,high,high,2026-05-17
hitter,COL,AZ,Jake McCarthy,664983,7.0,CF,Confirmed,3.74,,,,,0.78,0.11,,,,,0.7857234029792606,0.7800909814681224,0.1228236452977042,0.10629625582904605,1.0980834272829765,1.089693358661721,0.027849785617182987,0.03546060932998025,,,1.09,0.29,0.25,1.24,0.03,1.39,0.13,0.03,0.0,0.222,1.3893129770992367,1.3993699792563465,0.133,,0.026,,0.0,,False,96.0,99.0,96.0,88.0,93.0,91.0,91.0,92.0,94.0,high,high,high,high,high,high,high,high,high,2026-05-17
hitter,COL,AZ,Kyle Karros,691720,8.0,3B,Confirmed,3.54,,,,,1.05,0.19,,,,,1.1151851678273328,0.9859323921186776,0.18140420283888917,0.20768923028472103,1.1391752577319587,1.0083097662375542,0.035360952134454116,0.038889014583907436,,,1.07,0.28,0.23,1.15,0.04,1.39,0.1,0.01,0.0,0.23,1.4759615384615385,1.323016377072641,0.101,,0.007,,0.0,,False,96.0,99.0,96.0,88.0,93.0,91.0,91.0,92.0,94.0,high,high,high,high,high,high,high,high,high,2026-05-17
hitter,COL,AZ,Brett Sullivan,664954,9.0,C,Confirmed,3.49,,,,,0.72,0.15,,,,,0.6916944350827255,0.7388235774483841,0.16486777884699877,0.1278686746354662,0.8949771689497716,0.7829031822148299,0.10141999621683945,0.08140500816648819,,,0.83,0.23,0.19,0.95,0.09,1.45,0.13,0.01,0.0,0.192,1.684375,1.2532979597313163,0.129,,0.011,,0.0,,False,96.0,99.0,96.0,88.0,93.0,91.0,91.0,92.0,94.0,high,high,high,high,high,high,high,high,high,2026-05-17
hitter,AZ,COL,Ildemaro Vargas,545121,1.0,2B,Confirmed,4.25,,,,,0.27,0.22,,,,,0.2870517954106666,0.2600467820603647,0.20487581598957832,0.23755218763355096,1.4947368421052631,1.2259101685740526,0.04937334162068972,0.05026277964309424,,,1.35,0.51,0.39,1.99,0.05,1.62,0.19,0.01,0.0,0.295,1.684375,1.5686102187792363,0.191,,0.015,,0.0,,False,96.0,99.0,96.0,88.0,93.0,91.0,91.0,92.0,94.0,high,high,high,high,high,high,high,high,high,2026-05-17
hitter,AZ,COL,Corbin Carroll,682998,2.0,RF,Confirmed,4.39,,,,,0.67,0.51,,,,,0.5873517919771644,0.7508412325419601,0.5401490701718464,0.47841159654878673,1.4947368421052631,1.164206211337984,0.09444680522230664,0.09225682924891024,,,1.31,0.59,0.42,2.1,0.09,1.94,0.22,0.02,0.0,0.346,2.057017543859649,1.8503431212938934,0.221,,0.022,,0.0,,False,96.0,99.0,96.0,88.0,93.0,91.0,91.0,92.0,94.0,high,high,high,high,high,high,high,high,high,2026-05-17
hitter,AZ,COL,Geraldo Perdomo,672695,3.0,SS,Confirmed,4.26,,,,,0.27,0.5,,,,,0.3184731018234733,0.23041660213912896,0.47709789281887316,0.5275461834243919,1.4947368421052631,1.1470963572758373,0.03887132703894267,0.047997822734098625,,,1.3,0.55,0.43,2.08,0.04,1.52,0.21,0.01,0.0,0.332,1.5956790123456794,1.4505450888533127,0.21,,0.015,,0.0,,False,96.0,99.0,96.0,88.0,93.0,91.0,91.0,92.0,94.0,high,high,high,high,high,high,high,high,high,2026-05-17
hitter,AZ,COL,Nolan Arenado,571448,4.0,3B,Confirmed,3.96,,,,,0.29,0.38,,,,,0.31408446592507,0.26379140380374777,0.3758486464543107,0.3848542331007566,1.0980834272829765,0.9437129852835208,0.043781345321345734,0.041241501250831154,,,1.01,0.42,0.33,1.55,0.04,1.46,0.16,0.01,0.0,0.278,1.4476190476190476,1.4735595183223906,0.165,,0.01,,0.0,,False,96.0,99.0,96.0,88.0,93.0,91.0,91.0,92.0,94.0,high,high,high,high,high,high,high,high,high,2026-05-17
hitter,AZ,COL,Lourdes Gurriel Jr.,666971,5.0,LF,Confirmed,4.18,,,,,0.34,0.33,,,,,0.34528859389231137,0.3283891709650347,0.3291805506151273,0.32481810301432534,1.1391752577319587,1.1809746367859506,0.048844021895003836,0.055959335623050756,,,1.16,0.53,0.44,2.07,0.05,1.6,0.19,0.01,0.0,0.321,1.684375,1.5347014334511404,0.19,,0.013,,0.0,,False,96.0,99.0,96.0,88.0,93.0,91.0,91.0,92.0,94.0,high,high,high,high,high,high,high,high,high,2026-05-17
hitter,AZ,COL,Adrian Del Castillo,680728,6.0,DH,Confirmed,3.1,,,,,0.63,0.23,,,,,0.6014253868772799,0.6617661943516504,0.26021493666225076,0.2054110352068441,0.8694581280788177,0.6766208842171467,0.041637949846722096,0.04128762159622758,,,0.76,0.29,0.27,1.2,0.04,1.03,0.13,0.02,0.0,0.272,1.1521739130434783,0.933623141356509,0.128,,0.015,,0.0,,False,96.0,99.0,96.0,88.0,93.0,91.0,91.0,92.0,94.0,high,high,high,high,high,high,high,high,high,2026-05-17
hitter,AZ,COL,Gabriel Moreno,672515,7.0,C,Confirmed,4.25,,,,,0.7,0.57,,,,,0.693221952046785,0.701488240261606,0.5989975539192488,0.5488274966701977,1.0980834272829765,1.079900022122984,0.047694975610458365,0.04108295088895049,,,1.09,0.4,0.32,1.61,0.04,1.37,0.18,0.01,0.0,0.278,1.3893129770992367,1.3467284605953185,0.182,,0.011,,0.0,,False,96.0,99.0,96.0,88.0,93.0,91.0,91.0,92.0,94.0,high,high,high,high,high,high,high,high,high,2026-05-17
hitter,AZ,COL,Jose Fernandez,699912,8.0,1B,Confirmed,3.33,,,,,0.55,0.23,,,,,0.4812345251740684,0.6233892296465603,0.2573718973569342,0.2066218167206498,0.994208494208494,0.8271860298655566,0.03753388539220187,0.02691522152475887,,,0.9,0.31,0.25,1.27,0.03,1.14,0.17,0.01,0.0,0.276,1.239368165249089,1.056588291350906,0.173,,0.012,,0.0,,False,96.0,99.0,96.0,88.0,93.0,91.0,91.0,92.0,94.0,high,high,high,high,high,high,high,high,high,2026-05-17
hitter,AZ,COL,Ryan Waldschmidt,814439,9.0,LF,Confirmed,3.1,,,,,0.51,0.24,,,,,0.4371500936080137,0.5821497948933542,0.2853779383925287,0.2027931119744596,0.7715355805243446,0.6630234242573533,0.03554389079732034,0.018232842427621986,,,0.71,0.27,0.21,1.06,0.03,0.9,0.12,0.01,0.0,0.257,0.9875776397515532,0.8253094462766198,0.123,,0.009,,0.0,,False,96.0,99.0,96.0,88.0,93.0,91.0,91.0,92.0,94.0,high,high,high,high,high,high,high,high,high,2026-05-17
hitter,ATH,SF,Nick Kurtz,701762,1.0,1B,Confirmed,4.57,,,,,1.24,0.43,,,,,1.2150589431025327,1.2566658071549266,0.42388506524905145,0.4456413864162345,0.994208494208494,0.9505400305407817,0.0824926754297283,0.09972334053709271,,,0.97,0.65,0.42,1.78,0.09,1.4,0.15,0.01,0.0,0.387,1.3893129770992367,1.4053990577406248,0.149,,0.007,,0.0,,False,96.0,99.0,96.0,88.0,93.0,91.0,91.0,92.0,94.0,high,high,high,high,high,high,high,high,high,2026-05-17
hitter,ATH,SF,Carlos Cortes,666126,2.0,P,Confirmed,3.49,,,,,0.6,0.18,,,,,0.5839025805985234,0.6132767084201197,0.17390129770444535,0.17647659173976601,0.7061469265367316,0.6453828370741014,0.023027580080939643,0.010320028970698036,,,0.67,0.31,0.22,1.0,0.02,0.89,0.12,0.01,0.0,0.232,0.9875776397515532,0.8111585551051381,0.118,,0.007,,0.0,,False,96.0,99.0,96.0,88.0,93.0,91.0,91.0,92.0,94.0,high,high,high,high,high,high,high,high,high,2026-05-17
hitter,ATH,SF,Brent Rooker,667670,3.0,DH,Confirmed,4.18,,,,,1.0,0.26,,,,,0.9604366230452174,1.0455947215303598,0.2670978489727711,0.2454941660576143,0.801980198019802,0.8232828216696174,0.032715953054886365,0.032542201570876304,,,0.81,0.46,0.37,1.5,0.03,1.12,0.1,0.01,0.0,0.284,1.1238670694864048,1.120486009322592,0.098,,0.007,,0.0,,False,96.0,99.0,96.0,88.0,93.0,91.0,91.0,92.0,94.0,high,high,high,high,high,high,high,high,high,2026-05-17
hitter,ATH,SF,Tyler Soderstrom,691016,4.0,LF,Confirmed,4.26,,,,,0.89,0.27,,,,,0.8398967143532104,0.9323891439253734,0.2643330041761548,0.2694059577187066,0.8949771689497716,0.9050661517327162,0.03298969470862364,0.03554899565099886,,,0.9,0.48,0.38,1.56,0.03,1.25,0.14,0.01,0.0,0.293,1.239368165249089,1.2549001010892007,0.139,,0.008,,0.0,,False,96.0,99.0,96.0,88.0,93.0,91.0,91.0,92.0,94.0,high,high,high,high,high,high,high,high,high,2026-05-17
hitter,ATH,SF,Jeff McNeil,643446,5.0,2B,Confirmed,3.96,,,,,0.44,0.21,,,,,0.4247216341608172,0.4454333550375185,0.21283450989494948,0.2025906707217679,0.7715355805243446,0.7921401104307075,0.023748442882072965,0.021343956079281603,,,0.78,0.42,0.33,1.46,0.02,1.1,0.13,0.01,0.0,0.276,1.1238670694864048,1.0821514327254016,0.131,,0.008,,0.0,,False,96.0,99.0,96.0,88.0,93.0,91.0,91.0,92.0,94.0,high,high,high,high,high,high,high,high,high,2026-05-17
hitter,ATH,SF,Zack Gelof,680869,6.0,3B,Confirmed,3.74,,,,,0.99,0.17,,,,,0.9119171873637536,1.0743501437265064,0.17395433986694403,0.16009088622994147,0.6506024096385542,0.576895101646146,0.026503988192399054,0.015762858312515286,,,0.61,0.29,0.26,1.03,0.02,0.82,0.09,0.01,0.0,0.23,0.8408408408408409,0.7998572355110107,0.093,,0.007,,0.0,,False,96.0,99.0,96.0,88.0,93.0,91.0,91.0,92.0,94.0,high,high,high,high,high,high,high,high,high,2026-05-17
hitter,ATH,SF,Lawrence Butler,671732,7.0,CF,Confirmed,3.49,,,,,0.94,0.2,,,,,0.9360810902509327,0.9402210845253217,0.22077155423843509,0.17627127944397422,0.6506024096385542,0.5827813772449625,0.032439020591243706,0.026129789534916844,,,0.61,0.31,0.24,1.03,0.03,0.83,0.09,0.01,0.0,0.265,0.8408408408408409,0.8188083210730609,0.094,,0.007,,0.0,,False,96.0,99.0,96.0,88.0,93.0,91.0,91.0,92.0,94.0,high,high,high,high,high,high,high,high,high,2026-05-17
hitter,ATH,SF,Jonah Heim,641680,8.0,C,Confirmed,2.55,,,,,0.59,0.1,,,,,0.6181844664113214,0.5634759372920767,0.10844063891074146,0.09250145974195,0.4125159642401022,0.3622805748742978,0.018654004903738503,0.016534993516174636,,,0.38,0.2,0.16,0.69,0.02,0.58,0.09,0.01,0.0,0.236,0.6289308176100628,0.5422001151583022,0.086,,0.007,,0.0,,False,96.0,99.0,96.0,88.0,93.0,91.0,91.0,92.0,94.0,high,high,high,high,high,high,high,high,high,2026-05-17
hitter,ATH,SF,Darell Hernaiz,687231,9.0,2B,Confirmed,3.58,,,,,0.5,0.24,,,,,0.4837467240688761,0.5075535033573451,0.24720409451952804,0.23244253835743123,0.7061469265367316,0.6988399205172454,0.01754348868477777,0.01320746872046147,,,0.7,0.28,0.2,1.02,0.02,0.92,0.11,0.01,0.0,0.245,0.9875776397515532,0.8658204515828078,0.105,,0.007,,0.0,,False,96.0,99.0,96.0,88.0,93.0,91.0,91.0,92.0,94.0,high,high,high,high,high,high,high,high,high,2026-05-17
hitter,SF,ATH,Harrison Bader,664056,1.0,CF,Confirmed,3.81,,,,,1.06,0.22,,,,,1.069163268401213,1.060270173037936,0.22420675542170249,0.22234652926246667,0.994208494208494,0.8963527805279389,0.14387461543473123,0.13390109429409233,,,0.94,0.45,0.32,1.66,0.14,1.55,0.17,0.01,0.0,0.304,1.5956790123456794,1.5094903454211956,0.173,,0.01,,0.0,,False,96.0,99.0,96.0,88.0,93.0,91.0,91.0,92.0,94.0,high,high,high,high,high,high,high,high,high,2026-05-17
hitter,SF,ATH,Luis Arraez,650333,2.0,2B,Confirmed,4.61,,,,,0.43,0.26,,,,,0.28420765593977115,0.5779844303436892,0.24436670676537675,0.2680229327831046,1.4889529386213798,1.2583264491249477,0.0934980754972757,0.0719914493199529,,,1.36,0.53,0.39,2.06,0.08,1.82,0.16,0.02,0.0,0.29,1.914285714285714,1.7482627759190448,0.165,,0.016,,0.0,,False,96.0,99.0,96.0,88.0,93.0,91.0,91.0,92.0,94.0,high,high,high,high,high,high,high,high,high,2026-05-17
hitter,SF,ATH,Casey Schmitt,669477,3.0,DH,Confirmed,3.96,,,,,0.96,0.22,,,,,0.8963107436306826,1.0221284318992259,0.21591191196264925,0.21500896321131,0.994208494208494,0.9594620989066064,0.20915175030662983,0.21492674653171814,,,0.98,0.44,0.36,1.68,0.21,1.81,0.2,0.01,0.0,0.29,1.914285714285714,1.7290764974498516,0.203,,0.009,,0.0,,False,96.0,99.0,96.0,88.0,93.0,91.0,91.0,92.0,94.0,high,high,high,high,high,high,high,high,high,2026-05-17
hitter,SF,ATH,Rafael Devers,646240,4.0,1B,Confirmed,4.27,,,,,1.27,0.45,,,,,1.2777651489488915,1.2710517481690304,0.4578946872736319,0.4445133838983337,1.0980834272829765,1.0822485476673096,0.28212223450967,0.2897079329972142,,,1.09,0.59,0.43,2.01,0.29,1.98,0.24,0.01,0.0,0.372,2.057017543859649,1.9096228056174693,0.236,,0.008,,0.0,,False,96.0,99.0,96.0,88.0,93.0,91.0,91.0,92.0,94.0,high,high,high,high,high,high,high,high,high,2026-05-17
hitter,SF,ATH,Willy Adames,642715,5.0,SS,Confirmed,4.25,,,,,1.12,0.36,,,,,1.0698887834188402,1.1738366445665624,0.3455164769988823,0.37614769696297035,0.994208494208494,1.0105440809173918,0.22269799644574254,0.22433767438652655,,,1.0,0.49,0.37,1.75,0.22,1.88,0.19,0.01,0.0,0.305,1.914285714285714,1.8491798712178675,0.192,,0.009,,0.0,,False,96.0,99.0,96.0,88.0,93.0,91.0,91.0,92.0,94.0,high,high,high,high,high,high,high,high,high,2026-05-17
hitter,SF,ATH,Daniel Susac,691740,6.0,C,Confirmed,2.77,,,,,0.53,0.17,,,,,0.4520698053222124,0.6119788066029552,0.171101469217413,0.16320172080019574,0.6434108527131783,0.4819480028430945,0.0809711779222635,0.10364775986690203,,,0.55,0.26,0.23,1.08,0.09,0.96,0.16,0.01,0.0,0.291,1.001763668430335,0.9224277830045482,0.155,,0.008,,0.0,,False,96.0,99.0,96.0,88.0,93.0,91.0,91.0,92.0,94.0,high,high,high,high,high,high,high,high,high,2026-05-17
hitter,SF,ATH,Matt Chapman,656305,7.0,3B,Confirmed,4.18,,,,,1.1,0.31,,,,,1.0525531003484796,1.1506308719743403,0.2870638373143448,0.32953033767687506,0.994208494208494,1.0343682851652283,0.2484494004373353,0.24397389461916902,,,1.02,0.42,0.33,1.65,0.25,1.85,0.21,0.01,0.0,0.305,1.914285714285714,1.8064315924046943,0.212,,0.009,,0.0,,False,96.0,99.0,96.0,88.0,93.0,91.0,91.0,92.0,94.0,high,high,high,high,high,high,high,high,high,2026-05-17
hitter,SF,ATH,Drew Gilbert,687551,8.0,LF,Confirmed,3.33,,,,,0.7,0.23,,,,,0.6870428237934185,0.7061535314513592,0.24073944114797838,0.22792427852223276,0.8949771689497716,0.8076482630543346,0.07545698102744888,0.09768368439291918,,,0.85,0.37,0.3,1.54,0.09,1.25,0.19,0.01,0.0,0.335,1.3148148148148149,1.205232556320448,0.186,,0.009,,0.0,,False,96.0,99.0,96.0,88.0,93.0,91.0,91.0,92.0,94.0,high,high,high,high,high,high,high,high,high,2026-05-17
hitter,SF,ATH,Eric Haase,606992,9.0,LF,Confirmed,4.08,,,,,1.37,0.3,,,,,1.3153662500986767,1.4186473899637142,0.2851795159633368,0.3128803006560716,0.4125159642401022,0.43148862753621026,0.08602774140141195,0.129661909059348,,,0.42,0.37,0.28,1.45,0.11,0.93,0.16,0.01,0.0,0.27,0.7899761336515513,1.0461832980799888,0.16,,0.011,,0.0,,False,96.0,99.0,96.0,88.0,93.0,91.0,91.0,92.0,94.0,high,high,high,high,high,high,high,high,high,2026-05-17
hitter,LAA,LAD,Zach Neto,687263,1.0,SS,Confirmed,4.48,,,,,1.16,0.35,,,,,1.1444005086963855,1.1803378424885207,0.32806887283982866,0.3707114512949733,1.0980834272829765,1.0269545100343516,0.04535588154847414,0.05144399485654997,,,1.06,0.63,0.49,2.21,0.05,1.42,0.19,0.01,0.0,0.348,1.3893129770992367,1.4521692192834057,0.187,,0.009,,0.0,,False,96.0,99.0,96.0,88.0,93.0,91.0,91.0,92.0,94.0,high,high,high,high,high,high,high,high,high,2026-05-17
hitter,LAA,LAD,Mike Trout,545361,2.0,CF,Confirmed,4.26,,,,,1.25,0.35,,,,,1.2880838386536648,1.2185046644010205,0.3585222857288486,0.34426941403688865,0.8770949720670391,0.8676195260241342,0.06465355176787604,0.079247697868801,,,0.87,0.57,0.45,1.92,0.07,1.34,0.15,0.01,0.0,0.333,1.3148148148148149,1.3685473653715312,0.146,,0.008,,0.0,,False,96.0,99.0,96.0,88.0,93.0,91.0,91.0,92.0,94.0,high,high,high,high,high,high,high,high,high,2026-05-17
hitter,LAA,LAD,Nolan Schanuel,694384,3.0,1B,Confirmed,4.25,,,,,0.53,0.23,,,,,0.5171225730171412,0.5468640928335821,0.22775002780342382,0.22515480883312392,1.0980834272829765,1.0154295501939736,0.028090299751251012,0.018373418284395555,,,1.05,0.55,0.49,2.13,0.02,1.32,0.16,0.01,0.0,0.315,1.3148148148148149,1.3185802048216761,0.164,,0.009,,0.0,,False,96.0,99.0,96.0,88.0,93.0,91.0,91.0,92.0,94.0,high,high,high,high,high,high,high,high,high,2026-05-17
hitter,LAA,LAD,Jorge Soler,624585,4.0,DH,Confirmed,4.18,,,,,1.17,0.26,,,,,1.1272058662532487,1.2110075829319655,0.2471873311945874,0.276332283424606,0.8770949720670391,0.871793689060297,0.041533181882628785,0.05796542514639965,,,0.87,0.48,0.43,1.78,0.05,1.21,0.16,0.01,0.0,0.287,1.239368165249089,1.1940350588806319,0.164,,0.009,,0.0,,False,96.0,99.0,96.0,88.0,93.0,91.0,91.0,92.0,94.0,high,high,high,high,high,high,high,high,high,2026-05-17
hitter,LAA,LAD,Yoán Moncada,660162,5.0,3B,Confirmed,1.84,,,,,0.85,0.19,,,,,1.029544054874311,0.6763204214634317,0.22495209788436105,0.16283789761857922,0.2543859649122807,0.18079999030367513,0.08935337752897857,0.04732652016095529,,,0.21,0.22,0.2,0.78,0.07,0.43,0.09,0.01,0.0,0.294,0.5302013422818792,0.3465968871224047,0.088,,0.007,,0.0,,False,96.0,99.0,96.0,88.0,93.0,91.0,91.0,92.0,94.0,high,high,high,high,high,high,high,high,high,2026-05-17
hitter,LAA,LAD,Jo Adell,666176,6.0,RF,Confirmed,4.18,,,,,1.03,0.16,,,,,1.0087402449856548,1.0571218364965096,0.15010424939915817,0.17987414120478504,1.0980834272829765,1.0117997418506541,0.05653430804863626,0.07790658148044916,,,1.05,0.5,0.55,2.04,0.07,1.38,0.16,0.01,0.0,0.321,1.3148148148148149,1.438268281981332,0.163,,0.008,,0.0,,False,96.0,99.0,96.0,88.0,93.0,91.0,91.0,92.0,94.0,high,high,high,high,high,high,high,high,high,2026-05-17
hitter,LAA,LAD,Josh Lowe,666139,7.0,LF,Confirmed,3.58,,,,,0.83,0.14,,,,,0.7550237078943538,0.9024159475733987,0.1429862678823589,0.1401968174251555,0.801980198019802,0.8051848017974946,0.030387241971212436,0.033933342252965924,,,0.8,0.36,0.34,1.48,0.03,1.1,0.15,0.01,0.0,0.282,1.1521739130434783,1.0611913064402372,0.148,,0.009,,0.0,,False,96.0,99.0,96.0,88.0,93.0,91.0,91.0,92.0,94.0,high,high,high,high,high,high,high,high,high,2026-05-17
hitter,LAA,LAD,Logan O'Hoppe,681351,8.0,C,Confirmed,3.96,,,,,1.13,0.17,,,,,1.1116891121719632,1.1434030834449798,0.17607552596913248,0.1636157076482793,0.8694581280788177,0.9068827982745453,0.03696782411204185,0.060644084674569866,,,0.89,0.38,0.35,1.53,0.05,1.17,0.15,0.01,0.0,0.27,1.239368165249089,1.1173814637596884,0.151,,0.01,,0.0,,False,96.0,99.0,96.0,88.0,93.0,91.0,91.0,92.0,94.0,high,high,high,high,high,high,high,high,high,2026-05-17
hitter,LAA,LAD,Adam Frazier,624428,9.0,2B,Confirmed,2.55,,,,,0.7,0.18,,,,,0.7638031378285707,0.6329923300650458,0.20582250968007948,0.15279441453100337,0.4125159642401022,0.3604097124558641,0.05341737575233548,0.04111891609509967,,,0.38,0.23,0.21,0.97,0.05,0.69,0.13,0.01,0.0,0.265,0.7899761336515513,0.6077987983963176,0.13,,0.008,,0.0,,False,96.0,99.0,96.0,88.0,93.0,91.0,91.0,92.0,94.0,high,high,high,high,high,high,high,high,high,2026-05-17
hitter,LAD,LAA,Shohei Ohtani,660271,1.0,DH,Confirmed,4.51,,,,,1.28,1.07,,,,,1.2521714165527822,1.3122222462875377,1.0900361091299902,1.05179995983553,0.4803149606299212,0.5289510197896735,0.07345146832226387,0.07783125295549381,,,0.51,0.44,0.21,1.13,0.08,1.01,0.12,0.02,0.0,0.293,0.9875776397515532,1.0298040152289998,0.121,,0.02,,0.0,,False,82.0,86.0,82.0,74.0,79.0,77.0,77.0,78.0,80.0,high,high,high,medium,medium,medium,medium,medium,high,2026-05-17
hitter,LAD,LAA,Freddie Freeman,518692,2.0,1B,Confirmed,4.18,,,,,0.88,0.7,,,,,0.8444998310254163,0.9110161373980751,0.7080872678597284,0.6999822591853287,0.5290322580645161,0.5062004458132131,0.045466155938804174,0.04278811969597612,,,0.52,0.37,0.2,1.1,0.04,0.75,0.13,0.01,0.0,0.254,0.7899761336515513,0.7195459822461033,0.127,,0.009,,0.0,,False,82.0,86.0,82.0,74.0,79.0,77.0,77.0,78.0,80.0,high,high,high,medium,medium,medium,medium,medium,high,2026-05-17
hitter,LAD,LAA,Andy Pages,681624,3.0,CF,Confirmed,4.18,,,,,0.95,0.53,,,,,0.8784398424825763,1.0153434953326563,0.5161218536148064,0.5361330553969775,0.4803149606299212,0.45709818233555893,0.049827570400747735,0.04582206991604188,,,0.47,0.32,0.22,1.02,0.05,0.76,0.11,0.01,0.0,0.212,0.7899761336515513,0.7342345859194181,0.112,,0.008,,0.0,,False,82.0,86.0,82.0,74.0,79.0,77.0,77.0,78.0,80.0,high,high,high,medium,medium,medium,medium,medium,high,2026-05-17
hitter,LAD,LAA,Kyle Tucker,663656,4.0,RF,Confirmed,4.18,,,,,0.55,0.49,,,,,0.5759818354550731,0.5167586221673297,0.518920136755817,0.4574967175785831,0.8949771689497716,0.9384701595173398,0.2943258806641585,0.26752551570653316,,,0.92,0.62,0.55,2.07,0.28,1.86,0.12,0.01,0.0,0.364,1.914285714285714,1.8104336103449659,0.124,,0.007,,0.0,,False,82.0,86.0,82.0,74.0,79.0,77.0,77.0,78.0,80.0,high,high,high,medium,medium,medium,medium,medium,high,2026-05-17
hitter,LAD,LAA,Teoscar Hernández,606192,5.0,LF,Confirmed,4.18,,,,,1.12,0.61,,,,,1.0383869594382416,1.193881980140781,0.5783119935996267,0.6402403579714089,0.5290322580645161,0.5492132840251817,0.058156267169994794,0.05352317323814569,,,0.54,0.35,0.24,1.12,0.06,0.81,0.11,0.01,0.0,0.235,0.7899761336515513,0.833208332300901,0.113,,0.007,,0.0,,False,82.0,86.0,82.0,74.0,79.0,77.0,77.0,78.0,80.0,high,high,high,medium,medium,medium,medium,medium,high,2026-05-17
hitter,LAD,LAA,Max Muncy,571970,6.0,3B,Confirmed,3.96,,,,,1.04,0.81,,,,,1.0227442716916042,1.0638748900595314,0.7937096809007986,0.8358513549057721,0.4125159642401022,0.44932261057283657,0.0673295290533252,0.07025811076422767,,,0.43,0.31,0.21,0.93,0.07,0.77,0.11,0.01,0.0,0.261,0.7899761336515513,0.7575565046093387,0.107,,0.007,,0.0,,False,82.0,86.0,82.0,74.0,79.0,77.0,77.0,78.0,80.0,high,high,high,medium,medium,medium,medium,medium,high,2026-05-17
hitter,LAD,LAA,Dalton Rushing,687221,7.0,C,Confirmed,3.1,,,,,1.1,0.46,,,,,1.1340424647211895,1.0636485126424757,0.4989130274924838,0.4309426806067999,0.3344051446945337,0.33064854244467706,0.03408007152999975,0.021763295056009064,,,0.33,0.22,0.13,0.68,0.03,0.53,0.1,0.01,0.0,0.232,0.6289308176100628,0.4556219311309922,0.096,,0.007,,0.0,,False,82.0,86.0,82.0,74.0,79.0,77.0,77.0,78.0,80.0,high,high,high,medium,medium,medium,medium,medium,high,2026-05-17
hitter,LAD,LAA,Miguel Rojas,500743,8.0,SS,Confirmed,3.48,,,,,0.64,0.22,,,,,0.5734332655974395,0.7014890182653296,0.23535444009512443,0.20990048932598193,0.7061469265367316,0.6803875677657589,0.10760705784399249,0.08575775698995525,,,0.69,0.34,0.31,1.36,0.1,1.09,0.13,0.01,0.0,0.28,1.1521739130434783,1.0451465837452065,0.131,,0.008,,0.0,,False,82.0,86.0,82.0,74.0,79.0,77.0,77.0,78.0,80.0,high,high,high,medium,medium,medium,medium,medium,high,2026-05-17
hitter,LAD,LAA,Hyeseong Kim,808975,9.0,2B,Confirmed,3.09,,,,,0.86,0.4,,,,,0.8149989177972818,0.9119459327739955,0.44512179898309534,0.3543974372932981,0.35424354243542433,0.32068152000723504,0.024292297782855108,0.011443448916741743,,,0.34,0.21,0.13,0.7,0.02,0.49,0.1,0.01,0.0,0.223,0.5302013422818792,0.45979862651305564,0.103,,0.008,,0.0,,False,82.0,86.0,82.0,74.0,79.0,77.0,77.0,78.0,80.0,high,high,high,medium,medium,medium,medium,medium,high,2026-05-17
hitter,SEA,SD,J.P. Crawford,641487,1.0,SS,Confirmed,4.18,,,,,0.86,0.51,,,,,0.8389331059995272,0.8743399183727761,0.4972069949196415,0.5257938869664516,0.994208494208494,0.9085446778353224,0.07893716175363277,0.09237578037982443,,,0.95,0.4,0.23,1.28,0.09,1.32,0.12,0.01,0.0,0.268,1.3148148148148149,1.3300649385575918,0.117,,0.007,,0.0,,False,96.0,99.0,96.0,88.0,93.0,91.0,91.0,92.0,94.0,high,high,high,high,high,high,high,high,high,2026-05-17
hitter,SEA,SD,Julio Rodríguez,677594,2.0,CF,Confirmed,4.25,,,,,1.18,0.33,,,,,1.150100784343192,1.2144528834093193,0.3365415782671939,0.3240920766606214,0.994208494208494,0.9674221235069738,0.1811157197925286,0.18359032932293817,,,0.98,0.41,0.27,1.38,0.18,1.8,0.13,0.01,0.0,0.256,1.914285714285714,1.7090622625856065,0.128,,0.007,,0.0,,False,96.0,99.0,96.0,88.0,93.0,91.0,91.0,92.0,94.0,high,high,high,high,high,high,high,high,high,2026-05-17
hitter,SEA,SD,Josh Naylor,647304,3.0,1B,Confirmed,4.18,,,,,0.8,0.4,,,,,0.8206889105540749,0.7840860756032282,0.421366268974259,0.38093800532953076,1.0,0.9668736178599247,0.15380220135533001,0.13523925383359228,,,0.98,0.4,0.27,1.32,0.14,1.57,0.14,0.01,0.0,0.264,1.5956790123456794,1.5401695894121123,0.136,,0.007,,0.0,,False,96.0,99.0,96.0,88.0,93.0,91.0,91.0,92.0,94.0,high,high,high,high,high,high,high,high,high,2026-05-17
hitter,SEA,SD,Randy Arozarena,668227,4.0,LF,Confirmed,4.18,,,,,1.3,0.41,,,,,1.3140156369276292,1.284384652151653,0.4116219056643916,0.4103486126869916,0.8694581280788177,0.8384075051453603,0.15501974148242625,0.15011376216886566,,,0.85,0.37,0.25,1.21,0.15,1.46,0.12,0.01,0.0,0.247,1.4759615384615385,1.439552668282621,0.115,,0.007,,0.0,,False,96.0,99.0,96.0,88.0,93.0,91.0,91.0,92.0,94.0,high,high,high,high,high,high,high,high,high,2026-05-17
hitter,SEA,SD,Luke Raley,670042,5.0,RF,Confirmed,3.81,,,,,1.23,0.32,,,,,1.1555137738159147,1.3016598731274556,0.3148976973679547,0.32435556506841073,0.801980198019802,0.7300189656525912,0.14858599461197,0.13331065023550803,,,0.76,0.35,0.25,1.18,0.14,1.28,0.11,0.01,0.0,0.247,1.3148148148148149,1.2556780824851532,0.109,,0.007,,0.0,,False,96.0,99.0,96.0,88.0,93.0,91.0,91.0,92.0,94.0,high,high,high,high,high,high,high,high,high,2026-05-17
hitter,SEA,SD,Cole Young,702284,6.0,2B,Confirmed,3.96,,,,,0.89,0.35,,,,,0.8769447610543005,0.903196348496202,0.3523545595571911,0.3537906209396026,0.994208494208494,0.8831116609416515,0.10601383424498187,0.08495597163476701,,,0.93,0.35,0.29,1.34,0.1,1.33,0.14,0.01,0.0,0.271,1.3893129770992367,1.2750042524419856,0.139,,0.008,,0.0,,False,96.0,99.0,96.0,88.0,93.0,91.0,91.0,92.0,94.0,high,high,high,high,high,high,high,high,high,2026-05-17
hitter,SEA,SD,Dominic Canzone,686527,7.0,DH,Confirmed,3.1,,,,,0.96,0.25,,,,,0.9415439707826102,0.9756482551582074,0.271384609401925,0.2365626033254774,0.7061469265367316,0.602950679238891,0.08771711031873522,0.08017614626226044,,,0.65,0.25,0.17,0.9,0.08,0.94,0.11,0.01,0.0,0.255,1.001763668430335,0.8812483532280156,0.105,,0.007,,0.0,,False,96.0,99.0,96.0,88.0,93.0,91.0,91.0,92.0,94.0,high,high,high,high,high,high,high,high,high,2026-05-17
hitter,SEA,SD,Mitch Garver,641598,8.0,C,Confirmed,3.02,,,,,0.69,0.14,,,,,0.6842306437985839,0.6960944058899405,0.1525458666783504,0.12976075523941732,0.4125159642401022,0.3540177898585323,0.0286451923679604,0.023728620140512233,,,0.38,0.22,0.13,0.69,0.03,0.59,0.09,0.01,0.0,0.244,0.6289308176100628,0.5628431310901401,0.093,,0.007,,0.0,,False,96.0,99.0,96.0,88.0,93.0,91.0,91.0,92.0,94.0,high,high,high,high,high,high,high,high,high,2026-05-17
hitter,SEA,SD,Colt Emerson,806068,9.0,3B,Confirmed,3.33,,,,,0.64,0.35,,,,,0.643,,0.35,,0.48,,0.027,,,,0.48,0.24,0.17,0.89,0.03,0.67,0.11,0.01,0.0,0.223,0.672,,0.108,,0.007,,0.0,,True,40.0,44.0,40.0,32.0,37.0,35.0,35.0,36.0,38.0,low,low,low,low,low,low,low,low,low,2026-05-17
hitter,SD,SEA,Fernando Tatis Jr.,665487,1.0,2B,Confirmed,4.45,,,,,0.81,0.39,,,,,0.8004571340283982,0.8280824918944298,0.3653434430688238,0.4158892764780365,0.801980198019802,0.8545693038323088,0.2933043971581577,0.39012173927746957,,,0.83,0.56,0.39,2.05,0.34,1.98,0.25,0.01,0.0,0.327,1.914285714285714,2.0388194018630608,0.246,,0.008,,0.0,,False,96.0,99.0,96.0,88.0,93.0,91.0,91.0,92.0,94.0,high,high,high,high,high,high,high,high,high,2026-05-17
hitter,SD,SEA,Miguel Andujar,609280,2.0,3B,Confirmed,4.18,,,,,0.55,0.19,,,,,0.5207917874623696,0.5869252702512778,0.18417561167670257,0.20297205553210249,0.7715355805243446,0.8254289307499875,0.19607393163726317,0.24515198116387718,,,0.8,0.5,0.38,1.98,0.22,1.5,0.19,0.01,0.0,0.295,1.3893129770992367,1.5935709164040637,0.186,,0.011,,0.0,,False,96.0,99.0,96.0,88.0,93.0,91.0,91.0,92.0,94.0,high,high,high,high,high,high,high,high,high,2026-05-17
hitter,SD,SEA,Gavin Sheets,657757,3.0,LF,Confirmed,3.74,,,,,0.7,0.3,,,,,0.7005564455101999,0.6989261188778657,0.2965132308626143,0.30240297660320326,0.5290322580645161,0.560920215909223,0.254546555815518,0.27387268456111374,,,0.55,0.44,0.36,1.67,0.26,1.47,0.17,0.01,0.0,0.302,1.4476190476190476,1.4867048326243986,0.166,,0.009,,0.0,,False,96.0,99.0,96.0,88.0,93.0,91.0,91.0,92.0,94.0,high,high,high,high,high,high,high,high,high,2026-05-17
hitter,SD,SEA,Manny Machado,592518,4.0,DH,Confirmed,4.25,,,,,0.83,0.25,,,,,0.7788539881277579,0.872486232276571,0.24973593057122775,0.2423331416553676,0.801980198019802,0.7895389340923628,0.3848428821441276,0.35800115306209834,,,0.8,0.49,0.41,1.91,0.37,1.93,0.21,0.01,0.0,0.293,1.914285714285714,1.9512523398984982,0.206,,0.01,,0.0,,False,96.0,99.0,96.0,88.0,93.0,91.0,91.0,92.0,94.0,high,high,high,high,high,high,high,high,high,2026-05-17
hitter,SD,SEA,Xander Bogaerts,593428,5.0,SS,Confirmed,3.89,,,,,0.67,0.27,,,,,0.659003286965182,0.6740097263221242,0.2694440080205631,0.2797167391424668,0.7061469265367316,0.7173593655420385,0.2114740366738397,0.2078448096466907,,,0.71,0.48,0.4,1.88,0.21,1.45,0.19,0.01,0.0,0.316,1.4476190476190476,1.4540603397131946,0.19,,0.01,,0.0,,False,96.0,99.0,96.0,88.0,93.0,91.0,91.0,92.0,94.0,high,high,high,high,high,high,high,high,high,2026-05-17
hitter,SD,SEA,Jackson Merrill,701538,6.0,CF,Confirmed,4.39,,,,,1.03,0.27,,,,,0.9683724116759099,1.089134111011988,0.253595954734663,0.2878586027342132,0.7715355805243446,0.767421108906201,0.28981812985848154,0.32782212537580774,,,0.77,0.43,0.41,1.84,0.31,1.95,0.2,0.02,0.0,0.283,1.914285714285714,1.9751006443425785,0.198,,0.019,,0.0,,False,96.0,99.0,96.0,88.0,93.0,91.0,91.0,92.0,94.0,high,high,high,high,high,high,high,high,high,2026-05-17
hitter,SD,SEA,Ramón Laureano,657656,7.0,RF,Confirmed,3.49,,,,,0.94,0.21,,,,,0.9130998466645787,0.9715552666367869,0.21086472355014843,0.21080546892800167,0.5290322580645161,0.5905064331377896,0.32940499168388376,0.24484856319030968,,,0.56,0.37,0.32,1.56,0.29,1.38,0.2,0.01,0.0,0.309,1.3893129770992367,1.3667374246216943,0.196,,0.009,,0.0,,False,96.0,99.0,96.0,88.0,93.0,91.0,91.0,92.0,94.0,high,high,high,high,high,high,high,high,high,2026-05-17
hitter,SD,SEA,Ty France,664034,8.0,1B,Confirmed,2.55,,,,,0.8,0.04,,,,,0.839508186144733,0.7650299667919531,0.06159965564567791,0.025088276855758648,0.4803149606299212,0.40966866713253597,0.03269568270977835,0.018134863633581567,,,0.44,0.29,0.25,1.25,0.03,0.62,0.13,0.01,0.0,0.317,0.6720588235294118,0.5709323198571129,0.132,,0.01,,0.0,,False,96.0,99.0,96.0,88.0,93.0,91.0,91.0,92.0,94.0,high,high,high,high,high,high,high,high,high,2026-05-17
hitter,SD,SEA,Freddy Fermin,666023,9.0,C,Confirmed,3.58,,,,,0.75,0.15,,,,,0.734054419646034,0.7625032044123635,0.15843204552242746,0.14877041781411054,0.7061469265367316,0.6861483134075753,0.02627061815739191,0.026572321377018343,,,0.7,0.4,0.34,1.73,0.03,0.95,0.18,0.01,0.0,0.317,0.9875776397515532,0.9163057267685464,0.176,,0.012,,0.0,,False,96.0,99.0,96.0,88.0,93.0,91.0,91.0,92.0,94.0,high,high,high,high,high,high,high,high,high,2026-05-17
