player_type,team,opponent,player_name,mlb_id,lineup_spot,pos,lineup_status,proj_pa,proj_ip,proj_outs,proj_runs_allowed,proj_hits_allowed,proj_strikeouts,proj_walks,proj_hr_allowed,proj_er_model,proj_fip,proj_war_contribution,direct_K,rate_K,direct_BB,rate_BB,direct_H,rate_H,direct_HR,rate_HR,direct_R,rate_R,proj_hits,proj_runs,proj_rbi,proj_hrrbi,proj_hr,proj_tb,proj_2b,proj_3b,proj_sb,proj_woba,direct_TB,rate_TB,direct_2B,rate_2B,direct_3B,rate_3B,direct_SB,rate_SB,used_fallback,confidence_score,proj_pa_confidence_score,proj_hits_confidence_score,proj_hr_confidence_score,proj_strikeouts_confidence_score,proj_runs_confidence_score,proj_rbi_confidence_score,proj_hrrbi_confidence_score,proj_walks_confidence_score,confidence,proj_pa_confidence,proj_hits_confidence,proj_hr_confidence,proj_strikeouts_confidence,proj_runs_confidence,proj_rbi_confidence,proj_hrrbi_confidence,proj_walks_confidence,game_date
pitcher,PIT,MIA,Braxton Ashcraft,677952,,,,,5.13,15.0,2.47,4.94,5.19,1.66,0.56,2.21,3.85,0.105,4.676567656765677,5.709673390032388,1.610062893081761,1.8006224971912148,4.879746835443039,5.203532794732478,0.5409836065573771,0.6063050264504087,2.212,,,,,,,,,,,,,,,,,,,,,,,,,,,,,,,,,,,,,,,2026-06-12
pitcher,MIA,PIT,Sandy Alcantara,645261,,,,,5.13,15.0,2.69,5.18,4.68,1.92,0.71,3.08,4.36,0.012,4.5344827586206895,4.816749266927345,1.836734693877551,2.170322700517297,5.093457943925234,5.51786174638975,0.6666666666666666,0.813186576134988,3.075,,,,,,,,,,,,,,,,,,,,,,,,,,,,,,,,,,,,,,,2026-06-12
pitcher,WSH,SEA,Zack Littell,641793,,,,,4.79,14.0,2.85,5.53,3.58,1.38,0.89,3.0,5.12,-0.002,3.6538461538461537,3.502400723636293,1.2772277227722773,1.6812829944533958,5.387096774193548,6.094132954135056,0.8700823495271419,0.9510542321979162,3.0,,,,,,,,,,,,,,,,,,,,,,,,,,,,,,,,,,,,,,,2026-06-12
pitcher,SEA,WSH,Bryce Miller,682243,,,,,4.61,14.0,2.62,4.9,4.5,1.87,0.76,2.43,4.41,0.045,4.676567656765677,4.328501777882078,1.836734693877551,1.9646709666065398,4.879746835443039,4.95854632570307,0.7441860465116279,0.7933320753691587,2.432,,,,,,,,,,,,,,,,,,,,,,,,,,,,,,,,,,,,,,,2026-06-12
pitcher,BAL,SD,Shane Baz,669358,,,,,5.21,16.0,2.56,5.2,4.78,1.97,0.56,2.21,4.01,0.111,4.676567656765677,4.891864265242002,1.890295358649789,2.204167888829458,5.093457943925234,5.60391027264924,0.5409836065573771,0.6157600755958343,2.212,,,,,,,,,,,,,,,,,,,,,,,,,,,,,,,,,,,,,,,2026-06-12
pitcher,SD,BAL,Griffin Canning,656288,,,,,4.79,14.0,2.58,4.39,5.0,2.22,0.77,2.21,4.82,0.081,4.676567656765677,5.331254490887942,2.163265306122449,2.408344720713209,4.326530612244898,4.62755356150739,0.7441860465116279,0.8243081650798851,2.212,,,,,,,,,,,,,,,,,,,,,,,,,,,,,,,,,,,,,,,2026-06-12
pitcher,CLE,DET,Tanner Bibee,676440,,,,,5.13,15.0,2.56,4.84,4.95,1.89,0.73,2.43,4.33,0.08,4.676567656765677,5.229563729742055,1.890295358649789,1.8708652059441744,4.666666666666667,5.51786174638975,0.6666666666666666,0.8828185567557015,2.432,,,,,,,,,,,,,,,,,,,,,,,,,,,,,,,,,,,,,,,2026-06-12
pitcher,DET,CLE,Jack Flaherty,656427,,,,,4.79,14.0,2.27,3.87,5.92,1.93,0.77,2.21,4.06,0.081,6.017094017094017,5.813394875658903,1.890295358649789,2.041382631246275,3.68,4.62755356150739,0.7441860465116279,0.8243081650798851,2.212,,,,,,,,,,,,,,,,,,,,,,,,,,,,,,,,,,,,,,,2026-06-12
pitcher,BOS,TEX,Sonny Gray,543243,,,,,4.79,14.0,2.58,4.49,5.92,1.63,0.92,2.28,4.34,0.073,6.017094017094017,5.813394875658903,1.610062893081761,1.6812829944533958,4.326530612244898,5.152155509786922,0.9130434782608695,0.9510542321979162,2.28,,,,,,,,,,,,,,,,,,,,,,,,,,,,,,,,,,,,,,,2026-06-12
pitcher,TEX,BOS,Jack Leiter,683004,,,,,5.59,17.0,2.6,5.04,5.49,2.22,0.49,2.21,3.76,0.138,5.275,5.69849147159027,2.163265306122449,2.3823233629784286,4.879746835443039,5.670126378665604,0.4827586206896552,0.5140159409027215,2.212,,,,,,,,,,,,,,,,,,,,,,,,,,,,,,,,,,,,,,,2026-06-12
pitcher,CIN,AZ,Nick Lodolo,666157,,,,,4.79,14.0,2.4,4.56,4.59,1.43,0.61,2.21,3.74,0.081,4.676567656765677,4.497510524090055,1.3455882352941178,1.6812829944533958,4.525423728813561,4.680779957327881,0.547945205479452,0.7592911695295503,2.212,,,,,,,,,,,,,,,,,,,,,,,,,,,,,,,,,,,,,,,2026-06-12
pitcher,AZ,CIN,Eduardo Rodriguez,593958,,,,,5.21,16.0,2.71,5.13,4.56,1.89,0.57,2.5,4.02,0.078,4.676567656765677,4.452452679154525,1.890295358649789,1.9000404918068519,5.093457943925234,5.2846795049817175,0.547945205479452,0.6157600755958343,2.5,,,,,,,,,,,,,,,,,,,,,,,,,,,,,,,,,,,,,,,2026-06-12
pitcher,NYM,ATL,Nolan McLean,690997,,,,,5.13,15.0,2.48,4.9,5.86,1.89,0.48,2.21,3.49,0.105,6.017094017094017,5.709673390032388,1.890295358649789,1.8961543655408746,4.879746835443039,4.9560229166039464,0.4827586206896552,0.471717670273875,2.212,,,,,,,,,,,,,,,,,,,,,,,,,,,,,,,,,,,,,,,2026-06-12
pitcher,ATL,NYM,Spencer Strider,675911,,,,,5.13,15.0,2.53,4.45,5.98,2.44,0.56,2.21,3.81,0.105,6.017094017094017,5.9388431077770045,2.4,2.579291945147967,4.326530612244898,4.9560229166039464,0.5409836065573771,0.6063050264504087,2.212,,,,,,,,,,,,,,,,,,,,,,,,,,,,,,,,,,,,,,,2026-06-12
pitcher,TOR,NYY,Trey Yesavage,702056,,,,,5.13,15.0,2.58,4.44,6.44,2.27,0.73,1.79,4.07,0.155,6.017094017094017,6.867404391453155,2.163265306122449,2.579291945147967,4.326530612244898,4.887859688789571,0.6666666666666666,0.8828185567557015,1.789,,,,,,,,,,,,,,,,,,,,,,,,,,,,,,,,,,,,,,,2026-06-12
pitcher,NYY,TOR,Ryan Weathers,677960,,,,,5.21,16.0,2.54,5.2,5.38,1.66,0.56,2.28,3.62,0.103,5.454545454545454,5.311116380498267,1.610062893081761,1.8287023801883489,5.093457943925234,5.60391027264924,0.5409836065573771,0.6157600755958343,2.28,,,,,,,,,,,,,,,,,,,,,,,,,,,,,,,,,,,,,,,2026-06-12
pitcher,CWS,LAD,Anthony Kay,641743,,,,,4.79,14.0,2.78,4.71,4.52,1.92,0.92,2.43,5.13,0.057,4.5344827586206895,4.497510524090055,1.890295358649789,2.026480650190615,4.666666666666667,4.858659276173211,0.9130434782608695,0.9510542321979162,2.432,,,,,,,,,,,,,,,,,,,,,,,,,,,,,,,,,,,,,,,2026-06-12
pitcher,LAD,CWS,Roki Sasaki,808963,,,,,4.79,14.0,2.57,4.43,5.0,1.93,0.89,2.21,4.96,0.081,4.676567656765677,5.331254490887942,1.890295358649789,2.041382631246275,4.326530612244898,4.858659276173211,0.869281045751634,0.9510542321979162,2.212,,,,,,,,,,,,,,,,,,,,,,,,,,,,,,,,,,,,,,,2026-06-12
pitcher,MIL,PHI,Jacob Misiorowski,694819,,,,,5.21,16.0,2.03,3.94,7.08,1.68,0.41,1.51,2.94,0.197,6.649122807017544,7.516544777237001,1.610062893081761,1.9000404918068519,3.6666666666666665,5.0333098236854905,0.38095238095238093,0.47907389125280486,1.513,,,,,,,,,,,,,,,,,,,,,,,,,,,,,,,,,,,,,,,2026-06-12
pitcher,HOU,KC,Tatsuya Imai,837227,,,,,4.79,14.0,2.76,4.55,4.17,2.35,0.89,2.43,5.58,0.057,3.8412698412698414,4.497510524090055,2.3333333333333335,2.408344720713209,4.525423728813561,4.62755356150739,0.869281045751634,0.9510542321979162,2.432,,,,,,,,,,,,,,,,,,,,,,,,,,,,,,,,,,,,,,,2026-06-12
pitcher,MIN,STL,Joe Ryan,657746,,,,,5.21,16.0,2.38,4.96,5.91,1.47,0.52,2.21,3.16,0.111,6.017094017094017,5.798713131007553,1.3455882352941178,1.8287023801883489,4.879746835443039,5.2846795049817175,0.5409836065573771,0.47907389125280486,2.212,,,,,,,,,,,,,,,,,,,,,,,,,,,,,,,,,,,,,,,2026-06-12
pitcher,LAA,TB,Sam Aldegheri,691951,,,,,4.61,14.0,2.56,4.59,4.14,1.91,0.76,2.28,4.99,0.061,3.9571821291092895,4.328501777882078,1.890295358649789,1.9646709666065398,4.500000000000001,4.95854632570307,0.7441860465116279,0.7933320753691587,2.28,,,,,,,,,,,,,,,,,,,,,,,,,,,,,,,,,,,,,,,2026-06-12
pitcher,TB,LAA,Shane McClanahan,663556,,,,,4.79,14.0,2.35,4.59,4.78,1.63,0.51,2.21,3.89,0.081,4.676567656765677,4.882964964028157,1.610062893081761,1.6824961466193542,4.525423728813561,4.858659276173211,0.5409836065573771,0.44045373111342334,2.212,,,,,,,,,,,,,,,,,,,,,,,,,,,,,,,,,,,,,,,2026-06-12
pitcher,ATH,COL,Gage Jump,695611,,,,,5.13,15.0,2.75,5.18,4.75,1.66,0.9,2.43,4.68,0.08,4.676567656765677,4.816749266927345,1.610062893081761,1.8006224971912148,5.093457943925234,5.51786174638975,0.869281045751634,0.972432372873865,2.432,,,,,,,,,,,,,,,,,,,,,,,,,,,,,,,,,,,,,,,2026-06-12
pitcher,SF,CHC,Landen Roupp,694738,,,,,4.79,14.0,2.63,4.57,4.78,2.13,0.77,2.21,4.79,0.081,4.676567656765677,4.882964964028157,2.163265306122449,2.041382631246275,4.500000000000001,4.858659276173211,0.7441860465116279,0.8243081650798851,2.212,,,,,,,,,,,,,,,,,,,,,,,,,,,,,,,,,,,,,,,2026-06-12
pitcher,CHC,SF,Javier Assad,665871,,,,,4.79,14.0,2.68,5.11,3.58,1.64,0.78,2.48,4.9,0.051,3.6538461538461537,3.502400723636293,1.610062893081761,1.7468702410277968,5.093457943925234,5.152155509786922,0.7580645161290323,0.8243081650798851,2.481,,,,,,,,,,,,,,,,,,,,,,,,,,,,,,,,,,,,,,,2026-06-12
hitter,PIT,MIA,Spencer Horwitz,687462,1.0,1B,Confirmed,4.26,,,,,0.4,0.47,,,,,0.43210049639040193,0.36972516738027,0.48637426648303195,0.4600625215950031,1.0980834272829765,1.0429418322940178,0.21766803354704164,0.23129935095295784,,,1.07,0.43,0.31,1.64,0.22,1.95,0.17,0.01,0.0,0.26,2.057017543859649,1.8711524663128356,0.167,,0.008,,0.0,,False,96.0,99.0,96.0,88.0,93.0,91.0,91.0,92.0,94.0,high,high,high,high,high,high,high,high,high,2026-06-12
hitter,PIT,MIA,Brandon Lowe,664040,2.0,2B,Confirmed,3.49,,,,,0.62,0.31,,,,,0.5569040911722208,0.6767335969154907,0.33118761659300533,0.2956096925263609,0.8949771689497716,0.7789147027957061,0.23220641768640718,0.23113725915150923,,,0.83,0.33,0.25,1.3,0.23,1.73,0.16,0.01,0.0,0.243,1.914285714285714,1.577510084256043,0.158,,0.012,,0.0,,False,96.0,99.0,96.0,88.0,93.0,91.0,91.0,92.0,94.0,high,high,high,high,high,high,high,high,high,2026-06-12
hitter,PIT,MIA,Bryan Reynolds,668804,3.0,DH,Confirmed,3.74,,,,,0.6,0.37,,,,,0.5260945849779093,0.6694892504123611,0.38792292060237,0.35508887400189937,0.8694581280788177,0.7830317285500974,0.21736674152892133,0.1639247431479815,,,0.82,0.38,0.31,1.46,0.19,1.56,0.17,0.01,0.0,0.258,1.5956790123456794,1.5320164385033728,0.169,,0.01,,0.0,,False,96.0,99.0,96.0,88.0,93.0,91.0,91.0,92.0,94.0,high,high,high,high,high,high,high,high,high,2026-06-12
hitter,PIT,MIA,Ryan O'Hearn,656811,4.0,RF,Confirmed,4.08,,,,,0.61,0.41,,,,,0.5683105456063975,0.6480623074478838,0.4444807600181139,0.37753972156068494,0.994208494208494,0.9604853731686396,0.20965539768747696,0.2158669269280724,,,0.98,0.38,0.32,1.51,0.21,1.86,0.15,0.01,0.0,0.238,1.914285714285714,1.8244661155540622,0.148,,0.009,,0.0,,False,96.0,99.0,96.0,88.0,93.0,91.0,91.0,92.0,94.0,high,high,high,high,high,high,high,high,high,2026-06-12
hitter,PIT,MIA,Nick Gonzales,693304,5.0,3B,Confirmed,4.14,,,,,0.44,0.24,,,,,0.46924229511957904,0.42000238000264967,0.24521279107107183,0.2286804423644884,1.4947368421052631,1.130054063937367,0.16798698076976282,0.16884442016125623,,,1.29,0.44,0.39,1.83,0.17,1.95,0.16,0.01,0.0,0.259,2.057017543859649,1.8663284858200042,0.155,,0.01,,0.0,,False,96.0,99.0,96.0,88.0,93.0,91.0,91.0,92.0,94.0,high,high,high,high,high,high,high,high,high,2026-06-12
hitter,PIT,MIA,Tyler Callihan,682997,6.0,LF,Confirmed,3.1,,,,,0.41,0.42,,,,,0.3992902381302006,0.4168872266621384,0.44801686493781057,0.3921814497878224,0.801980198019802,0.5992087161160152,0.22573263734019258,0.18932673922309987,,,0.69,0.25,0.22,1.0,0.21,1.48,0.1,0.01,0.0,0.242,1.684375,1.3181345234585387,0.099,,0.01,,0.0,,False,96.0,99.0,96.0,88.0,93.0,91.0,91.0,92.0,94.0,high,high,high,high,high,high,high,high,high,2026-06-12
hitter,PIT,MIA,Endy Rodríguez,682848,7.0,C,Confirmed,3.02,,,,,0.82,0.28,,,,,0.829990800165465,0.8150125195413768,0.28156205225499065,0.28071903919469426,0.4125159642401022,0.39132306389134586,0.06778155327381223,0.06217501950033601,,,0.4,0.19,0.15,0.75,0.06,0.76,0.11,0.01,0.0,0.191,0.8391612232757818,0.6949936062555603,0.105,,0.01,,0.0,,False,96.0,99.0,96.0,88.0,93.0,91.0,91.0,92.0,94.0,high,high,high,high,high,high,high,high,high,2026-06-12
hitter,PIT,MIA,Jake Mangum,663968,8.0,CF,Confirmed,3.89,,,,,0.33,0.23,,,,,0.3713649556354487,0.28153833661627514,0.24341995420455095,0.2126302625725223,1.0,0.9185518588166127,0.08142024504931092,0.09232795038662754,,,0.96,0.32,0.27,1.39,0.09,1.4,0.15,0.01,0.0,0.231,1.4759615384615385,1.3376951370864256,0.146,,0.012,,0.0,,False,96.0,99.0,96.0,88.0,93.0,91.0,91.0,92.0,94.0,high,high,high,high,high,high,high,high,high,2026-06-12
hitter,PIT,MIA,Jared Triolo,669707,9.0,SS,Confirmed,3.81,,,,,0.55,0.37,,,,,0.5066898194027721,0.5866738103891828,0.3715120522953509,0.3690171525443305,1.0980834272829765,0.9028048309650543,0.14221263609812304,0.13413267977338447,,,0.99,0.33,0.28,1.41,0.14,1.55,0.13,0.01,0.0,0.249,1.684375,1.43571538043809,0.127,,0.008,,0.0,,False,96.0,99.0,96.0,88.0,93.0,91.0,91.0,92.0,94.0,high,high,high,high,high,high,high,high,high,2026-06-12
hitter,MIA,PIT,Liam Hicks,689414,1.0,DH,Confirmed,3.96,,,,,0.28,0.37,,,,,0.27463492008339274,0.2912577107002098,0.36608102936621134,0.3669067943731163,0.7061469265367316,0.6455306378174293,0.026543187913673025,0.015308330394056416,,,0.67,0.51,0.41,2.01,0.02,0.92,0.2,0.01,0.0,0.314,0.9375,0.9044103399553143,0.199,,0.01,,0.0,,False,96.0,99.0,96.0,88.0,93.0,91.0,91.0,92.0,94.0,high,high,high,high,high,high,high,high,high,2026-06-12
hitter,MIA,PIT,Otto Lopez,672640,2.0,SS,Confirmed,4.26,,,,,0.32,0.26,,,,,0.318286295988226,0.3170601299483504,0.2563116428102067,0.25562456140398976,0.801980198019802,0.888875627410076,0.036043871647512576,0.053752466809446044,,,0.85,0.71,0.59,2.8,0.04,1.12,0.21,0.01,0.0,0.391,1.1238670694864048,1.1211404272649157,0.214,,0.011,,0.0,,False,96.0,99.0,96.0,88.0,93.0,91.0,91.0,92.0,94.0,high,high,high,high,high,high,high,high,high,2026-06-12
hitter,MIA,PIT,Kyle Stowers,669065,3.0,1B,Confirmed,4.18,,,,,0.67,0.4,,,,,0.5530023056837213,0.7953706211831815,0.3997646275329475,0.40638891855397125,0.7061469265367316,0.6583896054494964,0.04346478382746002,0.035330808693831664,,,0.68,0.56,0.53,2.18,0.04,0.98,0.17,0.01,0.0,0.319,1.001763668430335,0.961262129264787,0.169,,0.011,,0.0,,False,96.0,99.0,96.0,88.0,93.0,91.0,91.0,92.0,94.0,high,high,high,high,high,high,high,high,high,2026-06-12
hitter,MIA,PIT,Xavier Edwards,669364,4.0,2B,Confirmed,4.25,,,,,0.3,0.43,,,,,0.30511048625078063,0.2917118867023096,0.4035563179670594,0.45827534763974664,0.801980198019802,0.871186768988764,0.023824765397446136,0.014278168714356656,,,0.84,0.52,0.46,2.12,0.02,0.99,0.19,0.01,0.0,0.3,1.001763668430335,0.9778399004050323,0.189,,0.01,,0.0,,False,96.0,99.0,96.0,88.0,93.0,91.0,91.0,92.0,94.0,high,high,high,high,high,high,high,high,high,2026-06-12
hitter,MIA,PIT,Heriberto Hernández,681715,5.0,LF,Confirmed,2.77,,,,,0.5,0.2,,,,,0.45539317824744596,0.5438131432834847,0.21693264980396365,0.17470757885385943,0.4125159642401022,0.3447719354745756,0.02575653972889044,0.008812429965309081,,,0.38,0.35,0.33,1.39,0.02,0.51,0.13,0.01,0.0,0.305,0.5302013422818792,0.49086738180141787,0.131,,0.008,,0.0,,False,96.0,99.0,96.0,88.0,93.0,91.0,91.0,92.0,94.0,high,high,high,high,high,high,high,high,high,2026-06-12
hitter,MIA,PIT,Owen Caissie,683357,6.0,RF,Confirmed,3.1,,,,,0.62,0.21,,,,,0.5371591650564481,0.7085740624774669,0.2181891338602903,0.197003381992866,0.4125159642401022,0.39203387347168356,0.024361809369448425,0.007036746263279849,,,0.4,0.34,0.36,1.5,0.02,0.62,0.15,0.01,0.0,0.301,0.6720588235294118,0.575251655601226,0.154,,0.007,,0.0,,False,96.0,99.0,96.0,88.0,93.0,91.0,91.0,92.0,94.0,high,high,high,high,high,high,high,high,high,2026-06-12
hitter,MIA,PIT,Jakob Marsee,805300,7.0,CF,Confirmed,4.26,,,,,0.54,0.51,,,,,0.46152371667176684,0.6226450928299426,0.5191873491593482,0.5049552371895543,0.7061469265367316,0.6973984432960942,0.03394153733807134,0.014260076233955839,,,0.7,0.5,0.45,2.04,0.02,1.02,0.24,0.01,0.0,0.332,1.001763668430335,1.0382184404464365,0.238,,0.009,,0.0,,False,96.0,99.0,96.0,88.0,93.0,91.0,91.0,92.0,94.0,high,high,high,high,high,high,high,high,high,2026-06-12
hitter,MIA,PIT,Joe Mack,691788,8.0,C,Confirmed,4.08,,,,,0.64,0.25,,,,,0.5576185616042779,0.729007355948075,0.24376600869035336,0.2542797917007786,0.7061469265367316,0.7020024034550001,0.03287919323208216,0.021606306199124733,,,0.7,0.47,0.44,2.01,0.03,1.01,0.2,0.01,0.0,0.315,0.9875776397515532,1.0367764150786694,0.201,,0.011,,0.0,,False,96.0,99.0,96.0,88.0,93.0,91.0,91.0,92.0,94.0,high,high,high,high,high,high,high,high,high,2026-06-12
hitter,MIA,PIT,Javier Sanoja,691594,9.0,3B,Confirmed,3.33,,,,,0.21,0.19,,,,,0.2287972240327019,0.19259103185098608,0.19661002503573385,0.18509382991041098,0.6506024096385542,0.5904635782444042,0.018767786698619074,0.009154878404956285,,,0.62,0.39,0.36,1.74,0.01,0.78,0.19,0.01,0.0,0.326,0.7899761336515513,0.7787531307571283,0.193,,0.012,,0.0,,False,96.0,99.0,96.0,88.0,93.0,91.0,91.0,92.0,94.0,high,high,high,high,high,high,high,high,high,2026-06-12
hitter,WSH,SEA,James Wood,695578,1.0,LF,Confirmed,4.18,,,,,1.05,0.24,,,,,1.0984890551259674,1.0016294455441384,0.2589992938936416,0.23092356314207393,1.0980834272829765,0.9795337504357359,0.24280655008713564,0.19086090439716075,,,1.03,0.31,0.18,0.9,0.22,1.87,0.11,0.01,0.0,0.21,1.914285714285714,1.8270938104186292,0.106,,0.007,,0.0,,False,96.0,99.0,96.0,88.0,93.0,91.0,91.0,92.0,94.0,high,high,high,high,high,high,high,high,high,2026-06-12
hitter,WSH,SEA,Luis García Jr.,671277,2.0,1B,Confirmed,3.89,,,,,0.51,0.08,,,,,0.5158327050667296,0.49859980319358455,0.09886659480884195,0.07046699216732254,1.0980834272829765,1.010932276321697,0.10546266120096218,0.1199461908434305,,,1.05,0.26,0.18,0.92,0.11,1.74,0.12,0.01,0.0,0.175,1.914285714285714,1.6004396549880961,0.118,,0.008,,0.0,,False,96.0,99.0,96.0,88.0,93.0,91.0,91.0,92.0,94.0,high,high,high,high,high,high,high,high,high,2026-06-12
hitter,WSH,SEA,Curtis Mead,678554,3.0,3B,Confirmed,3.74,,,,,0.72,0.14,,,,,0.6994587787385614,0.7407289121531674,0.13595695979204536,0.1390390216848973,0.8949771689497716,0.8207426785549773,0.10415617621177614,0.10392759871225299,,,0.85,0.24,0.17,0.83,0.1,1.29,0.09,0.01,0.0,0.177,1.3148148148148149,1.2638440719684159,0.089,,0.007,,0.0,,False,96.0,99.0,96.0,88.0,93.0,91.0,91.0,92.0,94.0,high,high,high,high,high,high,high,high,high,2026-06-12
hitter,WSH,SEA,CJ Abrams,682928,4.0,SS,Confirmed,4.14,,,,,1.24,0.18,,,,,1.3007895552834507,1.1789077995579014,0.19225861027254654,0.1619785463133048,1.0980834272829765,1.0108628062913332,0.17467497137347998,0.1808966106251886,,,1.05,0.25,0.18,0.85,0.18,1.75,0.1,0.01,0.0,0.168,1.914285714285714,1.6246128799672515,0.102,,0.009,,0.0,,False,96.0,99.0,96.0,88.0,93.0,91.0,91.0,92.0,94.0,high,high,high,high,high,high,high,high,high,2026-06-12
hitter,WSH,SEA,Dylan Crews,686611,5.0,RF,Confirmed,3.81,,,,,0.76,0.15,,,,,0.7392389639264171,0.7809620843500727,0.15088354532155163,0.1503297787926566,1.0980834272829765,0.9665465731598679,0.13749799483574462,0.12932305331890975,,,1.03,0.28,0.21,0.97,0.13,1.58,0.12,0.01,0.0,0.196,1.684375,1.4922776979195027,0.115,,0.008,,0.0,,False,96.0,99.0,96.0,88.0,93.0,91.0,91.0,92.0,94.0,high,high,high,high,high,high,high,high,high,2026-06-12
hitter,WSH,SEA,Daylen Lile,695734,6.0,DH,Confirmed,3.96,,,,,0.56,0.13,,,,,0.5837234551934715,0.5418078499434904,0.13722773461967785,0.13003339448813983,1.0980834272829765,1.059701077166616,0.12413797928078235,0.1250472712840804,,,1.08,0.22,0.18,0.81,0.12,1.77,0.11,0.01,0.0,0.173,1.914285714285714,1.6568476752232995,0.106,,0.014,,0.0,,False,96.0,99.0,96.0,88.0,93.0,91.0,91.0,92.0,94.0,high,high,high,high,high,high,high,high,high,2026-06-12
hitter,WSH,SEA,Jacob Young,696285,7.0,CF,Confirmed,3.54,,,,,0.53,0.09,,,,,0.5551675522525141,0.5064981396255819,0.10227896166494047,0.08591343780407568,1.0,0.8708264305159203,0.07708862032015673,0.07881459582217865,,,0.93,0.2,0.16,0.77,0.08,1.46,0.09,0.01,0.0,0.175,1.5956790123456794,1.344953214618508,0.085,,0.007,,0.0,,False,96.0,99.0,96.0,88.0,93.0,91.0,91.0,92.0,94.0,high,high,high,high,high,high,high,high,high,2026-06-12
hitter,WSH,SEA,Jorbit Vivas,678391,8.0,2B,Confirmed,3.49,,,,,0.51,0.13,,,,,0.48976932388536876,0.5310067556244253,0.11575587280903042,0.14989017909009608,0.8694581280788177,0.7596567951431425,0.08092727900821978,0.07022473626413042,,,0.81,0.23,0.17,0.88,0.08,1.26,0.1,0.01,0.0,0.197,1.3148148148148149,1.2080874393511918,0.096,,0.007,,0.0,,False,96.0,99.0,96.0,88.0,93.0,91.0,91.0,92.0,94.0,high,high,high,high,high,high,high,high,high,2026-06-12
hitter,WSH,SEA,Keibert Ruiz,660688,9.0,C,Confirmed,3.81,,,,,0.34,0.09,,,,,0.36950384775492895,0.316602808838595,0.10271906149435182,0.08178727314436342,1.0,1.0484808627499773,0.07914976748958294,0.08692645904147354,,,1.03,0.22,0.18,0.87,0.08,1.52,0.11,0.01,0.0,0.17,1.5956790123456794,1.466867309093571,0.109,,0.008,,0.0,,False,96.0,99.0,96.0,88.0,93.0,91.0,91.0,92.0,94.0,high,high,high,high,high,high,high,high,high,2026-06-12
hitter,SEA,WSH,Cole Young,702284,1.0,2B,Confirmed,3.49,,,,,0.72,0.33,,,,,0.7498119329978236,0.6826622995863741,0.350192429144217,0.31378402911972075,1.0,0.8178437162911526,0.19387211699157184,0.14562991720893206,,,0.9,0.25,0.18,0.91,0.17,1.6,0.11,0.01,0.0,0.189,1.914285714285714,1.3430915686823979,0.109,,0.009,,0.0,,False,96.0,99.0,96.0,88.0,93.0,91.0,91.0,92.0,94.0,high,high,high,high,high,high,high,high,high,2026-06-12
hitter,SEA,WSH,Julio Rodríguez,677594,2.0,CF,Confirmed,3.96,,,,,1.01,0.42,,,,,1.046063200308035,0.9737119620165999,0.45786707709137675,0.3846120981778319,1.1702127659574468,1.0431267414141745,0.49111135235963604,0.4315368581330909,,,1.1,0.31,0.23,1.13,0.46,2.57,0.13,0.01,0.0,0.202,2.552380952380952,2.576922548754248,0.127,,0.008,,0.0,,False,96.0,99.0,96.0,88.0,93.0,91.0,91.0,92.0,94.0,high,high,high,high,high,high,high,high,high,2026-06-12
hitter,SEA,WSH,Josh Naylor,647304,3.0,1B,Confirmed,3.89,,,,,0.69,0.45,,,,,0.7305256745563619,0.6434625214250813,0.4741238817588186,0.4261570602431274,1.1391752577319587,1.0670431695512381,0.2793552437227742,0.28850784090262027,,,1.1,0.33,0.26,1.24,0.28,2.2,0.14,0.01,0.0,0.221,2.456692913385827,1.989661129963218,0.137,,0.009,,0.0,,False,96.0,99.0,96.0,88.0,93.0,91.0,91.0,92.0,94.0,high,high,high,high,high,high,high,high,high,2026-06-12
hitter,SEA,WSH,Randy Arozarena,668227,4.0,LF,Confirmed,3.96,,,,,1.11,0.48,,,,,1.160336703130819,1.0632075923678461,0.5388777655112922,0.43075466561843395,1.0980834272829765,0.9833282558331744,0.40973230002833544,0.3803764630845802,,,1.03,0.3,0.24,1.06,0.4,2.36,0.12,0.01,0.0,0.198,2.552380952380952,2.207831832471826,0.122,,0.007,,0.0,,False,96.0,99.0,96.0,88.0,93.0,91.0,91.0,92.0,94.0,high,high,high,high,high,high,high,high,high,2026-06-12
hitter,SEA,WSH,Luke Raley,670042,5.0,RF,Confirmed,3.1,,,,,0.99,0.32,,,,,1.0082181026816301,0.9640299536233861,0.36978079378840123,0.2639461816331065,0.8694581280788177,0.6661987889700361,0.20531362866916905,0.20319680551109423,,,0.76,0.22,0.18,0.81,0.2,1.66,0.1,0.01,0.0,0.188,1.914285714285714,1.4478241895646462,0.098,,0.008,,0.0,,False,96.0,99.0,96.0,88.0,93.0,91.0,91.0,92.0,94.0,high,high,high,high,high,high,high,high,high,2026-06-12
hitter,SEA,WSH,Dominic Canzone,686527,6.0,DH,Confirmed,2.93,,,,,0.85,0.25,,,,,0.8945892481982181,0.810976368104109,0.27557529346126985,0.2152860420034338,0.8694581280788177,0.6283174987116839,0.32243497658118403,0.254659481320375,,,0.74,0.17,0.16,0.69,0.29,1.62,0.09,0.01,0.0,0.174,1.914285714285714,1.3842974691947805,0.089,,0.007,,0.0,,False,96.0,99.0,96.0,88.0,93.0,91.0,91.0,92.0,94.0,high,high,high,high,high,high,high,high,high,2026-06-12
hitter,SEA,WSH,Miles Mastrobuoni,670156,7.0,LF,Confirmed,1.84,,,,,0.56,0.17,,,,,0.6729054368904408,0.44719924078038753,0.23613403036914107,0.11169211382788691,0.4803149606299212,0.290214737660101,0.044254413969136,0.0366717929123009,,,0.38,0.12,0.09,0.47,0.04,0.54,0.06,0.01,0.0,0.21,0.6720588235294118,0.42439328246001196,0.064,,0.007,,0.0,,False,96.0,99.0,96.0,88.0,93.0,91.0,91.0,92.0,94.0,high,high,high,high,high,high,high,high,high,2026-06-12
hitter,SEA,WSH,Jhonny Pereda,640902,8.0,C,Confirmed,3.1,,,,,0.82,0.31,,,,,0.8277652526984443,0.8149945557264242,0.35093010374709144,0.27786377264986256,0.8694581280788177,0.6278577750161766,0.14579330495921808,0.13453169356534547,,,0.74,0.19,0.16,0.76,0.14,1.39,0.1,0.01,0.0,0.187,1.684375,1.1551178611578239,0.101,,0.008,,0.0,,False,96.0,99.0,96.0,88.0,93.0,91.0,91.0,92.0,94.0,high,high,high,high,high,high,high,high,high,2026-06-12
hitter,SEA,WSH,Colt Emerson,806068,9.0,SS,Confirmed,3.74,,,,,1.19,0.42,,,,,1.2892705603307917,1.085372516689732,0.4722491857058888,0.3630612214862445,1.0980834272829765,0.914230858481285,0.39448361674057786,0.34269612072561956,,,1.0,0.25,0.21,0.99,0.37,2.28,0.1,0.01,0.0,0.201,2.456692913385827,2.1336766395825952,0.099,,0.014,,0.0,,False,96.0,99.0,96.0,88.0,93.0,91.0,91.0,92.0,94.0,high,high,high,high,high,high,high,high,high,2026-06-12
hitter,BAL,SD,Taylor Ward,621493,1.0,LF,Confirmed,4.18,,,,,0.97,0.35,,,,,0.9766349677003684,0.9698691179673459,0.358278945241958,0.3466826298580658,1.0,0.9943105742988027,0.21970311055636815,0.24952566281742516,,,1.0,0.39,0.24,1.28,0.23,1.99,0.12,0.01,0.0,0.258,2.057017543859649,1.9348868372676633,0.123,,0.007,,0.0,,False,96.0,99.0,96.0,88.0,93.0,91.0,91.0,92.0,94.0,high,high,high,high,high,high,high,high,high,2026-06-12
hitter,BAL,SD,Gunnar Henderson,683002,2.0,SS,Confirmed,4.18,,,,,0.81,0.31,,,,,0.7917691075609691,0.837503732832204,0.3324991885556118,0.2802107423479701,1.0980834272829765,1.0506699120017224,0.23064597406489726,0.25451402632539105,,,1.07,0.39,0.26,1.36,0.24,2.02,0.15,0.01,0.0,0.253,2.057017543859649,1.9826655361764005,0.15,,0.012,,0.0,,False,96.0,99.0,96.0,88.0,93.0,91.0,91.0,92.0,94.0,high,high,high,high,high,high,high,high,high,2026-06-12
hitter,BAL,SD,Adley Rutschman,668939,3.0,C,Confirmed,4.18,,,,,0.58,0.34,,,,,0.5982642868429092,0.5591643096820194,0.3292603199050116,0.3481048229373678,1.0980834272829765,1.056527064101694,0.2769550651274741,0.26026653439938036,,,1.08,0.4,0.3,1.4,0.27,2.02,0.14,0.01,0.0,0.254,2.057017543859649,1.9928876390564076,0.138,,0.009,,0.0,,False,96.0,99.0,96.0,88.0,93.0,91.0,91.0,92.0,94.0,high,high,high,high,high,high,high,high,high,2026-06-12
hitter,BAL,SD,Pete Alonso,624413,4.0,1B,Confirmed,4.18,,,,,0.89,0.29,,,,,0.8794226201744332,0.89201114918862,0.2919940798269526,0.27914523576695904,1.0980834272829765,1.0884504656267182,0.3921656532992034,0.39408027325922357,,,1.09,0.41,0.31,1.42,0.39,2.52,0.16,0.01,0.0,0.258,2.552380952380952,2.4913384178217473,0.161,,0.009,,0.0,,False,96.0,99.0,96.0,88.0,93.0,91.0,91.0,92.0,94.0,high,high,high,high,high,high,high,high,high,2026-06-12
hitter,BAL,SD,Samuel Basallo,694212,5.0,DH,Confirmed,3.1,,,,,0.79,0.16,,,,,0.8496979588765581,0.7369984309553307,0.17791788749625495,0.14001793918026487,0.8694581280788177,0.6923468353319137,0.2083896688717733,0.19601429622489852,,,0.77,0.26,0.2,0.94,0.2,1.55,0.11,0.01,0.0,0.224,1.684375,1.435447391692847,0.106,,0.008,,0.0,,False,96.0,99.0,96.0,88.0,93.0,91.0,91.0,92.0,94.0,high,high,high,high,high,high,high,high,high,2026-06-12
hitter,BAL,SD,Coby Mayo,691723,6.0,3B,Confirmed,3.81,,,,,0.96,0.18,,,,,0.9512825023718007,0.9715837917416125,0.20417749619872425,0.16060498556490055,0.994208494208494,0.9040725231969332,0.31871537737046324,0.29633417947805163,,,0.94,0.29,0.26,1.14,0.31,1.84,0.12,0.01,0.0,0.223,1.914285714285714,1.7840944706599116,0.123,,0.007,,0.0,,False,96.0,99.0,96.0,88.0,93.0,91.0,91.0,92.0,94.0,high,high,high,high,high,high,high,high,high,2026-06-12
hitter,BAL,SD,Colton Cowser,681297,7.0,CF,Confirmed,3.1,,,,,0.81,0.22,,,,,0.8340619994406703,0.7889508692751839,0.2496767364598044,0.18441511604191763,0.801980198019802,0.6942656167895499,0.26291998359572955,0.21119313756225214,,,0.74,0.22,0.17,0.8,0.24,1.49,0.11,0.01,0.0,0.227,1.684375,1.32258165856857,0.113,,0.007,,0.0,,False,96.0,99.0,96.0,88.0,93.0,91.0,91.0,92.0,94.0,high,high,high,high,high,high,high,high,high,2026-06-12
hitter,BAL,SD,Tyler O'Neill,641933,8.0,RF,Confirmed,3.02,,,,,1.21,0.31,,,,,1.2774254327306638,1.1436881559569314,0.3317487979626156,0.28116608567970164,0.7061469265367316,0.5508346122248605,0.09216553360849872,0.07399283892494693,,,0.62,0.21,0.16,0.78,0.08,1.0,0.1,0.01,0.0,0.218,1.1521739130434783,0.8767955273342156,0.098,,0.007,,0.0,,False,96.0,99.0,96.0,88.0,93.0,91.0,91.0,92.0,94.0,high,high,high,high,high,high,high,high,high,2026-06-12
hitter,BAL,SD,Jackson Holliday,702616,9.0,2B,Confirmed,3.49,,,,,0.82,0.27,,,,,0.8588256741040139,0.77802823165667,0.29809698977118393,0.2330612905478053,0.8770949720670391,0.7802159918308403,0.22264565721791274,0.18340936487160492,,,0.82,0.29,0.21,1.09,0.2,1.58,0.11,0.01,0.0,0.256,1.684375,1.4875015513225263,0.11,,0.009,,0.0,,False,96.0,99.0,96.0,88.0,93.0,91.0,91.0,92.0,94.0,high,high,high,high,high,high,high,high,high,2026-06-12
hitter,SD,BAL,Fernando Tatis Jr.,665487,1.0,2B,Confirmed,4.25,,,,,0.79,0.31,,,,,0.7909718662117654,0.7839249579028613,0.3017341456031214,0.31901845516903177,0.994208494208494,0.9576505372868976,0.047632677740596596,0.07131180534841076,,,0.97,0.6,0.5,2.2,0.06,1.32,0.21,0.01,0.0,0.346,1.3148148148148149,1.3204406003516453,0.212,,0.009,,0.0,,False,96.0,99.0,96.0,88.0,93.0,91.0,91.0,92.0,94.0,high,high,high,high,high,high,high,high,high,2026-06-12
hitter,SD,BAL,Jackson Merrill,701538,2.0,CF,Confirmed,4.25,,,,,1.04,0.21,,,,,1.0138183423120082,1.0683187418185183,0.20085501696955713,0.21763331351711035,0.8949771689497716,0.9008202975274304,0.03981377459797806,0.04966115630308363,,,0.9,0.54,0.45,1.99,0.04,1.31,0.19,0.01,0.0,0.305,1.3148148148148149,1.29742506843785,0.191,,0.01,,0.0,,False,96.0,99.0,96.0,88.0,93.0,91.0,91.0,92.0,94.0,high,high,high,high,high,high,high,high,high,2026-06-12
hitter,SD,BAL,Manny Machado,592518,3.0,3B,Confirmed,4.25,,,,,0.97,0.25,,,,,0.9834535393734706,0.9646504719455649,0.24630036144843134,0.24657549621788824,0.994208494208494,0.9713387419616676,0.04857954104902832,0.05113852206868238,,,0.98,0.59,0.56,2.25,0.05,1.36,0.21,0.01,0.0,0.335,1.3148148148148149,1.3949857440938405,0.214,,0.009,,0.0,,False,96.0,99.0,96.0,88.0,93.0,91.0,91.0,92.0,94.0,high,high,high,high,high,high,high,high,high,2026-06-12
hitter,SD,BAL,Xander Bogaerts,593428,4.0,SS,Confirmed,4.08,,,,,0.83,0.36,,,,,0.7958287544535665,0.8600301021050546,0.3606402045280196,0.3681126437922438,0.707983193277311,0.6921710175601297,0.10146968997318406,0.09619393170708558,,,0.7,0.53,0.48,2.11,0.1,1.13,0.2,0.01,0.0,0.319,1.1521739130434783,1.1199962319631065,0.2,,0.009,,0.0,,False,96.0,99.0,96.0,88.0,93.0,91.0,91.0,92.0,94.0,high,high,high,high,high,high,high,high,high,2026-06-12
hitter,SD,BAL,Gavin Sheets,657757,5.0,RF,Confirmed,4.08,,,,,0.84,0.23,,,,,0.8513772436802629,0.8345260224583475,0.23216010684511276,0.2241888185547634,0.8770949720670391,0.8415460880142916,0.03715001355616666,0.038523349020861276,,,0.86,0.52,0.49,2.01,0.04,1.22,0.17,0.01,0.0,0.31,1.239368165249089,1.2085928350509698,0.175,,0.009,,0.0,,False,96.0,99.0,96.0,88.0,93.0,91.0,91.0,92.0,94.0,high,high,high,high,high,high,high,high,high,2026-06-12
hitter,SD,BAL,Samad Taylor,669392,6.0,LF,Confirmed,3.33,,,,,0.69,0.24,,,,,0.6585621382886719,0.7210579118352899,0.24283956639152762,0.22962647311829842,0.5846774193548387,0.5888176350975595,0.016520054226434794,0.013279263944812844,,,0.59,0.3,0.29,1.29,0.01,0.7,0.14,0.01,0.0,0.263,0.6720588235294118,0.7293870244510197,0.143,,0.009,,0.0,,False,96.0,99.0,96.0,88.0,93.0,91.0,91.0,92.0,94.0,high,high,high,high,high,high,high,high,high,2026-06-12
hitter,SD,BAL,Ty France,664034,7.0,1B,Confirmed,3.74,,,,,0.71,0.14,,,,,0.7060652181991605,0.7136894213742876,0.15420350784434048,0.13298015031998314,0.7928986059071897,0.751342837308498,0.02858553996958382,0.026880906184061356,,,0.77,0.38,0.36,1.62,0.03,1.02,0.18,0.01,0.0,0.284,1.001763668430335,1.0334593006241832,0.18,,0.009,,0.0,,False,96.0,99.0,96.0,88.0,93.0,91.0,91.0,92.0,94.0,high,high,high,high,high,high,high,high,high,2026-06-12
hitter,SD,BAL,Will Wagner,695238,8.0,DH,Confirmed,2.26,,,,,0.52,0.13,,,,,0.526604730576918,0.5090448630977986,0.14058051734845228,0.11309084636186302,0.4125159642401022,0.34496568763025215,0.01807924555865459,0.009469663787884936,,,0.38,0.19,0.17,0.77,0.01,0.4,0.08,0.01,0.0,0.239,0.4591194968553459,0.3602807510748151,0.083,,0.007,,0.0,,False,96.0,99.0,96.0,88.0,93.0,91.0,91.0,92.0,94.0,high,high,high,high,high,high,high,high,high,2026-06-12
hitter,SD,BAL,Freddy Fermin,666023,9.0,C,Confirmed,3.96,,,,,0.88,0.23,,,,,0.8376480621209739,0.9147468125787321,0.22907466897809994,0.2404619641453511,0.801980198019802,0.8487273506906254,0.0350760169538124,0.03590212595827728,,,0.83,0.38,0.35,1.62,0.04,1.12,0.19,0.01,0.0,0.268,1.1238670694864048,1.1123655275363256,0.186,,0.011,,0.0,,False,96.0,99.0,96.0,88.0,93.0,91.0,91.0,92.0,94.0,high,high,high,high,high,high,high,high,high,2026-06-12
hitter,CLE,DET,Travis Bazzana,683953,1.0,2B,Confirmed,3.96,,,,,1.03,0.45,,,,,0.9543914897351763,1.1003457514575765,0.43807460903167306,0.4664269951998258,0.5290322580645161,0.5062743760580241,0.09070431174331928,0.10511415625557416,,,0.52,0.39,0.28,1.47,0.1,0.91,0.15,0.01,0.0,0.25,0.8408408408408409,0.9657451374760672,0.15,,0.01,,0.0,,False,96.0,99.0,96.0,88.0,93.0,91.0,91.0,92.0,94.0,high,high,high,high,high,high,high,high,high,2026-06-12
hitter,CLE,DET,José Ramírez,608070,2.0,3B,Confirmed,3.96,,,,,0.77,0.53,,,,,0.754453705719525,0.7935215379680467,0.5293902239926574,0.5279193096113752,0.7061469265367316,0.5887266409670922,0.12376005478289806,0.13768114854774158,,,0.64,0.42,0.31,1.6,0.13,1.18,0.18,0.01,0.0,0.274,1.239368165249089,1.1252071453148795,0.175,,0.009,,0.0,,False,96.0,99.0,96.0,88.0,93.0,91.0,91.0,92.0,94.0,high,high,high,high,high,high,high,high,high,2026-06-12
hitter,CLE,DET,Chase DeLauter,800050,3.0,RF,Confirmed,4.39,,,,,0.62,0.37,,,,,0.6349400548407287,0.6150247596164873,0.3647190938408772,0.3713178933546272,1.0,1.0352528259024836,0.04461789445792134,0.04427971369793669,,,1.02,0.51,0.44,2.05,0.04,1.48,0.19,0.01,0.0,0.293,1.3893129770992367,1.5527132332853113,0.194,,0.011,,0.0,,False,96.0,99.0,96.0,88.0,93.0,91.0,91.0,92.0,94.0,high,high,high,high,high,high,high,high,high,2026-06-12
hitter,CLE,DET,Kyle Manzardo,700932,4.0,DH,Confirmed,3.58,,,,,1.0,0.34,,,,,1.0438174679087653,0.9621439278144679,0.35972268108337646,0.31291584069269995,0.7061469265367316,0.5463234510813536,0.04671202051247869,0.03848236838479288,,,0.62,0.36,0.3,1.37,0.04,0.91,0.15,0.01,0.0,0.259,0.9875776397515532,0.8447444180811389,0.146,,0.008,,0.0,,False,96.0,99.0,96.0,88.0,93.0,91.0,91.0,92.0,94.0,high,high,high,high,high,high,high,high,high,2026-06-12
hitter,CLE,DET,Rhys Hoskins,656555,5.0,1B,Confirmed,2.77,,,,,1.04,0.38,,,,,1.111674766905648,0.9711665864760984,0.42905073018988593,0.3346110643537506,0.35424354243542433,0.26251292467443094,0.1303824589105964,0.09572379382058754,,,0.3,0.28,0.23,1.04,0.11,0.63,0.11,0.01,0.0,0.264,0.6720588235294118,0.5937550844605932,0.111,,0.006,,0.0,,False,96.0,99.0,96.0,88.0,93.0,91.0,91.0,92.0,94.0,high,high,high,high,high,high,high,high,high,2026-06-12
hitter,CLE,DET,Angel Martínez,682657,6.0,LF,Confirmed,3.1,,,,,0.95,0.17,,,,,0.923985872609733,0.9664463625327696,0.17798017229972177,0.16281212093073397,0.4125159642401022,0.41890823775315333,0.07275874597815066,0.07535128052923569,,,0.42,0.28,0.28,1.27,0.07,0.73,0.14,0.01,0.0,0.251,0.7899761336515513,0.6880263479646153,0.14,,0.008,,0.0,,False,96.0,99.0,96.0,88.0,93.0,91.0,91.0,92.0,94.0,high,high,high,high,high,high,high,high,high,2026-06-12
hitter,CLE,DET,Steven Kwan,680757,7.0,CF,Confirmed,3.81,,,,,0.38,0.32,,,,,0.34710514258277214,0.4095976539301273,0.3291463175213504,0.30256575120691676,0.8770949720670391,0.7919764799873803,0.02578344530103806,0.017998255024827325,,,0.83,0.38,0.31,1.58,0.02,1.16,0.19,0.01,0.0,0.29,1.239368165249089,1.0890985257662409,0.194,,0.01,,0.0,,False,96.0,99.0,96.0,88.0,93.0,91.0,91.0,92.0,94.0,high,high,high,high,high,high,high,high,high,2026-06-12
hitter,CLE,DET,Patrick Bailey,672275,8.0,C,Confirmed,3.33,,,,,0.98,0.22,,,,,0.9539345358758676,1.0025889514877613,0.23059854204893165,0.21769116199431313,0.6434108527131783,0.5469353066156173,0.02979304686428667,0.018722817183841417,,,0.59,0.29,0.25,1.25,0.02,0.8,0.15,0.01,0.0,0.252,0.8408408408408409,0.7608302347961224,0.153,,0.01,,0.0,,False,96.0,99.0,96.0,88.0,93.0,91.0,91.0,92.0,94.0,high,high,high,high,high,high,high,high,high,2026-06-12
hitter,CLE,DET,Brayan Rocchio,677587,9.0,SS,Confirmed,2.9,,,,,0.76,0.23,,,,,0.8061854019869087,0.7108176582274124,0.24109654853723153,0.21462021784835195,0.35424354243542433,0.3167266244113437,0.05956096280172313,0.04904360727417457,,,0.33,0.26,0.22,1.13,0.05,0.59,0.13,0.01,0.0,0.257,0.6289308176100628,0.5609901598852424,0.129,,0.009,,0.0,,False,96.0,99.0,96.0,88.0,93.0,91.0,91.0,92.0,94.0,high,high,high,high,high,high,high,high,high,2026-06-12
hitter,DET,CLE,Kevin McGonigle,805808,1.0,3B,Confirmed,3.96,,,,,0.51,0.32,,,,,0.5468352376100004,0.47767997451791183,0.3432174730811254,0.2916231294259882,1.0980834272829765,1.015585871771976,0.2786516941733093,0.23650986781367467,,,1.05,0.28,0.15,0.84,0.26,1.93,0.11,0.01,0.0,0.203,2.057017543859649,1.8267165037342574,0.106,,0.007,,0.0,,False,96.0,99.0,96.0,88.0,93.0,91.0,91.0,92.0,94.0,high,high,high,high,high,high,high,high,high,2026-06-12
hitter,DET,CLE,Gleyber Torres,650402,2.0,2B,Confirmed,3.96,,,,,0.61,0.29,,,,,0.6526002836928152,0.5674689657457865,0.29017054208613313,0.2865785632358737,1.0980834272829765,0.9167062442579562,0.22094412178385933,0.2062688798508165,,,1.0,0.25,0.15,0.82,0.21,1.76,0.1,0.01,0.0,0.177,1.914285714285714,1.634601456203104,0.099,,0.007,,0.0,,False,96.0,99.0,96.0,88.0,93.0,91.0,91.0,92.0,94.0,high,high,high,high,high,high,high,high,high,2026-06-12
hitter,DET,CLE,Riley Greene,682985,3.0,LF,Confirmed,3.93,,,,,0.91,0.23,,,,,0.8708662400890301,0.9563074248167337,0.26346478462839595,0.20322323046169552,1.0980834272829765,1.056298626470727,0.3018674767337637,0.2827221520968274,,,1.08,0.25,0.17,0.83,0.29,2.07,0.11,0.01,0.0,0.174,2.057017543859649,2.077818325289827,0.108,,0.007,,0.0,,False,96.0,99.0,96.0,88.0,93.0,91.0,91.0,92.0,94.0,high,high,high,high,high,high,high,high,high,2026-06-12
hitter,DET,CLE,Dillon Dingler,693307,4.0,C,Confirmed,3.81,,,,,0.82,0.14,,,,,0.8276274492773358,0.8135490668495052,0.16518962291179387,0.11797651742952048,1.0980834272829765,0.926596770250862,0.29624459670966274,0.25422952712694935,,,1.0,0.23,0.18,0.82,0.28,1.91,0.09,0.01,0.0,0.156,2.057017543859649,1.7957930460842086,0.091,,0.007,,0.0,,False,96.0,99.0,96.0,88.0,93.0,91.0,91.0,92.0,94.0,high,high,high,high,high,high,high,high,high,2026-06-12
hitter,DET,CLE,Kerry Carpenter,681481,5.0,RF,Confirmed,3.1,,,,,0.72,0.14,,,,,0.7500099738425302,0.694592690048908,0.14982265791883423,0.1303299094991288,0.8694581280788177,0.6965161630253821,0.33071743727172936,0.264914536986545,,,0.77,0.2,0.15,0.7,0.3,1.75,0.09,0.01,0.0,0.169,1.9541058261596016,1.5843354603743098,0.085,,0.007,,0.0,,False,96.0,99.0,96.0,88.0,93.0,91.0,91.0,92.0,94.0,high,high,high,high,high,high,high,high,high,2026-06-12
hitter,DET,CLE,Colt Keith,690993,6.0,DH,Confirmed,2.9,,,,,0.55,0.15,,,,,0.5566777406426618,0.5384603314115044,0.15098207952741421,0.143088923236519,0.801980198019802,0.6696195219635548,0.14889646290210912,0.14707791482797275,,,0.73,0.17,0.15,0.67,0.15,1.27,0.08,0.01,0.0,0.178,1.4759615384615385,1.1001466708149086,0.085,,0.01,,0.0,,False,96.0,99.0,96.0,88.0,93.0,91.0,91.0,92.0,94.0,high,high,high,high,high,high,high,high,high,2026-06-12
hitter,DET,CLE,Spencer Torkelson,679529,7.0,1B,Confirmed,3.54,,,,,0.83,0.21,,,,,0.841689809167992,0.8131847313656327,0.23208856468309663,0.19192635987166573,1.0,0.8404894228017934,0.29558313601480435,0.26288567142909963,,,0.91,0.21,0.15,0.78,0.28,1.93,0.1,0.01,0.0,0.183,2.057017543859649,1.8181016586088334,0.096,,0.006,,0.0,,False,96.0,99.0,96.0,88.0,93.0,91.0,91.0,92.0,94.0,high,high,high,high,high,high,high,high,high,2026-06-12
hitter,DET,CLE,Zach McKinstry,656716,8.0,SS,Confirmed,3.1,,,,,0.55,0.17,,,,,0.562235579220391,0.5397882584350921,0.20325738245979708,0.14654295042661988,0.8770949720670391,0.7633826347102576,0.14020110975224362,0.1130194630676468,,,0.81,0.18,0.13,0.66,0.13,1.33,0.1,0.01,0.0,0.188,1.4759615384615385,1.2140486664020977,0.1,,0.01,,0.0,,False,96.0,99.0,96.0,88.0,93.0,91.0,91.0,92.0,94.0,high,high,high,high,high,high,high,high,high,2026-06-12
hitter,DET,CLE,James Outman,681546,9.0,CF,Confirmed,2.55,,,,,0.83,0.11,,,,,0.9028090223222496,0.7627822643640771,0.14078289880697603,0.08878218427401557,0.6434108527131783,0.4449649358970342,0.15302670028567142,0.12575445228334417,,,0.53,0.13,0.09,0.48,0.14,0.95,0.07,0.01,0.0,0.157,1.1238670694864048,0.8057705646669895,0.067,,0.007,,0.0,,False,96.0,99.0,96.0,88.0,93.0,91.0,91.0,92.0,94.0,high,high,high,high,high,high,high,high,high,2026-06-12
hitter,BOS,TEX,Mickey Gasper,681508,1.0,DH,Confirmed,3.96,,,,,1.36,0.18,,,,,1.17129661354496,1.5576113657635315,0.16927167650460073,0.1985452656054428,0.4125159642401022,0.5617008631060745,0.023965228993390056,0.020470355517343268,,,0.49,0.52,0.4,1.81,0.02,0.72,0.17,0.01,0.0,0.326,0.6289308176100628,0.7977312683960145,0.169,,0.008,,0.0,,False,96.0,99.0,96.0,88.0,93.0,91.0,91.0,92.0,94.0,high,high,high,high,high,high,high,high,high,2026-06-12
hitter,BOS,TEX,Ceddanne Rafaela,678882,2.0,CF,Confirmed,4.61,,,,,1.41,0.18,,,,,1.2179494507904338,1.6038993013595615,0.16813097565925558,0.1830338673202574,0.4125159642401022,0.5953264030343072,0.031886327561414546,0.054932485809143596,,,0.51,0.65,0.53,2.28,0.04,0.7,0.19,0.01,0.0,0.347,0.5302013422818792,0.8451861896330559,0.187,,0.011,,0.0,,False,96.0,99.0,96.0,88.0,93.0,91.0,91.0,92.0,94.0,high,high,high,high,high,high,high,high,high,2026-06-12
hitter,BOS,TEX,Wilyer Abreu,677800,3.0,RF,Confirmed,4.51,,,,,1.67,0.23,,,,,1.5235178416231665,1.8251516992370747,0.2214781453099008,0.24418010720447114,0.35424354243542433,0.4421310004708336,0.024716254479119872,0.017123167981970812,,,0.4,0.57,0.51,1.98,0.02,0.58,0.2,0.01,0.0,0.319,0.4591194968553459,0.6742542968805634,0.198,,0.007,,0.0,,False,96.0,99.0,96.0,88.0,93.0,91.0,91.0,92.0,94.0,high,high,high,high,high,high,high,high,high,2026-06-12
hitter,BOS,TEX,Willson Contreras,575929,4.0,1B,Confirmed,4.45,,,,,1.8,0.19,,,,,1.755263714707785,1.8478530556317119,0.18795209884947672,0.182049236578705,0.4125159642401022,0.5374993297236011,0.04065254155463335,0.062401853215146325,,,0.48,0.75,0.72,2.58,0.05,0.77,0.16,0.01,0.0,0.407,0.6720588235294118,0.8534547557175314,0.162,,0.008,,0.0,,False,96.0,99.0,96.0,88.0,93.0,91.0,91.0,92.0,94.0,high,high,high,high,high,high,high,high,high,2026-06-12
hitter,BOS,TEX,Jarren Duran,680776,5.0,LF,Confirmed,4.61,,,,,1.92,0.24,,,,,1.8524236956642064,1.9975589864265644,0.23450876788170183,0.24410494525055154,0.35424354243542433,0.4986059094247046,0.041003033375149295,0.06114089198212111,,,0.43,0.7,0.63,2.33,0.05,0.75,0.18,0.02,0.0,0.375,0.6289308176100628,0.8486438981797714,0.178,,0.015,,0.0,,False,96.0,99.0,96.0,88.0,93.0,91.0,91.0,92.0,94.0,high,high,high,high,high,high,high,high,high,2026-06-12
hitter,BOS,TEX,Caleb Durbin,702332,6.0,3B,Confirmed,3.96,,,,,0.84,0.15,,,,,0.7139567650129425,0.9686373538751543,0.14584802795091026,0.15014710027588912,0.4125159642401022,0.5809970274387403,0.019998820222097015,0.02484532936235478,,,0.51,0.45,0.45,1.89,0.02,0.71,0.19,0.01,0.0,0.322,0.6720588235294118,0.7463934062940338,0.186,,0.009,,0.0,,False,96.0,99.0,96.0,88.0,93.0,91.0,91.0,92.0,94.0,high,high,high,high,high,high,high,high,high,2026-06-12
hitter,BOS,TEX,Isiah Kiner-Falefa,643396,7.0,2B,Confirmed,3.96,,,,,1.06,0.11,,,,,0.9626335434542374,1.164742686056754,0.10056443704776909,0.12451935213966404,0.5290322580645161,0.5965683359214694,0.018264957325402217,0.017621448091351376,,,0.57,0.39,0.35,1.63,0.02,0.74,0.17,0.01,0.0,0.276,0.6720588235294118,0.7890904958751116,0.168,,0.008,,0.0,,False,96.0,99.0,96.0,88.0,93.0,91.0,91.0,92.0,94.0,high,high,high,high,high,high,high,high,high,2026-06-12
hitter,BOS,TEX,Marcelo Mayer,691785,8.0,SS,Confirmed,3.1,,,,,0.5,0.07,,,,,0.4475298776438865,0.5558320509558579,0.07569544107752318,0.06556830011848772,0.5846774193548387,0.48510018547604233,0.02085855701569412,0.009680772303342224,,,0.53,0.35,0.31,1.36,0.02,0.64,0.13,0.01,0.0,0.317,0.6720588235294118,0.6179665069733016,0.127,,0.008,,0.0,,False,96.0,99.0,96.0,88.0,93.0,91.0,91.0,92.0,94.0,high,high,high,high,high,high,high,high,high,2026-06-12
hitter,BOS,TEX,Connor Wong,657136,9.0,C,Confirmed,3.96,,,,,0.78,0.21,,,,,0.7093808789568838,0.8576896369020887,0.19299379760420507,0.22157702071094718,0.801980198019802,0.8464966395483744,0.09854521075474013,0.11085157036885032,,,0.83,0.4,0.33,1.53,0.1,1.35,0.12,0.01,0.0,0.288,1.3148148148148149,1.3844841356638657,0.122,,0.008,,0.0,,False,96.0,99.0,96.0,88.0,93.0,91.0,91.0,92.0,94.0,high,high,high,high,high,high,high,high,high,2026-06-12
hitter,TEX,BOS,Joc Pederson,592626,1.0,DH,Confirmed,3.96,,,,,0.7,0.32,,,,,0.6508903406429586,0.7563528889432153,0.33413752025512067,0.30160330699951327,0.7715355805243446,0.7049283623523621,0.04289420071383408,0.05243074585963959,,,0.73,0.54,0.44,1.85,0.05,0.99,0.17,0.01,0.0,0.332,0.9875776397515532,0.9850111801528798,0.165,,0.009,,0.0,,False,96.0,99.0,96.0,88.0,93.0,91.0,91.0,92.0,94.0,high,high,high,high,high,high,high,high,high,2026-06-12
hitter,TEX,BOS,Josh Jung,673962,2.0,3B,Confirmed,4.25,,,,,0.61,0.14,,,,,0.5166305811622305,0.7038873806893168,0.15029232536879494,0.138925731358983,1.0,1.0222490117492888,0.12367802527609412,0.1259981998777784,,,1.01,0.62,0.52,2.24,0.12,1.67,0.16,0.01,0.0,0.352,1.684375,1.650819749235117,0.155,,0.012,,0.0,,False,96.0,99.0,96.0,88.0,93.0,91.0,91.0,92.0,94.0,high,high,high,high,high,high,high,high,high,2026-06-12
hitter,TEX,BOS,Brandon Nimmo,607043,3.0,RF,Confirmed,4.25,,,,,0.58,0.16,,,,,0.5213360824121644,0.6440510376939779,0.16763655323778465,0.15490045910531736,0.994208494208494,1.0431667100136266,0.14005438222350364,0.12613025511711956,,,1.02,0.6,0.58,2.19,0.13,1.83,0.21,0.01,0.0,0.345,1.914285714285714,1.7604717973480808,0.209,,0.01,,0.0,,False,96.0,99.0,96.0,88.0,93.0,91.0,91.0,92.0,94.0,high,high,high,high,high,high,high,high,high,2026-06-12
hitter,TEX,BOS,Wyatt Langford,694671,4.0,LF,Confirmed,4.25,,,,,0.7,0.24,,,,,0.6182273117863781,0.7765383947779999,0.256084624120822,0.22281044109776046,0.994208494208494,0.9857553952762673,0.16389106158271016,0.15128328658879012,,,0.99,0.67,0.62,2.28,0.16,1.82,0.19,0.01,0.0,0.39,1.914285714285714,1.738140430769989,0.193,,0.008,,0.0,,False,96.0,99.0,96.0,88.0,93.0,91.0,91.0,92.0,94.0,high,high,high,high,high,high,high,high,high,2026-06-12
hitter,TEX,BOS,Ezequiel Duran,677649,5.0,SS,Confirmed,3.96,,,,,0.56,0.12,,,,,0.48647086475229784,0.6394504811988175,0.12519583238777665,0.11137870228062044,0.8949771689497716,0.9032942176386308,0.05017252264375522,0.05539662291383782,,,0.9,0.45,0.41,1.75,0.05,1.32,0.16,0.01,0.0,0.281,1.3148148148148149,1.3219338805359058,0.162,,0.012,,0.0,,False,96.0,99.0,96.0,88.0,93.0,91.0,91.0,92.0,94.0,high,high,high,high,high,high,high,high,high,2026-06-12
hitter,TEX,BOS,Evan Carter,694497,6.0,CF,Confirmed,3.33,,,,,0.52,0.14,,,,,0.4727752612721272,0.5759519844934794,0.14567344800319673,0.14003933405526361,0.7715355805243446,0.7263791397130024,0.05997534043801739,0.049894049026169264,,,0.75,0.37,0.37,1.51,0.05,1.15,0.16,0.01,0.0,0.317,1.239368165249089,1.08532484525125,0.162,,0.01,,0.0,,False,96.0,99.0,96.0,88.0,93.0,91.0,91.0,92.0,94.0,high,high,high,high,high,high,high,high,high,2026-06-12
hitter,TEX,BOS,Jake Burger,669394,7.0,1B,Confirmed,4.03,,,,,0.64,0.14,,,,,0.5689543687755833,0.7183073534601464,0.1416855574946481,0.13228591960691127,0.994208494208494,0.9954671232909985,0.1544707299013243,0.14927357652699189,,,0.99,0.55,0.55,2.1,0.15,1.68,0.19,0.01,0.0,0.376,1.684375,1.6772343976507749,0.193,,0.01,,0.0,,False,96.0,99.0,96.0,88.0,93.0,91.0,91.0,92.0,94.0,high,high,high,high,high,high,high,high,high,2026-06-12
hitter,TEX,BOS,Kyle Higashioka,543309,8.0,C,Confirmed,3.74,,,,,0.82,0.25,,,,,0.7795226933517914,0.859862005663923,0.2678234257239326,0.23677921947707858,0.7715355805243446,0.708397184252199,0.039856718755395544,0.05588302762134271,,,0.74,0.43,0.41,1.71,0.05,0.98,0.15,0.01,0.0,0.323,1.001763668430335,0.9636515441235283,0.155,,0.009,,0.0,,False,96.0,99.0,96.0,88.0,93.0,91.0,91.0,92.0,94.0,high,high,high,high,high,high,high,high,high,2026-06-12
hitter,TEX,BOS,Nicky Lopez,670032,9.0,RF,Confirmed,3.32,,,,,0.45,0.11,,,,,0.39267697514690736,0.5015795650327138,0.12522766651582456,0.10352549828629905,0.801980198019802,0.6744080997311513,0.048117054287178815,0.04284614729380912,,,0.73,0.36,0.32,1.48,0.05,1.07,0.13,0.01,0.0,0.307,1.1238670694864048,1.0208191069954886,0.133,,0.011,,0.0,,False,96.0,99.0,96.0,88.0,93.0,91.0,91.0,92.0,94.0,high,high,high,high,high,high,high,high,high,2026-06-12
hitter,CIN,AZ,Dane Myers,667472,1.0,CF,Confirmed,3.1,,,,,0.64,0.19,,,,,0.5859780740409011,0.6911844059876462,0.20421103756618664,0.18497827354317808,0.5290322580645161,0.46481580778231113,0.10587369718906461,0.09094535133852956,,,0.49,0.35,0.3,1.24,0.1,0.91,0.11,0.01,0.0,0.273,1.001763668430335,0.8267195581807404,0.106,,0.009,,0.0,,False,96.0,99.0,96.0,88.0,93.0,91.0,91.0,92.0,94.0,high,high,high,high,high,high,high,high,high,2026-06-12
hitter,CIN,AZ,JJ Bleday,668709,2.0,DH,Confirmed,4.18,,,,,0.77,0.4,,,,,0.7067480147909904,0.8293082216320363,0.4003150945034736,0.3914781256568033,0.801980198019802,0.6928050067601539,0.16371688480096594,0.19918407589374734,,,0.74,0.49,0.41,1.7,0.18,1.41,0.15,0.01,0.0,0.285,1.3893129770992367,1.428526097940413,0.148,,0.008,,0.0,,False,96.0,99.0,96.0,88.0,93.0,91.0,91.0,92.0,94.0,high,high,high,high,high,high,high,high,high,2026-06-12
hitter,CIN,AZ,Sal Stewart,701398,3.0,3B,Confirmed,4.26,,,,,0.81,0.49,,,,,0.7521147925638356,0.8639201260339938,0.4997598771123992,0.48503295588538803,0.8949771689497716,0.8989036782287104,0.2272553415539489,0.25070291170447223,,,0.9,0.68,0.66,2.44,0.24,1.94,0.19,0.01,0.0,0.386,2.057017543859649,1.8527741731779266,0.186,,0.007,,0.0,,False,96.0,99.0,96.0,88.0,93.0,91.0,91.0,92.0,94.0,high,high,high,high,high,high,high,high,high,2026-06-12
hitter,CIN,AZ,Spencer Steer,668715,4.0,1B,Confirmed,4.25,,,,,0.74,0.42,,,,,0.6403394607426925,0.8361864261079437,0.4125055492372057,0.4349978126989405,0.801980198019802,0.806123622956252,0.1381252566786717,0.13315209012580556,,,0.8,0.54,0.51,1.94,0.14,1.49,0.17,0.01,0.0,0.308,1.4759615384615385,1.5105017077817857,0.173,,0.009,,0.0,,False,96.0,99.0,96.0,88.0,93.0,91.0,91.0,92.0,94.0,high,high,high,high,high,high,high,high,high,2026-06-12
hitter,CIN,AZ,Eugenio Suárez,553993,5.0,3B,Confirmed,3.96,,,,,0.81,0.3,,,,,0.7072954834722709,0.9153468132466425,0.3144905796379217,0.2938797760935835,0.801980198019802,0.7469155019048459,0.31146723635833806,0.25556044048481863,,,0.77,0.64,0.68,2.2,0.28,1.62,0.13,0.01,0.0,0.373,1.684375,1.5700309155865406,0.128,,0.008,,0.0,,False,96.0,99.0,96.0,88.0,93.0,91.0,91.0,92.0,94.0,high,high,high,high,high,high,high,high,high,2026-06-12
hitter,CIN,AZ,Blake Dunn,694362,6.0,LF,Confirmed,3.81,,,,,0.76,0.45,,,,,0.676972637263974,0.8384930069892121,0.463884154102286,0.4428093374307307,0.4125159642401022,0.4904936463193119,0.02542634643206349,0.02247213917034745,,,0.46,0.33,0.35,1.39,0.02,0.67,0.16,0.01,0.0,0.243,0.6720588235294118,0.6596394608626547,0.156,,0.011,,0.0,,False,96.0,99.0,96.0,88.0,93.0,91.0,91.0,92.0,94.0,high,high,high,high,high,high,high,high,high,2026-06-12
hitter,CIN,AZ,Noelvi Marte,682622,7.0,RF,Confirmed,3.89,,,,,0.67,0.24,,,,,0.584602324916487,0.7521805590985107,0.24820228502650615,0.22444690795156794,0.7715355805243446,0.723854845543713,0.15904758121782495,0.1490980931388886,,,0.75,0.47,0.48,1.82,0.15,1.48,0.16,0.01,0.0,0.323,1.4759615384615385,1.4877407312264495,0.159,,0.008,,0.0,,False,96.0,99.0,96.0,88.0,93.0,91.0,91.0,92.0,94.0,high,high,high,high,high,high,high,high,high,2026-06-12
hitter,CIN,AZ,Tyler Stephenson,663886,8.0,C,Confirmed,3.74,,,,,0.87,0.65,,,,,0.8057043277683087,0.9389880105197255,0.6823652923970143,0.6135983007507002,0.4125159642401022,0.4006524996232654,0.037802476995873684,0.024880402922233178,,,0.41,0.4,0.38,1.49,0.03,0.64,0.12,0.01,0.0,0.298,0.6720588235294118,0.606921209182528,0.125,,0.007,,0.0,,False,96.0,99.0,96.0,88.0,93.0,91.0,91.0,92.0,94.0,high,high,high,high,high,high,high,high,high,2026-06-12
hitter,CIN,AZ,Matt McLain,680574,9.0,SS,Confirmed,4.18,,,,,0.86,0.51,,,,,0.8033703021591073,0.9224571793562197,0.5130262753343748,0.5051799769549771,0.7715355805243446,0.7922962147099775,0.15668401488703912,0.1843149865269386,,,0.78,0.48,0.45,1.73,0.17,1.45,0.14,0.01,0.0,0.319,1.3893129770992367,1.4979023794870112,0.139,,0.01,,0.0,,False,96.0,99.0,96.0,88.0,93.0,91.0,91.0,92.0,94.0,high,high,high,high,high,high,high,high,high,2026-06-12
hitter,AZ,CIN,Ketel Marte,606466,1.0,2B,Confirmed,4.57,,,,,0.85,0.47,,,,,0.8249974414697795,0.8826450121112298,0.43852635046778154,0.49424576573905316,0.7061469265367316,0.7066540185144187,0.081982411055041,0.0737092142037826,,,0.71,0.65,0.54,2.33,0.08,1.09,0.23,0.01,0.0,0.345,1.001763668430335,1.1635096809559602,0.234,,0.015,,0.0,,False,96.0,99.0,96.0,88.0,93.0,91.0,91.0,92.0,94.0,high,high,high,high,high,high,high,high,high,2026-06-12
hitter,AZ,CIN,Corbin Carroll,682998,2.0,RF,Confirmed,4.51,,,,,1.2,0.49,,,,,1.1024468252378743,1.305809124981537,0.42315027529208427,0.5495387709879903,0.7061469265367316,0.6687527024288178,0.07042095144601879,0.06378820096603835,,,0.69,0.6,0.5,2.19,0.07,1.11,0.23,0.02,0.0,0.323,1.001763668430335,1.2039966480742585,0.225,,0.022,,0.0,,False,96.0,99.0,96.0,88.0,93.0,91.0,91.0,92.0,94.0,high,high,high,high,high,high,high,high,high,2026-06-12
hitter,AZ,CIN,Gabriel Moreno,672515,3.0,C,Confirmed,4.25,,,,,0.92,0.44,,,,,0.8821995717497766,0.9526380279175833,0.4341641771527667,0.44263218339466165,0.7061469265367316,0.6529234905972615,0.049057310547151914,0.06256946162859446,,,0.68,0.57,0.51,2.17,0.06,0.89,0.2,0.01,0.0,0.328,0.8408408408408409,0.9306862529810713,0.204,,0.01,,0.0,,False,96.0,99.0,96.0,88.0,93.0,91.0,91.0,92.0,94.0,high,high,high,high,high,high,high,high,high,2026-06-12
hitter,AZ,CIN,Nolan Arenado,571448,4.0,3B,Confirmed,3.96,,,,,0.74,0.34,,,,,0.6987562415368904,0.7751841948221004,0.34535255257992825,0.329316736112879,0.5846774193548387,0.5442506683391956,0.044043949805340536,0.03998559727246825,,,0.56,0.52,0.47,2.0,0.04,0.82,0.18,0.01,0.0,0.321,0.7899761336515513,0.8405293935221636,0.176,,0.009,,0.0,,False,96.0,99.0,96.0,88.0,93.0,91.0,91.0,92.0,94.0,high,high,high,high,high,high,high,high,high,2026-06-12
hitter,AZ,CIN,Ildemaro Vargas,545121,5.0,1B,Confirmed,3.81,,,,,0.56,0.16,,,,,0.5214998469568257,0.5933708140741984,0.1657829327610752,0.14474294111242852,0.801980198019802,0.8788629876138538,0.03283842711321827,0.03894549585908093,,,0.84,0.52,0.48,2.09,0.04,1.02,0.21,0.01,0.0,0.328,0.9875776397515532,1.0428886002870235,0.213,,0.012,,0.0,,False,96.0,99.0,96.0,88.0,93.0,91.0,91.0,92.0,94.0,high,high,high,high,high,high,high,high,high,2026-06-12
hitter,AZ,CIN,Geraldo Perdomo,672695,6.0,SS,Confirmed,4.25,,,,,0.63,0.53,,,,,0.5957174942749076,0.6654331977491753,0.49960884529454075,0.5604663434070192,0.6506024096385542,0.615563178038054,0.035397982104992426,0.03262816419757552,,,0.63,0.48,0.47,2.04,0.03,0.85,0.21,0.01,0.0,0.32,0.8394036423057903,0.8657825442975269,0.205,,0.01,,0.0,,False,96.0,99.0,96.0,88.0,93.0,91.0,91.0,92.0,94.0,high,high,high,high,high,high,high,high,high,2026-06-12
hitter,AZ,CIN,Jordan Lawlar,691783,7.0,LF,Confirmed,4.14,,,,,1.01,0.42,,,,,0.9040420170044376,1.1230566083467615,0.43147059488412454,0.4162348156990761,0.8949771689497716,0.9019564845264663,0.11320978852512728,0.10512392016746158,,,0.9,0.45,0.4,1.85,0.11,1.37,0.19,0.01,0.0,0.308,1.3893129770992367,1.3498604830518786,0.193,,0.01,,0.0,,False,96.0,99.0,96.0,88.0,93.0,91.0,91.0,92.0,94.0,high,high,high,high,high,high,high,high,high,2026-06-12
hitter,AZ,CIN,LuJames Groover,694410,8.0,DH,Confirmed,3.1,,,,,0.8,0.25,,,,,0.7456991578401558,0.8476758731161952,0.2599614116091979,0.24978857712389324,0.35424354243542433,0.36727507332923426,0.032031107452939564,0.03253242484370319,,,0.36,0.34,0.3,1.4,0.03,0.52,0.13,0.01,0.0,0.305,0.5302013422818792,0.5174055550238253,0.129,,0.009,,0.0,,False,96.0,99.0,96.0,88.0,93.0,91.0,91.0,92.0,94.0,high,high,high,high,high,high,high,high,high,2026-06-12
hitter,AZ,CIN,Ryan Waldschmidt,814439,9.0,LF,Confirmed,4.25,,,,,1.18,0.3,,,,,1.0609454619907026,1.2897482166700773,0.29537559127415036,0.2968483355054866,0.7715355805243446,0.7724297527871865,0.048570875306594374,0.04782245562567654,,,0.77,0.48,0.43,2.0,0.05,1.11,0.23,0.01,0.0,0.319,1.1238670694864048,1.099738724896317,0.231,,0.015,,0.0,,False,96.0,99.0,96.0,88.0,93.0,91.0,91.0,92.0,94.0,high,high,high,high,high,high,high,high,high,2026-06-12
hitter,NYM,ATL,Carson Benge,701807,1.0,RF,Confirmed,4.51,,,,,1.04,0.14,,,,,1.026466423978014,1.0440199279614104,0.14284675993054838,0.1290465226752522,1.4947368421052631,1.2703963977813721,0.2328937098522087,0.2334132772156817,,,1.37,0.48,0.35,1.83,0.23,2.33,0.22,0.01,0.0,0.27,2.456692913385827,2.235373808360136,0.219,,0.011,,0.0,,False,96.0,99.0,96.0,88.0,93.0,91.0,91.0,92.0,94.0,high,high,high,high,high,high,high,high,high,2026-06-12
hitter,NYM,ATL,Bo Bichette,666182,2.0,SS,Confirmed,4.61,,,,,0.78,0.17,,,,,0.7819301591075716,0.7720034460514392,0.17312718237062003,0.15791302628799725,1.607843137254902,1.4234940009786385,0.26212244356061537,0.29000630683647505,,,1.51,0.54,0.39,2.02,0.28,2.53,0.23,0.01,0.0,0.299,2.552380952380952,2.5034603703187006,0.226,,0.008,,0.0,,False,96.0,99.0,96.0,88.0,93.0,91.0,91.0,92.0,94.0,high,high,high,high,high,high,high,high,high,2026-06-12
hitter,NYM,ATL,Juan Soto,665742,3.0,LF,Confirmed,4.61,,,,,1.01,0.28,,,,,1.0237434893125568,0.9885186816681786,0.271113452686643,0.29577493953805806,1.1702127659574468,1.2334117367847746,0.5510025990188789,0.5480019344867878,,,1.2,0.59,0.44,2.03,0.55,2.9,0.2,0.01,0.0,0.339,2.775,3.0012262860068537,0.196,,0.008,,0.0,,False,96.0,99.0,96.0,88.0,93.0,91.0,91.0,92.0,94.0,high,high,high,high,high,high,high,high,high,2026-06-12
hitter,NYM,ATL,Jared Young,676724,4.0,1B,Confirmed,4.14,,,,,1.17,0.17,,,,,1.1156495482183182,1.2287900541717955,0.15859233469883513,0.18124927981606068,1.0980834272829765,1.0242714614407173,0.3411809333908368,0.3141286831865746,,,1.06,0.44,0.36,1.67,0.33,2.25,0.17,0.01,0.0,0.275,2.456692913385827,2.0842307436691936,0.172,,0.009,,0.0,,False,96.0,99.0,96.0,88.0,93.0,91.0,91.0,92.0,94.0,high,high,high,high,high,high,high,high,high,2026-06-12
hitter,NYM,ATL,A.J. Ewing,805999,5.0,CF,Confirmed,4.18,,,,,1.19,0.24,,,,,1.1397773975158199,1.2351940301395277,0.23963471007098694,0.24976269431686512,1.0980834272829765,1.0731635210165125,0.16109183449917028,0.13595874441916697,,,1.08,0.46,0.35,1.68,0.15,1.83,0.18,0.01,0.0,0.293,1.914285714285714,1.7567072856830352,0.184,,0.014,,0.0,,False,96.0,99.0,96.0,88.0,93.0,91.0,91.0,92.0,94.0,high,high,high,high,high,high,high,high,high,2026-06-12
hitter,NYM,ATL,Marcus Semien,543760,6.0,2B,Confirmed,3.96,,,,,0.82,0.13,,,,,0.8133405161467527,0.8328472370949718,0.15140320839471103,0.11322311985511771,1.0980834272829765,1.033295285695962,0.2651370080448971,0.2894732604578692,,,1.06,0.38,0.35,1.6,0.28,2.0,0.16,0.01,0.0,0.278,2.057017543859649,1.9482755586056222,0.158,,0.008,,0.0,,False,96.0,99.0,96.0,88.0,93.0,91.0,91.0,92.0,94.0,high,high,high,high,high,high,high,high,high,2026-06-12
hitter,NYM,ATL,Brett Baty,683146,7.0,3B,Confirmed,3.49,,,,,1.02,0.11,,,,,1.0428032702752001,1.003553331647945,0.11853565595052357,0.09890905701553737,0.8949771689497716,0.8021245856977596,0.23571172707657323,0.2074264769111242,,,0.84,0.31,0.26,1.28,0.22,1.76,0.15,0.01,0.0,0.266,1.914285714285714,1.6251685634888744,0.147,,0.008,,0.0,,False,96.0,99.0,96.0,88.0,93.0,91.0,91.0,92.0,94.0,high,high,high,high,high,high,high,high,high,2026-06-12
hitter,NYM,ATL,MJ Melendez,669004,8.0,DH,Confirmed,3.02,,,,,0.98,0.06,,,,,0.940679002003502,1.0151779498733713,0.08564026520157299,0.03536954400107865,0.7061469265367316,0.5646643162573088,0.13630415123769118,0.15448434166926658,,,0.63,0.21,0.17,0.86,0.15,1.18,0.12,0.01,0.0,0.205,1.239368165249089,1.1257329670248446,0.119,,0.01,,0.0,,False,96.0,99.0,96.0,88.0,93.0,91.0,91.0,92.0,94.0,high,high,high,high,high,high,high,high,high,2026-06-12
hitter,NYM,ATL,Luis Torrens,620443,9.0,C,Confirmed,3.33,,,,,0.75,0.19,,,,,0.7346972906957742,0.7740039668867491,0.19768777878646002,0.17918595909542542,0.4125159642401022,0.3972398037532245,0.07323122453330386,0.0704080782881035,,,0.4,0.29,0.24,1.25,0.07,0.78,0.15,0.01,0.0,0.258,0.7899761336515513,0.7758658636070815,0.146,,0.009,,0.0,,False,96.0,99.0,96.0,88.0,93.0,91.0,91.0,92.0,94.0,high,high,high,high,high,high,high,high,high,2026-06-12
hitter,ATL,NYM,Mauricio Dubón,643289,1.0,LF,Confirmed,3.74,,,,,0.51,0.1,,,,,0.48838824289205873,0.5228467365063552,0.1014506635560766,0.09738183266998313,0.8694581280788177,0.7519271364900367,0.025060217156665787,0.030258599876582463,,,0.8,0.31,0.21,1.11,0.03,1.09,0.13,0.01,0.0,0.223,1.1521739130434783,1.0449916572684221,0.135,,0.007,,0.0,,False,96.0,99.0,96.0,88.0,93.0,91.0,91.0,92.0,94.0,high,high,high,high,high,high,high,high,high,2026-06-12
hitter,ATL,NYM,Michael Harris II,671739,2.0,CF,Confirmed,4.18,,,,,0.89,0.09,,,,,0.8864550378750407,0.8886847846492121,0.10222822280389322,0.07781178300978413,1.0980834272829765,1.0643667901486582,0.05621797861365275,0.06563879651231695,,,1.08,0.36,0.27,1.34,0.06,1.46,0.14,0.01,0.0,0.223,1.4759615384615385,1.4546348054039882,0.141,,0.008,,0.0,,False,96.0,99.0,96.0,88.0,93.0,91.0,91.0,92.0,94.0,high,high,high,high,high,high,high,high,high,2026-06-12
hitter,ATL,NYM,Matt Olson,621566,3.0,1B,Confirmed,4.26,,,,,1.2,0.19,,,,,1.2285277517307363,1.1620047226142038,0.18045474224313002,0.19681642829652418,0.8770949720670391,0.8783737262996943,0.054107750986409214,0.06824169432895653,,,0.88,0.39,0.28,1.31,0.06,1.32,0.14,0.01,0.0,0.251,1.3148148148148149,1.3176352544874654,0.141,,0.007,,0.0,,False,96.0,99.0,96.0,88.0,93.0,91.0,91.0,92.0,94.0,high,high,high,high,high,high,high,high,high,2026-06-12
hitter,ATL,NYM,Ozzie Albies,645277,4.0,2B,Confirmed,4.26,,,,,0.64,0.19,,,,,0.6469714804790662,0.6317870776521083,0.17507621692598627,0.20105155536567204,1.0,1.0054056182502915,0.029418422575504505,0.038944247392934304,,,1.0,0.39,0.28,1.38,0.03,1.32,0.13,0.01,0.0,0.245,1.3148148148148149,1.3229782139259454,0.129,,0.008,,0.0,,False,96.0,99.0,96.0,88.0,93.0,91.0,91.0,92.0,94.0,high,high,high,high,high,high,high,high,high,2026-06-12
hitter,ATL,NYM,Dominic Smith,642086,5.0,DH,Confirmed,3.81,,,,,0.76,0.12,,,,,0.7189692295721718,0.7976853986648919,0.11234962110790367,0.1265262520800834,0.8694581280788177,0.7788022878798347,0.024528555293631175,0.024001088329443615,,,0.82,0.29,0.21,1.04,0.02,1.13,0.11,0.01,0.0,0.209,1.1521739130434783,1.11545357599023,0.112,,0.007,,0.0,,False,96.0,99.0,96.0,88.0,93.0,91.0,91.0,92.0,94.0,high,high,high,high,high,high,high,high,high,2026-06-12
hitter,ATL,NYM,Austin Riley,663586,6.0,3B,Confirmed,3.81,,,,,1.15,0.1,,,,,1.1437317399977223,1.1548520857632583,0.10637502639501115,0.09883304239391365,0.7715355805243446,0.7304220175692597,0.045821050248207755,0.050450348499369,,,0.75,0.26,0.21,0.95,0.05,1.18,0.11,0.01,0.0,0.21,1.239368165249089,1.1301010462185366,0.114,,0.006,,0.0,,False,96.0,99.0,96.0,88.0,93.0,91.0,91.0,92.0,94.0,high,high,high,high,high,high,high,high,high,2026-06-12
hitter,ATL,NYM,Mike Yastrzemski,573262,7.0,RF,Confirmed,3.02,,,,,0.74,0.11,,,,,0.7827552658192196,0.6948997818178573,0.12595754815947513,0.09749420300097651,0.6434108527131783,0.5130770421166003,0.024590476896558647,0.016502861470587608,,,0.57,0.2,0.13,0.69,0.02,0.75,0.09,0.01,0.0,0.219,0.7899761336515513,0.7117995776312805,0.087,,0.006,,0.0,,False,96.0,99.0,96.0,88.0,93.0,91.0,91.0,92.0,94.0,high,high,high,high,high,high,high,high,high,2026-06-12
hitter,ATL,NYM,Ha-Seong Kim,673490,8.0,SS,Confirmed,3.49,,,,,0.81,0.1,,,,,0.857895897727968,0.7648947577120534,0.114689400084263,0.08720979063567438,0.994208494208494,0.8341908153020356,0.10636491947326204,0.10357860568263579,,,0.91,0.24,0.18,0.89,0.1,1.37,0.11,0.01,0.0,0.211,1.4759615384615385,1.2885557094725975,0.111,,0.007,,0.0,,False,96.0,99.0,96.0,88.0,93.0,91.0,91.0,92.0,94.0,high,high,high,high,high,high,high,high,high,2026-06-12
hitter,ATL,NYM,Austin Wynns,642851,9.0,C,Confirmed,3.81,,,,,1.07,0.1,,,,,1.0473318042574924,1.0859618149124208,0.10534561253960324,0.09273013847766222,0.801980198019802,0.7562979400627556,0.03509092176558861,0.035582426716826085,,,0.78,0.26,0.2,0.98,0.04,1.13,0.12,0.01,0.0,0.207,1.1521739130434783,1.1027939672199023,0.117,,0.008,,0.0,,False,96.0,99.0,96.0,88.0,93.0,91.0,91.0,92.0,94.0,high,high,high,high,high,high,high,high,high,2026-06-12
hitter,TOR,NYY,George Springer,543807,1.0,DH,Confirmed,4.45,,,,,1.19,0.65,,,,,1.2224273320182146,1.1636248812430967,0.6728375424466518,0.6303003096587778,0.801980198019802,0.8215462759678624,0.045325574655845566,0.04480131629725859,,,0.81,0.65,0.55,2.29,0.05,1.14,0.19,0.01,0.0,0.347,1.1521739130434783,1.1359065114227587,0.187,,0.008,,0.0,,False,96.0,99.0,96.0,88.0,93.0,91.0,91.0,92.0,94.0,high,high,high,high,high,high,high,high,high,2026-06-12
hitter,TOR,NYY,Ernie Clement,676391,2.0,2B,Confirmed,4.26,,,,,0.66,0.33,,,,,0.6003127400930289,0.7127492053212118,0.3152689630702833,0.3522906955721643,0.8949771689497716,0.938243403427687,0.04165176066653074,0.05620161875983321,,,0.92,0.59,0.51,2.2,0.05,1.22,0.2,0.01,0.0,0.329,1.239368165249089,1.211658054461146,0.201,,0.011,,0.0,,False,96.0,99.0,96.0,88.0,93.0,91.0,91.0,92.0,94.0,high,high,high,high,high,high,high,high,high,2026-06-12
hitter,TOR,NYY,Vladimir Guerrero Jr.,665489,3.0,1B,Confirmed,4.45,,,,,0.85,0.64,,,,,0.868222458286826,0.8388035233819695,0.6108273101739248,0.6643192891706091,0.8694581280788177,0.7968453246027835,0.0391661247229283,0.038559905698299875,,,0.83,0.64,0.6,2.34,0.04,1.16,0.2,0.01,0.0,0.344,1.1521739130434783,1.1658183625097032,0.195,,0.007,,0.0,,False,96.0,99.0,96.0,88.0,93.0,91.0,91.0,92.0,94.0,high,high,high,high,high,high,high,high,high,2026-06-12
hitter,TOR,NYY,Alejandro Kirk,672386,4.0,C,Confirmed,4.25,,,,,0.7,0.56,,,,,0.7408575669841158,0.6667313859935304,0.6227073416858415,0.49009050996647385,1.2237467411718415,1.0695886938497783,0.19925685153997086,0.20768023461112092,,,1.14,0.58,0.54,2.12,0.2,1.96,0.19,0.01,0.0,0.336,2.057017543859649,1.8815691759093283,0.187,,0.008,,0.0,,False,96.0,99.0,96.0,88.0,93.0,91.0,91.0,92.0,94.0,high,high,high,high,high,high,high,high,high,2026-06-12
hitter,TOR,NYY,Kazuma Okamoto,672960,5.0,3B,Confirmed,4.25,,,,,1.64,0.6,,,,,1.5958282667422417,1.6827570145154083,0.6622969874312199,0.5452199234389796,0.801980198019802,0.7529138412361582,0.06353431179175582,0.059920554968971244,,,0.77,0.63,0.62,2.25,0.06,1.19,0.2,0.01,0.0,0.357,1.239368165249089,1.1534928442701842,0.199,,0.008,,0.0,,False,96.0,99.0,96.0,88.0,93.0,91.0,91.0,92.0,94.0,high,high,high,high,high,high,high,high,high,2026-06-12
hitter,TOR,NYY,Nathan Lukes,664770,6.0,RF,Confirmed,4.25,,,,,0.74,0.43,,,,,0.6607304316396909,0.8216039636898987,0.4316757579654874,0.4361324956241084,0.801980198019802,0.8251950583690588,0.03648664666318295,0.04569893676157985,,,0.81,0.49,0.53,2.12,0.04,1.05,0.19,0.01,0.0,0.317,1.001763668430335,1.0953116250113317,0.192,,0.008,,0.0,,False,96.0,99.0,96.0,88.0,93.0,91.0,91.0,92.0,94.0,high,high,high,high,high,high,high,high,high,2026-06-12
hitter,TOR,NYY,Myles Straw,664702,7.0,CF,Confirmed,3.33,,,,,0.85,0.24,,,,,0.8032408139144914,0.8885328228425654,0.23167825323795202,0.2501801287898526,0.4803149606299212,0.5103137866641543,0.020099508093420405,0.024497630289585296,,,0.5,0.3,0.28,1.26,0.02,0.7,0.11,0.01,0.0,0.244,0.6720588235294118,0.7214518244740722,0.11,,0.007,,0.0,,False,96.0,99.0,96.0,88.0,93.0,91.0,91.0,92.0,94.0,high,high,high,high,high,high,high,high,high,2026-06-12
hitter,TOR,NYY,Davis Schneider,676914,8.0,LF,Confirmed,2.07,,,,,0.73,0.22,,,,,0.7804031499405497,0.6725865654739014,0.25130723840613645,0.18841876527438423,0.2543859649122807,0.15163152448679038,0.020774090890416978,0.00507425095729187,,,0.2,0.21,0.2,0.77,0.01,0.32,0.09,0.01,0.0,0.286,0.3888888888888889,0.2551535762634417,0.088,,0.007,,0.0,,False,96.0,99.0,96.0,88.0,93.0,91.0,91.0,92.0,94.0,high,high,high,high,high,high,high,high,high,2026-06-12
hitter,TOR,NYY,Andrés Giménez,665926,9.0,SS,Confirmed,3.96,,,,,0.99,0.36,,,,,0.9636860162895197,1.0110514964916497,0.3634581503574592,0.361921462019076,0.801980198019802,0.8772668587067547,0.0398399906236734,0.04498025122043547,,,0.84,0.47,0.45,1.92,0.04,1.06,0.17,0.01,0.0,0.319,1.001763668430335,1.1092479960282484,0.168,,0.01,,0.0,,False,96.0,99.0,96.0,88.0,93.0,91.0,91.0,92.0,94.0,high,high,high,high,high,high,high,high,high,2026-06-12
hitter,NYY,TOR,Trent Grisham,663757,1.0,CF,Confirmed,4.45,,,,,0.87,0.79,,,,,0.7963047507017893,0.9339431614289534,0.842309076610051,0.7392966273468514,0.8694581280788177,0.7955135704244048,0.05549676275147535,0.08675939184246949,,,0.83,0.64,0.5,2.01,0.07,1.24,0.13,0.01,0.0,0.358,1.239368165249089,1.237247381506674,0.131,,0.008,,0.0,,False,96.0,99.0,96.0,88.0,93.0,91.0,91.0,92.0,94.0,high,high,high,high,high,high,high,high,high,2026-06-12
hitter,NYY,TOR,Ben Rice,700250,2.0,DH,Confirmed,4.51,,,,,0.84,0.58,,,,,0.8287244813026772,0.8558145365320604,0.5997737002792741,0.5701950194875604,0.8949771689497716,0.8957884022206333,0.04830309259395312,0.046984916543102793,,,0.9,0.66,0.53,2.19,0.05,1.28,0.15,0.01,0.0,0.361,1.3148148148148149,1.259097023652345,0.155,,0.008,,0.0,,False,96.0,99.0,96.0,88.0,93.0,91.0,91.0,92.0,94.0,high,high,high,high,high,high,high,high,high,2026-06-12
hitter,NYY,TOR,Paul Goldschmidt,502671,3.0,1B,Confirmed,4.25,,,,,0.71,0.42,,,,,0.7207243665583846,0.6919359546219812,0.4290569998794599,0.41792962849161375,0.8949771689497716,0.9012384548374911,0.031665792041263185,0.029790991086414646,,,0.9,0.52,0.46,1.86,0.03,1.21,0.15,0.01,0.0,0.302,1.239368165249089,1.181765856919356,0.151,,0.009,,0.0,,False,96.0,99.0,96.0,88.0,93.0,91.0,91.0,92.0,94.0,high,high,high,high,high,high,high,high,high,2026-06-12
hitter,NYY,TOR,Cody Bellinger,641355,4.0,LF,Confirmed,4.57,,,,,0.56,0.6,,,,,0.5578470702712471,0.5533629963434756,0.6296379683944808,0.5674216764175034,0.994208494208494,0.9613123206034504,0.035142239934248684,0.03321695458309757,,,0.98,0.62,0.54,2.16,0.03,1.26,0.15,0.01,0.0,0.336,1.239368165249089,1.2691219557407571,0.154,,0.012,,0.0,,False,96.0,99.0,96.0,88.0,93.0,91.0,91.0,92.0,94.0,high,high,high,high,high,high,high,high,high,2026-06-12
hitter,NYY,TOR,Jazz Chisholm Jr.,665862,5.0,2B,Confirmed,4.26,,,,,1.01,0.59,,,,,0.9985912864407357,1.029608381342976,0.6051720501782397,0.576314104326273,0.8694581280788177,0.8184267954624108,0.05149951169451506,0.07225740391571461,,,0.84,0.63,0.58,2.08,0.06,1.24,0.14,0.01,0.0,0.366,1.239368165249089,1.2479095194050345,0.144,,0.009,,0.0,,False,96.0,99.0,96.0,88.0,93.0,91.0,91.0,92.0,94.0,high,high,high,high,high,high,high,high,high,2026-06-12
hitter,NYY,TOR,Spencer Jones,682987,6.0,CF,Confirmed,3.74,,,,,1.4,0.23,,,,,1.3101961145592387,1.4869129149739397,0.19678386910438941,0.2597244708604912,0.801980198019802,0.729457654210669,0.18471897129993584,0.13664292540911452,,,0.76,0.4,0.46,1.5,0.16,1.47,0.12,0.01,0.0,0.287,1.3893129770992367,1.5279949342924783,0.121,,0.008,,0.0,,False,96.0,99.0,96.0,88.0,93.0,91.0,91.0,92.0,94.0,high,high,high,high,high,high,high,high,high,2026-06-12
hitter,NYY,TOR,José Caballero,676609,7.0,SS,Confirmed,3.81,,,,,0.69,0.46,,,,,0.6227950730898334,0.7596590348906817,0.4882596769350458,0.4353588940701901,0.7061469265367316,0.6482722144935875,0.023668956077811807,0.0217675695450701,,,0.67,0.38,0.32,1.4,0.02,0.97,0.14,0.01,0.0,0.291,1.001763668430335,0.9365203612787403,0.142,,0.007,,0.0,,False,96.0,99.0,96.0,88.0,93.0,91.0,91.0,92.0,94.0,high,high,high,high,high,high,high,high,high,2026-06-12
hitter,NYY,TOR,Ryan McMahon,641857,8.0,3B,Confirmed,3.81,,,,,0.98,0.45,,,,,0.9510777966909741,1.0065691131416428,0.47239412444514717,0.4265943521073233,0.7061469265367316,0.7039295354321539,0.03769763941410971,0.03578514218486669,,,0.7,0.42,0.39,1.52,0.04,0.94,0.12,0.01,0.0,0.314,0.9875776397515532,0.8991764595750952,0.121,,0.008,,0.0,,False,96.0,99.0,96.0,88.0,93.0,91.0,91.0,92.0,94.0,high,high,high,high,high,high,high,high,high,2026-06-12
hitter,NYY,TOR,J.C. Escarra,641555,9.0,C,Confirmed,3.02,,,,,0.76,0.24,,,,,0.7789344739582348,0.7319471876584074,0.2560527458400306,0.21889108189629133,0.7061469265367316,0.5663479011124005,0.06499470487514164,0.048708774430116,,,0.63,0.3,0.26,1.15,0.06,0.97,0.11,0.01,0.0,0.284,1.1238670694864048,0.8409055923863398,0.113,,0.008,,0.0,,False,96.0,99.0,96.0,88.0,93.0,91.0,91.0,92.0,94.0,high,high,high,high,high,high,high,high,high,2026-06-12
hitter,CWS,LAD,Sam Antonacci,803011,1.0,LF,Confirmed,4.08,,,,,0.46,0.34,,,,,0.4919382519826849,0.43399449873289037,0.3478777362849439,0.32347213058987717,1.0980834272829765,1.023353585456209,0.09664713469102382,0.0910723382067674,,,1.06,0.23,0.15,0.79,0.09,1.57,0.09,0.01,0.0,0.152,1.684375,1.4759054223998893,0.093,,0.01,,0.0,,False,96.0,99.0,96.0,88.0,93.0,91.0,91.0,92.0,94.0,high,high,high,high,high,high,high,high,high,2026-06-12
hitter,CWS,LAD,Miguel Vargas,678246,2.0,3B,Confirmed,4.18,,,,,0.87,0.32,,,,,0.8913059595016487,0.8419259802703725,0.33837332841830037,0.30516566862055555,0.8949771689497716,0.9325164151360391,0.040245523500666305,0.02588073680039841,,,0.92,0.28,0.16,0.85,0.03,1.24,0.08,0.01,0.0,0.186,1.3148148148148149,1.1829027380012496,0.08,,0.007,,0.0,,False,96.0,99.0,96.0,88.0,93.0,91.0,91.0,92.0,94.0,high,high,high,high,high,high,high,high,high,2026-06-12
hitter,CWS,LAD,Andrew Benintendi,643217,3.0,DH,Confirmed,3.02,,,,,0.74,0.17,,,,,0.7618107961511179,0.7159403754238883,0.19848553055562743,0.14821477195685367,0.7061469265367316,0.5364381208158732,0.02370362070511117,0.01154690072904231,,,0.61,0.2,0.14,0.67,0.02,0.76,0.08,0.01,0.0,0.184,0.8408408408408409,0.6945428905026729,0.081,,0.007,,0.0,,False,96.0,99.0,96.0,88.0,93.0,91.0,91.0,92.0,94.0,high,high,high,high,high,high,high,high,high,2026-06-12
hitter,CWS,LAD,Colson Montgomery,695657,4.0,SS,Confirmed,4.04,,,,,1.1,0.68,,,,,1.1769638823843156,1.0215042166768973,0.7450126781932966,0.6170599391515627,0.8949771689497716,0.8317874259389938,0.08521788235371763,0.09806884390436267,,,0.86,0.28,0.19,0.88,0.09,1.37,0.1,0.01,0.0,0.19,1.4476190476190476,1.3109196314015408,0.098,,0.008,,0.0,,False,96.0,99.0,96.0,88.0,93.0,91.0,91.0,92.0,94.0,high,high,high,high,high,high,high,high,high,2026-06-12
hitter,CWS,LAD,Braden Montgomery,695731,5.0,RF,Confirmed,3.74,,,,,1.2,0.23,,,,,1.255349972110324,1.1463698557555053,0.2326798582237591,0.2319036346685294,0.8694581280788177,0.6377727344080726,0.058185748595956946,0.05234449703971446,,,0.74,0.24,0.17,0.76,0.06,1.2,0.13,0.01,0.0,0.181,1.239368165249089,1.1722236452891261,0.126,,0.008,,0.0,,False,96.0,99.0,96.0,88.0,93.0,91.0,91.0,92.0,94.0,high,high,high,high,high,high,high,high,high,2026-06-12
hitter,CWS,LAD,Chase Meidroth,805367,6.0,2B,Confirmed,3.96,,,,,0.76,0.21,,,,,0.7698718202262355,0.7598983591555494,0.2180216183515333,0.2014492302691588,0.994208494208494,0.9030543644841603,0.024415403372913747,0.013560738766179312,,,0.94,0.21,0.17,0.79,0.02,1.18,0.08,0.01,0.0,0.16,1.239368165249089,1.1372794040060177,0.083,,0.007,,0.0,,False,96.0,99.0,96.0,88.0,93.0,91.0,91.0,92.0,94.0,high,high,high,high,high,high,high,high,high,2026-06-12
hitter,CWS,LAD,Jacob Gonzalez,694378,7.0,1B,Confirmed,2.55,,,,,0.76,0.13,,,,,0.7977409911483205,0.7300896712263163,0.16046031953475623,0.10373557214675788,0.4803149606299212,0.42229983230349616,0.02423561242329964,0.012939020827427202,,,0.45,0.14,0.1,0.49,0.02,0.57,0.07,0.01,0.0,0.174,0.6720588235294118,0.49419074742707214,0.072,,0.007,,0.0,,False,96.0,99.0,96.0,88.0,93.0,91.0,91.0,92.0,94.0,high,high,high,high,high,high,high,high,high,2026-06-12
hitter,CWS,LAD,Tristan Peters,671976,8.0,CF,Confirmed,3.54,,,,,0.74,0.16,,,,,0.7555655273335897,0.7224680678936191,0.17396992578539192,0.14827909241667944,0.801980198019802,0.7166138842194875,0.02162326568883637,0.0222264782660814,,,0.76,0.19,0.15,0.75,0.02,1.01,0.09,0.01,0.0,0.166,1.1238670694864048,0.910596111256766,0.092,,0.009,,0.0,,False,96.0,99.0,96.0,88.0,93.0,91.0,91.0,92.0,94.0,high,high,high,high,high,high,high,high,high,2026-06-12
hitter,CWS,LAD,Drew Romo,691011,9.0,C,Confirmed,3.19,,,,,0.71,0.33,,,,,0.7250104274551705,0.7036703726351679,0.3609959873349684,0.29115147911394446,0.7061469265367316,0.5296964689008367,0.1273717267133283,0.11275585207986674,,,0.61,0.18,0.13,0.64,0.12,1.08,0.09,0.01,0.0,0.174,1.1521739130434783,1.0286825976204657,0.085,,0.007,,0.0,,False,96.0,99.0,96.0,88.0,93.0,91.0,91.0,92.0,94.0,high,high,high,high,high,high,high,high,high,2026-06-12
hitter,LAD,CWS,Alex Call,669743,1.0,LF,Confirmed,3.74,,,,,0.54,0.38,,,,,0.5229678881928435,0.5659167994920299,0.37972787706115907,0.3841816407029147,0.707983193277311,0.7204510426891202,0.05986539756040481,0.059899143582162334,,,0.71,0.44,0.32,1.56,0.06,1.15,0.16,0.01,0.0,0.301,1.239368165249089,1.0850821479568902,0.157,,0.014,,0.0,,False,96.0,99.0,96.0,88.0,93.0,91.0,91.0,92.0,94.0,high,high,high,high,high,high,high,high,high,2026-06-12
hitter,LAD,CWS,Andy Pages,681624,2.0,CF,Confirmed,4.64,,,,,0.74,0.44,,,,,0.7061907710167341,0.7703010261103801,0.44317136625751896,0.4444514542631258,1.0980834272829765,1.1132598401505478,0.1689316196278605,0.17579325886934927,,,1.11,0.69,0.59,2.42,0.17,1.86,0.18,0.01,0.0,0.358,1.914285714285714,1.8080806900316082,0.176,,0.013,,0.0,,False,96.0,99.0,96.0,88.0,93.0,91.0,91.0,92.0,94.0,high,high,high,high,high,high,high,high,high,2026-06-12
hitter,LAD,CWS,Freddie Freeman,518692,3.0,1B,Confirmed,4.74,,,,,0.75,0.65,,,,,0.780191398575825,0.7120025607209907,0.6499666568061483,0.657849260584092,1.0980834272829765,1.0793494787352655,0.15124125235257901,0.1635378270062838,,,1.09,0.72,0.65,2.5,0.16,1.88,0.23,0.01,0.0,0.377,1.914285714285714,1.8496454073934387,0.226,,0.012,,0.0,,False,96.0,99.0,96.0,88.0,93.0,91.0,91.0,92.0,94.0,high,high,high,high,high,high,high,high,high,2026-06-12
hitter,LAD,CWS,Mookie Betts,605141,4.0,SS,Confirmed,4.51,,,,,0.41,0.53,,,,,0.39706262773771406,0.4235054757557696,0.5335239804480775,0.5272825080873731,1.0980834272829765,1.091519217816839,0.12052628082933473,0.12363175351799542,,,1.09,0.64,0.58,2.32,0.12,1.65,0.18,0.01,0.0,0.353,1.684375,1.613220925139055,0.185,,0.011,,0.0,,False,96.0,99.0,96.0,88.0,93.0,91.0,91.0,92.0,94.0,high,high,high,high,high,high,high,high,high,2026-06-12
hitter,LAD,CWS,Kyle Tucker,663656,5.0,RF,Confirmed,4.74,,,,,0.63,0.81,,,,,0.6558440911697028,0.604672143746825,0.8217284820792582,0.7994878181951727,1.0980834272829765,1.0496680398853144,0.10355176885558956,0.10201901062590045,,,1.07,0.66,0.55,2.31,0.1,1.79,0.2,0.01,0.0,0.354,1.914285714285714,1.697206622004358,0.2,,0.01,,0.0,,False,96.0,99.0,96.0,88.0,93.0,91.0,91.0,92.0,94.0,high,high,high,high,high,high,high,high,high,2026-06-12
hitter,LAD,CWS,Miguel Rojas,500743,6.0,2B,Confirmed,3.48,,,,,0.45,0.3,,,,,0.403433893695224,0.49244775145864467,0.2914229788076409,0.3161455384928854,0.707983193277311,0.6519818711971561,0.060948890520203226,0.054294055300988006,,,0.68,0.36,0.37,1.5,0.06,1.01,0.11,0.01,0.0,0.289,1.1238670694864048,0.9199572556715321,0.107,,0.009,,0.0,,False,96.0,99.0,96.0,88.0,93.0,91.0,91.0,92.0,94.0,high,high,high,high,high,high,high,high,high,2026-06-12
hitter,LAD,CWS,Max Muncy,571970,7.0,3B,Confirmed,3.96,,,,,0.87,0.68,,,,,0.8813856365729582,0.8664124656925519,0.6831504459167091,0.6725465936121525,0.8694581280788177,0.7881531826414055,0.20246101477761225,0.16989075423181785,,,0.82,0.59,0.55,2.13,0.19,1.49,0.14,0.01,0.0,0.413,1.5956790123456794,1.3959519890890668,0.137,,0.009,,0.0,,False,96.0,99.0,96.0,88.0,93.0,91.0,91.0,92.0,94.0,high,high,high,high,high,high,high,high,high,2026-06-12
hitter,LAD,CWS,Santiago Espinal,669289,8.0,DH,Confirmed,3.74,,,,,0.39,0.3,,,,,0.32326505551907725,0.4578581918803223,0.2983271433053556,0.3007122124857743,0.7061469265367316,0.7081452159166645,0.04904189520579084,0.05742438440459728,,,0.71,0.34,0.3,1.41,0.05,1.02,0.12,0.01,0.0,0.26,1.1238670694864048,0.9365560857123145,0.115,,0.011,,0.0,,False,96.0,99.0,96.0,88.0,93.0,91.0,91.0,92.0,94.0,high,high,high,high,high,high,high,high,high,2026-06-12
hitter,LAD,CWS,Chuckie Robinson,642020,9.0,C,Confirmed,2.07,,,,,0.61,0.12,,,,,0.6207029492944708,0.5953939257294886,0.13847474055373782,0.09537822340345456,0.35424354243542433,0.25782272320595406,0.04192953185734853,0.040608652076515046,,,0.3,0.17,0.14,0.64,0.04,0.45,0.08,0.01,0.0,0.237,0.4591194968553459,0.44730875581406176,0.081,,0.008,,0.0,,False,96.0,99.0,96.0,88.0,93.0,91.0,91.0,92.0,94.0,high,high,high,high,high,high,high,high,high,2026-06-12
hitter,MIL,PHI,Christian Yelich,592885,1.0,DH,Confirmed,4.25,,,,,1.11,0.56,,,,,1.1430977553961421,1.0687930492314306,0.5855458613504756,0.5390082581260848,0.994208494208494,0.8678704788828985,0.23091853056066966,0.2543180790608818,,,0.92,0.44,0.33,1.64,0.24,1.96,0.21,0.01,0.0,0.269,2.057017543859649,1.8856989366719399,0.206,,0.008,,0.0,,False,96.0,99.0,96.0,88.0,93.0,91.0,91.0,92.0,94.0,high,high,high,high,high,high,high,high,high,2026-06-12
hitter,MIL,PHI,Jackson Chourio,694192,2.0,LF,Confirmed,4.45,,,,,0.99,0.47,,,,,1.01665108808687,0.9729677739931611,0.4882732759800371,0.4471785641234848,1.0980834272829765,1.013596917250003,0.19877196777893094,0.24854272868491947,,,1.05,0.56,0.43,2.08,0.22,2.03,0.19,0.02,0.0,0.31,2.057017543859649,2.011674278384935,0.187,,0.018,,0.0,,False,96.0,99.0,96.0,88.0,93.0,91.0,91.0,92.0,94.0,high,high,high,high,high,high,high,high,high,2026-06-12
hitter,MIL,PHI,Brice Turang,668930,3.0,2B,Confirmed,4.18,,,,,1.02,0.61,,,,,1.0275336864020197,1.0166817434919027,0.6258304712782037,0.590087205193709,0.994208494208494,0.8981742108539189,0.21566000797545842,0.23112944109026054,,,0.94,0.45,0.39,1.72,0.22,1.79,0.19,0.01,0.0,0.274,1.914285714285714,1.6939340137919927,0.19,,0.008,,0.0,,False,96.0,99.0,96.0,88.0,93.0,91.0,91.0,92.0,94.0,high,high,high,high,high,high,high,high,high,2026-06-12
hitter,MIL,PHI,William Contreras,661388,4.0,C,Confirmed,3.58,,,,,0.71,0.43,,,,,0.72376911759649,0.7018591392354405,0.4626250944692565,0.40357559338246457,0.8770949720670391,0.7280406453301018,0.23435679481886015,0.2172452880154409,,,0.8,0.44,0.38,1.69,0.23,1.55,0.17,0.01,0.0,0.303,1.684375,1.448006252238937,0.167,,0.007,,0.0,,False,96.0,99.0,96.0,88.0,93.0,91.0,91.0,92.0,94.0,high,high,high,high,high,high,high,high,high,2026-06-12
hitter,MIL,PHI,Jake Bauers,641343,5.0,1B,Confirmed,3.81,,,,,0.98,0.59,,,,,1.002526142211316,0.9623180207911044,0.6022393660860809,0.5742455751400448,0.8694581280788177,0.722018363993472,0.26690381170276056,0.2832438373825382,,,0.79,0.42,0.37,1.56,0.28,1.71,0.13,0.01,0.0,0.272,1.914285714285714,1.5511222649483887,0.132,,0.007,,0.0,,False,96.0,99.0,96.0,88.0,93.0,91.0,91.0,92.0,94.0,high,high,high,high,high,high,high,high,high,2026-06-12
hitter,MIL,PHI,Andrew Vaughn,683734,6.0,1B,Confirmed,3.54,,,,,0.6,0.36,,,,,0.6391062756366153,0.5699666011046265,0.39848955517161644,0.31643790073258243,0.801980198019802,0.7559659980742842,0.2536018506548768,0.23281812663582374,,,0.78,0.36,0.36,1.53,0.24,1.57,0.19,0.01,0.0,0.294,1.684375,1.47782863727678,0.191,,0.007,,0.0,,False,96.0,99.0,96.0,88.0,93.0,91.0,91.0,92.0,94.0,high,high,high,high,high,high,high,high,high,2026-06-12
hitter,MIL,PHI,Garrett Mitchell,669003,7.0,CF,Confirmed,3.49,,,,,0.96,0.34,,,,,0.957251085278407,0.9545406398647515,0.3610115291006728,0.32819569991965575,0.7715355805243446,0.6563460787378688,0.07578669031570837,0.06400584501393661,,,0.71,0.31,0.26,1.28,0.07,1.16,0.15,0.01,0.0,0.255,1.239368165249089,1.093721917353767,0.146,,0.008,,0.0,,False,96.0,99.0,96.0,88.0,93.0,91.0,91.0,92.0,94.0,high,high,high,high,high,high,high,high,high,2026-06-12
hitter,MIL,PHI,David Hamilton,666152,8.0,3B,Confirmed,3.19,,,,,0.8,0.35,,,,,0.8222647951859762,0.7834576928668714,0.3652858973264903,0.3388133164889962,0.7061469265367316,0.6015005167780934,0.10581969376739325,0.1289946301287798,,,0.65,0.28,0.24,1.17,0.12,1.06,0.13,0.01,0.0,0.252,1.1521739130434783,0.9769744934224014,0.133,,0.008,,0.0,,False,96.0,99.0,96.0,88.0,93.0,91.0,91.0,92.0,94.0,high,high,high,high,high,high,high,high,high,2026-06-12
hitter,MIL,PHI,Joey Ortiz,687401,9.0,SS,Confirmed,3.1,,,,,0.5,0.32,,,,,0.5560794922576104,0.44943073315244975,0.34053816686620786,0.30384408841477273,0.707983193277311,0.5825586766216441,0.15794876242509917,0.11371321872858066,,,0.64,0.3,0.27,1.27,0.14,1.13,0.13,0.01,0.0,0.275,1.239368165249089,1.0398254567417358,0.132,,0.008,,0.0,,False,96.0,99.0,96.0,88.0,93.0,91.0,91.0,92.0,94.0,high,high,high,high,high,high,high,high,high,2026-06-12
hitter,PHI,MIL,Kyle Schwarber,656941,1.0,DH,Confirmed,4.27,,,,,1.34,0.99,,,,,1.402175804035468,1.2752755447214954,1.072667361770789,0.9041002134761318,0.994208494208494,0.9295529468631787,0.6512847186668826,0.5099732143007895,,,0.96,0.39,0.23,1.21,0.58,2.55,0.12,0.01,0.0,0.257,2.552380952380952,2.5445961895973332,0.117,,0.007,,0.0,,False,96.0,99.0,96.0,88.0,93.0,91.0,91.0,92.0,94.0,high,high,high,high,high,high,high,high,high,2026-06-12
hitter,PHI,MIL,Trea Turner,607208,2.0,SS,Confirmed,4.25,,,,,0.84,0.54,,,,,0.8747185788409826,0.8122020783296892,0.5731895100419141,0.5104943201769984,1.0980834272829765,0.9861713740703505,0.16261219160288706,0.16917420530131802,,,1.04,0.37,0.25,1.33,0.17,1.8,0.11,0.01,0.0,0.232,1.914285714285714,1.6988557119818992,0.113,,0.009,,0.0,,False,96.0,99.0,96.0,88.0,93.0,91.0,91.0,92.0,94.0,high,high,high,high,high,high,high,high,high,2026-06-12
hitter,PHI,MIL,Bryce Harper,547180,3.0,1B,Confirmed,4.18,,,,,0.98,0.81,,,,,1.0268041090080906,0.9406911167145168,0.8329081922092831,0.7801653091587092,1.0980834272829765,0.9409328573279413,0.3580988495134602,0.35189123733926064,,,1.01,0.39,0.27,1.3,0.35,2.03,0.1,0.01,0.0,0.251,2.057017543859649,2.0030785331791594,0.101,,0.007,,0.0,,False,96.0,99.0,96.0,88.0,93.0,91.0,91.0,92.0,94.0,high,high,high,high,high,high,high,high,high,2026-06-12
hitter,PHI,MIL,Brandon Marsh,669016,4.0,LF,Confirmed,3.49,,,,,0.95,0.37,,,,,0.9786747249262172,0.9205606974927611,0.38813888638830385,0.34313393667864117,0.8694581280788177,0.7279513524445724,0.1736900205689413,0.14924867032151215,,,0.79,0.27,0.22,1.02,0.16,1.33,0.11,0.01,0.0,0.203,1.4759615384615385,1.214304019469388,0.11,,0.006,,0.0,,False,96.0,99.0,96.0,88.0,93.0,91.0,91.0,92.0,94.0,high,high,high,high,high,high,high,high,high,2026-06-12
hitter,PHI,MIL,Alec Bohm,664761,5.0,3B,Confirmed,3.81,,,,,0.68,0.43,,,,,0.7095635589411998,0.6441406673438478,0.4251208711038491,0.4259990965931792,1.0980834272829765,0.8850415686978707,0.23841509394273747,0.20555145910611877,,,0.98,0.35,0.28,1.32,0.22,1.74,0.12,0.01,0.0,0.239,1.914285714285714,1.5944980015840842,0.124,,0.007,,0.0,,False,96.0,99.0,96.0,88.0,93.0,91.0,91.0,92.0,94.0,high,high,high,high,high,high,high,high,high,2026-06-12
hitter,PHI,MIL,Bryson Stott,681082,6.0,2B,Confirmed,3.48,,,,,0.67,0.44,,,,,0.6971155493080514,0.6483496908379228,0.47584766373453924,0.403654089599005,0.801980198019802,0.6787669430614549,0.18205836957432164,0.1719691887417951,,,0.73,0.21,0.17,0.79,0.18,1.38,0.09,0.01,0.0,0.188,1.4759615384615385,1.2925877321328725,0.087,,0.006,,0.0,,False,96.0,99.0,96.0,88.0,93.0,91.0,91.0,92.0,94.0,high,high,high,high,high,high,high,high,high,2026-06-12
hitter,PHI,MIL,Gabriel Rincones Jr.,687282,7.0,RF,Confirmed,2.55,,,,,0.83,0.15,,,,,0.7723474577343281,0.8792566683503936,0.17375788959362756,0.1227876109068947,0.3344051446945337,0.24343370236771564,0.023373477135191837,0.012437695331657174,,,0.28,0.16,0.12,0.61,0.02,0.38,0.07,0.01,0.0,0.187,0.44025157232704404,0.3279496140603272,0.068,,0.006,,0.0,,False,96.0,99.0,96.0,88.0,93.0,91.0,91.0,92.0,94.0,high,high,high,high,high,high,high,high,high,2026-06-12
hitter,PHI,MIL,J.T. Realmuto,592663,8.0,C,Confirmed,3.33,,,,,0.82,0.36,,,,,0.8269865459411169,0.8117771610624186,0.3804012358343667,0.33278538324915863,0.8949771689497716,0.7116532584892151,0.19526993373441323,0.17024606083376773,,,0.79,0.23,0.18,0.88,0.18,1.49,0.1,0.01,0.0,0.206,1.684375,1.3354097232286237,0.101,,0.009,,0.0,,False,96.0,99.0,96.0,88.0,93.0,91.0,91.0,92.0,94.0,high,high,high,high,high,high,high,high,high,2026-06-12
hitter,PHI,MIL,Justin Crawford,702222,9.0,CF,Confirmed,3.02,,,,,0.65,0.32,,,,,0.6716341035319057,0.6202019310234592,0.3312640008392229,0.3088138447476355,0.707983193277311,0.5869187642553596,0.06863777105991369,0.0639799445170388,,,0.64,0.18,0.15,0.74,0.07,1.12,0.09,0.01,0.0,0.181,1.239368165249089,1.0190977726083956,0.093,,0.007,,0.0,,False,96.0,99.0,96.0,88.0,93.0,91.0,91.0,92.0,94.0,high,high,high,high,high,high,high,high,high,2026-06-12
hitter,KC,HOU,Carter Jensen,695600,1.0,DH,Confirmed,4.03,,,,,0.89,0.41,,,,,0.8535225592153257,0.919077709847415,0.41268922465007574,0.40442410503582543,0.8888888888888888,0.8124438374357408,0.05912925699568815,0.07497177979781439,,,0.85,0.42,0.28,1.4,0.07,1.22,0.15,0.01,0.0,0.276,1.239368165249089,1.2036863919193488,0.145,,0.008,,0.0,,False,96.0,99.0,96.0,88.0,93.0,91.0,91.0,92.0,94.0,high,high,high,high,high,high,high,high,high,2026-06-12
hitter,KC,HOU,Bobby Witt Jr.,677951,2.0,SS,Confirmed,4.57,,,,,0.76,0.45,,,,,0.7787592839802251,0.7415635644483174,0.4304097221989882,0.46277182501374886,1.0980834272829765,1.1285884870955587,0.05632704629769129,0.04973572961555955,,,1.11,0.52,0.36,1.88,0.05,1.49,0.19,0.01,0.0,0.299,1.4759615384615385,1.5083863799163988,0.19,,0.012,,0.0,,False,96.0,99.0,96.0,88.0,93.0,91.0,91.0,92.0,94.0,high,high,high,high,high,high,high,high,high,2026-06-12
hitter,KC,HOU,Vinnie Pasquantino,686469,3.0,1B,Confirmed,4.51,,,,,0.63,0.45,,,,,0.6467267223068902,0.6171639217083092,0.46584836248382766,0.4367218073853918,1.0980834272829765,1.0508162828853824,0.05713731642115523,0.05400146257545556,,,1.07,0.51,0.38,1.78,0.06,1.58,0.19,0.01,0.0,0.3,1.5956790123456794,1.5597717185249116,0.194,,0.009,,0.0,,False,96.0,99.0,96.0,88.0,93.0,91.0,91.0,92.0,94.0,high,high,high,high,high,high,high,high,high,2026-06-12
hitter,KC,HOU,Maikel Garcia,672580,4.0,3B,Confirmed,4.25,,,,,0.7,0.45,,,,,0.6964389732299334,0.6951096495705443,0.471916391760711,0.43144800883340423,1.0980834272829765,1.0653435316341522,0.044145515356583356,0.04962198321364941,,,1.08,0.43,0.33,1.56,0.05,1.39,0.19,0.01,0.0,0.273,1.3893129770992367,1.3984873830942939,0.191,,0.008,,0.0,,False,96.0,99.0,96.0,88.0,93.0,91.0,91.0,92.0,94.0,high,high,high,high,high,high,high,high,high,2026-06-12
hitter,KC,HOU,Jac Caglianone,695506,5.0,1B,Confirmed,4.14,,,,,0.95,0.36,,,,,0.9673983300083239,0.9387510334110856,0.35042455483426393,0.3702416246861182,0.994208494208494,0.9763467493687509,0.05810468379116076,0.06295811071426471,,,0.98,0.42,0.33,1.52,0.06,1.31,0.13,0.01,0.0,0.262,1.3148148148148149,1.298858025119878,0.132,,0.011,,0.0,,False,96.0,99.0,96.0,88.0,93.0,91.0,91.0,92.0,94.0,high,high,high,high,high,high,high,high,high,2026-06-12
hitter,KC,HOU,Salvador Perez,521692,6.0,C,Confirmed,4.45,,,,,0.93,0.28,,,,,0.9087414881645488,0.9415714246965543,0.27029121086242625,0.29437116174073574,1.0980834272829765,1.230190810277359,0.08087852011773836,0.07461993779975294,,,1.17,0.4,0.39,1.69,0.08,1.88,0.2,0.01,0.0,0.261,1.914285714285714,1.8541632207276315,0.196,,0.008,,0.0,,False,96.0,99.0,96.0,88.0,93.0,91.0,91.0,92.0,94.0,high,high,high,high,high,high,high,high,high,2026-06-12
hitter,KC,HOU,Michael Massey,686681,7.0,2B,Confirmed,3.96,,,,,0.56,0.22,,,,,0.5626232187840524,0.5519162625711617,0.20143257900699785,0.23077096881841583,0.8694581280788177,0.8167318066911893,0.03224864609812525,0.03220595501934445,,,0.84,0.3,0.25,1.27,0.03,1.2,0.15,0.01,0.0,0.224,1.239368165249089,1.1589706720007589,0.151,,0.007,,0.0,,False,96.0,99.0,96.0,88.0,93.0,91.0,91.0,92.0,94.0,high,high,high,high,high,high,high,high,high,2026-06-12
hitter,KC,HOU,Kameron Misner,670224,8.0,CF,Confirmed,3.49,,,,,0.85,0.27,,,,,0.8107433881973881,0.8978084772467075,0.27352943193945545,0.2568754078879993,0.707983193277311,0.6082000766841742,0.03509449215755546,0.020773693022528662,,,0.65,0.29,0.21,1.09,0.03,0.91,0.12,0.01,0.0,0.253,0.9875776397515532,0.8534955334043627,0.123,,0.008,,0.0,,False,96.0,99.0,96.0,88.0,93.0,91.0,91.0,92.0,94.0,high,high,high,high,high,high,high,high,high,2026-06-12
hitter,KC,HOU,Isaac Collins,686555,9.0,LF,Confirmed,3.81,,,,,0.8,0.42,,,,,0.7686961431346788,0.8334858365131795,0.4072940243134783,0.4238814797915721,0.7715355805243446,0.741454745649676,0.02804322826050137,0.016357710573012742,,,0.75,0.34,0.25,1.3,0.02,0.98,0.13,0.01,0.0,0.276,1.001763668430335,0.9587830384574618,0.131,,0.008,,0.0,,False,96.0,99.0,96.0,88.0,93.0,91.0,91.0,92.0,94.0,high,high,high,high,high,high,high,high,high,2026-06-12
hitter,HOU,KC,Jeremy Peña,665161,1.0,SS,Confirmed,4.08,,,,,0.96,0.55,,,,,0.9805118076593903,0.9434424346738135,0.535658559549121,0.5676368264881495,0.7061469265367316,0.6519856926219321,0.03457163029960536,0.03242390295254263,,,0.68,0.39,0.26,1.35,0.03,0.83,0.14,0.01,0.0,0.256,0.8408408408408409,0.817469798604058,0.139,,0.008,,0.0,,False,96.0,99.0,96.0,88.0,93.0,91.0,91.0,92.0,94.0,high,high,high,high,high,high,high,high,high,2026-06-12
hitter,HOU,KC,Yordan Alvarez,670541,2.0,DH,Confirmed,4.45,,,,,1.44,0.27,,,,,1.4213761178282973,1.4511177378354503,0.23208176516060094,0.31177003835800166,0.4125159642401022,0.6036319722844322,0.206943597137781,0.2564187668451068,,,0.52,0.49,0.3,1.49,0.23,1.35,0.11,0.01,0.0,0.298,1.239368165249089,1.4323536661145655,0.112,,0.007,,0.0,,False,96.0,99.0,96.0,88.0,93.0,91.0,91.0,92.0,94.0,high,high,high,high,high,high,high,high,high,2026-06-12
hitter,HOU,KC,Christian Walker,572233,3.0,1B,Confirmed,4.18,,,,,1.66,0.11,,,,,1.5860373051089078,1.740581664781023,0.10339634986172905,0.11573789850575719,0.4125159642401022,0.5334164503040029,0.1826396970151199,0.21332776561892955,,,0.48,0.42,0.32,1.45,0.2,1.14,0.15,0.01,0.0,0.263,1.001763668430335,1.258472273937281,0.149,,0.008,,0.0,,False,96.0,99.0,96.0,88.0,93.0,91.0,91.0,92.0,94.0,high,high,high,high,high,high,high,high,high,2026-06-12
hitter,HOU,KC,Isaac Paredes,670623,4.0,3B,Confirmed,4.26,,,,,1.17,0.21,,,,,1.109186815319391,1.2341893382659759,0.17183157898357154,0.24601263225909037,0.4125159642401022,0.5580536438765957,0.15735386948390317,0.16825218457319027,,,0.49,0.44,0.3,1.39,0.16,1.07,0.13,0.01,0.0,0.281,1.001763668430335,1.119330228030748,0.125,,0.009,,0.0,,False,96.0,99.0,96.0,88.0,93.0,91.0,91.0,92.0,94.0,high,high,high,high,high,high,high,high,high,2026-06-12
hitter,HOU,KC,Jose Altuve,514888,5.0,2B,Confirmed,4.18,,,,,1.19,0.14,,,,,1.1181119830034303,1.258459326056675,0.10822234038819377,0.16563081795348344,0.35424354243542433,0.5197148236156589,0.0836877986668711,0.09317988108671034,,,0.45,0.35,0.25,1.19,0.09,0.86,0.12,0.01,0.0,0.228,0.7899761336515513,0.9169912160883482,0.118,,0.008,,0.0,,False,96.0,99.0,96.0,88.0,93.0,91.0,91.0,92.0,94.0,high,high,high,high,high,high,high,high,high,2026-06-12
hitter,HOU,KC,Joey Loperfido,694388,6.0,LF,Confirmed,2.77,,,,,1.1,0.06,,,,,1.001425047809673,1.1947572847750223,0.07294870258512831,0.053180809809005046,0.2543859649122807,0.19408906939186762,0.04450839580735012,0.0362953591560353,,,0.22,0.18,0.15,0.68,0.04,0.49,0.09,0.01,0.0,0.202,0.44025157232704404,0.5245667209707666,0.094,,0.007,,0.0,,False,96.0,99.0,96.0,88.0,93.0,91.0,91.0,92.0,94.0,high,high,high,high,high,high,high,high,high,2026-06-12
hitter,HOU,KC,Cam Smith,701358,7.0,RF,Confirmed,4.14,,,,,1.55,0.16,,,,,1.3792185538591457,1.7305884425888969,0.1420132297215823,0.1850411604882489,0.4125159642401022,0.5029875380697387,0.13144817947361276,0.11134953467902863,,,0.46,0.37,0.27,1.34,0.12,0.87,0.15,0.01,0.0,0.271,0.7899761336515513,0.9340474694151064,0.149,,0.008,,0.0,,False,96.0,99.0,96.0,88.0,93.0,91.0,91.0,92.0,94.0,high,high,high,high,high,high,high,high,high,2026-06-12
hitter,HOU,KC,Taylor Trammell,666211,8.0,CF,Confirmed,2.77,,,,,1.22,0.08,,,,,1.2115149006270995,1.2366352252866377,0.08677070789285,0.07759450620816664,0.2543859649122807,0.2307288572215225,0.07598140762542532,0.06273625520913688,,,0.24,0.21,0.16,0.78,0.07,0.49,0.1,0.01,0.0,0.236,0.4591194968553459,0.5172566639262377,0.098,,0.008,,0.0,,False,96.0,99.0,96.0,88.0,93.0,91.0,91.0,92.0,94.0,high,high,high,high,high,high,high,high,high,2026-06-12
hitter,HOU,KC,Christian Vázquez,543877,9.0,C,Confirmed,1.92,,,,,0.69,0.06,,,,,0.7810189807980318,0.5985401645762631,0.07466419488326093,0.05200822216833855,0.2543859649122807,0.18208346073358084,0.06450121504395694,0.048589343767541496,,,0.21,0.17,0.13,0.63,0.06,0.37,0.08,0.01,0.0,0.282,0.44025157232704404,0.3087083249532047,0.082,,0.007,,0.0,,False,96.0,99.0,96.0,88.0,93.0,91.0,91.0,92.0,94.0,high,high,high,high,high,high,high,high,high,2026-06-12
hitter,MIN,STL,Trevor Larnach,663616,1.0,LF,Confirmed,4.18,,,,,0.79,0.25,,,,,0.6843983437702874,0.8959617981932041,0.23380442860015352,0.26781661936438617,0.7061469265367316,0.734086798947164,0.030675469073138357,0.04134802182525297,,,0.72,0.45,0.31,1.64,0.04,1.01,0.17,0.01,0.0,0.28,0.9875776397515532,1.0196900307548908,0.166,,0.013,,0.0,,False,96.0,99.0,96.0,88.0,93.0,91.0,91.0,92.0,94.0,high,high,high,high,high,high,high,high,high,2026-06-12
hitter,MIN,STL,Byron Buxton,621439,2.0,CF,Confirmed,4.45,,,,,1.01,0.27,,,,,0.9297296918525232,1.0812467512619608,0.24844737690555463,0.2933548849396738,0.707983193277311,0.7813328112530774,0.04395067870228812,0.07351856610887403,,,0.75,0.53,0.38,1.91,0.06,1.2,0.19,0.02,0.0,0.306,1.1238670694864048,1.2541955301981031,0.185,,0.017,,0.0,,False,96.0,99.0,96.0,88.0,93.0,91.0,91.0,92.0,94.0,high,high,high,high,high,high,high,high,high,2026-06-12
hitter,MIN,STL,Kody Clemens,665019,3.0,LF,Confirmed,4.25,,,,,0.89,0.21,,,,,0.8261938747652525,0.9617636721022156,0.20820092966577297,0.21551479166086424,0.7715355805243446,0.7845322922243834,0.06354379968572903,0.08024905707754085,,,0.78,0.52,0.46,1.97,0.07,1.28,0.19,0.01,0.0,0.304,1.239368165249089,1.3206752756820102,0.187,,0.011,,0.0,,False,96.0,99.0,96.0,88.0,93.0,91.0,91.0,92.0,94.0,high,high,high,high,high,high,high,high,high,2026-06-12
hitter,MIN,STL,Josh Bell,605137,4.0,DH,Confirmed,3.96,,,,,0.7,0.22,,,,,0.6805905007337643,0.7191939734917456,0.22295177255865412,0.2146195856754207,0.7061469265367316,0.7083055627951901,0.02923414791638699,0.03418067322556296,,,0.71,0.44,0.37,1.68,0.03,0.97,0.18,0.01,0.0,0.289,1.001763668430335,0.9450547063201606,0.185,,0.008,,0.0,,False,96.0,99.0,96.0,88.0,93.0,91.0,91.0,92.0,94.0,high,high,high,high,high,high,high,high,high,2026-06-12
hitter,MIN,STL,Royce Lewis,668904,5.0,1B,Confirmed,4.04,,,,,0.82,0.14,,,,,0.7630684824642646,0.8841649895527721,0.15075984405190637,0.1322573463527671,0.7061469265367316,0.6546759594272512,0.034034737165889506,0.04456117636669821,,,0.68,0.45,0.38,1.71,0.04,0.98,0.18,0.01,0.0,0.281,0.9875776397515532,0.9662236069314567,0.178,,0.008,,0.0,,False,96.0,99.0,96.0,88.0,93.0,91.0,91.0,92.0,94.0,high,high,high,high,high,high,high,high,high,2026-06-12
hitter,MIN,STL,Victor Caratini,605170,6.0,C,Confirmed,4.25,,,,,0.68,0.2,,,,,0.6340971117581311,0.7189446347898028,0.18318835633252595,0.2248228093665737,0.707983193277311,0.7321106622576651,0.035111972823146195,0.0407010719945677,,,0.72,0.47,0.45,2.01,0.04,1.09,0.17,0.01,0.0,0.314,1.001763668430335,1.1641147565116339,0.173,,0.01,,0.0,,False,96.0,99.0,96.0,88.0,93.0,91.0,91.0,92.0,94.0,high,high,high,high,high,high,high,high,high,2026-06-12
hitter,MIN,STL,Brooks Lee,686797,7.0,3B,Confirmed,4.18,,,,,0.63,0.21,,,,,0.5972990281488535,0.663746348461631,0.19389121683298435,0.2255995228832688,0.7061469265367316,0.7178399540639896,0.03023897125077275,0.03163991881713824,,,0.71,0.42,0.36,1.78,0.03,0.98,0.17,0.01,0.0,0.292,0.9875776397515532,0.9680630563269655,0.174,,0.011,,0.0,,False,96.0,99.0,96.0,88.0,93.0,91.0,91.0,92.0,94.0,high,high,high,high,high,high,high,high,high,2026-06-12
hitter,MIN,STL,Tristan Gray,656484,8.0,SS,Confirmed,3.09,,,,,0.73,0.14,,,,,0.7011165456427934,0.765664252082102,0.1463453497358696,0.13286409985073896,0.4125159642401022,0.41998295614877823,0.030931517893145733,0.02607665563556134,,,0.42,0.31,0.26,1.27,0.03,0.66,0.14,0.01,0.0,0.289,0.6720588235294118,0.6481915169095768,0.144,,0.01,,0.0,,False,96.0,99.0,96.0,88.0,93.0,91.0,91.0,92.0,94.0,high,high,high,high,high,high,high,high,high,2026-06-12
hitter,MIN,STL,Luke Keaschall,807712,9.0,2B,Confirmed,4.25,,,,,0.39,0.32,,,,,0.43195209270613133,0.34242244715029346,0.3039716889019566,0.3299266874747849,1.0,0.998374831788235,0.11297075459534262,0.12348035186790506,,,1.0,0.42,0.35,1.77,0.12,1.63,0.18,0.01,0.0,0.29,1.684375,1.5898021087897054,0.182,,0.01,,0.0,,False,96.0,99.0,96.0,88.0,93.0,91.0,91.0,92.0,94.0,high,high,high,high,high,high,high,high,high,2026-06-12
hitter,STL,MIN,JJ Wetherholt,802139,1.0,2B,Confirmed,4.57,,,,,0.96,0.31,,,,,0.9247867954874601,0.9944258273147557,0.3200550027226906,0.3028635247783535,1.0980834272829765,1.1949208894582255,0.3119192605788251,0.4000182198144158,,,1.15,0.53,0.4,1.82,0.36,2.27,0.21,0.01,0.0,0.294,2.25,2.2774832569961627,0.208,,0.007,,0.0,,False,96.0,99.0,96.0,88.0,93.0,91.0,91.0,92.0,94.0,high,high,high,high,high,high,high,high,high,2026-06-12
hitter,STL,MIN,Iván Herrera,671056,2.0,DH,Confirmed,4.48,,,,,0.98,0.3,,,,,0.9607288602404193,1.0085545100087516,0.2985054026483589,0.29733563272378416,1.1391752577319587,1.1992755389160252,0.30171760646446233,0.3760524549278885,,,1.17,0.55,0.41,1.96,0.34,2.51,0.2,0.01,0.0,0.309,2.552380952380952,2.478612201566818,0.199,,0.009,,0.0,,False,96.0,99.0,96.0,88.0,93.0,91.0,91.0,92.0,94.0,high,high,high,high,high,high,high,high,high,2026-06-12
hitter,STL,MIN,Alec Burleson,676475,3.0,1B,Confirmed,4.51,,,,,0.88,0.25,,,,,0.8743160227393385,0.8780767067801891,0.2555704801405974,0.24817553366902853,1.4947368421052631,1.338346025947803,0.34485056700478467,0.4171266386966482,,,1.41,0.6,0.52,2.22,0.38,2.66,0.21,0.01,0.0,0.329,2.552380952380952,2.7571117086003616,0.208,,0.012,,0.0,,False,96.0,99.0,96.0,88.0,93.0,91.0,91.0,92.0,94.0,high,high,high,high,high,high,high,high,high,2026-06-12
hitter,STL,MIN,Jordan Walker,691023,4.0,RF,Confirmed,4.18,,,,,1.25,0.18,,,,,1.1807669013489805,1.309327453159204,0.20078596207875693,0.16767757102472203,1.0980834272829765,1.1349846657926448,0.3050324153866773,0.30080643959078573,,,1.12,0.49,0.44,1.83,0.3,2.32,0.16,0.01,0.0,0.289,2.456692913385827,2.20907900793117,0.162,,0.01,,0.0,,False,96.0,99.0,96.0,88.0,93.0,91.0,91.0,92.0,94.0,high,high,high,high,high,high,high,high,high,2026-06-12
hitter,STL,MIN,Lars Nootbaar,663457,5.0,LF,Confirmed,4.61,,,,,1.11,0.41,,,,,1.0856537233023063,1.1348152503517988,0.4086473942065777,0.4174078658072752,1.0980834272829765,1.1267118952458768,0.35710966860664695,0.4220214880328841,,,1.11,0.59,0.49,2.08,0.39,2.56,0.18,0.01,0.0,0.328,2.552380952380952,2.5719717188459015,0.178,,0.008,,0.0,,False,96.0,99.0,96.0,88.0,93.0,91.0,91.0,92.0,94.0,high,high,high,high,high,high,high,high,high,2026-06-12
hitter,STL,MIN,Masyn Winn,691026,6.0,SS,Confirmed,4.39,,,,,1.03,0.21,,,,,1.0286787687220542,1.021760576069711,0.22477910743541277,0.18830105638312267,1.1391752577319587,1.1896828954607137,0.279629099748399,0.2977320483450999,,,1.17,0.46,0.47,1.93,0.29,2.12,0.18,0.01,0.0,0.298,2.057017543859649,2.1715871789693675,0.177,,0.009,,0.0,,False,96.0,99.0,96.0,88.0,93.0,91.0,91.0,92.0,94.0,high,high,high,high,high,high,high,high,high,2026-06-12
hitter,STL,MIN,Jimmy Crooks,699625,7.0,C,Confirmed,3.94,,,,,1.25,0.2,,,,,1.199596523304282,1.3100902871963203,0.21162799202665922,0.17950013855006441,0.994208494208494,0.9906527670959444,0.2425279202783797,0.23832846618692027,,,0.99,0.38,0.35,1.53,0.24,1.96,0.19,0.02,0.0,0.28,2.057017543859649,1.8819511659921002,0.189,,0.017,,0.0,,False,96.0,99.0,96.0,88.0,93.0,91.0,91.0,92.0,94.0,high,high,high,high,high,high,high,high,high,2026-06-12
hitter,STL,MIN,Blaze Jordan,691458,8.0,3B,Confirmed,3.49,,,,,0.73,0.21,,,,,0.726,,0.21,,0.706,,0.09,,,,0.71,0.33,0.29,1.33,0.09,1.15,0.13,0.01,0.0,0.265,1.152,,0.128,,0.008,,0.0,,True,40.0,44.0,40.0,32.0,37.0,35.0,35.0,36.0,38.0,low,low,low,low,low,low,low,low,low,2026-06-12
hitter,STL,MIN,Nathan Church,701675,9.0,CF,Confirmed,4.04,,,,,0.98,0.18,,,,,0.9037869124676183,1.0596858130079128,0.20217539004569698,0.16520198657996504,1.0,0.9267790365233172,0.17689086867940826,0.17983879294761895,,,0.96,0.38,0.33,1.57,0.18,1.77,0.16,0.01,0.0,0.267,1.914285714285714,1.657087861933541,0.164,,0.01,,0.0,,False,96.0,99.0,96.0,88.0,93.0,91.0,91.0,92.0,94.0,high,high,high,high,high,high,high,high,high,2026-06-12
hitter,LAA,TB,Zach Neto,687263,1.0,SS,Confirmed,4.57,,,,,1.27,0.13,,,,,1.1617923033394129,1.3794554956777874,0.12808284046680707,0.14119762508914407,0.801980198019802,0.8950153729822121,0.25697765791710114,0.3297180544789431,,,0.85,0.6,0.47,2.17,0.29,1.97,0.22,0.01,0.0,0.329,1.914285714285714,2.0198093075628796,0.219,,0.01,,0.0,,False,96.0,99.0,96.0,88.0,93.0,91.0,91.0,92.0,94.0,high,high,high,high,high,high,high,high,high,2026-06-12
hitter,LAA,TB,Mike Trout,545361,2.0,CF,Confirmed,4.45,,,,,1.32,0.19,,,,,1.2193457656948752,1.41629033974023,0.17856668262650746,0.19164470621037016,0.801980198019802,0.8425542326774735,0.3663081387170117,0.3422302050536754,,,0.82,0.67,0.53,2.31,0.35,1.99,0.2,0.01,0.0,0.374,1.914285714285714,2.0596789743636226,0.197,,0.008,,0.0,,False,96.0,99.0,96.0,88.0,93.0,91.0,91.0,92.0,94.0,high,high,high,high,high,high,high,high,high,2026-06-12
hitter,LAA,TB,Jo Adell,666176,3.0,RF,Confirmed,4.51,,,,,1.18,0.1,,,,,1.0780493357133487,1.2739314573514764,0.1022551706949962,0.10381734324925879,0.8770949720670391,0.9826678407878846,0.2861258207746606,0.3335927460421241,,,0.94,0.62,0.59,2.35,0.31,2.13,0.22,0.01,0.0,0.334,2.057017543859649,2.192720063618745,0.219,,0.01,,0.0,,False,96.0,99.0,96.0,88.0,93.0,91.0,91.0,92.0,94.0,high,high,high,high,high,high,high,high,high,2026-06-12
hitter,LAA,TB,Oswald Peraza,672724,4.0,2B,Confirmed,4.25,,,,,1.15,0.11,,,,,1.0214756677421468,1.270277814352397,0.1111069421427046,0.10788561229080033,0.801980198019802,0.865797120460415,0.15889912982295426,0.18125951982385607,,,0.84,0.55,0.48,2.13,0.17,1.43,0.22,0.01,0.0,0.32,1.3148148148148149,1.5178687553730976,0.222,,0.012,,0.0,,False,96.0,99.0,96.0,88.0,93.0,91.0,91.0,92.0,94.0,high,high,high,high,high,high,high,high,high,2026-06-12
hitter,LAA,TB,Trey Mancini,641820,5.0,1B,Confirmed,3.49,,,,,0.99,0.1,,,,,0.9451922386000332,1.0409180201403958,0.08479489469856415,0.11413372987801398,0.7061469265367316,0.6303217485319894,0.14309255041326727,0.19445463397434803,,,0.66,0.55,0.49,2.14,0.17,1.34,0.15,0.01,0.0,0.38,1.3148148148148149,1.353414293511678,0.153,,0.011,,0.0,,False,96.0,99.0,96.0,88.0,93.0,91.0,91.0,92.0,94.0,high,high,high,high,high,high,high,high,high,2026-06-12
hitter,LAA,TB,Denzer Guzman,694203,6.0,3B,Confirmed,3.74,,,,,1.05,0.26,,,,,0.99195526780269,1.0990808975133373,0.2567955274435675,0.2642262834341595,0.8770949720670391,0.8025695595045879,0.05144958256414106,0.038706422755818454,,,0.84,0.43,0.45,1.88,0.05,1.09,0.17,0.01,0.0,0.324,1.1238670694864048,1.0691897884832113,0.17,,0.01,,0.0,,False,96.0,99.0,96.0,88.0,93.0,91.0,91.0,92.0,94.0,high,high,high,high,high,high,high,high,high,2026-06-12
hitter,LAA,TB,Nick Madrigal,663611,7.0,DH,Confirmed,4.18,,,,,0.73,0.16,,,,,0.6274509371793313,0.8267431779515773,0.15291502776657315,0.16604150013911403,0.7715355805243446,0.8886600448701255,0.08642420409045565,0.11099434784406824,,,0.84,0.48,0.4,1.98,0.1,1.19,0.19,0.01,0.0,0.329,1.1521739130434783,1.2274401043623848,0.185,,0.012,,0.0,,False,96.0,99.0,96.0,88.0,93.0,91.0,91.0,92.0,94.0,high,high,high,high,high,high,high,high,high,2026-06-12
hitter,LAA,TB,Logan O'Hoppe,681351,8.0,C,Confirmed,3.74,,,,,1.14,0.08,,,,,1.0680924513979433,1.2050362367759877,0.0915696254287719,0.07416165808014018,0.5846774193548387,0.6096962701361351,0.17691111747618965,0.20737343313756698,,,0.6,0.45,0.4,1.84,0.19,1.29,0.17,0.01,0.0,0.334,1.239368165249089,1.3263050022209144,0.17,,0.01,,0.0,,False,96.0,99.0,96.0,88.0,93.0,91.0,91.0,92.0,94.0,high,high,high,high,high,high,high,high,high,2026-06-12
hitter,LAA,TB,Jose Siri,642350,9.0,LF,Confirmed,3.1,,,,,1.03,0.08,,,,,0.9958196032596583,1.0680240465465947,0.08661217746739087,0.07975129244918348,0.4125159642401022,0.3171838528165073,0.09526110654041467,0.0990185400439786,,,0.36,0.3,0.25,1.2,0.1,0.75,0.12,0.01,0.0,0.274,0.7899761336515513,0.7194108914913921,0.121,,0.009,,0.0,,False,96.0,99.0,96.0,88.0,93.0,91.0,91.0,92.0,94.0,high,high,high,high,high,high,high,high,high,2026-06-12
hitter,TB,LAA,Yandy Díaz,650490,1.0,DH,Confirmed,4.68,,,,,0.58,0.36,,,,,0.564429833694963,0.5878455824305086,0.35760635178297073,0.371268331404768,1.1702127659574468,1.2553629380627942,0.05343339113171512,0.06381947308854419,,,1.22,0.57,0.4,2.07,0.06,1.82,0.23,0.01,0.0,0.319,1.914285714285714,1.7507297231538121,0.229,,0.01,,0.0,,False,96.0,99.0,96.0,88.0,93.0,91.0,91.0,92.0,94.0,high,high,high,high,high,high,high,high,high,2026-06-12
hitter,TB,LAA,Jonathan Aranda,666018,2.0,1B,Confirmed,4.51,,,,,1.07,0.39,,,,,1.076923549680747,1.0550855648318425,0.38154246651263357,0.3957645812795659,1.0980834272829765,1.1179504740265598,0.04402622050521172,0.04225102511902035,,,1.11,0.55,0.36,1.91,0.04,1.53,0.2,0.01,0.0,0.326,1.4759615384615385,1.566727170885935,0.205,,0.009,,0.0,,False,96.0,99.0,96.0,88.0,93.0,91.0,91.0,92.0,94.0,high,high,high,high,high,high,high,high,high,2026-06-12
hitter,TB,LAA,Junior Caminero,691406,3.0,3B,Confirmed,4.61,,,,,0.73,0.36,,,,,0.7170264615805254,0.7341589275200905,0.37359968231249585,0.3548755450266528,1.4947368421052631,1.2343724120414237,0.07339253199135698,0.10730131351354331,,,1.35,0.6,0.48,2.18,0.09,1.95,0.26,0.01,0.0,0.337,1.914285714285714,1.972699910767336,0.256,,0.011,,0.0,,False,96.0,99.0,96.0,88.0,93.0,91.0,91.0,92.0,94.0,high,high,high,high,high,high,high,high,high,2026-06-12
hitter,TB,LAA,Ryan Vilade,668723,4.0,LF,Confirmed,4.03,,,,,0.73,0.22,,,,,0.6586883893271724,0.8017601338477586,0.22790962525351702,0.22162781133711723,0.8770949720670391,0.8675908181823788,0.03079028187257017,0.0356438411522393,,,0.87,0.37,0.29,1.36,0.03,1.2,0.15,0.01,0.0,0.242,1.239368165249089,1.1757277034828668,0.146,,0.008,,0.0,,False,96.0,99.0,96.0,88.0,93.0,91.0,91.0,92.0,94.0,high,high,high,high,high,high,high,high,high,2026-06-12
hitter,TB,LAA,Austin Slater,596103,5.0,RF,Confirmed,3.48,,,,,0.89,0.2,,,,,0.8408228092007329,0.9372102694539012,0.20223124326619715,0.20691640746347573,0.801980198019802,0.7181059625459393,0.03426755357465852,0.03591459768469627,,,0.76,0.32,0.24,1.14,0.04,0.95,0.11,0.01,0.0,0.24,1.001763668430335,0.9116974661147456,0.11,,0.009,,0.0,,False,96.0,99.0,96.0,88.0,93.0,91.0,91.0,92.0,94.0,high,high,high,high,high,high,high,high,high,2026-06-12
hitter,TB,LAA,Ben Williamson,810938,6.0,2B,Confirmed,3.89,,,,,0.72,0.19,,,,,0.6480607051249527,0.7842396231878728,0.18344965226843102,0.19572823830989033,1.0980834272829765,0.9969861446372615,0.02301010936073043,0.02300839775358801,,,1.04,0.33,0.31,1.45,0.02,1.32,0.14,0.01,0.0,0.248,1.3148148148148149,1.3163082143657443,0.135,,0.007,,0.0,,False,96.0,99.0,96.0,88.0,93.0,91.0,91.0,92.0,94.0,high,high,high,high,high,high,high,high,high,2026-06-12
hitter,TB,LAA,Chandler Simpson,802415,7.0,CF,Confirmed,4.25,,,,,0.31,0.13,,,,,0.3039216699108733,0.32008925092162693,0.13591795084318223,0.1179420318118523,1.1391752577319587,1.1874146136753239,0.01489128997776896,0.00028983121969779506,,,1.17,0.43,0.37,1.9,0.01,1.43,0.17,0.02,0.0,0.291,1.3893129770992367,1.4623106264678998,0.172,,0.021,,0.0,,False,96.0,99.0,96.0,88.0,93.0,91.0,91.0,92.0,94.0,high,high,high,high,high,high,high,high,high,2026-06-12
hitter,TB,LAA,Nick Fortes,663743,8.0,C,Confirmed,3.89,,,,,0.6,0.19,,,,,0.5754851464775635,0.6344106159442472,0.18690423650608545,0.18951095981552216,1.0980834272829765,0.931195272996709,0.02991354013413186,0.03299564187997297,,,1.01,0.34,0.28,1.43,0.03,1.38,0.15,0.01,0.0,0.256,1.3893129770992367,1.3801176390740113,0.152,,0.008,,0.0,,False,96.0,99.0,96.0,88.0,93.0,91.0,91.0,92.0,94.0,high,high,high,high,high,high,high,high,high,2026-06-12
hitter,TB,LAA,Taylor Walls,670764,9.0,SS,Confirmed,4.04,,,,,0.86,0.27,,,,,0.8203651899425352,0.8942102859898049,0.27358159104708457,0.26258633679232524,1.0980834272829765,1.0140899520343427,0.027143641980704104,0.025187096158993196,,,1.05,0.36,0.28,1.44,0.03,1.34,0.14,0.01,0.0,0.264,1.3148148148148149,1.3555817747808578,0.144,,0.01,,0.0,,False,96.0,99.0,96.0,88.0,93.0,91.0,91.0,92.0,94.0,high,high,high,high,high,high,high,high,high,2026-06-12
hitter,ATH,COL,Shea Langeliers,669127,1.0,C,Confirmed,4.18,,,,,0.63,0.24,,,,,0.628296292297858,0.6334253112708734,0.24316252899249083,0.24030555939402487,0.8694581280788177,0.8227978334465171,0.23642874930287497,0.1886279953371863,,,0.84,0.53,0.45,1.85,0.21,1.62,0.14,0.01,0.0,0.302,1.5956790123456794,1.6363880964795026,0.141,,0.008,,0.0,,False,82.0,86.0,82.0,74.0,79.0,77.0,77.0,78.0,80.0,high,high,high,medium,medium,medium,medium,medium,high,2026-06-12
hitter,ATH,COL,Nick Kurtz,701762,2.0,1B,Confirmed,4.45,,,,,1.06,0.53,,,,,1.0377927099548623,1.0844574468442296,0.5284408811375476,0.5391577231695508,0.8888888888888888,0.9203013166121847,0.26373386057755926,0.26411138964202274,,,0.91,0.68,0.54,2.21,0.26,1.78,0.17,0.01,0.0,0.376,1.914285714285714,1.6722840453251835,0.171,,0.009,,0.0,,False,82.0,86.0,82.0,74.0,79.0,77.0,77.0,78.0,80.0,high,high,high,medium,medium,medium,medium,medium,high,2026-06-12
hitter,ATH,COL,Colby Thomas,687515,3.0,RF,Confirmed,1.84,,,,,0.86,0.1,,,,,0.9853408305387471,0.7250692978574315,0.12875864235848716,0.07176523112306955,0.4125159642401022,0.26056335665056596,0.21848596824453287,0.15278726290578726,,,0.33,0.33,0.35,1.1,0.19,0.85,0.09,0.01,0.0,0.42,1.001763668430335,0.7250524768900378,0.086,,0.006,,0.0,,False,82.0,86.0,82.0,74.0,79.0,77.0,77.0,78.0,80.0,high,high,high,medium,medium,medium,medium,medium,high,2026-06-12
hitter,ATH,COL,Tyler Soderstrom,691016,4.0,LF,Confirmed,4.25,,,,,0.7,0.37,,,,,0.6609418021566374,0.739451304718045,0.3431766759461513,0.3903092767296904,0.8694581280788177,0.8748811199349422,0.13033676319762416,0.12534349034578965,,,0.87,0.51,0.45,1.85,0.13,1.49,0.14,0.01,0.0,0.294,1.4759615384615385,1.4944803225330856,0.139,,0.013,,0.0,,False,82.0,86.0,82.0,74.0,79.0,77.0,77.0,78.0,80.0,high,high,high,medium,medium,medium,medium,medium,high,2026-06-12
hitter,ATH,COL,Jacob Wilson,805779,5.0,SS,Confirmed,4.14,,,,,0.62,0.24,,,,,0.47857779454740257,0.7579077948295252,0.24878704396113382,0.23438576797176613,1.0980834272829765,0.9426439847588085,0.05582435698859755,0.042893105880289474,,,1.01,0.51,0.45,2.06,0.05,1.39,0.11,0.01,0.0,0.299,1.3893129770992367,1.3842188480494504,0.111,,0.008,,0.0,,False,82.0,86.0,82.0,74.0,79.0,77.0,77.0,78.0,80.0,high,high,high,medium,medium,medium,medium,medium,high,2026-06-12
hitter,ATH,COL,Jonah Heim,641680,6.0,DH,Confirmed,4.08,,,,,1.0,0.26,,,,,0.9273984591270291,1.067768115126722,0.244781139133246,0.2717510589620921,1.0,0.9496862457286653,0.26246103738970233,0.2990204808629915,,,0.97,0.57,0.64,2.31,0.28,2.1,0.2,0.01,0.0,0.383,2.057017543859649,2.1347103722039673,0.2,,0.011,,0.0,,False,82.0,86.0,82.0,74.0,79.0,77.0,77.0,78.0,80.0,high,high,high,medium,medium,medium,medium,medium,high,2026-06-12
hitter,ATH,COL,Zack Gelof,680869,7.0,3B,Confirmed,3.81,,,,,0.87,0.23,,,,,0.7943463044766036,0.9501555258088873,0.21951187646699682,0.24753150525737574,0.7061469265367316,0.6459018828511262,0.10116400209643045,0.1024702670975978,,,0.67,0.33,0.3,1.35,0.1,1.09,0.12,0.01,0.0,0.246,1.1521739130434783,1.0351059901685817,0.117,,0.008,,0.0,,False,82.0,86.0,82.0,74.0,79.0,77.0,77.0,78.0,80.0,high,high,high,medium,medium,medium,medium,medium,high,2026-06-12
hitter,ATH,COL,Max Muncy,691777,8.0,3B,Confirmed,4.18,,,,,1.38,0.31,,,,,1.3476788989992379,1.4119950649402109,0.2929734465476278,0.31885777745117255,1.0980834272829765,1.0326966827714354,0.24613955242728383,0.2861733764059914,,,1.06,0.55,0.53,2.18,0.27,2.09,0.18,0.01,0.0,0.363,2.057017543859649,2.1256474471862785,0.184,,0.008,,0.0,,False,82.0,86.0,82.0,74.0,79.0,77.0,77.0,78.0,80.0,high,high,high,medium,medium,medium,medium,medium,high,2026-06-12
hitter,ATH,COL,Henry Bolte,703607,9.0,CF,Confirmed,3.81,,,,,0.79,0.24,,,,,0.7586960325964383,0.8299658209723032,0.2524922538883527,0.22682659303333816,0.7061469265367316,0.6397490599304586,0.09820059665470443,0.11136087129860969,,,0.67,0.34,0.3,1.34,0.1,1.16,0.14,0.01,0.0,0.252,1.239368165249089,1.0991395437829197,0.14,,0.007,,0.0,,False,82.0,86.0,82.0,74.0,79.0,77.0,77.0,78.0,80.0,high,high,high,medium,medium,medium,medium,medium,high,2026-06-12
hitter,COL,ATH,Willi Castro,650489,1.0,SS,Confirmed,3.96,,,,,0.97,0.37,,,,,0.9330371009083838,1.0148020808128464,0.36916948433736185,0.3713435711819068,0.801980198019802,0.7763527036919264,0.18990825921063953,0.2024651088924011,,,0.79,0.31,0.19,1.03,0.2,1.49,0.11,0.01,0.0,0.217,1.5956790123456794,1.4066283619601418,0.11,,0.011,,0.0,,False,96.0,99.0,96.0,88.0,93.0,91.0,91.0,92.0,94.0,high,high,high,high,high,high,high,high,high,2026-06-12
hitter,COL,ATH,Kyle Karros,691720,2.0,3B,Confirmed,3.95,,,,,0.98,0.44,,,,,0.9152887692702547,1.0451251609825591,0.4504140939922259,0.42132732806569895,0.801980198019802,0.8115103229812314,0.18755413436204646,0.1902097849522078,,,0.81,0.36,0.23,1.24,0.19,1.33,0.13,0.01,0.0,0.25,1.3893129770992367,1.2891705436630938,0.127,,0.011,,0.0,,False,96.0,99.0,96.0,88.0,93.0,91.0,91.0,92.0,94.0,high,high,high,high,high,high,high,high,high,2026-06-12
hitter,COL,ATH,TJ Rumfield,681198,3.0,1B,Confirmed,4.18,,,,,0.72,0.43,,,,,0.693861966738188,0.7528798132471363,0.43109464899098726,0.42451225994571284,0.8770949720670391,0.858699238672754,0.1912947382185444,0.2367795908710293,,,0.87,0.37,0.26,1.27,0.21,1.69,0.12,0.01,0.0,0.238,1.684375,1.6878893939155308,0.123,,0.012,,0.0,,False,96.0,99.0,96.0,88.0,93.0,91.0,91.0,92.0,94.0,high,high,high,high,high,high,high,high,high,2026-06-12
hitter,COL,ATH,Hunter Goodman,696100,4.0,C,Confirmed,4.45,,,,,1.26,0.47,,,,,1.2549825809535413,1.2717260257879888,0.4733180353200135,0.4689197233994629,1.0980834272829765,1.0349889508289456,0.33903970600938527,0.3820333066036371,,,1.06,0.42,0.3,1.43,0.36,2.25,0.14,0.01,0.0,0.256,2.25,2.255355455836381,0.142,,0.013,,0.0,,False,96.0,99.0,96.0,88.0,93.0,91.0,91.0,92.0,94.0,high,high,high,high,high,high,high,high,high,2026-06-12
hitter,COL,ATH,Troy Johnston,687859,5.0,RF,Confirmed,4.08,,,,,0.83,0.32,,,,,0.7926605452606679,0.8585804149812672,0.316253363203715,0.31804275887627914,0.8694581280788177,0.8554249634728701,0.13352716202723733,0.162529930365986,,,0.86,0.35,0.26,1.25,0.15,1.41,0.11,0.01,0.0,0.23,1.3893129770992367,1.4230559170708958,0.113,,0.015,,0.0,,False,96.0,99.0,96.0,88.0,93.0,91.0,91.0,92.0,94.0,high,high,high,high,high,high,high,high,high,2026-06-12
hitter,COL,ATH,Cole Carrigg,694249,6.0,CF,Confirmed,3.89,,,,,1.11,0.41,,,,,1.0605309726586722,1.1674493239690884,0.409846258932665,0.40030878330722136,0.8694581280788177,1.0367066065453014,0.3307234575426781,0.27371555499399264,,,0.96,0.32,0.26,1.16,0.3,1.96,0.14,0.02,0.0,0.258,2.057017543859649,1.8822375816694525,0.135,,0.017,,0.0,,False,96.0,99.0,96.0,88.0,93.0,91.0,91.0,92.0,94.0,high,high,high,high,high,high,high,high,high,2026-06-12
hitter,COL,ATH,Sterlin Thompson,694514,7.0,LF,Confirmed,2.77,,,,,0.69,0.2,,,,,0.688528003179459,0.686411705154919,0.204314811230942,0.18747466637549792,0.5290322580645161,0.4319090969151939,0.08681047607856512,0.08317193437284191,,,0.48,0.18,0.13,0.66,0.08,0.73,0.09,0.01,0.0,0.201,0.7899761336515513,0.6844530352621707,0.088,,0.009,,0.0,,False,96.0,99.0,96.0,88.0,93.0,91.0,91.0,92.0,94.0,high,high,high,high,high,high,high,high,high,2026-06-12
hitter,COL,ATH,Braxton Fulford,690924,8.0,DH,Confirmed,1.84,,,,,0.94,0.11,,,,,1.0166764779387554,0.8538246338514536,0.14144991430270396,0.08020209265068641,0.0,0.06254291632877383,0.018679164232646997,0.006880340887477842,,,0.03,0.12,0.09,0.44,0.01,0.09,0.06,0.01,0.0,0.202,0.0,0.16318824761683234,0.063,,0.008,,0.0,,False,96.0,99.0,96.0,88.0,93.0,91.0,91.0,92.0,94.0,high,high,high,high,high,high,high,high,high,2026-06-12
hitter,COL,ATH,Chad Stevens,677060,9.0,2B,Confirmed,1.84,,,,,0.95,0.16,,,,,1.0643593814752228,0.8449303082103182,0.18293692117599772,0.12800167454478856,0.0,0.07985484563930743,0.017146374573244316,0.010005843991179214,,,0.04,0.12,0.09,0.44,0.01,0.09,0.07,0.01,0.0,0.217,0.0,0.1557239010767774,0.07,,0.006,,0.0,,False,96.0,99.0,96.0,88.0,93.0,91.0,91.0,92.0,94.0,high,high,high,high,high,high,high,high,high,2026-06-12
hitter,SF,CHC,Luis Arraez,650333,1.0,2B,Confirmed,4.18,,,,,0.33,0.1,,,,,0.2344943576853377,0.42804225425065584,0.11298252125050395,0.09071713429214037,1.0980834272829765,1.065151226025687,0.08551255737799782,0.08956941283277008,,,1.08,0.4,0.33,1.52,0.09,1.54,0.11,0.01,0.0,0.225,1.5956790123456794,1.5014791500442497,0.113,,0.01,,0.0,,False,96.0,99.0,96.0,88.0,93.0,91.0,91.0,92.0,94.0,high,high,high,high,high,high,high,high,high,2026-06-12
hitter,SF,CHC,Bryce Eldridge,805811,2.0,DH,Confirmed,4.03,,,,,1.04,0.28,,,,,1.0632354996815125,1.0094623986625286,0.2878032485917962,0.26563655048283824,0.8770949720670391,0.8576502821950007,0.21021135777513653,0.1840853229912782,,,0.87,0.45,0.37,1.52,0.2,1.58,0.12,0.01,0.0,0.269,1.5956790123456794,1.5614380928220695,0.118,,0.009,,0.0,,False,96.0,99.0,96.0,88.0,93.0,91.0,91.0,92.0,94.0,high,high,high,high,high,high,high,high,high,2026-06-12
hitter,SF,CHC,Casey Schmitt,669477,3.0,LF,Confirmed,4.03,,,,,0.84,0.12,,,,,0.8144617954806447,0.8628273679008973,0.11413906557196728,0.12318993785436053,0.8949771689497716,0.8318644156036712,0.17593666899453955,0.1690655783552354,,,0.86,0.42,0.42,1.54,0.17,1.61,0.12,0.01,0.0,0.243,1.684375,1.557259967133624,0.124,,0.007,,0.0,,False,96.0,99.0,96.0,88.0,93.0,91.0,91.0,92.0,94.0,high,high,high,high,high,high,high,high,high,2026-06-12
hitter,SF,CHC,Rafael Devers,646240,4.0,1B,Confirmed,4.25,,,,,1.18,0.28,,,,,1.2118241490230646,1.1516056292085015,0.2359863394422059,0.3202447383672265,0.994208494208494,0.8848620792040995,0.2670101344614987,0.20487516236254474,,,0.93,0.47,0.45,1.63,0.24,1.84,0.12,0.01,0.0,0.263,1.914285714285714,1.7788602531226108,0.124,,0.006,,0.0,,False,96.0,99.0,96.0,88.0,93.0,91.0,91.0,92.0,94.0,high,high,high,high,high,high,high,high,high,2026-06-12
hitter,SF,CHC,Jung Hoo Lee,808982,5.0,RF,Confirmed,4.04,,,,,0.46,0.1,,,,,0.45573594124789985,0.4646298752441372,0.10415941229210361,0.09212722828152571,1.0980834272829765,0.9953386009520944,0.06865622968802088,0.05915031678306392,,,1.04,0.37,0.34,1.48,0.06,1.48,0.12,0.01,0.0,0.22,1.5956790123456794,1.3873196231186307,0.118,,0.012,,0.0,,False,96.0,99.0,96.0,88.0,93.0,91.0,91.0,92.0,94.0,high,high,high,high,high,high,high,high,high,2026-06-12
hitter,SF,CHC,Willy Adames,642715,6.0,SS,Confirmed,4.08,,,,,1.09,0.8,,,,,1.1564535791834554,1.0194302014123342,0.8530217095843994,0.7465865415455143,0.994208494208494,0.8323790811931405,0.07160896042024528,0.06839338737752018,,,0.91,0.39,0.44,1.53,0.07,1.31,0.11,0.01,0.0,0.257,1.3893129770992367,1.2395724989078107,0.113,,0.007,,0.0,,False,96.0,99.0,96.0,88.0,93.0,91.0,91.0,92.0,94.0,high,high,high,high,high,high,high,high,high,2026-06-12
hitter,SF,CHC,Matt Chapman,656305,7.0,3B,Confirmed,4.03,,,,,0.95,0.16,,,,,0.9225733082000849,0.9758514758572152,0.1641608492711664,0.1555112705176825,0.8949771689497716,0.8501522951352195,0.16897128180937532,0.18141642296901703,,,0.87,0.39,0.38,1.55,0.18,1.6,0.1,0.01,0.0,0.261,1.684375,1.5331939934734713,0.104,,0.007,,0.0,,False,96.0,99.0,96.0,88.0,93.0,91.0,91.0,92.0,94.0,high,high,high,high,high,high,high,high,high,2026-06-12
hitter,SF,CHC,Drew Gilbert,687551,8.0,CF,Confirmed,2.77,,,,,0.59,0.09,,,,,0.6227853614714872,0.5633199659253345,0.09585775459297353,0.08162074748352595,0.6434108527131783,0.463061912660348,0.06431975161268333,0.05722959654164382,,,0.54,0.19,0.18,0.79,0.06,0.86,0.08,0.01,0.0,0.195,0.9875776397515532,0.758508037500552,0.085,,0.007,,0.0,,False,96.0,99.0,96.0,88.0,93.0,91.0,91.0,92.0,94.0,high,high,high,high,high,high,high,high,high,2026-06-12
hitter,SF,CHC,Daniel Susac,691740,9.0,C,Confirmed,3.49,,,,,0.89,0.09,,,,,0.9051613920994382,0.8649927443786882,0.09989313873592376,0.0832182623630142,0.994208494208494,0.825364445533817,0.0809003668058178,0.08085261610942024,,,0.9,0.31,0.3,1.31,0.08,1.35,0.11,0.01,0.0,0.243,1.4476190476190476,1.2625216947245512,0.111,,0.008,,0.0,,False,96.0,99.0,96.0,88.0,93.0,91.0,91.0,92.0,94.0,high,high,high,high,high,high,high,high,high,2026-06-12
hitter,CHC,SF,Pete Crow-Armstrong,691718,1.0,CF,Confirmed,4.51,,,,,0.99,0.41,,,,,0.9748005509016432,1.005855777541912,0.3966692258634896,0.4208764698319829,0.8949771689497716,0.9175379090058438,0.21393009505279195,0.19379057389168985,,,0.91,0.46,0.36,1.52,0.2,1.75,0.1,0.01,0.0,0.253,1.914285714285714,1.6097782039343782,0.104,,0.009,,0.0,,False,96.0,99.0,96.0,88.0,93.0,91.0,91.0,92.0,94.0,high,high,high,high,high,high,high,high,high,2026-06-12
hitter,CHC,SF,Alex Bregman,608324,2.0,3B,Confirmed,4.51,,,,,0.63,0.63,,,,,0.6316298529011607,0.6244779751159083,0.625981768012523,0.6353825684032403,0.994208494208494,0.9198959346998958,0.15621806713241954,0.15200155483016972,,,0.95,0.49,0.33,1.52,0.15,1.62,0.13,0.01,0.0,0.288,1.684375,1.561094034515182,0.132,,0.007,,0.0,,False,96.0,99.0,96.0,88.0,93.0,91.0,91.0,92.0,94.0,high,high,high,high,high,high,high,high,high,2026-06-12
hitter,CHC,SF,Michael Busch,683737,3.0,1B,Confirmed,4.39,,,,,0.98,0.62,,,,,0.9666224796093336,0.9941113087268437,0.6376660556950189,0.5977460585825632,0.8770949720670391,0.8582604874327715,0.1648198408724054,0.19037217727409894,,,0.87,0.49,0.38,1.57,0.18,1.48,0.11,0.01,0.0,0.294,1.5956790123456794,1.387655979822266,0.11,,0.007,,0.0,,False,96.0,99.0,96.0,88.0,93.0,91.0,91.0,92.0,94.0,high,high,high,high,high,high,high,high,high,2026-06-12
hitter,CHC,SF,Ian Happ,664023,4.0,LF,Confirmed,4.39,,,,,1.02,0.73,,,,,1.0161525583450988,1.017853485440763,0.7414301834577853,0.7129322438034138,0.8694581280788177,0.8841947079835941,0.23631462936502262,0.2494660448956582,,,0.88,0.55,0.43,1.68,0.24,1.81,0.12,0.01,0.0,0.33,1.914285714285714,1.7335759116080074,0.12,,0.007,,0.0,,False,96.0,99.0,96.0,88.0,93.0,91.0,91.0,92.0,94.0,high,high,high,high,high,high,high,high,high,2026-06-12
hitter,CHC,SF,Seiya Suzuki,673548,5.0,RF,Confirmed,3.96,,,,,0.87,0.51,,,,,0.8603279281654473,0.8881844065595554,0.5267082686131312,0.48699218542216116,0.801980198019802,0.7271445139097964,0.21154101550327176,0.20316659004884893,,,0.76,0.46,0.38,1.49,0.21,1.5,0.11,0.01,0.0,0.3,1.5956790123456794,1.421261180423001,0.109,,0.007,,0.0,,False,96.0,99.0,96.0,88.0,93.0,91.0,91.0,92.0,94.0,high,high,high,high,high,high,high,high,high,2026-06-12
hitter,CHC,SF,Nico Hoerner,663538,6.0,2B,Confirmed,4.51,,,,,0.33,0.39,,,,,0.2866762795012805,0.3757825766924859,0.3480852836144547,0.42911566582990646,1.0980834272829765,1.1701406929518838,0.08358933275953634,0.07858998242216515,,,1.14,0.4,0.39,1.66,0.08,1.57,0.16,0.01,0.0,0.26,1.5956790123456794,1.5567655299600565,0.157,,0.013,,0.0,,False,96.0,99.0,96.0,88.0,93.0,91.0,91.0,92.0,94.0,high,high,high,high,high,high,high,high,high,2026-06-12
hitter,CHC,SF,Moisés Ballesteros,694208,7.0,DH,Confirmed,3.02,,,,,0.56,0.33,,,,,0.5543649155597847,0.5561840223830538,0.33236790773166947,0.32463913711076137,0.5846774193548387,0.45574256824416876,0.09491041249714108,0.07030213670021127,,,0.51,0.24,0.2,0.85,0.08,0.9,0.08,0.01,0.0,0.237,1.001763668430335,0.8172023398243855,0.08,,0.006,,0.0,,False,96.0,99.0,96.0,88.0,93.0,91.0,91.0,92.0,94.0,high,high,high,high,high,high,high,high,high,2026-06-12
hitter,CHC,SF,Carson Kelly,608348,8.0,C,Confirmed,3.33,,,,,0.58,0.36,,,,,0.5854980788910062,0.5708268962591171,0.3854878084940503,0.3284249101224468,0.7061469265367316,0.5812913134762329,0.14135541051336056,0.11311294410643408,,,0.64,0.3,0.25,1.03,0.13,1.05,0.11,0.01,0.0,0.267,1.1521739130434783,0.9740525527859137,0.114,,0.006,,0.0,,False,96.0,99.0,96.0,88.0,93.0,91.0,91.0,92.0,94.0,high,high,high,high,high,high,high,high,high,2026-06-12
hitter,CHC,SF,Dansby Swanson,621020,9.0,SS,Confirmed,3.89,,,,,0.88,0.46,,,,,0.8564053229984018,0.8980071540524688,0.4500344098334741,0.47165136841287925,0.7715355805243446,0.7383023830801473,0.14758998454317745,0.15159231180855992,,,0.75,0.37,0.31,1.33,0.15,1.31,0.11,0.01,0.0,0.282,1.3148148148148149,1.3134363498992314,0.109,,0.007,,0.0,,False,96.0,99.0,96.0,88.0,93.0,91.0,91.0,92.0,94.0,high,high,high,high,high,high,high,high,high,2026-06-12
