player_type,team,opponent,player_name,mlb_id,lineup_spot,pos,lineup_status,proj_pa,proj_ip,proj_outs,proj_runs_allowed,proj_hits_allowed,proj_strikeouts,proj_walks,proj_hr_allowed,proj_er_model,proj_fip,proj_war_contribution,direct_K,rate_K,direct_BB,rate_BB,direct_H,rate_H,direct_HR,rate_HR,direct_R,rate_R,proj_hits,proj_runs,proj_rbi,proj_hrrbi,proj_hr,proj_tb,proj_2b,proj_3b,proj_sb,proj_woba,direct_TB,rate_TB,direct_2B,rate_2B,direct_3B,rate_3B,direct_SB,rate_SB,used_fallback,confidence_score,proj_pa_confidence_score,proj_hits_confidence_score,proj_hr_confidence_score,proj_strikeouts_confidence_score,proj_runs_confidence_score,proj_rbi_confidence_score,proj_hrrbi_confidence_score,proj_walks_confidence_score,confidence,proj_pa_confidence,proj_hits_confidence,proj_hr_confidence,proj_strikeouts_confidence,proj_runs_confidence,proj_rbi_confidence,proj_hrrbi_confidence,proj_walks_confidence,game_date
pitcher,DET,BOS,Framber Valdez,664285,,,,,5.21,16.0,2.63,5.2,4.78,1.97,0.56,2.28,4.01,0.103,4.676567656765677,4.891864265242002,1.890295358649789,2.220376515405656,5.093457943925234,5.60391027264924,0.5409836065573771,0.5943699081420252,2.28,,,,,,,,,,,,,,,,,,,,,,,,,,,,,,,,,,,,,,,2026-05-05
pitcher,TB,TOR,Drew Rasmussen,656876,,,,,4.79,14.0,2.2,4.43,4.78,1.43,0.55,2.21,3.78,0.081,4.676567656765677,4.882964964028157,1.3455882352941178,1.6812829944533958,4.326530612244898,4.858659276173211,0.5409836065573771,0.5661210675823506,2.212,,,,,,,,,,,,,,,,,,,,,,,,,,,,,,,,,,,,,,,2026-05-05
pitcher,TOR,TB,Kevin Gausman,592332,,,,,5.21,16.0,2.35,4.64,4.78,1.66,0.56,2.21,3.85,0.111,4.676567656765677,4.891864265242002,1.610062893081761,1.8287023801883489,4.525423728813561,5.091203252124897,0.5409836065573771,0.6157600755958343,2.212,,,,,,,,,,,,,,,,,,,,,,,,,,,,,,,,,,,,,,,2026-05-05
pitcher,PHI,ATH,Cristopher Sánchez,650911,,,,,5.59,17.0,2.68,5.51,6.12,1.33,0.82,2.21,3.66,0.138,6.017094017094017,6.22165190063958,1.2772277227722773,1.496664175755607,5.387096774193548,6.012640772381813,0.7580645161290323,0.9619796749053355,2.212,,,,,,,,,,,,,,,,,,,,,,,,,,,,,,,,,,,,,,,2026-05-05
pitcher,ATH,PHI,Luis Severino,622663,,,,,5.21,16.0,2.62,5.2,4.0,1.85,0.57,2.48,4.31,0.08,3.8412698412698414,4.161194010326272,1.836734693877551,1.9000404918068519,5.093457943925234,5.60391027264924,0.547945205479452,0.6157600755958343,2.481,,,,,,,,,,,,,,,,,,,,,,,,,,,,,,,,,,,,,,,2026-05-05
pitcher,MIA,BAL,Sandy Alcantara,645261,,,,,5.21,16.0,2.93,5.4,4.78,1.97,0.95,3.08,4.93,0.017,4.676567656765677,4.891864265242002,1.890295358649789,2.220376515405656,5.093457943925234,6.628482816501804,0.9130434782608695,1.0344452087163136,3.075,,,,,,,,,,,,,,,,,,,,,,,,,,,,,,,,,,,,,,,2026-05-05
pitcher,BAL,MIA,Chris Bassitt,605135,,,,,4.61,14.0,2.53,4.73,4.62,1.68,0.77,1.79,4.58,0.117,4.5344827586206895,4.699471499826681,1.610062893081761,1.887057725686575,4.666666666666667,4.95854632570307,0.7580645161290323,0.7933320753691587,1.789,,,,,,,,,,,,,,,,,,,,,,,,,,,,,,,,,,,,,,,2026-05-05
pitcher,WSH,MIN,Cade Cavalli,676917,,,,,4.61,14.0,2.46,4.52,4.6,1.87,0.66,2.21,4.29,0.069,4.676567656765677,4.529613400316306,1.836734693877551,1.9646709666065398,4.486486486486487,4.676079178112422,0.625,0.7307583072090245,2.212,,,,,,,,,,,,,,,,,,,,,,,,,,,,,,,,,,,,,,,2026-05-05
pitcher,MIN,WSH,Taj Bradley,671737,,,,,4.79,14.0,2.76,4.57,4.78,2.35,0.89,2.28,5.23,0.073,4.676567656765677,4.882964964028157,2.3333333333333335,2.408344720713209,4.500000000000001,4.858659276173211,0.869281045751634,0.9510542321979162,2.28,,,,,,,,,,,,,,,,,,,,,,,,,,,,,,,,,,,,,,,2026-05-05
pitcher,NYY,TEX,Elmer Rodríguez,695684,,,,,4.61,14.0,2.25,4.4,4.69,1.7,0.5,2.21,3.74,0.069,4.676567656765677,4.699471499826681,1.610062893081761,1.9503289764882537,4.326530612244898,4.676079178112422,0.4827586206896552,0.5259203985671278,2.212,,,,,,,,,,,,,,,,,,,,,,,,,,,,,,,,,,,,,,,2026-05-05
pitcher,TEX,NYY,Jacob deGrom,594798,,,,,4.79,14.0,2.29,3.86,6.78,1.63,0.92,2.21,4.07,0.081,6.649122807017544,6.910604507286993,1.610062893081761,1.6824961466193542,3.6666666666666665,4.62755356150739,0.9130434782608695,0.9510542321979162,2.212,,,,,,,,,,,,,,,,,,,,,,,,,,,,,,,,,,,,,,,2026-05-05
pitcher,CHC,CIN,Jameson Taillon,592791,,,,,4.79,14.0,2.65,5.12,4.31,1.28,0.88,2.43,4.63,0.057,4.5344827586206895,4.0935217530038726,1.2772277227722773,1.2824725226957707,4.879746835443039,6.094132954135056,0.869281045751634,0.907982663950451,2.432,,,,,,,,,,,,,,,,,,,,,,,,,,,,,,,,,,,,,,,2026-05-05
pitcher,CIN,CHC,Andrew Abbott,671096,,,,,4.79,14.0,2.31,4.57,4.59,1.43,0.61,2.28,3.95,0.073,4.676567656765677,4.497510524090055,1.3455882352941178,1.6812829944533958,4.500000000000001,4.858659276173211,0.625,0.5661210675823506,2.28,,,,,,,,,,,,,,,,,,,,,,,,,,,,,,,,,,,,,,,2026-05-05
pitcher,KC,CLE,Stephen Kolek,663568,,,,,5.21,16.0,2.89,5.2,4.78,1.83,0.95,2.48,4.79,0.08,4.676567656765677,4.891864265242002,1.836734693877551,1.8287023801883489,5.093457943925234,5.60391027264924,0.9130434782608695,1.0344452087163136,2.481,,,,,,,,,,,,,,,,,,,,,,,,,,,,,,,,,,,,,,,2026-05-05
pitcher,CLE,KC,Gavin Williams,668909,,,,,5.21,16.0,2.52,4.63,5.75,2.31,0.56,2.21,3.94,0.111,5.708333333333333,5.798713131007553,2.3333333333333335,2.220376515405656,4.525423728813561,5.0333098236854905,0.5409836065573771,0.5943699081420252,2.212,,,,,,,,,,,,,,,,,,,,,,,,,,,,,,,,,,,,,,,2026-05-05
pitcher,HOU,LAD,Peter Lambert,663567,,,,,5.13,15.0,2.58,4.69,6.79,1.96,0.8,2.21,3.89,0.105,6.649122807017544,6.939281759278579,1.890295358649789,2.18628244223244,4.486486486486487,5.51786174638975,0.7580645161290323,0.8828185567557015,2.212,,,,,,,,,,,,,,,,,,,,,,,,,,,,,,,,,,,,,,,2026-05-05
pitcher,LAD,HOU,Shohei Ohtani,660271,,,,,4.79,14.0,2.2,4.39,6.25,1.43,0.51,1.79,3.16,0.13,6.017094017094017,6.479368348332241,1.3455882352941178,1.6812829944533958,4.326530612244898,4.62755356150739,0.5409836065573771,0.44045373111342334,1.789,,,,,,,,,,,,,,,,,,,,,,,,,,,,,,,,,,,,,,,2026-05-05
pitcher,LAA,CWS,Sam Aldegheri,691951,,,,,4.61,14.0,2.56,4.73,4.5,1.91,0.76,2.21,4.66,0.069,4.676567656765677,4.328501777882078,1.890295358649789,1.9646709666065398,4.666666666666667,4.95854632570307,0.7441860465116279,0.7933320753691587,2.212,,,,,,,,,,,,,,,,,,,,,,,,,,,,,,,,,,,,,,,2026-05-05
pitcher,CWS,LAA,Erick Fedde,607200,,,,,4.61,14.0,2.71,4.73,4.43,2.0,0.91,3.0,5.2,-0.013,4.5344827586206895,4.328501777882078,1.890295358649789,2.3178432489536314,4.666666666666667,4.95854632570307,0.9130434782608695,0.91531524226146,3.0,,,,,,,,,,,,,,,,,,,,,,,,,,,,,,,,,,,,,,,2026-05-05
pitcher,AZ,PIT,Eduardo Rodriguez,593958,,,,,5.13,15.0,2.64,5.01,4.95,1.96,0.59,2.48,4.19,0.074,4.676567656765677,5.229563729742055,1.890295358649789,2.18628244223244,4.879746835443039,5.51786174638975,0.547945205479452,0.6801790571227196,2.481,,,,,,,,,,,,,,,,,,,,,,,,,,,,,,,,,,,,,,,2026-05-05
pitcher,PIT,AZ,Bubba Chandler,696149,,,,,4.79,14.0,2.28,4.43,5.0,1.63,0.54,2.21,3.89,0.081,4.676567656765677,5.331254490887942,1.610062893081761,1.6812829944533958,4.326530612244898,4.858659276173211,0.5409836065573771,0.5464552514395971,2.212,,,,,,,,,,,,,,,,,,,,,,,,,,,,,,,,,,,,,,,2026-05-05
pitcher,SEA,ATL,George Kirby,669923,,,,,5.21,16.0,2.59,4.96,5.54,1.36,0.91,2.28,4.28,0.103,5.275,5.798713131007553,1.3455882352941178,1.3949231405521847,4.879746835443039,5.2846795049817175,0.886885717801516,0.9492190570461131,2.28,,,,,,,,,,,,,,,,,,,,,,,,,,,,,,,,,,,,,,,2026-05-05
pitcher,ATL,SEA,Bryce Elder,693821,,,,,5.21,16.0,2.86,5.3,4.78,1.9,0.88,2.48,4.93,0.08,4.676567656765677,4.891864265242002,1.890295358649789,1.9257240242627596,5.3076923076923075,5.2846795049817175,0.869281045751634,0.8965857077382466,2.481,,,,,,,,,,,,,,,,,,,,,,,,,,,,,,,,,,,,,,,2026-05-05
pitcher,SF,SD,Logan Webb,657277,,,,,5.59,17.0,2.67,5.33,6.72,1.5,0.9,2.28,3.73,0.13,6.649122807017544,6.78431677556018,1.3455882352941178,1.9620818244247349,4.879746835443039,7.111942215786004,0.869281045751634,0.9619796749053355,2.28,,,,,,,,,,,,,,,,,,,,,,,,,,,,,,,,,,,,,,,2026-05-05
pitcher,SD,SF,Walker Buehler,621111,,,,,4.61,14.0,2.74,4.58,3.67,2.2,0.91,2.48,5.76,0.04,3.6538461538461537,3.681977809520944,2.163265306122449,2.3178432489536314,4.486486486486487,4.95854632570307,0.9130434782608695,0.91531524226146,2.481,,,,,,,,,,,,,,,,,,,,,,,,,,,,,,,,,,,,,,,2026-05-05
hitter,DET,BOS,Matt Vierling,663837,1.0,CF,Confirmed,3.54,,,,,1.01,0.19,,,,,0.9360821058450081,1.086292778479685,0.17199230968741402,0.20756246369833686,0.4125159642401022,0.39532413678445943,0.026719052095149028,0.03218809643107909,,,0.4,0.21,0.15,0.78,0.03,0.56,0.11,0.01,0.0,0.158,0.5302013422818792,0.5778411553076422,0.111,,0.007,,0.0,,False,82.0,86.0,82.0,74.0,79.0,77.0,77.0,78.0,80.0,high,high,high,medium,medium,medium,medium,medium,high,2026-05-05
hitter,DET,BOS,Kevin McGonigle,805808,2.0,SS,Confirmed,4.18,,,,,1.17,0.33,,,,,1.1926278976065368,1.1523747859626199,0.3526261577999077,0.31593243674198607,0.8694581280788177,0.8704457402998067,0.26055751788716563,0.1952518931437895,,,0.87,0.56,0.46,1.89,0.23,1.65,0.17,0.01,0.0,0.328,1.684375,1.6138139491676695,0.174,,0.012,,0.0,,False,82.0,86.0,82.0,74.0,79.0,77.0,77.0,78.0,80.0,high,high,high,medium,medium,medium,medium,medium,high,2026-05-05
hitter,DET,BOS,Jahmai Jones,663330,3.0,DH,Confirmed,1.84,,,,,0.77,0.09,,,,,0.8327076412664696,0.6982561518891222,0.0978507064105196,0.07730056573707439,0.23333333333333334,0.11832368673696282,0.023057714586955155,0.009790462991643618,,,0.17,0.12,0.1,0.46,0.02,0.14,0.07,0.01,0.0,0.179,0.23076923076923078,0.06575463973575353,0.069,,0.006,,0.0,,False,82.0,86.0,82.0,74.0,79.0,77.0,77.0,78.0,80.0,high,high,high,medium,medium,medium,medium,medium,high,2026-05-05
hitter,DET,BOS,Dillon Dingler,693307,4.0,C,Confirmed,3.81,,,,,1.18,0.15,,,,,1.1360872364427859,1.219860087769235,0.14348169109934866,0.15597399032711542,0.35424354243542433,0.4299825742577583,0.02927160222320363,0.03307282887757503,,,0.4,0.19,0.15,0.69,0.03,0.63,0.09,0.01,0.0,0.127,0.6289308176100628,0.6240903851179164,0.093,,0.006,,0.0,,False,82.0,86.0,82.0,74.0,79.0,77.0,77.0,78.0,80.0,high,high,high,medium,medium,medium,medium,medium,high,2026-05-05
hitter,DET,BOS,Riley Greene,682985,5.0,LF,Confirmed,3.96,,,,,1.52,0.25,,,,,1.5246407078228015,1.5199790505586097,0.24369833725218215,0.25450536130061396,0.4125159642401022,0.41132056095954617,0.04489534076627603,0.03814886543735839,,,0.41,0.24,0.19,0.84,0.04,0.59,0.12,0.01,0.0,0.16,0.5302013422818792,0.6377497783257278,0.12,,0.007,,0.0,,False,82.0,86.0,82.0,74.0,79.0,77.0,77.0,78.0,80.0,high,high,high,medium,medium,medium,medium,medium,high,2026-05-05
hitter,DET,BOS,Wenceel Pérez,672761,6.0,RF,Confirmed,2.26,,,,,0.85,0.08,,,,,0.9152228826046119,0.7773912831066512,0.10721402418537795,0.06173036636240902,0.2543859649122807,0.17921683331865462,0.022155587262178693,0.015170145069755748,,,0.21,0.12,0.11,0.48,0.02,0.24,0.07,0.01,0.0,0.156,0.28125,0.2040897123396881,0.068,,0.007,,0.0,,False,82.0,86.0,82.0,74.0,79.0,77.0,77.0,78.0,80.0,high,high,high,medium,medium,medium,medium,medium,high,2026-05-05
hitter,DET,BOS,Spencer Torkelson,679529,7.0,1B,Confirmed,3.1,,,,,1.23,0.18,,,,,1.3412741819118688,1.1215937823134208,0.19392639185195548,0.16281830744154843,0.3344051446945337,0.25415460047172933,0.027736224278259516,0.017249323108835594,,,0.29,0.16,0.13,0.63,0.02,0.42,0.08,0.01,0.0,0.16,0.44025157232704404,0.39525672395791617,0.084,,0.006,,0.0,,False,82.0,86.0,82.0,74.0,79.0,77.0,77.0,78.0,80.0,high,high,high,medium,medium,medium,medium,medium,high,2026-05-05
hitter,DET,BOS,Zach McKinstry,656716,8.0,3B,Confirmed,3.1,,,,,0.9,0.12,,,,,0.8901177144334087,0.8998933362782168,0.11653623575605793,0.12152414564156243,0.7061469265367316,0.6024441205904998,0.021102845422050227,0.0004159053235664926,,,0.65,0.26,0.22,1.13,0.01,0.79,0.16,0.01,0.0,0.239,0.8408408408408409,0.7457663383913515,0.16,,0.011,,0.0,,False,82.0,86.0,82.0,74.0,79.0,77.0,77.0,78.0,80.0,high,high,high,medium,medium,medium,medium,medium,high,2026-05-05
hitter,DET,BOS,Hao-Yu Lee,701678,9.0,2B,Confirmed,1.92,,,,,0.89,0.08,,,,,1.0091349302332144,0.7715540697167911,0.0933284352476521,0.05735336751201995,0.0,0.10460122961907553,0.023153695806472658,0.01241702237434023,,,0.06,0.03,0.02,0.04,0.02,0.18,0.0,0.0,0.0,0.058,0.23076923076923078,0.13842002006344675,0.066,,0.006,,0.0,,False,82.0,86.0,82.0,74.0,79.0,77.0,77.0,78.0,80.0,high,high,high,medium,medium,medium,medium,medium,high,2026-05-05
hitter,BOS,DET,Jarren Duran,680776,1.0,LF,Confirmed,4.18,,,,,1.06,0.32,,,,,1.0856567700845323,1.0306397235046882,0.3318534399646593,0.301592473216318,1.0980834272829765,1.0233381183823251,0.1483737469097547,0.13051480949260597,,,1.06,0.41,0.32,1.63,0.14,1.77,0.17,0.02,0.0,0.247,1.914285714285714,1.6558378879525826,0.174,,0.021,,0.0,,False,96.0,99.0,96.0,88.0,93.0,91.0,91.0,92.0,94.0,high,high,high,high,high,high,high,high,high,2026-05-05
hitter,BOS,DET,Willson Contreras,575929,2.0,1B,Confirmed,4.25,,,,,1.16,0.29,,,,,1.2453117133196254,1.0687405405782218,0.30269429116280233,0.28730373924761743,1.0980834272829765,1.1281467322946481,0.1882873874509942,0.14310021826985225,,,1.11,0.46,0.36,1.82,0.17,1.81,0.21,0.01,0.0,0.266,1.914285714285714,1.7225919345746454,0.206,,0.008,,0.0,,False,96.0,99.0,96.0,88.0,93.0,91.0,91.0,92.0,94.0,high,high,high,high,high,high,high,high,high,2026-05-05
hitter,BOS,DET,Wilyer Abreu,677800,3.0,RF,Confirmed,4.04,,,,,0.98,0.31,,,,,0.9826709606637306,0.9773028737013204,0.31322978333031537,0.29737146186061575,0.994208494208494,0.8912272633697512,0.09504291150004845,0.06610372050685631,,,0.94,0.39,0.33,1.52,0.08,1.54,0.16,0.01,0.0,0.24,1.684375,1.4152071781805693,0.16,,0.009,,0.0,,False,96.0,99.0,96.0,88.0,93.0,91.0,91.0,92.0,94.0,high,high,high,high,high,high,high,high,high,2026-05-05
hitter,BOS,DET,Trevor Story,596115,4.0,SS,Confirmed,4.25,,,,,1.1,0.26,,,,,1.1083513622430994,1.0826229568015089,0.27307150911926004,0.2539257602170166,1.0980834272829765,1.1255147317209602,0.11017343702505522,0.09302198282557392,,,1.11,0.45,0.4,1.84,0.1,1.74,0.19,0.01,0.0,0.259,1.914285714285714,1.5906821412785732,0.194,,0.007,,0.0,,False,96.0,99.0,96.0,88.0,93.0,91.0,91.0,92.0,94.0,high,high,high,high,high,high,high,high,high,2026-05-05
hitter,BOS,DET,Ceddanne Rafaela,678882,5.0,CF,Confirmed,3.96,,,,,0.8,0.2,,,,,0.8031488391760363,0.7900933218613131,0.19751756996035086,0.19592980369792767,1.0,1.0560373366904396,0.07916101903121292,0.07886243777138834,,,1.03,0.43,0.39,1.82,0.08,1.57,0.15,0.01,0.0,0.264,1.684375,1.4684797701758248,0.153,,0.011,,0.0,,False,96.0,99.0,96.0,88.0,93.0,91.0,91.0,92.0,94.0,high,high,high,high,high,high,high,high,high,2026-05-05
hitter,BOS,DET,Andruw Monasterio,655316,6.0,DH,Confirmed,3.58,,,,,0.82,0.22,,,,,0.793307161313561,0.8560714321140213,0.2267709407167907,0.21354924080206258,0.994208494208494,0.8433638258750334,0.044838343784766165,0.042733654884277855,,,0.91,0.28,0.28,1.27,0.04,1.15,0.13,0.01,0.0,0.221,1.239368165249089,1.082878357906383,0.132,,0.01,,0.0,,False,96.0,99.0,96.0,88.0,93.0,91.0,91.0,92.0,94.0,high,high,high,high,high,high,high,high,high,2026-05-05
hitter,BOS,DET,Caleb Durbin,702332,7.0,3B,Confirmed,3.49,,,,,0.52,0.26,,,,,0.5428532201895429,0.5014383452302502,0.2788059791367453,0.24192180948364989,0.994208494208494,0.8145945067444819,0.03921166794005053,0.03423084165006934,,,0.9,0.31,0.28,1.39,0.04,1.15,0.18,0.01,0.0,0.252,1.239368165249089,1.0679210103005816,0.178,,0.008,,0.0,,False,96.0,99.0,96.0,88.0,93.0,91.0,91.0,92.0,94.0,high,high,high,high,high,high,high,high,high,2026-05-05
hitter,BOS,DET,Connor Wong,657136,8.0,C,Confirmed,3.1,,,,,0.62,0.43,,,,,0.6258420457399788,0.6044372638700136,0.4536061312995766,0.4021094698342725,0.7061469265367316,0.5019628121098401,0.030058210626460122,0.022143449138549244,,,0.59,0.28,0.25,1.23,0.03,0.78,0.12,0.01,0.0,0.249,0.8408408408408409,0.7282663642770026,0.123,,0.007,,0.0,,False,96.0,99.0,96.0,88.0,93.0,91.0,91.0,92.0,94.0,high,high,high,high,high,high,high,high,high,2026-05-05
hitter,BOS,DET,Isiah Kiner-Falefa,643396,9.0,2B,Confirmed,2.77,,,,,0.61,0.12,,,,,0.6614109431448513,0.5625978049724616,0.1309785466363027,0.10692569355695107,0.7061469265367316,0.5615406328317741,0.029816567691589205,0.025179933830935426,,,0.63,0.25,0.22,1.11,0.03,0.84,0.11,0.01,0.0,0.245,0.9875776397515532,0.7144432618129475,0.109,,0.007,,0.0,,False,96.0,99.0,96.0,88.0,93.0,91.0,91.0,92.0,94.0,high,high,high,high,high,high,high,high,high,2026-05-05
hitter,TB,TOR,Chandler Simpson,802415,1.0,LF,Confirmed,3.74,,,,,0.32,0.13,,,,,0.28599576799612014,0.3582732328647774,0.14103985305643907,0.12426550390037586,0.7715355805243446,0.7847217246841975,0.03634950979735857,0.025104372765358058,,,0.78,0.32,0.25,1.21,0.03,1.09,0.1,0.01,0.0,0.212,1.1238670694864048,1.0702596249182648,0.1,,0.01,,0.0,,False,96.0,99.0,96.0,88.0,93.0,91.0,91.0,92.0,94.0,high,high,high,high,high,high,high,high,high,2026-05-05
hitter,TB,TOR,Junior Caminero,691406,2.0,3B,Confirmed,4.18,,,,,0.59,0.3,,,,,0.6117566445587367,0.5746712636293811,0.3109831445663237,0.29161067733959634,1.0980834272829765,1.0765727421114812,0.26093875751222434,0.24318588978889827,,,1.09,0.62,0.52,1.95,0.25,1.94,0.13,0.01,0.0,0.361,1.914285714285714,1.9544690975665033,0.127,,0.006,,0.0,,False,96.0,99.0,96.0,88.0,93.0,91.0,91.0,92.0,94.0,high,high,high,high,high,high,high,high,high,2026-05-05
hitter,TB,TOR,Jonathan Aranda,666018,3.0,1B,Confirmed,4.18,,,,,0.86,0.42,,,,,0.8705381397280402,0.8447176715315946,0.4606205010450133,0.38358415262910034,0.994208494208494,0.9509490947020967,0.14962283378704275,0.15984249086315191,,,0.97,0.53,0.45,1.69,0.15,1.66,0.14,0.01,0.0,0.326,1.684375,1.6452539655595035,0.136,,0.009,,0.0,,False,96.0,99.0,96.0,88.0,93.0,91.0,91.0,92.0,94.0,high,high,high,high,high,high,high,high,high,2026-05-05
hitter,TB,TOR,Yandy Díaz,650490,4.0,DH,Confirmed,4.25,,,,,0.46,0.35,,,,,0.4840505771213155,0.425951815211551,0.3372332162762016,0.3569955352045074,1.0980834272829765,1.1300569964128695,0.16109276273477913,0.1639502107967968,,,1.12,0.59,0.54,2.0,0.16,1.86,0.13,0.01,0.0,0.343,1.914285714285714,1.8220958726330978,0.126,,0.006,,0.0,,False,96.0,99.0,96.0,88.0,93.0,91.0,91.0,92.0,94.0,high,high,high,high,high,high,high,high,high,2026-05-05
hitter,TB,TOR,Jake Fraley,641584,5.0,RF,Confirmed,3.02,,,,,0.85,0.15,,,,,0.806563076033705,0.887379572791242,0.16483195625445665,0.14498424039253255,0.4125159642401022,0.3773069480218731,0.02188665254284433,0.01778189569038545,,,0.39,0.3,0.27,0.98,0.02,0.62,0.08,0.01,0.0,0.246,0.6720588235294118,0.5811314682131419,0.081,,0.007,,0.0,,False,96.0,99.0,96.0,88.0,93.0,91.0,91.0,92.0,94.0,high,high,high,high,high,high,high,high,high,2026-05-05
hitter,TB,TOR,Ben Williamson,810938,6.0,2B,Confirmed,3.81,,,,,0.59,0.17,,,,,0.5459693167114464,0.641773710085403,0.1779328552762941,0.1641846763392202,0.8949771689497716,0.8855606906989753,0.06405657692681453,0.06600356930230933,,,0.89,0.34,0.34,1.39,0.07,1.31,0.09,0.01,0.0,0.245,1.3148148148148149,1.3092770773834048,0.086,,0.006,,0.0,,False,96.0,99.0,96.0,88.0,93.0,91.0,91.0,92.0,94.0,high,high,high,high,high,high,high,high,high,2026-05-05
hitter,TB,TOR,Cedric Mullins,656775,7.0,CF,Confirmed,3.33,,,,,0.62,0.22,,,,,0.6085215331061199,0.6306457917151418,0.23241966610644102,0.20124295334500317,0.707983193277311,0.6477632796769137,0.12775433217078289,0.12762794267905175,,,0.67,0.35,0.33,1.21,0.13,1.17,0.1,0.01,0.0,0.293,1.239368165249089,1.1059641906118198,0.101,,0.007,,0.0,,False,96.0,99.0,96.0,88.0,93.0,91.0,91.0,92.0,94.0,high,high,high,high,high,high,high,high,high,2026-05-05
hitter,TB,TOR,Hunter Feduccia,676439,8.0,C,Confirmed,2.55,,,,,0.78,0.17,,,,,0.7988370075795865,0.7704993345243014,0.18906838322767835,0.1477813303884239,0.35424354243542433,0.2599016404388536,0.01399424474295089,0.002661747793332776,,,0.3,0.2,0.16,0.71,0.01,0.4,0.07,0.01,0.0,0.232,0.44025157232704404,0.3586539647181894,0.071,,0.007,,0.0,,False,96.0,99.0,96.0,88.0,93.0,91.0,91.0,92.0,94.0,high,high,high,high,high,high,high,high,high,2026-05-05
hitter,TB,TOR,Richie Palacios,680700,9.0,2B,Confirmed,3.74,,,,,0.93,0.3,,,,,0.8635860174340204,0.9943570307574814,0.3151385358660481,0.28992968150034665,0.994208494208494,0.8714542205824017,0.024908003092452124,0.029782560207847145,,,0.93,0.31,0.27,1.17,0.03,1.17,0.1,0.01,0.0,0.244,1.239368165249089,1.1186121939059839,0.099,,0.007,,0.0,,False,96.0,99.0,96.0,88.0,93.0,91.0,91.0,92.0,94.0,high,high,high,high,high,high,high,high,high,2026-05-05
hitter,TOR,TB,George Springer,543807,1.0,DH,Confirmed,3.74,,,,,0.8,0.37,,,,,0.7921521769512911,0.8023310900243096,0.3692940833794579,0.37513448877994254,0.7061469265367316,0.6017313660762192,0.23845903926856163,0.24441963067904005,,,0.65,0.39,0.29,1.48,0.24,1.33,0.16,0.01,0.0,0.264,1.3148148148148149,1.3492258787076838,0.155,,0.009,,0.0,,False,96.0,99.0,96.0,88.0,93.0,91.0,91.0,92.0,94.0,high,high,high,high,high,high,high,high,high,2026-05-05
hitter,TOR,TB,Yohendrick Piñango,682818,2.0,LF,Confirmed,3.32,,,,,0.75,0.15,,,,,0.6738932290780449,0.8186981545557385,0.16600999560320337,0.14308554518332015,0.6434108527131783,0.5762398218963249,0.02727074395657151,0.023553949784570392,,,0.61,0.3,0.23,1.17,0.03,0.86,0.13,0.01,0.0,0.232,0.7899761336515513,0.916668458277226,0.13,,0.009,,0.0,,False,96.0,99.0,96.0,88.0,93.0,91.0,91.0,92.0,94.0,high,high,high,high,high,high,high,high,high,2026-05-05
hitter,TOR,TB,Kazuma Okamoto,672960,3.0,3B,Confirmed,4.18,,,,,1.02,0.33,,,,,1.0089780209485624,1.0406471225547935,0.31622272119974093,0.3372947397655678,0.8949771689497716,0.9195920436035704,0.06559372846479697,0.061124970812572336,,,0.91,0.45,0.38,1.72,0.06,1.31,0.17,0.01,0.0,0.272,1.3148148148148149,1.312931555347845,0.174,,0.01,,0.0,,False,96.0,99.0,96.0,88.0,93.0,91.0,91.0,92.0,94.0,high,high,high,high,high,high,high,high,high,2026-05-05
hitter,TOR,TB,Jesús Sánchez,660821,4.0,RF,Confirmed,3.96,,,,,0.79,0.2,,,,,0.7291676983282676,0.8541693708432947,0.2025415193122009,0.19937385982009287,0.801980198019802,0.7723238070867118,0.055394759603445504,0.04979759147933953,,,0.79,0.38,0.33,1.52,0.05,1.15,0.17,0.01,0.0,0.244,1.1521739130434783,1.1453264065815176,0.174,,0.01,,0.0,,False,96.0,99.0,96.0,88.0,93.0,91.0,91.0,92.0,94.0,high,high,high,high,high,high,high,high,high,2026-05-05
hitter,TOR,TB,Lenyn Sosa,672820,5.0,1B,Confirmed,3.96,,,,,1.29,0.37,,,,,1.1995123559452816,1.3861190820379072,0.35856246472541387,0.3769841095291909,0.707983193277311,0.6751023592602192,0.09792263650163768,0.06673127098247651,,,0.69,0.38,0.34,1.52,0.08,1.16,0.19,0.01,0.0,0.237,1.1521739130434783,1.1598336219088725,0.194,,0.008,,0.0,,False,96.0,99.0,96.0,88.0,93.0,91.0,91.0,92.0,94.0,high,high,high,high,high,high,high,high,high,2026-05-05
hitter,TOR,TB,Daulton Varsho,662139,6.0,CF,Confirmed,4.25,,,,,1.04,0.23,,,,,1.0148849699897167,1.0574262056668822,0.2259383377154377,0.23584769013354706,0.8694581280788177,0.947367941873071,0.05807170490602959,0.08648177821086037,,,0.91,0.37,0.36,1.59,0.07,1.32,0.21,0.01,0.0,0.249,1.3148148148148149,1.3275855281993334,0.207,,0.01,,0.0,,False,96.0,99.0,96.0,88.0,93.0,91.0,91.0,92.0,94.0,high,high,high,high,high,high,high,high,high,2026-05-05
hitter,TOR,TB,Ernie Clement,676391,7.0,2B,Confirmed,4.26,,,,,0.44,0.18,,,,,0.43764735385719067,0.44771950450498804,0.16799424933028417,0.1905457966763798,1.0980834272829765,1.1694824638350365,0.03864928645105412,0.0454568758376763,,,1.14,0.43,0.38,1.91,0.04,1.49,0.23,0.01,0.0,0.285,1.4759615384615385,1.501412694143769,0.226,,0.014,,0.0,,False,96.0,99.0,96.0,88.0,93.0,91.0,91.0,92.0,94.0,high,high,high,high,high,high,high,high,high,2026-05-05
hitter,TOR,TB,Andrés Giménez,665926,8.0,SS,Confirmed,3.96,,,,,0.66,0.19,,,,,0.6636376331552069,0.6494841838163786,0.19118903949694505,0.1802518628691506,0.994208494208494,0.9245803621799209,0.04194507980379658,0.048227569731048164,,,0.96,0.36,0.32,1.57,0.05,1.33,0.2,0.01,0.0,0.263,1.3148148148148149,1.3368181179761842,0.195,,0.011,,0.0,,False,96.0,99.0,96.0,88.0,93.0,91.0,91.0,92.0,94.0,high,high,high,high,high,high,high,high,high,2026-05-05
hitter,TOR,TB,Brandon Valenzuela,678218,9.0,C,Confirmed,3.81,,,,,0.9,0.22,,,,,0.8646788601338008,0.9336207494232093,0.22904492474657667,0.2017469279772078,0.6434108527131783,0.6574233826377173,0.027544230345516355,0.027375104974859826,,,0.65,0.27,0.23,1.15,0.03,0.93,0.16,0.01,0.0,0.214,0.9875776397515532,0.8888994808582519,0.162,,0.009,,0.0,,False,96.0,99.0,96.0,88.0,93.0,91.0,91.0,92.0,94.0,high,high,high,high,high,high,high,high,high,2026-05-05
hitter,PHI,ATH,Trea Turner,607208,1.0,SS,Confirmed,4.18,,,,,0.89,0.13,,,,,0.8907746768509452,0.8843060159874195,0.12537976535831702,0.13582881592562143,1.0,0.9739610475479279,0.10828918504165627,0.12381910685322096,,,0.99,0.41,0.28,1.48,0.12,1.47,0.14,0.01,0.0,0.252,1.4759615384615385,1.4720174096249108,0.144,,0.009,,0.0,,False,96.0,99.0,96.0,88.0,93.0,91.0,91.0,92.0,94.0,high,high,high,high,high,high,high,high,high,2026-05-05
hitter,PHI,ATH,Kyle Schwarber,656941,2.0,DH,Confirmed,4.18,,,,,1.39,0.26,,,,,1.3981931518687132,1.3870869653034763,0.23191731090872514,0.29735745253202905,0.8770949720670391,0.8841292414581408,0.3068604560737067,0.27563856565071654,,,0.88,0.46,0.28,1.44,0.29,1.9,0.13,0.01,0.0,0.299,1.914285714285714,1.8890229864614598,0.127,,0.009,,0.0,,False,96.0,99.0,96.0,88.0,93.0,91.0,91.0,92.0,94.0,high,high,high,high,high,high,high,high,high,2026-05-05
hitter,PHI,ATH,Bryce Harper,547180,3.0,1B,Confirmed,4.18,,,,,1.06,0.19,,,,,1.0503688113907728,1.0740690334165564,0.18089640213614427,0.19602137765099875,0.994208494208494,0.9343004768885497,0.15005939625438827,0.15932703074139612,,,0.96,0.4,0.29,1.4,0.15,1.55,0.12,0.01,0.0,0.26,1.5956790123456794,1.5215318991979716,0.122,,0.008,,0.0,,False,96.0,99.0,96.0,88.0,93.0,91.0,91.0,92.0,94.0,high,high,high,high,high,high,high,high,high,2026-05-05
hitter,PHI,ATH,Adolis García,666969,4.0,RF,Confirmed,3.81,,,,,1.1,0.09,,,,,1.0824047109057822,1.1115869723592613,0.09885048641626293,0.07701695764573513,0.8694581280788177,0.8376291824883892,0.15004532685466002,0.1543913741895891,,,0.85,0.35,0.29,1.34,0.15,1.42,0.13,0.01,0.0,0.232,1.4759615384615385,1.3653036228673925,0.129,,0.009,,0.0,,False,96.0,99.0,96.0,88.0,93.0,91.0,91.0,92.0,94.0,high,high,high,high,high,high,high,high,high,2026-05-05
hitter,PHI,ATH,Brandon Marsh,669016,5.0,LF,Confirmed,3.96,,,,,1.08,0.18,,,,,1.019110222191237,1.1409103862137706,0.1718899047577065,0.19602351428547252,0.7715355805243446,0.7383503523420512,0.10045780707548038,0.11005071050431763,,,0.75,0.37,0.28,1.34,0.11,1.21,0.13,0.01,0.0,0.245,1.239368165249089,1.178516583137419,0.125,,0.009,,0.0,,False,96.0,99.0,96.0,88.0,93.0,91.0,91.0,92.0,94.0,high,high,high,high,high,high,high,high,high,2026-05-05
hitter,PHI,ATH,J.T. Realmuto,592663,6.0,C,Confirmed,3.49,,,,,0.54,0.33,,,,,0.5169546826215484,0.567893671124713,0.3619834192901189,0.3013566923504976,1.0980834272829765,0.8439838928419892,0.1737303059943649,0.12719740246925437,,,0.96,0.28,0.26,1.19,0.15,1.61,0.13,0.01,0.0,0.235,1.914285714285714,1.3550777282767346,0.129,,0.008,,0.0,,False,96.0,99.0,96.0,88.0,93.0,91.0,91.0,92.0,94.0,high,high,high,high,high,high,high,high,high,2026-05-05
hitter,PHI,ATH,Bryson Stott,681082,7.0,2B,Confirmed,3.81,,,,,0.8,0.15,,,,,0.7737143204105823,0.8357802934955827,0.148167401000992,0.14494772185694443,0.8694581280788177,0.7816785457429964,0.10097280545177276,0.09211642428255093,,,0.82,0.33,0.25,1.28,0.1,1.18,0.12,0.01,0.0,0.256,1.239368165249089,1.1353812040892646,0.116,,0.013,,0.0,,False,96.0,99.0,96.0,88.0,93.0,91.0,91.0,92.0,94.0,high,high,high,high,high,high,high,high,high,2026-05-05
hitter,PHI,ATH,Alec Bohm,664761,8.0,3B,Confirmed,3.89,,,,,0.79,0.11,,,,,0.7773347863401908,0.8101888157130336,0.11878592105934963,0.10159682520091216,0.994208494208494,0.8763418823628838,0.11993690425975698,0.11319133779790325,,,0.93,0.31,0.25,1.26,0.12,1.42,0.14,0.01,0.0,0.232,1.4476190476190476,1.3919772305655034,0.137,,0.008,,0.0,,False,96.0,99.0,96.0,88.0,93.0,91.0,91.0,92.0,94.0,high,high,high,high,high,high,high,high,high,2026-05-05
hitter,PHI,ATH,Justin Crawford,702222,9.0,CF,Confirmed,3.74,,,,,0.79,0.11,,,,,0.7650560635444889,0.813669793378345,0.10844281711275307,0.10505310600529257,0.8770949720670391,0.8328219255348579,0.0750567589841894,0.08914931004680478,,,0.85,0.3,0.24,1.25,0.08,1.27,0.13,0.02,0.0,0.235,1.239368165249089,1.2860245706162237,0.129,,0.016,,0.0,,False,96.0,99.0,96.0,88.0,93.0,91.0,91.0,92.0,94.0,high,high,high,high,high,high,high,high,high,2026-05-05
hitter,ATH,PHI,Jacob Wilson,805779,1.0,SS,Confirmed,4.74,,,,,0.6,0.14,,,,,0.4826903158065514,0.7085115666797802,0.13439336396966428,0.1458111210246307,1.1391752577319587,1.2457516502467982,0.17043605086063138,0.22029728072382515,,,1.2,0.74,0.59,2.95,0.2,2.02,0.24,0.02,0.0,0.38,2.057017543859649,1.9894132316132276,0.245,,0.019,,0.0,,False,96.0,99.0,96.0,88.0,93.0,91.0,91.0,92.0,94.0,high,high,high,high,high,high,high,high,high,2026-05-05
hitter,ATH,PHI,Brent Rooker,667670,2.0,DH,Confirmed,4.68,,,,,1.32,0.17,,,,,1.2413450567595588,1.4028412839814723,0.18078173746133092,0.1625112735907358,0.994208494208494,1.1694791501508364,0.38711186126637276,0.5118740678936169,,,1.09,0.78,0.63,2.85,0.45,2.77,0.27,0.01,0.0,0.405,2.456692913385827,3.0202736590113757,0.265,,0.007,,0.0,,False,96.0,99.0,96.0,88.0,93.0,91.0,91.0,92.0,94.0,high,high,high,high,high,high,high,high,high,2026-05-05
hitter,ATH,PHI,Nick Kurtz,701762,3.0,1B,Confirmed,4.97,,,,,1.71,0.39,,,,,1.6917708043007549,1.7197331232495194,0.3650282219155505,0.4235963249625067,1.1391752577319587,1.2647968975309565,0.6535706712402608,0.7042118392437936,,,1.21,1.02,0.95,3.58,0.68,3.42,0.22,0.01,0.0,0.499,2.775,3.952450967539068,0.215,,0.008,,0.0,,False,96.0,99.0,96.0,88.0,93.0,91.0,91.0,92.0,94.0,high,high,high,high,high,high,high,high,high,2026-05-05
hitter,ATH,PHI,Colby Thomas,687515,4.0,RF,Confirmed,3.02,,,,,1.1,0.08,,,,,1.0354498613721306,1.1638556283685972,0.08370220996175172,0.0690599726391321,0.5290322580645161,0.5513839529094369,0.206436608108742,0.23325636960134666,,,0.54,0.38,0.35,1.43,0.22,1.27,0.14,0.01,0.0,0.306,1.239368165249089,1.2873041420893663,0.138,,0.006,,0.0,,False,96.0,99.0,96.0,88.0,93.0,91.0,91.0,92.0,94.0,high,high,high,high,high,high,high,high,high,2026-05-05
hitter,ATH,PHI,Zack Gelof,680869,5.0,CF,Confirmed,4.26,,,,,1.37,0.16,,,,,1.240039510575608,1.4985942483722385,0.1533189370639134,0.15894320405489593,0.8949771689497716,0.9661154086067734,0.25341508965037846,0.2539961989903191,,,0.93,0.59,0.55,2.24,0.25,1.97,0.2,0.01,0.0,0.335,1.914285714285714,2.015582155987058,0.202,,0.009,,0.0,,False,96.0,99.0,96.0,88.0,93.0,91.0,91.0,92.0,94.0,high,high,high,high,high,high,high,high,high,2026-05-05
hitter,ATH,PHI,Tyler Soderstrom,691016,6.0,LF,Confirmed,4.57,,,,,1.18,0.23,,,,,1.1321400031194113,1.2324517609792662,0.21698500024014786,0.23608770120985093,1.0980834272829765,1.1806678301558136,0.35568368654333166,0.41895004034381095,,,1.14,0.68,0.7,2.87,0.39,2.52,0.25,0.01,0.0,0.413,2.456692913385827,2.568401696707893,0.254,,0.009,,0.0,,False,96.0,99.0,96.0,88.0,93.0,91.0,91.0,92.0,94.0,high,high,high,high,high,high,high,high,high,2026-05-05
hitter,ATH,PHI,Austin Wynns,642851,7.0,C,Confirmed,4.25,,,,,1.25,0.14,,,,,1.1824200346052434,1.3204622505478725,0.13176074192218457,0.15018191946129694,0.994208494208494,1.0164628733130339,0.3702662414371692,0.33353610297777103,,,1.01,0.52,0.49,2.12,0.35,2.08,0.22,0.01,0.0,0.343,1.914285714285714,2.2129081423283243,0.225,,0.007,,0.0,,False,96.0,99.0,96.0,88.0,93.0,91.0,91.0,92.0,94.0,high,high,high,high,high,high,high,high,high,2026-05-05
hitter,ATH,PHI,Darell Hernaiz,687231,8.0,2B,Confirmed,4.25,,,,,0.66,0.19,,,,,0.5977825144033825,0.7191676063171973,0.17021857624123812,0.2131092143972633,0.994208494208494,1.0698611849833972,0.1360958551670678,0.16317531967859727,,,1.04,0.5,0.43,2.07,0.15,1.73,0.23,0.01,0.0,0.337,1.684375,1.7683238330126998,0.231,,0.007,,0.0,,False,96.0,99.0,96.0,88.0,93.0,91.0,91.0,92.0,94.0,high,high,high,high,high,high,high,high,high,2026-05-05
hitter,ATH,PHI,Brett Harris,695391,9.0,3B,Confirmed,3.1,,,,,0.67,0.09,,,,,0.6738108390086766,0.658617333883989,0.11200752565143315,0.07633419921886034,0.8694581280788177,0.8103686013194156,0.07015950062628071,0.0601733374624666,,,0.84,0.38,0.33,1.58,0.07,1.2,0.17,0.01,0.0,0.343,1.3148148148148149,1.0986987318847081,0.168,,0.008,,0.0,,False,96.0,99.0,96.0,88.0,93.0,91.0,91.0,92.0,94.0,high,high,high,high,high,high,high,high,high,2026-05-05
hitter,MIA,BAL,Xavier Edwards,669364,1.0,2B,Confirmed,4.45,,,,,0.62,0.17,,,,,0.5863480676575021,0.6437342812183079,0.1586774464706803,0.18546695368236774,1.0980834272829765,1.1368021804267285,0.026047689115420613,0.025812323663244825,,,1.12,0.51,0.38,1.98,0.03,1.36,0.17,0.01,0.0,0.284,1.3148148148148149,1.3982194182060415,0.168,,0.014,,0.0,,False,96.0,99.0,96.0,88.0,93.0,91.0,91.0,92.0,94.0,high,high,high,high,high,high,high,high,high,2026-05-05
hitter,MIA,BAL,Liam Hicks,689414,2.0,C,Confirmed,4.04,,,,,0.58,0.15,,,,,0.5404992000719816,0.6240186431327787,0.1385346852618003,0.1537578703891535,0.8770949720670391,0.8804609695251135,0.028417423240314446,0.023316640318343733,,,0.88,0.46,0.35,1.8,0.03,1.08,0.16,0.01,0.0,0.286,1.1521739130434783,1.0228113409489643,0.164,,0.012,,0.0,,False,96.0,99.0,96.0,88.0,93.0,91.0,91.0,92.0,94.0,high,high,high,high,high,high,high,high,high,2026-05-05
hitter,MIA,BAL,Otto Lopez,672640,3.0,SS,Confirmed,4.08,,,,,0.7,0.09,,,,,0.6755931431364068,0.7151193692415775,0.10104649670106607,0.07265427952558076,0.994208494208494,0.9560619447569387,0.033997979035779495,0.039365425083986764,,,0.97,0.44,0.39,1.82,0.04,1.19,0.16,0.01,0.0,0.263,1.239368165249089,1.1544736722653521,0.163,,0.008,,0.0,,False,96.0,99.0,96.0,88.0,93.0,91.0,91.0,92.0,94.0,high,high,high,high,high,high,high,high,high,2026-05-05
hitter,MIA,BAL,Kyle Stowers,669065,4.0,LF,Confirmed,3.96,,,,,1.16,0.15,,,,,1.1664310292788882,1.1463811701292792,0.1388382500907953,0.16413438038794856,0.801980198019802,0.8193288809088185,0.039419241312949896,0.020417163234634515,,,0.81,0.41,0.35,1.63,0.03,1.1,0.15,0.01,0.0,0.263,1.1521739130434783,1.0644103354833296,0.146,,0.012,,0.0,,False,96.0,99.0,96.0,88.0,93.0,91.0,91.0,92.0,94.0,high,high,high,high,high,high,high,high,high,2026-05-05
hitter,MIA,BAL,Jakob Marsee,805300,5.0,CF,Confirmed,4.26,,,,,0.96,0.22,,,,,0.9116603055373024,1.0035812368877257,0.1976648487950136,0.23493230177890123,0.8694581280788177,0.8921640740729426,0.03864730732013099,0.017889516576507284,,,0.88,0.48,0.39,1.87,0.03,1.24,0.18,0.03,0.0,0.289,1.239368165249089,1.231482493362701,0.18,,0.032,,0.0,,False,96.0,99.0,96.0,88.0,93.0,91.0,91.0,92.0,94.0,high,high,high,high,high,high,high,high,high,2026-05-05
hitter,MIA,BAL,Connor Norby,681393,6.0,DH,Confirmed,2.9,,,,,0.89,0.08,,,,,0.9016337260784711,0.8846759031626585,0.0884537883978742,0.08111294636504446,0.4803149606299212,0.4471130292060064,0.03297415007730277,0.02536550951263844,,,0.46,0.22,0.22,0.97,0.03,0.65,0.12,0.01,0.0,0.22,0.6720588235294118,0.6335782851361442,0.116,,0.008,,0.0,,False,96.0,99.0,96.0,88.0,93.0,91.0,91.0,92.0,94.0,high,high,high,high,high,high,high,high,high,2026-05-05
hitter,MIA,BAL,Joe Mack,691788,7.0,C,Confirmed,2.26,,,,,0.67,0.06,,,,,0.6836003407255272,0.6527795486311022,0.07925024468408295,0.04365190569133179,0.4125159642401022,0.31717393801000837,0.02210325632216683,0.009022120024068093,,,0.36,0.17,0.15,0.73,0.02,0.48,0.09,0.01,0.0,0.226,0.5302013422818792,0.44029282395615926,0.094,,0.01,,0.0,,False,96.0,99.0,96.0,88.0,93.0,91.0,91.0,92.0,94.0,high,high,high,high,high,high,high,high,high,2026-05-05
hitter,MIA,BAL,Owen Caissie,683357,8.0,RF,Confirmed,3.02,,,,,0.96,0.06,,,,,0.9280543424758605,0.9897897426583953,0.0698236118750766,0.043331776586869486,0.5290322580645161,0.52363664196729,0.026056159265351268,0.01915565833861713,,,0.53,0.21,0.19,0.93,0.02,0.7,0.12,0.01,0.0,0.202,0.6720588235294118,0.7203598920723641,0.116,,0.01,,0.0,,False,96.0,99.0,96.0,88.0,93.0,91.0,91.0,92.0,94.0,high,high,high,high,high,high,high,high,high,2026-05-05
hitter,MIA,BAL,Graham Pauley,688363,9.0,1B,Confirmed,3.1,,,,,0.78,0.09,,,,,0.7884925471751493,0.7773124335225361,0.08894152167870815,0.08801101289148076,0.5290322580645161,0.5041733318378044,0.02120887810716058,0.014817823410703252,,,0.52,0.22,0.19,0.93,0.02,0.74,0.11,0.01,0.0,0.205,0.7899761336515513,0.6904315391317724,0.113,,0.008,,0.0,,False,96.0,99.0,96.0,88.0,93.0,91.0,91.0,92.0,94.0,high,high,high,high,high,high,high,high,high,2026-05-05
hitter,BAL,MIA,Gunnar Henderson,683002,1.0,SS,Confirmed,4.57,,,,,0.92,0.5,,,,,0.8595602025190605,0.9745290972185136,0.487705824920853,0.5156994794676909,1.0980834272829765,1.0982953228986612,0.043251637725780445,0.026811138152773372,,,1.1,0.48,0.34,1.82,0.04,1.5,0.18,0.01,0.0,0.268,1.4476190476190476,1.5493321794648869,0.184,,0.011,,0.0,,False,96.0,99.0,96.0,88.0,93.0,91.0,91.0,92.0,94.0,high,high,high,high,high,high,high,high,high,2026-05-05
hitter,BAL,MIA,Taylor Ward,621493,2.0,LF,Confirmed,3.96,,,,,1.11,0.59,,,,,1.072809124182707,1.1539456392289014,0.6016185785127749,0.5795209323793094,0.801980198019802,0.8185458470401642,0.05337942417644268,0.031057248120030533,,,0.81,0.43,0.29,1.52,0.04,1.14,0.18,0.01,0.0,0.283,1.1238670694864048,1.145487212627989,0.176,,0.009,,0.0,,False,96.0,99.0,96.0,88.0,93.0,91.0,91.0,92.0,94.0,high,high,high,high,high,high,high,high,high,2026-05-05
hitter,BAL,MIA,Dylan Beavers,687637,3.0,DH,Confirmed,4.25,,,,,0.93,0.56,,,,,0.9145533522103921,0.952004810917819,0.5715461449296487,0.5525579011432662,0.994208494208494,0.9393222702164713,0.044253999578239195,0.04706039559846466,,,0.96,0.45,0.35,1.67,0.05,1.38,0.17,0.01,0.0,0.28,1.3893129770992367,1.3781588608848363,0.173,,0.01,,0.0,,False,96.0,99.0,96.0,88.0,93.0,91.0,91.0,92.0,94.0,high,high,high,high,high,high,high,high,high,2026-05-05
hitter,BAL,MIA,Pete Alonso,624413,4.0,1B,Confirmed,4.26,,,,,0.89,0.55,,,,,0.8773989855045315,0.9075351636467179,0.5554132034252449,0.5487133649786395,1.0980834272829765,0.9672499581158716,0.08292877377926938,0.07053427043046726,,,1.03,0.51,0.42,1.93,0.08,1.55,0.23,0.01,0.0,0.309,1.5956790123456794,1.5052869689931319,0.231,,0.01,,0.0,,False,96.0,99.0,96.0,88.0,93.0,91.0,91.0,92.0,94.0,high,high,high,high,high,high,high,high,high,2026-05-05
hitter,BAL,MIA,Samuel Basallo,694212,5.0,C,Confirmed,3.74,,,,,0.86,0.3,,,,,0.8575342827624892,0.8678164121693972,0.32195295255385237,0.28136637433141076,0.8949771689497716,0.8680143838915114,0.05975076377784041,0.05269106505643904,,,0.88,0.42,0.37,1.66,0.06,1.28,0.16,0.01,0.0,0.281,1.3148148148148149,1.254247083686829,0.157,,0.01,,0.0,,False,96.0,99.0,96.0,88.0,93.0,91.0,91.0,92.0,94.0,high,high,high,high,high,high,high,high,high,2026-05-05
hitter,BAL,MIA,Leody Taveras,665750,6.0,CF,Confirmed,3.49,,,,,0.72,0.3,,,,,0.7197381612365232,0.7236700497516472,0.32188734157704346,0.2773633384566,0.801980198019802,0.7877368661231854,0.03044168464723441,0.03411277630929356,,,0.79,0.3,0.28,1.29,0.03,1.08,0.16,0.01,0.0,0.255,1.1521739130434783,1.0161606042281055,0.159,,0.01,,0.0,,False,96.0,99.0,96.0,88.0,93.0,91.0,91.0,92.0,94.0,high,high,high,high,high,high,high,high,high,2026-05-05
hitter,BAL,MIA,Colton Cowser,681297,7.0,RF,Confirmed,3.02,,,,,0.88,0.23,,,,,0.8644193123729016,0.8896389416383246,0.2582457243031149,0.2028363182878374,0.7061469265367316,0.5155000403699037,0.04059238194179908,0.038608414077113754,,,0.6,0.25,0.21,1.05,0.04,0.85,0.12,0.01,0.0,0.247,0.9875776397515532,0.7319113791336976,0.116,,0.011,,0.0,,False,96.0,99.0,96.0,88.0,93.0,91.0,91.0,92.0,94.0,high,high,high,high,high,high,high,high,high,2026-05-05
hitter,BAL,MIA,Coby Mayo,691723,8.0,3B,Confirmed,2.77,,,,,0.93,0.27,,,,,0.9800669139797272,0.8760688646834036,0.29729873760425707,0.24278197002895283,0.5290322580645161,0.45572002108456344,0.042870862218526144,0.02168499464750936,,,0.49,0.3,0.25,1.26,0.03,0.67,0.12,0.01,0.0,0.309,0.6720588235294118,0.6646000802731499,0.125,,0.007,,0.0,,False,96.0,99.0,96.0,88.0,93.0,91.0,91.0,92.0,94.0,high,high,high,high,high,high,high,high,high,2026-05-05
hitter,BAL,MIA,Blaze Alexander,677942,9.0,3B,Confirmed,3.96,,,,,1.0,0.44,,,,,0.9953354822588322,1.003781484101419,0.4383043799087346,0.4325858626734084,0.8888888888888888,0.887197942359212,0.04940676473286226,0.0694316417965837,,,0.89,0.38,0.31,1.56,0.06,1.33,0.17,0.01,0.0,0.275,1.3148148148148149,1.3493432286156521,0.167,,0.008,,0.0,,False,96.0,99.0,96.0,88.0,93.0,91.0,91.0,92.0,94.0,high,high,high,high,high,high,high,high,high,2026-05-05
hitter,WSH,MIN,James Wood,695578,1.0,RF,Confirmed,4.39,,,,,1.97,0.28,,,,,1.9763916786831595,1.9576580979509146,0.2788396529624382,0.2887845067913281,0.7061469265367316,0.6930480546864849,0.05774178676475812,0.07667161076809406,,,0.7,0.52,0.41,1.64,0.07,1.13,0.15,0.01,0.0,0.296,1.001763668430335,1.2277204923475247,0.148,,0.008,,0.0,,False,96.0,99.0,96.0,88.0,93.0,91.0,91.0,92.0,94.0,high,high,high,high,high,high,high,high,high,2026-05-05
hitter,WSH,MIN,Daylen Lile,695734,2.0,LF,Confirmed,4.18,,,,,1.09,0.13,,,,,1.0327544746959691,1.1435530170820727,0.13018672605234255,0.12405839536458226,0.7061469265367316,0.7102842718658979,0.028859251787176524,0.02796133538982297,,,0.71,0.41,0.31,1.43,0.03,0.88,0.12,0.02,0.0,0.245,0.8408408408408409,0.9045263486311931,0.125,,0.016,,0.0,,False,96.0,99.0,96.0,88.0,93.0,91.0,91.0,92.0,94.0,high,high,high,high,high,high,high,high,high,2026-05-05
hitter,WSH,MIN,Curtis Mead,678554,3.0,1B,Confirmed,3.09,,,,,1.07,0.08,,,,,1.0007444093552533,1.1428678681539817,0.08759323670989937,0.0661621299419044,0.4125159642401022,0.40898630221487375,0.02293659310051041,0.022074515868106513,,,0.41,0.25,0.22,0.88,0.02,0.61,0.09,0.01,0.0,0.206,0.6720588235294118,0.5520755033124476,0.094,,0.008,,0.0,,False,96.0,99.0,96.0,88.0,93.0,91.0,91.0,92.0,94.0,high,high,high,high,high,high,high,high,high,2026-05-05
hitter,WSH,MIN,CJ Abrams,682928,4.0,SS,Confirmed,4.18,,,,,1.3,0.16,,,,,1.34216955503861,1.2616268127512669,0.1585149496570987,0.16444972661063334,0.7061469265367316,0.6882766934369565,0.031046307486687328,0.033261440111406124,,,0.7,0.43,0.37,1.5,0.03,0.85,0.14,0.01,0.0,0.259,0.8408408408408409,0.8505025865507445,0.135,,0.011,,0.0,,False,96.0,99.0,96.0,88.0,93.0,91.0,91.0,92.0,94.0,high,high,high,high,high,high,high,high,high,2026-05-05
hitter,WSH,MIN,Jacob Young,696285,5.0,CF,Confirmed,3.48,,,,,0.93,0.08,,,,,0.9128705128274232,0.946058581839143,0.08950091486220751,0.08019118181147498,0.5846774193548387,0.5473071124437571,0.017915601764725307,0.0039033810848140703,,,0.56,0.29,0.24,1.12,0.01,0.67,0.11,0.01,0.0,0.21,0.6720588235294118,0.6671717217455874,0.106,,0.008,,0.0,,False,96.0,99.0,96.0,88.0,93.0,91.0,91.0,92.0,94.0,high,high,high,high,high,high,high,high,high,2026-05-05
hitter,WSH,MIN,Jorbit Vivas,678391,6.0,3B,Confirmed,3.54,,,,,0.98,0.14,,,,,0.8634736673394272,1.1060891594649884,0.10999900263302038,0.17198540802476864,0.5290322580645161,0.5327016386067146,0.021746913302188024,0.01631426158058485,,,0.53,0.31,0.3,1.25,0.02,0.69,0.1,0.01,0.0,0.245,0.6720588235294118,0.7019363191876797,0.105,,0.007,,0.0,,False,96.0,99.0,96.0,88.0,93.0,91.0,91.0,92.0,94.0,high,high,high,high,high,high,high,high,high,2026-05-05
hitter,WSH,MIN,Nasim Nuñez,683083,7.0,2B,Confirmed,3.81,,,,,1.17,0.16,,,,,1.0445521232730712,1.3007318199788807,0.15646331884346987,0.16339396315422264,0.5290322580645161,0.5871867301110353,0.025977431625213054,0.027046818678150137,,,0.56,0.28,0.23,1.04,0.03,0.74,0.1,0.01,0.0,0.22,0.6720588235294118,0.80041999964062,0.103,,0.007,,0.0,,False,96.0,99.0,96.0,88.0,93.0,91.0,91.0,92.0,94.0,high,high,high,high,high,high,high,high,high,2026-05-05
hitter,WSH,MIN,José Tena,677588,8.0,DH,Confirmed,2.55,,,,,1.04,0.05,,,,,1.0970682390144564,0.9796796959109518,0.06505508246485371,0.033022296807379586,0.3344051446945337,0.2933897527177842,0.02073835879216745,0.014156729624079668,,,0.31,0.19,0.17,0.72,0.02,0.42,0.08,0.01,0.0,0.214,0.44025157232704404,0.4029058676620272,0.081,,0.008,,0.0,,False,96.0,99.0,96.0,88.0,93.0,91.0,91.0,92.0,94.0,high,high,high,high,high,high,high,high,high,2026-05-05
hitter,WSH,MIN,Keibert Ruiz,660688,9.0,C,Confirmed,3.74,,,,,0.69,0.09,,,,,0.6082391979531535,0.7619685862766794,0.08945568773530449,0.08859232577663848,0.707983193277311,0.7364666537214843,0.0279722464150062,0.02852594772128246,,,0.72,0.35,0.32,1.47,0.03,0.99,0.13,0.01,0.0,0.259,0.9875776397515532,0.9874228858338069,0.128,,0.008,,0.0,,False,96.0,99.0,96.0,88.0,93.0,91.0,91.0,92.0,94.0,high,high,high,high,high,high,high,high,high,2026-05-05
hitter,MIN,WSH,Byron Buxton,621439,1.0,CF,Confirmed,4.68,,,,,1.52,0.57,,,,,1.495672029364816,1.5486816697921566,0.5523976299159961,0.5826824893841969,0.8949771689497716,0.9013787581990664,0.08476524151957618,0.1083273731335071,,,0.9,0.57,0.44,2.01,0.1,1.47,0.28,0.04,0.0,0.316,1.4759615384615385,1.4709242147355739,0.281,,0.038,,0.0,,False,96.0,99.0,96.0,88.0,93.0,91.0,91.0,92.0,94.0,high,high,high,high,high,high,high,high,high,2026-05-05
hitter,MIN,WSH,Trevor Larnach,663616,2.0,LF,Confirmed,4.48,,,,,1.24,0.57,,,,,1.2209162549832508,1.255585369312501,0.5525882520271734,0.5927532113781141,0.994208494208494,0.9842144942012612,0.04327280481278914,0.03326176788117417,,,0.99,0.58,0.44,2.11,0.04,1.39,0.21,0.02,0.0,0.327,1.3893129770992367,1.3913702157827113,0.212,,0.016,,0.0,,False,96.0,99.0,96.0,88.0,93.0,91.0,91.0,92.0,94.0,high,high,high,high,high,high,high,high,high,2026-05-05
hitter,MIN,WSH,Ryan Jeffers,680777,3.0,C,Confirmed,4.48,,,,,0.92,0.22,,,,,0.8483630239390498,0.9893976187379346,0.24244815232059178,0.20688035620897982,0.801980198019802,0.9086978500121207,0.14461654089636725,0.13191502225735646,,,0.86,0.56,0.49,2.05,0.14,1.41,0.19,0.01,0.0,0.316,1.3148148148148149,1.4837039287018834,0.191,,0.01,,0.0,,False,96.0,99.0,96.0,88.0,93.0,91.0,91.0,92.0,94.0,high,high,high,high,high,high,high,high,high,2026-05-05
hitter,MIN,WSH,Josh Bell,605137,4.0,DH,Confirmed,4.45,,,,,0.85,0.23,,,,,0.7823459179321961,0.927187401281297,0.22834055602986603,0.23145865791843057,0.994208494208494,0.9819195763685049,0.17304782739322064,0.17047410504245852,,,0.99,0.62,0.56,2.28,0.17,1.72,0.23,0.01,0.0,0.349,1.684375,1.751030013108103,0.229,,0.012,,0.0,,False,96.0,99.0,96.0,88.0,93.0,91.0,91.0,92.0,94.0,high,high,high,high,high,high,high,high,high,2026-05-05
hitter,MIN,WSH,Austin Martin,668885,5.0,RF,Confirmed,4.18,,,,,0.89,0.46,,,,,0.8681617765408197,0.9063949354338932,0.46414642139854767,0.4538649267966319,0.8694581280788177,0.850837043917663,0.027494082416748847,0.024102973833005848,,,0.86,0.47,0.38,1.74,0.03,1.2,0.16,0.01,0.0,0.286,1.239368165249089,1.1665958255501854,0.165,,0.013,,0.0,,False,96.0,99.0,96.0,88.0,93.0,91.0,91.0,92.0,94.0,high,high,high,high,high,high,high,high,high,2026-05-05
hitter,MIN,WSH,Kody Clemens,665019,6.0,1B,Confirmed,3.81,,,,,1.18,0.43,,,,,1.1462582841588453,1.2102316293813526,0.4379742939984902,0.41757652383529137,0.707983193277311,0.7317131982902584,0.042144120039348976,0.04178277215495066,,,0.72,0.42,0.44,1.75,0.04,1.06,0.17,0.01,0.0,0.312,1.1238670694864048,1.0105551286112466,0.167,,0.013,,0.0,,False,96.0,99.0,96.0,88.0,93.0,91.0,91.0,92.0,94.0,high,high,high,high,high,high,high,high,high,2026-05-05
hitter,MIN,WSH,Luke Keaschall,807712,7.0,2B,Confirmed,4.25,,,,,0.81,0.42,,,,,0.7854148528042225,0.8426634618761022,0.4225411440430564,0.4110756198311073,0.994208494208494,0.9431940818966008,0.029817703122646446,0.025497232882257397,,,0.97,0.44,0.37,1.81,0.03,1.2,0.19,0.01,0.0,0.297,1.239368165249089,1.1739979436859038,0.193,,0.013,,0.0,,False,96.0,99.0,96.0,88.0,93.0,91.0,91.0,92.0,94.0,high,high,high,high,high,high,high,high,high,2026-05-05
hitter,MIN,WSH,Brooks Lee,686797,8.0,SS,Confirmed,4.26,,,,,0.98,0.41,,,,,0.9428862687771652,1.0123592343140437,0.41169431616369623,0.4181656898679602,0.8949771689497716,0.9299712957813474,0.037741727290402365,0.03219473768393387,,,0.91,0.48,0.43,2.01,0.03,1.29,0.17,0.01,0.0,0.316,1.3148148148148149,1.2670228985012328,0.169,,0.014,,0.0,,False,96.0,99.0,96.0,88.0,93.0,91.0,91.0,92.0,94.0,high,high,high,high,high,high,high,high,high,2026-05-05
hitter,MIN,WSH,Royce Lewis,668904,9.0,3B,Confirmed,3.96,,,,,1.09,0.3,,,,,1.0310614793722461,1.1569786464728333,0.3220610090347251,0.2736078598317014,0.801980198019802,0.8032807737606039,0.05043914837701259,0.05980994159858618,,,0.8,0.46,0.43,1.89,0.06,1.2,0.17,0.01,0.0,0.324,1.239368165249089,1.170177747366471,0.174,,0.012,,0.0,,False,96.0,99.0,96.0,88.0,93.0,91.0,91.0,92.0,94.0,high,high,high,high,high,high,high,high,high,2026-05-05
hitter,NYY,TEX,Trent Grisham,663757,1.0,CF,Confirmed,3.81,,,,,0.79,0.68,,,,,0.7719113235535655,0.8035917214095719,0.7061035734007317,0.6589116474054437,0.7715355805243446,0.6965214243131872,0.22470307818439486,0.1875238600908277,,,0.73,0.26,0.2,0.99,0.21,1.35,0.11,0.01,0.0,0.175,1.4476190476190476,1.2764768005410405,0.114,,0.006,,0.0,,False,96.0,99.0,96.0,88.0,93.0,91.0,91.0,92.0,94.0,high,high,high,high,high,high,high,high,high,2026-05-05
hitter,NYY,TEX,Aaron Judge,592450,2.0,RF,Confirmed,3.96,,,,,0.94,1.09,,,,,0.9823668537127724,0.8983118351086957,1.1933548240165468,0.9955005169933315,0.801980198019802,0.6865836009027763,0.250464599944124,0.23422939077878538,,,0.74,0.33,0.25,1.23,0.24,1.7,0.11,0.01,0.0,0.205,1.914285714285714,1.521343269008381,0.107,,0.008,,0.0,,False,96.0,99.0,96.0,88.0,93.0,91.0,91.0,92.0,94.0,high,high,high,high,high,high,high,high,high,2026-05-05
hitter,NYY,TEX,Cody Bellinger,641355,3.0,LF,Confirmed,4.14,,,,,0.53,0.71,,,,,0.5621342102367383,0.4974886413967282,0.7500180686753045,0.6762759728394777,0.8949771689497716,0.8327632608007509,0.13604143403937244,0.13995705458333618,,,0.86,0.34,0.28,1.33,0.14,1.39,0.15,0.01,0.0,0.207,1.3893129770992367,1.382341114529893,0.149,,0.009,,0.0,,False,96.0,99.0,96.0,88.0,93.0,91.0,91.0,92.0,94.0,high,high,high,high,high,high,high,high,high,2026-05-05
hitter,NYY,TEX,Jasson Domínguez,691176,4.0,DH,Confirmed,3.48,,,,,0.77,0.48,,,,,0.7762950719054809,0.7592393247678575,0.5049136796828192,0.45693968202810137,0.7061469265367316,0.6257983806227667,0.11424826537302418,0.10859325974992874,,,0.66,0.25,0.22,1.0,0.11,1.11,0.12,0.01,0.0,0.185,1.239368165249089,1.0021423299929904,0.123,,0.008,,0.0,,False,96.0,99.0,96.0,88.0,93.0,91.0,91.0,92.0,94.0,high,high,high,high,high,high,high,high,high,2026-05-05
hitter,NYY,TEX,Jazz Chisholm Jr.,665862,5.0,2B,Confirmed,3.58,,,,,0.86,0.64,,,,,0.8832451258504203,0.8340963493766805,0.6903198506620796,0.5878368112504777,0.7715355805243446,0.6370741752985172,0.22967092886035576,0.18287832487904945,,,0.7,0.27,0.23,1.03,0.21,1.3,0.11,0.01,0.0,0.188,1.3893129770992367,1.2278371058976594,0.112,,0.006,,0.0,,False,96.0,99.0,96.0,88.0,93.0,91.0,91.0,92.0,94.0,high,high,high,high,high,high,high,high,high,2026-05-05
hitter,NYY,TEX,Paul Goldschmidt,502671,6.0,1B,Confirmed,3.1,,,,,0.58,0.44,,,,,0.636636096946678,0.5147696004718506,0.468086847707857,0.40795221879172444,0.6434108527131783,0.5121018443597869,0.11485752607539412,0.09324133095261382,,,0.57,0.17,0.17,0.76,0.1,1.0,0.11,0.01,0.0,0.163,1.1521739130434783,0.8734472381889827,0.106,,0.007,,0.0,,False,96.0,99.0,96.0,88.0,93.0,91.0,91.0,92.0,94.0,high,high,high,high,high,high,high,high,high,2026-05-05
hitter,NYY,TEX,Austin Wells,669224,7.0,C,Confirmed,3.19,,,,,0.71,0.49,,,,,0.7176660319495204,0.6947209589341158,0.5455746770311193,0.4418997774865176,0.6434108527131783,0.4997313881018445,0.1927305728398221,0.14366268740973753,,,0.56,0.18,0.16,0.75,0.17,1.03,0.11,0.01,0.0,0.17,1.1521739130434783,0.9338552347927338,0.109,,0.007,,0.0,,False,96.0,99.0,96.0,88.0,93.0,91.0,91.0,92.0,94.0,high,high,high,high,high,high,high,high,high,2026-05-05
hitter,NYY,TEX,Ryan McMahon,641857,8.0,3B,Confirmed,3.02,,,,,0.78,0.48,,,,,0.7765523345797104,0.7922177688733256,0.5084920829307681,0.4464177583767405,0.5290322580645161,0.4836588652506724,0.15945969130713192,0.10968611722149936,,,0.5,0.16,0.14,0.65,0.13,0.96,0.1,0.01,0.0,0.158,1.1238670694864048,0.8181403509242849,0.097,,0.006,,0.0,,False,96.0,99.0,96.0,88.0,93.0,91.0,91.0,92.0,94.0,high,high,high,high,high,high,high,high,high,2026-05-05
hitter,NYY,TEX,José Caballero,676609,9.0,SS,Confirmed,3.1,,,,,0.66,0.46,,,,,0.6692231466714912,0.6554518715174178,0.5154407828290712,0.40778681346333223,0.7061469265367316,0.5185839912895255,0.06319612240818417,0.05255170886063428,,,0.6,0.2,0.17,0.85,0.06,0.88,0.13,0.01,0.0,0.184,1.001763668430335,0.7720644633307521,0.128,,0.007,,0.0,,False,96.0,99.0,96.0,88.0,93.0,91.0,91.0,92.0,94.0,high,high,high,high,high,high,high,high,high,2026-05-05
hitter,TEX,NYY,Evan Carter,694497,1.0,CF,Confirmed,4.18,,,,,1.1,0.28,,,,,0.9198327910621971,1.2897025351664007,0.2573925755584633,0.29951151092243344,0.994208494208494,0.9980935403480269,0.05667995484591739,0.06575932305252158,,,1.0,0.44,0.28,1.5,0.06,1.36,0.15,0.01,0.0,0.286,1.3148148148148149,1.4015926036439068,0.15,,0.008,,0.0,,False,96.0,99.0,96.0,88.0,93.0,91.0,91.0,92.0,94.0,high,high,high,high,high,high,high,high,high,2026-05-05
hitter,TEX,NYY,Corey Seager,608369,2.0,SS,Confirmed,4.74,,,,,1.3,0.39,,,,,1.286228348277875,1.3198355087100488,0.3967486713665884,0.376925107330228,1.0980834272829765,1.2076121459037445,0.11481897114635559,0.10159327800413602,,,1.16,0.58,0.36,1.83,0.11,1.82,0.21,0.01,0.0,0.332,1.914285714285714,1.7383623265234092,0.211,,0.007,,0.0,,False,96.0,99.0,96.0,88.0,93.0,91.0,91.0,92.0,94.0,high,high,high,high,high,high,high,high,high,2026-05-05
hitter,TEX,NYY,Josh Jung,673962,3.0,3B,Confirmed,4.61,,,,,1.3,0.22,,,,,1.1684950972879173,1.4336810257716783,0.20265877428129833,0.23211590981014116,1.0,1.164116024584407,0.14063574944582796,0.10799779833926025,,,1.09,0.52,0.4,1.8,0.12,1.79,0.16,0.01,0.0,0.293,1.914285714285714,1.6882881386726971,0.159,,0.009,,0.0,,False,96.0,99.0,96.0,88.0,93.0,91.0,91.0,92.0,94.0,high,high,high,high,high,high,high,high,high,2026-05-05
hitter,TEX,NYY,Joc Pederson,592626,4.0,DH,Confirmed,3.49,,,,,0.56,0.31,,,,,0.48028621420614614,0.6422547481918742,0.32832716638917714,0.29032908787748474,0.5290322580645161,0.48946830677927267,0.10011026240302248,0.09872936591411798,,,0.51,0.32,0.22,1.07,0.1,0.95,0.12,0.01,0.0,0.252,1.001763668430335,0.909553716146967,0.116,,0.008,,0.0,,False,96.0,99.0,96.0,88.0,93.0,91.0,91.0,92.0,94.0,high,high,high,high,high,high,high,high,high,2026-05-05
hitter,TEX,NYY,Ezequiel Duran,677649,5.0,2B,Confirmed,4.04,,,,,1.04,0.2,,,,,0.8690307442215999,1.2194978972511543,0.1807977207544701,0.21216746999932803,0.8770949720670391,0.9374851071813419,0.0327555207552767,0.04902299154637117,,,0.91,0.41,0.31,1.49,0.04,1.23,0.15,0.01,0.0,0.266,1.239368165249089,1.2259743669705678,0.15,,0.007,,0.0,,False,96.0,99.0,96.0,88.0,93.0,91.0,91.0,92.0,94.0,high,high,high,high,high,high,high,high,high,2026-05-05
hitter,TEX,NYY,Jake Burger,669394,6.0,1B,Confirmed,4.25,,,,,1.36,0.19,,,,,1.2477666580984315,1.4735070566793134,0.18567068244120524,0.20419405691410092,0.8949771689497716,1.0713197308697422,0.1439875286662921,0.10574627500155272,,,0.99,0.42,0.4,1.7,0.12,1.62,0.16,0.01,0.0,0.291,1.684375,1.5717860973746016,0.164,,0.008,,0.0,,False,96.0,99.0,96.0,88.0,93.0,91.0,91.0,92.0,94.0,high,high,high,high,high,high,high,high,high,2026-05-05
hitter,TEX,NYY,Alejandro Osuna,696030,7.0,LF,Confirmed,3.1,,,,,0.78,0.2,,,,,0.7763716223089155,0.7899131738715575,0.2090673389510493,0.18968158284432524,0.7061469265367316,0.5906981872478695,0.040560729107537684,0.034544444510604705,,,0.64,0.27,0.18,0.93,0.04,0.89,0.11,0.01,0.0,0.273,0.9875776397515532,0.8178921427672553,0.106,,0.006,,0.0,,False,96.0,99.0,96.0,88.0,93.0,91.0,91.0,92.0,94.0,high,high,high,high,high,high,high,high,high,2026-05-05
hitter,TEX,NYY,Danny Jansen,643376,8.0,C,Confirmed,3.58,,,,,0.62,0.28,,,,,0.5479362685370137,0.6965254503143872,0.2886615484898536,0.28074334587434874,0.5846774193548387,0.5263326423040636,0.0906245431532483,0.08880104982730003,,,0.55,0.33,0.23,1.21,0.09,0.98,0.13,0.01,0.0,0.293,1.001763668430335,0.9711065867435117,0.135,,0.006,,0.0,,False,96.0,99.0,96.0,88.0,93.0,91.0,91.0,92.0,94.0,high,high,high,high,high,high,high,high,high,2026-05-05
hitter,TEX,NYY,Andrew McCutchen,457705,9.0,RF,Confirmed,1.84,,,,,0.76,0.12,,,,,0.890783372875216,0.6286421300535601,0.1419864437238721,0.09045282288549489,0.35424354243542433,0.28199805090607566,0.0454015772614464,0.02764678014706125,,,0.31,0.2,0.13,0.67,0.04,0.49,0.09,0.01,0.0,0.346,0.6720588235294118,0.347440923348365,0.089,,0.007,,0.0,,False,96.0,99.0,96.0,88.0,93.0,91.0,91.0,92.0,94.0,high,high,high,high,high,high,high,high,high,2026-05-05
hitter,CHC,CIN,Nico Hoerner,663538,1.0,2B,Confirmed,4.18,,,,,0.18,0.24,,,,,0.17941626307079178,0.18170113523496983,0.23036566576224551,0.258340945350513,0.8770949720670391,0.8760396958058687,0.08885388731760815,0.0752629790223682,,,0.88,0.49,0.38,1.86,0.08,1.23,0.18,0.01,0.0,0.288,1.239368165249089,1.2261854674160333,0.179,,0.012,,0.0,,False,96.0,99.0,96.0,88.0,93.0,91.0,91.0,92.0,94.0,high,high,high,high,high,high,high,high,high,2026-05-05
hitter,CHC,CIN,Alex Bregman,608324,2.0,3B,Confirmed,4.18,,,,,0.36,0.43,,,,,0.3723812479317943,0.3503933101996709,0.448619873673076,0.4152542838199818,0.7715355805243446,0.7821484079933883,0.1623572185416478,0.1462778046160366,,,0.78,0.52,0.39,1.78,0.15,1.32,0.17,0.01,0.0,0.316,1.3148148148148149,1.3182157143550708,0.167,,0.008,,0.0,,False,96.0,99.0,96.0,88.0,93.0,91.0,91.0,92.0,94.0,high,high,high,high,high,high,high,high,high,2026-05-05
hitter,CHC,CIN,Ian Happ,664023,3.0,LF,Confirmed,4.18,,,,,0.64,0.57,,,,,0.5369822612634361,0.7502212119492805,0.5860543832146973,0.5565075944029544,0.7715355805243446,0.7237006965245381,0.16913884159727938,0.17564253660817783,,,0.75,0.52,0.42,1.74,0.17,1.42,0.14,0.01,0.0,0.318,1.4476190476190476,1.3985801727367493,0.143,,0.007,,0.0,,False,96.0,99.0,96.0,88.0,93.0,91.0,91.0,92.0,94.0,high,high,high,high,high,high,high,high,high,2026-05-05
hitter,CHC,CIN,Seiya Suzuki,673548,4.0,RF,Confirmed,4.18,,,,,0.65,0.44,,,,,0.5571103202441605,0.7488805142815058,0.4304570245048347,0.4465412841909645,0.7715355805243446,0.7750052118983586,0.18791028510464913,0.19040368068327154,,,0.77,0.5,0.44,1.75,0.19,1.45,0.14,0.01,0.0,0.303,1.4759615384615385,1.4330583279688753,0.136,,0.008,,0.0,,False,96.0,99.0,96.0,88.0,93.0,91.0,91.0,92.0,94.0,high,high,high,high,high,high,high,high,high,2026-05-05
hitter,CHC,CIN,Dansby Swanson,621020,5.0,SS,Confirmed,3.81,,,,,0.57,0.32,,,,,0.4871198928411201,0.6609053483687778,0.3300188346028079,0.3152984832453791,0.6434108527131783,0.6292611592313745,0.12466613208170285,0.13105443715902285,,,0.64,0.42,0.36,1.49,0.13,1.1,0.13,0.01,0.0,0.275,1.1521739130434783,1.0652758065950165,0.134,,0.009,,0.0,,False,96.0,99.0,96.0,88.0,93.0,91.0,91.0,92.0,94.0,high,high,high,high,high,high,high,high,high,2026-05-05
hitter,CHC,CIN,Michael Busch,683737,6.0,1B,Confirmed,4.26,,,,,0.68,0.49,,,,,0.5970159313003305,0.7640961146498801,0.5168164645752084,0.4536429475168666,0.707983193277311,0.7296780411191661,0.18433730733859877,0.18789594626239042,,,0.72,0.46,0.44,1.7,0.19,1.31,0.16,0.01,0.0,0.314,1.3148148148148149,1.3114376503593612,0.164,,0.009,,0.0,,False,96.0,99.0,96.0,88.0,93.0,91.0,91.0,92.0,94.0,high,high,high,high,high,high,high,high,high,2026-05-05
hitter,CHC,CIN,Matt Shaw,807713,7.0,3B,Confirmed,3.1,,,,,0.66,0.27,,,,,0.6542774103591099,0.6695394153602804,0.2887887378262337,0.2475510722705249,0.5290322580645161,0.445228415277621,0.07671551601718404,0.06583904157809149,,,0.48,0.29,0.24,1.11,0.07,0.76,0.12,0.01,0.0,0.269,0.8408408408408409,0.7022056030406574,0.117,,0.009,,0.0,,False,96.0,99.0,96.0,88.0,93.0,91.0,91.0,92.0,94.0,high,high,high,high,high,high,high,high,high,2026-05-05
hitter,CHC,CIN,Miguel Amaya,665804,8.0,C,Confirmed,3.49,,,,,0.64,0.26,,,,,0.6268939473035938,0.653527407111723,0.2784038359491442,0.24699492777336493,0.6506024096385542,0.5759276831337803,0.08835853438495142,0.09780931847355738,,,0.61,0.33,0.29,1.33,0.09,1.03,0.15,0.01,0.0,0.276,1.1238670694864048,0.9580399292170788,0.147,,0.008,,0.0,,False,96.0,99.0,96.0,88.0,93.0,91.0,91.0,92.0,94.0,high,high,high,high,high,high,high,high,high,2026-05-05
hitter,CHC,CIN,Pete Crow-Armstrong,691718,9.0,CF,Confirmed,4.25,,,,,0.68,0.31,,,,,0.59738846390212,0.7540938165576782,0.3061589275083887,0.31991013896215487,0.801980198019802,0.7755791214661271,0.16578157252621442,0.1882127538761769,,,0.79,0.44,0.4,1.71,0.18,1.58,0.16,0.01,0.0,0.292,1.5956790123456794,1.572743860359568,0.16,,0.013,,0.0,,False,96.0,99.0,96.0,88.0,93.0,91.0,91.0,92.0,94.0,high,high,high,high,high,high,high,high,high,2026-05-05
hitter,CIN,CHC,TJ Friedl,670770,1.0,LF,Confirmed,3.58,,,,,0.84,0.3,,,,,0.873890933144146,0.8114497041202063,0.34279001565392997,0.2657896295961726,1.0980834272829765,0.9078341804620383,0.2091243408351517,0.17693060785081388,,,0.99,0.38,0.33,1.3,0.19,1.67,0.08,0.01,0.0,0.255,1.914285714285714,1.47235736125972,0.076,,0.007,,0.0,,False,96.0,99.0,96.0,88.0,93.0,91.0,91.0,92.0,94.0,high,high,high,high,high,high,high,high,high,2026-05-05
hitter,CIN,CHC,JJ Bleday,668709,2.0,LF,Confirmed,3.33,,,,,1.1,0.31,,,,,1.1280112323550557,1.0658844335188664,0.32841517752451077,0.28420466799231303,0.8694581280788177,0.7129177716809583,0.2410633236137367,0.18943819357929706,,,0.78,0.33,0.29,1.04,0.22,1.65,0.07,0.01,0.0,0.239,1.914285714285714,1.4355277954541827,0.065,,0.006,,0.0,,False,96.0,99.0,96.0,88.0,93.0,91.0,91.0,92.0,94.0,high,high,high,high,high,high,high,high,high,2026-05-05
hitter,CIN,CHC,Elly De La Cruz,682829,3.0,SS,Confirmed,4.04,,,,,1.42,0.42,,,,,1.530468059678295,1.2995774878984534,0.42434493078995994,0.4075820079845875,1.1391752577319587,1.0817879778836306,0.29715352501783754,0.2561301636671905,,,1.11,0.46,0.46,1.56,0.28,2.22,0.08,0.01,0.0,0.27,2.456692913385827,2.01727451920391,0.081,,0.008,,0.0,,False,96.0,99.0,96.0,88.0,93.0,91.0,91.0,92.0,94.0,high,high,high,high,high,high,high,high,high,2026-05-05
hitter,CIN,CHC,Sal Stewart,701398,4.0,1B,Confirmed,3.54,,,,,1.14,0.21,,,,,1.1440874518226376,1.1449071090717398,0.24119890931419558,0.18511806984314377,1.0980834272829765,0.8762298444944796,0.31877608397928126,0.25302004549375806,,,0.98,0.4,0.43,1.31,0.29,1.89,0.08,0.01,0.0,0.26,2.057017543859649,1.7595013164075908,0.083,,0.007,,0.0,,False,96.0,99.0,96.0,88.0,93.0,91.0,91.0,92.0,94.0,high,high,high,high,high,high,high,high,high,2026-05-05
hitter,CIN,CHC,Nathaniel Lowe,663993,5.0,DH,Confirmed,3.48,,,,,1.13,0.3,,,,,1.1433089989638292,1.1078792604710435,0.32793229368666876,0.27786943128436115,0.994208494208494,0.8052439372760994,0.2424351232385132,0.23224326730208306,,,0.89,0.33,0.34,1.08,0.24,1.81,0.07,0.01,0.0,0.229,2.057017543859649,1.6091479801425448,0.07,,0.007,,0.0,,False,96.0,99.0,96.0,88.0,93.0,91.0,91.0,92.0,94.0,high,high,high,high,high,high,high,high,high,2026-05-05
hitter,CIN,CHC,Spencer Steer,668715,6.0,RF,Confirmed,3.33,,,,,1.07,0.27,,,,,1.138047586906863,1.0088862364991182,0.29396067245664204,0.23648682562879692,0.8949771689497716,0.7600418556489366,0.20243669500466066,0.170224999998057,,,0.82,0.26,0.29,0.96,0.19,1.51,0.07,0.01,0.0,0.214,1.684375,1.3626644555018732,0.069,,0.006,,0.0,,False,96.0,99.0,96.0,88.0,93.0,91.0,91.0,92.0,94.0,high,high,high,high,high,high,high,high,high,2026-05-05
hitter,CIN,CHC,Tyler Stephenson,663886,7.0,C,Confirmed,3.1,,,,,1.25,0.28,,,,,1.3417200277109775,1.1522321073650281,0.2936284672147107,0.2645151093566033,0.8694581280788177,0.6283362893409221,0.2581216685234687,0.18391289875628586,,,0.74,0.27,0.28,0.91,0.22,1.57,0.07,0.01,0.0,0.239,1.914285714285714,1.2870263075818635,0.068,,0.006,,0.0,,False,96.0,99.0,96.0,88.0,93.0,91.0,91.0,92.0,94.0,high,high,high,high,high,high,high,high,high,2026-05-05
hitter,CIN,CHC,Matt McLain,680574,8.0,2B,Confirmed,3.33,,,,,0.99,0.29,,,,,0.9812693138903933,0.9912144418144849,0.296747358143699,0.28811667477663044,0.4125159642401022,0.4272068518664385,0.026209321455936817,0.02805733262985817,,,0.42,0.27,0.27,0.96,0.03,0.64,0.06,0.01,0.0,0.225,0.6720588235294118,0.619306163436957,0.062,,0.007,,0.0,,False,96.0,99.0,96.0,88.0,93.0,91.0,91.0,92.0,94.0,high,high,high,high,high,high,high,high,high,2026-05-05
hitter,CIN,CHC,Ke'Bryan Hayes,663647,9.0,3B,Confirmed,3.1,,,,,0.8,0.17,,,,,0.8535796863820679,0.7555195901176466,0.18791848389410853,0.15334411132673148,0.994208494208494,0.7900002624423351,0.14600552614041598,0.12750576374589767,,,0.88,0.23,0.23,0.87,0.14,1.46,0.06,0.01,0.0,0.204,1.684375,1.2731166780240062,0.061,,0.007,,0.0,,False,96.0,99.0,96.0,88.0,93.0,91.0,91.0,92.0,94.0,high,high,high,high,high,high,high,high,high,2026-05-05
hitter,KC,CLE,Maikel Garcia,672580,1.0,3B,Confirmed,3.96,,,,,0.6,0.41,,,,,0.6335071785495723,0.5691159379272552,0.4466152802488328,0.36640503503551813,1.0980834272829765,0.9794539580818705,0.11710179423968112,0.11343413002277573,,,1.03,0.31,0.24,1.26,0.12,1.69,0.14,0.01,0.0,0.194,1.914285714285714,1.499286252340482,0.141,,0.007,,0.0,,False,96.0,99.0,96.0,88.0,93.0,91.0,91.0,92.0,94.0,high,high,high,high,high,high,high,high,high,2026-05-05
hitter,KC,CLE,Bobby Witt Jr.,677951,2.0,SS,Confirmed,3.96,,,,,0.8,0.41,,,,,0.8363211249868095,0.7553980318424678,0.41661093019615025,0.39379183607325474,1.1391752577319587,1.0070514444796532,0.15967667301095229,0.17779797770699415,,,1.07,0.34,0.27,1.38,0.17,1.82,0.16,0.01,0.0,0.211,2.057017543859649,1.6327879213456777,0.162,,0.009,,0.0,,False,96.0,99.0,96.0,88.0,93.0,91.0,91.0,92.0,94.0,high,high,high,high,high,high,high,high,high,2026-05-05
hitter,KC,CLE,Vinnie Pasquantino,686469,3.0,1B,Confirmed,3.89,,,,,0.73,0.37,,,,,0.7710617156348479,0.6809487268972245,0.39246055691996795,0.3518712111160896,1.0980834272829765,0.9277201920041847,0.23310465802457164,0.20493159101304428,,,1.0,0.32,0.29,1.31,0.22,1.77,0.13,0.01,0.0,0.201,1.914285714285714,1.652606896984922,0.131,,0.007,,0.0,,False,96.0,99.0,96.0,88.0,93.0,91.0,91.0,92.0,94.0,high,high,high,high,high,high,high,high,high,2026-05-05
hitter,KC,CLE,Salvador Perez,521692,4.0,DH,Confirmed,3.81,,,,,0.86,0.22,,,,,0.916850054737322,0.809749407386755,0.22223128809057388,0.2141269323247729,1.0980834272829765,0.9757464601252502,0.2563776198985305,0.20976224341739225,,,1.03,0.31,0.29,1.3,0.23,1.84,0.12,0.01,0.0,0.197,2.057017543859649,1.6695756620024875,0.12,,0.006,,0.0,,False,96.0,99.0,96.0,88.0,93.0,91.0,91.0,92.0,94.0,high,high,high,high,high,high,high,high,high,2026-05-05
hitter,KC,CLE,Carter Jensen,695600,5.0,C,Confirmed,3.49,,,,,0.93,0.4,,,,,0.9760401469453216,0.8799061357570098,0.43140501334247794,0.3623479442228934,0.801980198019802,0.6399293558802668,0.14544300210095107,0.1437020222823373,,,0.71,0.24,0.21,0.98,0.14,1.36,0.1,0.01,0.0,0.172,1.4759615384615385,1.2619698096793799,0.105,,0.007,,0.0,,False,96.0,99.0,96.0,88.0,93.0,91.0,91.0,92.0,94.0,high,high,high,high,high,high,high,high,high,2026-05-05
hitter,KC,CLE,Jac Caglianone,695506,6.0,RF,Confirmed,3.1,,,,,0.91,0.27,,,,,0.9885124673616502,0.8309040192049483,0.3092663975943972,0.23169866445101536,0.801980198019802,0.6219943210825145,0.1546024200132011,0.12897991404449163,,,0.7,0.2,0.2,0.88,0.14,1.24,0.1,0.01,0.0,0.179,1.3148148148148149,1.1762450623682832,0.096,,0.008,,0.0,,False,96.0,99.0,96.0,88.0,93.0,91.0,91.0,92.0,94.0,high,high,high,high,high,high,high,high,high,2026-05-05
hitter,KC,CLE,Isaac Collins,686555,7.0,LF,Confirmed,3.33,,,,,0.86,0.39,,,,,0.8824348087274955,0.8404672802170154,0.41897731120045534,0.3589455886484558,0.801980198019802,0.6115619416353522,0.08378235935439435,0.07278794156830988,,,0.7,0.17,0.15,0.73,0.08,1.12,0.09,0.01,0.0,0.148,1.239368165249089,1.0174847992304183,0.087,,0.007,,0.0,,False,96.0,99.0,96.0,88.0,93.0,91.0,91.0,92.0,94.0,high,high,high,high,high,high,high,high,high,2026-05-05
hitter,KC,CLE,Michael Massey,686681,8.0,2B,Confirmed,3.1,,,,,0.56,0.16,,,,,0.6044963529374571,0.5206723576905604,0.1757545502416258,0.14861753611949338,0.7061469265367316,0.5773649365975209,0.01976098636834951,0.01109128882815001,,,0.64,0.16,0.14,0.72,0.02,0.87,0.1,0.01,0.0,0.149,0.9875776397515532,0.7721085059119223,0.098,,0.008,,0.0,,False,96.0,99.0,96.0,88.0,93.0,91.0,91.0,92.0,94.0,high,high,high,high,high,high,high,high,high,2026-05-05
hitter,KC,CLE,Kyle Isbel,664728,9.0,CF,Confirmed,3.09,,,,,0.6,0.15,,,,,0.6279008453547418,0.5739758257236818,0.17154486578500408,0.13691038532788247,0.7715355805243446,0.6203065960175604,0.01938178223137588,0.013506251012223873,,,0.69,0.19,0.17,0.83,0.02,0.89,0.1,0.01,0.0,0.17,1.001763668430335,0.7953222863337795,0.101,,0.008,,0.0,,False,96.0,99.0,96.0,88.0,93.0,91.0,91.0,92.0,94.0,high,high,high,high,high,high,high,high,high,2026-05-05
hitter,CLE,KC,Steven Kwan,680757,1.0,CF,Confirmed,4.51,,,,,0.26,0.26,,,,,0.2335465227771383,0.29012211838730995,0.26198404878794257,0.2561884249005508,0.801980198019802,0.8732167104829047,0.07307052705865083,0.07778682043567658,,,0.84,0.51,0.37,1.88,0.08,1.21,0.17,0.01,0.0,0.284,1.1521739130434783,1.2599239405036393,0.166,,0.009,,0.0,,False,96.0,99.0,96.0,88.0,93.0,91.0,91.0,92.0,94.0,high,high,high,high,high,high,high,high,high,2026-05-05
hitter,CLE,KC,Chase DeLauter,800050,2.0,RF,Confirmed,4.04,,,,,0.33,0.38,,,,,0.35826280820578604,0.29786164516833535,0.3543845849616778,0.39596042812211013,0.994208494208494,0.8532166939233553,0.1012664991984093,0.11541600725646171,,,0.92,0.42,0.32,1.51,0.11,1.51,0.1,0.01,0.0,0.263,1.4759615384615385,1.5340362386585369,0.104,,0.015,,0.0,,False,96.0,99.0,96.0,88.0,93.0,91.0,91.0,92.0,94.0,high,high,high,high,high,high,high,high,high,2026-05-05
hitter,CLE,KC,José Ramírez,608070,3.0,3B,Confirmed,4.18,,,,,0.37,0.27,,,,,0.37671707293827583,0.36981325195799547,0.293216669293869,0.25373748167118054,0.7061469265367316,0.6985862401066346,0.1566651849646884,0.14259135178232052,,,0.7,0.53,0.45,1.85,0.15,1.28,0.16,0.01,0.0,0.318,1.239368165249089,1.3047615966499513,0.159,,0.009,,0.0,,False,96.0,99.0,96.0,88.0,93.0,91.0,91.0,92.0,94.0,high,high,high,high,high,high,high,high,high,2026-05-05
hitter,CLE,KC,Kyle Manzardo,700932,4.0,1B,Confirmed,3.1,,,,,0.69,0.27,,,,,0.7229882527017524,0.6626459436087652,0.29438751174542876,0.24759702590412602,0.707983193277311,0.6384218527042859,0.10248405258601423,0.10692142080045125,,,0.67,0.32,0.27,1.12,0.1,1.11,0.11,0.01,0.0,0.261,1.239368165249089,1.013007021573558,0.107,,0.008,,0.0,,False,96.0,99.0,96.0,88.0,93.0,91.0,91.0,92.0,94.0,high,high,high,high,high,high,high,high,high,2026-05-05
hitter,CLE,KC,Rhys Hoskins,656555,5.0,DH,Confirmed,3.19,,,,,0.68,0.22,,,,,0.6199618195179339,0.7495036961098347,0.2411026563334127,0.1903069987061381,0.4125159642401022,0.36284005616577575,0.15631512079557797,0.1160635162174056,,,0.39,0.38,0.33,1.24,0.14,0.78,0.1,0.01,0.0,0.299,0.7899761336515513,0.7628970185824745,0.095,,0.007,,0.0,,False,96.0,99.0,96.0,88.0,93.0,91.0,91.0,92.0,94.0,high,high,high,high,high,high,high,high,high,2026-05-05
hitter,CLE,KC,Daniel Schneemann,682177,6.0,SS,Confirmed,3.96,,,,,0.85,0.23,,,,,0.7995908957566958,0.8918481622495019,0.21153382894240097,0.2413763514073625,0.5846774193548387,0.5787497482149133,0.12115939055659747,0.13414272795945528,,,0.58,0.39,0.39,1.55,0.13,1.09,0.14,0.01,0.0,0.284,1.1521739130434783,1.0314751939138294,0.143,,0.009,,0.0,,False,96.0,99.0,96.0,88.0,93.0,91.0,91.0,92.0,94.0,high,high,high,high,high,high,high,high,high,2026-05-05
hitter,CLE,KC,Travis Bazzana,683953,7.0,2B,Confirmed,3.49,,,,,0.48,0.31,,,,,0.45164141504627486,0.5082362425242126,0.3049761343809274,0.30754105644382596,0.4125159642401022,0.47018332318631845,0.16314799571732613,0.1223181166132709,,,0.44,0.37,0.32,1.27,0.14,0.96,0.13,0.01,0.0,0.307,0.9875776397515532,0.9305884284741065,0.133,,0.008,,0.0,,False,96.0,99.0,96.0,88.0,93.0,91.0,91.0,92.0,94.0,high,high,high,high,high,high,high,high,high,2026-05-05
hitter,CLE,KC,Angel Martínez,682657,8.0,LF,Confirmed,3.49,,,,,0.63,0.09,,,,,0.5751185804909671,0.6910086699418571,0.0989591536767538,0.08694607154164093,0.5846774193548387,0.5863263914404016,0.09812472665419056,0.11994493165578442,,,0.59,0.33,0.3,1.34,0.11,0.94,0.13,0.01,0.0,0.264,0.9875776397515532,0.9025956342297986,0.128,,0.009,,0.0,,False,96.0,99.0,96.0,88.0,93.0,91.0,91.0,92.0,94.0,high,high,high,high,high,high,high,high,high,2026-05-05
hitter,CLE,KC,Bo Naylor,666310,9.0,C,Confirmed,3.1,,,,,0.6,0.13,,,,,0.5581518754431322,0.6457566148626804,0.1453108803913334,0.12040303424626864,0.4125159642401022,0.3939674286618375,0.09889371018382423,0.08346180198325605,,,0.4,0.27,0.24,1.05,0.09,0.75,0.13,0.01,0.0,0.256,0.7899761336515513,0.7200749020889782,0.127,,0.008,,0.0,,False,96.0,99.0,96.0,88.0,93.0,91.0,91.0,92.0,94.0,high,high,high,high,high,high,high,high,high,2026-05-05
hitter,HOU,LAD,Jose Altuve,514888,1.0,2B,Confirmed,4.39,,,,,1.06,0.24,,,,,1.0050080637077503,1.1147604093815608,0.2354970534565596,0.24435092097999145,0.8694581280788177,0.8773110441424036,0.0856421523295004,0.09751410590966991,,,0.87,0.4,0.27,1.45,0.09,1.32,0.15,0.01,0.0,0.242,1.239368165249089,1.3807918631105636,0.148,,0.009,,0.0,,False,96.0,99.0,96.0,88.0,93.0,91.0,91.0,92.0,94.0,high,high,high,high,high,high,high,high,high,2026-05-05
hitter,HOU,LAD,Yordan Alvarez,670541,2.0,LF,Confirmed,4.18,,,,,1.14,0.32,,,,,1.1725459212069844,1.111887676002652,0.28610492803148135,0.34657906665988214,0.801980198019802,0.8706582664823473,0.19842162513913786,0.20387228175828295,,,0.84,0.45,0.3,1.55,0.2,1.65,0.14,0.01,0.0,0.287,1.5956790123456794,1.6941344009563841,0.139,,0.009,,0.0,,False,96.0,99.0,96.0,88.0,93.0,91.0,91.0,92.0,94.0,high,high,high,high,high,high,high,high,high,2026-05-05
hitter,HOU,LAD,Isaac Paredes,670623,3.0,1B,Confirmed,4.18,,,,,1.09,0.29,,,,,1.107292732368735,1.07859626951192,0.2882185492969538,0.29681911724439164,0.801980198019802,0.8397846400627992,0.144795650587347,0.15342801448382726,,,0.82,0.39,0.29,1.39,0.15,1.37,0.13,0.01,0.0,0.251,1.3148148148148149,1.4127141473984814,0.128,,0.007,,0.0,,False,96.0,99.0,96.0,88.0,93.0,91.0,91.0,92.0,94.0,high,high,high,high,high,high,high,high,high,2026-05-05
hitter,HOU,LAD,Christian Walker,572233,4.0,DH,Confirmed,4.18,,,,,1.55,0.19,,,,,1.505469211511862,1.595504214929209,0.19315271804556494,0.18533475328727136,0.7715355805243446,0.7886995999565068,0.17951394316540797,0.1864590777136028,,,0.78,0.37,0.3,1.38,0.18,1.4,0.1,0.01,0.0,0.228,1.3893129770992367,1.4046937213072932,0.102,,0.01,,0.0,,False,96.0,99.0,96.0,88.0,93.0,91.0,91.0,92.0,94.0,high,high,high,high,high,high,high,high,high,2026-05-05
hitter,HOU,LAD,Cam Smith,701358,5.0,RF,Confirmed,4.03,,,,,1.47,0.26,,,,,1.3915642423891956,1.5504395033236074,0.2331430057852662,0.28947871328898855,0.707983193277311,0.7528349575555072,0.14032878192998505,0.14384617684743528,,,0.73,0.38,0.29,1.38,0.14,1.29,0.15,0.01,0.0,0.246,1.239368165249089,1.3243505925324106,0.146,,0.008,,0.0,,False,96.0,99.0,96.0,88.0,93.0,91.0,91.0,92.0,94.0,high,high,high,high,high,high,high,high,high,2026-05-05
hitter,HOU,LAD,Zach Cole,805904,6.0,LF,Confirmed,4.18,,,,,1.72,0.31,,,,,1.6694100886944818,1.767693369506498,0.3371811749092217,0.2766494905465342,0.7715355805243446,0.7473462901031649,0.15535215591446006,0.1604085700314182,,,0.76,0.35,0.3,1.36,0.16,1.36,0.16,0.01,0.0,0.258,1.3148148148148149,1.3935462450961502,0.157,,0.008,,0.0,,False,96.0,99.0,96.0,88.0,93.0,91.0,91.0,92.0,94.0,high,high,high,high,high,high,high,high,high,2026-05-05
hitter,HOU,LAD,Christian Vázquez,543877,7.0,C,Confirmed,3.48,,,,,0.86,0.18,,,,,0.826070733983608,0.9006103185657482,0.18293930542414555,0.16811498346005024,0.7061469265367316,0.6293165078441613,0.0823203087074213,0.07831534437409769,,,0.66,0.3,0.24,1.23,0.08,0.99,0.12,0.01,0.0,0.253,1.001763668430335,0.9810673240351688,0.117,,0.007,,0.0,,False,96.0,99.0,96.0,88.0,93.0,91.0,91.0,92.0,94.0,high,high,high,high,high,high,high,high,high,2026-05-05
hitter,HOU,LAD,Nick Allen,669397,8.0,SS,Confirmed,2.55,,,,,0.77,0.09,,,,,0.7862600809734898,0.7559493320009675,0.10229019853815571,0.0730844514412211,0.4125159642401022,0.38626621242306547,0.060289379120123374,0.07385437703384369,,,0.4,0.18,0.15,0.74,0.07,0.73,0.09,0.01,0.0,0.214,0.7899761336515513,0.6867391508331753,0.092,,0.008,,0.0,,False,96.0,99.0,96.0,88.0,93.0,91.0,91.0,92.0,94.0,high,high,high,high,high,high,high,high,high,2026-05-05
hitter,HOU,LAD,Braden Shewmake,669699,9.0,3B,Confirmed,2.55,,,,,0.65,0.13,,,,,0.6120667181248879,0.680384191431231,0.1511681539060133,0.11758291763660475,0.4125159642401022,0.32934780753320053,0.019307141314261936,0.006572335184868325,,,0.37,0.16,0.13,0.65,0.01,0.43,0.09,0.01,0.0,0.197,0.4591194968553459,0.40713125633892855,0.092,,0.007,,0.0,,False,96.0,99.0,96.0,88.0,93.0,91.0,91.0,92.0,94.0,high,high,high,high,high,high,high,high,high,2026-05-05
hitter,LAD,HOU,Dalton Rushing,687221,1.0,DH,Confirmed,3.96,,,,,0.94,0.3,,,,,0.8814760879203002,0.995617916784397,0.30438216224049397,0.3028313233905839,0.8949771689497716,0.8819030687657633,0.04772778873923081,0.05196956312241405,,,0.89,0.32,0.2,1.05,0.05,1.37,0.11,0.01,0.0,0.219,1.3148148148148149,1.413702020000387,0.111,,0.007,,0.0,,False,96.0,99.0,96.0,88.0,93.0,91.0,91.0,92.0,94.0,high,high,high,high,high,high,high,high,high,2026-05-05
hitter,LAD,HOU,Freddie Freeman,518692,2.0,1B,Confirmed,4.45,,,,,0.78,0.58,,,,,0.8098396998941545,0.750371040286006,0.6095997461645765,0.5578134671398615,1.0980834272829765,1.073292080078245,0.07531950933377987,0.05485610879715689,,,1.08,0.4,0.24,1.29,0.07,1.72,0.13,0.01,0.0,0.252,1.914285714285714,1.5623344096637983,0.131,,0.009,,0.0,,False,96.0,99.0,96.0,88.0,93.0,91.0,91.0,92.0,94.0,high,high,high,high,high,high,high,high,high,2026-05-05
hitter,LAD,HOU,Will Smith,669257,3.0,C,Confirmed,4.18,,,,,0.85,0.65,,,,,0.8828929051301391,0.8131355457002296,0.66897146935736,0.6272482128705208,0.994208494208494,0.9556702451337028,0.06786833004272995,0.06880671917560581,,,0.97,0.37,0.23,1.13,0.07,1.42,0.12,0.01,0.0,0.255,1.4759615384615385,1.3718407789484965,0.122,,0.007,,0.0,,False,96.0,99.0,96.0,88.0,93.0,91.0,91.0,92.0,94.0,high,high,high,high,high,high,high,high,high,2026-05-05
hitter,LAD,HOU,Kyle Tucker,663656,4.0,RF,Confirmed,4.48,,,,,0.67,0.75,,,,,0.7396739555638449,0.5952095694073349,0.7705386154749668,0.7239089296718636,0.994208494208494,0.9959339542454405,0.07382184759069918,0.06949883657791052,,,1.0,0.44,0.27,1.36,0.07,1.73,0.11,0.01,0.0,0.279,1.914285714285714,1.5704055196342837,0.109,,0.007,,0.0,,False,96.0,99.0,96.0,88.0,93.0,91.0,91.0,92.0,94.0,high,high,high,high,high,high,high,high,high,2026-05-05
hitter,LAD,HOU,Teoscar Hernández,606192,5.0,LF,Confirmed,4.25,,,,,1.02,0.44,,,,,1.0563703376302005,0.9845176293701665,0.419047514062586,0.4512567818947788,0.994208494208494,1.0189970173041647,0.12639548806300402,0.08463531125313839,,,1.01,0.35,0.26,1.2,0.11,1.66,0.12,0.01,0.0,0.226,1.684375,1.6471802270639047,0.124,,0.009,,0.0,,False,96.0,99.0,96.0,88.0,93.0,91.0,91.0,92.0,94.0,high,high,high,high,high,high,high,high,high,2026-05-05
hitter,LAD,HOU,Max Muncy,571970,6.0,3B,Confirmed,4.26,,,,,0.96,0.64,,,,,1.0048903182696316,0.9105743786562822,0.6149597126118782,0.6649610704070449,0.994208494208494,0.910196765914153,0.11433725001664008,0.10041529133841726,,,0.95,0.33,0.25,1.11,0.11,1.6,0.11,0.01,0.0,0.249,1.5956790123456794,1.6016144639248107,0.105,,0.007,,0.0,,False,96.0,99.0,96.0,88.0,93.0,91.0,91.0,92.0,94.0,high,high,high,high,high,high,high,high,high,2026-05-05
hitter,LAD,HOU,Andy Pages,681624,7.0,CF,Confirmed,3.96,,,,,0.85,0.36,,,,,0.8745011782342133,0.8274406560872027,0.3447700012824745,0.3747394573441124,0.8694581280788177,0.914350943336702,0.0699745496812196,0.07188551255681205,,,0.89,0.31,0.24,1.19,0.07,1.4,0.14,0.01,0.0,0.232,1.4759615384615385,1.3411772168033789,0.135,,0.008,,0.0,,False,96.0,99.0,96.0,88.0,93.0,91.0,91.0,92.0,94.0,high,high,high,high,high,high,high,high,high,2026-05-05
hitter,LAD,HOU,Alex Freeland,690976,8.0,2B,Confirmed,3.74,,,,,1.06,0.5,,,,,1.123937049772254,0.999799910330224,0.4955774054633413,0.5105243848855157,0.8949771689497716,0.7988575990838542,0.046696542183701305,0.053111022215405077,,,0.84,0.25,0.15,0.81,0.05,1.16,0.13,0.01,0.0,0.217,1.239368165249089,1.0978534899007615,0.131,,0.007,,0.0,,False,96.0,99.0,96.0,88.0,93.0,91.0,91.0,92.0,94.0,high,high,high,high,high,high,high,high,high,2026-05-05
hitter,LAD,HOU,Miguel Rojas,500743,9.0,SS,Confirmed,1.84,,,,,0.34,0.1,,,,,0.39045076119627453,0.2853577549994899,0.1226272391771312,0.07100829255693446,0.5290322580645161,0.3006637021483438,0.02408438626698395,0.012984560502692864,,,0.4,0.16,0.12,0.62,0.02,0.5,0.08,0.01,0.0,0.271,0.6720588235294118,0.3524158942507263,0.076,,0.007,,0.0,,False,96.0,99.0,96.0,88.0,93.0,91.0,91.0,92.0,94.0,high,high,high,high,high,high,high,high,high,2026-05-05
hitter,LAA,CWS,Zach Neto,687263,1.0,SS,Confirmed,4.25,,,,,1.77,0.15,,,,,1.7190227479235043,1.817491036306887,0.13031270118827698,0.1752262077470665,0.7715355805243446,0.7658092427315468,0.046297821893051844,0.07655007243957845,,,0.77,0.59,0.56,1.95,0.06,1.2,0.12,0.01,0.0,0.315,1.239368165249089,1.1611853098414913,0.117,,0.008,,0.0,,False,96.0,99.0,96.0,88.0,93.0,91.0,91.0,92.0,94.0,high,high,high,high,high,high,high,high,high,2026-05-05
hitter,LAA,CWS,Mike Trout,545361,2.0,CF,Confirmed,4.25,,,,,1.88,0.27,,,,,1.894406577452386,1.865130566946442,0.2541887936213473,0.28774011673382993,0.707983193277311,0.7246644357677406,0.0550771074327194,0.08219329659266407,,,0.72,0.55,0.49,1.82,0.07,1.19,0.1,0.01,0.0,0.306,1.1238670694864048,1.242304444659738,0.095,,0.009,,0.0,,False,96.0,99.0,96.0,88.0,93.0,91.0,91.0,92.0,94.0,high,high,high,high,high,high,high,high,high,2026-05-05
hitter,LAA,CWS,Nolan Schanuel,694384,3.0,1B,Confirmed,4.03,,,,,0.83,0.14,,,,,0.7302306444774527,0.9322208428123032,0.13556831262636748,0.15207386124838757,0.8888888888888888,0.9060160338222101,0.026507454157859912,0.03235479575786593,,,0.9,0.47,0.46,1.81,0.03,1.14,0.15,0.01,0.0,0.28,1.1521739130434783,1.1234755352287544,0.15,,0.008,,0.0,,False,96.0,99.0,96.0,88.0,93.0,91.0,91.0,92.0,94.0,high,high,high,high,high,high,high,high,high,2026-05-05
hitter,LAA,CWS,Jorge Soler,624585,4.0,DH,Confirmed,4.14,,,,,1.77,0.19,,,,,1.7491625332997067,1.7835842862452194,0.1670968301015049,0.20603112821858133,0.707983193277311,0.7153786247736067,0.0400755967119597,0.038499718803123174,,,0.71,0.45,0.45,1.62,0.04,1.02,0.11,0.01,0.0,0.258,1.001763668430335,1.0360191402339658,0.115,,0.007,,0.0,,False,96.0,99.0,96.0,88.0,93.0,91.0,91.0,92.0,94.0,high,high,high,high,high,high,high,high,high,2026-05-05
hitter,LAA,CWS,Jo Adell,666176,5.0,RF,Confirmed,3.96,,,,,1.52,0.08,,,,,1.472150108882561,1.5692969395796175,0.08077565574214585,0.0751999529438545,0.707983193277311,0.736395593022075,0.036289787781311325,0.0688926302026093,,,0.72,0.51,0.54,1.85,0.05,1.02,0.11,0.01,0.0,0.292,1.001763668430335,1.037403108872967,0.107,,0.007,,0.0,,False,96.0,99.0,96.0,88.0,93.0,91.0,91.0,92.0,94.0,high,high,high,high,high,high,high,high,high,2026-05-05
hitter,LAA,CWS,Yoán Moncada,660162,6.0,3B,Confirmed,2.77,,,,,1.3,0.09,,,,,1.3995574755597788,1.1951985352173808,0.09580898052901109,0.09145004128054472,0.4125159642401022,0.41079559903779467,0.022176150996041644,0.009991158040489383,,,0.41,0.23,0.26,0.89,0.02,0.58,0.08,0.01,0.0,0.222,0.6289308176100628,0.5357465806586604,0.077,,0.007,,0.0,,False,96.0,99.0,96.0,88.0,93.0,91.0,91.0,92.0,94.0,high,high,high,high,high,high,high,high,high,2026-05-05
hitter,LAA,CWS,Vaughn Grissom,687093,7.0,2B,Confirmed,4.03,,,,,0.77,0.4,,,,,0.7108851007318384,0.8241961267425357,0.3921415091955932,0.40011084888156473,0.6506024096385542,0.6381573161118755,0.026941545197896887,0.026793534939069108,,,0.64,0.34,0.32,1.37,0.03,0.84,0.11,0.01,0.0,0.231,0.8408408408408409,0.8331393096226726,0.113,,0.008,,0.0,,False,96.0,99.0,96.0,88.0,93.0,91.0,91.0,92.0,94.0,high,high,high,high,high,high,high,high,high,2026-05-05
hitter,LAA,CWS,Sebastián Rivero,665861,8.0,C,Confirmed,3.02,,,,,0.78,0.21,,,,,0.7582831301301508,0.8112003016268088,0.22267349253409102,0.18935159883158734,0.4125159642401022,0.4085057543520226,0.026227019262357477,0.023365029343480247,,,0.41,0.25,0.25,0.97,0.02,0.62,0.09,0.01,0.0,0.22,0.6720588235294118,0.5846049480539323,0.092,,0.007,,0.0,,False,96.0,99.0,96.0,88.0,93.0,91.0,91.0,92.0,94.0,high,high,high,high,high,high,high,high,high,2026-05-05
hitter,LAA,CWS,Josh Lowe,666139,9.0,LF,Confirmed,3.1,,,,,1.22,0.08,,,,,1.2677096250589108,1.1683141498534946,0.08700649826060573,0.07686660918319439,0.5290322580645161,0.48807683489698245,0.024669433280471897,0.032671480245579296,,,0.51,0.3,0.32,1.15,0.03,0.74,0.1,0.01,0.0,0.261,0.7899761336515513,0.7064886816172372,0.096,,0.008,,0.0,,False,96.0,99.0,96.0,88.0,93.0,91.0,91.0,92.0,94.0,high,high,high,high,high,high,high,high,high,2026-05-05
hitter,CWS,LAA,Chase Meidroth,805367,1.0,2B,Confirmed,4.48,,,,,0.67,0.42,,,,,0.6381641217077753,0.6927721631993946,0.41077829391233134,0.4243035846075396,1.4947368421052631,1.2074935911042939,0.11432976445948023,0.12737115901234267,,,1.34,0.58,0.43,2.11,0.12,1.85,0.18,0.01,0.0,0.325,1.914285714285714,1.7887398239517245,0.182,,0.011,,0.0,,False,96.0,99.0,96.0,88.0,93.0,91.0,91.0,92.0,94.0,high,high,high,high,high,high,high,high,high,2026-05-05
hitter,CWS,LAA,Miguel Vargas,678246,2.0,3B,Confirmed,4.68,,,,,0.82,0.59,,,,,0.7828024909437266,0.8620391837474723,0.5768830342096923,0.6046056344343794,1.1391752577319587,1.1964160279353666,0.24419070850601843,0.2705943480708461,,,1.17,0.69,0.53,2.32,0.26,2.12,0.19,0.01,0.0,0.369,2.057017543859649,2.1714488488267256,0.187,,0.01,,0.0,,False,96.0,99.0,96.0,88.0,93.0,91.0,91.0,92.0,94.0,high,high,high,high,high,high,high,high,high,2026-05-05
hitter,CWS,LAA,Colson Montgomery,695657,3.0,SS,Confirmed,4.74,,,,,1.26,0.6,,,,,1.2432821755091605,1.2769784933889679,0.6327386683931561,0.5644933312124824,1.1391752577319587,1.2202626675181933,0.5277644061987254,0.4505377919815226,,,1.18,0.83,0.79,2.73,0.49,2.61,0.2,0.01,0.0,0.43,2.6,2.6232332062184325,0.196,,0.012,,0.0,,False,96.0,99.0,96.0,88.0,93.0,91.0,91.0,92.0,94.0,high,high,high,high,high,high,high,high,high,2026-05-05
hitter,CWS,LAA,Randal Grichuk,545341,4.0,RF,Confirmed,1.84,,,,,0.59,0.14,,,,,0.6618566619947006,0.5121159751534152,0.17344472890171655,0.10475269811950005,0.5290322580645161,0.2842801891563103,0.14983962984374136,0.08534317735109843,,,0.39,0.28,0.27,0.97,0.12,0.92,0.11,0.01,0.0,0.381,1.239368165249089,0.6548721001174579,0.111,,0.008,,0.0,,False,96.0,99.0,96.0,88.0,93.0,91.0,91.0,92.0,94.0,high,high,high,high,high,high,high,high,high,2026-05-05
hitter,CWS,LAA,Edgar Quero,700337,5.0,C,Confirmed,3.74,,,,,0.98,0.42,,,,,0.9609250603208642,1.0063484851604514,0.39501026011519524,0.4438881837973957,0.5290322580645161,0.49227741956311283,0.06765596962619072,0.0710817557951191,,,0.51,0.48,0.41,1.76,0.07,0.82,0.16,0.01,0.0,0.328,0.8408408408408409,0.7948646319991968,0.16,,0.009,,0.0,,False,96.0,99.0,96.0,88.0,93.0,91.0,91.0,92.0,94.0,high,high,high,high,high,high,high,high,high,2026-05-05
hitter,CWS,LAA,Andrew Benintendi,643217,6.0,DH,Confirmed,4.18,,,,,0.87,0.44,,,,,0.8736311314847279,0.8614204619340484,0.44698210124165116,0.4335743048536819,1.0,0.9946895889758405,0.3659748756124212,0.314107164663414,,,1.0,0.6,0.65,2.25,0.34,1.97,0.18,0.01,0.0,0.399,2.057017543859649,1.891470628671669,0.182,,0.008,,0.0,,False,96.0,99.0,96.0,88.0,93.0,91.0,91.0,92.0,94.0,high,high,high,high,high,high,high,high,high,2026-05-05
hitter,CWS,LAA,Derek Hill,656537,7.0,CF,Confirmed,1.84,,,,,0.68,0.14,,,,,0.7530283194346747,0.5989499299498898,0.17028642429038324,0.1143556269262906,0.4125159642401022,0.2535402378625256,0.09146252773989041,0.06195125862352614,,,0.33,0.22,0.2,0.83,0.08,0.64,0.09,0.01,0.0,0.344,0.8408408408408409,0.48023077572160655,0.094,,0.009,,0.0,,False,96.0,99.0,96.0,88.0,93.0,91.0,91.0,92.0,94.0,high,high,high,high,high,high,high,high,high,2026-05-05
hitter,CWS,LAA,Luisangel Acuña,682668,8.0,SS,Confirmed,3.81,,,,,1.03,0.33,,,,,0.9381077082284308,1.114915038922936,0.2954737281053216,0.35636142113559854,0.6434108527131783,0.5954597982439421,0.05141579147285216,0.08063204995042073,,,0.62,0.38,0.33,1.58,0.07,0.97,0.14,0.01,0.0,0.288,0.9875776397515532,0.9544940997118403,0.135,,0.008,,0.0,,False,96.0,99.0,96.0,88.0,93.0,91.0,91.0,92.0,94.0,high,high,high,high,high,high,high,high,high,2026-05-05
hitter,CWS,LAA,Sam Antonacci,803011,9.0,LF,Confirmed,4.51,,,,,0.63,0.46,,,,,0.6030099040588223,0.6592384492783654,0.4389059463210464,0.4760493094397494,1.1391752577319587,1.2193558257233126,0.27551176483979956,0.24391894692083502,,,1.18,0.61,0.57,2.27,0.26,2.06,0.19,0.02,0.0,0.376,2.057017543859649,2.058427531498865,0.192,,0.021,,0.0,,False,96.0,99.0,96.0,88.0,93.0,91.0,91.0,92.0,94.0,high,high,high,high,high,high,high,high,high,2026-05-05
hitter,AZ,PIT,Geraldo Perdomo,672695,1.0,SS,Confirmed,3.96,,,,,0.57,0.22,,,,,0.5153782267179797,0.6295764478608457,0.21636403605586788,0.23354259534313213,0.6434108527131783,0.6327993289338469,0.0782425166357584,0.08331009759349968,,,0.64,0.37,0.24,1.2,0.08,1.03,0.1,0.01,0.0,0.25,0.9875776397515532,1.071674897527157,0.1,,0.008,,0.0,,False,96.0,99.0,96.0,88.0,93.0,91.0,91.0,92.0,94.0,high,high,high,high,high,high,high,high,high,2026-05-05
hitter,AZ,PIT,Ketel Marte,606466,2.0,2B,Confirmed,4.48,,,,,0.74,0.29,,,,,0.7026528855803831,0.7705434885901388,0.26037398956184105,0.3144786100377181,0.8694581280788177,0.9496328238408956,0.16931105582373634,0.21330885879085087,,,0.91,0.48,0.34,1.53,0.19,1.77,0.14,0.01,0.0,0.282,1.914285714285714,1.6562216846811757,0.144,,0.008,,0.0,,False,96.0,99.0,96.0,88.0,93.0,91.0,91.0,92.0,94.0,high,high,high,high,high,high,high,high,high,2026-05-05
hitter,AZ,PIT,Corbin Carroll,682998,3.0,RF,Confirmed,3.89,,,,,1.05,0.25,,,,,0.9892646417237573,1.1122559521147999,0.26125688253801593,0.23242444516685423,0.707983193277311,0.7239057190523424,0.18266730539422849,0.1802694413016461,,,0.72,0.46,0.38,1.48,0.18,1.42,0.1,0.02,0.0,0.308,1.3893129770992367,1.4500811635408877,0.098,,0.016,,0.0,,False,96.0,99.0,96.0,88.0,93.0,91.0,91.0,92.0,94.0,high,high,high,high,high,high,high,high,high,2026-05-05
hitter,AZ,PIT,Adrian Del Castillo,680728,4.0,DH,Confirmed,3.33,,,,,1.07,0.14,,,,,1.0541021352120121,1.0869980689689132,0.16901728311425945,0.11116186035521079,0.4125159642401022,0.39941122802048334,0.11236309178427076,0.1014722364735597,,,0.41,0.27,0.21,0.83,0.11,0.8,0.08,0.01,0.0,0.22,0.8408408408408409,0.7651870712005852,0.085,,0.007,,0.0,,False,96.0,99.0,96.0,88.0,93.0,91.0,91.0,92.0,94.0,high,high,high,high,high,high,high,high,high,2026-05-05
hitter,AZ,PIT,Ildemaro Vargas,545121,5.0,1B,Confirmed,3.58,,,,,0.61,0.08,,,,,0.5598159898103355,0.6596873556938033,0.09685032298394873,0.07286303556100193,0.7061469265367316,0.6566875528924179,0.071131900359337,0.0689947263869019,,,0.68,0.35,0.3,1.32,0.07,1.0,0.09,0.01,0.0,0.242,0.9875776397515532,1.0136243030495884,0.093,,0.011,,0.0,,False,96.0,99.0,96.0,88.0,93.0,91.0,91.0,92.0,94.0,high,high,high,high,high,high,high,high,high,2026-05-05
hitter,AZ,PIT,Lourdes Gurriel Jr.,666971,6.0,LF,Confirmed,4.18,,,,,0.64,0.18,,,,,0.6052796933427534,0.6700560783045935,0.17777103547144585,0.19111704744469382,0.7715355805243446,0.7701399258622991,0.16386109283305336,0.16629922679499903,,,0.77,0.39,0.39,1.49,0.17,1.48,0.13,0.01,0.0,0.27,1.3893129770992367,1.5563099054755256,0.133,,0.009,,0.0,,False,96.0,99.0,96.0,88.0,93.0,91.0,91.0,92.0,94.0,high,high,high,high,high,high,high,high,high,2026-05-05
hitter,AZ,PIT,Nolan Arenado,571448,7.0,3B,Confirmed,4.25,,,,,0.56,0.25,,,,,0.5117199299090619,0.617495979712047,0.23069166018492757,0.274773684316183,0.7715355805243446,0.8347655145734818,0.13864396799739942,0.1498982406118289,,,0.81,0.39,0.33,1.42,0.14,1.32,0.13,0.01,0.0,0.271,1.3148148148148149,1.3232021445845472,0.133,,0.007,,0.0,,False,96.0,99.0,96.0,88.0,93.0,91.0,91.0,92.0,94.0,high,high,high,high,high,high,high,high,high,2026-05-05
hitter,AZ,PIT,Gabriel Moreno,672515,8.0,C,Confirmed,4.25,,,,,0.83,0.28,,,,,0.7628109024168865,0.8904243366233365,0.2833950975532391,0.2844844229868802,0.801980198019802,0.8493910699066813,0.13376935195809203,0.12214198187630099,,,0.83,0.41,0.32,1.44,0.13,1.25,0.13,0.01,0.0,0.294,1.239368165249089,1.250978757114215,0.13,,0.008,,0.0,,False,96.0,99.0,96.0,88.0,93.0,91.0,91.0,92.0,94.0,high,high,high,high,high,high,high,high,high,2026-05-05
hitter,AZ,PIT,Alek Thomas,677950,9.0,CF,Confirmed,3.49,,,,,0.91,0.07,,,,,0.8885093942657237,0.9344634938939618,0.08391952976515231,0.049395697845884226,0.8949771689497716,0.8336611905680361,0.03483731785187237,0.04407922135129281,,,0.86,0.26,0.22,0.96,0.04,1.2,0.1,0.01,0.0,0.225,1.239368165249089,1.1661020909342634,0.102,,0.008,,0.0,,False,96.0,99.0,96.0,88.0,93.0,91.0,91.0,92.0,94.0,high,high,high,high,high,high,high,high,high,2026-05-05
hitter,PIT,AZ,Oneil Cruz,665833,1.0,CF,Confirmed,4.25,,,,,1.5,0.27,,,,,1.3980046322184636,1.6019542914461444,0.28555637434650594,0.2576250446942472,0.35424354243542433,0.4224187187764834,0.0401598340934618,0.0542220628045523,,,0.39,0.49,0.31,1.6,0.05,0.63,0.17,0.01,0.0,0.319,0.6720588235294118,0.604217884013273,0.167,,0.011,,0.0,,False,96.0,99.0,96.0,88.0,93.0,91.0,91.0,92.0,94.0,high,high,high,high,high,high,high,high,high,2026-05-05
hitter,PIT,AZ,Nick Gonzales,693304,2.0,2B,Confirmed,4.25,,,,,0.86,0.17,,,,,0.7985495309816133,0.9247676938950621,0.15734666806466072,0.1858012991498453,0.5290322580645161,0.6143909009269152,0.0253923464877626,0.02453137740212667,,,0.58,0.43,0.31,1.62,0.02,0.74,0.13,0.01,0.0,0.262,0.6720588235294118,0.7964683433460049,0.135,,0.012,,0.0,,False,96.0,99.0,96.0,88.0,93.0,91.0,91.0,92.0,94.0,high,high,high,high,high,high,high,high,high,2026-05-05
hitter,PIT,AZ,Bryan Reynolds,668804,3.0,RF,Confirmed,4.26,,,,,1.28,0.32,,,,,1.2043544545983595,1.3638416625356646,0.31287158684005645,0.33206131281241774,0.4803149606299212,0.5031478569203017,0.026861771635135142,0.020039090743674274,,,0.49,0.48,0.33,1.61,0.02,0.71,0.17,0.01,0.0,0.309,0.6720588235294118,0.7354413954274821,0.167,,0.012,,0.0,,False,96.0,99.0,96.0,88.0,93.0,91.0,91.0,92.0,94.0,high,high,high,high,high,high,high,high,high,2026-05-05
hitter,PIT,AZ,Ryan O'Hearn,656811,4.0,1B,Confirmed,4.25,,,,,1.06,0.27,,,,,0.9770668490809401,1.152660091517079,0.2520973664682632,0.2948946402395242,0.4803149606299212,0.5798477627994837,0.021602746709190275,0.0057825818008319756,,,0.54,0.45,0.32,1.58,0.01,0.69,0.17,0.01,0.0,0.29,0.6720588235294118,0.6956811672517423,0.172,,0.008,,0.0,,False,96.0,99.0,96.0,88.0,93.0,91.0,91.0,92.0,94.0,high,high,high,high,high,high,high,high,high,2026-05-05
hitter,PIT,AZ,Marcell Ozuna,542303,5.0,DH,Confirmed,4.18,,,,,1.24,0.23,,,,,1.146744499822452,1.3295899237883781,0.2135780568127066,0.2412398110815837,0.4803149606299212,0.5430231549362159,0.027847715320262558,0.02622070705904065,,,0.51,0.46,0.32,1.54,0.03,0.71,0.14,0.01,0.0,0.297,0.6720588235294118,0.740735156758443,0.142,,0.006,,0.0,,False,96.0,99.0,96.0,88.0,93.0,91.0,91.0,92.0,94.0,high,high,high,high,high,high,high,high,high,2026-05-05
hitter,PIT,AZ,Konnor Griffin,804606,6.0,SS,Confirmed,4.26,,,,,1.3,0.19,,,,,1.1992778806631195,1.3974273876986245,0.18958168830577687,0.19670659256947404,0.5290322580645161,0.640681295877189,0.03423155129354428,0.038886216433268235,,,0.59,0.41,0.36,1.64,0.04,0.79,0.17,0.01,0.0,0.292,0.6720588235294118,0.8811394373144454,0.171,,0.012,,0.0,,False,96.0,99.0,96.0,88.0,93.0,91.0,91.0,92.0,94.0,high,high,high,high,high,high,high,high,high,2026-05-05
hitter,PIT,AZ,Jake Mangum,663968,7.0,LF,Confirmed,3.1,,,,,0.65,0.1,,,,,0.6428128131641154,0.6517262338323181,0.11638671249026838,0.08465161610173459,0.4125159642401022,0.38429875082623394,0.014832839312993108,0.0,,,0.4,0.3,0.24,1.25,0.01,0.51,0.12,0.01,0.0,0.286,0.5302013422818792,0.49796337801053764,0.122,,0.008,,0.0,,False,96.0,99.0,96.0,88.0,93.0,91.0,91.0,92.0,94.0,high,high,high,high,high,high,high,high,high,2026-05-05
hitter,PIT,AZ,Joey Bart,663698,8.0,C,Confirmed,3.48,,,,,1.1,0.2,,,,,1.0250388795557535,1.1788858910634072,0.19599169529848143,0.20628041430716973,0.35424354243542433,0.39023487885942926,0.024160503244472307,0.026680921235255506,,,0.37,0.32,0.23,1.2,0.03,0.55,0.13,0.01,0.0,0.29,0.5302013422818792,0.5581728466774446,0.135,,0.007,,0.0,,False,96.0,99.0,96.0,88.0,93.0,91.0,91.0,92.0,94.0,high,high,high,high,high,high,high,high,high,2026-05-05
hitter,PIT,AZ,Jared Triolo,669707,9.0,3B,Confirmed,4.18,,,,,0.65,0.66,,,,,0.6676236494773363,0.635873118751496,0.6898576597433479,0.62436590655263,1.0980834272829765,1.060123099764749,0.04410476912848251,0.028562933655974447,,,1.08,0.4,0.28,1.48,0.04,1.35,0.16,0.01,0.0,0.293,1.3893129770992367,1.3226563388226682,0.164,,0.01,,0.0,,False,96.0,99.0,96.0,88.0,93.0,91.0,91.0,92.0,94.0,high,high,high,high,high,high,high,high,high,2026-05-05
hitter,SEA,ATL,J.P. Crawford,641487,1.0,SS,Confirmed,4.25,,,,,0.47,0.78,,,,,0.49491007067124937,0.44007864918422845,0.8299855749426375,0.7324379452262831,0.707983193277311,0.7248809331528565,0.06506009907378432,0.07705843990858541,,,0.72,0.46,0.3,1.64,0.07,1.11,0.18,0.01,0.0,0.291,1.1238670694864048,1.1042760856612308,0.177,,0.009,,0.0,,False,96.0,99.0,96.0,88.0,93.0,91.0,91.0,92.0,94.0,high,high,high,high,high,high,high,high,high,2026-05-05
hitter,SEA,ATL,Cal Raleigh,663728,2.0,DH,Confirmed,4.68,,,,,1.79,0.87,,,,,1.7879639396973777,1.785153390621076,0.8812038170434043,0.8633616550193203,0.801980198019802,0.7905072559804327,0.4984098302627777,0.5882531277776016,,,0.8,0.54,0.34,1.75,0.54,2.49,0.19,0.01,0.0,0.313,2.25,2.682333564529139,0.186,,0.007,,0.0,,False,96.0,99.0,96.0,88.0,93.0,91.0,91.0,92.0,94.0,high,high,high,high,high,high,high,high,high,2026-05-05
hitter,SEA,ATL,Julio Rodríguez,677594,3.0,CF,Confirmed,4.26,,,,,0.66,0.59,,,,,0.6021801636992051,0.7220471451163744,0.6218319988288015,0.5653700038356674,0.8694581280788177,0.8650279562132978,0.18724342738275077,0.17440278131413084,,,0.87,0.49,0.4,1.89,0.18,1.55,0.17,0.01,0.0,0.295,1.5956790123456794,1.5073741554821296,0.17,,0.013,,0.0,,False,96.0,99.0,96.0,88.0,93.0,91.0,91.0,92.0,94.0,high,high,high,high,high,high,high,high,high,2026-05-05
hitter,SEA,ATL,Josh Naylor,647304,4.0,1B,Confirmed,4.51,,,,,0.42,0.7,,,,,0.45472206098748336,0.39384603774727434,0.6926693064480512,0.7169141261394764,0.8694581280788177,0.9306969294986529,0.13100299767561374,0.1517610964876295,,,0.9,0.55,0.44,2.08,0.14,1.48,0.21,0.01,0.0,0.314,1.4476190476190476,1.4978722622944616,0.208,,0.01,,0.0,,False,96.0,99.0,96.0,88.0,93.0,91.0,91.0,92.0,94.0,high,high,high,high,high,high,high,high,high,2026-05-05
hitter,SEA,ATL,Randy Arozarena,668227,5.0,LF,Confirmed,4.51,,,,,0.83,0.81,,,,,0.7738524412048393,0.8789236798616872,0.8328198278520018,0.7829078395218487,0.8694581280788177,0.8186118582514774,0.18734769476264074,0.19392344842817144,,,0.84,0.52,0.4,1.92,0.19,1.56,0.2,0.01,0.0,0.305,1.5956790123456794,1.5378837975449888,0.203,,0.01,,0.0,,False,96.0,99.0,96.0,88.0,93.0,91.0,91.0,92.0,94.0,high,high,high,high,high,high,high,high,high,2026-05-05
hitter,SEA,ATL,Luke Raley,670042,6.0,RF,Confirmed,3.02,,,,,0.62,0.47,,,,,0.5933825800208902,0.6544358425677471,0.5195524629127521,0.4294300370070897,0.4803149606299212,0.4556109440405376,0.0902178035699639,0.06310476911742928,,,0.47,0.29,0.26,1.19,0.08,0.74,0.12,0.01,0.0,0.283,0.7899761336515513,0.7078399379519429,0.119,,0.01,,0.0,,False,96.0,99.0,96.0,88.0,93.0,91.0,91.0,92.0,94.0,high,high,high,high,high,high,high,high,high,2026-05-05
hitter,SEA,ATL,Cole Young,702284,7.0,2B,Confirmed,4.18,,,,,0.51,0.64,,,,,0.5302486821195206,0.48862472392465106,0.6677736348619538,0.6117532748880244,0.707983193277311,0.7433792312108081,0.12514176000767177,0.10923429629201595,,,0.73,0.4,0.31,1.61,0.12,1.13,0.17,0.01,0.0,0.289,1.1238670694864048,1.1394802427491173,0.172,,0.01,,0.0,,False,96.0,99.0,96.0,88.0,93.0,91.0,91.0,92.0,94.0,high,high,high,high,high,high,high,high,high,2026-05-05
hitter,SEA,ATL,Mitch Garver,641598,8.0,C,Confirmed,3.1,,,,,0.61,0.51,,,,,0.594461331352874,0.6280714042029091,0.5605757188037113,0.464786803249026,0.4125159642401022,0.42325214458233257,0.10923933364111785,0.08305926253044074,,,0.42,0.27,0.19,0.99,0.1,0.76,0.14,0.01,0.0,0.269,0.8408408408408409,0.6994004902503413,0.138,,0.009,,0.0,,False,96.0,99.0,96.0,88.0,93.0,91.0,91.0,92.0,94.0,high,high,high,high,high,high,high,high,high,2026-05-05
hitter,SEA,ATL,Leo Rivas,660844,9.0,3B,Confirmed,3.1,,,,,0.59,0.51,,,,,0.5767580667018416,0.6044578017814308,0.5686865777806901,0.4551453747615015,0.4125159642401022,0.38998030317827154,0.0656487463153837,0.0614317989744606,,,0.4,0.25,0.18,0.97,0.06,0.74,0.13,0.01,0.0,0.254,0.7899761336515513,0.6968428568031791,0.13,,0.008,,0.0,,False,96.0,99.0,96.0,88.0,93.0,91.0,91.0,92.0,94.0,high,high,high,high,high,high,high,high,high,2026-05-05
hitter,ATL,SEA,Drake Baldwin,686948,1.0,C,Confirmed,4.68,,,,,0.72,0.42,,,,,0.7264057902401663,0.7153872429450094,0.41027003696457054,0.42534447285344695,0.994208494208494,1.0636081213789483,0.3092926190159857,0.39398775487399823,,,1.03,0.54,0.38,2.02,0.35,2.24,0.28,0.01,0.0,0.303,2.057017543859649,2.3871406906615866,0.277,,0.01,,0.0,,False,96.0,99.0,96.0,88.0,93.0,91.0,91.0,92.0,94.0,high,high,high,high,high,high,high,high,high,2026-05-05
hitter,ATL,SEA,Ozzie Albies,645277,2.0,2B,Confirmed,4.74,,,,,0.48,0.35,,,,,0.470776381707814,0.4904275216113392,0.32927232945123774,0.37131281617727213,1.0,1.0028466105961527,0.30920204974158044,0.3534488737346411,,,1.0,0.55,0.4,2.08,0.33,2.09,0.18,0.02,0.0,0.29,2.057017543859649,2.1169575596610635,0.175,,0.019,,0.0,,False,96.0,99.0,96.0,88.0,93.0,91.0,91.0,92.0,94.0,high,high,high,high,high,high,high,high,high,2026-05-05
hitter,ATL,SEA,Matt Olson,621566,3.0,1B,Confirmed,4.74,,,,,1.0,0.61,,,,,0.9714772097137244,1.029484183425416,0.6475185343560836,0.5723541245484315,1.0,1.0720904304766667,0.5033593416552097,0.6513808559744492,,,1.04,0.62,0.48,2.2,0.58,2.83,0.21,0.01,0.0,0.346,2.552380952380952,3.0563424061882785,0.209,,0.009,,0.0,,False,96.0,99.0,96.0,88.0,93.0,91.0,91.0,92.0,94.0,high,high,high,high,high,high,high,high,high,2026-05-05
hitter,ATL,SEA,Michael Harris II,671739,4.0,LF,Confirmed,3.81,,,,,0.65,0.17,,,,,0.6396326707408307,0.6562069087517137,0.16715625969422682,0.18116962532392517,0.7715355805243446,0.8353239852180036,0.4538880966465457,0.4023163736737681,,,0.81,0.46,0.42,1.87,0.43,2.05,0.17,0.01,0.0,0.297,2.057017543859649,2.0417872945643176,0.167,,0.011,,0.0,,False,96.0,99.0,96.0,88.0,93.0,91.0,91.0,92.0,94.0,high,high,high,high,high,high,high,high,high,2026-05-05
hitter,ATL,SEA,Mauricio Dubón,643289,5.0,CF,Confirmed,4.03,,,,,0.37,0.24,,,,,0.36932361154385696,0.3721202277825117,0.2297217715865191,0.24662412034995332,0.8694581280788177,0.8607204270103918,0.10100027459554003,0.1537211582298788,,,0.86,0.49,0.42,2.01,0.13,1.35,0.2,0.01,0.0,0.307,1.3148148148148149,1.38697009299695,0.197,,0.011,,0.0,,False,96.0,99.0,96.0,88.0,93.0,91.0,91.0,92.0,94.0,high,high,high,high,high,high,high,high,high,2026-05-05
hitter,ATL,SEA,Austin Riley,663586,6.0,3B,Confirmed,4.48,,,,,1.01,0.28,,,,,0.8754626284504863,1.1356636616749254,0.28199701564857726,0.2834660169513624,0.994208494208494,0.9958342154804942,0.6512636609790707,0.6398604294421247,,,1.0,0.47,0.47,2.03,0.65,2.7,0.23,0.01,0.0,0.301,2.552380952380952,2.8135341983423205,0.231,,0.011,,0.0,,False,96.0,99.0,96.0,88.0,93.0,91.0,91.0,92.0,94.0,high,high,high,high,high,high,high,high,high,2026-05-05
hitter,ATL,SEA,Dominic Smith,642086,7.0,DH,Confirmed,3.33,,,,,0.6,0.17,,,,,0.5919135231907969,0.6148253903677691,0.18177688142900902,0.16770856708600831,0.7061469265367316,0.5798769593925969,0.22300325335596347,0.246491562470563,,,0.64,0.35,0.3,1.52,0.23,1.28,0.16,0.01,0.0,0.299,1.3148148148148149,1.2468457278723757,0.16,,0.009,,0.0,,False,96.0,99.0,96.0,88.0,93.0,91.0,91.0,92.0,94.0,high,high,high,high,high,high,high,high,high,2026-05-05
hitter,ATL,SEA,Mike Yastrzemski,573262,8.0,RF,Confirmed,3.48,,,,,0.61,0.31,,,,,0.6242247756495042,0.6021297210368446,0.3076851406746247,0.3065741491411677,0.7061469265367316,0.6276984383416817,0.3071808830058778,0.30955957055390887,,,0.66,0.37,0.31,1.55,0.31,1.4,0.17,0.01,0.0,0.314,1.3893129770992367,1.4134369695976885,0.168,,0.007,,0.0,,False,96.0,99.0,96.0,88.0,93.0,91.0,91.0,92.0,94.0,high,high,high,high,high,high,high,high,high,2026-05-05
hitter,ATL,SEA,Jorge Mateo,622761,9.0,SS,Confirmed,3.96,,,,,0.97,0.25,,,,,0.8832332560946637,1.0589164401909237,0.2587534367003728,0.23898234428050186,0.707983193277311,0.7835545525025278,0.25328927394385475,0.236773400806375,,,0.75,0.37,0.31,1.58,0.25,1.74,0.18,0.01,0.0,0.272,1.684375,1.7943455659190757,0.175,,0.01,,0.0,,False,96.0,99.0,96.0,88.0,93.0,91.0,91.0,92.0,94.0,high,high,high,high,high,high,high,high,high,2026-05-05
hitter,SF,SD,Jung Hoo Lee,808982,1.0,RF,Confirmed,4.04,,,,,0.28,0.3,,,,,0.29672009232207885,0.25770235849525164,0.3220524434024903,0.26996622446112445,0.994208494208494,0.9012678566218042,0.06855920254587984,0.07302669072944783,,,0.94,0.4,0.27,1.44,0.07,1.33,0.11,0.02,0.0,0.262,1.3148148148148149,1.339243363518342,0.114,,0.016,,0.0,,False,96.0,99.0,96.0,88.0,93.0,91.0,91.0,92.0,94.0,high,high,high,high,high,high,high,high,high,2026-05-05
hitter,SF,SD,Casey Schmitt,669477,2.0,2B,Confirmed,3.96,,,,,0.56,0.27,,,,,0.48804129056604373,0.6269215673807687,0.2912282357737389,0.25629821146320725,0.7715355805243446,0.684010171861171,0.1687429093285836,0.1492292024925918,,,0.72,0.39,0.27,1.36,0.16,1.31,0.12,0.01,0.0,0.254,1.3148148148148149,1.3036671857530528,0.119,,0.007,,0.0,,False,96.0,99.0,96.0,88.0,93.0,91.0,91.0,92.0,94.0,high,high,high,high,high,high,high,high,high,2026-05-05
hitter,SF,SD,Rafael Devers,646240,3.0,1B,Confirmed,4.45,,,,,0.82,0.6,,,,,0.7567167666927066,0.8921590630736044,0.6181713831724958,0.5781672884033092,0.8694581280788177,0.8428558840613644,0.18702590199807378,0.20237643776841088,,,0.85,0.49,0.31,1.5,0.19,1.69,0.14,0.01,0.0,0.309,1.684375,1.7004269834385588,0.139,,0.008,,0.0,,False,96.0,99.0,96.0,88.0,93.0,91.0,91.0,92.0,94.0,high,high,high,high,high,high,high,high,high,2026-05-05
hitter,SF,SD,Heliot Ramos,671218,4.0,LF,Confirmed,4.39,,,,,0.71,0.34,,,,,0.6395037537678823,0.7879226132676435,0.351316410817365,0.32250459565485945,0.994208494208494,0.9047626824628553,0.126046325608485,0.1601226580353561,,,0.95,0.42,0.32,1.51,0.14,1.56,0.15,0.01,0.0,0.252,1.5956790123456794,1.52646867759602,0.154,,0.007,,0.0,,False,96.0,99.0,96.0,88.0,93.0,91.0,91.0,92.0,94.0,high,high,high,high,high,high,high,high,high,2026-05-05
hitter,SF,SD,Bryce Eldridge,805811,5.0,DH,Confirmed,4.18,,,,,0.79,0.57,,,,,0.7084837285405108,0.8750310880291531,0.6492173553141579,0.4997349102667379,0.7061469265367316,0.7443983724332968,0.19614365539199566,0.19606354820077015,,,0.73,0.39,0.24,1.16,0.2,1.37,0.13,0.01,0.0,0.274,1.3893129770992367,1.3623710540941196,0.133,,0.014,,0.0,,False,96.0,99.0,96.0,88.0,93.0,91.0,91.0,92.0,94.0,high,high,high,high,high,high,high,high,high,2026-05-05
hitter,SF,SD,Matt Chapman,656305,6.0,3B,Confirmed,4.39,,,,,0.68,0.55,,,,,0.5550832579442544,0.8049104360875063,0.5413430192258265,0.5663427440494855,0.801980198019802,0.8579987860835644,0.06352900758827675,0.06540022902060957,,,0.83,0.37,0.3,1.38,0.06,1.15,0.16,0.01,0.0,0.267,1.239368165249089,1.0854350011945786,0.161,,0.006,,0.0,,False,96.0,99.0,96.0,88.0,93.0,91.0,91.0,92.0,94.0,high,high,high,high,high,high,high,high,high,2026-05-05
hitter,SF,SD,Willy Adames,642715,7.0,SS,Confirmed,4.25,,,,,0.74,0.45,,,,,0.6698037491094821,0.800409561849206,0.43925787312173137,0.45075080849326904,0.801980198019802,0.8384619851568273,0.168158571752311,0.1869565526963735,,,0.82,0.38,0.27,1.35,0.18,1.47,0.12,0.01,0.0,0.274,1.4759615384615385,1.470730859503412,0.123,,0.008,,0.0,,False,96.0,99.0,96.0,88.0,93.0,91.0,91.0,92.0,94.0,high,high,high,high,high,high,high,high,high,2026-05-05
hitter,SF,SD,Drew Gilbert,687551,8.0,CF,Confirmed,3.1,,,,,0.4,0.26,,,,,0.39993485473225776,0.4078644226057898,0.27645852494181133,0.23534542177719964,0.6434108527131783,0.515631520971514,0.0775704143826701,0.0627812090850604,,,0.57,0.24,0.17,0.89,0.07,0.9,0.11,0.01,0.0,0.242,0.9875776397515532,0.8367890742907819,0.109,,0.008,,0.0,,False,96.0,99.0,96.0,88.0,93.0,91.0,91.0,92.0,94.0,high,high,high,high,high,high,high,high,high,2026-05-05
hitter,SF,SD,Jesus Rodriguez,683679,9.0,C,Confirmed,2.9,,,,,0.49,0.23,,,,,0.37160749219558453,0.6068637718835809,0.2669618290876954,0.1912390900916981,0.4125159642401022,0.3794175771226851,0.05182061822775691,0.03885021667302732,,,0.39,0.18,0.12,0.63,0.05,0.67,0.06,0.01,0.0,0.195,0.6720588235294118,0.6639125934458938,0.058,,0.007,,0.0,,False,96.0,99.0,96.0,88.0,93.0,91.0,91.0,92.0,94.0,high,high,high,high,high,high,high,high,high,2026-05-05
hitter,SD,SF,Jackson Merrill,701538,1.0,CF,Confirmed,4.03,,,,,1.33,0.09,,,,,1.3088363610415124,1.3556576587660119,0.093878556355021,0.09180420683232889,0.4125159642401022,0.459844209695615,0.13560652913561416,0.15859058856852776,,,0.44,0.41,0.3,1.58,0.15,1.06,0.2,0.01,0.0,0.26,0.9875776397515532,1.110726423521917,0.202,,0.014,,0.0,,False,96.0,99.0,96.0,88.0,93.0,91.0,91.0,92.0,94.0,high,high,high,high,high,high,high,high,high,2026-05-05
hitter,SD,SF,Manny Machado,592518,2.0,3B,Confirmed,4.18,,,,,1.16,0.11,,,,,1.1927223478555506,1.1354801173921227,0.11473574574733414,0.0998508797973463,0.4125159642401022,0.5030377145536624,0.14500858783601459,0.16783287888550052,,,0.46,0.42,0.31,1.61,0.16,1.11,0.19,0.01,0.0,0.258,1.001763668430335,1.201295922196318,0.189,,0.009,,0.0,,False,96.0,99.0,96.0,88.0,93.0,91.0,91.0,92.0,94.0,high,high,high,high,high,high,high,high,high,2026-05-05
hitter,SD,SF,Miguel Andujar,609280,3.0,DH,Confirmed,3.96,,,,,0.75,0.09,,,,,0.7149830228261531,0.7916965251930277,0.0932217695781989,0.09135983710247574,0.4125159642401022,0.5332730524875897,0.09518580674177482,0.12701436346950065,,,0.48,0.45,0.39,1.83,0.11,1.02,0.18,0.01,0.0,0.285,0.9875776397515532,1.0441444131465305,0.178,,0.013,,0.0,,False,96.0,99.0,96.0,88.0,93.0,91.0,91.0,92.0,94.0,high,high,high,high,high,high,high,high,high,2026-05-05
hitter,SD,SF,Gavin Sheets,657757,4.0,1B,Confirmed,3.19,,,,,0.9,0.09,,,,,0.9243047056747847,0.8758648147845944,0.08865054774039503,0.10055635558969578,0.3344051446945337,0.31529079355498557,0.1018129117198065,0.10571103794287677,,,0.32,0.33,0.28,1.32,0.1,0.77,0.15,0.01,0.0,0.267,0.7899761336515513,0.7555031886489423,0.153,,0.012,,0.0,,False,96.0,99.0,96.0,88.0,93.0,91.0,91.0,92.0,94.0,high,high,high,high,high,high,high,high,high,2026-05-05
hitter,SD,SF,Fernando Tatis Jr.,665487,5.0,RF,Confirmed,4.18,,,,,1.16,0.15,,,,,1.2113474545539147,1.1125343462540997,0.13282516154438023,0.16763740559284593,0.4125159642401022,0.5122077850124813,0.1157786275305534,0.15061183118252564,,,0.47,0.48,0.39,1.87,0.13,1.02,0.22,0.01,0.0,0.3,0.8408408408408409,1.1709253109182047,0.225,,0.008,,0.0,,False,96.0,99.0,96.0,88.0,93.0,91.0,91.0,92.0,94.0,high,high,high,high,high,high,high,high,high,2026-05-05
hitter,SD,SF,Xander Bogaerts,593428,6.0,SS,Confirmed,3.96,,,,,0.96,0.12,,,,,0.9489292439497959,0.9789892347583797,0.1184202701142334,0.12164178420040307,0.4125159642401022,0.5317880147386511,0.08623175432772598,0.1112532837410162,,,0.48,0.41,0.39,1.79,0.1,0.96,0.21,0.01,0.0,0.306,0.8408408408408409,1.0592640102302222,0.208,,0.01,,0.0,,False,96.0,99.0,96.0,88.0,93.0,91.0,91.0,92.0,94.0,high,high,high,high,high,high,high,high,high,2026-05-05
hitter,SD,SF,Nick Castellanos,592206,7.0,LF,Confirmed,3.02,,,,,0.89,0.11,,,,,0.9225008201729519,0.8650695344128392,0.13529090093909282,0.09228858527908862,0.707983193277311,0.669985686260507,0.16956018100063994,0.15329743716585956,,,0.69,0.24,0.21,1.03,0.16,1.2,0.14,0.01,0.0,0.236,1.3148148148148149,1.1148453063229686,0.14,,0.01,,0.0,,False,96.0,99.0,96.0,88.0,93.0,91.0,91.0,92.0,94.0,high,high,high,high,high,high,high,high,high,2026-05-05
hitter,SD,SF,Luis Campusano,669134,8.0,C,Confirmed,3.96,,,,,1.54,0.29,,,,,1.4892303700429537,1.591538863780284,0.27999059724427033,0.30439116743591166,0.5290322580645161,0.602027573661943,0.03706289864427715,0.04544714145137436,,,0.57,0.33,0.25,1.29,0.04,0.84,0.14,0.01,0.0,0.246,0.7899761336515513,0.8895975718690229,0.145,,0.009,,0.0,,False,96.0,99.0,96.0,88.0,93.0,91.0,91.0,92.0,94.0,high,high,high,high,high,high,high,high,high,2026-05-05
hitter,SD,SF,Sung-Mun Song,823550,9.0,2B,Confirmed,3.54,,,,,0.66,0.2,,,,,0.662,,0.2,,0.706,,0.023,,,,0.71,0.29,0.24,1.24,0.02,1.0,0.14,0.01,0.0,0.239,1.002,,0.144,,0.01,,0.0,,True,40.0,44.0,40.0,32.0,37.0,35.0,35.0,36.0,38.0,low,low,low,low,low,low,low,low,low,2026-05-05
