player_type,team,opponent,player_name,mlb_id,lineup_spot,pos,lineup_status,proj_pa,proj_ip,proj_outs,proj_runs_allowed,proj_hits_allowed,proj_strikeouts,proj_walks,proj_hr_allowed,proj_er_model,proj_fip,proj_war_contribution,direct_K,rate_K,direct_BB,rate_BB,direct_H,rate_H,direct_HR,rate_HR,direct_R,rate_R,proj_hits,proj_runs,proj_rbi,proj_hrrbi,proj_hr,proj_tb,proj_2b,proj_3b,proj_sb,proj_woba,direct_TB,rate_TB,direct_2B,rate_2B,direct_3B,rate_3B,direct_SB,rate_SB,used_fallback,confidence_score,proj_pa_confidence_score,proj_hits_confidence_score,proj_hr_confidence_score,proj_strikeouts_confidence_score,proj_runs_confidence_score,proj_rbi_confidence_score,proj_hrrbi_confidence_score,proj_walks_confidence_score,confidence,proj_pa_confidence,proj_hits_confidence,proj_hr_confidence,proj_strikeouts_confidence,proj_runs_confidence,proj_rbi_confidence,proj_hrrbi_confidence,proj_walks_confidence,game_date
pitcher,MIA,WSH,Sandy Alcantara,645261,,,,,5.21,16.0,2.78,5.07,5.24,1.97,0.9,3.08,4.93,0.017,4.676567656765677,5.798713131007553,1.890295358649789,2.220376515405656,4.879746835443039,5.819837090853834,0.869281045751634,0.9875970102676095,3.075,,,,,,,,,,,,,,,,,,,,,,,,,,,,,,,,,,,,,,,2026-05-10
pitcher,WSH,MIA,Cade Cavalli,676917,,,,,4.79,14.0,2.47,4.59,4.69,1.89,0.67,2.21,4.05,0.081,4.676567656765677,4.706474661066183,1.836734693877551,2.041382631246275,4.525423728813561,4.858659276173211,0.625,0.7592911695295503,2.212,,,,,,,,,,,,,,,,,,,,,,,,,,,,,,,,,,,,,,,2026-05-10
pitcher,ATH,BAL,Luis Severino,622663,,,,,5.13,15.0,2.68,5.1,4.75,1.96,0.64,2.48,4.23,0.074,4.676567656765677,4.816749266927345,1.890295358649789,2.170322700517297,5.0,5.51786174638975,0.625,0.6801790571227196,2.481,,,,,,,,,,,,,,,,,,,,,,,,,,,,,,,,,,,,,,,2026-05-10
pitcher,BOS,TB,Payton Tolle,801139,,,,,4.58,14.0,2.28,3.86,5.44,1.99,0.78,1.79,4.71,0.115,4.676567656765677,6.195304182747739,1.890295358649789,2.302759670327035,3.6666666666666665,4.645649161768958,0.7580645161290323,0.8344382497641456,1.789,,,,,,,,,,,,,,,,,,,,,,,,,,,,,,,,,,,,,,,2026-05-10
pitcher,TB,BOS,Nick Martinez,607259,,,,,4.79,14.0,2.74,5.76,3.58,1.43,0.77,2.28,4.49,0.073,3.6538461538461537,3.502400723636293,1.3455882352941178,1.690563779703551,5.68,6.094132954135056,0.7441860465116279,0.8243081650798851,2.28,,,,,,,,,,,,,,,,,,,,,,,,,,,,,,,,,,,,,,,2026-05-10
pitcher,PHI,COL,Cristopher Sánchez,650911,,,,,5.59,17.0,2.6,5.15,7.07,1.33,0.81,2.28,3.52,0.13,6.649122807017544,7.4831950386399875,1.2772277227722773,1.496664175755607,5.093457943925234,5.400422632322819,0.7441860465116279,0.9619796749053355,2.28,,,,,,,,,,,,,,,,,,,,,,,,,,,,,,,,,,,,,,,2026-05-10
pitcher,COL,PHI,Tomoyuki Sugano,608372,,,,,4.79,14.0,2.89,5.83,3.58,1.43,0.92,3.27,5.16,-0.028,3.6538461538461537,3.502400723636293,1.3455882352941178,1.6812829944533958,5.68,6.419312397160026,0.9130434782608695,0.9510542321979162,3.267,,,,,,,,,,,,,,,,,,,,,,,,,,,,,,,,,,,,,,,2026-05-10
pitcher,LAA,TOR,José Soriano,667755,,,,,4.79,14.0,2.5,4.39,5.3,2.35,0.68,1.79,4.46,0.13,5.275,5.331254490887942,2.336477640829475,2.408344720713209,4.326530612244898,4.62755356150739,0.6495689454044933,0.7592911695295503,1.789,,,,,,,,,,,,,,,,,,,,,,,,,,,,,,,,,,,,,,,2026-05-10
pitcher,CIN,HOU,Andrew Abbott,671096,,,,,4.79,14.0,2.67,4.93,4.59,1.63,0.89,2.48,4.78,0.051,4.676567656765677,4.497510524090055,1.610062893081761,1.6812829944533958,4.879746835443039,5.152155509786922,0.869281045751634,0.9510542321979162,2.481,,,,,,,,,,,,,,,,,,,,,,,,,,,,,,,,,,,,,,,2026-05-10
pitcher,HOU,CIN,Kai-Wei Teng,678906,,,,,4.41,13.0,2.01,3.5,5.01,1.93,0.62,1.37,4.09,0.153,4.676567656765677,5.352206973205796,1.836734693877551,2.217286058109656,3.3125,4.26044075287006,0.5409836065573771,0.8034656509737733,1.367,,,,,,,,,,,,,,,,,,,,,,,,,,,,,,,,,,,,,,,2026-05-10
pitcher,CLE,MIN,Gavin Williams,668909,,,,,5.24,16.0,2.48,4.97,5.31,1.98,0.49,2.21,3.61,0.112,5.275,5.341698624531846,1.890295358649789,2.2331617928456113,4.879746835443039,5.315109521325182,0.5,0.48183247411990354,2.212,,,,,,,,,,,,,,,,,,,,,,,,,,,,,,,,,,,,,,,2026-05-10
pitcher,CWS,SEA,Davis Martin,663436,,,,,5.13,15.0,2.76,5.04,4.95,1.96,0.89,2.48,4.85,0.074,4.676567656765677,5.229563729742055,1.890295358649789,2.170322700517297,5.0,5.203532794732478,0.869281045751634,0.934643716438879,2.481,,,,,,,,,,,,,,,,,,,,,,,,,,,,,,,,,,,,,,,2026-05-10
pitcher,SEA,CWS,Logan Gilbert,669302,,,,,4.79,14.0,2.28,4.39,5.67,1.43,0.71,2.21,3.5,0.081,6.017094017094017,5.331254490887942,1.3455882352941178,1.6812829944533958,4.326530612244898,4.62755356150739,0.6666666666666666,0.8243081650798851,2.212,,,,,,,,,,,,,,,,,,,,,,,,,,,,,,,,,,,,,,,2026-05-10
pitcher,MIL,NYY,Logan Henderson,701656,,,,,4.79,14.0,2.37,4.39,5.67,1.92,0.54,2.21,3.5,0.081,6.017094017094017,5.331254490887942,1.890295358649789,2.026480650190615,4.326530612244898,4.62755356150739,0.5409836065573771,0.5464552514395971,2.212,,,,,,,,,,,,,,,,,,,,,,,,,,,,,,,,,,,,,,,2026-05-10
pitcher,NYY,MIL,Carlos Rodón,607074,,,,,5.21,16.0,2.7,5.23,5.29,2.31,0.8,2.21,4.48,0.111,5.275,5.311116380498267,2.3333333333333335,2.220376515405656,4.879746835443039,6.628482816501804,0.7580645161290323,0.8965857077382466,2.212,,,,,,,,,,,,,,,,,,,,,,,,,,,,,,,,,,,,,,,2026-05-10
pitcher,TEX,CHC,Jacob deGrom,594798,,,,,5.21,16.0,2.29,3.94,6.85,1.67,0.95,2.21,4.02,0.111,6.649122807017544,7.047496679501248,1.610062893081761,1.8300219047780448,3.6666666666666665,5.0333098236854905,0.9130434782608695,1.0344452087163136,2.212,,,,,,,,,,,,,,,,,,,,,,,,,,,,,,,,,,,,,,,2026-05-10
pitcher,CHC,TEX,Jameson Taillon,592791,,,,,4.79,14.0,2.52,4.76,4.78,1.43,0.87,2.28,4.61,0.073,4.676567656765677,4.882964964028157,1.3455882352941178,1.6812829944533958,4.666666666666667,5.152155509786922,0.869281045751634,0.8726985188581348,2.28,,,,,,,,,,,,,,,,,,,,,,,,,,,,,,,,,,,,,,,2026-05-10
pitcher,SF,PIT,Tyler Mahle,641816,,,,,4.79,14.0,2.56,4.97,4.18,1.86,0.55,2.21,4.12,0.081,4.5344827586206895,3.8257426697625427,1.890295358649789,1.7704833159728637,5.0,4.858659276173211,0.5409836065573771,0.5661210675823506,2.212,,,,,,,,,,,,,,,,,,,,,,,,,,,,,,,,,,,,,,,2026-05-10
pitcher,PIT,SF,Bubba Chandler,696149,,,,,4.61,14.0,2.67,4.72,4.62,1.63,0.86,2.21,4.83,0.069,4.5344827586206895,4.699471499826681,1.610062893081761,1.681225847836773,4.525423728813561,5.505534915277983,0.869281045751634,0.8399040024918583,2.212,,,,,,,,,,,,,,,,,,,,,,,,,,,,,,,,,,,,,,,2026-05-10
pitcher,AZ,NYM,Eduardo Rodriguez,593958,,,,,4.79,14.0,2.64,4.93,4.78,2.13,0.68,2.43,4.25,0.057,4.676567656765677,4.882964964028157,2.163265306122449,2.041382631246275,4.879746835443039,5.152155509786922,0.625,0.8243081650798851,2.432,,,,,,,,,,,,,,,,,,,,,,,,,,,,,,,,,,,,,,,2026-05-10
pitcher,SD,STL,Walker Buehler,621111,,,,,4.61,14.0,2.64,4.59,4.08,2.11,0.77,2.43,5.2,0.045,3.8412698412698414,4.328501777882078,2.163265306122449,1.9646709666065398,4.500000000000001,4.95854632570307,0.7580645161290323,0.7933320753691587,2.432,,,,,,,,,,,,,,,,,,,,,,,,,,,,,,,,,,,,,,,2026-05-10
pitcher,LAD,ATL,Justin Wrobleski,680736,,,,,4.79,14.0,2.64,5.34,3.83,1.65,0.61,2.43,4.24,0.057,3.8412698412698414,3.8257426697625427,1.610062893081761,1.7704833159728637,5.387096774193548,5.152155509786922,0.5409836065573771,0.7592911695295503,2.432,,,,,,,,,,,,,,,,,,,,,,,,,,,,,,,,,,,,,,,2026-05-10
pitcher,ATL,LAD,Bryce Elder,693821,,,,,5.21,16.0,2.96,5.35,4.78,1.97,0.94,2.48,4.93,0.08,4.676567656765677,4.891864265242002,1.890295358649789,2.220376515405656,5.372548431984524,5.2846795049817175,0.9130434782608695,0.9875970102676095,2.481,,,,,,,,,,,,,,,,,,,,,,,,,,,,,,,,,,,,,,,2026-05-10
pitcher,KC,DET,Noah Cameron,702070,,,,,4.79,14.0,2.76,4.93,4.78,1.93,0.87,2.43,4.96,0.057,4.676567656765677,4.882964964028157,1.890295358649789,2.041382631246275,4.879746835443039,5.152155509786922,0.869281045751634,0.8726985188581348,2.432,,,,,,,,,,,,,,,,,,,,,,,,,,,,,,,,,,,,,,,2026-05-10
hitter,MIA,WSH,Xavier Edwards,669364,1.0,2B,Confirmed,4.61,,,,,0.77,0.5,,,,,0.6310391579970452,0.9024427100962258,0.4785571998611583,0.5131918316589,1.0980834272829765,0.9474255082431254,0.042734318760465975,0.06181310434911096,,,1.02,0.55,0.37,2.03,0.05,1.23,0.12,0.03,0.0,0.31,1.239368165249089,1.2265322873692428,0.123,,0.027,,0.0,,False,96.0,99.0,96.0,88.0,93.0,91.0,91.0,92.0,94.0,high,high,high,high,high,high,high,high,high,2026-05-10
hitter,MIA,WSH,Liam Hicks,689414,2.0,1B,Confirmed,4.25,,,,,0.77,0.45,,,,,0.6562763533980528,0.8913755111595282,0.4547007366807304,0.4450708940211262,0.801980198019802,0.7789611203241791,0.0898180522747632,0.11366210070309282,,,0.79,0.46,0.31,1.65,0.1,1.09,0.16,0.01,0.0,0.286,1.001763668430335,1.168705421449349,0.158,,0.014,,0.0,,False,96.0,99.0,96.0,88.0,93.0,91.0,91.0,92.0,94.0,high,high,high,high,high,high,high,high,high,2026-05-10
hitter,MIA,WSH,Otto Lopez,672640,3.0,SS,Confirmed,4.25,,,,,0.87,0.26,,,,,0.8045630539260569,0.9433620526348971,0.24450649435122931,0.28468699624557464,0.8949771689497716,0.8887090440263236,0.0725922735519598,0.08440045067896006,,,0.89,0.48,0.4,1.88,0.08,1.23,0.18,0.01,0.0,0.286,1.3148148148148149,1.1518000087523628,0.179,,0.011,,0.0,,False,96.0,99.0,96.0,88.0,93.0,91.0,91.0,92.0,94.0,high,high,high,high,high,high,high,high,high,2026-05-10
hitter,MIA,WSH,Kyle Stowers,669065,4.0,RF,Confirmed,4.51,,,,,1.6,0.5,,,,,1.4773094537349478,1.7260876368048208,0.4822178743877886,0.507890147819307,0.801980198019802,0.7952504715813927,0.10043152474724154,0.09168542896581805,,,0.8,0.49,0.37,1.76,0.1,1.16,0.17,0.01,0.0,0.284,1.1521739130434783,1.165575477296778,0.167,,0.013,,0.0,,False,96.0,99.0,96.0,88.0,93.0,91.0,91.0,92.0,94.0,high,high,high,high,high,high,high,high,high,2026-05-10
hitter,MIA,WSH,Jakob Marsee,805300,5.0,CF,Confirmed,4.57,,,,,1.37,0.51,,,,,1.1855329573956612,1.5573634947662904,0.4907286394800323,0.5385980579633479,0.801980198019802,0.8130100122349596,0.0852482157673636,0.0973089114932543,,,0.81,0.48,0.37,1.73,0.09,1.19,0.18,0.02,0.0,0.282,1.239368165249089,1.1530378543041702,0.182,,0.023,,0.0,,False,96.0,99.0,96.0,88.0,93.0,91.0,91.0,92.0,94.0,high,high,high,high,high,high,high,high,high,2026-05-10
hitter,MIA,WSH,Christopher Morel,666624,6.0,DH,Confirmed,2.55,,,,,1.15,0.09,,,,,1.2277905573812415,1.0655288948873525,0.10897870631914078,0.08017641471890948,0.3344051446945337,0.2160656538092245,0.0800821204863722,0.06452586707857749,,,0.27,0.21,0.17,0.8,0.07,0.53,0.11,0.01,0.0,0.258,0.5302013422818792,0.5382610281016119,0.11,,0.007,,0.0,,False,96.0,99.0,96.0,88.0,93.0,91.0,91.0,92.0,94.0,high,high,high,high,high,high,high,high,high,2026-05-10
hitter,MIA,WSH,Heriberto Hernández,681715,7.0,LF,Confirmed,2.55,,,,,0.95,0.12,,,,,0.9946848038296373,0.9104825059389129,0.13820933841268923,0.09859426664588128,0.3344051446945337,0.28634927188472964,0.06369400146774781,0.05422685255273724,,,0.31,0.21,0.15,0.77,0.06,0.51,0.11,0.01,0.0,0.261,0.5302013422818792,0.4916024931195397,0.109,,0.009,,0.0,,False,96.0,99.0,96.0,88.0,93.0,91.0,91.0,92.0,94.0,high,high,high,high,high,high,high,high,high,2026-05-10
hitter,MIA,WSH,Joe Mack,691788,8.0,C,Confirmed,3.74,,,,,1.11,0.23,,,,,0.9670489656463798,1.2545195392457062,0.22634017183383445,0.23404222234297822,0.6434108527131783,0.6342011363605577,0.04432080602105818,0.06213792116462881,,,0.64,0.31,0.25,1.27,0.05,0.89,0.14,0.01,0.0,0.242,0.8408408408408409,0.933839558964965,0.144,,0.01,,0.0,,False,96.0,99.0,96.0,88.0,93.0,91.0,91.0,92.0,94.0,high,high,high,high,high,high,high,high,high,2026-05-10
hitter,MIA,WSH,Javier Sanoja,691594,9.0,3B,Confirmed,3.81,,,,,0.68,0.14,,,,,0.5952946262917551,0.7568854186844152,0.1387556697429096,0.13493604824769292,0.6434108527131783,0.6269958660009313,0.06494765659028223,0.07756727235014856,,,0.63,0.34,0.28,1.42,0.07,0.98,0.14,0.01,0.0,0.265,0.9875776397515532,0.9679913382703504,0.143,,0.01,,0.0,,False,96.0,99.0,96.0,88.0,93.0,91.0,91.0,92.0,94.0,high,high,high,high,high,high,high,high,high,2026-05-10
hitter,WSH,MIA,James Wood,695578,1.0,RF,Confirmed,4.68,,,,,1.42,0.53,,,,,1.3424564603649156,1.4897287854771344,0.5178758360670663,0.5391459260431872,0.994208494208494,1.0126798634913876,0.2339579452382509,0.2325611849451571,,,1.0,0.64,0.42,2.16,0.23,1.97,0.24,0.01,0.0,0.366,1.914285714285714,2.019934524172337,0.244,,0.012,,0.0,,False,96.0,99.0,96.0,88.0,93.0,91.0,91.0,92.0,94.0,high,high,high,high,high,high,high,high,high,2026-05-10
hitter,WSH,MIA,Luis García Jr.,671277,2.0,1B,Confirmed,3.49,,,,,0.72,0.19,,,,,0.7347736506753196,0.7148023898627412,0.20116156946752753,0.16941456998076052,0.801980198019802,0.7286662056207803,0.13303238592670893,0.12244526884956522,,,0.76,0.47,0.35,1.82,0.13,1.32,0.18,0.01,0.0,0.338,1.3893129770992367,1.2660323697189277,0.177,,0.01,,0.0,,False,96.0,99.0,96.0,88.0,93.0,91.0,91.0,92.0,94.0,high,high,high,high,high,high,high,high,high,2026-05-10
hitter,WSH,MIA,Brady House,691781,3.0,3B,Confirmed,4.25,,,,,1.14,0.22,,,,,1.0649717847027003,1.209095202066616,0.20303822295875154,0.22726042611646527,0.994208494208494,0.9996477327860106,0.13762568027399474,0.1265719720979614,,,1.0,0.52,0.45,2.07,0.13,1.57,0.21,0.01,0.0,0.308,1.5956790123456794,1.5450332238547093,0.214,,0.01,,0.0,,False,96.0,99.0,96.0,88.0,93.0,91.0,91.0,92.0,94.0,high,high,high,high,high,high,high,high,high,2026-05-10
hitter,WSH,MIA,CJ Abrams,682928,4.0,DH,Confirmed,4.68,,,,,1.0,0.37,,,,,1.0084530857608303,0.9977065262377636,0.39671655760449853,0.3430242605836774,1.0980834272829765,1.1530226163510813,0.13261969237501928,0.16366390253040086,,,1.13,0.56,0.44,2.1,0.15,1.9,0.25,0.02,0.0,0.315,1.914285714285714,1.8839051005250305,0.246,,0.017,,0.0,,False,96.0,99.0,96.0,88.0,93.0,91.0,91.0,92.0,94.0,high,high,high,high,high,high,high,high,high,2026-05-10
hitter,WSH,MIA,Daylen Lile,695734,5.0,LF,Confirmed,4.61,,,,,0.86,0.33,,,,,0.8308248567999027,0.8973069497009032,0.3275099874128793,0.32469131480891117,1.0980834272829765,1.128195251415996,0.11368565514025275,0.12558884873757806,,,1.11,0.56,0.45,2.14,0.12,1.85,0.21,0.02,0.0,0.312,1.914285714285714,1.799021726907538,0.208,,0.023,,0.0,,False,96.0,99.0,96.0,88.0,93.0,91.0,91.0,92.0,94.0,high,high,high,high,high,high,high,high,high,2026-05-10
hitter,WSH,MIA,Jacob Young,696285,6.0,CF,Confirmed,4.45,,,,,0.83,0.27,,,,,0.762308246824184,0.8962490708495642,0.2568768273618923,0.2863626203518369,1.0980834272829765,1.0902704354379182,0.0497507124923359,0.07279232087354133,,,1.09,0.47,0.44,2.05,0.06,1.48,0.2,0.01,0.0,0.307,1.4476190476190476,1.513379106713165,0.2,,0.011,,0.0,,False,96.0,99.0,96.0,88.0,93.0,91.0,91.0,92.0,94.0,high,high,high,high,high,high,high,high,high,2026-05-10
hitter,WSH,MIA,Jorbit Vivas,678391,7.0,2B,Confirmed,3.02,,,,,0.7,0.17,,,,,0.6835593995893618,0.7161523018620906,0.19780428315891832,0.1472888098580696,0.6434108527131783,0.47780004016126093,0.04419287526339717,0.04225508615298601,,,0.55,0.3,0.24,1.25,0.04,0.78,0.13,0.01,0.0,0.297,0.8408408408408409,0.7356773740658661,0.125,,0.012,,0.0,,False,96.0,99.0,96.0,88.0,93.0,91.0,91.0,92.0,94.0,high,high,high,high,high,high,high,high,high,2026-05-10
hitter,WSH,MIA,Drew Millas,686452,8.0,C,Confirmed,3.1,,,,,0.72,0.21,,,,,0.7174030565586166,0.7311002152895143,0.2350416620603236,0.18740609165819902,0.7061469265367316,0.606750148256654,0.06837722858502138,0.054676487447473145,,,0.65,0.37,0.3,1.54,0.06,1.03,0.16,0.01,0.0,0.352,1.1238670694864048,0.9572619352818299,0.159,,0.012,,0.0,,False,96.0,99.0,96.0,88.0,93.0,91.0,91.0,92.0,94.0,high,high,high,high,high,high,high,high,high,2026-05-10
hitter,WSH,MIA,Nasim Nuñez,683083,9.0,SS,Confirmed,3.54,,,,,0.8,0.29,,,,,0.7851087781397431,0.8122100213303347,0.30439193471438386,0.2847985717631305,0.7715355805243446,0.6799797594923362,0.06400714838064388,0.07232892569536045,,,0.72,0.39,0.31,1.59,0.07,1.06,0.15,0.01,0.0,0.327,1.1238670694864048,1.0113432167666523,0.154,,0.014,,0.0,,False,96.0,99.0,96.0,88.0,93.0,91.0,91.0,92.0,94.0,high,high,high,high,high,high,high,high,high,2026-05-10
hitter,BAL,ATH,Gunnar Henderson,683002,1.0,SS,Confirmed,4.45,,,,,1.14,0.56,,,,,1.0786353334948653,1.197244465554842,0.5966058292401871,0.514601883505998,0.994208494208494,0.9543553103652074,0.05309005998589593,0.03248313327007667,,,0.97,0.61,0.46,2.17,0.04,1.37,0.2,0.01,0.0,0.346,1.3148148148148149,1.4239936072392099,0.201,,0.013,,0.0,,False,96.0,99.0,96.0,88.0,93.0,91.0,91.0,92.0,94.0,high,high,high,high,high,high,high,high,high,2026-05-10
hitter,BAL,ATH,Taylor Ward,621493,2.0,LF,Confirmed,4.18,,,,,1.14,0.74,,,,,1.08376192543832,1.1965505835984602,0.8119490026207444,0.6644261224604355,0.8770949720670391,0.8487903646616588,0.05590179835939209,0.04145147931491917,,,0.86,0.61,0.44,2.05,0.05,1.23,0.23,0.01,0.0,0.381,1.239368165249089,1.2234465060508688,0.226,,0.008,,0.0,,False,96.0,99.0,96.0,88.0,93.0,91.0,91.0,92.0,94.0,high,high,high,high,high,high,high,high,high,2026-05-10
hitter,BAL,ATH,Adley Rutschman,668939,3.0,DH,Confirmed,4.18,,,,,0.75,0.44,,,,,0.7360902414448407,0.7579082460041335,0.43480159559278286,0.4421930331626211,0.994208494208494,0.9908356264416585,0.044954157752604654,0.05205585450257701,,,0.99,0.57,0.51,2.18,0.05,1.3,0.19,0.01,0.0,0.341,1.3148148148148149,1.2918655319387753,0.194,,0.011,,0.0,,False,96.0,99.0,96.0,88.0,93.0,91.0,91.0,92.0,94.0,high,high,high,high,high,high,high,high,high,2026-05-10
hitter,BAL,ATH,Pete Alonso,624413,4.0,1B,Confirmed,4.51,,,,,1.21,0.6,,,,,1.1956299936934747,1.2261299322874746,0.5944620074981755,0.6119679992450957,1.0,1.0392513352471666,0.10941540667560584,0.10097407669413501,,,1.02,0.66,0.58,2.34,0.11,1.59,0.22,0.01,0.0,0.365,1.5956790123456794,1.5804152065576842,0.223,,0.014,,0.0,,False,96.0,99.0,96.0,88.0,93.0,91.0,91.0,92.0,94.0,high,high,high,high,high,high,high,high,high,2026-05-10
hitter,BAL,ATH,Samuel Basallo,694212,5.0,C,Confirmed,3.81,,,,,1.07,0.37,,,,,1.0445844953342251,1.1009965984184251,0.38776885696279273,0.34510321278406875,0.801980198019802,0.8092119638215141,0.06212840613860883,0.060205144962470133,,,0.81,0.5,0.45,1.83,0.06,1.2,0.17,0.01,0.0,0.321,1.239368165249089,1.1704361028168975,0.167,,0.011,,0.0,,False,96.0,99.0,96.0,88.0,93.0,91.0,91.0,92.0,94.0,high,high,high,high,high,high,high,high,high,2026-05-10
hitter,BAL,ATH,Leody Taveras,665750,6.0,CF,Confirmed,4.25,,,,,1.06,0.5,,,,,0.9705829156556885,1.1396292286697454,0.45151638195074484,0.540941692895521,0.994208494208494,0.974397790545757,0.0495669152115315,0.055840257357143964,,,0.98,0.51,0.5,2.11,0.05,1.35,0.21,0.01,0.0,0.344,1.3893129770992367,1.3092261785577035,0.208,,0.012,,0.0,,False,96.0,99.0,96.0,88.0,93.0,91.0,91.0,92.0,94.0,high,high,high,high,high,high,high,high,high,2026-05-10
hitter,BAL,ATH,Dylan Beavers,687637,7.0,RF,Confirmed,4.18,,,,,1.18,0.56,,,,,1.115062534842726,1.2421126669774614,0.5374361490015607,0.5844075387042247,0.8770949720670391,0.8791009993791196,0.05252058743987343,0.055917058567400126,,,0.88,0.48,0.4,1.77,0.05,1.29,0.19,0.01,0.0,0.335,1.3148148148148149,1.2742396565776646,0.187,,0.007,,0.0,,False,96.0,99.0,96.0,88.0,93.0,91.0,91.0,92.0,94.0,high,high,high,high,high,high,high,high,high,2026-05-10
hitter,BAL,ATH,Weston Wilson,642215,8.0,3B,Confirmed,3.74,,,,,0.99,0.36,,,,,0.8639539163878409,1.1067414990792332,0.3379440460110412,0.37741375722538795,0.4125159642401022,0.45645776056865445,0.1266727918208902,0.15211980002937675,,,0.44,0.36,0.3,1.44,0.14,0.97,0.17,0.01,0.0,0.286,0.9875776397515532,0.9607891716805916,0.172,,0.008,,0.0,,False,96.0,99.0,96.0,88.0,93.0,91.0,91.0,92.0,94.0,high,high,high,high,high,high,high,high,high,2026-05-10
hitter,BAL,ATH,Blaze Alexander,677942,9.0,3B,Confirmed,2.9,,,,,0.99,0.36,,,,,0.990648261702256,0.9819017865487744,0.3728064929934879,0.3508227592429805,0.35424354243542433,0.33391262663192134,0.09273562939843,0.0739586999660351,,,0.34,0.31,0.28,1.23,0.08,0.63,0.14,0.01,0.0,0.306,0.6720588235294118,0.5941233797340172,0.137,,0.009,,0.0,,False,96.0,99.0,96.0,88.0,93.0,91.0,91.0,92.0,94.0,high,high,high,high,high,high,high,high,high,2026-05-10
hitter,ATH,BAL,Nick Kurtz,701762,1.0,1B,Confirmed,4.45,,,,,1.33,0.87,,,,,1.3076849312585064,1.3468964614607928,0.90532681561863,0.8302253813888145,0.994208494208494,0.8906254292720746,0.30478759987510046,0.2871353544279601,,,0.94,0.61,0.4,1.87,0.3,1.83,0.16,0.01,0.0,0.366,1.914285714285714,1.7691105481534652,0.158,,0.008,,0.0,,False,96.0,99.0,96.0,88.0,93.0,91.0,91.0,92.0,94.0,high,high,high,high,high,high,high,high,high,2026-05-10
hitter,ATH,BAL,Shea Langeliers,669127,2.0,C,Confirmed,4.39,,,,,0.93,0.46,,,,,0.9349209009690261,0.9160163740894051,0.4802500454812818,0.4455852829927672,0.994208494208494,0.9934856433154649,0.16585706460223038,0.17660092641170286,,,0.99,0.53,0.39,1.79,0.17,1.65,0.13,0.01,0.0,0.306,1.684375,1.6194165687275655,0.132,,0.008,,0.0,,False,96.0,99.0,96.0,88.0,93.0,91.0,91.0,92.0,94.0,high,high,high,high,high,high,high,high,high,2026-05-10
hitter,ATH,BAL,Brent Rooker,667670,3.0,DH,Confirmed,4.18,,,,,1.12,0.45,,,,,1.1096941045600626,1.1401722870617192,0.45978548436035016,0.4448351576821347,0.8694581280788177,0.8298806883202369,0.18199969182333434,0.19854224318699634,,,0.85,0.46,0.37,1.61,0.19,1.57,0.14,0.01,0.0,0.288,1.5956790123456794,1.5504791441694648,0.142,,0.007,,0.0,,False,96.0,99.0,96.0,88.0,93.0,91.0,91.0,92.0,94.0,high,high,high,high,high,high,high,high,high,2026-05-10
hitter,ATH,BAL,Tyler Soderstrom,691016,4.0,LF,Confirmed,4.18,,,,,0.99,0.5,,,,,0.9663189439300429,1.0113267776397141,0.5182867509330384,0.49165018262196497,0.994208494208494,0.9411310799772157,0.1480113902490815,0.146268604971899,,,0.97,0.52,0.42,1.81,0.15,1.57,0.14,0.01,0.0,0.325,1.5956790123456794,1.5578472174246427,0.143,,0.009,,0.0,,False,96.0,99.0,96.0,88.0,93.0,91.0,91.0,92.0,94.0,high,high,high,high,high,high,high,high,high,2026-05-10
hitter,ATH,BAL,Jacob Wilson,805779,5.0,SS,Confirmed,4.51,,,,,0.53,0.35,,,,,0.4595288994837552,0.5965771973877132,0.3472768468813655,0.36213800112600003,1.0980834272829765,1.146464090605421,0.0778729263675906,0.08190452602602731,,,1.12,0.55,0.44,2.09,0.08,1.47,0.18,0.01,0.0,0.31,1.4759615384615385,1.4609007093397854,0.178,,0.009,,0.0,,False,96.0,99.0,96.0,88.0,93.0,91.0,91.0,92.0,94.0,high,high,high,high,high,high,high,high,high,2026-05-10
hitter,ATH,BAL,Carlos Cortes,666126,6.0,RF,Confirmed,3.49,,,,,0.74,0.32,,,,,0.7537692587873225,0.7252081833738605,0.3316615521415023,0.3161860436842087,0.801980198019802,0.7413589229770033,0.09656696165543757,0.09378273356519837,,,0.77,0.34,0.31,1.36,0.1,1.13,0.13,0.01,0.0,0.286,1.239368165249089,1.0323247998089415,0.134,,0.007,,0.0,,False,96.0,99.0,96.0,88.0,93.0,91.0,91.0,92.0,94.0,high,high,high,high,high,high,high,high,high,2026-05-10
hitter,ATH,BAL,Lawrence Butler,671732,7.0,CF,Confirmed,4.18,,,,,1.24,0.46,,,,,1.227832831484631,1.2429619660177151,0.4503606986077793,0.4699655270601044,0.801980198019802,0.7950197927528259,0.1847076866070341,0.1989858844734678,,,0.8,0.39,0.31,1.4,0.19,1.5,0.13,0.01,0.0,0.278,1.4759615384615385,1.5161685956804403,0.132,,0.007,,0.0,,False,96.0,99.0,96.0,88.0,93.0,91.0,91.0,92.0,94.0,high,high,high,high,high,high,high,high,high,2026-05-10
hitter,ATH,BAL,Zack Gelof,680869,8.0,3B,Confirmed,4.18,,,,,1.22,0.45,,,,,1.1351201369844683,1.305972851229818,0.4344520530402457,0.46314495025181673,0.801980198019802,0.7541330560473668,0.11810859836255361,0.13177560881953765,,,0.78,0.36,0.29,1.36,0.12,1.33,0.15,0.01,0.0,0.261,1.3148148148148149,1.3489570138218785,0.147,,0.008,,0.0,,False,96.0,99.0,96.0,88.0,93.0,91.0,91.0,92.0,94.0,high,high,high,high,high,high,high,high,high,2026-05-10
hitter,ATH,BAL,Jeff McNeil,643446,9.0,2B,Confirmed,4.14,,,,,0.54,0.42,,,,,0.5257906684508402,0.5518784634380259,0.41187896293692283,0.4203982386273119,0.8949771689497716,0.9116491738335625,0.09664948180106331,0.10322186133191322,,,0.9,0.41,0.32,1.61,0.1,1.31,0.15,0.01,0.0,0.297,1.3148148148148149,1.3144781929014402,0.149,,0.009,,0.0,,False,96.0,99.0,96.0,88.0,93.0,91.0,91.0,92.0,94.0,high,high,high,high,high,high,high,high,high,2026-05-10
hitter,BOS,TB,Jarren Duran,680776,1.0,LF,Confirmed,4.18,,,,,1.05,0.59,,,,,1.0539104418302767,1.0459858944339344,0.5861910212381817,0.5885046622303179,0.6434108527131783,0.5731977613150424,0.22952827230778597,0.291808795554138,,,0.6,0.43,0.33,1.66,0.26,1.54,0.18,0.03,0.0,0.266,1.4476190476190476,1.6116891716548216,0.183,,0.031,,0.0,,False,96.0,99.0,96.0,88.0,93.0,91.0,91.0,92.0,94.0,high,high,high,high,high,high,high,high,high,2026-05-10
hitter,BOS,TB,Willson Contreras,575929,2.0,1B,Confirmed,4.25,,,,,1.1,0.59,,,,,1.1131609618857639,1.0842214613351655,0.5764783595981318,0.6122230024859796,0.6434108527131783,0.6098860242794846,0.3242310064002172,0.33005715108456823,,,0.62,0.45,0.34,1.69,0.33,1.64,0.2,0.01,0.0,0.265,1.5956790123456794,1.6818054534705973,0.198,,0.009,,0.0,,False,96.0,99.0,96.0,88.0,93.0,91.0,91.0,92.0,94.0,high,high,high,high,high,high,high,high,high,2026-05-10
hitter,BOS,TB,Wilyer Abreu,677800,3.0,RF,Confirmed,3.96,,,,,0.94,0.68,,,,,0.908214267890147,0.9730609084341015,0.6914315578725406,0.6751215667554086,0.4803149606299212,0.43034326965441283,0.19339053509719767,0.22880255585566303,,,0.45,0.4,0.32,1.48,0.21,1.15,0.17,0.01,0.0,0.261,1.1238670694864048,1.1700014137520203,0.167,,0.013,,0.0,,False,96.0,99.0,96.0,88.0,93.0,91.0,91.0,92.0,94.0,high,high,high,high,high,high,high,high,high,2026-05-10
hitter,BOS,TB,Masataka Yoshida,807799,4.0,DH,Confirmed,3.49,,,,,0.51,0.38,,,,,0.5263778722503214,0.4902498788876175,0.41111406080890334,0.34994555059987137,0.4125159642401022,0.43221504625075285,0.14775563481782905,0.151808620355755,,,0.42,0.36,0.31,1.44,0.15,0.96,0.16,0.01,0.0,0.261,0.9875776397515532,0.9386829924178886,0.162,,0.01,,0.0,,False,96.0,99.0,96.0,88.0,93.0,91.0,91.0,92.0,94.0,high,high,high,high,high,high,high,high,high,2026-05-10
hitter,BOS,TB,Trevor Story,596115,5.0,SS,Confirmed,4.18,,,,,1.06,0.47,,,,,1.0184432307822058,1.0938852852421743,0.4551299013473402,0.48590200413416396,0.6506024096385542,0.5956352564685566,0.3069191205641853,0.33939837264543754,,,0.62,0.46,0.41,1.87,0.32,1.59,0.21,0.01,0.0,0.275,1.4476190476190476,1.6978302811950898,0.21,,0.01,,0.0,,False,96.0,99.0,96.0,88.0,93.0,91.0,91.0,92.0,94.0,high,high,high,high,high,high,high,high,high,2026-05-10
hitter,BOS,TB,Mickey Gasper,681508,6.0,C,Confirmed,2.07,,,,,0.59,0.06,,,,,0.6495132585513205,0.5358380609018513,0.07352049533075453,0.037460771378245626,0.2543859649122807,0.20694771870853093,0.01786318131627973,0.010532349773142618,,,0.23,0.15,0.15,0.66,0.01,0.32,0.1,0.01,0.0,0.218,0.3888888888888889,0.2675804963060811,0.097,,0.01,,0.0,,False,96.0,99.0,96.0,88.0,93.0,91.0,91.0,92.0,94.0,high,high,high,high,high,high,high,high,high,2026-05-10
hitter,BOS,TB,Marcelo Mayer,691785,7.0,2B,Confirmed,3.48,,,,,0.8,0.39,,,,,0.7642814826380929,0.8376771782279904,0.3894624973322989,0.38947855842043233,0.4125159642401022,0.37432522807344343,0.11327819948949869,0.1247395406842546,,,0.39,0.29,0.25,1.24,0.12,0.82,0.16,0.01,0.0,0.242,0.7899761336515513,0.8442358666952242,0.161,,0.013,,0.0,,False,96.0,99.0,96.0,88.0,93.0,91.0,91.0,92.0,94.0,high,high,high,high,high,high,high,high,high,2026-05-10
hitter,BOS,TB,Ceddanne Rafaela,678882,8.0,CF,Confirmed,4.08,,,,,0.77,0.42,,,,,0.7440770002031932,0.7985378119081643,0.42992798633247675,0.41037479918493397,0.6434108527131783,0.5884929504393884,0.15730154351658207,0.18409655736998248,,,0.61,0.39,0.35,1.74,0.17,1.23,0.19,0.01,0.0,0.274,1.1521739130434783,1.3017618267079214,0.19,,0.014,,0.0,,False,96.0,99.0,96.0,88.0,93.0,91.0,91.0,92.0,94.0,high,high,high,high,high,high,high,high,high,2026-05-10
hitter,BOS,TB,Caleb Durbin,702332,9.0,3B,Confirmed,3.81,,,,,0.43,0.42,,,,,0.43578783284241374,0.4273186998025314,0.4183587018291609,0.42092276825598357,0.5290322580645161,0.5127978405392187,0.13925970645826818,0.1344693178886674,,,0.52,0.33,0.28,1.41,0.14,1.05,0.18,0.01,0.0,0.248,1.001763668430335,1.0968782707937872,0.176,,0.008,,0.0,,False,96.0,99.0,96.0,88.0,93.0,91.0,91.0,92.0,94.0,high,high,high,high,high,high,high,high,high,2026-05-10
hitter,TB,BOS,Chandler Simpson,802415,1.0,LF,Confirmed,3.1,,,,,0.53,0.09,,,,,0.4729342017449303,0.5828458635667877,0.10493402066489776,0.08211663836855014,0.5290322580645161,0.5231503630444077,0.013316904588926988,0.0018294661678661757,,,0.53,0.16,0.12,0.61,0.01,0.49,0.07,0.01,0.0,0.133,0.4591194968553459,0.5179179142762289,0.073,,0.009,,0.0,,False,96.0,99.0,96.0,88.0,93.0,91.0,91.0,92.0,94.0,high,high,high,high,high,high,high,high,high,2026-05-10
hitter,TB,BOS,Junior Caminero,691406,2.0,3B,Confirmed,3.1,,,,,0.87,0.19,,,,,0.9162405078681815,0.8240580823737154,0.19811698760581337,0.1864353876389118,0.5290322580645161,0.42859465265715746,0.03888630146838954,0.05595609726057023,,,0.47,0.19,0.14,0.66,0.05,0.7,0.08,0.01,0.0,0.162,0.7899761336515513,0.6181522517721498,0.079,,0.006,,0.0,,False,96.0,99.0,96.0,88.0,93.0,91.0,91.0,92.0,94.0,high,high,high,high,high,high,high,high,high,2026-05-10
hitter,TB,BOS,Ben Williamson,810938,3.0,2B,Confirmed,2.77,,,,,0.84,0.1,,,,,0.834523586947948,0.8426987701728978,0.12955391421522922,0.07311953514614028,0.35424354243542433,0.3247125832420993,0.013736112365514388,0.00487653948879975,,,0.34,0.13,0.11,0.49,0.01,0.4,0.06,0.01,0.0,0.127,0.44025157232704404,0.371241153491383,0.06,,0.006,,0.0,,False,96.0,99.0,96.0,88.0,93.0,91.0,91.0,92.0,94.0,high,high,high,high,high,high,high,high,high,2026-05-10
hitter,TB,BOS,Yandy Díaz,650490,4.0,DH,Confirmed,3.96,,,,,0.8,0.27,,,,,0.8572264942830076,0.7521629401449582,0.2757660921834211,0.26001548180782347,0.7715355805243446,0.7118645732457753,0.025682201317131163,0.038492684725995006,,,0.74,0.22,0.17,0.81,0.03,0.94,0.1,0.01,0.0,0.149,0.9875776397515532,0.9082961138421514,0.105,,0.006,,0.0,,False,96.0,99.0,96.0,88.0,93.0,91.0,91.0,92.0,94.0,high,high,high,high,high,high,high,high,high,2026-05-10
hitter,TB,BOS,Ryan Vilade,668723,5.0,1B,Confirmed,3.09,,,,,0.94,0.13,,,,,0.9065411401255243,0.975720334742844,0.1440498780375908,0.11562423510042072,0.4125159642401022,0.44757885074060966,0.02091017686092707,0.013681435514843054,,,0.43,0.18,0.15,0.68,0.02,0.59,0.08,0.01,0.0,0.15,0.6720588235294118,0.5318361656513054,0.08,,0.008,,0.0,,False,96.0,99.0,96.0,88.0,93.0,91.0,91.0,92.0,94.0,high,high,high,high,high,high,high,high,high,2026-05-10
hitter,TB,BOS,Cedric Mullins,656775,6.0,CF,Confirmed,3.33,,,,,0.51,0.28,,,,,0.4522826674929572,0.5629562927990999,0.30088311619015673,0.25397721172640153,0.7715355805243446,0.6411797377559324,0.04066912713588699,0.028750565152441593,,,0.7,0.15,0.14,0.63,0.03,1.01,0.08,0.01,0.0,0.138,1.1238670694864048,0.9182500604716236,0.08,,0.008,,0.0,,False,96.0,99.0,96.0,88.0,93.0,91.0,91.0,92.0,94.0,high,high,high,high,high,high,high,high,high,2026-05-10
hitter,TB,BOS,Jonny DeLuca,676356,7.0,RF,Confirmed,2.55,,,,,0.81,0.09,,,,,0.8323582769045256,0.7934762079745574,0.10345095944662122,0.0844708457329472,0.35424354243542433,0.28984377637331726,0.015228924077538902,0.0016512281041011006,,,0.32,0.11,0.09,0.46,0.01,0.41,0.07,0.01,0.0,0.133,0.44025157232704404,0.3813286010377883,0.069,,0.008,,0.0,,False,96.0,99.0,96.0,88.0,93.0,91.0,91.0,92.0,94.0,high,high,high,high,high,high,high,high,high,2026-05-10
hitter,TB,BOS,Nick Fortes,663743,8.0,C,Confirmed,2.07,,,,,0.64,0.07,,,,,0.7204214021507612,0.5677552800858826,0.08437537004761371,0.046383646127991444,0.3344051446945337,0.21720565477614515,0.017024627356545398,0.009368041783008825,,,0.27,0.1,0.09,0.43,0.01,0.32,0.06,0.01,0.0,0.148,0.39285714285714285,0.2649917051968589,0.059,,0.006,,0.0,,False,96.0,99.0,96.0,88.0,93.0,91.0,91.0,92.0,94.0,high,high,high,high,high,high,high,high,high,2026-05-10
hitter,TB,BOS,Taylor Walls,670764,9.0,SS,Confirmed,3.1,,,,,0.96,0.2,,,,,0.9503746247430059,0.9732078264801887,0.2240192387201498,0.1828390127942575,0.5290322580645161,0.5010735966104811,0.019686748239187257,0.012676367106421938,,,0.51,0.16,0.12,0.62,0.02,0.63,0.08,0.01,0.0,0.162,0.6720588235294118,0.589545096688752,0.076,,0.008,,0.0,,False,96.0,99.0,96.0,88.0,93.0,91.0,91.0,92.0,94.0,high,high,high,high,high,high,high,high,high,2026-05-10
hitter,PHI,COL,Trea Turner,607208,1.0,SS,Confirmed,4.45,,,,,0.69,0.16,,,,,0.7119001870102195,0.6622708255014733,0.16662692717024563,0.15238968682370918,1.607843137254902,1.4389165526462606,0.26830096542016707,0.26385797114595544,,,1.51,0.5,0.37,1.74,0.27,2.45,0.14,0.01,0.0,0.281,2.552380952380952,2.374308728263985,0.141,,0.01,,0.0,,False,96.0,99.0,96.0,88.0,93.0,91.0,91.0,92.0,94.0,high,high,high,high,high,high,high,high,high,2026-05-10
hitter,PHI,COL,Kyle Schwarber,656941,2.0,DH,Confirmed,4.51,,,,,1.1,0.37,,,,,1.1317870841782034,1.0606132443127632,0.37352500530569266,0.3748630851674032,1.607843137254902,1.440121014104705,0.7077529506529374,0.6429652771764255,,,1.52,0.65,0.49,1.95,0.68,4.52,0.15,0.01,0.0,0.372,5.416666666666667,3.79163277598924,0.152,,0.008,,0.0,,False,96.0,99.0,96.0,88.0,93.0,91.0,91.0,92.0,94.0,high,high,high,high,high,high,high,high,high,2026-05-10
hitter,PHI,COL,Bryce Harper,547180,3.0,1B,Confirmed,4.45,,,,,0.87,0.92,,,,,0.8817313194063788,0.8618407205375634,0.8829075831087482,0.9594605866448807,0.707983193277311,0.725628472190374,0.17400174860740672,0.19649188140608345,,,0.72,0.54,0.44,1.79,0.19,1.43,0.14,0.01,0.0,0.317,1.3893129770992367,1.4614426697031635,0.139,,0.008,,0.0,,False,96.0,99.0,96.0,88.0,93.0,91.0,91.0,92.0,94.0,high,high,high,high,high,high,high,high,high,2026-05-10
hitter,PHI,COL,Adolis García,666969,4.0,RF,Confirmed,4.25,,,,,0.92,0.14,,,,,0.9126249929596907,0.9239907180265649,0.1526629156013116,0.1310846417708885,1.607843137254902,1.3325083703243954,0.33105459896587697,0.3388273957536917,,,1.46,0.46,0.42,1.68,0.33,2.66,0.16,0.01,0.0,0.27,2.775,2.573318086004751,0.161,,0.006,,0.0,,False,96.0,99.0,96.0,88.0,93.0,91.0,91.0,92.0,94.0,high,high,high,high,high,high,high,high,high,2026-05-10
hitter,PHI,COL,Brandon Marsh,669016,5.0,LF,Confirmed,4.08,,,,,0.81,0.2,,,,,0.7543756953996069,0.8705276486581094,0.202991288592434,0.19170367489981122,1.4947368421052631,1.1437762209620643,0.19205091872703042,0.21298794702592744,,,1.3,0.42,0.34,1.47,0.2,1.91,0.12,0.01,0.0,0.269,2.057017543859649,1.7947860234099657,0.12,,0.01,,0.0,,False,96.0,99.0,96.0,88.0,93.0,91.0,91.0,92.0,94.0,high,high,high,high,high,high,high,high,high,2026-05-10
hitter,PHI,COL,J.T. Realmuto,592663,6.0,C,Confirmed,4.08,,,,,0.7,0.13,,,,,0.6298989632234985,0.776490254451191,0.13763264471253694,0.12295846709630191,1.5,1.2742543021422885,0.30171328353862686,0.26195522055581655,,,1.38,0.39,0.41,1.6,0.28,2.31,0.16,0.01,0.0,0.271,2.456692913385827,2.1914788642366947,0.159,,0.008,,0.0,,False,96.0,99.0,96.0,88.0,93.0,91.0,91.0,92.0,94.0,high,high,high,high,high,high,high,high,high,2026-05-10
hitter,PHI,COL,Bryson Stott,681082,7.0,2B,Confirmed,3.96,,,,,0.62,0.17,,,,,0.6235289667585829,0.6212860862471132,0.17351911155689648,0.16516280386305046,1.3462327497043096,1.1701518089643232,0.22644767049018968,0.2436168748024591,,,1.25,0.37,0.31,1.39,0.24,2.17,0.12,0.01,0.0,0.272,2.456692913385827,1.931357741526073,0.124,,0.009,,0.0,,False,96.0,99.0,96.0,88.0,93.0,91.0,91.0,92.0,94.0,high,high,high,high,high,high,high,high,high,2026-05-10
hitter,PHI,COL,Alec Bohm,664761,8.0,3B,Confirmed,4.18,,,,,0.57,0.17,,,,,0.5839868749067831,0.5600127241775269,0.17161586339651733,0.165562103256947,1.5,1.293475805831675,0.21960640166643589,0.259673304378781,,,1.39,0.38,0.33,1.48,0.24,2.29,0.15,0.01,0.0,0.263,2.552380952380952,2.066514261460719,0.151,,0.008,,0.0,,False,96.0,99.0,96.0,88.0,93.0,91.0,91.0,92.0,94.0,high,high,high,high,high,high,high,high,high,2026-05-10
hitter,PHI,COL,Justin Crawford,702222,9.0,CF,Confirmed,3.74,,,,,0.69,0.13,,,,,0.6713075900366585,0.718014612408755,0.14720373793941396,0.10934962426265785,1.4947368421052631,1.071652156408015,0.11765138265291145,0.12196636234486634,,,1.26,0.31,0.25,1.21,0.12,1.74,0.11,0.01,0.0,0.244,1.914285714285714,1.594769562370515,0.11,,0.009,,0.0,,False,96.0,99.0,96.0,88.0,93.0,91.0,91.0,92.0,94.0,high,high,high,high,high,high,high,high,high,2026-05-10
hitter,COL,PHI,Jordan Beck,687597,1.0,RF,Confirmed,3.49,,,,,1.37,0.38,,,,,1.4364306496560078,1.2962033214439839,0.37851146897832966,0.375199913321337,0.994208494208494,0.7753864660133305,0.11259721932583724,0.08205038526505731,,,0.87,0.23,0.18,0.89,0.1,1.44,0.09,0.01,0.0,0.165,1.5956790123456794,1.309454231417496,0.089,,0.008,,0.0,,False,96.0,99.0,96.0,88.0,93.0,91.0,91.0,92.0,94.0,high,high,high,high,high,high,high,high,high,2026-05-10
hitter,COL,PHI,Tyler Freeman,671289,2.0,RF,Confirmed,3.49,,,,,0.45,0.2,,,,,0.42832750092559146,0.46731098063297305,0.21263663201626054,0.18804866239418144,0.8694581280788177,0.787408376946374,0.08100826756509094,0.07443547329183388,,,0.82,0.19,0.15,0.75,0.08,1.19,0.08,0.01,0.0,0.139,1.239368165249089,1.1426304799506348,0.075,,0.008,,0.0,,False,96.0,99.0,96.0,88.0,93.0,91.0,91.0,92.0,94.0,high,high,high,high,high,high,high,high,high,2026-05-10
hitter,COL,PHI,Hunter Goodman,696100,3.0,C,Confirmed,3.81,,,,,1.02,0.39,,,,,1.0956849998837361,0.94825743261107,0.4155217997551879,0.3599368198851529,1.0980834272829765,0.9039698072422664,0.2646175143561562,0.21423918830100844,,,0.99,0.22,0.19,0.83,0.24,1.86,0.1,0.01,0.0,0.147,2.057017543859649,1.6907712974720517,0.098,,0.009,,0.0,,False,96.0,99.0,96.0,88.0,93.0,91.0,91.0,92.0,94.0,high,high,high,high,high,high,high,high,high,2026-05-10
hitter,COL,PHI,Willi Castro,650489,4.0,1B,Confirmed,3.74,,,,,0.89,0.35,,,,,0.9063789624466059,0.8647402878455241,0.37919757317682135,0.32851987903792845,0.8949771689497716,0.8266717323496615,0.12494952241308127,0.09370179849836589,,,0.86,0.21,0.17,0.79,0.11,1.35,0.09,0.01,0.0,0.143,1.4476190476190476,1.2654419461594617,0.086,,0.007,,0.0,,False,96.0,99.0,96.0,88.0,93.0,91.0,91.0,92.0,94.0,high,high,high,high,high,high,high,high,high,2026-05-10
hitter,COL,PHI,Brenton Doyle,686668,5.0,CF,Confirmed,3.33,,,,,1.19,0.37,,,,,1.1963321500473674,1.1765582391818228,0.38944577816010173,0.34985333849776734,0.994208494208494,0.7426881305569232,0.1338402161165725,0.11456683338689988,,,0.86,0.21,0.18,0.8,0.12,1.42,0.09,0.01,0.0,0.159,1.5956790123456794,1.2684107086871328,0.088,,0.006,,0.0,,False,96.0,99.0,96.0,88.0,93.0,91.0,91.0,92.0,94.0,high,high,high,high,high,high,high,high,high,2026-05-10
hitter,COL,PHI,Mickey Moniak,666160,6.0,DH,Confirmed,3.96,,,,,0.99,0.3,,,,,1.0359728923209712,0.9510869475742715,0.2967801489145223,0.30000609098279696,1.0980834272829765,0.9907621675082335,0.16925971113405885,0.17931559398424646,,,1.04,0.22,0.22,0.97,0.17,1.83,0.12,0.01,0.0,0.161,2.057017543859649,1.649480482336321,0.117,,0.009,,0.0,,False,96.0,99.0,96.0,88.0,93.0,91.0,91.0,92.0,94.0,high,high,high,high,high,high,high,high,high,2026-05-10
hitter,COL,PHI,Kyle Karros,691720,7.0,3B,Confirmed,3.74,,,,,0.92,0.39,,,,,0.9678676614204268,0.8633304989964123,0.41371183162419745,0.3753510902922881,1.0,0.872331783341799,0.12659725996334814,0.12293547112053284,,,0.93,0.19,0.15,0.76,0.12,1.49,0.07,0.01,0.0,0.152,1.684375,1.3329997415160741,0.069,,0.007,,0.0,,False,96.0,99.0,96.0,88.0,93.0,91.0,91.0,92.0,94.0,high,high,high,high,high,high,high,high,high,2026-05-10
hitter,COL,PHI,Ezequiel Tovar,678662,8.0,SS,Confirmed,3.49,,,,,1.16,0.37,,,,,1.1940861637495788,1.1182716831657222,0.380412803853158,0.3547502306460238,1.0980834272829765,0.8439146074445252,0.18507164778925972,0.13855316339725537,,,0.96,0.18,0.16,0.75,0.16,1.64,0.1,0.01,0.0,0.153,1.914285714285714,1.419694487686647,0.104,,0.008,,0.0,,False,96.0,99.0,96.0,88.0,93.0,91.0,91.0,92.0,94.0,high,high,high,high,high,high,high,high,high,2026-05-10
hitter,COL,PHI,Jake McCarthy,664983,9.0,LF,Confirmed,3.74,,,,,0.62,0.2,,,,,0.6354727339332858,0.6119157799337991,0.19341978327328452,0.21085059824875654,0.994208494208494,0.9062005659699102,0.06506191576347592,0.07899816122706145,,,0.95,0.21,0.19,0.93,0.07,1.35,0.09,0.01,0.0,0.163,1.3893129770992367,1.3096510710778548,0.092,,0.015,,0.0,,False,96.0,99.0,96.0,88.0,93.0,91.0,91.0,92.0,94.0,high,high,high,high,high,high,high,high,high,2026-05-10
hitter,TOR,LAA,Ernie Clement,676391,1.0,2B,Confirmed,4.74,,,,,0.24,0.25,,,,,0.26346513080610356,0.22272730418793227,0.22065426983417533,0.27663789636492087,1.4947368421052631,1.4638859749004236,0.03558130200748371,0.04319874632549374,,,1.48,0.73,0.59,2.81,0.04,1.89,0.24,0.01,0.0,0.372,1.914285714285714,1.8667894909173448,0.236,,0.012,,0.0,,False,96.0,99.0,96.0,88.0,93.0,91.0,91.0,92.0,94.0,high,high,high,high,high,high,high,high,high,2026-05-10
hitter,TOR,LAA,Daulton Varsho,662139,2.0,CF,Confirmed,4.51,,,,,0.7,0.35,,,,,0.5971305664815934,0.7997391482253634,0.35146779585717125,0.3402298761108948,1.0980834272829765,1.2351954603218962,0.08213840104910633,0.10291853954582311,,,1.17,0.75,0.64,2.48,0.09,1.83,0.19,0.01,0.0,0.399,1.914285714285714,1.7578735977367042,0.19,,0.009,,0.0,,False,96.0,99.0,96.0,88.0,93.0,91.0,91.0,92.0,94.0,high,high,high,high,high,high,high,high,high,2026-05-10
hitter,TOR,LAA,Vladimir Guerrero Jr.,665489,3.0,DH,Confirmed,4.74,,,,,0.37,0.46,,,,,0.37465186238591175,0.3633096612326284,0.4716444697312089,0.44034269956779587,1.4947368421052631,1.3317786907195948,0.057714552995020235,0.06408415315767174,,,1.41,0.91,0.82,3.23,0.06,1.86,0.27,0.01,0.0,0.474,1.914285714285714,1.8224909653871169,0.272,,0.009,,0.0,,False,96.0,99.0,96.0,88.0,93.0,91.0,91.0,92.0,94.0,high,high,high,high,high,high,high,high,high,2026-05-10
hitter,TOR,LAA,Kazuma Okamoto,672960,4.0,3B,Confirmed,4.74,,,,,0.76,0.58,,,,,0.6705437363426842,0.8409698107819599,0.5478733865972532,0.6068511729967861,1.1391752577319587,1.2863012718219435,0.10674289701318113,0.0974849629676399,,,1.22,0.8,0.74,2.71,0.1,1.83,0.18,0.01,0.0,0.415,1.914285714285714,1.767930406182514,0.178,,0.01,,0.0,,False,96.0,99.0,96.0,88.0,93.0,91.0,91.0,92.0,94.0,high,high,high,high,high,high,high,high,high,2026-05-10
hitter,TOR,LAA,Jesús Sánchez,660821,5.0,RF,Confirmed,4.18,,,,,0.56,0.31,,,,,0.4573046849839584,0.6550950245495052,0.305094787520235,0.3190660888525175,1.0980834272829765,1.0164273112710926,0.055535397243566084,0.06912844067287463,,,1.05,0.69,0.66,2.44,0.06,1.62,0.17,0.01,0.0,0.394,1.684375,1.5660167270756695,0.169,,0.009,,0.0,,False,96.0,99.0,96.0,88.0,93.0,91.0,91.0,92.0,94.0,high,high,high,high,high,high,high,high,high,2026-05-10
hitter,TOR,LAA,Lenyn Sosa,672820,6.0,1B,Confirmed,4.25,,,,,0.61,0.22,,,,,0.5038301603849118,0.7172054845486708,0.21452890086109472,0.22399522039931546,1.0980834272829765,1.057003701441779,0.06867828854423949,0.06846496887746305,,,1.08,0.6,0.68,2.38,0.07,1.55,0.22,0.01,0.0,0.384,1.4759615384615385,1.609411766587374,0.218,,0.007,,0.0,,False,96.0,99.0,96.0,88.0,93.0,91.0,91.0,92.0,94.0,high,high,high,high,high,high,high,high,high,2026-05-10
hitter,TOR,LAA,Andrés Giménez,665926,7.0,SS,Confirmed,4.18,,,,,0.43,0.27,,,,,0.44082625852519586,0.4210001553787098,0.28051619150263696,0.25974160564199633,1.1391752577319587,1.193734430822294,0.05771551769702799,0.051300030923659784,,,1.17,0.58,0.56,2.24,0.05,1.63,0.19,0.01,0.0,0.384,1.684375,1.5924703025330877,0.194,,0.011,,0.0,,False,96.0,99.0,96.0,88.0,93.0,91.0,91.0,92.0,94.0,high,high,high,high,high,high,high,high,high,2026-05-10
hitter,TOR,LAA,Myles Straw,664702,8.0,LF,Confirmed,3.19,,,,,0.35,0.24,,,,,0.32891867731304436,0.36974300800367116,0.26981583299097567,0.20919256131384922,0.801980198019802,0.6668861306939395,0.021043418452321508,0.021622594279054566,,,0.73,0.36,0.3,1.43,0.02,0.94,0.14,0.01,0.0,0.326,1.001763668430335,0.8852772088267209,0.139,,0.01,,0.0,,False,96.0,99.0,96.0,88.0,93.0,91.0,91.0,92.0,94.0,high,high,high,high,high,high,high,high,high,2026-05-10
hitter,TOR,LAA,Tyler Heineman,623168,9.0,C,Confirmed,3.09,,,,,0.43,0.21,,,,,0.4391965791446122,0.4125469776252375,0.24242297053922793,0.18412672361031834,0.8694581280788177,0.6628156812603478,0.019719418817491202,0.00858187420789521,,,0.76,0.37,0.32,1.49,0.01,1.0,0.17,0.01,0.0,0.343,1.1238670694864048,0.8968591828320985,0.172,,0.01,,0.0,,False,96.0,99.0,96.0,88.0,93.0,91.0,91.0,92.0,94.0,high,high,high,high,high,high,high,high,high,2026-05-10
hitter,LAA,TOR,Zach Neto,687263,1.0,SS,Confirmed,4.61,,,,,1.69,0.52,,,,,1.5917422778783132,1.781562287087849,0.5253087443855158,0.5216778909614839,0.994208494208494,0.9188331889820884,0.08334795834996656,0.09886861273402071,,,0.95,0.54,0.38,1.92,0.09,1.48,0.2,0.01,0.0,0.307,1.4759615384615385,1.4820179178151558,0.198,,0.009,,0.0,,False,82.0,86.0,82.0,74.0,79.0,77.0,77.0,78.0,80.0,high,high,high,medium,medium,medium,medium,medium,high,2026-05-10
hitter,LAA,TOR,Mike Trout,545361,2.0,DH,Confirmed,4.68,,,,,1.86,0.73,,,,,1.823151989323968,1.8972951609606894,0.7007430771205082,0.7591677017535321,0.8694581280788177,0.8761498541196594,0.09376821858046513,0.12678361936800725,,,0.87,0.53,0.35,1.75,0.11,1.36,0.15,0.01,0.0,0.303,1.3148148148148149,1.4018021726748862,0.146,,0.008,,0.0,,False,82.0,86.0,82.0,74.0,79.0,77.0,77.0,78.0,80.0,high,high,high,medium,medium,medium,medium,medium,high,2026-05-10
hitter,LAA,TOR,Vaughn Grissom,687093,3.0,3B,Confirmed,4.14,,,,,0.94,0.38,,,,,0.864860143676263,1.019859616882554,0.3751718732022741,0.3869468032389826,0.8694581280788177,0.834919173687904,0.034832282173694426,0.04362000981946849,,,0.85,0.44,0.35,1.65,0.04,1.16,0.16,0.01,0.0,0.273,1.239368165249089,1.1014995373564336,0.158,,0.01,,0.0,,False,82.0,86.0,82.0,74.0,79.0,77.0,77.0,78.0,80.0,high,high,high,medium,medium,medium,medium,medium,high,2026-05-10
hitter,LAA,TOR,Jorge Soler,624585,4.0,RF,Confirmed,4.14,,,,,1.55,0.42,,,,,1.4529491603434346,1.640377790150143,0.42236980196319807,0.4107075320166486,0.801980198019802,0.7835677938290062,0.05240761453602342,0.034532729382842686,,,0.79,0.43,0.34,1.57,0.04,1.18,0.15,0.01,0.0,0.271,1.239368165249089,1.1236608623475863,0.146,,0.009,,0.0,,False,82.0,86.0,82.0,74.0,79.0,77.0,77.0,78.0,80.0,high,high,high,medium,medium,medium,medium,medium,high,2026-05-10
hitter,LAA,TOR,Jo Adell,666176,5.0,RF,Confirmed,4.08,,,,,1.39,0.28,,,,,1.2834622508642124,1.4977902916751948,0.28366816755407176,0.278758139320109,0.8694581280788177,0.8337034870189292,0.0682769923997755,0.09849744774940135,,,0.85,0.44,0.37,1.68,0.08,1.25,0.17,0.01,0.0,0.272,1.239368165249089,1.2667508607168603,0.17,,0.007,,0.0,,False,82.0,86.0,82.0,74.0,79.0,77.0,77.0,78.0,80.0,high,high,high,medium,medium,medium,medium,medium,high,2026-05-10
hitter,LAA,TOR,Nolan Schanuel,694384,6.0,1B,Confirmed,3.96,,,,,0.73,0.38,,,,,0.6616888985483674,0.7931424442929307,0.3865797647105953,0.3695809731131489,0.8770949720670391,0.8362674401499446,0.03912243466189657,0.04820285273474046,,,0.85,0.39,0.35,1.62,0.04,1.18,0.18,0.01,0.0,0.292,1.239368165249089,1.1248636244616375,0.178,,0.009,,0.0,,False,82.0,86.0,82.0,74.0,79.0,77.0,77.0,78.0,80.0,high,high,high,medium,medium,medium,medium,medium,high,2026-05-10
hitter,LAA,TOR,Oswald Peraza,672724,7.0,2B,Confirmed,3.81,,,,,1.39,0.28,,,,,1.2868788362831804,1.4851436213483895,0.28795186672634443,0.27696763229833726,0.7715355805243446,0.7446028365891659,0.03686812829252541,0.04540585646264386,,,0.76,0.34,0.28,1.38,0.04,1.07,0.14,0.01,0.0,0.257,1.1238670694864048,1.0230754734991268,0.138,,0.008,,0.0,,False,82.0,86.0,82.0,74.0,79.0,77.0,77.0,78.0,80.0,high,high,high,medium,medium,medium,medium,medium,high,2026-05-10
hitter,LAA,TOR,Sebastián Rivero,665861,8.0,C,Confirmed,3.81,,,,,1.07,0.26,,,,,0.9015967838439778,1.2361681224874983,0.24332820480360287,0.268080867113676,0.801980198019802,0.7972323065392861,0.03680508451904939,0.034956195075770836,,,0.8,0.34,0.29,1.43,0.04,1.1,0.18,0.01,0.0,0.259,1.1238670694864048,1.075074008158317,0.175,,0.008,,0.0,,False,82.0,86.0,82.0,74.0,79.0,77.0,77.0,78.0,80.0,high,high,high,medium,medium,medium,medium,medium,high,2026-05-10
hitter,LAA,TOR,Bryce Teodosio,669326,9.0,CF,Confirmed,3.02,,,,,1.16,0.22,,,,,1.1247844360789316,1.201426336676014,0.236779543478795,0.20272643794778195,0.4125159642401022,0.4323893133611956,0.019369220385730197,0.01034978379313818,,,0.42,0.19,0.15,0.75,0.01,0.63,0.11,0.01,0.0,0.198,0.6720588235294118,0.601111915718474,0.11,,0.008,,0.0,,False,82.0,86.0,82.0,74.0,79.0,77.0,77.0,78.0,80.0,high,high,high,medium,medium,medium,medium,medium,high,2026-05-10
hitter,CIN,HOU,Will Benson,666181,1.0,RF,Confirmed,2.9,,,,,0.82,0.29,,,,,0.8297036409406403,0.8152512058076204,0.3072512075117192,0.26761614265926553,0.4125159642401022,0.378750412319282,0.02901702863478887,0.012924078564754766,,,0.39,0.31,0.23,1.18,0.02,0.58,0.12,0.01,0.0,0.269,0.6720588235294118,0.5103409323707079,0.121,,0.013,,0.0,,False,96.0,99.0,96.0,88.0,93.0,91.0,91.0,92.0,94.0,high,high,high,high,high,high,high,high,high,2026-05-10
hitter,CIN,HOU,Spencer Steer,668715,2.0,1B,Confirmed,4.18,,,,,0.94,0.44,,,,,0.8972231279581869,0.9916112278313668,0.43589578888166414,0.4503009931418254,0.7715355805243446,0.7485504507134514,0.033427452279315525,0.0194765347572777,,,0.76,0.46,0.35,1.81,0.03,1.02,0.22,0.01,0.0,0.274,1.001763668430335,1.0403607806592983,0.216,,0.009,,0.0,,False,96.0,99.0,96.0,88.0,93.0,91.0,91.0,92.0,94.0,high,high,high,high,high,high,high,high,high,2026-05-10
hitter,CIN,HOU,Elly De La Cruz,682829,3.0,SS,Confirmed,4.68,,,,,1.19,0.55,,,,,1.1937246122587295,1.189889955002898,0.5544226513428886,0.5389977487952213,0.994208494208494,0.9607173423633407,0.04191099698131633,0.01569334462285891,,,0.98,0.55,0.47,2.19,0.03,1.25,0.28,0.01,0.0,0.301,1.239368165249089,1.2602417538992374,0.285,,0.013,,0.0,,False,96.0,99.0,96.0,88.0,93.0,91.0,91.0,92.0,94.0,high,high,high,high,high,high,high,high,high,2026-05-10
hitter,CIN,HOU,Sal Stewart,701398,4.0,DH,Confirmed,4.25,,,,,0.98,0.4,,,,,0.918862263973875,1.0401878707894294,0.40536911187363245,0.38826331535278724,0.801980198019802,0.8349672333772369,0.04945615018237965,0.054583009758269754,,,0.82,0.51,0.45,2.06,0.05,1.13,0.25,0.01,0.0,0.301,1.1521739130434783,1.1168858897089224,0.254,,0.01,,0.0,,False,96.0,99.0,96.0,88.0,93.0,91.0,91.0,92.0,94.0,high,high,high,high,high,high,high,high,high,2026-05-10
hitter,CIN,HOU,JJ Bleday,668709,5.0,LF,Confirmed,4.18,,,,,0.97,0.52,,,,,0.9057280935935219,1.0251694946678667,0.530079360012868,0.5100936936480791,0.7061469265367316,0.6844830721240844,0.04009814620700013,0.02993281247732309,,,0.69,0.47,0.4,1.87,0.04,0.94,0.17,0.01,0.0,0.28,1.001763668430335,0.8972197947967914,0.168,,0.011,,0.0,,False,96.0,99.0,96.0,88.0,93.0,91.0,91.0,92.0,94.0,high,high,high,high,high,high,high,high,high,2026-05-10
hitter,CIN,HOU,Tyler Stephenson,663886,6.0,C,Confirmed,3.49,,,,,1.12,0.23,,,,,1.10036168365178,1.147542863084868,0.24880133473243968,0.21913196239395372,0.35424354243542433,0.3548740246716414,0.030970641366494692,0.024823872001030343,,,0.35,0.36,0.36,1.59,0.03,0.54,0.16,0.01,0.0,0.296,0.5302013422818792,0.5480144604225199,0.156,,0.007,,0.0,,False,96.0,99.0,96.0,88.0,93.0,91.0,91.0,92.0,94.0,high,high,high,high,high,high,high,high,high,2026-05-10
hitter,CIN,HOU,Blake Dunn,694362,7.0,CF,Confirmed,3.58,,,,,1.36,0.27,,,,,1.3261389103551624,1.402217494619834,0.2610506156380661,0.284240961177676,0.5846774193548387,0.6816712653795373,0.057760464191258826,0.0631402756059263,,,0.64,0.35,0.3,1.55,0.06,0.91,0.18,0.01,0.0,0.278,0.9875776397515532,0.8534397661790709,0.179,,0.01,,0.0,,False,96.0,99.0,96.0,88.0,93.0,91.0,91.0,92.0,94.0,high,high,high,high,high,high,high,high,high,2026-05-10
hitter,CIN,HOU,Matt McLain,680574,8.0,2B,Confirmed,3.89,,,,,1.0,0.44,,,,,0.9736433449273333,1.0309350749741857,0.47004990811806824,0.4173673749723651,0.7061469265367316,0.627074085107909,0.03220187296882131,0.01781546435046911,,,0.66,0.4,0.34,1.74,0.03,0.94,0.18,0.01,0.0,0.29,0.9875776397515532,0.9031610128429289,0.18,,0.01,,0.0,,False,96.0,99.0,96.0,88.0,93.0,91.0,91.0,92.0,94.0,high,high,high,high,high,high,high,high,high,2026-05-10
hitter,CIN,HOU,Ke'Bryan Hayes,663647,9.0,3B,Confirmed,3.74,,,,,0.75,0.14,,,,,0.7097270695873422,0.7995753141447093,0.13674772806895263,0.14599769752896002,0.4125159642401022,0.5357753511488098,0.023923287661942832,0.039332769063299605,,,0.48,0.43,0.38,1.9,0.03,0.71,0.16,0.01,0.0,0.315,0.6720588235294118,0.746668003398805,0.158,,0.009,,0.0,,False,96.0,99.0,96.0,88.0,93.0,91.0,91.0,92.0,94.0,high,high,high,high,high,high,high,high,high,2026-05-10
hitter,HOU,CIN,Jose Altuve,514888,1.0,2B,Confirmed,4.14,,,,,0.47,0.43,,,,,0.4792808395461112,0.46515070154277177,0.43335494567029487,0.4216052297594523,0.707983193277311,0.7162111309737457,0.0701355852988444,0.07562231146903543,,,0.71,0.39,0.25,1.34,0.07,1.12,0.14,0.01,0.0,0.254,1.1238670694864048,1.1096523565370084,0.137,,0.01,,0.0,,False,96.0,99.0,96.0,88.0,93.0,91.0,91.0,92.0,94.0,high,high,high,high,high,high,high,high,high,2026-05-10
hitter,HOU,CIN,Yordan Alvarez,670541,2.0,DH,Confirmed,4.25,,,,,0.5,0.65,,,,,0.5174149371616023,0.49065776504578684,0.62550026762731,0.6672393503393736,0.801980198019802,0.8476854096539147,0.23224667659081338,0.22097110932523134,,,0.83,0.47,0.28,1.46,0.23,1.62,0.17,0.01,0.0,0.303,1.684375,1.5611454658947377,0.167,,0.007,,0.0,,False,96.0,99.0,96.0,88.0,93.0,91.0,91.0,92.0,94.0,high,high,high,high,high,high,high,high,high,2026-05-10
hitter,HOU,CIN,Isaac Paredes,670623,3.0,3B,Confirmed,4.18,,,,,0.48,0.57,,,,,0.4885590531206182,0.4670333268770186,0.6065954168873334,0.5274224892022659,0.707983193277311,0.7355872222140929,0.156420130763955,0.15901761744381826,,,0.72,0.44,0.29,1.44,0.16,1.24,0.14,0.01,0.0,0.289,1.239368165249089,1.2470780464727307,0.137,,0.007,,0.0,,False,96.0,99.0,96.0,88.0,93.0,91.0,91.0,92.0,94.0,high,high,high,high,high,high,high,high,high,2026-05-10
hitter,HOU,CIN,Christian Walker,572233,4.0,1B,Confirmed,4.18,,,,,0.7,0.41,,,,,0.6102832714538229,0.790710227082548,0.3934315051842199,0.4287646191238863,0.801980198019802,0.7459770308153789,0.18973238508378198,0.1931636159320606,,,0.77,0.4,0.3,1.41,0.19,1.45,0.13,0.01,0.0,0.249,1.4476190476190476,1.4548214966389363,0.134,,0.009,,0.0,,False,96.0,99.0,96.0,88.0,93.0,91.0,91.0,92.0,94.0,high,high,high,high,high,high,high,high,high,2026-05-10
hitter,HOU,CIN,Cam Smith,701358,5.0,RF,Confirmed,3.49,,,,,0.65,0.33,,,,,0.6021408094287827,0.6933786171373463,0.3300190995192688,0.32635581742873876,0.5290322580645161,0.547587876525561,0.10440991604570654,0.09371708812507398,,,0.54,0.3,0.22,1.05,0.1,0.81,0.12,0.01,0.0,0.236,0.8408408408408409,0.7855822262734593,0.119,,0.008,,0.0,,False,96.0,99.0,96.0,88.0,93.0,91.0,91.0,92.0,94.0,high,high,high,high,high,high,high,high,high,2026-05-10
hitter,HOU,CIN,Brice Matthews,694728,6.0,CF,Confirmed,4.18,,,,,0.87,0.53,,,,,0.8046294483887374,0.9329433892816869,0.5525526354807675,0.5091273532730977,0.707983193277311,0.7475747412721357,0.12570546423241077,0.1591140946859919,,,0.73,0.38,0.3,1.39,0.14,1.16,0.14,0.01,0.0,0.282,1.239368165249089,1.087427740283867,0.139,,0.01,,0.0,,False,96.0,99.0,96.0,88.0,93.0,91.0,91.0,92.0,94.0,high,high,high,high,high,high,high,high,high,2026-05-10
hitter,HOU,CIN,Zach Cole,805904,7.0,LF,Confirmed,3.49,,,,,0.76,0.33,,,,,0.6924275670559185,0.8212184556673565,0.3287599515807522,0.33609616809362974,0.4125159642401022,0.4577360298897798,0.0846282074226942,0.10942307241134373,,,0.44,0.23,0.16,0.8,0.1,0.88,0.12,0.01,0.0,0.207,0.9875776397515532,0.7836558775220396,0.116,,0.008,,0.0,,False,96.0,99.0,96.0,88.0,93.0,91.0,91.0,92.0,94.0,high,high,high,high,high,high,high,high,high,2026-05-10
hitter,HOU,CIN,Nick Allen,669397,8.0,SS,Confirmed,3.48,,,,,0.6,0.14,,,,,0.5384671867509577,0.6704815746770036,0.13439514479698456,0.14774526265864912,0.6434108527131783,0.558758225314249,0.06503970441140727,0.0979667990649663,,,0.6,0.26,0.2,1.04,0.08,1.04,0.11,0.01,0.0,0.218,1.001763668430335,1.0772929938297975,0.106,,0.007,,0.0,,False,96.0,99.0,96.0,88.0,93.0,91.0,91.0,92.0,94.0,high,high,high,high,high,high,high,high,high,2026-05-10
hitter,HOU,CIN,César Salazar,663967,9.0,C,Confirmed,3.89,,,,,1.08,0.21,,,,,0.8924480585140868,1.274036030240513,0.19760909859758155,0.2178774035880087,0.5290322580645161,0.762035737118573,0.06982028355328496,0.10475061388594172,,,0.66,0.31,0.22,1.18,0.09,1.09,0.13,0.01,0.0,0.249,1.1238670694864048,1.062578795473855,0.129,,0.009,,0.0,,False,96.0,99.0,96.0,88.0,93.0,91.0,91.0,92.0,94.0,high,high,high,high,high,high,high,high,high,2026-05-10
hitter,CLE,MIN,Steven Kwan,680757,1.0,CF,Confirmed,4.25,,,,,0.41,0.43,,,,,0.3678877519451039,0.4440264835654764,0.4388674745638955,0.4239894510535479,0.5846774193548387,0.6601364981199724,0.027530419525707703,0.0171850270179693,,,0.63,0.33,0.21,1.13,0.02,0.77,0.15,0.01,0.0,0.215,0.6720588235294118,0.8519912024666294,0.148,,0.011,,0.0,,False,82.0,86.0,82.0,74.0,79.0,77.0,77.0,78.0,80.0,high,high,high,medium,medium,medium,medium,medium,high,2026-05-10
hitter,CLE,MIN,Chase DeLauter,800050,2.0,RF,Confirmed,4.26,,,,,0.5,0.56,,,,,0.5078011966944289,0.4970908686021269,0.557431807986752,0.5550000619807353,0.5290322580645161,0.5445590320370808,0.03430379454492932,0.05150387950251806,,,0.54,0.34,0.2,1.06,0.04,0.72,0.1,0.01,0.0,0.22,0.6720588235294118,0.75409701904802,0.099,,0.012,,0.0,,False,82.0,86.0,82.0,74.0,79.0,77.0,77.0,78.0,80.0,high,high,high,medium,medium,medium,medium,medium,high,2026-05-10
hitter,CLE,MIN,José Ramírez,608070,3.0,DH,Confirmed,4.26,,,,,0.56,0.67,,,,,0.5806058987550844,0.5454413482561974,0.7156617593089318,0.6333118548076725,0.5290322580645161,0.6012966584759433,0.03787595347456761,0.042816567066321004,,,0.57,0.37,0.22,1.12,0.04,0.74,0.11,0.01,0.0,0.247,0.6720588235294118,0.8022738092842232,0.111,,0.007,,0.0,,False,82.0,86.0,82.0,74.0,79.0,77.0,77.0,78.0,80.0,high,high,high,medium,medium,medium,medium,medium,high,2026-05-10
hitter,CLE,MIN,Kyle Manzardo,700932,4.0,1B,Confirmed,3.1,,,,,0.86,0.33,,,,,0.9086794734513185,0.8127726262042679,0.3577299794647102,0.31078759688147467,0.3344051446945337,0.2882410800887626,0.03424656881964441,0.02767318078963659,,,0.31,0.22,0.15,0.71,0.03,0.47,0.09,0.01,0.0,0.2,0.4591194968553459,0.47059099706955076,0.09,,0.007,,0.0,,False,82.0,86.0,82.0,74.0,79.0,77.0,77.0,78.0,80.0,high,high,high,medium,medium,medium,medium,medium,high,2026-05-10
hitter,CLE,MIN,Daniel Schneemann,682177,5.0,3B,Confirmed,3.81,,,,,1.06,0.46,,,,,1.0544367734598625,1.0609243500368113,0.46190463943633864,0.46165476545519063,0.4125159642401022,0.44412686735750534,0.03607807049944393,0.0426506657005337,,,0.43,0.27,0.18,0.87,0.04,0.69,0.11,0.01,0.0,0.202,0.6720588235294118,0.6966457423016886,0.11,,0.006,,0.0,,False,82.0,86.0,82.0,74.0,79.0,77.0,77.0,78.0,80.0,high,high,high,medium,medium,medium,medium,medium,high,2026-05-10
hitter,CLE,MIN,Angel Martínez,682657,6.0,LF,Confirmed,3.81,,,,,0.91,0.29,,,,,0.8788672171644385,0.9360515863089616,0.29706063657625925,0.2873884694605495,0.4125159642401022,0.5126513145936096,0.0292954296997698,0.027038055251326274,,,0.47,0.21,0.18,0.8,0.03,0.69,0.11,0.01,0.0,0.171,0.6720588235294118,0.6989602752840716,0.114,,0.007,,0.0,,False,82.0,86.0,82.0,74.0,79.0,77.0,77.0,78.0,80.0,high,high,high,medium,medium,medium,medium,medium,high,2026-05-10
hitter,CLE,MIN,Travis Bazzana,683953,7.0,2B,Confirmed,4.08,,,,,0.7,0.64,,,,,0.6618357788415249,0.7451176250830607,0.6364658663866272,0.6419265617212871,0.5290322580645161,0.5914757038612168,0.048868726222707645,0.05691904434772885,,,0.56,0.32,0.21,1.05,0.05,0.87,0.11,0.01,0.0,0.247,0.7899761336515513,0.9296066749494811,0.11,,0.007,,0.0,,False,82.0,86.0,82.0,74.0,79.0,77.0,77.0,78.0,80.0,high,high,high,medium,medium,medium,medium,medium,high,2026-05-10
hitter,CLE,MIN,Patrick Bailey,672275,8.0,C,Confirmed,3.19,,,,,0.72,0.21,,,,,0.7586138964255889,0.6756830151658436,0.21603175722603074,0.20522976515948832,0.7061469265367316,0.5732504183407141,0.06904234918028035,0.06511884280107787,,,0.63,0.32,0.28,1.3,0.07,1.03,0.11,0.01,0.0,0.281,1.1238670694864048,0.9491176967280075,0.112,,0.009,,0.0,,False,82.0,86.0,82.0,74.0,79.0,77.0,77.0,78.0,80.0,high,high,high,medium,medium,medium,medium,medium,high,2026-05-10
hitter,CLE,MIN,Brayan Rocchio,677587,9.0,SS,Confirmed,3.49,,,,,0.6,0.25,,,,,0.6094759376384946,0.5880919362416729,0.2656799572038687,0.22819469525983022,0.4125159642401022,0.3985325522297796,0.025142541709788253,0.018112080969920476,,,0.4,0.2,0.15,0.76,0.02,0.57,0.11,0.01,0.0,0.179,0.5302013422818792,0.5946766315562261,0.11,,0.008,,0.0,,False,82.0,86.0,82.0,74.0,79.0,77.0,77.0,78.0,80.0,high,high,high,medium,medium,medium,medium,medium,high,2026-05-10
hitter,MIN,CLE,Byron Buxton,621439,1.0,CF,Confirmed,4.27,,,,,1.72,0.44,,,,,1.6556677044122121,1.7905068539662785,0.44351761207187645,0.4419389276094271,0.4125159642401022,0.3237872290620793,0.21481687831144158,0.19184963351636758,,,0.36,0.69,0.6,2.29,0.2,1.13,0.22,0.01,0.0,0.391,1.1238670694864048,1.1396747263616827,0.216,,0.014,,0.0,,False,96.0,99.0,96.0,88.0,93.0,91.0,91.0,92.0,94.0,high,high,high,high,high,high,high,high,high,2026-05-10
hitter,MIN,CLE,Trevor Larnach,663616,2.0,LF,Confirmed,4.18,,,,,1.41,0.37,,,,,1.3325203957280563,1.4890549702320646,0.3555948705307449,0.38343409357771235,0.4125159642401022,0.4525594164303593,0.11537628380590229,0.1203891798651684,,,0.43,0.57,0.46,2.02,0.12,0.93,0.18,0.01,0.0,0.335,0.7899761336515513,1.0536066528798542,0.185,,0.009,,0.0,,False,96.0,99.0,96.0,88.0,93.0,91.0,91.0,92.0,94.0,high,high,high,high,high,high,high,high,high,2026-05-10
hitter,MIN,CLE,Ryan Jeffers,680777,3.0,C,Confirmed,4.39,,,,,1.01,0.31,,,,,0.9817061462920827,1.0359245745952255,0.30160719174803996,0.31151531875187266,1.0,1.0262660636054304,0.04196306436871783,0.03543928334006589,,,1.01,0.67,0.62,2.4,0.04,1.47,0.16,0.01,0.0,0.373,1.4759615384615385,1.4582007871328224,0.164,,0.008,,0.0,,False,96.0,99.0,96.0,88.0,93.0,91.0,91.0,92.0,94.0,high,high,high,high,high,high,high,high,high,2026-05-10
hitter,MIN,CLE,Josh Bell,605137,4.0,DH,Confirmed,4.25,,,,,1.17,0.37,,,,,1.1039937019639965,1.2445802593434891,0.35344904719769554,0.38633755357264576,0.4803149606299212,0.5675274306433464,0.18124449259249192,0.1734130425208746,,,0.53,0.67,0.65,2.42,0.18,1.18,0.19,0.01,0.0,0.381,1.1238670694864048,1.2323135077228882,0.186,,0.007,,0.0,,False,96.0,99.0,96.0,88.0,93.0,91.0,91.0,92.0,94.0,high,high,high,high,high,high,high,high,high,2026-05-10
hitter,MIN,CLE,Austin Martin,668885,5.0,RF,Confirmed,4.57,,,,,1.06,0.43,,,,,0.8869356677712326,1.2360604349577031,0.41238089132478506,0.44865443353356455,0.5290322580645161,0.6600052655363605,0.09014400220880689,0.08968167574339338,,,0.6,0.6,0.52,2.21,0.09,1.1,0.21,0.01,0.0,0.327,0.9875776397515532,1.1853992598104701,0.212,,0.011,,0.0,,False,96.0,99.0,96.0,88.0,93.0,91.0,91.0,92.0,94.0,high,high,high,high,high,high,high,high,high,2026-05-10
hitter,MIN,CLE,Luke Keaschall,807712,6.0,2B,Confirmed,4.18,,,,,0.91,0.41,,,,,0.7965839755978997,1.0232042403673018,0.3883196477201044,0.42181100991467974,0.4125159642401022,0.5166765099319091,0.07445585903255336,0.07201243809374769,,,0.47,0.5,0.5,2.1,0.07,0.95,0.19,0.01,0.0,0.342,0.8408408408408409,1.032425841865412,0.195,,0.007,,0.0,,False,96.0,99.0,96.0,88.0,93.0,91.0,91.0,92.0,94.0,high,high,high,high,high,high,high,high,high,2026-05-10
hitter,MIN,CLE,Kody Clemens,665019,7.0,1B,Confirmed,3.74,,,,,1.41,0.31,,,,,1.321464765572307,1.50712920305636,0.30972746997696077,0.30780886262824597,0.3344051446945337,0.3999428639408717,0.13949439094119997,0.14780451470701325,,,0.37,0.45,0.43,1.69,0.14,0.82,0.17,0.01,0.0,0.338,0.6720588235294118,0.9367810818267188,0.166,,0.009,,0.0,,False,96.0,99.0,96.0,88.0,93.0,91.0,91.0,92.0,94.0,high,high,high,high,high,high,high,high,high,2026-05-10
hitter,MIN,CLE,Brooks Lee,686797,8.0,SS,Confirmed,4.25,,,,,1.16,0.28,,,,,1.0607196192581814,1.2550555627052662,0.26654950133393196,0.3005741742328591,0.4125159642401022,0.5236940994480576,0.1127648984583196,0.1299716452891782,,,0.47,0.51,0.48,2.09,0.12,1.06,0.17,0.01,0.0,0.333,0.9875776397515532,1.1234969768367098,0.173,,0.01,,0.0,,False,96.0,99.0,96.0,88.0,93.0,91.0,91.0,92.0,94.0,high,high,high,high,high,high,high,high,high,2026-05-10
hitter,MIN,CLE,Royce Lewis,668904,9.0,3B,Confirmed,3.96,,,,,1.39,0.19,,,,,1.3037328738632736,1.4753679566353115,0.20339169510545832,0.1774261577723975,0.4125159642401022,0.4475251108748388,0.15955620128943374,0.17197380040340507,,,0.43,0.5,0.49,1.98,0.17,1.05,0.2,0.01,0.0,0.345,0.9875776397515532,1.1002763586855389,0.201,,0.007,,0.0,,False,96.0,99.0,96.0,88.0,93.0,91.0,91.0,92.0,94.0,high,high,high,high,high,high,high,high,high,2026-05-10
hitter,CWS,SEA,Sam Antonacci,803011,1.0,LF,Confirmed,4.25,,,,,0.74,0.21,,,,,0.6871314978511285,0.7941301080488534,0.2106523930067609,0.2143907779956041,1.0980834272829765,1.1456612942080713,0.12841107212454492,0.14858185965770665,,,1.12,0.61,0.47,2.18,0.14,1.87,0.16,0.01,0.0,0.35,1.914285714285714,1.8347173191339494,0.156,,0.01,,0.0,,False,96.0,99.0,96.0,88.0,93.0,91.0,91.0,92.0,94.0,high,high,high,high,high,high,high,high,high,2026-05-10
hitter,CWS,SEA,Munetaka Murakami,808959,2.0,1B,Confirmed,4.58,,,,,1.87,0.38,,,,,1.9344018146857116,1.809804111791867,0.395999281569111,0.3656561420179221,0.8888888888888888,0.9159447921378603,0.483927816545886,0.5408956433373532,,,0.9,0.81,0.68,2.38,0.51,2.44,0.18,0.01,0.0,0.432,2.552380952380952,2.3424506742477282,0.175,,0.007,,0.0,,False,96.0,99.0,96.0,88.0,93.0,91.0,91.0,92.0,94.0,high,high,high,high,high,high,high,high,high,2026-05-10
hitter,CWS,SEA,Miguel Vargas,678246,3.0,3B,Confirmed,4.48,,,,,1.02,0.25,,,,,0.9923166923442798,1.0442089987877983,0.22427204261172587,0.2694638978673762,0.994208494208494,1.0591953916455248,0.28833905271834065,0.3142158988862621,,,1.03,0.73,0.7,2.42,0.3,2.07,0.13,0.01,0.0,0.389,2.057017543859649,2.084196780348055,0.134,,0.007,,0.0,,False,96.0,99.0,96.0,88.0,93.0,91.0,91.0,92.0,94.0,high,high,high,high,high,high,high,high,high,2026-05-10
hitter,CWS,SEA,Colson Montgomery,695657,4.0,SS,Confirmed,4.51,,,,,1.63,0.29,,,,,1.6178368251028634,1.6327504250392468,0.28762395901811166,0.2994733499651615,1.0,1.0566108779812433,0.47482277997980527,0.4311441695592416,,,1.03,0.81,0.82,2.63,0.45,2.43,0.16,0.01,0.0,0.428,2.456692913385827,2.4003334851744023,0.155,,0.007,,0.0,,False,96.0,99.0,96.0,88.0,93.0,91.0,91.0,92.0,94.0,high,high,high,high,high,high,high,high,high,2026-05-10
hitter,CWS,SEA,Chase Meidroth,805367,5.0,2B,Confirmed,4.25,,,,,0.92,0.18,,,,,0.8862887978198205,0.9508534947034541,0.17875118222392244,0.18700397680866013,1.0980834272829765,1.0429675818775206,0.11027586119423621,0.12065647966853917,,,1.07,0.54,0.48,2.01,0.12,1.65,0.14,0.01,0.0,0.315,1.684375,1.6156191345305795,0.136,,0.008,,0.0,,False,96.0,99.0,96.0,88.0,93.0,91.0,91.0,92.0,94.0,high,high,high,high,high,high,high,high,high,2026-05-10
hitter,CWS,SEA,Jarred Kelenic,672284,6.0,RF,Confirmed,3.81,,,,,1.31,0.19,,,,,1.2159578708085377,1.4097528851998549,0.16468482459560552,0.2134154936899113,0.801980198019802,0.7843017613211254,0.20292530496864464,0.19639817226294368,,,0.79,0.49,0.54,1.84,0.2,1.55,0.15,0.01,0.0,0.356,1.5956790123456794,1.5148482700447965,0.146,,0.008,,0.0,,False,96.0,99.0,96.0,88.0,93.0,91.0,91.0,92.0,94.0,high,high,high,high,high,high,high,high,high,2026-05-10
hitter,CWS,SEA,Tristan Peters,671976,7.0,RF,Confirmed,3.81,,,,,1.12,0.17,,,,,0.9774408415992132,1.270870636993817,0.1731706875405274,0.17390281524812948,0.801980198019802,0.8463866413283767,0.09860404763183178,0.11433249780378053,,,0.83,0.4,0.37,1.57,0.11,1.38,0.13,0.01,0.0,0.294,1.3148148148148149,1.424885848477149,0.135,,0.008,,0.0,,False,96.0,99.0,96.0,88.0,93.0,91.0,91.0,92.0,94.0,high,high,high,high,high,high,high,high,high,2026-05-10
hitter,CWS,SEA,Randal Grichuk,545341,8.0,DH,Confirmed,3.1,,,,,0.96,0.12,,,,,0.9117566600252077,1.0030185796712547,0.12428495393102705,0.11852676380660589,0.7061469265367316,0.5911189809432434,0.20779124863526374,0.19315486730010936,,,0.64,0.47,0.49,1.67,0.2,1.31,0.12,0.01,0.0,0.397,1.3893129770992367,1.238978765495566,0.121,,0.007,,0.0,,False,96.0,99.0,96.0,88.0,93.0,91.0,91.0,92.0,94.0,high,high,high,high,high,high,high,high,high,2026-05-10
hitter,CWS,SEA,Drew Romo,691011,9.0,C,Confirmed,3.1,,,,,0.7,0.36,,,,,0.58955632934175,0.8074242916704222,0.34368840624306574,0.3809285682142083,0.4125159642401022,0.43934267190449183,0.07851867335964224,0.055763753124537276,,,0.43,0.43,0.42,1.49,0.07,0.82,0.1,0.01,0.0,0.376,0.9875776397515532,0.6782314943787335,0.099,,0.006,,0.0,,False,96.0,99.0,96.0,88.0,93.0,91.0,91.0,92.0,94.0,high,high,high,high,high,high,high,high,high,2026-05-10
hitter,SEA,CWS,Brendan Donovan,680977,1.0,3B,Confirmed,4.18,,,,,0.53,0.39,,,,,0.5579782088562356,0.5071255896706195,0.40272636413031504,0.38256021477533375,1.0980834272829765,1.0877338991464027,0.2628959820749867,0.207124629009725,,,1.09,0.4,0.31,1.61,0.24,1.95,0.19,0.01,0.0,0.238,2.057017543859649,1.8652325957104026,0.19,,0.01,,0.0,,False,96.0,99.0,96.0,88.0,93.0,91.0,91.0,92.0,94.0,high,high,high,high,high,high,high,high,high,2026-05-10
hitter,SEA,CWS,Julio Rodríguez,677594,2.0,CF,Confirmed,4.18,,,,,1.06,0.33,,,,,1.0269730784723885,1.0969301604265487,0.3541400965034568,0.3158304951295614,0.801980198019802,0.7493838776396435,0.05087824360151936,0.033832210118007446,,,0.77,0.39,0.31,1.57,0.04,1.12,0.18,0.01,0.0,0.231,1.1521739130434783,1.097524895873136,0.18,,0.012,,0.0,,False,96.0,99.0,96.0,88.0,93.0,91.0,91.0,92.0,94.0,high,high,high,high,high,high,high,high,high,2026-05-10
hitter,SEA,CWS,Josh Naylor,647304,3.0,1B,Confirmed,4.18,,,,,0.71,0.4,,,,,0.7215539799687423,0.6998074686787347,0.4130461848635173,0.38567066573577524,0.7964821284834234,0.795624015692507,0.05594752390850891,0.045497383388870265,,,0.8,0.4,0.35,1.63,0.05,1.06,0.16,0.01,0.0,0.235,1.1238670694864048,1.0039958427538256,0.163,,0.009,,0.0,,False,96.0,99.0,96.0,88.0,93.0,91.0,91.0,92.0,94.0,high,high,high,high,high,high,high,high,high,2026-05-10
hitter,SEA,CWS,Cal Raleigh,663728,4.0,C,Confirmed,3.89,,,,,1.17,0.5,,,,,1.180966338635541,1.1660093977656483,0.5030222938928546,0.4963327756323452,0.6434108527131783,0.5737045410700574,0.06416298587885919,0.06949060194273102,,,0.61,0.33,0.29,1.33,0.07,0.86,0.15,0.01,0.0,0.211,0.8408408408408409,0.8827420867832565,0.148,,0.007,,0.0,,False,96.0,99.0,96.0,88.0,93.0,91.0,91.0,92.0,94.0,high,high,high,high,high,high,high,high,high,2026-05-10
hitter,SEA,CWS,Randy Arozarena,668227,5.0,LF,Confirmed,4.18,,,,,1.19,0.46,,,,,1.1833712654061326,1.190992512664141,0.4814839086153663,0.4460892671606509,0.801980198019802,0.7560603847687072,0.050243758096479234,0.030755329975612335,,,0.78,0.39,0.35,1.61,0.04,1.07,0.2,0.01,0.0,0.236,1.1238670694864048,1.0180801416058975,0.197,,0.009,,0.0,,False,96.0,99.0,96.0,88.0,93.0,91.0,91.0,92.0,94.0,high,high,high,high,high,high,high,high,high,2026-05-10
hitter,SEA,CWS,Luke Raley,670042,6.0,RF,Confirmed,3.54,,,,,0.91,0.25,,,,,0.9099928270147242,0.9068803253717735,0.2545036909878351,0.24061162197631913,0.801980198019802,0.7407441604055552,0.21189641039687868,0.18262421398929432,,,0.77,0.28,0.29,1.27,0.2,1.49,0.12,0.01,0.0,0.22,1.5956790123456794,1.4117542011030715,0.116,,0.01,,0.0,,False,96.0,99.0,96.0,88.0,93.0,91.0,91.0,92.0,94.0,high,high,high,high,high,high,high,high,high,2026-05-10
hitter,SEA,CWS,J.P. Crawford,641487,7.0,SS,Confirmed,4.18,,,,,0.77,0.61,,,,,0.7468528092352018,0.7958030274803143,0.5980296080415534,0.6161248206194824,0.707983193277311,0.7397071609761793,0.04075701115728096,0.03600043461771757,,,0.73,0.32,0.28,1.4,0.04,0.93,0.16,0.01,0.0,0.221,0.9875776397515532,0.889158393178991,0.161,,0.011,,0.0,,False,96.0,99.0,96.0,88.0,93.0,91.0,91.0,92.0,94.0,high,high,high,high,high,high,high,high,high,2026-05-10
hitter,SEA,CWS,Dominic Canzone,686527,8.0,DH,Confirmed,2.55,,,,,0.69,0.17,,,,,0.7341050724005456,0.6555967033936443,0.19912203650561178,0.13587689041967577,0.5846774193548387,0.4300378150737378,0.16481881981323568,0.12373304398876961,,,0.5,0.17,0.15,0.73,0.14,1.07,0.1,0.01,0.0,0.19,1.239368165249089,0.9387364882630613,0.096,,0.007,,0.0,,False,96.0,99.0,96.0,88.0,93.0,91.0,91.0,92.0,94.0,high,high,high,high,high,high,high,high,high,2026-05-10
hitter,SEA,CWS,Cole Young,702284,9.0,2B,Confirmed,3.81,,,,,0.81,0.38,,,,,0.814916845101062,0.8084073770417928,0.3883473756430088,0.3641353580978236,0.801980198019802,0.7854955043996188,0.044329548011417134,0.03946540494101559,,,0.79,0.31,0.28,1.39,0.04,0.99,0.13,0.01,0.0,0.23,1.001763668430335,0.9779724963522517,0.133,,0.008,,0.0,,False,96.0,99.0,96.0,88.0,93.0,91.0,91.0,92.0,94.0,high,high,high,high,high,high,high,high,high,2026-05-10
hitter,MIL,NYY,Jackson Chourio,694192,1.0,LF,Confirmed,4.51,,,,,1.21,0.08,,,,,1.191673493074162,1.2204258398469594,0.09573236080149493,0.06490672260194959,0.5290322580645161,0.5924951261837775,0.028818101113560403,0.0190580637159526,,,0.56,0.75,0.6,2.85,0.02,0.82,0.26,0.01,0.0,0.41,0.7899761336515513,0.8421935754354777,0.263,,0.014,,0.0,,False,96.0,99.0,96.0,88.0,93.0,91.0,91.0,92.0,94.0,high,high,high,high,high,high,high,high,high,2026-05-10
hitter,MIL,NYY,Brice Turang,668930,2.0,2B,Confirmed,4.74,,,,,1.29,0.21,,,,,1.1749602422227736,1.411893125739484,0.1738545252315206,0.24986954594851962,0.5290322580645161,0.5954080250117738,0.031006530933285002,0.038654159355443835,,,0.57,0.79,0.59,2.88,0.03,0.78,0.26,0.01,0.0,0.422,0.6720588235294118,0.861801756574826,0.259,,0.01,,0.0,,False,96.0,99.0,96.0,88.0,93.0,91.0,91.0,92.0,94.0,high,high,high,high,high,high,high,high,high,2026-05-10
hitter,MIL,NYY,William Contreras,661388,3.0,DH,Confirmed,4.74,,,,,0.99,0.16,,,,,0.9406079104182227,1.0398538515691345,0.14250123527766773,0.17932511943860427,0.6434108527131783,0.673184770982758,0.029250314134053067,0.03640355779858194,,,0.66,0.79,0.68,2.96,0.03,0.85,0.24,0.01,0.0,0.415,0.7899761336515513,0.9037974604637027,0.243,,0.009,,0.0,,False,96.0,99.0,96.0,88.0,93.0,91.0,91.0,92.0,94.0,high,high,high,high,high,high,high,high,high,2026-05-10
hitter,MIL,NYY,Gary Sánchez,596142,4.0,C,Confirmed,3.96,,,,,1.14,0.11,,,,,1.0691537472067558,1.2083567010875687,0.1161707687807062,0.10653831556659961,0.4125159642401022,0.5119916808704622,0.032387344388848785,0.03133265210270581,,,0.47,0.57,0.51,2.08,0.03,0.72,0.18,0.01,0.0,0.36,0.6720588235294118,0.7622617299433061,0.181,,0.01,,0.0,,False,96.0,99.0,96.0,88.0,93.0,91.0,91.0,92.0,94.0,high,high,high,high,high,high,high,high,high,2026-05-10
hitter,MIL,NYY,Andrew Vaughn,683734,5.0,1B,Confirmed,3.1,,,,,0.8,0.09,,,,,0.8192647937618189,0.7847656768989895,0.10872674868848138,0.0719308431836409,0.3344051446945337,0.29860042991956964,0.02602048849695447,0.018159054431801762,,,0.31,0.47,0.42,1.7,0.02,0.47,0.15,0.01,0.0,0.378,0.4591194968553459,0.4704472550725936,0.155,,0.009,,0.0,,False,96.0,99.0,96.0,88.0,93.0,91.0,91.0,92.0,94.0,high,high,high,high,high,high,high,high,high,2026-05-10
hitter,MIL,NYY,Luis Rengifo,650859,6.0,3B,Confirmed,4.18,,,,,0.84,0.09,,,,,0.737130971473626,0.9331049207607418,0.0933409231152659,0.08675277030397757,0.4125159642401022,0.5888676584171125,0.019089000144712303,0.02858917784627111,,,0.51,0.46,0.46,2.02,0.02,0.74,0.19,0.01,0.0,0.314,0.6720588235294118,0.8039058912576242,0.191,,0.011,,0.0,,False,96.0,99.0,96.0,88.0,93.0,91.0,91.0,92.0,94.0,high,high,high,high,high,high,high,high,high,2026-05-10
hitter,MIL,NYY,Garrett Mitchell,669003,7.0,CF,Confirmed,4.39,,,,,1.4,0.17,,,,,1.2308243907830363,1.5769267476515967,0.1668754040929608,0.17338281986569834,0.4125159642401022,0.5208802836765023,0.033035915869253044,0.03542370603340097,,,0.47,0.53,0.44,2.07,0.03,0.74,0.2,0.01,0.0,0.347,0.6720588235294118,0.7867535482853337,0.201,,0.011,,0.0,,False,96.0,99.0,96.0,88.0,93.0,91.0,91.0,92.0,94.0,high,high,high,high,high,high,high,high,high,2026-05-10
hitter,MIL,NYY,Blake Perkins,663368,8.0,RF,Confirmed,2.77,,,,,0.92,0.07,,,,,0.9069514401319935,0.9368725083088576,0.08294880962340834,0.05332830266138953,0.2543859649122807,0.2699944057870985,0.01896486355010242,0.01280705681965005,,,0.26,0.3,0.26,1.2,0.02,0.37,0.13,0.01,0.0,0.321,0.39285714285714285,0.3514985241073471,0.133,,0.01,,0.0,,False,96.0,99.0,96.0,88.0,93.0,91.0,91.0,92.0,94.0,high,high,high,high,high,high,high,high,high,2026-05-10
hitter,MIL,NYY,Joey Ortiz,687401,9.0,SS,Confirmed,3.89,,,,,0.56,0.25,,,,,0.5388152816203076,0.5832867136289421,0.231487660561937,0.26329712821291246,0.801980198019802,0.8815287706944983,0.02424312118634971,0.02470464621212005,,,0.85,0.43,0.38,1.8,0.02,1.12,0.21,0.01,0.0,0.316,1.1238670694864048,1.1154238597508193,0.209,,0.011,,0.0,,False,96.0,99.0,96.0,88.0,93.0,91.0,91.0,92.0,94.0,high,high,high,high,high,high,high,high,high,2026-05-10
hitter,NYY,MIL,Trent Grisham,663757,1.0,CF,Confirmed,3.54,,,,,1.19,0.65,,,,,1.240760836267674,1.1389686096689806,0.6899409612527104,0.6173896733105301,0.7061469265367316,0.5587476162652223,0.2072270670322116,0.1823644162478809,,,0.63,0.22,0.16,0.79,0.19,1.16,0.09,0.01,0.0,0.157,1.239368165249089,1.0960165612970336,0.092,,0.006,,0.0,,False,96.0,99.0,96.0,88.0,93.0,91.0,91.0,92.0,94.0,high,high,high,high,high,high,high,high,high,2026-05-10
hitter,NYY,MIL,Ben Rice,700250,2.0,1B,Confirmed,4.14,,,,,1.18,0.7,,,,,1.2353136974441656,1.1250044715925591,0.7370310395788978,0.6703836175026604,0.8949771689497716,0.831597580055892,0.1712930907982721,0.13908645904050485,,,0.86,0.35,0.26,1.29,0.16,1.56,0.12,0.01,0.0,0.211,1.684375,1.466802319866693,0.124,,0.008,,0.0,,False,96.0,99.0,96.0,88.0,93.0,91.0,91.0,92.0,94.0,high,high,high,high,high,high,high,high,high,2026-05-10
hitter,NYY,MIL,Aaron Judge,592450,3.0,DH,Confirmed,4.18,,,,,1.48,1.06,,,,,1.6181469621436444,1.3360936410983943,1.1960572073987223,0.9150010381788404,0.8694581280788177,0.8281631640564837,0.3528314572065271,0.29671432025735794,,,0.85,0.35,0.3,1.29,0.32,1.93,0.14,0.01,0.0,0.212,2.057017543859649,1.8269919890415407,0.135,,0.009,,0.0,,False,96.0,99.0,96.0,88.0,93.0,91.0,91.0,92.0,94.0,high,high,high,high,high,high,high,high,high,2026-05-10
hitter,NYY,MIL,Cody Bellinger,641355,4.0,LF,Confirmed,4.18,,,,,0.85,0.7,,,,,0.8990265691376118,0.7961648062815504,0.7463064713178624,0.6497301896763316,0.994208494208494,0.885776869508726,0.1509945405882584,0.1552649327733124,,,0.93,0.34,0.29,1.34,0.15,1.42,0.12,0.01,0.0,0.201,1.5956790123456794,1.2737976821988364,0.118,,0.009,,0.0,,False,96.0,99.0,96.0,88.0,93.0,91.0,91.0,92.0,94.0,high,high,high,high,high,high,high,high,high,2026-05-10
hitter,NYY,MIL,Jazz Chisholm Jr.,665862,5.0,2B,Confirmed,3.96,,,,,1.35,0.66,,,,,1.3632016196957164,1.346048990161409,0.7023273364268372,0.6214646332764105,0.801980198019802,0.6967650710595801,0.20801196980253686,0.2067453378443138,,,0.74,0.31,0.27,1.23,0.21,1.49,0.11,0.01,0.0,0.198,1.4759615384615385,1.5084728295111802,0.114,,0.008,,0.0,,False,96.0,99.0,96.0,88.0,93.0,91.0,91.0,92.0,94.0,high,high,high,high,high,high,high,high,high,2026-05-10
hitter,NYY,MIL,Ryan McMahon,641857,6.0,3B,Confirmed,2.55,,,,,1.06,0.4,,,,,1.1442599758661995,0.9678179703966477,0.4435691236059346,0.3565504994024425,0.4125159642401022,0.2977879115217222,0.1304222139156721,0.09831345754651931,,,0.35,0.15,0.14,0.62,0.11,0.72,0.08,0.01,0.0,0.167,0.7899761336515513,0.6670693631891853,0.08,,0.006,,0.0,,False,96.0,99.0,96.0,88.0,93.0,91.0,91.0,92.0,94.0,high,high,high,high,high,high,high,high,high,2026-05-10
hitter,NYY,MIL,José Caballero,676609,7.0,SS,Confirmed,3.49,,,,,1.06,0.53,,,,,1.0768000280513244,1.0496842739899424,0.5966083606641466,0.4599588591209033,0.707983193277311,0.5823473886004145,0.058984508597871285,0.051794586046316524,,,0.64,0.22,0.19,0.94,0.06,0.92,0.15,0.01,0.0,0.188,1.001763668430335,0.8612615251630484,0.147,,0.008,,0.0,,False,96.0,99.0,96.0,88.0,93.0,91.0,91.0,92.0,94.0,high,high,high,high,high,high,high,high,high,2026-05-10
hitter,NYY,MIL,Spencer Jones,682987,8.0,RF,Confirmed,3.19,,,,,1.29,0.34,,,,,1.307690136178143,1.2677928151746352,0.3499516200812859,0.3369381076598115,0.4803149606299212,0.41758715357623366,0.07514889962887533,0.08770704639306494,,,0.45,0.17,0.15,0.73,0.08,0.95,0.09,0.01,0.0,0.153,1.001763668430335,0.9009843157879792,0.085,,0.008,,0.0,,False,96.0,99.0,96.0,88.0,93.0,91.0,91.0,92.0,94.0,high,high,high,high,high,high,high,high,high,2026-05-10
hitter,NYY,MIL,J.C. Escarra,641555,9.0,C,Confirmed,2.07,,,,,0.43,0.19,,,,,0.49342952493317804,0.36080387428043964,0.21223900712607538,0.16167901164519252,0.4125159642401022,0.3114045486290343,0.019520044582875984,0.00296184245893333,,,0.36,0.14,0.12,0.59,0.01,0.54,0.09,0.01,0.0,0.195,0.6720588235294118,0.4309852440716196,0.085,,0.009,,0.0,,False,96.0,99.0,96.0,88.0,93.0,91.0,91.0,92.0,94.0,high,high,high,high,high,high,high,high,high,2026-05-10
hitter,TEX,CHC,Brandon Nimmo,607043,1.0,RF,Confirmed,4.08,,,,,1.09,0.27,,,,,1.1109005033724006,1.0684637364816125,0.2879182517709762,0.25036869784178933,1.1391752577319587,1.1250647423330087,0.2917799955992881,0.2805118235296522,,,1.13,0.55,0.47,1.9,0.29,2.09,0.16,0.01,0.0,0.325,2.057017543859649,2.1087060079775766,0.16,,0.007,,0.0,,False,96.0,99.0,96.0,88.0,93.0,91.0,91.0,92.0,94.0,high,high,high,high,high,high,high,high,high,2026-05-10
hitter,TEX,CHC,Ezequiel Duran,677649,2.0,2B,Confirmed,3.33,,,,,0.89,0.16,,,,,0.8714361153145995,0.9163456238544727,0.18528636224438824,0.132023805583376,0.994208494208494,0.7418248846304766,0.08424541631811786,0.11546088147996457,,,0.86,0.33,0.26,1.24,0.1,1.21,0.11,0.01,0.0,0.247,1.3148148148148149,1.1318379821074744,0.106,,0.008,,0.0,,False,96.0,99.0,96.0,88.0,93.0,91.0,91.0,92.0,94.0,high,high,high,high,high,high,high,high,high,2026-05-10
hitter,TEX,CHC,Corey Seager,608369,3.0,SS,Confirmed,4.18,,,,,1.22,0.37,,,,,1.3124704105418796,1.1214619883365886,0.38892980919981335,0.35231651773420075,1.0980834272829765,1.1222878767935234,0.3389198575317755,0.31721731650204416,,,1.11,0.6,0.58,2.07,0.33,2.14,0.15,0.01,0.0,0.344,2.057017543859649,2.202601057828069,0.154,,0.007,,0.0,,False,96.0,99.0,96.0,88.0,93.0,91.0,91.0,92.0,94.0,high,high,high,high,high,high,high,high,high,2026-05-10
hitter,TEX,CHC,Josh Jung,673962,4.0,3B,Confirmed,3.96,,,,,1.11,0.17,,,,,1.0872790546707545,1.1385512516581,0.18749722256858128,0.1603282740607512,1.0980834272829765,1.0422700289575848,0.2593077945054601,0.23235268990577126,,,1.07,0.49,0.49,1.79,0.25,1.94,0.13,0.01,0.0,0.294,2.057017543859649,1.843753436403785,0.134,,0.008,,0.0,,False,96.0,99.0,96.0,88.0,93.0,91.0,91.0,92.0,94.0,high,high,high,high,high,high,high,high,high,2026-05-10
hitter,TEX,CHC,Evan Carter,694497,5.0,CF,Confirmed,3.33,,,,,0.91,0.24,,,,,0.8935140514454982,0.917037504532464,0.24613783519968743,0.22411884832825832,0.8770949720670391,0.7848129355560418,0.16055488998098322,0.16458190077878251,,,0.83,0.39,0.36,1.39,0.16,1.44,0.13,0.01,0.0,0.289,1.5956790123456794,1.3063366315298153,0.13,,0.007,,0.0,,False,96.0,99.0,96.0,88.0,93.0,91.0,91.0,92.0,94.0,high,high,high,high,high,high,high,high,high,2026-05-10
hitter,TEX,CHC,Joc Pederson,592626,6.0,DH,Confirmed,3.02,,,,,0.92,0.17,,,,,0.9200987497606974,0.9135486288914894,0.19731861769823728,0.15264109992233213,0.801980198019802,0.6028567985069377,0.14922996469585614,0.14767498266008056,,,0.69,0.27,0.29,1.05,0.15,1.29,0.1,0.01,0.0,0.253,1.3893129770992367,1.2016917513953145,0.1,,0.007,,0.0,,False,96.0,99.0,96.0,88.0,93.0,91.0,91.0,92.0,94.0,high,high,high,high,high,high,high,high,high,2026-05-10
hitter,TEX,CHC,Alejandro Osuna,696030,7.0,LF,Confirmed,2.55,,,,,0.72,0.17,,,,,0.7895671726562018,0.6574355439763757,0.20046285230198213,0.14822531110948298,0.6434108527131783,0.4457227768389172,0.09910778120598546,0.07261851767129769,,,0.53,0.23,0.2,0.84,0.09,0.86,0.08,0.01,0.0,0.252,1.001763668430335,0.752326362830577,0.079,,0.006,,0.0,,False,96.0,99.0,96.0,88.0,93.0,91.0,91.0,92.0,94.0,high,high,high,high,high,high,high,high,high,2026-05-10
hitter,TEX,CHC,Danny Jansen,643376,8.0,C,Confirmed,3.1,,,,,0.91,0.28,,,,,0.8929368131628821,0.9177728244784201,0.29743740665394147,0.2589291873247379,0.4125159642401022,0.303991145886113,0.04723440167698851,0.031178445495447932,,,0.35,0.35,0.34,1.27,0.04,0.5,0.1,0.01,0.0,0.31,0.5302013422818792,0.46869025580657186,0.105,,0.006,,0.0,,False,96.0,99.0,96.0,88.0,93.0,91.0,91.0,92.0,94.0,high,high,high,high,high,high,high,high,high,2026-05-10
hitter,TEX,CHC,Justin Foscue,679822,9.0,1B,Confirmed,2.26,,,,,0.73,0.09,,,,,0.7091453246060164,0.7603733532094793,0.11207904573707755,0.07323260464513855,0.4803149606299212,0.3642116498112633,0.05899167258769522,0.06919899721516057,,,0.42,0.17,0.15,0.66,0.06,0.67,0.08,0.01,0.0,0.211,0.7899761336515513,0.5695227995491202,0.078,,0.006,,0.0,,False,96.0,99.0,96.0,88.0,93.0,91.0,91.0,92.0,94.0,high,high,high,high,high,high,high,high,high,2026-05-10
hitter,CHC,TEX,Nico Hoerner,663538,1.0,2B,Confirmed,4.18,,,,,0.5,0.48,,,,,0.42674926773239075,0.5795898767540302,0.43851690178067715,0.5142694017147996,0.7715355805243446,0.7903596205419868,0.02605127608302334,0.018347476224734365,,,0.78,0.53,0.43,2.06,0.02,1.0,0.21,0.01,0.0,0.306,1.001763668430335,0.9921998867359002,0.207,,0.012,,0.0,,False,96.0,99.0,96.0,88.0,93.0,91.0,91.0,92.0,94.0,high,high,high,high,high,high,high,high,high,2026-05-10
hitter,CHC,TEX,Moisés Ballesteros,694208,2.0,DH,Confirmed,3.48,,,,,0.75,0.53,,,,,0.749883215006992,0.7567919336776397,0.5242522575395651,0.5394203381826068,0.4125159642401022,0.4800190543469147,0.03093872497962293,0.020634963537250653,,,0.45,0.46,0.39,1.64,0.03,0.64,0.18,0.01,0.0,0.319,0.6720588235294118,0.6179671583041795,0.178,,0.008,,0.0,,False,96.0,99.0,96.0,88.0,93.0,91.0,91.0,92.0,94.0,high,high,high,high,high,high,high,high,high,2026-05-10
hitter,CHC,TEX,Seiya Suzuki,673548,3.0,RF,Confirmed,4.25,,,,,1.24,0.78,,,,,1.2271178532555362,1.2466068581407252,0.7330119625158723,0.822866914242643,0.7061469265367316,0.6228447793746513,0.05969420107799039,0.06850655513740758,,,0.66,0.61,0.6,2.21,0.06,0.99,0.16,0.01,0.0,0.343,1.001763668430335,0.9763778593998559,0.161,,0.007,,0.0,,False,96.0,99.0,96.0,88.0,93.0,91.0,91.0,92.0,94.0,high,high,high,high,high,high,high,high,high,2026-05-10
hitter,CHC,TEX,Ian Happ,664023,4.0,LF,Confirmed,4.25,,,,,1.23,0.88,,,,,1.227289488654282,1.2350898218408455,0.8918100124708074,0.8712464434217659,0.6434108527131783,0.5821049408674204,0.04170893666490803,0.035416013242465315,,,0.61,0.55,0.52,1.97,0.04,0.85,0.15,0.01,0.0,0.311,0.8408408408408409,0.859024328521471,0.154,,0.006,,0.0,,False,96.0,99.0,96.0,88.0,93.0,91.0,91.0,92.0,94.0,high,high,high,high,high,high,high,high,high,2026-05-10
hitter,CHC,TEX,Michael Busch,683737,5.0,1B,Confirmed,4.45,,,,,1.24,0.86,,,,,1.1972677660893467,1.2744896404855504,0.8463245625832737,0.8745200706882549,0.6434108527131783,0.5653631818499351,0.06151792215431153,0.047514112850005584,,,0.6,0.64,0.61,2.24,0.05,0.95,0.19,0.01,0.0,0.346,0.9875776397515532,0.9237566469357216,0.193,,0.009,,0.0,,False,96.0,99.0,96.0,88.0,93.0,91.0,91.0,92.0,94.0,high,high,high,high,high,high,high,high,high,2026-05-10
hitter,CHC,TEX,Carson Kelly,608348,6.0,C,Confirmed,4.25,,,,,0.98,0.65,,,,,0.9412399907809114,1.0224086760295164,0.6697505592336173,0.6281201046288394,0.7061469265367316,0.7047778821064855,0.0421803709550013,0.03169369239144863,,,0.71,0.48,0.52,2.0,0.04,0.95,0.19,0.01,0.0,0.314,0.9875776397515532,0.927310169848031,0.187,,0.008,,0.0,,False,96.0,99.0,96.0,88.0,93.0,91.0,91.0,92.0,94.0,high,high,high,high,high,high,high,high,high,2026-05-10
hitter,CHC,TEX,Pete Crow-Armstrong,691718,7.0,CF,Confirmed,4.25,,,,,1.2,0.54,,,,,1.200738177994312,1.2062620869596177,0.5184447000140419,0.5682357206664469,0.7061469265367316,0.6258103284081385,0.05169934093033497,0.03797687655057211,,,0.66,0.51,0.51,2.01,0.04,1.01,0.18,0.01,0.0,0.324,1.001763668430335,1.0170808458520741,0.182,,0.012,,0.0,,False,96.0,99.0,96.0,88.0,93.0,91.0,91.0,92.0,94.0,high,high,high,high,high,high,high,high,high,2026-05-10
hitter,CHC,TEX,Dansby Swanson,621020,8.0,SS,Confirmed,4.18,,,,,1.13,0.66,,,,,1.0539662995044248,1.2044416753220941,0.6596222142312995,0.65504998886469,0.6875,0.6538455408669936,0.0551471527547878,0.04631440140430556,,,0.67,0.49,0.48,1.86,0.05,0.87,0.18,0.01,0.0,0.317,0.8408408408408409,0.8943626218438936,0.176,,0.008,,0.0,,False,96.0,99.0,96.0,88.0,93.0,91.0,91.0,92.0,94.0,high,high,high,high,high,high,high,high,high,2026-05-10
hitter,CHC,TEX,Matt Shaw,807713,9.0,3B,Confirmed,3.1,,,,,0.85,0.41,,,,,0.8399023635952549,0.8506093125916218,0.42003886089432496,0.4010292934824986,0.4125159642401022,0.4054305566886853,0.030687731728556548,0.023935488570075526,,,0.41,0.31,0.3,1.25,0.03,0.64,0.13,0.01,0.0,0.276,0.6720588235294118,0.6073639840491738,0.131,,0.008,,0.0,,False,96.0,99.0,96.0,88.0,93.0,91.0,91.0,92.0,94.0,high,high,high,high,high,high,high,high,high,2026-05-10
hitter,SF,PIT,Jung Hoo Lee,808982,1.0,RF,Confirmed,4.27,,,,,0.55,0.08,,,,,0.5027043743523101,0.5888440330167027,0.10382729535565922,0.06415108555607733,1.0,1.017054619328883,0.049316221979474405,0.05968724347527347,,,1.01,0.37,0.23,1.24,0.05,1.49,0.11,0.02,0.0,0.236,1.4476190476190476,1.5183946983807635,0.114,,0.018,,0.0,,False,96.0,99.0,96.0,88.0,93.0,91.0,91.0,92.0,94.0,high,high,high,high,high,high,high,high,high,2026-05-10
hitter,SF,PIT,Luis Arraez,650333,2.0,2B,Confirmed,4.57,,,,,0.4,0.11,,,,,0.2539425081698842,0.5500415433551589,0.10838987061453191,0.10626394768419613,1.0980834272829765,1.2014243020288256,0.05746377025452943,0.08935809033884898,,,1.15,0.38,0.25,1.34,0.07,1.58,0.12,0.01,0.0,0.222,1.4759615384615385,1.6593804977409594,0.123,,0.011,,0.0,,False,96.0,99.0,96.0,88.0,93.0,91.0,91.0,92.0,94.0,high,high,high,high,high,high,high,high,high,2026-05-10
hitter,SF,PIT,Casey Schmitt,669477,3.0,1B,Confirmed,4.45,,,,,0.58,0.12,,,,,0.46050615488282687,0.7031527215854305,0.1303592970502278,0.10720500005425468,1.0980834272829765,1.0960825110291055,0.17027571804996755,0.16674141457206085,,,1.1,0.41,0.28,1.34,0.17,1.85,0.11,0.01,0.0,0.252,1.914285714285714,1.8035862449077085,0.114,,0.008,,0.0,,False,96.0,99.0,96.0,88.0,93.0,91.0,91.0,92.0,94.0,high,high,high,high,high,high,high,high,high,2026-05-10
hitter,SF,PIT,Rafael Devers,646240,4.0,DH,Confirmed,4.39,,,,,1.27,0.16,,,,,1.2476730964942335,1.298677580621469,0.15012274939867562,0.17971794771685007,0.801980198019802,0.8352430540087481,0.16198702492033426,0.17687366347038364,,,0.82,0.43,0.24,1.19,0.17,1.56,0.1,0.01,0.0,0.284,1.4759615384615385,1.6208746585500224,0.102,,0.007,,0.0,,False,96.0,99.0,96.0,88.0,93.0,91.0,91.0,92.0,94.0,high,high,high,high,high,high,high,high,high,2026-05-10
hitter,SF,PIT,Heliot Ramos,671218,5.0,LF,Confirmed,4.08,,,,,1.07,0.08,,,,,1.0217084926839364,1.1177699678735165,0.0992119428507487,0.05962104263882454,0.8770949720670391,0.8710248712639829,0.13887199570496497,0.1555992978266358,,,0.87,0.38,0.27,1.29,0.15,1.47,0.14,0.01,0.0,0.253,1.4476190476190476,1.4810689736494371,0.139,,0.008,,0.0,,False,96.0,99.0,96.0,88.0,93.0,91.0,91.0,92.0,94.0,high,high,high,high,high,high,high,high,high,2026-05-10
hitter,SF,PIT,Willy Adames,642715,6.0,SS,Confirmed,4.04,,,,,1.09,0.13,,,,,1.0564118500380333,1.1298703098830705,0.11524078690361161,0.14648485876990025,0.7715355805243446,0.7606270146155064,0.134181329442312,0.1545392593054052,,,0.77,0.31,0.21,1.0,0.14,1.43,0.11,0.01,0.0,0.254,1.3893129770992367,1.4553504404701065,0.108,,0.009,,0.0,,False,96.0,99.0,96.0,88.0,93.0,91.0,91.0,92.0,94.0,high,high,high,high,high,high,high,high,high,2026-05-10
hitter,SF,PIT,Matt Chapman,656305,7.0,3B,Confirmed,4.14,,,,,1.09,0.12,,,,,1.0349682158818632,1.148695567231007,0.12537059630525468,0.1201717110292075,0.801980198019802,0.8746815969307841,0.17811000006754824,0.17132761799049687,,,0.84,0.34,0.23,1.15,0.17,1.48,0.14,0.01,0.0,0.258,1.3893129770992367,1.5550802565231194,0.137,,0.008,,0.0,,False,96.0,99.0,96.0,88.0,93.0,91.0,91.0,92.0,94.0,high,high,high,high,high,high,high,high,high,2026-05-10
hitter,SF,PIT,Drew Gilbert,687551,8.0,CF,Confirmed,3.1,,,,,0.67,0.1,,,,,0.6739320755514298,0.6639684942729683,0.09564126633290845,0.09642466759912742,0.5290322580645161,0.5356514316744192,0.07498682306131776,0.07286292562522537,,,0.53,0.24,0.15,0.81,0.07,0.94,0.1,0.01,0.0,0.253,0.9875776397515532,0.896454283331847,0.103,,0.007,,0.0,,False,96.0,99.0,96.0,88.0,93.0,91.0,91.0,92.0,94.0,high,high,high,high,high,high,high,high,high,2026-05-10
hitter,SF,PIT,Jesus Rodriguez,683679,9.0,C,Confirmed,2.55,,,,,0.36,0.08,,,,,0.3239694652223247,0.3980547101547059,0.09173485235365858,0.06334312385968871,0.7061469265367316,0.5498338787674811,0.06265160613953072,0.05548563062848376,,,0.62,0.18,0.12,0.64,0.06,0.72,0.07,0.01,0.0,0.23,0.8408408408408409,0.6240571760518451,0.074,,0.008,,0.0,,False,96.0,99.0,96.0,88.0,93.0,91.0,91.0,92.0,94.0,high,high,high,high,high,high,high,high,high,2026-05-10
hitter,PIT,SF,Oneil Cruz,665833,1.0,CF,Confirmed,4.18,,,,,1.93,0.65,,,,,1.903810470793726,1.9515820572335618,0.6715406291948801,0.6193726697886552,0.801980198019802,0.7054927619487913,0.08881116858883853,0.06831014142846127,,,0.75,0.41,0.29,1.47,0.08,1.24,0.18,0.01,0.0,0.253,1.3148148148148149,1.1758399043539032,0.183,,0.01,,0.0,,False,96.0,99.0,96.0,88.0,93.0,91.0,91.0,92.0,94.0,high,high,high,high,high,high,high,high,high,2026-05-10
hitter,PIT,SF,Brandon Lowe,664040,2.0,2B,Confirmed,4.25,,,,,1.78,0.58,,,,,1.8302165886618402,1.7259034924654948,0.5824901382798237,0.5838628730950283,0.8694581280788177,0.7956376012531745,0.06776792810112535,0.07374804690775276,,,0.83,0.41,0.3,1.51,0.07,1.18,0.18,0.01,0.0,0.248,1.239368165249089,1.1346063882688149,0.18,,0.009,,0.0,,False,96.0,99.0,96.0,88.0,93.0,91.0,91.0,92.0,94.0,high,high,high,high,high,high,high,high,high,2026-05-10
hitter,PIT,SF,Nick Gonzales,693304,3.0,3B,Confirmed,3.81,,,,,1.07,0.36,,,,,1.048638492984778,1.0939266741518552,0.3526326041004556,0.3583217963411668,0.801980198019802,0.782274467186054,0.03252826878746995,0.041572456292701274,,,0.79,0.37,0.32,1.49,0.04,1.05,0.14,0.01,0.0,0.241,1.1521739130434783,0.9653315106727436,0.137,,0.009,,0.0,,False,96.0,99.0,96.0,88.0,93.0,91.0,91.0,92.0,94.0,high,high,high,high,high,high,high,high,high,2026-05-10
hitter,PIT,SF,Ryan O'Hearn,656811,4.0,RF,Confirmed,3.96,,,,,1.43,0.54,,,,,1.4253379503165058,1.4299318940240118,0.531064437155033,0.5416520467151477,0.707983193277311,0.7072165131681561,0.03188826856837517,0.012914358884926442,,,0.71,0.35,0.28,1.34,0.02,0.95,0.17,0.01,0.0,0.232,1.001763668430335,0.9023356548021804,0.172,,0.007,,0.0,,False,96.0,99.0,96.0,88.0,93.0,91.0,91.0,92.0,94.0,high,high,high,high,high,high,high,high,high,2026-05-10
hitter,PIT,SF,Marcell Ozuna,542303,5.0,DH,Confirmed,3.74,,,,,1.53,0.61,,,,,1.5790875948508172,1.481944530987412,0.6016905180494823,0.6101848528803763,0.7061469265367316,0.6001151003434075,0.04759428856791677,0.043425453287156864,,,0.65,0.35,0.29,1.35,0.05,0.91,0.12,0.01,0.0,0.242,0.9875776397515532,0.8469115066073313,0.122,,0.007,,0.0,,False,96.0,99.0,96.0,88.0,93.0,91.0,91.0,92.0,94.0,high,high,high,high,high,high,high,high,high,2026-05-10
hitter,PIT,SF,Spencer Horwitz,687462,6.0,1B,Confirmed,3.49,,,,,1.02,0.47,,,,,1.044976260748818,0.9884899047794566,0.48276369060266844,0.45678774685742435,0.6434108527131783,0.5338286088674123,0.030125874029653697,0.01903902103555557,,,0.58,0.28,0.26,1.18,0.02,0.79,0.13,0.01,0.0,0.238,0.8408408408408409,0.7573141456199007,0.134,,0.008,,0.0,,False,96.0,99.0,96.0,88.0,93.0,91.0,91.0,92.0,94.0,high,high,high,high,high,high,high,high,high,2026-05-10
hitter,PIT,SF,Konnor Griffin,804606,7.0,SS,Confirmed,3.81,,,,,1.62,0.49,,,,,1.6389510259308193,1.607938994788571,0.47924330405965,0.49147714630102785,0.707983193277311,0.6922737026010471,0.04974733769287233,0.04047780808093784,,,0.7,0.31,0.25,1.27,0.05,1.1,0.16,0.01,0.0,0.236,1.1521739130434783,1.0502444141867369,0.156,,0.009,,0.0,,False,96.0,99.0,96.0,88.0,93.0,91.0,91.0,92.0,94.0,high,high,high,high,high,high,high,high,high,2026-05-10
hitter,PIT,SF,Nick Yorke,694377,8.0,LF,Confirmed,2.26,,,,,0.78,0.18,,,,,0.8584390501344279,0.7098600558439208,0.19556334009883533,0.1570041066261281,0.35424354243542433,0.27301477494251625,0.07427804887142597,0.054371179219484304,,,0.31,0.15,0.13,0.64,0.06,0.56,0.1,0.01,0.0,0.2,0.6720588235294118,0.46351485968649625,0.096,,0.01,,0.0,,False,96.0,99.0,96.0,88.0,93.0,91.0,91.0,92.0,94.0,high,high,high,high,high,high,high,high,high,2026-05-10
hitter,PIT,SF,Henry Davis,680779,9.0,C,Confirmed,3.33,,,,,0.86,0.19,,,,,0.8615425152050185,0.8651860237939694,0.20779806531669506,0.16442023209942183,0.7715355805243446,0.6480728339825174,0.1407321931255863,0.11847930751410304,,,0.7,0.23,0.19,0.96,0.13,1.21,0.14,0.01,0.0,0.209,1.3148148148148149,1.1252461161730025,0.144,,0.008,,0.0,,False,96.0,99.0,96.0,88.0,93.0,91.0,91.0,92.0,94.0,high,high,high,high,high,high,high,high,high,2026-05-10
hitter,AZ,NYM,Ketel Marte,606466,1.0,2B,Confirmed,3.96,,,,,0.74,0.33,,,,,0.7575667554592024,0.7152781118056455,0.33381620602324735,0.3326361648348053,0.8694581280788177,0.8194169879916362,0.036470137329854324,0.03097264223631874,,,0.84,0.38,0.28,1.37,0.03,1.16,0.12,0.01,0.0,0.241,1.239368165249089,1.0860142874964882,0.125,,0.008,,0.0,,False,96.0,99.0,96.0,88.0,93.0,91.0,91.0,92.0,94.0,high,high,high,high,high,high,high,high,high,2026-05-10
hitter,AZ,NYM,Corbin Carroll,682998,2.0,RF,Confirmed,3.96,,,,,1.14,0.42,,,,,1.1583872703030527,1.1116439161617007,0.4337957077908584,0.3968510495192999,0.801980198019802,0.764075042048581,0.042669703616709284,0.040363240342849424,,,0.78,0.41,0.32,1.43,0.04,1.2,0.15,0.02,0.0,0.262,1.239368165249089,1.1619135715456705,0.149,,0.017,,0.0,,False,96.0,99.0,96.0,88.0,93.0,91.0,91.0,92.0,94.0,high,high,high,high,high,high,high,high,high,2026-05-10
hitter,AZ,NYM,Geraldo Perdomo,672695,3.0,SS,Confirmed,3.96,,,,,0.58,0.43,,,,,0.5876805905590812,0.5760526882361476,0.39923288132565615,0.46284729211589754,0.8770949720670391,0.8242972755173051,0.028606844634370254,0.022678708701910417,,,0.85,0.4,0.34,1.54,0.03,1.08,0.15,0.01,0.0,0.252,1.1521739130434783,1.012167513957127,0.149,,0.01,,0.0,,False,96.0,99.0,96.0,88.0,93.0,91.0,91.0,92.0,94.0,high,high,high,high,high,high,high,high,high,2026-05-10
hitter,AZ,NYM,Adrian Del Castillo,680728,4.0,DH,Confirmed,3.02,,,,,1.06,0.2,,,,,1.1126416124654466,1.0028681257758407,0.22196361944202675,0.18643010431552762,0.5290322580645161,0.42751369513298343,0.026536101829337695,0.022254375224530023,,,0.47,0.3,0.27,1.1,0.02,0.69,0.07,0.01,0.0,0.238,0.7899761336515513,0.5993859428515601,0.072,,0.006,,0.0,,False,96.0,99.0,96.0,88.0,93.0,91.0,91.0,92.0,94.0,high,high,high,high,high,high,high,high,high,2026-05-10
hitter,AZ,NYM,Ildemaro Vargas,545121,5.0,1B,Confirmed,3.74,,,,,0.62,0.17,,,,,0.6312817580318109,0.6181281776242935,0.1781428898770208,0.17059173480291462,0.8770949720670391,0.855411044846253,0.02409700861370057,0.02071050208262421,,,0.87,0.4,0.35,1.62,0.02,1.12,0.12,0.01,0.0,0.26,1.1521739130434783,1.0881782552026031,0.119,,0.007,,0.0,,False,96.0,99.0,96.0,88.0,93.0,91.0,91.0,92.0,94.0,high,high,high,high,high,high,high,high,high,2026-05-10
hitter,AZ,NYM,Nolan Arenado,571448,6.0,3B,Confirmed,3.33,,,,,0.59,0.28,,,,,0.6056371189826711,0.5694147853579614,0.30010882424535756,0.26643333209046854,0.7715355805243446,0.6418812865376485,0.032389996490588324,0.030976390394978345,,,0.7,0.34,0.34,1.38,0.03,0.95,0.1,0.01,0.0,0.282,1.001763668430335,0.9132488565843182,0.101,,0.006,,0.0,,False,96.0,99.0,96.0,88.0,93.0,91.0,91.0,92.0,94.0,high,high,high,high,high,high,high,high,high,2026-05-10
hitter,AZ,NYM,James McCann,543510,7.0,C,Confirmed,3.09,,,,,0.76,0.19,,,,,0.7895520656943299,0.7235404665689184,0.20904532144963472,0.18004916736328377,0.6434108527131783,0.5307935478919111,0.1055114598729697,0.09295652426269363,,,0.58,0.3,0.27,1.27,0.1,0.94,0.11,0.01,0.0,0.27,1.001763668430335,0.8851638882430449,0.107,,0.006,,0.0,,False,96.0,99.0,96.0,88.0,93.0,91.0,91.0,92.0,94.0,high,high,high,high,high,high,high,high,high,2026-05-10
hitter,AZ,NYM,Jorge Barrosa,678489,8.0,CF,Confirmed,2.55,,,,,0.82,0.12,,,,,0.8133725073601283,0.8308153810787319,0.13532719449423206,0.10149890844996999,0.35424354243542433,0.30666712460648277,0.08263101568671699,0.06529207220663935,,,0.33,0.19,0.17,0.77,0.07,0.61,0.09,0.01,0.0,0.221,0.6720588235294118,0.5540389833517378,0.094,,0.007,,0.0,,False,96.0,99.0,96.0,88.0,93.0,91.0,91.0,92.0,94.0,high,high,high,high,high,high,high,high,high,2026-05-10
hitter,AZ,NYM,Ryan Waldschmidt,814439,9.0,LF,Confirmed,2.07,,,,,0.65,0.11,,,,,0.6881126886772424,0.6190534824806186,0.1460223724173252,0.06747674196779994,0.4125159642401022,0.2479230544465843,0.01874539218577405,0.006628453609743432,,,0.32,0.15,0.13,0.62,0.01,0.39,0.09,0.01,0.0,0.222,0.4591194968553459,0.32610699453603037,0.088,,0.006,,0.0,,False,96.0,99.0,96.0,88.0,93.0,91.0,91.0,92.0,94.0,high,high,high,high,high,high,high,high,high,2026-05-10
hitter,NYM,AZ,Juan Soto,665742,1.0,DH,Confirmed,4.08,,,,,0.92,0.79,,,,,0.9520770143119267,0.8800394770376597,0.805064235894998,0.7691097303237343,0.5290322580645161,0.5315608526934227,0.05667602973534287,0.09184641155202233,,,0.53,0.35,0.17,0.94,0.07,0.84,0.1,0.01,0.0,0.253,0.7899761336515513,0.8730451720369364,0.097,,0.007,,0.0,,False,96.0,99.0,96.0,88.0,93.0,91.0,91.0,92.0,94.0,high,high,high,high,high,high,high,high,high,2026-05-10
hitter,NYM,AZ,Bo Bichette,666182,2.0,SS,Confirmed,4.04,,,,,0.68,0.37,,,,,0.7011082304663009,0.6667250618621581,0.3746738596910002,0.3721363220195471,0.5846774193548387,0.5935245745553989,0.029946751078165235,0.03581482157476988,,,0.59,0.25,0.15,0.82,0.03,0.72,0.12,0.01,0.0,0.172,0.6720588235294118,0.7633504433481779,0.117,,0.008,,0.0,,False,96.0,99.0,96.0,88.0,93.0,91.0,91.0,92.0,94.0,high,high,high,high,high,high,high,high,high,2026-05-10
hitter,NYM,AZ,Austin Slater,596103,3.0,LF,Confirmed,1.84,,,,,0.5,0.12,,,,,0.4968477606925187,0.4965467869556864,0.13389190654439911,0.09852365186322248,0.2543859649122807,0.16810723886701145,0.01792075595869974,0.009555815168406255,,,0.21,0.04,0.01,0.05,0.01,0.32,0.0,0.0,0.0,0.072,0.3888888888888889,0.2666770340185428,0.055,,0.006,,0.0,,False,96.0,99.0,96.0,88.0,93.0,91.0,91.0,92.0,94.0,high,high,high,high,high,high,high,high,high,2026-05-10
hitter,NYM,AZ,Mark Vientos,668901,4.0,1B,Confirmed,3.74,,,,,1.02,0.31,,,,,0.9914119249723411,1.0401118231319797,0.2996239976868026,0.3217262422181506,0.4125159642401022,0.4928086100578485,0.03136156779315709,0.05187033508813904,,,0.46,0.22,0.15,0.72,0.04,0.69,0.09,0.01,0.0,0.159,0.6720588235294118,0.7010649070180448,0.093,,0.007,,0.0,,False,96.0,99.0,96.0,88.0,93.0,91.0,91.0,92.0,94.0,high,high,high,high,high,high,high,high,high,2026-05-10
hitter,NYM,AZ,Marcus Semien,543760,5.0,2B,Confirmed,3.81,,,,,0.72,0.37,,,,,0.7203140665519153,0.7229933071781253,0.36825608181544345,0.36322945663228595,0.4803149606299212,0.4779371223009302,0.02266138450299845,0.04047611697727257,,,0.48,0.22,0.15,0.73,0.03,0.67,0.09,0.01,0.0,0.164,0.6720588235294118,0.6746123235569301,0.092,,0.008,,0.0,,False,96.0,99.0,96.0,88.0,93.0,91.0,91.0,92.0,94.0,high,high,high,high,high,high,high,high,high,2026-05-10
hitter,NYM,AZ,Andy Ibáñez,628451,6.0,3B,Confirmed,1.84,,,,,0.3,0.09,,,,,0.2928198302246926,0.31340070791297336,0.1047124769157044,0.06568712782267355,0.2543859649122807,0.17877707065639425,0.015847129821807228,0.005040481151251986,,,0.21,0.03,0.01,0.04,0.01,0.33,0.0,0.0,0.0,0.06,0.3888888888888889,0.2795712687025946,0.058,,0.006,,0.0,,False,96.0,99.0,96.0,88.0,93.0,91.0,91.0,92.0,94.0,high,high,high,high,high,high,high,high,high,2026-05-10
hitter,NYM,AZ,Tyrone Taylor,621438,7.0,CF,Confirmed,2.9,,,,,0.73,0.17,,,,,0.7429993914145442,0.7232841769687768,0.18964581280688864,0.1561894662275815,0.4125159642401022,0.35216168923417096,0.01831776978763617,0.014277425308923885,,,0.38,0.16,0.12,0.61,0.02,0.46,0.08,0.01,0.0,0.165,0.4591194968553459,0.46944359819274717,0.077,,0.007,,0.0,,False,96.0,99.0,96.0,88.0,93.0,91.0,91.0,92.0,94.0,high,high,high,high,high,high,high,high,high,2026-05-10
hitter,NYM,AZ,Carson Benge,701807,8.0,RF,Confirmed,3.48,,,,,0.79,0.33,,,,,0.7630745125540874,0.8112836593757589,0.34245963539206237,0.31640759976241856,0.4125159642401022,0.4258226933259117,0.022998340659261225,0.030494350704505003,,,0.42,0.19,0.13,0.68,0.03,0.65,0.1,0.01,0.0,0.176,0.6720588235294118,0.6352836403739387,0.104,,0.007,,0.0,,False,96.0,99.0,96.0,88.0,93.0,91.0,91.0,92.0,94.0,high,high,high,high,high,high,high,high,high,2026-05-10
hitter,NYM,AZ,Luis Torrens,620443,9.0,C,Confirmed,3.02,,,,,0.83,0.14,,,,,0.7806537477786594,0.8863201863975384,0.14379209960358286,0.12826253443707802,0.3344051446945337,0.29887193445913013,0.06706574438405632,0.07433522144963162,,,0.31,0.16,0.12,0.62,0.07,0.67,0.08,0.01,0.0,0.168,0.6720588235294118,0.6642470380079888,0.076,,0.007,,0.0,,False,96.0,99.0,96.0,88.0,93.0,91.0,91.0,92.0,94.0,high,high,high,high,high,high,high,high,high,2026-05-10
hitter,SD,STL,Jackson Merrill,701538,1.0,CF,Confirmed,4.39,,,,,1.31,0.32,,,,,1.2539796818040652,1.3650903321434225,0.31015004116721123,0.32350785761876605,0.6434108527131783,0.6833348780471289,0.15022200987254808,0.1672738366552271,,,0.67,0.48,0.36,1.83,0.16,1.3,0.2,0.01,0.0,0.281,1.239368165249089,1.3526311696518394,0.204,,0.012,,0.0,,False,96.0,99.0,96.0,88.0,93.0,91.0,91.0,92.0,94.0,high,high,high,high,high,high,high,high,high,2026-05-10
hitter,SD,STL,Fernando Tatis Jr.,665487,2.0,2B,Confirmed,4.18,,,,,1.06,0.43,,,,,1.077421063828443,1.0478046545161317,0.4203829285066708,0.44626789106887,0.5846774193548387,0.6254500160631031,0.1305441310326387,0.14400391023126646,,,0.61,0.51,0.36,1.87,0.14,1.17,0.22,0.01,0.0,0.32,1.1521739130434783,1.1930780277453739,0.217,,0.008,,0.0,,False,96.0,99.0,96.0,88.0,93.0,91.0,91.0,92.0,94.0,high,high,high,high,high,high,high,high,high,2026-05-10
hitter,SD,STL,Manny Machado,592518,3.0,3B,Confirmed,4.18,,,,,1.11,0.34,,,,,1.088696189253742,1.1371264592906951,0.3549199811290966,0.3319457520335477,0.6434108527131783,0.6016584337906927,0.1454209498749868,0.16682751320903796,,,0.62,0.46,0.37,1.72,0.16,1.19,0.21,0.01,0.0,0.283,1.1521739130434783,1.2248439399009208,0.205,,0.011,,0.0,,False,96.0,99.0,96.0,88.0,93.0,91.0,91.0,92.0,94.0,high,high,high,high,high,high,high,high,high,2026-05-10
hitter,SD,STL,Gavin Sheets,657757,4.0,LF,Confirmed,3.33,,,,,0.88,0.27,,,,,0.9140918916523737,0.8481453994802645,0.2704231981302644,0.26649327831715797,0.4125159642401022,0.39492631205167256,0.1325385645828068,0.11903284606793607,,,0.4,0.36,0.3,1.37,0.13,0.93,0.13,0.01,0.0,0.278,1.001763668430335,0.8779636330706975,0.131,,0.01,,0.0,,False,96.0,99.0,96.0,88.0,93.0,91.0,91.0,92.0,94.0,high,high,high,high,high,high,high,high,high,2026-05-10
hitter,SD,STL,Xander Bogaerts,593428,5.0,SS,Confirmed,3.81,,,,,0.89,0.36,,,,,0.8775395818093473,0.9023237012620025,0.373851853348082,0.35590578433435077,0.4803149606299212,0.546153764763324,0.10377683283946121,0.09046896385489775,,,0.52,0.44,0.36,1.68,0.1,1.01,0.19,0.01,0.0,0.3,1.001763668430335,1.0219786553095929,0.188,,0.011,,0.0,,False,96.0,99.0,96.0,88.0,93.0,91.0,91.0,92.0,94.0,high,high,high,high,high,high,high,high,high,2026-05-10
hitter,SD,STL,Miguel Andujar,609280,6.0,DH,Confirmed,3.96,,,,,0.94,0.24,,,,,0.8370091264982761,1.0351371270850507,0.2350856970631527,0.2417286819455276,0.4125159642401022,0.5481184376080241,0.030809423416875294,0.03148093749864119,,,0.49,0.41,0.4,1.81,0.03,0.71,0.17,0.01,0.0,0.293,0.6720588235294118,0.7343123734634553,0.169,,0.011,,0.0,,False,96.0,99.0,96.0,88.0,93.0,91.0,91.0,92.0,94.0,high,high,high,high,high,high,high,high,high,2026-05-10
hitter,SD,STL,Ty France,664034,7.0,1B,Confirmed,3.89,,,,,0.78,0.18,,,,,0.7319457924469458,0.832779890105079,0.17964568737163214,0.1865760102632469,0.6434108527131783,0.6847017525963185,0.1277094055673151,0.12105470206864251,,,0.67,0.36,0.32,1.55,0.12,1.11,0.18,0.01,0.0,0.264,1.1521739130434783,1.0715592093731234,0.18,,0.011,,0.0,,False,96.0,99.0,96.0,88.0,93.0,91.0,91.0,92.0,94.0,high,high,high,high,high,high,high,high,high,2026-05-10
hitter,SD,STL,Sung-Mun Song,823550,8.0,2B,Confirmed,3.09,,,,,0.99,0.22,,,,,0.9078339279089027,1.0670632724987636,0.217251933009637,0.21639064301001143,0.35424354243542433,0.3491495706904956,0.07667845952562835,0.06173117457810456,,,0.35,0.26,0.21,1.06,0.07,0.71,0.14,0.01,0.0,0.25,0.6720588235294118,0.7363831982965025,0.137,,0.009,,0.0,,False,96.0,99.0,96.0,88.0,93.0,91.0,91.0,92.0,94.0,high,high,high,high,high,high,high,high,high,2026-05-10
hitter,SD,STL,Rodolfo Durán,660710,9.0,C,Confirmed,1.92,,,,,0.72,0.13,,,,,0.7914279314262581,0.655786124304914,0.14082061996748774,0.12083378396274325,0.3344051446945337,0.3285964391507008,0.015006020727803208,0.008035674317178805,,,0.33,0.17,0.14,0.73,0.01,0.65,0.08,0.01,0.0,0.261,0.44025157232704404,0.81312551531519,0.082,,0.009,,0.0,,False,96.0,99.0,96.0,88.0,93.0,91.0,91.0,92.0,94.0,high,high,high,high,high,high,high,high,high,2026-05-10
hitter,STL,SD,JJ Wetherholt,802139,1.0,2B,Confirmed,4.57,,,,,1.02,0.25,,,,,1.0069402314362346,1.0387451196279185,0.2330993975922907,0.26888213220843726,1.0980834272829765,1.1695783467814362,0.05964350283811193,0.06409877973926474,,,1.14,0.59,0.5,2.18,0.06,1.64,0.23,0.01,0.0,0.31,1.684375,1.6098877385985815,0.228,,0.009,,0.0,,False,96.0,99.0,96.0,88.0,93.0,91.0,91.0,92.0,94.0,high,high,high,high,high,high,high,high,high,2026-05-10
hitter,STL,SD,Iván Herrera,671056,2.0,DH,Confirmed,4.25,,,,,1.09,0.19,,,,,1.0838375871969386,1.090244805736072,0.19627857039044164,0.17696077892618628,1.0980834272829765,1.004462488611539,0.05166909370999553,0.041011150168147596,,,1.05,0.56,0.47,2.13,0.05,1.6,0.23,0.01,0.0,0.318,1.5956790123456794,1.6009821739326546,0.226,,0.01,,0.0,,False,96.0,99.0,96.0,88.0,93.0,91.0,91.0,92.0,94.0,high,high,high,high,high,high,high,high,high,2026-05-10
hitter,STL,SD,Alec Burleson,676475,3.0,1B,Confirmed,4.51,,,,,0.95,0.18,,,,,0.9840173210345874,0.9217067224017993,0.18446228072252654,0.17866487733131547,1.0980834272829765,1.237761172221752,0.05975608787208253,0.0437904699158326,,,1.17,0.58,0.56,2.28,0.05,1.7,0.22,0.01,0.0,0.31,1.684375,1.7041378105937544,0.218,,0.012,,0.0,,False,96.0,99.0,96.0,88.0,93.0,91.0,91.0,92.0,94.0,high,high,high,high,high,high,high,high,high,2026-05-10
hitter,STL,SD,Jordan Walker,691023,4.0,RF,Confirmed,4.14,,,,,1.34,0.15,,,,,1.266785180551761,1.4149916014489214,0.1620499507582084,0.14350332618333164,0.994208494208494,0.9389581875876383,0.05807768539545226,0.0362474541559757,,,0.96,0.51,0.49,2.0,0.05,1.38,0.19,0.01,0.0,0.295,1.3148148148148149,1.4245400843710598,0.19,,0.01,,0.0,,False,96.0,99.0,96.0,88.0,93.0,91.0,91.0,92.0,94.0,high,high,high,high,high,high,high,high,high,2026-05-10
hitter,STL,SD,Nolan Gorman,669357,5.0,3B,Confirmed,3.81,,,,,1.35,0.21,,,,,1.3273459439137976,1.3649072781819656,0.19995868684178364,0.21726052255154527,0.801980198019802,0.797265137640932,0.048190842387827136,0.03807239499051355,,,0.8,0.46,0.43,1.76,0.04,1.19,0.16,0.01,0.0,0.288,1.239368165249089,1.1438910356717436,0.156,,0.009,,0.0,,False,96.0,99.0,96.0,88.0,93.0,91.0,91.0,92.0,94.0,high,high,high,high,high,high,high,high,high,2026-05-10
hitter,STL,SD,Masyn Winn,691026,6.0,SS,Confirmed,4.04,,,,,0.93,0.11,,,,,0.9239597845369206,0.9410591153415653,0.11743075562134879,0.10333809939945963,1.0980834272829765,1.0544502332097132,0.032201761912060964,0.03760927148015228,,,1.07,0.45,0.48,2.03,0.03,1.39,0.2,0.01,0.0,0.304,1.3893129770992367,1.3879374321112643,0.2,,0.01,,0.0,,False,96.0,99.0,96.0,88.0,93.0,91.0,91.0,92.0,94.0,high,high,high,high,high,high,high,high,high,2026-05-10
hitter,STL,SD,Nathan Church,701675,7.0,LF,Confirmed,3.78,,,,,1.0,0.12,,,,,0.9094086065228395,1.0849592766718394,0.11796044136727778,0.12130046793146328,0.8694581280788177,0.8554384537947707,0.0418201392908469,0.04223411942716289,,,0.86,0.38,0.36,1.62,0.04,1.23,0.17,0.01,0.0,0.275,1.239368165249089,1.2158422501184634,0.171,,0.01,,0.0,,False,96.0,99.0,96.0,88.0,93.0,91.0,91.0,92.0,94.0,high,high,high,high,high,high,high,high,high,2026-05-10
hitter,STL,SD,Thomas Saggese,695336,8.0,LF,Confirmed,3.48,,,,,1.12,0.1,,,,,1.075357376667192,1.1691511613145016,0.10851366018966413,0.09209929496739779,0.8694581280788177,0.8150609262628375,0.03592939699105255,0.049294722942744215,,,0.84,0.37,0.35,1.62,0.04,1.11,0.15,0.01,0.0,0.291,1.1521739130434783,1.0811273620559754,0.154,,0.009,,0.0,,False,96.0,99.0,96.0,88.0,93.0,91.0,91.0,92.0,94.0,high,high,high,high,high,high,high,high,high,2026-05-10
hitter,STL,SD,Pedro Pagés,686780,9.0,C,Confirmed,3.81,,,,,1.17,0.1,,,,,1.1335383492120037,1.210216124617443,0.10113352175846196,0.10275348014099432,0.994208494208494,0.9214069753840991,0.03944863986073269,0.03088709174864929,,,0.95,0.41,0.39,1.8,0.04,1.25,0.17,0.01,0.0,0.294,1.239368165249089,1.2597739345693648,0.175,,0.008,,0.0,,False,96.0,99.0,96.0,88.0,93.0,91.0,91.0,92.0,94.0,high,high,high,high,high,high,high,high,high,2026-05-10
hitter,LAD,ATL,Shohei Ohtani,660271,1.0,DH,Confirmed,4.14,,,,,1.6,0.72,,,,,1.6032638118161608,1.6017485835749214,0.6956406094731724,0.746198560676178,0.35424354243542433,0.4027135571190246,0.0764865004017205,0.1029565221168878,,,0.38,0.47,0.33,1.22,0.09,0.75,0.09,0.01,0.0,0.307,0.6720588235294118,0.810515441728804,0.093,,0.012,,0.0,,False,96.0,99.0,96.0,88.0,93.0,91.0,91.0,92.0,94.0,high,high,high,high,high,high,high,high,high,2026-05-10
hitter,LAD,ATL,Freddie Freeman,518692,2.0,1B,Confirmed,3.96,,,,,1.21,0.44,,,,,1.242810559010388,1.1677590624269945,0.4575872370032108,0.42452790432390763,0.35424354243542433,0.4153997652826586,0.037594704715343846,0.034056919108533805,,,0.39,0.35,0.24,1.0,0.04,0.63,0.08,0.01,0.0,0.241,0.6289308176100628,0.6399484181396832,0.083,,0.009,,0.0,,False,96.0,99.0,96.0,88.0,93.0,91.0,91.0,92.0,94.0,high,high,high,high,high,high,high,high,high,2026-05-10
hitter,LAD,ATL,Andy Pages,681624,3.0,CF,Confirmed,3.96,,,,,1.31,0.22,,,,,1.295842596542086,1.3314945261727813,0.20642147108052605,0.23057381320492892,0.4125159642401022,0.4974219184051192,0.036139151717632684,0.02619664399753702,,,0.46,0.29,0.26,0.96,0.03,0.71,0.1,0.01,0.0,0.184,0.6720588235294118,0.745114934412664,0.1,,0.007,,0.0,,False,96.0,99.0,96.0,88.0,93.0,91.0,91.0,92.0,94.0,high,high,high,high,high,high,high,high,high,2026-05-10
hitter,LAD,ATL,Kyle Tucker,663656,4.0,RF,Confirmed,3.96,,,,,0.98,0.56,,,,,0.9808984316289763,0.9803659874727363,0.5467534964116675,0.5733005819288869,0.35424354243542433,0.3736933230460137,0.0369157898759121,0.043618096990132915,,,0.36,0.37,0.26,1.04,0.04,0.57,0.08,0.01,0.0,0.257,0.5302013422818792,0.5984698704087671,0.075,,0.007,,0.0,,False,96.0,99.0,96.0,88.0,93.0,91.0,91.0,92.0,94.0,high,high,high,high,high,high,high,high,high,2026-05-10
hitter,LAD,ATL,Max Muncy,571970,5.0,3B,Confirmed,3.54,,,,,1.35,0.52,,,,,1.4076318293071364,1.2977340362378746,0.5158053667495535,0.5308369870279598,0.3344051446945337,0.31704429908796716,0.05265694193568465,0.05485692576244207,,,0.32,0.37,0.3,1.03,0.05,0.6,0.08,0.01,0.0,0.276,0.6289308176100628,0.5806023222015202,0.078,,0.006,,0.0,,False,96.0,99.0,96.0,88.0,93.0,91.0,91.0,92.0,94.0,high,high,high,high,high,high,high,high,high,2026-05-10
hitter,LAD,ATL,Alex Call,669743,6.0,LF,Confirmed,2.77,,,,,0.82,0.24,,,,,0.8071657676428363,0.8230934710374744,0.2633502818469753,0.22398707503626492,0.3344051446945337,0.2751461902949932,0.017465122393501564,0.009500257743859992,,,0.3,0.2,0.17,0.72,0.01,0.37,0.08,0.01,0.0,0.22,0.3888888888888889,0.35288639120458176,0.079,,0.007,,0.0,,False,96.0,99.0,96.0,88.0,93.0,91.0,91.0,92.0,94.0,high,high,high,high,high,high,high,high,high,2026-05-10
hitter,LAD,ATL,Dalton Rushing,687221,7.0,C,Confirmed,3.1,,,,,1.4,0.24,,,,,1.4223847296944476,1.37890313165676,0.2522828815787782,0.22503249668594646,0.3344051446945337,0.25207135387259133,0.03332434187880942,0.022977067606422198,,,0.29,0.23,0.19,0.76,0.03,0.43,0.08,0.01,0.0,0.22,0.44025157232704404,0.4298862857348543,0.083,,0.007,,0.0,,False,96.0,99.0,96.0,88.0,93.0,91.0,91.0,92.0,94.0,high,high,high,high,high,high,high,high,high,2026-05-10
hitter,LAD,ATL,Hyeseong Kim,808975,8.0,SS,Confirmed,3.02,,,,,1.07,0.2,,,,,0.9631607637286391,1.1765027846904248,0.21366927638073294,0.19156417702616957,0.3344051446945337,0.3093323768519031,0.023511860488833806,0.008585998095259692,,,0.32,0.21,0.17,0.73,0.02,0.46,0.08,0.01,0.0,0.207,0.4551244402026283,0.45611340559397356,0.084,,0.009,,0.0,,False,96.0,99.0,96.0,88.0,93.0,91.0,91.0,92.0,94.0,high,high,high,high,high,high,high,high,high,2026-05-10
hitter,LAD,ATL,Alex Freeland,690976,9.0,2B,Confirmed,3.1,,,,,1.28,0.41,,,,,1.275920830107931,1.2868537265362983,0.4541052927821809,0.3587491290579776,0.3344051446945337,0.23903407176191108,0.023425527946957465,0.005911401482853694,,,0.28,0.24,0.16,0.73,0.01,0.42,0.09,0.01,0.0,0.246,0.44025157232704404,0.4000662321011108,0.088,,0.007,,0.0,,False,96.0,99.0,96.0,88.0,93.0,91.0,91.0,92.0,94.0,high,high,high,high,high,high,high,high,high,2026-05-10
hitter,ATL,LAD,Mauricio Dubón,643289,1.0,LF,Confirmed,3.96,,,,,0.58,0.29,,,,,0.5679997738193193,0.592325482457316,0.28491995670200854,0.2856024014345949,1.1391752577319587,1.0594578226179148,0.02278473375490441,0.02149578337137378,,,1.1,0.49,0.37,1.95,0.02,1.51,0.2,0.01,0.0,0.305,1.684375,1.358471205170209,0.202,,0.009,,0.0,,False,96.0,99.0,96.0,88.0,93.0,91.0,91.0,92.0,94.0,high,high,high,high,high,high,high,high,high,2026-05-10
hitter,ATL,LAD,Drake Baldwin,686948,2.0,C,Confirmed,4.26,,,,,1.02,0.42,,,,,1.0608544393716932,0.9715584593176413,0.4625504468976157,0.38010745153923053,1.0980834272829765,1.0370027984717352,0.049665175580981415,0.034069097367005224,,,1.06,0.47,0.35,1.82,0.04,1.53,0.22,0.01,0.0,0.283,1.5956790123456794,1.470153177941203,0.224,,0.009,,0.0,,False,96.0,99.0,96.0,88.0,93.0,91.0,91.0,92.0,94.0,high,high,high,high,high,high,high,high,high,2026-05-10
hitter,ATL,LAD,Ozzie Albies,645277,3.0,2B,Confirmed,4.25,,,,,0.73,0.41,,,,,0.7456127688691155,0.7226384352124431,0.4431512031713305,0.3810733121982466,1.0980834272829765,1.0841117411744146,0.05579970570292853,0.053116727492625415,,,1.09,0.48,0.4,1.87,0.05,1.54,0.2,0.01,0.0,0.288,1.5956790123456794,1.4939812950309672,0.2,,0.011,,0.0,,False,96.0,99.0,96.0,88.0,93.0,91.0,91.0,92.0,94.0,high,high,high,high,high,high,high,high,high,2026-05-10
hitter,ATL,LAD,Matt Olson,621566,4.0,1B,Confirmed,4.26,,,,,1.32,0.66,,,,,1.418449937398497,1.2277300702247493,0.6830700290532539,0.6273786915520193,1.0980834272829765,1.0302179280096067,0.07431028516807006,0.0579156940496673,,,1.06,0.51,0.42,1.93,0.07,1.6,0.22,0.01,0.0,0.309,1.684375,1.5346886912907294,0.222,,0.008,,0.0,,False,96.0,99.0,96.0,88.0,93.0,91.0,91.0,92.0,94.0,high,high,high,high,high,high,high,high,high,2026-05-10
hitter,ATL,LAD,Austin Riley,663586,5.0,3B,Confirmed,4.18,,,,,1.41,0.35,,,,,1.4274918984012097,1.396528323757854,0.36440078199556036,0.34400286583833906,1.0980834272829765,1.0733611066663296,0.08974748647772843,0.08019310612246758,,,1.08,0.52,0.46,2.07,0.08,1.79,0.17,0.01,0.0,0.301,1.914285714285714,1.685830738553846,0.174,,0.01,,0.0,,False,96.0,99.0,96.0,88.0,93.0,91.0,91.0,92.0,94.0,high,high,high,high,high,high,high,high,high,2026-05-10
hitter,ATL,LAD,Michael Harris II,671739,6.0,CF,Confirmed,3.96,,,,,0.97,0.19,,,,,0.9711336215430845,0.9606739371891874,0.2000042671906345,0.18340246777250027,1.0980834272829765,1.0497002100712296,0.05745224024221678,0.0713342502471043,,,1.07,0.35,0.36,1.57,0.06,1.48,0.18,0.01,0.0,0.247,1.5956790123456794,1.391761672798744,0.178,,0.009,,0.0,,False,96.0,99.0,96.0,88.0,93.0,91.0,91.0,92.0,94.0,high,high,high,high,high,high,high,high,high,2026-05-10
hitter,ATL,LAD,Eli White,642201,7.0,RF,Confirmed,1.84,,,,,0.74,0.12,,,,,0.8654775613994878,0.6072924897959936,0.1557823805159651,0.08746385448143493,0.4125159642401022,0.2767065654071737,0.02071899016165088,0.006142767636003383,,,0.34,0.17,0.15,0.73,0.01,0.46,0.11,0.01,0.0,0.273,0.6289308176100628,0.3263060437587626,0.11,,0.007,,0.0,,False,96.0,99.0,96.0,88.0,93.0,91.0,91.0,92.0,94.0,high,high,high,high,high,high,high,high,high,2026-05-10
hitter,ATL,LAD,Sean Murphy,669221,8.0,C,Confirmed,3.74,,,,,1.36,0.33,,,,,1.40308869616001,1.321548707114533,0.3239158069179273,0.34376058421427175,0.8694581280788177,0.8080312568554059,0.0513583403189194,0.057746214789747334,,,0.84,0.3,0.26,1.27,0.05,1.27,0.17,0.01,0.0,0.234,1.239368165249089,1.2878174079581888,0.169,,0.008,,0.0,,False,96.0,99.0,96.0,88.0,93.0,91.0,91.0,92.0,94.0,high,high,high,high,high,high,high,high,high,2026-05-10
hitter,ATL,LAD,Jorge Mateo,622761,9.0,SS,Confirmed,3.48,,,,,1.2,0.25,,,,,1.2146073845867495,1.182922919427342,0.25620106962295564,0.23815505061924233,0.8694581280788177,0.7258993281104416,0.030115340213056965,0.04147093240720427,,,0.79,0.29,0.25,1.25,0.04,1.17,0.16,0.01,0.0,0.239,1.239368165249089,1.117169264454394,0.163,,0.008,,0.0,,False,96.0,99.0,96.0,88.0,93.0,91.0,91.0,92.0,94.0,high,high,high,high,high,high,high,high,high,2026-05-10
hitter,KC,DET,Maikel Garcia,672580,1.0,3B,Confirmed,4.51,,,,,0.43,0.27,,,,,0.45463671934783334,0.4037562174512251,0.30505478513464357,0.2333349071815589,1.4947368421052631,1.349520968382461,0.20470258442837927,0.25159915556132467,,,1.41,0.77,0.63,2.9,0.23,2.07,0.2,0.01,0.0,0.409,2.057017543859649,2.0857474010818535,0.2,,0.009,,0.0,,False,82.0,86.0,82.0,74.0,79.0,77.0,77.0,78.0,80.0,high,high,high,medium,medium,medium,medium,medium,high,2026-05-10
hitter,KC,DET,Bobby Witt Jr.,677951,2.0,SS,Confirmed,4.61,,,,,0.62,0.3,,,,,0.6457156984048109,0.5959464969978651,0.3065955687062275,0.29519262630898285,1.607843137254902,1.4419536295839332,0.36524658195372645,0.48227688812581604,,,1.52,0.91,0.78,3.3,0.42,3.06,0.22,0.01,0.0,0.464,2.775,3.292926515239727,0.218,,0.01,,0.0,,False,82.0,86.0,82.0,74.0,79.0,77.0,77.0,78.0,80.0,high,high,high,medium,medium,medium,medium,medium,high,2026-05-10
hitter,KC,DET,Vinnie Pasquantino,686469,3.0,1B,Confirmed,4.51,,,,,0.54,0.36,,,,,0.5804629538889692,0.4910058973722219,0.4340567976806272,0.2896351657772189,1.4947368421052631,1.3315284950633093,0.4842575788761803,0.5122957479261434,,,1.4,0.96,0.94,3.39,0.5,3.05,0.21,0.01,0.0,0.501,2.775,3.2701223475296985,0.21,,0.007,,0.0,,False,82.0,86.0,82.0,74.0,79.0,77.0,77.0,78.0,80.0,high,high,high,medium,medium,medium,medium,medium,high,2026-05-10
hitter,KC,DET,Isaac Collins,686555,4.0,LF,Confirmed,3.74,,,,,0.86,0.32,,,,,0.8286450745409054,0.8990377834092325,0.3394981637111557,0.3042162016297762,0.5846774193548387,0.5434313958116208,0.026406230064716058,0.02218001700016277,,,0.56,0.31,0.24,1.13,0.02,0.71,0.11,0.01,0.0,0.221,0.6720588235294118,0.7399962157162083,0.111,,0.007,,0.0,,False,82.0,86.0,82.0,74.0,79.0,77.0,77.0,78.0,80.0,high,high,high,medium,medium,medium,medium,medium,high,2026-05-10
hitter,KC,DET,Carter Jensen,695600,5.0,DH,Confirmed,4.25,,,,,0.83,0.26,,,,,0.8243254355650008,0.8312302042047282,0.26916001757451014,0.24421440326825633,1.0980834272829765,1.0246490298107775,0.38691173366910714,0.36003445209419627,,,1.06,0.71,0.72,2.53,0.37,2.14,0.15,0.01,0.0,0.392,2.057017543859649,2.201577067719386,0.152,,0.009,,0.0,,False,82.0,86.0,82.0,74.0,79.0,77.0,77.0,78.0,80.0,high,high,high,medium,medium,medium,medium,medium,high,2026-05-10
hitter,KC,DET,Nick Loftin,679845,6.0,2B,Confirmed,1.84,,,,,0.36,0.09,,,,,0.398832141727557,0.31798067550691916,0.11541358602400484,0.059465109830620366,0.2543859649122807,0.158065545066092,0.016975825369410707,0.011045857989090559,,,0.2,0.12,0.11,0.48,0.01,0.3,0.08,0.01,0.0,0.194,0.3888888888888889,0.22196364665692433,0.079,,0.006,,0.0,,False,82.0,86.0,82.0,74.0,79.0,77.0,77.0,78.0,80.0,high,high,high,medium,medium,medium,medium,medium,high,2026-05-10
hitter,KC,DET,Jac Caglianone,695506,7.0,RF,Confirmed,4.25,,,,,0.85,0.28,,,,,0.8682506410224188,0.8237709314691649,0.29192193424410895,0.2616974044960087,1.0980834272829765,1.2152850162424658,0.26877319865590943,0.32428293946670356,,,1.16,0.57,0.55,2.21,0.3,2.25,0.14,0.01,0.0,0.362,2.057017543859649,2.414912922858681,0.138,,0.008,,0.0,,False,82.0,86.0,82.0,74.0,79.0,77.0,77.0,78.0,80.0,high,high,high,medium,medium,medium,medium,medium,high,2026-05-10
hitter,KC,DET,Elias Díaz,553869,8.0,C,Confirmed,1.84,,,,,0.42,0.18,,,,,0.4633529920254851,0.38591783490622883,0.2254606639013262,0.14105840495348734,0.3344051446945337,0.20244336713299554,0.029850270932007983,0.012688315319253273,,,0.26,0.17,0.13,0.63,0.02,0.35,0.09,0.01,0.0,0.283,0.44025157232704404,0.2725223060914837,0.089,,0.006,,0.0,,False,82.0,86.0,82.0,74.0,79.0,77.0,77.0,78.0,80.0,high,high,high,medium,medium,medium,medium,medium,high,2026-05-10
hitter,KC,DET,Kyle Isbel,664728,9.0,CF,Confirmed,4.08,,,,,0.57,0.17,,,,,0.5578039709976715,0.5744759419839601,0.1820663468152533,0.1625690732855932,1.0980834272829765,1.1104714643635627,0.07798477875845564,0.07421915855447911,,,1.1,0.45,0.41,1.96,0.08,1.49,0.13,0.01,0.0,0.304,1.5956790123456794,1.4047907982491767,0.134,,0.008,,0.0,,False,82.0,86.0,82.0,74.0,79.0,77.0,77.0,78.0,80.0,high,high,high,medium,medium,medium,medium,medium,high,2026-05-10
hitter,DET,KC,Matt Vierling,663837,1.0,CF,Confirmed,4.26,,,,,0.79,0.33,,,,,0.7169099856350009,0.8729481784325783,0.316786375122986,0.3459922395367906,0.4125159642401022,0.5132332430930814,0.02830480837019927,0.03633957917777378,,,0.47,0.52,0.38,2.0,0.03,0.61,0.21,0.01,0.0,0.31,0.5302013422818792,0.681016546135715,0.206,,0.013,,0.0,,False,96.0,99.0,96.0,88.0,93.0,91.0,91.0,92.0,94.0,high,high,high,high,high,high,high,high,high,2026-05-10
hitter,DET,KC,Kevin McGonigle,805808,2.0,SS,Confirmed,4.68,,,,,0.77,0.51,,,,,0.6958120977868812,0.8356914906289505,0.5032325786924609,0.520735706017529,0.4125159642401022,0.5588926523906947,0.03810390824933533,0.051856271107360304,,,0.49,0.59,0.41,2.13,0.04,0.78,0.28,0.01,0.0,0.332,0.6720588235294118,0.8716393528753277,0.278,,0.013,,0.0,,False,96.0,99.0,96.0,88.0,93.0,91.0,91.0,92.0,94.0,high,high,high,high,high,high,high,high,high,2026-05-10
hitter,DET,KC,Jahmai Jones,663330,3.0,DH,Confirmed,2.07,,,,,0.64,0.23,,,,,0.6353574640057258,0.6389175902280355,0.25126470459658556,0.21117469763949215,0.2543859649122807,0.15232682345597645,0.02055987234509648,0.011449755861862664,,,0.2,0.2,0.17,0.79,0.02,0.31,0.1,0.01,0.0,0.259,0.3888888888888889,0.2510738727451867,0.105,,0.008,,0.0,,False,96.0,99.0,96.0,88.0,93.0,91.0,91.0,92.0,94.0,high,high,high,high,high,high,high,high,high,2026-05-10
hitter,DET,KC,Dillon Dingler,693307,4.0,C,Confirmed,4.25,,,,,0.99,0.24,,,,,0.8812542440894509,1.0961267434345294,0.231880193169041,0.24213443659788786,0.4125159642401022,0.5395838122757174,0.03469060358364108,0.048961105503940366,,,0.48,0.51,0.44,2.05,0.04,0.71,0.21,0.01,0.0,0.302,0.6720588235294118,0.739072590179519,0.21,,0.01,,0.0,,False,96.0,99.0,96.0,88.0,93.0,91.0,91.0,92.0,94.0,high,high,high,high,high,high,high,high,high,2026-05-10
hitter,DET,KC,Riley Greene,682985,5.0,LF,Confirmed,4.51,,,,,1.26,0.36,,,,,1.1581109017652793,1.3639878138676667,0.3355684518009304,0.3943909389374463,0.4125159642401022,0.5133090119868052,0.038023387125395755,0.04231643882275329,,,0.47,0.54,0.45,2.1,0.04,0.76,0.25,0.02,0.0,0.311,0.6720588235294118,0.8389304818403612,0.248,,0.016,,0.0,,False,96.0,99.0,96.0,88.0,93.0,91.0,91.0,92.0,94.0,high,high,high,high,high,high,high,high,high,2026-05-10
hitter,DET,KC,Wenceel Pérez,672761,6.0,RF,Confirmed,3.33,,,,,0.81,0.2,,,,,0.7490357652256847,0.8675391986602307,0.21675514105759938,0.18933532977578182,0.3344051446945337,0.30109325136486975,0.026476699723062783,0.027830373679560955,,,0.32,0.34,0.32,1.46,0.03,0.47,0.18,0.02,0.0,0.298,0.44025157232704404,0.4993696548202956,0.176,,0.017,,0.0,,False,96.0,99.0,96.0,88.0,93.0,91.0,91.0,92.0,94.0,high,high,high,high,high,high,high,high,high,2026-05-10
hitter,DET,KC,Spencer Torkelson,679529,7.0,1B,Confirmed,4.18,,,,,1.09,0.38,,,,,1.0359615938368822,1.1519048885766245,0.37217134106097016,0.39750256622611857,0.35424354243542433,0.4037848891734379,0.03586362155278481,0.0425008338529621,,,0.38,0.44,0.36,1.8,0.04,0.57,0.18,0.01,0.0,0.311,0.4591194968553459,0.6580537288048474,0.18,,0.009,,0.0,,False,96.0,99.0,96.0,88.0,93.0,91.0,91.0,92.0,94.0,high,high,high,high,high,high,high,high,high,2026-05-10
hitter,DET,KC,Hao-Yu Lee,701678,8.0,2B,Confirmed,2.55,,,,,0.78,0.13,,,,,0.7412848147167185,0.8104499933264886,0.14544219065043812,0.12010471215211033,0.2543859649122807,0.1873635586085622,0.021374848291584515,0.012318592553678927,,,0.22,0.26,0.22,1.13,0.02,0.26,0.13,0.01,0.0,0.295,0.28125,0.2428747845683823,0.13,,0.008,,0.0,,False,96.0,99.0,96.0,88.0,93.0,91.0,91.0,92.0,94.0,high,high,high,high,high,high,high,high,high,2026-05-10
hitter,DET,KC,Zack Short,670097,9.0,SS,Confirmed,3.81,,,,,1.06,0.53,,,,,1.0320887527795322,1.0973414433553126,0.5268117037735199,0.5270627499905455,0.6434108527131783,0.6112661790602916,0.025931129243967878,0.03411529218283774,,,0.63,0.38,0.3,1.56,0.03,0.67,0.21,0.01,0.0,0.295,0.6720588235294118,0.6744845712004013,0.205,,0.008,,0.0,,False,96.0,99.0,96.0,88.0,93.0,91.0,91.0,92.0,94.0,high,high,high,high,high,high,high,high,high,2026-05-10
