player_type,team,opponent,player_name,mlb_id,lineup_spot,pos,lineup_status,proj_pa,proj_ip,proj_outs,proj_runs_allowed,proj_hits_allowed,proj_strikeouts,proj_walks,proj_hr_allowed,proj_er_model,proj_fip,proj_war_contribution,direct_K,rate_K,direct_BB,rate_BB,direct_H,rate_H,direct_HR,rate_HR,direct_R,rate_R,proj_hits,proj_runs,proj_rbi,proj_hrrbi,proj_hr,proj_tb,proj_2b,proj_3b,proj_sb,proj_woba,direct_TB,rate_TB,direct_2B,rate_2B,direct_3B,rate_3B,direct_SB,rate_SB,used_fallback,confidence_score,proj_pa_confidence_score,proj_hits_confidence_score,proj_hr_confidence_score,proj_strikeouts_confidence_score,proj_runs_confidence_score,proj_rbi_confidence_score,proj_hrrbi_confidence_score,proj_walks_confidence_score,confidence,proj_pa_confidence,proj_hits_confidence,proj_hr_confidence,proj_strikeouts_confidence,proj_runs_confidence,proj_rbi_confidence,proj_hrrbi_confidence,proj_walks_confidence,game_date
pitcher,PIT,SD,Mitch Keller,656605,,,,,4.79,14.0,2.7,4.71,4.59,1.64,0.88,2.48,4.96,0.051,4.676567656765677,4.497510524090055,1.610062893081761,1.7468702410277968,4.666666666666667,4.858659276173211,0.869281045751634,0.907982663950451,2.481,,,,,,,,,,,,,,,,,,,,,,,,,,,,,,,,,,,,,,,2026-04-08
pitcher,SD,PIT,Michael King,650633,,,,,4.79,14.0,2.28,4.43,4.78,1.65,0.55,2.21,3.89,0.081,4.676567656765677,4.882964964028157,1.610062893081761,1.7704833159728637,4.326530612244898,4.858659276173211,0.5409836065573771,0.5661210675823506,2.212,,,,,,,,,,,,,,,,,,,,,,,,,,,,,,,,,,,,,,,2026-04-08
pitcher,CLE,KC,Joey Cantillo,676282,,,,,4.79,14.0,2.42,4.56,5.0,1.81,0.55,1.79,4.03,0.13,4.676567656765677,5.331254490887942,1.8333333333333333,1.7468702410277968,4.525423728813561,4.680779957327881,0.5409836065573771,0.5661210675823506,1.789,,,,,,,,,,,,,,,,,,,,,,,,,,,,,,,,,,,,,,,2026-04-08
pitcher,KC,CLE,Cole Ragans,666142,,,,,4.79,14.0,2.28,3.86,6.46,1.92,0.77,1.79,4.09,0.13,6.017094017094017,6.910604507286993,1.890295358649789,2.026480650190615,3.6666666666666665,4.62755356150739,0.7441860465116279,0.8243081650798851,1.789,,,,,,,,,,,,,,,,,,,,,,,,,,,,,,,,,,,,,,,2026-04-08
pitcher,BOS,MIL,Sonny Gray,543243,,,,,5.21,16.0,2.59,5.64,5.91,1.47,0.62,2.21,3.39,0.111,6.017094017094017,5.798713131007553,1.3455882352941178,1.8287023801883489,5.387096774193548,6.628482816501804,0.625,0.6157600755958343,2.212,,,,,,,,,,,,,,,,,,,,,,,,,,,,,,,,,,,,,,,2026-04-08
pitcher,MIL,BOS,Shane Drohan,675660,,,,,4.61,14.0,2.25,3.54,4.9,1.7,0.42,2.21,3.74,0.069,4.676567656765677,5.1309150736938225,1.610062893081761,1.9646709666065398,3.3125,4.453658020573918,0.38095238095238093,0.5259203985671278,2.212,,,,,,,,,,,,,,,,,,,,,,,,,,,,,,,,,,,,,,,2026-04-08
pitcher,CWS,BAL,Sean Burke,680732,,,,,4.79,14.0,2.56,4.65,4.59,2.22,0.68,2.28,4.46,0.073,4.676567656765677,4.497510524090055,2.163265306122449,2.408344720713209,4.525423728813561,5.152155509786922,0.625,0.8243081650798851,2.28,,,,,,,,,,,,,,,,,,,,,,,,,,,,,,,,,,,,,,,2026-04-08
pitcher,BAL,CWS,Kyle Bradish,680694,,,,,5.13,15.0,2.34,3.92,7.03,2.06,0.91,2.21,4.08,0.105,6.649122807017544,7.401127582960807,1.890295358649789,2.579291945147967,3.6666666666666665,4.9560229166039464,0.869281045751634,1.0185612131889998,2.212,,,,,,,,,,,,,,,,,,,,,,,,,,,,,,,,,,,,,,,2026-04-08
pitcher,TEX,SEA,MacKenzie Gore,669022,,,,,4.79,14.0,2.52,4.43,5.3,2.39,0.55,2.21,4.13,0.081,5.275,5.331254490887942,2.3797336631354846,2.408344720713209,4.326530612244898,4.858659276173211,0.5409836065573771,0.5661210675823506,2.212,,,,,,,,,,,,,,,,,,,,,,,,,,,,,,,,,,,,,,,2026-04-08
pitcher,SEA,TEX,Bryan Woo,693433,,,,,5.24,16.0,2.19,4.47,5.92,1.31,0.57,1.79,3.16,0.163,6.017094017094017,5.8321030338732385,1.2772277227722773,1.4029553275419284,4.326530612244898,5.062292413841068,0.547945205479452,0.6193057190253688,1.789,,,,,,,,,,,,,,,,,,,,,,,,,,,,,,,,,,,,,,,2026-04-08
pitcher,TOR,LAD,Dylan Cease,656302,,,,,5.13,15.0,2.43,3.94,6.76,2.44,0.8,2.21,4.1,0.105,6.649122807017544,6.867404391453155,2.4,2.579291945147967,3.68,4.9560229166039464,0.7580645161290323,0.8828185567557015,2.212,,,,,,,,,,,,,,,,,,,,,,,,,,,,,,,,,,,,,,,2026-04-08
pitcher,LAD,TOR,Shohei Ohtani,660271,,,,,4.58,14.0,2.4,4.56,5.51,1.41,0.87,2.21,4.22,0.067,5.708333333333333,5.302125035793116,1.3455882352941178,1.607573301585919,4.326530612244898,5.469707139256652,0.869281045751634,0.8681754907918718,2.212,,,,,,,,,,,,,,,,,,,,,,,,,,,,,,,,,,,,,,,2026-04-08
pitcher,COL,HOU,Michael Lorenzen,547179,,,,,4.79,14.0,2.62,4.71,5.11,1.43,0.92,2.28,4.73,0.073,4.676567656765677,5.545235572368783,1.3455882352941178,1.6812829944533958,4.666666666666667,4.858659276173211,0.9130434782608695,0.9510542321979162,2.28,,,,,,,,,,,,,,,,,,,,,,,,,,,,,,,,,,,,,,,2026-04-08
pitcher,HOU,COL,Cristian Javier,664299,,,,,4.79,14.0,2.55,4.65,4.59,1.99,0.79,2.21,4.65,0.081,4.676567656765677,4.497510524090055,1.890295358649789,2.295210204438778,4.525423728813561,5.152155509786922,0.7580645161290323,0.8726985188581348,2.212,,,,,,,,,,,,,,,,,,,,,,,,,,,,,,,,,,,,,,,2026-04-08
pitcher,SF,PHI,Tyler Mahle,641816,,,,,4.79,14.0,2.56,4.88,4.59,1.85,0.57,2.28,4.08,0.073,4.676567656765677,4.497510524090055,1.890295358649789,1.7468702410277968,4.879746835443039,4.858659276173211,0.547945205479452,0.6350989636681925,2.28,,,,,,,,,,,,,,,,,,,,,,,,,,,,,,,,,,,,,,,2026-04-08
pitcher,PHI,SF,Aaron Nola,605400,,,,,5.21,16.0,2.76,4.85,4.99,1.97,0.88,2.43,4.82,0.086,4.676567656765677,5.311116380498267,1.890295358649789,2.220376515405656,4.666666666666667,5.60391027264924,0.869281045751634,0.8965857077382466,2.432,,,,,,,,,,,,,,,,,,,,,,,,,,,,,,,,,,,,,,,2026-04-08
pitcher,WSH,STL,Miles Mikolas,571945,,,,,4.61,14.0,2.83,5.25,3.67,1.41,1.16,3.08,5.88,-0.02,3.6538461538461537,3.681977809520944,1.3455882352941178,1.6181032577098442,5.093457943925234,5.865125870263593,1.2,1.082681419219278,3.075,,,,,,,,,,,,,,,,,,,,,,,,,,,,,,,,,,,,,,,2026-04-08
pitcher,STL,WSH,Michael McGreevy,700241,,,,,4.79,14.0,2.91,5.53,3.58,1.38,1.14,3.08,5.74,-0.01,3.6538461538461537,3.502400723636293,1.2772277227722773,1.6812829944533958,5.387096774193548,6.094132954135056,1.1428571428571428,1.1249553141128723,3.075,,,,,,,,,,,,,,,,,,,,,,,,,,,,,,,,,,,,,,,2026-04-08
pitcher,ATL,LAA,Grant Holmes,656550,,,,,4.79,14.0,2.59,4.55,5.67,2.13,0.69,2.28,4.02,0.073,6.017094017094017,5.331254490887942,2.163265306122449,2.041382631246275,4.525423728813561,4.62755356150739,0.6666666666666666,0.7592911695295503,2.28,,,,,,,,,,,,,,,,,,,,,,,,,,,,,,,,,,,,,,,2026-04-08
pitcher,NYM,AZ,David Peterson,656849,,,,,4.79,14.0,2.69,5.12,4.59,1.93,0.78,2.43,4.65,0.057,4.676567656765677,4.497510524090055,1.890295358649789,2.041382631246275,4.879746835443039,6.094132954135056,0.7580645161290323,0.8243081650798851,2.432,,,,,,,,,,,,,,,,,,,,,,,,,,,,,,,,,,,,,,,2026-04-08
pitcher,AZ,NYM,Ryne Nelson,669194,,,,,4.79,14.0,2.77,5.11,4.52,1.71,0.92,3.0,4.96,-0.002,4.5344827586206895,4.497510524090055,1.610062893081761,2.026480650190615,5.093457943925234,5.152155509786922,0.9130434782608695,0.9510542321979162,3.0,,,,,,,,,,,,,,,,,,,,,,,,,,,,,,,,,,,,,,,2026-04-08
pitcher,TB,CHC,Joe Boyle,671212,,,,,4.61,14.0,2.43,4.35,5.02,2.33,0.7,2.21,4.99,0.069,4.676567656765677,5.355252848113137,2.3333333333333335,2.3178432489536314,4.326530612244898,4.453658020573918,0.6666666666666666,0.7933320753691587,2.212,,,,,,,,,,,,,,,,,,,,,,,,,,,,,,,,,,,,,,,2026-04-08
pitcher,CHC,TB,Colin Rea,607067,,,,,4.79,14.0,2.52,4.88,4.59,1.64,0.61,2.43,4.12,0.057,4.676567656765677,4.497510524090055,1.610062893081761,1.7468702410277968,4.879746835443039,4.858659276173211,0.625,0.5661210675823506,2.432,,,,,,,,,,,,,,,,,,,,,,,,,,,,,,,,,,,,,,,2026-04-08
pitcher,MIA,CIN,Eury Pérez,691587,,,,,4.61,14.0,2.28,4.35,4.9,1.91,0.81,2.21,4.7,0.069,4.676567656765677,5.1309150736938225,1.890295358649789,1.9646709666065398,4.326530612244898,4.453658020573918,0.7948717948717948,0.8399040024918583,2.212,,,,,,,,,,,,,,,,,,,,,,,,,,,,,,,,,,,,,,,2026-04-08
pitcher,CIN,MIA,Brady Singer,663903,,,,,5.13,15.0,2.56,5.01,4.75,1.96,0.57,2.28,4.03,0.097,4.676567656765677,4.816749266927345,1.890295358649789,2.18628244223244,4.879746835443039,5.51786174638975,0.547945205479452,0.6063050264504087,2.28,,,,,,,,,,,,,,,,,,,,,,,,,,,,,,,,,,,,,,,2026-04-08
pitcher,NYY,ATH,Will Warren,701542,,,,,4.79,14.0,2.44,4.53,5.3,1.93,0.61,2.28,4.08,0.073,5.275,5.331254490887942,1.890295358649789,2.041382631246275,4.500000000000001,4.62755356150739,0.547945205479452,0.7592911695295503,2.28,,,,,,,,,,,,,,,,,,,,,,,,,,,,,,,,,,,,,,,2026-04-08
pitcher,ATH,NYY,Luis Severino,622663,,,,,4.79,14.0,2.6,5.11,4.01,1.63,0.63,2.48,4.47,0.051,3.8412698412698414,4.174884510086892,1.610062893081761,1.6812829944533958,5.093457943925234,5.152155509786922,0.625,0.6350989636681925,2.481,,,,,,,,,,,,,,,,,,,,,,,,,,,,,,,,,,,,,,,2026-04-08
pitcher,MIN,DET,Bailey Ober,641927,,,,,4.79,14.0,2.6,4.93,4.18,1.28,0.92,2.5,4.75,0.049,4.5344827586206895,3.8257426697625427,1.2772277227722773,1.2824725226957707,4.879746835443039,5.152155509786922,0.9130434782608695,0.9510542321979162,2.5,,,,,,,,,,,,,,,,,,,,,,,,,,,,,,,,,,,,,,,2026-04-08
pitcher,DET,MIN,Framber Valdez,664285,,,,,5.21,16.0,2.76,5.2,4.99,1.97,0.8,2.28,4.55,0.103,4.676567656765677,5.311116380498267,1.890295358649789,2.204167888829458,5.093457943925234,5.60391027264924,0.7580645161290323,0.8965857077382466,2.28,,,,,,,,,,,,,,,,,,,,,,,,,,,,,,,,,,,,,,,2026-04-08
hitter,PIT,SD,Oneil Cruz,665833,1.0,CF,Confirmed,3.48,,,,,0.99,0.4,,,,,1.0564306385284286,0.9223391000300957,0.4195609221637526,0.38720126831558116,0.801980198019802,0.6368543532262209,0.06789357805129036,0.056571935910128025,,,0.71,0.29,0.17,0.88,0.06,1.2,0.11,0.01,0.0,0.234,1.3148148148148149,1.1106775872678811,0.106,,0.008,,0.0,,False,96.0,99.0,96.0,88.0,93.0,91.0,91.0,92.0,94.0,high,high,high,high,high,high,high,high,high,2026-04-08
hitter,PIT,SD,Brandon Lowe,664040,2.0,2B,Confirmed,4.25,,,,,1.24,0.41,,,,,1.2405537820255481,1.2331224422888623,0.4155668649886981,0.41159681238493717,0.994208494208494,0.8956530342652177,0.08360791073222182,0.10969400128300053,,,0.94,0.38,0.24,1.14,0.1,1.43,0.11,0.01,0.0,0.247,1.3893129770992367,1.4545433980846334,0.114,,0.008,,0.0,,False,96.0,99.0,96.0,88.0,93.0,91.0,91.0,92.0,94.0,high,high,high,high,high,high,high,high,high,2026-04-08
hitter,PIT,SD,Bryan Reynolds,668804,3.0,RF,Confirmed,3.58,,,,,0.89,0.44,,,,,0.9014440638848867,0.8820309015710945,0.475548602485379,0.4050824121106205,0.801980198019802,0.6593267441620231,0.04888317023180661,0.024903341849936513,,,0.72,0.29,0.18,0.89,0.04,1.11,0.1,0.01,0.0,0.229,1.239368165249089,1.012846565155859,0.098,,0.008,,0.0,,False,96.0,99.0,96.0,88.0,93.0,91.0,91.0,92.0,94.0,high,high,high,high,high,high,high,high,high,2026-04-08
hitter,PIT,SD,Ryan O'Hearn,656811,4.0,DH,Confirmed,3.96,,,,,0.99,0.19,,,,,0.9417479782425099,1.0475217132821875,0.19019555861593798,0.19158954406741868,0.7061469265367316,0.6333105804312188,0.032271477378975504,0.02169192084562982,,,0.67,0.35,0.24,1.18,0.03,0.8,0.1,0.01,0.0,0.241,0.8408408408408409,0.7731133728967783,0.103,,0.007,,0.0,,False,96.0,99.0,96.0,88.0,93.0,91.0,91.0,92.0,94.0,high,high,high,high,high,high,high,high,high,2026-04-08
hitter,PIT,SD,Nick Yorke,694377,5.0,1B,Confirmed,3.74,,,,,0.77,0.28,,,,,0.7921180910751349,0.745209528801133,0.2953321155394053,0.26245050259534486,0.8949771689497716,0.8301189783500279,0.044016798913782004,0.045693403609618925,,,0.86,0.3,0.23,1.05,0.04,1.27,0.11,0.01,0.0,0.213,1.3148148148148149,1.2401466575528697,0.111,,0.008,,0.0,,False,96.0,99.0,96.0,88.0,93.0,91.0,91.0,92.0,94.0,high,high,high,high,high,high,high,high,high,2026-04-08
hitter,PIT,SD,Nick Gonzales,693304,6.0,3B,Confirmed,4.18,,,,,0.65,0.29,,,,,0.6720661118617369,0.6352022255823803,0.28750969171798957,0.28830569845676113,1.0980834272829765,1.0307900854869751,0.04602694948188404,0.05469038683966841,,,1.06,0.3,0.27,1.21,0.05,1.63,0.11,0.01,0.0,0.21,1.684375,1.5862080071878557,0.115,,0.009,,0.0,,False,96.0,99.0,96.0,88.0,93.0,91.0,91.0,92.0,94.0,high,high,high,high,high,high,high,high,high,2026-04-08
hitter,PIT,SD,Spencer Horwitz,687462,7.0,1B,Confirmed,3.54,,,,,0.62,0.52,,,,,0.6864931969747278,0.5536969244397668,0.59569993268466,0.4378648672206009,0.8949771689497716,0.734826731089004,0.06658426857375171,0.05783006413589638,,,0.81,0.28,0.17,0.86,0.06,1.2,0.1,0.01,0.0,0.257,1.3148148148148149,1.1013376248665114,0.097,,0.008,,0.0,,False,96.0,99.0,96.0,88.0,93.0,91.0,91.0,92.0,94.0,high,high,high,high,high,high,high,high,high,2026-04-08
hitter,PIT,SD,Joey Bart,663698,8.0,C,Confirmed,3.74,,,,,1.01,0.47,,,,,1.1330917417173383,0.8858966786790771,0.5029092923047122,0.4365452446494527,0.994208494208494,0.7879080904523171,0.05702631933310118,0.03676300585421786,,,0.88,0.3,0.21,1.04,0.05,1.18,0.11,0.01,0.0,0.255,1.239368165249089,1.1290361433526999,0.105,,0.007,,0.0,,False,96.0,99.0,96.0,88.0,93.0,91.0,91.0,92.0,94.0,high,high,high,high,high,high,high,high,high,2026-04-08
hitter,PIT,SD,Jake Mangum,663968,9.0,LF,Confirmed,3.74,,,,,0.63,0.24,,,,,0.6436661026113564,0.6108217126795178,0.2621157417041574,0.224061267622837,1.4947368421052631,1.1236435400673617,0.0291657087734346,0.01950390750224105,,,1.29,0.31,0.25,1.27,0.02,1.4,0.12,0.01,0.0,0.247,1.4759615384615385,1.3395159905901193,0.122,,0.007,,0.0,,False,96.0,99.0,96.0,88.0,93.0,91.0,91.0,92.0,94.0,high,high,high,high,high,high,high,high,high,2026-04-08
hitter,SD,PIT,Ramón Laureano,657656,1.0,LF,Confirmed,4.18,,,,,1.43,0.45,,,,,1.318555850241789,1.5391099965870345,0.4202340454556617,0.477164432299697,0.7061469265367316,0.6754979052349801,0.05607795427205944,0.05536661319316674,,,0.69,0.49,0.35,1.55,0.06,1.06,0.12,0.01,0.0,0.302,1.1238670694864048,1.0054037169435348,0.116,,0.009,,0.0,,False,96.0,99.0,96.0,88.0,93.0,91.0,91.0,92.0,94.0,high,high,high,high,high,high,high,high,high,2026-04-08
hitter,SD,PIT,Fernando Tatis Jr.,665487,2.0,RF,Confirmed,4.51,,,,,1.07,0.2,,,,,1.088569620842093,1.0538696882455751,0.18097911494226046,0.22546190028936353,0.707983193277311,0.8367619081684144,0.06766366072123538,0.07412560195388662,,,0.78,0.58,0.41,1.79,0.07,1.05,0.11,0.01,0.0,0.333,1.001763668430335,1.0944445790913835,0.111,,0.007,,0.0,,False,96.0,99.0,96.0,88.0,93.0,91.0,91.0,92.0,94.0,high,high,high,high,high,high,high,high,high,2026-04-08
hitter,SD,PIT,Jackson Merrill,701538,3.0,CF,Confirmed,4.26,,,,,1.25,0.14,,,,,1.201953082407032,1.2928824965427643,0.13575291524685063,0.1460213295104542,0.7715355805243446,0.7737961059459064,0.06740541231434777,0.04618845979507475,,,0.77,0.54,0.44,1.78,0.06,1.17,0.14,0.01,0.0,0.325,1.1521739130434783,1.1797610442544852,0.139,,0.012,,0.0,,False,96.0,99.0,96.0,88.0,93.0,91.0,91.0,92.0,94.0,high,high,high,high,high,high,high,high,high,2026-04-08
hitter,SD,PIT,Gavin Sheets,657757,4.0,1B,Confirmed,3.96,,,,,0.94,0.13,,,,,0.9223475289421934,0.9550556026152297,0.13929801260863572,0.1252863195303486,0.6434108527131783,0.6470014116550774,0.039691220976593965,0.0447097704070905,,,0.65,0.47,0.37,1.55,0.04,0.84,0.13,0.01,0.0,0.309,0.8408408408408409,0.8380078122001988,0.133,,0.008,,0.0,,False,96.0,99.0,96.0,88.0,93.0,91.0,91.0,92.0,94.0,high,high,high,high,high,high,high,high,high,2026-04-08
hitter,SD,PIT,Xander Bogaerts,593428,5.0,SS,Confirmed,3.96,,,,,0.87,0.14,,,,,0.8434000695909971,0.896438412309869,0.14905092683315674,0.13996412436434352,0.7061469265367316,0.6745095840237021,0.03729710243376866,0.03849360004747372,,,0.69,0.48,0.39,1.63,0.04,0.9,0.14,0.01,0.0,0.313,0.8666666666666667,0.9196578799450279,0.139,,0.009,,0.0,,False,96.0,99.0,96.0,88.0,93.0,91.0,91.0,92.0,94.0,high,high,high,high,high,high,high,high,high,2026-04-08
hitter,SD,PIT,Miguel Andujar,609280,6.0,3B,Confirmed,3.96,,,,,0.86,0.17,,,,,0.821075280625142,0.8999687342457787,0.17731305378092574,0.16582487861783404,0.7061469265367316,0.7035832206564654,0.023632895781972016,0.030287878962386296,,,0.7,0.42,0.39,1.62,0.03,0.84,0.13,0.01,0.0,0.311,0.7899761336515513,0.8725899395075657,0.131,,0.009,,0.0,,False,96.0,99.0,96.0,88.0,93.0,91.0,91.0,92.0,94.0,high,high,high,high,high,high,high,high,high,2026-04-08
hitter,SD,PIT,Nick Castellanos,592206,7.0,DH,Confirmed,3.81,,,,,1.25,0.27,,,,,1.221187799449166,1.2778637816695069,0.2669375745139446,0.26970339459500026,0.4125159642401022,0.42642749905903937,0.02528308818391153,0.01907007573018093,,,0.42,0.35,0.28,1.3,0.02,0.59,0.11,0.01,0.0,0.275,0.5302013422818792,0.6313134327520341,0.113,,0.009,,0.0,,False,96.0,99.0,96.0,88.0,93.0,91.0,91.0,92.0,94.0,high,high,high,high,high,high,high,high,high,2026-04-08
hitter,SD,PIT,Luis Campusano,669134,8.0,C,Confirmed,1.84,,,,,0.68,0.18,,,,,0.808519237172221,0.5440046356203928,0.22253897384229357,0.13357378400226436,0.3344051446945337,0.198642063590045,0.020199090369831123,0.0062844733464643004,,,0.26,0.17,0.12,0.55,0.01,0.3,0.08,0.01,0.0,0.304,0.3888888888888889,0.23220195926940984,0.077,,0.008,,0.0,,False,96.0,99.0,96.0,88.0,93.0,91.0,91.0,92.0,94.0,high,high,high,high,high,high,high,high,high,2026-04-08
hitter,SD,PIT,Jake Cronenworth,630105,9.0,2B,Confirmed,4.14,,,,,1.03,0.18,,,,,0.9060270590994733,1.1547916028485121,0.1508694017260574,0.20025768369981822,0.5846774193548387,0.6003845978355423,0.0387231706903905,0.027135886496022412,,,0.59,0.39,0.28,1.31,0.03,0.86,0.1,0.01,0.0,0.285,0.7899761336515513,0.9129635507363951,0.104,,0.007,,0.0,,False,96.0,99.0,96.0,88.0,93.0,91.0,91.0,92.0,94.0,high,high,high,high,high,high,high,high,high,2026-04-08
hitter,CLE,KC,Steven Kwan,680757,1.0,CF,Confirmed,4.04,,,,,0.47,0.33,,,,,0.41626233852156125,0.5171525379228887,0.3524388029917478,0.31346987026773937,0.994208494208494,0.8438918386921238,0.027847673881172878,0.025667749241939392,,,0.91,0.35,0.25,1.31,0.03,1.1,0.18,0.01,0.0,0.23,1.1521739130434783,1.0587228177922952,0.178,,0.008,,0.0,,False,96.0,99.0,96.0,88.0,93.0,91.0,91.0,92.0,94.0,high,high,high,high,high,high,high,high,high,2026-04-08
hitter,CLE,KC,Angel Martínez,682657,2.0,LF,Confirmed,2.55,,,,,1.11,0.2,,,,,1.161871646626555,1.048674654927707,0.20293730450474112,0.193537397943886,0.3344051446945337,0.24447583964466313,0.019200432343208,0.02099706217715394,,,0.28,0.18,0.13,0.64,0.02,0.35,0.1,0.01,0.0,0.19,0.3888888888888889,0.3184275769245013,0.098,,0.006,,0.0,,False,96.0,99.0,96.0,88.0,93.0,91.0,91.0,92.0,94.0,high,high,high,high,high,high,high,high,high,2026-04-08
hitter,CLE,KC,José Ramírez,608070,3.0,3B,Confirmed,4.14,,,,,0.64,0.55,,,,,0.6480270000965748,0.6279523487628604,0.5793525265876006,0.5154235796456453,0.8949771689497716,0.8549136612132554,0.04895077562027463,0.039995218881411686,,,0.87,0.4,0.3,1.41,0.04,1.18,0.15,0.01,0.0,0.255,1.239368165249089,1.1261688062880846,0.146,,0.007,,0.0,,False,96.0,99.0,96.0,88.0,93.0,91.0,91.0,92.0,94.0,high,high,high,high,high,high,high,high,high,2026-04-08
hitter,CLE,KC,David Fry,681807,4.0,DH,Confirmed,1.84,,,,,0.95,0.15,,,,,1.063152220967328,0.8285802854519296,0.1800757350931116,0.1104443429771047,0.2543859649122807,0.10698718721987345,0.019533781641105002,0.003946590121460951,,,0.17,0.12,0.09,0.41,0.01,0.3,0.06,0.01,0.0,0.171,0.3888888888888889,0.21936031624539784,0.062,,0.006,,0.0,,False,96.0,99.0,96.0,88.0,93.0,91.0,91.0,92.0,94.0,high,high,high,high,high,high,high,high,high,2026-04-08
hitter,CLE,KC,Chase DeLauter,800050,5.0,RF,Confirmed,3.74,,,,,0.86,0.45,,,,,0.8312338873137776,0.887594184507975,0.46372361472699863,0.43921474737953864,0.801980198019802,0.7436019223735083,0.05628875326369952,0.0835211198748134,,,0.77,0.33,0.25,1.11,0.07,1.12,0.14,0.01,0.0,0.236,1.1521739130434783,1.0866925777346774,0.14,,0.007,,0.0,,False,96.0,99.0,96.0,88.0,93.0,91.0,91.0,92.0,94.0,high,high,high,high,high,high,high,high,high,2026-04-08
hitter,CLE,KC,Rhys Hoskins,656555,6.0,1B,Confirmed,1.84,,,,,1.02,0.16,,,,,1.2337894176862214,0.8041913507483184,0.19312755098178228,0.13633936479332515,0.35424354243542433,0.22599074780835984,0.03296253884437435,0.018725046155337568,,,0.28,0.14,0.12,0.51,0.03,0.42,0.07,0.01,0.0,0.227,0.5302013422818792,0.3385451620348778,0.068,,0.006,,0.0,,False,96.0,99.0,96.0,88.0,93.0,91.0,91.0,92.0,94.0,high,high,high,high,high,high,high,high,high,2026-04-08
hitter,CLE,KC,Juan Brito,682877,7.0,2B,Confirmed,3.58,,,,,0.64,0.27,,,,,0.6517198905786866,0.6382428096775831,0.2596825428813884,0.2731448055394104,0.994208494208494,1.0403000274534693,0.053280709634569864,0.04724736588409776,,,1.02,0.32,0.28,1.31,0.05,1.22,0.17,0.01,0.0,0.266,1.239368165249089,1.199333670703493,0.174,,0.007,,0.0,,False,96.0,99.0,96.0,88.0,93.0,91.0,91.0,92.0,94.0,high,high,high,high,high,high,high,high,high,2026-04-08
hitter,CLE,KC,Austin Hedges,595978,8.0,C,Confirmed,2.07,,,,,1.04,0.22,,,,,1.1746449002623562,0.8959084396530751,0.2581187410128711,0.17960365924461133,0.2543859649122807,0.14130866985525728,0.01741417717664861,0.007263193733883784,,,0.19,0.13,0.1,0.48,0.01,0.23,0.08,0.01,0.0,0.2,0.28125,0.1919225705836609,0.08,,0.006,,0.0,,False,96.0,99.0,96.0,88.0,93.0,91.0,91.0,92.0,94.0,high,high,high,high,high,high,high,high,high,2026-04-08
hitter,CLE,KC,Brayan Rocchio,677587,9.0,SS,Confirmed,3.1,,,,,0.72,0.23,,,,,0.7467825428201088,0.7000576920304106,0.24646914266916803,0.21793840738966372,0.707983193277311,0.5850319454645603,0.03571384742217152,0.031837275046052854,,,0.64,0.24,0.2,0.97,0.03,0.85,0.1,0.01,0.0,0.221,0.9875776397515532,0.7295562124599505,0.102,,0.007,,0.0,,False,96.0,99.0,96.0,88.0,93.0,91.0,91.0,92.0,94.0,high,high,high,high,high,high,high,high,high,2026-04-08
hitter,KC,CLE,Maikel Garcia,672580,1.0,3B,Confirmed,4.04,,,,,0.35,0.56,,,,,0.4079647127641859,0.2904067528337884,0.5704701720062428,0.5500343094986309,1.1702127659574468,1.018734749256108,0.07331972516835228,0.059589317077429343,,,1.09,0.41,0.34,1.55,0.07,1.65,0.13,0.01,0.0,0.244,1.914285714285714,1.442544195337938,0.13,,0.008,,0.0,,False,96.0,99.0,96.0,88.0,93.0,91.0,91.0,92.0,94.0,high,high,high,high,high,high,high,high,high,2026-04-08
hitter,KC,CLE,Bobby Witt Jr.,677951,2.0,SS,Confirmed,4.18,,,,,0.58,0.48,,,,,0.6372253319343101,0.5160173056280278,0.4616119950525639,0.5026797723737151,1.1702127659574468,1.1544143074182718,0.1056063785942278,0.10352825552254814,,,1.16,0.42,0.37,1.5,0.1,1.75,0.12,0.01,0.0,0.238,1.914285714285714,1.623052976194134,0.118,,0.01,,0.0,,False,96.0,99.0,96.0,88.0,93.0,91.0,91.0,92.0,94.0,high,high,high,high,high,high,high,high,high,2026-04-08
hitter,KC,CLE,Vinnie Pasquantino,686469,3.0,1B,Confirmed,4.14,,,,,0.49,0.57,,,,,0.5662665355803578,0.4104535775224803,0.6240566495265408,0.5222361193986417,1.0980834272829765,1.0259761634235305,0.13958216224827003,0.10649442685700213,,,1.06,0.43,0.42,1.56,0.12,1.7,0.16,0.01,0.0,0.246,1.914285714285714,1.5335120053472981,0.155,,0.008,,0.0,,False,96.0,99.0,96.0,88.0,93.0,91.0,91.0,92.0,94.0,high,high,high,high,high,high,high,high,high,2026-04-08
hitter,KC,CLE,Salvador Perez,521692,4.0,DH,Confirmed,3.96,,,,,0.59,0.44,,,,,0.6547462974488047,0.5177225416538432,0.48508179794077044,0.3875805848854311,0.8949771689497716,0.8703229672457233,0.13361917669709064,0.11476178392937118,,,0.88,0.41,0.41,1.53,0.12,1.55,0.11,0.01,0.0,0.241,1.684375,1.445564164081231,0.112,,0.007,,0.0,,False,96.0,99.0,96.0,88.0,93.0,91.0,91.0,92.0,94.0,high,high,high,high,high,high,high,high,high,2026-04-08
hitter,KC,CLE,Carter Jensen,695600,5.0,C,Confirmed,3.81,,,,,0.58,0.57,,,,,0.6381205146371619,0.5299570118934104,0.600169367731165,0.5390564294732223,1.0980834272829765,0.9022202578931443,0.11369792774105245,0.08860583984849899,,,0.99,0.32,0.31,1.15,0.1,1.69,0.1,0.01,0.0,0.202,1.914285714285714,1.5039250086817086,0.103,,0.007,,0.0,,False,96.0,99.0,96.0,88.0,93.0,91.0,91.0,92.0,94.0,high,high,high,high,high,high,high,high,high,2026-04-08
hitter,KC,CLE,Lane Thomas,657041,6.0,CF,Confirmed,3.1,,,,,0.84,0.25,,,,,0.8906087541688736,0.7812813975193146,0.2840817904549773,0.21199514786772733,0.801980198019802,0.6385595834024962,0.11598089669997369,0.09994076797231669,,,0.71,0.21,0.22,0.84,0.11,1.23,0.08,0.01,0.0,0.189,1.3893129770992367,1.0926243524476982,0.085,,0.007,,0.0,,False,96.0,99.0,96.0,88.0,93.0,91.0,91.0,92.0,94.0,high,high,high,high,high,high,high,high,high,2026-04-08
hitter,KC,CLE,Jonathan India,663697,7.0,2B,Confirmed,3.1,,,,,0.53,0.42,,,,,0.6264927241691737,0.4336200232185038,0.454289527463135,0.3811950622856657,0.7777777777777778,0.5958752638760133,0.09837126603189811,0.07675517879887689,,,0.68,0.21,0.2,0.83,0.09,1.06,0.09,0.01,0.0,0.185,1.239368165249089,0.9220250396315621,0.086,,0.006,,0.0,,False,96.0,99.0,96.0,88.0,93.0,91.0,91.0,92.0,94.0,high,high,high,high,high,high,high,high,high,2026-04-08
hitter,KC,CLE,Starling Marte,516782,8.0,RF,Confirmed,3.54,,,,,1.39,0.26,,,,,1.3478735122139398,1.4324868486637543,0.2699883524773269,0.24473211704732536,0.6434108527131783,0.5267818062034769,0.09511946441676025,0.09084205250689964,,,0.58,0.26,0.25,1.1,0.09,0.96,0.1,0.01,0.0,0.204,1.001763668430335,0.91737607492047,0.102,,0.006,,0.0,,False,96.0,99.0,96.0,88.0,93.0,91.0,91.0,92.0,94.0,high,high,high,high,high,high,high,high,high,2026-04-08
hitter,KC,CLE,Michael Massey,686681,9.0,LF,Confirmed,3.54,,,,,0.44,0.35,,,,,0.513610204381935,0.3684811290315377,0.3865987209551287,0.322204407108376,1.0,0.8695084600748179,0.06990233958110631,0.06776505089785503,,,0.93,0.31,0.29,1.3,0.07,1.3,0.1,0.01,0.0,0.235,1.4759615384615385,1.1476794033434592,0.103,,0.007,,0.0,,False,96.0,99.0,96.0,88.0,93.0,91.0,91.0,92.0,94.0,high,high,high,high,high,high,high,high,high,2026-04-08
hitter,BOS,MIL,Roman Anthony,701350,1.0,LF,Confirmed,4.18,,,,,1.49,0.23,,,,,1.5325780833192368,1.443697148647555,0.22328093126128545,0.2418549222180401,1.1391752577319587,1.1714257832862602,0.21342065282964393,0.21839039840011595,,,1.16,0.43,0.28,1.42,0.22,2.0,0.13,0.01,0.0,0.278,2.057017543859649,1.9580825777051178,0.127,,0.007,,0.0,,False,96.0,99.0,96.0,88.0,93.0,91.0,91.0,92.0,94.0,high,high,high,high,high,high,high,high,high,2026-04-08
hitter,BOS,MIL,Andruw Monasterio,655316,2.0,SS,Confirmed,2.55,,,,,1.09,0.24,,,,,1.14527734723125,1.0389596823989042,0.28325734099358657,0.20349055234578914,0.3344051446945337,0.215212747140388,0.02180316769521082,0.007048661675647264,,,0.27,0.22,0.15,0.78,0.01,0.39,0.11,0.01,0.0,0.229,0.44025157232704404,0.3528175687065107,0.107,,0.007,,0.0,,False,96.0,99.0,96.0,88.0,93.0,91.0,91.0,92.0,94.0,high,high,high,high,high,high,high,high,high,2026-04-08
hitter,BOS,MIL,Willson Contreras,575929,3.0,1B,Confirmed,4.08,,,,,0.87,0.14,,,,,0.869175466377347,0.8797511069858235,0.13699070061631416,0.1453481458607935,0.8694581280788177,0.8587184839652541,0.049281442980287526,0.04668275260810456,,,0.86,0.39,0.31,1.4,0.05,1.27,0.14,0.01,0.0,0.247,1.239368165249089,1.3004085627406035,0.145,,0.007,,0.0,,False,96.0,99.0,96.0,88.0,93.0,91.0,91.0,92.0,94.0,high,high,high,high,high,high,high,high,high,2026-04-08
hitter,BOS,MIL,Wilyer Abreu,677800,4.0,RF,Confirmed,3.09,,,,,1.32,0.07,,,,,1.4067040841192413,1.2422698999301747,0.06630034804494156,0.06437812848542443,0.4125159642401022,0.3918285409038986,0.02252657154132334,0.018865367283195347,,,0.4,0.24,0.19,0.83,0.02,0.58,0.11,0.01,0.0,0.204,0.6289308176100628,0.5420081789915697,0.109,,0.008,,0.0,,False,96.0,99.0,96.0,88.0,93.0,91.0,91.0,92.0,94.0,high,high,high,high,high,high,high,high,high,2026-04-08
hitter,BOS,MIL,Trevor Story,596115,5.0,DH,Confirmed,4.14,,,,,1.69,0.07,,,,,1.6495934362471325,1.736451440872332,0.06737134274652022,0.08147675641062556,0.7061469265367316,0.7127936399689033,0.030160658001531337,0.039775961248862464,,,0.71,0.4,0.34,1.55,0.03,1.0,0.16,0.01,0.0,0.247,0.9875776397515532,1.0030093121260168,0.159,,0.007,,0.0,,False,96.0,99.0,96.0,88.0,93.0,91.0,91.0,92.0,94.0,high,high,high,high,high,high,high,high,high,2026-04-08
hitter,BOS,MIL,Caleb Durbin,702332,6.0,3B,Confirmed,3.54,,,,,0.8,0.33,,,,,0.7393978409245905,0.8576470098324178,0.3403705041816393,0.3189553266799389,0.4125159642401022,0.43630608288116884,0.026055584090786503,0.010183763667003772,,,0.43,0.31,0.29,1.3,0.02,0.65,0.15,0.01,0.0,0.254,0.6720588235294118,0.630369972688591,0.149,,0.007,,0.0,,False,96.0,99.0,96.0,88.0,93.0,91.0,91.0,92.0,94.0,high,high,high,high,high,high,high,high,high,2026-04-08
hitter,BOS,MIL,Carlos Narváez,665966,7.0,C,Confirmed,3.33,,,,,1.42,0.05,,,,,1.4505820644521523,1.384625254015211,0.06795730852280299,0.04132648128275425,0.4125159642401022,0.4386669582327467,0.027143701652993246,0.04085788798265177,,,0.43,0.25,0.21,0.99,0.03,0.65,0.12,0.01,0.0,0.227,0.6720588235294118,0.6359151042199029,0.119,,0.007,,0.0,,False,96.0,99.0,96.0,88.0,93.0,91.0,91.0,92.0,94.0,high,high,high,high,high,high,high,high,high,2026-04-08
hitter,BOS,MIL,Ceddanne Rafaela,678882,8.0,CF,Confirmed,3.58,,,,,1.16,0.07,,,,,1.1701675268316132,1.1441952959720703,0.07390487071850087,0.07431388074614799,0.5846774193548387,0.6087432780933194,0.022681257032845535,0.02663071921564924,,,0.6,0.31,0.25,1.27,0.02,0.78,0.15,0.01,0.0,0.253,0.7899761336515513,0.7798093131793863,0.146,,0.007,,0.0,,False,96.0,99.0,96.0,88.0,93.0,91.0,91.0,92.0,94.0,high,high,high,high,high,high,high,high,high,2026-04-08
hitter,BOS,MIL,Isiah Kiner-Falefa,643396,9.0,2B,Confirmed,2.9,,,,,0.59,0.18,,,,,0.6384817487548624,0.5379133070628052,0.19998648835259386,0.1654932276063902,0.7715355805243446,0.5520133046084758,0.06866431196807213,0.05575402939107806,,,0.65,0.21,0.17,0.86,0.06,1.18,0.11,0.01,0.0,0.207,1.3893129770992367,1.0074315237362037,0.111,,0.008,,0.0,,False,96.0,99.0,96.0,88.0,93.0,91.0,91.0,92.0,94.0,high,high,high,high,high,high,high,high,high,2026-04-08
hitter,MIL,BOS,Sal Frelick,686217,1.0,RF,Confirmed,4.25,,,,,0.98,0.42,,,,,0.8654544566342721,1.1005800860226256,0.39115086880774985,0.4457028376146524,0.4125159642401022,0.5103890191912775,0.02277042898114677,0.01514714189412727,,,0.47,0.43,0.33,1.63,0.02,0.72,0.16,0.01,0.0,0.258,0.6720588235294118,0.7521428989063725,0.156,,0.013,,0.0,,False,96.0,99.0,96.0,88.0,93.0,91.0,91.0,92.0,94.0,high,high,high,high,high,high,high,high,high,2026-04-08
hitter,MIL,BOS,Garrett Mitchell,669003,2.0,CF,Confirmed,2.9,,,,,0.74,0.08,,,,,0.6960334972953225,0.7845198424057749,0.09877713399176417,0.06173586959497933,0.4125159642401022,0.3919266158655225,0.0185417182312136,0.014506934636668955,,,0.4,0.24,0.17,0.82,0.02,0.54,0.12,0.01,0.0,0.219,0.5302013422818792,0.5509439394242692,0.115,,0.01,,0.0,,False,96.0,99.0,96.0,88.0,93.0,91.0,91.0,92.0,94.0,high,high,high,high,high,high,high,high,high,2026-04-08
hitter,MIL,BOS,Christian Yelich,592885,3.0,DH,Confirmed,4.45,,,,,1.83,0.54,,,,,1.7917739408713111,1.863915225977626,0.5317303782673364,0.5470149783510003,0.4125159642401022,0.4803659842736313,0.028231081599403678,0.014163797614392333,,,0.45,0.49,0.42,1.78,0.02,0.65,0.17,0.01,0.0,0.282,0.6720588235294118,0.634636300858275,0.17,,0.011,,0.0,,False,96.0,99.0,96.0,88.0,93.0,91.0,91.0,92.0,94.0,high,high,high,high,high,high,high,high,high,2026-04-08
hitter,MIL,BOS,Jake Bauers,641343,4.0,1B,Confirmed,3.02,,,,,1.28,0.3,,,,,1.227001313835382,1.32507555689497,0.26906567787927804,0.33674366081314056,0.3344051446945337,0.23484799305393314,0.029610839186962407,0.025008562328800048,,,0.28,0.31,0.27,1.11,0.03,0.38,0.11,0.01,0.0,0.26,0.3888888888888889,0.3681904173889893,0.107,,0.008,,0.0,,False,96.0,99.0,96.0,88.0,93.0,91.0,91.0,92.0,94.0,high,high,high,high,high,high,high,high,high,2026-04-08
hitter,MIL,BOS,Gary Sánchez,596142,5.0,C,Confirmed,3.1,,,,,1.25,0.17,,,,,1.236055588916259,1.2616031970670087,0.19319470730461288,0.15401062403109383,0.5290322580645161,0.4517725345795197,0.2488301892050983,0.2261038684955404,,,0.49,0.39,0.37,1.47,0.24,1.25,0.17,0.01,0.0,0.314,1.239368165249089,1.2558510703860166,0.166,,0.011,,0.0,,False,96.0,99.0,96.0,88.0,93.0,91.0,91.0,92.0,94.0,high,high,high,high,high,high,high,high,high,2026-04-08
hitter,MIL,BOS,Luis Rengifo,650859,6.0,3B,Confirmed,3.89,,,,,0.93,0.19,,,,,0.8532908768168708,1.0077542893801772,0.1853076438667448,0.1861409154009377,0.7061469265367316,0.7127727738339641,0.10588766050472329,0.09606493905581068,,,0.71,0.37,0.38,1.62,0.1,1.16,0.14,0.01,0.0,0.267,1.1238670694864048,1.1958272890623312,0.143,,0.011,,0.0,,False,96.0,99.0,96.0,88.0,93.0,91.0,91.0,92.0,94.0,high,high,high,high,high,high,high,high,high,2026-04-08
hitter,MIL,BOS,Brandon Lockridge,663604,7.0,1B,Confirmed,3.1,,,,,0.73,0.13,,,,,0.7357729952455317,0.7218266670517614,0.1489300513390941,0.11405974452785574,0.7061469265367316,0.528685230270241,0.0189612368009736,0.015129544072800705,,,0.61,0.25,0.22,1.06,0.02,0.81,0.13,0.01,0.0,0.238,0.9375,0.7051542913153365,0.133,,0.01,,0.0,,False,96.0,99.0,96.0,88.0,93.0,91.0,91.0,92.0,94.0,high,high,high,high,high,high,high,high,high,2026-04-08
hitter,MIL,BOS,David Hamilton,666152,8.0,2B,Confirmed,3.1,,,,,0.79,0.36,,,,,0.798185567454835,0.7842992089551574,0.3937578233936875,0.33180156678169337,0.7715355805243446,0.6106474503054501,0.17567893774749116,0.14610861524352814,,,0.68,0.3,0.26,1.2,0.16,1.2,0.14,0.01,0.0,0.276,1.3148148148148149,1.1096195436326803,0.14,,0.012,,0.0,,False,96.0,99.0,96.0,88.0,93.0,91.0,91.0,92.0,94.0,high,high,high,high,high,high,high,high,high,2026-04-08
hitter,MIL,BOS,Joey Ortiz,687401,9.0,SS,Confirmed,3.02,,,,,0.82,0.22,,,,,0.8032015231186986,0.8368784513452683,0.22683337269606912,0.2163151460670474,0.35424354243542433,0.36641326703132493,0.023425067144280217,0.017279584253458307,,,0.36,0.3,0.27,1.28,0.02,0.46,0.13,0.01,0.0,0.283,0.44025157232704404,0.4738790438381771,0.132,,0.009,,0.0,,False,96.0,99.0,96.0,88.0,93.0,91.0,91.0,92.0,94.0,high,high,high,high,high,high,high,high,high,2026-04-08
hitter,CWS,BAL,Chase Meidroth,805367,1.0,2B,Confirmed,4.25,,,,,0.6,0.35,,,,,0.5892298793211326,0.6207237744851284,0.33405601429065956,0.35896723980071527,1.0,0.9859974460650113,0.10956410338988742,0.10347930418428894,,,0.99,0.47,0.37,1.84,0.11,1.6,0.16,0.01,0.0,0.268,1.684375,1.5342980830491928,0.16,,0.008,,0.0,,False,96.0,99.0,96.0,88.0,93.0,91.0,91.0,92.0,94.0,high,high,high,high,high,high,high,high,high,2026-04-08
hitter,CWS,BAL,Munetaka Murakami,808959,2.0,1B,Confirmed,3.54,,,,,1.05,0.13,,,,,1.054,,0.134,,0.802,,0.096,,,,0.8,0.4,0.33,1.53,0.1,1.45,0.14,0.01,0.0,0.273,1.448,,0.143,,0.007,,0.0,,True,40.0,44.0,40.0,32.0,37.0,35.0,35.0,36.0,38.0,low,low,low,low,low,low,low,low,low,2026-04-08
hitter,CWS,BAL,Miguel Vargas,678246,3.0,DH,Confirmed,4.25,,,,,0.74,0.45,,,,,0.7328520832099976,0.741224699733009,0.45005316003187124,0.44120703660615057,1.0,0.9280084713207518,0.3635101713817981,0.3724371234535791,,,0.96,0.52,0.49,2.0,0.37,2.07,0.17,0.01,0.0,0.297,2.057017543859649,2.0795422433953537,0.17,,0.007,,0.0,,False,96.0,99.0,96.0,88.0,93.0,91.0,91.0,92.0,94.0,high,high,high,high,high,high,high,high,high,2026-04-08
hitter,CWS,BAL,Colson Montgomery,695657,4.0,3B,Confirmed,4.25,,,,,1.19,0.46,,,,,1.178038507865368,1.1990287605499836,0.4720273917578157,0.43943968083640783,1.0,0.9542770758563252,0.5249181175698174,0.5214568233492158,,,0.97,0.6,0.59,2.18,0.52,2.52,0.12,0.01,0.0,0.332,2.552380952380952,2.4874922041422804,0.121,,0.01,,0.0,,False,96.0,99.0,96.0,88.0,93.0,91.0,91.0,92.0,94.0,high,high,high,high,high,high,high,high,high,2026-04-08
hitter,CWS,BAL,Andrew Benintendi,643217,5.0,LF,Confirmed,3.81,,,,,0.64,0.51,,,,,0.6544444121098866,0.6260970293535396,0.4964110092602132,0.5207508017290179,0.7061469265367316,0.627949129177337,0.041328290447613526,0.039307242077650593,,,0.66,0.46,0.43,1.77,0.04,0.95,0.17,0.01,0.0,0.289,1.001763668430335,0.8994552943140149,0.167,,0.008,,0.0,,False,96.0,99.0,96.0,88.0,93.0,91.0,91.0,92.0,94.0,high,high,high,high,high,high,high,high,high,2026-04-08
hitter,CWS,BAL,Dustin Harris,687957,6.0,RF,Confirmed,2.55,,,,,0.93,0.2,,,,,0.8811108549009278,0.9707663416515329,0.2294572525003401,0.1658213335671527,0.3344051446945337,0.2666008596879725,0.015730709185695815,0.006634193233855184,,,0.3,0.21,0.21,0.9,0.01,0.36,0.1,0.01,0.0,0.229,0.3888888888888889,0.3388197959083314,0.105,,0.008,,0.0,,False,96.0,99.0,96.0,88.0,93.0,91.0,91.0,92.0,94.0,high,high,high,high,high,high,high,high,high,2026-04-08
hitter,CWS,BAL,Luisangel Acuña,682668,7.0,SS,Confirmed,1.84,,,,,0.41,0.06,,,,,0.42828668673868564,0.3842182393118814,0.09446351397699435,0.016608154752318718,0.2543859649122807,0.20823679712110604,0.04569067955694637,0.023286624709928254,,,0.23,0.15,0.13,0.61,0.03,0.37,0.07,0.01,0.0,0.228,0.4591194968553459,0.2899390529141442,0.072,,0.007,,0.0,,False,96.0,99.0,96.0,88.0,93.0,91.0,91.0,92.0,94.0,high,high,high,high,high,high,high,high,high,2026-04-08
hitter,CWS,BAL,Reese McGuire,624512,8.0,C,Confirmed,3.54,,,,,0.5,0.13,,,,,0.5119446300982483,0.49598694497357454,0.14650590382873815,0.1232133768327058,0.5290322580645161,0.5754637815122945,0.05516451076067308,0.06484102779259038,,,0.55,0.37,0.36,1.6,0.06,0.8,0.15,0.01,0.0,0.288,0.7899761336515513,0.8166746996774669,0.146,,0.007,,0.0,,False,96.0,99.0,96.0,88.0,93.0,91.0,91.0,92.0,94.0,high,high,high,high,high,high,high,high,high,2026-04-08
hitter,CWS,BAL,Tristan Peters,671976,9.0,CF,Confirmed,3.48,,,,,0.96,0.19,,,,,0.8651237538134638,1.0505052621578572,0.19791651943284036,0.19111638978533976,0.8694581280788177,0.7108873727578676,0.09577688728672021,0.0718481762429055,,,0.78,0.35,0.33,1.49,0.08,1.26,0.19,0.01,0.0,0.283,1.3148148148148149,1.220215597350715,0.191,,0.01,,0.0,,False,96.0,99.0,96.0,88.0,93.0,91.0,91.0,92.0,94.0,high,high,high,high,high,high,high,high,high,2026-04-08
hitter,BAL,CWS,Gunnar Henderson,683002,1.0,SS,Confirmed,4.26,,,,,0.63,0.43,,,,,0.5529070937391508,0.7089380513345903,0.4577624645244953,0.41189971418937044,0.801980198019802,0.7886268115399194,0.24049500473197089,0.2570749722258278,,,0.79,0.6,0.49,2.22,0.25,1.62,0.25,0.01,0.0,0.342,1.5956790123456794,1.6371692847569026,0.247,,0.014,,0.0,,False,96.0,99.0,96.0,88.0,93.0,91.0,91.0,92.0,94.0,high,high,high,high,high,high,high,high,high,2026-04-08
hitter,BAL,CWS,Taylor Ward,621493,2.0,LF,Confirmed,4.03,,,,,1.34,0.4,,,,,1.3296861265620814,1.3425760587966569,0.40620298058696513,0.3941739470113027,0.7061469265367316,0.6433295526247439,0.2368807470023446,0.26004698097200885,,,0.67,0.56,0.47,2.02,0.25,1.57,0.16,0.01,0.0,0.33,1.5956790123456794,1.5566262618281856,0.162,,0.009,,0.0,,False,96.0,99.0,96.0,88.0,93.0,91.0,91.0,92.0,94.0,high,high,high,high,high,high,high,high,high,2026-04-08
hitter,BAL,CWS,Adley Rutschman,668939,3.0,C,Confirmed,3.96,,,,,0.47,0.44,,,,,0.4699953263891873,0.46242430648270805,0.44032295503507923,0.43850301269508796,0.7061469265367316,0.6356943543138569,0.20229470147752576,0.18388891152675213,,,0.67,0.57,0.54,2.21,0.19,1.32,0.2,0.01,0.0,0.349,1.3148148148148149,1.3270525539556253,0.205,,0.01,,0.0,,False,96.0,99.0,96.0,88.0,93.0,91.0,91.0,92.0,94.0,high,high,high,high,high,high,high,high,high,2026-04-08
hitter,BAL,CWS,Pete Alonso,624413,4.0,DH,Confirmed,4.45,,,,,1.45,0.72,,,,,1.4614896717714092,1.444922784591456,0.6969130915402194,0.7515740823976526,0.6506024096385542,0.6578212113245531,0.10195574728924373,0.10037778132126457,,,0.65,0.68,0.67,2.49,0.1,1.01,0.21,0.01,0.0,0.364,1.001763668430335,1.0103783468711134,0.213,,0.011,,0.0,,False,96.0,99.0,96.0,88.0,93.0,91.0,91.0,92.0,94.0,high,high,high,high,high,high,high,high,high,2026-04-08
hitter,BAL,CWS,Tyler O'Neill,641933,5.0,RF,Confirmed,3.74,,,,,0.72,0.38,,,,,0.6729236541091685,0.7745148973351234,0.417963681950841,0.34349607534694787,0.6434108527131783,0.5769347388611745,0.2034673150011542,0.21886999840680446,,,0.61,0.47,0.45,1.8,0.21,1.33,0.16,0.01,0.0,0.305,1.239368165249089,1.4083515428982212,0.16,,0.009,,0.0,,False,96.0,99.0,96.0,88.0,93.0,91.0,91.0,92.0,94.0,high,high,high,high,high,high,high,high,high,2026-04-08
hitter,BAL,CWS,Ryan Mountcastle,663624,6.0,1B,Confirmed,4.18,,,,,0.82,0.27,,,,,0.7170067209706844,0.9228876124381495,0.2537318863142518,0.2830811050630591,0.7061469265367316,0.709486285273143,0.25263351526773636,0.2837441102535639,,,0.71,0.49,0.55,2.14,0.27,1.59,0.21,0.01,0.0,0.322,1.4759615384615385,1.6861908741411666,0.206,,0.009,,0.0,,False,96.0,99.0,96.0,88.0,93.0,91.0,91.0,92.0,94.0,high,high,high,high,high,high,high,high,high,2026-04-08
hitter,BAL,CWS,Dylan Beavers,687637,7.0,CF,Confirmed,3.96,,,,,0.74,0.52,,,,,0.6659634705371753,0.8226450340749701,0.5410375999816054,0.4960298802832475,0.6434108527131783,0.5741775611731205,0.17644786160483567,0.22043493894221747,,,0.61,0.44,0.41,1.85,0.2,1.26,0.14,0.01,0.0,0.307,1.239368165249089,1.2765449913277194,0.142,,0.008,,0.0,,False,96.0,99.0,96.0,88.0,93.0,91.0,91.0,92.0,94.0,high,high,high,high,high,high,high,high,high,2026-04-08
hitter,BAL,CWS,Coby Mayo,691723,8.0,3B,Confirmed,3.81,,,,,0.76,0.33,,,,,0.6758074334863202,0.8348674350156392,0.3404118605846973,0.3290112181305927,0.5846774193548387,0.5603597085491199,0.2338464508811207,0.2249393563836547,,,0.57,0.4,0.39,1.66,0.23,1.27,0.14,0.01,0.0,0.287,1.239368165249089,1.29421508989735,0.142,,0.008,,0.0,,False,96.0,99.0,96.0,88.0,93.0,91.0,91.0,92.0,94.0,high,high,high,high,high,high,high,high,high,2026-04-08
hitter,BAL,CWS,Blaze Alexander,677942,9.0,3B,Confirmed,3.96,,,,,1.23,0.47,,,,,1.1600494169567348,1.2905714896424592,0.47333896372042217,0.4647726133612623,0.4125159642401022,0.4086517831570833,0.05126407136258749,0.04864312236600648,,,0.41,0.38,0.35,1.61,0.05,0.64,0.18,0.01,0.0,0.269,0.6347869084363209,0.6418726135072635,0.177,,0.012,,0.0,,False,96.0,99.0,96.0,88.0,93.0,91.0,91.0,92.0,94.0,high,high,high,high,high,high,high,high,high,2026-04-08
hitter,TEX,SEA,Brandon Nimmo,607043,1.0,RF,Confirmed,4.18,,,,,1.29,0.69,,,,,1.3330810036576874,1.2568913684310052,0.7648512711523541,0.6100476161443176,0.7061469265367316,0.6138258762408757,0.05506334965494555,0.026302150864475755,,,0.66,0.29,0.2,1.02,0.04,1.03,0.11,0.01,0.0,0.181,1.1238670694864048,0.9595240933661283,0.111,,0.007,,0.0,,False,96.0,99.0,96.0,88.0,93.0,91.0,91.0,92.0,94.0,high,high,high,high,high,high,high,high,high,2026-04-08
hitter,TEX,SEA,Wyatt Langford,694671,2.0,LF,Confirmed,3.89,,,,,1.08,0.21,,,,,1.086226137513064,1.0719111701902337,0.18390162918583805,0.2379948782794642,0.6434108527131783,0.5819575822337311,0.15125138338122404,0.14460084770854872,,,0.61,0.3,0.19,0.97,0.15,1.19,0.09,0.01,0.0,0.214,1.239368165249089,1.153707759425609,0.094,,0.006,,0.0,,False,96.0,99.0,96.0,88.0,93.0,91.0,91.0,92.0,94.0,high,high,high,high,high,high,high,high,high,2026-04-08
hitter,TEX,SEA,Corey Seager,608369,3.0,SS,Confirmed,3.96,,,,,0.55,0.79,,,,,0.5971749987223929,0.49456740199740906,0.8959798564352305,0.6813641335872413,1.4947368421052631,1.0955544056969775,0.5075649915517357,0.40648047653971026,,,1.28,0.28,0.2,0.89,0.46,2.56,0.1,0.01,0.0,0.198,2.775,2.3847476243684893,0.101,,0.006,,0.0,,False,96.0,99.0,96.0,88.0,93.0,91.0,91.0,92.0,94.0,high,high,high,high,high,high,high,high,high,2026-04-08
hitter,TEX,SEA,Jake Burger,669394,4.0,1B,Confirmed,3.49,,,,,0.89,0.17,,,,,0.8723590999052659,0.8981246822971687,0.18262927957702152,0.16216076198488963,0.8949771689497716,0.7580795249155973,0.05497077141347259,0.05923781736471067,,,0.82,0.25,0.22,0.95,0.06,1.19,0.08,0.01,0.0,0.178,1.239368165249089,1.154845810559823,0.082,,0.008,,0.0,,False,96.0,99.0,96.0,88.0,93.0,91.0,91.0,92.0,94.0,high,high,high,high,high,high,high,high,high,2026-04-08
hitter,TEX,SEA,Joc Pederson,592626,5.0,DH,Confirmed,3.09,,,,,0.78,0.33,,,,,0.8043216599092559,0.7461865489332814,0.3688774580919959,0.2971947043017089,0.5846774193548387,0.44961943957248657,0.026129330752345147,0.019019236863725232,,,0.51,0.2,0.14,0.68,0.02,0.72,0.08,0.01,0.0,0.179,0.7899761336515513,0.6555308271283694,0.079,,0.006,,0.0,,False,96.0,99.0,96.0,88.0,93.0,91.0,91.0,92.0,94.0,high,high,high,high,high,high,high,high,high,2026-04-08
hitter,TEX,SEA,Evan Carter,694497,6.0,CF,Confirmed,3.58,,,,,0.9,0.19,,,,,0.8779472158813686,0.9239278013568525,0.20046772382134592,0.171565010556296,1.0980834272829765,0.914512678941732,0.035593491730104065,0.03500295991956201,,,1.0,0.21,0.18,0.8,0.04,1.35,0.1,0.01,0.0,0.178,1.4759615384615385,1.2505313034185483,0.103,,0.007,,0.0,,False,96.0,99.0,96.0,88.0,93.0,91.0,91.0,92.0,94.0,high,high,high,high,high,high,high,high,high,2026-04-08
hitter,TEX,SEA,Danny Jansen,643376,7.0,C,Confirmed,2.77,,,,,0.96,0.27,,,,,1.0207661483312074,0.9024612864006349,0.300254793215297,0.23851788755266795,0.7061469265367316,0.5629467743604248,0.14174373125006387,0.0984512389087486,,,0.63,0.19,0.13,0.66,0.12,1.07,0.07,0.01,0.0,0.21,1.239368165249089,0.9305180793916819,0.072,,0.006,,0.0,,False,96.0,99.0,96.0,88.0,93.0,91.0,91.0,92.0,94.0,high,high,high,high,high,high,high,high,high,2026-04-08
hitter,TEX,SEA,Josh Smith,669701,8.0,2B,Confirmed,3.1,,,,,0.69,0.23,,,,,0.7168084897020887,0.6587382401143462,0.24917164379199286,0.20841687001265177,0.4125159642401022,0.4102276391734663,0.02779275879952855,0.01920824615725441,,,0.41,0.2,0.15,0.77,0.02,0.64,0.07,0.01,0.0,0.196,0.6720588235294118,0.6083458671891185,0.073,,0.007,,0.0,,False,96.0,99.0,96.0,88.0,93.0,91.0,91.0,92.0,94.0,high,high,high,high,high,high,high,high,high,2026-04-08
hitter,TEX,SEA,Ezequiel Duran,677649,9.0,3B,Confirmed,3.33,,,,,0.72,0.2,,,,,0.6836994246225102,0.753390812030552,0.2114821996676936,0.19293014077793155,0.801980198019802,0.6655071539138586,0.0184598909471673,0.01879528073721894,,,0.73,0.21,0.17,0.86,0.02,0.94,0.09,0.01,0.0,0.188,1.001763668430335,0.8848441899468232,0.09,,0.007,,0.0,,False,96.0,99.0,96.0,88.0,93.0,91.0,91.0,92.0,94.0,high,high,high,high,high,high,high,high,high,2026-04-08
hitter,SEA,TEX,Rob Refsnyder,608701,1.0,RF,Confirmed,2.55,,,,,0.79,0.31,,,,,0.7954183909724676,0.7816313350398604,0.3502530067082693,0.2721215099728312,0.3344051446945337,0.2623295964957837,0.0689220697361379,0.04973372553307067,,,0.29,0.4,0.29,1.28,0.06,0.56,0.1,0.01,0.0,0.408,0.6289308176100628,0.5063529333932663,0.104,,0.01,,0.0,,False,96.0,99.0,96.0,88.0,93.0,91.0,91.0,92.0,94.0,high,high,high,high,high,high,high,high,high,2026-04-08
hitter,SEA,TEX,Cal Raleigh,663728,2.0,DH,Confirmed,4.68,,,,,1.48,0.46,,,,,1.5200737082149027,1.4339953054569181,0.43700231550355706,0.48362512625589327,1.1391752577319587,1.2662195899617983,0.4387733179756175,0.39957974201127966,,,1.21,0.97,0.79,2.87,0.42,2.62,0.16,0.01,0.0,0.513,2.552380952380952,2.6843410876331015,0.156,,0.007,,0.0,,False,96.0,99.0,96.0,88.0,93.0,91.0,91.0,92.0,94.0,high,high,high,high,high,high,high,high,high,2026-04-08
hitter,SEA,TEX,Julio Rodríguez,677594,3.0,CF,Confirmed,4.68,,,,,1.25,0.29,,,,,1.1684726272689987,1.3248373881087614,0.2786626004610899,0.2952706335168354,1.4947368421052631,1.377508052241839,0.19165045136436004,0.21901245652606185,,,1.43,0.73,0.64,2.46,0.21,2.19,0.22,0.01,0.0,0.394,2.057017543859649,2.291005321183939,0.221,,0.01,,0.0,,False,96.0,99.0,96.0,88.0,93.0,91.0,91.0,92.0,94.0,high,high,high,high,high,high,high,high,high,2026-04-08
hitter,SEA,TEX,Randy Arozarena,668227,4.0,LF,Confirmed,4.61,,,,,1.38,0.36,,,,,1.3292225078666526,1.4279068879353793,0.338398760398544,0.3739334534557418,1.1391752577319587,1.170908577276614,0.18686608634724916,0.19081150500641725,,,1.16,0.71,0.61,2.42,0.19,2.07,0.21,0.01,0.0,0.396,2.057017543859649,2.085194327252159,0.206,,0.011,,0.0,,False,96.0,99.0,96.0,88.0,93.0,91.0,91.0,92.0,94.0,high,high,high,high,high,high,high,high,high,2026-04-08
hitter,SEA,TEX,Brendan Donovan,680977,5.0,3B,Confirmed,4.97,,,,,0.74,0.3,,,,,0.6826616779013214,0.8034555418842599,0.2852904276549545,0.3202623501534689,1.0980834272829765,1.1326641361426069,0.04327719404116808,0.05500072300440458,,,1.12,0.65,0.53,2.28,0.05,1.46,0.27,0.01,0.0,0.341,1.3893129770992367,1.5144943671056117,0.273,,0.009,,0.0,,False,96.0,99.0,96.0,88.0,93.0,91.0,91.0,92.0,94.0,high,high,high,high,high,high,high,high,high,2026-04-08
hitter,SEA,TEX,Mitch Garver,641598,6.0,C,Confirmed,1.84,,,,,0.86,0.1,,,,,0.9798312326796003,0.7391968024823642,0.11717628864310171,0.07410197111627494,0.2543859649122807,0.18857865140484814,0.0632580489838024,0.030457656901903912,,,0.22,0.21,0.21,0.77,0.05,0.37,0.09,0.01,0.0,0.339,0.4591194968553459,0.2894922523557707,0.088,,0.009,,0.0,,False,96.0,99.0,96.0,88.0,93.0,91.0,91.0,92.0,94.0,high,high,high,high,high,high,high,high,high,2026-04-08
hitter,SEA,TEX,J.P. Crawford,641487,7.0,SS,Confirmed,4.18,,,,,0.86,0.34,,,,,0.8433439580183303,0.8766170087173631,0.32446232957670273,0.3532547298331325,1.0980834272829765,1.100755094596367,0.08080302141146803,0.08366025176214535,,,1.1,0.53,0.41,1.94,0.08,1.65,0.2,0.01,0.0,0.383,1.684375,1.618876054499172,0.202,,0.009,,0.0,,False,96.0,99.0,96.0,88.0,93.0,91.0,91.0,92.0,94.0,high,high,high,high,high,high,high,high,high,2026-04-08
hitter,SEA,TEX,Connor Joe,656582,8.0,1B,Confirmed,2.55,,,,,0.64,0.19,,,,,0.6009584040264764,0.679140255210389,0.21071813644180018,0.15928951119060678,0.3344051446945337,0.272318951883276,0.060091124569711316,0.07520826392538393,,,0.3,0.23,0.19,0.9,0.07,0.6,0.09,0.01,0.0,0.262,0.6720588235294118,0.5455912535812623,0.09,,0.008,,0.0,,False,96.0,99.0,96.0,88.0,93.0,91.0,91.0,92.0,94.0,high,high,high,high,high,high,high,high,high,2026-04-08
hitter,SEA,TEX,Cole Young,702284,9.0,2B,Confirmed,4.25,,,,,0.98,0.28,,,,,0.848946673159267,1.1070578136043967,0.24820631764374385,0.30466397264665407,0.7061469265367316,0.798176867700793,0.028883037824653016,0.024459832947218672,,,0.76,0.48,0.39,1.76,0.03,1.06,0.19,0.01,0.0,0.337,1.001763668430335,1.1019430293613004,0.188,,0.009,,0.0,,False,96.0,99.0,96.0,88.0,93.0,91.0,91.0,92.0,94.0,high,high,high,high,high,high,high,high,high,2026-04-08
hitter,TOR,LAD,George Springer,543807,1.0,DH,Confirmed,4.97,,,,,1.12,0.68,,,,,1.170416093481572,1.062674296147714,0.6491945724985231,0.7055687211309962,1.4947368421052631,1.2797372967035296,0.2454398219043239,0.27664704205185303,,,1.38,0.86,0.66,3.01,0.26,2.41,0.26,0.01,0.0,0.432,2.456692913385827,2.3762393006541838,0.256,,0.007,,0.0,,False,96.0,99.0,96.0,88.0,93.0,91.0,91.0,92.0,94.0,high,high,high,high,high,high,high,high,high,2026-04-08
hitter,TOR,LAD,Daulton Varsho,662139,2.0,CF,Confirmed,4.74,,,,,1.29,0.4,,,,,1.2221901908016044,1.3522682283311915,0.39104531431567424,0.408960030859292,1.0980834272829765,1.0873948916021772,0.2703072538651109,0.2828997130189483,,,1.09,0.67,0.55,2.31,0.28,2.3,0.21,0.01,0.0,0.346,2.456692913385827,2.163163571825748,0.214,,0.011,,0.0,,False,96.0,99.0,96.0,88.0,93.0,91.0,91.0,92.0,94.0,high,high,high,high,high,high,high,high,high,2026-04-08
hitter,TOR,LAD,Vladimir Guerrero Jr.,665489,3.0,1B,Confirmed,5.14,,,,,0.86,0.87,,,,,0.87909966125845,0.8383134087821442,0.8535141009796703,0.8829691711882666,1.607843137254902,1.4074472956106374,0.34153005606382975,0.34301395683303293,,,1.5,1.0,0.87,3.47,0.34,2.78,0.27,0.01,0.0,0.489,2.6,2.9202839584608413,0.272,,0.013,,0.0,,False,96.0,99.0,96.0,88.0,93.0,91.0,91.0,92.0,94.0,high,high,high,high,high,high,high,high,high,2026-04-08
hitter,TOR,LAD,Jesús Sánchez,660821,4.0,RF,Confirmed,4.14,,,,,0.95,0.32,,,,,0.9003197377687684,1.0060209866008865,0.33090124189880454,0.3100894600370677,1.0980834272829765,1.034060334895084,0.2884320619263463,0.2442272738143442,,,1.06,0.58,0.54,2.11,0.27,2.01,0.18,0.01,0.0,0.339,2.057017543859649,1.9633433092895394,0.182,,0.01,,0.0,,False,96.0,99.0,96.0,88.0,93.0,91.0,91.0,92.0,94.0,high,high,high,high,high,high,high,high,high,2026-04-08
hitter,TOR,LAD,Kazuma Okamoto,672960,5.0,3B,Confirmed,3.74,,,,,0.79,0.34,,,,,0.791,,0.342,,0.895,,0.115,,,,0.9,0.49,0.42,1.81,0.12,1.68,0.16,0.01,0.0,0.328,1.684,,0.164,,0.009,,0.0,,True,40.0,44.0,40.0,32.0,37.0,35.0,35.0,36.0,38.0,low,low,low,low,low,low,low,low,low,2026-04-08
hitter,TOR,LAD,Ernie Clement,676391,6.0,2B,Confirmed,4.74,,,,,0.57,0.32,,,,,0.5334438045554177,0.6031152583945532,0.31743468457306023,0.31476043135979287,1.607843137254902,1.4644899817202368,0.11156855525437662,0.1437445151735846,,,1.53,0.67,0.68,2.96,0.13,2.06,0.32,0.02,0.0,0.401,2.057017543859649,2.0655382938488698,0.321,,0.018,,0.0,,False,96.0,99.0,96.0,88.0,93.0,91.0,91.0,92.0,94.0,high,high,high,high,high,high,high,high,high,2026-04-08
hitter,TOR,LAD,Nathan Lukes,664770,7.0,RF,Confirmed,4.61,,,,,0.68,0.44,,,,,0.651497221577651,0.7163315602319137,0.4182172658742185,0.45778886272667507,1.0980834272829765,1.1975168932902234,0.11466581890115154,0.11662883294250284,,,1.15,0.51,0.44,2.05,0.12,1.83,0.21,0.01,0.0,0.32,1.914285714285714,1.754405122305621,0.211,,0.009,,0.0,,False,96.0,99.0,96.0,88.0,93.0,91.0,91.0,92.0,94.0,high,high,high,high,high,high,high,high,high,2026-04-08
hitter,TOR,LAD,Andrés Giménez,665926,8.0,SS,Confirmed,4.48,,,,,0.86,0.39,,,,,0.8278020679836782,0.8848538865733502,0.3773543727475728,0.40768059380421784,1.0980834272829765,1.1216180800291282,0.1219892066698818,0.1326899253011323,,,1.11,0.51,0.44,2.05,0.13,1.8,0.26,0.01,0.0,0.329,1.914285714285714,1.7089886878539715,0.263,,0.011,,0.0,,False,96.0,99.0,96.0,88.0,93.0,91.0,91.0,92.0,94.0,high,high,high,high,high,high,high,high,high,2026-04-08
hitter,TOR,LAD,Tyler Heineman,623168,9.0,C,Confirmed,3.02,,,,,0.67,0.26,,,,,0.7070660226858559,0.6362350927293019,0.2909403598862599,0.2344062895515673,0.4803149606299212,0.4410210746693177,0.04517104663286415,0.04768845053011753,,,0.46,0.33,0.27,1.31,0.05,0.74,0.15,0.01,0.0,0.325,0.7899761336515513,0.695024305537991,0.147,,0.009,,0.0,,False,96.0,99.0,96.0,88.0,93.0,91.0,91.0,92.0,94.0,high,high,high,high,high,high,high,high,high,2026-04-08
hitter,LAD,TOR,Shohei Ohtani,660271,1.0,DH,Confirmed,4.25,,,,,1.03,0.65,,,,,1.0544488336395081,1.0061812883843981,0.65305004892938,0.639976521830704,0.994208494208494,0.8743932501136014,0.12078913063274041,0.13756197059321343,,,0.93,0.51,0.34,1.65,0.13,1.5,0.16,0.01,0.0,0.32,1.4759615384615385,1.5212447243644402,0.161,,0.012,,0.0,,False,96.0,99.0,96.0,88.0,93.0,91.0,91.0,92.0,94.0,high,high,high,high,high,high,high,high,high,2026-04-08
hitter,LAD,TOR,Kyle Tucker,663656,2.0,RF,Confirmed,4.26,,,,,0.8,0.35,,,,,0.7399919634587104,0.8570490231396642,0.33749000863227185,0.35311357365225177,0.7061469265367316,0.7912654771949224,0.08376081102776059,0.07474154711486634,,,0.75,0.53,0.36,1.88,0.08,1.13,0.15,0.01,0.0,0.321,1.1238670694864048,1.1319008272252689,0.153,,0.007,,0.0,,False,96.0,99.0,96.0,88.0,93.0,91.0,91.0,92.0,94.0,high,high,high,high,high,high,high,high,high,2026-04-08
hitter,LAD,TOR,Will Smith,669257,3.0,C,Confirmed,4.03,,,,,0.82,0.36,,,,,0.8096162057229327,0.8328901223694155,0.3868060033681785,0.34197775396409724,0.801980198019802,0.7935946333729333,0.05275176783338187,0.043166254989161844,,,0.8,0.46,0.36,1.69,0.05,1.13,0.16,0.01,0.0,0.294,1.1521739130434783,1.1196759009925923,0.162,,0.006,,0.0,,False,96.0,99.0,96.0,88.0,93.0,91.0,91.0,92.0,94.0,high,high,high,high,high,high,high,high,high,2026-04-08
hitter,LAD,TOR,Freddie Freeman,518692,4.0,1B,Confirmed,4.18,,,,,0.78,0.36,,,,,0.7971205266428694,0.772581958800482,0.35481998988269925,0.36316795134285457,0.8770949720670391,0.9023573862893935,0.0475361777036763,0.04307901818463322,,,0.89,0.45,0.36,1.68,0.05,1.23,0.18,0.01,0.0,0.279,1.239368165249089,1.2234005910087198,0.177,,0.011,,0.0,,False,96.0,99.0,96.0,88.0,93.0,91.0,91.0,92.0,94.0,high,high,high,high,high,high,high,high,high,2026-04-08
hitter,LAD,TOR,Max Muncy,571970,5.0,3B,Confirmed,3.58,,,,,0.87,0.4,,,,,0.9132914130970545,0.8310973949893452,0.4260954693282285,0.37481575533693146,0.707983193277311,0.6654162317699782,0.056189170158507,0.06154740994727669,,,0.68,0.4,0.31,1.41,0.06,1.03,0.13,0.01,0.0,0.292,1.1238670694864048,0.953258997177515,0.127,,0.007,,0.0,,False,96.0,99.0,96.0,88.0,93.0,91.0,91.0,92.0,94.0,high,high,high,high,high,high,high,high,high,2026-04-08
hitter,LAD,TOR,Teoscar Hernández,606192,6.0,LF,Confirmed,3.96,,,,,0.91,0.24,,,,,0.8868117652940315,0.9298177361023081,0.22989027317321375,0.2442960329792039,0.801980198019802,0.8199294464353482,0.05493648968336187,0.043330712576871086,,,0.81,0.34,0.33,1.44,0.05,1.19,0.15,0.01,0.0,0.247,1.239368165249089,1.1553064850172439,0.148,,0.007,,0.0,,False,96.0,99.0,96.0,88.0,93.0,91.0,91.0,92.0,94.0,high,high,high,high,high,high,high,high,high,2026-04-08
hitter,LAD,TOR,Andy Pages,681624,7.0,CF,Confirmed,3.33,,,,,0.68,0.12,,,,,0.6511399863616225,0.7166321304504079,0.13434526691443516,0.10832206002934582,0.7061469265367316,0.6025227713786065,0.044947249027573154,0.04272922355229456,,,0.65,0.27,0.24,1.15,0.04,0.95,0.13,0.01,0.0,0.23,1.001763668430335,0.9070365459027516,0.129,,0.007,,0.0,,False,96.0,99.0,96.0,88.0,93.0,91.0,91.0,92.0,94.0,high,high,high,high,high,high,high,high,high,2026-04-08
hitter,LAD,TOR,Alex Freeland,690976,8.0,2B,Confirmed,3.1,,,,,1.11,0.49,,,,,1.1491039787581687,1.0744590233026905,0.5036132636467315,0.4746244886740136,0.35424354243542433,0.32777404221790385,0.03751759154213958,0.03627543788859089,,,0.34,0.21,0.16,0.78,0.04,0.54,0.11,0.01,0.0,0.205,0.6289308176100628,0.4724685098256365,0.107,,0.008,,0.0,,False,96.0,99.0,96.0,88.0,93.0,91.0,91.0,92.0,94.0,high,high,high,high,high,high,high,high,high,2026-04-08
hitter,LAD,TOR,Miguel Rojas,500743,9.0,SS,Confirmed,3.09,,,,,0.42,0.16,,,,,0.4282817357175679,0.41991969259492756,0.17730635728149818,0.15106809096239462,0.7061469265367316,0.5694375092561778,0.033727550851653056,0.015683550215979464,,,0.63,0.29,0.25,1.25,0.02,0.86,0.14,0.01,0.0,0.273,0.9875776397515532,0.7611688526830088,0.141,,0.007,,0.0,,False,96.0,99.0,96.0,88.0,93.0,91.0,91.0,92.0,94.0,high,high,high,high,high,high,high,high,high,2026-04-08
hitter,COL,HOU,Edouard Julien,666397,1.0,2B,Confirmed,3.1,,,,,1.16,0.08,,,,,1.128641916275891,1.182880322909603,0.08419289411760814,0.07904468306024338,0.3344051446945337,0.2768884329540713,0.07019450173898825,0.0618575896161636,,,0.3,0.34,0.25,1.29,0.07,0.53,0.16,0.01,0.0,0.28,0.4591194968553459,0.587680863312055,0.163,,0.013,,0.0,,False,96.0,99.0,96.0,88.0,93.0,91.0,91.0,92.0,94.0,high,high,high,high,high,high,high,high,high,2026-04-08
hitter,COL,HOU,Tyler Freeman,671289,2.0,DH,Confirmed,4.25,,,,,0.47,0.11,,,,,0.44657721866382893,0.48534429059293915,0.10137070293763725,0.1227691981555577,0.5846774193548387,0.6171420133336436,0.020141072329151535,0.016081189259865732,,,0.6,0.5,0.38,1.97,0.02,0.74,0.17,0.02,0.0,0.288,0.6720588235294118,0.7990006339791804,0.17,,0.016,,0.0,,False,96.0,99.0,96.0,88.0,93.0,91.0,91.0,92.0,94.0,high,high,high,high,high,high,high,high,high,2026-04-08
hitter,COL,HOU,Mickey Moniak,666160,3.0,LF,Confirmed,4.25,,,,,1.67,0.17,,,,,1.6271655644826224,1.7159387475499388,0.15613948790521825,0.18823658546703786,0.7061469265367316,0.7607403659611831,0.06293345162164588,0.08262108979321636,,,0.74,0.51,0.45,2.06,0.07,1.08,0.24,0.02,0.0,0.299,1.001763668430335,1.14010322414416,0.238,,0.016,,0.0,,False,96.0,99.0,96.0,88.0,93.0,91.0,91.0,92.0,94.0,high,high,high,high,high,high,high,high,high,2026-04-08
hitter,COL,HOU,Hunter Goodman,696100,4.0,C,Confirmed,4.25,,,,,1.67,0.12,,,,,1.6044903955607477,1.7416137494350705,0.11432317515348155,0.12573109092295234,0.707983193277311,0.7507431561404097,0.0514354236559791,0.06265443868749344,,,0.73,0.48,0.42,1.9,0.06,1.07,0.26,0.02,0.0,0.288,1.001763668430335,1.1319996201779239,0.256,,0.015,,0.0,,False,96.0,99.0,96.0,88.0,93.0,91.0,91.0,92.0,94.0,high,high,high,high,high,high,high,high,high,2026-04-08
hitter,COL,HOU,TJ Rumfield,681198,5.0,1B,Confirmed,2.55,,,,,0.96,0.2,,,,,0.9617217938730301,0.9562422406298609,0.21144902623976017,0.1834395094034184,0.3344051446945337,0.26417696626894643,0.04933375237197275,0.042315263527750425,,,0.3,0.2,0.17,0.78,0.05,0.48,0.11,0.01,0.0,0.203,0.4992676326896259,0.4705457468790863,0.109,,0.008,,0.0,,False,96.0,99.0,96.0,88.0,93.0,91.0,91.0,92.0,94.0,high,high,high,high,high,high,high,high,high,2026-04-08
hitter,COL,HOU,Ezequiel Tovar,678662,6.0,SS,Confirmed,4.18,,,,,1.48,0.09,,,,,1.3567369825578977,1.5967819057942856,0.09978084359167708,0.08492092412231515,0.6434108527131783,0.6919204461502604,0.039275795760112586,0.03365888539184185,,,0.67,0.4,0.4,1.8,0.04,0.99,0.21,0.01,0.0,0.272,0.9875776397515532,0.9894927515674332,0.209,,0.012,,0.0,,False,96.0,99.0,96.0,88.0,93.0,91.0,91.0,92.0,94.0,high,high,high,high,high,high,high,high,high,2026-04-08
hitter,COL,HOU,Troy Johnston,687859,7.0,1B,Confirmed,3.09,,,,,0.47,0.24,,,,,0.40979414680447857,0.5338586652906658,0.25303695156706435,0.23171949833723351,0.3344051446945337,0.283675984351134,0.021794878219711177,0.012006729713777642,,,0.31,0.29,0.25,1.24,0.02,0.42,0.15,0.01,0.0,0.269,0.44025157232704404,0.40549112509208163,0.152,,0.009,,0.0,,False,96.0,99.0,96.0,88.0,93.0,91.0,91.0,92.0,94.0,high,high,high,high,high,high,high,high,high,2026-04-08
hitter,COL,HOU,Brenton Doyle,686668,8.0,CF,Confirmed,3.74,,,,,1.44,0.08,,,,,1.3460638505208031,1.5314523070554957,0.08915719311301888,0.07470613340049449,0.6434108527131783,0.6110625882541785,0.035586135462904026,0.038751193546616935,,,0.63,0.36,0.32,1.57,0.04,0.81,0.18,0.02,0.0,0.274,0.7899761336515513,0.8266043517236735,0.175,,0.016,,0.0,,False,96.0,99.0,96.0,88.0,93.0,91.0,91.0,92.0,94.0,high,high,high,high,high,high,high,high,high,2026-04-08
hitter,COL,HOU,Kyle Karros,691720,9.0,3B,Confirmed,3.49,,,,,1.36,0.14,,,,,1.2939931997307483,1.4190535851667783,0.13038702497313223,0.15769958395108657,0.4803149606299212,0.5130703073180558,0.025644392291706862,0.011836850017611013,,,0.5,0.33,0.28,1.41,0.02,0.67,0.18,0.01,0.0,0.279,0.6720588235294118,0.6635878870695919,0.183,,0.012,,0.0,,False,96.0,99.0,96.0,88.0,93.0,91.0,91.0,92.0,94.0,high,high,high,high,high,high,high,high,high,2026-04-08
hitter,HOU,COL,Jeremy Peña,665161,1.0,SS,Confirmed,4.04,,,,,1.05,0.1,,,,,1.126716349908897,0.9790886018810337,0.1133216216792085,0.09215319379666499,0.994208494208494,0.9218414068551225,0.03642340398207647,0.03269214134877196,,,0.95,0.54,0.47,2.01,0.03,1.2,0.15,0.01,0.0,0.312,1.239368165249089,1.1741717230985877,0.147,,0.011,,0.0,,False,96.0,99.0,96.0,88.0,93.0,91.0,91.0,92.0,94.0,high,high,high,high,high,high,high,high,high,2026-04-08
hitter,HOU,COL,Yordan Alvarez,670541,2.0,DH,Confirmed,3.96,,,,,0.63,0.28,,,,,0.6495179556739192,0.6169882946128643,0.2646651211125992,0.290816249360722,0.707983193277311,0.6764337307956008,0.1857557972144999,0.17480169274468577,,,0.69,0.61,0.57,2.05,0.18,1.38,0.12,0.01,0.0,0.353,1.3148148148148149,1.4274947544942804,0.119,,0.008,,0.0,,False,96.0,99.0,96.0,88.0,93.0,91.0,91.0,92.0,94.0,high,high,high,high,high,high,high,high,high,2026-04-08
hitter,HOU,COL,Jose Altuve,514888,3.0,2B,Confirmed,3.74,,,,,0.65,0.18,,,,,0.6446530696287742,0.6512474094497925,0.18441845176583369,0.16824723199757435,0.7715355805243446,0.7422008374956163,0.18022499816279575,0.22537224320872623,,,0.76,0.44,0.43,1.67,0.2,1.5,0.13,0.01,0.0,0.276,1.4759615384615385,1.5151730686675602,0.128,,0.009,,0.0,,False,96.0,99.0,96.0,88.0,93.0,91.0,91.0,92.0,94.0,high,high,high,high,high,high,high,high,high,2026-04-08
hitter,HOU,COL,Isaac Paredes,670623,4.0,3B,Confirmed,3.81,,,,,0.7,0.22,,,,,0.7219962077139574,0.6776706495842643,0.23172063987169125,0.21291112393197362,0.801980198019802,0.7305303285348181,0.24631154122509294,0.28476182308466486,,,0.76,0.48,0.48,1.76,0.27,1.83,0.13,0.01,0.0,0.293,1.914285714285714,1.7552519075907345,0.125,,0.007,,0.0,,False,96.0,99.0,96.0,88.0,93.0,91.0,91.0,92.0,94.0,high,high,high,high,high,high,high,high,high,2026-04-08
hitter,HOU,COL,Christian Walker,572233,5.0,1B,Confirmed,3.74,,,,,0.99,0.13,,,,,0.9709833136199223,1.0152202254474352,0.14671002196183872,0.12211415813736329,0.8694581280788177,0.8218375983301193,0.531135598803923,0.3964550721816927,,,0.84,0.61,0.68,2.09,0.46,2.2,0.12,0.01,0.0,0.364,2.456692913385827,1.9811694518940852,0.116,,0.008,,0.0,,False,96.0,99.0,96.0,88.0,93.0,91.0,91.0,92.0,94.0,high,high,high,high,high,high,high,high,high,2026-04-08
hitter,HOU,COL,Cam Smith,701358,6.0,RF,Confirmed,3.1,,,,,0.92,0.31,,,,,0.9926791324799448,0.855386622541694,0.3447010641323236,0.2655968583541169,0.801980198019802,0.6256666672855902,0.17667302504252252,0.15512120805704738,,,0.71,0.34,0.4,1.38,0.17,1.27,0.11,0.01,0.0,0.297,1.4759615384615385,1.0967173152698315,0.115,,0.008,,0.0,,False,96.0,99.0,96.0,88.0,93.0,91.0,91.0,92.0,94.0,high,high,high,high,high,high,high,high,high,2026-04-08
hitter,HOU,COL,Joey Loperfido,694388,7.0,CF,Confirmed,2.07,,,,,0.73,0.16,,,,,0.8082998053773008,0.6610614608367203,0.1996100714968595,0.1217540867649553,0.4125159642401022,0.27028625583250027,0.020674620499548393,0.011127492492034015,,,0.33,0.18,0.17,0.7,0.02,0.45,0.07,0.01,0.0,0.239,0.5069120485316367,0.408110401468649,0.075,,0.011,,0.0,,False,96.0,99.0,96.0,88.0,93.0,91.0,91.0,92.0,94.0,high,high,high,high,high,high,high,high,high,2026-04-08
hitter,HOU,COL,Christian Vázquez,543877,9.0,C,Confirmed,3.89,,,,,1.04,0.16,,,,,0.9476021798663722,1.1423217885422496,0.13428203282698353,0.17587361982756378,0.5846774193548387,0.6784196287606011,0.032749351303605095,0.03369607803686201,,,0.64,0.41,0.39,1.7,0.03,0.9,0.12,0.01,0.0,0.284,0.8408408408408409,0.9400847233721779,0.121,,0.009,,0.0,,False,96.0,99.0,96.0,88.0,93.0,91.0,91.0,92.0,94.0,high,high,high,high,high,high,high,high,high,2026-04-08
hitter,SF,PHI,Willy Adames,642715,1.0,SS,Confirmed,3.81,,,,,0.86,0.49,,,,,0.9039447738717162,0.816185372866588,0.5444151671170524,0.43731008832212115,0.994208494208494,0.8531508511467358,0.3368310622017146,0.3881255506542268,,,0.92,0.28,0.2,1.01,0.36,2.16,0.1,0.01,0.0,0.186,2.057017543859649,2.2367747391337165,0.101,,0.007,,0.0,,False,96.0,99.0,96.0,88.0,93.0,91.0,91.0,92.0,94.0,high,high,high,high,high,high,high,high,high,2026-04-08
hitter,SF,PHI,Luis Arraez,650333,2.0,DH,Confirmed,3.81,,,,,0.44,0.13,,,,,0.3111383861988545,0.5709844777699693,0.13223517786844094,0.1316667476087211,0.801980198019802,0.7645964496602822,0.023499702259921606,0.01660642166767729,,,0.78,0.35,0.27,1.39,0.02,0.94,0.1,0.01,0.0,0.227,0.9875776397515532,0.905298135571649,0.104,,0.013,,0.0,,False,96.0,99.0,96.0,88.0,93.0,91.0,91.0,92.0,94.0,high,high,high,high,high,high,high,high,high,2026-04-08
hitter,SF,PHI,Matt Chapman,656305,3.0,3B,Confirmed,3.81,,,,,0.81,0.53,,,,,0.8033750627563359,0.8261435245542448,0.5664143598606433,0.4861685369944126,0.994208494208494,0.8568495228278142,0.38921450056751405,0.4404212659249287,,,0.92,0.33,0.28,1.25,0.41,2.3,0.11,0.01,0.0,0.215,2.456692913385827,2.1690190231476567,0.108,,0.006,,0.0,,False,96.0,99.0,96.0,88.0,93.0,91.0,91.0,92.0,94.0,high,high,high,high,high,high,high,high,high,2026-04-08
hitter,SF,PHI,Rafael Devers,646240,4.0,1B,Confirmed,3.96,,,,,0.95,0.7,,,,,0.9937080562276034,0.9014714432670857,0.7437736933409685,0.6566441550675013,1.0980834272829765,0.9769796083625373,0.5327932154331696,0.5217541268029637,,,1.03,0.35,0.29,1.29,0.53,2.69,0.1,0.01,0.0,0.228,2.6,2.767662130280763,0.103,,0.006,,0.0,,False,96.0,99.0,96.0,88.0,93.0,91.0,91.0,92.0,94.0,high,high,high,high,high,high,high,high,high,2026-04-08
hitter,SF,PHI,Jung Hoo Lee,808982,5.0,RF,Confirmed,3.81,,,,,0.38,0.39,,,,,0.39911634938209994,0.3652323844981583,0.42704448839655285,0.3498331946195049,1.0980834272829765,1.0198833897227797,0.0998808025605176,0.11047450962469733,,,1.06,0.34,0.28,1.32,0.11,1.77,0.1,0.02,0.0,0.22,1.914285714285714,1.6458139283374638,0.102,,0.017,,0.0,,False,96.0,99.0,96.0,88.0,93.0,91.0,91.0,92.0,94.0,high,high,high,high,high,high,high,high,high,2026-04-08
hitter,SF,PHI,Jerar Encarnacion,666464,6.0,LF,Confirmed,1.84,,,,,0.59,0.08,,,,,0.6623306270547726,0.5165401053012882,0.1023586058553849,0.04804385101610512,0.3344051446945337,0.19125187351844353,0.0826456751790823,0.0432004666672047,,,0.26,0.12,0.12,0.49,0.06,0.49,0.06,0.01,0.0,0.188,0.6289308176100628,0.3700791559863378,0.064,,0.007,,0.0,,False,96.0,99.0,96.0,88.0,93.0,91.0,91.0,92.0,94.0,high,high,high,high,high,high,high,high,high,2026-04-08
hitter,SF,PHI,Harrison Bader,664056,7.0,CF,Confirmed,2.97,,,,,1.23,0.25,,,,,1.3014249363268846,1.1647125599668848,0.25902036946986196,0.24955239195820275,0.3344051446945337,0.24596291288394304,0.023524239173703103,0.011352859034431577,,,0.29,0.18,0.15,0.75,0.02,0.37,0.09,0.01,0.0,0.175,0.39285714285714285,0.3460046722342055,0.089,,0.007,,0.0,,False,96.0,99.0,96.0,88.0,93.0,91.0,91.0,92.0,94.0,high,high,high,high,high,high,high,high,high,2026-04-08
hitter,SF,PHI,Patrick Bailey,672275,8.0,C,Confirmed,3.48,,,,,0.81,0.35,,,,,0.8495698670737959,0.7768905750298866,0.37141512230583473,0.323544784177399,0.994208494208494,0.8172639441376902,0.1536641859808044,0.13236806665752401,,,0.9,0.29,0.25,1.25,0.14,1.68,0.12,0.01,0.0,0.239,1.914285714285714,1.4838579001323464,0.122,,0.008,,0.0,,False,96.0,99.0,96.0,88.0,93.0,91.0,91.0,92.0,94.0,high,high,high,high,high,high,high,high,high,2026-04-08
hitter,SF,PHI,Christian Koss,683766,9.0,2B,Confirmed,3.1,,,,,0.64,0.25,,,,,0.6616538605527654,0.610905595809025,0.29630583070891525,0.20390335361243453,0.8694581280788177,0.6073679823147934,0.0768149764626711,0.06719735650980393,,,0.73,0.26,0.22,1.13,0.07,1.27,0.13,0.01,0.0,0.24,1.4476190476190476,1.121924907601561,0.125,,0.008,,0.0,,False,96.0,99.0,96.0,88.0,93.0,91.0,91.0,92.0,94.0,high,high,high,high,high,high,high,high,high,2026-04-08
hitter,PHI,SF,Trea Turner,607208,1.0,SS,Confirmed,4.27,,,,,1.07,0.43,,,,,1.0608849071939557,1.0834034975195344,0.40870546978183286,0.4550016747309468,0.4125159642401022,0.48737109199741313,0.029280420461487596,0.017813384806751976,,,0.45,0.57,0.46,2.12,0.02,0.71,0.16,0.02,0.0,0.322,0.6720588235294118,0.7405769560879947,0.164,,0.017,,0.0,,False,96.0,99.0,96.0,88.0,93.0,91.0,91.0,92.0,94.0,high,high,high,high,high,high,high,high,high,2026-04-08
hitter,PHI,SF,Kyle Schwarber,656941,2.0,DH,Confirmed,4.57,,,,,1.87,0.77,,,,,1.8730210860570335,1.8599925036274625,0.7305301073697901,0.8094531456623353,0.4125159642401022,0.3976481562822437,0.0900795428760274,0.12052802813471668,,,0.4,0.81,0.69,2.6,0.11,0.88,0.19,0.01,0.0,0.423,0.8408408408408409,0.9048901741794356,0.194,,0.009,,0.0,,False,96.0,99.0,96.0,88.0,93.0,91.0,91.0,92.0,94.0,high,high,high,high,high,high,high,high,high,2026-04-08
hitter,PHI,SF,Bryce Harper,547180,3.0,1B,Confirmed,4.51,,,,,1.4,0.77,,,,,1.361020123621717,1.4316757706090808,0.7627951661940527,0.781583522601606,0.4125159642401022,0.49668261905384176,0.03167071003242644,0.022412039103807596,,,0.46,0.6,0.52,2.22,0.03,0.67,0.2,0.01,0.0,0.336,0.6720588235294118,0.666407489442834,0.195,,0.009,,0.0,,False,96.0,99.0,96.0,88.0,93.0,91.0,91.0,92.0,94.0,high,high,high,high,high,high,high,high,high,2026-04-08
hitter,PHI,SF,Alec Bohm,664761,4.0,3B,Confirmed,4.57,,,,,1.09,0.49,,,,,1.024185272735364,1.1476274651505156,0.5074685929017769,0.4743889073183009,0.5290322580645161,0.6131900652097032,0.03813283604905935,0.03970755201216175,,,0.58,0.57,0.52,2.19,0.04,0.76,0.15,0.01,0.0,0.3,0.6720588235294118,0.8252908520452131,0.145,,0.01,,0.0,,False,96.0,99.0,96.0,88.0,93.0,91.0,91.0,92.0,94.0,high,high,high,high,high,high,high,high,high,2026-04-08
hitter,PHI,SF,Bryson Stott,681082,5.0,2B,Confirmed,3.74,,,,,0.93,0.38,,,,,0.8878255820798183,0.974130636661806,0.3717537738483139,0.38902614292937543,0.3344051446945337,0.35878096328088743,0.02484642294762362,0.018924160371533515,,,0.35,0.44,0.39,1.7,0.02,0.5,0.17,0.01,0.0,0.297,0.4591194968553459,0.5412774376911076,0.171,,0.009,,0.0,,False,96.0,99.0,96.0,88.0,93.0,91.0,91.0,92.0,94.0,high,high,high,high,high,high,high,high,high,2026-04-08
hitter,PHI,SF,Adolis García,666969,6.0,RF,Confirmed,4.18,,,,,0.95,0.28,,,,,0.9063578888695409,0.9969440120229944,0.26666647666898735,0.28681249863182107,0.8770949720670391,0.9119879494467311,0.0556064636248042,0.03531243741056144,,,0.9,0.48,0.51,1.99,0.05,1.31,0.2,0.01,0.0,0.315,1.3148148148148149,1.304824463211329,0.195,,0.009,,0.0,,False,96.0,99.0,96.0,88.0,93.0,91.0,91.0,92.0,94.0,high,high,high,high,high,high,high,high,high,2026-04-08
hitter,PHI,SF,Brandon Marsh,669016,7.0,CF,Confirmed,3.49,,,,,1.29,0.36,,,,,1.2755587708200442,1.311473877959253,0.36846816215995126,0.3597143072903421,0.3344051446945337,0.30433143926916856,0.024095140539537784,0.010974814104266298,,,0.32,0.34,0.3,1.35,0.02,0.48,0.14,0.01,0.0,0.277,0.4591194968553459,0.4950989199586221,0.136,,0.009,,0.0,,False,96.0,99.0,96.0,88.0,93.0,91.0,91.0,92.0,94.0,high,high,high,high,high,high,high,high,high,2026-04-08
hitter,PHI,SF,Rafael Marchán,665561,8.0,C,Confirmed,3.09,,,,,0.86,0.07,,,,,0.7721270103453326,0.9416921099663103,0.07834977891600367,0.06684825996574911,0.3344051446945337,0.297479967625595,0.0243531154484335,0.027145925006657332,,,0.31,0.31,0.28,1.29,0.03,0.45,0.14,0.01,0.0,0.283,0.44025157232704404,0.45833895535809094,0.141,,0.01,,0.0,,False,96.0,99.0,96.0,88.0,93.0,91.0,91.0,92.0,94.0,high,high,high,high,high,high,high,high,high,2026-04-08
hitter,PHI,SF,Justin Crawford,702222,9.0,CF,Confirmed,2.55,,,,,0.73,0.25,,,,,0.6999938698670477,0.7624755972258103,0.2620263471161949,0.23325282223999408,0.3127168442038919,0.20810011032542983,0.024100988423873468,0.01905075900972707,,,0.26,0.23,0.21,0.92,0.02,0.35,0.11,0.01,0.0,0.258,0.3888888888888889,0.3234601300304921,0.107,,0.008,,0.0,,False,96.0,99.0,96.0,88.0,93.0,91.0,91.0,92.0,94.0,high,high,high,high,high,high,high,high,high,2026-04-08
hitter,WSH,STL,James Wood,695578,1.0,RF,Confirmed,4.57,,,,,2.01,0.24,,,,,1.8767296547726846,2.1411102150861048,0.18681077986572286,0.283923604357002,0.3344051446945337,0.45891866621755134,0.056301728671460216,0.09294363155894415,,,0.4,0.81,0.63,2.53,0.07,0.66,0.21,0.01,0.0,0.447,0.6289308176100628,0.6844721536834588,0.213,,0.009,,0.0,,False,96.0,99.0,96.0,88.0,93.0,91.0,91.0,92.0,94.0,high,high,high,high,high,high,high,high,high,2026-04-08
hitter,WSH,STL,Luis García Jr.,671277,2.0,1B,Confirmed,4.18,,,,,1.11,0.08,,,,,1.0058227605801253,1.2224330432941946,0.09073325472664207,0.07232293740409533,0.35424354243542433,0.46178913320198933,0.03297401084196144,0.025084437237713652,,,0.41,0.61,0.51,2.22,0.03,0.67,0.19,0.01,0.0,0.353,0.6289308176100628,0.7049946185215104,0.192,,0.009,,0.0,,False,96.0,99.0,96.0,88.0,93.0,91.0,91.0,92.0,94.0,high,high,high,high,high,high,high,high,high,2026-04-08
hitter,WSH,STL,Brady House,691781,3.0,3B,Confirmed,3.96,,,,,1.53,0.05,,,,,1.347363176191042,1.7067725116094619,0.05894691834414851,0.035782434825781514,0.35424354243542433,0.478353236026939,0.024802238932642898,0.01807941393787271,,,0.42,0.56,0.53,2.19,0.02,0.59,0.18,0.01,0.0,0.341,0.5302013422818792,0.63035690113966,0.177,,0.01,,0.0,,False,96.0,99.0,96.0,88.0,93.0,91.0,91.0,92.0,94.0,high,high,high,high,high,high,high,high,high,2026-04-08
hitter,WSH,STL,Daylen Lile,695734,4.0,LF,Confirmed,4.57,,,,,1.08,0.13,,,,,0.8923888366845639,1.272458572583215,0.11874503561888863,0.13611619570614128,0.5290322580645161,0.6736889596786538,0.05049752113629984,0.05780943958761303,,,0.61,0.63,0.58,2.31,0.05,0.84,0.18,0.02,0.0,0.332,0.7899761336515513,0.8780683919738298,0.178,,0.016,,0.0,,False,96.0,99.0,96.0,88.0,93.0,91.0,91.0,92.0,94.0,high,high,high,high,high,high,high,high,high,2026-04-08
hitter,WSH,STL,CJ Abrams,682928,5.0,SS,Confirmed,4.64,,,,,1.48,0.12,,,,,1.437332624144239,1.5258722803987061,0.12734725576045722,0.12079742659887026,0.4125159642401022,0.5779544430769064,0.040894399972770605,0.04772660007035217,,,0.5,0.68,0.64,2.47,0.04,0.85,0.24,0.01,0.0,0.359,0.6720588235294118,1.0020851986905153,0.238,,0.009,,0.0,,False,96.0,99.0,96.0,88.0,93.0,91.0,91.0,92.0,94.0,high,high,high,high,high,high,high,high,high,2026-04-08
hitter,WSH,STL,Nasim Nuñez,683083,6.0,2B,Confirmed,3.49,,,,,1.2,0.09,,,,,1.0683577753501463,1.3218833073171616,0.09075394764575226,0.09739918302390224,0.3344051446945337,0.31160285228571755,0.024835105103450134,0.01874506917225955,,,0.32,0.4,0.41,1.58,0.02,0.47,0.15,0.01,0.0,0.323,0.44025157232704404,0.4919307829903287,0.145,,0.008,,0.0,,False,96.0,99.0,96.0,88.0,93.0,91.0,91.0,92.0,94.0,high,high,high,high,high,high,high,high,high,2026-04-08
hitter,WSH,STL,José Tena,677588,7.0,DH,Confirmed,3.49,,,,,0.94,0.2,,,,,0.8899685490535816,0.9842495984613775,0.21401886308601362,0.18454457995826787,0.994208494208494,0.9193381205951462,0.02677390584694063,0.009545892111699731,,,0.95,0.37,0.32,1.49,0.02,1.16,0.16,0.01,0.0,0.303,1.239368165249089,1.0973562228465439,0.156,,0.008,,0.0,,False,96.0,99.0,96.0,88.0,93.0,91.0,91.0,92.0,94.0,high,high,high,high,high,high,high,high,high,2026-04-08
hitter,WSH,STL,Drew Millas,686452,8.0,C,Confirmed,2.77,,,,,0.62,0.17,,,,,0.6239703693336118,0.6158770599234238,0.18450828788123103,0.14569266755432805,0.3344051446945337,0.3137247472758876,0.01905147787778859,0.009903994734111299,,,0.32,0.29,0.25,1.12,0.01,0.42,0.12,0.01,0.0,0.299,0.44025157232704404,0.40736254141521466,0.123,,0.011,,0.0,,False,96.0,99.0,96.0,88.0,93.0,91.0,91.0,92.0,94.0,high,high,high,high,high,high,high,high,high,2026-04-08
hitter,WSH,STL,Jacob Young,696285,9.0,CF,Confirmed,3.74,,,,,0.99,0.07,,,,,0.8782976593120178,1.1009865506875351,0.07679968647433637,0.06783390075628175,0.3344051446945337,0.4037737101000145,0.0230252528616632,0.01320888734683678,,,0.37,0.39,0.34,1.6,0.02,0.54,0.15,0.01,0.0,0.291,0.4591194968553459,0.6098281790695697,0.149,,0.009,,0.0,,False,96.0,99.0,96.0,88.0,93.0,91.0,91.0,92.0,94.0,high,high,high,high,high,high,high,high,high,2026-04-08
hitter,STL,WSH,JJ Wetherholt,802139,1.0,2B,Confirmed,3.49,,,,,0.63,0.2,,,,,0.633,,0.199,,0.706,,0.2,,,,0.71,0.44,0.37,1.51,0.2,1.32,0.11,0.01,0.0,0.298,1.315,,0.11,,0.009,,0.0,,True,40.0,44.0,40.0,32.0,37.0,35.0,35.0,36.0,38.0,low,low,low,low,low,low,low,low,low,2026-04-08
hitter,STL,WSH,Iván Herrera,671056,2.0,C,Confirmed,4.45,,,,,1.11,0.34,,,,,1.0522521036543775,1.1746421074386026,0.3318816977204855,0.3469846337300657,0.707983193277311,0.7438877824763663,0.05603751966591299,0.04502585999174459,,,0.73,0.67,0.57,2.24,0.05,1.12,0.15,0.01,0.0,0.359,1.001763668430335,1.2242312128727022,0.152,,0.009,,0.0,,False,96.0,99.0,96.0,88.0,93.0,91.0,91.0,92.0,94.0,high,high,high,high,high,high,high,high,high,2026-04-08
hitter,STL,WSH,Alec Burleson,676475,3.0,1B,Confirmed,4.48,,,,,0.99,0.33,,,,,0.9541035053401655,1.0309678073475383,0.31999495499156005,0.33542529636394425,0.707983193277311,0.8045376848558989,0.1618785406986784,0.1793729093635874,,,0.76,0.67,0.69,2.36,0.17,1.42,0.15,0.01,0.0,0.349,1.3893129770992367,1.442667645403992,0.147,,0.01,,0.0,,False,96.0,99.0,96.0,88.0,93.0,91.0,91.0,92.0,94.0,high,high,high,high,high,high,high,high,high,2026-04-08
hitter,STL,WSH,Jordan Walker,691023,4.0,RF,Confirmed,4.04,,,,,1.38,0.27,,,,,1.2618754179434084,1.497572352206497,0.2586724458512523,0.2808809033461478,0.7061469265367316,0.6029948385587679,0.06389294887973933,0.05424489991251266,,,0.65,0.54,0.53,1.85,0.06,1.0,0.14,0.01,0.0,0.32,0.9875776397515532,1.015423347953281,0.138,,0.009,,0.0,,False,96.0,99.0,96.0,88.0,93.0,91.0,91.0,92.0,94.0,high,high,high,high,high,high,high,high,high,2026-04-08
hitter,STL,WSH,Nolan Gorman,669357,5.0,DH,Confirmed,4.04,,,,,1.51,0.36,,,,,1.4532293373589906,1.5605035860687178,0.3526164147611801,0.3667397144551615,0.6434108527131783,0.6075344131124737,0.06412367510082487,0.06204103249073693,,,0.62,0.63,0.64,1.98,0.06,0.96,0.1,0.01,0.0,0.365,0.9875776397515532,0.9352026839394563,0.102,,0.007,,0.0,,False,96.0,99.0,96.0,88.0,93.0,91.0,91.0,92.0,94.0,high,high,high,high,high,high,high,high,high,2026-04-08
hitter,STL,WSH,Masyn Winn,691026,6.0,SS,Confirmed,3.96,,,,,1.25,0.07,,,,,1.2364619534956858,1.269977697916775,0.08894943237858136,0.05271459674019175,0.6434108527131783,0.6834573355762674,0.10798298000506346,0.12383610198479904,,,0.67,0.46,0.51,1.84,0.12,1.12,0.13,0.01,0.0,0.31,1.1238670694864048,1.1142325580560366,0.128,,0.009,,0.0,,False,96.0,99.0,96.0,88.0,93.0,91.0,91.0,92.0,94.0,high,high,high,high,high,high,high,high,high,2026-04-08
hitter,STL,WSH,Ramón Urías,602104,7.0,3B,Confirmed,3.49,,,,,0.82,0.34,,,,,0.7863113049996686,0.8598702339232369,0.4002965209160504,0.28469516538523865,0.8694581280788177,0.7868550124146392,0.21383326681828138,0.17099249772159708,,,0.82,0.42,0.43,1.55,0.19,1.49,0.11,0.01,0.0,0.325,1.684375,1.3344199999257635,0.107,,0.007,,0.0,,False,96.0,99.0,96.0,88.0,93.0,91.0,91.0,92.0,94.0,high,high,high,high,high,high,high,high,high,2026-04-08
hitter,STL,WSH,Thomas Saggese,695336,8.0,LF,Confirmed,4.18,,,,,1.29,0.17,,,,,1.148840305146338,1.422379348094143,0.19241839905119482,0.1550162138264935,0.7715355805243446,0.8060644367961202,0.04604576614372607,0.04582168484722334,,,0.79,0.48,0.47,1.84,0.05,1.01,0.14,0.01,0.0,0.311,1.001763668430335,1.0182238927341904,0.142,,0.01,,0.0,,False,96.0,99.0,96.0,88.0,93.0,91.0,91.0,92.0,94.0,high,high,high,high,high,high,high,high,high,2026-04-08
hitter,STL,WSH,Nathan Church,701675,9.0,LF,Confirmed,3.74,,,,,1.15,0.18,,,,,1.0601555836985457,1.2325420043953628,0.18833095882368356,0.18067446126288328,0.6434108527131783,0.6714228128732616,0.02777857502791278,0.020065873481461043,,,0.66,0.35,0.33,1.39,0.02,0.82,0.12,0.01,0.0,0.263,0.7899761336515513,0.8384644091818606,0.117,,0.011,,0.0,,False,96.0,99.0,96.0,88.0,93.0,91.0,91.0,92.0,94.0,high,high,high,high,high,high,high,high,high,2026-04-08
hitter,LAA,ATL,Zach Neto,687263,1.0,SS,Confirmed,4.61,,,,,1.92,0.16,,,,,1.862081487524401,1.9734643840686736,0.16515749443212277,0.1606540754094973,1.0980834272829765,1.1164633513182587,0.34973457148425,0.3852943817291327,,,1.11,0.55,0.4,2.04,0.37,2.43,0.23,0.01,0.0,0.304,2.456692913385827,2.407824937179653,0.231,,0.008,,0.0,,False,96.0,99.0,96.0,88.0,93.0,91.0,91.0,92.0,94.0,high,high,high,high,high,high,high,high,high,2026-04-08
hitter,LAA,ATL,Mike Trout,545361,2.0,CF,Confirmed,4.18,,,,,1.52,0.5,,,,,1.4674630152752441,1.5801622625979836,0.5018924840575674,0.49380614325720207,0.7061469265367316,0.7297903534263898,0.3476110336214012,0.32600077826056584,,,0.72,0.56,0.39,1.95,0.34,1.52,0.16,0.01,0.0,0.347,1.4759615384615385,1.5500067468653982,0.163,,0.007,,0.0,,False,96.0,99.0,96.0,88.0,93.0,91.0,91.0,92.0,94.0,high,high,high,high,high,high,high,high,high,2026-04-08
hitter,LAA,ATL,Nolan Schanuel,694384,3.0,1B,Confirmed,4.57,,,,,0.58,0.37,,,,,0.5273336097499202,0.6245711128485569,0.35073371234409967,0.39760436343943567,0.8949771689497716,1.0181246183962576,0.08910030735073743,0.09896041105664741,,,0.96,0.54,0.43,2.07,0.09,1.46,0.19,0.01,0.0,0.305,1.3893129770992367,1.5097324244884822,0.194,,0.01,,0.0,,False,96.0,99.0,96.0,88.0,93.0,91.0,91.0,92.0,94.0,high,high,high,high,high,high,high,high,high,2026-04-08
hitter,LAA,ATL,Jorge Soler,624585,4.0,RF,Confirmed,2.77,,,,,1.05,0.27,,,,,1.1101653402110567,0.9982350871972869,0.31386949771299244,0.22453482739821143,0.3344051446945337,0.26103312208294965,0.10529402731185358,0.10006047902011563,,,0.29,0.36,0.29,1.36,0.1,0.72,0.14,0.01,0.0,0.336,0.7899761336515513,0.6601121789858081,0.139,,0.007,,0.0,,False,96.0,99.0,96.0,88.0,93.0,91.0,91.0,92.0,94.0,high,high,high,high,high,high,high,high,high,2026-04-08
hitter,LAA,ATL,Yoán Moncada,660162,5.0,3B,Confirmed,3.33,,,,,1.39,0.1,,,,,1.4216147824360206,1.3664103189048906,0.11010508695801778,0.09813193436147015,0.6434108527131783,0.5828914924097901,0.1777465958266879,0.16918968367223786,,,0.61,0.4,0.32,1.52,0.17,1.21,0.17,0.01,0.0,0.309,1.239368165249089,1.1875815378261791,0.167,,0.009,,0.0,,False,96.0,99.0,96.0,88.0,93.0,91.0,91.0,92.0,94.0,high,high,high,high,high,high,high,high,high,2026-04-08
hitter,LAA,ATL,Jo Adell,666176,6.0,DH,Confirmed,4.27,,,,,1.33,0.25,,,,,1.2445912762723754,1.4110498074125886,0.24745550024089394,0.25749192141724025,0.801980198019802,0.7906191941330055,0.2685184908048441,0.3015185673626095,,,0.8,0.46,0.46,2.02,0.29,1.84,0.22,0.01,0.0,0.311,1.914285714285714,1.7816395055203063,0.219,,0.008,,0.0,,False,96.0,99.0,96.0,88.0,93.0,91.0,91.0,92.0,94.0,high,high,high,high,high,high,high,high,high,2026-04-08
hitter,LAA,ATL,Josh Lowe,666139,7.0,LF,Confirmed,4.18,,,,,1.1,0.31,,,,,1.0988254706634497,1.1003521238404603,0.3206813241065126,0.3061773822124469,1.0980834272829765,1.0469077932074613,0.047117327960823734,0.0469913103798004,,,1.07,0.39,0.32,1.61,0.05,1.54,0.19,0.01,0.0,0.277,1.5956790123456794,1.5016719034119024,0.195,,0.01,,0.0,,False,96.0,99.0,96.0,88.0,93.0,91.0,91.0,92.0,94.0,high,high,high,high,high,high,high,high,high,2026-04-08
hitter,LAA,ATL,Logan O'Hoppe,681351,8.0,C,Confirmed,4.18,,,,,1.4,0.32,,,,,1.2850613037359593,1.5217205272938383,0.3241822245720759,0.30696098234612884,0.7061469265367316,0.6682149167136144,0.2255444309402462,0.2685944107368044,,,0.69,0.43,0.36,1.78,0.25,1.34,0.18,0.01,0.0,0.3,1.239368165249089,1.4314114485842142,0.177,,0.007,,0.0,,False,96.0,99.0,96.0,88.0,93.0,91.0,91.0,92.0,94.0,high,high,high,high,high,high,high,high,high,2026-04-08
hitter,LAA,ATL,Oswald Peraza,672724,9.0,2B,Confirmed,3.33,,,,,0.79,0.44,,,,,0.7908763368940462,0.7956656212693006,0.49455609363636166,0.3900901004518782,0.35424354243542433,0.2981986418077982,0.023675264764824736,0.011813108930678518,,,0.32,0.32,0.27,1.36,0.02,0.5,0.16,0.01,0.0,0.282,0.5,0.49865230970164476,0.158,,0.007,,0.0,,False,96.0,99.0,96.0,88.0,93.0,91.0,91.0,92.0,94.0,high,high,high,high,high,high,high,high,high,2026-04-08
hitter,ATL,LAA,Ronald Acuña Jr.,660670,1.0,RF,Confirmed,4.61,,,,,1.07,0.89,,,,,1.067983655882614,1.0654793707956223,0.8925590196111747,0.8809247939367113,0.801980198019802,0.8345202359129898,0.18794374136809344,0.2110961767446503,,,0.82,0.64,0.41,1.93,0.2,1.62,0.12,0.01,0.0,0.372,1.684375,1.560573118833099,0.117,,0.009,,0.0,,False,82.0,86.0,82.0,74.0,79.0,77.0,77.0,78.0,80.0,high,high,high,medium,medium,medium,medium,medium,high,2026-04-08
hitter,ATL,LAA,Drake Baldwin,686948,2.0,DH,Confirmed,4.26,,,,,0.59,0.53,,,,,0.5877896399729293,0.5945919206085508,0.5471282060279874,0.5199863644923478,0.801980198019802,0.7634188494757252,0.1215440513929002,0.13574234620834974,,,0.78,0.5,0.35,1.65,0.13,1.28,0.13,0.01,0.0,0.301,1.3148148148148149,1.2565174046143048,0.13,,0.008,,0.0,,False,82.0,86.0,82.0,74.0,79.0,77.0,77.0,78.0,80.0,high,high,high,medium,medium,medium,medium,medium,high,2026-04-08
hitter,ATL,LAA,Ozzie Albies,645277,3.0,2B,Confirmed,4.18,,,,,0.67,0.51,,,,,0.6189876109010884,0.7205848123921581,0.4809375331324025,0.5330155879596944,0.8694581280788177,0.92037798511568,0.1266763456372212,0.15870279918027827,,,0.9,0.51,0.42,1.81,0.14,1.58,0.15,0.01,0.0,0.316,1.684375,1.4940219409859752,0.149,,0.009,,0.0,,False,82.0,86.0,82.0,74.0,79.0,77.0,77.0,78.0,80.0,high,high,high,medium,medium,medium,medium,medium,high,2026-04-08
hitter,ATL,LAA,Matt Olson,621566,4.0,1B,Confirmed,4.57,,,,,1.05,0.78,,,,,1.0397543299115335,1.060130623014832,0.7642640396640915,0.7881660828452621,0.801980198019802,0.8805354033346575,0.17184153217750003,0.245593764027691,,,0.85,0.57,0.45,1.82,0.21,1.68,0.18,0.01,0.0,0.334,1.684375,1.6839583609268591,0.178,,0.009,,0.0,,False,82.0,86.0,82.0,74.0,79.0,77.0,77.0,78.0,80.0,high,high,high,medium,medium,medium,medium,medium,high,2026-04-08
hitter,ATL,LAA,Austin Riley,663586,5.0,3B,Confirmed,3.96,,,,,1.48,0.21,,,,,1.430647730041314,1.5290192840857286,0.22669022950171222,0.19241584869488884,0.6434108527131783,0.6099633007084434,0.09691850437126781,0.08690926103759866,,,0.63,0.34,0.29,1.21,0.09,1.11,0.1,0.01,0.0,0.212,1.1521739130434783,1.0832601648910518,0.098,,0.009,,0.0,,False,82.0,86.0,82.0,74.0,79.0,77.0,77.0,78.0,80.0,high,high,high,medium,medium,medium,medium,medium,high,2026-04-08
hitter,ATL,LAA,Mauricio Dubón,643289,6.0,SS,Confirmed,4.18,,,,,0.46,0.33,,,,,0.4404021210494491,0.48522133595041156,0.3278523183506483,0.33573580334870634,1.0980834272829765,1.026763785645098,0.10317345317269869,0.12843765026785614,,,1.06,0.49,0.49,2.08,0.12,1.64,0.2,0.01,0.0,0.333,1.684375,1.6023076845098072,0.195,,0.011,,0.0,,False,82.0,86.0,82.0,74.0,79.0,77.0,77.0,78.0,80.0,high,high,high,medium,medium,medium,medium,medium,high,2026-04-08
hitter,ATL,LAA,Mike Yastrzemski,573262,7.0,LF,Confirmed,4.68,,,,,0.61,0.87,,,,,0.6128421876760999,0.6107019816676612,0.8903083482299453,0.8593045172794227,1.0980834272829765,1.074603651905154,0.26281745334247897,0.1398511678683747,,,1.09,0.65,0.53,2.28,0.2,1.89,0.19,0.01,0.0,0.416,2.057017543859649,1.7489465569707467,0.191,,0.012,,0.0,,False,82.0,86.0,82.0,74.0,79.0,77.0,77.0,78.0,80.0,high,high,high,medium,medium,medium,medium,medium,high,2026-04-08
hitter,ATL,LAA,Jonah Heim,641680,8.0,C,Confirmed,3.93,,,,,0.71,0.32,,,,,0.6887405162397404,0.7388977593324574,0.2894480854621775,0.34239318975418953,0.7715355805243446,0.7899618910924653,0.031397840257136045,0.03986488012731943,,,0.78,0.35,0.28,1.43,0.04,1.13,0.17,0.01,0.0,0.261,1.1238670694864048,1.1288238720492079,0.165,,0.01,,0.0,,False,82.0,86.0,82.0,74.0,79.0,77.0,77.0,78.0,80.0,high,high,high,medium,medium,medium,medium,medium,high,2026-04-08
hitter,ATL,LAA,Michael Harris II,671739,9.0,CF,Confirmed,4.25,,,,,0.74,0.26,,,,,0.7471049939390543,0.7285918372570992,0.24749048393130998,0.26914711614357895,0.8770949720670391,0.9348084439898897,0.1360854589282488,0.15846908194073223,,,0.91,0.42,0.39,1.68,0.15,1.54,0.11,0.01,0.0,0.273,1.5956790123456794,1.4956458234077719,0.106,,0.011,,0.0,,False,82.0,86.0,82.0,74.0,79.0,77.0,77.0,78.0,80.0,high,high,high,medium,medium,medium,medium,medium,high,2026-04-08
hitter,NYM,AZ,Francisco Lindor,596019,1.0,SS,Confirmed,4.25,,,,,1.12,0.84,,,,,1.1848836119336905,1.0466752145804181,0.9439411566957333,0.7408364441947443,0.7061469265367316,0.5366338955663391,0.06167551003967493,0.05100708969783578,,,0.61,0.56,0.48,2.14,0.06,0.97,0.23,0.01,0.0,0.32,1.001763668430335,0.9365828130815804,0.234,,0.012,,0.0,,False,96.0,99.0,96.0,88.0,93.0,91.0,91.0,92.0,94.0,high,high,high,high,high,high,high,high,high,2026-04-08
hitter,NYM,AZ,Bo Bichette,666182,2.0,3B,Confirmed,4.51,,,,,0.78,0.57,,,,,0.8304866004981585,0.7296957150758832,0.6260633622824711,0.5102205216560176,1.607843137254902,1.2893730687881952,0.23381552737483766,0.20577969450498743,,,1.43,0.58,0.48,2.2,0.22,2.36,0.28,0.01,0.0,0.315,2.456692913385827,2.282627134251525,0.283,,0.01,,0.0,,False,96.0,99.0,96.0,88.0,93.0,91.0,91.0,92.0,94.0,high,high,high,high,high,high,high,high,high,2026-04-08
hitter,NYM,AZ,Jorge Polanco,593871,3.0,DH,Confirmed,3.96,,,,,0.92,0.24,,,,,0.9504985272202072,0.8796920894137469,0.256032568036261,0.22160592859553505,1.1391752577319587,1.06214283933477,0.17809953752618574,0.17755789816899506,,,1.1,0.5,0.49,1.98,0.18,1.94,0.21,0.01,0.0,0.306,2.057017543859649,1.8425398399776718,0.208,,0.01,,0.0,,False,96.0,99.0,96.0,88.0,93.0,91.0,91.0,92.0,94.0,high,high,high,high,high,high,high,high,high,2026-04-08
hitter,NYM,AZ,Luis Robert Jr.,673357,4.0,CF,Confirmed,3.96,,,,,1.19,0.23,,,,,1.1965383156446772,1.178987222755812,0.23208448791311545,0.23189506749457825,1.0980834272829765,0.9745984129561709,0.19952125282289418,0.1768422228968627,,,1.03,0.52,0.51,2.03,0.19,1.78,0.18,0.01,0.0,0.311,1.914285714285714,1.6734269700502573,0.178,,0.009,,0.0,,False,96.0,99.0,96.0,88.0,93.0,91.0,91.0,92.0,94.0,high,high,high,high,high,high,high,high,high,2026-04-08
hitter,NYM,AZ,Brett Baty,683146,5.0,RF,Confirmed,3.49,,,,,0.68,0.19,,,,,0.6383822840101011,0.7272130120175503,0.2147673992637838,0.16432425445924403,0.7061469265367316,0.6243039757304765,0.12302948031670727,0.12505397070666088,,,0.66,0.41,0.4,1.61,0.12,1.19,0.17,0.01,0.0,0.283,1.239368165249089,1.1437469973857708,0.166,,0.01,,0.0,,False,96.0,99.0,96.0,88.0,93.0,91.0,91.0,92.0,94.0,high,high,high,high,high,high,high,high,high,2026-04-08
hitter,NYM,AZ,Mark Vientos,668901,6.0,1B,Confirmed,3.81,,,,,1.35,0.57,,,,,1.364308363339404,1.3363891798658099,0.6174613481870387,0.5317946078103162,0.6506024096385542,0.5983814495916945,0.05096224560899208,0.06569684138657012,,,0.62,0.46,0.51,1.96,0.06,0.85,0.18,0.01,0.0,0.324,0.8666666666666667,0.843501450511496,0.177,,0.009,,0.0,,False,96.0,99.0,96.0,88.0,93.0,91.0,91.0,92.0,94.0,high,high,high,high,high,high,high,high,high,2026-04-08
hitter,NYM,AZ,Marcus Semien,543760,7.0,2B,Confirmed,4.08,,,,,0.81,0.23,,,,,0.8156256662910746,0.8054932949018937,0.24420883127227921,0.22102428499368593,1.0980834272829765,1.0683285555849595,0.040489533436339764,0.046775008330268396,,,1.08,0.43,0.41,1.85,0.04,1.42,0.2,0.01,0.0,0.292,1.4759615384615385,1.3806642384444807,0.199,,0.01,,0.0,,False,96.0,99.0,96.0,88.0,93.0,91.0,91.0,92.0,94.0,high,high,high,high,high,high,high,high,high,2026-04-08
hitter,NYM,AZ,Carson Benge,701807,8.0,LF,Confirmed,3.48,,,,,0.96,0.09,,,,,0.961,,0.09,,0.772,,0.099,,,,0.77,0.34,0.32,1.43,0.1,1.24,0.15,0.01,0.0,0.264,1.239,,0.149,,0.009,,0.0,,True,40.0,44.0,40.0,32.0,37.0,35.0,35.0,36.0,38.0,low,low,low,low,low,low,low,low,low,2026-04-08
hitter,NYM,AZ,Francisco Alvarez,682626,9.0,C,Confirmed,3.81,,,,,1.32,0.57,,,,,1.3096640702129787,1.3296170711044162,0.5525303236277297,0.5868461071309338,0.5290322580645161,0.48672102548484786,0.047850411978285566,0.04984834112062825,,,0.51,0.41,0.4,1.67,0.05,0.77,0.16,0.01,0.0,0.289,0.7899761336515513,0.7495775291576922,0.155,,0.01,,0.0,,False,96.0,99.0,96.0,88.0,93.0,91.0,91.0,92.0,94.0,high,high,high,high,high,high,high,high,high,2026-04-08
hitter,AZ,NYM,Ketel Marte,606466,1.0,DH,Confirmed,4.18,,,,,0.62,0.48,,,,,0.6019027160927267,0.6311584272118207,0.46047123533689405,0.4916463469479582,0.8770949720670391,0.9136960345367092,0.20911607953823302,0.21243314573468053,,,0.9,0.57,0.4,2.07,0.21,1.61,0.26,0.01,0.0,0.359,1.5956790123456794,1.6142052935122455,0.255,,0.009,,0.0,,False,96.0,99.0,96.0,88.0,93.0,91.0,91.0,92.0,94.0,high,high,high,high,high,high,high,high,high,2026-04-08
hitter,AZ,NYM,Corbin Carroll,682998,2.0,RF,Confirmed,4.97,,,,,1.17,0.68,,,,,1.1207497347158117,1.2214796485010482,0.6770519512468257,0.6745367064665841,1.0980834272829765,1.1699310638609883,0.38470094165902746,0.4765625564620192,,,1.14,0.62,0.41,2.17,0.43,2.75,0.39,0.04,0.0,0.348,2.552380952380952,2.909011833669001,0.39,,0.035,,0.0,,False,96.0,99.0,96.0,88.0,93.0,91.0,91.0,92.0,94.0,high,high,high,high,high,high,high,high,high,2026-04-08
hitter,AZ,NYM,Geraldo Perdomo,672695,3.0,SS,Confirmed,4.97,,,,,0.47,0.78,,,,,0.4665546523482428,0.4799459853688105,0.7904807024647376,0.7755908086522105,1.0980834272829765,1.1138235263080134,0.14660415854506473,0.1592121681046513,,,1.11,0.63,0.46,2.23,0.15,1.73,0.29,0.01,0.0,0.349,1.684375,1.7740688179700237,0.286,,0.013,,0.0,,False,96.0,99.0,96.0,88.0,93.0,91.0,91.0,92.0,94.0,high,high,high,high,high,high,high,high,high,2026-04-08
hitter,AZ,NYM,Gabriel Moreno,672515,4.0,C,Confirmed,4.45,,,,,0.67,0.48,,,,,0.6280557869258729,0.7022598636812017,0.4544490954780659,0.49819481629131035,1.0,0.9782638180579932,0.1463615177569143,0.16543131548224457,,,0.99,0.57,0.44,2.11,0.16,1.49,0.24,0.01,0.0,0.336,1.4476190476190476,1.5240093163846118,0.242,,0.011,,0.0,,False,96.0,99.0,96.0,88.0,93.0,91.0,91.0,92.0,94.0,high,high,high,high,high,high,high,high,high,2026-04-08
hitter,AZ,NYM,Nolan Arenado,571448,5.0,3B,Confirmed,4.39,,,,,0.82,0.29,,,,,0.7212227693508962,0.928124031692403,0.26688509161953,0.3058100257464065,0.6506024096385542,0.6493182640262825,0.1931314777992795,0.17179416001861045,,,0.65,0.55,0.45,2.1,0.18,1.25,0.22,0.01,0.0,0.317,1.1521739130434783,1.3219159009377441,0.225,,0.008,,0.0,,False,96.0,99.0,96.0,88.0,93.0,91.0,91.0,92.0,94.0,high,high,high,high,high,high,high,high,high,2026-04-08
hitter,AZ,NYM,Ildemaro Vargas,545121,6.0,2B,Confirmed,4.08,,,,,0.48,0.26,,,,,0.46136093598386607,0.48943666304029687,0.2530931874446747,0.26410229348480146,0.994208494208494,0.9499233624731143,0.07580163490901068,0.09078921564608239,,,0.97,0.45,0.42,1.97,0.08,1.34,0.27,0.01,0.0,0.322,1.3148148148148149,1.361246051061783,0.266,,0.012,,0.0,,False,96.0,99.0,96.0,88.0,93.0,91.0,91.0,92.0,94.0,high,high,high,high,high,high,high,high,high,2026-04-08
hitter,AZ,NYM,Jose Fernandez,699912,7.0,1B,Confirmed,2.55,,,,,0.54,0.15,,,,,0.4020170447480702,0.6800571849727488,0.16704249279186417,0.14034835346709232,0.3344051446945337,0.31003817789371807,0.01630553483332322,0.0005283168669575007,,,0.32,0.19,0.15,0.75,0.01,0.45,0.12,0.01,0.0,0.234,0.44025157232704404,0.4495041015852318,0.124,,0.009,,0.0,,False,96.0,99.0,96.0,88.0,93.0,91.0,91.0,92.0,94.0,high,high,high,high,high,high,high,high,high,2026-04-08
hitter,AZ,NYM,Tim Tawa,694374,8.0,LF,Confirmed,3.96,,,,,0.96,0.44,,,,,0.9153476102519993,1.0068437565261883,0.43635915720688867,0.4439849934372797,0.7061469265367316,0.686055507017842,0.106519324836538,0.11768882283198487,,,0.7,0.41,0.31,1.59,0.11,1.21,0.19,0.01,0.0,0.315,1.239368165249089,1.1879140587143024,0.193,,0.008,,0.0,,False,96.0,99.0,96.0,88.0,93.0,91.0,91.0,92.0,94.0,high,high,high,high,high,high,high,high,high,2026-04-08
hitter,AZ,NYM,Jorge Barrosa,678489,9.0,CF,Confirmed,3.74,,,,,0.9,0.39,,,,,0.8365111045535426,0.9646638591847191,0.42956069437706124,0.3424386816185751,0.707983193277311,0.7480409795765893,0.12127926555522461,0.12308907120313796,,,0.73,0.37,0.29,1.46,0.12,1.32,0.21,0.01,0.0,0.3,1.3148148148148149,1.3216489888784615,0.211,,0.009,,0.0,,False,96.0,99.0,96.0,88.0,93.0,91.0,91.0,92.0,94.0,high,high,high,high,high,high,high,high,high,2026-04-08
hitter,TB,CHC,Yandy Díaz,650490,1.0,DH,Confirmed,3.81,,,,,0.68,0.43,,,,,0.7124081109971883,0.6404012904031781,0.447106317626637,0.4203841617839409,1.0980834272829765,0.917407439909803,0.04349316131607309,0.04065948366677325,,,1.0,0.29,0.2,1.02,0.04,1.25,0.1,0.01,0.0,0.204,1.239368165249089,1.262039198220816,0.099,,0.008,,0.0,,False,96.0,99.0,96.0,88.0,93.0,91.0,91.0,92.0,94.0,high,high,high,high,high,high,high,high,high,2026-04-08
hitter,TB,CHC,Jonathan Aranda,666018,2.0,1B,Confirmed,3.96,,,,,1.22,0.46,,,,,1.328085169451443,1.1204692375458443,0.480426627020033,0.43642353576062837,1.1391752577319587,1.0547477693873788,0.060745901968186085,0.05056412015565577,,,1.09,0.3,0.21,1.03,0.06,1.66,0.11,0.01,0.0,0.2,1.914285714285714,1.446171547236917,0.109,,0.008,,0.0,,False,96.0,99.0,96.0,88.0,93.0,91.0,91.0,92.0,94.0,high,high,high,high,high,high,high,high,high,2026-04-08
hitter,TB,CHC,Jake Fraley,641584,3.0,RF,Confirmed,2.55,,,,,0.51,0.07,,,,,0.4671397932222583,0.5430805386653117,0.08059101632770983,0.05839099717813644,0.4125159642401022,0.3269755802701275,0.01723956611324454,0.0012411418091118035,,,0.37,0.18,0.14,0.65,0.01,0.43,0.07,0.01,0.0,0.182,0.4591194968553459,0.40577658842872966,0.071,,0.007,,0.0,,False,96.0,99.0,96.0,88.0,93.0,91.0,91.0,92.0,94.0,high,high,high,high,high,high,high,high,high,2026-04-08
hitter,TB,CHC,Junior Caminero,691406,4.0,3B,Confirmed,4.03,,,,,0.93,0.37,,,,,0.974784428345696,0.880057197052066,0.38300695414348684,0.35971828719689003,1.4947368421052631,1.1488614738474778,0.08842375619698103,0.09948615624308128,,,1.3,0.32,0.27,1.17,0.09,1.92,0.11,0.01,0.0,0.201,2.057017543859649,1.8075865507642317,0.114,,0.008,,0.0,,False,96.0,99.0,96.0,88.0,93.0,91.0,91.0,92.0,94.0,high,high,high,high,high,high,high,high,high,2026-04-08
hitter,TB,CHC,Chandler Simpson,802415,5.0,LF,Confirmed,4.08,,,,,0.48,0.2,,,,,0.4607727483276244,0.5064216059621748,0.20372117759487515,0.20375972425918445,1.0980834272829765,1.0922103662398157,0.0222241540375273,0.008658272078705082,,,1.09,0.32,0.28,1.31,0.02,1.38,0.12,0.02,0.0,0.199,1.4476190476190476,1.3157729849029838,0.116,,0.019,,0.0,,False,96.0,99.0,96.0,88.0,93.0,91.0,91.0,92.0,94.0,high,high,high,high,high,high,high,high,high,2026-04-08
hitter,TB,CHC,Ben Williamson,810938,6.0,2B,Confirmed,2.55,,,,,0.8,0.1,,,,,0.7989458665695455,0.8104109750387287,0.11873935463256108,0.07378582607589439,0.2543859649122807,0.20123755536892726,0.043133184916711115,0.04572434310100946,,,0.23,0.15,0.14,0.62,0.04,0.45,0.07,0.01,0.0,0.169,0.4591194968553459,0.4489003376613515,0.067,,0.008,,0.0,,False,96.0,99.0,96.0,88.0,93.0,91.0,91.0,92.0,94.0,high,high,high,high,high,high,high,high,high,2026-04-08
hitter,TB,CHC,Hunter Feduccia,676439,7.0,C,Confirmed,3.48,,,,,0.95,0.38,,,,,0.9239075449166663,0.9847763496724603,0.3971919943462737,0.36927738346426686,0.8694581280788177,0.7582260059843051,0.022493508120449222,0.027872518854916612,,,0.81,0.2,0.15,0.76,0.03,1.14,0.11,0.01,0.0,0.179,1.239368165249089,1.051446944406614,0.105,,0.007,,0.0,,False,96.0,99.0,96.0,88.0,93.0,91.0,91.0,92.0,94.0,high,high,high,high,high,high,high,high,high,2026-04-08
hitter,TB,CHC,Jonny DeLuca,676356,8.0,CF,Confirmed,2.55,,,,,0.8,0.13,,,,,0.8178596558838473,0.7832769105717295,0.15208391124091725,0.1144093629229895,0.5290322580645161,0.42604399472310583,0.06786092404862229,0.04617210368587268,,,0.47,0.12,0.09,0.47,0.06,0.9,0.07,0.01,0.0,0.143,1.001763668430335,0.8181628602956424,0.068,,0.013,,0.0,,False,96.0,99.0,96.0,88.0,93.0,91.0,91.0,92.0,94.0,high,high,high,high,high,high,high,high,high,2026-04-08
hitter,TB,CHC,Taylor Walls,670764,9.0,SS,Confirmed,3.1,,,,,0.71,0.08,,,,,0.7149078688645721,0.7136511653801901,0.08958124342017584,0.07520240308339356,0.5290322580645161,0.48743830043455944,0.07333010151640823,0.07170782753823968,,,0.51,0.19,0.15,0.75,0.07,0.88,0.1,0.01,0.0,0.181,1.001763668430335,0.7870481823776015,0.097,,0.008,,0.0,,False,96.0,99.0,96.0,88.0,93.0,91.0,91.0,92.0,94.0,high,high,high,high,high,high,high,high,high,2026-04-08
hitter,CHC,TB,Nico Hoerner,663538,1.0,2B,Confirmed,4.68,,,,,0.55,0.25,,,,,0.3969268237674417,0.7103680651891339,0.22651536991995666,0.27267229390732506,1.0980834272829765,1.2206889257785045,0.07776597373468933,0.06452612599224038,,,1.17,0.68,0.51,2.69,0.07,1.36,0.23,0.01,0.0,0.361,1.239368165249089,1.4670950642621061,0.231,,0.014,,0.0,,False,96.0,99.0,96.0,88.0,93.0,91.0,91.0,92.0,94.0,high,high,high,high,high,high,high,high,high,2026-04-08
hitter,CHC,TB,Michael Busch,683737,2.0,1B,Confirmed,4.39,,,,,1.26,0.42,,,,,1.0965005219262973,1.427951650833598,0.49549210236294106,0.3509120434792772,0.707983193277311,0.7601843945578883,0.1652805639865981,0.12347199444110325,,,0.74,0.48,0.3,1.59,0.14,1.31,0.16,0.01,0.0,0.296,1.3148148148148149,1.2973185493326724,0.16,,0.011,,0.0,,False,96.0,99.0,96.0,88.0,93.0,91.0,91.0,92.0,94.0,high,high,high,high,high,high,high,high,high,2026-04-08
hitter,CHC,TB,Alex Bregman,608324,3.0,3B,Confirmed,4.48,,,,,1.14,0.18,,,,,1.0885766030513613,1.1870447817564735,0.1283953683027282,0.23198543060975654,0.6506024096385542,0.7573750895742816,0.026534099492524343,0.03528717559864965,,,0.71,0.54,0.4,1.95,0.03,0.99,0.18,0.01,0.0,0.319,0.9375,1.0400170656010888,0.175,,0.008,,0.0,,False,96.0,99.0,96.0,88.0,93.0,91.0,91.0,92.0,94.0,high,high,high,high,high,high,high,high,high,2026-04-08
hitter,CHC,TB,Pete Crow-Armstrong,691718,4.0,CF,Confirmed,3.89,,,,,1.2,0.16,,,,,1.1147052996266975,1.293474907344368,0.1508478993399834,0.17897027347006994,0.4803149606299212,0.5354907757237314,0.10285943769648292,0.10514034614079543,,,0.51,0.36,0.3,1.36,0.1,0.99,0.16,0.01,0.0,0.239,1.001763668430335,0.9786290225588734,0.161,,0.01,,0.0,,False,96.0,99.0,96.0,88.0,93.0,91.0,91.0,92.0,94.0,high,high,high,high,high,high,high,high,high,2026-04-08
hitter,CHC,TB,Carson Kelly,608348,5.0,C,Confirmed,3.96,,,,,1.05,0.22,,,,,0.9677960620381098,1.1396759628370536,0.21633307026510837,0.2312502606585904,0.5290322580645161,0.5938968150591429,0.12055254989706485,0.09549674082333935,,,0.56,0.43,0.34,1.57,0.11,1.05,0.14,0.01,0.0,0.282,1.001763668430335,1.0977471731093922,0.14,,0.007,,0.0,,False,96.0,99.0,96.0,88.0,93.0,91.0,91.0,92.0,94.0,high,high,high,high,high,high,high,high,high,2026-04-08
hitter,CHC,TB,Moisés Ballesteros,694208,6.0,DH,Confirmed,3.02,,,,,0.86,0.19,,,,,0.8146449197873686,0.9044269925052008,0.21693728584202887,0.1655091984872949,0.4125159642401022,0.44065343898040893,0.04021938372289598,0.031640274394388435,,,0.43,0.29,0.26,1.19,0.04,0.58,0.13,0.01,0.0,0.288,0.6289308176100628,0.5431229583465526,0.131,,0.007,,0.0,,False,96.0,99.0,96.0,88.0,93.0,91.0,91.0,92.0,94.0,high,high,high,high,high,high,high,high,high,2026-04-08
hitter,CHC,TB,Dansby Swanson,621020,7.0,SS,Confirmed,3.89,,,,,1.29,0.2,,,,,1.2128179078258616,1.3601085372098933,0.19501890733658456,0.2008731969668514,0.4803149606299212,0.580406586917681,0.09340150584268475,0.08560357693666346,,,0.54,0.34,0.26,1.31,0.09,0.81,0.14,0.01,0.0,0.259,0.7899761336515513,0.8345858330555787,0.138,,0.009,,0.0,,False,96.0,99.0,96.0,88.0,93.0,91.0,91.0,92.0,94.0,high,high,high,high,high,high,high,high,high,2026-04-08
hitter,CHC,TB,Michael Conforto,624424,8.0,LF,Confirmed,4.18,,,,,0.85,0.6,,,,,0.8472041676243672,0.859614493729721,0.652318879497378,0.5387940776274515,0.8949771689497716,0.9286639582369379,0.16211164718107518,0.2084645424757396,,,0.91,0.43,0.31,1.61,0.19,1.57,0.17,0.01,0.0,0.316,1.5956790123456794,1.5416865819904988,0.172,,0.009,,0.0,,False,96.0,99.0,96.0,88.0,93.0,91.0,91.0,92.0,94.0,high,high,high,high,high,high,high,high,high,2026-04-08
hitter,CHC,TB,Matt Shaw,807713,9.0,RF,Confirmed,3.33,,,,,0.96,0.19,,,,,0.8505465512012002,1.0672660266495968,0.19852846173986957,0.18752012424510772,0.4125159642401022,0.4596740699967968,0.053137393371692355,0.035034893195423,,,0.44,0.32,0.25,1.28,0.04,0.68,0.15,0.01,0.0,0.294,0.6720588235294118,0.6850587450001864,0.15,,0.008,,0.0,,False,96.0,99.0,96.0,88.0,93.0,91.0,91.0,92.0,94.0,high,high,high,high,high,high,high,high,high,2026-04-08
hitter,MIA,CIN,Jakob Marsee,805300,1.0,CF,Confirmed,4.51,,,,,1.23,0.73,,,,,1.06295227588373,1.4014797156517074,0.7396825590005863,0.7134357754480463,0.6434108527131783,0.5248420631725353,0.049999638761609025,0.051742527469433794,,,0.58,0.56,0.44,2.0,0.05,1.0,0.22,0.02,0.0,0.309,1.001763668430335,1.0029039631070609,0.216,,0.016,,0.0,,False,96.0,99.0,96.0,88.0,93.0,91.0,91.0,92.0,94.0,high,high,high,high,high,high,high,high,high,2026-04-08
hitter,MIA,CIN,Xavier Edwards,669364,2.0,2B,Confirmed,4.51,,,,,0.8,0.66,,,,,0.6799678780909029,0.9212459050287768,0.6568664943350021,0.6686879276818682,0.8949771689497716,0.8618304579555788,0.031715615087567595,0.030418523094893145,,,0.88,0.54,0.4,2.03,0.03,1.08,0.19,0.01,0.0,0.299,1.1238670694864048,1.0418294356730815,0.191,,0.011,,0.0,,False,96.0,99.0,96.0,88.0,93.0,91.0,91.0,92.0,94.0,high,high,high,high,high,high,high,high,high,2026-04-08
hitter,MIA,CIN,Agustín Ramírez,682663,3.0,DH,Confirmed,4.26,,,,,1.2,0.49,,,,,1.1977029481506638,1.2049610602320426,0.4960988787989833,0.48347876127892586,0.801980198019802,0.7182149834698138,0.08038431421908396,0.07449080028287508,,,0.76,0.6,0.57,2.27,0.08,1.2,0.19,0.01,0.0,0.338,1.239368165249089,1.172244060934849,0.185,,0.008,,0.0,,False,96.0,99.0,96.0,88.0,93.0,91.0,91.0,92.0,94.0,high,high,high,high,high,high,high,high,high,2026-04-08
hitter,MIA,CIN,Liam Hicks,689414,4.0,C,Confirmed,3.19,,,,,0.31,0.32,,,,,0.31053175916268083,0.30334239512475714,0.31752772912115035,0.3167777624067587,0.3344051446945337,0.2682359926293189,0.019810666864185422,0.0017699112600261786,,,0.3,0.38,0.32,1.47,0.01,0.43,0.14,0.01,0.0,0.297,0.44025157232704404,0.425571160524877,0.14,,0.008,,0.0,,False,96.0,99.0,96.0,88.0,93.0,91.0,91.0,92.0,94.0,high,high,high,high,high,high,high,high,high,2026-04-08
hitter,MIA,CIN,Connor Norby,681393,5.0,1B,Confirmed,4.18,,,,,1.42,0.55,,,,,1.2332218275473217,1.599251010390723,0.562037292353495,0.5335096726667167,0.994208494208494,0.7650830767167452,0.0920493582917982,0.09305867542513484,,,0.87,0.58,0.54,2.22,0.09,1.32,0.18,0.01,0.0,0.332,1.3893129770992367,1.2648684975105908,0.18,,0.009,,0.0,,False,96.0,99.0,96.0,88.0,93.0,91.0,91.0,92.0,94.0,high,high,high,high,high,high,high,high,high,2026-04-08
hitter,MIA,CIN,Owen Caissie,683357,6.0,RF,Confirmed,2.55,,,,,0.88,0.22,,,,,0.9094372335808404,0.8546982259637215,0.24108945466311268,0.20100332432999066,0.35424354243542433,0.2756139808507774,0.058984482076853896,0.04829569800603842,,,0.31,0.22,0.23,0.93,0.05,0.6,0.11,0.01,0.0,0.254,0.6720588235294118,0.54206578179434,0.113,,0.009,,0.0,,False,96.0,99.0,96.0,88.0,93.0,91.0,91.0,92.0,94.0,high,high,high,high,high,high,high,high,high,2026-04-08
hitter,MIA,CIN,Griffin Conine,665052,7.0,LF,Confirmed,4.04,,,,,0.72,0.4,,,,,0.6564797895862852,0.7865598256204747,0.3755097299953706,0.42288550693578153,0.35424354243542433,0.3808917543156702,0.035242950182680505,0.04304712067793859,,,0.37,0.44,0.41,1.75,0.04,0.59,0.2,0.01,0.0,0.308,0.5302013422818792,0.6474624856905168,0.2,,0.01,,0.0,,False,96.0,99.0,96.0,88.0,93.0,91.0,91.0,92.0,94.0,high,high,high,high,high,high,high,high,high,2026-04-08
hitter,MIA,CIN,Leo Jiménez,677870,8.0,SS,Confirmed,1.84,,,,,0.63,0.12,,,,,0.6880565771045756,0.5659232937139169,0.15120444746115252,0.08362399252201363,0.4125159642401022,0.24490335645306832,0.05923183034559199,0.033094562478924346,,,0.32,0.19,0.17,0.78,0.05,0.54,0.09,0.01,0.0,0.29,0.6720588235294118,0.4357074941773926,0.088,,0.009,,0.0,,False,96.0,99.0,96.0,88.0,93.0,91.0,91.0,92.0,94.0,high,high,high,high,high,high,high,high,high,2026-04-08
hitter,MIA,CIN,Graham Pauley,688363,9.0,3B,Confirmed,3.1,,,,,0.48,0.36,,,,,0.47912151822552995,0.4884050785395542,0.3840013327969447,0.33067180583483097,0.3344051446945337,0.29332852654317243,0.021573984665824976,0.010916052073668582,,,0.31,0.33,0.29,1.33,0.02,0.44,0.15,0.01,0.0,0.307,0.44025157232704404,0.4341781894789276,0.146,,0.007,,0.0,,False,96.0,99.0,96.0,88.0,93.0,91.0,91.0,92.0,94.0,high,high,high,high,high,high,high,high,high,2026-04-08
hitter,CIN,MIA,TJ Friedl,670770,1.0,CF,Confirmed,4.27,,,,,0.97,0.44,,,,,0.9404242783144611,0.9997796518101647,0.4445663869052996,0.4344179384794356,0.7061469265367316,0.7140324926814652,0.02263015766257897,0.024294697812471993,,,0.71,0.5,0.31,1.51,0.02,0.82,0.11,0.01,0.0,0.315,0.7899761336515513,0.8402303408111681,0.108,,0.006,,0.0,,False,96.0,99.0,96.0,88.0,93.0,91.0,91.0,92.0,94.0,high,high,high,high,high,high,high,high,high,2026-04-08
hitter,CIN,MIA,Matt McLain,680574,2.0,2B,Confirmed,3.96,,,,,1.49,0.42,,,,,1.451821597021201,1.5219743686370903,0.45149548298549835,0.39588977742045567,0.4125159642401022,0.5105415348429881,0.03341747374652051,0.0511664282197132,,,0.47,0.42,0.28,1.23,0.04,0.7,0.11,0.01,0.0,0.286,0.6720588235294118,0.7204523173905831,0.109,,0.006,,0.0,,False,96.0,99.0,96.0,88.0,93.0,91.0,91.0,92.0,94.0,high,high,high,high,high,high,high,high,high,2026-04-08
hitter,CIN,MIA,Elly De La Cruz,682829,3.0,SS,Confirmed,4.14,,,,,1.49,0.36,,,,,1.512919609649134,1.4724070675583958,0.37055011119076864,0.35307377495027925,0.4803149606299212,0.5484622500660428,0.029064736629956005,0.03465544833640109,,,0.52,0.46,0.35,1.45,0.03,0.69,0.1,0.01,0.0,0.295,0.6720588235294118,0.6960873306014688,0.103,,0.009,,0.0,,False,96.0,99.0,96.0,88.0,93.0,91.0,91.0,92.0,94.0,high,high,high,high,high,high,high,high,high,2026-04-08
hitter,CIN,MIA,Sal Stewart,701398,4.0,1B,Confirmed,3.1,,,,,1.13,0.21,,,,,1.0876699314405314,1.1816152481203486,0.20566219106850947,0.2111586390970413,0.4125159642401022,0.38384883913479306,0.03837317613895072,0.03269392662556176,,,0.4,0.33,0.3,1.05,0.04,0.63,0.09,0.01,0.0,0.272,0.6720588235294118,0.5865541558432905,0.09,,0.006,,0.0,,False,96.0,99.0,96.0,88.0,93.0,91.0,91.0,92.0,94.0,high,high,high,high,high,high,high,high,high,2026-04-08
hitter,CIN,MIA,Eugenio Suárez,553993,5.0,DH,Confirmed,3.96,,,,,1.35,0.29,,,,,1.369085463971655,1.340012498697385,0.2810731636440357,0.2892310573695829,1.0980834272829765,1.0220759514091784,0.28864115362749154,0.25051516196303725,,,1.06,0.42,0.36,1.31,0.27,2.03,0.09,0.01,0.0,0.268,2.057017543859649,2.014662931028977,0.088,,0.006,,0.0,,False,96.0,99.0,96.0,88.0,93.0,91.0,91.0,92.0,94.0,high,high,high,high,high,high,high,high,high,2026-04-08
hitter,CIN,MIA,Will Benson,666181,6.0,LF,Confirmed,3.48,,,,,1.14,0.28,,,,,1.0548375522718747,1.2311743190008093,0.2980295832494736,0.26009742462075924,0.4125159642401022,0.46012285481262616,0.03520059280277289,0.03680791848510159,,,0.44,0.34,0.34,1.21,0.04,0.65,0.1,0.01,0.0,0.283,0.6720588235294118,0.6267580918825465,0.103,,0.007,,0.0,,False,96.0,99.0,96.0,88.0,93.0,91.0,91.0,92.0,94.0,high,high,high,high,high,high,high,high,high,2026-04-08
hitter,CIN,MIA,Tyler Stephenson,663886,7.0,C,Confirmed,3.49,,,,,1.45,0.29,,,,,1.4888021701909053,1.4164792920197067,0.27550391319264644,0.3098317902078303,0.35424354243542433,0.2961728298808355,0.02703396597082906,0.02221391627510952,,,0.32,0.27,0.21,0.89,0.02,0.55,0.09,0.01,0.0,0.232,0.6289308176100628,0.4858876511187512,0.087,,0.006,,0.0,,False,96.0,99.0,96.0,88.0,93.0,91.0,91.0,92.0,94.0,high,high,high,high,high,high,high,high,high,2026-04-08
hitter,CIN,MIA,Noelvi Marte,682622,8.0,RF,Confirmed,3.74,,,,,1.33,0.14,,,,,1.2593787068582507,1.3996480993105533,0.14872940655514716,0.12343051525443334,0.4125159642401022,0.5109778431067645,0.02376918231767616,0.011212727578372234,,,0.47,0.27,0.23,0.98,0.02,0.56,0.09,0.01,0.0,0.212,0.5302013422818792,0.5872348025073605,0.087,,0.007,,0.0,,False,96.0,99.0,96.0,88.0,93.0,91.0,91.0,92.0,94.0,high,high,high,high,high,high,high,high,high,2026-04-08
hitter,CIN,MIA,Ke'Bryan Hayes,663647,9.0,3B,Confirmed,3.33,,,,,0.85,0.19,,,,,0.8301373630854738,0.8617707437878961,0.18869099501158745,0.18501191002540956,0.4125159642401022,0.46085554328539746,0.02355369407864786,0.019207279152645796,,,0.44,0.28,0.24,1.04,0.02,0.63,0.1,0.01,0.0,0.241,0.6720588235294118,0.5865272656031307,0.104,,0.007,,0.0,,False,96.0,99.0,96.0,88.0,93.0,91.0,91.0,92.0,94.0,high,high,high,high,high,high,high,high,high,2026-04-08
hitter,NYY,ATH,Trent Grisham,663757,1.0,CF,Confirmed,4.18,,,,,1.36,0.36,,,,,1.3667605152345026,1.358302790588461,0.35595315532649074,0.3613429189398139,0.7061469265367316,0.6955774600340825,0.12017986330011612,0.12142271157539473,,,0.7,0.37,0.24,1.25,0.12,1.17,0.12,0.01,0.0,0.233,1.1521739130434783,1.1921843122183604,0.123,,0.008,,0.0,,False,96.0,99.0,96.0,88.0,93.0,91.0,91.0,92.0,94.0,high,high,high,high,high,high,high,high,high,2026-04-08
hitter,NYY,ATH,Aaron Judge,592450,2.0,RF,Confirmed,4.18,,,,,1.37,0.5,,,,,1.3886559618049745,1.3561035401815482,0.5461865163150804,0.46186411579261905,0.994208494208494,0.9360346789562733,0.22683698576504532,0.17825863815136342,,,0.96,0.45,0.33,1.55,0.2,1.83,0.12,0.01,0.0,0.27,1.914285714285714,1.7655347612559094,0.12,,0.01,,0.0,,False,96.0,99.0,96.0,88.0,93.0,91.0,91.0,92.0,94.0,high,high,high,high,high,high,high,high,high,2026-04-08
hitter,NYY,ATH,Cody Bellinger,641355,3.0,LF,Confirmed,4.25,,,,,0.79,0.33,,,,,0.7783751989958276,0.8102155355406321,0.34079616606393315,0.31134968284775366,0.801980198019802,0.7809483979261457,0.06404496072119535,0.0582336455640611,,,0.79,0.37,0.28,1.36,0.06,1.23,0.15,0.01,0.0,0.227,1.239368165249089,1.2176391086481348,0.153,,0.011,,0.0,,False,96.0,99.0,96.0,88.0,93.0,91.0,91.0,92.0,94.0,high,high,high,high,high,high,high,high,high,2026-04-08
hitter,NYY,ATH,Ben Rice,700250,4.0,1B,Confirmed,3.81,,,,,0.97,0.28,,,,,0.9706346474789053,0.9793291035240862,0.31273730362955743,0.24653711986405993,0.7061469265367316,0.6618831869325149,0.10013835479069855,0.09157084233252061,,,0.68,0.33,0.27,1.25,0.1,1.25,0.15,0.01,0.0,0.225,1.239368165249089,1.2541537518041674,0.145,,0.008,,0.0,,False,96.0,99.0,96.0,88.0,93.0,91.0,91.0,92.0,94.0,high,high,high,high,high,high,high,high,high,2026-04-08
hitter,NYY,ATH,Giancarlo Stanton,519317,5.0,DH,Confirmed,3.81,,,,,1.48,0.38,,,,,1.4752188533306982,1.4758397706977193,0.4491197121644136,0.3013716303299847,0.707983193277311,0.6477780589090077,0.13900226694241113,0.1201348850695674,,,0.67,0.34,0.26,1.19,0.13,1.2,0.12,0.01,0.0,0.233,1.239368165249089,1.16472086042878,0.123,,0.007,,0.0,,False,96.0,99.0,96.0,88.0,93.0,91.0,91.0,92.0,94.0,high,high,high,high,high,high,high,high,high,2026-04-08
hitter,NYY,ATH,Jazz Chisholm Jr.,665862,6.0,2B,Confirmed,3.33,,,,,1.25,0.26,,,,,1.2761055412803977,1.2165913745379069,0.30641339448663574,0.22229430181903664,0.4803149606299212,0.4651348201607316,0.10204786804316662,0.07941612568162104,,,0.47,0.23,0.22,0.93,0.09,0.94,0.12,0.01,0.0,0.211,0.9875776397515532,0.9087505365770994,0.122,,0.008,,0.0,,False,96.0,99.0,96.0,88.0,93.0,91.0,91.0,92.0,94.0,high,high,high,high,high,high,high,high,high,2026-04-08
hitter,NYY,ATH,J.C. Escarra,641555,7.0,C,Confirmed,2.9,,,,,0.48,0.39,,,,,0.5077692689556829,0.4500926736927522,0.4314471644949186,0.3390216509771726,0.7061469265367316,0.5202157865338185,0.15261598254977773,0.12475420145717576,,,0.6,0.19,0.15,0.75,0.14,1.18,0.1,0.01,0.0,0.195,1.3893129770992367,1.016581678156898,0.099,,0.009,,0.0,,False,96.0,99.0,96.0,88.0,93.0,91.0,91.0,92.0,94.0,high,high,high,high,high,high,high,high,high,2026-04-08
hitter,NYY,ATH,Amed Rosario,642708,8.0,3B,Confirmed,3.1,,,,,0.76,0.14,,,,,0.7297289410041958,0.7945427319675036,0.14420729728567241,0.13802420598012896,0.6875,0.610844361827525,0.06974278914045565,0.06967831755651721,,,0.65,0.26,0.23,1.14,0.07,0.87,0.12,0.01,0.0,0.238,0.8408408408408409,0.9026314010394884,0.115,,0.007,,0.0,,False,96.0,99.0,96.0,88.0,93.0,91.0,91.0,92.0,94.0,high,high,high,high,high,high,high,high,high,2026-04-08
hitter,NYY,ATH,Ryan McMahon,641857,9.0,SS,Confirmed,2.55,,,,,1.11,0.16,,,,,1.1587731960517118,1.06290919044362,0.16661181221439486,0.15760087014492646,0.3344051446945337,0.27204573065241067,0.06364482487124241,0.053207956439009677,,,0.3,0.16,0.13,0.62,0.06,0.56,0.07,0.01,0.0,0.185,0.4591194968553459,0.6337405810127212,0.075,,0.007,,0.0,,False,96.0,99.0,96.0,88.0,93.0,91.0,91.0,92.0,94.0,high,high,high,high,high,high,high,high,high,2026-04-08
hitter,ATH,NYY,Nick Kurtz,701762,1.0,1B,Confirmed,3.96,,,,,1.89,0.42,,,,,1.8642749168287867,1.9089461788659523,0.4063395303049626,0.43537286636105565,0.4803149606299212,0.4744174114428953,0.12225946909764951,0.09900098277698897,,,0.48,0.62,0.54,2.03,0.11,0.82,0.14,0.01,0.0,0.374,0.7899761336515513,0.8464776219435206,0.139,,0.008,,0.0,,False,96.0,99.0,96.0,88.0,93.0,91.0,91.0,92.0,94.0,high,high,high,high,high,high,high,high,high,2026-04-08
hitter,ATH,NYY,Shea Langeliers,669127,2.0,C,Confirmed,4.51,,,,,0.95,0.45,,,,,0.9316040976679679,0.9673660376609898,0.45198852195434036,0.45041055405160874,0.707983193277311,0.7458207172344714,0.0501863036274193,0.0669165578082217,,,0.73,0.68,0.6,2.38,0.06,1.0,0.24,0.01,0.0,0.361,0.9875776397515532,1.0127755479791913,0.241,,0.009,,0.0,,False,96.0,99.0,96.0,88.0,93.0,91.0,91.0,92.0,94.0,high,high,high,high,high,high,high,high,high,2026-04-08
hitter,ATH,NYY,Tyler Soderstrom,691016,3.0,LF,Confirmed,3.09,,,,,1.34,0.22,,,,,1.430886267699778,1.2575882345585585,0.24584817848488807,0.19764447922082676,0.4125159642401022,0.36636662157796135,0.03976045077737746,0.015221144437208458,,,0.39,0.43,0.41,1.54,0.03,0.58,0.14,0.01,0.0,0.336,0.6289308176100628,0.539030579296298,0.14,,0.008,,0.0,,False,96.0,99.0,96.0,88.0,93.0,91.0,91.0,92.0,94.0,high,high,high,high,high,high,high,high,high,2026-04-08
hitter,ATH,NYY,Brent Rooker,667670,4.0,DH,Confirmed,3.49,,,,,1.46,0.29,,,,,1.4716478976122664,1.4434813626816616,0.31811066307571423,0.27006332835954555,0.4125159642401022,0.420008221149809,0.04592355066531376,0.030557923742458738,,,0.42,0.5,0.48,1.75,0.04,0.63,0.16,0.01,0.0,0.35,0.6720588235294118,0.5922525739750069,0.164,,0.009,,0.0,,False,96.0,99.0,96.0,88.0,93.0,91.0,91.0,92.0,94.0,high,high,high,high,high,high,high,high,high,2026-04-08
hitter,ATH,NYY,Jacob Wilson,805779,5.0,SS,Confirmed,4.08,,,,,0.47,0.31,,,,,0.4005259622214664,0.5473822406903842,0.30512772546686984,0.31010177045528964,0.4803149606299212,0.5289847304657697,0.021376328495867895,0.007800862772868109,,,0.51,0.55,0.51,2.16,0.01,0.68,0.21,0.01,0.0,0.329,0.6720588235294118,0.6926431414062352,0.21,,0.011,,0.0,,False,96.0,99.0,96.0,88.0,93.0,91.0,91.0,92.0,94.0,high,high,high,high,high,high,high,high,high,2026-04-08
hitter,ATH,NYY,Lawrence Butler,671732,6.0,RF,Confirmed,4.08,,,,,1.16,0.45,,,,,1.1104437399369809,1.202879645770415,0.4362568405826681,0.46185540820606097,0.4125159642401022,0.4546412547436852,0.03514987467213139,0.024632357098352535,,,0.44,0.48,0.53,1.88,0.03,0.7,0.14,0.01,0.0,0.32,0.6720588235294118,0.7226148153654762,0.135,,0.009,,0.0,,False,96.0,99.0,96.0,88.0,93.0,91.0,91.0,92.0,94.0,high,high,high,high,high,high,high,high,high,2026-04-08
hitter,ATH,NYY,Max Muncy,691777,7.0,3B,Confirmed,4.04,,,,,1.73,0.24,,,,,1.6342752308075914,1.8314190821361034,0.22455286877782954,0.24869299286936264,0.5290322580645161,0.5802106048451237,0.04858129143617641,0.027339223442135744,,,0.56,0.47,0.47,1.81,0.04,0.81,0.16,0.01,0.0,0.317,0.7899761336515513,0.8175530375376965,0.161,,0.012,,0.0,,False,96.0,99.0,96.0,88.0,93.0,91.0,91.0,92.0,94.0,high,high,high,high,high,high,high,high,high,2026-04-08
hitter,ATH,NYY,Jeff McNeil,643446,8.0,2B,Confirmed,4.18,,,,,0.74,0.63,,,,,0.7014170345398579,0.7710637398063158,0.6340433525277799,0.6277132337712477,0.5846774193548387,0.5836476215924306,0.042187959281103554,0.04144262273209263,,,0.58,0.43,0.4,1.71,0.04,0.95,0.18,0.01,0.0,0.292,0.9875776397515532,0.9257402768520753,0.176,,0.011,,0.0,,False,96.0,99.0,96.0,88.0,93.0,91.0,91.0,92.0,94.0,high,high,high,high,high,high,high,high,high,2026-04-08
hitter,ATH,NYY,Carlos Cortes,666126,9.0,RF,Confirmed,2.07,,,,,0.97,0.11,,,,,1.0792181575448963,0.865502863164397,0.13141552633850825,0.08565680073862117,0.2543859649122807,0.1639570612526728,0.0262916045699696,0.01208179141039318,,,0.2,0.24,0.24,0.89,0.02,0.33,0.1,0.01,0.0,0.318,0.3888888888888889,0.29044248286107677,0.105,,0.01,,0.0,,False,96.0,99.0,96.0,88.0,93.0,91.0,91.0,92.0,94.0,high,high,high,high,high,high,high,high,high,2026-04-08
hitter,MIN,DET,Byron Buxton,621439,1.0,CF,Confirmed,4.26,,,,,1.16,0.19,,,,,1.20036621666419,1.1114252448934312,0.18014686516285527,0.209499165419615,1.607843137254902,1.346513853502443,0.6408437654125613,0.4975324933752316,,,1.46,0.59,0.5,2.09,0.57,4.1,0.14,0.01,0.0,0.332,5.416666666666667,3.015069213116111,0.145,,0.014,,0.0,,False,96.0,99.0,96.0,88.0,93.0,91.0,91.0,92.0,94.0,high,high,high,high,high,high,high,high,high,2026-04-08
hitter,MIN,DET,Austin Martin,668885,2.0,LF,Confirmed,4.48,,,,,1.15,0.18,,,,,1.0238738662019886,1.2708531546666069,0.17844882423658248,0.18353940238902244,0.6434108527131783,0.6449269868226168,0.025704412669199803,0.013609634571416826,,,0.64,0.5,0.37,1.86,0.02,0.88,0.14,0.01,0.0,0.277,0.8408408408408409,0.9190885724385248,0.136,,0.011,,0.0,,False,96.0,99.0,96.0,88.0,93.0,91.0,91.0,92.0,94.0,high,high,high,high,high,high,high,high,high,2026-04-08
hitter,MIN,DET,Luke Keaschall,807712,3.0,2B,Confirmed,4.03,,,,,0.51,0.4,,,,,0.48941672231730937,0.538445554713929,0.3933197104377326,0.4015181447980633,0.801980198019802,0.8296295020382939,0.030195932612230792,0.0199905751551755,,,0.82,0.38,0.32,1.41,0.03,1.08,0.12,0.01,0.0,0.236,1.1238670694864048,1.042419918519552,0.118,,0.012,,0.0,,False,96.0,99.0,96.0,88.0,93.0,91.0,91.0,92.0,94.0,high,high,high,high,high,high,high,high,high,2026-04-08
hitter,MIN,DET,Ryan Jeffers,680777,4.0,C,Confirmed,4.08,,,,,1.33,0.13,,,,,1.258189953992973,1.401175432396485,0.11852005531449454,0.13534044221218694,0.5846774193548387,0.6261123274083361,0.03433376660971328,0.03250697068815467,,,0.61,0.48,0.42,1.79,0.03,0.83,0.16,0.01,0.0,0.296,0.7899761336515513,0.864635923998406,0.163,,0.01,,0.0,,False,96.0,99.0,96.0,88.0,93.0,91.0,91.0,92.0,94.0,high,high,high,high,high,high,high,high,high,2026-04-08
hitter,MIN,DET,Victor Caratini,605170,5.0,1B,Confirmed,3.58,,,,,0.69,0.28,,,,,0.6654122568527417,0.7067194010560565,0.3243823836758446,0.2357101967454225,0.994208494208494,0.86842728991838,0.24859892593341051,0.17212005066540792,,,0.93,0.37,0.33,1.42,0.21,1.59,0.11,0.01,0.0,0.257,1.684375,1.5144994289132065,0.112,,0.009,,0.0,,False,96.0,99.0,96.0,88.0,93.0,91.0,91.0,92.0,94.0,high,high,high,high,high,high,high,high,high,2026-04-08
hitter,MIN,DET,Josh Bell,605137,6.0,DH,Confirmed,3.48,,,,,1.1,0.12,,,,,1.1317648680578036,1.074692310999093,0.1261748826804569,0.11860274618998033,0.35424354243542433,0.35047299757867983,0.041804597974653204,0.04569412018878376,,,0.35,0.38,0.39,1.55,0.04,0.6,0.13,0.01,0.0,0.307,0.5302013422818792,0.6487205186541827,0.13,,0.008,,0.0,,False,96.0,99.0,96.0,88.0,93.0,91.0,91.0,92.0,94.0,high,high,high,high,high,high,high,high,high,2026-04-08
hitter,MIN,DET,Matt Wallner,670242,7.0,RF,Confirmed,3.74,,,,,0.77,0.43,,,,,0.7623701345881548,0.7722929137701153,0.43565206573766346,0.41980663245388117,1.0980834272829765,0.9148928258789384,0.07822624599158631,0.07939695139258855,,,1.0,0.4,0.36,1.46,0.08,1.49,0.12,0.01,0.0,0.299,1.5956790123456794,1.4057670004786962,0.12,,0.009,,0.0,,False,96.0,99.0,96.0,88.0,93.0,91.0,91.0,92.0,94.0,high,high,high,high,high,high,high,high,high,2026-04-08
hitter,MIN,DET,Royce Lewis,668904,8.0,3B,Confirmed,4.18,,,,,1.39,0.08,,,,,1.332950499818996,1.446752910536499,0.09221694144211788,0.06889037168597906,0.6434108527131783,0.6082749471526958,0.04723635760202142,0.041462877351948105,,,0.62,0.41,0.38,1.67,0.04,0.97,0.17,0.01,0.0,0.271,0.9875776397515532,0.9513762502264336,0.171,,0.009,,0.0,,False,96.0,99.0,96.0,88.0,93.0,91.0,91.0,92.0,94.0,high,high,high,high,high,high,high,high,high,2026-04-08
hitter,MIN,DET,Brooks Lee,686797,9.0,SS,Confirmed,3.81,,,,,1.13,0.11,,,,,1.0897649750688607,1.1649283217328508,0.11607563433609144,0.1089261578836876,0.5290322580645161,0.625795630598479,0.036724951264989224,0.049168405770535176,,,0.58,0.39,0.36,1.63,0.04,0.86,0.14,0.01,0.0,0.286,0.8408408408408409,0.884254605731224,0.142,,0.008,,0.0,,False,96.0,99.0,96.0,88.0,93.0,91.0,91.0,92.0,94.0,high,high,high,high,high,high,high,high,high,2026-04-08
hitter,DET,MIN,Colt Keith,690993,1.0,1B,Confirmed,3.02,,,,,0.92,0.12,,,,,0.9626186269162545,0.8781393637839969,0.12060307136994591,0.12267399150305505,0.4125159642401022,0.4653652347140203,0.03683433720123651,0.0206603277864939,,,0.44,0.21,0.14,0.7,0.03,0.63,0.09,0.01,0.0,0.182,0.6720588235294118,0.5994893552296294,0.093,,0.008,,0.0,,False,96.0,99.0,96.0,88.0,93.0,91.0,91.0,92.0,94.0,high,high,high,high,high,high,high,high,high,2026-04-08
hitter,DET,MIN,Kevin McGonigle,805808,2.0,3B,Confirmed,2.07,,,,,0.58,0.13,,,,,0.544492325552639,0.6057104440308636,0.15341388017997307,0.11209217355952085,0.3344051446945337,0.18461127337789332,0.06721198790422885,0.05388038706140806,,,0.25,0.14,0.1,0.5,0.06,0.46,0.08,0.01,0.0,0.187,0.5302013422818792,0.4116262873672341,0.077,,0.006,,0.0,,False,96.0,99.0,96.0,88.0,93.0,91.0,91.0,92.0,94.0,high,high,high,high,high,high,high,high,high,2026-04-08
hitter,DET,MIN,Gleyber Torres,650402,3.0,DH,Confirmed,4.18,,,,,1.01,0.23,,,,,1.045190170250953,0.9674781935181005,0.23047341317391393,0.22610149722869535,0.707983193277311,0.756412819195667,0.04682940916572503,0.04300953776726519,,,0.73,0.33,0.25,1.17,0.04,1.04,0.12,0.01,0.0,0.212,1.001763668430335,1.072789261467079,0.119,,0.007,,0.0,,False,96.0,99.0,96.0,88.0,93.0,91.0,91.0,92.0,94.0,high,high,high,high,high,high,high,high,high,2026-04-08
hitter,DET,MIN,Kerry Carpenter,681481,4.0,RF,Confirmed,3.81,,,,,1.24,0.15,,,,,1.2351075318468556,1.2543046030040972,0.16293191652677025,0.13550418726100177,0.6434108527131783,0.5708062272808562,0.04396523211058385,0.04258774388113936,,,0.6,0.23,0.18,0.82,0.04,0.87,0.1,0.01,0.0,0.157,0.8408408408408409,0.896473450964709,0.1,,0.008,,0.0,,False,96.0,99.0,96.0,88.0,93.0,91.0,91.0,92.0,94.0,high,high,high,high,high,high,high,high,high,2026-04-08
hitter,DET,MIN,Riley Greene,682985,5.0,LF,Confirmed,3.96,,,,,1.48,0.19,,,,,1.4992264816795224,1.4615462824611234,0.1848648360024001,0.1945221211851187,0.707983193277311,0.6897911705236413,0.058659496844817964,0.0641317911467234,,,0.7,0.34,0.28,1.26,0.06,1.08,0.11,0.01,0.0,0.216,1.1238670694864048,1.05154968048102,0.106,,0.007,,0.0,,False,96.0,99.0,96.0,88.0,93.0,91.0,91.0,92.0,94.0,high,high,high,high,high,high,high,high,high,2026-04-08
hitter,DET,MIN,Dillon Dingler,693307,6.0,C,Confirmed,3.54,,,,,1.13,0.1,,,,,1.1399231352656425,1.1221013720779585,0.11421391183095371,0.081672435246888,0.7061469265367316,0.6338425548993917,0.044784588997632886,0.04666727867924703,,,0.67,0.22,0.21,0.91,0.05,0.82,0.11,0.01,0.0,0.183,0.8408408408408409,0.7992740479084496,0.108,,0.008,,0.0,,False,96.0,99.0,96.0,88.0,93.0,91.0,91.0,92.0,94.0,high,high,high,high,high,high,high,high,high,2026-04-08
hitter,DET,MIN,Matt Vierling,663837,7.0,CF,Confirmed,2.07,,,,,0.75,0.15,,,,,0.8387751811207995,0.6691464680787922,0.18708789720137436,0.11100417818173326,0.7061469265367316,0.4111392215673537,0.026522213104040446,0.008331071826130519,,,0.54,0.15,0.12,0.61,0.02,0.62,0.08,0.01,0.0,0.218,0.7899761336515513,0.4848473318229886,0.076,,0.007,,0.0,,False,96.0,99.0,96.0,88.0,93.0,91.0,91.0,92.0,94.0,high,high,high,high,high,high,high,high,high,2026-04-08
hitter,DET,MIN,Zach McKinstry,656716,8.0,2B,Confirmed,3.09,,,,,0.94,0.14,,,,,0.934464264482866,0.9373334068293221,0.12376246508228504,0.15171925604688638,0.4803149606299212,0.47053590318280886,0.018266584224063066,0.0,,,0.47,0.19,0.15,0.75,0.01,0.64,0.1,0.01,0.0,0.193,0.6720588235294118,0.6197419958077305,0.1,,0.012,,0.0,,False,96.0,99.0,96.0,88.0,93.0,91.0,91.0,92.0,94.0,high,high,high,high,high,high,high,high,high,2026-04-08
hitter,DET,MIN,Javier Báez,595879,9.0,SS,Confirmed,3.19,,,,,0.96,0.08,,,,,0.9334830101821223,0.9888512211779319,0.0853774533548085,0.07046047355832231,0.7061469265367316,0.613695514788528,0.03803512930584756,0.02957499798004468,,,0.66,0.22,0.2,0.95,0.03,0.79,0.1,0.01,0.0,0.2,0.7899761336515513,0.7897848061118591,0.098,,0.008,,0.0,,False,96.0,99.0,96.0,88.0,93.0,91.0,91.0,92.0,94.0,high,high,high,high,high,high,high,high,high,2026-04-08
