player_type,team,opponent,player_name,mlb_id,lineup_spot,pos,lineup_status,proj_pa,proj_ip,proj_outs,proj_runs_allowed,proj_hits_allowed,proj_strikeouts,proj_walks,proj_hr_allowed,proj_er_model,proj_fip,proj_war_contribution,direct_K,rate_K,direct_BB,rate_BB,direct_H,rate_H,direct_HR,rate_HR,direct_R,rate_R,proj_hits,proj_runs,proj_rbi,proj_hrrbi,proj_hr,proj_tb,proj_2b,proj_3b,proj_sb,proj_woba,direct_TB,rate_TB,direct_2B,rate_2B,direct_3B,rate_3B,direct_SB,rate_SB,used_fallback,confidence_score,proj_pa_confidence_score,proj_hits_confidence_score,proj_hr_confidence_score,proj_strikeouts_confidence_score,proj_runs_confidence_score,proj_rbi_confidence_score,proj_hrrbi_confidence_score,proj_walks_confidence_score,confidence,proj_pa_confidence,proj_hits_confidence,proj_hr_confidence,proj_strikeouts_confidence,proj_runs_confidence,proj_rbi_confidence,proj_hrrbi_confidence,proj_walks_confidence,game_date
pitcher,CIN,HOU,Nick Lodolo,666157,,,,,4.79,14.0,2.27,4.55,5.78,1.33,0.55,2.21,3.15,0.081,6.017094017094017,5.545235572368783,1.3455882352941178,1.2824725226957707,4.525423728813561,4.62755356150739,0.5409836065573771,0.5661210675823506,2.212,,,,,,,,,,,,,,,,,,,,,,,,,,,,,,,,,,,,,,,2026-05-08
pitcher,HOU,CIN,Mike Burrows,681347,,,,,4.79,14.0,2.34,4.51,5.0,1.65,0.55,2.21,3.91,0.081,4.676567656765677,5.331254490887942,1.610062893081761,1.7704833159728637,4.486486486486487,4.62755356150739,0.547945205479452,0.5661210675823506,2.212,,,,,,,,,,,,,,,,,,,,,,,,,,,,,,,,,,,,,,,2026-05-08
pitcher,PHI,COL,Jesús Luzardo,666200,,,,,5.59,17.0,2.47,5.04,6.72,1.7,0.53,1.79,3.11,0.191,6.649122807017544,6.78431677556018,1.610062893081761,1.9634975907311458,4.879746835443039,5.670126378665604,0.5409836065573771,0.5140159409027215,1.789,,,,,,,,,,,,,,,,,,,,,,,,,,,,,,,,,,,,,,,2026-05-08
pitcher,COL,PHI,Chase Dollander,801403,,,,,4.79,14.0,2.79,4.63,4.71,2.4,0.89,3.0,5.33,-0.002,4.5344827586206895,4.882964964028157,2.4,2.408344720713209,4.500000000000001,5.152155509786922,0.869281045751634,0.9510542321979162,3.0,,,,,,,,,,,,,,,,,,,,,,,,,,,,,,,,,,,,,,,2026-05-08
pitcher,BAL,ATH,Kyle Bradish,680694,,,,,4.79,14.0,2.65,4.39,6.56,2.22,0.88,2.21,4.57,0.081,6.649122807017544,6.479368348332241,2.163265306122449,2.408344720713209,4.326530612244898,4.62755356150739,0.869281045751634,0.907982663950451,2.212,,,,,,,,,,,,,,,,,,,,,,,,,,,,,,,,,,,,,,,2026-05-08
pitcher,ATH,BAL,Jacob Lopez,682052,,,,,4.79,14.0,2.45,4.39,4.78,2.09,0.55,2.21,4.23,0.081,4.676567656765677,4.882964964028157,1.9895483225297688,2.408344720713209,4.326530612244898,4.62755356150739,0.5409836065573771,0.5661210675823506,2.212,,,,,,,,,,,,,,,,,,,,,,,,,,,,,,,,,,,,,,,2026-05-08
pitcher,TOR,LAA,Dylan Cease,656302,,,,,5.13,15.0,2.43,3.94,6.79,2.44,0.79,1.79,4.06,0.155,6.649122807017544,6.939281759278579,2.4,2.579291945147967,3.68,4.9560229166039464,0.7441860465116279,0.8828185567557015,1.789,,,,,,,,,,,,,,,,,,,,,,,,,,,,,,,,,,,,,,,2026-05-08
pitcher,BOS,TB,Connelly Early,813349,,,,,4.79,14.0,2.6,4.88,5.67,1.63,0.77,2.21,3.92,0.081,6.017094017094017,5.331254490887942,1.610062893081761,1.6812829944533958,4.879746835443039,4.858659276173211,0.7441860465116279,0.8243081650798851,2.212,,,,,,,,,,,,,,,,,,,,,,,,,,,,,,,,,,,,,,,2026-05-08
pitcher,TB,BOS,Jesse Scholtens,669947,,,,,4.79,14.0,2.51,4.39,5.92,1.89,0.86,2.21,4.16,0.081,6.017094017094017,5.813394875658903,1.836734693877551,2.041382631246275,4.326530612244898,4.62755356150739,0.869281045751634,0.8243081650798851,2.212,,,,,,,,,,,,,,,,,,,,,,,,,,,,,,,,,,,,,,,2026-05-08
pitcher,WSH,MIA,Foster Griffin,656492,,,,,5.59,17.0,2.65,5.51,5.26,1.7,0.58,2.21,3.61,0.138,4.815751765370128,5.69849147159027,1.610062893081761,1.9620818244247349,5.387096774193548,6.012640772381813,0.547945205479452,0.6606715590366052,2.212,,,,,,,,,,,,,,,,,,,,,,,,,,,,,,,,,,,,,,,2026-05-08
pitcher,CLE,MIN,Parker Messick,800048,,,,,5.5,17.0,2.67,5.19,6.07,1.38,0.89,2.28,4.08,0.123,6.0087798583955765,6.121482192042522,1.3455882352941178,1.4725676147863755,5.093457943925234,5.578836329635211,0.869281045751634,0.9464916300499725,2.28,,,,,,,,,,,,,,,,,,,,,,,,,,,,,,,,,,,,,,,2026-05-08
pitcher,MIN,CLE,Connor Prielipp,687570,,,,,4.79,14.0,2.48,4.43,4.78,1.89,0.77,2.21,4.58,0.081,4.676567656765677,4.882964964028157,1.836734693877551,2.041382631246275,4.326530612244898,4.858659276173211,0.7441860465116279,0.8243081650798851,2.212,,,,,,,,,,,,,,,,,,,,,,,,,,,,,,,,,,,,,,,2026-05-08
pitcher,KC,DET,Kris Bubic,663460,,,,,5.13,15.0,2.57,4.66,4.95,2.24,0.56,2.28,4.18,0.097,4.676567656765677,5.229563729742055,2.163265306122449,2.457397748971994,4.525423728813561,5.203532794732478,0.5409836065573771,0.6063050264504087,2.28,,,,,,,,,,,,,,,,,,,,,,,,,,,,,,,,,,,,,,,2026-05-08
pitcher,DET,KC,Keider Montero,672456,,,,,4.79,14.0,2.4,4.65,4.59,1.71,0.61,2.28,3.91,0.073,4.676567656765677,4.497510524090055,1.610062893081761,2.026480650190615,4.525423728813561,5.152155509786922,0.547945205479452,0.7592911695295503,2.28,,,,,,,,,,,,,,,,,,,,,,,,,,,,,,,,,,,,,,,2026-05-08
pitcher,CWS,SEA,Sean Burke,680732,,,,,4.79,14.0,2.56,4.65,4.59,2.22,0.68,2.28,4.46,0.073,4.676567656765677,4.497510524090055,2.163265306122449,2.408344720713209,4.525423728813561,5.152155509786922,0.625,0.8243081650798851,2.28,,,,,,,,,,,,,,,,,,,,,,,,,,,,,,,,,,,,,,,2026-05-08
pitcher,SEA,CWS,Emerson Hancock,676106,,,,,4.79,14.0,2.68,5.11,3.74,1.71,0.77,2.48,4.9,0.051,3.6538461538461537,3.8257426697625427,1.610062893081761,2.026480650190615,5.093457943925234,5.152155509786922,0.7441860465116279,0.8243081650798851,2.481,,,,,,,,,,,,,,,,,,,,,,,,,,,,,,,,,,,,,,,2026-05-08
pitcher,MIL,NYY,Jacob Misiorowski,694819,,,,,5.13,15.0,2.05,3.92,6.71,1.89,0.41,1.79,3.09,0.155,6.017094017094017,7.401127582960807,1.890295358649789,1.8708652059441744,3.6666666666666665,4.9560229166039464,0.38095238095238093,0.471717670273875,1.789,,,,,,,,,,,,,,,,,,,,,,,,,,,,,,,,,,,,,,,2026-05-08
pitcher,NYY,MIL,Max Fried,608331,,,,,5.59,17.0,2.78,5.21,6.4,1.91,0.82,2.21,4.07,0.138,6.017094017094017,6.78431677556018,1.890295358649789,1.9634975907311458,5.093457943925234,5.670126378665604,0.7580645161290323,0.9619796749053355,2.212,,,,,,,,,,,,,,,,,,,,,,,,,,,,,,,,,,,,,,,2026-05-08
pitcher,TEX,CHC,Kumar Rocker,677958,,,,,4.79,14.0,2.63,4.59,4.78,1.93,0.83,2.28,4.96,0.073,4.676567656765677,4.882964964028157,1.890295358649789,2.041382631246275,4.525423728813561,4.858659276173211,0.7948717948717948,0.907982663950451,2.28,,,,,,,,,,,,,,,,,,,,,,,,,,,,,,,,,,,,,,,2026-05-08
pitcher,CHC,TEX,Ben Brown,676962,,,,,4.79,14.0,2.52,4.71,4.78,1.64,0.68,2.21,4.12,0.081,4.676567656765677,4.882964964028157,1.610062893081761,1.7468702410277968,4.666666666666667,4.858659276173211,0.625,0.8243081650798851,2.212,,,,,,,,,,,,,,,,,,,,,,,,,,,,,,,,,,,,,,,2026-05-08
pitcher,AZ,NYM,Ryne Nelson,669194,,,,,4.79,14.0,2.67,4.59,4.78,1.89,0.89,2.48,4.92,0.051,4.676567656765677,4.882964964028157,1.8333333333333333,2.041382631246275,4.525423728813561,4.858659276173211,0.869281045751634,0.9510542321979162,2.481,,,,,,,,,,,,,,,,,,,,,,,,,,,,,,,,,,,,,,,2026-05-08
pitcher,NYM,AZ,Nolan McLean,690997,,,,,5.59,17.0,2.5,4.34,7.63,2.01,0.82,1.79,3.64,0.191,7.204298478197761,8.064776450048912,1.890295358649789,2.3649325333122206,4.326530612244898,4.390268687509783,0.7580645161290323,0.9619796749053355,1.789,,,,,,,,,,,,,,,,,,,,,,,,,,,,,,,,,,,,,,,2026-05-08
pitcher,SD,STL,Griffin Canning,656288,,,,,4.61,14.0,2.45,4.35,4.69,2.14,0.54,2.21,4.27,0.069,4.676567656765677,4.699471499826681,2.163265306122449,2.063515383437895,4.326530612244898,4.453658020573918,0.5409836065573771,0.5448472070051432,2.212,,,,,,,,,,,,,,,,,,,,,,,,,,,,,,,,,,,,,,,2026-05-08
pitcher,STL,SD,Michael McGreevy,700241,,,,,4.79,14.0,2.97,5.53,3.83,1.43,1.88,3.08,5.86,-0.01,3.8412698412698414,3.8257426697625427,1.3455882352941178,1.6812829944533958,5.387096774193548,6.094132954135056,2.0,1.5844100261612946,3.075,,,,,,,,,,,,,,,,,,,,,,,,,,,,,,,,,,,,,,,2026-05-08
pitcher,LAD,ATL,Emmet Sheehan,686218,,,,,4.79,14.0,2.28,4.39,5.54,1.72,0.55,1.79,3.89,0.13,4.676567656765677,6.412254782662888,1.610062893081761,2.041382631246275,4.326530612244898,4.62755356150739,0.5409836065573771,0.5661210675823506,1.789,,,,,,,,,,,,,,,,,,,,,,,,,,,,,,,,,,,,,,,2026-05-08
pitcher,ATL,LAD,Chris Sale,519242,,,,,5.89,18.0,2.39,5.04,7.78,1.35,0.58,2.21,2.64,0.16,7.666666666666667,7.8847976346314,1.2772277227722773,1.5769860456530456,4.879746835443039,5.690248533878606,0.5409836065573771,0.6719460189935753,2.212,,,,,,,,,,,,,,,,,,,,,,,,,,,,,,,,,,,,,,,2026-05-08
pitcher,SF,PIT,Robbie Ray,592662,,,,,4.79,14.0,2.43,4.65,4.78,1.92,0.55,2.28,3.85,0.073,4.676567656765677,4.882964964028157,1.890295358649789,2.026480650190615,4.525423728813561,5.152155509786922,0.5409836065573771,0.5661210675823506,2.28,,,,,,,,,,,,,,,,,,,,,,,,,,,,,,,,,,,,,,,2026-05-08
pitcher,PIT,SF,Carmen Mlodzinski,669387,,,,,4.61,14.0,2.55,4.73,4.69,1.7,0.88,2.21,4.83,0.069,4.676567656765677,4.699471499826681,1.610062893081761,1.9503289764882537,4.666666666666667,4.95854632570307,0.869281045751634,0.91531524226146,2.212,,,,,,,,,,,,,,,,,,,,,,,,,,,,,,,,,,,,,,,2026-05-08
hitter,CIN,HOU,TJ Friedl,670770,1.0,CF,Confirmed,4.18,,,,,0.71,0.46,,,,,0.7122508843393875,0.7098925035408034,0.45971784235734126,0.4572767432335102,1.0,0.9379130745374921,0.12761971148648388,0.13067359787087146,,,0.97,0.56,0.44,2.1,0.13,1.4,0.19,0.01,0.0,0.326,1.3893129770992367,1.4116581014290535,0.185,,0.012,,0.0,,False,96.0,99.0,96.0,88.0,93.0,91.0,91.0,92.0,94.0,high,high,high,high,high,high,high,high,high,2026-05-08
hitter,CIN,HOU,JJ Bleday,668709,2.0,LF,Confirmed,4.04,,,,,1.39,0.44,,,,,1.3153626955194129,1.465495139485767,0.4433707011767427,0.4295411481204957,0.7061469265367316,0.6469005639526996,0.14310168690376,0.1320179000089473,,,0.67,0.44,0.35,1.59,0.14,1.13,0.15,0.01,0.0,0.275,1.1521739130434783,1.1188536223665215,0.155,,0.01,,0.0,,False,96.0,99.0,96.0,88.0,93.0,91.0,91.0,92.0,94.0,high,high,high,high,high,high,high,high,high,2026-05-08
hitter,CIN,HOU,Elly De La Cruz,682829,3.0,SS,Confirmed,4.61,,,,,1.75,0.48,,,,,1.7598137031149204,1.7487784875222965,0.44750984426686713,0.5050322584611274,0.8694581280788177,0.9444883020834861,0.12787010967222245,0.16002815901898299,,,0.91,0.57,0.5,2.17,0.14,1.47,0.25,0.02,0.0,0.312,1.3893129770992367,1.5336423018979664,0.249,,0.016,,0.0,,False,96.0,99.0,96.0,88.0,93.0,91.0,91.0,92.0,94.0,high,high,high,high,high,high,high,high,high,2026-05-08
hitter,CIN,HOU,Sal Stewart,701398,4.0,3B,Confirmed,4.45,,,,,1.52,0.34,,,,,1.375042811868802,1.6662175364739633,0.33196620607150307,0.34424328914065994,0.8694581280788177,0.9332410081339917,0.2229554757431257,0.21163962914818926,,,0.9,0.6,0.58,2.28,0.22,1.67,0.28,0.01,0.0,0.331,1.684375,1.6502104590427478,0.281,,0.011,,0.0,,False,96.0,99.0,96.0,88.0,93.0,91.0,91.0,92.0,94.0,high,high,high,high,high,high,high,high,high,2026-05-08
hitter,CIN,HOU,Nathaniel Lowe,663993,5.0,DH,Confirmed,3.96,,,,,1.39,0.38,,,,,1.3176692366139482,1.4566898095001901,0.3888424456380508,0.3679668289228314,0.707983193277311,0.7177939165856674,0.15823530875754765,0.14633470393182316,,,0.71,0.48,0.44,1.8,0.15,1.28,0.18,0.01,0.0,0.302,1.239368165249089,1.3134204128017928,0.178,,0.01,,0.0,,False,96.0,99.0,96.0,88.0,93.0,91.0,91.0,92.0,94.0,high,high,high,high,high,high,high,high,high,2026-05-08
hitter,CIN,HOU,Spencer Steer,668715,6.0,1B,Confirmed,4.18,,,,,1.41,0.41,,,,,1.3658327700466075,1.4531121068433506,0.38738146079151337,0.4372989314203343,0.7715355805243446,0.7542638146632189,0.11238248527824113,0.09821923470750286,,,0.76,0.41,0.42,1.72,0.11,1.26,0.2,0.01,0.0,0.28,1.239368165249089,1.276193010449042,0.201,,0.01,,0.0,,False,96.0,99.0,96.0,88.0,93.0,91.0,91.0,92.0,94.0,high,high,high,high,high,high,high,high,high,2026-05-08
hitter,CIN,HOU,Tyler Stephenson,663886,7.0,C,Confirmed,4.18,,,,,1.66,0.47,,,,,1.5680182541750498,1.7592133070656364,0.47625454598327366,0.4669812479454476,0.6666666666666666,0.6182378502995705,0.15134906028829126,0.14074768428663398,,,0.64,0.42,0.38,1.68,0.15,1.19,0.2,0.01,0.0,0.29,1.239368165249089,1.1419759329740937,0.197,,0.01,,0.0,,False,96.0,99.0,96.0,88.0,93.0,91.0,91.0,92.0,94.0,high,high,high,high,high,high,high,high,high,2026-05-08
hitter,CIN,HOU,Matt McLain,680574,8.0,2B,Confirmed,4.26,,,,,1.62,0.51,,,,,1.5770063886917653,1.6672870466203096,0.5278651293625894,0.4907810891633542,0.801980198019802,0.8092631717484248,0.12431630660174894,0.10927705341593678,,,0.81,0.47,0.41,1.87,0.12,1.27,0.23,0.01,0.0,0.317,1.239368165249089,1.2962012919589176,0.228,,0.014,,0.0,,False,96.0,99.0,96.0,88.0,93.0,91.0,91.0,92.0,94.0,high,high,high,high,high,high,high,high,high,2026-05-08
hitter,CIN,HOU,Ke'Bryan Hayes,663647,9.0,3B,Confirmed,4.14,,,,,1.1,0.26,,,,,1.0083625709388586,1.187669679843178,0.24349819286599467,0.2671414360878078,0.8694581280788177,0.8730679745102045,0.11411889585016949,0.11865301650858251,,,0.87,0.47,0.44,2.01,0.12,1.25,0.17,0.01,0.0,0.314,1.239368165249089,1.2500283921783555,0.17,,0.012,,0.0,,False,96.0,99.0,96.0,88.0,93.0,91.0,91.0,92.0,94.0,high,high,high,high,high,high,high,high,high,2026-05-08
hitter,HOU,CIN,Jose Altuve,514888,1.0,2B,Confirmed,3.89,,,,,0.9,0.12,,,,,0.9073245440054505,0.8856819176498828,0.11470851822218914,0.1196298058972024,0.7061469265367316,0.6473769802567182,0.12080810642068682,0.13831196499989412,,,0.67,0.22,0.15,0.78,0.13,1.15,0.09,0.01,0.0,0.149,1.1521739130434783,1.1437456106363182,0.09,,0.009,,0.0,,False,96.0,99.0,96.0,88.0,93.0,91.0,91.0,92.0,94.0,high,high,high,high,high,high,high,high,high,2026-05-08
hitter,HOU,CIN,Yordan Alvarez,670541,2.0,DH,Confirmed,4.14,,,,,1.16,0.34,,,,,1.2245734092488338,1.098823421234843,0.3300800303052689,0.3526033513996861,1.0,0.8954243363257197,0.519759832728449,0.4887777074149963,,,0.94,0.27,0.17,0.85,0.5,2.64,0.11,0.01,0.0,0.179,2.552380952380952,2.712961482132787,0.11,,0.007,,0.0,,False,96.0,99.0,96.0,88.0,93.0,91.0,91.0,92.0,94.0,high,high,high,high,high,high,high,high,high,2026-05-08
hitter,HOU,CIN,Isaac Paredes,670623,3.0,3B,Confirmed,3.74,,,,,1.0,0.24,,,,,1.0346444952703235,0.9704899149467914,0.25697570007212156,0.21952859568131428,0.801980198019802,0.7891094348544769,0.2928043964172024,0.326323078576096,,,0.79,0.24,0.17,0.82,0.31,1.81,0.09,0.01,0.0,0.172,1.914285714285714,1.7326625493156111,0.093,,0.007,,0.0,,False,96.0,99.0,96.0,88.0,93.0,91.0,91.0,92.0,94.0,high,high,high,high,high,high,high,high,high,2026-05-08
hitter,HOU,CIN,Christian Walker,572233,4.0,1B,Confirmed,3.74,,,,,1.46,0.18,,,,,1.4717365081953468,1.4497745338527346,0.17085720152290945,0.1882350063872249,0.801980198019802,0.770459995650156,0.3927350595426824,0.36491453554566305,,,0.78,0.22,0.18,0.82,0.38,2.03,0.08,0.01,0.0,0.155,2.057017543859649,2.0059031542169117,0.084,,0.007,,0.0,,False,96.0,99.0,96.0,88.0,93.0,91.0,91.0,92.0,94.0,high,high,high,high,high,high,high,high,high,2026-05-08
hitter,HOU,CIN,Cam Smith,701358,5.0,RF,Confirmed,3.48,,,,,1.32,0.23,,,,,1.2995821408770372,1.3383347461385209,0.2126596944659374,0.24380050564797012,0.7715355805243446,0.648737054148265,0.21115902002921727,0.17097720979270345,,,0.7,0.23,0.18,0.82,0.19,1.59,0.09,0.01,0.0,0.17,1.914285714285714,1.327274343407423,0.093,,0.007,,0.0,,False,96.0,99.0,96.0,88.0,93.0,91.0,91.0,92.0,94.0,high,high,high,high,high,high,high,high,high,2026-05-08
hitter,HOU,CIN,Brice Matthews,694728,6.0,CF,Confirmed,3.58,,,,,1.59,0.29,,,,,1.6421860739088066,1.5347165931644917,0.2791463379186391,0.30391213273526985,0.7715355805243446,0.6472243959077864,0.2962320787894521,0.31441008120049374,,,0.7,0.21,0.18,0.81,0.31,1.77,0.1,0.01,0.0,0.184,1.914285714285714,1.6574795555526396,0.102,,0.008,,0.0,,False,96.0,99.0,96.0,88.0,93.0,91.0,91.0,92.0,94.0,high,high,high,high,high,high,high,high,high,2026-05-08
hitter,HOU,CIN,Zach Dezenzo,701305,7.0,LF,Confirmed,3.54,,,,,1.47,0.24,,,,,1.4839297306648245,1.4608289847572316,0.21371051504314176,0.25791776993977966,0.801980198019802,0.6627459007133641,0.1922875127232147,0.19845775264832055,,,0.73,0.21,0.16,0.78,0.2,1.73,0.08,0.01,0.0,0.18,1.684375,1.7664196117517834,0.083,,0.008,,0.0,,False,96.0,99.0,96.0,88.0,93.0,91.0,91.0,92.0,94.0,high,high,high,high,high,high,high,high,high,2026-05-08
hitter,HOU,CIN,Christian Vázquez,543877,8.0,C,Confirmed,3.02,,,,,0.79,0.14,,,,,0.8022177933073962,0.780280376855549,0.15276758703851767,0.12739943191359734,0.7061469265367316,0.5527866753109444,0.10369319881110484,0.1404970440854879,,,0.62,0.16,0.13,0.65,0.12,1.08,0.08,0.01,0.0,0.164,1.239368165249089,0.9553433521128036,0.079,,0.007,,0.0,,False,96.0,99.0,96.0,88.0,93.0,91.0,91.0,92.0,94.0,high,high,high,high,high,high,high,high,high,2026-05-08
hitter,HOU,CIN,Nick Allen,669397,9.0,SS,Confirmed,2.26,,,,,0.83,0.08,,,,,0.86354621884119,0.78655081069424,0.10081703489320891,0.06593146370538382,0.4125159642401022,0.2554092204689604,0.055790390195568404,0.04616200088973242,,,0.33,0.14,0.12,0.6,0.05,0.65,0.07,0.01,0.0,0.186,0.7899761336515513,0.5402600027374082,0.068,,0.007,,0.0,,False,96.0,99.0,96.0,88.0,93.0,91.0,91.0,92.0,94.0,high,high,high,high,high,high,high,high,high,2026-05-08
hitter,PHI,COL,Trea Turner,607208,1.0,SS,Confirmed,4.18,,,,,0.93,0.16,,,,,0.9342374061562694,0.9325754867091302,0.16565742122894733,0.16295938015294226,0.707983193277311,0.6881747735238035,0.10182996473399175,0.1384651783628309,,,0.7,0.31,0.2,1.04,0.12,1.18,0.11,0.01,0.0,0.201,1.1521739130434783,1.2016154190421766,0.108,,0.011,,0.0,,False,96.0,99.0,96.0,88.0,93.0,91.0,91.0,92.0,94.0,high,high,high,high,high,high,high,high,high,2026-05-08
hitter,PHI,COL,Kyle Schwarber,656941,2.0,DH,Confirmed,4.18,,,,,1.44,0.34,,,,,1.412910887311163,1.4696412543079158,0.31844757794361667,0.3664817553943395,0.6434108527131783,0.6795255369848132,0.2806649576458281,0.24241953282748102,,,0.66,0.42,0.25,1.2,0.26,1.43,0.14,0.01,0.0,0.28,1.3893129770992367,1.4702709540974959,0.137,,0.008,,0.0,,False,96.0,99.0,96.0,88.0,93.0,91.0,91.0,92.0,94.0,high,high,high,high,high,high,high,high,high,2026-05-08
hitter,PHI,COL,Bryce Harper,547180,3.0,1B,Confirmed,4.18,,,,,1.1,0.25,,,,,1.1132885458914883,1.096520548167109,0.23788718863685604,0.26793671026357463,0.7061469265367316,0.6835990326955651,0.14081090750521583,0.15470824928421859,,,0.69,0.37,0.26,1.16,0.15,1.27,0.11,0.01,0.0,0.249,1.239368165249089,1.3011724773038706,0.109,,0.008,,0.0,,False,96.0,99.0,96.0,88.0,93.0,91.0,91.0,92.0,94.0,high,high,high,high,high,high,high,high,high,2026-05-08
hitter,PHI,COL,Adolis García,666969,4.0,RF,Confirmed,3.96,,,,,1.17,0.12,,,,,1.1129084598087629,1.229449032259495,0.1313186772956884,0.10364289623310029,0.6434108527131783,0.614248947716888,0.13632607085856846,0.14919789584491375,,,0.63,0.29,0.23,0.99,0.14,1.21,0.11,0.01,0.0,0.192,1.239368165249089,1.1775572772252687,0.106,,0.007,,0.0,,False,96.0,99.0,96.0,88.0,93.0,91.0,91.0,92.0,94.0,high,high,high,high,high,high,high,high,high,2026-05-08
hitter,PHI,COL,Brandon Marsh,669016,5.0,LF,Confirmed,3.81,,,,,1.06,0.16,,,,,0.9555426021450338,1.155314871956433,0.15457842350679657,0.16073644658834227,0.5290322580645161,0.5563013726773423,0.07951892679121805,0.07817088787275213,,,0.54,0.25,0.18,0.85,0.08,0.88,0.09,0.01,0.0,0.182,0.8408408408408409,0.9068090617202317,0.094,,0.009,,0.0,,False,96.0,99.0,96.0,88.0,93.0,91.0,91.0,92.0,94.0,high,high,high,high,high,high,high,high,high,2026-05-08
hitter,PHI,COL,J.T. Realmuto,592663,6.0,C,Confirmed,3.81,,,,,0.73,0.14,,,,,0.6758971231381056,0.7849346529399434,0.14409313300861848,0.13621163232315125,1.0980834272829765,1.0797992001302956,0.1723370773875329,0.1650183589634307,,,1.09,0.3,0.28,1.23,0.17,1.77,0.12,0.01,0.0,0.231,1.914285714285714,1.6572771570096452,0.125,,0.009,,0.0,,False,96.0,99.0,96.0,88.0,93.0,91.0,91.0,92.0,94.0,high,high,high,high,high,high,high,high,high,2026-05-08
hitter,PHI,COL,Bryson Stott,681082,7.0,2B,Confirmed,3.49,,,,,0.79,0.14,,,,,0.7751769028284448,0.807149262465437,0.14879962413485895,0.13752769970833315,0.5290322580645161,0.5459595004605283,0.09243997972676055,0.09359900232490012,,,0.54,0.23,0.17,0.81,0.09,0.94,0.1,0.01,0.0,0.204,0.9875776397515532,0.9032786482114838,0.102,,0.009,,0.0,,False,96.0,99.0,96.0,88.0,93.0,91.0,91.0,92.0,94.0,high,high,high,high,high,high,high,high,high,2026-05-08
hitter,PHI,COL,Edmundo Sosa,624641,8.0,3B,Confirmed,3.1,,,,,0.89,0.08,,,,,0.8736461114973404,0.8991997906897241,0.08312281558545664,0.07526033657718864,0.4125159642401022,0.45517663446484624,0.1089131450179176,0.08657211840153878,,,0.44,0.2,0.17,0.78,0.1,0.89,0.1,0.01,0.0,0.189,1.001763668430335,0.7905654279052321,0.104,,0.007,,0.0,,False,96.0,99.0,96.0,88.0,93.0,91.0,91.0,92.0,94.0,high,high,high,high,high,high,high,high,high,2026-05-08
hitter,PHI,COL,Justin Crawford,702222,9.0,CF,Confirmed,3.33,,,,,0.89,0.1,,,,,0.8637786629352014,0.9252348053323634,0.11554039270327475,0.08974456165645754,0.5290322580645161,0.5205752120285995,0.043603538475345524,0.05812683902550099,,,0.52,0.2,0.15,0.77,0.05,0.82,0.1,0.01,0.0,0.19,0.7899761336515513,0.8393523822584076,0.101,,0.012,,0.0,,False,96.0,99.0,96.0,88.0,93.0,91.0,91.0,92.0,94.0,high,high,high,high,high,high,high,high,high,2026-05-08
hitter,COL,PHI,Jordan Beck,687597,1.0,LF,Confirmed,3.33,,,,,0.61,0.27,,,,,0.5400495457950899,0.6710523496652938,0.26121570274593175,0.26929462784635544,0.5290322580645161,0.549259270571621,0.02987957168353913,0.017423966414404763,,,0.54,0.35,0.29,1.35,0.02,0.91,0.17,0.01,0.0,0.259,0.9875776397515532,0.8522004706626592,0.169,,0.013,,0.0,,False,96.0,99.0,96.0,88.0,93.0,91.0,91.0,92.0,94.0,high,high,high,high,high,high,high,high,high,2026-05-08
hitter,COL,PHI,Tyler Freeman,671289,2.0,RF,Confirmed,4.18,,,,,0.66,0.24,,,,,0.6269465042969967,0.6891770099177172,0.21467769560661687,0.2662927341473917,0.801980198019802,0.7490453992917008,0.026165561777234423,0.03559629964171603,,,0.77,0.5,0.41,2.01,0.03,0.99,0.17,0.01,0.0,0.286,0.9875776397515532,0.9904927789402049,0.17,,0.012,,0.0,,False,96.0,99.0,96.0,88.0,93.0,91.0,91.0,92.0,94.0,high,high,high,high,high,high,high,high,high,2026-05-08
hitter,COL,PHI,TJ Rumfield,681198,3.0,1B,Confirmed,4.14,,,,,0.93,0.34,,,,,0.9205132390927276,0.939770790767694,0.31622746026087434,0.3600922311770333,0.7061469265367316,0.6832019590250697,0.035611678517782956,0.036818834921251826,,,0.69,0.48,0.44,1.92,0.04,0.95,0.17,0.01,0.0,0.279,0.9875776397515532,0.9283435536433575,0.17,,0.011,,0.0,,False,96.0,99.0,96.0,88.0,93.0,91.0,91.0,92.0,94.0,high,high,high,high,high,high,high,high,high,2026-05-08
hitter,COL,PHI,Hunter Goodman,696100,4.0,C,Confirmed,4.51,,,,,0.76,0.43,,,,,0.686336414639335,0.8364302541029314,0.40114348827661506,0.46033340906093834,0.8694581280788177,0.8981660468883985,0.09394004162191552,0.09677413846000153,,,0.89,0.62,0.61,2.32,0.1,1.43,0.2,0.02,0.0,0.323,1.3148148148148149,1.5220740242895108,0.195,,0.018,,0.0,,False,96.0,99.0,96.0,88.0,93.0,91.0,91.0,92.0,94.0,high,high,high,high,high,high,high,high,high,2026-05-08
hitter,COL,PHI,Brenton Doyle,686668,5.0,CF,Confirmed,3.96,,,,,0.76,0.24,,,,,0.6962155425333413,0.8194537756879656,0.214671337611556,0.26620747092027525,0.707983193277311,0.7293469166742553,0.09130843399856886,0.09933047197827208,,,0.72,0.45,0.44,1.77,0.1,1.05,0.17,0.01,0.0,0.273,1.001763668430335,1.0832352782410024,0.173,,0.01,,0.0,,False,96.0,99.0,96.0,88.0,93.0,91.0,91.0,92.0,94.0,high,high,high,high,high,high,high,high,high,2026-05-08
hitter,COL,PHI,Willi Castro,650489,6.0,3B,Confirmed,3.58,,,,,1.12,0.24,,,,,1.104692811535663,1.139001001145582,0.246789588563753,0.24163437831388873,0.5290322580645161,0.4580620367886963,0.03256056807153036,0.020239809123391905,,,0.49,0.34,0.37,1.48,0.03,0.69,0.16,0.01,0.0,0.263,0.6720588235294118,0.7078453383652709,0.162,,0.01,,0.0,,False,96.0,99.0,96.0,88.0,93.0,91.0,91.0,92.0,94.0,high,high,high,high,high,high,high,high,high,2026-05-08
hitter,COL,PHI,Kyle Karros,691720,7.0,3B,Confirmed,3.81,,,,,1.12,0.31,,,,,1.0691800257034574,1.1790828067631218,0.2872420377870236,0.3308331684314775,0.5846774193548387,0.571379346415375,0.030950046138923586,0.016481795304451454,,,0.58,0.36,0.34,1.57,0.02,0.74,0.14,0.01,0.0,0.263,0.7899761336515513,0.7015450477326883,0.145,,0.01,,0.0,,False,96.0,99.0,96.0,88.0,93.0,91.0,91.0,92.0,94.0,high,high,high,high,high,high,high,high,high,2026-05-08
hitter,COL,PHI,Ezequiel Tovar,678662,8.0,SS,Confirmed,3.74,,,,,0.56,0.22,,,,,0.4839116311568722,0.634073518393996,0.21904939119664193,0.22193103653127458,0.7061469265367316,0.6633284272442523,0.04060613971957294,0.0396688913974082,,,0.68,0.39,0.38,1.64,0.04,0.95,0.2,0.01,0.0,0.284,1.001763668430335,0.9131073221365935,0.203,,0.012,,0.0,,False,96.0,99.0,96.0,88.0,93.0,91.0,91.0,92.0,94.0,high,high,high,high,high,high,high,high,high,2026-05-08
hitter,COL,PHI,Brett Sullivan,664954,9.0,DH,Confirmed,3.1,,,,,0.88,0.19,,,,,0.8822773916458057,0.8702181232101639,0.2017216175833885,0.18080740889707986,0.4803149606299212,0.4244407858465565,0.02684777351064114,0.022142162742379765,,,0.45,0.3,0.28,1.29,0.02,0.68,0.16,0.01,0.0,0.271,0.6720588235294118,0.6782832381673862,0.159,,0.011,,0.0,,False,96.0,99.0,96.0,88.0,93.0,91.0,91.0,92.0,94.0,high,high,high,high,high,high,high,high,high,2026-05-08
hitter,BAL,ATH,Taylor Ward,621493,1.0,LF,Confirmed,4.25,,,,,1.08,0.63,,,,,1.0199049245552523,1.1325143407506169,0.6769946115506285,0.5789659205966217,1.0980834272829765,1.0179248341703706,0.06106633553061153,0.04925555501717993,,,1.05,0.67,0.55,2.32,0.06,1.28,0.22,0.01,0.0,0.384,1.3148148148148149,1.2557084466396662,0.215,,0.008,,0.0,,False,96.0,99.0,96.0,88.0,93.0,91.0,91.0,92.0,94.0,high,high,high,high,high,high,high,high,high,2026-05-08
hitter,BAL,ATH,Gunnar Henderson,683002,2.0,SS,Confirmed,4.45,,,,,1.07,0.45,,,,,1.0045101052376466,1.1421283456780469,0.43924592244582994,0.4563293047591018,1.0,0.9861185907580775,0.049859730449466816,0.03789047651711122,,,0.99,0.62,0.52,2.24,0.04,1.37,0.19,0.01,0.0,0.338,1.3148148148148149,1.4068635596527215,0.188,,0.01,,0.0,,False,96.0,99.0,96.0,88.0,93.0,91.0,91.0,92.0,94.0,high,high,high,high,high,high,high,high,high,2026-05-08
hitter,BAL,ATH,Adley Rutschman,668939,3.0,C,Confirmed,4.26,,,,,0.78,0.62,,,,,0.7584971665815453,0.8114489401481003,0.6273473829331471,0.6093989389830264,0.801980198019802,0.8240116071585176,0.13018612381881833,0.13377854085914856,,,0.81,0.61,0.57,2.28,0.13,1.3,0.18,0.01,0.0,0.343,1.3148148148148149,1.2920880140631528,0.185,,0.008,,0.0,,False,96.0,99.0,96.0,88.0,93.0,91.0,91.0,92.0,94.0,high,high,high,high,high,high,high,high,high,2026-05-08
hitter,BAL,ATH,Pete Alonso,624413,4.0,1B,Confirmed,4.51,,,,,1.14,0.52,,,,,1.1202607261684976,1.1650613891602009,0.48594448367801335,0.5587749057650497,1.0980834272829765,1.1266980370702817,0.11544174430708845,0.08485633498706341,,,1.11,0.74,0.73,2.6,0.1,1.58,0.24,0.01,0.0,0.393,1.5956790123456794,1.569268120308294,0.245,,0.013,,0.0,,False,96.0,99.0,96.0,88.0,93.0,91.0,91.0,92.0,94.0,high,high,high,high,high,high,high,high,high,2026-05-08
hitter,BAL,ATH,Tyler O'Neill,641933,5.0,RF,Confirmed,3.33,,,,,0.98,0.35,,,,,1.0379164854828038,0.9253242446240184,0.3780743273827313,0.31291515927931446,0.801980198019802,0.6578070482285664,0.05290969054658989,0.053292819474710436,,,0.72,0.54,0.52,1.93,0.05,1.08,0.13,0.01,0.0,0.387,1.239368165249089,0.9458719167583454,0.129,,0.008,,0.0,,False,96.0,99.0,96.0,88.0,93.0,91.0,91.0,92.0,94.0,high,high,high,high,high,high,high,high,high,2026-05-08
hitter,BAL,ATH,Coby Mayo,691723,6.0,DH,Confirmed,3.74,,,,,1.06,0.27,,,,,1.0330540749482178,1.0940276473673045,0.2846273123182338,0.25403660945431183,0.801980198019802,0.7448993805454431,0.052967131755141124,0.04582287056342159,,,0.77,0.47,0.55,1.91,0.05,1.09,0.15,0.01,0.0,0.339,1.1521739130434783,1.0463129067723835,0.147,,0.008,,0.0,,False,96.0,99.0,96.0,88.0,93.0,91.0,91.0,92.0,94.0,high,high,high,high,high,high,high,high,high,2026-05-08
hitter,BAL,ATH,Leody Taveras,665750,7.0,CF,Confirmed,4.18,,,,,1.02,0.56,,,,,0.9392824966751715,1.091426114763657,0.5535975837430892,0.5600253128636301,0.707983193277311,0.7021928152152542,0.12239602581621839,0.14099152386503924,,,0.7,0.53,0.52,2.15,0.13,1.13,0.17,0.01,0.0,0.346,1.1521739130434783,1.113396008339793,0.174,,0.009,,0.0,,False,96.0,99.0,96.0,88.0,93.0,91.0,91.0,92.0,94.0,high,high,high,high,high,high,high,high,high,2026-05-08
hitter,BAL,ATH,Jeremiah Jackson,669236,8.0,2B,Confirmed,4.18,,,,,1.05,0.25,,,,,1.000941561555144,1.0942509424319136,0.25926350391061626,0.2402336638946535,0.994208494208494,0.9655853154122455,0.05402067917117298,0.043145208013915505,,,0.98,0.54,0.53,2.17,0.05,1.34,0.17,0.01,0.0,0.343,1.3148148148148149,1.3565054916558674,0.173,,0.009,,0.0,,False,96.0,99.0,96.0,88.0,93.0,91.0,91.0,92.0,94.0,high,high,high,high,high,high,high,high,high,2026-05-08
hitter,BAL,ATH,Weston Wilson,642215,9.0,3B,Confirmed,2.55,,,,,0.81,0.25,,,,,0.8239484597391313,0.7909196799499427,0.26942858399550795,0.22891542090057748,0.4125159642401022,0.349819616567872,0.01874238619420864,0.013837034716868812,,,0.38,0.26,0.25,1.03,0.02,0.49,0.1,0.01,0.0,0.281,0.5302013422818792,0.4574210382191337,0.104,,0.007,,0.0,,False,96.0,99.0,96.0,88.0,93.0,91.0,91.0,92.0,94.0,high,high,high,high,high,high,high,high,high,2026-05-08
hitter,ATH,BAL,Nick Kurtz,701762,1.0,1B,Confirmed,4.97,,,,,1.11,1.0,,,,,1.0855854246007342,1.1345132890436331,1.0481415135640664,0.9616959857296628,1.4947368421052631,1.309528723110477,0.8037488495535678,0.6445360910988885,,,1.39,1.03,0.81,2.98,0.72,3.53,0.22,0.01,0.0,0.522,3.5,3.547178570129581,0.216,,0.008,,0.0,,False,96.0,99.0,96.0,88.0,93.0,91.0,91.0,92.0,94.0,high,high,high,high,high,high,high,high,high,2026-05-08
hitter,ATH,BAL,Shea Langeliers,669127,2.0,C,Confirmed,4.93,,,,,0.71,0.51,,,,,0.7377445807190681,0.6810496909751895,0.5015917155689926,0.5166482678239072,1.4947368421052631,1.4774504497998497,0.36276835200423163,0.4145340707583452,,,1.49,0.7,0.53,2.33,0.39,2.9,0.19,0.01,0.0,0.362,2.775,2.996514138909511,0.193,,0.012,,0.0,,False,96.0,99.0,96.0,88.0,93.0,91.0,91.0,92.0,94.0,high,high,high,high,high,high,high,high,high,2026-05-08
hitter,ATH,BAL,Tyler Soderstrom,691016,3.0,LF,Confirmed,4.68,,,,,0.77,0.63,,,,,0.7196056896843108,0.8282816804505643,0.6445669528897161,0.6075869159728587,1.4947368421052631,1.3611531812280093,0.3849774497863918,0.39838634369659703,,,1.42,0.76,0.64,2.53,0.39,2.64,0.22,0.01,0.0,0.413,2.552380952380952,2.707141783923564,0.223,,0.009,,0.0,,False,96.0,99.0,96.0,88.0,93.0,91.0,91.0,92.0,94.0,high,high,high,high,high,high,high,high,high,2026-05-08
hitter,ATH,BAL,Brent Rooker,667670,4.0,DH,Confirmed,4.57,,,,,0.9,0.51,,,,,0.8770959576222785,0.9309668007083721,0.52870950642887,0.4836291344060534,1.1702127659574468,1.2521928326488379,0.44512088480004747,0.529872275679382,,,1.22,0.73,0.63,2.45,0.49,2.78,0.21,0.01,0.0,0.401,2.75,2.806371379916004,0.208,,0.007,,0.0,,False,96.0,99.0,96.0,88.0,93.0,91.0,91.0,92.0,94.0,high,high,high,high,high,high,high,high,high,2026-05-08
hitter,ATH,BAL,Carlos Cortes,666126,5.0,RF,Confirmed,4.25,,,,,0.56,0.35,,,,,0.5360664493059273,0.5831361572763376,0.3329208472558304,0.3613334692142552,1.1391752577319587,1.1862917947647553,0.2973713156126885,0.36896019321354717,,,1.17,0.63,0.57,2.3,0.33,2.06,0.19,0.01,0.0,0.367,2.057017543859649,2.0573882530154073,0.186,,0.008,,0.0,,False,96.0,99.0,96.0,88.0,93.0,91.0,91.0,92.0,94.0,high,high,high,high,high,high,high,high,high,2026-05-08
hitter,ATH,BAL,Jacob Wilson,805779,6.0,SS,Confirmed,4.74,,,,,0.32,0.38,,,,,0.3214452696225012,0.32764870765884496,0.37085011436512305,0.37960665437809415,1.4947368421052631,1.3098851180147348,0.13965498896203776,0.1526318980118012,,,1.39,0.54,0.52,2.2,0.15,1.94,0.21,0.01,0.0,0.333,2.057017543859649,1.847219676092079,0.213,,0.012,,0.0,,False,96.0,99.0,96.0,88.0,93.0,91.0,91.0,92.0,94.0,high,high,high,high,high,high,high,high,high,2026-05-08
hitter,ATH,BAL,Lawrence Butler,671732,7.0,RF,Confirmed,4.25,,,,,0.9,0.51,,,,,0.8677912116525512,0.9289521285318761,0.508278678003956,0.5158089115803234,1.0980834272829765,1.0709437307877867,0.5513371351323043,0.4447400684624993,,,1.08,0.63,0.58,2.2,0.5,2.63,0.16,0.01,0.0,0.416,2.552380952380952,2.6960617302711793,0.156,,0.008,,0.0,,False,96.0,99.0,96.0,88.0,93.0,91.0,91.0,92.0,94.0,high,high,high,high,high,high,high,high,high,2026-05-08
hitter,ATH,BAL,Zack Gelof,680869,8.0,CF,Confirmed,4.26,,,,,0.93,0.46,,,,,0.8730839801765962,0.9827647498717529,0.44908565568161063,0.46984158791830427,1.0980834272829765,1.073728822354158,0.2801253610259015,0.24591948527211344,,,1.08,0.56,0.49,2.05,0.26,1.93,0.16,0.01,0.0,0.371,2.057017543859649,1.8312365549480674,0.164,,0.008,,0.0,,False,96.0,99.0,96.0,88.0,93.0,91.0,91.0,92.0,94.0,high,high,high,high,high,high,high,high,high,2026-05-08
hitter,ATH,BAL,Jeff McNeil,643446,9.0,2B,Confirmed,4.25,,,,,0.35,0.42,,,,,0.3698458490598262,0.3243637942815035,0.4296248335957542,0.40367077297631415,1.0980834272829765,1.0469355426547111,0.20855740104629045,0.19917946776747847,,,1.07,0.55,0.47,2.12,0.2,1.82,0.16,0.01,0.0,0.371,1.914285714285714,1.749301548391129,0.163,,0.01,,0.0,,False,96.0,99.0,96.0,88.0,93.0,91.0,91.0,92.0,94.0,high,high,high,high,high,high,high,high,high,2026-05-08
hitter,TOR,LAA,George Springer,543807,1.0,DH,Confirmed,4.48,,,,,0.85,0.3,,,,,0.8543567427990227,0.8542499119395826,0.2837404014424024,0.308811064558605,0.6434108527131783,0.6645873159036954,0.0417517018054581,0.044941023130455775,,,0.66,0.5,0.39,1.99,0.04,0.87,0.26,0.01,0.0,0.279,0.8408408408408409,0.8880113751724655,0.259,,0.008,,0.0,,False,96.0,99.0,96.0,88.0,93.0,91.0,91.0,92.0,94.0,high,high,high,high,high,high,high,high,high,2026-05-08
hitter,TOR,LAA,Myles Straw,664702,2.0,RF,Confirmed,3.81,,,,,0.61,0.22,,,,,0.532755422196173,0.6964240956663552,0.19905558662667683,0.24119821056804167,0.4125159642401022,0.5549652735198474,0.02231784616173086,0.022860103877251958,,,0.49,0.39,0.3,1.55,0.02,0.72,0.16,0.01,0.0,0.25,0.6720588235294118,0.7580904816427536,0.163,,0.01,,0.0,,False,96.0,99.0,96.0,88.0,93.0,91.0,91.0,92.0,94.0,high,high,high,high,high,high,high,high,high,2026-05-08
hitter,TOR,LAA,Vladimir Guerrero Jr.,665489,3.0,1B,Confirmed,4.58,,,,,0.63,0.37,,,,,0.6253395170965357,0.6400285470090248,0.33194722039180735,0.4154183777380303,0.7061469265367316,0.7860105109383649,0.04405139889610147,0.056504804582480535,,,0.75,0.53,0.46,2.14,0.05,0.99,0.29,0.01,0.0,0.296,0.9875776397515532,0.9934145825530204,0.286,,0.011,,0.0,,False,96.0,99.0,96.0,88.0,93.0,91.0,91.0,92.0,94.0,high,high,high,high,high,high,high,high,high,2026-05-08
hitter,TOR,LAA,Kazuma Okamoto,672960,4.0,3B,Confirmed,4.57,,,,,1.15,0.4,,,,,1.138735017146662,1.1559268945687453,0.3698797842392798,0.4325457545859428,0.5846774193548387,0.6135907037878453,0.05280532371288468,0.050605213257521625,,,0.6,0.49,0.42,1.92,0.05,0.89,0.2,0.01,0.0,0.27,0.8408408408408409,0.9343567308412782,0.2,,0.011,,0.0,,False,96.0,99.0,96.0,88.0,93.0,91.0,91.0,92.0,94.0,high,high,high,high,high,high,high,high,high,2026-05-08
hitter,TOR,LAA,Daulton Varsho,662139,5.0,CF,Confirmed,4.25,,,,,1.05,0.25,,,,,1.0151276969737417,1.0750440003109372,0.23645530044827096,0.2667792221352539,0.5290322580645161,0.5960377869985832,0.043315314688546776,0.05208717925986652,,,0.57,0.46,0.42,1.87,0.05,0.84,0.2,0.01,0.0,0.27,0.7899761336515513,0.8727792020799701,0.201,,0.011,,0.0,,False,96.0,99.0,96.0,88.0,93.0,91.0,91.0,92.0,94.0,high,high,high,high,high,high,high,high,high,2026-05-08
hitter,TOR,LAA,Ernie Clement,676391,6.0,2B,Confirmed,4.48,,,,,0.45,0.18,,,,,0.41457911829081406,0.47764728672436774,0.1615869650900941,0.1971295897502105,0.7061469265367316,0.8149103302147417,0.022299704128268826,0.027098473282387143,,,0.77,0.44,0.45,2.07,0.02,0.93,0.26,0.01,0.0,0.281,0.8408408408408409,1.0036030687882604,0.261,,0.014,,0.0,,False,96.0,99.0,96.0,88.0,93.0,91.0,91.0,92.0,94.0,high,high,high,high,high,high,high,high,high,2026-05-08
hitter,TOR,LAA,Davis Schneider,676914,7.0,LF,Confirmed,2.55,,,,,0.74,0.18,,,,,0.7207902532240273,0.7688048616062819,0.19253165083821686,0.17684777112658218,0.2543859649122807,0.22599384000079709,0.020729557129519356,0.0124555309040549,,,0.24,0.22,0.19,0.93,0.02,0.26,0.15,0.01,0.0,0.249,0.28125,0.23840832862604772,0.152,,0.007,,0.0,,False,96.0,99.0,96.0,88.0,93.0,91.0,91.0,92.0,94.0,high,high,high,high,high,high,high,high,high,2026-05-08
hitter,TOR,LAA,Andrés Giménez,665926,8.0,SS,Confirmed,3.58,,,,,0.59,0.16,,,,,0.5885770427545274,0.5980037205950803,0.17560532868625003,0.15008213372385432,0.4803149606299212,0.5099558487003889,0.03159314600192645,0.028405672621115246,,,0.5,0.38,0.35,1.73,0.03,0.7,0.19,0.01,0.0,0.3,0.6720588235294118,0.7285916336908308,0.186,,0.013,,0.0,,False,96.0,99.0,96.0,88.0,93.0,91.0,91.0,92.0,94.0,high,high,high,high,high,high,high,high,high,2026-05-08
hitter,TOR,LAA,Brandon Valenzuela,678218,9.0,C,Confirmed,3.1,,,,,0.81,0.17,,,,,0.8424880661112711,0.7871667454519337,0.19419345707967506,0.14456165962954254,0.7061469265367316,0.5591982703876529,0.09732255207128657,0.07730245404674452,,,0.63,0.29,0.25,1.25,0.09,1.06,0.17,0.01,0.0,0.265,1.1521739130434783,0.9812645592255131,0.166,,0.008,,0.0,,False,96.0,99.0,96.0,88.0,93.0,91.0,91.0,92.0,94.0,high,high,high,high,high,high,high,high,high,2026-05-08
hitter,LAA,TOR,Zach Neto,687263,1.0,SS,Confirmed,4.25,,,,,0.99,0.6,,,,,0.9933524713519474,0.9933286367237127,0.6071366706520538,0.5870346712648133,1.0980834272829765,1.03618721585218,0.24920601854260838,0.24706552644331828,,,1.06,0.55,0.48,1.92,0.25,1.97,0.18,0.01,0.0,0.308,2.057017543859649,1.9007357356367265,0.183,,0.008,,0.0,,False,96.0,99.0,96.0,88.0,93.0,91.0,91.0,92.0,94.0,high,high,high,high,high,high,high,high,high,2026-05-08
hitter,LAA,TOR,Mike Trout,545361,2.0,CF,Confirmed,4.26,,,,,1.12,0.97,,,,,1.1817442836973115,1.0507405922326951,1.0471858127138955,0.902178654778907,0.994208494208494,0.92033523819198,0.24707765385459357,0.2514328188789466,,,0.95,0.54,0.44,1.79,0.25,1.82,0.15,0.01,0.0,0.314,1.914285714285714,1.7449565696071234,0.155,,0.008,,0.0,,False,96.0,99.0,96.0,88.0,93.0,91.0,91.0,92.0,94.0,high,high,high,high,high,high,high,high,high,2026-05-08
hitter,LAA,TOR,Nolan Schanuel,694384,3.0,1B,Confirmed,4.08,,,,,0.44,0.44,,,,,0.47210163676429084,0.416780061864877,0.4463057989522117,0.42999508684961185,1.0980834272829765,0.9977123063815183,0.11184885588722851,0.0795958630447305,,,1.04,0.44,0.4,1.73,0.1,1.58,0.2,0.01,0.0,0.271,1.684375,1.501007647173411,0.198,,0.01,,0.0,,False,96.0,99.0,96.0,88.0,93.0,91.0,91.0,92.0,94.0,high,high,high,high,high,high,high,high,high,2026-05-08
hitter,LAA,TOR,Jorge Soler,624585,4.0,DH,Confirmed,4.18,,,,,1.01,0.6,,,,,1.027011544097995,0.9949827721947395,0.58437392979791,0.6072963464294884,0.994208494208494,0.9198256486772405,0.1327862841457884,0.14616815101901745,,,0.95,0.47,0.43,1.77,0.14,1.73,0.16,0.01,0.0,0.275,1.914285714285714,1.582376065748454,0.16,,0.009,,0.0,,False,96.0,99.0,96.0,88.0,93.0,91.0,91.0,92.0,94.0,high,high,high,high,high,high,high,high,high,2026-05-08
hitter,LAA,TOR,Yoán Moncada,660162,5.0,3B,Confirmed,3.02,,,,,0.68,0.25,,,,,0.690477499481855,0.6633220051338111,0.27146252427658313,0.23053441007664152,0.7061469265367316,0.5615262546650797,0.2328039892503601,0.19887559390071413,,,0.63,0.3,0.27,1.15,0.22,1.31,0.11,0.01,0.0,0.242,1.3893129770992367,1.2394354850201725,0.114,,0.008,,0.0,,False,96.0,99.0,96.0,88.0,93.0,91.0,91.0,92.0,94.0,high,high,high,high,high,high,high,high,high,2026-05-08
hitter,LAA,TOR,Jo Adell,666176,6.0,RF,Confirmed,4.18,,,,,0.9,0.34,,,,,0.8790415184976322,0.9136479982278315,0.33673055200928137,0.3448427848928038,1.0980834272829765,1.02375923293258,0.2468444280276185,0.2161003591299719,,,1.06,0.49,0.55,2.03,0.23,1.96,0.17,0.01,0.0,0.311,2.057017543859649,1.885199352389097,0.165,,0.007,,0.0,,False,96.0,99.0,96.0,88.0,93.0,91.0,91.0,92.0,94.0,high,high,high,high,high,high,high,high,high,2026-05-08
hitter,LAA,TOR,Josh Lowe,666139,7.0,LF,Confirmed,3.33,,,,,0.6,0.23,,,,,0.5563125076232894,0.6391493001262893,0.24703462157247685,0.20610301976584028,0.7715355805243446,0.7017506116396253,0.2881535116806425,0.22577376850761727,,,0.73,0.31,0.29,1.24,0.26,1.76,0.14,0.01,0.0,0.255,1.914285714285714,1.6381822184252255,0.137,,0.01,,0.0,,False,96.0,99.0,96.0,88.0,93.0,91.0,91.0,92.0,94.0,high,high,high,high,high,high,high,high,high,2026-05-08
hitter,LAA,TOR,Sebastián Rivero,665861,8.0,C,Confirmed,3.1,,,,,0.65,0.28,,,,,0.6483957242205816,0.6532575950062115,0.28876012684845964,0.2657137429360093,0.801980198019802,0.6709990924720812,0.08576271687457984,0.059996367772681185,,,0.73,0.28,0.26,1.18,0.07,1.11,0.12,0.01,0.0,0.251,1.239368165249089,1.0031960162660372,0.121,,0.007,,0.0,,False,96.0,99.0,96.0,88.0,93.0,91.0,91.0,92.0,94.0,high,high,high,high,high,high,high,high,high,2026-05-08
hitter,LAA,TOR,Adam Frazier,624428,9.0,2B,Confirmed,2.9,,,,,0.92,0.06,,,,,0.9107926073491164,0.9220441617389104,0.07575273294158166,0.04822636429440398,0.4125159642401022,0.43573137282787405,0.017041811318254024,0.01025045983314888,,,0.43,0.23,0.2,0.96,0.01,0.64,0.12,0.01,0.0,0.223,0.6720588235294118,0.6108507246684545,0.12,,0.01,,0.0,,False,96.0,99.0,96.0,88.0,93.0,91.0,91.0,92.0,94.0,high,high,high,high,high,high,high,high,high,2026-05-08
hitter,BOS,TB,Jarren Duran,680776,1.0,LF,Confirmed,4.45,,,,,1.09,0.37,,,,,1.1198876222950407,1.0507581094453065,0.37003484867437586,0.3792045456825625,0.8949771689497716,0.9935121013174977,0.08203468398032732,0.09411238168025902,,,0.95,0.58,0.49,2.17,0.09,1.4,0.24,0.02,0.0,0.316,1.3893129770992367,1.4083610584405615,0.235,,0.024,,0.0,,False,96.0,99.0,96.0,88.0,93.0,91.0,91.0,92.0,94.0,high,high,high,high,high,high,high,high,high,2026-05-08
hitter,BOS,TB,Willson Contreras,575929,2.0,1B,Confirmed,4.51,,,,,1.11,0.34,,,,,1.1387998882182293,1.0876376835063446,0.31764847215698255,0.3604486558961102,0.994208494208494,0.9602784680479103,0.10681998698049516,0.08125064582407253,,,0.98,0.59,0.5,2.18,0.09,1.49,0.24,0.01,0.0,0.312,1.4476190476190476,1.5336887721710741,0.238,,0.009,,0.0,,False,96.0,99.0,96.0,88.0,93.0,91.0,91.0,92.0,94.0,high,high,high,high,high,high,high,high,high,2026-05-08
hitter,BOS,TB,Wilyer Abreu,677800,3.0,RF,Confirmed,4.25,,,,,0.95,0.39,,,,,0.9140015672542912,0.9814367066270753,0.3785139709671267,0.4068072817366568,0.7715355805243446,0.7094674027027122,0.046152277864713126,0.032365902748509895,,,0.74,0.47,0.42,1.78,0.04,1.1,0.22,0.01,0.0,0.275,1.1238670694864048,1.0865457709153408,0.224,,0.011,,0.0,,False,96.0,99.0,96.0,88.0,93.0,91.0,91.0,92.0,94.0,high,high,high,high,high,high,high,high,high,2026-05-08
hitter,BOS,TB,Masataka Yoshida,807799,4.0,DH,Confirmed,3.48,,,,,0.47,0.19,,,,,0.4843858501154631,0.46081123931053586,0.19128477736238733,0.19082931404848,0.707983193277311,0.7076741823579731,0.037572738682686124,0.037294861673061015,,,0.71,0.46,0.43,1.89,0.04,0.93,0.17,0.01,0.0,0.318,1.001763668430335,0.8761020312495121,0.169,,0.011,,0.0,,False,96.0,99.0,96.0,88.0,93.0,91.0,91.0,92.0,94.0,high,high,high,high,high,high,high,high,high,2026-05-08
hitter,BOS,TB,Trevor Story,596115,5.0,SS,Confirmed,4.51,,,,,1.06,0.25,,,,,1.0131625224378065,1.099341064604823,0.24817073053250024,0.24975080124347931,0.994208494208494,0.9671409226333587,0.0739436984051223,0.06623871637660692,,,0.98,0.57,0.55,2.22,0.07,1.39,0.27,0.01,0.0,0.306,1.3893129770992367,1.3917878055976958,0.269,,0.011,,0.0,,False,96.0,99.0,96.0,88.0,93.0,91.0,91.0,92.0,94.0,high,high,high,high,high,high,high,high,high,2026-05-08
hitter,BOS,TB,Ceddanne Rafaela,678882,6.0,CF,Confirmed,4.18,,,,,0.75,0.2,,,,,0.7244867617600328,0.783423279420636,0.20868270968502792,0.2008272744832999,0.8888888888888888,0.928034718591301,0.04655203579016818,0.043167552507267996,,,0.91,0.45,0.49,2.04,0.04,1.21,0.22,0.01,0.0,0.3,1.239368165249089,1.1797092289449813,0.218,,0.013,,0.0,,False,96.0,99.0,96.0,88.0,93.0,91.0,91.0,92.0,94.0,high,high,high,high,high,high,high,high,high,2026-05-08
hitter,BOS,TB,Marcelo Mayer,691785,7.0,2B,Confirmed,3.48,,,,,0.76,0.19,,,,,0.7335925782402374,0.7847372493895467,0.2031199202517677,0.17199571779589362,0.7061469265367316,0.5683771620539163,0.02945533983171889,0.03418936241712502,,,0.63,0.34,0.31,1.45,0.03,0.82,0.17,0.01,0.0,0.268,0.8408408408408409,0.7995418216514049,0.168,,0.012,,0.0,,False,96.0,99.0,96.0,88.0,93.0,91.0,91.0,92.0,94.0,high,high,high,high,high,high,high,high,high,2026-05-08
hitter,BOS,TB,Carlos Narváez,665966,8.0,C,Confirmed,3.58,,,,,1.59,0.19,,,,,1.5974594377766236,1.589572714835439,0.18878189079282828,0.1831951950589219,0.4125159642401022,0.4859176980413007,0.04091689642577624,0.03829955658632697,,,0.45,0.38,0.37,1.55,0.04,0.66,0.16,0.01,0.0,0.288,0.6720588235294118,0.6583207699460233,0.158,,0.009,,0.0,,False,96.0,99.0,96.0,88.0,93.0,91.0,91.0,92.0,94.0,high,high,high,high,high,high,high,high,high,2026-05-08
hitter,BOS,TB,Caleb Durbin,702332,9.0,3B,Confirmed,3.96,,,,,0.41,0.24,,,,,0.4084731445481925,0.40804434693627395,0.2329336334756917,0.23710599065772714,0.8694581280788177,0.8690364721697098,0.042198736759547606,0.041620729551889245,,,0.87,0.41,0.38,1.78,0.04,1.16,0.21,0.01,0.0,0.286,1.239368165249089,1.0992809990367791,0.209,,0.009,,0.0,,False,96.0,99.0,96.0,88.0,93.0,91.0,91.0,92.0,94.0,high,high,high,high,high,high,high,high,high,2026-05-08
hitter,TB,BOS,Yandy Díaz,650490,1.0,DH,Confirmed,4.68,,,,,0.34,0.46,,,,,0.3358159257896767,0.35199477392304707,0.453165722400961,0.4616922051384556,1.0980834272829765,1.227037403678168,0.045966342326881224,0.05832416090341181,,,1.17,0.62,0.45,2.17,0.05,1.56,0.22,0.01,0.0,0.341,1.4759615384615385,1.6244187877309926,0.223,,0.009,,0.0,,False,96.0,99.0,96.0,88.0,93.0,91.0,91.0,92.0,94.0,high,high,high,high,high,high,high,high,high,2026-05-08
hitter,TB,BOS,Ryan Vilade,668723,2.0,RF,Confirmed,2.26,,,,,0.42,0.13,,,,,0.39490947308588176,0.442049603211659,0.1589657050152695,0.10912537357638966,0.4125159642401022,0.3652186941397537,0.024359397614429033,0.010939552916440318,,,0.39,0.27,0.2,0.95,0.02,0.51,0.11,0.01,0.0,0.311,0.6289308176100628,0.40668794939577463,0.109,,0.008,,0.0,,False,96.0,99.0,96.0,88.0,93.0,91.0,91.0,92.0,94.0,high,high,high,high,high,high,high,high,high,2026-05-08
hitter,TB,BOS,Junior Caminero,691406,3.0,3B,Confirmed,4.61,,,,,0.48,0.46,,,,,0.4382257664204564,0.5178645013097312,0.4840167748977472,0.4290471487518594,0.994208494208494,1.1628583715360135,0.07561193007158146,0.0713421890393528,,,1.09,0.69,0.6,2.38,0.07,1.55,0.21,0.01,0.0,0.376,1.4476190476190476,1.6252472187348106,0.214,,0.007,,0.0,,False,96.0,99.0,96.0,88.0,93.0,91.0,91.0,92.0,94.0,high,high,high,high,high,high,high,high,high,2026-05-08
hitter,TB,BOS,Jonathan Aranda,666018,4.0,1B,Confirmed,4.51,,,,,0.68,0.52,,,,,0.5894505171340173,0.7781175119233273,0.5242193490280925,0.5110039076025118,0.994208494208494,0.9932149135829155,0.04978438755417369,0.018915811855552585,,,0.99,0.64,0.52,2.26,0.03,1.43,0.19,0.01,0.0,0.362,1.3893129770992367,1.4672442408083615,0.193,,0.011,,0.0,,False,96.0,99.0,96.0,88.0,93.0,91.0,91.0,92.0,94.0,high,high,high,high,high,high,high,high,high,2026-05-08
hitter,TB,BOS,Jonny DeLuca,676356,5.0,CF,Confirmed,3.96,,,,,0.57,0.24,,,,,0.48224339093873747,0.6643858978692557,0.2471732170342555,0.239579276587134,0.8949771689497716,0.9144941310615802,0.025888397254689555,0.021576268650240236,,,0.91,0.5,0.42,1.91,0.02,1.16,0.19,0.01,0.0,0.322,1.1521739130434783,1.1629030817681367,0.188,,0.015,,0.0,,False,96.0,99.0,96.0,88.0,93.0,91.0,91.0,92.0,94.0,high,high,high,high,high,high,high,high,high,2026-05-08
hitter,TB,BOS,Ben Williamson,810938,6.0,2B,Confirmed,4.25,,,,,0.51,0.25,,,,,0.4246729491198268,0.5988628102285357,0.24070438386965654,0.2609460064100531,0.994208494208494,1.0284263998793417,0.026256417810140265,0.024265626109867308,,,1.01,0.43,0.42,1.85,0.03,1.28,0.15,0.01,0.0,0.289,1.239368165249089,1.317096248610551,0.145,,0.008,,0.0,,False,96.0,99.0,96.0,88.0,93.0,91.0,91.0,92.0,94.0,high,high,high,high,high,high,high,high,high,2026-05-08
hitter,TB,BOS,Chandler Simpson,802415,7.0,LF,Confirmed,4.25,,,,,0.21,0.21,,,,,0.2288796458393851,0.19667480452960429,0.19929766140158764,0.2223270110656249,1.0980834272829765,1.0868244057180805,0.015742715747539784,0.0,,,1.09,0.44,0.37,1.91,0.01,1.28,0.21,0.01,0.0,0.298,1.239368165249089,1.3089345465202125,0.211,,0.011,,0.0,,False,96.0,99.0,96.0,88.0,93.0,91.0,91.0,92.0,94.0,high,high,high,high,high,high,high,high,high,2026-05-08
hitter,TB,BOS,Nick Fortes,663743,8.0,C,Confirmed,2.55,,,,,0.36,0.13,,,,,0.3492529336283937,0.3660500011283904,0.14237651849492244,0.11335595978318132,0.4125159642401022,0.3899805232859024,0.02561079182023049,0.0146460309105061,,,0.4,0.26,0.23,1.02,0.02,0.58,0.12,0.01,0.0,0.292,0.6720588235294118,0.5102619555267961,0.116,,0.007,,0.0,,False,96.0,99.0,96.0,88.0,93.0,91.0,91.0,92.0,94.0,high,high,high,high,high,high,high,high,high,2026-05-08
hitter,TB,BOS,Taylor Walls,670764,9.0,SS,Confirmed,3.96,,,,,0.58,0.38,,,,,0.48521032208081394,0.667154358192141,0.37157642699534243,0.385343229836268,0.801980198019802,0.843169691962247,0.0233064568666701,0.010252184087906254,,,0.82,0.4,0.32,1.59,0.02,1.11,0.17,0.01,0.0,0.296,1.1238670694864048,1.0952164985883712,0.172,,0.008,,0.0,,False,96.0,99.0,96.0,88.0,93.0,91.0,91.0,92.0,94.0,high,high,high,high,high,high,high,high,high,2026-05-08
hitter,MIA,WSH,Xavier Edwards,669364,1.0,2B,Confirmed,3.81,,,,,0.38,0.37,,,,,0.3683509580554395,0.38685154508413894,0.36091874946904356,0.3727419194405197,0.801980198019802,0.7341444944381874,0.06751973779008494,0.07234628014295603,,,0.76,0.26,0.15,0.82,0.07,1.25,0.09,0.01,0.0,0.188,1.239368165249089,1.2615962347034644,0.086,,0.01,,0.0,,False,96.0,99.0,96.0,88.0,93.0,91.0,91.0,92.0,94.0,high,high,high,high,high,high,high,high,high,2026-05-08
hitter,MIA,WSH,Otto Lopez,672640,2.0,SS,Confirmed,4.18,,,,,0.45,0.34,,,,,0.5046344474180138,0.3857994590530922,0.35512776393990586,0.32664453871273424,1.0980834272829765,1.0474217938603854,0.1798146649816543,0.12639383100154106,,,1.07,0.36,0.25,1.32,0.15,1.76,0.13,0.01,0.0,0.227,1.914285714285714,1.6344082488429732,0.128,,0.007,,0.0,,False,96.0,99.0,96.0,88.0,93.0,91.0,91.0,92.0,94.0,high,high,high,high,high,high,high,high,high,2026-05-08
hitter,MIA,WSH,Kyle Stowers,669065,3.0,RF,Confirmed,3.81,,,,,0.75,0.52,,,,,0.7575897967497884,0.7387612179408328,0.5557900912435764,0.48043589838018574,0.8694581280788177,0.7478148478889343,0.18751677950904505,0.16867412943328797,,,0.8,0.33,0.2,1.01,0.18,1.57,0.1,0.01,0.0,0.242,1.684375,1.4819933518260713,0.101,,0.008,,0.0,,False,96.0,99.0,96.0,88.0,93.0,91.0,91.0,92.0,94.0,high,high,high,high,high,high,high,high,high,2026-05-08
hitter,MIA,WSH,Christopher Morel,666624,4.0,1B,Confirmed,2.55,,,,,0.63,0.28,,,,,0.6338057632077454,0.6353552194594475,0.3156754332267453,0.24890513065909808,0.4125159642401022,0.3149314486126518,0.13079308382292923,0.09848570239667778,,,0.36,0.21,0.14,0.69,0.11,0.85,0.07,0.01,0.0,0.232,0.9875776397515532,0.7352342828012569,0.074,,0.007,,0.0,,False,96.0,99.0,96.0,88.0,93.0,91.0,91.0,92.0,94.0,high,high,high,high,high,high,high,high,high,2026-05-08
hitter,MIA,WSH,Connor Norby,681393,5.0,DH,Confirmed,3.96,,,,,0.83,0.53,,,,,0.8012191469581109,0.8548036646306002,0.566429842756023,0.4871662235908959,0.7715355805243446,0.7450119829431212,0.1752828065711649,0.14903178489481844,,,0.76,0.28,0.18,0.88,0.16,1.4,0.09,0.01,0.0,0.203,1.4476190476190476,1.3520469398017583,0.092,,0.006,,0.0,,False,96.0,99.0,96.0,88.0,93.0,91.0,91.0,92.0,94.0,high,high,high,high,high,high,high,high,high,2026-05-08
hitter,MIA,WSH,Javier Sanoja,691594,6.0,LF,Confirmed,3.48,,,,,0.34,0.3,,,,,0.36226466144802916,0.31398757213806094,0.300947284844012,0.29942055668949763,0.707983193277311,0.6798700188679245,0.08824552832982965,0.06675315259156336,,,0.69,0.25,0.21,0.99,0.08,1.2,0.12,0.01,0.0,0.223,1.3148148148148149,1.1003271482972747,0.124,,0.008,,0.0,,False,96.0,99.0,96.0,88.0,93.0,91.0,91.0,92.0,94.0,high,high,high,high,high,high,high,high,high,2026-05-08
hitter,MIA,WSH,Joe Mack,691788,7.0,C,Confirmed,3.02,,,,,0.55,0.23,,,,,0.557356728756709,0.5348393775081104,0.24899183910296774,0.21850279446948875,0.7061469265367316,0.5872242696383586,0.11926442408217078,0.11920647286725823,,,0.64,0.21,0.16,0.78,0.12,1.15,0.09,0.01,0.0,0.208,1.239368165249089,1.0725195527182907,0.086,,0.007,,0.0,,False,96.0,99.0,96.0,88.0,93.0,91.0,91.0,92.0,94.0,high,high,high,high,high,high,high,high,high,2026-05-08
hitter,MIA,WSH,Leo Jiménez,677870,8.0,3B,Confirmed,3.49,,,,,0.67,0.3,,,,,0.6033063305795852,0.7363592686666902,0.3078288431370657,0.29400731669478225,0.707983193277311,0.6242088231399606,0.11379459684945867,0.09633337165054376,,,0.66,0.26,0.19,0.98,0.11,1.16,0.12,0.01,0.0,0.227,1.239368165249089,1.091258399241974,0.117,,0.007,,0.0,,False,96.0,99.0,96.0,88.0,93.0,91.0,91.0,92.0,94.0,high,high,high,high,high,high,high,high,high,2026-05-08
hitter,MIA,WSH,Esteury Ruiz,665923,9.0,CF,Confirmed,3.33,,,,,0.75,0.37,,,,,0.7321174278456917,0.7718458238819274,0.39742941836553813,0.3355384876178792,0.6434108527131783,0.5256325727963795,0.1375009519291842,0.12022932017633603,,,0.58,0.23,0.15,0.79,0.13,1.06,0.1,0.01,0.0,0.221,1.1521739130434783,0.9773028300140808,0.104,,0.007,,0.0,,False,96.0,99.0,96.0,88.0,93.0,91.0,91.0,92.0,94.0,high,high,high,high,high,high,high,high,high,2026-05-08
hitter,WSH,MIA,James Wood,695578,1.0,DH,Confirmed,4.68,,,,,1.05,0.7,,,,,0.9946086342739809,1.113165974216724,0.6247068722621658,0.768741963048817,0.994208494208494,1.0135882801327147,0.10114589487180375,0.11932741964700408,,,1.0,0.59,0.4,1.98,0.11,1.64,0.25,0.01,0.0,0.335,1.5956790123456794,1.6780603279399102,0.251,,0.011,,0.0,,False,82.0,86.0,82.0,74.0,79.0,77.0,77.0,78.0,80.0,high,high,high,medium,medium,medium,medium,medium,high,2026-05-08
hitter,WSH,MIA,Curtis Mead,678554,2.0,1B,Confirmed,3.96,,,,,0.73,0.39,,,,,0.6614542963169456,0.7908717498872786,0.41421676239861616,0.3742576100292145,0.8694581280788177,0.8103039945128896,0.03314468850697305,0.05386369158372777,,,0.84,0.42,0.28,1.51,0.04,1.21,0.22,0.01,0.0,0.286,1.239368165249089,1.1884795387070854,0.223,,0.007,,0.0,,False,82.0,86.0,82.0,74.0,79.0,77.0,77.0,78.0,80.0,high,high,high,medium,medium,medium,medium,medium,high,2026-05-08
hitter,WSH,MIA,Brady House,691781,3.0,3B,Confirmed,4.25,,,,,0.93,0.27,,,,,0.9082048101703197,0.9459406495137591,0.2386438636370074,0.30264115706390443,0.8770949720670391,1.001808467362835,0.059046763371079794,0.056463460421054226,,,0.95,0.44,0.38,1.69,0.06,1.3,0.2,0.01,0.0,0.259,1.239368165249089,1.3488882497982186,0.197,,0.009,,0.0,,False,82.0,86.0,82.0,74.0,79.0,77.0,77.0,78.0,80.0,high,high,high,medium,medium,medium,medium,medium,high,2026-05-08
hitter,WSH,MIA,CJ Abrams,682928,4.0,SS,Confirmed,4.57,,,,,0.67,0.43,,,,,0.6566077544397879,0.6814327603485361,0.440779700448782,0.4224007439689151,0.994208494208494,1.0506115447190436,0.04566812343165159,0.051021073394804405,,,1.03,0.51,0.4,1.9,0.05,1.36,0.21,0.01,0.0,0.29,1.3148148148148149,1.4036526486755951,0.213,,0.014,,0.0,,False,82.0,86.0,82.0,74.0,79.0,77.0,77.0,78.0,80.0,high,high,high,medium,medium,medium,medium,medium,high,2026-05-08
hitter,WSH,MIA,Jacob Young,696285,5.0,CF,Confirmed,4.18,,,,,0.58,0.3,,,,,0.5791618509290983,0.577117029852897,0.29520009883640497,0.3144310978039096,0.994208494208494,0.9529393705516173,0.02836695374421102,0.025785915354144484,,,0.97,0.47,0.39,1.85,0.03,1.25,0.18,0.01,0.0,0.284,1.239368165249089,1.267000684296744,0.183,,0.008,,0.0,,False,82.0,86.0,82.0,74.0,79.0,77.0,77.0,78.0,80.0,high,high,high,medium,medium,medium,medium,medium,high,2026-05-08
hitter,WSH,MIA,Daylen Lile,695734,6.0,LF,Confirmed,4.27,,,,,0.59,0.4,,,,,0.6145842488885916,0.5679273153933937,0.4074563592336672,0.3999975190598423,0.994208494208494,0.9881589798506666,0.04641351651631206,0.04334409965834026,,,0.99,0.44,0.4,1.83,0.04,1.38,0.18,0.02,0.0,0.303,1.3148148148148149,1.4396087331984386,0.175,,0.024,,0.0,,False,82.0,86.0,82.0,74.0,79.0,77.0,77.0,78.0,80.0,high,high,high,medium,medium,medium,medium,medium,high,2026-05-08
hitter,WSH,MIA,Joey Wiemer,686894,7.0,RF,Confirmed,2.07,,,,,0.8,0.09,,,,,0.8776829075232409,0.7189864012797897,0.1179540097843111,0.07159243841769855,0.35424354243542433,0.26547590137120763,0.02284434471419131,0.014194276239715468,,,0.31,0.18,0.15,0.74,0.02,0.38,0.11,0.01,0.0,0.252,0.4591194968553459,0.3222770319108128,0.113,,0.007,,0.0,,False,82.0,86.0,82.0,74.0,79.0,77.0,77.0,78.0,80.0,high,high,high,medium,medium,medium,medium,medium,high,2026-05-08
hitter,WSH,MIA,Nasim Nuñez,683083,8.0,2B,Confirmed,3.33,,,,,0.57,0.35,,,,,0.5975065901880171,0.538399949293539,0.37710025899127353,0.31655359463872346,0.7061469265367316,0.5668617001735464,0.026746806339853303,0.020869633615927946,,,0.63,0.33,0.25,1.28,0.02,0.79,0.14,0.01,0.0,0.297,0.8408408408408409,0.7417327208587595,0.138,,0.011,,0.0,,False,82.0,86.0,82.0,74.0,79.0,77.0,77.0,78.0,80.0,high,high,high,medium,medium,medium,medium,medium,high,2026-05-08
hitter,WSH,MIA,Keibert Ruiz,660688,9.0,C,Confirmed,3.81,,,,,0.32,0.22,,,,,0.33535744853925475,0.3032231588799439,0.21029875896666136,0.22606062294475268,0.8949771689497716,0.8658674663729823,0.03662681024011759,0.028896744099055766,,,0.88,0.37,0.32,1.58,0.03,1.23,0.2,0.01,0.0,0.282,1.239368165249089,1.2291578802359837,0.203,,0.008,,0.0,,False,82.0,86.0,82.0,74.0,79.0,77.0,77.0,78.0,80.0,high,high,high,medium,medium,medium,medium,medium,high,2026-05-08
hitter,CLE,MIN,Steven Kwan,680757,1.0,LF,Confirmed,4.18,,,,,0.47,0.52,,,,,0.4108667410973802,0.5284082806017938,0.5083000479317995,0.5300689795295921,1.1391752577319587,1.093845156120758,0.028616743604113083,0.0269952939912979,,,1.11,0.49,0.37,1.72,0.03,1.4,0.14,0.01,0.0,0.291,1.4759615384615385,1.3388461623031664,0.136,,0.008,,0.0,,False,96.0,99.0,96.0,88.0,93.0,91.0,91.0,92.0,94.0,high,high,high,high,high,high,high,high,high,2026-05-08
hitter,CLE,MIN,Angel Martínez,682657,2.0,RF,Confirmed,3.96,,,,,1.17,0.34,,,,,1.102961858383371,1.2324614120631894,0.3529193614517665,0.31876312773725907,0.5290322580645161,0.5876691365284893,0.0573414155407758,0.06263683239245171,,,0.56,0.45,0.38,1.54,0.06,0.84,0.11,0.01,0.0,0.275,0.7899761336515513,0.8727684533627258,0.11,,0.008,,0.0,,False,96.0,99.0,96.0,88.0,93.0,91.0,91.0,92.0,94.0,high,high,high,high,high,high,high,high,high,2026-05-08
hitter,CLE,MIN,José Ramírez,608070,3.0,3B,Confirmed,4.18,,,,,0.64,0.73,,,,,0.6617906483797984,0.626943027160479,0.7716470259472481,0.6928452236793091,1.0980834272829765,1.02828320307766,0.0575203263241251,0.05266788988402388,,,1.06,0.59,0.54,1.9,0.06,1.48,0.11,0.01,0.0,0.348,1.5956790123456794,1.3784050583117746,0.112,,0.007,,0.0,,False,96.0,99.0,96.0,88.0,93.0,91.0,91.0,92.0,94.0,high,high,high,high,high,high,high,high,high,2026-05-08
hitter,CLE,MIN,Rhys Hoskins,656555,4.0,1B,Confirmed,3.89,,,,,1.3,0.64,,,,,1.2052834692788488,1.3901779196297523,0.6131339672338848,0.664102684621998,0.4125159642401022,0.4662566998706908,0.0694993328310203,0.08872968362191964,,,0.44,0.55,0.51,1.71,0.08,0.81,0.09,0.01,0.0,0.349,0.7899761336515513,0.8221809435691444,0.086,,0.007,,0.0,,False,96.0,99.0,96.0,88.0,93.0,91.0,91.0,92.0,94.0,high,high,high,high,high,high,high,high,high,2026-05-08
hitter,CLE,MIN,David Fry,681807,5.0,DH,Confirmed,3.74,,,,,1.35,0.44,,,,,1.2263013156188995,1.4671987618151918,0.38974810671227933,0.4916203714056326,0.35424354243542433,0.3049746355867328,0.05951063254096103,0.06479626125658317,,,0.33,0.48,0.47,1.48,0.06,0.7,0.08,0.01,0.0,0.307,0.6720588235294118,0.7253452019924692,0.081,,0.007,,0.0,,False,96.0,99.0,96.0,88.0,93.0,91.0,91.0,92.0,94.0,high,high,high,high,high,high,high,high,high,2026-05-08
hitter,CLE,MIN,Travis Bazzana,683953,6.0,2B,Confirmed,3.96,,,,,0.8,0.71,,,,,0.807860624414312,0.7984030217002681,0.7439600179184473,0.678896460839308,1.0980834272829765,0.9987794731550764,0.07765904762280548,0.056826514249948085,,,1.04,0.45,0.45,1.61,0.07,1.53,0.1,0.01,0.0,0.32,1.684375,1.410788580293354,0.102,,0.007,,0.0,,False,96.0,99.0,96.0,88.0,93.0,91.0,91.0,92.0,94.0,high,high,high,high,high,high,high,high,high,2026-05-08
hitter,CLE,MIN,Brayan Rocchio,677587,7.0,SS,Confirmed,3.96,,,,,0.75,0.37,,,,,0.7550172969567527,0.7474398364773109,0.3702775415876953,0.36587937536206755,1.0980834272829765,0.9900827664412251,0.03158777052321313,0.03285309062118415,,,1.04,0.35,0.31,1.37,0.03,1.4,0.12,0.01,0.0,0.247,1.4759615384615385,1.3454598476759352,0.119,,0.009,,0.0,,False,96.0,99.0,96.0,88.0,93.0,91.0,91.0,92.0,94.0,high,high,high,high,high,high,high,high,high,2026-05-08
hitter,CLE,MIN,Austin Hedges,595978,8.0,C,Confirmed,3.58,,,,,1.04,0.45,,,,,0.9263610932536186,1.152259290962756,0.47804941387599453,0.4310656739751636,0.4125159642401022,0.3552997263495696,0.03134320861886512,0.029994480292569722,,,0.38,0.3,0.26,1.04,0.03,0.51,0.08,0.01,0.0,0.246,0.4591194968553459,0.5596696841496892,0.077,,0.007,,0.0,,False,96.0,99.0,96.0,88.0,93.0,91.0,91.0,92.0,94.0,high,high,high,high,high,high,high,high,high,2026-05-08
hitter,CLE,MIN,Petey Halpin,690984,9.0,CF,Confirmed,2.26,,,,,0.73,0.24,,,,,0.7902958614053147,0.6601814828777613,0.27226704613308395,0.20111121972401555,0.4803149606299212,0.35345223716780877,0.01579730926184819,0.006390936592302938,,,0.41,0.17,0.15,0.66,0.01,0.52,0.07,0.01,0.0,0.226,0.6289308176100628,0.42244552632433985,0.065,,0.007,,0.0,,False,96.0,99.0,96.0,88.0,93.0,91.0,91.0,92.0,94.0,high,high,high,high,high,high,high,high,high,2026-05-08
hitter,MIN,CLE,Byron Buxton,621439,1.0,CF,Confirmed,4.25,,,,,0.79,0.31,,,,,0.7697870815955677,0.807017557934261,0.31925171714300726,0.3075399168366491,1.0980834272829765,1.0402423172684712,0.27022246617249784,0.2188311894438611,,,1.07,0.68,0.63,2.31,0.24,2.02,0.2,0.01,0.0,0.374,2.057017543859649,1.9835136917468956,0.197,,0.012,,0.0,,False,96.0,99.0,96.0,88.0,93.0,91.0,91.0,92.0,94.0,high,high,high,high,high,high,high,high,high,2026-05-08
hitter,MIN,CLE,Austin Martin,668885,2.0,LF,Confirmed,3.89,,,,,0.48,0.3,,,,,0.5343522534558798,0.43231197090928136,0.3193177402120886,0.28426119869047994,1.0980834272829765,0.9848838542920664,0.07268692043278957,0.059393157594123454,,,1.04,0.46,0.38,1.74,0.07,1.48,0.17,0.01,0.0,0.289,1.5956790123456794,1.3929412050073715,0.166,,0.008,,0.0,,False,96.0,99.0,96.0,88.0,93.0,91.0,91.0,92.0,94.0,high,high,high,high,high,high,high,high,high,2026-05-08
hitter,MIN,CLE,Ryan Jeffers,680777,3.0,C,Confirmed,3.89,,,,,0.52,0.28,,,,,0.5609975700424555,0.4850757047501136,0.2836482693843442,0.26906960437580735,1.0980834272829765,0.9696891659890678,0.15339532916695864,0.12823776150579141,,,1.03,0.56,0.57,2.02,0.14,1.67,0.14,0.01,0.0,0.335,1.914285714285714,1.4747856335035245,0.138,,0.007,,0.0,,False,96.0,99.0,96.0,88.0,93.0,91.0,91.0,92.0,94.0,high,high,high,high,high,high,high,high,high,2026-05-08
hitter,MIN,CLE,Josh Bell,605137,4.0,DH,Confirmed,3.74,,,,,0.51,0.2,,,,,0.48870618731229454,0.5353532323077569,0.20764985927441929,0.18768299758647214,0.994208494208494,0.9048502063645842,0.1558258743271765,0.14059253980072797,,,0.95,0.56,0.58,2.01,0.15,1.61,0.14,0.01,0.0,0.344,1.684375,1.5492029274136516,0.142,,0.007,,0.0,,False,96.0,99.0,96.0,88.0,93.0,91.0,91.0,92.0,94.0,high,high,high,high,high,high,high,high,high,2026-05-08
hitter,MIN,CLE,Luke Keaschall,807712,5.0,2B,Confirmed,4.26,,,,,0.42,0.29,,,,,0.48796899296279994,0.3562622104472172,0.2992127884692073,0.2876232586504995,1.4947368421052631,1.2577188295579116,0.08099338927433214,0.07460972343604788,,,1.36,0.56,0.53,2.23,0.08,1.88,0.21,0.01,0.0,0.32,2.057017543859649,1.7276867975428662,0.21,,0.009,,0.0,,False,96.0,99.0,96.0,88.0,93.0,91.0,91.0,92.0,94.0,high,high,high,high,high,high,high,high,high,2026-05-08
hitter,MIN,CLE,Brooks Lee,686797,6.0,SS,Confirmed,4.18,,,,,0.53,0.19,,,,,0.5439660573976829,0.5202082105940873,0.18993115727040827,0.18066623907153084,1.1391752577319587,1.1755092972612027,0.12900571311607564,0.12311732243204809,,,1.16,0.56,0.66,2.32,0.13,1.94,0.18,0.01,0.0,0.357,2.057017543859649,1.8382345509267672,0.184,,0.009,,0.0,,False,96.0,99.0,96.0,88.0,93.0,91.0,91.0,92.0,94.0,high,high,high,high,high,high,high,high,high,2026-05-08
hitter,MIN,CLE,Victor Caratini,605170,7.0,1B,Confirmed,2.55,,,,,0.44,0.11,,,,,0.4768722312469962,0.3938060337058106,0.13114548815939447,0.08545736069830841,0.7061469265367316,0.5031013549578036,0.06341893210557718,0.04039446949461168,,,0.59,0.31,0.31,1.27,0.05,0.93,0.1,0.01,0.0,0.329,1.1238670694864048,0.7712822626407956,0.105,,0.007,,0.0,,False,96.0,99.0,96.0,88.0,93.0,91.0,91.0,92.0,94.0,high,high,high,high,high,high,high,high,high,2026-05-08
hitter,MIN,CLE,Matt Wallner,670242,8.0,RF,Confirmed,4.04,,,,,0.76,0.32,,,,,0.7371787043951707,0.7914204338362358,0.319774544496116,0.32799503670244273,1.0,1.016325709852589,0.19007995627725727,0.1837639059747633,,,1.01,0.5,0.51,1.88,0.19,1.79,0.17,0.01,0.0,0.329,1.914285714285714,1.6909675349138478,0.167,,0.007,,0.0,,False,96.0,99.0,96.0,88.0,93.0,91.0,91.0,92.0,94.0,high,high,high,high,high,high,high,high,high,2026-05-08
hitter,MIN,CLE,Royce Lewis,668904,9.0,3B,Confirmed,3.81,,,,,0.64,0.25,,,,,0.6136886853379614,0.6572684889270786,0.2857206519874078,0.21922187838528834,0.801980198019802,0.7592037036909013,0.05097956714847845,0.06253356497470045,,,0.78,0.53,0.56,2.09,0.06,1.18,0.17,0.01,0.0,0.367,1.239368165249089,1.123158726329823,0.168,,0.008,,0.0,,False,96.0,99.0,96.0,88.0,93.0,91.0,91.0,92.0,94.0,high,high,high,high,high,high,high,high,high,2026-05-08
hitter,KC,DET,Maikel Garcia,672580,1.0,3B,Confirmed,4.04,,,,,0.47,0.49,,,,,0.5043279919057562,0.4353389416860418,0.5137695720532522,0.4654885728325165,1.0980834272829765,0.9614769389194814,0.03858667695923795,0.03445751279655891,,,1.02,0.48,0.37,1.72,0.04,1.24,0.14,0.01,0.0,0.299,1.3148148148148149,1.1862796509359566,0.141,,0.008,,0.0,,False,96.0,99.0,96.0,88.0,93.0,91.0,91.0,92.0,94.0,high,high,high,high,high,high,high,high,high,2026-05-08
hitter,KC,DET,Bobby Witt Jr.,677951,2.0,SS,Confirmed,4.18,,,,,0.66,0.51,,,,,0.6920481157194901,0.6305052249376311,0.514101365202911,0.49661538466291444,1.0980834272829765,1.0561138251810918,0.04134642087813045,0.05083712919500982,,,1.08,0.48,0.38,1.74,0.05,1.42,0.19,0.01,0.0,0.291,1.4759615384615385,1.3810887869123003,0.187,,0.011,,0.0,,False,96.0,99.0,96.0,88.0,93.0,91.0,91.0,92.0,94.0,high,high,high,high,high,high,high,high,high,2026-05-08
hitter,KC,DET,Vinnie Pasquantino,686469,3.0,1B,Confirmed,4.45,,,,,0.62,0.5,,,,,0.6541669010287784,0.5883886086319148,0.500551388627155,0.49287234375440153,1.0980834272829765,1.0883990008559876,0.0562825606061377,0.08231399166582319,,,1.09,0.56,0.51,1.96,0.07,1.6,0.18,0.01,0.0,0.309,1.684375,1.537693324062993,0.184,,0.009,,0.0,,False,96.0,99.0,96.0,88.0,93.0,91.0,91.0,92.0,94.0,high,high,high,high,high,high,high,high,high,2026-05-08
hitter,KC,DET,Salvador Perez,521692,4.0,DH,Confirmed,4.08,,,,,0.73,0.27,,,,,0.7529531019984641,0.7048386647473082,0.2660468370670117,0.2810118827105882,1.0980834272829765,0.9879650276894465,0.05431999537349735,0.0609086601370968,,,1.04,0.5,0.48,1.85,0.06,1.41,0.13,0.01,0.0,0.29,1.4476190476190476,1.3747778141267228,0.132,,0.007,,0.0,,False,96.0,99.0,96.0,88.0,93.0,91.0,91.0,92.0,94.0,high,high,high,high,high,high,high,high,high,2026-05-08
hitter,KC,DET,Carter Jensen,695600,5.0,C,Confirmed,3.93,,,,,0.83,0.47,,,,,0.8192298827154764,0.8469401257650121,0.4833072697452119,0.4533431809985523,0.801980198019802,0.7347381182464083,0.0424006943070135,0.03994689498696505,,,0.76,0.43,0.38,1.51,0.04,1.12,0.12,0.01,0.0,0.276,1.1521739130434783,1.0856594834037026,0.124,,0.007,,0.0,,False,96.0,99.0,96.0,88.0,93.0,91.0,91.0,92.0,94.0,high,high,high,high,high,high,high,high,high,2026-05-08
hitter,KC,DET,Jac Caglianone,695506,6.0,RF,Confirmed,3.81,,,,,0.88,0.42,,,,,0.9158682926395405,0.8344070055465787,0.4345058016466401,0.4130241351835231,0.8949771689497716,0.8610195477849337,0.05025184037653048,0.04795108872780748,,,0.88,0.37,0.37,1.45,0.05,1.2,0.13,0.01,0.0,0.276,1.239368165249089,1.1715234048116718,0.13,,0.008,,0.0,,False,96.0,99.0,96.0,88.0,93.0,91.0,91.0,92.0,94.0,high,high,high,high,high,high,high,high,high,2026-05-08
hitter,KC,DET,Isaac Collins,686555,7.0,LF,Confirmed,3.96,,,,,0.81,0.58,,,,,0.8036935784482391,0.8242875584646376,0.6234630600432175,0.5409635161497883,0.8770949720670391,0.7538483662652257,0.03492417749896945,0.03465191620809904,,,0.81,0.38,0.3,1.38,0.03,1.15,0.11,0.01,0.0,0.281,1.239368165249089,1.076621066047818,0.109,,0.008,,0.0,,False,96.0,99.0,96.0,88.0,93.0,91.0,91.0,92.0,94.0,high,high,high,high,high,high,high,high,high,2026-05-08
hitter,KC,DET,Michael Massey,686681,8.0,2B,Confirmed,3.49,,,,,0.51,0.23,,,,,0.5261903047195176,0.486234370159311,0.22230408124698856,0.23999663080593264,0.801980198019802,0.7222749782414499,0.024592296901377406,0.020421877597306452,,,0.76,0.28,0.25,1.18,0.02,1.01,0.13,0.01,0.0,0.23,1.1238670694864048,0.9162100796605339,0.129,,0.008,,0.0,,False,96.0,99.0,96.0,88.0,93.0,91.0,91.0,92.0,94.0,high,high,high,high,high,high,high,high,high,2026-05-08
hitter,KC,DET,Kyle Isbel,664728,9.0,CF,Confirmed,3.19,,,,,0.53,0.26,,,,,0.5539782281155691,0.5027556274218297,0.28489219934394183,0.23524938465271694,0.7715355805243446,0.6490358362632048,0.021285058072065252,0.007031834715513854,,,0.7,0.28,0.25,1.17,0.01,0.92,0.12,0.01,0.0,0.252,1.001763668430335,0.8557736834147067,0.117,,0.008,,0.0,,False,96.0,99.0,96.0,88.0,93.0,91.0,91.0,92.0,94.0,high,high,high,high,high,high,high,high,high,2026-05-08
hitter,DET,KC,Matt Vierling,663837,1.0,CF,Confirmed,3.49,,,,,0.55,0.31,,,,,0.5493162704616187,0.5511529258741066,0.30672661404887136,0.3128018211371643,0.707983193277311,0.6424552026694639,0.03416314861699081,0.02448374035349723,,,0.67,0.28,0.19,1.0,0.03,0.89,0.12,0.01,0.0,0.212,0.9875776397515532,0.8176291916796753,0.122,,0.008,,0.0,,False,96.0,99.0,96.0,88.0,93.0,91.0,91.0,92.0,94.0,high,high,high,high,high,high,high,high,high,2026-05-08
hitter,DET,KC,Kevin McGonigle,805808,2.0,3B,Confirmed,3.96,,,,,0.48,0.52,,,,,0.48776174829678476,0.479914893206902,0.5246257308790675,0.5172847532502972,0.8949771689497716,0.8143775481326831,0.05103979637898338,0.05203024628334768,,,0.85,0.38,0.25,1.34,0.05,1.25,0.16,0.01,0.0,0.256,1.239368165249089,1.2606635862341904,0.157,,0.009,,0.0,,False,96.0,99.0,96.0,88.0,93.0,91.0,91.0,92.0,94.0,high,high,high,high,high,high,high,high,high,2026-05-08
hitter,DET,KC,Jahmai Jones,663330,3.0,DH,Confirmed,3.1,,,,,0.64,0.32,,,,,0.47348478068306665,0.8008653809820405,0.32072803770911273,0.3118609507259953,0.5290322580645161,0.4983413579795362,0.032802766290203,0.023627006614782158,,,0.51,0.23,0.18,0.82,0.03,0.65,0.11,0.01,0.0,0.197,0.6720588235294118,0.6288788682071172,0.109,,0.008,,0.0,,False,96.0,99.0,96.0,88.0,93.0,91.0,91.0,92.0,94.0,high,high,high,high,high,high,high,high,high,2026-05-08
hitter,DET,KC,Dillon Dingler,693307,4.0,C,Confirmed,3.96,,,,,0.71,0.3,,,,,0.6511126287962159,0.7610079865188292,0.3147015708814237,0.29457146776640425,0.8770949720670391,0.8121181445842591,0.05054415834538964,0.05535829216872518,,,0.84,0.35,0.29,1.35,0.05,1.18,0.14,0.01,0.0,0.227,1.239368165249089,1.138815569703922,0.145,,0.007,,0.0,,False,96.0,99.0,96.0,88.0,93.0,91.0,91.0,92.0,94.0,high,high,high,high,high,high,high,high,high,2026-05-08
hitter,DET,KC,Riley Greene,682985,5.0,LF,Confirmed,4.18,,,,,0.89,0.44,,,,,0.8314218356923597,0.9533746718735969,0.42336833097454274,0.46167077287520303,0.8949771689497716,0.8520002628355634,0.06371245346560066,0.048006526816766495,,,0.87,0.37,0.29,1.37,0.06,1.29,0.14,0.01,0.0,0.232,1.3148148148148149,1.2758685740876465,0.14,,0.008,,0.0,,False,96.0,99.0,96.0,88.0,93.0,91.0,91.0,92.0,94.0,high,high,high,high,high,high,high,high,high,2026-05-08
hitter,DET,KC,Wenceel Pérez,672761,6.0,CF,Confirmed,2.77,,,,,0.53,0.2,,,,,0.4869656494909159,0.5819291825426565,0.2113940119213861,0.18304307161346875,0.4125159642401022,0.33985757789855575,0.02963824202818619,0.023008160257948503,,,0.37,0.16,0.14,0.63,0.03,0.62,0.09,0.01,0.0,0.175,0.6720588235294118,0.5743910065539453,0.093,,0.008,,0.0,,False,96.0,99.0,96.0,88.0,93.0,91.0,91.0,92.0,94.0,high,high,high,high,high,high,high,high,high,2026-05-08
hitter,DET,KC,Spencer Torkelson,679529,7.0,1B,Confirmed,4.04,,,,,0.82,0.57,,,,,0.7976712325302652,0.8333093528601571,0.5665843184878727,0.5715424966020214,0.801980198019802,0.7236035793162193,0.06438978035911586,0.06665923763439084,,,0.76,0.32,0.24,1.21,0.07,1.16,0.12,0.01,0.0,0.245,1.239368165249089,1.092423571378704,0.121,,0.008,,0.0,,False,96.0,99.0,96.0,88.0,93.0,91.0,91.0,92.0,94.0,high,high,high,high,high,high,high,high,high,2026-05-08
hitter,DET,KC,Hao-Yu Lee,701678,8.0,2B,Confirmed,3.58,,,,,1.37,0.48,,,,,1.338482440747802,1.393137764232715,0.5215560555414764,0.4292591901378242,0.994208494208494,0.842879067348562,0.34834746923243637,0.2242783329820883,,,0.91,0.31,0.26,1.28,0.29,1.9,0.11,0.01,0.0,0.252,2.057017543859649,1.7691912344688077,0.112,,0.007,,0.0,,False,96.0,99.0,96.0,88.0,93.0,91.0,91.0,92.0,94.0,high,high,high,high,high,high,high,high,high,2026-05-08
hitter,DET,KC,Zack Short,670097,9.0,SS,Confirmed,3.49,,,,,1.28,0.2,,,,,1.2384324599005172,1.3281485530564843,0.17320200655323473,0.21994901967050456,0.35424354243542433,0.37454708868521336,0.02538006559914495,0.025110375182039762,,,0.37,0.32,0.25,1.27,0.03,0.61,0.11,0.01,0.0,0.267,0.4591194968553459,0.7387967526980203,0.113,,0.007,,0.0,,False,96.0,99.0,96.0,88.0,93.0,91.0,91.0,92.0,94.0,high,high,high,high,high,high,high,high,high,2026-05-08
hitter,CWS,SEA,Sam Antonacci,803011,1.0,LF,Confirmed,4.18,,,,,0.62,0.49,,,,,0.5839428869883916,0.6537671187596003,0.49075307066475704,0.48702595017118105,0.5846774193548387,0.6131439972764569,0.038879047970131905,0.03777813982478735,,,0.6,0.45,0.35,1.79,0.04,0.87,0.15,0.01,0.0,0.261,0.7899761336515513,0.9276259369082548,0.153,,0.012,,0.0,,False,96.0,99.0,96.0,88.0,93.0,91.0,91.0,92.0,94.0,high,high,high,high,high,high,high,high,high,2026-05-08
hitter,CWS,SEA,Munetaka Murakami,808959,2.0,1B,Confirmed,4.26,,,,,1.39,0.87,,,,,1.4840339560068143,1.2882357456576932,0.9067603668938862,0.8269191891792124,0.4125159642401022,0.40139752166757775,0.07836381713907056,0.13319409281952635,,,0.41,0.4,0.31,1.48,0.11,0.71,0.18,0.01,0.0,0.238,0.6720588235294118,0.7496505784566477,0.177,,0.009,,0.0,,False,96.0,99.0,96.0,88.0,93.0,91.0,91.0,92.0,94.0,high,high,high,high,high,high,high,high,high,2026-05-08
hitter,CWS,SEA,Miguel Vargas,678246,3.0,3B,Confirmed,3.96,,,,,0.77,0.57,,,,,0.7654075225692134,0.7786865407921879,0.5620513034907588,0.5697382797075262,0.4125159642401022,0.4208628158763426,0.03411528315328289,0.038663037328884826,,,0.42,0.35,0.31,1.43,0.04,0.63,0.13,0.01,0.0,0.22,0.6720588235294118,0.5988437551021334,0.131,,0.007,,0.0,,False,96.0,99.0,96.0,88.0,93.0,91.0,91.0,92.0,94.0,high,high,high,high,high,high,high,high,high,2026-05-08
hitter,CWS,SEA,Colson Montgomery,695657,4.0,SS,Confirmed,3.96,,,,,1.17,0.53,,,,,1.1737755517337978,1.1688275638313006,0.5564360753158274,0.49761235431283113,0.4125159642401022,0.409743932441763,0.05041391362896088,0.0573135946155336,,,0.41,0.34,0.3,1.35,0.05,0.69,0.15,0.01,0.0,0.213,0.6720588235294118,0.70539445834259,0.149,,0.008,,0.0,,False,96.0,99.0,96.0,88.0,93.0,91.0,91.0,92.0,94.0,high,high,high,high,high,high,high,high,high,2026-05-08
hitter,CWS,SEA,Chase Meidroth,805367,5.0,2B,Confirmed,4.18,,,,,0.73,0.45,,,,,0.7021630518628827,0.7614406414275254,0.4586876999816659,0.4377500441047439,0.5290322580645161,0.5801093791528568,0.02762126229810485,0.022151588586269724,,,0.56,0.39,0.35,1.64,0.02,0.72,0.13,0.01,0.0,0.229,0.6720588235294118,0.7683047259420314,0.134,,0.007,,0.0,,False,96.0,99.0,96.0,88.0,93.0,91.0,91.0,92.0,94.0,high,high,high,high,high,high,high,high,high,2026-05-08
hitter,CWS,SEA,Andrew Benintendi,643217,6.0,DH,Confirmed,3.81,,,,,0.85,0.43,,,,,0.8589627158295657,0.8323846881803174,0.46599574434155855,0.4004690531767387,0.4125159642401022,0.40112870721730526,0.035181991624197204,0.039822112946967414,,,0.41,0.29,0.29,1.28,0.04,0.69,0.14,0.01,0.0,0.213,0.6720588235294118,0.7135250671751133,0.141,,0.007,,0.0,,False,96.0,99.0,96.0,88.0,93.0,91.0,91.0,92.0,94.0,high,high,high,high,high,high,high,high,high,2026-05-08
hitter,CWS,SEA,Jarred Kelenic,672284,7.0,RF,Confirmed,3.02,,,,,0.95,0.28,,,,,0.9367502397973743,0.9589393293655899,0.30055715120263704,0.26820117435664603,0.3344051446945337,0.3041480525885692,0.028935806361451905,0.01592578679536551,,,0.32,0.17,0.15,0.74,0.02,0.43,0.11,0.01,0.0,0.166,0.44025157232704404,0.42583223360158784,0.106,,0.008,,0.0,,False,96.0,99.0,96.0,88.0,93.0,91.0,91.0,92.0,94.0,high,high,high,high,high,high,high,high,high,2026-05-08
hitter,CWS,SEA,Tristan Peters,671976,8.0,CF,Confirmed,2.77,,,,,0.74,0.21,,,,,0.7111339847549457,0.777595256867882,0.22884369125938336,0.20010380321079463,0.3344051446945337,0.25416702456161017,0.022474553880829456,0.009499136704096668,,,0.29,0.17,0.15,0.73,0.02,0.41,0.11,0.01,0.0,0.175,0.44025157232704404,0.3793221692856496,0.113,,0.008,,0.0,,False,96.0,99.0,96.0,88.0,93.0,91.0,91.0,92.0,94.0,high,high,high,high,high,high,high,high,high,2026-05-08
hitter,CWS,SEA,Drew Romo,691011,9.0,C,Confirmed,3.81,,,,,1.11,0.53,,,,,0.9832411532624484,1.2465983632266757,0.4884362290386347,0.5794386408660566,0.4125159642401022,0.4416582007594714,0.036055978491953564,0.039355154554325304,,,0.43,0.3,0.26,1.27,0.04,0.71,0.14,0.01,0.0,0.222,0.6720588235294118,0.7488255962846826,0.14,,0.007,,0.0,,False,96.0,99.0,96.0,88.0,93.0,91.0,91.0,92.0,94.0,high,high,high,high,high,high,high,high,high,2026-05-08
hitter,SEA,CWS,Brendan Donovan,680977,1.0,3B,Confirmed,4.04,,,,,0.51,0.45,,,,,0.529684836983774,0.4933451524856267,0.4798590287850373,0.4178906038238351,0.994208494208494,0.9150486119978326,0.03631357381878782,0.03758131122957706,,,0.95,0.39,0.28,1.48,0.04,1.23,0.21,0.01,0.0,0.257,1.239368165249089,1.2141627574259428,0.211,,0.009,,0.0,,False,96.0,99.0,96.0,88.0,93.0,91.0,91.0,92.0,94.0,high,high,high,high,high,high,high,high,high,2026-05-08
hitter,SEA,CWS,Cal Raleigh,663728,2.0,C,Confirmed,4.39,,,,,1.29,0.49,,,,,1.3487376558228619,1.2343972037564486,0.4939084023246961,0.4944968337494252,0.994208494208494,0.9061565781687523,0.29861454134513216,0.256324015736171,,,0.95,0.44,0.31,1.56,0.28,1.83,0.18,0.01,0.0,0.265,1.914285714285714,1.7682057512192662,0.176,,0.007,,0.0,,False,96.0,99.0,96.0,88.0,93.0,91.0,91.0,92.0,94.0,high,high,high,high,high,high,high,high,high,2026-05-08
hitter,SEA,CWS,Julio Rodríguez,677594,3.0,CF,Confirmed,4.25,,,,,1.04,0.25,,,,,1.009163620765845,1.0714378526730342,0.25189935613134384,0.24618311159385114,1.0980834272829765,1.0176531084612845,0.14791952144482384,0.15078993203012603,,,1.05,0.41,0.35,1.63,0.15,1.73,0.18,0.01,0.0,0.245,1.914285714285714,1.5839006405961973,0.181,,0.01,,0.0,,False,96.0,99.0,96.0,88.0,93.0,91.0,91.0,92.0,94.0,high,high,high,high,high,high,high,high,high,2026-05-08
hitter,SEA,CWS,Josh Naylor,647304,4.0,1B,Confirmed,4.25,,,,,0.7,0.28,,,,,0.7076872488868636,0.6992377705792792,0.27208881622524284,0.2796067480814124,1.0,1.0427168759036767,0.1456752864318086,0.14495480031424607,,,1.02,0.39,0.32,1.52,0.15,1.56,0.16,0.01,0.0,0.235,1.5956790123456794,1.5355939337425935,0.159,,0.01,,0.0,,False,96.0,99.0,96.0,88.0,93.0,91.0,91.0,92.0,94.0,high,high,high,high,high,high,high,high,high,2026-05-08
hitter,SEA,CWS,Randy Arozarena,668227,5.0,LF,Confirmed,4.18,,,,,1.17,0.32,,,,,1.1660659232087751,1.1837097155583463,0.3182516280680596,0.31934444028491343,1.0980834272829765,0.9095031882912935,0.16195303823654206,0.16467538458594302,,,0.99,0.4,0.33,1.53,0.16,1.64,0.19,0.01,0.0,0.246,1.684375,1.5998839540452647,0.187,,0.009,,0.0,,False,96.0,99.0,96.0,88.0,93.0,91.0,91.0,92.0,94.0,high,high,high,high,high,high,high,high,high,2026-05-08
hitter,SEA,CWS,J.P. Crawford,641487,6.0,SS,Confirmed,4.25,,,,,0.77,0.37,,,,,0.7491627779597418,0.7989773001266969,0.3657504136230453,0.3736087935837315,1.0,0.9901501685486186,0.08995608090979751,0.11549891497877357,,,0.99,0.36,0.32,1.48,0.1,1.41,0.13,0.01,0.0,0.246,1.3893129770992367,1.4285370112673608,0.133,,0.012,,0.0,,False,96.0,99.0,96.0,88.0,93.0,91.0,91.0,92.0,94.0,high,high,high,high,high,high,high,high,high,2026-05-08
hitter,SEA,CWS,Luke Raley,670042,7.0,RF,Confirmed,2.9,,,,,1.24,0.27,,,,,1.232007177033121,1.249132433284991,0.2833497968384303,0.26543857291663714,0.3344051446945337,0.3122657683331882,0.10420589648913817,0.09405831111395162,,,0.32,0.18,0.15,0.75,0.1,0.62,0.1,0.01,0.0,0.186,0.6720588235294118,0.570859231088622,0.103,,0.009,,0.0,,False,96.0,99.0,96.0,88.0,93.0,91.0,91.0,92.0,94.0,high,high,high,high,high,high,high,high,high,2026-05-08
hitter,SEA,CWS,Dominic Canzone,686527,8.0,DH,Confirmed,2.77,,,,,0.82,0.12,,,,,0.8297736534572145,0.8139088245928945,0.14343160717066303,0.10120936263745368,0.4125159642401022,0.42445004606625375,0.1068476815529103,0.08362672506817603,,,0.42,0.16,0.14,0.65,0.1,0.85,0.11,0.01,0.0,0.174,0.9875776397515532,0.7326016809757051,0.106,,0.007,,0.0,,False,96.0,99.0,96.0,88.0,93.0,91.0,91.0,92.0,94.0,high,high,high,high,high,high,high,high,high,2026-05-08
hitter,SEA,CWS,Cole Young,702284,9.0,2B,Confirmed,3.81,,,,,0.78,0.26,,,,,0.7660425227648691,0.7891927572619737,0.26430786654753446,0.26258735965409036,0.8949771689497716,0.845783699730144,0.1016668604770101,0.08916591423786446,,,0.87,0.33,0.27,1.37,0.1,1.24,0.14,0.01,0.0,0.248,1.239368165249089,1.2321117889490605,0.142,,0.008,,0.0,,False,96.0,99.0,96.0,88.0,93.0,91.0,91.0,92.0,94.0,high,high,high,high,high,high,high,high,high,2026-05-08
hitter,MIL,NYY,Jackson Chourio,694192,1.0,LF,Confirmed,4.64,,,,,0.74,0.3,,,,,0.7237953326185618,0.7509105707504689,0.29549827703069553,0.29573411558488577,1.4947368421052631,1.3148609572167729,0.17952898058227115,0.167821413108196,,,1.4,0.55,0.4,2.05,0.17,2.1,0.22,0.02,0.0,0.305,2.057017543859649,2.1312150174764346,0.215,,0.015,,0.0,,False,96.0,99.0,96.0,88.0,93.0,91.0,91.0,92.0,94.0,high,high,high,high,high,high,high,high,high,2026-05-08
hitter,MIL,NYY,Brice Turang,668930,2.0,2B,Confirmed,4.61,,,,,0.83,0.48,,,,,0.7526869528760747,0.9040126518433367,0.4682179224856632,0.49537871813948514,1.0980834272829765,1.1077182814111681,0.13007173867079203,0.14236857280273565,,,1.1,0.53,0.35,1.87,0.14,1.88,0.21,0.01,0.0,0.306,1.914285714285714,1.8558214999425018,0.212,,0.012,,0.0,,False,96.0,99.0,96.0,88.0,93.0,91.0,91.0,92.0,94.0,high,high,high,high,high,high,high,high,high,2026-05-08
hitter,MIL,NYY,William Contreras,661388,3.0,C,Confirmed,4.68,,,,,0.58,0.39,,,,,0.5715987853240846,0.5846086565316371,0.3711396680568543,0.40432149411029894,1.0980834272829765,1.2175484015280869,0.1478766634807129,0.14303282653437482,,,1.16,0.57,0.45,2.11,0.15,1.94,0.21,0.01,0.0,0.316,1.914285714285714,1.957990143918242,0.207,,0.009,,0.0,,False,96.0,99.0,96.0,88.0,93.0,91.0,91.0,92.0,94.0,high,high,high,high,high,high,high,high,high,2026-05-08
hitter,MIL,NYY,Gary Sánchez,596142,4.0,DH,Confirmed,3.48,,,,,0.82,0.24,,,,,0.7433719874909634,0.9043609380473543,0.25721990889630053,0.2245733242115,0.7061469265367316,0.6515876469458667,0.04356141315434012,0.03805429510047071,,,0.68,0.37,0.29,1.36,0.04,0.84,0.14,0.01,0.0,0.275,0.8408408408408409,0.8476786762590035,0.139,,0.01,,0.0,,False,96.0,99.0,96.0,88.0,93.0,91.0,91.0,92.0,94.0,high,high,high,high,high,high,high,high,high,2026-05-08
hitter,MIL,NYY,Andrew Vaughn,683734,5.0,1B,Confirmed,4.25,,,,,0.54,0.32,,,,,0.5333770927195887,0.5555179893156693,0.3376957309817189,0.3035714594560399,0.994208494208494,1.0612349682581972,0.17420182316263752,0.15860290968584642,,,1.03,0.46,0.37,1.71,0.17,1.87,0.17,0.01,0.0,0.281,1.914285714285714,1.8267345912255228,0.171,,0.01,,0.0,,False,96.0,99.0,96.0,88.0,93.0,91.0,91.0,92.0,94.0,high,high,high,high,high,high,high,high,high,2026-05-08
hitter,MIL,NYY,Luis Rengifo,650859,6.0,3B,Confirmed,3.58,,,,,0.62,0.21,,,,,0.5981956707681888,0.6346039944381057,0.20906146663616665,0.20844620039062348,0.7276460459758898,0.7099124916807183,0.0232183822254636,0.021565523708516242,,,0.72,0.34,0.31,1.45,0.02,0.97,0.16,0.01,0.0,0.274,1.001763668430335,0.9475523489878087,0.155,,0.011,,0.0,,False,96.0,99.0,96.0,88.0,93.0,91.0,91.0,92.0,94.0,high,high,high,high,high,high,high,high,high,2026-05-08
hitter,MIL,NYY,Brandon Lockridge,663604,7.0,LF,Confirmed,3.1,,,,,0.62,0.17,,,,,0.5701224923862039,0.6600583686170063,0.1855380770349585,0.15085376897998395,0.7061469265367316,0.5755323066149735,0.03642730588676077,0.04708784302996622,,,0.63,0.21,0.17,0.86,0.04,0.94,0.11,0.01,0.0,0.206,1.001763668430335,0.8815626457495989,0.113,,0.009,,0.0,,False,96.0,99.0,96.0,88.0,93.0,91.0,91.0,92.0,94.0,high,high,high,high,high,high,high,high,high,2026-05-08
hitter,MIL,NYY,Sal Frelick,686217,8.0,RF,Confirmed,4.25,,,,,0.35,0.3,,,,,0.36391341495484175,0.334940137021425,0.3099876473766977,0.2808950176187443,1.0980834272829765,1.1142753556413372,0.08850680013270035,0.08649456303161702,,,1.11,0.47,0.38,1.94,0.09,1.57,0.17,0.01,0.0,0.319,1.5956790123456794,1.5545448798031343,0.171,,0.012,,0.0,,False,96.0,99.0,96.0,88.0,93.0,91.0,91.0,92.0,94.0,high,high,high,high,high,high,high,high,high,2026-05-08
hitter,MIL,NYY,Joey Ortiz,687401,9.0,SS,Confirmed,3.02,,,,,0.37,0.17,,,,,0.4065960410609849,0.33854670496742834,0.19531536357387957,0.14249424644500724,0.7715355805243446,0.6665879743797416,0.06043916319611819,0.053718716933382434,,,0.71,0.3,0.25,1.25,0.06,1.12,0.13,0.01,0.0,0.29,1.239368165249089,1.0156321196652394,0.13,,0.009,,0.0,,False,96.0,99.0,96.0,88.0,93.0,91.0,91.0,92.0,94.0,high,high,high,high,high,high,high,high,high,2026-05-08
hitter,NYY,MIL,Trent Grisham,663757,1.0,CF,Confirmed,4.18,,,,,0.79,0.67,,,,,0.7706136482236992,0.8072840100358496,0.7288946308810262,0.6116293483148292,0.994208494208494,0.9233700294752201,0.07719239706122488,0.09159126217267433,,,0.96,0.36,0.21,1.05,0.08,1.46,0.13,0.01,0.0,0.244,1.5956790123456794,1.3441442417632685,0.132,,0.007,,0.0,,False,96.0,99.0,96.0,88.0,93.0,91.0,91.0,92.0,94.0,high,high,high,high,high,high,high,high,high,2026-05-08
hitter,NYY,MIL,Ben Rice,700250,2.0,1B,Confirmed,3.81,,,,,0.56,0.38,,,,,0.5681103466242805,0.5592638065401211,0.38350234792531435,0.3743056660793623,0.8770949720670391,0.8665547553995592,0.2341361929961653,0.22645912891229558,,,0.87,0.28,0.17,0.86,0.23,1.84,0.1,0.01,0.0,0.202,2.057017543859649,1.655917262081116,0.104,,0.009,,0.0,,False,96.0,99.0,96.0,88.0,93.0,91.0,91.0,92.0,94.0,high,high,high,high,high,high,high,high,high,2026-05-08
hitter,NYY,MIL,Aaron Judge,592450,3.0,RF,Confirmed,4.25,,,,,0.96,0.84,,,,,1.0361249775337653,0.8855050575670427,0.8929631643898135,0.7825296924545556,1.0,1.1096444194612622,0.1213225345951052,0.1448079599564686,,,1.06,0.42,0.27,1.22,0.13,1.64,0.14,0.01,0.0,0.285,1.684375,1.603393531437172,0.138,,0.009,,0.0,,False,96.0,99.0,96.0,88.0,93.0,91.0,91.0,92.0,94.0,high,high,high,high,high,high,high,high,high,2026-05-08
hitter,NYY,MIL,Cody Bellinger,641355,4.0,LF,Confirmed,4.25,,,,,0.48,0.56,,,,,0.535467502699949,0.43195160335894295,0.6122118813390822,0.5083118303211567,1.0,0.9692059748196896,0.038618329793499356,0.0339597289059706,,,0.98,0.39,0.28,1.31,0.04,1.38,0.13,0.01,0.0,0.246,1.3893129770992367,1.3678943262987235,0.129,,0.01,,0.0,,False,96.0,99.0,96.0,88.0,93.0,91.0,91.0,92.0,94.0,high,high,high,high,high,high,high,high,high,2026-05-08
hitter,NYY,MIL,Jazz Chisholm Jr.,665862,5.0,2B,Confirmed,4.04,,,,,0.9,0.52,,,,,0.9392197837410143,0.8629987772448333,0.5675749294405537,0.47700502475906137,0.8949771689497716,0.836487577000499,0.06231189179745883,0.07965783767848973,,,0.86,0.29,0.2,0.91,0.07,1.25,0.11,0.01,0.0,0.203,1.239368165249089,1.2510057218354413,0.107,,0.008,,0.0,,False,96.0,99.0,96.0,88.0,93.0,91.0,91.0,92.0,94.0,high,high,high,high,high,high,high,high,high,2026-05-08
hitter,NYY,MIL,Spencer Jones,682987,6.0,DH,Confirmed,2.26,,,,,0.69,0.08,,,,,0.6613543237751467,0.727822412571475,0.09027294029950819,0.0636778728794463,0.3344051446945337,0.23842257996019237,0.035393553095087404,0.029823201257075802,,,0.28,0.13,0.1,0.47,0.03,0.5,0.08,0.01,0.0,0.191,0.5302013422818792,0.4705404826032719,0.082,,0.007,,0.0,,False,96.0,99.0,96.0,88.0,93.0,91.0,91.0,92.0,94.0,high,high,high,high,high,high,high,high,high,2026-05-08
hitter,NYY,MIL,José Caballero,676609,7.0,SS,Confirmed,3.1,,,,,0.62,0.35,,,,,0.6548859416341748,0.5918034711082695,0.3869581242870427,0.3090947593783532,0.707983193277311,0.5865760581940435,0.02214394287797853,0.012054609390533605,,,0.64,0.2,0.14,0.69,0.02,0.86,0.11,0.01,0.0,0.209,0.9875776397515532,0.7505518270928305,0.106,,0.008,,0.0,,False,96.0,99.0,96.0,88.0,93.0,91.0,91.0,92.0,94.0,high,high,high,high,high,high,high,high,high,2026-05-08
hitter,NYY,MIL,Austin Wells,669224,8.0,C,Confirmed,3.49,,,,,1.08,0.12,,,,,1.0629945499871194,1.0960543868785517,0.09330991317176292,0.14094783986517337,0.35424354243542433,0.38959621062867056,0.1414145789031697,0.13065249208828128,,,0.37,0.24,0.17,0.82,0.14,0.82,0.09,0.01,0.0,0.216,0.7899761336515513,0.8474471994913437,0.091,,0.007,,0.0,,False,96.0,99.0,96.0,88.0,93.0,91.0,91.0,92.0,94.0,high,high,high,high,high,high,high,high,high,2026-05-08
hitter,NYY,MIL,Ryan McMahon,641857,9.0,3B,Confirmed,3.58,,,,,0.84,0.49,,,,,0.8362818976656465,0.8467852329655958,0.5095228434448521,0.465667352454438,0.7715355805243446,0.743962091273501,0.04914216454230846,0.06472767864716214,,,0.76,0.25,0.17,0.84,0.06,1.09,0.12,0.01,0.0,0.226,1.1521739130434783,1.0424722350756543,0.119,,0.006,,0.0,,False,96.0,99.0,96.0,88.0,93.0,91.0,91.0,92.0,94.0,high,high,high,high,high,high,high,high,high,2026-05-08
hitter,TEX,CHC,Brandon Nimmo,607043,1.0,RF,Confirmed,4.25,,,,,0.63,0.68,,,,,0.6101130959715605,0.6572087099765319,0.7090139456398526,0.6597344692646429,0.801980198019802,0.8139451429824094,0.07604996445539239,0.0672446164489573,,,0.81,0.5,0.42,1.81,0.07,1.17,0.18,0.01,0.0,0.285,1.239368165249089,1.1216975329732848,0.18,,0.007,,0.0,,False,96.0,99.0,96.0,88.0,93.0,91.0,91.0,92.0,94.0,high,high,high,high,high,high,high,high,high,2026-05-08
hitter,TEX,CHC,Ezequiel Duran,677649,2.0,RF,Confirmed,3.58,,,,,0.6,0.43,,,,,0.5743684373170109,0.6206141187249578,0.4508483803770792,0.41177749686192716,0.801980198019802,0.6696966783248289,0.03480939122055503,0.045020986512624143,,,0.73,0.34,0.27,1.33,0.04,0.95,0.12,0.01,0.0,0.235,1.001763668430335,0.9104157251156998,0.117,,0.008,,0.0,,False,96.0,99.0,96.0,88.0,93.0,91.0,91.0,92.0,94.0,high,high,high,high,high,high,high,high,high,2026-05-08
hitter,TEX,CHC,Corey Seager,608369,3.0,SS,Confirmed,4.26,,,,,0.73,0.93,,,,,0.7720361781502123,0.6815493346717831,1.0150449702746187,0.8511019907081725,0.7715355805243446,0.843656652962928,0.10393927407100795,0.06256002598703894,,,0.81,0.54,0.52,1.95,0.08,1.18,0.18,0.01,0.0,0.309,1.239368165249089,1.136912683352936,0.18,,0.006,,0.0,,False,96.0,99.0,96.0,88.0,93.0,91.0,91.0,92.0,94.0,high,high,high,high,high,high,high,high,high,2026-05-08
hitter,TEX,CHC,Josh Jung,673962,4.0,3B,Confirmed,4.08,,,,,0.73,0.51,,,,,0.7151630368760211,0.7504381255949596,0.566419128356939,0.4619850145072193,0.8770949720670391,0.8020320380360643,0.08475090027941962,0.07744027734446514,,,0.84,0.49,0.48,1.84,0.08,1.11,0.12,0.01,0.0,0.281,1.1521739130434783,1.0741918078903665,0.122,,0.008,,0.0,,False,96.0,99.0,96.0,88.0,93.0,91.0,91.0,92.0,94.0,high,high,high,high,high,high,high,high,high,2026-05-08
hitter,TEX,CHC,Evan Carter,694497,5.0,CF,Confirmed,3.49,,,,,0.65,0.6,,,,,0.6688908569849401,0.639113262945664,0.6533797816176765,0.5563959880929877,0.7061469265367316,0.6261211097799471,0.07206126311141495,0.07242781009489745,,,0.66,0.38,0.35,1.44,0.07,0.92,0.12,0.01,0.0,0.268,1.001763668430335,0.8471712569687582,0.125,,0.008,,0.0,,False,96.0,99.0,96.0,88.0,93.0,91.0,91.0,92.0,94.0,high,high,high,high,high,high,high,high,high,2026-05-08
hitter,TEX,CHC,Joc Pederson,592626,6.0,DH,Confirmed,3.1,,,,,0.6,0.51,,,,,0.5887537561236503,0.6016784218724818,0.5460523508452307,0.4827119118992357,0.5846774193548387,0.4629611460416777,0.08650527221037899,0.06076141911798684,,,0.52,0.26,0.29,1.04,0.07,0.93,0.1,0.01,0.0,0.235,1.001763668430335,0.8639791655692505,0.098,,0.007,,0.0,,False,96.0,99.0,96.0,88.0,93.0,91.0,91.0,92.0,94.0,high,high,high,high,high,high,high,high,high,2026-05-08
hitter,TEX,CHC,Jake Burger,669394,7.0,1B,Confirmed,3.89,,,,,0.76,0.41,,,,,0.7509681233780581,0.7771715104962899,0.43182202128705005,0.38141592979300276,0.801980198019802,0.8362514019058516,0.09781231569952722,0.08442733689659915,,,0.82,0.42,0.43,1.65,0.09,1.13,0.12,0.01,0.0,0.286,1.239368165249089,1.0392836693088554,0.122,,0.008,,0.0,,False,96.0,99.0,96.0,88.0,93.0,91.0,91.0,92.0,94.0,high,high,high,high,high,high,high,high,high,2026-05-08
hitter,TEX,CHC,Alejandro Osuna,696030,8.0,LF,Confirmed,2.77,,,,,0.43,0.39,,,,,0.4601553306043994,0.40952565478589126,0.44781282039261583,0.3318771588710782,0.4125159642401022,0.3856514460875622,0.033028920950915,0.032024799643943454,,,0.4,0.22,0.2,0.9,0.03,0.63,0.08,0.01,0.0,0.219,0.6720588235294118,0.5935086930892444,0.078,,0.006,,0.0,,False,96.0,99.0,96.0,88.0,93.0,91.0,91.0,92.0,94.0,high,high,high,high,high,high,high,high,high,2026-05-08
hitter,TEX,CHC,Danny Jansen,643376,9.0,C,Confirmed,3.74,,,,,0.77,0.68,,,,,0.7544712881919556,0.7862288016511606,0.7065817181774402,0.6616113476689036,0.7061469265367316,0.5869742495743501,0.06803827009194525,0.06520816255477309,,,0.64,0.33,0.3,1.27,0.07,0.9,0.12,0.01,0.0,0.245,0.9875776397515532,0.8351890583798289,0.121,,0.006,,0.0,,False,96.0,99.0,96.0,88.0,93.0,91.0,91.0,92.0,94.0,high,high,high,high,high,high,high,high,high,2026-05-08
hitter,CHC,TEX,Nico Hoerner,663538,1.0,2B,Confirmed,4.57,,,,,0.25,0.55,,,,,0.24817847225753006,0.2554732454047582,0.5368867122617157,0.5651174752703733,0.7061469265367316,0.6969018120122787,0.11286288035708689,0.12168537755946257,,,0.7,0.75,0.6,2.96,0.12,1.31,0.24,0.01,0.0,0.393,1.239368165249089,1.3715180591052132,0.245,,0.014,,0.0,,False,96.0,99.0,96.0,88.0,93.0,91.0,91.0,92.0,94.0,high,high,high,high,high,high,high,high,high,2026-05-08
hitter,CHC,TEX,Michael Conforto,624424,2.0,DH,Confirmed,2.55,,,,,0.59,0.37,,,,,0.5782934545199856,0.6109432201783255,0.4237604956421178,0.31998850249100635,0.35424354243542433,0.3148915641066204,0.09732357313045628,0.08557747822203367,,,0.33,0.35,0.29,1.31,0.09,0.71,0.14,0.01,0.0,0.335,0.7899761336515513,0.6371029899703832,0.137,,0.01,,0.0,,False,96.0,99.0,96.0,88.0,93.0,91.0,91.0,92.0,94.0,high,high,high,high,high,high,high,high,high,2026-05-08
hitter,CHC,TEX,Alex Bregman,608324,3.0,3B,Confirmed,4.61,,,,,0.47,0.88,,,,,0.505498083229898,0.44189327095130143,0.9226935025164692,0.838387709331994,0.6434108527131783,0.6244749968256867,0.22023125009677996,0.19839958444974765,,,0.63,0.78,0.73,3.0,0.21,1.4,0.25,0.01,0.0,0.405,1.3148148148148149,1.4739445041936636,0.254,,0.007,,0.0,,False,96.0,99.0,96.0,88.0,93.0,91.0,91.0,92.0,94.0,high,high,high,high,high,high,high,high,high,2026-05-08
hitter,CHC,TEX,Ian Happ,664023,4.0,LF,Confirmed,4.61,,,,,0.83,1.03,,,,,0.7743748374073828,0.8943355342159667,1.046753351309106,1.0035248144884776,0.6434108527131783,0.6136198518086088,0.23637931412644997,0.3016409336983986,,,0.63,0.79,0.74,3.03,0.27,1.55,0.29,0.01,0.0,0.413,1.4759615384615385,1.607958490285977,0.289,,0.007,,0.0,,False,96.0,99.0,96.0,88.0,93.0,91.0,91.0,92.0,94.0,high,high,high,high,high,high,high,high,high,2026-05-08
hitter,CHC,TEX,Seiya Suzuki,673548,5.0,RF,Confirmed,4.74,,,,,1.28,0.35,,,,,1.2306474235153946,1.322080485229511,0.33596897605460396,0.3588277501045476,0.8949771689497716,1.0148165574464634,0.17784920564299067,0.2261512948143163,,,0.96,0.82,0.79,3.11,0.2,1.91,0.23,0.01,0.0,0.414,1.914285714285714,1.911599641433149,0.226,,0.008,,0.0,,False,96.0,99.0,96.0,88.0,93.0,91.0,91.0,92.0,94.0,high,high,high,high,high,high,high,high,high,2026-05-08
hitter,CHC,TEX,Michael Busch,683737,6.0,1B,Confirmed,4.51,,,,,0.8,0.86,,,,,0.7385590236929243,0.8531934496005601,0.8694059685046821,0.8601532670793278,0.5846774193548387,0.5570794734275974,0.270443624936558,0.2800169473186535,,,0.57,0.63,0.69,2.49,0.28,1.37,0.25,0.01,0.0,0.387,1.3148148148148149,1.424124772426539,0.247,,0.012,,0.0,,False,96.0,99.0,96.0,88.0,93.0,91.0,91.0,92.0,94.0,high,high,high,high,high,high,high,high,high,2026-05-08
hitter,CHC,TEX,Carson Kelly,608348,7.0,C,Confirmed,4.26,,,,,0.93,0.24,,,,,0.884048778137225,0.9827365961505271,0.24401651663926854,0.24576737696231782,0.8694581280788177,0.8738447349696803,0.13404564791731718,0.13860122541767023,,,0.87,0.53,0.51,2.18,0.14,1.44,0.21,0.01,0.0,0.343,1.3893129770992367,1.4843656788680926,0.207,,0.009,,0.0,,False,96.0,99.0,96.0,88.0,93.0,91.0,91.0,92.0,94.0,high,high,high,high,high,high,high,high,high,2026-05-08
hitter,CHC,TEX,Pete Crow-Armstrong,691718,8.0,CF,Confirmed,4.26,,,,,0.76,0.53,,,,,0.7109283269546735,0.8113439531187018,0.5517360452077159,0.5141894788980347,0.6506024096385542,0.5861299080991168,0.2657338900623978,0.2728485191393545,,,0.62,0.6,0.6,2.38,0.27,1.62,0.25,0.01,0.0,0.385,1.684375,1.5615589720350973,0.251,,0.011,,0.0,,False,96.0,99.0,96.0,88.0,93.0,91.0,91.0,92.0,94.0,high,high,high,high,high,high,high,high,high,2026-05-08
hitter,CHC,TEX,Dansby Swanson,621020,9.0,SS,Confirmed,4.18,,,,,0.72,0.64,,,,,0.6624895040529459,0.7786389129717138,0.6478900649748731,0.6234769657132979,0.5290322580645161,0.548079598718479,0.21228020930011607,0.22819250020746315,,,0.54,0.55,0.54,2.19,0.22,1.26,0.19,0.01,0.0,0.361,1.239368165249089,1.2729428092258168,0.194,,0.008,,0.0,,False,96.0,99.0,96.0,88.0,93.0,91.0,91.0,92.0,94.0,high,high,high,high,high,high,high,high,high,2026-05-08
hitter,AZ,NYM,Geraldo Perdomo,672695,1.0,SS,Confirmed,4.68,,,,,0.47,0.48,,,,,0.46786578429960834,0.4782381216667427,0.40733850084374223,0.5581155116884637,0.801980198019802,0.9038538709877798,0.11676196055303095,0.11342058242231336,,,0.86,0.54,0.4,2.08,0.12,1.36,0.3,0.01,0.0,0.299,1.3148148148148149,1.3902176884573219,0.303,,0.011,,0.0,,False,96.0,99.0,96.0,88.0,93.0,91.0,91.0,92.0,94.0,high,high,high,high,high,high,high,high,high,2026-05-08
hitter,AZ,NYM,Ildemaro Vargas,545121,2.0,2B,Confirmed,4.51,,,,,0.45,0.23,,,,,0.4259380937019649,0.46812661212686074,0.22465751077987328,0.22942844143694868,0.994208494208494,1.0747364979022507,0.10592348376897012,0.11171517379007775,,,1.04,0.65,0.51,2.65,0.11,1.45,0.27,0.02,0.0,0.352,1.3893129770992367,1.4905886837066686,0.275,,0.015,,0.0,,False,96.0,99.0,96.0,88.0,93.0,91.0,91.0,92.0,94.0,high,high,high,high,high,high,high,high,high,2026-05-08
hitter,AZ,NYM,Corbin Carroll,682998,3.0,RF,Confirmed,4.57,,,,,1.01,0.47,,,,,0.9537489995332146,1.0746737800017725,0.46184379695582534,0.479103341595983,0.801980198019802,0.8642636396921598,0.21749656190907177,0.19541478732798895,,,0.84,0.54,0.45,2.09,0.21,1.95,0.26,0.03,0.0,0.307,1.914285714285714,1.9792180920181075,0.258,,0.033,,0.0,,False,96.0,99.0,96.0,88.0,93.0,91.0,91.0,92.0,94.0,high,high,high,high,high,high,high,high,high,2026-05-08
hitter,AZ,NYM,Adrian Del Castillo,680728,4.0,DH,Confirmed,3.33,,,,,0.89,0.21,,,,,0.8782595745341896,0.8995019828049344,0.21759174724102778,0.20828525619295435,0.4125159642401022,0.46163948610434286,0.0970036766186331,0.09302767240878837,,,0.44,0.36,0.31,1.44,0.1,0.89,0.12,0.01,0.0,0.265,0.9875776397515532,0.8137368296394646,0.124,,0.01,,0.0,,False,96.0,99.0,96.0,88.0,93.0,91.0,91.0,92.0,94.0,high,high,high,high,high,high,high,high,high,2026-05-08
hitter,AZ,NYM,Nolan Arenado,571448,5.0,3B,Confirmed,3.81,,,,,0.43,0.31,,,,,0.41792070843477547,0.4323384911563865,0.3230313685957307,0.30125313065285414,0.7061469265367316,0.705728278650623,0.1236389995989968,0.12046811545142676,,,0.71,0.5,0.43,2.04,0.12,1.18,0.2,0.01,0.0,0.327,1.239368165249089,1.1397103564320954,0.198,,0.008,,0.0,,False,96.0,99.0,96.0,88.0,93.0,91.0,91.0,92.0,94.0,high,high,high,high,high,high,high,high,high,2026-05-08
hitter,AZ,NYM,Lourdes Gurriel Jr.,666971,6.0,LF,Confirmed,3.96,,,,,0.71,0.1,,,,,0.6970243997397826,0.7304232941140768,0.08305997151390575,0.11669747238570889,0.3344051446945337,0.5045534351608186,0.021842163536163566,0.0315580151948287,,,0.43,0.44,0.43,1.97,0.03,0.56,0.18,0.01,0.0,0.313,0.44025157232704404,0.6504652080261482,0.182,,0.009,,0.0,,False,96.0,99.0,96.0,88.0,93.0,91.0,91.0,92.0,94.0,high,high,high,high,high,high,high,high,high,2026-05-08
hitter,AZ,NYM,Gabriel Moreno,672515,7.0,C,Confirmed,4.14,,,,,0.67,0.33,,,,,0.6457907254171324,0.7005953018393276,0.33970391549576495,0.3152563049541205,0.7061469265367316,0.7367495722574243,0.13112585628869788,0.11841614240469467,,,0.72,0.45,0.38,1.93,0.12,1.21,0.18,0.01,0.0,0.308,1.239368165249089,1.1811485502058792,0.185,,0.009,,0.0,,False,96.0,99.0,96.0,88.0,93.0,91.0,91.0,92.0,94.0,high,high,high,high,high,high,high,high,high,2026-05-08
hitter,AZ,NYM,Jose Fernandez,699912,8.0,1B,Confirmed,4.08,,,,,0.79,0.28,,,,,0.6546147780160381,0.9327973823894993,0.27126277726508696,0.2841842541351105,0.7061469265367316,0.7633921264256326,0.11545310193278804,0.12483607373677266,,,0.74,0.43,0.38,1.91,0.12,1.19,0.21,0.01,0.0,0.302,1.1521739130434783,1.2180247013870706,0.206,,0.007,,0.0,,False,96.0,99.0,96.0,88.0,93.0,91.0,91.0,92.0,94.0,high,high,high,high,high,high,high,high,high,2026-05-08
hitter,AZ,NYM,Jorge Barrosa,678489,9.0,CF,Confirmed,3.74,,,,,0.85,0.25,,,,,0.7602346576206978,0.9480669849580404,0.25369476857456763,0.25141325626711136,0.6434108527131783,0.6428169715739427,0.10323246243640344,0.11372080671959597,,,0.64,0.35,0.3,1.52,0.11,1.06,0.2,0.01,0.0,0.272,1.1238670694864048,1.0142418200026302,0.203,,0.011,,0.0,,False,96.0,99.0,96.0,88.0,93.0,91.0,91.0,92.0,94.0,high,high,high,high,high,high,high,high,high,2026-05-08
hitter,NYM,AZ,Juan Soto,665742,1.0,LF,Confirmed,3.96,,,,,0.57,0.57,,,,,0.5512055293404164,0.5895701721275823,0.5863656894913822,0.5506118660690561,0.8694581280788177,0.8089351527797718,0.08622865136869073,0.14347876826291903,,,0.84,0.54,0.4,1.64,0.11,1.3,0.11,0.01,0.0,0.345,1.3148148148148149,1.2796777313441599,0.11,,0.008,,0.0,,False,96.0,99.0,96.0,88.0,93.0,91.0,91.0,92.0,94.0,high,high,high,high,high,high,high,high,high,2026-05-08
hitter,NYM,AZ,Bo Bichette,666182,2.0,3B,Confirmed,4.48,,,,,0.42,0.38,,,,,0.4639161706776197,0.38391957889310196,0.3862827933579597,0.3750625866510961,1.0980834272829765,1.1009594323206928,0.05085485206417663,0.048281028660408364,,,1.1,0.5,0.38,1.76,0.05,1.53,0.19,0.01,0.0,0.282,1.5956790123456794,1.4711363917276838,0.188,,0.009,,0.0,,False,96.0,99.0,96.0,88.0,93.0,91.0,91.0,92.0,94.0,high,high,high,high,high,high,high,high,high,2026-05-08
hitter,NYM,AZ,Brett Baty,683146,3.0,1B,Confirmed,3.49,,,,,0.61,0.33,,,,,0.5666251037636103,0.6564237567501827,0.35037492715059426,0.3050552297837,0.707983193277311,0.608439892156206,0.04794262224064216,0.044725390520844746,,,0.65,0.33,0.28,1.14,0.05,0.92,0.12,0.01,0.0,0.248,0.9875776397515532,0.870958317870784,0.122,,0.009,,0.0,,False,96.0,99.0,96.0,88.0,93.0,91.0,91.0,92.0,94.0,high,high,high,high,high,high,high,high,high,2026-05-08
hitter,NYM,AZ,Mark Vientos,668901,4.0,1B,Confirmed,3.96,,,,,0.71,0.31,,,,,0.6614669912428884,0.7581675235373648,0.31138207932123196,0.31308211539724595,0.8694581280788177,0.8521671477595401,0.04966995599436693,0.04875831026789236,,,0.86,0.42,0.37,1.49,0.05,1.2,0.15,0.01,0.0,0.266,1.239368165249089,1.1761390572320847,0.15,,0.01,,0.0,,False,96.0,99.0,96.0,88.0,93.0,91.0,91.0,92.0,94.0,high,high,high,high,high,high,high,high,high,2026-05-08
hitter,NYM,AZ,Carson Benge,701807,5.0,CF,Confirmed,3.58,,,,,0.46,0.28,,,,,0.4425266803805955,0.47215981593905587,0.29759588556786654,0.25519518599676705,0.801980198019802,0.7447009834903385,0.04979213500638032,0.041157974584034245,,,0.77,0.41,0.36,1.48,0.05,1.09,0.17,0.01,0.0,0.289,1.1521739130434783,1.0324012552661959,0.168,,0.009,,0.0,,False,96.0,99.0,96.0,88.0,93.0,91.0,91.0,92.0,94.0,high,high,high,high,high,high,high,high,high,2026-05-08
hitter,NYM,AZ,Marcus Semien,543760,6.0,2B,Confirmed,4.14,,,,,0.47,0.35,,,,,0.48823660200167274,0.4567401294190072,0.3526694274885165,0.34609704561058785,0.8949771689497716,0.8728004139574213,0.04034242466797471,0.03831500762214213,,,0.88,0.36,0.35,1.42,0.04,1.22,0.14,0.01,0.0,0.254,1.239368165249089,1.204545612426802,0.142,,0.009,,0.0,,False,96.0,99.0,96.0,88.0,93.0,91.0,91.0,92.0,94.0,high,high,high,high,high,high,high,high,high,2026-05-08
hitter,NYM,AZ,MJ Melendez,669004,7.0,RF,Confirmed,3.1,,,,,0.67,0.27,,,,,0.64544986665557,0.6921754232906446,0.2556966539638775,0.2781580886746276,0.6434108527131783,0.4692722354812474,0.04591964544550229,0.04065035313580938,,,0.55,0.25,0.23,0.89,0.04,0.75,0.11,0.01,0.0,0.24,0.8408408408408409,0.6822727134122143,0.111,,0.01,,0.0,,False,96.0,99.0,96.0,88.0,93.0,91.0,91.0,92.0,94.0,high,high,high,high,high,high,high,high,high,2026-05-08
hitter,NYM,AZ,Francisco Alvarez,682626,8.0,DH,Confirmed,3.89,,,,,0.7,0.32,,,,,0.6445966406829589,0.7652463380230505,0.32880539947137266,0.316079583672711,0.801980198019802,0.7113748840666596,0.0532134722252182,0.053353346869092294,,,0.75,0.35,0.31,1.31,0.05,1.09,0.14,0.01,0.0,0.261,1.1238670694864048,1.0555473295764344,0.141,,0.01,,0.0,,False,96.0,99.0,96.0,88.0,93.0,91.0,91.0,92.0,94.0,high,high,high,high,high,high,high,high,high,2026-05-08
hitter,NYM,AZ,Luis Torrens,620443,9.0,C,Confirmed,3.1,,,,,0.51,0.22,,,,,0.5326436433732472,0.48184026383241135,0.25158342853417487,0.1979418699016317,1.0980834272829765,0.8149372922067278,0.06686248730673805,0.06263412636339412,,,0.94,0.24,0.21,0.92,0.06,1.33,0.1,0.01,0.0,0.222,1.4759615384615385,1.213647620818928,0.104,,0.008,,0.0,,False,96.0,99.0,96.0,88.0,93.0,91.0,91.0,92.0,94.0,high,high,high,high,high,high,high,high,high,2026-05-08
hitter,SD,STL,Jackson Merrill,701538,1.0,CF,Confirmed,4.45,,,,,1.33,0.43,,,,,1.3121469438288587,1.3510271063683668,0.4240733325472432,0.4439645040835916,0.7715355805243446,0.754095657909278,0.04766951874888597,0.04028197382089945,,,0.76,0.42,0.28,1.47,0.04,1.07,0.16,0.01,0.0,0.25,1.1238670694864048,1.0331209673286752,0.16,,0.009,,0.0,,False,96.0,99.0,96.0,88.0,93.0,91.0,91.0,92.0,94.0,high,high,high,high,high,high,high,high,high,2026-05-08
hitter,SD,STL,Xander Bogaerts,593428,2.0,SS,Confirmed,4.18,,,,,0.93,0.48,,,,,0.902074049584795,0.9501073677064804,0.4579977397769105,0.4934802668883316,0.7061469265367316,0.6588576842324599,0.045027511571593126,0.028687561179096575,,,0.68,0.4,0.26,1.36,0.04,0.99,0.13,0.01,0.0,0.252,1.001763668430335,0.9885315106177971,0.129,,0.009,,0.0,,False,96.0,99.0,96.0,88.0,93.0,91.0,91.0,92.0,94.0,high,high,high,high,high,high,high,high,high,2026-05-08
hitter,SD,STL,Manny Machado,592518,3.0,3B,Confirmed,4.45,,,,,1.18,0.53,,,,,1.1700575887729492,1.1828929663322665,0.5368433837027823,0.5225286898405321,0.707983193277311,0.7324982079372996,0.05618650148113159,0.05135200181021192,,,0.72,0.42,0.3,1.43,0.05,1.12,0.15,0.01,0.0,0.256,1.1238670694864048,1.1163829755502308,0.149,,0.007,,0.0,,False,96.0,99.0,96.0,88.0,93.0,91.0,91.0,92.0,94.0,high,high,high,high,high,high,high,high,high,2026-05-08
hitter,SD,STL,Gavin Sheets,657757,4.0,1B,Confirmed,3.33,,,,,0.53,0.2,,,,,0.5300920267333873,0.5269706919326438,0.18550471227847,0.20974720628624333,0.4125159642401022,0.42215975575335246,0.1308927763273185,0.10998591198305861,,,0.42,0.29,0.21,0.98,0.12,0.94,0.11,0.01,0.0,0.237,1.001763668430335,0.8960899899648701,0.106,,0.008,,0.0,,False,96.0,99.0,96.0,88.0,93.0,91.0,91.0,92.0,94.0,high,high,high,high,high,high,high,high,high,2026-05-08
hitter,SD,STL,Fernando Tatis Jr.,665487,5.0,RF,Confirmed,4.51,,,,,1.14,0.64,,,,,1.162996036217303,1.109832166385041,0.6097352067815681,0.6748558933623827,0.7715355805243446,0.7821091956380565,0.0586592846766788,0.04539864461430364,,,0.78,0.44,0.31,1.45,0.05,1.13,0.17,0.01,0.0,0.268,1.1521739130434783,1.1115050232049302,0.166,,0.007,,0.0,,False,96.0,99.0,96.0,88.0,93.0,91.0,91.0,92.0,94.0,high,high,high,high,high,high,high,high,high,2026-05-08
hitter,SD,STL,Miguel Andujar,609280,6.0,DH,Confirmed,4.18,,,,,0.74,0.31,,,,,0.7214049415381746,0.7667890072150684,0.3064454199432387,0.3197441611745002,0.801980198019802,0.8424844753986063,0.03638629444848597,0.043049682941911326,,,0.82,0.35,0.32,1.48,0.04,1.09,0.15,0.01,0.0,0.25,1.1238670694864048,1.0622895353615596,0.155,,0.01,,0.0,,False,96.0,99.0,96.0,88.0,93.0,91.0,91.0,92.0,94.0,high,high,high,high,high,high,high,high,high,2026-05-08
hitter,SD,STL,Ramón Laureano,657656,7.0,LF,Confirmed,4.25,,,,,1.35,0.46,,,,,1.2369107191277615,1.4573011844375523,0.46886337672499245,0.4571258260410666,0.6434108527131783,0.6783975255891472,0.06303563047141597,0.05041525785055947,,,0.66,0.34,0.25,1.23,0.06,0.98,0.14,0.01,0.0,0.245,1.001763668430335,0.9588056309052084,0.136,,0.007,,0.0,,False,96.0,99.0,96.0,88.0,93.0,91.0,91.0,92.0,94.0,high,high,high,high,high,high,high,high,high,2026-05-08
hitter,SD,STL,Freddy Fermin,666023,8.0,C,Confirmed,3.49,,,,,0.49,0.17,,,,,0.5021516372767635,0.4809133651932037,0.1693105014836994,0.17170693103770593,0.4125159642401022,0.5132516677687798,0.07455653281458627,0.07175554350170925,,,0.47,0.27,0.21,1.07,0.07,0.85,0.13,0.01,0.0,0.238,0.8408408408408409,0.8564253606363538,0.129,,0.008,,0.0,,False,96.0,99.0,96.0,88.0,93.0,91.0,91.0,92.0,94.0,high,high,high,high,high,high,high,high,high,2026-05-08
hitter,SD,STL,Sung-Mun Song,823550,9.0,2B,Confirmed,3.33,,,,,0.5,0.17,,,,,0.438686750918752,0.5553438165553624,0.17370286055767234,0.15778135518400674,0.4125159642401022,0.39198033308785135,0.046975205143729014,0.06559092525404736,,,0.4,0.21,0.15,0.78,0.06,0.75,0.12,0.01,0.0,0.203,0.7899761336515513,0.7127752218000027,0.124,,0.007,,0.0,,False,96.0,99.0,96.0,88.0,93.0,91.0,91.0,92.0,94.0,high,high,high,high,high,high,high,high,high,2026-05-08
hitter,STL,SD,JJ Wetherholt,802139,1.0,2B,Confirmed,4.61,,,,,1.01,0.47,,,,,0.9792682127140401,1.0361712651214203,0.44387027475161944,0.4890236401431487,0.4125159642401022,0.522383548086552,0.19665037921086068,0.20710378775631383,,,0.47,0.51,0.36,1.58,0.2,1.24,0.12,0.01,0.0,0.291,1.1521739130434783,1.3200797857868933,0.119,,0.008,,0.0,,False,96.0,99.0,96.0,88.0,93.0,91.0,91.0,92.0,94.0,high,high,high,high,high,high,high,high,high,2026-05-08
hitter,STL,SD,Iván Herrera,671056,2.0,C,Confirmed,4.48,,,,,1.05,0.45,,,,,1.0041837821662887,1.1029670228111572,0.4375046854188541,0.4689663750679258,0.4125159642401022,0.463299902921617,0.1260118085043449,0.16342653043276426,,,0.44,0.47,0.32,1.5,0.14,1.11,0.12,0.01,0.0,0.277,1.001763668430335,1.2003106142385092,0.122,,0.008,,0.0,,False,96.0,99.0,96.0,88.0,93.0,91.0,91.0,92.0,94.0,high,high,high,high,high,high,high,high,high,2026-05-08
hitter,STL,SD,Alec Burleson,676475,3.0,1B,Confirmed,4.51,,,,,0.9,0.4,,,,,0.8908016535685735,0.8996947458142187,0.41009154214026855,0.38266195251859864,0.4125159642401022,0.553235372955586,0.11911767003241339,0.13192237675026844,,,0.49,0.49,0.4,1.7,0.13,1.12,0.13,0.01,0.0,0.281,1.001763668430335,1.2093274577333035,0.132,,0.009,,0.0,,False,96.0,99.0,96.0,88.0,93.0,91.0,91.0,92.0,94.0,high,high,high,high,high,high,high,high,high,2026-05-08
hitter,STL,SD,Jordan Walker,691023,4.0,RF,Confirmed,4.08,,,,,1.28,0.36,,,,,1.1738216343149699,1.3795896522242694,0.3513252119308984,0.3645099051784127,0.35424354243542433,0.38063287952683694,0.1471576256570891,0.14596713072452627,,,0.37,0.46,0.38,1.55,0.15,0.9,0.11,0.01,0.0,0.29,0.8408408408408409,0.9571008348762481,0.11,,0.007,,0.0,,False,96.0,99.0,96.0,88.0,93.0,91.0,91.0,92.0,94.0,high,high,high,high,high,high,high,high,high,2026-05-08
hitter,STL,SD,Nolan Gorman,669357,5.0,DH,Confirmed,3.81,,,,,1.26,0.4,,,,,1.1843571533548451,1.339676561928986,0.39940063231571166,0.40132146066473745,0.3344051446945337,0.3088720975806248,0.1336952787565067,0.13260877201766777,,,0.32,0.41,0.33,1.33,0.13,0.84,0.09,0.01,0.0,0.284,0.7899761336515513,0.884186662147135,0.093,,0.007,,0.0,,False,96.0,99.0,96.0,88.0,93.0,91.0,91.0,92.0,94.0,high,high,high,high,high,high,high,high,high,2026-05-08
hitter,STL,SD,Masyn Winn,691026,6.0,SS,Confirmed,4.08,,,,,0.9,0.26,,,,,0.8842201596374519,0.9164547967088379,0.2458544776096243,0.2717268605099031,0.35424354243542433,0.4556536782402757,0.12479929411004509,0.1213308551588224,,,0.41,0.37,0.36,1.44,0.12,0.93,0.11,0.01,0.0,0.26,0.8408408408408409,1.0001481616766263,0.112,,0.007,,0.0,,False,96.0,99.0,96.0,88.0,93.0,91.0,91.0,92.0,94.0,high,high,high,high,high,high,high,high,high,2026-05-08
hitter,STL,SD,Nathan Church,701675,7.0,LF,Confirmed,3.74,,,,,0.99,0.26,,,,,0.9038630820232748,1.0721259684959732,0.24691580653977652,0.26447924096487246,0.3344051446945337,0.3810169486850575,0.10667369704854221,0.10956437094432467,,,0.36,0.32,0.26,1.17,0.11,0.81,0.11,0.01,0.0,0.249,0.7899761336515513,0.8313229923327922,0.107,,0.007,,0.0,,False,96.0,99.0,96.0,88.0,93.0,91.0,91.0,92.0,94.0,high,high,high,high,high,high,high,high,high,2026-05-08
hitter,STL,SD,César Prieto,693409,8.0,3B,Confirmed,2.77,,,,,1.06,0.3,,,,,1.0378146721767432,1.0800019594821855,0.3266017066092043,0.27415989774769794,0.2543859649122807,0.17069057234284604,0.021685024850532295,0.0054901812159365,,,0.21,0.19,0.14,0.67,0.01,0.33,0.07,0.01,0.0,0.208,0.3888888888888889,0.2839278107305323,0.073,,0.008,,0.0,,False,96.0,99.0,96.0,88.0,93.0,91.0,91.0,92.0,94.0,high,high,high,high,high,high,high,high,high,2026-05-08
hitter,STL,SD,Victor Scott II,687363,9.0,CF,Confirmed,3.89,,,,,1.07,0.34,,,,,0.9816073797682484,1.1523492218634617,0.3212859517757056,0.34920747577329975,0.35424354243542433,0.43439196456872986,0.07295791881879002,0.08800954290819393,,,0.4,0.33,0.26,1.23,0.08,0.78,0.1,0.01,0.0,0.252,0.6720588235294118,0.8710065572457819,0.098,,0.007,,0.0,,False,96.0,99.0,96.0,88.0,93.0,91.0,91.0,92.0,94.0,high,high,high,high,high,high,high,high,high,2026-05-08
hitter,LAD,ATL,Shohei Ohtani,660271,1.0,DH,Confirmed,3.96,,,,,1.25,0.93,,,,,1.331834108031592,1.1709004926536752,1.0234199803982476,0.8320489857757136,1.0,0.8353360616038686,0.41250756537265854,0.35222751532175234,,,0.91,0.32,0.17,0.91,0.38,2.25,0.09,0.01,0.0,0.233,2.456692913385827,2.082998694174126,0.094,,0.011,,0.0,,False,96.0,99.0,96.0,88.0,93.0,91.0,91.0,92.0,94.0,high,high,high,high,high,high,high,high,high,2026-05-08
hitter,LAD,ATL,Will Smith,669257,2.0,C,Confirmed,4.04,,,,,0.73,0.62,,,,,0.7056705964262305,0.7555982162304015,0.5979498976219937,0.6415947739975957,0.4803149606299212,0.5011459842329682,0.029562072008663048,0.0342749168644233,,,0.49,0.28,0.15,0.84,0.03,0.71,0.1,0.01,0.0,0.195,0.6720588235294118,0.7358005457476154,0.099,,0.006,,0.0,,False,96.0,99.0,96.0,88.0,93.0,91.0,91.0,92.0,94.0,high,high,high,high,high,high,high,high,high,2026-05-08
hitter,LAD,ATL,Freddie Freeman,518692,3.0,1B,Confirmed,3.81,,,,,0.95,0.53,,,,,1.0024118878778314,0.9030220358284923,0.5633167211188492,0.48742990906733663,1.0980834272829765,0.8766593450694594,0.1744833172412722,0.16251558935407337,,,0.98,0.25,0.17,0.84,0.17,1.67,0.1,0.01,0.0,0.186,1.914285714285714,1.4716185507200876,0.098,,0.008,,0.0,,False,96.0,99.0,96.0,88.0,93.0,91.0,91.0,92.0,94.0,high,high,high,high,high,high,high,high,high,2026-05-08
hitter,LAD,ATL,Andy Pages,681624,4.0,CF,Confirmed,3.58,,,,,0.96,0.34,,,,,0.9788209704730776,0.9400265372264048,0.3476724554629318,0.335609944132452,0.994208494208494,0.7739905360626497,0.16019096858028367,0.13686870715895857,,,0.87,0.22,0.17,0.8,0.15,1.63,0.1,0.01,0.0,0.16,1.914285714285714,1.4059443716794513,0.096,,0.007,,0.0,,False,96.0,99.0,96.0,88.0,93.0,91.0,91.0,92.0,94.0,high,high,high,high,high,high,high,high,high,2026-05-08
hitter,LAD,ATL,Teoscar Hernández,606192,5.0,LF,Confirmed,3.81,,,,,1.13,0.46,,,,,1.1496431322629566,1.1118180553605703,0.48727748443878804,0.43392436295838877,0.994208494208494,0.7927843784468523,0.21352663081515588,0.19288322924850165,,,0.88,0.24,0.18,0.83,0.2,1.74,0.09,0.01,0.0,0.172,1.914285714285714,1.6031435156853917,0.092,,0.008,,0.0,,False,96.0,99.0,96.0,88.0,93.0,91.0,91.0,92.0,94.0,high,high,high,high,high,high,high,high,high,2026-05-08
hitter,LAD,ATL,Kyle Tucker,663656,6.0,RF,Confirmed,3.89,,,,,0.77,0.76,,,,,0.833280372850376,0.7053483207394218,0.816181661221556,0.7062460440863132,1.0,0.8332566552167309,0.16164979692364317,0.16380172890274658,,,0.91,0.25,0.17,0.84,0.16,1.66,0.08,0.01,0.0,0.209,1.914285714285714,1.4483058500380517,0.08,,0.007,,0.0,,False,96.0,99.0,96.0,88.0,93.0,91.0,91.0,92.0,94.0,high,high,high,high,high,high,high,high,high,2026-05-08
hitter,LAD,ATL,Miguel Rojas,500743,7.0,SS,Confirmed,2.55,,,,,0.54,0.27,,,,,0.5675089245077435,0.5121083614560491,0.30976697196479275,0.2207335855893338,0.7061469265367316,0.4377370084838178,0.07405394627443493,0.03906903452405266,,,0.56,0.16,0.13,0.65,0.06,0.83,0.08,0.01,0.0,0.195,1.001763668430335,0.6954928374241971,0.083,,0.007,,0.0,,False,96.0,99.0,96.0,88.0,93.0,91.0,91.0,92.0,94.0,high,high,high,high,high,high,high,high,high,2026-05-08
hitter,LAD,ATL,Max Muncy,571970,8.0,3B,Confirmed,3.74,,,,,1.07,0.82,,,,,1.1341612892280135,0.9997026247327424,0.8782553557042426,0.7619607663970935,0.8694581280788177,0.7171857133710613,0.2618904642214579,0.24180895547405726,,,0.79,0.25,0.16,0.82,0.25,1.69,0.08,0.01,0.0,0.214,1.914285714285714,1.5139671296722308,0.083,,0.006,,0.0,,False,96.0,99.0,96.0,88.0,93.0,91.0,91.0,92.0,94.0,high,high,high,high,high,high,high,high,high,2026-05-08
hitter,LAD,ATL,Santiago Espinal,669289,9.0,2B,Confirmed,2.55,,,,,0.53,0.21,,,,,0.5295269755796761,0.5261527865911738,0.23113161283852732,0.19531326375630106,0.5290322580645161,0.3475567272553457,0.04320421483155031,0.0360601547211126,,,0.43,0.15,0.12,0.6,0.04,0.69,0.07,0.01,0.0,0.175,0.6720588235294118,0.700150845963525,0.069,,0.007,,0.0,,False,96.0,99.0,96.0,88.0,93.0,91.0,91.0,92.0,94.0,high,high,high,high,high,high,high,high,high,2026-05-08
hitter,ATL,LAD,Drake Baldwin,686948,1.0,C,Confirmed,4.26,,,,,1.26,0.4,,,,,1.2464694905656029,1.280633686173608,0.3918142196257691,0.4047677016004461,0.35424354243542433,0.47801171896932926,0.030775915768959806,0.018290798379319264,,,0.42,0.59,0.5,2.2,0.02,0.61,0.21,0.01,0.0,0.334,0.5302013422818792,0.6785898471813279,0.211,,0.009,,0.0,,False,96.0,99.0,96.0,88.0,93.0,91.0,91.0,92.0,94.0,high,high,high,high,high,high,high,high,high,2026-05-08
hitter,ATL,LAD,Ozzie Albies,645277,2.0,2B,Confirmed,4.25,,,,,0.95,0.36,,,,,0.8281347385180075,1.0663036963086154,0.35671702722382914,0.3624984319112267,0.4125159642401022,0.45521439269590436,0.03338031780114957,0.044433399672855346,,,0.44,0.6,0.51,2.2,0.04,0.73,0.14,0.01,0.0,0.331,0.6720588235294118,0.7851803572279291,0.144,,0.012,,0.0,,False,96.0,99.0,96.0,88.0,93.0,91.0,91.0,92.0,94.0,high,high,high,high,high,high,high,high,high,2026-05-08
hitter,ATL,LAD,Matt Olson,621566,3.0,1B,Confirmed,4.68,,,,,1.83,0.7,,,,,1.8214677534991455,1.835472390261523,0.6625503064381365,0.7385989959070107,0.4125159642401022,0.49903035575619564,0.06454409289883092,0.07627527992502904,,,0.46,0.67,0.64,2.41,0.07,0.77,0.18,0.01,0.0,0.345,0.6720588235294118,0.8455582693139957,0.181,,0.011,,0.0,,False,96.0,99.0,96.0,88.0,93.0,91.0,91.0,92.0,94.0,high,high,high,high,high,high,high,high,high,2026-05-08
hitter,ATL,LAD,Michael Harris II,671739,4.0,CF,Confirmed,4.08,,,,,1.31,0.2,,,,,1.242376519492406,1.3764594225413693,0.18627123334041704,0.204154524289521,0.4125159642401022,0.523737582789026,0.05569035623308017,0.08036911633912176,,,0.47,0.65,0.67,2.42,0.07,0.83,0.19,0.01,0.0,0.368,0.7899761336515513,0.86491490457013,0.193,,0.008,,0.0,,False,96.0,99.0,96.0,88.0,93.0,91.0,91.0,92.0,94.0,high,high,high,high,high,high,high,high,high,2026-05-08
hitter,ATL,LAD,Mauricio Dubón,643289,5.0,LF,Confirmed,4.25,,,,,0.8,0.26,,,,,0.6350602757894064,0.9699016139919022,0.24439861448133046,0.26900006108428565,0.4803149606299212,0.6047230591704166,0.020736991302208005,0.021486056766894322,,,0.55,0.53,0.49,2.16,0.02,0.77,0.18,0.01,0.0,0.302,0.6720588235294118,0.8452965636161637,0.176,,0.012,,0.0,,False,96.0,99.0,96.0,88.0,93.0,91.0,91.0,92.0,94.0,high,high,high,high,high,high,high,high,high,2026-05-08
hitter,ATL,LAD,Dominic Smith,642086,6.0,DH,Confirmed,3.02,,,,,1.02,0.17,,,,,1.0044232719441983,1.0264453967508513,0.1808240799423267,0.16356371716196785,0.3344051446945337,0.2912188405252098,0.02751899559746464,0.018105936745740618,,,0.31,0.43,0.47,1.89,0.02,0.46,0.14,0.01,0.0,0.383,0.4591194968553459,0.4697826970504193,0.141,,0.008,,0.0,,False,96.0,99.0,96.0,88.0,93.0,91.0,91.0,92.0,94.0,high,high,high,high,high,high,high,high,high,2026-05-08
hitter,ATL,LAD,Austin Riley,663586,7.0,3B,Confirmed,4.26,,,,,1.8,0.29,,,,,1.6562643659315208,1.9368960958166008,0.27415366342675285,0.3150652192677098,0.3344051446945337,0.4260555895863796,0.05556605222454798,0.05449768979050141,,,0.38,0.62,0.65,2.42,0.06,0.74,0.2,0.01,0.0,0.387,0.6289308176100628,0.8245279218070906,0.204,,0.011,,0.0,,False,96.0,99.0,96.0,88.0,93.0,91.0,91.0,92.0,94.0,high,high,high,high,high,high,high,high,high,2026-05-08
hitter,ATL,LAD,Mike Yastrzemski,573262,8.0,RF,Confirmed,3.33,,,,,1.07,0.29,,,,,1.0248941574000063,1.1143581445481516,0.28498026934959997,0.29823787346317593,0.3344051446945337,0.29637333247016545,0.03390343160876493,0.045814886973745673,,,0.31,0.43,0.42,1.72,0.04,0.49,0.13,0.01,0.0,0.348,0.4591194968553459,0.515381583093635,0.131,,0.007,,0.0,,False,96.0,99.0,96.0,88.0,93.0,91.0,91.0,92.0,94.0,high,high,high,high,high,high,high,high,high,2026-05-08
hitter,ATL,LAD,Jim Jarvis,805347,9.0,SS,Confirmed,2.9,,,,,1.04,0.24,,,,,0.8895469505630234,1.1827170307332733,0.2422942064216638,0.2394113030826719,0.23333333333333334,0.1828857655338313,0.022301464460798448,0.021922654052558124,,,0.21,0.19,0.17,0.78,0.02,0.27,0.07,0.01,0.0,0.192,0.28125,0.2623523775895179,0.073,,0.01,,0.0,,False,96.0,99.0,96.0,88.0,93.0,91.0,91.0,92.0,94.0,high,high,high,high,high,high,high,high,high,2026-05-08
hitter,SF,PIT,Jung Hoo Lee,808982,1.0,RF,Confirmed,4.18,,,,,0.3,0.19,,,,,0.3160550040672161,0.2935175933269438,0.1843274676791059,0.20139855602775175,0.8770949720670391,0.8792821967701742,0.04104275854408041,0.04156163350140244,,,0.88,0.51,0.39,2.0,0.04,1.11,0.16,0.02,0.0,0.299,1.1238670694864048,1.10350631240307,0.161,,0.024,,0.0,,False,96.0,99.0,96.0,88.0,93.0,91.0,91.0,92.0,94.0,high,high,high,high,high,high,high,high,high,2026-05-08
hitter,SF,PIT,Luis Arraez,650333,2.0,2B,Confirmed,4.57,,,,,0.18,0.28,,,,,0.1437641662950222,0.21358222021533538,0.285451349687352,0.28435177241610227,0.994208494208494,1.0910467276376798,0.06489444216887838,0.07233069629062998,,,1.05,0.54,0.42,2.09,0.07,1.47,0.17,0.02,0.0,0.288,1.3893129770992367,1.5440746646212855,0.174,,0.016,,0.0,,False,96.0,99.0,96.0,88.0,93.0,91.0,91.0,92.0,94.0,high,high,high,high,high,high,high,high,high,2026-05-08
hitter,SF,PIT,Casey Schmitt,669477,3.0,DH,Confirmed,4.26,,,,,0.66,0.26,,,,,0.6032839240352962,0.7134583185065683,0.26509137169813957,0.2575364848714694,0.8949771689497716,0.8067750003323003,0.1721736416178338,0.12546434473216805,,,0.85,0.55,0.51,2.06,0.15,1.21,0.17,0.01,0.0,0.314,1.239368165249089,1.1903268323517795,0.172,,0.012,,0.0,,False,96.0,99.0,96.0,88.0,93.0,91.0,91.0,92.0,94.0,high,high,high,high,high,high,high,high,high,2026-05-08
hitter,SF,PIT,Rafael Devers,646240,4.0,1B,Confirmed,4.45,,,,,0.9,0.41,,,,,0.8852012869889362,0.9200786558531514,0.3976028209067589,0.4124651354373227,0.707983193277311,0.8389727621081408,0.10391155297757543,0.09200275468883556,,,0.78,0.59,0.51,2.1,0.1,1.26,0.2,0.01,0.0,0.337,1.239368165249089,1.2824309714289397,0.202,,0.009,,0.0,,False,96.0,99.0,96.0,88.0,93.0,91.0,91.0,92.0,94.0,high,high,high,high,high,high,high,high,high,2026-05-08
hitter,SF,PIT,Matt Chapman,656305,5.0,3B,Confirmed,4.45,,,,,0.81,0.3,,,,,0.7289194490514573,0.8824091214014219,0.27886938247638027,0.3189093065285873,0.801980198019802,0.9452423930825681,0.1117689348013075,0.09651917912574733,,,0.88,0.59,0.53,2.12,0.1,1.22,0.24,0.01,0.0,0.337,1.239368165249089,1.207291310583217,0.244,,0.008,,0.0,,False,96.0,99.0,96.0,88.0,93.0,91.0,91.0,92.0,94.0,high,high,high,high,high,high,high,high,high,2026-05-08
hitter,SF,PIT,Willy Adames,642715,6.0,SS,Confirmed,4.26,,,,,0.8,0.3,,,,,0.771799036933602,0.8271886039168291,0.2587895683621193,0.3334851728365209,0.801980198019802,0.7759154189334071,0.09623097351630971,0.10033359990140547,,,0.79,0.5,0.51,2.01,0.1,1.15,0.19,0.01,0.0,0.336,1.1521739130434783,1.1546739619214266,0.194,,0.012,,0.0,,False,96.0,99.0,96.0,88.0,93.0,91.0,91.0,92.0,94.0,high,high,high,high,high,high,high,high,high,2026-05-08
hitter,SF,PIT,Heliot Ramos,671218,7.0,LF,Confirmed,4.25,,,,,0.74,0.22,,,,,0.6672520055203628,0.8126144684242589,0.23690274435068087,0.20747919020881986,0.7715355805243446,0.8369091154165372,0.07420200648429906,0.06215348157394733,,,0.81,0.46,0.43,1.88,0.07,1.17,0.21,0.01,0.0,0.305,1.239368165249089,1.1120199149964793,0.207,,0.011,,0.0,,False,96.0,99.0,96.0,88.0,93.0,91.0,91.0,92.0,94.0,high,high,high,high,high,high,high,high,high,2026-05-08
hitter,SF,PIT,Drew Gilbert,687551,8.0,CF,Confirmed,3.1,,,,,0.63,0.11,,,,,0.6276956318768775,0.6230899766811364,0.1072088141616475,0.11118482091631036,0.801980198019802,0.6967598437181307,0.08117067564536595,0.07011117493963964,,,0.74,0.35,0.3,1.42,0.08,1.13,0.16,0.01,0.0,0.32,1.239368165249089,1.0438116849909764,0.16,,0.01,,0.0,,False,96.0,99.0,96.0,88.0,93.0,91.0,91.0,92.0,94.0,high,high,high,high,high,high,high,high,high,2026-05-08
hitter,SF,PIT,Jesus Rodriguez,683679,9.0,C,Confirmed,2.77,,,,,0.47,0.14,,,,,0.42071508379597533,0.5158865804410941,0.1487811241353415,0.12456306749592624,0.4803149606299212,0.5021239195342051,0.05189253328155168,0.049126036793524765,,,0.49,0.28,0.24,1.17,0.05,0.67,0.08,0.01,0.0,0.284,0.6720588235294118,0.6742824353989764,0.083,,0.01,,0.0,,False,96.0,99.0,96.0,88.0,93.0,91.0,91.0,92.0,94.0,high,high,high,high,high,high,high,high,high,2026-05-08
hitter,PIT,SF,Jared Triolo,669707,1.0,1B,Confirmed,3.49,,,,,0.66,0.25,,,,,0.6961235677948862,0.6305336302946016,0.25558883296430324,0.2541722790376915,0.801980198019802,0.7151068647724809,0.1413752482343723,0.11538692849616031,,,0.75,0.38,0.32,1.41,0.13,1.22,0.12,0.01,0.0,0.259,1.3148148148148149,1.1360026105019003,0.121,,0.007,,0.0,,False,96.0,99.0,96.0,88.0,93.0,91.0,91.0,92.0,94.0,high,high,high,high,high,high,high,high,high,2026-05-08
hitter,PIT,SF,Nick Gonzales,693304,2.0,3B,Confirmed,3.74,,,,,0.69,0.2,,,,,0.7001948305447211,0.6737790704004346,0.21078577844480906,0.18546360635930492,0.994208494208494,0.8957630250791537,0.0746296048477649,0.08640189192978336,,,0.94,0.4,0.34,1.54,0.08,1.39,0.12,0.01,0.0,0.252,1.4759615384615385,1.3157418364284106,0.12,,0.008,,0.0,,False,96.0,99.0,96.0,88.0,93.0,91.0,91.0,92.0,94.0,high,high,high,high,high,high,high,high,high,2026-05-08
hitter,PIT,SF,Bryan Reynolds,668804,3.0,LF,Confirmed,4.08,,,,,0.99,0.43,,,,,1.0034496345990203,0.9789215146810724,0.44123835914803544,0.42821666802439506,0.8949771689497716,0.8990171388373303,0.19073234678416645,0.18118373670219637,,,0.9,0.49,0.46,1.75,0.19,1.98,0.13,0.01,0.0,0.286,1.914285714285714,2.0271154770793784,0.13,,0.009,,0.0,,False,96.0,99.0,96.0,88.0,93.0,91.0,91.0,92.0,94.0,high,high,high,high,high,high,high,high,high,2026-05-08
hitter,PIT,SF,Marcell Ozuna,542303,4.0,DH,Confirmed,3.49,,,,,0.97,0.32,,,,,1.010086287983363,0.9292417361831826,0.35968915443349525,0.2892893648532183,0.801980198019802,0.6744191722488715,0.13315090835344895,0.1282866725141035,,,0.73,0.45,0.46,1.61,0.13,1.25,0.09,0.01,0.0,0.295,1.3148148148148149,1.199721619408645,0.092,,0.006,,0.0,,False,96.0,99.0,96.0,88.0,93.0,91.0,91.0,92.0,94.0,high,high,high,high,high,high,high,high,high,2026-05-08
hitter,PIT,SF,Oneil Cruz,665833,5.0,CF,Confirmed,3.74,,,,,1.03,0.31,,,,,1.0071271007461116,1.048978449532738,0.32973661026649403,0.29713020996697936,0.801980198019802,0.6740962264468939,0.2620216902155303,0.29014183993372367,,,0.73,0.48,0.51,1.7,0.28,1.81,0.11,0.01,0.0,0.298,1.914285714285714,1.7292170954244082,0.113,,0.008,,0.0,,False,96.0,99.0,96.0,88.0,93.0,91.0,91.0,92.0,94.0,high,high,high,high,high,high,high,high,high,2026-05-08
hitter,PIT,SF,Konnor Griffin,804606,6.0,SS,Confirmed,3.81,,,,,0.96,0.27,,,,,0.9660180107105704,0.944722098363451,0.26871969698138143,0.27031405591989155,0.8694581280788177,0.8062942184247613,0.2437411242191318,0.20217660329039316,,,0.83,0.42,0.5,1.69,0.22,1.76,0.12,0.01,0.0,0.29,1.914285714285714,1.6371107031195506,0.116,,0.008,,0.0,,False,96.0,99.0,96.0,88.0,93.0,91.0,91.0,92.0,94.0,high,high,high,high,high,high,high,high,high,2026-05-08
hitter,PIT,SF,Joey Bart,663698,7.0,C,Confirmed,3.02,,,,,0.79,0.22,,,,,0.814537330290004,0.7610990923995254,0.24080868736733363,0.20050952266780686,0.5846774193548387,0.483551381913378,0.11976312529327368,0.10702423687482988,,,0.53,0.22,0.22,0.86,0.11,1.06,0.08,0.01,0.0,0.204,1.239368165249089,0.9137443239257738,0.08,,0.006,,0.0,,False,96.0,99.0,96.0,88.0,93.0,91.0,91.0,92.0,94.0,high,high,high,high,high,high,high,high,high,2026-05-08
hitter,PIT,SF,Nick Yorke,694377,8.0,1B,Confirmed,3.1,,,,,0.75,0.35,,,,,0.7555433112131898,0.7476597263721538,0.3709190220801116,0.31951002207840606,0.5290322580645161,0.4600758017234488,0.04763488561529476,0.033425601766720464,,,0.49,0.32,0.33,1.3,0.04,0.72,0.12,0.01,0.0,0.279,0.7899761336515513,0.6566550838172271,0.119,,0.007,,0.0,,False,96.0,99.0,96.0,88.0,93.0,91.0,91.0,92.0,94.0,high,high,high,high,high,high,high,high,high,2026-05-08
hitter,PIT,SF,Billy Cook,695257,9.0,RF,Confirmed,2.26,,,,,0.66,0.12,,,,,0.6809120632078937,0.6455395560682752,0.14466761907159686,0.09645929329328741,0.4125159642401022,0.2798393130981162,0.07429845679431174,0.04987973327058947,,,0.34,0.17,0.17,0.7,0.06,0.65,0.09,0.01,0.0,0.215,0.7899761336515513,0.5381453964583796,0.091,,0.006,,0.0,,False,96.0,99.0,96.0,88.0,93.0,91.0,91.0,92.0,94.0,high,high,high,high,high,high,high,high,high,2026-05-08
