player_type,team,opponent,player_name,mlb_id,lineup_spot,pos,lineup_status,proj_pa,proj_ip,proj_outs,proj_runs_allowed,proj_hits_allowed,proj_strikeouts,proj_walks,proj_hr_allowed,proj_er_model,proj_fip,proj_war_contribution,direct_K,rate_K,direct_BB,rate_BB,direct_H,rate_H,direct_HR,rate_HR,direct_R,rate_R,proj_hits,proj_runs,proj_rbi,proj_hrrbi,proj_hr,proj_tb,proj_2b,proj_3b,proj_sb,proj_woba,direct_TB,rate_TB,direct_2B,rate_2B,direct_3B,rate_3B,direct_SB,rate_SB,used_fallback,confidence_score,proj_pa_confidence_score,proj_hits_confidence_score,proj_hr_confidence_score,proj_strikeouts_confidence_score,proj_runs_confidence_score,proj_rbi_confidence_score,proj_hrrbi_confidence_score,proj_walks_confidence_score,confidence,proj_pa_confidence,proj_hits_confidence,proj_hr_confidence,proj_strikeouts_confidence,proj_runs_confidence,proj_rbi_confidence,proj_hrrbi_confidence,proj_walks_confidence,game_date
pitcher,BAL,WSH,Kyle Bradish,680694,,,,,5.13,15.0,2.44,4.45,7.03,1.96,0.73,2.21,3.57,0.105,6.649122807017544,7.401127582960807,1.890295358649789,2.18628244223244,4.326530612244898,4.9560229166039464,0.6666666666666666,0.8828185567557015,2.212,,,,,,,,,,,,,,,,,,,,,,,,,,,,,,,,,,,,,,,2026-06-28
pitcher,WSH,BAL,Zack Littell,641793,,,,,4.61,14.0,2.67,5.25,3.51,1.41,0.88,3.0,5.11,-0.013,3.6538461538461537,3.370786500201109,1.3455882352941178,1.6181032577098442,5.093457943925234,5.865125870263593,0.869281045751634,0.91531524226146,3.0,,,,,,,,,,,,,,,,,,,,,,,,,,,,,,,,,,,,,,,2026-06-28
pitcher,PIT,CIN,Mitch Keller,656605,,,,,4.79,14.0,2.76,4.88,4.59,1.93,0.87,2.48,4.96,0.051,4.676567656765677,4.497510524090055,1.890295358649789,2.041382631246275,4.879746835443039,4.858659276173211,0.869281045751634,0.8726985188581348,2.481,,,,,,,,,,,,,,,,,,,,,,,,,,,,,,,,,,,,,,,2026-06-28
pitcher,CIN,PIT,Brady Singer,663903,,,,,4.79,14.0,2.49,4.71,4.59,1.93,0.61,2.28,4.08,0.073,4.676567656765677,4.497510524090055,1.890295358649789,2.041382631246275,4.666666666666667,4.858659276173211,0.547945205479452,0.7592911695295503,2.28,,,,,,,,,,,,,,,,,,,,,,,,,,,,,,,,,,,,,,,2026-06-28
pitcher,TOR,TEX,Shane Bieber,669456,,,,,4.61,14.0,2.4,4.4,4.69,1.41,0.91,2.21,4.66,0.069,4.676567656765677,4.699471499826681,1.3455882352941178,1.6181032577098442,4.326530612244898,4.676079178112422,0.9130434782608695,0.91531524226146,2.212,,,,,,,,,,,,,,,,,,,,,,,,,,,,,,,,,,,,,,,2026-06-28
pitcher,TEX,TOR,Kumar Rocker,677958,,,,,4.79,14.0,2.78,4.88,4.59,1.92,0.88,2.43,4.75,0.057,4.676567656765677,4.497510524090055,1.890295358649789,2.026480650190615,4.879746835443039,4.858659276173211,0.869281045751634,0.907982663950451,2.432,,,,,,,,,,,,,,,,,,,,,,,,,,,,,,,,,,,,,,,2026-06-28
pitcher,DET,HOU,Jack Flaherty,656427,,,,,5.13,15.0,2.45,4.5,5.86,2.17,0.55,2.21,3.65,0.105,6.017094017094017,5.709673390032388,2.163265306122449,2.18628244223244,4.326530612244898,5.203532794732478,0.5409836065573771,0.5852433068653721,2.212,,,,,,,,,,,,,,,,,,,,,,,,,,,,,,,,,,,,,,,2026-06-28
pitcher,HOU,DET,Hunter Brown,686613,,,,,5.59,17.0,2.51,4.83,5.96,1.93,0.7,2.21,3.78,0.138,5.708333333333333,6.22165190063958,1.890295358649789,2.038623099654568,4.666666666666667,5.462538614084102,0.625,0.8861038909541098,2.212,,,,,,,,,,,,,,,,,,,,,,,,,,,,,,,,,,,,,,,2026-06-28
pitcher,CLE,SEA,Gavin Williams,668909,,,,,5.13,15.0,2.56,4.94,5.86,1.96,0.56,2.28,3.49,0.097,6.017094017094017,5.709673390032388,1.890295358649789,2.18628244223244,4.879746835443039,5.203532794732478,0.5409836065573771,0.6063050264504087,2.28,,,,,,,,,,,,,,,,,,,,,,,,,,,,,,,,,,,,,,,2026-06-28
pitcher,SEA,CLE,Emerson Hancock,676106,,,,,4.79,14.0,2.55,5.05,4.18,1.64,0.71,2.43,4.29,0.057,4.5344827586206895,3.8257426697625427,1.610062893081761,1.7468702410277968,4.879746835443039,5.720501571405975,0.6666666666666666,0.8243081650798851,2.432,,,,,,,,,,,,,,,,,,,,,,,,,,,,,,,,,,,,,,,2026-06-28
pitcher,TB,AZ,Drew Rasmussen,656876,,,,,5.21,16.0,2.32,4.68,5.24,1.36,0.52,2.21,3.69,0.111,4.676567656765677,5.798713131007553,1.3455882352941178,1.3949231405521847,4.525423728813561,5.2846795049817175,0.5409836065573771,0.47907389125280486,2.212,,,,,,,,,,,,,,,,,,,,,,,,,,,,,,,,,,,,,,,2026-06-28
pitcher,AZ,TB,Merrill Kelly,518876,,,,,5.13,15.0,2.76,5.41,3.97,1.83,0.7,2.5,4.52,0.072,3.8412698412698414,4.097298516885561,1.836734693877551,1.8006224971912148,5.387096774193548,5.51786174638975,0.625,0.8828185567557015,2.5,,,,,,,,,,,,,,,,,,,,,,,,,,,,,,,,,,,,,,,2026-06-28
pitcher,PHI,NYM,Jesús Luzardo,666200,,,,,5.59,17.0,2.63,5.15,6.56,1.95,0.53,2.21,3.26,0.138,6.649122807017544,6.471370949799894,1.836734693877551,2.2882109949214646,5.093457943925234,5.400422632322819,0.5409836065573771,0.5140159409027215,2.212,,,,,,,,,,,,,,,,,,,,,,,,,,,,,,,,,,,,,,,2026-06-28
pitcher,MIN,COL,Connor Prielipp,687570,,,,,5.13,15.0,2.48,4.84,4.75,1.96,0.56,2.28,4.02,0.097,4.676567656765677,4.816749266927345,1.890295358649789,2.18628244223244,4.666666666666667,5.51786174638975,0.5409836065573771,0.6063050264504087,2.28,,,,,,,,,,,,,,,,,,,,,,,,,,,,,,,,,,,,,,,2026-06-28
pitcher,COL,MIN,Ryan Feltner,663372,,,,,4.79,14.0,2.83,5.83,3.83,1.85,0.61,3.08,4.43,-0.01,3.8412698412698414,3.8257426697625427,1.890295358649789,1.7468702410277968,5.68,6.419312397160026,0.547945205479452,0.7592911695295503,3.075,,,,,,,,,,,,,,,,,,,,,,,,,,,,,,,,,,,,,,,2026-06-28
pitcher,CWS,KC,Anthony Kay,641743,,,,,4.79,14.0,2.44,4.39,5.0,1.93,0.71,2.28,4.4,0.073,4.676567656765677,5.331254490887942,1.890295358649789,2.041382631246275,4.326530612244898,4.62755356150739,0.6666666666666666,0.8243081650798851,2.28,,,,,,,,,,,,,,,,,,,,,,,,,,,,,,,,,,,,,,,2026-06-28
pitcher,MIL,CHC,Brandon Woodruff,605540,,,,,4.79,14.0,2.48,4.39,6.25,1.63,0.87,2.21,4.22,0.081,6.017094017094017,6.479368348332241,1.610062893081761,1.6812829944533958,4.326530612244898,4.62755356150739,0.869281045751634,0.8726985188581348,2.212,,,,,,,,,,,,,,,,,,,,,,,,,,,,,,,,,,,,,,,2026-06-28
pitcher,LAA,ATH,Sam Aldegheri,691951,,,,,4.61,14.0,2.6,4.35,4.5,1.91,0.91,2.43,5.14,0.045,4.676567656765677,4.328501777882078,1.890295358649789,1.9646709666065398,4.326530612244898,4.453658020573918,0.9130434782608695,0.91531524226146,2.432,,,,,,,,,,,,,,,,,,,,,,,,,,,,,,,,,,,,,,,2026-06-28
pitcher,ATH,LAA,Aaron Civale,650644,,,,,4.61,14.0,2.67,4.9,3.51,1.7,0.88,3.0,5.28,-0.013,3.6538461538461537,3.370786500201109,1.610062893081761,1.9626218408986584,4.879746835443039,4.95854632570307,0.869281045751634,0.91531524226146,3.0,,,,,,,,,,,,,,,,,,,,,,,,,,,,,,,,,,,,,,,2026-06-28
pitcher,SF,ATL,Robbie Ray,592662,,,,,4.79,14.0,2.65,4.49,5.0,2.4,0.78,2.28,4.97,0.073,4.676567656765677,5.331254490887942,2.4,2.408344720713209,4.326530612244898,5.152155509786922,0.7580645161290323,0.8243081650798851,2.28,,,,,,,,,,,,,,,,,,,,,,,,,,,,,,,,,,,,,,,2026-06-28
pitcher,ATL,SF,Chris Sale,519242,,,,,5.59,17.0,2.54,5.28,6.56,1.7,0.53,2.28,2.98,0.13,6.649122807017544,6.471370949799894,1.610062893081761,1.9620818244247349,5.093457943925234,6.012640772381813,0.5409836065573771,0.5140159409027215,2.28,,,,,,,,,,,,,,,,,,,,,,,,,,,,,,,,,,,,,,,2026-06-28
pitcher,SD,LAD,Michael King,650633,,,,,5.13,15.0,2.56,5.01,4.75,1.89,0.63,2.21,4.02,0.105,4.676567656765677,4.816749266927345,1.890295358649789,1.8961543655408746,4.879746835443039,5.51786174638975,0.547945205479452,0.813186576134988,2.212,,,,,,,,,,,,,,,,,,,,,,,,,,,,,,,,,,,,,,,2026-06-28
pitcher,LAD,SD,Emmet Sheehan,686218,,,,,4.79,14.0,2.19,3.87,6.25,1.52,0.88,2.21,4.18,0.081,6.011620052381059,6.479368348332241,1.3455882352941178,2.026480650190615,3.68,4.62755356150739,0.869281045751634,0.907982663950451,2.212,,,,,,,,,,,,,,,,,,,,,,,,,,,,,,,,,,,,,,,2026-06-28
pitcher,BOS,NYY,Sonny Gray,543243,,,,,4.79,14.0,2.45,5.05,5.39,1.28,0.55,2.21,3.45,0.081,5.454545454545454,5.331254490887942,1.2772277227722773,1.2824725226957707,5.093457943925234,4.858659276173211,0.547945205479452,0.5661210675823506,2.212,,,,,,,,,,,,,,,,,,,,,,,,,,,,,,,,,,,,,,,2026-06-28
pitcher,NYY,BOS,Carlos Rodón,607074,,,,,5.13,15.0,2.6,4.45,5.98,2.44,0.79,2.21,4.11,0.105,6.017094017094017,5.9388431077770045,2.4,2.579291945147967,4.326530612244898,4.9560229166039464,0.7441860465116279,0.8828185567557015,2.212,,,,,,,,,,,,,,,,,,,,,,,,,,,,,,,,,,,,,,,2026-06-28
hitter,BAL,WSH,Taylor Ward,621493,1.0,LF,Confirmed,4.68,,,,,1.65,0.42,,,,,1.5871798484437538,1.7200903420639995,0.37340694086963155,0.46417993493865856,0.5290322580645161,0.548163954259563,0.03030947903308198,0.012567688232791288,,,0.54,0.71,0.57,2.28,0.02,0.77,0.18,0.01,0.0,0.373,0.6720588235294118,0.8410618926698927,0.182,,0.006,,0.0,,False,96.0,99.0,96.0,88.0,93.0,91.0,91.0,92.0,94.0,high,high,high,high,high,high,high,high,high,2026-06-28
hitter,BAL,WSH,Gunnar Henderson,683002,2.0,SS,Confirmed,4.61,,,,,1.38,0.39,,,,,1.251610173876854,1.5096002899401615,0.3704486481862552,0.40592861023503757,0.5846774193548387,0.6396556074129733,0.0351509487733359,0.05162572525175061,,,0.61,0.76,0.63,2.49,0.04,0.85,0.18,0.01,0.0,0.396,0.7899761336515513,0.8923966792195928,0.18,,0.009,,0.0,,False,96.0,99.0,96.0,88.0,93.0,91.0,91.0,92.0,94.0,high,high,high,high,high,high,high,high,high,2026-06-28
hitter,BAL,WSH,Adley Rutschman,668939,3.0,C,Confirmed,4.25,,,,,0.95,0.25,,,,,0.8921286541773675,1.003800481017426,0.24545804484351308,0.2528546489593526,0.4803149606299212,0.6232537515903205,0.02161479885403289,0.044271955718317185,,,0.56,0.72,0.7,2.52,0.03,0.75,0.18,0.01,0.0,0.407,0.6720588235294118,0.8165902690827191,0.178,,0.007,,0.0,,False,96.0,99.0,96.0,88.0,93.0,91.0,91.0,92.0,94.0,high,high,high,high,high,high,high,high,high,2026-06-28
hitter,BAL,WSH,Pete Alonso,624413,4.0,DH,Confirmed,4.74,,,,,1.6,0.5,,,,,1.529250743229646,1.6658623442664195,0.44103690489712466,0.5532395397722913,0.5846774193548387,0.7538062853209004,0.05566084497097345,0.07627164261769492,,,0.68,0.91,0.9,2.95,0.07,1.03,0.22,0.01,0.0,0.463,0.9875776397515532,1.0715814309762948,0.219,,0.011,,0.0,,False,96.0,99.0,96.0,88.0,93.0,91.0,91.0,92.0,94.0,high,high,high,high,high,high,high,high,high,2026-06-28
hitter,BAL,WSH,Samuel Basallo,694212,5.0,1B,Confirmed,3.96,,,,,1.39,0.22,,,,,1.3256333984041226,1.4633318452566884,0.21150147969901248,0.22792143724346128,0.4125159642401022,0.4911857363888884,0.03527392673099832,0.03274395511675721,,,0.46,0.64,0.64,2.28,0.03,0.7,0.14,0.01,0.0,0.383,0.6720588235294118,0.7241530898767344,0.143,,0.007,,0.0,,False,96.0,99.0,96.0,88.0,93.0,91.0,91.0,92.0,94.0,high,high,high,high,high,high,high,high,high,2026-06-28
hitter,BAL,WSH,Dylan Beavers,687637,6.0,RF,Confirmed,3.89,,,,,0.86,0.59,,,,,0.8280194051158177,0.8869047151395325,0.5832919521013912,0.6024492565338031,0.7061469265367316,0.6947184985448557,0.040704018849397804,0.03739840251872261,,,0.7,0.5,0.53,1.83,0.04,0.99,0.13,0.01,0.0,0.361,1.001763668430335,0.9817876660264625,0.135,,0.007,,0.0,,False,96.0,99.0,96.0,88.0,93.0,91.0,91.0,92.0,94.0,high,high,high,high,high,high,high,high,high,2026-06-28
hitter,BAL,WSH,Coby Mayo,691723,7.0,1B,Confirmed,2.77,,,,,1.3,0.19,,,,,1.3804904584893483,1.2132201844410408,0.20711767153969318,0.1759691802958218,0.3344051446945337,0.26897571876267856,0.027021327048476568,0.01699491572633577,,,0.3,0.41,0.41,1.47,0.02,0.4,0.13,0.01,0.0,0.407,0.44025157232704404,0.3753124138139787,0.127,,0.006,,0.0,,False,96.0,99.0,96.0,88.0,93.0,91.0,91.0,92.0,94.0,high,high,high,high,high,high,high,high,high,2026-06-28
hitter,BAL,WSH,Colton Cowser,681297,8.0,CF,Confirmed,3.81,,,,,1.5,0.25,,,,,1.4150544255565938,1.577016293647198,0.24368597448400822,0.26044012503920194,0.35424354243542433,0.36960206124752465,0.028936240643111753,0.030009542958366095,,,0.36,0.49,0.49,1.75,0.03,0.55,0.13,0.01,0.0,0.35,0.5302013422818792,0.5748445376987439,0.13,,0.007,,0.0,,False,96.0,99.0,96.0,88.0,93.0,91.0,91.0,92.0,94.0,high,high,high,high,high,high,high,high,high,2026-06-28
hitter,BAL,WSH,Jackson Holliday,702616,9.0,2B,Confirmed,3.49,,,,,1.28,0.25,,,,,1.2662980762433382,1.288277743544262,0.2566202999222829,0.2437055568772709,0.4125159642401022,0.4254625726417277,0.025154850776986887,0.027720496044530803,,,0.42,0.46,0.43,1.69,0.03,0.54,0.13,0.01,0.0,0.363,0.5302013422818792,0.5551737816725658,0.126,,0.008,,0.0,,False,96.0,99.0,96.0,88.0,93.0,91.0,91.0,92.0,94.0,high,high,high,high,high,high,high,high,high,2026-06-28
hitter,WSH,BAL,James Wood,695578,1.0,DH,Confirmed,4.26,,,,,1.73,0.58,,,,,1.8433318436025388,1.6266104669803487,0.5805849768338939,0.5724181141330951,1.0980834272829765,1.0244473887175192,0.2704051694613347,0.2301744936150215,,,1.06,0.39,0.3,1.49,0.25,1.99,0.16,0.01,0.0,0.232,2.057017543859649,1.9418338703500766,0.164,,0.007,,0.0,,False,96.0,99.0,96.0,88.0,93.0,91.0,91.0,92.0,94.0,high,high,high,high,high,high,high,high,high,2026-06-28
hitter,WSH,BAL,Luis García Jr.,671277,2.0,1B,Confirmed,3.19,,,,,0.83,0.19,,,,,0.9032876845049204,0.7565104794432559,0.20994737671647923,0.17354445950389577,0.8694581280788177,0.773113347313034,0.12418818356671182,0.0930325172006437,,,0.82,0.29,0.23,1.16,0.11,1.41,0.13,0.01,0.0,0.225,1.5956790123456794,1.251760921483502,0.128,,0.007,,0.0,,False,96.0,99.0,96.0,88.0,93.0,91.0,91.0,92.0,94.0,high,high,high,high,high,high,high,high,high,2026-06-28
hitter,WSH,BAL,Curtis Mead,678554,3.0,3B,Confirmed,3.89,,,,,1.2,0.31,,,,,1.1462392417699312,1.2442640046127098,0.31193931637909156,0.3094097252632044,0.8694581280788177,0.8256078986423159,0.10762476062310392,0.11673164250999683,,,0.85,0.3,0.26,1.21,0.11,1.41,0.13,0.01,0.0,0.192,1.4759615384615385,1.348712674388966,0.127,,0.008,,0.0,,False,96.0,99.0,96.0,88.0,93.0,91.0,91.0,92.0,94.0,high,high,high,high,high,high,high,high,high,2026-06-28
hitter,WSH,BAL,CJ Abrams,682928,4.0,SS,Confirmed,4.18,,,,,1.25,0.3,,,,,1.29114420445068,1.2009430967247723,0.3203007863280536,0.2728254794834617,1.0980834272829765,1.0587288816800489,0.16631170114293084,0.1848095829199804,,,1.08,0.36,0.32,1.49,0.18,1.88,0.15,0.01,0.0,0.213,1.914285714285714,1.8457290308750014,0.154,,0.009,,0.0,,False,96.0,99.0,96.0,88.0,93.0,91.0,91.0,92.0,94.0,high,high,high,high,high,high,high,high,high,2026-06-28
hitter,WSH,BAL,Dylan Crews,686611,5.0,RF,Confirmed,4.04,,,,,1.31,0.28,,,,,1.304891539754067,1.3249860705707326,0.29423291827292974,0.259092279637286,1.0980834272829765,1.044684786040735,0.14100484244491962,0.12955136200878464,,,1.07,0.36,0.32,1.48,0.14,1.78,0.16,0.01,0.0,0.222,1.914285714285714,1.6697303779175037,0.155,,0.009,,0.0,,False,96.0,99.0,96.0,88.0,93.0,91.0,91.0,92.0,94.0,high,high,high,high,high,high,high,high,high,2026-06-28
hitter,WSH,BAL,Daylen Lile,695734,6.0,LF,Confirmed,4.14,,,,,0.92,0.31,,,,,0.9001244263331395,0.9474517902544878,0.32228330338055766,0.29049734302333446,1.0980834272829765,1.1273001116324495,0.1514293128869297,0.1430303435277012,,,1.11,0.34,0.34,1.55,0.15,1.85,0.15,0.01,0.0,0.23,1.914285714285714,1.7953236294570858,0.149,,0.013,,0.0,,False,96.0,99.0,96.0,88.0,93.0,91.0,91.0,92.0,94.0,high,high,high,high,high,high,high,high,high,2026-06-28
hitter,WSH,BAL,Jacob Young,696285,7.0,CF,Confirmed,3.32,,,,,0.84,0.18,,,,,0.8674990379319792,0.8098786854264198,0.19613354334569633,0.16277321027342984,0.8694581280788177,0.753121797924193,0.06679235247623594,0.06451527643491536,,,0.81,0.25,0.22,1.11,0.07,1.23,0.12,0.01,0.0,0.21,1.3148148148148149,1.1619084175968326,0.12,,0.008,,0.0,,False,96.0,99.0,96.0,88.0,93.0,91.0,91.0,92.0,94.0,high,high,high,high,high,high,high,high,high,2026-06-28
hitter,WSH,BAL,Jorbit Vivas,678391,8.0,2B,Confirmed,3.96,,,,,0.9,0.28,,,,,0.8215744451132103,0.9753881993789058,0.2660708267243016,0.28893979233723593,0.994208494208494,0.8432731053191035,0.09740758508331052,0.09248839749546338,,,0.91,0.28,0.25,1.24,0.09,1.29,0.11,0.01,0.0,0.199,1.3148148148148149,1.2742905160809614,0.11,,0.009,,0.0,,False,96.0,99.0,96.0,88.0,93.0,91.0,91.0,92.0,94.0,high,high,high,high,high,high,high,high,high,2026-06-28
hitter,WSH,BAL,Keibert Ruiz,660688,9.0,C,Confirmed,2.9,,,,,0.55,0.04,,,,,0.5420487427325518,0.5524121430513391,0.05907334236630828,0.018621775612456686,0.4803149606299212,0.5040631746234138,0.021165642218551748,0.013317533014734277,,,0.49,0.2,0.18,0.92,0.02,0.64,0.12,0.01,0.0,0.199,0.6720588235294118,0.6085496146154306,0.118,,0.007,,0.0,,False,96.0,99.0,96.0,88.0,93.0,91.0,91.0,92.0,94.0,high,high,high,high,high,high,high,high,high,2026-06-28
hitter,PIT,CIN,Konnor Griffin,804606,1.0,SS,Confirmed,3.96,,,,,1.15,0.18,,,,,1.1746869204672266,1.1260154405397216,0.20061932962486953,0.15937208336829342,0.8949771689497716,0.8554981550742656,0.2247835164301551,0.19848364617735528,,,0.87,0.24,0.15,0.8,0.21,1.77,0.1,0.01,0.0,0.166,1.914285714285714,1.6593541012135034,0.102,,0.012,,0.0,,False,96.0,99.0,96.0,88.0,93.0,91.0,91.0,92.0,94.0,high,high,high,high,high,high,high,high,high,2026-06-28
hitter,PIT,CIN,Brandon Lowe,664040,2.0,2B,Confirmed,4.14,,,,,1.7,0.16,,,,,1.7418992583708306,1.6486163136001422,0.15066448884357422,0.16274810006463955,1.0980834272829765,1.0025749676122913,0.19689987568200779,0.17094326618047653,,,1.05,0.25,0.16,0.83,0.18,1.83,0.1,0.01,0.0,0.168,1.914285714285714,1.7675478945849494,0.099,,0.007,,0.0,,False,96.0,99.0,96.0,88.0,93.0,91.0,91.0,92.0,94.0,high,high,high,high,high,high,high,high,high,2026-06-28
hitter,PIT,CIN,Bryan Reynolds,668804,3.0,DH,Confirmed,4.18,,,,,1.54,0.21,,,,,1.5964461287878746,1.4841935123064072,0.21922716485946706,0.1985787275380938,1.0980834272829765,0.9664863221899431,0.13497652236738666,0.12108529327283177,,,1.03,0.27,0.18,0.87,0.13,1.78,0.12,0.01,0.0,0.184,1.914285714285714,1.678489046802103,0.116,,0.009,,0.0,,False,96.0,99.0,96.0,88.0,93.0,91.0,91.0,92.0,94.0,high,high,high,high,high,high,high,high,high,2026-06-28
hitter,PIT,CIN,Nick Gonzales,693304,4.0,3B,Confirmed,3.81,,,,,1.02,0.09,,,,,0.9945113911412596,1.0401368029678877,0.09994463555240071,0.07356424400805761,1.0980834272829765,1.037553067515336,0.0767171934715343,0.07493469617605489,,,1.06,0.22,0.17,0.8,0.08,1.71,0.08,0.01,0.0,0.148,1.914285714285714,1.5343702831327934,0.079,,0.008,,0.0,,False,96.0,99.0,96.0,88.0,93.0,91.0,91.0,92.0,94.0,high,high,high,high,high,high,high,high,high,2026-06-28
hitter,PIT,CIN,Ryan O'Hearn,656811,5.0,1B,Confirmed,3.89,,,,,1.38,0.14,,,,,1.3723961737082606,1.379211811460704,0.1415579855011579,0.13437288321357663,1.0980834272829765,0.9026982939071504,0.1147870199506485,0.10532746531672066,,,0.99,0.24,0.17,0.83,0.11,1.46,0.11,0.01,0.0,0.171,1.4759615384615385,1.4423046990800161,0.109,,0.007,,0.0,,False,96.0,99.0,96.0,88.0,93.0,91.0,91.0,92.0,94.0,high,high,high,high,high,high,high,high,high,2026-06-28
hitter,PIT,CIN,Esmerlyn Valdez,699013,6.0,RF,Confirmed,2.54,,,,,1.33,0.08,,,,,1.4470099661903857,1.2076473486234782,0.0848894477987231,0.07272860961028209,0.4125159642401022,0.37938164005673175,0.10534777215360536,0.06880337414162646,,,0.39,0.04,0.02,0.06,0.09,0.83,0.0,0.0,0.0,0.066,0.9875776397515532,0.6989480078186419,0.07,,0.007,,0.0,,False,96.0,99.0,96.0,88.0,93.0,91.0,91.0,92.0,94.0,high,high,high,high,high,high,high,high,high,2026-06-28
hitter,PIT,CIN,Tyler Callihan,682997,7.0,RF,Confirmed,2.55,,,,,1.11,0.08,,,,,1.1762585522989373,1.0439645664716417,0.09091976327388533,0.07319523260215635,0.7061469265367316,0.49289950594428916,0.07781088707764844,0.057688616122889384,,,0.59,0.14,0.1,0.49,0.07,1.03,0.08,0.01,0.0,0.179,1.239368165249089,0.8635666470096371,0.08,,0.009,,0.0,,False,96.0,99.0,96.0,88.0,93.0,91.0,91.0,92.0,94.0,high,high,high,high,high,high,high,high,high,2026-06-28
hitter,PIT,CIN,Jake Mangum,663968,8.0,LF,Confirmed,3.74,,,,,0.78,0.09,,,,,0.7227800559162916,0.8429873378319199,0.10684451723399795,0.07974278820522977,1.1391752577319587,1.0428810305126948,0.07638446078729175,0.06524039226215496,,,1.09,0.19,0.15,0.75,0.07,1.68,0.09,0.01,0.0,0.154,1.914285714285714,1.495635069027675,0.093,,0.007,,0.0,,False,96.0,99.0,96.0,88.0,93.0,91.0,91.0,92.0,94.0,high,high,high,high,high,high,high,high,high,2026-06-28
hitter,PIT,CIN,Henry Davis,680779,9.0,C,Confirmed,3.72,,,,,1.03,0.16,,,,,0.9999952183007427,1.0629745201772471,0.16442617782430916,0.16316445227796694,0.801980198019802,0.7717738221503929,0.40901997202211265,0.34762488795489077,,,0.79,0.18,0.15,0.68,0.38,2.02,0.1,0.01,0.0,0.148,2.057017543859649,1.9927036873574153,0.095,,0.007,,0.0,,False,96.0,99.0,96.0,88.0,93.0,91.0,91.0,92.0,94.0,high,high,high,high,high,high,high,high,high,2026-06-28
hitter,CIN,PIT,Elly De La Cruz,682829,1.0,SS,Confirmed,4.57,,,,,1.17,0.38,,,,,1.1492132820705356,1.1842150005074044,0.3644138217724676,0.40437690919983055,0.8949771689497716,0.9834603277654932,0.19900018113361828,0.19240480162046655,,,0.94,0.67,0.58,2.35,0.2,1.81,0.24,0.01,0.0,0.355,1.914285714285714,1.7259983509887171,0.236,,0.015,,0.0,,False,96.0,99.0,96.0,88.0,93.0,91.0,91.0,92.0,94.0,high,high,high,high,high,high,high,high,high,2026-06-28
hitter,CIN,PIT,Sal Stewart,701398,2.0,3B,Confirmed,4.26,,,,,1.07,0.33,,,,,1.0489181622032964,1.0828463053953554,0.32551507815703895,0.33116765806446546,0.8694581280788177,0.9060339772320766,0.2123974321970037,0.227779648025635,,,0.89,0.64,0.56,2.19,0.22,1.74,0.18,0.01,0.0,0.357,1.914285714285714,1.6018017535308233,0.182,,0.008,,0.0,,False,96.0,99.0,96.0,88.0,93.0,91.0,91.0,92.0,94.0,high,high,high,high,high,high,high,high,high,2026-06-28
hitter,CIN,PIT,JJ Bleday,668709,3.0,LF,Confirmed,4.18,,,,,0.98,0.36,,,,,0.9153949623257657,1.0522602424870449,0.3442759615181138,0.38153908351230376,0.801980198019802,0.8387711739263838,0.12324280212012709,0.1427504062081334,,,0.82,0.54,0.51,1.93,0.13,1.31,0.17,0.01,0.0,0.313,1.239368165249089,1.3622607008265584,0.172,,0.007,,0.0,,False,96.0,99.0,96.0,88.0,93.0,91.0,91.0,92.0,94.0,high,high,high,high,high,high,high,high,high,2026-06-28
hitter,CIN,PIT,Eugenio Suárez,553993,4.0,DH,Confirmed,4.25,,,,,1.2,0.29,,,,,1.152288373981644,1.2424176499899835,0.2885895206476592,0.29890333325407986,0.8694581280788177,0.8651303179348677,0.300776242952013,0.2702012683828251,,,0.87,0.7,0.74,2.44,0.29,1.81,0.16,0.01,0.0,0.381,1.914285714285714,1.7212134452921475,0.158,,0.007,,0.0,,False,96.0,99.0,96.0,88.0,93.0,91.0,91.0,92.0,94.0,high,high,high,high,high,high,high,high,high,2026-06-28
hitter,CIN,PIT,Spencer Steer,668715,5.0,1B,Confirmed,4.18,,,,,1.01,0.32,,,,,0.982106671205576,1.0315668624826164,0.3287057320117608,0.3104370073421941,0.801980198019802,0.7666513693803874,0.11467766716567293,0.13403292424135663,,,0.78,0.52,0.5,1.9,0.12,1.33,0.17,0.01,0.0,0.303,1.3148148148148149,1.343239524588014,0.168,,0.008,,0.0,,False,96.0,99.0,96.0,88.0,93.0,91.0,91.0,92.0,94.0,high,high,high,high,high,high,high,high,high,2026-06-28
hitter,CIN,PIT,Noelvi Marte,682622,6.0,RF,Confirmed,4.25,,,,,0.96,0.19,,,,,0.8840394473666572,1.0347444737401044,0.19952372344819694,0.184200545538157,0.8694581280788177,0.8566592468745523,0.16457059635092353,0.1624803692826122,,,0.86,0.5,0.57,2.07,0.16,1.54,0.15,0.01,0.0,0.315,1.5956790123456794,1.4860083833085387,0.153,,0.009,,0.0,,False,96.0,99.0,96.0,88.0,93.0,91.0,91.0,92.0,94.0,high,high,high,high,high,high,high,high,high,2026-06-28
hitter,CIN,PIT,Tyler Stephenson,663886,7.0,C,Confirmed,3.58,,,,,1.31,0.36,,,,,1.30379799883336,1.318120547857713,0.3721200944433729,0.3558510135598993,0.707983193277311,0.6285113479159968,0.038844666786205954,0.02278462131348075,,,0.66,0.4,0.39,1.5,0.03,0.92,0.13,0.01,0.0,0.306,1.001763668430335,0.8550520651950125,0.131,,0.008,,0.0,,False,96.0,99.0,96.0,88.0,93.0,91.0,91.0,92.0,94.0,high,high,high,high,high,high,high,high,high,2026-06-28
hitter,CIN,PIT,TJ Friedl,670770,8.0,CF,Confirmed,3.19,,,,,0.88,0.09,,,,,0.8807698057154761,0.884821965566312,0.08885091289029994,0.09347749283149827,0.3344051446945337,0.36696523264827946,0.07456728045688574,0.0724687403302368,,,0.35,0.38,0.36,1.55,0.07,0.67,0.18,0.01,0.0,0.336,0.6289308176100628,0.7087993114817589,0.18,,0.012,,0.0,,False,96.0,99.0,96.0,88.0,93.0,91.0,91.0,92.0,94.0,high,high,high,high,high,high,high,high,high,2026-06-28
hitter,CIN,PIT,Edwin Arroyo,695490,9.0,2B,Confirmed,3.89,,,,,0.84,0.16,,,,,0.7710467356222356,0.9161873304935279,0.1743310510743016,0.1498713003017536,0.801980198019802,0.7992747681952186,0.07892769375042263,0.09496620110835513,,,0.8,0.39,0.37,1.66,0.09,1.22,0.17,0.01,0.0,0.278,1.239368165249089,1.1969274965888634,0.167,,0.008,,0.0,,False,96.0,99.0,96.0,88.0,93.0,91.0,91.0,92.0,94.0,high,high,high,high,high,high,high,high,high,2026-06-28
hitter,TOR,TEX,George Springer,543807,1.0,DH,Confirmed,4.74,,,,,1.33,0.3,,,,,1.2969466742513256,1.3582622909477344,0.2598946526610586,0.33578711820464135,0.801980198019802,0.9281403967938613,0.030093108970225282,0.025880092688197503,,,0.87,0.7,0.55,2.38,0.03,1.19,0.22,0.01,0.0,0.368,1.1521739130434783,1.2158405816743454,0.216,,0.008,,0.0,,False,96.0,99.0,96.0,88.0,93.0,91.0,91.0,92.0,94.0,high,high,high,high,high,high,high,high,high,2026-06-28
hitter,TOR,TEX,Nathan Lukes,664770,2.0,RF,Confirmed,4.25,,,,,0.74,0.28,,,,,0.6328093384705001,0.8399181379165636,0.26536682594712,0.30312163838527795,0.7061469265367316,0.7235689366251064,0.05112892025794058,0.06152986919645493,,,0.72,0.61,0.5,2.2,0.06,1.02,0.19,0.01,0.0,0.349,0.9875776397515532,1.0501120263802601,0.189,,0.008,,0.0,,False,96.0,99.0,96.0,88.0,93.0,91.0,91.0,92.0,94.0,high,high,high,high,high,high,high,high,high,2026-06-28
hitter,TOR,TEX,Vladimir Guerrero Jr.,665489,3.0,1B,Confirmed,4.74,,,,,0.84,0.39,,,,,0.7833741434589279,0.890130367713932,0.36392119489589814,0.42022718919144136,0.7715355805243446,0.8586889372564382,0.06231612852998774,0.07656624317706784,,,0.82,0.92,0.88,3.29,0.07,1.21,0.21,0.01,0.0,0.46,1.1521739130434783,1.2550066900501822,0.209,,0.009,,0.0,,False,96.0,99.0,96.0,88.0,93.0,91.0,91.0,92.0,94.0,high,high,high,high,high,high,high,high,high,2026-06-28
hitter,TOR,TEX,Kazuma Okamoto,672960,4.0,3B,Confirmed,4.48,,,,,1.59,0.4,,,,,1.4791879219266941,1.7024120624904047,0.37030732997196214,0.4227602026119714,0.6434108527131783,0.6895978508059756,0.07430736785615658,0.08392418248687797,,,0.67,0.72,0.68,2.5,0.08,1.08,0.21,0.01,0.0,0.394,1.001763668430335,1.1350423697380576,0.211,,0.01,,0.0,,False,96.0,99.0,96.0,88.0,93.0,91.0,91.0,92.0,94.0,high,high,high,high,high,high,high,high,high,2026-06-28
hitter,TOR,TEX,Daulton Varsho,662139,5.0,CF,Confirmed,4.08,,,,,1.34,0.27,,,,,1.2844857157937157,1.4054644554152766,0.2745974573690352,0.2656871855691154,0.5290322580645161,0.5778734551838859,0.05342626692341729,0.051350116518152626,,,0.56,0.62,0.6,2.22,0.05,0.83,0.21,0.01,0.0,0.371,0.8408408408408409,0.8227811131297134,0.21,,0.007,,0.0,,False,96.0,99.0,96.0,88.0,93.0,91.0,91.0,92.0,94.0,high,high,high,high,high,high,high,high,high,2026-06-28
hitter,TOR,TEX,Ernie Clement,676391,6.0,2B,Confirmed,4.51,,,,,0.66,0.23,,,,,0.5356184453694082,0.7823335100271896,0.21047922594683866,0.2442776308984072,0.7715355805243446,0.8890111714573016,0.04150670396188666,0.04144869784749946,,,0.84,0.52,0.54,2.2,0.04,1.16,0.21,0.01,0.0,0.317,1.1238670694864048,1.1876792421069344,0.205,,0.011,,0.0,,False,96.0,99.0,96.0,88.0,93.0,91.0,91.0,92.0,94.0,high,high,high,high,high,high,high,high,high,2026-06-28
hitter,TOR,TEX,Alejandro Kirk,672386,7.0,C,Confirmed,4.18,,,,,0.79,0.28,,,,,0.7707362177336763,0.818885222634978,0.2781302949857145,0.2854946171748992,0.6506024096385542,0.6711233404171358,0.04308143578151836,0.041655968360694746,,,0.66,0.55,0.52,2.17,0.04,0.96,0.23,0.01,0.0,0.371,0.9875776397515532,0.9403734232373175,0.232,,0.008,,0.0,,False,96.0,99.0,96.0,88.0,93.0,91.0,91.0,92.0,94.0,high,high,high,high,high,high,high,high,high,2026-06-28
hitter,TOR,TEX,Yohendrick Piñango,682818,8.0,LF,Confirmed,4.25,,,,,1.29,0.29,,,,,1.1627135741150771,1.422316585128154,0.281823377626058,0.29490738627959234,0.5846774193548387,0.6461693845212716,0.042861801975958444,0.04338574910202064,,,0.62,0.53,0.48,2.11,0.04,0.88,0.21,0.01,0.0,0.355,0.8408408408408409,0.9135701347102265,0.215,,0.009,,0.0,,False,96.0,99.0,96.0,88.0,93.0,91.0,91.0,92.0,94.0,high,high,high,high,high,high,high,high,high,2026-06-28
hitter,TOR,TEX,Andrés Giménez,665926,9.0,SS,Confirmed,3.96,,,,,0.97,0.2,,,,,0.9111188669458447,1.0237667663400951,0.20514291065246024,0.18755901388199803,0.707983193277311,0.7744500076481609,0.039892929889521776,0.047869712196688965,,,0.74,0.51,0.48,2.13,0.04,1.01,0.19,0.01,0.0,0.358,0.9875776397515532,1.0278721600233838,0.193,,0.011,,0.0,,False,96.0,99.0,96.0,88.0,93.0,91.0,91.0,92.0,94.0,high,high,high,high,high,high,high,high,high,2026-06-28
hitter,TEX,TOR,Joc Pederson,592626,1.0,DH,Confirmed,4.04,,,,,1.36,0.65,,,,,1.2633924615935652,1.4495599783057322,0.6423939903370087,0.6588318373048316,0.6434108527131783,0.5242746822607465,0.03442124950071915,0.022120649396776184,,,0.58,0.68,0.6,2.38,0.03,0.82,0.16,0.01,0.0,0.396,0.7899761336515513,0.8483901043059496,0.158,,0.008,,0.0,,False,96.0,99.0,96.0,88.0,93.0,91.0,91.0,92.0,94.0,high,high,high,high,high,high,high,high,high,2026-06-28
hitter,TEX,TOR,Josh Jung,673962,2.0,3B,Confirmed,4.26,,,,,1.57,0.55,,,,,1.4851895751153814,1.647935870646755,0.5120391377308474,0.5892626432732018,0.7061469265367316,0.6978947791976503,0.04040425510490489,0.0316912943138492,,,0.7,0.79,0.68,2.96,0.04,0.96,0.19,0.01,0.0,0.431,0.9875776397515532,0.9371881687216315,0.195,,0.008,,0.0,,False,96.0,99.0,96.0,88.0,93.0,91.0,91.0,92.0,94.0,high,high,high,high,high,high,high,high,high,2026-06-28
hitter,TEX,TOR,Corey Seager,608369,3.0,SS,Confirmed,4.61,,,,,1.65,0.89,,,,,1.6351195703320427,1.664214300589572,0.8582413291777644,0.9206334557815349,0.707983193277311,0.7733467705175429,0.04292480928303554,0.01563215961798526,,,0.74,0.91,0.91,3.32,0.03,1.1,0.22,0.01,0.0,0.464,1.1238670694864048,1.0795919622932912,0.224,,0.008,,0.0,,False,96.0,99.0,96.0,88.0,93.0,91.0,91.0,92.0,94.0,high,high,high,high,high,high,high,high,high,2026-06-28
hitter,TEX,TOR,Brandon Nimmo,607043,4.0,RF,Confirmed,4.57,,,,,1.56,0.61,,,,,1.4967975614988989,1.63113100991553,0.6069570572915837,0.6144920354631265,0.7715355805243446,0.8581154076562275,0.049644956620344606,0.0456722427868219,,,0.82,0.89,0.9,3.28,0.05,1.16,0.24,0.01,0.0,0.457,1.1521739130434783,1.1744112059798542,0.245,,0.01,,0.0,,False,96.0,99.0,96.0,88.0,93.0,91.0,91.0,92.0,94.0,high,high,high,high,high,high,high,high,high,2026-06-28
hitter,TEX,TOR,Jake Burger,669394,5.0,1B,Confirmed,4.18,,,,,1.66,0.55,,,,,1.618901040744643,1.7014691373568032,0.5091997042329149,0.588019683351019,0.707983193277311,0.6925942757579017,0.049674086642826264,0.06175188735354315,,,0.7,0.92,0.96,3.37,0.06,1.01,0.2,0.01,0.0,0.503,1.001763668430335,1.0109429907020653,0.195,,0.008,,0.0,,False,96.0,99.0,96.0,88.0,93.0,91.0,91.0,92.0,94.0,high,high,high,high,high,high,high,high,high,2026-06-28
hitter,TEX,TOR,Ezequiel Duran,677649,6.0,3B,Confirmed,4.25,,,,,1.4,0.43,,,,,1.2025541871504204,1.5898595907796051,0.3985860436336979,0.4697168527014837,0.707983193277311,0.7250759986510585,0.031922981265018566,0.02981377383632092,,,0.72,0.47,0.5,2.07,0.03,0.98,0.17,0.01,0.0,0.304,0.9875776397515532,0.9786804398665142,0.166,,0.01,,0.0,,False,96.0,99.0,96.0,88.0,93.0,91.0,91.0,92.0,94.0,high,high,high,high,high,high,high,high,high,2026-06-28
hitter,TEX,TOR,Evan Carter,694497,7.0,CF,Confirmed,3.49,,,,,0.98,0.11,,,,,0.8945841067532113,1.0653409119861557,0.09799446038449464,0.11653003589886463,0.5846774193548387,0.6259506280552728,0.01909980000026478,0.012491421788885014,,,0.61,0.44,0.41,1.84,0.02,0.79,0.18,0.01,0.0,0.349,0.7899761336515513,0.7964395897402489,0.185,,0.009,,0.0,,False,96.0,99.0,96.0,88.0,93.0,91.0,91.0,92.0,94.0,high,high,high,high,high,high,high,high,high,2026-06-28
hitter,TEX,TOR,Elias Díaz,553869,8.0,C,Confirmed,3.54,,,,,1.33,0.39,,,,,1.1983798416019302,1.470875960429377,0.3740360585938738,0.39885300486469005,0.6434108527131783,0.5962477840086506,0.03133629657870646,0.037675772294529175,,,0.62,0.53,0.52,2.14,0.03,0.94,0.18,0.01,0.0,0.401,0.9875776397515532,0.9076469368727392,0.179,,0.008,,0.0,,False,96.0,99.0,96.0,88.0,93.0,91.0,91.0,92.0,94.0,high,high,high,high,high,high,high,high,high,2026-06-28
hitter,TEX,TOR,Alejandro Osuna,696030,9.0,CF,Confirmed,4.18,,,,,1.14,0.54,,,,,1.0416136287651065,1.2320571623015382,0.5207076164227958,0.557639087050619,0.707983193277311,0.7113767259350069,0.02874249466565691,0.023930273968513983,,,0.71,0.51,0.47,2.12,0.03,1.0,0.18,0.01,0.0,0.331,0.9875776397515532,1.0176394582368118,0.175,,0.009,,0.0,,False,96.0,99.0,96.0,88.0,93.0,91.0,91.0,92.0,94.0,high,high,high,high,high,high,high,high,high,2026-06-28
hitter,DET,HOU,Kevin McGonigle,805808,1.0,3B,Confirmed,4.61,,,,,0.39,0.43,,,,,0.40660619700173906,0.3693074221237879,0.4238430024020977,0.4336004485384673,1.4947368421052631,1.254116134298506,0.19629174875313152,0.1668782507049413,,,1.36,0.68,0.5,2.29,0.18,1.98,0.19,0.01,0.0,0.378,2.057017543859649,1.9233000240243816,0.189,,0.008,,0.0,,False,96.0,99.0,96.0,88.0,93.0,91.0,91.0,92.0,94.0,high,high,high,high,high,high,high,high,high,2026-06-28
hitter,DET,HOU,Colt Keith,690993,2.0,1B,Confirmed,3.1,,,,,0.44,0.13,,,,,0.4480821069223955,0.42490483367812215,0.15189580583611817,0.11233857627427553,0.8694581280788177,0.703665232316364,0.1135972871102913,0.0980377739504954,,,0.78,0.4,0.32,1.42,0.11,1.2,0.13,0.01,0.0,0.321,1.3148148148148149,1.1077421973891888,0.131,,0.012,,0.0,,False,96.0,99.0,96.0,88.0,93.0,91.0,91.0,92.0,94.0,high,high,high,high,high,high,high,high,high,2026-06-28
hitter,DET,HOU,Riley Greene,682985,3.0,LF,Confirmed,4.61,,,,,0.82,0.35,,,,,0.7295137620094665,0.9062495618160741,0.32943669539762654,0.36203223875362656,1.4947368421052631,1.3301377228868694,0.22038261880356413,0.20793596207374732,,,1.4,0.68,0.6,2.38,0.21,2.13,0.19,0.01,0.0,0.363,2.057017543859649,2.1831819060172206,0.185,,0.008,,0.0,,False,96.0,99.0,96.0,88.0,93.0,91.0,91.0,92.0,94.0,high,high,high,high,high,high,high,high,high,2026-06-28
hitter,DET,HOU,Dillon Dingler,693307,4.0,C,Confirmed,3.81,,,,,0.64,0.14,,,,,0.5646699582191698,0.7203424887020231,0.15128046376784113,0.11874781701905629,0.994208494208494,0.8970342634111379,0.12912138453344563,0.10386279205233168,,,0.94,0.44,0.4,1.64,0.12,1.51,0.14,0.01,0.0,0.286,1.5956790123456794,1.439862497184393,0.135,,0.011,,0.0,,False,96.0,99.0,96.0,88.0,93.0,91.0,91.0,92.0,94.0,high,high,high,high,high,high,high,high,high,2026-06-28
hitter,DET,HOU,Kerry Carpenter,681481,5.0,DH,Confirmed,3.89,,,,,0.68,0.19,,,,,0.6258652139798243,0.7406589332257341,0.17831580673806327,0.19268865413856848,0.994208494208494,0.9378500560614218,0.22240845323832836,0.18952693758227074,,,0.96,0.46,0.43,1.6,0.21,1.65,0.12,0.01,0.0,0.287,1.684375,1.6133627839043436,0.124,,0.01,,0.0,,False,96.0,99.0,96.0,88.0,93.0,91.0,91.0,92.0,94.0,high,high,high,high,high,high,high,high,high,2026-06-28
hitter,DET,HOU,Zach McKinstry,656716,6.0,SS,Confirmed,3.96,,,,,0.51,0.27,,,,,0.4879241163995923,0.5306664537851719,0.27350841523355973,0.2712214009567694,1.0,0.9917897177331264,0.08597213345818816,0.086590065886569,,,1.0,0.39,0.37,1.56,0.09,1.58,0.18,0.02,0.0,0.294,1.684375,1.4895150516000402,0.182,,0.021,,0.0,,False,96.0,99.0,96.0,88.0,93.0,91.0,91.0,92.0,94.0,high,high,high,high,high,high,high,high,high,2026-06-28
hitter,DET,HOU,Hao-Yu Lee,701678,7.0,2B,Confirmed,3.74,,,,,0.65,0.18,,,,,0.5732436668784847,0.7322918521953565,0.19019258566454375,0.17669449566659462,0.994208494208494,0.9006343610861346,0.08637274005619988,0.09537030758491241,,,0.94,0.34,0.29,1.34,0.09,1.35,0.15,0.01,0.0,0.263,1.3893129770992367,1.3249470904036684,0.147,,0.008,,0.0,,False,96.0,99.0,96.0,88.0,93.0,91.0,91.0,92.0,94.0,high,high,high,high,high,high,high,high,high,2026-06-28
hitter,DET,HOU,James Outman,681546,8.0,CF,Confirmed,3.74,,,,,0.81,0.25,,,,,0.736560144128611,0.8776621651435574,0.24591462836382305,0.2621601287786529,0.801980198019802,0.7665190202092573,0.1801862244353637,0.14068163035434988,,,0.78,0.38,0.33,1.35,0.16,1.38,0.14,0.01,0.0,0.292,1.3893129770992367,1.3753734405422757,0.143,,0.007,,0.0,,False,96.0,99.0,96.0,88.0,93.0,91.0,91.0,92.0,94.0,high,high,high,high,high,high,high,high,high,2026-06-28
hitter,DET,HOU,Matt Vierling,663837,9.0,CF,Confirmed,2.55,,,,,0.38,0.11,,,,,0.411121496523736,0.35286642734417467,0.12860950910859836,0.08694351092236936,0.6434108527131783,0.4868665593114259,0.10095682653879204,0.0640546624354292,,,0.56,0.26,0.23,0.97,0.08,0.94,0.1,0.01,0.0,0.289,1.1238670694864048,0.7875979280143728,0.101,,0.007,,0.0,,False,96.0,99.0,96.0,88.0,93.0,91.0,91.0,92.0,94.0,high,high,high,high,high,high,high,high,high,2026-06-28
hitter,HOU,DET,Jeremy Peña,665161,1.0,SS,Confirmed,4.48,,,,,0.49,0.14,,,,,0.5098684384349438,0.47406297207296494,0.13636377581166462,0.13810250615868394,1.0980834272829765,1.1849379828408984,0.13438018403074264,0.14777459800028778,,,1.15,0.53,0.4,2.03,0.14,1.89,0.23,0.01,0.0,0.302,1.914285714285714,1.8772400602928034,0.226,,0.01,,0.0,,False,96.0,99.0,96.0,88.0,93.0,91.0,91.0,92.0,94.0,high,high,high,high,high,high,high,high,high,2026-06-28
hitter,HOU,DET,Yordan Alvarez,670541,2.0,DH,Confirmed,4.45,,,,,0.6,0.36,,,,,0.5749525308596362,0.6199283830989234,0.34896680785558176,0.36603949176356615,0.801980198019802,0.8361991476055365,0.0513261305432927,0.08767135556799364,,,0.82,0.55,0.38,1.94,0.07,1.33,0.2,0.01,0.0,0.324,1.3148148148148149,1.3342276976581762,0.195,,0.009,,0.0,,False,96.0,99.0,96.0,88.0,93.0,91.0,91.0,92.0,94.0,high,high,high,high,high,high,high,high,high,2026-06-28
hitter,HOU,DET,Isaac Paredes,670623,3.0,3B,Confirmed,4.27,,,,,0.48,0.14,,,,,0.49596279740505067,0.4738593945445578,0.14537794840867707,0.12729893111330337,1.0,1.0350097916056569,0.16500302153955534,0.15377649833788143,,,1.02,0.5,0.4,1.9,0.16,1.79,0.18,0.01,0.0,0.303,1.914285714285714,1.6816932310524182,0.183,,0.008,,0.0,,False,96.0,99.0,96.0,88.0,93.0,91.0,91.0,92.0,94.0,high,high,high,high,high,high,high,high,high,2026-06-28
hitter,HOU,DET,Christian Walker,572233,4.0,1B,Confirmed,4.25,,,,,0.71,0.1,,,,,0.6681547417041507,0.7492107885346933,0.11073743519132459,0.09913609784203059,1.0980834272829765,1.0909299073959051,0.18030198867629457,0.17966390870325244,,,1.09,0.49,0.42,1.91,0.18,1.91,0.2,0.01,0.0,0.293,1.914285714285714,1.898665890091573,0.204,,0.008,,0.0,,False,96.0,99.0,96.0,88.0,93.0,91.0,91.0,92.0,94.0,high,high,high,high,high,high,high,high,high,2026-06-28
hitter,HOU,DET,Joey Loperfido,694388,5.0,RF,Confirmed,3.74,,,,,0.61,0.12,,,,,0.5313154367464886,0.6971656635447151,0.1243384523385417,0.11016228450975271,0.8949771689497716,0.8085968514165193,0.08588456105874859,0.08762986570600342,,,0.85,0.34,0.28,1.34,0.09,1.22,0.12,0.01,0.0,0.235,1.239368165249089,1.2083852417745042,0.122,,0.01,,0.0,,False,96.0,99.0,96.0,88.0,93.0,91.0,91.0,92.0,94.0,high,high,high,high,high,high,high,high,high,2026-06-28
hitter,HOU,DET,Yainer Diaz,673237,6.0,C,Confirmed,4.25,,,,,0.45,0.08,,,,,0.45955816128805316,0.43761734930341095,0.09361089506526446,0.06923807310913006,1.0980834272829765,1.129303583157514,0.13256855985348098,0.14194948474279423,,,1.12,0.44,0.44,1.99,0.14,1.86,0.19,0.01,0.0,0.292,1.914285714285714,1.8218812862415188,0.19,,0.009,,0.0,,False,96.0,99.0,96.0,88.0,93.0,91.0,91.0,92.0,94.0,high,high,high,high,high,high,high,high,high,2026-06-28
hitter,HOU,DET,Taylor Trammell,666211,7.0,LF,Confirmed,2.55,,,,,0.6,0.08,,,,,0.5853975985521696,0.6206178461372319,0.09258235690593555,0.07198210445874838,0.6434108527131783,0.4444622286155222,0.07017957040619466,0.05971284334230782,,,0.53,0.24,0.19,0.96,0.06,0.82,0.13,0.01,0.0,0.276,0.9875776397515532,0.6750595103079589,0.126,,0.009,,0.0,,False,96.0,99.0,96.0,88.0,93.0,91.0,91.0,92.0,94.0,high,high,high,high,high,high,high,high,high,2026-06-28
hitter,HOU,DET,Jake Meyers,676694,8.0,CF,Confirmed,3.74,,,,,0.45,0.08,,,,,0.4461181701417396,0.46061341984354115,0.09227270635713107,0.06490400815903423,1.0,0.9741931047361402,0.06448078060005379,0.06335916710688812,,,0.99,0.39,0.34,1.73,0.06,1.32,0.16,0.01,0.0,0.294,1.3893129770992367,1.2660073493415964,0.159,,0.01,,0.0,,False,96.0,99.0,96.0,88.0,93.0,91.0,91.0,92.0,94.0,high,high,high,high,high,high,high,high,high,2026-06-28
hitter,HOU,DET,Raynel Delgado,669384,9.0,2B,Confirmed,1.84,,,,,0.36,0.06,,,,,0.39298025692767924,0.3261130959100774,0.07885993443173406,0.03952826812469764,0.35424354243542433,0.2356589720693172,0.014625462361378827,0.0059152326234236,,,0.29,0.17,0.15,0.73,0.01,0.38,0.11,0.01,0.0,0.279,0.44025157232704404,0.3223128826770911,0.112,,0.007,,0.0,,False,96.0,99.0,96.0,88.0,93.0,91.0,91.0,92.0,94.0,high,high,high,high,high,high,high,high,high,2026-06-28
hitter,CLE,SEA,Steven Kwan,680757,1.0,CF,Confirmed,3.49,,,,,0.45,0.1,,,,,0.39284711889185486,0.5154753839121263,0.10441189975568474,0.09531707472411778,0.801980198019802,0.7778982913333967,0.015587528843032456,0.012852986117292213,,,0.79,0.38,0.27,1.36,0.01,0.93,0.13,0.01,0.0,0.28,0.9875776397515532,0.8859993411526582,0.13,,0.007,,0.0,,False,96.0,99.0,96.0,88.0,93.0,91.0,91.0,92.0,94.0,high,high,high,high,high,high,high,high,high,2026-06-28
hitter,CLE,SEA,Travis Bazzana,683953,2.0,2B,Confirmed,4.48,,,,,1.09,0.21,,,,,1.0566011313838395,1.1200608575212436,0.18805890433595093,0.23318019971813228,0.8770949720670391,0.9747731991266655,0.03765474829872702,0.029512998350563813,,,0.93,0.54,0.38,1.79,0.03,1.26,0.14,0.01,0.0,0.308,1.239368165249089,1.2813275038782583,0.145,,0.008,,0.0,,False,96.0,99.0,96.0,88.0,93.0,91.0,91.0,92.0,94.0,high,high,high,high,high,high,high,high,high,2026-06-28
hitter,CLE,SEA,Chase DeLauter,800050,3.0,DH,Confirmed,3.54,,,,,0.57,0.22,,,,,0.5618396879548668,0.5808600157781608,0.242689064406591,0.1983850778333806,0.801980198019802,0.7200286213584728,0.10116510934890671,0.10277708342949829,,,0.76,0.39,0.33,1.43,0.1,1.27,0.13,0.01,0.0,0.283,1.3148148148148149,1.237404753947935,0.126,,0.009,,0.0,,False,96.0,99.0,96.0,88.0,93.0,91.0,91.0,92.0,94.0,high,high,high,high,high,high,high,high,high,2026-06-28
hitter,CLE,SEA,Kyle Manzardo,700932,4.0,1B,Confirmed,4.04,,,,,1.19,0.15,,,,,1.1545850130339443,1.227097073581661,0.12973832550715725,0.16790548949316367,0.707983193277311,0.7125564304990699,0.03692205215114458,0.03046950781420915,,,0.71,0.46,0.38,1.55,0.03,0.98,0.13,0.01,0.0,0.29,1.001763668430335,0.9598753862533724,0.133,,0.008,,0.0,,False,96.0,99.0,96.0,88.0,93.0,91.0,91.0,92.0,94.0,high,high,high,high,high,high,high,high,high,2026-06-28
hitter,CLE,SEA,Kahlil Watson,696135,5.0,RF,Confirmed,3.1,,,,,1.04,0.08,,,,,1.0760470919936607,1.0115726450073248,0.08986020781226285,0.07390226447234417,0.5846774193548387,0.4748625900978159,0.02846919558139742,0.015130752584237421,,,0.52,0.31,0.26,1.1,0.02,0.74,0.14,0.01,0.0,0.258,0.8408408408408409,0.6613428712540497,0.138,,0.007,,0.0,,False,96.0,99.0,96.0,88.0,93.0,91.0,91.0,92.0,94.0,high,high,high,high,high,high,high,high,high,2026-06-28
hitter,CLE,SEA,Brayan Rocchio,677587,6.0,SS,Confirmed,4.08,,,,,0.78,0.1,,,,,0.7588964854770741,0.8024618894099499,0.08757050540579858,0.11434750115187552,0.8949771689497716,0.9292467258335091,0.021623764615476118,0.024400404003121767,,,0.91,0.36,0.36,1.53,0.02,1.16,0.14,0.01,0.0,0.251,1.1521739130434783,1.1754131036689626,0.145,,0.009,,0.0,,False,96.0,99.0,96.0,88.0,93.0,91.0,91.0,92.0,94.0,high,high,high,high,high,high,high,high,high,2026-06-28
hitter,CLE,SEA,Cooper Ingle,694876,7.0,LF,Confirmed,2.55,,,,,0.79,0.05,,,,,0.7583959880217818,0.8142398313148532,0.06619408342957496,0.032025356722679095,0.5290322580645161,0.3749564997167742,0.014922932866648834,0.005567557453344241,,,0.44,0.21,0.18,0.8,0.01,0.53,0.1,0.01,0.0,0.245,0.6289308176100628,0.45452569708824836,0.096,,0.008,,0.0,,False,96.0,99.0,96.0,88.0,93.0,91.0,91.0,92.0,94.0,high,high,high,high,high,high,high,high,high,2026-06-28
hitter,CLE,SEA,Gabriel Arias,672356,8.0,3B,Confirmed,3.58,,,,,1.11,0.08,,,,,1.053408484458501,1.1709069807187111,0.0789993982308011,0.08325628689057867,0.7061469265367316,0.6084603286976248,0.02402739757329202,0.027857052839893735,,,0.65,0.31,0.27,1.22,0.03,0.92,0.12,0.01,0.0,0.248,0.9875776397515532,0.8710158349375645,0.119,,0.008,,0.0,,False,96.0,99.0,96.0,88.0,93.0,91.0,91.0,92.0,94.0,high,high,high,high,high,high,high,high,high,2026-06-28
hitter,CLE,SEA,Austin Hedges,595978,9.0,C,Confirmed,2.55,,,,,0.61,0.1,,,,,0.581791350939617,0.6352750659342723,0.12248525867168587,0.0823914909993283,0.3344051446945337,0.2834662120643367,0.01824496710854044,0.015377803512264537,,,0.31,0.18,0.16,0.67,0.02,0.42,0.08,0.01,0.0,0.21,0.44025157232704404,0.4049176835680963,0.084,,0.007,,0.0,,False,96.0,99.0,96.0,88.0,93.0,91.0,91.0,92.0,94.0,high,high,high,high,high,high,high,high,high,2026-06-28
hitter,SEA,CLE,J.P. Crawford,641487,1.0,3B,Confirmed,4.18,,,,,0.68,0.45,,,,,0.6931859619317374,0.674516020957335,0.4473450956633681,0.4582496635045522,0.5846774193548387,0.5921216832806891,0.026186140429169658,0.02196333019119583,,,0.59,0.44,0.31,1.62,0.02,0.84,0.19,0.01,0.0,0.272,0.7899761336515513,0.8779426618440666,0.194,,0.009,,0.0,,False,96.0,99.0,96.0,88.0,93.0,91.0,91.0,92.0,94.0,high,high,high,high,high,high,high,high,high,2026-06-28
hitter,SEA,CLE,Julio Rodríguez,677594,2.0,CF,Confirmed,4.18,,,,,0.8,0.32,,,,,0.7516344165661625,0.8477558786094198,0.3183587131885758,0.3170966417639038,0.6434108527131783,0.6172531070477709,0.03475628619834793,0.04093210549371676,,,0.63,0.47,0.35,1.82,0.04,0.82,0.2,0.01,0.0,0.284,0.7899761336515513,0.8481983586836782,0.199,,0.009,,0.0,,False,96.0,99.0,96.0,88.0,93.0,91.0,91.0,92.0,94.0,high,high,high,high,high,high,high,high,high,2026-06-28
hitter,SEA,CLE,Josh Naylor,647304,3.0,1B,Confirmed,4.04,,,,,0.51,0.33,,,,,0.49444581722952363,0.5167156743927336,0.3216947178748285,0.33305480085743006,0.5290322580645161,0.5931496908156849,0.028794223910086618,0.03031725064864033,,,0.56,0.47,0.4,1.86,0.03,0.74,0.18,0.01,0.0,0.29,0.6720588235294118,0.790692017579254,0.175,,0.01,,0.0,,False,96.0,99.0,96.0,88.0,93.0,91.0,91.0,92.0,94.0,high,high,high,high,high,high,high,high,high,2026-06-28
hitter,SEA,CLE,Randy Arozarena,668227,4.0,LF,Confirmed,4.04,,,,,0.9,0.41,,,,,0.8610045042435653,0.9417715915549781,0.3940199435141375,0.42041295092885655,0.5290322580645161,0.5569781673411496,0.03394888531745345,0.025653117816042424,,,0.54,0.43,0.36,1.67,0.03,0.7,0.21,0.01,0.0,0.275,0.6720588235294118,0.7188579967135885,0.208,,0.009,,0.0,,False,96.0,99.0,96.0,88.0,93.0,91.0,91.0,92.0,94.0,high,high,high,high,high,high,high,high,high,2026-06-28
hitter,SEA,CLE,Cal Raleigh,663728,5.0,DH,Confirmed,4.14,,,,,1.0,0.57,,,,,0.9720807264930421,1.0345727773794413,0.5622568786643941,0.587092241580283,0.5290322580645161,0.5304509798599065,0.05879743597141856,0.06951797011914562,,,0.53,0.44,0.36,1.6,0.06,0.86,0.16,0.01,0.0,0.277,0.8408408408408409,0.8757168695594331,0.161,,0.009,,0.0,,False,96.0,99.0,96.0,88.0,93.0,91.0,91.0,92.0,94.0,high,high,high,high,high,high,high,high,high,2026-06-28
hitter,SEA,CLE,Cole Young,702284,6.0,2B,Confirmed,3.74,,,,,0.55,0.28,,,,,0.5393197145026422,0.5698846881662848,0.27463554646907595,0.2807354034953704,0.5290322580645161,0.46813838151739495,0.023524690030998826,0.028811777304037257,,,0.5,0.33,0.32,1.45,0.03,0.69,0.17,0.01,0.0,0.255,0.6720588235294118,0.7082817578322551,0.169,,0.01,,0.0,,False,96.0,99.0,96.0,88.0,93.0,91.0,91.0,92.0,94.0,high,high,high,high,high,high,high,high,high,2026-06-28
hitter,SEA,CLE,Colt Emerson,806068,7.0,SS,Confirmed,3.19,,,,,0.84,0.31,,,,,0.8480096606754338,0.8323190708511214,0.3501445086999617,0.26289547692505705,0.4125159642401022,0.3721498878105267,0.02837911860337757,0.006909429047535382,,,0.39,0.28,0.23,1.16,0.02,0.53,0.15,0.01,0.0,0.264,0.5302013422818792,0.5303913634344115,0.153,,0.011,,0.0,,False,96.0,99.0,96.0,88.0,93.0,91.0,91.0,92.0,94.0,high,high,high,high,high,high,high,high,high,2026-06-28
hitter,SEA,CLE,Mitch Garver,641598,8.0,C,Confirmed,3.81,,,,,0.99,0.47,,,,,0.9962328230990946,0.978526700982235,0.48820068886975876,0.45403772900094364,0.6434108527131783,0.6098948207775565,0.03631718399228076,0.04032670956382735,,,0.62,0.31,0.25,1.25,0.04,0.84,0.16,0.01,0.0,0.249,0.8408408408408409,0.8370918328799625,0.163,,0.009,,0.0,,False,96.0,99.0,96.0,88.0,93.0,91.0,91.0,92.0,94.0,high,high,high,high,high,high,high,high,high,2026-06-28
hitter,SEA,CLE,Victor Robles,645302,9.0,RF,Confirmed,3.1,,,,,0.57,0.11,,,,,0.601266636828366,0.5299719946265999,0.11853585463786923,0.09268991149294699,0.7061469265367316,0.6213969726941744,0.07818647109574758,0.0639142709849895,,,0.66,0.27,0.23,1.17,0.07,1.04,0.15,0.01,0.0,0.257,1.1521739130434783,0.9518103129471887,0.152,,0.01,,0.0,,False,96.0,99.0,96.0,88.0,93.0,91.0,91.0,92.0,94.0,high,high,high,high,high,high,high,high,high,2026-06-28
hitter,TB,AZ,Yandy Díaz,650490,1.0,DH,Confirmed,4.51,,,,,0.57,0.46,,,,,0.5623302198932941,0.5751676530708071,0.45272575502977996,0.4756432999815032,1.1391752577319587,1.2383788574896744,0.3302216003305052,0.3500837224264566,,,1.19,0.58,0.39,2.07,0.34,2.3,0.18,0.01,0.0,0.331,2.25,2.346214096791076,0.182,,0.008,,0.0,,False,96.0,99.0,96.0,88.0,93.0,91.0,91.0,92.0,94.0,high,high,high,high,high,high,high,high,high,2026-06-28
hitter,TB,AZ,Jonathan Aranda,666018,2.0,1B,Confirmed,4.26,,,,,0.95,0.4,,,,,0.944131958385296,0.9585813274360854,0.3916531798527223,0.40628932050661126,1.0980834272829765,1.0217785061800433,0.2683301915813368,0.2677281806384463,,,1.06,0.52,0.35,1.86,0.27,1.99,0.18,0.01,0.0,0.316,2.057017543859649,1.9366843786719918,0.178,,0.011,,0.0,,False,96.0,99.0,96.0,88.0,93.0,91.0,91.0,92.0,94.0,high,high,high,high,high,high,high,high,high,2026-06-28
hitter,TB,AZ,Junior Caminero,691406,3.0,3B,Confirmed,4.51,,,,,0.81,0.43,,,,,0.846386423969766,0.7686093452725344,0.42765391399720387,0.4274291132398636,1.1391752577319587,1.2310840981936497,0.4411869162057197,0.371183111046384,,,1.19,0.59,0.47,2.16,0.41,2.6,0.25,0.01,0.0,0.338,2.552380952380952,2.6475509792168905,0.246,,0.009,,0.0,,False,96.0,99.0,96.0,88.0,93.0,91.0,91.0,92.0,94.0,high,high,high,high,high,high,high,high,high,2026-06-28
hitter,TB,AZ,Victor Mesa Jr.,683748,4.0,RF,Confirmed,3.33,,,,,0.71,0.33,,,,,0.7169052250377723,0.701683626682594,0.3500971180886283,0.31537938891784656,0.801980198019802,0.6525694908709669,0.15177063838080837,0.16686232746496069,,,0.72,0.38,0.28,1.36,0.16,1.38,0.14,0.01,0.0,0.3,1.4759615384615385,1.2940939176559398,0.138,,0.008,,0.0,,False,96.0,99.0,96.0,88.0,93.0,91.0,91.0,92.0,94.0,high,high,high,high,high,high,high,high,high,2026-06-28
hitter,TB,AZ,Chandler Simpson,802415,5.0,LF,Confirmed,4.18,,,,,0.38,0.24,,,,,0.3547368559998213,0.40009907746365986,0.2408267458394163,0.239170324625378,1.0980834272829765,1.1413061325878782,0.04646993666569357,0.04660728474769097,,,1.12,0.46,0.38,1.83,0.05,1.48,0.17,0.01,0.0,0.277,1.3893129770992367,1.5453519270422496,0.17,,0.015,,0.0,,False,96.0,99.0,96.0,88.0,93.0,91.0,91.0,92.0,94.0,high,high,high,high,high,high,high,high,high,2026-06-28
hitter,TB,AZ,Cedric Mullins,656775,6.0,CF,Confirmed,4.04,,,,,0.87,0.32,,,,,0.8276423023406888,0.9173768768707169,0.327955753511037,0.3213643814864465,0.8770949720670391,0.8754925006600569,0.2061072038121826,0.22969557377340674,,,0.88,0.36,0.32,1.48,0.22,1.78,0.15,0.01,0.0,0.265,1.9096602916314451,1.6683769270263706,0.154,,0.009,,0.0,,False,96.0,99.0,96.0,88.0,93.0,91.0,91.0,92.0,94.0,high,high,high,high,high,high,high,high,high,2026-06-28
hitter,TB,AZ,Ben Williamson,810938,7.0,2B,Confirmed,2.55,,,,,0.6,0.14,,,,,0.6245794718803442,0.5789190435169467,0.15465129025111707,0.11603273282915684,0.6434108527131783,0.4692031635415722,0.01881339290315762,0.00565265401401296,,,0.55,0.24,0.2,1.03,0.01,0.71,0.11,0.01,0.0,0.273,0.7899761336515513,0.6522467397058661,0.111,,0.009,,0.0,,False,96.0,99.0,96.0,88.0,93.0,91.0,91.0,92.0,94.0,high,high,high,high,high,high,high,high,high,2026-06-28
hitter,TB,AZ,Taylor Walls,670764,8.0,SS,Confirmed,3.58,,,,,0.8,0.3,,,,,0.8007997700795927,0.7909221171666873,0.3165306129975969,0.2855177962823758,0.8770949720670391,0.7780322735129468,0.08835407885402899,0.08420450611951757,,,0.82,0.34,0.27,1.39,0.09,1.24,0.13,0.01,0.0,0.282,1.3148148148148149,1.1763917969785926,0.129,,0.011,,0.0,,False,96.0,99.0,96.0,88.0,93.0,91.0,91.0,92.0,94.0,high,high,high,high,high,high,high,high,high,2026-06-28
hitter,TB,AZ,Nick Fortes,663743,9.0,C,Confirmed,3.58,,,,,0.48,0.19,,,,,0.45916877617207463,0.49722913289007536,0.193322087969548,0.19163441354084876,0.8694581280788177,0.8115271831773424,0.16537745852365215,0.1947317969194267,,,0.84,0.33,0.28,1.41,0.18,1.54,0.17,0.01,0.0,0.268,1.5956790123456794,1.4991910011762992,0.166,,0.008,,0.0,,False,96.0,99.0,96.0,88.0,93.0,91.0,91.0,92.0,94.0,high,high,high,high,high,high,high,high,high,2026-06-28
hitter,AZ,TB,Ketel Marte,606466,1.0,DH,Confirmed,4.18,,,,,0.54,0.27,,,,,0.5746811133429806,0.5151444640891417,0.2831120490323804,0.24861610844790547,0.994208494208494,0.9705231035683433,0.08796952410179584,0.07993023714317495,,,0.98,0.4,0.28,1.45,0.08,1.5,0.18,0.01,0.0,0.252,1.4759615384615385,1.5286366064656642,0.179,,0.01,,0.0,,False,96.0,99.0,96.0,88.0,93.0,91.0,91.0,92.0,94.0,high,high,high,high,high,high,high,high,high,2026-06-28
hitter,AZ,TB,Geraldo Perdomo,672695,2.0,SS,Confirmed,4.14,,,,,0.44,0.29,,,,,0.48890352993607433,0.3885556832785602,0.290431543670415,0.28848277756400875,0.8770949720670391,0.8818082859011236,0.060222241164586944,0.058271442847084236,,,0.88,0.42,0.27,1.46,0.06,1.28,0.16,0.01,0.0,0.275,1.3148148148148149,1.2487750873327579,0.158,,0.01,,0.0,,False,96.0,99.0,96.0,88.0,93.0,91.0,91.0,92.0,94.0,high,high,high,high,high,high,high,high,high,2026-06-28
hitter,AZ,TB,Corbin Carroll,682998,3.0,RF,Confirmed,4.18,,,,,0.85,0.3,,,,,0.8144656039584275,0.8831854338776662,0.31637528364603995,0.2825396513412699,0.8949771689497716,0.8933719877641229,0.08938176827810035,0.08694176622627939,,,0.89,0.41,0.32,1.5,0.09,1.48,0.16,0.02,0.0,0.255,1.4759615384615385,1.4820448506880806,0.156,,0.017,,0.0,,False,96.0,99.0,96.0,88.0,93.0,91.0,91.0,92.0,94.0,high,high,high,high,high,high,high,high,high,2026-06-28
hitter,AZ,TB,Adrian Del Castillo,680728,4.0,C,Confirmed,3.02,,,,,0.78,0.15,,,,,0.7851775846383527,0.7763880290188585,0.169079818116606,0.13699600500840942,0.4803149606299212,0.45020928922228876,0.06967649322722153,0.04632028364869384,,,0.46,0.23,0.17,0.81,0.06,0.77,0.1,0.01,0.0,0.201,0.8462819478620833,0.7047575596696233,0.105,,0.009,,0.0,,False,96.0,99.0,96.0,88.0,93.0,91.0,91.0,92.0,94.0,high,high,high,high,high,high,high,high,high,2026-06-28
hitter,AZ,TB,Lourdes Gurriel Jr.,666971,5.0,LF,Confirmed,3.96,,,,,0.47,0.09,,,,,0.4863021491865188,0.44491634758618903,0.0965832798326009,0.07407945113529406,1.0,0.9694380590184317,0.12273172885440922,0.12537715845122382,,,0.98,0.37,0.31,1.45,0.12,1.55,0.15,0.01,0.0,0.238,1.5956790123456794,1.517393842728149,0.149,,0.012,,0.0,,False,96.0,99.0,96.0,88.0,93.0,91.0,91.0,92.0,94.0,high,high,high,high,high,high,high,high,high,2026-06-28
hitter,AZ,TB,Pavin Smith,656976,6.0,1B,Confirmed,3.1,,,,,0.7,0.13,,,,,0.7054303449527642,0.6885066559401076,0.13705952002581578,0.12124910609068093,0.6434108527131783,0.4911470656061671,0.0821611030399968,0.06485181624410444,,,0.56,0.22,0.17,0.81,0.07,0.95,0.11,0.01,0.0,0.23,1.001763668430335,0.9076672414263716,0.113,,0.007,,0.0,,False,96.0,99.0,96.0,88.0,93.0,91.0,91.0,92.0,94.0,high,high,high,high,high,high,high,high,high,2026-06-28
hitter,AZ,TB,Nolan Arenado,571448,7.0,3B,Confirmed,3.81,,,,,0.5,0.2,,,,,0.5341199997857575,0.4683012018637523,0.20300493179016885,0.1993383346357147,0.8694581280788177,0.8126014319761592,0.06587072723098311,0.08227793414182741,,,0.84,0.31,0.25,1.26,0.07,1.23,0.15,0.01,0.0,0.241,1.239368165249089,1.2185359650402785,0.154,,0.009,,0.0,,False,96.0,99.0,96.0,88.0,93.0,91.0,91.0,92.0,94.0,high,high,high,high,high,high,high,high,high,2026-06-28
hitter,AZ,TB,Ildemaro Vargas,545121,8.0,2B,Confirmed,2.55,,,,,0.32,0.03,,,,,0.32908621859817366,0.3022735720642668,0.05763904785320361,0.0,0.7061469265367316,0.5549133419479194,0.08712043383911941,0.06352130049947305,,,0.62,0.18,0.15,0.74,0.08,0.99,0.12,0.01,0.0,0.209,1.1238670694864048,0.8848182331279761,0.125,,0.009,,0.0,,False,96.0,99.0,96.0,88.0,93.0,91.0,91.0,92.0,94.0,high,high,high,high,high,high,high,high,high,2026-06-28
hitter,AZ,TB,Tommy Troy,694371,9.0,CF,Confirmed,3.49,,,,,0.62,0.18,,,,,0.6465067827149323,0.6013726051711521,0.18542369199418718,0.16758305828473255,0.7715355805243446,0.6430821557391891,0.054406768827287885,0.05399374336373687,,,0.7,0.29,0.22,1.15,0.05,1.05,0.12,0.01,0.0,0.245,1.1238670694864048,0.9908592806142482,0.119,,0.008,,0.0,,False,96.0,99.0,96.0,88.0,93.0,91.0,91.0,92.0,94.0,high,high,high,high,high,high,high,high,high,2026-06-28
hitter,NYM,PHI,Carson Benge,701807,1.0,RF,Confirmed,4.25,,,,,0.86,0.3,,,,,0.8594503914096558,0.8688340790334192,0.3099635105435963,0.2908135294251787,0.8694581280788177,0.9271460145089004,0.10758584103007618,0.10638061851339405,,,0.9,0.42,0.28,1.5,0.11,1.25,0.15,0.01,0.0,0.257,1.3148148148148149,1.1977463794402985,0.152,,0.009,,0.0,,False,96.0,99.0,96.0,88.0,93.0,91.0,91.0,92.0,94.0,high,high,high,high,high,high,high,high,high,2026-06-28
hitter,NYM,PHI,Juan Soto,665742,2.0,LF,Confirmed,4.45,,,,,0.8,0.35,,,,,0.8065441605940503,0.7947934374072018,0.3779705095652325,0.32669352469963775,0.8949771689497716,0.9658521551695449,0.14643507379866041,0.16940700447643012,,,0.93,0.48,0.3,1.58,0.16,1.64,0.14,0.01,0.0,0.289,1.5956790123456794,1.674781509983563,0.144,,0.007,,0.0,,False,96.0,99.0,96.0,88.0,93.0,91.0,91.0,92.0,94.0,high,high,high,high,high,high,high,high,high,2026-06-28
hitter,NYM,PHI,Bo Bichette,666182,3.0,SS,Confirmed,4.45,,,,,0.69,0.24,,,,,0.7243928193080565,0.6465522960688856,0.2361783450060122,0.2392317877433568,1.0,1.004296523601451,0.08475028366576517,0.07358499902226955,,,1.0,0.43,0.35,1.64,0.08,1.37,0.15,0.01,0.0,0.244,1.3893129770992367,1.362120853451792,0.148,,0.009,,0.0,,False,96.0,99.0,96.0,88.0,93.0,91.0,91.0,92.0,94.0,high,high,high,high,high,high,high,high,high,2026-06-28
hitter,NYM,PHI,Eric Wagaman,676572,4.0,1B,Confirmed,1.92,,,,,0.53,0.11,,,,,0.6195592634162899,0.4375887801886018,0.13178311264554693,0.0826601678974083,0.3344051446945337,0.2529211829279462,0.046654274312227406,0.025051790438351377,,,0.29,0.18,0.15,0.69,0.04,0.44,0.1,0.01,0.0,0.255,0.4891185425305615,0.40721810386498775,0.103,,0.007,,0.0,,False,96.0,99.0,96.0,88.0,93.0,91.0,91.0,92.0,94.0,high,high,high,high,high,high,high,high,high,2026-06-28
hitter,NYM,PHI,Francisco Alvarez,682626,5.0,DH,Confirmed,3.89,,,,,0.98,0.22,,,,,0.950160270918463,1.0056839363833576,0.22104260793064887,0.22232380173600566,0.707983193277311,0.6703462077285602,0.09696132918410702,0.09886160809445202,,,0.69,0.36,0.29,1.35,0.1,1.0,0.12,0.01,0.0,0.239,1.001763668430335,0.9916553710208632,0.118,,0.008,,0.0,,False,96.0,99.0,96.0,88.0,93.0,91.0,91.0,92.0,94.0,high,high,high,high,high,high,high,high,high,2026-06-28
hitter,NYM,PHI,Mark Vientos,668901,6.0,3B,Confirmed,3.89,,,,,0.95,0.23,,,,,0.925654937998054,0.9819287000190057,0.21965809563581606,0.2372353159762313,0.801980198019802,0.7670858490043175,0.150774707875068,0.11268737547263201,,,0.78,0.32,0.3,1.32,0.13,1.14,0.15,0.01,0.0,0.24,1.1238670694864048,1.1457895247991783,0.153,,0.008,,0.0,,False,96.0,99.0,96.0,88.0,93.0,91.0,91.0,92.0,94.0,high,high,high,high,high,high,high,high,high,2026-06-28
hitter,NYM,PHI,Tyrone Taylor,621438,7.0,CF,Confirmed,2.07,,,,,0.67,0.05,,,,,0.7256277817037657,0.6217445313019305,0.06638638334500446,0.02815759435147285,0.4125159642401022,0.31552056481551577,0.04727026472276142,0.03134438175032153,,,0.36,0.15,0.12,0.6,0.04,0.56,0.08,0.01,0.0,0.213,0.6720588235294118,0.46860971237944843,0.083,,0.007,,0.0,,False,96.0,99.0,96.0,88.0,93.0,91.0,91.0,92.0,94.0,high,high,high,high,high,high,high,high,high,2026-06-28
hitter,NYM,PHI,Brett Baty,683146,8.0,2B,Confirmed,3.19,,,,,0.84,0.17,,,,,0.8532684702725818,0.8243536164892006,0.16764269046912814,0.16880939954463547,0.5290322580645161,0.5037340595308413,0.0815072472468765,0.06835287422652932,,,0.52,0.24,0.19,0.97,0.07,0.76,0.12,0.01,0.0,0.229,0.7899761336515513,0.7412847001171627,0.118,,0.007,,0.0,,False,96.0,99.0,96.0,88.0,93.0,91.0,91.0,92.0,94.0,high,high,high,high,high,high,high,high,high,2026-06-28
hitter,NYM,PHI,Luis Torrens,620443,9.0,C,Confirmed,3.33,,,,,0.73,0.11,,,,,0.7038968613735117,0.7541915376162059,0.12067057355593379,0.09294747389108726,0.4125159642401022,0.4679168414491257,0.018071238697746562,0.020695321177355674,,,0.44,0.23,0.19,0.94,0.02,0.63,0.12,0.01,0.0,0.205,0.6720588235294118,0.5866228698833748,0.118,,0.007,,0.0,,False,96.0,99.0,96.0,88.0,93.0,91.0,91.0,92.0,94.0,high,high,high,high,high,high,high,high,high,2026-06-28
hitter,PHI,NYM,Trea Turner,607208,1.0,SS,Confirmed,4.39,,,,,1.13,0.33,,,,,1.1687850493964493,1.0974643783882612,0.32433087214178646,0.3310659740200499,0.994208494208494,0.9403889756864583,0.17556716491967828,0.15764800967185383,,,0.96,0.56,0.45,2.0,0.17,1.58,0.15,0.01,0.0,0.312,1.5956790123456794,1.5712163660149094,0.155,,0.009,,0.0,,False,82.0,86.0,82.0,74.0,79.0,77.0,77.0,78.0,80.0,high,high,high,medium,medium,medium,medium,medium,high,2026-06-28
hitter,PHI,NYM,Kyle Schwarber,656941,2.0,DH,Confirmed,4.57,,,,,1.75,0.8,,,,,1.7754425533922802,1.7315536149000559,0.769324297288662,0.8313258732418582,0.8694581280788177,0.8554829564171992,0.34606400963469336,0.3477754580552812,,,0.86,0.69,0.53,2.09,0.35,2.07,0.14,0.01,0.0,0.384,2.057017543859649,2.080560384978997,0.142,,0.009,,0.0,,False,82.0,86.0,82.0,74.0,79.0,77.0,77.0,78.0,80.0,high,high,high,medium,medium,medium,medium,medium,high,2026-06-28
hitter,PHI,NYM,Bryce Harper,547180,3.0,1B,Confirmed,4.51,,,,,1.3,0.65,,,,,1.3137054998868483,1.292541372781937,0.637193326988177,0.6619757673400731,0.8694581280788177,0.9195217371407628,0.2048132964154963,0.2258211026768496,,,0.9,0.59,0.49,1.94,0.22,1.6,0.11,0.01,0.0,0.33,1.684375,1.5279714542840404,0.108,,0.008,,0.0,,False,82.0,86.0,82.0,74.0,79.0,77.0,77.0,78.0,80.0,high,high,high,medium,medium,medium,medium,medium,high,2026-06-28
hitter,PHI,NYM,Alec Bohm,664761,4.0,3B,Confirmed,3.48,,,,,0.73,0.16,,,,,0.6934083135596244,0.7717208833743836,0.17526104031018677,0.14761363489596502,0.707983193277311,0.6880134952937285,0.03371924314295395,0.03174703407379581,,,0.7,0.33,0.29,1.33,0.03,0.93,0.15,0.01,0.0,0.242,0.9875776397515532,0.890245808668807,0.145,,0.008,,0.0,,False,82.0,86.0,82.0,74.0,79.0,77.0,77.0,78.0,80.0,high,high,high,medium,medium,medium,medium,medium,high,2026-06-28
hitter,PHI,NYM,Brandon Marsh,669016,5.0,LF,Confirmed,4.18,,,,,1.45,0.41,,,,,1.43731472429866,1.4530285513857772,0.43030914224934447,0.38963035986879563,0.801980198019802,0.8140205600166283,0.13150242821469502,0.12831343406824472,,,0.81,0.48,0.4,1.68,0.13,1.27,0.13,0.01,0.0,0.29,1.239368165249089,1.292422237792118,0.133,,0.007,,0.0,,False,82.0,86.0,82.0,74.0,79.0,77.0,77.0,78.0,80.0,high,high,high,medium,medium,medium,medium,medium,high,2026-06-28
hitter,PHI,NYM,J.T. Realmuto,592663,6.0,C,Confirmed,4.04,,,,,1.09,0.21,,,,,1.0189779410629136,1.1572566486604057,0.21621687496185443,0.20403352749534362,0.8770949720670391,0.8771575934125936,0.04316855732366221,0.05121665996656147,,,0.88,0.36,0.36,1.6,0.05,1.22,0.15,0.01,0.0,0.256,1.239368165249089,1.2131925347332608,0.152,,0.008,,0.0,,False,82.0,86.0,82.0,74.0,79.0,77.0,77.0,78.0,80.0,high,high,high,medium,medium,medium,medium,medium,high,2026-06-28
hitter,PHI,NYM,Bryson Stott,681082,7.0,2B,Confirmed,4.18,,,,,0.92,0.43,,,,,0.8701317116739835,0.9713624336248087,0.44191442595617636,0.4274102208030459,0.7715355805243446,0.753166148780369,0.11225053658644474,0.12896530656928287,,,0.76,0.4,0.33,1.5,0.12,1.21,0.14,0.01,0.0,0.28,1.239368165249089,1.1849502794529767,0.137,,0.008,,0.0,,False,82.0,86.0,82.0,74.0,79.0,77.0,77.0,78.0,80.0,high,high,high,medium,medium,medium,medium,medium,high,2026-06-28
hitter,PHI,NYM,Derek Hill,656537,8.0,RF,Confirmed,3.33,,,,,1.25,0.14,,,,,1.2120969629815739,1.280492441881964,0.14989236038320541,0.1221078848376241,0.5290322580645161,0.4366509339175632,0.034004249598829916,0.04384973419354358,,,0.48,0.23,0.19,0.95,0.04,0.81,0.13,0.01,0.0,0.198,0.7899761336515513,0.8340940574116058,0.131,,0.007,,0.0,,False,82.0,86.0,82.0,74.0,79.0,77.0,77.0,78.0,80.0,high,high,high,medium,medium,medium,medium,medium,high,2026-06-28
hitter,PHI,NYM,Justin Crawford,702222,9.0,CF,Confirmed,3.1,,,,,0.98,0.19,,,,,0.9651961412050377,1.000624373909349,0.2136901311932359,0.1703363057096943,0.5290322580645161,0.5086946952447838,0.07413632055446501,0.06341670177357159,,,0.52,0.26,0.22,1.01,0.07,0.84,0.12,0.01,0.0,0.242,0.8408408408408409,0.8325139466905759,0.117,,0.008,,0.0,,False,82.0,86.0,82.0,74.0,79.0,77.0,77.0,78.0,80.0,high,high,high,medium,medium,medium,medium,medium,high,2026-06-28
hitter,MIN,COL,Trevor Larnach,663616,1.0,LF,Confirmed,3.74,,,,,0.45,0.14,,,,,0.39549569302860244,0.505380927778516,0.13045435790693677,0.14345905414357335,0.994208494208494,0.8558921318286585,0.03917764478985942,0.04793791300593465,,,0.92,0.35,0.21,1.14,0.04,1.26,0.13,0.01,0.0,0.255,1.3148148148148149,1.2096127763790283,0.13,,0.009,,0.0,,False,96.0,99.0,96.0,88.0,93.0,91.0,91.0,92.0,94.0,high,high,high,high,high,high,high,high,high,2026-06-28
hitter,MIN,COL,Byron Buxton,621439,2.0,DH,Confirmed,4.25,,,,,0.62,0.15,,,,,0.5285514339956067,0.7172442261109858,0.13965425166060047,0.16640666141769864,1.0980834272829765,1.090702635188522,0.08218068881134327,0.08034450188639676,,,1.09,0.45,0.3,1.53,0.08,1.61,0.14,0.01,0.0,0.283,1.5956790123456794,1.6235430794647168,0.143,,0.015,,0.0,,False,96.0,99.0,96.0,88.0,93.0,91.0,91.0,92.0,94.0,high,high,high,high,high,high,high,high,high,2026-06-28
hitter,MIN,COL,Kody Clemens,665019,3.0,2B,Confirmed,3.96,,,,,0.58,0.11,,,,,0.46408821866145855,0.6882943258588657,0.11070158316362015,0.10980475142395826,1.0,0.9813051943225954,0.049494499573533385,0.055812175548796125,,,0.99,0.37,0.28,1.32,0.05,1.34,0.13,0.01,0.0,0.252,1.3893129770992367,1.3086587670923933,0.135,,0.011,,0.0,,False,96.0,99.0,96.0,88.0,93.0,91.0,91.0,92.0,94.0,high,high,high,high,high,high,high,high,high,2026-06-28
hitter,MIN,COL,Royce Lewis,668904,4.0,1B,Confirmed,4.14,,,,,0.6,0.08,,,,,0.5008495187228171,0.6962845155037359,0.09709494390040013,0.06861899914775876,1.0,0.9832092617247025,0.055086429570333884,0.059599515371556236,,,0.99,0.38,0.3,1.39,0.06,1.42,0.13,0.01,0.0,0.239,1.3893129770992367,1.4371624163429164,0.131,,0.007,,0.0,,False,96.0,99.0,96.0,88.0,93.0,91.0,91.0,92.0,94.0,high,high,high,high,high,high,high,high,high,2026-06-28
hitter,MIN,COL,Brooks Lee,686797,5.0,3B,Confirmed,3.96,,,,,0.38,0.12,,,,,0.35164706971193394,0.39869131761617754,0.11797061121585897,0.11664751507059597,1.0980834272829765,1.0638407933903187,0.042432406813564034,0.03706672330275534,,,1.08,0.39,0.29,1.39,0.04,1.34,0.13,0.01,0.0,0.261,1.3893129770992367,1.3010541938511,0.126,,0.012,,0.0,,False,96.0,99.0,96.0,88.0,93.0,91.0,91.0,92.0,94.0,high,high,high,high,high,high,high,high,high,2026-06-28
hitter,MIN,COL,Luke Keaschall,807712,6.0,RF,Confirmed,3.54,,,,,0.3,0.12,,,,,0.32842014757127325,0.28126382728985566,0.11603406452810655,0.12003779461466603,0.8949771689497716,0.8981951357463184,0.023587231562707915,0.011840883673265636,,,0.9,0.3,0.25,1.2,0.02,1.15,0.12,0.01,0.0,0.257,1.239368165249089,1.0840868561863537,0.121,,0.007,,0.0,,False,96.0,99.0,96.0,88.0,93.0,91.0,91.0,92.0,94.0,high,high,high,high,high,high,high,high,high,2026-06-28
hitter,MIN,COL,Ryan Kreidler,668952,7.0,SS,Confirmed,3.1,,,,,0.54,0.17,,,,,0.4825038908190824,0.604406583157135,0.18404731852173556,0.15224655492681907,0.8694581280788177,0.6110057133190049,0.16682956378910194,0.11479060342921484,,,0.73,0.21,0.16,0.78,0.14,1.24,0.09,0.01,0.0,0.209,1.3148148148148149,1.1792009106845136,0.085,,0.01,,0.0,,False,96.0,99.0,96.0,88.0,93.0,91.0,91.0,92.0,94.0,high,high,high,high,high,high,high,high,high,2026-06-28
hitter,MIN,COL,Austin Martin,668885,8.0,LF,Confirmed,3.33,,,,,0.43,0.17,,,,,0.39134356360051226,0.4628129609243519,0.17721266515983705,0.16604566173880686,0.7715355805243446,0.7453960156651228,0.021430169476307714,0.008241955179304332,,,0.76,0.26,0.19,0.98,0.01,0.94,0.09,0.01,0.0,0.243,1.001763668430335,0.8951271502257607,0.09,,0.007,,0.0,,False,96.0,99.0,96.0,88.0,93.0,91.0,91.0,92.0,94.0,high,high,high,high,high,high,high,high,high,2026-06-28
hitter,MIN,COL,Alex Jackson,656577,9.0,C,Confirmed,3.1,,,,,0.84,0.11,,,,,0.8476576938536715,0.8313934976834393,0.10627555026395435,0.10443072375267501,0.4803149606299212,0.4533073707792825,0.029467309098382147,0.019956592525461156,,,0.47,0.22,0.16,0.79,0.02,0.68,0.12,0.01,0.0,0.225,0.6720588235294118,0.6903329636759963,0.121,,0.007,,0.0,,False,96.0,99.0,96.0,88.0,93.0,91.0,91.0,92.0,94.0,high,high,high,high,high,high,high,high,high,2026-06-28
hitter,COL,MIN,Willi Castro,650489,1.0,2B,Confirmed,4.51,,,,,0.68,0.16,,,,,0.5746301432153205,0.7931535782959395,0.15306497048342574,0.1696653094309386,1.0980834272829765,1.1455657415479468,0.2055071923146293,0.2126651185245916,,,1.12,0.54,0.4,1.94,0.21,1.91,0.21,0.01,0.0,0.308,1.914285714285714,1.9130313968192996,0.214,,0.014,,0.0,,False,96.0,99.0,96.0,88.0,93.0,91.0,91.0,92.0,94.0,high,high,high,high,high,high,high,high,high,2026-06-28
hitter,COL,MIN,Tyler Freeman,671289,2.0,RF,Confirmed,4.45,,,,,0.28,0.12,,,,,0.30144727015806005,0.26372411299629533,0.1297389289279848,0.11439648138761536,1.1391752577319587,1.255556775637539,0.08669892204914578,0.10421713861805108,,,1.2,0.51,0.39,2.0,0.1,1.84,0.18,0.01,0.0,0.287,1.914285714285714,1.7859101420968273,0.184,,0.012,,0.0,,False,96.0,99.0,96.0,88.0,93.0,91.0,91.0,92.0,94.0,high,high,high,high,high,high,high,high,high,2026-06-28
hitter,COL,MIN,Hunter Goodman,696100,3.0,DH,Confirmed,4.57,,,,,0.83,0.16,,,,,0.7607144623467034,0.8924067318694747,0.1580956016171222,0.16329132366305688,1.1391752577319587,1.251392568485166,0.4334641285452693,0.42787800920101055,,,1.2,0.66,0.61,2.36,0.43,2.56,0.25,0.01,0.0,0.357,2.6,2.534659144163236,0.249,,0.012,,0.0,,False,96.0,99.0,96.0,88.0,93.0,91.0,91.0,92.0,94.0,high,high,high,high,high,high,high,high,high,2026-06-28
hitter,COL,MIN,TJ Rumfield,681198,4.0,1B,Confirmed,4.61,,,,,0.43,0.19,,,,,0.4358537195080565,0.4319521575748593,0.18112710022081885,0.20878702798593227,1.1391752577319587,1.2480508897982097,0.188898869288571,0.23399166471785546,,,1.2,0.57,0.47,2.14,0.21,2.12,0.22,0.01,0.0,0.32,2.057017543859649,2.163076743801645,0.221,,0.014,,0.0,,False,96.0,99.0,96.0,88.0,93.0,91.0,91.0,92.0,94.0,high,high,high,high,high,high,high,high,high,2026-06-28
hitter,COL,MIN,Cole Carrigg,694249,5.0,CF,Confirmed,4.61,,,,,0.68,0.23,,,,,0.6091057535980046,0.7593495099562069,0.26582713301546324,0.20134076828830036,1.0980834272829765,1.2436774607179795,0.2030664233022055,0.26823918898689736,,,1.18,0.58,0.47,2.15,0.24,2.13,0.2,0.02,0.0,0.328,2.057017543859649,2.187761025186508,0.202,,0.021,,0.0,,False,96.0,99.0,96.0,88.0,93.0,91.0,91.0,92.0,94.0,high,high,high,high,high,high,high,high,high,2026-06-28
hitter,COL,MIN,Kyle Karros,691720,6.0,3B,Confirmed,4.25,,,,,0.65,0.14,,,,,0.5553794305664984,0.7542402043181393,0.13035750150532638,0.1408090776786739,0.994208494208494,1.0275273793263544,0.13770365206513718,0.15508026445756326,,,1.01,0.43,0.43,1.86,0.15,1.71,0.17,0.01,0.0,0.29,1.684375,1.7236700029089334,0.17,,0.011,,0.0,,False,96.0,99.0,96.0,88.0,93.0,91.0,91.0,92.0,94.0,high,high,high,high,high,high,high,high,high,2026-06-28
hitter,COL,MIN,Troy Johnston,687859,7.0,LF,Confirmed,3.58,,,,,0.42,0.09,,,,,0.4136710819754451,0.4163294507593552,0.10499936672524578,0.083295400932682,0.994208494208494,0.8541232928255317,0.11706845069056077,0.1331773209555246,,,0.92,0.38,0.33,1.57,0.13,1.42,0.16,0.01,0.0,0.301,1.4759615384615385,1.3816642195835753,0.158,,0.011,,0.0,,False,96.0,99.0,96.0,88.0,93.0,91.0,91.0,92.0,94.0,high,high,high,high,high,high,high,high,high,2026-06-28
hitter,COL,MIN,Braxton Fulford,690924,8.0,C,Confirmed,1.84,,,,,0.89,0.07,,,,,0.9891852349619853,0.7893523192410293,0.09623578302384488,0.04835780302992538,0.35424354243542433,0.23336162840098235,0.0180411754669653,0.00718622776534904,,,0.29,0.2,0.17,0.78,0.01,0.35,0.09,0.01,0.0,0.308,0.44025157232704404,0.27740709162426785,0.087,,0.008,,0.0,,False,96.0,99.0,96.0,88.0,93.0,91.0,91.0,92.0,94.0,high,high,high,high,high,high,high,high,high,2026-06-28
hitter,COL,MIN,Ezequiel Tovar,678662,9.0,SS,Confirmed,4.25,,,,,0.69,0.14,,,,,0.6307816414242968,0.7457892859500376,0.1198578540067272,0.15088003466084834,1.0,1.0654683547117825,0.260077752682483,0.2837958893673622,,,1.04,0.43,0.39,1.72,0.27,1.9,0.18,0.01,0.0,0.285,1.914285714285714,1.8828395730041534,0.176,,0.009,,0.0,,False,96.0,99.0,96.0,88.0,93.0,91.0,91.0,92.0,94.0,high,high,high,high,high,high,high,high,high,2026-06-28
hitter,CWS,KC,Sam Antonacci,803011,1.0,LF,Confirmed,4.25,,,,,0.71,0.19,,,,,0.6653547488382211,0.7607216676934193,0.18955790469462316,0.19661423736747718,0.8694581280788177,0.9383541259403057,0.033119768696002916,0.038876433908143215,,,0.91,0.41,0.26,1.38,0.04,1.13,0.14,0.01,0.0,0.261,1.1238670694864048,1.1425217725756287,0.143,,0.011,,0.0,,False,96.0,99.0,96.0,88.0,93.0,91.0,91.0,92.0,94.0,high,high,high,high,high,high,high,high,high,2026-06-28
hitter,CWS,KC,Miguel Vargas,678246,2.0,3B,Confirmed,4.18,,,,,0.82,0.21,,,,,0.7948358208209555,0.8402279945669968,0.20787823198127064,0.2073927633779646,0.7715355805243446,0.7954457716625724,0.033141162869223056,0.045175378340925956,,,0.78,0.43,0.28,1.41,0.04,1.08,0.13,0.01,0.0,0.276,1.1238670694864048,1.0441576964430754,0.131,,0.008,,0.0,,False,96.0,99.0,96.0,88.0,93.0,91.0,91.0,92.0,94.0,high,high,high,high,high,high,high,high,high,2026-06-28
hitter,CWS,KC,Kyle Teel,691019,3.0,C,Confirmed,3.96,,,,,1.05,0.17,,,,,1.0088241584461364,1.099585630284822,0.18436136226851613,0.16464489924295125,0.7061469265367316,0.6842883729925341,0.023940178234896522,0.009237978456588842,,,0.69,0.34,0.23,1.1,0.02,0.85,0.1,0.01,0.0,0.239,0.8408408408408409,0.8521446524899636,0.104,,0.007,,0.0,,False,96.0,99.0,96.0,88.0,93.0,91.0,91.0,92.0,94.0,high,high,high,high,high,high,high,high,high,2026-06-28
hitter,CWS,KC,Andrew Benintendi,643217,4.0,DH,Confirmed,3.1,,,,,0.74,0.14,,,,,0.7622272531966693,0.7085970730121258,0.15079531342250066,0.1295434709935391,0.5290322580645161,0.4968230133881653,0.03363097788193492,0.02730009734275247,,,0.51,0.27,0.19,0.87,0.03,0.73,0.1,0.01,0.0,0.241,0.7899761336515513,0.679616795906316,0.105,,0.007,,0.0,,False,96.0,99.0,96.0,88.0,93.0,91.0,91.0,92.0,94.0,high,high,high,high,high,high,high,high,high,2026-06-28
hitter,CWS,KC,Colson Montgomery,695657,5.0,SS,Confirmed,4.25,,,,,1.35,0.24,,,,,1.3230235755288153,1.3801964818539667,0.23502670899786557,0.2487726979209727,0.801980198019802,0.7501060285352045,0.0625495996763737,0.09166406544098668,,,0.77,0.46,0.35,1.52,0.08,1.23,0.16,0.01,0.0,0.294,1.239368165249089,1.215245214823358,0.159,,0.009,,0.0,,False,96.0,99.0,96.0,88.0,93.0,91.0,91.0,92.0,94.0,high,high,high,high,high,high,high,high,high,2026-06-28
hitter,CWS,KC,Chase Meidroth,805367,6.0,2B,Confirmed,4.25,,,,,0.83,0.18,,,,,0.7890462363701417,0.8737855274227064,0.19628921120161993,0.16665012029496976,0.994208494208494,0.9123059047913218,0.022962475955924724,0.02612524627056985,,,0.95,0.39,0.32,1.52,0.02,1.15,0.15,0.01,0.0,0.281,1.1521739130434783,1.1427571327561794,0.147,,0.008,,0.0,,False,96.0,99.0,96.0,88.0,93.0,91.0,91.0,92.0,94.0,high,high,high,high,high,high,high,high,high,2026-06-28
hitter,CWS,KC,Braden Montgomery,695731,7.0,RF,Confirmed,4.18,,,,,1.13,0.2,,,,,1.1429261199973964,1.1130415306032466,0.20129891393490762,0.19962864194834548,0.8694581280788177,0.8859424314585581,0.03553383933172749,0.03899524434269103,,,0.88,0.37,0.27,1.35,0.04,1.14,0.15,0.01,0.0,0.274,1.1521739130434783,1.1351480630998962,0.146,,0.009,,0.0,,False,96.0,99.0,96.0,88.0,93.0,91.0,91.0,92.0,94.0,high,high,high,high,high,high,high,high,high,2026-06-28
hitter,CWS,KC,Tristan Peters,671976,8.0,CF,Confirmed,3.32,,,,,0.66,0.12,,,,,0.6576034809561063,0.6720326646243643,0.12852753954033075,0.11990121016781549,0.5846774193548387,0.5244875510423623,0.020536848786870107,0.020658111874388693,,,0.55,0.25,0.18,0.9,0.02,0.75,0.11,0.01,0.0,0.231,0.7899761336515513,0.7200269307734848,0.108,,0.008,,0.0,,False,96.0,99.0,96.0,88.0,93.0,91.0,91.0,92.0,94.0,high,high,high,high,high,high,high,high,high,2026-06-28
hitter,CWS,KC,Jacob Gonzalez,694378,9.0,1B,Confirmed,3.02,,,,,0.82,0.11,,,,,0.7704865720150124,0.8696207173515443,0.12464529182934471,0.08592884660386332,0.5290322580645161,0.4377188802891531,0.02141093842356888,0.023339928693678715,,,0.48,0.21,0.15,0.78,0.02,0.64,0.11,0.01,0.0,0.223,0.6720588235294118,0.610589112691232,0.106,,0.007,,0.0,,False,96.0,99.0,96.0,88.0,93.0,91.0,91.0,92.0,94.0,high,high,high,high,high,high,high,high,high,2026-06-28
hitter,KC,CWS,Lane Thomas,657041,1.0,CF,Confirmed,3.81,,,,,0.79,0.33,,,,,0.7430396343297827,0.833741913193911,0.31057749859440664,0.3414726430406765,0.707983193277311,0.6221819397432042,0.029359943732147672,0.03680974679727189,,,0.66,0.28,0.18,0.94,0.03,0.95,0.1,0.01,0.0,0.204,1.001763668430335,0.915363148724576,0.096,,0.008,,0.0,,False,96.0,99.0,96.0,88.0,93.0,91.0,91.0,92.0,94.0,high,high,high,high,high,high,high,high,high,2026-06-28
hitter,KC,CWS,Bobby Witt Jr.,677951,2.0,SS,Confirmed,4.04,,,,,0.64,0.27,,,,,0.6500081067645682,0.6359291752021752,0.2865556098017463,0.25410830223542424,0.8888888888888888,0.8263379551540949,0.04739353772674237,0.05367508800537018,,,0.85,0.35,0.24,1.24,0.05,1.19,0.11,0.01,0.0,0.231,1.239368165249089,1.1585277230676938,0.114,,0.009,,0.0,,False,96.0,99.0,96.0,88.0,93.0,91.0,91.0,92.0,94.0,high,high,high,high,high,high,high,high,high,2026-06-28
hitter,KC,CWS,Carter Jensen,695600,3.0,C,Confirmed,4.18,,,,,0.87,0.31,,,,,0.826543810398864,0.9091953360587712,0.32451651971053186,0.299289041830039,0.8694581280788177,0.8308692535687796,0.05508234864878216,0.052794854074749445,,,0.85,0.34,0.25,1.17,0.05,1.2,0.1,0.01,0.0,0.219,1.239368165249089,1.1705108406599791,0.099,,0.01,,0.0,,False,96.0,99.0,96.0,88.0,93.0,91.0,91.0,92.0,94.0,high,high,high,high,high,high,high,high,high,2026-06-28
hitter,KC,CWS,Starling Marte,516782,4.0,DH,Confirmed,3.33,,,,,0.71,0.17,,,,,0.6920406257131839,0.7280825280075126,0.1758999157907378,0.15754440238244694,0.7061469265367316,0.6153212041838958,0.027778311475302412,0.024281635411798227,,,0.66,0.25,0.2,0.93,0.03,0.91,0.11,0.01,0.0,0.196,0.9875776397515532,0.8511701087237519,0.105,,0.008,,0.0,,False,96.0,99.0,96.0,88.0,93.0,91.0,91.0,92.0,94.0,high,high,high,high,high,high,high,high,high,2026-06-28
hitter,KC,CWS,Salvador Perez,521692,5.0,1B,Confirmed,4.04,,,,,0.65,0.14,,,,,0.6242484516863874,0.6723544394091724,0.140380579008401,0.14819793476146004,0.8888888888888888,0.8516787079150542,0.053912920962368334,0.06506705970630622,,,0.87,0.35,0.3,1.35,0.06,1.3,0.12,0.01,0.0,0.216,1.3148148148148149,1.281209897867124,0.116,,0.009,,0.0,,False,96.0,99.0,96.0,88.0,93.0,91.0,91.0,92.0,94.0,high,high,high,high,high,high,high,high,high,2026-06-28
hitter,KC,CWS,Michael Massey,686681,6.0,2B,Confirmed,3.81,,,,,0.5,0.16,,,,,0.5084760589575447,0.49621697111154633,0.1458280414756957,0.16454384206726555,0.801980198019802,0.75555781513144,0.032728829008831825,0.027568804945907594,,,0.78,0.28,0.26,1.18,0.03,1.09,0.11,0.01,0.0,0.21,1.1521739130434783,1.0373207054306655,0.114,,0.008,,0.0,,False,96.0,99.0,96.0,88.0,93.0,91.0,91.0,92.0,94.0,high,high,high,high,high,high,high,high,high,2026-06-28
hitter,KC,CWS,Isaac Collins,686555,7.0,LF,Confirmed,3.74,,,,,0.72,0.28,,,,,0.6637796259018763,0.7853277227222963,0.30595597206419967,0.25695251279698617,0.6875,0.6365485921306022,0.022562744551487064,0.021236615253003254,,,0.66,0.21,0.15,0.78,0.02,0.86,0.09,0.01,0.0,0.181,0.8408408408408409,0.8753421261126157,0.089,,0.008,,0.0,,False,96.0,99.0,96.0,88.0,93.0,91.0,91.0,92.0,94.0,high,high,high,high,high,high,high,high,high,2026-06-28
hitter,KC,CWS,Tyler Tolbert,686475,8.0,3B,Confirmed,3.1,,,,,0.56,0.16,,,,,0.4901848288114745,0.6222334902671748,0.174258081306913,0.15478955777870487,0.4803149606299212,0.5377864078108177,0.028312113252928116,0.04104717584923984,,,0.51,0.19,0.15,0.75,0.03,0.69,0.09,0.01,0.0,0.182,0.6720588235294118,0.7002026230448297,0.087,,0.007,,0.0,,False,96.0,99.0,96.0,88.0,93.0,91.0,91.0,92.0,94.0,high,high,high,high,high,high,high,high,high,2026-06-28
hitter,KC,CWS,Kameron Misner,670224,9.0,RF,Confirmed,3.1,,,,,1.12,0.22,,,,,1.1400936281210534,1.0949031768833914,0.22363870094169078,0.20703227107452063,0.5846774193548387,0.47487452933514124,0.04188654128815061,0.032892569040317524,,,0.52,0.19,0.15,0.76,0.04,0.73,0.09,0.01,0.0,0.189,0.7899761336515513,0.6791685440026857,0.089,,0.008,,0.0,,False,96.0,99.0,96.0,88.0,93.0,91.0,91.0,92.0,94.0,high,high,high,high,high,high,high,high,high,2026-06-28
hitter,MIL,CHC,Christian Yelich,592885,1.0,DH,Confirmed,3.96,,,,,0.77,0.18,,,,,0.7278393647522495,0.8022965155058606,0.17049473693411424,0.1842686850745521,0.8949771689497716,0.8404800120436238,0.13380003677521848,0.1174096298826812,,,0.87,0.37,0.29,1.36,0.13,1.52,0.11,0.01,0.0,0.233,1.5956790123456794,1.4665723254380851,0.112,,0.007,,0.0,,False,96.0,99.0,96.0,88.0,93.0,91.0,91.0,92.0,94.0,high,high,high,high,high,high,high,high,high,2026-06-28
hitter,MIL,CHC,Jackson Chourio,694192,2.0,LF,Confirmed,4.25,,,,,0.7,0.15,,,,,0.6637211657679101,0.7357609633634686,0.17105163548760707,0.13698746133802844,1.0980834272829765,1.0402079320433126,0.16271367427595054,0.17354664247408225,,,1.07,0.47,0.35,1.69,0.17,1.83,0.17,0.01,0.0,0.277,1.914285714285714,1.7699043531000354,0.165,,0.011,,0.0,,False,96.0,99.0,96.0,88.0,93.0,91.0,91.0,92.0,94.0,high,high,high,high,high,high,high,high,high,2026-06-28
hitter,MIL,CHC,Brice Turang,668930,3.0,2B,Confirmed,3.96,,,,,0.78,0.23,,,,,0.7791153766529187,0.7903682469632295,0.2245041535841917,0.2399496874782554,0.994208494208494,0.8607442022021428,0.15516129741277415,0.14992817646411966,,,0.92,0.4,0.34,1.44,0.15,1.52,0.14,0.01,0.0,0.253,1.5956790123456794,1.4493603353925706,0.135,,0.007,,0.0,,False,96.0,99.0,96.0,88.0,93.0,91.0,91.0,92.0,94.0,high,high,high,high,high,high,high,high,high,2026-06-28
hitter,MIL,CHC,Andrew Vaughn,683734,4.0,1B,Confirmed,3.48,,,,,0.44,0.16,,,,,0.4446526361535955,0.4404050596232092,0.17204170188978515,0.15435317106101443,0.7715355805243446,0.7206256808129554,0.12785297709498503,0.09705864981541422,,,0.74,0.35,0.3,1.3,0.11,1.29,0.11,0.01,0.0,0.249,1.3893129770992367,1.2145461980283347,0.11,,0.007,,0.0,,False,96.0,99.0,96.0,88.0,93.0,91.0,91.0,92.0,94.0,high,high,high,high,high,high,high,high,high,2026-06-28
hitter,MIL,CHC,Jake Bauers,641343,5.0,1B,Confirmed,3.19,,,,,0.69,0.17,,,,,0.7086612670798199,0.6675856669455981,0.18674104796618934,0.15203356883746136,0.707983193277311,0.5898349156060281,0.13973601067018068,0.11798136491794171,,,0.64,0.33,0.3,1.16,0.13,1.25,0.09,0.01,0.0,0.261,1.239368165249089,1.2618849489826531,0.092,,0.006,,0.0,,False,96.0,99.0,96.0,88.0,93.0,91.0,91.0,92.0,94.0,high,high,high,high,high,high,high,high,high,2026-06-28
hitter,MIL,CHC,Gary Sánchez,596142,6.0,C,Confirmed,1.5,,,,,0.4,0.06,,,,,0.4752983778032457,0.33007660738106837,0.08984301767746859,0.035028260438379255,0.4125159642401022,0.21362910591040724,0.0898773002276245,0.03971488143273165,,,0.3,0.17,0.17,0.67,0.06,0.49,0.06,0.01,0.0,0.319,0.6720588235294118,0.33433572968489467,0.064,,0.007,,0.0,,False,96.0,99.0,96.0,88.0,93.0,91.0,91.0,92.0,94.0,high,high,high,high,high,high,high,high,high,2026-06-28
hitter,MIL,CHC,Sal Frelick,686217,7.0,RF,Confirmed,3.49,,,,,0.3,0.13,,,,,0.30344437243274136,0.29434806785299444,0.13907426122226846,0.11382799408024151,0.8770949720670391,0.7859440037202793,0.08144612956228883,0.06654913525260023,,,0.83,0.31,0.26,1.28,0.07,1.29,0.11,0.01,0.0,0.251,1.3893129770992367,1.2157082894671385,0.11,,0.008,,0.0,,False,96.0,99.0,96.0,88.0,93.0,91.0,91.0,92.0,94.0,high,high,high,high,high,high,high,high,high,2026-06-28
hitter,MIL,CHC,Cooper Pratt,806198,8.0,SS,Confirmed,3.58,,,,,0.46,0.19,,,,,0.4368690279476416,0.47638522856812004,0.2110380819386257,0.17151747010225443,0.801980198019802,0.6938540595443465,0.08788298602203468,0.07931883944374397,,,0.74,0.32,0.26,1.29,0.08,1.2,0.13,0.01,0.0,0.256,1.239368165249089,1.1700123079210016,0.128,,0.007,,0.0,,False,96.0,99.0,96.0,88.0,93.0,91.0,91.0,92.0,94.0,high,high,high,high,high,high,high,high,high,2026-06-28
hitter,MIL,CHC,David Hamilton,666152,9.0,3B,Confirmed,3.02,,,,,0.61,0.09,,,,,0.6107732955952124,0.6028165400122054,0.10298649466160038,0.07991146731090437,0.7061469265367316,0.5983149685484552,0.06531975972484824,0.07301809049065693,,,0.65,0.26,0.23,1.07,0.07,0.94,0.09,0.01,0.0,0.244,1.001763668430335,0.8888126134201034,0.092,,0.007,,0.0,,False,96.0,99.0,96.0,88.0,93.0,91.0,91.0,92.0,94.0,high,high,high,high,high,high,high,high,high,2026-06-28
hitter,CHC,MIL,Pete Crow-Armstrong,691718,1.0,CF,Confirmed,4.04,,,,,1.82,0.29,,,,,1.9351325346229753,1.698317293152209,0.2964619548098547,0.27748932181673075,0.7061469265367316,0.6088458345674213,0.18124022270869128,0.20145432673996236,,,0.65,0.23,0.17,0.81,0.19,1.37,0.11,0.01,0.0,0.145,1.4476190476190476,1.3001224047638584,0.115,,0.009,,0.0,,False,96.0,99.0,96.0,88.0,93.0,91.0,91.0,92.0,94.0,high,high,high,high,high,high,high,high,high,2026-06-28
hitter,CHC,MIL,Alex Bregman,608324,2.0,3B,Confirmed,4.04,,,,,1.13,0.39,,,,,1.105317021044267,1.163749954582499,0.40802401633898755,0.36903224489978015,0.7715355805243446,0.6925011578754487,0.13216789358318012,0.13165632497767035,,,0.73,0.22,0.16,0.79,0.13,1.24,0.09,0.01,0.0,0.141,1.239368165249089,1.2470211033869905,0.092,,0.009,,0.0,,False,96.0,99.0,96.0,88.0,93.0,91.0,91.0,92.0,94.0,high,high,high,high,high,high,high,high,high,2026-06-28
hitter,CHC,MIL,Michael Busch,683737,3.0,1B,Confirmed,3.94,,,,,1.66,0.42,,,,,1.6881789019545175,1.6298629641368523,0.4542395465575175,0.38367350109536535,0.6875,0.6334091413619499,0.1549044148382824,0.15553215387724362,,,0.66,0.2,0.16,0.72,0.16,1.2,0.11,0.01,0.0,0.141,1.239368165249089,1.159937553611272,0.108,,0.009,,0.0,,False,96.0,99.0,96.0,88.0,93.0,91.0,91.0,92.0,94.0,high,high,high,high,high,high,high,high,high,2026-06-28
hitter,CHC,MIL,Seiya Suzuki,673548,4.0,DH,Confirmed,4.03,,,,,1.82,0.36,,,,,1.9024870247641958,1.735138595841276,0.3619452713197536,0.35109980231978427,0.7061469265367316,0.6394567818434308,0.1910209352349544,0.19693790936122768,,,0.67,0.22,0.18,0.82,0.19,1.33,0.1,0.01,0.0,0.144,1.3893129770992367,1.2807416018319127,0.101,,0.008,,0.0,,False,96.0,99.0,96.0,88.0,93.0,91.0,91.0,92.0,94.0,high,high,high,high,high,high,high,high,high,2026-06-28
hitter,CHC,MIL,Ian Happ,664023,5.0,LF,Confirmed,4.04,,,,,1.84,0.36,,,,,1.933674776276971,1.739954997561469,0.39034846628293607,0.33917591109496475,0.707983193277311,0.6804920052186151,0.1712712640009557,0.17675984967215175,,,0.69,0.22,0.18,0.82,0.17,1.42,0.1,0.01,0.0,0.142,1.3893129770992367,1.4442240195079334,0.1,,0.007,,0.0,,False,96.0,99.0,96.0,88.0,93.0,91.0,91.0,92.0,94.0,high,high,high,high,high,high,high,high,high,2026-06-28
hitter,CHC,MIL,Nico Hoerner,663538,6.0,2B,Confirmed,4.04,,,,,0.8,0.21,,,,,0.648512454064625,0.9543096340571221,0.21910998347827543,0.19754362556512844,0.994208494208494,0.9032471062019035,0.07582574914407741,0.07522659810196879,,,0.94,0.22,0.21,0.96,0.08,1.27,0.14,0.02,0.0,0.157,1.3148148148148149,1.2290421455897678,0.135,,0.016,,0.0,,False,96.0,99.0,96.0,88.0,93.0,91.0,91.0,92.0,94.0,high,high,high,high,high,high,high,high,high,2026-06-28
hitter,CHC,MIL,Michael Conforto,624424,7.0,RF,Confirmed,2.26,,,,,1.14,0.14,,,,,1.2976667304507974,0.9813082366729997,0.1572093677500241,0.12238083560148104,0.3344051446945337,0.2654595942533492,0.07749773353449801,0.05818584724022819,,,0.3,0.11,0.09,0.43,0.07,0.57,0.06,0.01,0.0,0.144,0.6720588235294118,0.4806520990056426,0.065,,0.007,,0.0,,False,96.0,99.0,96.0,88.0,93.0,91.0,91.0,92.0,94.0,high,high,high,high,high,high,high,high,high,2026-06-28
hitter,CHC,MIL,Miguel Amaya,665804,8.0,C,Confirmed,2.55,,,,,0.58,0.16,,,,,0.6409761747533503,0.5147939403919892,0.1845185018825557,0.13114666373493616,0.5290322580645161,0.40337277950906875,0.0185154964040457,0.0120916349349594,,,0.46,0.14,0.12,0.6,0.02,0.66,0.08,0.01,0.0,0.16,0.7899761336515513,0.5519630997107787,0.078,,0.007,,0.0,,False,96.0,99.0,96.0,88.0,93.0,91.0,91.0,92.0,94.0,high,high,high,high,high,high,high,high,high,2026-06-28
hitter,CHC,MIL,Dansby Swanson,621020,9.0,SS,Confirmed,3.81,,,,,1.68,0.31,,,,,1.7217538073415646,1.6312818509879132,0.2988550629415454,0.3127077204554021,0.7061469265367316,0.6547842793399815,0.10817017197609446,0.11934060239484783,,,0.68,0.19,0.15,0.75,0.11,1.16,0.1,0.01,0.0,0.144,1.239368165249089,1.0998277795458458,0.1,,0.008,,0.0,,False,96.0,99.0,96.0,88.0,93.0,91.0,91.0,92.0,94.0,high,high,high,high,high,high,high,high,high,2026-06-28
hitter,STL,MIA,JJ Wetherholt,802139,1.0,2B,Confirmed,4.61,,,,,0.83,0.39,,,,,0.792659847039741,0.8652197597256399,0.34980506240809994,0.4222589341281141,0.8949771689497716,1.0213372133200767,0.03918170913577527,0.03340456190209262,,,0.96,0.51,0.36,1.77,0.04,1.29,0.19,0.01,0.0,0.292,1.3148148148148149,1.2677999506595459,0.191,,0.009,,0.0,,False,96.0,99.0,96.0,88.0,93.0,91.0,91.0,92.0,94.0,high,high,high,high,high,high,high,high,high,2026-06-28
hitter,STL,MIA,Iván Herrera,671056,2.0,DH,Confirmed,4.25,,,,,0.87,0.4,,,,,0.8188356417903248,0.9210115610659116,0.4135439334583303,0.38961407853433366,0.8949771689497716,0.9175996986166605,0.053266053457331736,0.04974073398194702,,,0.91,0.55,0.39,1.83,0.05,1.23,0.15,0.01,0.0,0.332,1.239368165249089,1.2257826622085477,0.151,,0.008,,0.0,,False,96.0,99.0,96.0,88.0,93.0,91.0,91.0,92.0,94.0,high,high,high,high,high,high,high,high,high,2026-06-28
hitter,STL,MIA,Alec Burleson,676475,3.0,1B,Confirmed,4.25,,,,,0.76,0.32,,,,,0.7421822190316104,0.7769517534116275,0.3179442366679631,0.32350813681003826,0.994208494208494,0.9902441980085126,0.06021620431800232,0.0629502834261608,,,0.99,0.58,0.5,2.08,0.06,1.32,0.19,0.01,0.0,0.345,1.3148148148148149,1.3188790277861195,0.192,,0.01,,0.0,,False,96.0,99.0,96.0,88.0,93.0,91.0,91.0,92.0,94.0,high,high,high,high,high,high,high,high,high,2026-06-28
hitter,STL,MIA,Lars Nootbaar,663457,4.0,RF,Confirmed,4.18,,,,,1.01,0.46,,,,,1.012994822466103,1.0164518979416721,0.4622982169917049,0.4507660452268938,0.8770949720670391,0.9017687408818932,0.04878695861095048,0.050608513837439584,,,0.89,0.54,0.43,1.84,0.05,1.23,0.17,0.01,0.0,0.336,1.239368165249089,1.2232678976595264,0.166,,0.008,,0.0,,False,96.0,99.0,96.0,88.0,93.0,91.0,91.0,92.0,94.0,high,high,high,high,high,high,high,high,high,2026-06-28
hitter,STL,MIA,Masyn Winn,691026,5.0,SS,Confirmed,4.03,,,,,0.83,0.24,,,,,0.8189107957519057,0.8420829419814069,0.24026332739746983,0.24314271053430317,0.8694581280788177,0.8492424178837842,0.045870813622223026,0.05159082456071042,,,0.86,0.49,0.43,1.79,0.05,1.17,0.13,0.01,0.0,0.301,1.239368165249089,1.1187428226940122,0.129,,0.008,,0.0,,False,96.0,99.0,96.0,88.0,93.0,91.0,91.0,92.0,94.0,high,high,high,high,high,high,high,high,high,2026-06-28
hitter,STL,MIA,Bryan Torres,663494,6.0,LF,Confirmed,3.19,,,,,0.76,0.27,,,,,0.7482144035171898,0.7803739209911535,0.2715685202960936,0.26004138505047564,0.5846774193548387,0.55041471623465,0.02141454030924389,0.022596310891380093,,,0.57,0.29,0.25,1.12,0.02,0.76,0.14,0.01,0.0,0.274,0.7899761336515513,0.7345412599167253,0.142,,0.015,,0.0,,False,96.0,99.0,96.0,88.0,93.0,91.0,91.0,92.0,94.0,high,high,high,high,high,high,high,high,high,2026-06-28
hitter,STL,MIA,Blaze Jordan,691458,7.0,3B,Confirmed,4.04,,,,,0.58,0.22,,,,,0.5425871345417831,0.62553770239562,0.23524813500640965,0.2051606237476836,0.4125159642401022,0.5180127581516183,0.023460399769705226,0.03262191760956407,,,0.47,0.46,0.39,1.84,0.03,0.67,0.17,0.01,0.0,0.323,0.6289308176100628,0.7005393199216458,0.168,,0.013,,0.0,,False,96.0,99.0,96.0,88.0,93.0,91.0,91.0,92.0,94.0,high,high,high,high,high,high,high,high,high,2026-06-28
hitter,STL,MIA,Nathan Church,701675,8.0,CF,Confirmed,3.74,,,,,0.9,0.26,,,,,0.8307515436025834,0.9676190766271161,0.2518447686228234,0.26795276136592944,0.707983193277311,0.6763259104656182,0.039412057432362924,0.03965827031502415,,,0.69,0.34,0.29,1.34,0.04,0.99,0.14,0.01,0.0,0.268,1.001763668430335,0.9838092875249644,0.138,,0.008,,0.0,,False,96.0,99.0,96.0,88.0,93.0,91.0,91.0,92.0,94.0,high,high,high,high,high,high,high,high,high,2026-06-28
hitter,STL,MIA,Pedro Pagés,686780,9.0,C,Confirmed,2.26,,,,,0.78,0.23,,,,,0.8803537929923327,0.6775194701691498,0.27069567942785056,0.17990323920337473,0.3344051446945337,0.28259642726441075,0.029119293677865494,0.025014435688513893,,,0.31,0.22,0.18,0.81,0.03,0.42,0.1,0.01,0.0,0.284,0.4591194968553459,0.3792566702645264,0.102,,0.008,,0.0,,False,96.0,99.0,96.0,88.0,93.0,91.0,91.0,92.0,94.0,high,high,high,high,high,high,high,high,high,2026-06-28
hitter,MIA,STL,Jakob Marsee,805300,1.0,CF,Confirmed,4.04,,,,,0.81,0.26,,,,,0.8255863590842629,0.7986285176763268,0.28014931163949397,0.23530122192398606,1.1702127659574468,1.1202341020123876,0.034535429110860646,0.020910311253213933,,,1.14,0.36,0.23,1.23,0.03,1.5,0.12,0.01,0.0,0.236,1.5956790123456794,1.4289048737313328,0.117,,0.013,,0.0,,False,96.0,99.0,96.0,88.0,93.0,91.0,91.0,92.0,94.0,high,high,high,high,high,high,high,high,high,2026-06-28
hitter,MIA,STL,Otto Lopez,672640,2.0,SS,Confirmed,4.25,,,,,0.51,0.15,,,,,0.5352042734105265,0.48114238766240286,0.16182640541797735,0.14357111602552297,1.607843137254902,1.4701928174975396,0.038529265586831285,0.04358328027750862,,,1.53,0.34,0.25,1.3,0.04,1.92,0.14,0.01,0.0,0.208,2.057017543859649,1.8160039019462146,0.144,,0.009,,0.0,,False,96.0,99.0,96.0,88.0,93.0,91.0,91.0,92.0,94.0,high,high,high,high,high,high,high,high,high,2026-06-28
hitter,MIA,STL,Kyle Stowers,669065,3.0,DH,Confirmed,3.96,,,,,0.95,0.27,,,,,0.9411122163512978,0.9491261804581889,0.2805599027186806,0.2513304424585665,1.1391752577319587,1.1394613579867754,0.05744010687675839,0.05123898402881289,,,1.14,0.29,0.21,0.99,0.05,1.61,0.09,0.01,0.0,0.201,1.684375,1.5447428885404688,0.093,,0.008,,0.0,,False,96.0,99.0,96.0,88.0,93.0,91.0,91.0,92.0,94.0,high,high,high,high,high,high,high,high,high,2026-06-28
hitter,MIA,STL,Xavier Edwards,669364,4.0,2B,Confirmed,4.04,,,,,0.45,0.27,,,,,0.4953488073118303,0.41214285610495294,0.2877005198753031,0.24785932351503598,1.607843137254902,1.2998449427075682,0.023219429805650716,0.0,,,1.44,0.37,0.28,1.35,0.01,1.57,0.12,0.01,0.0,0.242,1.684375,1.4823273403028259,0.125,,0.008,,0.0,,False,96.0,99.0,96.0,88.0,93.0,91.0,91.0,92.0,94.0,high,high,high,high,high,high,high,high,high,2026-06-28
hitter,MIA,STL,Heriberto Hernández,681715,5.0,LF,Confirmed,3.19,,,,,0.78,0.14,,,,,0.8331265103479502,0.7200760473222624,0.1640548385340748,0.12087726983786892,1.0980834272829765,0.8855199981354706,0.04215947570842091,0.027582597561073334,,,0.98,0.24,0.18,0.83,0.03,1.27,0.1,0.01,0.0,0.201,1.3893129770992367,1.1787365004703718,0.098,,0.008,,0.0,,False,96.0,99.0,96.0,88.0,93.0,91.0,91.0,92.0,94.0,high,high,high,high,high,high,high,high,high,2026-06-28
hitter,MIA,STL,Griffin Conine,665052,6.0,1B,Confirmed,3.81,,,,,0.91,0.25,,,,,0.9211937505978879,0.9078869345908901,0.27751595371295634,0.2307703100405699,1.0980834272829765,1.035940965414905,0.0377067129171861,0.027638842163742565,,,1.06,0.26,0.22,1.01,0.03,1.39,0.11,0.01,0.0,0.211,1.3893129770992367,1.3870882391652948,0.112,,0.01,,0.0,,False,96.0,99.0,96.0,88.0,93.0,91.0,91.0,92.0,94.0,high,high,high,high,high,high,high,high,high,2026-06-28
hitter,MIA,STL,Owen Caissie,683357,7.0,RF,Confirmed,3.02,,,,,0.84,0.13,,,,,0.8860718415354593,0.7993905275708907,0.150537652729142,0.11086811837430824,0.8949771689497716,0.7206174088478994,0.035529184893174595,0.027505866431471272,,,0.8,0.2,0.16,0.77,0.03,1.09,0.09,0.01,0.0,0.203,1.239368165249089,0.9694909765101623,0.089,,0.008,,0.0,,False,96.0,99.0,96.0,88.0,93.0,91.0,91.0,92.0,94.0,high,high,high,high,high,high,high,high,high,2026-06-28
hitter,MIA,STL,Graham Pauley,688363,8.0,1B,Confirmed,2.55,,,,,0.61,0.14,,,,,0.6766958244037927,0.5356989012533729,0.15470951300218388,0.1192066680215801,0.4803149606299212,0.37831909211898324,0.022473942239865777,0.009798408075101317,,,0.42,0.16,0.12,0.62,0.02,0.6,0.09,0.01,0.0,0.2,0.6720588235294118,0.5424025568732511,0.092,,0.007,,0.0,,False,96.0,99.0,96.0,88.0,93.0,91.0,91.0,92.0,94.0,high,high,high,high,high,high,high,high,high,2026-06-28
hitter,MIA,STL,Brian Navarreto,640459,9.0,C,Confirmed,2.9,,,,,1.08,0.16,,,,,1.1106768187772895,1.0506473768723674,0.16040592335479084,0.15207617436644763,0.5290322580645161,0.5424438327192209,0.035703921931411295,0.030560262110496547,,,0.54,0.22,0.18,0.88,0.03,0.65,0.1,0.01,0.0,0.219,0.6720588235294118,0.6400382943129242,0.104,,0.007,,0.0,,False,96.0,99.0,96.0,88.0,93.0,91.0,91.0,92.0,94.0,high,high,high,high,high,high,high,high,high,2026-06-28
hitter,LAA,ATH,Zach Neto,687263,1.0,SS,Confirmed,4.25,,,,,1.26,0.29,,,,,1.1704299309508495,1.35566573968435,0.27102070249017607,0.29915403708198673,0.707983193277311,0.7473334842415623,0.07729928339158265,0.08361928816483254,,,0.73,0.59,0.5,2.2,0.08,1.21,0.2,0.01,0.0,0.333,1.239368165249089,1.1931617640125582,0.195,,0.009,,0.0,,False,96.0,99.0,96.0,88.0,93.0,91.0,91.0,92.0,94.0,high,high,high,high,high,high,high,high,high,2026-06-28
hitter,LAA,ATH,Denzer Guzman,694203,2.0,3B,Confirmed,4.04,,,,,1.14,0.23,,,,,1.0433952346719098,1.2319440688588792,0.2146344847883327,0.23962536178645524,0.7061469265367316,0.6720804043888339,0.04011306096415786,0.031761605330369445,,,0.69,0.48,0.39,1.87,0.04,1.02,0.17,0.01,0.0,0.289,0.9875776397515532,1.0376595891091214,0.17,,0.01,,0.0,,False,96.0,99.0,96.0,88.0,93.0,91.0,91.0,92.0,94.0,high,high,high,high,high,high,high,high,high,2026-06-28
hitter,LAA,ATH,Nolan Schanuel,694384,3.0,DH,Confirmed,4.57,,,,,0.62,0.35,,,,,0.5614752166310509,0.677597121531752,0.33006024987619065,0.3653161584504461,0.994208494208494,0.9964449936933006,0.03589768779962919,0.04038787436562963,,,1.0,0.55,0.5,2.18,0.04,1.27,0.22,0.02,0.0,0.295,1.239368165249089,1.2928514684130938,0.219,,0.017,,0.0,,False,96.0,99.0,96.0,88.0,93.0,91.0,91.0,92.0,94.0,high,high,high,high,high,high,high,high,high,2026-06-28
hitter,LAA,ATH,Jo Adell,666176,4.0,RF,Confirmed,4.27,,,,,1.12,0.2,,,,,1.0419186878355104,1.1924068917047028,0.19045089393147346,0.21013245084932347,0.8770949720670391,0.8847538387355094,0.07149963415628713,0.07532528989736842,,,0.88,0.64,0.64,2.42,0.07,1.3,0.25,0.01,0.0,0.355,1.239368165249089,1.3540530470255037,0.255,,0.008,,0.0,,False,96.0,99.0,96.0,88.0,93.0,91.0,91.0,92.0,94.0,high,high,high,high,high,high,high,high,high,2026-06-28
hitter,LAA,ATH,Vaughn Grissom,687093,5.0,1B,Confirmed,3.19,,,,,0.53,0.12,,,,,0.5173889760380495,0.5498511855060063,0.13858559337503085,0.11056463271685078,0.707983193277311,0.6748027325175022,0.0959137755180065,0.09370378722099004,,,0.69,0.39,0.36,1.52,0.09,1.15,0.12,0.01,0.0,0.29,1.239368165249089,1.0808152135918925,0.119,,0.008,,0.0,,False,96.0,99.0,96.0,88.0,93.0,91.0,91.0,92.0,94.0,high,high,high,high,high,high,high,high,high,2026-06-28
hitter,LAA,ATH,Wade Meckler,685133,6.0,LF,Confirmed,4.18,,,,,1.04,0.35,,,,,0.9781933968090984,1.1007354719251257,0.3311441997285849,0.37169833441227124,0.707983193277311,0.7718648045743309,0.038426327572938256,0.03684445995983538,,,0.74,0.48,0.5,2.08,0.04,1.11,0.19,0.01,0.0,0.325,1.1238670694864048,1.1001017513193196,0.188,,0.015,,0.0,,False,96.0,99.0,96.0,88.0,93.0,91.0,91.0,92.0,94.0,high,high,high,high,high,high,high,high,high,2026-06-28
hitter,LAA,ATH,Oswald Peraza,672724,7.0,2B,Confirmed,2.55,,,,,0.86,0.11,,,,,0.8621628527612102,0.8526397207226646,0.11803109311563377,0.09287290217826323,0.35424354243542433,0.32843883646128885,0.033500620451182225,0.025620870922149968,,,0.34,0.29,0.27,1.2,0.03,0.49,0.12,0.01,0.0,0.309,0.5302013422818792,0.45119078486554987,0.117,,0.008,,0.0,,False,96.0,99.0,96.0,88.0,93.0,91.0,91.0,92.0,94.0,high,high,high,high,high,high,high,high,high,2026-06-28
hitter,LAA,ATH,Josh Lowe,666139,8.0,CF,Confirmed,3.49,,,,,0.93,0.15,,,,,0.8937472572350662,0.9570314221558806,0.16181327733558312,0.13099126753261353,0.6434108527131783,0.5763797546385179,0.036260906393367744,0.029796796137867978,,,0.61,0.39,0.38,1.64,0.03,0.91,0.16,0.02,0.0,0.312,0.9875776397515532,0.8502981056621877,0.161,,0.02,,0.0,,False,96.0,99.0,96.0,88.0,93.0,91.0,91.0,92.0,94.0,high,high,high,high,high,high,high,high,high,2026-06-28
hitter,LAA,ATH,Tyler Heineman,623168,9.0,C,Confirmed,3.1,,,,,0.72,0.22,,,,,0.7320198038651919,0.7147247380224474,0.2505033788407878,0.19784889878584075,0.5290322580645161,0.45611429406385623,0.05313644856044764,0.060855270220966956,,,0.49,0.29,0.26,1.26,0.06,0.82,0.16,0.02,0.0,0.271,0.8408408408408409,0.7993920940120434,0.161,,0.021,,0.0,,False,96.0,99.0,96.0,88.0,93.0,91.0,91.0,92.0,94.0,high,high,high,high,high,high,high,high,high,2026-06-28
hitter,ATH,LAA,Henry Bolte,703607,1.0,CF,Confirmed,4.18,,,,,1.38,0.44,,,,,1.3554019841457596,1.4105840119441537,0.4172222102120273,0.4688487846059781,0.707983193277311,0.6785555605386125,0.10172010804968568,0.10239489297080116,,,0.69,0.51,0.41,1.82,0.1,1.14,0.18,0.01,0.0,0.299,1.239368165249089,1.0652915259290594,0.177,,0.009,,0.0,,False,96.0,99.0,96.0,88.0,93.0,91.0,91.0,92.0,94.0,high,high,high,high,high,high,high,high,high,2026-06-28
hitter,ATH,LAA,Joey Meneses,608841,2.0,1B,Confirmed,3.02,,,,,0.84,0.27,,,,,0.7626576746607577,0.9160199733362354,0.28553518102963626,0.24717915248039837,0.4125159642401022,0.40985065582237357,0.10772017661343819,0.07353326523605207,,,0.41,0.33,0.27,1.14,0.09,0.73,0.1,0.01,0.0,0.271,0.7899761336515513,0.6719495569114559,0.101,,0.007,,0.0,,False,96.0,99.0,96.0,88.0,93.0,91.0,91.0,92.0,94.0,high,high,high,high,high,high,high,high,high,2026-06-28
hitter,ATH,LAA,Shea Langeliers,669127,3.0,C,Confirmed,4.45,,,,,1.11,0.48,,,,,1.1169285620070486,1.1092714500628476,0.48129099056152813,0.4729962177376047,0.801980198019802,0.7662565919650502,0.1665984596435185,0.1973090368001377,,,0.78,0.67,0.65,2.42,0.18,1.54,0.24,0.01,0.0,0.362,1.5956790123456794,1.5026236473426235,0.238,,0.008,,0.0,,False,96.0,99.0,96.0,88.0,93.0,91.0,91.0,92.0,94.0,high,high,high,high,high,high,high,high,high,2026-06-28
hitter,ATH,LAA,Jonah Heim,641680,4.0,DH,Confirmed,3.96,,,,,1.01,0.39,,,,,0.9742363249181184,1.0451821747947423,0.3834396215944127,0.39528804436651077,0.707983193277311,0.5949034083066781,0.08344090125542869,0.08244226007467602,,,0.65,0.49,0.46,1.82,0.08,0.98,0.17,0.01,0.0,0.302,1.001763668430335,0.9601294223511998,0.174,,0.009,,0.0,,False,96.0,99.0,96.0,88.0,93.0,91.0,91.0,92.0,94.0,high,high,high,high,high,high,high,high,high,2026-06-28
hitter,ATH,LAA,Colby Thomas,687515,5.0,LF,Confirmed,1.64,,,,,0.87,0.13,,,,,1.0109583024463695,0.7252325469152768,0.1627508166906031,0.09169178335251689,0.2543859649122807,0.10851257612421446,0.05522978561473749,0.03700919352704988,,,0.17,0.22,0.22,0.78,0.05,0.37,0.08,0.01,0.0,0.331,0.4591194968553459,0.29435252152508534,0.082,,0.006,,0.0,,False,96.0,99.0,96.0,88.0,93.0,91.0,91.0,92.0,94.0,high,high,high,high,high,high,high,high,high,2026-06-28
hitter,ATH,LAA,Lawrence Butler,671732,6.0,RF,Confirmed,3.81,,,,,1.4,0.45,,,,,1.3725909138722223,1.4334480096352242,0.4480809452861788,0.452989451694018,0.5290322580645161,0.5441505925148316,0.11485687631046793,0.14235882062745964,,,0.54,0.41,0.45,1.57,0.13,1.1,0.12,0.01,0.0,0.299,1.1521739130434783,1.05043228228973,0.124,,0.009,,0.0,,False,96.0,99.0,96.0,88.0,93.0,91.0,91.0,92.0,94.0,high,high,high,high,high,high,high,high,high,2026-06-28
hitter,ATH,LAA,Max Muncy,691777,7.0,3B,Confirmed,3.96,,,,,1.49,0.45,,,,,1.4696677430637188,1.5013291372323136,0.47790029534368694,0.4166054009062773,0.6875,0.622933200938959,0.12903039092276206,0.14269659289552808,,,0.65,0.46,0.45,1.71,0.14,1.12,0.14,0.01,0.0,0.319,1.1521739130434783,1.102596985626017,0.139,,0.009,,0.0,,False,96.0,99.0,96.0,88.0,93.0,91.0,91.0,92.0,94.0,high,high,high,high,high,high,high,high,high,2026-06-28
hitter,ATH,LAA,Jeff McNeil,643446,8.0,2B,Confirmed,3.96,,,,,0.65,0.37,,,,,0.604649326795067,0.7049611686493225,0.36422222830093376,0.38274160885254377,0.707983193277311,0.7486882317722755,0.10456859129278315,0.08971291062522183,,,0.73,0.4,0.37,1.58,0.1,1.17,0.16,0.01,0.0,0.286,1.239368165249089,1.117577898129948,0.165,,0.011,,0.0,,False,96.0,99.0,96.0,88.0,93.0,91.0,91.0,92.0,94.0,high,high,high,high,high,high,high,high,high,2026-06-28
hitter,ATH,LAA,Alika Williams,675961,9.0,SS,Confirmed,3.81,,,,,1.19,0.3,,,,,1.0047444535705494,1.3808176467154747,0.2827799026607737,0.31459538705600515,0.7061469265367316,0.5791643290226882,0.08625414469666204,0.0820572036336093,,,0.64,0.37,0.35,1.5,0.08,1.06,0.12,0.01,0.0,0.268,1.1238670694864048,1.0055096012199107,0.115,,0.01,,0.0,,False,96.0,99.0,96.0,88.0,93.0,91.0,91.0,92.0,94.0,high,high,high,high,high,high,high,high,high,2026-06-28
hitter,SF,ATL,Matt Chapman,656305,1.0,3B,Confirmed,3.81,,,,,1.06,0.33,,,,,1.075962543786882,1.041856467342633,0.33729647244002503,0.3223065353910339,0.8770949720670391,0.8405295622381299,0.28949253132791836,0.30527556145968426,,,0.86,0.35,0.26,1.31,0.3,1.94,0.13,0.01,0.0,0.234,2.057017543859649,1.8364171698889722,0.134,,0.007,,0.0,,False,96.0,99.0,96.0,88.0,93.0,91.0,91.0,92.0,94.0,high,high,high,high,high,high,high,high,high,2026-06-28
hitter,SF,ATL,Luis Arraez,650333,2.0,2B,Confirmed,3.96,,,,,0.4,0.21,,,,,0.292080636424362,0.49989656564353635,0.2171615376261556,0.2099439384518781,1.1391752577319587,1.0723651262223437,0.1148368794633518,0.12299232150223138,,,1.1,0.44,0.34,1.77,0.12,1.71,0.15,0.01,0.0,0.274,1.914285714285714,1.5418296615398464,0.149,,0.015,,0.0,,False,96.0,99.0,96.0,88.0,93.0,91.0,91.0,92.0,94.0,high,high,high,high,high,high,high,high,high,2026-06-28
hitter,SF,ATL,Heliot Ramos,671218,3.0,DH,Confirmed,3.96,,,,,0.65,0.21,,,,,0.5901175085430486,0.707576405767693,0.22343693762157574,0.19044950691017795,1.0980834272829765,0.9691881114036633,0.18384294231384002,0.2376148067593094,,,1.03,0.4,0.34,1.61,0.21,1.8,0.16,0.01,0.0,0.253,1.914285714285714,1.7127956297170728,0.16,,0.008,,0.0,,False,96.0,99.0,96.0,88.0,93.0,91.0,91.0,92.0,94.0,high,high,high,high,high,high,high,high,high,2026-06-28
hitter,SF,ATL,Rafael Devers,646240,4.0,1B,Confirmed,3.96,,,,,1.2,0.45,,,,,1.259237412332508,1.1370400338176947,0.49746157963853777,0.3983565343335172,0.994208494208494,0.9031742910613956,0.3793642234126228,0.3537958987772521,,,0.94,0.41,0.33,1.55,0.37,2.09,0.14,0.01,0.0,0.268,2.057017543859649,2.115058442510488,0.145,,0.007,,0.0,,False,96.0,99.0,96.0,88.0,93.0,91.0,91.0,92.0,94.0,high,high,high,high,high,high,high,high,high,2026-06-28
hitter,SF,ATL,Willy Adames,642715,5.0,SS,Confirmed,3.89,,,,,1.1,0.31,,,,,1.1450097381923774,1.0623027971862762,0.30703362279185775,0.31544820639577925,0.8949771689497716,0.8878415587531078,0.30010971674283204,0.29091180660996996,,,0.89,0.35,0.29,1.35,0.3,1.98,0.14,0.01,0.0,0.229,2.057017543859649,1.9130793312015648,0.137,,0.008,,0.0,,False,96.0,99.0,96.0,88.0,93.0,91.0,91.0,92.0,94.0,high,high,high,high,high,high,high,high,high,2026-06-28
hitter,SF,ATL,Victor Bericoto,682674,6.0,LF,Confirmed,2.77,,,,,0.6,0.11,,,,,0.5592865479238938,0.632885176810753,0.1214711584594744,0.09342600326675582,0.7061469265367316,0.5240978645857597,0.03988036224240354,0.02239871131123089,,,0.61,0.22,0.22,0.97,0.03,0.65,0.1,0.01,0.0,0.231,0.7899761336515513,0.5351325364620682,0.1,,0.008,,0.0,,False,96.0,99.0,96.0,88.0,93.0,91.0,91.0,92.0,94.0,high,high,high,high,high,high,high,high,high,2026-06-28
hitter,SF,ATL,Jung Hoo Lee,808982,7.0,RF,Confirmed,3.96,,,,,0.53,0.21,,,,,0.516478622898696,0.535806747431624,0.22377176259295348,0.19795821545250983,1.0980834272829765,1.132289024500306,0.11022983396854649,0.14756204391056202,,,1.12,0.39,0.34,1.72,0.13,1.88,0.14,0.02,0.0,0.275,2.057017543859649,1.7269240149270129,0.135,,0.019,,0.0,,False,96.0,99.0,96.0,88.0,93.0,91.0,91.0,92.0,94.0,high,high,high,high,high,high,high,high,high,2026-06-28
hitter,SF,ATL,Eric Haase,606992,8.0,C,Confirmed,3.09,,,,,1.15,0.21,,,,,1.1613558517855018,1.1297639937396515,0.2308635468152889,0.18948558611027252,0.4125159642401022,0.3399925845579567,0.07207817689025886,0.06618409192116674,,,0.37,0.22,0.19,0.94,0.07,0.74,0.12,0.01,0.0,0.208,0.7899761336515513,0.7030091853909376,0.12,,0.008,,0.0,,False,96.0,99.0,96.0,88.0,93.0,91.0,91.0,92.0,94.0,high,high,high,high,high,high,high,high,high,2026-06-28
hitter,SF,ATL,Jonah Cox,813841,9.0,CF,Confirmed,3.33,,,,,1.23,0.26,,,,,1.1914424454220043,1.2750650488418078,0.26803971529665194,0.2609901004291392,0.35424354243542433,0.46596641865742494,0.0918627497831499,0.10356878243100093,,,0.42,0.23,0.19,0.95,0.1,0.87,0.17,0.01,0.0,0.205,0.8408408408408409,0.8981679744844876,0.175,,0.009,,0.0,,False,96.0,99.0,96.0,88.0,93.0,91.0,91.0,92.0,94.0,high,high,high,high,high,high,high,high,high,2026-06-28
hitter,ATL,SF,Mauricio Dubón,643289,1.0,LF,Confirmed,3.74,,,,,0.49,0.18,,,,,0.4594420661903069,0.5149528443212167,0.18545866096702204,0.18209004408242385,0.35424354243542433,0.4167109602985428,0.025564963502171256,0.03300162360298614,,,0.39,0.2,0.13,0.69,0.03,0.64,0.11,0.01,0.0,0.145,0.6289308176100628,0.6488400946346123,0.107,,0.008,,0.0,,False,96.0,99.0,96.0,88.0,93.0,91.0,91.0,92.0,94.0,high,high,high,high,high,high,high,high,high,2026-06-28
hitter,ATL,SF,Michael Harris II,671739,2.0,CF,Confirmed,3.81,,,,,0.89,0.18,,,,,0.8893287247860677,0.8843900850763974,0.18145028358549944,0.1877767710900915,0.35424354243542433,0.4450225177566659,0.033485692433515804,0.0432672644322202,,,0.4,0.23,0.16,0.8,0.04,0.61,0.1,0.01,0.0,0.157,0.5302013422818792,0.67695325630542,0.101,,0.007,,0.0,,False,96.0,99.0,96.0,88.0,93.0,91.0,91.0,92.0,94.0,high,high,high,high,high,high,high,high,high,2026-06-28
hitter,ATL,SF,Ozzie Albies,645277,3.0,2B,Confirmed,4.18,,,,,0.55,0.32,,,,,0.5359197594366589,0.5716834075601915,0.3030899291795309,0.3278117374314378,0.4125159642401022,0.5453296141526773,0.0231144165221465,0.030386579323409473,,,0.49,0.25,0.17,0.84,0.03,0.73,0.13,0.01,0.0,0.172,0.6720588235294118,0.7772542861318664,0.126,,0.008,,0.0,,False,96.0,99.0,96.0,88.0,93.0,91.0,91.0,92.0,94.0,high,high,high,high,high,high,high,high,high,2026-06-28
hitter,ATL,SF,Matt Olson,621566,4.0,1B,Confirmed,4.18,,,,,1.17,0.39,,,,,1.1567550836745952,1.1788326079948697,0.3865270757700444,0.3891126374309021,0.4125159642401022,0.42539396653285516,0.032915049647600725,0.041624756782638855,,,0.42,0.28,0.18,0.87,0.04,0.68,0.12,0.01,0.0,0.192,0.6289308176100628,0.7211356081552242,0.117,,0.006,,0.0,,False,96.0,99.0,96.0,88.0,93.0,91.0,91.0,92.0,94.0,high,high,high,high,high,high,high,high,high,2026-06-28
hitter,ATL,SF,Drake Baldwin,686948,5.0,DH,Confirmed,4.04,,,,,0.92,0.36,,,,,0.912176036903726,0.920445312133928,0.37627663371442777,0.34659068568631035,0.4125159642401022,0.4920143077457831,0.034751273726060204,0.05357786658713701,,,0.46,0.26,0.18,0.85,0.04,0.68,0.1,0.01,0.0,0.177,0.6289308176100628,0.7171232164047154,0.096,,0.007,,0.0,,False,96.0,99.0,96.0,88.0,93.0,91.0,91.0,92.0,94.0,high,high,high,high,high,high,high,high,high,2026-06-28
hitter,ATL,SF,Austin Riley,663586,6.0,3B,Confirmed,3.74,,,,,1.15,0.29,,,,,1.1144158553152033,1.1819279242738152,0.27975667600932186,0.29821706797424397,0.3344051446945337,0.3550791841840141,0.028515635540420334,0.03391031968710924,,,0.35,0.19,0.15,0.67,0.03,0.52,0.08,0.01,0.0,0.163,0.44025157232704404,0.5894507631225075,0.083,,0.006,,0.0,,False,96.0,99.0,96.0,88.0,93.0,91.0,91.0,92.0,94.0,high,high,high,high,high,high,high,high,high,2026-06-28
hitter,ATL,SF,Joey Bart,663698,7.0,C,Confirmed,3.54,,,,,0.93,0.38,,,,,0.9590267245700174,0.8945742582291093,0.41577090953389295,0.34749888356136205,0.707983193277311,0.5944521387853667,0.12432662327751576,0.10234841359859258,,,0.65,0.23,0.15,0.8,0.11,1.13,0.1,0.01,0.0,0.207,1.239368165249089,1.047225313805577,0.098,,0.006,,0.0,,False,96.0,99.0,96.0,88.0,93.0,91.0,91.0,92.0,94.0,high,high,high,high,high,high,high,high,high,2026-06-28
hitter,ATL,SF,Eli White,642201,8.0,RF,Confirmed,1.92,,,,,0.59,0.11,,,,,0.63708124452486,0.5451942912299851,0.13735894921450503,0.08267067448397471,0.2543859649122807,0.19706657904591632,0.052492173484861446,0.027758677038953353,,,0.22,0.12,0.09,0.44,0.04,0.45,0.06,0.01,0.0,0.189,0.5302013422818792,0.37697287657031936,0.061,,0.006,,0.0,,False,96.0,99.0,96.0,88.0,93.0,91.0,91.0,92.0,94.0,high,high,high,high,high,high,high,high,high,2026-06-28
hitter,ATL,SF,Ha-Seong Kim,673490,9.0,SS,Confirmed,3.1,,,,,0.84,0.24,,,,,0.8239980968995675,0.8494698874324129,0.25331108123374046,0.2248140145638378,0.2543859649122807,0.2974597173922346,0.022003563817777558,0.012861620486576202,,,0.28,0.18,0.12,0.64,0.02,0.45,0.08,0.01,0.0,0.185,0.44025157232704404,0.4625370326562004,0.08,,0.007,,0.0,,False,96.0,99.0,96.0,88.0,93.0,91.0,91.0,92.0,94.0,high,high,high,high,high,high,high,high,high,2026-06-28
hitter,SD,LAD,Fernando Tatis Jr.,665487,1.0,RF,Confirmed,4.74,,,,,0.75,0.42,,,,,0.7136409152554872,0.7849701615784699,0.39948681847098144,0.44555161469808274,0.8694581280788177,0.9592206124723445,0.14478628866820645,0.1657537103631797,,,0.92,0.89,0.71,3.1,0.16,1.56,0.2,0.01,0.0,0.461,1.4476190476190476,1.6504743451742405,0.201,,0.01,,0.0,,False,96.0,99.0,96.0,88.0,93.0,91.0,91.0,92.0,94.0,high,high,high,high,high,high,high,high,high,2026-06-28
hitter,SD,LAD,Samad Taylor,669392,2.0,LF,Confirmed,4.25,,,,,0.79,0.35,,,,,0.7128782041048478,0.8704200617406848,0.32004835037600654,0.3754603937028797,0.707983193277311,0.8112381896833332,0.03785526045074485,0.049865624453976604,,,0.76,0.55,0.39,2.04,0.04,1.03,0.19,0.01,0.0,0.333,1.001763668430335,1.0548513608791625,0.188,,0.015,,0.0,,False,96.0,99.0,96.0,88.0,93.0,91.0,91.0,92.0,94.0,high,high,high,high,high,high,high,high,high,2026-06-28
hitter,SD,LAD,Jackson Merrill,701538,3.0,CF,Confirmed,4.74,,,,,1.02,0.3,,,,,0.9464579861911536,1.0857529582166119,0.2941357233669527,0.3118552894498826,0.8694581280788177,0.9287826875858369,0.16810469430547226,0.19628673572397964,,,0.9,0.84,0.78,3.12,0.18,1.65,0.25,0.01,0.0,0.428,1.5956790123456794,1.6930057976950654,0.246,,0.012,,0.0,,False,96.0,99.0,96.0,88.0,93.0,91.0,91.0,92.0,94.0,high,high,high,high,high,high,high,high,high,2026-06-28
hitter,SD,LAD,Manny Machado,592518,4.0,3B,Confirmed,4.93,,,,,0.93,0.44,,,,,0.8860817435776945,0.9787155205671171,0.42147367788156076,0.46675708365796015,0.8694581280788177,1.0025391763007467,0.1578691463308782,0.21433992929426912,,,0.94,0.88,0.8,3.18,0.19,1.68,0.22,0.01,0.0,0.438,1.5956790123456794,1.7543564579834252,0.22,,0.009,,0.0,,False,96.0,99.0,96.0,88.0,93.0,91.0,91.0,92.0,94.0,high,high,high,high,high,high,high,high,high,2026-06-28
hitter,SD,LAD,Gavin Sheets,657757,5.0,1B,Confirmed,4.25,,,,,0.78,0.32,,,,,0.7308621535684741,0.8281326087535695,0.30312351469973686,0.3429179778412214,0.707983193277311,0.7509645404667724,0.13750177408072348,0.1445070468478799,,,0.73,0.66,0.62,2.38,0.14,1.3,0.19,0.01,0.0,0.381,1.3148148148148149,1.2842692105086093,0.189,,0.011,,0.0,,False,96.0,99.0,96.0,88.0,93.0,91.0,91.0,92.0,94.0,high,high,high,high,high,high,high,high,high,2026-06-28
hitter,SD,LAD,Xander Bogaerts,593428,6.0,SS,Confirmed,4.25,,,,,0.67,0.41,,,,,0.6226285791360945,0.7130312887533259,0.39360152268177395,0.43348832644132196,0.7715355805243446,0.7902612004571211,0.09047896265851066,0.09998232113798111,,,0.78,0.54,0.53,2.16,0.1,1.23,0.24,0.01,0.0,0.367,1.239368165249089,1.225048160384181,0.237,,0.009,,0.0,,False,96.0,99.0,96.0,88.0,93.0,91.0,91.0,92.0,94.0,high,high,high,high,high,high,high,high,high,2026-06-28
hitter,SD,LAD,Miguel Andujar,609280,7.0,DH,Confirmed,3.74,,,,,0.52,0.2,,,,,0.48840125519114996,0.5556925580575801,0.21248540886984707,0.18225219527255604,0.7061469265367316,0.7417053982144358,0.0921394170366186,0.08811118772668233,,,0.73,0.5,0.45,2.04,0.09,1.13,0.19,0.01,0.0,0.371,1.1521739130434783,1.1070918906250162,0.189,,0.011,,0.0,,False,96.0,99.0,96.0,88.0,93.0,91.0,91.0,92.0,94.0,high,high,high,high,high,high,high,high,high,2026-06-28
hitter,SD,LAD,Sung-Mun Song,823550,8.0,2B,Confirmed,3.1,,,,,0.52,0.44,,,,,0.4796886640420216,0.5514520764222433,0.4526408934568146,0.4263052721002911,0.4125159642401022,0.3725967306856366,0.06250780918321291,0.059721195819511914,,,0.39,0.38,0.32,1.5,0.06,0.68,0.15,0.01,0.0,0.352,0.6720588235294118,0.6818208398596598,0.146,,0.008,,0.0,,False,96.0,99.0,96.0,88.0,93.0,91.0,91.0,92.0,94.0,high,high,high,high,high,high,high,high,high,2026-06-28
hitter,SD,LAD,Rodolfo Durán,660710,9.0,C,Confirmed,3.32,,,,,0.64,0.39,,,,,0.582322062318653,0.6988294883492433,0.38369405913749743,0.40239518317373096,0.4125159642401022,0.3690419300680669,0.06526558391656381,0.07761926842444948,,,0.39,0.39,0.34,1.53,0.07,0.69,0.14,0.01,0.0,0.332,0.7899761336515513,0.6125251564743682,0.135,,0.009,,0.0,,False,96.0,99.0,96.0,88.0,93.0,91.0,91.0,92.0,94.0,high,high,high,high,high,high,high,high,high,2026-06-28
hitter,LAD,SD,Shohei Ohtani,660271,1.0,DH,Confirmed,4.45,,,,,1.24,0.74,,,,,1.2840066092886369,1.1909534609088515,0.7046380555391972,0.7752905940171556,0.8949771689497716,0.8047386282889565,0.11976606912620458,0.14160285132008596,,,0.85,0.44,0.34,1.68,0.13,1.61,0.19,0.02,0.0,0.251,1.684375,1.5548280326592763,0.19,,0.018,,0.0,,False,96.0,99.0,96.0,88.0,93.0,91.0,91.0,92.0,94.0,high,high,high,high,high,high,high,high,high,2026-06-28
hitter,LAD,SD,Andy Pages,681624,2.0,CF,Confirmed,4.04,,,,,0.94,0.33,,,,,0.9424242369474795,0.9293561312627107,0.34109310798140646,0.3171106484067578,0.801980198019802,0.7455750798581128,0.05172579564518687,0.0537900451004566,,,0.77,0.34,0.27,1.38,0.05,1.14,0.17,0.01,0.0,0.211,1.239368165249089,1.0615133744276208,0.172,,0.008,,0.0,,False,96.0,99.0,96.0,88.0,93.0,91.0,91.0,92.0,94.0,high,high,high,high,high,high,high,high,high,2026-06-28
hitter,LAD,SD,Freddie Freeman,518692,3.0,1B,Confirmed,4.25,,,,,0.9,0.48,,,,,0.9542083019538227,0.8406626677266221,0.49065475722261187,0.47798281821849037,0.994208494208494,0.8198987916336916,0.07723689932841435,0.07378318380934232,,,0.9,0.41,0.36,1.67,0.08,1.28,0.18,0.01,0.0,0.244,1.3148148148148149,1.2495611172294239,0.183,,0.011,,0.0,,False,96.0,99.0,96.0,88.0,93.0,91.0,91.0,92.0,94.0,high,high,high,high,high,high,high,high,high,2026-06-28
hitter,LAD,SD,Mookie Betts,605141,4.0,SS,Confirmed,4.25,,,,,0.57,0.47,,,,,0.5594414894950249,0.5768060627195305,0.45992956947990127,0.47039245623822823,0.8770949720670391,0.8848076163046619,0.06472701498606129,0.0672909649834487,,,0.88,0.39,0.34,1.61,0.07,1.2,0.16,0.01,0.0,0.23,1.239368165249089,1.1750345785839453,0.163,,0.009,,0.0,,False,96.0,99.0,96.0,88.0,93.0,91.0,91.0,92.0,94.0,high,high,high,high,high,high,high,high,high,2026-06-28
hitter,LAD,SD,Max Muncy,571970,5.0,3B,Confirmed,4.03,,,,,1.07,0.5,,,,,1.057223309704293,1.0852213242014048,0.4787997161635039,0.518162946782128,0.7061469265367316,0.6292533936685485,0.06574525629768552,0.09012610613668334,,,0.66,0.33,0.29,1.33,0.08,0.99,0.14,0.01,0.0,0.206,1.001763668430335,0.9777610883598675,0.143,,0.007,,0.0,,False,96.0,99.0,96.0,88.0,93.0,91.0,91.0,92.0,94.0,high,high,high,high,high,high,high,high,high,2026-06-28
hitter,LAD,SD,Tommy Edman,669242,6.0,LF,Confirmed,4.08,,,,,0.79,0.29,,,,,0.7726805725910655,0.8015265795435261,0.27630766973492693,0.2944571819512001,0.8694581280788177,0.7730334232593393,0.04496318152877344,0.05253879732944763,,,0.82,0.33,0.34,1.54,0.05,1.2,0.17,0.01,0.0,0.228,1.239368165249089,1.1619856569843374,0.168,,0.01,,0.0,,False,96.0,99.0,96.0,88.0,93.0,91.0,91.0,92.0,94.0,high,high,high,high,high,high,high,high,high,2026-06-28
hitter,LAD,SD,Kyle Tucker,663656,7.0,RF,Confirmed,4.04,,,,,0.75,0.52,,,,,0.7817823266949684,0.7115200473315945,0.4962202988435489,0.5346445803224646,0.8770949720670391,0.7660161502747839,0.06358825554113805,0.05827710367673433,,,0.82,0.35,0.3,1.53,0.06,1.16,0.18,0.01,0.0,0.243,1.239368165249089,1.0972387707612279,0.179,,0.008,,0.0,,False,96.0,99.0,96.0,88.0,93.0,91.0,91.0,92.0,94.0,high,high,high,high,high,high,high,high,high,2026-06-28
hitter,LAD,SD,Alex Freeland,690976,8.0,2B,Confirmed,3.74,,,,,1.06,0.42,,,,,1.0154097782281892,1.10078589153278,0.424724173421277,0.41046570269714805,0.7061469265367316,0.5768672260622436,0.03615393386970344,0.049822633628007915,,,0.64,0.29,0.25,1.25,0.04,0.92,0.13,0.01,0.0,0.222,0.9875776397515532,0.860424733060573,0.127,,0.01,,0.0,,False,96.0,99.0,96.0,88.0,93.0,91.0,91.0,92.0,94.0,high,high,high,high,high,high,high,high,high,2026-06-28
hitter,LAD,SD,Chuckie Robinson,642020,9.0,C,Confirmed,2.55,,,,,0.66,0.15,,,,,0.6264039231622043,0.6874326375709893,0.18433186823587258,0.12436502848502545,0.4125159642401022,0.29261461906934466,0.018209201030237376,0.015648247317799388,,,0.35,0.19,0.16,0.83,0.02,0.42,0.09,0.01,0.0,0.208,0.44025157232704404,0.3944920722182623,0.088,,0.008,,0.0,,False,96.0,99.0,96.0,88.0,93.0,91.0,91.0,92.0,94.0,high,high,high,high,high,high,high,high,high,2026-06-28
hitter,BOS,NYY,Nate Eaton,681987,1.0,LF,Confirmed,2.55,,,,,0.65,0.11,,,,,0.6601477980135492,0.6422694260857847,0.13864771628510494,0.0807176600912495,0.5290322580645161,0.43883452128176115,0.10076903784486962,0.07381148666523402,,,0.48,0.24,0.17,0.89,0.09,0.85,0.11,0.01,0.0,0.248,1.001763668430335,0.7313758368539551,0.106,,0.009,,0.0,,False,96.0,99.0,96.0,88.0,93.0,91.0,91.0,92.0,94.0,high,high,high,high,high,high,high,high,high,2026-06-28
hitter,BOS,NYY,Ceddanne Rafaela,678882,2.0,CF,Confirmed,4.18,,,,,0.76,0.15,,,,,0.7366469774220593,0.7896860603501412,0.1623119237028468,0.1463941643851826,1.0980834272829765,1.0370874621209178,0.19982284983271456,0.19309910640307743,,,1.06,0.46,0.35,1.8,0.2,1.81,0.17,0.01,0.0,0.276,1.914285714285714,1.7221906246820657,0.175,,0.009,,0.0,,False,96.0,99.0,96.0,88.0,93.0,91.0,91.0,92.0,94.0,high,high,high,high,high,high,high,high,high,2026-06-28
hitter,BOS,NYY,Wilyer Abreu,677800,3.0,RF,Confirmed,4.18,,,,,0.96,0.26,,,,,0.8875659073696597,1.0294763430375948,0.26735835015929355,0.25147681960929447,0.8949771689497716,0.9545464622731076,0.23166801451226338,0.2814215431701297,,,0.93,0.45,0.36,1.67,0.26,1.85,0.16,0.01,0.0,0.276,1.914285714285714,1.806440461080317,0.164,,0.011,,0.0,,False,96.0,99.0,96.0,88.0,93.0,91.0,91.0,92.0,94.0,high,high,high,high,high,high,high,high,high,2026-06-28
hitter,BOS,NYY,Willson Contreras,575929,4.0,1B,Confirmed,4.25,,,,,1.11,0.22,,,,,1.1382696211616012,1.0877737858739953,0.23746052595904327,0.20208404827118384,1.0980834272829765,1.0821415384274067,0.30677617228042414,0.3223332400643195,,,1.09,0.5,0.41,1.9,0.31,2.11,0.2,0.01,0.0,0.301,2.057017543859649,2.1484333781445417,0.199,,0.009,,0.0,,False,96.0,99.0,96.0,88.0,93.0,91.0,91.0,92.0,94.0,high,high,high,high,high,high,high,high,high,2026-06-28
hitter,BOS,NYY,Romy Gonzalez,663853,5.0,DH,Confirmed,3.89,,,,,1.37,0.07,,,,,1.268790090205897,1.4803664372884913,0.0688609974411562,0.06683206008518916,0.6434108527131783,0.6631270736232056,0.028262659843303648,0.029669042917061454,,,0.65,0.43,0.37,1.69,0.03,0.83,0.2,0.01,0.0,0.281,0.7899761336515513,0.8635760558676292,0.198,,0.011,,0.0,,False,96.0,99.0,96.0,88.0,93.0,91.0,91.0,92.0,94.0,high,high,high,high,high,high,high,high,high,2026-06-28
hitter,BOS,NYY,Caleb Durbin,702332,6.0,3B,Confirmed,3.81,,,,,0.45,0.16,,,,,0.4544060525434538,0.4437472375459006,0.1591901481279513,0.16107574393684476,0.8949771689497716,0.9407938992553478,0.13066454971212246,0.14338642455579945,,,0.92,0.36,0.35,1.59,0.14,1.49,0.18,0.01,0.0,0.273,1.4759615384615385,1.4996950089487908,0.18,,0.013,,0.0,,False,96.0,99.0,96.0,88.0,93.0,91.0,91.0,92.0,94.0,high,high,high,high,high,high,high,high,high,2026-06-28
hitter,BOS,NYY,Anthony Seigler,678011,7.0,2B,Confirmed,3.81,,,,,0.92,0.2,,,,,0.8045049746398689,1.031053492079068,0.20944524228248074,0.1942138133979255,0.801980198019802,0.7748525796723452,0.10744912518540295,0.11155449947752073,,,0.79,0.31,0.24,1.26,0.11,1.29,0.15,0.01,0.0,0.241,1.239368165249089,1.3388008158129447,0.148,,0.009,,0.0,,False,96.0,99.0,96.0,88.0,93.0,91.0,91.0,92.0,94.0,high,high,high,high,high,high,high,high,high,2026-06-28
hitter,BOS,NYY,Connor Wong,657136,8.0,C,Confirmed,3.19,,,,,0.48,0.28,,,,,0.40025521118842267,0.5669742796996412,0.2905369804218414,0.27937158836077036,0.7061469265367316,0.6134848874129818,0.05060343944952268,0.047247682398414266,,,0.66,0.3,0.24,1.25,0.05,0.95,0.15,0.01,0.0,0.277,1.001763668430335,0.9002392140941473,0.148,,0.01,,0.0,,False,96.0,99.0,96.0,88.0,93.0,91.0,91.0,92.0,94.0,high,high,high,high,high,high,high,high,high,2026-06-28
hitter,BOS,NYY,Tsung-Che Cheng,691907,9.0,SS,Confirmed,3.89,,,,,0.88,0.22,,,,,0.768511431962212,0.9991049806804104,0.20789942529814026,0.227538323333434,0.994208494208494,0.9605596346301114,0.1672295139919331,0.19451100952421554,,,0.98,0.38,0.31,1.59,0.18,1.83,0.19,0.01,0.0,0.287,1.914285714285714,1.761824563961922,0.193,,0.011,,0.0,,False,96.0,99.0,96.0,88.0,93.0,91.0,91.0,92.0,94.0,high,high,high,high,high,high,high,high,high,2026-06-28
hitter,NYY,BOS,Jazz Chisholm Jr.,665862,1.0,2B,Confirmed,3.89,,,,,0.85,0.4,,,,,0.8244882479902165,0.8783152450616766,0.4107440902537167,0.39051448380610665,0.5290322580645161,0.5580754878522791,0.19244561776841732,0.20560504803668664,,,0.55,0.46,0.36,1.52,0.2,1.19,0.13,0.01,0.0,0.295,1.239368165249089,1.1544363556928237,0.127,,0.007,,0.0,,False,96.0,99.0,96.0,88.0,93.0,91.0,91.0,92.0,94.0,high,high,high,high,high,high,high,high,high,2026-06-28
hitter,NYY,BOS,Ben Rice,700250,2.0,1B,Confirmed,3.74,,,,,0.7,0.33,,,,,0.6579060645159513,0.7446649607977084,0.34419327814715994,0.3152898597799356,0.4125159642401022,0.444702372951566,0.1020931195290975,0.1261880593624125,,,0.43,0.4,0.29,1.39,0.11,0.96,0.14,0.01,0.0,0.27,1.001763668430335,0.9324934996216028,0.136,,0.009,,0.0,,False,96.0,99.0,96.0,88.0,93.0,91.0,91.0,92.0,94.0,high,high,high,high,high,high,high,high,high,2026-06-28
hitter,NYY,BOS,Jasson Domínguez,691176,3.0,RF,Confirmed,3.33,,,,,0.67,0.2,,,,,0.6101360737875169,0.7359119893933684,0.20537952520476088,0.1954706012480412,0.4125159642401022,0.39635118452303997,0.09207213321548649,0.09272546391797447,,,0.4,0.3,0.26,1.08,0.09,0.73,0.11,0.01,0.0,0.225,0.6720588235294118,0.7702018689612273,0.11,,0.01,,0.0,,False,96.0,99.0,96.0,88.0,93.0,91.0,91.0,92.0,94.0,high,high,high,high,high,high,high,high,high,2026-06-28
hitter,NYY,BOS,Cody Bellinger,641355,4.0,RF,Confirmed,3.81,,,,,0.48,0.38,,,,,0.4443399601276259,0.5205801027951982,0.41085715071218376,0.3539907169928618,0.4803149606299212,0.4596365542472448,0.09583549210490966,0.09780508004070637,,,0.47,0.4,0.33,1.44,0.1,0.94,0.12,0.01,0.0,0.272,0.9875776397515532,0.9093638530391225,0.122,,0.011,,0.0,,False,96.0,99.0,96.0,88.0,93.0,91.0,91.0,92.0,94.0,high,high,high,high,high,high,high,high,high,2026-06-28
hitter,NYY,BOS,Spencer Jones,682987,5.0,CF,Confirmed,3.96,,,,,1.46,0.34,,,,,1.3653965723912151,1.5529328044746473,0.32190426679537687,0.3626049998072301,0.3344051446945337,0.3323691810625544,0.043140882642010124,0.051480953904648484,,,0.33,0.44,0.39,1.53,0.05,0.64,0.17,0.01,0.0,0.281,0.5302013422818792,0.7311818136877244,0.173,,0.008,,0.0,,False,96.0,99.0,96.0,88.0,93.0,91.0,91.0,92.0,94.0,high,high,high,high,high,high,high,high,high,2026-06-28
hitter,NYY,BOS,Amed Rosario,642708,6.0,LF,Confirmed,2.77,,,,,0.5,0.12,,,,,0.48665849575773146,0.5140321201720035,0.14062044614613792,0.10314258377922972,0.3344051446945337,0.29371902428816565,0.07514416562727025,0.0673477523166266,,,0.31,0.2,0.2,0.81,0.07,0.58,0.09,0.01,0.0,0.207,0.6289308176100628,0.5394286512290786,0.092,,0.008,,0.0,,False,96.0,99.0,96.0,88.0,93.0,91.0,91.0,92.0,94.0,high,high,high,high,high,high,high,high,high,2026-06-28
hitter,NYY,BOS,Oswaldo Cabrera,665828,7.0,3B,Confirmed,3.74,,,,,0.74,0.42,,,,,0.7130250843980052,0.772200315901674,0.42968652969597465,0.41822806139083085,0.8694581280788177,0.8120763771357914,0.1190093979788967,0.1343524174236239,,,0.84,0.29,0.24,1.18,0.13,1.38,0.13,0.01,0.0,0.231,1.3893129770992367,1.37688412873899,0.132,,0.008,,0.0,,False,96.0,99.0,96.0,88.0,93.0,91.0,91.0,92.0,94.0,high,high,high,high,high,high,high,high,high,2026-06-28
hitter,NYY,BOS,Austin Wells,669224,8.0,C,Confirmed,3.74,,,,,0.8,0.21,,,,,0.756851459856959,0.8475671273449028,0.1958078285570563,0.21732745221777888,0.4125159642401022,0.5811948845564209,0.15046686516565103,0.16087234868423778,,,0.51,0.32,0.3,1.27,0.16,1.12,0.13,0.01,0.0,0.242,1.1238670694864048,1.1110268115097426,0.13,,0.007,,0.0,,False,96.0,99.0,96.0,88.0,93.0,91.0,91.0,92.0,94.0,high,high,high,high,high,high,high,high,high,2026-06-28
hitter,NYY,BOS,José Caballero,676609,9.0,2B,Confirmed,4.04,,,,,0.71,0.45,,,,,0.620939011442376,0.8017056994169595,0.46832059233183154,0.43426443054476344,0.6434108527131783,0.6023246037449317,0.07879438585648471,0.09751292753801306,,,0.62,0.35,0.27,1.33,0.09,1.09,0.13,0.01,0.0,0.258,1.1238670694864048,1.0657273655860169,0.126,,0.009,,0.0,,False,96.0,99.0,96.0,88.0,93.0,91.0,91.0,92.0,94.0,high,high,high,high,high,high,high,high,high,2026-06-28
