player_type,team,opponent,player_name,mlb_id,lineup_spot,pos,lineup_status,proj_pa,proj_ip,proj_outs,proj_runs_allowed,proj_hits_allowed,proj_strikeouts,proj_walks,proj_hr_allowed,proj_er_model,proj_fip,proj_war_contribution,direct_K,rate_K,direct_BB,rate_BB,direct_H,rate_H,direct_HR,rate_HR,direct_R,rate_R,proj_hits,proj_runs,proj_rbi,proj_hrrbi,proj_hr,proj_tb,proj_2b,proj_3b,proj_sb,proj_woba,direct_TB,rate_TB,direct_2B,rate_2B,direct_3B,rate_3B,direct_SB,rate_SB,used_fallback,confidence_score,proj_pa_confidence_score,proj_hits_confidence_score,proj_hr_confidence_score,proj_strikeouts_confidence_score,proj_runs_confidence_score,proj_rbi_confidence_score,proj_hrrbi_confidence_score,proj_walks_confidence_score,confidence,proj_pa_confidence,proj_hits_confidence,proj_hr_confidence,proj_strikeouts_confidence,proj_runs_confidence,proj_rbi_confidence,proj_hrrbi_confidence,proj_walks_confidence,game_date
pitcher,PIT,MIL,Paul Skenes,694973,,,,,5.21,16.0,2.34,4.47,6.81,1.31,0.8,1.79,3.53,0.162,6.649122807017544,6.9744984170508655,1.2772277227722773,1.3949231405521847,4.326530612244898,5.0333098236854905,0.7580645161290323,0.8965857077382466,1.789,,,,,,,,,,,,,,,,,,,,,,,,,,,,,,,,,,,,,,,2026-07-12
pitcher,MIL,PIT,Robert Gasser,688107,,,,,4.79,14.0,2.58,4.43,5.01,2.02,0.78,2.21,4.75,0.081,4.676567656765677,5.340567241789763,1.890295358649789,2.408344720713209,4.326530612244898,4.858659276173211,0.7580645161290323,0.8243081650798851,2.212,,,,,,,,,,,,,,,,,,,,,,,,,,,,,,,,,,,,,,,2026-07-12
pitcher,BAL,KC,Shane Baz,669358,,,,,5.21,16.0,2.63,5.06,4.99,1.97,0.56,2.43,4.01,0.086,4.676567656765677,5.311116380498267,1.890295358649789,2.220376515405656,5.0,5.2846795049817175,0.5409836065573771,0.6157600755958343,2.432,,,,,,,,,,,,,,,,,,,,,,,,,,,,,,,,,,,,,,,2026-07-12
pitcher,KC,BAL,Seth Lugo,607625,,,,,4.79,14.0,2.69,4.93,3.83,1.93,0.78,2.48,5.0,0.051,3.8412698412698414,3.8257426697625427,1.890295358649789,2.041382631246275,4.879746835443039,5.152155509786922,0.7580645161290323,0.8243081650798851,2.481,,,,,,,,,,,,,,,,,,,,,,,,,,,,,,,,,,,,,,,2026-07-12
pitcher,WSH,NYY,Cade Cavalli,676917,,,,,5.13,15.0,2.51,5.18,5.71,1.46,0.57,2.21,3.39,0.105,5.708333333333333,5.709673390032388,1.3455882352941178,1.8006224971912148,5.093457943925234,5.51786174638975,0.547945205479452,0.6063050264504087,2.212,,,,,,,,,,,,,,,,,,,,,,,,,,,,,,,,,,,,,,,2026-07-12
pitcher,NYY,WSH,Will Warren,701542,,,,,4.79,14.0,2.52,4.43,5.78,1.93,0.82,2.42,4.19,0.058,6.017094017094017,5.545235572368783,1.890295358649789,2.041382631246275,4.326530612244898,4.858659276173211,0.7948717948717948,0.8726985188581348,2.416,,,,,,,,,,,,,,,,,,,,,,,,,,,,,,,,,,,,,,,2026-07-12
pitcher,CIN,CHC,Andrew Abbott,671096,,,,,4.79,14.0,2.56,4.93,4.59,1.93,0.55,2.28,4.08,0.073,4.676567656765677,4.497510524090055,1.890295358649789,2.041382631246275,4.879746835443039,5.152155509786922,0.547945205479452,0.5661210675823506,2.28,,,,,,,,,,,,,,,,,,,,,,,,,,,,,,,,,,,,,,,2026-07-12
pitcher,CHC,CIN,Matthew Boyd,571510,,,,,4.79,14.0,2.4,4.93,4.52,1.43,0.61,2.28,3.8,0.073,4.5344827586206895,4.497510524090055,1.3455882352941178,1.6812829944533958,4.879746835443039,5.152155509786922,0.547945205479452,0.7592911695295503,2.28,,,,,,,,,,,,,,,,,,,,,,,,,,,,,,,,,,,,,,,2026-07-12
pitcher,NYM,BOS,Zac Thornton,804267,,,,,4.61,14.0,2.57,4.58,4.43,1.91,0.88,2.28,5.08,0.061,4.5344827586206895,4.328501777882078,1.890295358649789,1.9646709666065398,4.486486486486487,4.95854632570307,0.869281045751634,0.91531524226146,2.28,,,,,,,,,,,,,,,,,,,,,,,,,,,,,,,,,,,,,,,2026-07-12
pitcher,BOS,NYM,Payton Tolle,801139,,,,,4.79,14.0,2.36,4.66,5.0,1.64,0.47,2.21,3.73,0.081,4.676567656765677,5.331254490887942,1.610062893081761,1.7468702410277968,4.666666666666667,4.62755356150739,0.4827586206896552,0.44045373111342334,2.212,,,,,,,,,,,,,,,,,,,,,,,,,,,,,,,,,,,,,,,2026-07-12
pitcher,SEA,TB,Emerson Hancock,676106,,,,,4.79,14.0,2.6,5.29,3.75,1.65,0.82,2.43,4.83,0.057,3.8412698412698414,3.6609009771017487,1.610062893081761,1.7704833159728637,5.093457943925234,6.094132954135056,0.7948717948717948,0.8726985188581348,2.432,,,,,,,,,,,,,,,,,,,,,,,,,,,,,,,,,,,,,,,2026-07-12
pitcher,DET,PHI,Tarik Skubal,669373,,,,,5.21,16.0,1.96,3.35,7.59,1.31,0.52,1.79,2.51,0.162,7.666666666666667,7.516544777237001,1.2772277227722773,1.3949231405521847,3.6666666666666665,2.084,0.5409836065573771,0.47907389125280486,1.789,,,,,,,,,,,,,,,,,,,,,,,,,,,,,,,,,,,,,,,2026-07-12
pitcher,PHI,DET,Zack Wheeler,554430,,,,,5.59,17.0,2.24,4.68,7.61,1.33,0.57,2.21,2.56,0.138,7.666666666666667,7.56151755055892,1.2772277227722773,1.496664175755607,4.500000000000001,5.400422632322819,0.5409836065573771,0.6377212642061267,2.212,,,,,,,,,,,,,,,,,,,,,,,,,,,,,,,,,,,,,,,2026-07-12
pitcher,CLE,MIA,Joey Cantillo,676282,,,,,4.79,14.0,2.43,4.59,4.59,1.93,0.55,2.21,4.08,0.081,4.676567656765677,4.497510524090055,1.890295358649789,2.041382631246275,4.525423728813561,4.858659276173211,0.547945205479452,0.5661210675823506,2.212,,,,,,,,,,,,,,,,,,,,,,,,,,,,,,,,,,,,,,,2026-07-12
pitcher,MIN,LAA,Taj Bradley,671737,,,,,5.21,16.0,2.43,4.52,5.24,1.97,0.54,2.21,3.78,0.111,4.676567656765677,5.798713131007553,1.890295358649789,2.220376515405656,4.326530612244898,5.2846795049817175,0.5144396170346723,0.6157600755958343,2.212,,,,,,,,,,,,,,,,,,,,,,,,,,,,,,,,,,,,,,,2026-07-12
pitcher,LAA,MIN,José Soriano,667755,,,,,4.79,14.0,2.65,4.39,5.3,2.4,0.77,2.21,4.47,0.081,5.275,5.331254490887942,2.4,2.408344720713209,4.326530612244898,4.62755356150739,0.7441860465116279,0.8243081650798851,2.212,,,,,,,,,,,,,,,,,,,,,,,,,,,,,,,,,,,,,,,2026-07-12
pitcher,CWS,ATH,Noah Schultz,702273,,,,,4.61,14.0,2.45,4.18,4.9,2.2,0.6,2.21,4.29,0.069,4.676567656765677,5.1309150736938225,2.163265306122449,2.3178432489536314,4.111111111111111,4.453658020573918,0.547945205479452,0.7307583072090245,2.212,,,,,,,,,,,,,,,,,,,,,,,,,,,,,,,,,,,,,,,2026-07-12
pitcher,ATH,CWS,J.T. Ginn,669372,,,,,4.79,14.0,2.89,4.71,4.59,2.35,0.89,2.43,5.23,0.057,4.676567656765677,4.497510524090055,2.3333333333333335,2.408344720713209,4.666666666666667,4.858659276173211,0.869281045751634,0.9510542321979162,2.432,,,,,,,,,,,,,,,,,,,,,,,,,,,,,,,,,,,,,,,2026-07-12
pitcher,STL,ATL,Dustin May,669160,,,,,4.79,14.0,2.14,3.91,5.0,1.93,0.55,2.21,4.06,0.081,4.676567656765677,5.331254490887942,1.890295358649789,2.041382631246275,3.6666666666666665,4.858659276173211,0.5409836065573771,0.5661210675823506,2.212,,,,,,,,,,,,,,,,,,,,,,,,,,,,,,,,,,,,,,,2026-07-12
pitcher,TEX,HOU,MacKenzie Gore,669022,,,,,5.21,16.0,2.42,4.47,6.17,1.97,0.56,1.79,3.49,0.162,6.017094017094017,6.323128873107073,1.890295358649789,2.220376515405656,4.326530612244898,5.0333098236854905,0.5409836065573771,0.5943699081420252,1.789,,,,,,,,,,,,,,,,,,,,,,,,,,,,,,,,,,,,,,,2026-07-12
pitcher,HOU,TEX,Cristian Javier,664299,,,,,4.79,14.0,2.57,4.65,4.59,1.99,0.79,2.21,4.65,0.081,4.676567656765677,4.497510524090055,1.890295358649789,2.295210204438778,4.525423728813561,5.152155509786922,0.7580645161290323,0.8726985188581348,2.212,,,,,,,,,,,,,,,,,,,,,,,,,,,,,,,,,,,,,,,2026-07-12
pitcher,SF,COL,Trevor McDonald,686790,,,,,4.79,14.0,2.48,4.93,3.91,1.72,0.61,2.28,3.97,0.073,3.9961740823880207,3.8257426697625427,1.610062893081761,2.041382631246275,4.879746835443039,5.152155509786922,0.547945205479452,0.7592911695295503,2.28,,,,,,,,,,,,,,,,,,,,,,,,,,,,,,,,,,,,,,,2026-07-12
pitcher,COL,SF,Michael Lorenzen,547179,,,,,4.79,14.0,2.78,5.53,3.67,1.63,0.78,3.08,4.83,-0.01,3.8412698412698414,3.502400723636293,1.610062893081761,1.6812829944533958,5.387096774193548,6.094132954135056,0.7580645161290323,0.8243081650798851,3.075,,,,,,,,,,,,,,,,,,,,,,,,,,,,,,,,,,,,,,,2026-07-12
pitcher,LAD,AZ,Emmet Sheehan,686218,,,,,4.79,14.0,1.99,3.87,5.3,1.52,0.55,1.79,3.49,0.13,5.275,5.331254490887942,1.3455882352941178,2.026480650190615,3.68,4.62755356150739,0.547945205479452,0.5661210675823506,1.789,,,,,,,,,,,,,,,,,,,,,,,,,,,,,,,,,,,,,,,2026-07-12
pitcher,AZ,LAD,Mitch Bratt,683352,,,,,4.61,14.0,2.3,4.4,4.43,1.7,0.5,2.21,3.81,0.069,4.5344827586206895,4.328501777882078,1.610062893081761,1.9503289764882537,4.326530612244898,4.676079178112422,0.4827586206896552,0.5259203985671278,2.212,,,,,,,,,,,,,,,,,,,,,,,,,,,,,,,,,,,,,,,2026-07-12
pitcher,SD,TOR,Germán Márquez,608566,,,,,4.79,14.0,2.78,5.12,3.74,1.93,0.98,3.08,5.5,-0.01,3.6538461538461537,3.8257426697625427,1.890295358649789,2.041382631246275,4.879746835443039,6.094132954135056,0.9130434782608695,1.1249553141128723,3.075,,,,,,,,,,,,,,,,,,,,,,,,,,,,,,,,,,,,,,,2026-07-12
pitcher,TOR,SD,Kevin Gausman,592332,,,,,4.79,14.0,2.45,4.66,4.78,1.43,0.78,2.21,4.31,0.081,4.676567656765677,4.882964964028157,1.3455882352941178,1.6812829944533958,4.666666666666667,4.62755356150739,0.7580645161290323,0.8243081650798851,2.212,,,,,,,,,,,,,,,,,,,,,,,,,,,,,,,,,,,,,,,2026-07-12
hitter,PIT,MIL,Jake Mangum,663968,1.0,LF,Confirmed,4.04,,,,,0.54,0.29,,,,,0.5513774186376811,0.5249349299383288,0.31181077302524474,0.2635373859478242,1.4947368421052631,1.164520308096462,0.08200356819666818,0.06532265374907659,,,1.31,0.51,0.41,2.01,0.07,1.74,0.17,0.01,0.0,0.303,1.914285714285714,1.6027829505891131,0.169,,0.011,,0.0,,False,96.0,99.0,96.0,88.0,93.0,91.0,91.0,92.0,94.0,high,high,high,high,high,high,high,high,high,2026-07-12
hitter,PIT,MIL,Brandon Lowe,664040,2.0,2B,Confirmed,4.18,,,,,1.12,0.5,,,,,1.1524607710759465,1.0913263653330358,0.5294796480157823,0.46607166307203,1.4947368421052631,1.1126100019492275,0.26868602407173076,0.26915540699666596,,,1.28,0.59,0.48,2.17,0.27,2.32,0.21,0.01,0.0,0.347,2.552380952380952,2.1290732257344938,0.207,,0.01,,0.0,,False,96.0,99.0,96.0,88.0,93.0,91.0,91.0,92.0,94.0,high,high,high,high,high,high,high,high,high,2026-07-12
hitter,PIT,MIL,Bryan Reynolds,668804,3.0,LF,Confirmed,4.25,,,,,1.09,0.49,,,,,1.1417776100473571,1.041032713573339,0.5025050886557487,0.46780193456737035,1.4947368421052631,1.1670827006936941,0.14069853795451157,0.16223500892524007,,,1.31,0.52,0.45,1.96,0.15,1.94,0.2,0.02,0.0,0.307,2.057017543859649,1.8371399766665335,0.2,,0.015,,0.0,,False,96.0,99.0,96.0,88.0,93.0,91.0,91.0,92.0,94.0,high,high,high,high,high,high,high,high,high,2026-07-12
hitter,PIT,MIL,Esmerlyn Valdez,699013,4.0,RF,Confirmed,3.96,,,,,1.15,0.48,,,,,1.2042770155501088,1.1005044538259043,0.5175415703637727,0.44258095949242837,1.0980834272829765,0.9774064284773085,0.22526757803965575,0.20765017955538234,,,1.03,0.47,0.43,1.7,0.22,1.91,0.14,0.01,0.0,0.292,2.057017543859649,1.791380970320275,0.14,,0.012,,0.0,,False,96.0,99.0,96.0,88.0,93.0,91.0,91.0,92.0,94.0,high,high,high,high,high,high,high,high,high,2026-07-12
hitter,PIT,MIL,Ryan O'Hearn,656811,5.0,1B,Confirmed,4.26,,,,,0.96,0.49,,,,,0.9494814732283049,0.9778372939041156,0.5296588492839799,0.46007631462322635,1.4947368421052631,1.117581309112289,0.14592118930509865,0.145792469317526,,,1.29,0.51,0.45,1.97,0.15,1.88,0.18,0.01,0.0,0.299,2.057017543859649,1.7302041666333348,0.176,,0.012,,0.0,,False,96.0,99.0,96.0,88.0,93.0,91.0,91.0,92.0,94.0,high,high,high,high,high,high,high,high,high,2026-07-12
hitter,PIT,MIL,Nick Gonzales,693304,6.0,3B,Confirmed,4.39,,,,,0.74,0.34,,,,,0.7325891712937236,0.7452911986912447,0.3385962114673793,0.3340266661343433,1.607843137254902,1.3579080258677758,0.10506488572155742,0.10881960552495012,,,1.47,0.48,0.5,2.12,0.11,1.98,0.17,0.01,0.0,0.301,2.057017543859649,1.9163640419312329,0.174,,0.01,,0.0,,False,96.0,99.0,96.0,88.0,93.0,91.0,91.0,92.0,94.0,high,high,high,high,high,high,high,high,high,2026-07-12
hitter,PIT,MIL,Marcell Ozuna,542303,7.0,DH,Confirmed,4.25,,,,,1.19,0.85,,,,,1.206479839099692,1.1808740493610612,0.8827848973522029,0.8260808821469818,0.707983193277311,0.6992216065452624,0.06502407690190704,0.07365705827806927,,,0.7,0.46,0.41,1.77,0.07,1.13,0.14,0.01,0.0,0.31,1.1521739130434783,1.1200482995839651,0.142,,0.007,,0.0,,False,96.0,99.0,96.0,88.0,93.0,91.0,91.0,92.0,94.0,high,high,high,high,high,high,high,high,high,2026-07-12
hitter,PIT,MIL,Jared Triolo,669707,8.0,SS,Confirmed,4.08,,,,,0.91,0.43,,,,,0.8824763211353283,0.9471170607903624,0.46820120331346604,0.3951829500240637,1.0980834272829765,1.0417888894932794,0.08541147915044964,0.06127328891987426,,,1.07,0.39,0.34,1.63,0.07,1.59,0.15,0.01,0.0,0.275,1.684375,1.5111058453463748,0.147,,0.011,,0.0,,False,96.0,99.0,96.0,88.0,93.0,91.0,91.0,92.0,94.0,high,high,high,high,high,high,high,high,high,2026-07-12
hitter,PIT,MIL,Henry Davis,680779,9.0,C,Confirmed,3.33,,,,,0.88,0.3,,,,,0.9255437304467956,0.8361294745717431,0.3377704668588466,0.2645842903555876,0.994208494208494,0.8021020740567221,0.18809256405720765,0.1616951272780433,,,0.89,0.38,0.36,1.53,0.17,1.69,0.16,0.01,0.0,0.313,1.914285714285714,1.5104288749063624,0.159,,0.007,,0.0,,False,96.0,99.0,96.0,88.0,93.0,91.0,91.0,92.0,94.0,high,high,high,high,high,high,high,high,high,2026-07-12
hitter,MIL,PIT,Christian Yelich,592885,1.0,DH,Confirmed,4.61,,,,,1.77,0.22,,,,,1.6969683608802293,1.8474054383481726,0.20313413743516776,0.240365831580266,0.8949771689497716,0.9940286045136767,0.045604675212660296,0.04813509705528062,,,0.95,0.63,0.5,2.13,0.05,1.32,0.18,0.01,0.0,0.335,1.239368165249089,1.3841106918509831,0.18,,0.008,,0.0,,False,96.0,99.0,96.0,88.0,93.0,91.0,91.0,92.0,94.0,high,high,high,high,high,high,high,high,high,2026-07-12
hitter,MIL,PIT,Jackson Chourio,694192,2.0,LF,Confirmed,4.74,,,,,1.61,0.17,,,,,1.5738203431279172,1.6472365080072036,0.17390016445069606,0.16549523087599624,1.0980834272829765,1.127157688898675,0.05360009893193537,0.02980212390021343,,,1.11,0.67,0.55,2.37,0.04,1.41,0.22,0.01,0.0,0.346,1.3148148148148149,1.4868647202456362,0.217,,0.015,,0.0,,False,96.0,99.0,96.0,88.0,93.0,91.0,91.0,92.0,94.0,high,high,high,high,high,high,high,high,high,2026-07-12
hitter,MIL,PIT,Brice Turang,668930,3.0,2B,Confirmed,4.61,,,,,1.68,0.27,,,,,1.615049019365839,1.7520163751234796,0.24175576371494495,0.303661592638419,0.8770949720670391,0.9439460781153335,0.045863324749936006,0.05056313437924326,,,0.91,0.63,0.55,2.18,0.05,1.29,0.17,0.01,0.0,0.345,1.239368165249089,1.3403650918010717,0.169,,0.009,,0.0,,False,96.0,99.0,96.0,88.0,93.0,91.0,91.0,92.0,94.0,high,high,high,high,high,high,high,high,high,2026-07-12
hitter,MIL,PIT,Jake Bauers,641343,4.0,1B,Confirmed,4.25,,,,,1.67,0.22,,,,,1.6045458723871175,1.7259166369241372,0.2105423790875939,0.23492728019041972,0.801980198019802,0.8330625627459848,0.04955393317351645,0.07826490414928704,,,0.82,0.63,0.59,2.1,0.06,1.14,0.13,0.01,0.0,0.359,1.1521739130434783,1.1282730078914058,0.133,,0.006,,0.0,,False,96.0,99.0,96.0,88.0,93.0,91.0,91.0,92.0,94.0,high,high,high,high,high,high,high,high,high,2026-07-12
hitter,MIL,PIT,Gary Sánchez,596142,5.0,C,Confirmed,3.81,,,,,0.74,0.15,,,,,0.660964526074075,0.821805539688552,0.1577560081494488,0.13535479069036183,0.7061469265367316,0.7088988024168003,0.15480152655129698,0.11333850535847823,,,0.71,0.54,0.49,1.83,0.13,1.17,0.13,0.01,0.0,0.346,1.239368165249089,1.1185857342868653,0.135,,0.008,,0.0,,False,96.0,99.0,96.0,88.0,93.0,91.0,91.0,92.0,94.0,high,high,high,high,high,high,high,high,high,2026-07-12
hitter,MIL,PIT,Garrett Mitchell,669003,6.0,CF,Confirmed,4.26,,,,,1.73,0.22,,,,,1.6051646230775665,1.8467650777986429,0.21928705069720492,0.2269748686162077,0.707983193277311,0.7297982004408745,0.0631835315551757,0.05257334948961119,,,0.72,0.49,0.52,1.81,0.06,1.09,0.14,0.01,0.0,0.328,1.1238670694864048,1.069913230507326,0.144,,0.009,,0.0,,False,96.0,99.0,96.0,88.0,93.0,91.0,91.0,92.0,94.0,high,high,high,high,high,high,high,high,high,2026-07-12
hitter,MIL,PIT,Sal Frelick,686217,7.0,RF,Confirmed,3.48,,,,,0.7,0.11,,,,,0.6187293326327835,0.7775538585748213,0.11991658451434403,0.10865398497544326,0.7715355805243446,0.7228590718415701,0.02341700972768278,0.023817295026845414,,,0.74,0.38,0.35,1.53,0.02,0.98,0.13,0.01,0.0,0.307,1.001763668430335,0.9586873094598335,0.126,,0.009,,0.0,,False,96.0,99.0,96.0,88.0,93.0,91.0,91.0,92.0,94.0,high,high,high,high,high,high,high,high,high,2026-07-12
hitter,MIL,PIT,Joey Ortiz,687401,8.0,SS,Confirmed,3.33,,,,,0.78,0.12,,,,,0.6949911804007943,0.8622897085020208,0.11262249242139065,0.11887519823387406,0.707983193277311,0.6882491076543956,0.026141041439088797,0.02001259397364437,,,0.7,0.38,0.35,1.53,0.02,0.87,0.13,0.01,0.0,0.323,0.8408408408408409,0.8920874886009378,0.133,,0.008,,0.0,,False,96.0,99.0,96.0,88.0,93.0,91.0,91.0,92.0,94.0,high,high,high,high,high,high,high,high,high,2026-07-12
hitter,MIL,PIT,Braden Shewmake,669699,9.0,3B,Confirmed,3.02,,,,,0.45,0.19,,,,,0.4186243564424664,0.48100971808852694,0.22811646613913208,0.16121000908218822,0.801980198019802,0.6621325829478648,0.12137476773886541,0.11031924693746671,,,0.73,0.35,0.32,1.38,0.12,1.19,0.13,0.01,0.0,0.327,1.3148148148148149,1.0920868779117046,0.129,,0.007,,0.0,,False,96.0,99.0,96.0,88.0,93.0,91.0,91.0,92.0,94.0,high,high,high,high,high,high,high,high,high,2026-07-12
hitter,BAL,KC,Gunnar Henderson,683002,1.0,SS,Confirmed,4.45,,,,,0.75,0.42,,,,,0.6663744052899416,0.8269855066517198,0.4412508102216963,0.3981518069202887,0.994208494208494,0.9425261743368415,0.03943369526743038,0.038137050850413426,,,0.97,0.79,0.67,2.95,0.04,1.31,0.2,0.01,0.0,0.413,1.3148148148148149,1.3022776706472232,0.202,,0.012,,0.0,,False,96.0,99.0,96.0,88.0,93.0,91.0,91.0,92.0,94.0,high,high,high,high,high,high,high,high,high,2026-07-12
hitter,BAL,KC,Taylor Ward,621493,2.0,DH,Confirmed,4.57,,,,,0.95,0.48,,,,,0.8911711393881369,1.0079975956228584,0.44276109896511784,0.5183375961278861,0.8694581280788177,0.8412069148448968,0.03571337998923993,0.020580373894301295,,,0.85,0.62,0.54,2.26,0.03,1.24,0.24,0.01,0.0,0.328,1.239368165249089,1.2433151380276146,0.236,,0.007,,0.0,,False,96.0,99.0,96.0,88.0,93.0,91.0,91.0,92.0,94.0,high,high,high,high,high,high,high,high,high,2026-07-12
hitter,BAL,KC,Dylan Beavers,687637,3.0,LF,Confirmed,3.74,,,,,0.81,0.38,,,,,0.768926873413688,0.8500495538298269,0.3777355875347651,0.3793980759623438,0.6666666666666666,0.6290955521847611,0.032471527070752515,0.02469261241341033,,,0.65,0.5,0.49,1.87,0.03,0.93,0.14,0.01,0.0,0.319,0.9875776397515532,0.8799280290587053,0.142,,0.01,,0.0,,False,96.0,99.0,96.0,88.0,93.0,91.0,91.0,92.0,94.0,high,high,high,high,high,high,high,high,high,2026-07-12
hitter,BAL,KC,Pete Alonso,624413,4.0,1B,Confirmed,4.68,,,,,0.93,0.56,,,,,0.8541013843636847,1.0150794252113065,0.4955807610718457,0.6315037153670792,0.994208494208494,0.9590701199531231,0.07090594792138263,0.07521148703147937,,,0.97,0.92,0.92,3.33,0.07,1.49,0.2,0.01,0.0,0.457,1.4476190476190476,1.5243584918842337,0.2,,0.01,,0.0,,False,96.0,99.0,96.0,88.0,93.0,91.0,91.0,92.0,94.0,high,high,high,high,high,high,high,high,high,2026-07-12
hitter,BAL,KC,Samuel Basallo,694212,5.0,C,Confirmed,3.74,,,,,0.82,0.29,,,,,0.7890185614315866,0.8501945081524824,0.2915089294816121,0.278703930751476,0.707983193277311,0.6834453760449837,0.0370698272600717,0.021277010446016265,,,0.69,0.57,0.57,2.14,0.03,0.98,0.17,0.01,0.0,0.358,1.001763668430335,0.9680850724689252,0.167,,0.008,,0.0,,False,96.0,99.0,96.0,88.0,93.0,91.0,91.0,92.0,94.0,high,high,high,high,high,high,high,high,high,2026-07-12
hitter,BAL,KC,Blaze Alexander,677942,6.0,3B,Confirmed,3.1,,,,,0.76,0.28,,,,,0.8032348472992983,0.7163992085741759,0.3079082297698399,0.2557267255471754,0.707983193277311,0.6101251301459136,0.026023707485440833,0.01613166551096824,,,0.65,0.5,0.54,2.14,0.02,0.91,0.18,0.01,0.0,0.438,1.001763668430335,0.8298116137990397,0.183,,0.01,,0.0,,False,96.0,99.0,96.0,88.0,93.0,91.0,91.0,92.0,94.0,high,high,high,high,high,high,high,high,high,2026-07-12
hitter,BAL,KC,Colton Cowser,681297,7.0,CF,Confirmed,3.48,,,,,1.44,0.48,,,,,1.4416689569477583,1.4296135288439251,0.49767598536086877,0.45289084320243966,0.7715355805243446,0.631849677079272,0.10100356983195141,0.0928232215687372,,,0.69,0.39,0.39,1.58,0.1,1.19,0.15,0.01,0.0,0.302,1.239368165249089,1.1527632973910118,0.145,,0.007,,0.0,,False,96.0,99.0,96.0,88.0,93.0,91.0,91.0,92.0,94.0,high,high,high,high,high,high,high,high,high,2026-07-12
hitter,BAL,KC,Leody Taveras,665750,8.0,CF,Confirmed,4.18,,,,,0.86,0.27,,,,,0.8207896447914305,0.9042137841733279,0.2611220989297576,0.28712219032744335,0.8888888888888888,0.9038870536223124,0.032314973505067526,0.046563141858583214,,,0.9,0.48,0.46,2.04,0.04,1.27,0.19,0.02,0.0,0.316,1.239368165249089,1.2911830929626775,0.193,,0.017,,0.0,,False,96.0,99.0,96.0,88.0,93.0,91.0,91.0,92.0,94.0,high,high,high,high,high,high,high,high,high,2026-07-12
hitter,BAL,KC,Jackson Holliday,702616,9.0,2B,Confirmed,3.33,,,,,0.73,0.27,,,,,0.7235147112805976,0.7374478517507961,0.2849556909890637,0.255293146922315,0.7061469265367316,0.6280778863712161,0.02837913517901344,0.021700245423252242,,,0.66,0.41,0.41,1.69,0.03,0.92,0.17,0.01,0.0,0.338,0.9875776397515532,0.8688382089930686,0.167,,0.011,,0.0,,False,96.0,99.0,96.0,88.0,93.0,91.0,91.0,92.0,94.0,high,high,high,high,high,high,high,high,high,2026-07-12
hitter,KC,BAL,Carter Jensen,695600,1.0,C,Confirmed,3.96,,,,,1.09,0.1,,,,,1.0795312144186442,1.104276568037849,0.10051915105054143,0.10032100805139688,0.707983193277311,0.7787444324481689,0.03423408736583271,0.05114400284348448,,,0.75,0.33,0.22,1.13,0.04,1.11,0.12,0.01,0.0,0.224,1.1238670694864048,1.1026037922311587,0.117,,0.007,,0.0,,False,96.0,99.0,96.0,88.0,93.0,91.0,91.0,92.0,94.0,high,high,high,high,high,high,high,high,high,2026-07-12
hitter,KC,BAL,Bobby Witt Jr.,677951,2.0,SS,Confirmed,3.81,,,,,0.56,0.22,,,,,0.5835210345993146,0.5323072240068327,0.2511387809721852,0.18448265629469487,1.4947368421052631,1.1621648333902606,0.3110669811638068,0.339878197164654,,,1.31,0.37,0.23,1.24,0.33,2.46,0.13,0.01,0.0,0.263,2.552380952380952,2.3843803337230374,0.133,,0.011,,0.0,,False,96.0,99.0,96.0,88.0,93.0,91.0,91.0,92.0,94.0,high,high,high,high,high,high,high,high,high,2026-07-12
hitter,KC,BAL,Jac Caglianone,695506,3.0,RF,Confirmed,4.18,,,,,0.81,0.26,,,,,0.8011137155981565,0.8180454494612226,0.2904426995969339,0.22548273752428125,1.4947368421052631,1.1638525546485745,0.37294101864658125,0.3055794166054112,,,1.31,0.4,0.31,1.41,0.34,2.58,0.13,0.01,0.0,0.252,2.6,2.57210600802826,0.128,,0.007,,0.0,,False,96.0,99.0,96.0,88.0,93.0,91.0,91.0,92.0,94.0,high,high,high,high,high,high,high,high,high,2026-07-12
hitter,KC,BAL,Lane Thomas,657041,4.0,CF,Confirmed,3.02,,,,,0.58,0.2,,,,,0.582527339271147,0.5819154609576977,0.2288809561748791,0.17074010648634338,0.801980198019802,0.6425433786382809,0.11527043179522295,0.09350851637396675,,,0.71,0.23,0.15,0.73,0.1,1.13,0.09,0.01,0.0,0.213,1.3148148148148149,0.9790972970169485,0.087,,0.007,,0.0,,False,96.0,99.0,96.0,88.0,93.0,91.0,91.0,92.0,94.0,high,high,high,high,high,high,high,high,high,2026-07-12
hitter,KC,BAL,Vinnie Pasquantino,686469,5.0,DH,Confirmed,4.18,,,,,0.69,0.42,,,,,0.723769561918898,0.6616026882899279,0.45802055202770764,0.3727498392239404,1.0980834272829765,1.0055715086123391,0.2027258669178313,0.17474273579800656,,,1.05,0.41,0.29,1.4,0.19,1.81,0.15,0.01,0.0,0.265,1.914285714285714,1.7249688776480911,0.147,,0.007,,0.0,,False,96.0,99.0,96.0,88.0,93.0,91.0,91.0,92.0,94.0,high,high,high,high,high,high,high,high,high,2026-07-12
hitter,KC,BAL,Salvador Perez,521692,6.0,1B,Confirmed,4.18,,,,,0.63,0.16,,,,,0.6630007287206598,0.5993410805198438,0.17885784053458506,0.14513299165331245,1.607843137254902,1.3581231434723076,0.4783554855809407,0.3803218063801138,,,1.47,0.34,0.32,1.43,0.43,2.72,0.14,0.01,0.0,0.236,2.775,2.6714524633093393,0.142,,0.008,,0.0,,False,96.0,99.0,96.0,88.0,93.0,91.0,91.0,92.0,94.0,high,high,high,high,high,high,high,high,high,2026-07-12
hitter,KC,BAL,Michael Massey,686681,7.0,2B,Confirmed,3.33,,,,,0.37,0.15,,,,,0.41600336203232946,0.3331909534735815,0.18154652184870115,0.12520881644210044,1.0980834272829765,0.8548470829351412,0.11765947156321704,0.13466672384789244,,,0.96,0.22,0.17,0.87,0.13,1.46,0.11,0.01,0.0,0.202,1.684375,1.2784239379003863,0.11,,0.006,,0.0,,False,96.0,99.0,96.0,88.0,93.0,91.0,91.0,92.0,94.0,high,high,high,high,high,high,high,high,high,2026-07-12
hitter,KC,BAL,Josh Rojas,668942,8.0,3B,Confirmed,3.48,,,,,0.66,0.22,,,,,0.6111742013564839,0.7148130359102253,0.2354990550475973,0.20075235981943945,1.0980834272829765,0.9107878021292899,0.15212221424791036,0.17809817613751344,,,1.0,0.3,0.23,1.17,0.17,1.63,0.1,0.01,0.0,0.264,1.914285714285714,1.3909041448032287,0.104,,0.007,,0.0,,False,96.0,99.0,96.0,88.0,93.0,91.0,91.0,92.0,94.0,high,high,high,high,high,high,high,high,high,2026-07-12
hitter,KC,BAL,Isaac Collins,686555,9.0,LF,Confirmed,3.33,,,,,0.58,0.23,,,,,0.5937862151912394,0.5738206190705227,0.27600713672765065,0.1855973856675106,1.0980834272829765,0.8730226724018685,0.14125945747242405,0.12292285381636729,,,0.97,0.25,0.17,0.9,0.13,1.55,0.11,0.01,0.0,0.24,1.914285714285714,1.2544593701415425,0.105,,0.007,,0.0,,False,96.0,99.0,96.0,88.0,93.0,91.0,91.0,92.0,94.0,high,high,high,high,high,high,high,high,high,2026-07-12
hitter,WSH,NYY,James Wood,695578,1.0,RF,Confirmed,4.18,,,,,1.02,0.67,,,,,1.0661566021409357,0.9716603891205042,0.724073622255784,0.6252013974305991,1.0980834272829765,1.04385610253511,0.43787682802460115,0.39166237713881996,,,1.07,0.53,0.45,1.85,0.41,2.52,0.16,0.01,0.0,0.301,2.552380952380952,2.500363586277811,0.16,,0.008,,0.0,,False,96.0,99.0,96.0,88.0,93.0,91.0,91.0,92.0,94.0,high,high,high,high,high,high,high,high,high,2026-07-12
hitter,WSH,NYY,Luis García Jr.,671277,2.0,1B,Confirmed,3.81,,,,,0.5,0.27,,,,,0.5309060253848354,0.4704879317465113,0.29020883723231006,0.24099878774848124,1.0980834272829765,0.9448340249501676,0.22599190680624992,0.2257409778101292,,,1.01,0.38,0.33,1.42,0.23,1.96,0.19,0.01,0.0,0.245,2.057017543859649,1.8784775228296908,0.186,,0.011,,0.0,,False,96.0,99.0,96.0,88.0,93.0,91.0,91.0,92.0,94.0,high,high,high,high,high,high,high,high,high,2026-07-12
hitter,WSH,NYY,Abimelec Ortiz,694673,3.0,DH,Confirmed,2.5,,,,,0.57,0.12,,,,,0.5558036949915046,0.5938328818701709,0.1451184627352546,0.09590410738893212,0.4125159642401022,0.38948152610978903,0.11600293566542927,0.09281003786208492,,,0.4,0.22,0.21,0.85,0.1,0.88,0.1,0.01,0.0,0.22,1.001763668430335,0.7809788574631267,0.097,,0.008,,0.0,,False,96.0,99.0,96.0,88.0,93.0,91.0,91.0,92.0,94.0,high,high,high,high,high,high,high,high,high,2026-07-12
hitter,WSH,NYY,CJ Abrams,682928,4.0,SS,Confirmed,3.96,,,,,0.69,0.28,,,,,0.7092445354522589,0.6783468072650474,0.3081872162382986,0.25250318378365466,1.0980834272829765,1.13810694474854,0.2743915966280705,0.2538140071034142,,,1.12,0.47,0.46,1.82,0.26,2.0,0.17,0.01,0.0,0.284,2.057017543859649,1.9600699163712116,0.17,,0.009,,0.0,,False,96.0,99.0,96.0,88.0,93.0,91.0,91.0,92.0,94.0,high,high,high,high,high,high,high,high,high,2026-07-12
hitter,WSH,NYY,Dylan Crews,686611,5.0,CF,Confirmed,3.96,,,,,0.84,0.3,,,,,0.8384425740610999,0.8350893753880451,0.31348439748437407,0.2895637122295308,1.0980834272829765,1.0598405343300799,0.22156227365731107,0.22963880151794205,,,1.08,0.44,0.42,1.73,0.23,1.95,0.16,0.01,0.0,0.266,2.057017543859649,1.8572011610995613,0.156,,0.008,,0.0,,False,96.0,99.0,96.0,88.0,93.0,91.0,91.0,92.0,94.0,high,high,high,high,high,high,high,high,high,2026-07-12
hitter,WSH,NYY,Daylen Lile,695734,6.0,LF,Confirmed,3.81,,,,,0.53,0.3,,,,,0.5653292691980057,0.4904730762735835,0.3160778413308072,0.2775409160565635,1.1391752577319587,1.0786893822151735,0.28845250963075814,0.23207813672553526,,,1.11,0.41,0.46,1.75,0.26,1.92,0.15,0.01,0.0,0.294,2.057017543859649,1.799421274404434,0.149,,0.014,,0.0,,False,96.0,99.0,96.0,88.0,93.0,91.0,91.0,92.0,94.0,high,high,high,high,high,high,high,high,high,2026-07-12
hitter,WSH,NYY,José Tena,677588,7.0,2B,Confirmed,3.1,,,,,0.6,0.38,,,,,0.5713266061118724,0.6367750380142624,0.42608616781693576,0.33140206850951115,0.801980198019802,0.6241463900838607,0.11742033817961717,0.09904508316090443,,,0.7,0.33,0.31,1.35,0.11,1.1,0.11,0.01,0.0,0.291,1.239368165249089,0.9838325997098138,0.111,,0.009,,0.0,,False,96.0,99.0,96.0,88.0,93.0,91.0,91.0,92.0,94.0,high,high,high,high,high,high,high,high,high,2026-07-12
hitter,WSH,NYY,Jorbit Vivas,678391,8.0,3B,Confirmed,3.1,,,,,0.35,0.4,,,,,0.3470298616719317,0.34717343097900427,0.42157678925516395,0.38286461075555306,0.801980198019802,0.604330004725146,0.056389261289373695,0.05854714058857157,,,0.69,0.27,0.25,1.16,0.06,1.03,0.12,0.01,0.0,0.243,1.1521739130434783,0.9231902947658878,0.12,,0.01,,0.0,,False,96.0,99.0,96.0,88.0,93.0,91.0,91.0,92.0,94.0,high,high,high,high,high,high,high,high,high,2026-07-12
hitter,WSH,NYY,Keibert Ruiz,660688,9.0,C,Confirmed,3.49,,,,,0.24,0.34,,,,,0.27583297198192347,0.2005420844856478,0.3417242567318488,0.34091902174734834,0.994208494208494,0.8383057780426988,0.09163568346246492,0.08168377623363789,,,0.91,0.34,0.33,1.47,0.09,1.32,0.16,0.01,0.0,0.269,1.3893129770992367,1.2543991990987953,0.158,,0.008,,0.0,,False,96.0,99.0,96.0,88.0,93.0,91.0,91.0,92.0,94.0,high,high,high,high,high,high,high,high,high,2026-07-12
hitter,NYY,WSH,Trent Grisham,663757,1.0,CF,Confirmed,4.48,,,,,1.7,0.68,,,,,1.616781242010725,1.7739927596930825,0.6631051592478482,0.7027933596949031,0.5290322580645161,0.5250701619977429,0.25938560717049813,0.26660275953612717,,,0.53,0.76,0.58,2.48,0.26,1.29,0.2,0.01,0.0,0.433,1.239368165249089,1.3279130095250475,0.203,,0.008,,0.0,,False,96.0,99.0,96.0,88.0,93.0,91.0,91.0,92.0,94.0,high,high,high,high,high,high,high,high,high,2026-07-12
hitter,NYY,WSH,Ben Rice,700250,2.0,1B,Confirmed,4.68,,,,,1.69,0.46,,,,,1.577745995077189,1.794434203390102,0.4435888451646882,0.4834007305978639,0.5290322580645161,0.5958381925480055,0.21576333385923085,0.23157126416293905,,,0.57,0.84,0.67,3.0,0.22,1.31,0.28,0.01,0.0,0.442,1.239368165249089,1.3717734128269738,0.281,,0.012,,0.0,,False,96.0,99.0,96.0,88.0,93.0,91.0,91.0,92.0,94.0,high,high,high,high,high,high,high,high,high,2026-07-12
hitter,NYY,WSH,Jasson Domínguez,691176,3.0,DH,Confirmed,4.45,,,,,1.6,0.32,,,,,1.3671083562053334,1.8369363719293967,0.2874628309395778,0.3524822290987268,0.4803149606299212,0.574063601807904,0.14886069931015145,0.17019939939272155,,,0.53,0.6,0.54,2.23,0.16,1.03,0.21,0.01,0.0,0.334,0.8408408408408409,1.1820264862614431,0.209,,0.011,,0.0,,False,96.0,99.0,96.0,88.0,93.0,91.0,91.0,92.0,94.0,high,high,high,high,high,high,high,high,high,2026-07-12
hitter,NYY,WSH,Cody Bellinger,641355,4.0,LF,Confirmed,4.61,,,,,1.21,0.44,,,,,1.1095619503809986,1.3153468448065724,0.4131270432544074,0.4578872590972497,0.5290322580645161,0.5660947193274309,0.1612221455181425,0.1932817594985333,,,0.55,0.66,0.58,2.41,0.18,1.1,0.23,0.01,0.0,0.36,1.001763668430335,1.1884458026090376,0.229,,0.009,,0.0,,False,96.0,99.0,96.0,88.0,93.0,91.0,91.0,92.0,94.0,high,high,high,high,high,high,high,high,high,2026-07-12
hitter,NYY,WSH,Jazz Chisholm Jr.,665862,5.0,2B,Confirmed,3.81,,,,,1.74,0.4,,,,,1.719685423057715,1.761087734439363,0.3931921090090801,0.40041814578366103,0.35424354243542433,0.3722402408406321,0.21746075853558797,0.2244227848383877,,,0.36,0.64,0.58,2.21,0.22,0.98,0.19,0.01,0.0,0.413,0.9875776397515532,0.9658295248651553,0.19,,0.009,,0.0,,False,96.0,99.0,96.0,88.0,93.0,91.0,91.0,92.0,94.0,high,high,high,high,high,high,high,high,high,2026-07-12
hitter,NYY,WSH,José Caballero,676609,6.0,3B,Confirmed,3.74,,,,,1.4,0.3,,,,,1.2820877712323926,1.5148344902471313,0.30065493481186045,0.3072327745919974,0.4125159642401022,0.4075572247612115,0.07726184897552907,0.07944783611815957,,,0.41,0.41,0.39,1.69,0.08,0.73,0.2,0.01,0.0,0.324,0.6720588235294118,0.7762262652604998,0.204,,0.01,,0.0,,False,96.0,99.0,96.0,88.0,93.0,91.0,91.0,92.0,94.0,high,high,high,high,high,high,high,high,high,2026-07-12
hitter,NYY,WSH,Ryan McMahon,641857,7.0,3B,Confirmed,3.77,,,,,1.75,0.4,,,,,1.6895182166414762,1.8079034372015164,0.4076644658312619,0.39704046995162856,0.35424354243542433,0.38040830156297933,0.16743420320419072,0.17179369573713474,,,0.37,0.47,0.42,1.77,0.17,0.91,0.19,0.01,0.0,0.361,0.8408408408408409,0.9652703001994682,0.195,,0.01,,0.0,,False,96.0,99.0,96.0,88.0,93.0,91.0,91.0,92.0,94.0,high,high,high,high,high,high,high,high,high,2026-07-12
hitter,NYY,WSH,Austin Wells,669224,8.0,C,Confirmed,3.1,,,,,1.45,0.22,,,,,1.456333500650508,1.4468664614697522,0.21571094339191682,0.23259417056408513,0.35424354243542433,0.3321120653222141,0.1371852457381095,0.13775599688618542,,,0.34,0.4,0.36,1.57,0.14,0.78,0.18,0.01,0.0,0.372,0.6720588235294118,0.8614060464508262,0.179,,0.008,,0.0,,False,96.0,99.0,96.0,88.0,93.0,91.0,91.0,92.0,94.0,high,high,high,high,high,high,high,high,high,2026-07-12
hitter,NYY,WSH,Max Schuemann,680474,9.0,RF,Confirmed,3.1,,,,,0.87,0.13,,,,,0.8086532321155465,0.9301912467096284,0.15378736823705672,0.11545809255263802,0.3344051446945337,0.3029038378250157,0.020185577911468175,0.01472844743465984,,,0.32,0.33,0.27,1.31,0.02,0.45,0.14,0.01,0.0,0.309,0.44025157232704404,0.45398157393721905,0.136,,0.008,,0.0,,False,96.0,99.0,96.0,88.0,93.0,91.0,91.0,92.0,94.0,high,high,high,high,high,high,high,high,high,2026-07-12
hitter,CIN,CHC,Elly De La Cruz,682829,1.0,SS,Confirmed,4.39,,,,,0.99,0.2,,,,,0.9407379064598763,1.0432238130991716,0.20229666291445095,0.2056097570236683,0.707983193277311,0.7962985117466295,0.11783049897414555,0.14140963990643454,,,0.76,0.63,0.55,2.29,0.13,1.3,0.23,0.01,0.0,0.344,1.239368165249089,1.3560608110236718,0.233,,0.01,,0.0,,False,96.0,99.0,96.0,88.0,93.0,91.0,91.0,92.0,94.0,high,high,high,high,high,high,high,high,high,2026-07-12
hitter,CIN,CHC,Sal Stewart,701398,2.0,1B,Confirmed,4.25,,,,,0.94,0.17,,,,,0.8764297913834335,1.005382797112544,0.17184763586461652,0.16951220871504002,0.7061469265367316,0.7240459138665596,0.16966085478267284,0.16747978944123645,,,0.72,0.66,0.59,2.34,0.17,1.3,0.2,0.01,0.0,0.362,1.239368165249089,1.3465701460606803,0.203,,0.009,,0.0,,False,96.0,99.0,96.0,88.0,93.0,91.0,91.0,92.0,94.0,high,high,high,high,high,high,high,high,high,2026-07-12
hitter,CIN,CHC,Spencer Steer,668715,3.0,CF,Confirmed,3.81,,,,,0.84,0.14,,,,,0.8045505494240033,0.8816839456026654,0.1389179457927738,0.13679585932332883,0.5290322580645161,0.564834767166065,0.09595423996029753,0.08850337811095381,,,0.55,0.5,0.49,1.87,0.09,0.97,0.16,0.01,0.0,0.309,0.9875776397515532,0.9646845117537751,0.155,,0.007,,0.0,,False,96.0,99.0,96.0,88.0,93.0,91.0,91.0,92.0,94.0,high,high,high,high,high,high,high,high,high,2026-07-12
hitter,CIN,CHC,JJ Bleday,668709,4.0,LF,Confirmed,3.89,,,,,0.85,0.16,,,,,0.7716366053561647,0.9188773456639121,0.16291499130843687,0.15009272926953213,0.5290322580645161,0.6028284930403291,0.08826733523638303,0.09316921458934835,,,0.57,0.54,0.53,2.07,0.09,0.99,0.18,0.01,0.0,0.333,0.9875776397515532,0.9900113803611432,0.176,,0.007,,0.0,,False,96.0,99.0,96.0,88.0,93.0,91.0,91.0,92.0,94.0,high,high,high,high,high,high,high,high,high,2026-07-12
hitter,CIN,CHC,Eugenio Suárez,553993,5.0,DH,Confirmed,4.14,,,,,1.01,0.17,,,,,0.8965613414687922,1.120228082324321,0.1516106232659913,0.18190679486804692,0.5290322580645161,0.6067200187702554,0.19667625046332987,0.19115497901843173,,,0.57,0.72,0.76,2.57,0.19,1.22,0.17,0.01,0.0,0.396,1.1521739130434783,1.2720572929261522,0.17,,0.007,,0.0,,False,96.0,99.0,96.0,88.0,93.0,91.0,91.0,92.0,94.0,high,high,high,high,high,high,high,high,high,2026-07-12
hitter,CIN,CHC,Tyler Stephenson,663886,6.0,C,Confirmed,3.74,,,,,0.87,0.2,,,,,0.765929918771757,0.9834891702137855,0.19962278748698128,0.19721314325921335,0.4125159642401022,0.49745435072596084,0.09861689706475985,0.0849807027804853,,,0.46,0.44,0.49,1.8,0.09,0.83,0.14,0.01,0.0,0.317,0.8408408408408409,0.8294502010144585,0.145,,0.007,,0.0,,False,96.0,99.0,96.0,88.0,93.0,91.0,91.0,92.0,94.0,high,high,high,high,high,high,high,high,high,2026-07-12
hitter,CIN,CHC,Noelvi Marte,682622,7.0,RF,Confirmed,4.03,,,,,0.82,0.1,,,,,0.7212813564341221,0.9102302097327443,0.10127025544622392,0.09204188043606973,0.5846774193548387,0.668850947930558,0.10571489596715539,0.11696088632899761,,,0.63,0.48,0.49,1.97,0.11,1.15,0.18,0.01,0.0,0.32,1.1521739130434783,1.1477377356555614,0.177,,0.008,,0.0,,False,96.0,99.0,96.0,88.0,93.0,91.0,91.0,92.0,94.0,high,high,high,high,high,high,high,high,high,2026-07-12
hitter,CIN,CHC,Edwin Arroyo,695490,8.0,2B,Confirmed,3.48,,,,,0.7,0.09,,,,,0.6232286682854076,0.7693142783591813,0.0946633125000246,0.0946348364060476,0.4803149606299212,0.5830655710018916,0.05796321736924658,0.061517905669339366,,,0.54,0.38,0.37,1.65,0.06,0.81,0.16,0.01,0.0,0.3,0.7899761336515513,0.8236557415387876,0.156,,0.008,,0.0,,False,96.0,99.0,96.0,88.0,93.0,91.0,91.0,92.0,94.0,high,high,high,high,high,high,high,high,high,2026-07-12
hitter,CIN,CHC,Ke'Bryan Hayes,663647,9.0,3B,Confirmed,4.04,,,,,0.75,0.26,,,,,0.7043193485088859,0.7864298121929394,0.24287727283445817,0.27165975473409126,0.8694581280788177,0.8945343334695542,0.027679283653911615,0.02776429436191039,,,0.88,0.46,0.44,2.0,0.03,1.13,0.15,0.01,0.0,0.311,1.1521739130434783,1.1177918241926696,0.152,,0.009,,0.0,,False,96.0,99.0,96.0,88.0,93.0,91.0,91.0,92.0,94.0,high,high,high,high,high,high,high,high,high,2026-07-12
hitter,CHC,CIN,Pete Crow-Armstrong,691718,1.0,CF,Confirmed,4.68,,,,,0.95,0.46,,,,,0.8980878428387763,0.9944424037621471,0.39887076995880877,0.5128054650038103,0.801980198019802,0.9238231522866758,0.06697074609974604,0.05380163013595733,,,0.87,0.5,0.32,1.69,0.06,1.43,0.22,0.01,0.0,0.287,1.3148148148148149,1.5163246287638295,0.219,,0.01,,0.0,,False,96.0,99.0,96.0,88.0,93.0,91.0,91.0,92.0,94.0,high,high,high,high,high,high,high,high,high,2026-07-12
hitter,CHC,CIN,Seiya Suzuki,673548,2.0,RF,Confirmed,4.68,,,,,0.96,0.58,,,,,0.9019311047186798,1.0142933146358664,0.5855480395524871,0.5833508581537091,0.801980198019802,0.8805653775315716,0.05470545184032194,0.05232153058273977,,,0.85,0.54,0.32,1.72,0.05,1.29,0.19,0.01,0.0,0.318,1.239368165249089,1.3246042869831056,0.185,,0.008,,0.0,,False,96.0,99.0,96.0,88.0,93.0,91.0,91.0,92.0,94.0,high,high,high,high,high,high,high,high,high,2026-07-12
hitter,CHC,CIN,Alex Bregman,608324,3.0,3B,Confirmed,4.61,,,,,0.54,0.58,,,,,0.546545793298506,0.5379261896413267,0.564739440254372,0.590659971740607,0.8694581280788177,0.9404488293200369,0.05027399205630998,0.04012083269344333,,,0.91,0.54,0.36,1.78,0.05,1.24,0.17,0.01,0.0,0.329,1.239368165249089,1.248380572980368,0.174,,0.008,,0.0,,False,96.0,99.0,96.0,88.0,93.0,91.0,91.0,92.0,94.0,high,high,high,high,high,high,high,high,high,2026-07-12
hitter,CHC,CIN,Carson Kelly,608348,4.0,C,Confirmed,3.96,,,,,0.58,0.44,,,,,0.559067496976752,0.6096866964547698,0.44463558897191136,0.4345687928865261,0.707983193277311,0.668193469243047,0.036663996021633095,0.029204395351195768,,,0.69,0.44,0.29,1.44,0.03,0.96,0.16,0.01,0.0,0.315,0.9875776397515532,0.9447443144903813,0.156,,0.008,,0.0,,False,96.0,99.0,96.0,88.0,93.0,91.0,91.0,92.0,94.0,high,high,high,high,high,high,high,high,high,2026-07-12
hitter,CHC,CIN,Michael Busch,683737,5.0,1B,Confirmed,4.68,,,,,0.96,0.62,,,,,0.9088714842062025,1.0171911594056282,0.628353771132831,0.6080750908741449,0.7715355805243446,0.8967981624319463,0.0507064702869766,0.03913321677940089,,,0.84,0.52,0.33,1.65,0.04,1.08,0.17,0.01,0.0,0.311,1.001763668430335,1.145871131513624,0.167,,0.008,,0.0,,False,96.0,99.0,96.0,88.0,93.0,91.0,91.0,92.0,94.0,high,high,high,high,high,high,high,high,high,2026-07-12
hitter,CHC,CIN,Nico Hoerner,663538,6.0,2B,Confirmed,4.68,,,,,0.31,0.3,,,,,0.2652586382059783,0.34834993746344345,0.2783839672145789,0.3155404186497706,1.0980834272829765,1.1017847667525549,0.03117830424782777,0.022249111386025956,,,1.1,0.48,0.43,2.01,0.03,1.25,0.19,0.01,0.0,0.302,1.239368165249089,1.2672491055501909,0.187,,0.012,,0.0,,False,96.0,99.0,96.0,88.0,93.0,91.0,91.0,92.0,94.0,high,high,high,high,high,high,high,high,high,2026-07-12
hitter,CHC,CIN,Ian Happ,664023,7.0,LF,Confirmed,4.61,,,,,0.95,0.62,,,,,0.8896883720380254,1.006357230129355,0.6175386449232881,0.6141338171097206,0.7715355805243446,0.829465354566542,0.06596979649146359,0.047730997487521035,,,0.8,0.46,0.3,1.56,0.06,1.27,0.17,0.01,0.0,0.32,1.239368165249089,1.2994587065893408,0.17,,0.007,,0.0,,False,96.0,99.0,96.0,88.0,93.0,91.0,91.0,92.0,94.0,high,high,high,high,high,high,high,high,high,2026-07-12
hitter,CHC,CIN,Dansby Swanson,621020,8.0,SS,Confirmed,4.25,,,,,0.88,0.43,,,,,0.8217602353543823,0.9357430401361463,0.46403068234030964,0.4035583731951165,0.7715355805243446,0.7182091985323404,0.05115365773691613,0.04949744154797677,,,0.74,0.41,0.29,1.5,0.05,1.02,0.17,0.01,0.0,0.296,1.001763668430335,1.0302274583038056,0.171,,0.009,,0.0,,False,96.0,99.0,96.0,88.0,93.0,91.0,91.0,92.0,94.0,high,high,high,high,high,high,high,high,high,2026-07-12
hitter,CHC,CIN,Kevin Alcántara,682634,9.0,DH,Confirmed,1.84,,,,,0.56,0.1,,,,,0.5369309102879978,0.5901216173264642,0.12421164565927179,0.08326822782688971,0.23727842797704152,0.147808885144737,0.012924900331542012,0.005000897542278476,,,0.19,0.12,0.09,0.47,0.01,0.24,0.07,0.01,0.0,0.213,0.28125,0.2087202463426865,0.075,,0.007,,0.0,,False,96.0,99.0,96.0,88.0,93.0,91.0,91.0,92.0,94.0,high,high,high,high,high,high,high,high,high,2026-07-12
hitter,NYM,BOS,A.J. Ewing,805999,1.0,CF,Confirmed,4.45,,,,,1.08,0.47,,,,,0.9562971250684403,1.2051957252036662,0.4711156081698248,0.46054918402811335,0.6506024096385542,0.6529962071225901,0.11852290969630438,0.15053476509762292,,,0.65,0.65,0.5,2.25,0.13,1.17,0.17,0.01,0.0,0.365,1.1238670694864048,1.2108028436545912,0.17,,0.011,,0.0,,False,96.0,99.0,96.0,88.0,93.0,91.0,91.0,92.0,94.0,high,high,high,high,high,high,high,high,high,2026-07-12
hitter,NYM,BOS,Juan Soto,665742,2.0,DH,Confirmed,4.97,,,,,0.98,0.71,,,,,0.9207584415873116,1.0444698411183384,0.6491716719422389,0.772844364602326,0.7715355805243446,0.8162246804580245,0.24484980883032864,0.32683173029862445,,,0.8,1.04,0.84,3.38,0.29,1.8,0.17,0.01,0.0,0.511,1.684375,1.8954553647195056,0.167,,0.007,,0.0,,False,96.0,99.0,96.0,88.0,93.0,91.0,91.0,92.0,94.0,high,high,high,high,high,high,high,high,high,2026-07-12
hitter,NYM,BOS,Francisco Lindor,596019,3.0,SS,Confirmed,4.68,,,,,0.94,0.46,,,,,0.8975661448571596,0.9912848583477807,0.4362673195004536,0.4776165109192583,0.707983193277311,0.778406142657288,0.14651007523585458,0.17004877634650145,,,0.75,0.73,0.66,2.56,0.16,1.4,0.21,0.01,0.0,0.388,1.3148148148148149,1.4783289986464028,0.215,,0.008,,0.0,,False,96.0,99.0,96.0,88.0,93.0,91.0,91.0,92.0,94.0,high,high,high,high,high,high,high,high,high,2026-07-12
hitter,NYM,BOS,Eric Wagaman,676572,4.0,1B,Confirmed,1.84,,,,,0.48,0.1,,,,,0.5533837247336708,0.39779224095710586,0.1365066025780266,0.07173038493413673,0.4125159642401022,0.27978489146787694,0.11098977383124833,0.07450943232892684,,,0.34,0.25,0.23,0.89,0.09,0.76,0.11,0.01,0.0,0.354,1.001763668430335,0.5533897405222754,0.114,,0.008,,0.0,,False,96.0,99.0,96.0,88.0,93.0,91.0,91.0,92.0,94.0,high,high,high,high,high,high,high,high,high,2026-07-12
hitter,NYM,BOS,Carson Benge,701807,5.0,RF,Confirmed,4.64,,,,,1.04,0.31,,,,,0.9640598183839036,1.1066845574470774,0.2856851826168135,0.3295203227874093,0.707983193277311,0.7704239437816018,0.14023126414902218,0.18073483177578034,,,0.74,0.67,0.62,2.43,0.16,1.36,0.23,0.01,0.0,0.357,1.239368165249089,1.4528327264778322,0.233,,0.01,,0.0,,False,96.0,99.0,96.0,88.0,93.0,91.0,91.0,92.0,94.0,high,high,high,high,high,high,high,high,high,2026-07-12
hitter,NYM,BOS,Tyrone Taylor,621438,6.0,LF,Confirmed,3.96,,,,,0.64,0.24,,,,,0.5759504155133648,0.7103870234215636,0.22327301320262166,0.2619137711529349,0.8770949720670391,0.9228742338059788,0.06337678357868157,0.08085013132284419,,,0.9,0.45,0.45,1.9,0.07,1.3,0.18,0.01,0.0,0.327,1.3148148148148149,1.2866071744379666,0.176,,0.009,,0.0,,False,96.0,99.0,96.0,88.0,93.0,91.0,91.0,92.0,94.0,high,high,high,high,high,high,high,high,high,2026-07-12
hitter,NYM,BOS,Luis Torrens,620443,7.0,C,Confirmed,3.81,,,,,0.88,0.24,,,,,0.7779290992982,0.98212380620927,0.2303696983794832,0.24733499589833477,0.4803149606299212,0.5381350057103684,0.07066697366388713,0.06928147063506754,,,0.51,0.42,0.36,1.67,0.07,0.85,0.15,0.01,0.0,0.314,0.8408408408408409,0.8596681863493845,0.149,,0.008,,0.0,,False,96.0,99.0,96.0,88.0,93.0,91.0,91.0,92.0,94.0,high,high,high,high,high,high,high,high,high,2026-07-12
hitter,NYM,BOS,Brett Baty,683146,8.0,3B,Confirmed,3.81,,,,,1.03,0.33,,,,,0.9672223783347577,1.0976423598132707,0.3342809283659385,0.33314222090722073,0.4803149606299212,0.4970351113644466,0.12980178123472436,0.13623484287824905,,,0.49,0.48,0.43,1.8,0.13,0.91,0.14,0.01,0.0,0.357,0.8408408408408409,0.972294193171749,0.138,,0.008,,0.0,,False,96.0,99.0,96.0,88.0,93.0,91.0,91.0,92.0,94.0,high,high,high,high,high,high,high,high,high,2026-07-12
hitter,NYM,BOS,Zack Short,670097,9.0,2B,Confirmed,3.49,,,,,0.95,0.16,,,,,0.8599225157054661,1.034603235988568,0.161229769395354,0.1514781566337319,0.5290322580645161,0.5498258480485326,0.10695472700937245,0.09481696198367073,,,0.54,0.39,0.34,1.54,0.1,0.97,0.14,0.01,0.0,0.322,1.001763668430335,0.9487503016989194,0.14,,0.007,,0.0,,False,96.0,99.0,96.0,88.0,93.0,91.0,91.0,92.0,94.0,high,high,high,high,high,high,high,high,high,2026-07-12
hitter,BOS,NYM,Anthony Seigler,678011,1.0,2B,Confirmed,3.81,,,,,1.04,0.24,,,,,0.9426418279781378,1.1361912961502914,0.24487112242445494,0.24111357809295028,0.801980198019802,0.8028193999624613,0.13181062895784684,0.1515850355185088,,,0.8,0.35,0.25,1.3,0.14,1.35,0.14,0.01,0.0,0.233,1.3893129770992367,1.323803702170734,0.141,,0.01,,0.0,,False,96.0,99.0,96.0,88.0,93.0,91.0,91.0,92.0,94.0,high,high,high,high,high,high,high,high,high,2026-07-12
hitter,BOS,NYM,Ceddanne Rafaela,678882,2.0,CF,Confirmed,4.18,,,,,0.95,0.19,,,,,0.8913416957181775,0.999524773383176,0.18720554954516308,0.18426843591338082,1.0980834272829765,1.0485642234323644,0.18967524555180362,0.17756538825545976,,,1.07,0.41,0.31,1.59,0.18,1.87,0.16,0.01,0.0,0.242,1.914285714285714,1.8388399783651774,0.158,,0.01,,0.0,,False,96.0,99.0,96.0,88.0,93.0,91.0,91.0,92.0,94.0,high,high,high,high,high,high,high,high,high,2026-07-12
hitter,BOS,NYM,Wilyer Abreu,677800,3.0,RF,Confirmed,3.96,,,,,1.17,0.3,,,,,1.1403655534347468,1.209321807447684,0.3103041636771131,0.29429063143437356,0.8694581280788177,0.850308395534789,0.25131693240117703,0.2584878242911779,,,0.86,0.36,0.29,1.35,0.25,1.84,0.14,0.01,0.0,0.232,1.914285714285714,1.7830598955346186,0.136,,0.009,,0.0,,False,96.0,99.0,96.0,88.0,93.0,91.0,91.0,92.0,94.0,high,high,high,high,high,high,high,high,high,2026-07-12
hitter,BOS,NYM,Romy Gonzalez,663853,4.0,1B,Confirmed,3.96,,,,,0.77,0.45,,,,,0.750229723010599,0.7993371224392766,0.4613292408833283,0.4314483071332401,0.6434108527131783,0.5578665591675814,0.14780150291741437,0.153634485583344,,,0.6,0.41,0.36,1.65,0.15,1.15,0.19,0.01,0.0,0.259,1.1521739130434783,1.1405578479137715,0.195,,0.008,,0.0,,False,96.0,99.0,96.0,88.0,93.0,91.0,91.0,92.0,94.0,high,high,high,high,high,high,high,high,high,2026-07-12
hitter,BOS,NYM,Caleb Durbin,702332,5.0,3B,Confirmed,3.81,,,,,0.59,0.2,,,,,0.5809131794375283,0.6090624413984708,0.20755843366025672,0.19523673649233006,0.8949771689497716,0.9580350836666163,0.14141886204747903,0.14164826353797874,,,0.93,0.4,0.34,1.62,0.14,1.51,0.16,0.01,0.0,0.264,1.5956790123456794,1.4476596374066608,0.159,,0.008,,0.0,,False,96.0,99.0,96.0,88.0,93.0,91.0,91.0,92.0,94.0,high,high,high,high,high,high,high,high,high,2026-07-12
hitter,BOS,NYM,Andruw Monasterio,655316,6.0,1B,Confirmed,3.1,,,,,0.64,0.47,,,,,0.6493835798828155,0.6334828663219705,0.5372452914090848,0.40759111157730665,0.4125159642401022,0.37551434959685115,0.14231117493825562,0.09085699889768255,,,0.39,0.27,0.26,1.18,0.12,0.97,0.12,0.01,0.0,0.249,1.1238670694864048,0.8445274140817952,0.116,,0.008,,0.0,,False,96.0,99.0,96.0,88.0,93.0,91.0,91.0,92.0,94.0,high,high,high,high,high,high,high,high,high,2026-07-12
hitter,BOS,NYM,Jarren Duran,680776,7.0,DH,Confirmed,4.04,,,,,1.34,0.29,,,,,1.3722232688169207,1.3084018286978432,0.3007544550956608,0.2872162177811228,1.0980834272829765,1.027548714852208,0.4412848052809261,0.32264570509295515,,,1.06,0.39,0.33,1.62,0.38,2.33,0.19,0.02,0.0,0.281,2.456692913385827,2.21855178472464,0.191,,0.015,,0.0,,False,96.0,99.0,96.0,88.0,93.0,91.0,91.0,92.0,94.0,high,high,high,high,high,high,high,high,high,2026-07-12
hitter,BOS,NYM,Nate Eaton,681987,8.0,LF,Confirmed,3.74,,,,,0.87,0.29,,,,,0.8006998610124234,0.9362272425130954,0.2858129900916023,0.30214455032375664,0.801980198019802,0.7426778830364895,0.07203164576523866,0.07113007216694346,,,0.77,0.27,0.23,1.14,0.07,1.13,0.12,0.01,0.0,0.207,1.239368165249089,1.0481286455045646,0.122,,0.007,,0.0,,False,96.0,99.0,96.0,88.0,93.0,91.0,91.0,92.0,94.0,high,high,high,high,high,high,high,high,high,2026-07-12
hitter,BOS,NYM,Connor Wong,657136,9.0,C,Confirmed,3.54,,,,,0.65,0.57,,,,,0.5829223418918552,0.7202429169617225,0.5888085724825541,0.5481126846009826,0.4125159642401022,0.3858672305128574,0.09309077234237167,0.0920821752294689,,,0.4,0.26,0.21,1.05,0.09,0.89,0.14,0.01,0.0,0.213,0.9875776397515532,0.8087869892266744,0.138,,0.008,,0.0,,False,96.0,99.0,96.0,88.0,93.0,91.0,91.0,92.0,94.0,high,high,high,high,high,high,high,high,high,2026-07-12
hitter,TB,SEA,Yandy Díaz,650490,1.0,DH,Confirmed,3.96,,,,,0.79,0.13,,,,,0.8163259818807056,0.7613547208970726,0.09451941135023798,0.1591387079627731,0.6434108527131783,0.6236105172804713,0.025913469561509722,0.026422419979239987,,,0.63,0.26,0.15,0.82,0.03,0.81,0.1,0.01,0.0,0.179,0.7899761336515513,0.8225962223912511,0.096,,0.007,,0.0,,False,96.0,99.0,96.0,88.0,93.0,91.0,91.0,92.0,94.0,high,high,high,high,high,high,high,high,high,2026-07-12
hitter,TB,SEA,Jonathan Aranda,666018,2.0,1B,Confirmed,3.96,,,,,1.16,0.12,,,,,1.1514157247723407,1.1716517182428272,0.09406702969934905,0.1372623967205008,0.5846774193548387,0.6130529736163723,0.029461428062774717,0.03764534576535972,,,0.6,0.26,0.15,0.83,0.03,0.79,0.1,0.01,0.0,0.184,0.7899761336515513,0.7871312039497698,0.101,,0.007,,0.0,,False,96.0,99.0,96.0,88.0,93.0,91.0,91.0,92.0,94.0,high,high,high,high,high,high,high,high,high,2026-07-12
hitter,TB,SEA,Junior Caminero,691406,3.0,3B,Confirmed,3.96,,,,,1.01,0.12,,,,,1.0535549839038802,0.9644531420837136,0.09265014608475602,0.15347729744332617,0.5290322580645161,0.4718267285547482,0.04071722300093353,0.042610875245116246,,,0.5,0.28,0.19,0.88,0.04,0.74,0.11,0.01,0.0,0.194,0.7899761336515513,0.6912025802690628,0.108,,0.007,,0.0,,False,96.0,99.0,96.0,88.0,93.0,91.0,91.0,92.0,94.0,high,high,high,high,high,high,high,high,high,2026-07-12
hitter,TB,SEA,Cedric Mullins,656775,4.0,CF,Confirmed,3.48,,,,,1.04,0.08,,,,,1.0392319337089901,1.0321612717411601,0.06805869058061995,0.08329437122196023,0.4125159642401022,0.4159191649566294,0.02787569167848752,0.024976279093012668,,,0.41,0.21,0.14,0.69,0.03,0.63,0.08,0.01,0.0,0.164,0.6720588235294118,0.6003548225655281,0.085,,0.007,,0.0,,False,96.0,99.0,96.0,88.0,93.0,91.0,91.0,92.0,94.0,high,high,high,high,high,high,high,high,high,2026-07-12
hitter,TB,SEA,Chandler Simpson,802415,5.0,LF,Confirmed,3.49,,,,,0.5,0.08,,,,,0.4650838817031473,0.5390031757264332,0.07023025496311722,0.08279737280755825,0.6434108527131783,0.641682668070245,0.01254821776317543,0.0,,,0.64,0.21,0.16,0.79,0.01,0.68,0.1,0.01,0.0,0.163,0.6720588235294118,0.6793664286051907,0.1,,0.011,,0.0,,False,96.0,99.0,96.0,88.0,93.0,91.0,91.0,92.0,94.0,high,high,high,high,high,high,high,high,high,2026-07-12
hitter,TB,SEA,Victor Mesa Jr.,683748,6.0,RF,Confirmed,3.74,,,,,1.03,0.27,,,,,0.9835276777409762,1.0862495481774161,0.2800195908791545,0.2649462051424603,0.4125159642401022,0.46728877206192976,0.02773692377009332,0.03265504462377605,,,0.44,0.19,0.15,0.7,0.03,0.7,0.09,0.01,0.0,0.165,0.6720588235294118,0.7196252282295578,0.085,,0.007,,0.0,,False,96.0,99.0,96.0,88.0,93.0,91.0,91.0,92.0,94.0,high,high,high,high,high,high,high,high,high,2026-07-12
hitter,TB,SEA,Taylor Walls,670764,7.0,SS,Confirmed,3.1,,,,,0.88,0.09,,,,,0.8648211702536188,0.8915126573392701,0.08716691989524385,0.08602018214782042,0.4125159642401022,0.4474494140484177,0.019347643880515457,0.013689237935789727,,,0.43,0.18,0.13,0.66,0.02,0.59,0.08,0.01,0.0,0.183,0.6289308176100628,0.5506986242773607,0.083,,0.008,,0.0,,False,96.0,99.0,96.0,88.0,93.0,91.0,91.0,92.0,94.0,high,high,high,high,high,high,high,high,high,2026-07-12
hitter,TB,SEA,Richie Palacios,680700,8.0,2B,Confirmed,3.02,,,,,0.72,0.08,,,,,0.7301318144789886,0.701486658054162,0.06962392741330033,0.09474970099699198,0.4125159642401022,0.3966507062441708,0.019953567907384336,0.020689366338632175,,,0.4,0.17,0.12,0.63,0.02,0.54,0.08,0.01,0.0,0.175,0.5302013422818792,0.5524671791672754,0.08,,0.009,,0.0,,False,96.0,99.0,96.0,88.0,93.0,91.0,91.0,92.0,94.0,high,high,high,high,high,high,high,high,high,2026-07-12
hitter,TB,SEA,Hunter Feduccia,676439,9.0,C,Confirmed,2.55,,,,,0.86,0.16,,,,,0.8841311682065934,0.8361472716099513,0.1945471941428427,0.12882403085147992,0.3344051446945337,0.23713763810781782,0.021604631358988935,0.010785313129061643,,,0.28,0.14,0.09,0.49,0.02,0.41,0.07,0.01,0.0,0.171,0.4591194968553459,0.375126768966919,0.071,,0.007,,0.0,,False,96.0,99.0,96.0,88.0,93.0,91.0,91.0,92.0,94.0,high,high,high,high,high,high,high,high,high,2026-07-12
hitter,SEA,TB,J.P. Crawford,641487,1.0,SS,Confirmed,3.93,,,,,0.91,0.41,,,,,0.8986993574214378,0.9129694424407343,0.4116618197444961,0.40091537893734364,0.6434108527131783,0.5305112151610083,0.10203072883567485,0.10106596202202583,,,0.58,0.38,0.29,1.32,0.1,0.99,0.11,0.01,0.0,0.244,1.001763668430335,0.9817208446974763,0.107,,0.007,,0.0,,False,96.0,99.0,96.0,88.0,93.0,91.0,91.0,92.0,94.0,high,high,high,high,high,high,high,high,high,2026-07-12
hitter,SEA,TB,Randy Arozarena,668227,2.0,LF,Confirmed,4.18,,,,,1.32,0.42,,,,,1.317774350600754,1.325901780447734,0.4107342883446645,0.427452849797902,0.6434108527131783,0.6013797175736441,0.1379324886637333,0.16767381045718519,,,0.62,0.38,0.3,1.33,0.15,1.18,0.11,0.01,0.0,0.228,1.1521739130434783,1.2022907855301195,0.115,,0.008,,0.0,,False,96.0,99.0,96.0,88.0,93.0,91.0,91.0,92.0,94.0,high,high,high,high,high,high,high,high,high,2026-07-12
hitter,SEA,TB,Cal Raleigh,663728,3.0,DH,Confirmed,3.96,,,,,1.44,0.53,,,,,1.5053003689968236,1.374484174371905,0.5577059670885903,0.504252009419314,0.6434108527131783,0.5817323320657685,0.3024834273627716,0.24259282905069765,,,0.61,0.51,0.48,1.69,0.27,1.36,0.12,0.01,0.0,0.311,1.3893129770992367,1.3404616724378637,0.118,,0.008,,0.0,,False,96.0,99.0,96.0,88.0,93.0,91.0,91.0,92.0,94.0,high,high,high,high,high,high,high,high,high,2026-07-12
hitter,SEA,TB,Josh Naylor,647304,4.0,1B,Confirmed,4.08,,,,,0.72,0.33,,,,,0.7256571069826935,0.7203707990823779,0.3380816259597199,0.32988182878102423,0.7061469265367316,0.6445966939803722,0.11176424058122852,0.1425255002572971,,,0.67,0.4,0.36,1.47,0.13,1.18,0.13,0.01,0.0,0.244,1.1521739130434783,1.2088618442039873,0.128,,0.007,,0.0,,False,96.0,99.0,96.0,88.0,93.0,91.0,91.0,92.0,94.0,high,high,high,high,high,high,high,high,high,2026-07-12
hitter,SEA,TB,Mitch Garver,641598,5.0,C,Confirmed,3.09,,,,,1.1,0.33,,,,,1.1142357143160757,1.0864069290280765,0.3611508162887659,0.2934550982843855,0.35424354243542433,0.26801540256952994,0.10796700772233708,0.09002759376603807,,,0.31,0.24,0.21,0.81,0.1,0.62,0.08,0.01,0.0,0.204,0.6720588235294118,0.5806172652744191,0.079,,0.007,,0.0,,False,96.0,99.0,96.0,88.0,93.0,91.0,91.0,92.0,94.0,high,high,high,high,high,high,high,high,high,2026-07-12
hitter,SEA,TB,Cole Young,702284,6.0,2B,Confirmed,3.74,,,,,0.84,0.28,,,,,0.8378577188229182,0.8441591483327493,0.27177129912930864,0.2800522563321258,0.5290322580645161,0.537619543821374,0.12133310322053725,0.11424346044276382,,,0.53,0.3,0.32,1.21,0.12,1.07,0.12,0.01,0.0,0.228,1.1238670694864048,1.0296637969746327,0.119,,0.007,,0.0,,False,96.0,99.0,96.0,88.0,93.0,91.0,91.0,92.0,94.0,high,high,high,high,high,high,high,high,high,2026-07-12
hitter,SEA,TB,Victor Robles,645302,7.0,CF,Confirmed,3.02,,,,,0.83,0.21,,,,,0.8457684984495034,0.8067273805506919,0.21891529931469808,0.19324816026520308,0.4125159642401022,0.3556115054226514,0.057224706488600216,0.05542854047053086,,,0.38,0.2,0.17,0.78,0.06,0.64,0.08,0.01,0.0,0.186,0.6720588235294118,0.6131306645131859,0.082,,0.007,,0.0,,False,96.0,99.0,96.0,88.0,93.0,91.0,91.0,92.0,94.0,high,high,high,high,high,high,high,high,high,2026-07-12
hitter,SEA,TB,Weston Wilson,642215,8.0,RF,Confirmed,2.55,,,,,0.6,0.24,,,,,0.5995018516984367,0.5992700277097723,0.278496203488501,0.20211475999998954,0.5846774193548387,0.39810781274920537,0.10209202553712993,0.08720230650205468,,,0.48,0.17,0.15,0.66,0.09,0.82,0.07,0.01,0.0,0.187,0.9875776397515532,0.6831823129077392,0.068,,0.006,,0.0,,False,96.0,99.0,96.0,88.0,93.0,91.0,91.0,92.0,94.0,high,high,high,high,high,high,high,high,high,2026-07-12
hitter,SEA,TB,Buddy Kennedy,671083,9.0,3B,Confirmed,1.84,,,,,0.54,0.15,,,,,0.607835181935026,0.4716054874278447,0.20715880717903387,0.09800890014417891,0.4803149606299212,0.27177562548012507,0.08235665576176168,0.05875775437639829,,,0.37,0.16,0.15,0.64,0.07,0.64,0.07,0.01,0.0,0.247,0.8408408408408409,0.4693941511298579,0.067,,0.006,,0.0,,False,96.0,99.0,96.0,88.0,93.0,91.0,91.0,92.0,94.0,high,high,high,high,high,high,high,high,high,2026-07-12
hitter,DET,PHI,Kevin McGonigle,805808,1.0,SS,Confirmed,4.68,,,,,0.69,0.51,,,,,0.658734598857604,0.7275748898284916,0.502888511080115,0.5087607219206112,1.0980834272829765,1.1267929043867604,0.17024934289816784,0.1639574469727975,,,1.11,0.75,0.59,2.84,0.17,1.85,0.24,0.01,0.0,0.395,1.914285714285714,1.7919172546752669,0.239,,0.008,,0.0,,False,96.0,99.0,96.0,88.0,93.0,91.0,91.0,92.0,94.0,high,high,high,high,high,high,high,high,high,2026-07-12
hitter,DET,PHI,Dillon Dingler,693307,2.0,C,Confirmed,4.61,,,,,1.09,0.22,,,,,1.0018338878996587,1.1820069293448923,0.22448334292443223,0.21635804575216233,1.0980834272829765,1.1728004216093133,0.1710025265316882,0.18828434323871074,,,1.14,0.72,0.59,2.81,0.18,1.93,0.25,0.01,0.0,0.375,1.914285714285714,1.9459041707286122,0.252,,0.012,,0.0,,False,96.0,99.0,96.0,88.0,93.0,91.0,91.0,92.0,94.0,high,high,high,high,high,high,high,high,high,2026-07-12
hitter,DET,PHI,Colt Keith,690993,3.0,3B,Confirmed,3.19,,,,,0.71,0.18,,,,,0.7043385178470594,0.7151839794928845,0.1959661161424263,0.16966135288268447,0.801980198019802,0.6598975532638085,0.10850246043329564,0.09146911108204972,,,0.72,0.45,0.41,1.75,0.1,1.13,0.16,0.01,0.0,0.341,1.239368165249089,1.0461006883609025,0.164,,0.01,,0.0,,False,96.0,99.0,96.0,88.0,93.0,91.0,91.0,92.0,94.0,high,high,high,high,high,high,high,high,high,2026-07-12
hitter,DET,PHI,Riley Greene,682985,4.0,LF,Confirmed,4.68,,,,,1.3,0.34,,,,,1.2327086986407165,1.368725044886546,0.325973795726617,0.3511301914917798,1.0980834272829765,1.0721645230744692,0.22360229683638183,0.24590546383032294,,,1.08,0.64,0.59,2.42,0.23,2.04,0.25,0.01,0.0,0.336,2.057017543859649,2.03471380066742,0.247,,0.009,,0.0,,False,96.0,99.0,96.0,88.0,93.0,91.0,91.0,92.0,94.0,high,high,high,high,high,high,high,high,high,2026-07-12
hitter,DET,PHI,Spencer Torkelson,679529,5.0,1B,Confirmed,4.57,,,,,1.23,0.42,,,,,1.1899886225030423,1.2799615793336823,0.4203782188806998,0.4192155227305948,0.994208494208494,1.030040703742225,0.18325174905457067,0.21444359009411534,,,1.01,0.59,0.53,2.22,0.2,1.84,0.19,0.01,0.0,0.319,1.914285714285714,1.7860585480459157,0.187,,0.009,,0.0,,False,96.0,99.0,96.0,88.0,93.0,91.0,91.0,92.0,94.0,high,high,high,high,high,high,high,high,high,2026-07-12
hitter,DET,PHI,Kerry Carpenter,681481,6.0,DH,Confirmed,4.18,,,,,1.02,0.23,,,,,0.9349092851117886,1.1074835957527345,0.23475403637172423,0.2295411768747206,0.8694581280788177,0.8925440042878376,0.20879685931235342,0.2012288473302319,,,0.88,0.47,0.51,1.98,0.21,1.56,0.18,0.01,0.0,0.312,1.4759615384615385,1.6312559398367508,0.183,,0.009,,0.0,,False,96.0,99.0,96.0,88.0,93.0,91.0,91.0,92.0,94.0,high,high,high,high,high,high,high,high,high,2026-07-12
hitter,DET,PHI,Zach McKinstry,656716,7.0,2B,Confirmed,3.96,,,,,0.74,0.25,,,,,0.6978695644344202,0.7769686617849026,0.261000767190679,0.23390189804354836,0.994208494208494,0.9000286048710527,0.09956266969635119,0.10390107672016327,,,0.94,0.47,0.42,1.98,0.1,1.42,0.19,0.02,0.0,0.33,1.4157766934277654,1.4220873321220677,0.193,,0.017,,0.0,,False,96.0,99.0,96.0,88.0,93.0,91.0,91.0,92.0,94.0,high,high,high,high,high,high,high,high,high,2026-07-12
hitter,DET,PHI,Matt Vierling,663837,8.0,RF,Confirmed,3.33,,,,,0.63,0.14,,,,,0.616110686783946,0.6518940197477217,0.15317800150673042,0.13258604057273446,0.707983193277311,0.7003135599824636,0.12371637466724786,0.09802107608067777,,,0.7,0.39,0.36,1.63,0.11,1.17,0.18,0.01,0.0,0.322,1.239368165249089,1.1131523983055691,0.179,,0.008,,0.0,,False,96.0,99.0,96.0,88.0,93.0,91.0,91.0,92.0,94.0,high,high,high,high,high,high,high,high,high,2026-07-12
hitter,DET,PHI,James Outman,681546,9.0,CF,Confirmed,3.32,,,,,1.09,0.19,,,,,1.0999634438249566,1.079003980128662,0.19751796733504215,0.1880916175005729,0.7061469265367316,0.5845579248379648,0.12318537085695735,0.11961853552987856,,,0.64,0.34,0.32,1.36,0.12,1.09,0.18,0.01,0.0,0.289,1.1238670694864048,1.0649071815549855,0.178,,0.009,,0.0,,False,96.0,99.0,96.0,88.0,93.0,91.0,91.0,92.0,94.0,high,high,high,high,high,high,high,high,high,2026-07-12
hitter,PHI,DET,Trea Turner,607208,1.0,SS,Confirmed,3.96,,,,,0.97,0.51,,,,,1.060764051498981,0.8807177888795602,0.5569600212051042,0.4629752431104299,1.0980834272829765,0.9579862229776122,0.05251965257401024,0.038616637825954314,,,1.02,0.26,0.23,0.91,0.05,1.49,0.07,0.01,0.0,0.158,1.684375,1.3326048293935084,0.073,,0.008,,0.0,,False,96.0,99.0,96.0,88.0,93.0,91.0,91.0,92.0,94.0,high,high,high,high,high,high,high,high,high,2026-07-12
hitter,PHI,DET,Kyle Schwarber,656941,2.0,DH,Confirmed,4.04,,,,,1.46,1.05,,,,,1.5956413974323647,1.331331146717578,1.2382310837847281,0.8706384065045123,1.0,0.8805892516289393,0.14340893289028558,0.1456197769696804,,,0.93,0.4,0.36,1.17,0.14,1.57,0.08,0.01,0.0,0.237,1.684375,1.470822465219419,0.082,,0.006,,0.0,,False,96.0,99.0,96.0,88.0,93.0,91.0,91.0,92.0,94.0,high,high,high,high,high,high,high,high,high,2026-07-12
hitter,PHI,DET,Bryce Harper,547180,3.0,1B,Confirmed,3.96,,,,,1.13,0.84,,,,,1.2151394289330095,1.0425743506627074,0.9517215765405199,0.7261977957374356,1.0,0.8837607237665691,0.06809100050478165,0.03650759785092421,,,0.94,0.3,0.29,1.0,0.05,1.3,0.08,0.01,0.0,0.183,1.3893129770992367,1.223922063445638,0.082,,0.006,,0.0,,False,96.0,99.0,96.0,88.0,93.0,91.0,91.0,92.0,94.0,high,high,high,high,high,high,high,high,high,2026-07-12
hitter,PHI,DET,Alec Bohm,664761,4.0,3B,Confirmed,3.81,,,,,0.73,0.52,,,,,0.7744679546891727,0.6788002646636644,0.537997242065684,0.49370541775436644,1.0980834272829765,0.9635781559663626,0.051088018218862545,0.04829984854653257,,,1.02,0.28,0.27,1.03,0.05,1.42,0.08,0.01,0.0,0.176,1.5956790123456794,1.2729505899216236,0.082,,0.007,,0.0,,False,96.0,99.0,96.0,88.0,93.0,91.0,91.0,92.0,94.0,high,high,high,high,high,high,high,high,high,2026-07-12
hitter,PHI,DET,Edmundo Sosa,624641,5.0,LF,Confirmed,3.02,,,,,0.88,0.32,,,,,0.9034648421964512,0.8554453900118665,0.3452627753348556,0.2971140105404534,0.801980198019802,0.5796651660965099,0.03947767042939911,0.028063133989063193,,,0.68,0.25,0.25,0.91,0.03,1.02,0.08,0.01,0.0,0.196,1.239368165249089,0.8322004600620854,0.079,,0.007,,0.0,,False,96.0,99.0,96.0,88.0,93.0,91.0,91.0,92.0,94.0,high,high,high,high,high,high,high,high,high,2026-07-12
hitter,PHI,DET,Brandon Marsh,669016,6.0,RF,Confirmed,3.81,,,,,1.22,0.57,,,,,1.2743199999465522,1.1568265244185667,0.6217843727361694,0.520078915097209,0.8949771689497716,0.7627904751541513,0.06036874326467908,0.034355298082078226,,,0.82,0.23,0.26,0.9,0.05,1.16,0.07,0.01,0.0,0.164,1.239368165249089,1.0987886724729174,0.074,,0.007,,0.0,,False,96.0,99.0,96.0,88.0,93.0,91.0,91.0,92.0,94.0,high,high,high,high,high,high,high,high,high,2026-07-12
hitter,PHI,DET,Derek Hill,656537,7.0,CF,Confirmed,2.9,,,,,1.14,0.33,,,,,1.2209945826763176,1.0566518990596165,0.34403980321082905,0.3096813813194773,0.7061469265367316,0.4279948564863524,0.04025451412556334,0.0317628975209861,,,0.55,0.19,0.19,0.73,0.04,0.87,0.08,0.01,0.0,0.18,0.9875776397515532,0.7810317350195797,0.078,,0.006,,0.0,,False,96.0,99.0,96.0,88.0,93.0,91.0,91.0,92.0,94.0,high,high,high,high,high,high,high,high,high,2026-07-12
hitter,PHI,DET,J.T. Realmuto,592663,8.0,C,Confirmed,3.09,,,,,0.92,0.4,,,,,0.9427332949195554,0.9045110483402486,0.4310744564696364,0.36593131440321264,0.707983193277311,0.5894035844999546,0.04534951981942643,0.03536502935198892,,,0.64,0.18,0.18,0.7,0.04,0.96,0.06,0.01,0.0,0.161,1.1238670694864048,0.8199771105664511,0.059,,0.006,,0.0,,False,96.0,99.0,96.0,88.0,93.0,91.0,91.0,92.0,94.0,high,high,high,high,high,high,high,high,high,2026-07-12
hitter,PHI,DET,Bryson Stott,681082,9.0,2B,Confirmed,3.58,,,,,0.77,0.58,,,,,0.802025846027142,0.7426493944326574,0.6404170070950206,0.5103170798090828,0.994208494208494,0.7645415141486182,0.03552339336600088,0.03466192109913566,,,0.87,0.21,0.2,0.82,0.04,1.13,0.07,0.01,0.0,0.167,1.239368165249089,1.0387791098146766,0.065,,0.007,,0.0,,False,96.0,99.0,96.0,88.0,93.0,91.0,91.0,92.0,94.0,high,high,high,high,high,high,high,high,high,2026-07-12
hitter,MIA,CLE,Otto Lopez,672640,1.0,SS,Confirmed,4.57,,,,,0.38,0.33,,,,,0.40342592762919494,0.3657232195968373,0.3261996811622525,0.33030712503541526,1.607843137254902,1.4413270371677342,0.22248096169988738,0.21300927869054964,,,1.52,0.44,0.29,1.54,0.22,2.12,0.12,0.01,0.0,0.253,2.057017543859649,2.1757734927624712,0.118,,0.008,,0.0,,False,96.0,99.0,96.0,88.0,93.0,91.0,91.0,92.0,94.0,high,high,high,high,high,high,high,high,high,2026-07-12
hitter,MIA,CLE,Heriberto Hernández,681715,2.0,LF,Confirmed,4.18,,,,,0.73,0.42,,,,,0.7084728109042,0.7491053927727765,0.4058620036666628,0.4275553215441325,1.1391752577319587,1.0810067216059704,0.2499795835779971,0.2601612075756314,,,1.11,0.37,0.22,1.18,0.26,2.01,0.11,0.01,0.0,0.248,2.057017543859649,1.9693605020311196,0.115,,0.007,,0.0,,False,96.0,99.0,96.0,88.0,93.0,91.0,91.0,92.0,94.0,high,high,high,high,high,high,high,high,high,2026-07-12
hitter,MIA,CLE,Liam Hicks,689414,3.0,1B,Confirmed,4.45,,,,,0.32,0.5,,,,,0.36053174058221615,0.2788133101660287,0.49396294568047305,0.5015588677916504,1.1702127659574468,1.101913328091926,0.11352601850629554,0.09942774519344891,,,1.13,0.38,0.26,1.28,0.11,1.79,0.12,0.01,0.0,0.236,1.914285714285714,1.6857269951380363,0.124,,0.008,,0.0,,False,96.0,99.0,96.0,88.0,93.0,91.0,91.0,92.0,94.0,high,high,high,high,high,high,high,high,high,2026-07-12
hitter,MIA,CLE,Xavier Edwards,669364,4.0,2B,Confirmed,4.57,,,,,0.36,0.45,,,,,0.3928024962271661,0.3320970509286851,0.44788758570490583,0.46177352195697335,1.607843137254902,1.3882730685904252,0.12059414811284952,0.09873748203829213,,,1.49,0.44,0.31,1.52,0.11,1.96,0.13,0.01,0.0,0.259,2.057017543859649,1.8720027636948782,0.132,,0.008,,0.0,,False,96.0,99.0,96.0,88.0,93.0,91.0,91.0,92.0,94.0,high,high,high,high,high,high,high,high,high,2026-07-12
hitter,MIA,CLE,Javier Sanoja,691594,5.0,3B,Confirmed,3.49,,,,,0.27,0.24,,,,,0.3098899354443311,0.23708007231436998,0.25032857812935694,0.2293013325698344,1.0980834272829765,0.994921961992795,0.07904296072227734,0.0998027828482265,,,1.04,0.36,0.27,1.32,0.09,1.53,0.15,0.01,0.0,0.278,1.684375,1.4052875510777658,0.149,,0.009,,0.0,,False,96.0,99.0,96.0,88.0,93.0,91.0,91.0,92.0,94.0,high,high,high,high,high,high,high,high,high,2026-07-12
hitter,MIA,CLE,Leo Jiménez,677870,6.0,3B,Confirmed,3.81,,,,,0.68,0.39,,,,,0.6539711452707414,0.7024878227742457,0.3813096049435286,0.3894893432268699,1.0980834272829765,1.0220742059686208,0.14295307638278493,0.14562739855472748,,,1.06,0.29,0.22,1.04,0.14,1.71,0.13,0.01,0.0,0.245,1.914285714285714,1.5475514407707445,0.132,,0.006,,0.0,,False,96.0,99.0,96.0,88.0,93.0,91.0,91.0,92.0,94.0,high,high,high,high,high,high,high,high,high,2026-07-12
hitter,MIA,CLE,Esteury Ruiz,665923,7.0,CF,Confirmed,3.33,,,,,0.71,0.3,,,,,0.6629285580666754,0.7526937276119553,0.332082210046202,0.2644786826433387,0.801980198019802,0.6931342067564343,0.11016473150109518,0.1263384907816429,,,0.74,0.23,0.15,0.79,0.12,1.22,0.1,0.01,0.0,0.218,1.239368165249089,1.2024579752256936,0.096,,0.007,,0.0,,False,96.0,99.0,96.0,88.0,93.0,91.0,91.0,92.0,94.0,high,high,high,high,high,high,high,high,high,2026-07-12
hitter,MIA,CLE,Rece Hinds,677956,8.0,DH,Confirmed,3.02,,,,,1.32,0.16,,,,,1.320437492165021,1.3120560668123114,0.1696662401379047,0.15361771016637857,0.7061469265367316,0.5581256977602053,0.11719870203724389,0.0900682111196529,,,0.62,0.19,0.14,0.69,0.1,1.04,0.1,0.01,0.0,0.198,1.239368165249089,0.8725784922181697,0.1,,0.006,,0.0,,False,96.0,99.0,96.0,88.0,93.0,91.0,91.0,92.0,94.0,high,high,high,high,high,high,high,high,high,2026-07-12
hitter,MIA,CLE,Brian Navarreto,640459,9.0,C,Confirmed,3.33,,,,,0.64,0.25,,,,,0.6215946408926885,0.66374299131182,0.25797935080170986,0.240681123740869,1.0980834272829765,0.8801890160430719,0.11318632405498669,0.08736862696883144,,,0.98,0.27,0.21,1.06,0.1,1.27,0.15,0.01,0.0,0.246,1.3148148148148149,1.2265887996327824,0.151,,0.006,,0.0,,False,96.0,99.0,96.0,88.0,93.0,91.0,91.0,92.0,94.0,high,high,high,high,high,high,high,high,high,2026-07-12
hitter,CLE,MIA,Travis Bazzana,683953,1.0,2B,Confirmed,4.93,,,,,1.0,0.7,,,,,1.0226503292396278,0.9773908275596298,0.7083195112904247,0.6926940202318556,1.0980834272829765,1.1944860900209917,0.3198357047082967,0.4121050573209388,,,1.15,0.81,0.61,2.92,0.37,2.26,0.23,0.01,0.0,0.41,2.057017543859649,2.4344229014051977,0.234,,0.01,,0.0,,False,96.0,99.0,96.0,88.0,93.0,91.0,91.0,92.0,94.0,high,high,high,high,high,high,high,high,high,2026-07-12
hitter,CLE,MIA,Brayan Rocchio,677587,2.0,SS,Confirmed,4.25,,,,,0.65,0.36,,,,,0.6672651447687136,0.6375980078581825,0.349749135599694,0.3752950756608022,0.8949771689497716,0.9197885183859517,0.1548831847638574,0.17625473231843308,,,0.91,0.54,0.42,2.05,0.17,1.66,0.2,0.01,0.0,0.317,1.684375,1.6318386697663971,0.204,,0.012,,0.0,,False,96.0,99.0,96.0,88.0,93.0,91.0,91.0,92.0,94.0,high,high,high,high,high,high,high,high,high,2026-07-12
hitter,CLE,MIA,Chase DeLauter,800050,3.0,DH,Confirmed,4.74,,,,,0.64,0.43,,,,,0.6746441974221874,0.6036283562036822,0.4188676946559797,0.43742373105800286,1.0980834272829765,1.1982535205577483,0.22657141755735657,0.21891445950331856,,,1.15,0.74,0.66,2.89,0.22,2.15,0.27,0.01,0.0,0.384,2.057017543859649,2.227946319315205,0.272,,0.014,,0.0,,False,96.0,99.0,96.0,88.0,93.0,91.0,91.0,92.0,94.0,high,high,high,high,high,high,high,high,high,2026-07-12
hitter,CLE,MIA,Kyle Manzardo,700932,4.0,1B,Confirmed,4.39,,,,,1.1,0.55,,,,,1.104852640653282,1.0960884107602702,0.5398352913415267,0.5523258647004631,0.801980198019802,0.8493044992195431,0.36719866143911406,0.4038507055033016,,,0.83,0.63,0.55,2.27,0.39,2.43,0.21,0.01,0.0,0.357,2.057017543859649,2.7282655233570416,0.206,,0.01,,0.0,,False,96.0,99.0,96.0,88.0,93.0,91.0,91.0,92.0,94.0,high,high,high,high,high,high,high,high,high,2026-07-12
hitter,CLE,MIA,Kahlil Watson,696135,5.0,RF,Confirmed,4.14,,,,,1.06,0.42,,,,,1.0773240745942403,1.0469561036619044,0.4190214639439337,0.4133032161881016,0.8770949720670391,0.8689300487564854,0.1585750164693652,0.18326547648063235,,,0.87,0.56,0.48,2.14,0.17,1.57,0.22,0.01,0.0,0.34,1.5956790123456794,1.5408621623844765,0.215,,0.01,,0.0,,False,96.0,99.0,96.0,88.0,93.0,91.0,91.0,92.0,94.0,high,high,high,high,high,high,high,high,high,2026-07-12
hitter,CLE,MIA,Gabriel Arias,672356,6.0,3B,Confirmed,4.18,,,,,1.15,0.35,,,,,1.1538473108874119,1.139509695004838,0.3258421616807269,0.37678814908192937,0.8949771689497716,0.8867898723728089,0.2713024550428729,0.2956159079518324,,,0.89,0.5,0.52,2.12,0.28,2.17,0.18,0.01,0.0,0.331,1.914285714285714,2.378296257621112,0.181,,0.008,,0.0,,False,96.0,99.0,96.0,88.0,93.0,91.0,91.0,92.0,94.0,high,high,high,high,high,high,high,high,high,2026-07-12
hitter,CLE,MIA,Petey Halpin,690984,7.0,CF,Confirmed,2.55,,,,,0.74,0.05,,,,,0.7308193081934173,0.7572423316432267,0.062338529731416896,0.03697634196780734,0.4125159642401022,0.3270201986324992,0.013731326979438107,0.010745167474963785,,,0.37,0.26,0.22,1.07,0.01,0.54,0.13,0.01,0.0,0.305,0.6720588235294118,0.4252881414372698,0.126,,0.009,,0.0,,False,96.0,99.0,96.0,88.0,93.0,91.0,91.0,92.0,94.0,high,high,high,high,high,high,high,high,high,2026-07-12
hitter,CLE,MIA,Patrick Bailey,672275,8.0,C,Confirmed,3.19,,,,,0.84,0.32,,,,,0.8903982722967432,0.7817045950121876,0.3576082650685214,0.2820111598674823,0.707983193277311,0.5972968080156178,0.0989865204841994,0.09625774326294878,,,0.65,0.38,0.33,1.59,0.1,1.16,0.18,0.01,0.0,0.346,1.3148148148148149,1.0373540323613186,0.176,,0.012,,0.0,,False,96.0,99.0,96.0,88.0,93.0,91.0,91.0,92.0,94.0,high,high,high,high,high,high,high,high,high,2026-07-12
hitter,CLE,MIA,Steven Kwan,680757,9.0,LF,Confirmed,3.81,,,,,0.35,0.39,,,,,0.32709400386998033,0.3720516277418376,0.4042946401435048,0.3739105439849053,1.0,0.8572635536337792,0.09896230016506305,0.10459484211216957,,,0.92,0.48,0.4,1.98,0.1,1.39,0.2,0.01,0.0,0.363,1.5956790123456794,1.2160332058185404,0.204,,0.012,,0.0,,False,96.0,99.0,96.0,88.0,93.0,91.0,91.0,92.0,94.0,high,high,high,high,high,high,high,high,high,2026-07-12
hitter,MIN,LAA,Trevor Larnach,663616,1.0,LF,Confirmed,4.25,,,,,0.76,0.37,,,,,0.7447413256777765,0.773501056292513,0.3688260054282624,0.36973739000573047,0.994208494208494,0.9147092200661818,0.24091000561217396,0.23625190295023085,,,0.95,0.48,0.35,1.83,0.24,1.92,0.18,0.02,0.0,0.283,2.057017543859649,1.8054331251853117,0.181,,0.017,,0.0,,False,96.0,99.0,96.0,88.0,93.0,91.0,91.0,92.0,94.0,high,high,high,high,high,high,high,high,high,2026-07-12
hitter,MIN,LAA,Ryan Jeffers,680777,2.0,C,Confirmed,4.08,,,,,0.91,0.18,,,,,0.9138320899929556,0.910236377472658,0.19340237237477287,0.1748214344907438,0.994208494208494,0.9009708225453477,0.25819298353924486,0.2718782460317584,,,0.94,0.48,0.35,1.83,0.27,1.88,0.16,0.01,0.0,0.295,1.914285714285714,1.845615494630659,0.163,,0.009,,0.0,,False,96.0,99.0,96.0,88.0,93.0,91.0,91.0,92.0,94.0,high,high,high,high,high,high,high,high,high,2026-07-12
hitter,MIN,LAA,Josh Bell,605137,3.0,DH,Confirmed,4.25,,,,,1.06,0.37,,,,,1.0818641609591404,1.028475812232111,0.3852025229008552,0.3463223436823984,1.0980834272829765,1.0279202187480279,0.09688568461224101,0.07856324036193257,,,1.06,0.53,0.47,2.1,0.09,1.73,0.19,0.01,0.0,0.312,1.914285714285714,1.5861398724206608,0.195,,0.014,,0.0,,False,96.0,99.0,96.0,88.0,93.0,91.0,91.0,92.0,94.0,high,high,high,high,high,high,high,high,high,2026-07-12
hitter,MIN,LAA,Kody Clemens,665019,4.0,2B,Confirmed,4.25,,,,,1.28,0.31,,,,,1.2376339490587192,1.316025788211928,0.3166906225399625,0.2975919813357291,1.0980834272829765,0.9495720112542048,0.0812083752715935,0.06111190664037087,,,1.02,0.47,0.42,1.89,0.07,1.6,0.18,0.02,0.0,0.277,1.684375,1.526179184095472,0.184,,0.016,,0.0,,False,96.0,99.0,96.0,88.0,93.0,91.0,91.0,92.0,94.0,high,high,high,high,high,high,high,high,high,2026-07-12
hitter,MIN,LAA,Royce Lewis,668904,5.0,1B,Confirmed,4.25,,,,,1.32,0.3,,,,,1.288060987786968,1.3471536649928797,0.3080888439258288,0.284952380214157,0.994208494208494,0.9907032760916642,0.0635487657462363,0.06586956128264865,,,0.99,0.46,0.41,1.86,0.06,1.52,0.16,0.01,0.0,0.268,1.5956790123456794,1.4630901001211396,0.162,,0.011,,0.0,,False,96.0,99.0,96.0,88.0,93.0,91.0,91.0,92.0,94.0,high,high,high,high,high,high,high,high,high,2026-07-12
hitter,MIN,LAA,Brooks Lee,686797,6.0,3B,Confirmed,4.25,,,,,0.94,0.38,,,,,0.898556539504582,0.9756680188170278,0.38714100495053017,0.3784085654532607,1.0980834272829765,1.0497216879535103,0.05780831142176728,0.06713237198699129,,,1.07,0.42,0.41,1.83,0.06,1.46,0.16,0.01,0.0,0.28,1.4759615384615385,1.4426228957490397,0.156,,0.011,,0.0,,False,96.0,99.0,96.0,88.0,93.0,91.0,91.0,92.0,94.0,high,high,high,high,high,high,high,high,high,2026-07-12
hitter,MIN,LAA,Alan Roden,702176,7.0,RF,Confirmed,2.55,,,,,0.53,0.12,,,,,0.49708902776006036,0.5551497252458121,0.12615162890222492,0.10514128915080694,0.4125159642401022,0.4144187033698893,0.07161321704353724,0.04927434756097201,,,0.41,0.21,0.19,0.93,0.06,0.65,0.12,0.01,0.0,0.242,0.6992421095027739,0.6035848124750112,0.12,,0.012,,0.0,,False,96.0,99.0,96.0,88.0,93.0,91.0,91.0,92.0,94.0,high,high,high,high,high,high,high,high,high,2026-07-12
hitter,MIN,LAA,Luke Keaschall,807712,8.0,CF,Confirmed,4.18,,,,,0.77,0.42,,,,,0.7484444355752722,0.7903449101023267,0.42243882741883587,0.4231483504007093,1.0980834272829765,1.0627602775175835,0.0373414787261255,0.026705534956281134,,,1.08,0.45,0.38,1.93,0.03,1.44,0.19,0.01,0.0,0.307,1.4476190476190476,1.440845810997816,0.188,,0.01,,0.0,,False,96.0,99.0,96.0,88.0,93.0,91.0,91.0,92.0,94.0,high,high,high,high,high,high,high,high,high,2026-07-12
hitter,MIN,LAA,Ryan Kreidler,668952,9.0,SS,Confirmed,3.96,,,,,1.14,0.35,,,,,1.0186005209146363,1.2515683521122494,0.35069753652960967,0.3547024970414812,0.8694581280788177,0.8029653767374907,0.03665047361788862,0.042055802412295985,,,0.83,0.34,0.28,1.42,0.04,1.27,0.18,0.02,0.0,0.251,1.3148148148148149,1.2402848231465273,0.175,,0.015,,0.0,,False,96.0,99.0,96.0,88.0,93.0,91.0,91.0,92.0,94.0,high,high,high,high,high,high,high,high,high,2026-07-12
hitter,LAA,MIN,Zach Neto,687263,1.0,SS,Confirmed,4.51,,,,,1.63,0.27,,,,,1.5848552805543796,1.6717086907246346,0.2519924595497586,0.281724727417194,1.1391752577319587,1.2251153066050755,0.07889473475605452,0.09330199613785536,,,1.19,0.5,0.33,1.7,0.09,1.86,0.19,0.01,0.0,0.293,1.914285714285714,1.8080439645728297,0.188,,0.007,,0.0,,False,96.0,99.0,96.0,88.0,93.0,91.0,91.0,92.0,94.0,high,high,high,high,high,high,high,high,high,2026-07-12
hitter,LAA,MIN,Mike Trout,545361,2.0,DH,Confirmed,4.61,,,,,1.27,0.75,,,,,1.2698591299195348,1.265122216356331,0.702677673728757,0.7960207978281516,0.8770949720670391,0.8965209600904721,0.2714056748425758,0.24289586968688345,,,0.89,0.53,0.32,1.64,0.26,1.82,0.12,0.01,0.0,0.311,1.914285714285714,1.7340774732130082,0.116,,0.006,,0.0,,False,96.0,99.0,96.0,88.0,93.0,91.0,91.0,92.0,94.0,high,high,high,high,high,high,high,high,high,2026-07-12
hitter,LAA,MIN,Nolan Schanuel,694384,3.0,1B,Confirmed,4.48,,,,,0.73,0.41,,,,,0.6335909650607943,0.8267497836592197,0.412148118061167,0.4119916890626601,0.8770949720670391,0.9470136106364767,0.08874498538992834,0.09743985454846214,,,0.92,0.47,0.36,1.72,0.09,1.34,0.17,0.01,0.0,0.277,1.3148148148148149,1.352835841149484,0.167,,0.009,,0.0,,False,96.0,99.0,96.0,88.0,93.0,91.0,91.0,92.0,94.0,high,high,high,high,high,high,high,high,high,2026-07-12
hitter,LAA,MIN,Jorge Soler,624585,4.0,RF,Confirmed,4.25,,,,,1.56,0.25,,,,,1.5568142203350301,1.5716777604970624,0.24727582801009926,0.2455760418023982,1.0980834272829765,1.0929028185681824,0.06605499525984627,0.07852251544013478,,,1.1,0.44,0.33,1.54,0.07,1.64,0.15,0.01,0.0,0.271,1.684375,1.6115987215143148,0.145,,0.007,,0.0,,False,96.0,99.0,96.0,88.0,93.0,91.0,91.0,92.0,94.0,high,high,high,high,high,high,high,high,high,2026-07-12
hitter,LAA,MIN,Jo Adell,666176,5.0,RF,Confirmed,4.18,,,,,1.31,0.14,,,,,1.2483020031254366,1.3704542580616907,0.15619379577969666,0.13058778058785367,1.1391752577319587,1.1693770772138012,0.07759994553553984,0.09356565703163133,,,1.16,0.45,0.38,1.7,0.09,1.82,0.18,0.01,0.0,0.274,1.914285714285714,1.751039640651406,0.181,,0.009,,0.0,,False,96.0,99.0,96.0,88.0,93.0,91.0,91.0,92.0,94.0,high,high,high,high,high,high,high,high,high,2026-07-12
hitter,LAA,MIN,Josh Lowe,666139,6.0,LF,Confirmed,3.96,,,,,1.25,0.14,,,,,1.21401097696596,1.2843845467862023,0.14399933786388922,0.12704877726956967,1.0980834272829765,1.0202702499621887,0.05078125955603159,0.056184157554814325,,,1.06,0.33,0.29,1.33,0.05,1.4,0.15,0.01,0.0,0.247,1.3893129770992367,1.410160777322243,0.152,,0.007,,0.0,,False,96.0,99.0,96.0,88.0,93.0,91.0,91.0,92.0,94.0,high,high,high,high,high,high,high,high,high,2026-07-12
hitter,LAA,MIN,Oswald Peraza,672724,7.0,2B,Confirmed,3.81,,,,,1.35,0.17,,,,,1.278786074893206,1.425634973043993,0.15808922890448013,0.1898928245714198,1.0980834272829765,0.9570942773069122,0.04731462443948239,0.0522148620175131,,,1.02,0.33,0.27,1.31,0.05,1.35,0.13,0.01,0.0,0.255,1.3893129770992367,1.3254231947993143,0.13,,0.007,,0.0,,False,96.0,99.0,96.0,88.0,93.0,91.0,91.0,92.0,94.0,high,high,high,high,high,high,high,high,high,2026-07-12
hitter,LAA,MIN,Denzer Guzman,694203,8.0,3B,Confirmed,4.25,,,,,1.44,0.18,,,,,1.3925647295027423,1.488905582434977,0.174261127846213,0.17595698071097152,1.1391752577319587,1.1352588215366715,0.048319018464899055,0.059291347452773535,,,1.14,0.36,0.28,1.41,0.05,1.75,0.17,0.01,0.0,0.253,1.914285714285714,1.6141188560566908,0.172,,0.007,,0.0,,False,96.0,99.0,96.0,88.0,93.0,91.0,91.0,92.0,94.0,high,high,high,high,high,high,high,high,high,2026-07-12
hitter,LAA,MIN,Logan O'Hoppe,681351,9.0,C,Confirmed,3.96,,,,,1.47,0.18,,,,,1.4534262356603624,1.4876241370169694,0.17328856064803352,0.17854360925997304,1.0980834272829765,1.0333517927291516,0.047576728339273844,0.0628681235177022,,,1.06,0.33,0.26,1.3,0.06,1.42,0.14,0.01,0.0,0.249,1.3893129770992367,1.4443257873582738,0.139,,0.006,,0.0,,False,96.0,99.0,96.0,88.0,93.0,91.0,91.0,92.0,94.0,high,high,high,high,high,high,high,high,high,2026-07-12
hitter,CWS,ATH,Sam Antonacci,803011,1.0,LF,Confirmed,4.51,,,,,0.43,0.24,,,,,0.43009104830024136,0.42718382911989466,0.24427423620295186,0.24050194817892362,1.1391752577319587,1.152546222379714,0.2203454230766671,0.21917885643316445,,,1.15,0.44,0.3,1.45,0.22,2.0,0.12,0.01,0.0,0.258,2.057017543859649,1.9464059159768645,0.121,,0.01,,0.0,,False,96.0,99.0,96.0,88.0,93.0,91.0,91.0,92.0,94.0,high,high,high,high,high,high,high,high,high,2026-07-12
hitter,CWS,ATH,Munetaka Murakami,808959,2.0,1B,Confirmed,4.25,,,,,0.68,0.42,,,,,0.5232427968141334,0.845616260738109,0.4026593402657148,0.43736442259128844,0.801980198019802,0.7867615028574737,0.05101083874311478,0.0841748797434718,,,0.79,0.54,0.3,1.37,0.07,1.15,0.09,0.01,0.0,0.359,1.1521739130434783,1.1555274200307644,0.095,,0.009,,0.0,,False,96.0,99.0,96.0,88.0,93.0,91.0,91.0,92.0,94.0,high,high,high,high,high,high,high,high,high,2026-07-12
hitter,CWS,ATH,Miguel Vargas,678246,3.0,3B,Confirmed,4.45,,,,,0.48,0.37,,,,,0.49846534815614196,0.4665488901570511,0.36068400404955014,0.3818853691492603,1.0980834272829765,1.1232670156335134,0.42706922170478856,0.480779403735126,,,1.11,0.48,0.37,1.52,0.45,2.58,0.12,0.01,0.0,0.289,2.456692913385827,2.683066207388568,0.115,,0.007,,0.0,,False,96.0,99.0,96.0,88.0,93.0,91.0,91.0,92.0,94.0,high,high,high,high,high,high,high,high,high,2026-07-12
hitter,CWS,ATH,Colson Montgomery,695657,4.0,SS,Confirmed,4.14,,,,,0.77,0.3,,,,,0.6664531773054162,0.8834286576887973,0.3048498869697416,0.29827892872865563,0.994208494208494,0.9251222385222339,0.5443566972697682,0.5206833178319926,,,0.96,0.4,0.34,1.15,0.53,2.48,0.08,0.01,0.0,0.25,2.456692913385827,2.501218119067783,0.082,,0.007,,0.0,,False,96.0,99.0,96.0,88.0,93.0,91.0,91.0,92.0,94.0,high,high,high,high,high,high,high,high,high,2026-07-12
hitter,CWS,ATH,Andrew Benintendi,643217,5.0,DH,Confirmed,3.74,,,,,0.46,0.21,,,,,0.463334393958979,0.4483070352805134,0.2234066341219684,0.2006565994931246,0.801980198019802,0.7956303525802347,0.31790924452571295,0.34190717256886516,,,0.8,0.34,0.25,1.01,0.33,1.95,0.1,0.01,0.0,0.248,1.914285714285714,1.9721543397244377,0.104,,0.007,,0.0,,False,96.0,99.0,96.0,88.0,93.0,91.0,91.0,92.0,94.0,high,high,high,high,high,high,high,high,high,2026-07-12
hitter,CWS,ATH,Kyle Teel,691019,6.0,C,Confirmed,4.14,,,,,0.74,0.37,,,,,0.6766837642241471,0.7991733962995313,0.39781501899191596,0.35107493042767807,0.994208494208494,0.9585144264133506,0.29840950735964844,0.29443257371128584,,,0.97,0.33,0.27,1.02,0.3,2.02,0.1,0.01,0.0,0.25,2.057017543859649,1.998708254199034,0.103,,0.007,,0.0,,False,96.0,99.0,96.0,88.0,93.0,91.0,91.0,92.0,94.0,high,high,high,high,high,high,high,high,high,2026-07-12
hitter,CWS,ATH,Braden Montgomery,695731,7.0,RF,Confirmed,3.96,,,,,0.58,0.27,,,,,0.5235294482419204,0.6434140438404671,0.27783547239992823,0.2544236451955859,1.0980834272829765,0.9319346153965421,0.2932486499795926,0.28643630338463666,,,1.01,0.34,0.26,1.12,0.29,2.0,0.1,0.01,0.0,0.263,2.057017543859649,1.9516497203981802,0.101,,0.008,,0.0,,False,96.0,99.0,96.0,88.0,93.0,91.0,91.0,92.0,94.0,high,high,high,high,high,high,high,high,high,2026-07-12
hitter,CWS,ATH,Tristan Peters,671976,8.0,CF,Confirmed,3.49,,,,,0.39,0.18,,,,,0.39894096898020115,0.39080006712634346,0.19193976859430797,0.1612948338467319,0.8770949720670391,0.7222772506864471,0.13258837105347532,0.16700880740269777,,,0.79,0.25,0.18,0.84,0.15,1.3,0.1,0.01,0.0,0.22,1.3893129770992367,1.2320424184017271,0.101,,0.007,,0.0,,False,96.0,99.0,96.0,88.0,93.0,91.0,91.0,92.0,94.0,high,high,high,high,high,high,high,high,high,2026-07-12
hitter,CWS,ATH,Chase Meidroth,805367,9.0,2B,Confirmed,3.96,,,,,0.48,0.23,,,,,0.4949572957957564,0.4640191943775768,0.24529685789465466,0.22343210333024388,1.0980834272829765,0.9633023278544048,0.1665864323621297,0.15513973838786918,,,1.02,0.29,0.22,1.04,0.16,1.75,0.09,0.01,0.0,0.226,1.914285714285714,1.6076950524314013,0.093,,0.007,,0.0,,False,96.0,99.0,96.0,88.0,93.0,91.0,91.0,92.0,94.0,high,high,high,high,high,high,high,high,high,2026-07-12
hitter,ATH,CWS,Jacob Wilson,805779,1.0,SS,Confirmed,4.25,,,,,0.44,0.32,,,,,0.37246709736848194,0.5064204614872101,0.30827372618035387,0.3383456371791762,0.6434108527131783,0.61997384858916,0.026270646335972894,0.012891268813812052,,,0.63,0.41,0.29,1.41,0.02,0.82,0.12,0.01,0.0,0.255,0.7899761336515513,0.8404673425303634,0.123,,0.009,,0.0,,False,96.0,99.0,96.0,88.0,93.0,91.0,91.0,92.0,94.0,high,high,high,high,high,high,high,high,high,2026-07-12
hitter,ATH,CWS,Joshua Kuroda-Grauer,811965,2.0,3B,Confirmed,3.19,,,,,0.8,0.09,,,,,0.751316408671297,0.8538080075354489,0.0936003499183637,0.07825154441381783,0.3344051446945337,0.3396354026025678,0.021581151970776077,0.024538175311577686,,,0.34,0.3,0.22,0.94,0.02,0.49,0.09,0.01,0.0,0.245,0.4591194968553459,0.5152147462613799,0.092,,0.006,,0.0,,False,96.0,99.0,96.0,88.0,93.0,91.0,91.0,92.0,94.0,high,high,high,high,high,high,high,high,high,2026-07-12
hitter,ATH,CWS,Shea Langeliers,669127,3.0,C,Confirmed,4.26,,,,,0.65,0.38,,,,,0.7052308441915742,0.5980618320775566,0.3710657269291091,0.38554091944291335,1.4947368421052631,1.2218761773490312,0.22275765547437346,0.2142257335887984,,,1.34,0.5,0.41,1.62,0.22,2.03,0.12,0.01,0.0,0.305,2.057017543859649,2.0119410492605136,0.119,,0.008,,0.0,,False,96.0,99.0,96.0,88.0,93.0,91.0,91.0,92.0,94.0,high,high,high,high,high,high,high,high,high,2026-07-12
hitter,ATH,CWS,Jonah Heim,641680,4.0,DH,Confirmed,3.49,,,,,1.02,0.1,,,,,0.9663690888875166,1.0689014285748386,0.09602025876534573,0.11328682804892351,0.3344051446945337,0.33707422893395717,0.028835568518642444,0.0336616991915164,,,0.34,0.33,0.25,0.99,0.03,0.51,0.11,0.01,0.0,0.259,0.4591194968553459,0.5472134397710195,0.107,,0.009,,0.0,,False,96.0,99.0,96.0,88.0,93.0,91.0,91.0,92.0,94.0,high,high,high,high,high,high,high,high,high,2026-07-12
hitter,ATH,CWS,Colby Thomas,687515,5.0,LF,Confirmed,2.9,,,,,0.71,0.2,,,,,0.6825306662655923,0.7343113343521686,0.23774422205347304,0.16622157222025594,0.707983193277311,0.5716945859566072,0.11731472485809435,0.09975910372538592,,,0.63,0.26,0.22,0.81,0.11,1.03,0.08,0.01,0.0,0.232,1.1521739130434783,0.9225322065756237,0.077,,0.007,,0.0,,False,96.0,99.0,96.0,88.0,93.0,91.0,91.0,92.0,94.0,high,high,high,high,high,high,high,high,high,2026-07-12
hitter,ATH,CWS,Joey Meneses,608841,6.0,1B,Confirmed,1.77,,,,,0.79,0.05,,,,,0.8777103285632771,0.6996782517721899,0.08256710915603772,0.01834287750562925,0.4125159642401022,0.2969702142244452,0.059286987431520055,0.037839908063786794,,,0.35,0.16,0.14,0.53,0.05,0.54,0.07,0.01,0.0,0.271,0.6720588235294118,0.43591792980189864,0.068,,0.006,,0.0,,False,96.0,99.0,96.0,88.0,93.0,91.0,91.0,92.0,94.0,high,high,high,high,high,high,high,high,high,2026-07-12
hitter,ATH,CWS,Lawrence Butler,671732,7.0,RF,Confirmed,3.48,,,,,1.33,0.12,,,,,1.2486215344114153,1.4205889299788954,0.1289941825273632,0.12096652897557747,0.3344051446945337,0.2982171194979085,0.027601913558351326,0.03810118191058725,,,0.31,0.31,0.24,0.97,0.03,0.47,0.1,0.01,0.0,0.28,0.44025157232704404,0.49839152625588296,0.102,,0.009,,0.0,,False,96.0,99.0,96.0,88.0,93.0,91.0,91.0,92.0,94.0,high,high,high,high,high,high,high,high,high,2026-07-12
hitter,ATH,CWS,Henry Bolte,703607,8.0,CF,Confirmed,3.96,,,,,1.33,0.1,,,,,1.2033978919285744,1.4602024047296456,0.09917011548509351,0.09093838318877216,0.35424354243542433,0.4608090640291343,0.025200975798928233,0.012413361321567508,,,0.41,0.31,0.24,1.08,0.02,0.52,0.1,0.01,0.0,0.237,0.44025157232704404,0.5856161283648044,0.104,,0.007,,0.0,,False,96.0,99.0,96.0,88.0,93.0,91.0,91.0,92.0,94.0,high,high,high,high,high,high,high,high,high,2026-07-12
hitter,ATH,CWS,Alika Williams,675961,9.0,2B,Confirmed,3.1,,,,,0.93,0.08,,,,,0.9029471431165065,0.957436728979811,0.08017027011752316,0.07276332204961884,0.5290322580645161,0.48401182521597214,0.021085381332095365,0.016239642957353355,,,0.5,0.26,0.21,0.88,0.02,0.65,0.09,0.01,0.0,0.253,0.6720588235294118,0.6311683331212941,0.087,,0.008,,0.0,,False,96.0,99.0,96.0,88.0,93.0,91.0,91.0,92.0,94.0,high,high,high,high,high,high,high,high,high,2026-07-12
hitter,STL,ATL,JJ Wetherholt,802139,1.0,2B,Confirmed,4.57,,,,,0.45,0.39,,,,,0.4734475845500544,0.42070044893798775,0.39911987973751384,0.38869355147188284,0.994208494208494,0.8966642717067906,0.029302721321989945,0.026427970291187448,,,0.94,0.49,0.34,1.83,0.03,1.21,0.2,0.01,0.0,0.276,1.239368165249089,1.194143946932912,0.201,,0.01,,0.0,,False,82.0,86.0,82.0,74.0,79.0,77.0,77.0,78.0,80.0,high,high,high,medium,medium,medium,medium,medium,high,2026-07-12
hitter,STL,ATL,Iván Herrera,671056,2.0,DH,Confirmed,4.48,,,,,0.5,0.38,,,,,0.48927682423342045,0.5076107220403135,0.3687627198292768,0.4009897531075052,0.994208494208494,0.930239126828398,0.035719582592183274,0.03214866219370292,,,0.96,0.48,0.35,1.83,0.03,1.27,0.17,0.01,0.0,0.275,1.239368165249089,1.3035190992476273,0.169,,0.008,,0.0,,False,82.0,86.0,82.0,74.0,79.0,77.0,77.0,78.0,80.0,high,high,high,medium,medium,medium,medium,medium,high,2026-07-12
hitter,STL,ATL,Jordan Walker,691023,3.0,RF,Confirmed,4.45,,,,,0.77,0.37,,,,,0.6823728048614944,0.8589520072191514,0.3613246897925838,0.38610255932834353,0.8949771689497716,0.9151972247717846,0.04164995723734786,0.03825193328084018,,,0.91,0.45,0.36,1.71,0.04,1.24,0.17,0.01,0.0,0.259,1.239368165249089,1.2492292840185415,0.172,,0.01,,0.0,,False,82.0,86.0,82.0,74.0,79.0,77.0,77.0,78.0,80.0,high,high,high,medium,medium,medium,medium,medium,high,2026-07-12
hitter,STL,ATL,Alec Burleson,676475,4.0,1B,Confirmed,4.18,,,,,0.41,0.27,,,,,0.4446526361535955,0.3726132443314521,0.277043460487413,0.27175573183200413,0.8694581280788177,0.8632715049584985,0.03285745428563588,0.007090728780707694,,,0.87,0.43,0.36,1.68,0.02,1.17,0.2,0.01,0.0,0.263,1.239368165249089,1.1218721047392524,0.202,,0.009,,0.0,,False,82.0,86.0,82.0,74.0,79.0,77.0,77.0,78.0,80.0,high,high,high,medium,medium,medium,medium,medium,high,2026-07-12
hitter,STL,ATL,Lars Nootbaar,663457,5.0,CF,Confirmed,4.08,,,,,0.58,0.39,,,,,0.5671110655286982,0.5982964904367476,0.40635792728141196,0.3718608166256461,0.8694581280788177,0.8164238091654722,0.028967472456222,0.024855422892348187,,,0.84,0.44,0.34,1.65,0.03,1.2,0.21,0.01,0.0,0.282,1.239368165249089,1.1686591659237346,0.209,,0.009,,0.0,,False,82.0,86.0,82.0,74.0,79.0,77.0,77.0,78.0,80.0,high,high,high,medium,medium,medium,medium,medium,high,2026-07-12
hitter,STL,ATL,Masyn Winn,691026,6.0,SS,Confirmed,4.25,,,,,0.47,0.26,,,,,0.47153322145520493,0.4604286925105405,0.2687088059713234,0.25868204652944776,0.8949771689497716,0.9247994584070758,0.035356665675017586,0.0372239602328602,,,0.91,0.37,0.36,1.63,0.04,1.3,0.16,0.01,0.0,0.254,1.3148148148148149,1.288452161302325,0.156,,0.01,,0.0,,False,82.0,86.0,82.0,74.0,79.0,77.0,77.0,78.0,80.0,high,high,high,medium,medium,medium,medium,medium,high,2026-07-12
hitter,STL,ATL,Nathan Church,701675,7.0,CF,Confirmed,3.74,,,,,0.56,0.26,,,,,0.5306135342911148,0.5794883229795037,0.26707571373070726,0.24331984296258494,0.707983193277311,0.6805549681490773,0.02942427045984019,0.021831326959458476,,,0.69,0.33,0.27,1.37,0.03,1.0,0.14,0.01,0.0,0.255,1.001763668430335,1.004385383076621,0.143,,0.011,,0.0,,False,82.0,86.0,82.0,74.0,79.0,77.0,77.0,78.0,80.0,high,high,high,medium,medium,medium,medium,medium,high,2026-07-12
hitter,STL,ATL,José Fermín,665877,8.0,3B,Confirmed,3.96,,,,,0.35,0.27,,,,,0.3455750866335241,0.34607374722541634,0.26334130412246803,0.2821337802577186,0.707983193277311,0.7445772079547457,0.02762700575593454,0.03610999347626609,,,0.73,0.33,0.27,1.37,0.03,0.99,0.14,0.01,0.0,0.238,1.001763668430335,0.980151423611556,0.142,,0.007,,0.0,,False,82.0,86.0,82.0,74.0,79.0,77.0,77.0,78.0,80.0,high,high,high,medium,medium,medium,medium,medium,high,2026-07-12
hitter,STL,ATL,Jimmy Crooks,699625,9.0,C,Confirmed,3.33,,,,,0.81,0.3,,,,,0.8156553089431509,0.7986294767778567,0.3444579591267316,0.2636218217627978,0.8770949720670391,0.7344885859875079,0.09607088602505681,0.07688245583214601,,,0.8,0.41,0.34,1.62,0.09,1.19,0.17,0.01,0.0,0.355,1.3148148148148149,1.0962087978250805,0.165,,0.014,,0.0,,False,82.0,86.0,82.0,74.0,79.0,77.0,77.0,78.0,80.0,high,high,high,medium,medium,medium,medium,medium,high,2026-07-12
hitter,ATL,STL,Drake Baldwin,686948,1.0,C,Confirmed,4.18,,,,,0.94,0.25,,,,,0.944814564553237,0.9390204158144693,0.2698037351392626,0.2282236696298969,1.0980834272829765,0.9719367790910091,0.14515320694387165,0.1496432640826135,,,1.03,0.46,0.35,1.8,0.15,1.73,0.22,0.01,0.0,0.272,1.914285714285714,1.5799003581090583,0.221,,0.01,,0.0,,False,96.0,99.0,96.0,88.0,93.0,91.0,91.0,92.0,94.0,high,high,high,high,high,high,high,high,high,2026-07-12
hitter,ATL,STL,Ozzie Albies,645277,2.0,2B,Confirmed,4.25,,,,,0.61,0.26,,,,,0.6164268539145498,0.6094962621821911,0.2702995115782002,0.25500860290459404,1.0980834272829765,1.0839732582128174,0.1259456916079782,0.13282330098264944,,,1.09,0.46,0.36,1.81,0.13,1.64,0.19,0.02,0.0,0.267,1.684375,1.598758579520769,0.185,,0.015,,0.0,,False,96.0,99.0,96.0,88.0,93.0,91.0,91.0,92.0,94.0,high,high,high,high,high,high,high,high,high,2026-07-12
hitter,ATL,STL,Matt Olson,621566,3.0,1B,Confirmed,4.26,,,,,1.26,0.34,,,,,1.3181298085271507,1.2014597358671866,0.3488377935391379,0.3397425358177638,0.994208494208494,0.9241453982162923,0.19187586675171217,0.1956738073168,,,0.96,0.48,0.41,1.88,0.19,1.79,0.19,0.01,0.0,0.283,1.914285714285714,1.6890046864904016,0.185,,0.008,,0.0,,False,96.0,99.0,96.0,88.0,93.0,91.0,91.0,92.0,94.0,high,high,high,high,high,high,high,high,high,2026-07-12
hitter,ATL,STL,Michael Harris II,671739,4.0,CF,Confirmed,4.18,,,,,0.95,0.14,,,,,0.980567982706687,0.9195281795336108,0.14203306902098528,0.14175114336863365,1.0980834272829765,1.1038360872437496,0.15997071153081496,0.16908660694867347,,,1.1,0.45,0.41,1.87,0.16,1.85,0.18,0.01,0.0,0.264,1.914285714285714,1.7942637694500483,0.182,,0.009,,0.0,,False,96.0,99.0,96.0,88.0,93.0,91.0,91.0,92.0,94.0,high,high,high,high,high,high,high,high,high,2026-07-12
hitter,ATL,STL,Mauricio Dubón,643289,5.0,LF,Confirmed,4.13,,,,,0.53,0.2,,,,,0.48904723649774606,0.5680971095831644,0.19433948491993921,0.2049680344930916,1.0980834272829765,0.9992119083452846,0.06735840381101443,0.08990192968987028,,,1.04,0.44,0.39,1.84,0.08,1.43,0.18,0.01,0.0,0.261,1.4759615384615385,1.3914493313671223,0.184,,0.01,,0.0,,False,96.0,99.0,96.0,88.0,93.0,91.0,91.0,92.0,94.0,high,high,high,high,high,high,high,high,high,2026-07-12
hitter,ATL,STL,Dominic Smith,642086,6.0,DH,Confirmed,3.09,,,,,0.69,0.16,,,,,0.7182397791275023,0.6582827997735531,0.1775838278390975,0.13756348682569589,0.7061469265367316,0.6069423402013742,0.07626979716858279,0.06380167015261318,,,0.65,0.27,0.27,1.2,0.07,0.95,0.12,0.01,0.0,0.243,1.001763668430335,0.8995084000860606,0.122,,0.009,,0.0,,False,96.0,99.0,96.0,88.0,93.0,91.0,91.0,92.0,94.0,high,high,high,high,high,high,high,high,high,2026-07-12
hitter,ATL,STL,Austin Riley,663586,7.0,3B,Confirmed,4.04,,,,,1.27,0.24,,,,,1.2655436167945615,1.281974182761484,0.22989358462897463,0.25581274314853086,1.0,0.912349202806073,0.18371060243703702,0.18764691622381496,,,0.95,0.37,0.34,1.6,0.19,1.82,0.18,0.01,0.0,0.262,1.914285714285714,1.73512427711865,0.182,,0.008,,0.0,,False,96.0,99.0,96.0,88.0,93.0,91.0,91.0,92.0,94.0,high,high,high,high,high,high,high,high,high,2026-07-12
hitter,ATL,STL,Jim Jarvis,805347,8.0,SS,Confirmed,3.48,,,,,0.9,0.13,,,,,0.7806212487682459,1.0191258155769969,0.13685789652272176,0.11656951264984546,0.801980198019802,0.7127668924394768,0.07913375542533047,0.0735729918373877,,,0.75,0.28,0.25,1.23,0.08,1.1,0.14,0.01,0.0,0.225,1.1521739130434783,1.0531426237984032,0.14,,0.01,,0.0,,False,96.0,99.0,96.0,88.0,93.0,91.0,91.0,92.0,94.0,high,high,high,high,high,high,high,high,high,2026-07-12
hitter,ATL,STL,Brewer Hicklen,676551,9.0,RF,Confirmed,2.77,,,,,0.57,0.22,,,,,0.47257096817639377,0.6742347530587717,0.2528540856211581,0.19353937159959403,0.7715355805243446,0.6047205598250273,0.03182010789610543,0.025873206162666938,,,0.68,0.16,0.14,0.65,0.03,0.88,0.07,0.01,0.0,0.168,0.8408408408408409,0.9196696428799231,0.072,,0.011,,0.0,,False,96.0,99.0,96.0,88.0,93.0,91.0,91.0,92.0,94.0,high,high,high,high,high,high,high,high,high,2026-07-12
hitter,TEX,HOU,Joc Pederson,592626,1.0,DH,Confirmed,4.04,,,,,0.83,0.35,,,,,0.7230152294193807,0.9379948889095945,0.3327947764556184,0.3675977067006286,0.6434108527131783,0.611227728761361,0.12695199183152017,0.1382268620611745,,,0.63,0.43,0.32,1.62,0.13,1.27,0.17,0.01,0.0,0.274,1.239368165249089,1.293278873574469,0.174,,0.009,,0.0,,False,96.0,99.0,96.0,88.0,93.0,91.0,91.0,92.0,94.0,high,high,high,high,high,high,high,high,high,2026-07-12
hitter,TEX,HOU,Wyatt Langford,694671,2.0,LF,Confirmed,4.51,,,,,1.24,0.38,,,,,1.2623324352773468,1.2202913460716882,0.36683283284699897,0.38459331531981233,1.0980834272829765,1.1110041077159625,0.19055021369720362,0.18487592379277618,,,1.11,0.51,0.38,1.88,0.19,2.0,0.18,0.01,0.0,0.287,2.057017543859649,1.9511770093960046,0.184,,0.01,,0.0,,False,96.0,99.0,96.0,88.0,93.0,91.0,91.0,92.0,94.0,high,high,high,high,high,high,high,high,high,2026-07-12
hitter,TEX,HOU,Josh Jung,673962,3.0,3B,Confirmed,4.25,,,,,1.08,0.09,,,,,1.0050067307405264,1.1509789844380582,0.09847111868550609,0.08961041455157591,0.6434108527131783,0.6660084818615033,0.027315395404483824,0.029927118106085865,,,0.66,0.46,0.4,1.86,0.03,0.84,0.21,0.02,0.0,0.275,0.7899761336515513,0.8862971174741511,0.206,,0.017,,0.0,,False,96.0,99.0,96.0,88.0,93.0,91.0,91.0,92.0,94.0,high,high,high,high,high,high,high,high,high,2026-07-12
hitter,TEX,HOU,Brandon Nimmo,607043,4.0,RF,Confirmed,4.25,,,,,0.72,0.3,,,,,0.6315414962165992,0.8071391787673853,0.30354517339995535,0.2957378446911943,0.801980198019802,0.8383644229683213,0.1265836812024417,0.12730438714408135,,,0.82,0.51,0.44,2.05,0.13,1.43,0.27,0.01,0.0,0.306,1.3893129770992367,1.4554734246370713,0.271,,0.014,,0.0,,False,96.0,99.0,96.0,88.0,93.0,91.0,91.0,92.0,94.0,high,high,high,high,high,high,high,high,high,2026-07-12
hitter,TEX,HOU,Jake Burger,669394,5.0,1B,Confirmed,3.96,,,,,0.81,0.24,,,,,0.746143607197411,0.8831090248891007,0.24968881959393632,0.23249358035494105,0.707983193277311,0.7384289135765436,0.15121676019301436,0.1520035551601315,,,0.72,0.47,0.41,1.87,0.15,1.33,0.22,0.01,0.0,0.296,1.3148148148148149,1.3441284118983068,0.219,,0.01,,0.0,,False,96.0,99.0,96.0,88.0,93.0,91.0,91.0,92.0,94.0,high,high,high,high,high,high,high,high,high,2026-07-12
hitter,TEX,HOU,Ezequiel Duran,677649,6.0,SS,Confirmed,3.89,,,,,0.65,0.18,,,,,0.5586870300462482,0.7393606567547959,0.18536059772375657,0.1801958523348477,0.7061469265367316,0.6408619915578787,0.04932949906380797,0.06154281609873145,,,0.67,0.35,0.34,1.57,0.06,1.02,0.17,0.01,0.0,0.255,1.001763668430335,1.0376171124326572,0.173,,0.014,,0.0,,False,96.0,99.0,96.0,88.0,93.0,91.0,91.0,92.0,94.0,high,high,high,high,high,high,high,high,high,2026-07-12
hitter,TEX,HOU,Evan Carter,694497,7.0,CF,Confirmed,3.1,,,,,0.67,0.23,,,,,0.6376609583180349,0.6994115299771035,0.2511497161349867,0.21320964666739023,0.5290322580645161,0.4815595144587206,0.07042185316061025,0.06381720064638849,,,0.5,0.3,0.25,1.25,0.07,0.84,0.16,0.01,0.0,0.279,0.9875776397515532,0.7119723992544137,0.157,,0.011,,0.0,,False,96.0,99.0,96.0,88.0,93.0,91.0,91.0,92.0,94.0,high,high,high,high,high,high,high,high,high,2026-07-12
hitter,TEX,HOU,Nicky Lopez,670032,8.0,2B,Confirmed,3.33,,,,,0.44,0.17,,,,,0.40094952842554565,0.47519986917353246,0.17340276907783092,0.17316402151713922,0.5846774193548387,0.5541320059547474,0.04073405390159808,0.038882263348888536,,,0.57,0.3,0.26,1.34,0.04,0.85,0.16,0.01,0.0,0.26,0.8408408408408409,0.8534124717906927,0.157,,0.01,,0.0,,False,96.0,99.0,96.0,88.0,93.0,91.0,91.0,92.0,94.0,high,high,high,high,high,high,high,high,high,2026-07-12
hitter,TEX,HOU,Kyle Higashioka,543309,9.0,C,Confirmed,3.96,,,,,0.58,0.28,,,,,0.45122721135007826,0.7035931181363162,0.29977193881261743,0.26783198472478836,1.0,1.0090702268168448,0.1028161487658393,0.10741267440946436,,,1.0,0.37,0.31,1.58,0.11,1.52,0.17,0.01,0.0,0.269,1.4476190476190476,1.5736438403250828,0.172,,0.009,,0.0,,False,96.0,99.0,96.0,88.0,93.0,91.0,91.0,92.0,94.0,high,high,high,high,high,high,high,high,high,2026-07-12
hitter,HOU,TEX,Jeremy Peña,665161,1.0,SS,Confirmed,4.18,,,,,1.27,0.43,,,,,1.2498292027163476,1.284100236994766,0.4270582640525181,0.4340699799621217,0.6434108527131783,0.593386648384618,0.042866280712771085,0.043084811720039515,,,0.62,0.55,0.45,2.1,0.04,0.84,0.19,0.01,0.0,0.322,0.8408408408408409,0.8309866167956429,0.185,,0.011,,0.0,,False,96.0,99.0,96.0,88.0,93.0,91.0,91.0,92.0,94.0,high,high,high,high,high,high,high,high,high,2026-07-12
hitter,HOU,TEX,Yordan Alvarez,670541,2.0,DH,Confirmed,4.26,,,,,0.61,0.59,,,,,0.6281821014390031,0.5990272412078647,0.6190841086856809,0.5542126516875078,1.1391752577319587,1.1277638083321568,0.42289415054131935,0.38866387289393944,,,1.13,0.64,0.52,2.26,0.41,2.64,0.2,0.01,0.0,0.365,2.75,2.555521386222708,0.199,,0.011,,0.0,,False,96.0,99.0,96.0,88.0,93.0,91.0,91.0,92.0,94.0,high,high,high,high,high,high,high,high,high,2026-07-12
hitter,HOU,TEX,Isaac Paredes,670623,3.0,3B,Confirmed,4.25,,,,,0.51,0.33,,,,,0.529481337320912,0.48883307205143633,0.3255486931124072,0.33218416336237055,1.0980834272829765,1.0830489786502528,0.2524692706070067,0.21245939423307902,,,1.09,0.53,0.49,2.02,0.23,2.0,0.19,0.01,0.0,0.304,2.057017543859649,1.9570675169685843,0.188,,0.01,,0.0,,False,96.0,99.0,96.0,88.0,93.0,91.0,91.0,92.0,94.0,high,high,high,high,high,high,high,high,high,2026-07-12
hitter,HOU,TEX,Christian Walker,572233,4.0,1B,Confirmed,4.14,,,,,0.81,0.28,,,,,0.761479141210864,0.8660648154507338,0.29679839871516,0.26702700372913485,1.0980834272829765,1.1242013417405368,0.3324258681703056,0.30944869993989027,,,1.11,0.6,0.57,2.27,0.32,2.27,0.18,0.01,0.0,0.343,2.456692913385827,2.122652453732625,0.18,,0.009,,0.0,,False,96.0,99.0,96.0,88.0,93.0,91.0,91.0,92.0,94.0,high,high,high,high,high,high,high,high,high,2026-07-12
hitter,HOU,TEX,Jose Altuve,514888,5.0,2B,Confirmed,4.18,,,,,0.56,0.33,,,,,0.5668786214346867,0.557008470009579,0.3480579089134981,0.315083723703213,1.0980834272829765,1.116281435184399,0.16386597270025413,0.1817945500807821,,,1.11,0.53,0.47,2.1,0.17,1.84,0.21,0.01,0.0,0.315,1.914285714285714,1.7835319983760152,0.208,,0.008,,0.0,,False,96.0,99.0,96.0,88.0,93.0,91.0,91.0,92.0,94.0,high,high,high,high,high,high,high,high,high,2026-07-12
hitter,HOU,TEX,Cam Smith,701358,6.0,CF,Confirmed,3.74,,,,,0.65,0.25,,,,,0.6025957955745703,0.7058716286865536,0.2659799015078985,0.23424600298775675,0.994208494208494,0.9240202661396333,0.21182306652327174,0.20250384696245488,,,0.96,0.39,0.42,1.6,0.21,1.62,0.16,0.01,0.0,0.286,1.684375,1.5760605327896378,0.157,,0.01,,0.0,,False,96.0,99.0,96.0,88.0,93.0,91.0,91.0,92.0,94.0,high,high,high,high,high,high,high,high,high,2026-07-12
hitter,HOU,TEX,LaMonte Wade Jr.,664774,7.0,RF,Confirmed,3.1,,,,,0.61,0.26,,,,,0.5963911505200588,0.6226968800473792,0.3061769418277278,0.21688043309539212,0.801980198019802,0.6337397820092795,0.1222590447613712,0.12205963746119537,,,0.71,0.31,0.28,1.3,0.12,1.19,0.13,0.01,0.0,0.287,1.3148148148148149,1.0869535995390682,0.134,,0.012,,0.0,,False,96.0,99.0,96.0,88.0,93.0,91.0,91.0,92.0,94.0,high,high,high,high,high,high,high,high,high,2026-07-12
hitter,HOU,TEX,Christian Vázquez,543877,9.0,C,Confirmed,3.81,,,,,0.93,0.14,,,,,0.8598337146984967,0.9961344070304596,0.1454600577939657,0.12656581829513874,0.801980198019802,0.7717413841348657,0.12670526680669086,0.14740733302384182,,,0.79,0.41,0.38,1.79,0.14,1.33,0.19,0.01,0.0,0.302,1.3148148148148149,1.3454537615212308,0.195,,0.011,,0.0,,False,96.0,99.0,96.0,88.0,93.0,91.0,91.0,92.0,94.0,high,high,high,high,high,high,high,high,high,2026-07-12
hitter,SF,COL,Heliot Ramos,671218,1.0,LF,Confirmed,4.74,,,,,1.36,0.62,,,,,1.2737402226787475,1.4497265663001464,0.5992759516844611,0.6362200734609726,0.8949771689497716,1.0194343399618009,0.05423640775692142,0.05943747181477422,,,0.96,0.53,0.34,1.76,0.06,1.32,0.22,0.02,0.0,0.301,1.3148148148148149,1.3309794996153215,0.218,,0.015,,0.0,,False,96.0,99.0,96.0,88.0,93.0,91.0,91.0,92.0,94.0,high,high,high,high,high,high,high,high,high,2026-07-12
hitter,SF,COL,Luis Arraez,650333,2.0,2B,Confirmed,4.74,,,,,0.54,0.46,,,,,0.37295715324718637,0.7146118752637171,0.3879167686534454,0.5299773640149273,1.0980834272829765,1.122336009756297,0.028904977336293353,0.028730968587999728,,,1.11,0.55,0.38,2.03,0.03,1.38,0.11,0.02,0.0,0.298,1.3148148148148149,1.4363090682433832,0.114,,0.017,,0.0,,False,96.0,99.0,96.0,88.0,93.0,91.0,91.0,92.0,94.0,high,high,high,high,high,high,high,high,high,2026-07-12
hitter,SF,COL,Casey Schmitt,669477,3.0,3B,Confirmed,4.51,,,,,1.17,0.42,,,,,1.1024107716481968,1.2402124289837777,0.37914070444322123,0.45793395944584214,0.801980198019802,0.8813412149092159,0.05015990195460219,0.05703484320688374,,,0.85,0.45,0.35,1.6,0.05,1.26,0.17,0.01,0.0,0.266,1.239368165249089,1.2708273242915082,0.172,,0.009,,0.0,,False,96.0,99.0,96.0,88.0,93.0,91.0,91.0,92.0,94.0,high,high,high,high,high,high,high,high,high,2026-07-12
hitter,SF,COL,Rafael Devers,646240,4.0,1B,Confirmed,4.68,,,,,1.57,1.07,,,,,1.5287500553504645,1.6109476608932911,1.1038050538782367,1.0442110085548875,0.7715355805243446,0.8119322342624902,0.05635932900611582,0.054877012579231506,,,0.79,0.59,0.39,1.78,0.06,1.14,0.16,0.01,0.0,0.352,1.1521739130434783,1.1293896961382872,0.158,,0.009,,0.0,,False,96.0,99.0,96.0,88.0,93.0,91.0,91.0,92.0,94.0,high,high,high,high,high,high,high,high,high,2026-07-12
hitter,SF,COL,Jung Hoo Lee,808982,5.0,RF,Confirmed,4.26,,,,,0.64,0.41,,,,,0.5819335341101756,0.6913095225105198,0.4043835048985457,0.4186902063144983,0.8770949720670391,0.9230968369840749,0.024704185758641382,0.014164634731013717,,,0.9,0.47,0.35,1.72,0.02,1.12,0.15,0.03,0.0,0.297,1.1521739130434783,1.1011816707106672,0.152,,0.034,,0.0,,False,96.0,99.0,96.0,88.0,93.0,91.0,91.0,92.0,94.0,high,high,high,high,high,high,high,high,high,2026-07-12
hitter,SF,COL,Bryce Eldridge,805811,6.0,DH,Confirmed,4.74,,,,,1.51,0.82,,,,,1.4667986898006609,1.558202078700671,0.7619144661374706,0.8823740763971849,0.8694581280788177,0.8935156631644053,0.05641714813916495,0.08497524843948968,,,0.88,0.49,0.39,1.76,0.07,1.32,0.19,0.01,0.0,0.325,1.239368165249089,1.3927609854327314,0.192,,0.013,,0.0,,False,96.0,99.0,96.0,88.0,93.0,91.0,91.0,92.0,94.0,high,high,high,high,high,high,high,high,high,2026-07-12
hitter,SF,COL,Willy Adames,642715,7.0,SS,Confirmed,4.39,,,,,1.42,0.68,,,,,1.3621441323646866,1.4771390455759148,0.6715830158286193,0.6927207384745926,0.707983193277311,0.7555015642569612,0.04538191524217489,0.041084968763765314,,,0.73,0.39,0.26,1.37,0.04,1.05,0.13,0.01,0.0,0.284,1.001763668430335,1.0825270746658262,0.131,,0.009,,0.0,,False,96.0,99.0,96.0,88.0,93.0,91.0,91.0,92.0,94.0,high,high,high,high,high,high,high,high,high,2026-07-12
hitter,SF,COL,Drew Gilbert,687551,8.0,CF,Confirmed,3.74,,,,,0.9,0.28,,,,,0.8176700571648926,0.990318034712852,0.26695429368614176,0.29642301147001826,0.801980198019802,0.7209278291632284,0.19088126229684158,0.20165918432223018,,,0.76,0.34,0.25,1.3,0.2,1.65,0.12,0.01,0.0,0.279,1.684375,1.617406582152237,0.121,,0.009,,0.0,,False,96.0,99.0,96.0,88.0,93.0,91.0,91.0,92.0,94.0,high,high,high,high,high,high,high,high,high,2026-07-12
hitter,SF,COL,Drew Cavanaugh,701852,9.0,C,Confirmed,3.48,,,,,0.86,0.24,,,,,0.7913628699308016,0.9343410823712348,0.24646009135675498,0.22630467064621276,0.7061469265367316,0.6508123119318963,0.18039214687493021,0.19524641491438186,,,0.68,0.31,0.22,1.11,0.19,1.34,0.11,0.01,0.0,0.276,1.3148148148148149,1.3557208769510467,0.113,,0.009,,0.0,,False,96.0,99.0,96.0,88.0,93.0,91.0,91.0,92.0,94.0,high,high,high,high,high,high,high,high,high,2026-07-12
hitter,COL,SF,Jake McCarthy,664983,1.0,RF,Confirmed,3.89,,,,,0.51,0.2,,,,,0.5474836309525255,0.4734649858180475,0.218246238075189,0.1781955332703563,0.994208494208494,0.8840264228459108,0.08313842905203428,0.07440121792905824,,,0.93,0.25,0.19,0.97,0.08,1.38,0.11,0.02,0.0,0.162,1.3893129770992367,1.3653830489192733,0.111,,0.022,,0.0,,False,96.0,99.0,96.0,88.0,93.0,91.0,91.0,92.0,94.0,high,high,high,high,high,high,high,high,high,2026-07-12
hitter,COL,SF,Mickey Moniak,666160,2.0,DH,Confirmed,3.33,,,,,0.67,0.19,,,,,0.6551943648599535,0.684660673404695,0.2122825270135639,0.17620444792679496,0.801980198019802,0.6572755467151744,0.15717625823040626,0.11774321568886867,,,0.72,0.18,0.14,0.67,0.14,1.25,0.11,0.01,0.0,0.138,1.3893129770992367,1.1360020895840364,0.106,,0.01,,0.0,,False,96.0,99.0,96.0,88.0,93.0,91.0,91.0,92.0,94.0,high,high,high,high,high,high,high,high,high,2026-07-12
hitter,COL,SF,Hunter Goodman,696100,3.0,C,Confirmed,4.04,,,,,0.87,0.39,,,,,0.8790072421975869,0.8653747282430235,0.4116702970712439,0.36959522790301474,0.8888888888888888,0.7990561799844644,0.2539144804079337,0.20370645319614475,,,0.84,0.23,0.2,0.84,0.23,1.79,0.12,0.01,0.0,0.15,1.914285714285714,1.684269396076079,0.125,,0.009,,0.0,,False,96.0,99.0,96.0,88.0,93.0,91.0,91.0,92.0,94.0,high,high,high,high,high,high,high,high,high,2026-07-12
hitter,COL,SF,TJ Rumfield,681198,4.0,1B,Confirmed,3.1,,,,,0.4,0.25,,,,,0.41349420991974795,0.39225157299289143,0.26380902885171575,0.2282947421287626,0.7061469265367316,0.5545065366408544,0.04548898721965443,0.050965752432000445,,,0.62,0.16,0.14,0.64,0.05,0.96,0.08,0.01,0.0,0.137,1.1238670694864048,0.8328585445043064,0.083,,0.008,,0.0,,False,96.0,99.0,96.0,88.0,93.0,91.0,91.0,92.0,94.0,high,high,high,high,high,high,high,high,high,2026-07-12
hitter,COL,SF,Kyle Karros,691720,5.0,3B,Confirmed,3.74,,,,,0.68,0.37,,,,,0.6376747957873126,0.7307819772872586,0.3768864419721889,0.36048605467181494,0.801980198019802,0.7352150503669354,0.12044727471851385,0.09756806041448407,,,0.77,0.22,0.18,0.82,0.11,1.18,0.1,0.01,0.0,0.152,1.239368165249089,1.1353217714094808,0.103,,0.007,,0.0,,False,96.0,99.0,96.0,88.0,93.0,91.0,91.0,92.0,94.0,high,high,high,high,high,high,high,high,high,2026-07-12
hitter,COL,SF,Cole Carrigg,694249,6.0,CF,Confirmed,3.09,,,,,0.63,0.27,,,,,0.606284052408713,0.6524224224056427,0.3058675488365936,0.2361926361628385,0.7061469265367316,0.5541016716819794,0.08262533355874002,0.07573471416030672,,,0.62,0.15,0.14,0.63,0.08,1.1,0.09,0.01,0.0,0.146,1.239368165249089,0.9904324109369487,0.087,,0.01,,0.0,,False,96.0,99.0,96.0,88.0,93.0,91.0,91.0,92.0,94.0,high,high,high,high,high,high,high,high,high,2026-07-12
hitter,COL,SF,Troy Johnston,687859,7.0,LF,Confirmed,2.55,,,,,0.43,0.19,,,,,0.4566866325144364,0.40660112647391383,0.22383415041948843,0.16217933334512377,0.4125159642401022,0.3519748283122994,0.0596711543138738,0.0432164097338699,,,0.38,0.11,0.1,0.46,0.05,0.68,0.06,0.01,0.0,0.133,0.7899761336515513,0.5926931263311701,0.062,,0.008,,0.0,,False,96.0,99.0,96.0,88.0,93.0,91.0,91.0,92.0,94.0,high,high,high,high,high,high,high,high,high,2026-07-12
hitter,COL,SF,Tyler Freeman,671289,8.0,2B,Confirmed,3.74,,,,,0.31,0.22,,,,,0.3318875444313272,0.2857329393939357,0.2509824655426906,0.19665537274104472,0.994208494208494,0.8242595098883939,0.055346955469590314,0.05227899149061977,,,0.9,0.17,0.15,0.73,0.05,1.25,0.09,0.01,0.0,0.134,1.3148148148148149,1.1961531873923454,0.094,,0.008,,0.0,,False,96.0,99.0,96.0,88.0,93.0,91.0,91.0,92.0,94.0,high,high,high,high,high,high,high,high,high,2026-07-12
hitter,COL,SF,Ezequiel Tovar,678662,9.0,SS,Confirmed,3.48,,,,,0.67,0.21,,,,,0.6700865920594863,0.6699140817610282,0.23724151363380933,0.18786565136454403,0.7715355805243446,0.6694841358900877,0.12634643744133123,0.10315618504462479,,,0.72,0.18,0.16,0.75,0.11,1.24,0.12,0.01,0.0,0.15,1.3148148148148149,1.1729589202590824,0.117,,0.009,,0.0,,False,96.0,99.0,96.0,88.0,93.0,91.0,91.0,92.0,94.0,high,high,high,high,high,high,high,high,high,2026-07-12
hitter,LAD,AZ,Shohei Ohtani,660271,1.0,DH,Confirmed,4.57,,,,,0.83,0.33,,,,,0.8151739173514024,0.8415576812424534,0.3462045827884118,0.3201978107163433,1.607843137254902,1.4484201380627364,0.4276130616874984,0.3354000347617775,,,1.52,0.55,0.33,1.68,0.38,3.04,0.19,0.01,0.0,0.339,3.5,2.6703181481905482,0.188,,0.012,,0.0,,False,96.0,99.0,96.0,88.0,93.0,91.0,91.0,92.0,94.0,high,high,high,high,high,high,high,high,high,2026-07-12
hitter,LAD,AZ,Andy Pages,681624,2.0,CF,Confirmed,4.45,,,,,0.6,0.15,,,,,0.5803964324770293,0.620658982224516,0.1597845176430761,0.14032531725074734,1.4947368421052631,1.3820731759851992,0.1609536334775229,0.15771181541777513,,,1.43,0.45,0.3,1.55,0.16,2.07,0.15,0.01,0.0,0.264,2.057017543859649,2.0854994149555215,0.145,,0.009,,0.0,,False,96.0,99.0,96.0,88.0,93.0,91.0,91.0,92.0,94.0,high,high,high,high,high,high,high,high,high,2026-07-12
hitter,LAD,AZ,Freddie Freeman,518692,3.0,1B,Confirmed,4.57,,,,,0.55,0.21,,,,,0.5440404496637073,0.5519961487722572,0.21020698013055095,0.21389324668127352,1.607843137254902,1.444937469461845,0.18306604889076816,0.17369408834365382,,,1.52,0.5,0.37,1.74,0.18,2.34,0.15,0.01,0.0,0.29,2.456692913385827,2.2369030876820353,0.148,,0.013,,0.0,,False,96.0,99.0,96.0,88.0,93.0,91.0,91.0,92.0,94.0,high,high,high,high,high,high,high,high,high,2026-07-12
hitter,LAD,AZ,Mookie Betts,605141,4.0,SS,Confirmed,4.51,,,,,0.32,0.17,,,,,0.33864527567184877,0.29392560528852546,0.17098411122524748,0.16697492057780022,1.607843137254902,1.3838702924288495,0.17812022391975416,0.1649299073006576,,,1.48,0.49,0.38,1.75,0.17,2.03,0.15,0.01,0.0,0.286,2.057017543859649,2.0082580125341263,0.147,,0.012,,0.0,,False,96.0,99.0,96.0,88.0,93.0,91.0,91.0,92.0,94.0,high,high,high,high,high,high,high,high,high,2026-07-12
hitter,LAD,AZ,Tommy Edman,669242,5.0,2B,Confirmed,3.81,,,,,0.49,0.11,,,,,0.5057419527572579,0.48154289043313553,0.12942774775073973,0.09137727663842395,1.4947368421052631,1.0879313901116063,0.11458180031804296,0.10962957041829903,,,1.27,0.38,0.29,1.38,0.11,1.85,0.15,0.01,0.0,0.26,2.057017543859649,1.682919004250049,0.15,,0.007,,0.0,,False,96.0,99.0,96.0,88.0,93.0,91.0,91.0,92.0,94.0,high,high,high,high,high,high,high,high,high,2026-07-12
hitter,LAD,AZ,Kyle Tucker,663656,6.0,RF,Confirmed,4.25,,,,,0.51,0.22,,,,,0.5424676118140322,0.4765541760104982,0.229269603340557,0.21101012866679267,1.5,1.2305718394930534,0.14092397986288108,0.1355094373820039,,,1.35,0.41,0.32,1.5,0.14,1.94,0.14,0.01,0.0,0.301,2.057017543859649,1.8380975113681048,0.136,,0.007,,0.0,,False,96.0,99.0,96.0,88.0,93.0,91.0,91.0,92.0,94.0,high,high,high,high,high,high,high,high,high,2026-07-12
hitter,LAD,AZ,Teoscar Hernández,606192,7.0,LF,Confirmed,4.25,,,,,0.74,0.13,,,,,0.6930731675147362,0.7903161396016758,0.1457528935062955,0.11098240064891582,1.607843137254902,1.4070989910298823,0.19701632946939093,0.19297939918026738,,,1.5,0.39,0.31,1.49,0.19,2.29,0.2,0.01,0.0,0.273,2.456692913385827,2.1457391775132524,0.199,,0.007,,0.0,,False,96.0,99.0,96.0,88.0,93.0,91.0,91.0,92.0,94.0,high,high,high,high,high,high,high,high,high,2026-07-12
hitter,LAD,AZ,Max Muncy,571970,8.0,3B,Confirmed,4.08,,,,,0.71,0.26,,,,,0.6790545416439528,0.7485978571089315,0.25724264755919185,0.2563091895669067,1.1391752577319587,1.1400051886086304,0.23287673640107565,0.19433886964969763,,,1.14,0.4,0.28,1.38,0.21,1.98,0.14,0.01,0.0,0.306,2.057017543859649,1.9168249020470989,0.144,,0.007,,0.0,,False,96.0,99.0,96.0,88.0,93.0,91.0,91.0,92.0,94.0,high,high,high,high,high,high,high,high,high,2026-07-12
hitter,LAD,AZ,Eliezer Alfonzo,672613,9.0,C,Confirmed,1.92,,,,,0.67,0.09,,,,,0.6266472214178967,0.7113241944892887,0.1007719475833269,0.07216017749065642,0.0,0.1478770719951479,0.022394292994373073,0.013962786093516835,,,0.08,0.11,0.09,0.44,0.02,0.14,0.05,0.01,0.0,0.179,0.0,0.2461726659969714,0.052,,0.006,,0.0,,False,96.0,99.0,96.0,88.0,93.0,91.0,91.0,92.0,94.0,high,high,high,high,high,high,high,high,high,2026-07-12
hitter,AZ,LAD,Ketel Marte,606466,1.0,DH,Confirmed,4.25,,,,,0.55,0.28,,,,,0.5589840278386784,0.5481685074004521,0.28564983098686847,0.2784544997179417,1.0980834272829765,1.0985574217424443,0.3362889726061528,0.34616984075238827,,,1.1,0.43,0.28,1.49,0.34,2.38,0.16,0.01,0.0,0.275,2.456692913385827,2.3238486219243417,0.163,,0.013,,0.0,,False,96.0,99.0,96.0,88.0,93.0,91.0,91.0,92.0,94.0,high,high,high,high,high,high,high,high,high,2026-07-12
hitter,AZ,LAD,Geraldo Perdomo,672695,2.0,SS,Confirmed,4.25,,,,,0.45,0.39,,,,,0.4654370228055593,0.43006755275661723,0.39589287345732815,0.38285186038625807,1.0980834272829765,1.0091852757355304,0.18794533262913715,0.19634221991209821,,,1.05,0.45,0.26,1.42,0.19,1.85,0.13,0.01,0.0,0.299,1.914285714285714,1.798288311479321,0.128,,0.011,,0.0,,False,96.0,99.0,96.0,88.0,93.0,91.0,91.0,92.0,94.0,high,high,high,high,high,high,high,high,high,2026-07-12
hitter,AZ,LAD,Corbin Carroll,682998,3.0,RF,Confirmed,4.18,,,,,0.94,0.3,,,,,0.9139323164332736,0.9722618795479872,0.3002121122299346,0.3032429044911954,1.0980834272829765,1.0082725021289776,0.331448064779955,0.3917323896512827,,,1.05,0.42,0.3,1.42,0.36,2.44,0.15,0.02,0.0,0.277,2.456692913385827,2.4184632753493323,0.153,,0.016,,0.0,,False,96.0,99.0,96.0,88.0,93.0,91.0,91.0,92.0,94.0,high,high,high,high,high,high,high,high,high,2026-07-12
hitter,AZ,LAD,Gabriel Moreno,672515,4.0,C,Confirmed,3.96,,,,,0.62,0.29,,,,,0.6094115108893353,0.6249629919302113,0.3014893922284396,0.27865635524884724,1.0980834272829765,0.9842188725096778,0.18863120592050803,0.194789249502883,,,1.04,0.41,0.29,1.41,0.19,1.78,0.13,0.01,0.0,0.283,1.914285714285714,1.6617039752854497,0.133,,0.009,,0.0,,False,96.0,99.0,96.0,88.0,93.0,91.0,91.0,92.0,94.0,high,high,high,high,high,high,high,high,high,2026-07-12
hitter,AZ,LAD,Lourdes Gurriel Jr.,666971,5.0,LF,Confirmed,3.96,,,,,0.52,0.16,,,,,0.5332880378141004,0.501899167786851,0.17088373732173995,0.15038577866074876,1.0980834272829765,1.032238329869332,0.2583102329571499,0.22882978998603723,,,1.06,0.38,0.29,1.38,0.24,1.95,0.14,0.01,0.0,0.249,2.057017543859649,1.854253262953999,0.135,,0.009,,0.0,,False,96.0,99.0,96.0,88.0,93.0,91.0,91.0,92.0,94.0,high,high,high,high,high,high,high,high,high,2026-07-12
hitter,AZ,LAD,Ildemaro Vargas,545121,6.0,2B,Confirmed,3.49,,,,,0.4,0.13,,,,,0.4006820463359323,0.39325318431713896,0.14645896946242062,0.11899534564958934,0.994208494208494,0.8928911156198108,0.17158450373741263,0.18158799910804016,,,0.94,0.31,0.29,1.3,0.18,1.59,0.14,0.01,0.0,0.258,1.684375,1.5213438771393628,0.144,,0.011,,0.0,,False,96.0,99.0,96.0,88.0,93.0,91.0,91.0,92.0,94.0,high,high,high,high,high,high,high,high,high,2026-07-12
hitter,AZ,LAD,Nolan Arenado,571448,7.0,3B,Confirmed,3.81,,,,,0.55,0.18,,,,,0.561821026413731,0.5296157210302317,0.1924162208491832,0.17545910058564157,0.994208494208494,0.9431398978787436,0.191722654834219,0.2046409306036013,,,0.97,0.34,0.25,1.29,0.2,1.77,0.13,0.01,0.0,0.266,1.914285714285714,1.650616229976722,0.135,,0.009,,0.0,,False,96.0,99.0,96.0,88.0,93.0,91.0,91.0,92.0,94.0,high,high,high,high,high,high,high,high,high,2026-07-12
hitter,AZ,LAD,Tim Tawa,694374,8.0,1B,Confirmed,2.77,,,,,0.86,0.32,,,,,0.9229170867946141,0.7976254838766741,0.36642259498976015,0.2739086913147461,0.4125159642401022,0.37019421218248766,0.027408843866840064,0.010916868369004407,,,0.39,0.2,0.13,0.66,0.02,0.61,0.09,0.01,0.0,0.231,0.6720588235294118,0.5612485339544454,0.091,,0.007,,0.0,,False,96.0,99.0,96.0,88.0,93.0,91.0,91.0,92.0,94.0,high,high,high,high,high,high,high,high,high,2026-07-12
hitter,AZ,LAD,Ryan Waldschmidt,814439,9.0,LF,Confirmed,3.96,,,,,1.13,0.26,,,,,1.0612525522492573,1.1951578466870538,0.273184657883214,0.25257664260330487,0.801980198019802,0.70471769535484,0.08901753525544642,0.10052025061256155,,,0.75,0.35,0.26,1.31,0.09,1.19,0.13,0.01,0.0,0.27,1.239368165249089,1.150734360719757,0.134,,0.01,,0.0,,False,96.0,99.0,96.0,88.0,93.0,91.0,91.0,92.0,94.0,high,high,high,high,high,high,high,high,high,2026-07-12
hitter,SD,TOR,Fernando Tatis Jr.,665487,1.0,RF,Confirmed,4.45,,,,,1.14,0.2,,,,,1.1580787836026443,1.1255554948011561,0.2096110947045667,0.1913971771423995,0.994208494208494,1.0387738033552487,0.06420382161539373,0.07616962171714532,,,1.02,0.52,0.32,1.72,0.07,1.4,0.14,0.01,0.0,0.315,1.3148148148148149,1.465751713501693,0.141,,0.008,,0.0,,False,96.0,99.0,96.0,88.0,93.0,91.0,91.0,92.0,94.0,high,high,high,high,high,high,high,high,high,2026-07-12
hitter,SD,TOR,Jackson Merrill,701538,2.0,CF,Confirmed,4.18,,,,,1.29,0.1,,,,,1.2405964369767157,1.3370826982085633,0.10961262933363164,0.09520817062421254,0.7715355805243446,0.8345337377189636,0.05091075836884611,0.061293728972612545,,,0.81,0.41,0.28,1.46,0.06,1.26,0.15,0.01,0.0,0.256,1.239368165249089,1.282559484667414,0.148,,0.014,,0.0,,False,96.0,99.0,96.0,88.0,93.0,91.0,91.0,92.0,94.0,high,high,high,high,high,high,high,high,high,2026-07-12
hitter,SD,TOR,Xander Bogaerts,593428,3.0,SS,Confirmed,4.25,,,,,0.87,0.54,,,,,0.8266503208275235,0.9089043385729813,0.5454412180051653,0.537341634120761,0.7061469265367316,0.7273579646980907,0.03149758083086934,0.032155609887380775,,,0.72,0.49,0.34,1.7,0.03,0.98,0.15,0.01,0.0,0.31,1.001763668430335,0.9612926643552665,0.147,,0.008,,0.0,,False,96.0,99.0,96.0,88.0,93.0,91.0,91.0,92.0,94.0,high,high,high,high,high,high,high,high,high,2026-07-12
hitter,SD,TOR,Manny Machado,592518,4.0,DH,Confirmed,4.26,,,,,1.24,0.2,,,,,1.1936814495105244,1.276741260853793,0.1982533018425123,0.19752360702350805,0.801980198019802,0.8916355737164104,0.0611423083000678,0.04402521003611261,,,0.85,0.47,0.32,1.56,0.05,1.31,0.13,0.01,0.0,0.298,1.239368165249089,1.3592192675355963,0.13,,0.008,,0.0,,False,96.0,99.0,96.0,88.0,93.0,91.0,91.0,92.0,94.0,high,high,high,high,high,high,high,high,high,2026-07-12
hitter,SD,TOR,Gavin Sheets,657757,5.0,LF,Confirmed,3.81,,,,,0.99,0.14,,,,,0.9744589304445243,1.0134239553232587,0.14897710344606088,0.13256827177747818,0.7061469265367316,0.6812010704806883,0.04279465407504049,0.02403579902986356,,,0.69,0.38,0.27,1.3,0.03,0.99,0.13,0.01,0.0,0.272,0.9875776397515532,0.9957576504096349,0.128,,0.008,,0.0,,False,96.0,99.0,96.0,88.0,93.0,91.0,91.0,92.0,94.0,high,high,high,high,high,high,high,high,high,2026-07-12
hitter,SD,TOR,Ty France,664034,6.0,1B,Confirmed,3.89,,,,,0.96,0.09,,,,,0.9054100856986564,1.0115287450149466,0.10546557554363402,0.06912341096157383,0.7715355805243446,0.7682476404227819,0.043068844928509896,0.04259825214473383,,,0.77,0.32,0.29,1.32,0.04,1.02,0.12,0.01,0.0,0.246,1.001763668430335,1.041652077306813,0.116,,0.007,,0.0,,False,96.0,99.0,96.0,88.0,93.0,91.0,91.0,92.0,94.0,high,high,high,high,high,high,high,high,high,2026-07-12
hitter,SD,TOR,Jake Cronenworth,630105,7.0,2B,Confirmed,3.33,,,,,0.97,0.15,,,,,0.9492958734110223,0.9992766621811694,0.16399980949811957,0.1360547110999502,0.5846774193548387,0.5742855597810511,0.031193303540728447,0.015391775644367937,,,0.58,0.34,0.23,1.21,0.02,0.81,0.12,0.01,0.0,0.322,0.7899761336515513,0.8230626739154349,0.123,,0.007,,0.0,,False,96.0,99.0,96.0,88.0,93.0,91.0,91.0,92.0,94.0,high,high,high,high,high,high,high,high,high,2026-07-12
hitter,SD,TOR,Rodolfo Durán,660710,8.0,C,Confirmed,3.1,,,,,0.98,0.09,,,,,0.9457786807039578,1.0165041659089709,0.09306928071980573,0.08198922515470158,0.4125159642401022,0.4320270545475106,0.027689598672114832,0.018079702869904464,,,0.42,0.21,0.15,0.78,0.02,0.63,0.1,0.01,0.0,0.216,0.6720588235294118,0.5986673642784456,0.105,,0.007,,0.0,,False,96.0,99.0,96.0,88.0,93.0,91.0,91.0,92.0,94.0,high,high,high,high,high,high,high,high,high,2026-07-12
hitter,SD,TOR,Sung-Mun Song,823550,9.0,3B,Confirmed,3.1,,,,,0.85,0.13,,,,,0.82326153729637,0.8761990456003358,0.1364240811004655,0.13303736946653433,0.4125159642401022,0.4414391246744123,0.030982625551230235,0.023461768961908696,,,0.43,0.26,0.18,0.92,0.03,0.67,0.1,0.01,0.0,0.268,0.6720588235294118,0.6723454406857821,0.104,,0.008,,0.0,,False,96.0,99.0,96.0,88.0,93.0,91.0,91.0,92.0,94.0,high,high,high,high,high,high,high,high,high,2026-07-12
hitter,TOR,SD,Ernie Clement,676391,1.0,2B,Confirmed,4.18,,,,,0.37,0.17,,,,,0.33508923649139966,0.41275544988226714,0.13335208774384183,0.20588004215523384,0.4125159642401022,0.5073477686992042,0.05945241559265097,0.06768060992014996,,,0.46,0.47,0.35,1.62,0.06,0.83,0.15,0.01,0.0,0.284,0.6720588235294118,0.9647927602564431,0.151,,0.009,,0.0,,False,96.0,99.0,96.0,88.0,93.0,91.0,91.0,92.0,94.0,high,high,high,high,high,high,high,high,high,2026-07-12
hitter,TOR,SD,Nathan Lukes,664770,2.0,RF,Confirmed,4.18,,,,,0.47,0.21,,,,,0.42555797588192457,0.5130425136043218,0.19184937321082657,0.23151631510566142,0.4125159642401022,0.5498316367710044,0.0692591916487594,0.06124806681198434,,,0.49,0.52,0.36,1.68,0.07,0.78,0.17,0.01,0.0,0.323,0.6720588235294118,0.8696662790386979,0.17,,0.008,,0.0,,False,96.0,99.0,96.0,88.0,93.0,91.0,91.0,92.0,94.0,high,high,high,high,high,high,high,high,high,2026-07-12
hitter,TOR,SD,Vladimir Guerrero Jr.,665489,3.0,DH,Confirmed,4.64,,,,,0.56,0.31,,,,,0.5177403715881443,0.6087048597154846,0.2655767575247785,0.3544336072211362,0.4125159642401022,0.6000708558693942,0.10290350899713971,0.11661659435005509,,,0.52,0.71,0.61,2.31,0.11,1.04,0.15,0.01,0.0,0.39,0.8408408408408409,1.204300690703242,0.146,,0.006,,0.0,,False,96.0,99.0,96.0,88.0,93.0,91.0,91.0,92.0,94.0,high,high,high,high,high,high,high,high,high,2026-07-12
hitter,TOR,SD,Kazuma Okamoto,672960,4.0,3B,Confirmed,4.48,,,,,1.03,0.27,,,,,0.9018954954514103,1.1646835530774382,0.22618682935573403,0.31171794891224847,0.4125159642401022,0.5152161333905441,0.13424556334644364,0.18978765609672443,,,0.47,0.62,0.54,1.96,0.16,1.11,0.14,0.01,0.0,0.348,0.9875776397515532,1.2067997668792387,0.138,,0.007,,0.0,,False,96.0,99.0,96.0,88.0,93.0,91.0,91.0,92.0,94.0,high,high,high,high,high,high,high,high,high,2026-07-12
hitter,TOR,SD,Daulton Varsho,662139,5.0,CF,Confirmed,4.18,,,,,0.89,0.2,,,,,0.7859840932834947,0.9951125281048311,0.19467500161763143,0.21240949754327368,0.35424354243542433,0.4020437090662057,0.13020406528708633,0.1405842750825459,,,0.38,0.6,0.56,1.87,0.14,0.9,0.12,0.01,0.0,0.354,0.7899761336515513,0.9990751871854228,0.124,,0.009,,0.0,,False,96.0,99.0,96.0,88.0,93.0,91.0,91.0,92.0,94.0,high,high,high,high,high,high,high,high,high,2026-07-12
hitter,TOR,SD,Brandon Valenzuela,678218,6.0,1B,Confirmed,2.9,,,,,0.75,0.26,,,,,0.714907678440683,0.7917723996060468,0.28331841895539833,0.23717888843892515,0.2543859649122807,0.21680642129423075,0.019021441996806516,0.015897100529845054,,,0.23,0.3,0.27,0.98,0.02,0.35,0.1,0.01,0.0,0.316,0.3888888888888889,0.31351589872252017,0.1,,0.007,,0.0,,False,96.0,99.0,96.0,88.0,93.0,91.0,91.0,92.0,94.0,high,high,high,high,high,high,high,high,high,2026-07-12
hitter,TOR,SD,Sean Keys,815873,7.0,1B,Confirmed,3.96,,,,,0.94,0.22,,,,,0.8350553773956892,1.03976489330235,0.18673736857089948,0.2540154487302306,0.4125159642401022,0.5068787270071655,0.12461488021558625,0.15615067779729763,,,0.46,0.48,0.46,1.65,0.14,1.02,0.14,0.01,0.0,0.343,0.9875776397515532,1.0417232824270077,0.143,,0.008,,0.0,,False,96.0,99.0,96.0,88.0,93.0,91.0,91.0,92.0,94.0,high,high,high,high,high,high,high,high,high,2026-07-12
hitter,TOR,SD,Jonatan Clase,682729,8.0,LF,Confirmed,3.93,,,,,1.09,0.05,,,,,0.9279658588420396,1.2569586961297323,0.06091892336430937,0.04525156589493961,0.3344051446945337,0.43791417080669487,0.020031587767870812,0.013060712376379569,,,0.39,0.42,0.32,1.45,0.02,0.61,0.11,0.01,0.0,0.319,0.44025157232704404,0.7425397622237896,0.112,,0.008,,0.0,,False,96.0,99.0,96.0,88.0,93.0,91.0,91.0,92.0,94.0,high,high,high,high,high,high,high,high,high,2026-07-12
hitter,TOR,SD,Andrés Giménez,665926,9.0,SS,Confirmed,3.81,,,,,0.6,0.19,,,,,0.5549362507018375,0.6366340048874709,0.17608251682018322,0.20072788475949507,0.35424354243542433,0.5093587562502535,0.054509998572372265,0.06633398543240875,,,0.44,0.41,0.34,1.46,0.06,0.76,0.16,0.01,0.0,0.322,0.6720588235294118,0.8267641011244019,0.155,,0.009,,0.0,,False,96.0,99.0,96.0,88.0,93.0,91.0,91.0,92.0,94.0,high,high,high,high,high,high,high,high,high,2026-07-12
