player_type,team,opponent,player_name,mlb_id,lineup_spot,pos,lineup_status,proj_pa,proj_ip,proj_outs,proj_runs_allowed,proj_hits_allowed,proj_strikeouts,proj_walks,proj_hr_allowed,proj_er_model,proj_fip,proj_war_contribution,direct_K,rate_K,direct_BB,rate_BB,direct_H,rate_H,direct_HR,rate_HR,direct_R,rate_R,proj_hits,proj_runs,proj_rbi,proj_hrrbi,proj_hr,proj_tb,proj_2b,proj_3b,proj_sb,proj_woba,direct_TB,rate_TB,direct_2B,rate_2B,direct_3B,rate_3B,direct_SB,rate_SB,used_fallback,confidence_score,proj_pa_confidence_score,proj_hits_confidence_score,proj_hr_confidence_score,proj_strikeouts_confidence_score,proj_runs_confidence_score,proj_rbi_confidence_score,proj_hrrbi_confidence_score,proj_walks_confidence_score,confidence,proj_pa_confidence,proj_hits_confidence,proj_hr_confidence,proj_strikeouts_confidence,proj_runs_confidence,proj_rbi_confidence,proj_hrrbi_confidence,proj_walks_confidence,game_date
pitcher,MIA,ATL,Braxton Garrett,666129,,,,,4.61,14.0,2.25,4.45,4.5,1.7,0.5,2.21,3.74,0.069,4.676567656765677,4.328501777882078,1.610062893081761,1.9646709666065398,4.326530612244898,4.95854632570307,0.4827586206896552,0.5259203985671278,2.212,,,,,,,,,,,,,,,,,,,,,,,,,,,,,,,,,,,,,,,2026-05-19
pitcher,ATL,MIA,Martín Pérez,527048,,,,,4.61,14.0,2.76,4.9,4.5,2.0,0.88,2.21,5.02,0.069,4.676567656765677,4.328501777882078,1.890295358649789,2.3178432489536314,4.879746835443039,4.95854632570307,0.869281045751634,0.91531524226146,2.212,,,,,,,,,,,,,,,,,,,,,,,,,,,,,,,,,,,,,,,2026-05-19
pitcher,DET,CLE,Keider Montero,672456,,,,,4.79,14.0,2.6,5.11,4.17,1.65,0.71,2.28,4.47,0.073,3.8412698412698414,4.497510524090055,1.610062893081761,1.7704833159728637,5.093457943925234,5.152155509786922,0.6666666666666666,0.8243081650798851,2.28,,,,,,,,,,,,,,,,,,,,,,,,,,,,,,,,,,,,,,,2026-05-19
pitcher,CLE,DET,Parker Messick,800048,,,,,5.21,16.0,2.46,4.61,6.81,1.36,0.88,2.21,3.75,0.111,6.649122807017544,6.9744984170508655,1.3455882352941178,1.3949231405521847,4.500000000000001,5.0333098236854905,0.869281045751634,0.8965857077382466,2.212,,,,,,,,,,,,,,,,,,,,,,,,,,,,,,,,,,,,,,,2026-05-19
pitcher,BAL,TB,Kyle Bradish,680694,,,,,5.13,15.0,2.72,4.45,6.79,2.44,0.91,2.28,4.38,0.097,6.649122807017544,6.939281759278579,2.4,2.579291945147967,4.326530612244898,4.9560229166039464,0.869281045751634,1.0185612131889998,2.28,,,,,,,,,,,,,,,,,,,,,,,,,,,,,,,,,,,,,,,2026-05-19
pitcher,PHI,CIN,Jesús Luzardo,666200,,,,,5.21,16.0,2.39,5.02,6.49,1.47,0.52,1.79,2.94,0.162,6.649122807017544,6.323128873107073,1.3455882352941178,1.8287023801883489,4.879746835443039,5.60391027264924,0.5409836065573771,0.47907389125280486,1.789,,,,,,,,,,,,,,,,,,,,,,,,,,,,,,,,,,,,,,,2026-05-19
pitcher,CIN,PHI,Chase Burns,695505,,,,,5.13,15.0,2.25,3.94,6.2,1.68,0.48,1.79,3.47,0.155,5.454545454545454,6.939281759278579,1.610062893081761,1.8961543655408746,3.68,4.9560229166039464,0.4827586206896552,0.471717670273875,1.789,,,,,,,,,,,,,,,,,,,,,,,,,,,,,,,,,,,,,,,2026-05-19
pitcher,WSH,NYM,Foster Griffin,656492,,,,,5.58,17.0,2.56,5.1,6.11,1.93,0.58,1.79,3.5,0.19,6.017094017094017,6.210521933017685,1.890295358649789,2.0349761889217337,4.879746835443039,6.001884706599378,0.547945205479452,0.6594896778934272,1.789,,,,,,,,,,,,,,,,,,,,,,,,,,,,,,,,,,,,,,,2026-05-19
pitcher,NYM,WSH,Nolan McLean,690997,,,,,5.21,16.0,2.37,4.47,6.85,1.97,0.52,1.79,3.25,0.162,6.649122807017544,7.047496679501248,1.890295358649789,2.204167888829458,4.326530612244898,5.0333098236854905,0.5409836065573771,0.47907389125280486,1.789,,,,,,,,,,,,,,,,,,,,,,,,,,,,,,,,,,,,,,,2026-05-19
pitcher,NYY,TOR,Will Warren,701542,,,,,5.13,15.0,2.52,4.45,6.12,1.96,0.87,2.21,4.14,0.105,6.017094017094017,6.226036683116946,1.890295358649789,2.18628244223244,4.326530612244898,4.9560229166039464,0.869281045751634,0.8828185567557015,2.212,,,,,,,,,,,,,,,,,,,,,,,,,,,,,,,,,,,,,,,2026-05-19
pitcher,TOR,NYY,Dylan Cease,656302,,,,,5.21,16.0,2.45,4.65,6.81,2.28,0.49,2.21,3.41,0.111,6.649122807017544,6.9744984170508655,2.163265306122449,2.619514821485557,4.486486486486487,5.2846795049817175,0.5,0.47907389125280486,2.212,,,,,,,,,,,,,,,,,,,,,,,,,,,,,,,,,,,,,,,2026-05-19
pitcher,KC,BOS,Bailey Falter,663559,,,,,4.79,14.0,2.77,4.59,3.74,1.88,0.8,2.48,5.15,0.051,3.6538461538461537,3.8257426697625427,1.8333333333333333,2.026480650190615,4.525423728813561,4.858659276173211,0.7948717948717948,0.8243081650798851,2.481,,,,,,,,,,,,,,,,,,,,,,,,,,,,,,,,,,,,,,,2026-05-19
pitcher,BOS,KC,Ranger Suarez,624133,,,,,5.21,16.0,2.67,5.47,4.78,1.47,0.83,2.21,4.51,0.111,4.676567656765677,4.891864265242002,1.3455882352941178,1.8287023801883489,5.27906552931133,6.222090435704619,0.7948717948717948,0.8965857077382466,2.212,,,,,,,,,,,,,,,,,,,,,,,,,,,,,,,,,,,,,,,2026-05-19
pitcher,MIN,HOU,Zebby Matthews,805673,,,,,4.79,14.0,2.39,4.88,4.78,1.71,0.55,2.28,3.98,0.073,4.676567656765677,4.882964964028157,1.610062893081761,2.026480650190615,4.879746835443039,4.858659276173211,0.547945205479452,0.5661210675823506,2.28,,,,,,,,,,,,,,,,,,,,,,,,,,,,,,,,,,,,,,,2026-05-19
pitcher,HOU,MIN,Jason Alexander,669920,,,,,4.61,14.0,2.58,4.61,4.9,1.7,0.93,2.28,4.96,0.061,4.676567656765677,5.1309150736938225,1.610062893081761,1.9503289764882537,4.525423728813561,4.95854632570307,0.9130434782608695,0.9653473360051488,2.28,,,,,,,,,,,,,,,,,,,,,,,,,,,,,,,,,,,,,,,2026-05-19
pitcher,CHC,MIL,Ben Brown,676962,,,,,4.58,14.0,1.88,3.92,4.07,1.41,0.54,1.37,3.65,0.166,3.8412698412698414,4.300333653514082,1.3455882352941178,1.608733267540009,3.6666666666666665,4.926278128355762,0.4371305566158855,0.7881693937507044,1.367,,,,,,,,,,,,,,,,,,,,,,,,,,,,,,,,,,,,,,,2026-05-19
pitcher,MIL,CHC,Jacob Misiorowski,694819,,,,,4.79,14.0,2.2,4.39,6.46,1.86,0.4,1.37,3.07,0.182,6.017094017094017,6.910604507286993,1.890295358649789,1.7704833159728637,4.326530612244898,4.62755356150739,0.38095238095238093,0.44045373111342334,1.367,,,,,,,,,,,,,,,,,,,,,,,,,,,,,,,,,,,,,,,2026-05-19
pitcher,STL,PIT,Matthew Liberatore,669461,,,,,4.61,14.0,2.7,4.9,4.69,1.61,0.91,2.43,4.96,0.045,4.676567656765677,4.699471499826681,1.610062893081761,1.619270821694201,4.879746835443039,4.95854632570307,0.9130434782608695,0.91531524226146,2.432,,,,,,,,,,,,,,,,,,,,,,,,,,,,,,,,,,,,,,,2026-05-19
pitcher,PIT,STL,Mitch Keller,656605,,,,,5.21,16.0,2.54,5.02,4.99,1.47,0.57,2.28,3.85,0.103,4.676567656765677,5.311116380498267,1.350932993646525,1.8287023801883489,4.879746835443039,5.60391027264924,0.5454095660331649,0.6157600755958343,2.28,,,,,,,,,,,,,,,,,,,,,,,,,,,,,,,,,,,,,,,2026-05-19
pitcher,ATH,LAA,Jacob Lopez,682052,,,,,4.79,14.0,2.37,4.39,4.78,1.93,0.57,2.21,4.08,0.081,4.676567656765677,4.882964964028157,1.890295358649789,2.041382631246275,4.326530612244898,4.627946464104879,0.547945205479452,0.6350989636681925,2.212,,,,,,,,,,,,,,,,,,,,,,,,,,,,,,,,,,,,,,,2026-05-19
pitcher,SD,LAD,Griffin Canning,656288,,,,,4.79,14.0,2.45,4.43,4.78,2.13,0.51,1.79,4.23,0.13,4.676567656765677,4.882964964028157,2.163265306122449,2.041382631246275,4.326530612244898,4.858659276173211,0.5,0.5464552514395971,1.789,,,,,,,,,,,,,,,,,,,,,,,,,,,,,,,,,,,,,,,2026-05-19
pitcher,LAD,SD,Emmet Sheehan,686218,,,,,4.79,14.0,2.28,4.39,5.24,1.72,0.55,1.79,3.89,0.13,4.676567656765677,5.813394875658903,1.610062893081761,2.041382631246275,4.326530612244898,4.62755356150739,0.5409836065573771,0.5661210675823506,1.789,,,,,,,,,,,,,,,,,,,,,,,,,,,,,,,,,,,,,,,2026-05-19
pitcher,AZ,SF,Ryne Nelson,669194,,,,,4.79,14.0,2.42,4.55,4.78,1.89,0.55,2.21,4.03,0.081,4.676567656765677,4.882964964028157,1.836734693877551,2.041382631246275,4.525423728813561,4.62755356150739,0.5409836065573771,0.5661210675823506,2.212,,,,,,,,,,,,,,,,,,,,,,,,,,,,,,,,,,,,,,,2026-05-19
pitcher,SF,AZ,Landen Roupp,694738,,,,,5.13,15.0,2.63,4.5,4.95,2.17,0.79,2.21,4.69,0.105,4.676567656765677,5.229563729742055,2.163265306122449,2.18628244223244,4.326530612244898,5.203532794732478,0.7441860465116279,0.8828185567557015,2.212,,,,,,,,,,,,,,,,,,,,,,,,,,,,,,,,,,,,,,,2026-05-19
pitcher,SEA,CWS,Bryce Miller,682243,,,,,4.61,14.0,2.66,4.73,4.6,1.91,0.88,2.43,5.14,0.045,4.676567656765677,4.529613400316306,1.890295358649789,1.9646709666065398,4.666666666666667,4.95854632570307,0.869281045751634,0.91531524226146,2.432,,,,,,,,,,,,,,,,,,,,,,,,,,,,,,,,,,,,,,,2026-05-19
pitcher,CWS,SEA,Anthony Kay,641743,,,,,4.79,14.0,2.69,4.71,3.74,1.93,0.77,2.48,5.08,0.051,3.6538461538461537,3.8257426697625427,1.890295358649789,2.041382631246275,4.666666666666667,4.858659276173211,0.7441860465116279,0.8243081650798851,2.481,,,,,,,,,,,,,,,,,,,,,,,,,,,,,,,,,,,,,,,2026-05-19
hitter,MIA,ATL,Xavier Edwards,669364,1.0,2B,Confirmed,4.45,,,,,0.54,0.33,,,,,0.542054899771634,0.5358905776105917,0.31354930201728726,0.35208225187086867,1.1702127659574468,1.1723101178212139,0.024549685914240952,0.014007540887739998,,,1.17,0.53,0.39,2.01,0.02,1.44,0.15,0.01,0.0,0.294,1.4557355343771272,1.421891491821866,0.152,,0.012,,0.0,,False,96.0,99.0,96.0,88.0,93.0,91.0,91.0,92.0,94.0,high,high,high,high,high,high,high,high,high,2026-05-19
hitter,MIA,ATL,Otto Lopez,672640,2.0,SS,Confirmed,4.26,,,,,0.59,0.19,,,,,0.5867484021471062,0.5859067056428239,0.20081489684331644,0.17133364974810242,1.0980834272829765,1.1541073822177235,0.06415240399291842,0.0738015212018888,,,1.13,0.59,0.49,2.17,0.07,1.65,0.19,0.01,0.0,0.33,1.684375,1.6218530679905478,0.194,,0.01,,0.0,,False,96.0,99.0,96.0,88.0,93.0,91.0,91.0,92.0,94.0,high,high,high,high,high,high,high,high,high,2026-05-19
hitter,MIA,ATL,Heriberto Hernández,681715,3.0,LF,Confirmed,2.55,,,,,0.51,0.2,,,,,0.5220442688558798,0.5074749812933671,0.24237437308623938,0.16623248847905128,0.7061469265367316,0.5128889562142548,0.028765939245034435,0.018580471584927625,,,0.6,0.24,0.22,0.87,0.02,0.68,0.09,0.01,0.0,0.242,0.7899761336515513,0.5964231971111268,0.095,,0.007,,0.0,,False,96.0,99.0,96.0,88.0,93.0,91.0,91.0,92.0,94.0,high,high,high,high,high,high,high,high,high,2026-05-19
hitter,MIA,ATL,Christopher Morel,666624,4.0,1B,Confirmed,3.1,,,,,0.92,0.14,,,,,0.9522396997878829,0.8971335859701063,0.1725474421311677,0.11339916393573227,0.707983193277311,0.6013976335548621,0.02995865072715783,0.021448405783367014,,,0.65,0.32,0.3,1.21,0.03,0.92,0.12,0.01,0.0,0.259,1.001763668430335,0.8476129757089201,0.121,,0.008,,0.0,,False,96.0,99.0,96.0,88.0,93.0,91.0,91.0,92.0,94.0,high,high,high,high,high,high,high,high,high,2026-05-19
hitter,MIA,ATL,Esteury Ruiz,665923,5.0,CF,Confirmed,2.55,,,,,0.75,0.11,,,,,0.774426886603748,0.7307024243794153,0.1213071678114051,0.10266947052673259,0.5290322580645161,0.3832461887143786,0.019044639599209545,0.00814977829926058,,,0.45,0.21,0.19,0.82,0.01,0.54,0.09,0.01,0.0,0.211,0.6720588235294118,0.43224834236148396,0.091,,0.008,,0.0,,False,96.0,99.0,96.0,88.0,93.0,91.0,91.0,92.0,94.0,high,high,high,high,high,high,high,high,high,2026-05-19
hitter,MIA,ATL,Kyle Stowers,669065,6.0,RF,Confirmed,4.18,,,,,1.12,0.33,,,,,1.1610756747699456,1.086694752957609,0.34328505621380956,0.31614782698885574,0.994208494208494,0.9317086419152599,0.06602387284593278,0.04635014979316904,,,0.96,0.44,0.46,1.69,0.06,1.42,0.17,0.01,0.0,0.296,1.4476190476190476,1.3974785485103227,0.172,,0.011,,0.0,,False,96.0,99.0,96.0,88.0,93.0,91.0,91.0,92.0,94.0,high,high,high,high,high,high,high,high,high,2026-05-19
hitter,MIA,ATL,Connor Norby,681393,7.0,DH,Confirmed,3.96,,,,,1.0,0.28,,,,,1.0369063502255405,0.9704477985205057,0.2870326949126114,0.270873945023568,0.9989412622584535,0.9470639620740531,0.04283910993044951,0.04807624652904571,,,0.97,0.39,0.34,1.53,0.05,1.4,0.16,0.01,0.0,0.279,1.4759615384615385,1.3425443872580005,0.16,,0.009,,0.0,,False,96.0,99.0,96.0,88.0,93.0,91.0,91.0,92.0,94.0,high,high,high,high,high,high,high,high,high,2026-05-19
hitter,MIA,ATL,Leo Jiménez,677870,8.0,3B,Confirmed,3.1,,,,,0.69,0.12,,,,,0.6609096839940024,0.7162583699727874,0.14694935926665387,0.09750282610765436,0.707983193277311,0.5768013015232111,0.026493676489323006,0.021384235253964216,,,0.64,0.27,0.25,1.1,0.02,0.88,0.15,0.01,0.0,0.25,1.001763668430335,0.7887953990287131,0.153,,0.008,,0.0,,False,96.0,99.0,96.0,88.0,93.0,91.0,91.0,92.0,94.0,high,high,high,high,high,high,high,high,high,2026-05-19
hitter,MIA,ATL,Joe Mack,691788,9.0,C,Confirmed,3.74,,,,,1.03,0.19,,,,,1.074413635872609,0.9893426217949234,0.19502233653299472,0.19026214040444536,0.8949771689497716,0.9144873345785286,0.053145352992038146,0.05240057485127568,,,0.91,0.36,0.34,1.41,0.05,1.34,0.15,0.01,0.0,0.269,1.3893129770992367,1.2972001477076216,0.155,,0.013,,0.0,,False,96.0,99.0,96.0,88.0,93.0,91.0,91.0,92.0,94.0,high,high,high,high,high,high,high,high,high,2026-05-19
hitter,ATL,MIA,Ronald Acuña Jr.,660670,1.0,DH,Confirmed,4.97,,,,,1.2,0.35,,,,,1.1874479869741228,1.217641276939104,0.3371446164376217,0.3727171808696705,1.4947368421052631,1.4405048821738091,0.3790031132397672,0.47299319697598874,,,1.46,0.63,0.4,2.02,0.43,3.08,0.24,0.01,0.0,0.344,2.775,3.321329500869969,0.236,,0.009,,0.0,,False,96.0,99.0,96.0,88.0,93.0,91.0,91.0,92.0,94.0,high,high,high,high,high,high,high,high,high,2026-05-19
hitter,ATL,MIA,Mauricio Dubón,643289,2.0,LF,Confirmed,4.68,,,,,0.61,0.33,,,,,0.5125961971722591,0.7023027946569258,0.29498063026615506,0.35630494320608497,0.7715355805243446,0.9161557164443588,0.023066294136082563,0.027402973762209362,,,0.85,0.55,0.38,2.03,0.03,1.06,0.2,0.02,0.0,0.308,0.9875776397515532,1.1174574272707938,0.198,,0.016,,0.0,,False,96.0,99.0,96.0,88.0,93.0,91.0,91.0,92.0,94.0,high,high,high,high,high,high,high,high,high,2026-05-19
hitter,ATL,MIA,Matt Olson,621566,3.0,1B,Confirmed,4.61,,,,,1.33,0.48,,,,,1.2668424346677627,1.3986261723829545,0.43394874119975446,0.5262532362124533,0.5846774193548387,0.6486289350894604,0.04125020925727432,0.06389576006694597,,,0.62,0.58,0.43,2.0,0.05,0.93,0.24,0.01,0.0,0.339,0.8666666666666667,0.9728303281498363,0.239,,0.012,,0.0,,False,96.0,99.0,96.0,88.0,93.0,91.0,91.0,92.0,94.0,high,high,high,high,high,high,high,high,high,2026-05-19
hitter,ATL,MIA,Ozzie Albies,645277,4.0,2B,Confirmed,4.51,,,,,0.71,0.35,,,,,0.6388843048565066,0.789590814696642,0.32343024448031443,0.37953638289700453,0.6434108527131783,0.7175727065704329,0.025548868559739427,0.03447419349978502,,,0.68,0.54,0.4,1.93,0.03,0.87,0.23,0.01,0.0,0.319,0.7899761336515513,0.9356211291915717,0.228,,0.013,,0.0,,False,96.0,99.0,96.0,88.0,93.0,91.0,91.0,92.0,94.0,high,high,high,high,high,high,high,high,high,2026-05-19
hitter,ATL,MIA,Austin Riley,663586,5.0,3B,Confirmed,4.57,,,,,1.4,0.34,,,,,1.2763717538774169,1.521118006058605,0.3274474965632762,0.34805609490085154,0.7061469265367316,0.6893978159889357,0.048668989810448614,0.050808887436374336,,,0.7,0.61,0.49,2.19,0.05,1.05,0.25,0.01,0.0,0.346,0.9875776397515532,1.1007398435214577,0.247,,0.013,,0.0,,False,96.0,99.0,96.0,88.0,93.0,91.0,91.0,92.0,94.0,high,high,high,high,high,high,high,high,high,2026-05-19
hitter,ATL,MIA,Michael Harris II,671739,6.0,CF,Confirmed,4.48,,,,,0.99,0.21,,,,,0.9192622176157009,1.0667766789734943,0.19725547927506318,0.22775277784651973,0.7061469265367316,0.747395192755937,0.043445851136166884,0.060817197131652734,,,0.73,0.48,0.46,2.04,0.05,1.04,0.23,0.02,0.0,0.311,1.001763668430335,1.0746679110446764,0.231,,0.016,,0.0,,False,96.0,99.0,96.0,88.0,93.0,91.0,91.0,92.0,94.0,high,high,high,high,high,high,high,high,high,2026-05-19
hitter,ATL,MIA,José Azócar,640492,7.0,RF,Confirmed,3.02,,,,,0.69,0.21,,,,,0.6452772156627488,0.7370003870171822,0.2230830533825965,0.19611521027813708,0.4125159642401022,0.3249977908520951,0.02188815429545435,0.01571645137209372,,,0.36,0.26,0.19,0.98,0.02,0.47,0.12,0.01,0.0,0.27,0.4591194968553459,0.48126114658512426,0.122,,0.012,,0.0,,False,96.0,99.0,96.0,88.0,93.0,91.0,91.0,92.0,94.0,high,high,high,high,high,high,high,high,high,2026-05-19
hitter,ATL,MIA,Sandy León,506702,8.0,C,Confirmed,3.33,,,,,1.12,0.23,,,,,1.095671289363718,1.1431940226453308,0.23118752492935213,0.23793199425663675,0.4125159642401022,0.3610263095925084,0.02567319577416184,0.017641845807516446,,,0.38,0.34,0.26,1.3,0.02,0.64,0.17,0.01,0.0,0.309,0.6720588235294118,0.6065613258667014,0.172,,0.013,,0.0,,False,96.0,99.0,96.0,88.0,93.0,91.0,91.0,92.0,94.0,high,high,high,high,high,high,high,high,high,2026-05-19
hitter,ATL,MIA,Ha-Seong Kim,673490,9.0,SS,Confirmed,4.25,,,,,0.96,0.33,,,,,0.8587971739952724,1.0603603255613445,0.29657062942913626,0.3570666213284694,0.6434108527131783,0.6007915443767413,0.03993958367424744,0.04307922305848394,,,0.62,0.43,0.33,1.64,0.04,0.85,0.23,0.01,0.0,0.312,0.8408408408408409,0.8486730462451456,0.226,,0.01,,0.0,,False,96.0,99.0,96.0,88.0,93.0,91.0,91.0,92.0,94.0,high,high,high,high,high,high,high,high,high,2026-05-19
hitter,DET,CLE,Matt Vierling,663837,1.0,CF,Confirmed,3.89,,,,,0.59,0.3,,,,,0.5770057447069843,0.6099573889668558,0.31282325430352875,0.295300462973866,0.7061469265367316,0.6597785835965394,0.06752965002033648,0.07899702360781279,,,0.68,0.36,0.24,1.19,0.07,1.01,0.12,0.01,0.0,0.245,1.001763668430335,1.0077681719523572,0.116,,0.008,,0.0,,False,96.0,99.0,96.0,88.0,93.0,91.0,91.0,92.0,94.0,high,high,high,high,high,high,high,high,high,2026-05-19
hitter,DET,CLE,Kevin McGonigle,805808,2.0,3B,Confirmed,4.18,,,,,0.51,0.46,,,,,0.5067112103529857,0.5212974934282023,0.4696616288919193,0.44827585081925936,0.707983193277311,0.7457366503838458,0.09992337542369154,0.13369015698284148,,,0.73,0.48,0.3,1.48,0.12,1.27,0.13,0.01,0.0,0.309,1.239368165249089,1.3003162571902502,0.134,,0.008,,0.0,,False,96.0,99.0,96.0,88.0,93.0,91.0,91.0,92.0,94.0,high,high,high,high,high,high,high,high,high,2026-05-19
hitter,DET,CLE,Jahmai Jones,663330,3.0,DH,Confirmed,2.07,,,,,0.66,0.06,,,,,0.6448131526449121,0.6797086257910077,0.07050440302676977,0.05581281071078901,0.2543859649122807,0.17423540132171306,0.02149865171591337,0.012051399443529086,,,0.21,0.19,0.16,0.6,0.02,0.31,0.08,0.01,0.0,0.244,0.3888888888888889,0.24404943931918482,0.083,,0.007,,0.0,,False,96.0,99.0,96.0,88.0,93.0,91.0,91.0,92.0,94.0,high,high,high,high,high,high,high,high,high,2026-05-19
hitter,DET,CLE,Dillon Dingler,693307,4.0,C,Confirmed,3.96,,,,,0.76,0.25,,,,,0.6966247634711054,0.8329931117739019,0.2537349475711329,0.24284888093771906,0.7715355805243446,0.7591572294639785,0.12370536844502877,0.13029683894748995,,,0.76,0.42,0.36,1.48,0.13,1.28,0.12,0.01,0.0,0.266,1.3148148148148149,1.2563896763244717,0.125,,0.008,,0.0,,False,96.0,99.0,96.0,88.0,93.0,91.0,91.0,92.0,94.0,high,high,high,high,high,high,high,high,high,2026-05-19
hitter,DET,CLE,Riley Greene,682985,5.0,LF,Confirmed,4.14,,,,,0.93,0.36,,,,,0.8270844238201354,1.0328007366913619,0.35888266042111916,0.35932335691608747,0.7061469265367316,0.6742618232041621,0.17992011254681836,0.17678918870046034,,,0.69,0.46,0.38,1.48,0.18,1.31,0.11,0.01,0.0,0.285,1.3148148148148149,1.3090265614354633,0.115,,0.008,,0.0,,False,96.0,99.0,96.0,88.0,93.0,91.0,91.0,92.0,94.0,high,high,high,high,high,high,high,high,high,2026-05-19
hitter,DET,CLE,Spencer Torkelson,679529,6.0,1B,Confirmed,3.96,,,,,0.87,0.38,,,,,0.7976066153572167,0.949858325665121,0.3952967819852077,0.3670756329632231,0.6434108527131783,0.6561274620987746,0.1432874666306147,0.1492077256016635,,,0.65,0.35,0.32,1.19,0.15,1.32,0.12,0.01,0.0,0.265,1.3148148148148149,1.3319201274575414,0.115,,0.007,,0.0,,False,96.0,99.0,96.0,88.0,93.0,91.0,91.0,92.0,94.0,high,high,high,high,high,high,high,high,high,2026-05-19
hitter,DET,CLE,Wenceel Pérez,672761,7.0,RF,Confirmed,3.33,,,,,0.64,0.22,,,,,0.6026797725096814,0.6700104090203276,0.2389038055554458,0.19631943783052125,0.5290322580645161,0.5044300865935467,0.11298284817927493,0.0983867069133525,,,0.52,0.28,0.24,1.0,0.11,0.95,0.12,0.01,0.0,0.255,1.001763668430335,0.9111240984084166,0.119,,0.009,,0.0,,False,96.0,99.0,96.0,88.0,93.0,91.0,91.0,92.0,94.0,high,high,high,high,high,high,high,high,high,2026-05-19
hitter,DET,CLE,Hao-Yu Lee,701678,8.0,2B,Confirmed,2.26,,,,,0.95,0.1,,,,,0.967556826158719,0.9329035657122344,0.11954844629801185,0.0759100372623183,0.3344051446945337,0.2220931764561969,0.029847527664271147,0.01965715457027713,,,0.27,0.18,0.15,0.66,0.02,0.37,0.08,0.01,0.0,0.232,0.3888888888888889,0.3523265926990257,0.083,,0.007,,0.0,,False,96.0,99.0,96.0,88.0,93.0,91.0,91.0,92.0,94.0,high,high,high,high,high,high,high,high,high,2026-05-19
hitter,DET,CLE,Zack Short,670097,9.0,SS,Confirmed,3.02,,,,,0.74,0.22,,,,,0.7161018266494863,0.7601216056685554,0.24866204754434654,0.19460611859942362,0.4125159642401022,0.4572821446730372,0.06249400499365862,0.07423942192187882,,,0.44,0.23,0.19,0.84,0.07,0.79,0.09,0.01,0.0,0.233,0.8408408408408409,0.7421516377949858,0.093,,0.006,,0.0,,False,96.0,99.0,96.0,88.0,93.0,91.0,91.0,92.0,94.0,high,high,high,high,high,high,high,high,high,2026-05-19
hitter,CLE,DET,Daniel Schneemann,682177,1.0,CF,Confirmed,3.1,,,,,1.08,0.24,,,,,1.102876548481036,1.061418307401714,0.28976922308307695,0.18973469432875653,0.8694581280788177,0.6811888450072124,0.2073104623714114,0.19662782022645486,,,0.77,0.37,0.28,1.23,0.2,1.63,0.11,0.01,0.0,0.304,1.914285714285714,1.397936100518179,0.114,,0.007,,0.0,,False,96.0,99.0,96.0,88.0,93.0,91.0,91.0,92.0,94.0,high,high,high,high,high,high,high,high,high,2026-05-19
hitter,CLE,DET,José Ramírez,608070,2.0,3B,Confirmed,4.61,,,,,0.45,0.86,,,,,0.4574401081064525,0.4368017474786846,0.9013486534312278,0.822901750798574,0.994208494208494,0.9808463032007749,0.04626894382023544,0.04803240528978332,,,0.99,0.68,0.53,2.21,0.05,1.38,0.15,0.01,0.0,0.369,1.3148148148148149,1.42922488952959,0.152,,0.007,,0.0,,False,96.0,99.0,96.0,88.0,93.0,91.0,91.0,92.0,94.0,high,high,high,high,high,high,high,high,high,2026-05-19
hitter,CLE,DET,Chase DeLauter,800050,3.0,DH,Confirmed,4.61,,,,,0.43,0.71,,,,,0.43272886348725237,0.4202858792543317,0.6757799401423759,0.7513454063572663,0.994208494208494,1.027065435926387,0.04399273440562287,0.04393351012697508,,,1.01,0.64,0.58,2.22,0.04,1.47,0.18,0.01,0.0,0.343,1.3893129770992367,1.5401403549054256,0.177,,0.008,,0.0,,False,96.0,99.0,96.0,88.0,93.0,91.0,91.0,92.0,94.0,high,high,high,high,high,high,high,high,high,2026-05-19
hitter,CLE,DET,Kyle Manzardo,700932,4.0,1B,Confirmed,3.89,,,,,1.23,0.32,,,,,1.1826142669721673,1.2805720541067878,0.33351552584015953,0.29951434619527817,0.994208494208494,0.9355215152130587,0.44513860083966755,0.4084945804153052,,,0.96,0.51,0.47,1.69,0.43,2.15,0.12,0.01,0.0,0.326,2.057017543859649,2.221501214398115,0.125,,0.007,,0.0,,False,96.0,99.0,96.0,88.0,93.0,91.0,91.0,92.0,94.0,high,high,high,high,high,high,high,high,high,2026-05-19
hitter,CLE,DET,Travis Bazzana,683953,5.0,2B,Confirmed,4.48,,,,,0.6,0.76,,,,,0.5929497465208726,0.6063349063741755,0.7653619123482627,0.7530732277316499,0.994208494208494,0.9561379387710717,0.040721038712311294,0.0422972289921852,,,0.97,0.56,0.47,1.92,0.04,1.29,0.13,0.01,0.0,0.318,1.239368165249089,1.32641299532276,0.128,,0.007,,0.0,,False,96.0,99.0,96.0,88.0,93.0,91.0,91.0,92.0,94.0,high,high,high,high,high,high,high,high,high,2026-05-19
hitter,CLE,DET,Angel Martínez,682657,6.0,RF,Confirmed,4.18,,,,,0.84,0.33,,,,,0.8258953535817092,0.8592996638419423,0.30796695291866605,0.35793500054562555,0.8694581280788177,0.8245152998012287,0.04580008869908387,0.03447593841353338,,,0.84,0.43,0.46,1.76,0.04,1.14,0.13,0.01,0.0,0.284,1.1521739130434783,1.1251251125053958,0.133,,0.009,,0.0,,False,96.0,99.0,96.0,88.0,93.0,91.0,91.0,92.0,94.0,high,high,high,high,high,high,high,high,high,2026-05-19
hitter,CLE,DET,Steven Kwan,680757,7.0,LF,Confirmed,4.57,,,,,0.32,0.55,,,,,0.30780587292694206,0.3351934360315809,0.46690941177993783,0.6252042660506326,1.0980834272829765,1.1517170077942145,0.033057192355458495,0.03351517687466572,,,1.13,0.51,0.44,2.05,0.03,1.37,0.19,0.01,0.0,0.318,1.3148148148148149,1.424145247561157,0.189,,0.009,,0.0,,False,96.0,99.0,96.0,88.0,93.0,91.0,91.0,92.0,94.0,high,high,high,high,high,high,high,high,high,2026-05-19
hitter,CLE,DET,Austin Hedges,595978,8.0,C,Confirmed,3.58,,,,,0.69,0.55,,,,,0.6309016084744556,0.7533832059151504,0.5688763168369979,0.5239796721382266,0.7061469265367316,0.6167126804943348,0.03049235968122265,0.022058494948674602,,,0.66,0.37,0.31,1.33,0.03,0.9,0.1,0.01,0.0,0.301,0.9375,0.8694098816628748,0.102,,0.007,,0.0,,False,96.0,99.0,96.0,88.0,93.0,91.0,91.0,92.0,94.0,high,high,high,high,high,high,high,high,high,2026-05-19
hitter,CLE,DET,Brayan Rocchio,677587,9.0,SS,Confirmed,4.18,,,,,0.56,0.41,,,,,0.5746853026685416,0.5506726120756488,0.38181014987876183,0.43515273148399264,0.8694581280788177,0.8962395276842999,0.026457901294420216,0.025527264628727727,,,0.88,0.41,0.37,1.65,0.03,1.21,0.15,0.01,0.0,0.28,1.239368165249089,1.179207531332844,0.15,,0.007,,0.0,,False,96.0,99.0,96.0,88.0,93.0,91.0,91.0,92.0,94.0,high,high,high,high,high,high,high,high,high,2026-05-19
hitter,TB,BAL,Chandler Simpson,802415,1.0,LF,Confirmed,4.18,,,,,0.35,0.23,,,,,0.3711344157803286,0.33107947978995034,0.23633121652151554,0.2152612587986468,1.607843137254902,1.275457523367051,0.02044374841286718,0.013227437996688761,,,1.43,0.32,0.22,1.19,0.02,1.76,0.09,0.01,0.0,0.201,1.914285714285714,1.628650457652797,0.094,,0.012,,0.0,,False,96.0,99.0,96.0,88.0,93.0,91.0,91.0,92.0,94.0,high,high,high,high,high,high,high,high,high,2026-05-19
hitter,TB,BAL,Junior Caminero,691406,2.0,3B,Confirmed,4.25,,,,,0.69,0.42,,,,,0.7395769028550127,0.6444921380534774,0.43673280715736507,0.40484099896346304,1.1849471787848729,1.1775677214569984,0.11286496225695242,0.09807544661403365,,,1.18,0.34,0.21,1.03,0.11,1.9,0.11,0.01,0.0,0.217,2.057017543859649,1.772846697782012,0.106,,0.008,,0.0,,False,96.0,99.0,96.0,88.0,93.0,91.0,91.0,92.0,94.0,high,high,high,high,high,high,high,high,high,2026-05-19
hitter,TB,BAL,Jonathan Aranda,666018,3.0,1B,Confirmed,4.18,,,,,0.92,0.48,,,,,0.9358297307172665,0.8953377178537387,0.49584473560752174,0.45704859859095937,1.0980834272829765,1.0729897938918198,0.05497265772083484,0.03237176311053699,,,1.08,0.3,0.18,0.89,0.04,1.56,0.09,0.01,0.0,0.204,1.684375,1.4622858904470826,0.092,,0.006,,0.0,,False,96.0,99.0,96.0,88.0,93.0,91.0,91.0,92.0,94.0,high,high,high,high,high,high,high,high,high,2026-05-19
hitter,TB,BAL,Yandy Díaz,650490,4.0,DH,Confirmed,4.25,,,,,0.53,0.46,,,,,0.5720219706803856,0.480236942006015,0.4910575185486217,0.42329209681161245,1.1818181818181819,1.2247927665140228,0.04919483196772853,0.03962751365360835,,,1.21,0.35,0.23,1.11,0.04,1.71,0.1,0.01,0.0,0.233,1.914285714285714,1.5456019919340906,0.097,,0.006,,0.0,,False,96.0,99.0,96.0,88.0,93.0,91.0,91.0,92.0,94.0,high,high,high,high,high,high,high,high,high,2026-05-19
hitter,TB,BAL,Richie Palacios,680700,5.0,2B,Confirmed,3.74,,,,,0.8,0.33,,,,,0.8102258795413325,0.7979725369701802,0.36931053763519417,0.2924501887292185,1.0980834272829765,0.9001317197488901,0.025330320458329135,0.01761623014122041,,,0.99,0.26,0.17,0.84,0.02,1.18,0.09,0.01,0.0,0.196,1.239368165249089,1.1336322916575703,0.092,,0.006,,0.0,,False,96.0,99.0,96.0,88.0,93.0,91.0,91.0,92.0,94.0,high,high,high,high,high,high,high,high,high,2026-05-19
hitter,TB,BAL,Jonny DeLuca,676356,6.0,RF,Confirmed,3.54,,,,,0.76,0.26,,,,,0.7776596494950654,0.750323454021494,0.2742832664464431,0.2383890339811278,1.0980834272829765,0.9835551288962554,0.033504709660551885,0.016113789343592477,,,1.04,0.22,0.17,0.8,0.02,1.33,0.11,0.01,0.0,0.195,1.3893129770992367,1.2760272443603344,0.114,,0.01,,0.0,,False,96.0,99.0,96.0,88.0,93.0,91.0,91.0,92.0,94.0,high,high,high,high,high,high,high,high,high,2026-05-19
hitter,TB,BAL,Cedric Mullins,656775,7.0,CF,Confirmed,3.81,,,,,0.9,0.51,,,,,0.8602560748846114,0.9351645277561637,0.5293198150843905,0.48512250518388733,0.7715355805243446,0.7139829254740856,0.19703407203002846,0.21123999999685542,,,0.74,0.24,0.16,0.82,0.2,1.31,0.1,0.01,0.0,0.205,1.3148148148148149,1.2994509411838753,0.104,,0.007,,0.0,,False,96.0,99.0,96.0,88.0,93.0,91.0,91.0,92.0,94.0,high,high,high,high,high,high,high,high,high,2026-05-19
hitter,TB,BAL,Hunter Feduccia,676439,8.0,C,Confirmed,2.55,,,,,0.66,0.24,,,,,0.7243267422185246,0.5906826421884164,0.27651471666667815,0.2041993653411589,0.6434108527131783,0.4595073779017513,0.01676875423827827,0.003006633371068618,,,0.54,0.15,0.09,0.49,0.01,0.65,0.07,0.01,0.0,0.187,0.7899761336515513,0.5390791501336756,0.065,,0.006,,0.0,,False,96.0,99.0,96.0,88.0,93.0,91.0,91.0,92.0,94.0,high,high,high,high,high,high,high,high,high,2026-05-19
hitter,TB,BAL,Taylor Walls,670764,9.0,SS,Confirmed,3.49,,,,,0.73,0.32,,,,,0.7311366813419856,0.7198910983050729,0.34566359394015234,0.29214712558796047,1.0,0.8699107013125684,0.025318785473325726,0.017352723103263617,,,0.93,0.22,0.15,0.78,0.02,1.13,0.08,0.01,0.0,0.197,1.239368165249089,1.0336006590539943,0.084,,0.008,,0.0,,False,96.0,99.0,96.0,88.0,93.0,91.0,91.0,92.0,94.0,high,high,high,high,high,high,high,high,high,2026-05-19
hitter,BAL,TB,Taylor Ward,621493,1.0,LF,Confirmed,4.57,,,,,1.26,0.59,,,,,1.2066644233228994,1.319513717357829,0.5742597725438301,0.6049840009059922,1.0,1.1112792290820093,0.19596902775295572,0.16959679933990393,,,1.06,0.53,0.32,1.65,0.18,1.95,0.17,0.01,0.0,0.315,1.914285714285714,1.9722669445447818,0.165,,0.007,,0.0,,False,96.0,99.0,96.0,88.0,93.0,91.0,91.0,92.0,94.0,high,high,high,high,high,high,high,high,high,2026-05-19
hitter,BAL,TB,Gunnar Henderson,683002,2.0,SS,Confirmed,4.61,,,,,1.14,0.41,,,,,1.0727149278322117,1.2024686260165756,0.4220415704681797,0.40149066222295166,1.0980834272829765,1.05792915629783,0.1703381087433902,0.16611858104392496,,,1.08,0.51,0.34,1.74,0.17,1.85,0.19,0.01,0.0,0.299,1.914285714285714,1.7900444990387618,0.193,,0.01,,0.0,,False,96.0,99.0,96.0,88.0,93.0,91.0,91.0,92.0,94.0,high,high,high,high,high,high,high,high,high,2026-05-19
hitter,BAL,TB,Adley Rutschman,668939,3.0,DH,Confirmed,4.57,,,,,0.85,0.39,,,,,0.8039704547830501,0.9012828349772701,0.3554963804776258,0.42165794048891203,1.0,1.0660884890331603,0.15363391223944756,0.1637918728308361,,,1.04,0.49,0.38,1.73,0.16,1.61,0.15,0.01,0.0,0.277,1.5956790123456794,1.6205086893640834,0.154,,0.008,,0.0,,False,96.0,99.0,96.0,88.0,93.0,91.0,91.0,92.0,94.0,high,high,high,high,high,high,high,high,high,2026-05-19
hitter,BAL,TB,Pete Alonso,624413,4.0,1B,Confirmed,4.68,,,,,1.24,0.44,,,,,1.1940365265891426,1.2898048453021,0.4410681061691828,0.4433019911361445,1.0980834272829765,1.0802656466559797,0.3020563063776189,0.2824173819536879,,,1.09,0.55,0.43,1.87,0.29,2.05,0.19,0.01,0.0,0.309,2.057017543859649,2.052936484560209,0.191,,0.008,,0.0,,False,96.0,99.0,96.0,88.0,93.0,91.0,91.0,92.0,94.0,high,high,high,high,high,high,high,high,high,2026-05-19
hitter,BAL,TB,Samuel Basallo,694212,5.0,C,Confirmed,4.25,,,,,1.0,0.22,,,,,0.9977109568012367,1.0052501764429767,0.24371311370366627,0.1907224596124112,0.994208494208494,1.037296257121161,0.3453428766506953,0.3553638922636989,,,1.02,0.44,0.35,1.55,0.35,2.39,0.17,0.01,0.0,0.268,2.456692913385827,2.334579996053836,0.166,,0.007,,0.0,,False,96.0,99.0,96.0,88.0,93.0,91.0,91.0,92.0,94.0,high,high,high,high,high,high,high,high,high,2026-05-19
hitter,BAL,TB,Leody Taveras,665750,6.0,CF,Confirmed,3.93,,,,,0.84,0.22,,,,,0.8066250907469353,0.8761482017019947,0.19787850392070547,0.2419687063992705,0.8949771689497716,0.9111709327681465,0.15210155437535935,0.19472653678634294,,,0.9,0.35,0.29,1.35,0.17,1.68,0.16,0.01,0.0,0.272,1.684375,1.6752376815822005,0.16,,0.007,,0.0,,False,96.0,99.0,96.0,88.0,93.0,91.0,91.0,92.0,94.0,high,high,high,high,high,high,high,high,high,2026-05-19
hitter,BAL,TB,Jackson Holliday,702616,7.0,2B,Confirmed,4.25,,,,,0.69,0.42,,,,,0.6124676873607892,0.7580782478790413,0.4188365816894086,0.4176716638597875,0.707983193277311,0.7102407758747268,0.16710730514377514,0.18537966322309168,,,0.71,0.37,0.26,1.34,0.18,1.4,0.15,0.01,0.0,0.267,1.3148148148148149,1.4716285839554155,0.145,,0.012,,0.0,,False,96.0,99.0,96.0,88.0,93.0,91.0,91.0,92.0,94.0,high,high,high,high,high,high,high,high,high,2026-05-19
hitter,BAL,TB,Coby Mayo,691723,8.0,3B,Confirmed,4.18,,,,,1.25,0.32,,,,,1.1979169846020583,1.3003572168450857,0.32386591431779677,0.31015878064716423,0.8949771689497716,0.8701568320914428,0.19411364389699165,0.19281498162500108,,,0.88,0.4,0.3,1.47,0.19,1.65,0.14,0.01,0.0,0.284,1.684375,1.6132071745886587,0.139,,0.006,,0.0,,False,96.0,99.0,96.0,88.0,93.0,91.0,91.0,92.0,94.0,high,high,high,high,high,high,high,high,high,2026-05-19
hitter,BAL,TB,Colton Cowser,681297,9.0,RF,Confirmed,3.1,,,,,1.13,0.27,,,,,1.1779035608025967,1.0756389187443478,0.30042121962304824,0.23680076664647617,0.5846774193548387,0.49392444142570546,0.10406599812237749,0.10534667458101984,,,0.53,0.25,0.16,0.82,0.1,0.98,0.11,0.01,0.0,0.256,1.001763668430335,0.9685680571728185,0.109,,0.007,,0.0,,False,96.0,99.0,96.0,88.0,93.0,91.0,91.0,92.0,94.0,high,high,high,high,high,high,high,high,high,2026-05-19
hitter,PHI,CIN,Trea Turner,607208,1.0,DH,Confirmed,4.18,,,,,0.64,0.69,,,,,0.6938180422944262,0.5948264321766389,0.7615620683741885,0.6217289586338085,0.7061469265367316,0.6404251204844856,0.0991783403727659,0.10701384945925986,,,0.67,0.28,0.18,0.94,0.1,1.18,0.11,0.02,0.0,0.189,1.239368165249089,1.1338825367670207,0.112,,0.017,,0.0,,False,96.0,99.0,96.0,88.0,93.0,91.0,91.0,92.0,94.0,high,high,high,high,high,high,high,high,high,2026-05-19
hitter,PHI,CIN,Bryce Harper,547180,2.0,1B,Confirmed,4.25,,,,,0.73,1.03,,,,,0.7380219648509169,0.7171021967762848,1.1148425333039367,0.9369109346090756,0.7061469265367316,0.624599838949178,0.1477346832140867,0.14173044858762593,,,0.66,0.36,0.21,1.1,0.14,1.31,0.11,0.01,0.0,0.242,1.3148148148148149,1.3022419622203043,0.107,,0.008,,0.0,,False,96.0,99.0,96.0,88.0,93.0,91.0,91.0,92.0,94.0,high,high,high,high,high,high,high,high,high,2026-05-19
hitter,PHI,CIN,Alec Bohm,664761,3.0,3B,Confirmed,4.14,,,,,0.53,0.53,,,,,0.5616394254981202,0.5049613359674978,0.5541485511113747,0.5063167714805183,0.7715355805243446,0.7448577180721855,0.1275235860589343,0.15426010377449323,,,0.76,0.36,0.29,1.35,0.14,1.35,0.13,0.01,0.0,0.221,1.3148148148148149,1.3793813048253325,0.134,,0.009,,0.0,,False,96.0,99.0,96.0,88.0,93.0,91.0,91.0,92.0,94.0,high,high,high,high,high,high,high,high,high,2026-05-19
hitter,PHI,CIN,Brandon Marsh,669016,4.0,CF,Confirmed,3.81,,,,,0.72,0.51,,,,,0.6828990730164505,0.7651604972401533,0.5297973711578527,0.4962576660174757,0.6666666666666666,0.5382720834772082,0.08787601762471406,0.08871202839563101,,,0.6,0.27,0.2,0.95,0.09,0.95,0.09,0.01,0.0,0.185,1.001763668430335,0.9055417194600887,0.094,,0.008,,0.0,,False,96.0,99.0,96.0,88.0,93.0,91.0,91.0,92.0,94.0,high,high,high,high,high,high,high,high,high,2026-05-19
hitter,PHI,CIN,Adolis García,666969,5.0,RF,Confirmed,3.81,,,,,0.83,0.52,,,,,0.8442607855699146,0.8253395095169468,0.5340300297586644,0.4987598880316644,0.707983193277311,0.6124210209781532,0.14755635589312008,0.16266946064304255,,,0.66,0.29,0.23,1.05,0.16,1.31,0.13,0.01,0.0,0.2,1.3148148148148149,1.3121752191486973,0.128,,0.009,,0.0,,False,96.0,99.0,96.0,88.0,93.0,91.0,91.0,92.0,94.0,high,high,high,high,high,high,high,high,high,2026-05-19
hitter,PHI,CIN,Bryson Stott,681082,6.0,2B,Confirmed,3.96,,,,,0.56,0.59,,,,,0.5766724394263578,0.5357881182746594,0.6308794846707684,0.5515625617522822,0.7061469265367316,0.615459295451089,0.10927999699103932,0.10288814084866893,,,0.66,0.26,0.22,1.02,0.11,1.13,0.1,0.01,0.0,0.201,1.239368165249089,1.0429362407338891,0.1,,0.009,,0.0,,False,96.0,99.0,96.0,88.0,93.0,91.0,91.0,92.0,94.0,high,high,high,high,high,high,high,high,high,2026-05-19
hitter,PHI,CIN,Edmundo Sosa,624641,7.0,SS,Confirmed,3.33,,,,,0.65,0.35,,,,,0.6094225554749054,0.6854537017907036,0.3635369777221493,0.34397980074754964,0.5290322580645161,0.5103143402635086,0.07951799192535486,0.06471272856328401,,,0.52,0.19,0.15,0.75,0.07,0.9,0.11,0.01,0.0,0.175,0.9875776397515532,0.8364099347146184,0.111,,0.008,,0.0,,False,96.0,99.0,96.0,88.0,93.0,91.0,91.0,92.0,94.0,high,high,high,high,high,high,high,high,high,2026-05-19
hitter,PHI,CIN,Justin Crawford,702222,8.0,CF,Confirmed,3.81,,,,,0.6,0.61,,,,,0.6231745244262618,0.5866717637603469,0.6535702859882047,0.5726032929751979,0.7061469265367316,0.6452275784724671,0.12513660166978835,0.10433718811033933,,,0.67,0.27,0.2,0.99,0.11,1.14,0.12,0.01,0.0,0.216,1.239368165249089,1.0637337737452848,0.118,,0.008,,0.0,,False,96.0,99.0,96.0,88.0,93.0,91.0,91.0,92.0,94.0,high,high,high,high,high,high,high,high,high,2026-05-19
hitter,PHI,CIN,Rafael Marchán,665561,9.0,C,Confirmed,2.9,,,,,0.48,0.07,,,,,0.47756899225736327,0.47609931962926655,0.09009472510924828,0.042363079273053876,0.6434108527131783,0.537954672557963,0.06833791117673271,0.04830398202798227,,,0.59,0.17,0.14,0.66,0.06,1.0,0.08,0.01,0.0,0.181,1.1238670694864048,0.90019683563821,0.083,,0.008,,0.0,,False,96.0,99.0,96.0,88.0,93.0,91.0,91.0,92.0,94.0,high,high,high,high,high,high,high,high,high,2026-05-19
hitter,CIN,PHI,Matt McLain,680574,1.0,2B,Confirmed,3.96,,,,,0.86,0.48,,,,,0.8457382845257597,0.8687964176372586,0.4926847826270986,0.4700564192543838,0.6434108527131783,0.619694305574452,0.03835106092557014,0.04739975762862565,,,0.63,0.36,0.25,1.32,0.04,0.87,0.13,0.01,0.0,0.24,0.8408408408408409,0.8930660689547159,0.133,,0.008,,0.0,,False,96.0,99.0,96.0,88.0,93.0,91.0,91.0,92.0,94.0,high,high,high,high,high,high,high,high,high,2026-05-19
hitter,CIN,PHI,Elly De La Cruz,682829,2.0,SS,Confirmed,4.25,,,,,0.94,0.44,,,,,0.9280304760150881,0.9521734750766112,0.43788793123224645,0.43488630070162815,0.7061469265367316,0.6196253449115694,0.040448313145052976,0.04675921554623544,,,0.66,0.4,0.29,1.49,0.04,0.89,0.13,0.01,0.0,0.237,0.9875776397515532,0.8170787384778049,0.132,,0.013,,0.0,,False,96.0,99.0,96.0,88.0,93.0,91.0,91.0,92.0,94.0,high,high,high,high,high,high,high,high,high,2026-05-19
hitter,CIN,PHI,Spencer Steer,668715,3.0,1B,Confirmed,4.04,,,,,0.77,0.38,,,,,0.7043501971789268,0.8293312181821276,0.3938396825800964,0.359370209978429,0.7061469265367316,0.5827625343930871,0.03469386235365353,0.01821813480908663,,,0.64,0.36,0.28,1.35,0.03,0.83,0.13,0.01,0.0,0.227,0.8408408408408409,0.8139676512965508,0.133,,0.009,,0.0,,False,96.0,99.0,96.0,88.0,93.0,91.0,91.0,92.0,94.0,high,high,high,high,high,high,high,high,high,2026-05-19
hitter,CIN,PHI,Sal Stewart,701398,4.0,DH,Confirmed,3.89,,,,,0.79,0.35,,,,,0.7431037437057935,0.8431778163117938,0.36216718300847595,0.33149742441370095,0.5290322580645161,0.5139145877906167,0.03736229772478088,0.029760023988575995,,,0.52,0.35,0.29,1.34,0.03,0.77,0.14,0.01,0.0,0.23,0.7899761336515513,0.7620463122937912,0.138,,0.006,,0.0,,False,96.0,99.0,96.0,88.0,93.0,91.0,91.0,92.0,94.0,high,high,high,high,high,high,high,high,high,2026-05-19
hitter,CIN,PHI,Dane Myers,667472,5.0,CF,Confirmed,3.1,,,,,1.0,0.11,,,,,1.020866184347636,0.9817915632951609,0.1202178534006782,0.10279698188229595,0.801980198019802,0.6396265131610364,0.08576065486547735,0.07398953347696613,,,0.71,0.28,0.24,1.1,0.08,1.07,0.1,0.01,0.0,0.228,1.1521739130434783,0.9956546608739817,0.102,,0.008,,0.0,,False,96.0,99.0,96.0,88.0,93.0,91.0,91.0,92.0,94.0,high,high,high,high,high,high,high,high,high,2026-05-19
hitter,CIN,PHI,JJ Bleday,668709,6.0,LF,Confirmed,3.96,,,,,0.79,0.48,,,,,0.7305631880625226,0.8558339408097161,0.5236885741811577,0.44501814380204335,0.5290322580645161,0.5393153550326635,0.03832595546747823,0.04173589755548212,,,0.53,0.3,0.26,1.21,0.04,0.72,0.15,0.01,0.0,0.23,0.6720588235294118,0.7536286680297903,0.155,,0.008,,0.0,,False,96.0,99.0,96.0,88.0,93.0,91.0,91.0,92.0,94.0,high,high,high,high,high,high,high,high,high,2026-05-19
hitter,CIN,PHI,Blake Dunn,694362,7.0,RF,Confirmed,3.33,,,,,1.07,0.14,,,,,1.122927295362769,1.021643098181963,0.1461606588098995,0.13876774366442293,0.8694581280788177,0.7650871756307609,0.05639289135362969,0.07198277176365889,,,0.81,0.25,0.2,1.04,0.06,1.23,0.12,0.01,0.0,0.225,1.239368165249089,1.2144337304685786,0.119,,0.007,,0.0,,False,96.0,99.0,96.0,88.0,93.0,91.0,91.0,92.0,94.0,high,high,high,high,high,high,high,high,high,2026-05-19
hitter,CIN,PHI,Tyler Stephenson,663886,8.0,C,Confirmed,3.33,,,,,0.81,0.34,,,,,0.7752655768861548,0.8513017933912199,0.35784757293817426,0.322214873557265,0.4125159642401022,0.3824218866367875,0.030847671696650206,0.01721791770591884,,,0.4,0.22,0.17,0.88,0.02,0.61,0.12,0.01,0.0,0.203,0.6720588235294118,0.5601577001808783,0.119,,0.007,,0.0,,False,96.0,99.0,96.0,88.0,93.0,91.0,91.0,92.0,94.0,high,high,high,high,high,high,high,high,high,2026-05-19
hitter,CIN,PHI,Ke'Bryan Hayes,663647,9.0,3B,Confirmed,3.58,,,,,0.58,0.24,,,,,0.6033960837060003,0.5608554274939906,0.24005990099068375,0.23600086121808234,0.7061469265367316,0.6160038934980382,0.027919641977002443,0.022143615240109542,,,0.66,0.31,0.27,1.35,0.03,0.82,0.13,0.01,0.0,0.249,0.8408408408408409,0.7962144484555229,0.132,,0.009,,0.0,,False,96.0,99.0,96.0,88.0,93.0,91.0,91.0,92.0,94.0,high,high,high,high,high,high,high,high,high,2026-05-19
hitter,WSH,NYM,James Wood,695578,1.0,RF,Confirmed,4.61,,,,,1.46,0.92,,,,,1.4335665474140675,1.4836881841591538,0.9416433301844691,0.9013443967035006,0.994208494208494,0.9339248339642353,0.09230801777445544,0.11384327199194229,,,0.96,0.65,0.46,1.99,0.1,1.53,0.21,0.01,0.0,0.377,1.5956790123456794,1.4778460102978297,0.214,,0.009,,0.0,,False,96.0,99.0,96.0,88.0,93.0,91.0,91.0,92.0,94.0,high,high,high,high,high,high,high,high,high,2026-05-19
hitter,WSH,NYM,Luis García Jr.,671277,2.0,1B,Confirmed,3.81,,,,,0.73,0.28,,,,,0.72988540596644,0.7228471282639852,0.29616068592352063,0.2673509386635174,0.801980198019802,0.7709097860537876,0.04521656001384181,0.051486277124808195,,,0.78,0.44,0.35,1.55,0.05,1.05,0.14,0.01,0.0,0.283,1.1238670694864048,0.9898438981523418,0.143,,0.008,,0.0,,False,96.0,99.0,96.0,88.0,93.0,91.0,91.0,92.0,94.0,high,high,high,high,high,high,high,high,high,2026-05-19
hitter,WSH,NYM,José Tena,677588,3.0,DH,Confirmed,3.02,,,,,0.88,0.26,,,,,0.8881409875148655,0.8752485908143748,0.26017605281282746,0.26172945438961004,0.5290322580645161,0.43807137040854044,0.0361744180405142,0.042110074227244575,,,0.48,0.31,0.27,1.11,0.04,0.61,0.11,0.01,0.0,0.259,0.6720588235294118,0.5664656058630978,0.109,,0.01,,0.0,,False,96.0,99.0,96.0,88.0,93.0,91.0,91.0,92.0,94.0,high,high,high,high,high,high,high,high,high,2026-05-19
hitter,WSH,NYM,CJ Abrams,682928,4.0,SS,Confirmed,4.51,,,,,1.01,0.38,,,,,1.0424184870698758,0.9849029394345921,0.3612141901932385,0.40275317931995636,1.0,1.0392671428915916,0.04825975393640188,0.04744307685858966,,,1.02,0.54,0.48,2.01,0.05,1.32,0.17,0.01,0.0,0.296,1.3148148148148149,1.3306587010845785,0.174,,0.01,,0.0,,False,96.0,99.0,96.0,88.0,93.0,91.0,91.0,92.0,94.0,high,high,high,high,high,high,high,high,high,2026-05-19
hitter,WSH,NYM,Daylen Lile,695734,5.0,LF,Confirmed,4.45,,,,,0.9,0.41,,,,,0.8851665028918532,0.91472933161889,0.4236196778255841,0.39695316998371666,1.0980834272829765,1.050179283485373,0.05214527526220257,0.04870937609367745,,,1.07,0.54,0.47,2.0,0.05,1.29,0.17,0.02,0.0,0.302,1.3148148148148149,1.268963043384111,0.172,,0.018,,0.0,,False,96.0,99.0,96.0,88.0,93.0,91.0,91.0,92.0,94.0,high,high,high,high,high,high,high,high,high,2026-05-19
hitter,WSH,NYM,Dylan Crews,686611,6.0,RF,Confirmed,3.96,,,,,1.42,0.11,,,,,1.28831767918953,1.547404650490978,0.10483408828882503,0.11633771176785669,0.3344051446945337,0.3883977423200594,0.027377220868723236,0.02221861042165423,,,0.36,0.38,0.37,1.53,0.02,0.52,0.15,0.01,0.0,0.282,0.4591194968553459,0.5775582245857572,0.145,,0.01,,0.0,,False,96.0,99.0,96.0,88.0,93.0,91.0,91.0,92.0,94.0,high,high,high,high,high,high,high,high,high,2026-05-19
hitter,WSH,NYM,Jorbit Vivas,678391,7.0,3B,Confirmed,2.55,,,,,0.63,0.2,,,,,0.6569129404594513,0.613024513759787,0.22308974988202407,0.16729822864420893,0.4125159642401022,0.3499408951411279,0.021985617376818818,0.01236605192963976,,,0.38,0.23,0.2,0.9,0.02,0.56,0.1,0.01,0.0,0.261,0.6720588235294118,0.47583200273644,0.104,,0.007,,0.0,,False,96.0,99.0,96.0,88.0,93.0,91.0,91.0,92.0,94.0,high,high,high,high,high,high,high,high,high,2026-05-19
hitter,WSH,NYM,Drew Millas,686452,8.0,C,Confirmed,3.09,,,,,0.77,0.27,,,,,0.7452088163256178,0.7972968902367592,0.29882339070689024,0.23873258802230624,0.5846774193548387,0.4914402520276823,0.023583124120138806,0.008355306684909374,,,0.53,0.29,0.25,1.19,0.02,0.66,0.12,0.01,0.0,0.274,0.6720588235294118,0.6492280751312544,0.115,,0.009,,0.0,,False,96.0,99.0,96.0,88.0,93.0,91.0,91.0,92.0,94.0,high,high,high,high,high,high,high,high,high,2026-05-19
hitter,WSH,NYM,Nasim Nuñez,683083,9.0,2B,Confirmed,3.33,,,,,0.81,0.36,,,,,0.7996565285238197,0.8221675674993321,0.37538112777119925,0.3444656310041342,0.6434108527131783,0.5376287940040321,0.02463963028717383,0.012758204869674829,,,0.59,0.32,0.25,1.22,0.02,0.74,0.15,0.01,0.0,0.291,0.7899761336515513,0.6999344222159942,0.151,,0.009,,0.0,,False,96.0,99.0,96.0,88.0,93.0,91.0,91.0,92.0,94.0,high,high,high,high,high,high,high,high,high,2026-05-19
hitter,NYM,WSH,Carson Benge,701807,1.0,RF,Confirmed,4.45,,,,,0.98,0.24,,,,,0.9280578335804948,1.0335686752095974,0.24735102013224294,0.23673365639857996,1.0980834272829765,1.1166940609538367,0.16609591288489325,0.1613889177957119,,,1.11,0.64,0.51,2.29,0.16,1.84,0.21,0.01,0.0,0.353,1.914285714285714,1.7784013748308718,0.214,,0.014,,0.0,,False,96.0,99.0,96.0,88.0,93.0,91.0,91.0,92.0,94.0,high,high,high,high,high,high,high,high,high,2026-05-19
hitter,NYM,WSH,Bo Bichette,666182,2.0,SS,Confirmed,4.68,,,,,0.88,0.27,,,,,0.8550576931349508,0.9030923020727927,0.265625443283254,0.27393995305683483,1.1391752577319587,1.2110080091856046,0.20639672049857935,0.18176945220411317,,,1.18,0.85,0.69,3.04,0.19,2.08,0.26,0.01,0.0,0.441,2.057017543859649,2.095956201423917,0.256,,0.008,,0.0,,False,96.0,99.0,96.0,88.0,93.0,91.0,91.0,92.0,94.0,high,high,high,high,high,high,high,high,high,2026-05-19
hitter,NYM,WSH,Juan Soto,665742,3.0,DH,Confirmed,4.74,,,,,1.23,0.53,,,,,1.2478447318929793,1.2073704872390232,0.4861244502604313,0.5682929940191607,1.0980834272829765,1.1298838623194771,0.38734670487540895,0.38198991756233674,,,1.12,0.92,0.87,2.9,0.38,2.2,0.18,0.01,0.0,0.478,2.057017543859649,2.311004988533784,0.178,,0.007,,0.0,,False,96.0,99.0,96.0,88.0,93.0,91.0,91.0,92.0,94.0,high,high,high,high,high,high,high,high,high,2026-05-19
hitter,NYM,WSH,Mark Vientos,668901,4.0,1B,Confirmed,4.25,,,,,1.3,0.21,,,,,1.2426861487361491,1.3609347305218966,0.21083146181672804,0.20926174927759908,1.0980834272829765,1.0122192419464733,0.23673106238016503,0.22396214519153962,,,1.05,0.69,0.67,2.46,0.23,1.86,0.19,0.01,0.0,0.39,1.914285714285714,1.8191869714685316,0.193,,0.008,,0.0,,False,96.0,99.0,96.0,88.0,93.0,91.0,91.0,92.0,94.0,high,high,high,high,high,high,high,high,high,2026-05-19
hitter,NYM,WSH,Marcus Semien,543760,5.0,2B,Confirmed,4.26,,,,,0.95,0.32,,,,,0.8810419214530587,1.009507733894032,0.321095211923879,0.3258070961671059,1.0980834272829765,1.0191676376962215,0.1404145509002417,0.14957178105297506,,,1.05,0.64,0.57,2.31,0.14,1.63,0.18,0.01,0.0,0.372,1.684375,1.578609419618764,0.178,,0.008,,0.0,,False,96.0,99.0,96.0,88.0,93.0,91.0,91.0,92.0,94.0,high,high,high,high,high,high,high,high,high,2026-05-19
hitter,NYM,WSH,Tyrone Taylor,621438,6.0,CF,Confirmed,3.81,,,,,1.02,0.16,,,,,0.885078717478959,1.1554949752940074,0.16873316020997606,0.14842980459785893,0.8694581280788177,0.8765164611592419,0.09323990665344029,0.09569770323133417,,,0.87,0.46,0.48,1.94,0.09,1.34,0.15,0.01,0.0,0.338,1.3148148148148149,1.3605966878250786,0.147,,0.009,,0.0,,False,96.0,99.0,96.0,88.0,93.0,91.0,91.0,92.0,94.0,high,high,high,high,high,high,high,high,high,2026-05-19
hitter,NYM,WSH,Nick Morabito,703492,7.0,LF,Confirmed,3.58,,,,,0.9,0.29,,,,,0.903,,0.289,,0.869,,0.138,,,,0.87,0.42,0.38,1.67,0.14,1.6,0.13,0.01,0.0,0.33,1.596,,0.134,,0.008,,0.0,,True,40.0,44.0,40.0,32.0,37.0,35.0,35.0,36.0,38.0,low,low,low,low,low,low,low,low,low,2026-05-19
hitter,NYM,WSH,Brett Baty,683146,8.0,3B,Confirmed,4.18,,,,,1.34,0.31,,,,,1.2712152019087375,1.4054348728502388,0.28756438224957814,0.33725064510666036,0.8770949720670391,0.8726992706522783,0.16047807185409746,0.17045829209284366,,,0.87,0.53,0.49,2.01,0.17,1.65,0.15,0.01,0.0,0.354,1.5956790123456794,1.692153992011271,0.146,,0.008,,0.0,,False,96.0,99.0,96.0,88.0,93.0,91.0,91.0,92.0,94.0,high,high,high,high,high,high,high,high,high,2026-05-19
hitter,NYM,WSH,Luis Torrens,620443,9.0,C,Confirmed,3.96,,,,,1.08,0.2,,,,,0.9736406789928852,1.186342323337023,0.2017019401773783,0.19877462315475058,0.8949771689497716,0.9175592810143287,0.0958226426719816,0.0929997637276746,,,0.91,0.48,0.43,1.91,0.09,1.45,0.15,0.01,0.0,0.339,1.4476190476190476,1.4603810799425303,0.149,,0.009,,0.0,,False,96.0,99.0,96.0,88.0,93.0,91.0,91.0,92.0,94.0,high,high,high,high,high,high,high,high,high,2026-05-19
hitter,NYY,TOR,Trent Grisham,663757,1.0,CF,Confirmed,3.89,,,,,0.8,0.69,,,,,0.7622291574355607,0.8435797798799309,0.7603138408808923,0.6191040232858881,0.994208494208494,0.8736028505026252,0.23308787022056035,0.18340486517836344,,,0.93,0.35,0.2,1.07,0.21,1.71,0.12,0.01,0.0,0.249,1.914285714285714,1.5380807365278946,0.116,,0.008,,0.0,,False,96.0,99.0,96.0,88.0,93.0,91.0,91.0,92.0,94.0,high,high,high,high,high,high,high,high,high,2026-05-19
hitter,NYY,TOR,Ben Rice,700250,2.0,1B,Confirmed,4.25,,,,,0.82,0.59,,,,,0.8620029601689615,0.7756197354816081,0.6369194622379617,0.5451699538888619,1.0980834272829765,0.9344614122825541,0.16197837906866336,0.12149626300612495,,,1.01,0.38,0.24,1.26,0.14,1.77,0.13,0.01,0.0,0.242,1.914285714285714,1.6585643775622492,0.128,,0.009,,0.0,,False,96.0,99.0,96.0,88.0,93.0,91.0,91.0,92.0,94.0,high,high,high,high,high,high,high,high,high,2026-05-19
hitter,NYY,TOR,Aaron Judge,592450,3.0,RF,Confirmed,4.27,,,,,1.04,0.93,,,,,1.1134978852202841,0.961568222197251,1.026320874515102,0.8391062142792906,1.0980834272829765,1.0034959125707348,0.3638281849013862,0.2942863546863701,,,1.05,0.45,0.28,1.37,0.33,2.06,0.1,0.01,0.0,0.294,2.057017543859649,2.0658593009479738,0.098,,0.007,,0.0,,False,96.0,99.0,96.0,88.0,93.0,91.0,91.0,92.0,94.0,high,high,high,high,high,high,high,high,high,2026-05-19
hitter,NYY,TOR,Cody Bellinger,641355,4.0,LF,Confirmed,4.39,,,,,0.54,0.6,,,,,0.5638885220527647,0.51432036511121,0.6233642756384752,0.5786456643230952,1.0980834272829765,1.0610013680384496,0.15061432202236938,0.14713208869442715,,,1.08,0.38,0.26,1.28,0.15,1.76,0.11,0.02,0.0,0.237,1.914285714285714,1.6371097170567204,0.114,,0.016,,0.0,,False,96.0,99.0,96.0,88.0,93.0,91.0,91.0,92.0,94.0,high,high,high,high,high,high,high,high,high,2026-05-19
hitter,NYY,TOR,Jazz Chisholm Jr.,665862,5.0,2B,Confirmed,4.08,,,,,0.98,0.57,,,,,1.014952506995732,0.9539348673406426,0.5848557245347461,0.5533079337021354,0.994208494208494,0.8898361141490461,0.15104894845544503,0.19770136520858184,,,0.94,0.32,0.22,1.07,0.17,1.74,0.12,0.01,0.0,0.216,1.914285714285714,1.5970705417758573,0.115,,0.008,,0.0,,False,96.0,99.0,96.0,88.0,93.0,91.0,91.0,92.0,94.0,high,high,high,high,high,high,high,high,high,2026-05-19
hitter,NYY,TOR,Ryan McMahon,641857,6.0,3B,Confirmed,3.81,,,,,1.02,0.64,,,,,1.0093452851560856,1.0331260448803965,0.6519446997139798,0.6363596438480384,0.4803149606299212,0.49670310552947483,0.12823208177814344,0.14629967926766402,,,0.49,0.22,0.18,0.81,0.14,0.98,0.1,0.01,0.0,0.185,1.001763668430335,0.9670228352230568,0.1,,0.008,,0.0,,False,96.0,99.0,96.0,88.0,93.0,91.0,91.0,92.0,94.0,high,high,high,high,high,high,high,high,high,2026-05-19
hitter,NYY,TOR,Anthony Volpe,683011,7.0,SS,Confirmed,3.96,,,,,0.96,0.54,,,,,0.983002742553244,0.9313460360416598,0.5749872920157045,0.5057850283658112,0.994208494208494,0.8724037427358318,0.20974049037179007,0.1869709183353723,,,0.93,0.28,0.2,1.01,0.2,1.79,0.14,0.01,0.0,0.218,1.914285714285714,1.6900258338669973,0.136,,0.007,,0.0,,False,96.0,99.0,96.0,88.0,93.0,91.0,91.0,92.0,94.0,high,high,high,high,high,high,high,high,high,2026-05-19
hitter,NYY,TOR,Spencer Jones,682987,8.0,DH,Confirmed,2.77,,,,,0.83,0.35,,,,,0.8337686831767633,0.8235138899138849,0.35547159607095324,0.3382680232866254,0.2543859649122807,0.19938466470099098,0.07013128889402634,0.05839935658869161,,,0.22,0.14,0.1,0.5,0.06,0.56,0.07,0.01,0.0,0.168,0.6720588235294118,0.46891537616677703,0.07,,0.011,,0.0,,False,96.0,99.0,96.0,88.0,93.0,91.0,91.0,92.0,94.0,high,high,high,high,high,high,high,high,high,2026-05-19
hitter,NYY,TOR,Austin Wells,669224,9.0,C,Confirmed,3.81,,,,,0.93,0.55,,,,,0.918550349643462,0.9358814060202895,0.5564730458797,0.547415076643711,0.5290322580645161,0.51568159360565,0.16782922049778634,0.1765472827094749,,,0.52,0.28,0.21,1.08,0.17,1.1,0.11,0.01,0.0,0.221,1.1521739130434783,1.0624704733097976,0.109,,0.01,,0.0,,False,96.0,99.0,96.0,88.0,93.0,91.0,91.0,92.0,94.0,high,high,high,high,high,high,high,high,high,2026-05-19
hitter,TOR,NYY,George Springer,543807,1.0,DH,Confirmed,4.25,,,,,1.06,0.19,,,,,1.063181546246256,1.0550089397225173,0.18617128624676313,0.18411607924278028,1.0980834272829765,1.1141114370337324,0.3270917224625883,0.30335079948344956,,,1.11,0.4,0.29,1.49,0.32,2.07,0.2,0.01,0.0,0.247,2.057017543859649,2.0739454193928686,0.198,,0.008,,0.0,,False,96.0,99.0,96.0,88.0,93.0,91.0,91.0,92.0,94.0,high,high,high,high,high,high,high,high,high,2026-05-19
hitter,TOR,NYY,Vladimir Guerrero Jr.,665489,2.0,1B,Confirmed,4.25,,,,,0.88,0.17,,,,,0.9381581070844235,0.8178808995514383,0.16577847333398388,0.1802123508193826,1.0980834272829765,1.141510691361631,0.31857319819620655,0.3524882757090546,,,1.12,0.43,0.31,1.61,0.34,2.3,0.17,0.01,0.0,0.261,2.456692913385827,2.178111360950066,0.175,,0.01,,0.0,,False,96.0,99.0,96.0,88.0,93.0,91.0,91.0,92.0,94.0,high,high,high,high,high,high,high,high,high,2026-05-19
hitter,TOR,NYY,Daulton Varsho,662139,3.0,CF,Confirmed,3.89,,,,,1.23,0.15,,,,,1.2108230271632203,1.2439432189422337,0.13902453051553063,0.15579274040850263,0.994208494208494,0.9409193345963418,0.3430652251557618,0.28541468970995887,,,0.96,0.35,0.29,1.35,0.31,1.96,0.16,0.01,0.0,0.229,2.057017543859649,1.8798666663141086,0.162,,0.008,,0.0,,False,96.0,99.0,96.0,88.0,93.0,91.0,91.0,92.0,94.0,high,high,high,high,high,high,high,high,high,2026-05-19
hitter,TOR,NYY,Kazuma Okamoto,672960,4.0,3B,Confirmed,4.18,,,,,1.36,0.19,,,,,1.4026109860967848,1.324621503990322,0.16980080298244568,0.21936460360087306,1.0980834272829765,1.0224711042120256,0.4215453976806594,0.43174991748470104,,,1.06,0.42,0.34,1.56,0.43,2.4,0.17,0.01,0.0,0.257,2.456692913385827,2.346212757068891,0.167,,0.01,,0.0,,False,96.0,99.0,96.0,88.0,93.0,91.0,91.0,92.0,94.0,high,high,high,high,high,high,high,high,high,2026-05-19
hitter,TOR,NYY,Yohendrick Piñango,682818,5.0,LF,Confirmed,3.33,,,,,0.84,0.1,,,,,0.900559481445197,0.779722715195176,0.10338210324316668,0.08852370072889904,0.8694581280788177,0.7780056010960912,0.14453951060134235,0.1399805578724249,,,0.82,0.28,0.23,1.1,0.14,1.47,0.14,0.01,0.0,0.217,1.5956790123456794,1.374439879979794,0.143,,0.007,,0.0,,False,96.0,99.0,96.0,88.0,93.0,91.0,91.0,92.0,94.0,high,high,high,high,high,high,high,high,high,2026-05-19
hitter,TOR,NYY,Jesús Sánchez,660821,6.0,RF,Confirmed,3.1,,,,,0.9,0.07,,,,,0.8818921006434436,0.9117998750366609,0.09192448102810766,0.053151446771385925,0.7777777777777778,0.680109675383069,0.20734407776096006,0.17178434547751628,,,0.72,0.23,0.22,0.98,0.19,1.45,0.13,0.01,0.0,0.214,1.5956790123456794,1.3248424833165415,0.133,,0.008,,0.0,,False,96.0,99.0,96.0,88.0,93.0,91.0,91.0,92.0,94.0,high,high,high,high,high,high,high,high,high,2026-05-19
hitter,TOR,NYY,Davis Schneider,676914,7.0,LF,Confirmed,1.84,,,,,0.9,0.07,,,,,1.0741253341044494,0.7328132478251561,0.08787236299537912,0.05778203959151872,0.4125159642401022,0.27482453485602076,0.1196812681730828,0.07764436832897839,,,0.34,0.12,0.1,0.47,0.1,0.77,0.08,0.01,0.0,0.209,0.9875776397515532,0.5939306091042057,0.078,,0.007,,0.0,,False,96.0,99.0,96.0,88.0,93.0,91.0,91.0,92.0,94.0,high,high,high,high,high,high,high,high,high,2026-05-19
hitter,TOR,NYY,Andrés Giménez,665926,8.0,SS,Confirmed,3.19,,,,,0.74,0.08,,,,,0.7794096450362713,0.7099249974891279,0.09370718484000023,0.07627354953306574,0.8949771689497716,0.7800888433954601,0.17013298193434556,0.13565691321655793,,,0.83,0.27,0.23,1.14,0.15,1.46,0.14,0.01,0.0,0.24,1.5956790123456794,1.3406662808177594,0.14,,0.011,,0.0,,False,96.0,99.0,96.0,88.0,93.0,91.0,91.0,92.0,94.0,high,high,high,high,high,high,high,high,high,2026-05-19
hitter,TOR,NYY,Tyler Heineman,623168,9.0,C,Confirmed,2.55,,,,,0.55,0.05,,,,,0.5878778062336016,0.5156363203194374,0.06862948988951789,0.029604003856501297,0.3344051446945337,0.30834160264136584,0.015682575196686768,0.00803618844134636,,,0.32,0.17,0.15,0.73,0.01,0.41,0.12,0.01,0.0,0.2,0.44025157232704404,0.3908702077676761,0.117,,0.008,,0.0,,False,96.0,99.0,96.0,88.0,93.0,91.0,91.0,92.0,94.0,high,high,high,high,high,high,high,high,high,2026-05-19
hitter,KC,BOS,Maikel Garcia,672580,1.0,3B,Confirmed,4.18,,,,,0.86,0.23,,,,,0.8219620846768717,0.9019404361334367,0.2513211170851698,0.2184396916235991,0.8694581280788177,0.9138124896192948,0.02572128998164479,0.02273998774350916,,,0.89,0.42,0.3,1.6,0.02,1.15,0.16,0.01,0.0,0.254,1.1521739130434783,1.1411328474813325,0.163,,0.012,,0.0,,False,96.0,99.0,96.0,88.0,93.0,91.0,91.0,92.0,94.0,high,high,high,high,high,high,high,high,high,2026-05-19
hitter,KC,BOS,Bobby Witt Jr.,677951,2.0,SS,Confirmed,4.14,,,,,1.19,0.26,,,,,1.2231654150125253,1.1561080144401055,0.2696205306889896,0.2572407515040169,0.8949771689497716,0.9221103039308385,0.05135167359817163,0.07463212778815813,,,0.91,0.43,0.32,1.63,0.06,1.25,0.16,0.01,0.0,0.265,1.239368165249089,1.2671926199661998,0.158,,0.013,,0.0,,False,96.0,99.0,96.0,88.0,93.0,91.0,91.0,92.0,94.0,high,high,high,high,high,high,high,high,high,2026-05-19
hitter,KC,BOS,Salvador Perez,521692,3.0,DH,Confirmed,3.96,,,,,1.35,0.12,,,,,1.3494140414770908,1.3418150791311458,0.12370221866380879,0.11613620593872793,0.8694581280788177,0.8325235474645548,0.045511858282030776,0.04915959582675839,,,0.85,0.38,0.34,1.52,0.05,1.16,0.13,0.01,0.0,0.231,1.239368165249089,1.0908813292323778,0.128,,0.007,,0.0,,False,96.0,99.0,96.0,88.0,93.0,91.0,91.0,92.0,94.0,high,high,high,high,high,high,high,high,high,2026-05-19
hitter,KC,BOS,Lane Thomas,657041,4.0,CF,Confirmed,3.33,,,,,0.96,0.15,,,,,0.9503147681671861,0.9733774283656307,0.14870871363603697,0.1596556995429586,0.801980198019802,0.7341018968385407,0.10793051480240101,0.08630261179773904,,,0.76,0.33,0.26,1.23,0.1,1.21,0.12,0.01,0.0,0.256,1.3148148148148149,1.1242199576028242,0.12,,0.007,,0.0,,False,96.0,99.0,96.0,88.0,93.0,91.0,91.0,92.0,94.0,high,high,high,high,high,high,high,high,high,2026-05-19
hitter,KC,BOS,Jac Caglianone,695506,5.0,RF,Confirmed,3.74,,,,,1.43,0.19,,,,,1.4371229039676652,1.4218174048943557,0.19700564833488132,0.1774608180337941,0.707983193277311,0.7390097048990227,0.04060514518142062,0.04717912734500988,,,0.73,0.35,0.3,1.35,0.04,1.01,0.13,0.01,0.0,0.232,1.001763668430335,1.0205328720728832,0.135,,0.008,,0.0,,False,96.0,99.0,96.0,88.0,93.0,91.0,91.0,92.0,94.0,high,high,high,high,high,high,high,high,high,2026-05-19
hitter,KC,BOS,Starling Marte,516782,6.0,LF,Confirmed,2.55,,,,,0.95,0.1,,,,,0.9517461210672294,0.9449393898244934,0.1139231218624051,0.08833940206120172,0.4125159642401022,0.3390492102115148,0.02108076999019574,0.013847281081566546,,,0.37,0.18,0.17,0.76,0.02,0.47,0.09,0.01,0.0,0.201,0.4591194968553459,0.47233974618353336,0.087,,0.007,,0.0,,False,96.0,99.0,96.0,88.0,93.0,91.0,91.0,92.0,94.0,high,high,high,high,high,high,high,high,high,2026-05-19
hitter,KC,BOS,Vinnie Pasquantino,686469,7.0,1B,Confirmed,3.96,,,,,1.05,0.27,,,,,1.051020949736451,1.0433540679036875,0.2673527869136153,0.2663452302108559,0.8694581280788177,0.8437568713566423,0.04184855656098606,0.03470563496647717,,,0.86,0.37,0.32,1.56,0.04,1.2,0.19,0.01,0.0,0.276,1.239368165249089,1.1646562080049305,0.187,,0.008,,0.0,,False,96.0,99.0,96.0,88.0,93.0,91.0,91.0,92.0,94.0,high,high,high,high,high,high,high,high,high,2026-05-19
hitter,KC,BOS,Nick Loftin,679845,8.0,2B,Confirmed,2.9,,,,,0.55,0.07,,,,,0.5558039488900235,0.5539135804378361,0.08426588596136848,0.050169896672989815,0.7061469265367316,0.5783134425567179,0.05886149085868277,0.05119275607764218,,,0.64,0.21,0.17,0.86,0.06,1.01,0.09,0.01,0.0,0.207,1.1521739130434783,0.899539409002313,0.094,,0.009,,0.0,,False,96.0,99.0,96.0,88.0,93.0,91.0,91.0,92.0,94.0,high,high,high,high,high,high,high,high,high,2026-05-19
hitter,KC,BOS,Carter Jensen,695600,9.0,C,Confirmed,3.49,,,,,1.32,0.24,,,,,1.3487158205502403,1.2988794183011574,0.26541698346371145,0.21500888375993563,0.6506024096385542,0.5810252124112645,0.0325038429304488,0.02804503470795601,,,0.61,0.29,0.23,1.17,0.03,0.9,0.12,0.01,0.0,0.247,0.9875776397515532,0.834807644745871,0.117,,0.008,,0.0,,False,96.0,99.0,96.0,88.0,93.0,91.0,91.0,92.0,94.0,high,high,high,high,high,high,high,high,high,2026-05-19
hitter,BOS,KC,Jarren Duran,680776,1.0,LF,Confirmed,4.25,,,,,1.03,0.32,,,,,1.0073374556689827,1.0530293842509493,0.31952393352413266,0.32988328118410515,0.8694581280788177,0.8482509995047234,0.14208266985237694,0.15972618005116776,,,0.86,0.51,0.37,1.68,0.15,1.5,0.15,0.02,0.0,0.31,1.4759615384615385,1.5212871850759653,0.152,,0.017,,0.0,,False,96.0,99.0,96.0,88.0,93.0,91.0,91.0,92.0,94.0,high,high,high,high,high,high,high,high,high,2026-05-19
hitter,BOS,KC,Ceddanne Rafaela,678882,2.0,CF,Confirmed,3.96,,,,,0.72,0.13,,,,,0.7097443346866243,0.7391523755973621,0.14965364121679897,0.11572109639724228,0.801980198019802,0.7826518115014275,0.029539572240530235,0.029658570572897607,,,0.79,0.44,0.33,1.54,0.03,1.07,0.13,0.01,0.0,0.278,1.1238670694864048,1.0306153282486705,0.131,,0.01,,0.0,,False,96.0,99.0,96.0,88.0,93.0,91.0,91.0,92.0,94.0,high,high,high,high,high,high,high,high,high,2026-05-19
hitter,BOS,KC,Wilyer Abreu,677800,3.0,RF,Confirmed,4.08,,,,,0.9,0.36,,,,,0.8347501913760259,0.9686758104211,0.35865333107149244,0.357547995264482,0.7061469265367316,0.658389596955445,0.1269818014550726,0.13773476311168723,,,0.68,0.46,0.37,1.53,0.13,1.27,0.13,0.01,0.0,0.293,1.239368165249089,1.2899821843585613,0.126,,0.008,,0.0,,False,96.0,99.0,96.0,88.0,93.0,91.0,91.0,92.0,94.0,high,high,high,high,high,high,high,high,high,2026-05-19
hitter,BOS,KC,Willson Contreras,575929,4.0,1B,Confirmed,4.18,,,,,1.07,0.33,,,,,1.0800547531645226,1.0612658605910152,0.31479064168260085,0.33628271433026136,0.8006159127750431,0.7848115869058852,0.1708005159421875,0.1746522936344072,,,0.79,0.52,0.44,1.73,0.17,1.51,0.15,0.01,0.0,0.314,1.4759615384615385,1.529193985889307,0.15,,0.007,,0.0,,False,96.0,99.0,96.0,88.0,93.0,91.0,91.0,92.0,94.0,high,high,high,high,high,high,high,high,high,2026-05-19
hitter,BOS,KC,Andruw Monasterio,655316,5.0,DH,Confirmed,3.49,,,,,0.69,0.22,,,,,0.6288038989116782,0.7442401370129242,0.23338103322535814,0.20490103827557182,0.5846774193548387,0.529645134327582,0.08136823733419857,0.06555030743834807,,,0.55,0.34,0.27,1.13,0.07,0.94,0.1,0.01,0.0,0.254,0.9875776397515532,0.903695373909655,0.102,,0.008,,0.0,,False,96.0,99.0,96.0,88.0,93.0,91.0,91.0,92.0,94.0,high,high,high,high,high,high,high,high,high,2026-05-19
hitter,BOS,KC,Nick Sogard,686765,6.0,3B,Confirmed,3.48,,,,,0.85,0.2,,,,,0.8181555111329427,0.884951524715538,0.19998694459760982,0.19341299568021794,0.5846774193548387,0.5516539928606591,0.06590113357742693,0.06685315136261748,,,0.57,0.28,0.25,1.06,0.07,0.96,0.11,0.01,0.0,0.241,0.9875776397515532,0.9361071929400666,0.108,,0.008,,0.0,,False,96.0,99.0,96.0,88.0,93.0,91.0,91.0,92.0,94.0,high,high,high,high,high,high,high,high,high,2026-05-19
hitter,BOS,KC,Carlos Narváez,665966,7.0,C,Confirmed,3.48,,,,,0.86,0.19,,,,,0.8388756614596363,0.8766158706343066,0.2000383972613433,0.1844183929536818,0.6079939089837484,0.5473181046327377,0.03170675043750319,0.030680102676756846,,,0.57,0.33,0.26,1.12,0.03,0.78,0.11,0.01,0.0,0.286,0.7899761336515513,0.7776381824197256,0.108,,0.007,,0.0,,False,96.0,99.0,96.0,88.0,93.0,91.0,91.0,92.0,94.0,high,high,high,high,high,high,high,high,high,2026-05-19
hitter,BOS,KC,Isiah Kiner-Falefa,643396,8.0,SS,Confirmed,2.77,,,,,0.47,0.08,,,,,0.4735271817357154,0.47158771437249225,0.08228491425488622,0.0754616745253006,0.4125159642401022,0.4558859935236065,0.016259492689561235,0.005780503692035828,,,0.44,0.2,0.16,0.77,0.01,0.63,0.09,0.01,0.0,0.212,0.6720588235294118,0.5864984791673669,0.088,,0.007,,0.0,,False,96.0,99.0,96.0,88.0,93.0,91.0,91.0,92.0,94.0,high,high,high,high,high,high,high,high,high,2026-05-19
hitter,BOS,KC,Caleb Durbin,702332,9.0,3B,Confirmed,3.48,,,,,0.27,0.07,,,,,0.2860289334901456,0.2519034902521994,0.06029697678148701,0.07342776052972554,0.6434108527131783,0.6702073062177557,0.03594714618194442,0.03128184976974552,,,0.66,0.34,0.28,1.32,0.03,0.84,0.12,0.01,0.0,0.281,0.8408408408408409,0.836167907704036,0.116,,0.007,,0.0,,False,96.0,99.0,96.0,88.0,93.0,91.0,91.0,92.0,94.0,high,high,high,high,high,high,high,high,high,2026-05-19
hitter,MIN,HOU,Byron Buxton,621439,1.0,DH,Confirmed,4.25,,,,,1.52,0.35,,,,,1.50659360110261,1.5321074054740849,0.35476965575513386,0.34498023639373404,0.994208494208494,0.9730737827407254,0.36291506627246295,0.3401008948814008,,,0.98,0.55,0.45,1.9,0.35,2.31,0.19,0.01,0.0,0.32,2.456692913385827,2.1914095535762748,0.186,,0.011,,0.0,,False,96.0,99.0,96.0,88.0,93.0,91.0,91.0,92.0,94.0,high,high,high,high,high,high,high,high,high,2026-05-19
hitter,MIN,HOU,Trevor Larnach,663616,2.0,LF,Confirmed,3.81,,,,,1.03,0.15,,,,,1.0310725239578162,1.022535422863338,0.1689157612394215,0.14044830133862132,0.8694581280788177,0.8295002122774973,0.1900797573696268,0.2034125256642004,,,0.85,0.45,0.35,1.59,0.2,1.61,0.17,0.01,0.0,0.295,1.684375,1.5500967670572132,0.166,,0.009,,0.0,,False,96.0,99.0,96.0,88.0,93.0,91.0,91.0,92.0,94.0,high,high,high,high,high,high,high,high,high,2026-05-19
hitter,MIN,HOU,Josh Bell,605137,3.0,1B,Confirmed,3.74,,,,,0.92,0.15,,,,,0.9448394466080846,0.8909586346076132,0.16636167220500866,0.13648637160632535,0.994208494208494,0.9077103034489982,0.31746451358500966,0.3022661484443094,,,0.95,0.53,0.49,1.89,0.31,1.83,0.16,0.01,0.0,0.342,1.914285714285714,1.7558699945141643,0.158,,0.008,,0.0,,False,96.0,99.0,96.0,88.0,93.0,91.0,91.0,92.0,94.0,high,high,high,high,high,high,high,high,high,2026-05-19
hitter,MIN,HOU,Kody Clemens,665019,4.0,1B,Confirmed,3.74,,,,,1.1,0.15,,,,,1.0801592324050313,1.1162002404493945,0.167538107337409,0.14205527377665705,0.801980198019802,0.8513047848093529,0.22235673725440736,0.25657834260127615,,,0.83,0.41,0.37,1.49,0.24,1.84,0.18,0.01,0.0,0.277,1.914285714285714,1.7717671753331519,0.182,,0.01,,0.0,,False,96.0,99.0,96.0,88.0,93.0,91.0,91.0,92.0,94.0,high,high,high,high,high,high,high,high,high,2026-05-19
hitter,MIN,HOU,Austin Martin,668885,5.0,RF,Confirmed,3.96,,,,,0.79,0.15,,,,,0.7644530545622089,0.8234854733431498,0.1555986756679327,0.14245461912642526,1.0,0.8817247150134341,0.13769865285335817,0.13638259921106383,,,0.93,0.46,0.39,1.72,0.14,1.46,0.14,0.01,0.0,0.288,1.4759615384615385,1.4403598763312142,0.142,,0.007,,0.0,,False,96.0,99.0,96.0,88.0,93.0,91.0,91.0,92.0,94.0,high,high,high,high,high,high,high,high,high,2026-05-19
hitter,MIN,HOU,Brooks Lee,686797,6.0,SS,Confirmed,3.96,,,,,0.84,0.13,,,,,0.8179256060241198,0.8617539516971485,0.13680155762204335,0.12642292230681948,1.0,0.9502588038971511,0.1728770718227204,0.18704686348704902,,,0.97,0.41,0.42,1.72,0.18,1.64,0.15,0.01,0.0,0.287,1.684375,1.6003838013304308,0.15,,0.009,,0.0,,False,96.0,99.0,96.0,88.0,93.0,91.0,91.0,92.0,94.0,high,high,high,high,high,high,high,high,high,2026-05-19
hitter,MIN,HOU,Victor Caratini,605170,7.0,C,Confirmed,3.1,,,,,0.76,0.1,,,,,0.7738340335622224,0.742581765620551,0.12457082822746843,0.08050009152916376,0.801980198019802,0.7001035602664808,0.15964342891564717,0.17035346793644576,,,0.75,0.34,0.31,1.36,0.16,1.27,0.13,0.01,0.0,0.306,1.3148148148148149,1.2386298383543857,0.129,,0.009,,0.0,,False,96.0,99.0,96.0,88.0,93.0,91.0,91.0,92.0,94.0,high,high,high,high,high,high,high,high,high,2026-05-19
hitter,MIN,HOU,Tristan Gray,656484,8.0,3B,Confirmed,3.33,,,,,1.05,0.09,,,,,1.0104224496223266,1.080884974692734,0.1039581420109574,0.08013448963981057,0.707983193277311,0.6542380854580578,0.25565558519994097,0.21721048625214087,,,0.68,0.32,0.31,1.21,0.24,1.38,0.14,0.01,0.0,0.27,1.4759615384615385,1.2974120748174138,0.138,,0.008,,0.0,,False,96.0,99.0,96.0,88.0,93.0,91.0,91.0,92.0,94.0,high,high,high,high,high,high,high,high,high,2026-05-19
hitter,MIN,HOU,James Outman,681546,9.0,CF,Confirmed,3.02,,,,,1.16,0.11,,,,,1.221898080555662,1.105313297179528,0.13407779695323369,0.08699994335111004,0.5290322580645161,0.4714430429826453,0.15503068140210186,0.14832579626374123,,,0.5,0.23,0.2,0.84,0.15,1.05,0.12,0.01,0.0,0.219,1.1521739130434783,0.9601942442756038,0.118,,0.009,,0.0,,False,96.0,99.0,96.0,88.0,93.0,91.0,91.0,92.0,94.0,high,high,high,high,high,high,high,high,high,2026-05-19
hitter,HOU,MIN,Jeremy Peña,665161,1.0,SS,Confirmed,4.25,,,,,0.78,0.24,,,,,0.8166695700513457,0.7390164998624218,0.23674610513440073,0.23868629984050682,0.801980198019802,0.9159956043114938,0.04605061948990942,0.04993068751729276,,,0.86,0.37,0.28,1.46,0.05,1.15,0.17,0.01,0.0,0.223,1.239368165249089,1.0717290371436201,0.166,,0.008,,0.0,,False,96.0,99.0,96.0,88.0,93.0,91.0,91.0,92.0,94.0,high,high,high,high,high,high,high,high,high,2026-05-19
hitter,HOU,MIN,Isaac Paredes,670623,2.0,3B,Confirmed,4.18,,,,,0.72,0.35,,,,,0.711740230943341,0.7243013972484909,0.3466479352032594,0.36325292867349296,0.707983193277311,0.7460047692462882,0.05384235848046073,0.0502788704243856,,,0.73,0.35,0.25,1.31,0.05,0.97,0.13,0.01,0.0,0.216,0.9875776397515532,0.963741485409977,0.128,,0.008,,0.0,,False,96.0,99.0,96.0,88.0,93.0,91.0,91.0,92.0,94.0,high,high,high,high,high,high,high,high,high,2026-05-19
hitter,HOU,MIN,Yordan Alvarez,670541,3.0,DH,Confirmed,4.25,,,,,0.84,0.46,,,,,0.8797796649665726,0.8080178512369589,0.451095988962506,0.46216482396112785,0.707983193277311,0.7401045794400966,0.07688371893975995,0.1043032203918822,,,0.73,0.38,0.3,1.38,0.09,1.21,0.14,0.01,0.0,0.231,1.239368165249089,1.1804477485949139,0.135,,0.007,,0.0,,False,96.0,99.0,96.0,88.0,93.0,91.0,91.0,92.0,94.0,high,high,high,high,high,high,high,high,high,2026-05-19
hitter,HOU,MIN,Christian Walker,572233,4.0,1B,Confirmed,4.18,,,,,1.08,0.23,,,,,1.0346971792129858,1.120601666507958,0.23639982988488095,0.21643807788670888,0.801980198019802,0.792765509582814,0.0717504102665236,0.06567547256697057,,,0.8,0.34,0.29,1.34,0.07,1.15,0.13,0.01,0.0,0.203,1.1521739130434783,1.1488764361790256,0.133,,0.009,,0.0,,False,96.0,99.0,96.0,88.0,93.0,91.0,91.0,92.0,94.0,high,high,high,high,high,high,high,high,high,2026-05-19
hitter,HOU,MIN,Zach Dezenzo,701305,5.0,LF,Confirmed,3.49,,,,,1.04,0.27,,,,,1.077242573169688,1.0079725898001874,0.2701791217643158,0.2749115417464581,0.5846774193548387,0.5273552350189323,0.03702252039529267,0.039448239518718335,,,0.55,0.27,0.22,1.01,0.04,0.76,0.11,0.01,0.0,0.2,0.7899761336515513,0.7353095103227492,0.111,,0.009,,0.0,,False,96.0,99.0,96.0,88.0,93.0,91.0,91.0,92.0,94.0,high,high,high,high,high,high,high,high,high,2026-05-19
hitter,HOU,MIN,Zach Cole,805904,6.0,LF,Confirmed,3.33,,,,,1.03,0.22,,,,,1.0421113968113211,1.0265921807314744,0.2195684802841361,0.21245785392002306,0.4125159642401022,0.4256615715355143,0.0523897294249174,0.058504963574275294,,,0.42,0.17,0.16,0.68,0.06,0.58,0.1,0.01,0.0,0.156,0.6720588235294118,0.5072102342841484,0.1,,0.01,,0.0,,False,96.0,99.0,96.0,88.0,93.0,91.0,91.0,92.0,94.0,high,high,high,high,high,high,high,high,high,2026-05-19
hitter,HOU,MIN,Jake Meyers,676694,7.0,CF,Confirmed,3.93,,,,,0.72,0.2,,,,,0.6877267629285833,0.754880626676991,0.18800880568968414,0.21629332668059917,0.7061469265367316,0.6569243833600091,0.021078079764493697,0.016096934965177057,,,0.68,0.28,0.24,1.23,0.02,0.91,0.13,0.01,0.0,0.208,0.9375,0.8889446456418175,0.129,,0.01,,0.0,,False,96.0,99.0,96.0,88.0,93.0,91.0,91.0,92.0,94.0,high,high,high,high,high,high,high,high,high,2026-05-19
hitter,HOU,MIN,Braden Shewmake,669699,8.0,2B,Confirmed,3.81,,,,,0.72,0.21,,,,,0.6820781556303636,0.7673497699041937,0.20394364855168157,0.20733537161372223,0.7061469265367316,0.7349886021190889,0.04289801311008467,0.05906082935513407,,,0.72,0.29,0.25,1.25,0.05,0.96,0.12,0.01,0.0,0.216,0.9875776397515532,0.941334788391966,0.115,,0.008,,0.0,,False,96.0,99.0,96.0,88.0,93.0,91.0,91.0,92.0,94.0,high,high,high,high,high,high,high,high,high,2026-05-19
hitter,HOU,MIN,Christian Vázquez,543877,9.0,C,Confirmed,3.74,,,,,0.63,0.2,,,,,0.5893278206747807,0.6764304377695962,0.18088337707681817,0.20961021070114916,0.7061469265367316,0.6990287082734482,0.03113104710995636,0.024054529982162426,,,0.7,0.29,0.24,1.24,0.03,0.96,0.09,0.01,0.0,0.215,1.001763668430335,0.9179164131925965,0.095,,0.009,,0.0,,False,96.0,99.0,96.0,88.0,93.0,91.0,91.0,92.0,94.0,high,high,high,high,high,high,high,high,high,2026-05-19
hitter,CHC,MIL,Nico Hoerner,663538,1.0,2B,Confirmed,4.18,,,,,0.48,0.35,,,,,0.42826247116744987,0.5274906674903642,0.328076202195246,0.37849150018436395,0.994208494208494,0.8539888593228788,0.09035170818679322,0.08670195236734073,,,0.92,0.38,0.29,1.54,0.09,1.24,0.18,0.01,0.0,0.225,1.3148148148148149,1.1840604930860492,0.179,,0.012,,0.0,,False,96.0,99.0,96.0,88.0,93.0,91.0,91.0,92.0,94.0,high,high,high,high,high,high,high,high,high,2026-05-19
hitter,CHC,MIL,Michael Busch,683737,2.0,1B,Confirmed,4.18,,,,,1.17,0.65,,,,,1.184175235066086,1.1596876575897888,0.6508916862171827,0.6444558572579071,0.7061469265367316,0.6438851857179477,0.17599545282959642,0.17717687482130148,,,0.67,0.32,0.23,1.2,0.18,1.24,0.12,0.01,0.0,0.195,1.3148148148148149,1.1753772738191937,0.12,,0.008,,0.0,,False,96.0,99.0,96.0,88.0,93.0,91.0,91.0,92.0,94.0,high,high,high,high,high,high,high,high,high,2026-05-19
hitter,CHC,MIL,Alex Bregman,608324,3.0,3B,Confirmed,4.18,,,,,0.82,0.6,,,,,0.8406826572183251,0.796679203072475,0.6272142182588162,0.5797152932045885,0.707983193277311,0.6492991020137867,0.1159849146341091,0.11619411413341542,,,0.68,0.32,0.28,1.31,0.12,1.18,0.11,0.01,0.0,0.19,1.239368165249089,1.1274951818693335,0.115,,0.007,,0.0,,False,96.0,99.0,96.0,88.0,93.0,91.0,91.0,92.0,94.0,high,high,high,high,high,high,high,high,high,2026-05-19
hitter,CHC,MIL,Ian Happ,664023,4.0,LF,Confirmed,4.18,,,,,1.24,0.74,,,,,1.2990466689007727,1.1741177123294835,0.7717156687457758,0.7160519869506976,0.707983193277311,0.6764454129730539,0.16767165913344034,0.1843905160253834,,,0.69,0.34,0.29,1.33,0.18,1.38,0.1,0.01,0.0,0.199,1.3893129770992367,1.3766057275157726,0.101,,0.007,,0.0,,False,96.0,99.0,96.0,88.0,93.0,91.0,91.0,92.0,94.0,high,high,high,high,high,high,high,high,high,2026-05-19
hitter,CHC,MIL,Seiya Suzuki,673548,5.0,RF,Confirmed,4.18,,,,,1.2,0.63,,,,,1.2071026521664427,1.1917400210166669,0.6417797373697375,0.6162179370632572,0.707983193277311,0.642988174664118,0.19505747386405878,0.19875607540256007,,,0.67,0.31,0.27,1.22,0.2,1.35,0.12,0.01,0.0,0.186,1.3893129770992367,1.3250845597558802,0.117,,0.008,,0.0,,False,96.0,99.0,96.0,88.0,93.0,91.0,91.0,92.0,94.0,high,high,high,high,high,high,high,high,high,2026-05-19
hitter,CHC,MIL,Moisés Ballesteros,694208,6.0,DH,Confirmed,3.02,,,,,0.66,0.2,,,,,0.6948715941984137,0.625719441495391,0.22095115288132397,0.1706299445173663,0.8770949720670391,0.6722524173807645,0.031692752313009186,0.016806651540708168,,,0.76,0.17,0.17,0.76,0.02,0.98,0.1,0.01,0.0,0.168,1.1238670694864048,0.857759620102457,0.105,,0.007,,0.0,,False,96.0,99.0,96.0,88.0,93.0,91.0,91.0,92.0,94.0,high,high,high,high,high,high,high,high,high,2026-05-19
hitter,CHC,MIL,Dansby Swanson,621020,7.0,SS,Confirmed,3.81,,,,,1.02,0.48,,,,,0.9931607144955824,1.0478632609574474,0.5004827458286273,0.4569199231148878,0.7061469265367316,0.6016715799114563,0.13216265568224453,0.13446773527089764,,,0.65,0.24,0.21,1.03,0.13,1.13,0.12,0.01,0.0,0.181,1.1521739130434783,1.10541337657095,0.123,,0.008,,0.0,,False,96.0,99.0,96.0,88.0,93.0,91.0,91.0,92.0,94.0,high,high,high,high,high,high,high,high,high,2026-05-19
hitter,CHC,MIL,Pete Crow-Armstrong,691718,8.0,CF,Confirmed,4.03,,,,,1.1,0.37,,,,,1.1103495435864859,1.0990620497830308,0.3900262395610309,0.35283670396890493,0.707983193277311,0.6380382286615894,0.1684508068429908,0.16828568217986498,,,0.67,0.26,0.23,1.13,0.17,1.34,0.13,0.01,0.0,0.186,1.3893129770992367,1.2955292856015912,0.134,,0.01,,0.0,,False,96.0,99.0,96.0,88.0,93.0,91.0,91.0,92.0,94.0,high,high,high,high,high,high,high,high,high,2026-05-19
hitter,CHC,MIL,Miguel Amaya,665804,9.0,C,Confirmed,3.33,,,,,0.54,0.56,,,,,0.5754891453792356,0.5129950708355122,0.6141863920274355,0.5028832113903808,0.8949771689497716,0.7103086117909392,0.09914123083917539,0.07634576706239189,,,0.79,0.19,0.17,0.85,0.09,1.21,0.11,0.01,0.0,0.168,1.3148148148148149,1.1240016507290396,0.105,,0.007,,0.0,,False,96.0,99.0,96.0,88.0,93.0,91.0,91.0,92.0,94.0,high,high,high,high,high,high,high,high,high,2026-05-19
hitter,MIL,CHC,Jackson Chourio,694192,1.0,LF,Confirmed,4.18,,,,,0.69,0.41,,,,,0.7050145861281397,0.6745078559289076,0.46873209590105014,0.35299733427823704,1.607843137254902,1.277078860712766,0.3051127475483679,0.2711759681063409,,,1.43,0.34,0.25,1.24,0.29,2.38,0.13,0.01,0.0,0.213,2.552380952380952,2.2440527986427288,0.128,,0.015,,0.0,,False,96.0,99.0,96.0,88.0,93.0,91.0,91.0,92.0,94.0,high,high,high,high,high,high,high,high,high,2026-05-19
hitter,MIL,CHC,Brice Turang,668930,2.0,2B,Confirmed,3.96,,,,,0.72,0.5,,,,,0.7319411587989767,0.7139914752208271,0.5431210796408633,0.4648408578307543,1.4947368421052631,1.1123332639928467,0.22984920313928756,0.2265224635211054,,,1.28,0.26,0.16,0.84,0.23,1.97,0.1,0.01,0.0,0.183,2.057017543859649,1.9078660201181625,0.097,,0.007,,0.0,,False,96.0,99.0,96.0,88.0,93.0,91.0,91.0,92.0,94.0,high,high,high,high,high,high,high,high,high,2026-05-19
hitter,MIL,CHC,William Contreras,661388,3.0,C,Confirmed,4.18,,,,,0.52,0.57,,,,,0.5746866991103953,0.46333562364892417,0.6032201456945474,0.5419516169435863,1.4947368421052631,1.1945301010533862,0.32947150639551137,0.2553846179153628,,,1.33,0.35,0.27,1.21,0.29,2.2,0.11,0.01,0.0,0.22,2.456692913385827,1.9917205662491182,0.106,,0.007,,0.0,,False,96.0,99.0,96.0,88.0,93.0,91.0,91.0,92.0,94.0,high,high,high,high,high,high,high,high,high,2026-05-19
hitter,MIL,CHC,Christian Yelich,592885,4.0,DH,Confirmed,4.04,,,,,0.78,0.52,,,,,0.8054164703225573,0.7574993584542848,0.5575124014611811,0.4755760925794291,1.0980834272829765,1.0631378196651333,0.25754499552122334,0.24019891092293552,,,1.08,0.26,0.19,0.86,0.25,2.01,0.09,0.01,0.0,0.174,2.057017543859649,1.9650673807895103,0.095,,0.008,,0.0,,False,96.0,99.0,96.0,88.0,93.0,91.0,91.0,92.0,94.0,high,high,high,high,high,high,high,high,high,2026-05-19
hitter,MIL,CHC,Garrett Mitchell,669003,5.0,CF,Confirmed,3.49,,,,,0.67,0.39,,,,,0.5974947839068904,0.7438305929581674,0.43245134505742866,0.34869141545768656,0.8694581280788177,0.6916958463132393,0.15235700481491174,0.14894712217598627,,,0.77,0.25,0.19,0.86,0.15,1.38,0.07,0.01,0.0,0.194,1.5956790123456794,1.206339553426879,0.074,,0.007,,0.0,,False,96.0,99.0,96.0,88.0,93.0,91.0,91.0,92.0,94.0,high,high,high,high,high,high,high,high,high,2026-05-19
hitter,MIL,CHC,Jake Bauers,641343,6.0,1B,Confirmed,3.02,,,,,0.62,0.35,,,,,0.643915367482242,0.6051017175765356,0.37537912618016156,0.3180827031641049,0.8770949720670391,0.673083415452132,0.14970467764672493,0.13133118564148052,,,0.76,0.18,0.16,0.69,0.14,1.45,0.09,0.01,0.0,0.183,1.684375,1.2606606525725956,0.088,,0.006,,0.0,,False,96.0,99.0,96.0,88.0,93.0,91.0,91.0,92.0,94.0,high,high,high,high,high,high,high,high,high,2026-05-19
hitter,MIL,CHC,Luis Rengifo,650859,7.0,3B,Confirmed,3.48,,,,,0.44,0.3,,,,,0.49427424530540753,0.3828594482346638,0.31397225586464783,0.28229638189221834,1.0980834272829765,0.9041707936311277,0.10118836828116248,0.08890514778048941,,,0.99,0.22,0.18,0.88,0.1,1.5,0.09,0.01,0.0,0.184,1.684375,1.353251052577601,0.086,,0.009,,0.0,,False,96.0,99.0,96.0,88.0,93.0,91.0,91.0,92.0,94.0,high,high,high,high,high,high,high,high,high,2026-05-19
hitter,MIL,CHC,Sal Frelick,686217,8.0,RF,Confirmed,3.89,,,,,0.35,0.38,,,,,0.4021015929548488,0.2984939425714799,0.4141912126777234,0.3509196179504988,1.4947368421052631,1.1345699918909085,0.13523836437213135,0.11570919476870822,,,1.3,0.27,0.21,1.06,0.13,1.77,0.1,0.01,0.0,0.203,1.914285714285714,1.6572484334001512,0.101,,0.008,,0.0,,False,96.0,99.0,96.0,88.0,93.0,91.0,91.0,92.0,94.0,high,high,high,high,high,high,high,high,high,2026-05-19
hitter,MIL,CHC,David Hamilton,666152,9.0,SS,Confirmed,3.02,,,,,0.49,0.23,,,,,0.45310107763117047,0.5277864204180375,0.2568363098609603,0.20592522430005913,0.801980198019802,0.6045537298721879,0.12528221531579775,0.12706722397959275,,,0.69,0.17,0.13,0.66,0.13,1.11,0.08,0.01,0.0,0.172,1.239368165249089,1.0091567204276546,0.085,,0.007,,0.0,,False,96.0,99.0,96.0,88.0,93.0,91.0,91.0,92.0,94.0,high,high,high,high,high,high,high,high,high,2026-05-19
hitter,STL,PIT,JJ Wetherholt,802139,1.0,2B,Confirmed,4.51,,,,,0.61,0.34,,,,,0.5793353270921058,0.633248041102631,0.32372827549879346,0.3488610510753027,0.7715355805243446,0.7843655650574869,0.03871961024380517,0.04609455894691513,,,0.78,0.6,0.47,2.17,0.04,1.09,0.22,0.01,0.0,0.327,1.1238670694864048,1.058934393034446,0.223,,0.009,,0.0,,False,96.0,99.0,96.0,88.0,93.0,91.0,91.0,92.0,94.0,high,high,high,high,high,high,high,high,high,2026-05-19
hitter,STL,PIT,Iván Herrera,671056,2.0,DH,Confirmed,4.45,,,,,0.63,0.28,,,,,0.591656133567308,0.6664042230133276,0.2835113075740743,0.28020603195752963,0.7715355805243446,0.7530695006877656,0.035934575219699,0.03850774993576367,,,0.76,0.58,0.46,2.14,0.04,1.17,0.25,0.01,0.0,0.323,1.1521739130434783,1.1884723042680967,0.245,,0.012,,0.0,,False,96.0,99.0,96.0,88.0,93.0,91.0,91.0,92.0,94.0,high,high,high,high,high,high,high,high,high,2026-05-19
hitter,STL,PIT,Alec Burleson,676475,3.0,1B,Confirmed,4.39,,,,,0.58,0.22,,,,,0.5904164740489999,0.5666307168661702,0.20215140038840707,0.23621826982854174,0.801980198019802,0.8647431150906781,0.032842415211209106,0.03066878372573112,,,0.84,0.56,0.52,2.18,0.03,1.19,0.28,0.01,0.0,0.318,1.239368165249089,1.1483637150094401,0.279,,0.013,,0.0,,False,96.0,99.0,96.0,88.0,93.0,91.0,91.0,92.0,94.0,high,high,high,high,high,high,high,high,high,2026-05-19
hitter,STL,PIT,Jordan Walker,691023,4.0,RF,Confirmed,4.18,,,,,0.89,0.23,,,,,0.7932342924386497,0.994047808397902,0.2333611203380494,0.22719371319821718,0.7061469265367316,0.7054012656631198,0.03441981405065263,0.03852105309640645,,,0.71,0.53,0.5,2.03,0.04,1.0,0.19,0.01,0.0,0.31,1.001763668430335,0.9984461286556375,0.194,,0.012,,0.0,,False,96.0,99.0,96.0,88.0,93.0,91.0,91.0,92.0,94.0,high,high,high,high,high,high,high,high,high,2026-05-19
hitter,STL,PIT,Nolan Gorman,669357,5.0,3B,Confirmed,3.96,,,,,0.86,0.29,,,,,0.7625988336790132,0.9609339718576825,0.2915994720409052,0.2839892321652701,0.5290322580645161,0.47687190140881625,0.031967029359785126,0.033482697485068075,,,0.5,0.46,0.41,1.67,0.03,0.76,0.17,0.01,0.0,0.29,0.7899761336515513,0.7291052141768944,0.166,,0.007,,0.0,,False,96.0,99.0,96.0,88.0,93.0,91.0,91.0,92.0,94.0,high,high,high,high,high,high,high,high,high,2026-05-19
hitter,STL,PIT,Nathan Church,701675,6.0,LF,Confirmed,3.96,,,,,0.61,0.2,,,,,0.5576801954697299,0.6590903827350159,0.20433563660828263,0.19965649827880708,0.7061469265367316,0.7055344139986188,0.024992553753472212,0.034277053924166814,,,0.71,0.43,0.43,1.85,0.03,0.99,0.2,0.01,0.0,0.304,1.001763668430335,0.9744456273217673,0.2,,0.014,,0.0,,False,96.0,99.0,96.0,88.0,93.0,91.0,91.0,92.0,94.0,high,high,high,high,high,high,high,high,high,2026-05-19
hitter,STL,PIT,César Prieto,693409,7.0,SS,Confirmed,2.55,,,,,0.65,0.11,,,,,0.638811499456225,0.669446950283938,0.12219647029417494,0.09621137543120752,0.3344051446945337,0.23965461892577455,0.016472503699808447,0.00022530113229363535,,,0.28,0.19,0.17,0.76,0.01,0.39,0.12,0.01,0.0,0.217,0.44025157232704404,0.34127135411876025,0.124,,0.011,,0.0,,False,96.0,99.0,96.0,88.0,93.0,91.0,91.0,92.0,94.0,high,high,high,high,high,high,high,high,high,2026-05-19
hitter,STL,PIT,Pedro Pagés,686780,8.0,C,Confirmed,3.33,,,,,0.77,0.07,,,,,0.7116499700198882,0.8264404347982995,0.0809439439239137,0.058783602565797274,0.6434108527131783,0.6024137584390922,0.023557833014925127,0.016775266460021344,,,0.62,0.33,0.31,1.41,0.02,0.74,0.16,0.01,0.0,0.278,0.6720588235294118,0.7954856684673869,0.157,,0.009,,0.0,,False,96.0,99.0,96.0,88.0,93.0,91.0,91.0,92.0,94.0,high,high,high,high,high,high,high,high,high,2026-05-19
hitter,STL,PIT,Victor Scott II,687363,9.0,CF,Confirmed,3.02,,,,,0.64,0.17,,,,,0.6310398562179721,0.6451246964576658,0.16290243721170786,0.16979241389996785,0.4125159642401022,0.3739394645222658,0.019106753479513135,0.004994045209120733,,,0.39,0.3,0.27,1.27,0.01,0.57,0.15,0.01,0.0,0.285,0.6289308176100628,0.5177262165705604,0.153,,0.012,,0.0,,False,96.0,99.0,96.0,88.0,93.0,91.0,91.0,92.0,94.0,high,high,high,high,high,high,high,high,high,2026-05-19
hitter,PIT,STL,Nick Gonzales,693304,1.0,3B,Confirmed,4.74,,,,,0.98,0.17,,,,,0.8857594194080085,1.072047845683293,0.14960960621396988,0.18189021893298146,0.801980198019802,0.9371584064218352,0.02106077645820679,0.030327031247435243,,,0.88,0.74,0.58,2.92,0.03,1.09,0.25,0.02,0.0,0.38,0.9875776397515532,1.1756367109490635,0.254,,0.017,,0.0,,False,96.0,99.0,96.0,88.0,93.0,91.0,91.0,92.0,94.0,high,high,high,high,high,high,high,high,high,2026-05-19
hitter,PIT,STL,Konnor Griffin,804606,2.0,SS,Confirmed,4.68,,,,,1.52,0.17,,,,,1.347985227562236,1.6837848166315406,0.15564588966829226,0.1843537660860642,0.7061469265367316,0.7786497961965149,0.027564794079379305,0.04040239397441779,,,0.75,0.73,0.57,2.79,0.03,0.91,0.26,0.02,0.0,0.384,0.7899761336515513,1.0098279447946994,0.26,,0.019,,0.0,,False,96.0,99.0,96.0,88.0,93.0,91.0,91.0,92.0,94.0,high,high,high,high,high,high,high,high,high,2026-05-19
hitter,PIT,STL,Bryan Reynolds,668804,3.0,LF,Confirmed,4.93,,,,,1.44,0.38,,,,,1.2576978986634328,1.6201374602188454,0.34710008873164033,0.4145186978236614,0.707983193277311,0.8395994359810777,0.03174479815208405,0.046392691792565416,,,0.78,0.79,0.67,2.95,0.04,1.07,0.28,0.02,0.0,0.404,0.9875776397515532,1.1325078185174353,0.281,,0.015,,0.0,,False,96.0,99.0,96.0,88.0,93.0,91.0,91.0,92.0,94.0,high,high,high,high,high,high,high,high,high,2026-05-19
hitter,PIT,STL,Marcell Ozuna,542303,4.0,DH,Confirmed,3.96,,,,,1.51,0.09,,,,,1.4294580885312203,1.5887963166791972,0.07037629016217196,0.10809572230944554,0.5290322580645161,0.6091374751059176,0.025293971746425167,0.02467301677760291,,,0.57,0.59,0.5,2.19,0.02,0.76,0.17,0.01,0.0,0.375,0.6720588235294118,0.8319772132213074,0.173,,0.008,,0.0,,False,96.0,99.0,96.0,88.0,93.0,91.0,91.0,92.0,94.0,high,high,high,high,high,high,high,high,high,2026-05-19
hitter,PIT,STL,Oneil Cruz,665833,5.0,CF,Confirmed,4.61,,,,,1.7,0.29,,,,,1.5428856014891805,1.8489580455250632,0.26494658013469274,0.31392958579357616,0.4803149606299212,0.6324652322122124,0.03845427741014582,0.038106666464683935,,,0.56,0.63,0.55,2.28,0.04,0.86,0.25,0.01,0.0,0.35,0.7899761336515513,0.9139542585495367,0.25,,0.012,,0.0,,False,96.0,99.0,96.0,88.0,93.0,91.0,91.0,92.0,94.0,high,high,high,high,high,high,high,high,high,2026-05-19
hitter,PIT,STL,Jhostynxon Garcia,691373,6.0,RF,Confirmed,4.45,,,,,1.26,0.27,,,,,1.1318462425330964,1.3874097258820357,0.23417177942589365,0.30115888950081426,0.994208494208494,1.1760227786919815,0.1625769982128034,0.20982744838978223,,,1.09,0.56,0.55,2.21,0.19,1.77,0.39,0.01,0.0,0.376,1.4759615384615385,2.015684419991255,0.393,,0.012,,0.0,,False,96.0,99.0,96.0,88.0,93.0,91.0,91.0,92.0,94.0,high,high,high,high,high,high,high,high,high,2026-05-19
hitter,PIT,STL,Brandon Lowe,664040,7.0,2B,Confirmed,4.68,,,,,1.59,0.23,,,,,1.466865845958898,1.7108211087898342,0.21687847438771568,0.24370254212243958,0.6434108527131783,0.7074671732921282,0.03997861929672628,0.044414075262300894,,,0.68,0.69,0.62,2.8,0.04,0.88,0.29,0.02,0.0,0.419,0.7899761336515513,0.9543848876405593,0.288,,0.015,,0.0,,False,96.0,99.0,96.0,88.0,93.0,91.0,91.0,92.0,94.0,high,high,high,high,high,high,high,high,high,2026-05-19
hitter,PIT,STL,Jared Triolo,669707,8.0,RF,Confirmed,3.81,,,,,1.01,0.2,,,,,0.9148883078313912,1.100439915375014,0.18409699035814875,0.2215289269686743,0.5290322580645161,0.6358265878137235,0.01843733067796355,0.007947579734094226,,,0.59,0.47,0.4,1.97,0.01,0.69,0.24,0.01,0.0,0.362,0.6720588235294118,0.6962406900763626,0.243,,0.013,,0.0,,False,96.0,99.0,96.0,88.0,93.0,91.0,91.0,92.0,94.0,high,high,high,high,high,high,high,high,high,2026-05-19
hitter,PIT,STL,Henry Davis,680779,9.0,C,Confirmed,3.89,,,,,1.17,0.14,,,,,1.0601045500962558,1.2780751688801364,0.14169032599094375,0.13209484927265583,0.4125159642401022,0.545047288871745,0.029425485453949615,0.03900817212902659,,,0.49,0.53,0.5,2.13,0.03,0.69,0.24,0.01,0.0,0.384,0.6720588235294118,0.7126066572405328,0.241,,0.008,,0.0,,False,96.0,99.0,96.0,88.0,93.0,91.0,91.0,92.0,94.0,high,high,high,high,high,high,high,high,high,2026-05-19
hitter,COL,TEX,Willi Castro,650489,1.0,3B,Confirmed,3.96,,,,,1.08,0.5,,,,,1.0826079566701252,1.0731580116954478,0.4814923565069519,0.5258846790425818,0.994208494208494,0.8725944951187443,0.05257846956033887,0.043177270206662455,,,0.93,0.36,0.26,1.32,0.05,1.32,0.15,0.01,0.0,0.232,1.3893129770992367,1.2686946358288895,0.149,,0.015,,0.0,,False,96.0,99.0,96.0,88.0,93.0,91.0,91.0,92.0,94.0,high,high,high,high,high,high,high,high,high,2026-05-19
hitter,COL,TEX,Mickey Moniak,666160,2.0,LF,Confirmed,3.96,,,,,1.11,0.5,,,,,1.1162622053443145,1.093783131345993,0.5003437529921573,0.49587469058703904,1.0980834272829765,0.9529625282822759,0.06595241859481527,0.06897944645503694,,,1.02,0.39,0.29,1.49,0.07,1.47,0.16,0.02,0.0,0.25,1.4759615384615385,1.468087645907743,0.159,,0.015,,0.0,,False,96.0,99.0,96.0,88.0,93.0,91.0,91.0,92.0,94.0,high,high,high,high,high,high,high,high,high,2026-05-19
hitter,COL,TEX,Hunter Goodman,696100,3.0,C,Confirmed,4.51,,,,,1.35,0.71,,,,,1.4177619993616601,1.2821567207692646,0.7427884395878296,0.6782547042875664,1.4947368421052631,1.2175078933458012,0.12203016838124897,0.13624246861585596,,,1.34,0.56,0.48,2.15,0.13,2.03,0.21,0.01,0.0,0.315,2.057017543859649,2.0091104866515144,0.211,,0.013,,0.0,,False,96.0,99.0,96.0,88.0,93.0,91.0,91.0,92.0,94.0,high,high,high,high,high,high,high,high,high,2026-05-19
hitter,COL,TEX,TJ Rumfield,681198,4.0,1B,Confirmed,4.39,,,,,0.9,0.7,,,,,0.9120120184605458,0.8825635318340663,0.7358491000711439,0.6641923083861241,1.0980834272829765,1.1206135660513492,0.06326743742396038,0.07407594691575946,,,1.11,0.46,0.37,1.72,0.07,1.59,0.16,0.01,0.0,0.272,1.684375,1.5086915832853343,0.16,,0.01,,0.0,,False,96.0,99.0,96.0,88.0,93.0,91.0,91.0,92.0,94.0,high,high,high,high,high,high,high,high,high,2026-05-19
hitter,COL,TEX,Ezequiel Tovar,678662,5.0,SS,Confirmed,3.81,,,,,1.05,0.5,,,,,1.0750438119964063,1.0223014869854694,0.5158913762938493,0.48761102682763297,1.0980834272829765,0.9282157869402248,0.06241606635378792,0.08052992005208533,,,1.0,0.4,0.34,1.54,0.07,1.4,0.19,0.01,0.0,0.268,1.4759615384615385,1.330724431553058,0.186,,0.014,,0.0,,False,96.0,99.0,96.0,88.0,93.0,91.0,91.0,92.0,94.0,high,high,high,high,high,high,high,high,high,2026-05-19
hitter,COL,TEX,Troy Johnston,687859,6.0,DH,Confirmed,3.09,,,,,0.99,0.2,,,,,0.9610843181668157,1.0216791613458502,0.20492978535969006,0.18702375930731846,0.7061469265367316,0.53843055904419,0.025419770877313022,0.019543167184660683,,,0.61,0.28,0.26,1.18,0.02,0.84,0.12,0.01,0.0,0.258,0.9875776397515532,0.7279396118696514,0.122,,0.008,,0.0,,False,96.0,99.0,96.0,88.0,93.0,91.0,91.0,92.0,94.0,high,high,high,high,high,high,high,high,high,2026-05-19
hitter,COL,TEX,Jake McCarthy,664983,8.0,CF,Confirmed,3.81,,,,,0.78,0.41,,,,,0.7996317734182314,0.7549290895933533,0.4104504156392609,0.40467549326281843,1.0,0.9071303022153363,0.03100293070517358,0.052142738041570436,,,0.95,0.33,0.28,1.41,0.04,1.26,0.15,0.02,0.0,0.255,1.239368165249089,1.2765663346315193,0.147,,0.025,,0.0,,False,96.0,99.0,96.0,88.0,93.0,91.0,91.0,92.0,94.0,high,high,high,high,high,high,high,high,high,2026-05-19
hitter,COL,TEX,Edouard Julien,666397,9.0,2B,Confirmed,3.33,,,,,1.03,0.48,,,,,1.0590404614037359,0.9980800186644555,0.5110019603513779,0.43986698266639856,0.8694581280788177,0.6694064309657565,0.0406250690957389,0.019745116898076908,,,0.76,0.3,0.25,1.24,0.03,1.11,0.14,0.01,0.0,0.27,1.239368165249089,1.0088008183027286,0.139,,0.011,,0.0,,False,96.0,99.0,96.0,88.0,93.0,91.0,91.0,92.0,94.0,high,high,high,high,high,high,high,high,high,2026-05-19
hitter,TEX,COL,Andrew McCutchen,457705,1.0,DH,Confirmed,2.26,,,,,0.59,0.1,,,,,0.587471378179545,0.586868253241582,0.11531035690975239,0.08471531854592987,0.4125159642401022,0.3397156816297154,0.07623889355306279,0.04909771461063073,,,0.37,0.23,0.19,0.83,0.06,0.6,0.1,0.01,0.0,0.254,0.6720588235294118,0.5392241254716703,0.101,,0.007,,0.0,,False,82.0,86.0,82.0,74.0,79.0,77.0,77.0,78.0,80.0,high,high,high,medium,medium,medium,medium,medium,high,2026-05-19
hitter,TEX,COL,Justin Foscue,679822,2.0,2B,Confirmed,2.07,,,,,0.57,0.07,,,,,0.5826451481838956,0.5666105128233457,0.09520110027438188,0.04625089455400463,0.4125159642401022,0.30626004458992484,0.0895484860237021,0.04574120978752598,,,0.35,0.23,0.2,0.84,0.07,0.57,0.1,0.01,0.0,0.278,0.6720588235294118,0.4953382283296312,0.102,,0.007,,0.0,,False,82.0,86.0,82.0,74.0,79.0,77.0,77.0,78.0,80.0,high,high,high,medium,medium,medium,medium,medium,high,2026-05-19
hitter,TEX,COL,Brandon Nimmo,607043,3.0,RF,Confirmed,4.48,,,,,0.76,0.25,,,,,0.6980509749261419,0.8121313251208345,0.2716521161570793,0.23172625620452822,1.1391752577319587,1.1481721762781516,0.16854756877495786,0.18482386141983054,,,1.14,0.6,0.55,2.3,0.18,2.01,0.28,0.01,0.0,0.334,2.057017543859649,1.9699038076193611,0.282,,0.01,,0.0,,False,82.0,86.0,82.0,74.0,79.0,77.0,77.0,78.0,80.0,high,high,high,medium,medium,medium,medium,medium,high,2026-05-19
hitter,TEX,COL,Josh Jung,673962,4.0,3B,Confirmed,4.45,,,,,0.85,0.17,,,,,0.7610301216802695,0.9348813648668547,0.17355624401416178,0.17633787516006225,1.0980834272829765,1.1013010244857944,0.16018889994092683,0.17289717344609137,,,1.1,0.56,0.53,2.19,0.17,1.89,0.21,0.01,0.0,0.306,1.914285714285714,1.8648262964937834,0.214,,0.012,,0.0,,False,82.0,86.0,82.0,74.0,79.0,77.0,77.0,78.0,80.0,high,high,high,medium,medium,medium,medium,medium,high,2026-05-19
hitter,TEX,COL,Ezequiel Duran,677649,5.0,3B,Confirmed,3.48,,,,,0.72,0.13,,,,,0.6422340514903863,0.7934461527044935,0.14266498308564787,0.11733216832039109,0.707983193277311,0.6571135360536434,0.06281977591083489,0.07773573503655688,,,0.68,0.35,0.31,1.36,0.07,1.09,0.12,0.01,0.0,0.244,1.1238670694864048,1.062307031160025,0.125,,0.011,,0.0,,False,82.0,86.0,82.0,74.0,79.0,77.0,77.0,78.0,80.0,high,high,high,medium,medium,medium,medium,medium,high,2026-05-19
hitter,TEX,COL,Jake Burger,669394,6.0,1B,Confirmed,4.18,,,,,0.88,0.14,,,,,0.8333492428236154,0.9291231085643266,0.14541100409596122,0.1345458063586028,1.0980834272829765,1.0585958067025343,0.18696982330679124,0.18253102570188023,,,1.08,0.5,0.55,2.16,0.18,1.87,0.23,0.01,0.0,0.329,1.914285714285714,1.8307909255362191,0.226,,0.012,,0.0,,False,82.0,86.0,82.0,74.0,79.0,77.0,77.0,78.0,80.0,high,high,high,medium,medium,medium,medium,medium,high,2026-05-19
hitter,TEX,COL,Alejandro Osuna,696030,7.0,RF,Confirmed,3.96,,,,,0.62,0.32,,,,,0.5775946623214678,0.6539425471807268,0.30209145903851087,0.3295662568009003,0.8694581280788177,0.8747865839781163,0.09013199481818113,0.08897068439744213,,,0.87,0.4,0.35,1.61,0.09,1.42,0.17,0.01,0.0,0.29,1.4476190476190476,1.39478295465599,0.173,,0.009,,0.0,,False,82.0,86.0,82.0,74.0,79.0,77.0,77.0,78.0,80.0,high,high,high,medium,medium,medium,medium,medium,high,2026-05-19
hitter,TEX,COL,Danny Jansen,643376,8.0,C,Confirmed,4.18,,,,,0.87,0.32,,,,,0.7907790937613249,0.9485618639089858,0.31258079687150775,0.31795137338058993,0.8694581280788177,0.9040446241244086,0.10766191656847487,0.11788684865473477,,,0.89,0.41,0.36,1.64,0.11,1.45,0.21,0.01,0.0,0.285,1.3893129770992367,1.4932675422494435,0.212,,0.007,,0.0,,False,82.0,86.0,82.0,74.0,79.0,77.0,77.0,78.0,80.0,high,high,high,medium,medium,medium,medium,medium,high,2026-05-19
hitter,TEX,COL,Evan Carter,694497,9.0,CF,Confirmed,4.14,,,,,0.76,0.24,,,,,0.6981475833125661,0.8249279303798237,0.24911072772357384,0.2397581124025653,0.994208494208494,0.958163242433781,0.11146598521959997,0.13136584718403724,,,0.97,0.45,0.4,1.84,0.12,1.57,0.2,0.01,0.0,0.304,1.5956790123456794,1.5465278296761962,0.197,,0.011,,0.0,,False,82.0,86.0,82.0,74.0,79.0,77.0,77.0,78.0,80.0,high,high,high,medium,medium,medium,medium,medium,high,2026-05-19
hitter,LAA,ATH,Zach Neto,687263,1.0,SS,Confirmed,4.25,,,,,1.58,0.21,,,,,1.4807301015302177,1.6882869574476902,0.18509896328348482,0.23120965346398667,0.3344051446945337,0.42137771197269186,0.14186251888697782,0.14704546019581893,,,0.38,0.6,0.47,1.88,0.14,1.03,0.12,0.01,0.0,0.351,0.8408408408408409,1.1834901955457284,0.12,,0.007,,0.0,,False,96.0,99.0,96.0,88.0,93.0,91.0,91.0,92.0,94.0,high,high,high,high,high,high,high,high,high,2026-05-19
hitter,LAA,ATH,Mike Trout,545361,2.0,CF,Confirmed,4.18,,,,,1.66,0.24,,,,,1.5817476896328577,1.7476245461348598,0.24798808535031136,0.23855667915297296,0.3344051446945337,0.376215958028835,0.21445485316348584,0.20353727188614867,,,0.36,0.67,0.53,1.91,0.21,0.94,0.09,0.01,0.0,0.402,0.8408408408408409,1.0189401224870287,0.094,,0.006,,0.0,,False,96.0,99.0,96.0,88.0,93.0,91.0,91.0,92.0,94.0,high,high,high,high,high,high,high,high,high,2026-05-19
hitter,LAA,ATH,Vaughn Grissom,687093,3.0,3B,Confirmed,4.14,,,,,0.69,0.27,,,,,0.6567232782658668,0.7199910436319182,0.26352156505650914,0.2826782618029177,0.994208494208494,0.9436185590166634,0.032817036255125304,0.03487071357242475,,,0.97,0.49,0.42,1.62,0.03,1.28,0.11,0.01,0.0,0.301,1.3148148148148149,1.2554883627024784,0.11,,0.007,,0.0,,False,96.0,99.0,96.0,88.0,93.0,91.0,91.0,92.0,94.0,high,high,high,high,high,high,high,high,high,2026-05-19
hitter,LAA,ATH,Jorge Soler,624585,4.0,DH,Confirmed,3.96,,,,,1.56,0.19,,,,,1.4771175064546938,1.6481595112528997,0.17501780284636437,0.20171214873506527,0.3344051446945337,0.31025339806552804,0.12395357864683221,0.13045383647938408,,,0.32,0.5,0.45,1.59,0.13,0.83,0.11,0.01,0.0,0.315,0.6720588235294118,0.9508776506656293,0.105,,0.007,,0.0,,False,96.0,99.0,96.0,88.0,93.0,91.0,91.0,92.0,94.0,high,high,high,high,high,high,high,high,high,2026-05-19
hitter,LAA,ATH,Jo Adell,666176,5.0,RF,Confirmed,3.81,,,,,1.38,0.12,,,,,1.324875638274601,1.4315708168591572,0.11407837026726567,0.1162645893462546,0.3344051446945337,0.461680976505281,0.17851362343128865,0.16409023021974797,,,0.4,0.55,0.55,1.81,0.17,1.06,0.13,0.01,0.0,0.349,0.9875776397515532,1.1158874326115213,0.127,,0.006,,0.0,,False,96.0,99.0,96.0,88.0,93.0,91.0,91.0,92.0,94.0,high,high,high,high,high,high,high,high,high,2026-05-19
hitter,LAA,ATH,Oswald Peraza,672724,6.0,2B,Confirmed,2.55,,,,,0.97,0.05,,,,,0.9654136052864367,0.9708158201611179,0.06332701767301563,0.03140358301062517,0.3344051446945337,0.2743052462091124,0.01882937844639269,0.009661145121258471,,,0.3,0.21,0.21,0.77,0.01,0.37,0.08,0.01,0.0,0.241,0.44025157232704404,0.3166760896953434,0.082,,0.006,,0.0,,False,96.0,99.0,96.0,88.0,93.0,91.0,91.0,92.0,94.0,high,high,high,high,high,high,high,high,high,2026-05-19
hitter,LAA,ATH,Nolan Schanuel,694384,7.0,1B,Confirmed,4.03,,,,,0.76,0.16,,,,,0.6668166330351567,0.8463995668983308,0.16307149806648658,0.16193523002440147,0.35424354243542433,0.45566459192566044,0.06720630577625189,0.07252634561233541,,,0.41,0.42,0.35,1.57,0.07,0.8,0.12,0.01,0.0,0.3,0.6720588235294118,0.9062746923457543,0.12,,0.007,,0.0,,False,96.0,99.0,96.0,88.0,93.0,91.0,91.0,92.0,94.0,high,high,high,high,high,high,high,high,high,2026-05-19
hitter,LAA,ATH,Logan O'Hoppe,681351,8.0,C,Confirmed,3.33,,,,,1.38,0.12,,,,,1.3668773085531758,1.3931680615090556,0.12782313402966722,0.11039845273544445,0.3344051446945337,0.3231824422667869,0.10608886883344776,0.11096122500628883,,,0.33,0.38,0.35,1.32,0.11,0.71,0.09,0.01,0.0,0.322,0.6720588235294118,0.7416660482760448,0.09,,0.006,,0.0,,False,96.0,99.0,96.0,88.0,93.0,91.0,91.0,92.0,94.0,high,high,high,high,high,high,high,high,high,2026-05-19
hitter,LAA,ATH,Jose Siri,642350,9.0,LF,Confirmed,1.84,,,,,0.96,0.05,,,,,1.1299798345209957,0.7908492932088764,0.06770718323099796,0.03626219118568121,0.2543859649122807,0.1528190767815489,0.015294845381402317,0.011071872226807411,,,0.2,0.17,0.14,0.56,0.01,0.29,0.07,0.01,0.0,0.275,0.3888888888888889,0.207272981181697,0.071,,0.006,,0.0,,False,96.0,99.0,96.0,88.0,93.0,91.0,91.0,92.0,94.0,high,high,high,high,high,high,high,high,high,2026-05-19
hitter,ATH,LAA,Shea Langeliers,669127,1.0,DH,Confirmed,4.26,,,,,0.65,0.34,,,,,0.6373910641924925,0.6716174507400542,0.32798501206238195,0.3530499477478668,0.7061469265367316,0.7045002959374448,0.044288735480772806,0.054257053602780006,,,0.71,0.59,0.46,2.04,0.05,0.99,0.18,0.01,0.0,0.339,0.9875776397515532,0.988510783641356,0.176,,0.01,,0.0,,False,96.0,99.0,96.0,88.0,93.0,91.0,91.0,92.0,94.0,high,high,high,high,high,high,high,high,high,2026-05-19
hitter,ATH,LAA,Nick Kurtz,701762,2.0,1B,Confirmed,4.18,,,,,0.98,0.63,,,,,0.9231026231372672,1.0450839309603241,0.6435784612687221,0.6078326547349271,0.7061469265367316,0.6228959377849131,0.05809077020240971,0.07110903864043583,,,0.66,0.6,0.43,1.83,0.06,0.89,0.17,0.01,0.0,0.371,0.9875776397515532,0.8041280571950642,0.172,,0.007,,0.0,,False,96.0,99.0,96.0,88.0,93.0,91.0,91.0,92.0,94.0,high,high,high,high,high,high,high,high,high,2026-05-19
hitter,ATH,LAA,Colby Thomas,687515,3.0,LF,Confirmed,2.07,,,,,0.71,0.08,,,,,0.7514453891188752,0.6667224215471238,0.10136145293787853,0.051624177144829364,0.35424354243542433,0.2315674191165289,0.018774833830210107,0.001665218454047932,,,0.29,0.2,0.18,0.74,0.01,0.38,0.1,0.01,0.0,0.255,0.44025157232704404,0.32381200234371604,0.104,,0.007,,0.0,,False,96.0,99.0,96.0,88.0,93.0,91.0,91.0,92.0,94.0,high,high,high,high,high,high,high,high,high,2026-05-19
hitter,ATH,LAA,Brent Rooker,667670,4.0,RF,Confirmed,4.18,,,,,0.89,0.39,,,,,0.8139413035169926,0.9564629577924433,0.3858362325104193,0.40214239084766185,0.7061469265367316,0.6648048269830222,0.03132350516050394,0.03676831435128089,,,0.68,0.52,0.45,1.84,0.03,0.83,0.17,0.01,0.0,0.317,0.8408408408408409,0.8228748096670234,0.169,,0.01,,0.0,,False,96.0,99.0,96.0,88.0,93.0,91.0,91.0,92.0,94.0,high,high,high,high,high,high,high,high,high,2026-05-19
hitter,ATH,LAA,Henry Bolte,703607,5.0,CF,Confirmed,3.1,,,,,0.61,0.18,,,,,0.560430614649853,0.6553198132516229,0.18368710572285776,0.18230394320845178,0.4125159642401022,0.4337351814760787,0.024850084505587768,0.03112870311278959,,,0.42,0.29,0.26,1.08,0.03,0.6,0.11,0.01,0.0,0.239,0.6720588235294118,0.544992112789123,0.112,,0.007,,0.0,,False,96.0,99.0,96.0,88.0,93.0,91.0,91.0,92.0,94.0,high,high,high,high,high,high,high,high,high,2026-05-19
hitter,ATH,LAA,Zack Gelof,680869,6.0,3B,Confirmed,3.74,,,,,0.85,0.25,,,,,0.7558273601811586,0.950084169555634,0.2510312984769777,0.256245425907142,0.4803149606299212,0.46941361176090207,0.02646592887487308,0.01774614342479002,,,0.47,0.34,0.33,1.38,0.02,0.64,0.15,0.01,0.0,0.265,0.6720588235294118,0.6061264405418031,0.148,,0.008,,0.0,,False,96.0,99.0,96.0,88.0,93.0,91.0,91.0,92.0,94.0,high,high,high,high,high,high,high,high,high,2026-05-19
hitter,ATH,LAA,Jonah Heim,641680,7.0,C,Confirmed,3.54,,,,,0.55,0.52,,,,,0.5773862751121178,0.529484182129292,0.5498565512233282,0.49064257728902316,0.707983193277311,0.6930725604419633,0.03199053029632462,0.03168921788518169,,,0.7,0.38,0.34,1.52,0.03,1.0,0.17,0.01,0.0,0.311,1.001763668430335,0.9913794358291576,0.173,,0.009,,0.0,,False,96.0,99.0,96.0,88.0,93.0,91.0,91.0,92.0,94.0,high,high,high,high,high,high,high,high,high,2026-05-19
hitter,ATH,LAA,Jeff McNeil,643446,8.0,2B,Confirmed,3.33,,,,,0.34,0.28,,,,,0.3573461076034612,0.32067454797121064,0.2884891173089894,0.26407185321595944,0.5290322580645161,0.504001416160213,0.023209093239120862,0.018509481403889385,,,0.52,0.35,0.29,1.35,0.02,0.66,0.17,0.01,0.0,0.31,0.6720588235294118,0.6411018823649317,0.171,,0.009,,0.0,,False,96.0,99.0,96.0,88.0,93.0,91.0,91.0,92.0,94.0,high,high,high,high,high,high,high,high,high,2026-05-19
hitter,ATH,LAA,Darell Hernaiz,687231,9.0,2B,Confirmed,3.1,,,,,0.41,0.22,,,,,0.4350116333329601,0.3790434756369506,0.22665375933559906,0.21446392415341145,0.4803149606299212,0.4963087242983405,0.01580637364832486,0.003942033726686596,,,0.49,0.31,0.26,1.27,0.01,0.59,0.13,0.01,0.0,0.293,0.6289308176100628,0.5534147777142168,0.135,,0.008,,0.0,,False,96.0,99.0,96.0,88.0,93.0,91.0,91.0,92.0,94.0,high,high,high,high,high,high,high,high,high,2026-05-19
hitter,SD,LAD,Fernando Tatis Jr.,665487,1.0,RF,Confirmed,3.96,,,,,1.09,0.36,,,,,1.1654650723639055,1.0214634547945673,0.37302013340159856,0.35685397041410183,0.5290322580645161,0.5560434667210566,0.11334303674677607,0.11313541684802361,,,0.54,0.32,0.22,0.96,0.11,1.06,0.1,0.01,0.0,0.218,1.001763668430335,1.1122195045853962,0.102,,0.007,,0.0,,False,96.0,99.0,96.0,88.0,93.0,91.0,91.0,92.0,94.0,high,high,high,high,high,high,high,high,high,2026-05-19
hitter,SD,LAD,Miguel Andujar,609280,2.0,DH,Confirmed,3.74,,,,,0.74,0.2,,,,,0.741960184776872,0.7389669348300687,0.1962801157364634,0.2017326874135973,0.5290322580645161,0.5414879287547497,0.08679848194844808,0.1112923029665805,,,0.54,0.26,0.2,0.87,0.1,1.02,0.1,0.01,0.0,0.176,1.001763668430335,1.0346048723584602,0.099,,0.007,,0.0,,False,96.0,99.0,96.0,88.0,93.0,91.0,91.0,92.0,94.0,high,high,high,high,high,high,high,high,high,2026-05-19
hitter,SD,LAD,Gavin Sheets,657757,3.0,LF,Confirmed,3.49,,,,,0.96,0.3,,,,,1.0439901189015863,0.8855865782643082,0.2950412961356943,0.30844900779489454,0.4125159642401022,0.41416259814429796,0.13119744977515674,0.11612771069074636,,,0.41,0.32,0.27,1.0,0.12,0.95,0.08,0.01,0.0,0.236,0.9875776397515532,0.9104713375111358,0.081,,0.007,,0.0,,False,96.0,99.0,96.0,88.0,93.0,91.0,91.0,92.0,94.0,high,high,high,high,high,high,high,high,high,2026-05-19
hitter,SD,LAD,Manny Machado,592518,4.0,3B,Confirmed,3.89,,,,,1.12,0.23,,,,,1.1470402915969178,1.0888831763603326,0.23901596824146204,0.21698009389348347,0.5290322580645161,0.5223813623602479,0.18492234772183236,0.15252453916511938,,,0.53,0.34,0.31,1.06,0.17,1.14,0.11,0.01,0.0,0.218,1.1238670694864048,1.1511422104531415,0.106,,0.008,,0.0,,False,96.0,99.0,96.0,88.0,93.0,91.0,91.0,92.0,94.0,high,high,high,high,high,high,high,high,high,2026-05-19
hitter,SD,LAD,Xander Bogaerts,593428,5.0,SS,Confirmed,3.49,,,,,0.88,0.27,,,,,0.9332646574559074,0.8309549693187048,0.2768509250906849,0.272238615453137,0.4125159642401022,0.4601790533113175,0.08046547516256819,0.07886472253657112,,,0.44,0.28,0.23,0.92,0.08,0.93,0.11,0.01,0.0,0.215,0.9875776397515532,0.8865336048682622,0.112,,0.007,,0.0,,False,96.0,99.0,96.0,88.0,93.0,91.0,91.0,92.0,94.0,high,high,high,high,high,high,high,high,high,2026-05-19
hitter,SD,LAD,Jackson Merrill,701538,6.0,CF,Confirmed,3.81,,,,,1.25,0.22,,,,,1.270974379163604,1.2362885634935485,0.22715833688807002,0.22210019262254066,0.4803149606299212,0.5000345650334627,0.16507135294087458,0.16187108103038675,,,0.49,0.27,0.29,0.98,0.16,1.06,0.11,0.01,0.0,0.207,1.001763668430335,1.1116131262944011,0.106,,0.013,,0.0,,False,96.0,99.0,96.0,88.0,93.0,91.0,91.0,92.0,94.0,high,high,high,high,high,high,high,high,high,2026-05-19
hitter,SD,LAD,Nick Castellanos,592206,7.0,RF,Confirmed,3.19,,,,,1.03,0.18,,,,,1.082571903080448,0.9771063327277043,0.1813345150920991,0.17827155883934281,0.4125159642401022,0.38050170960773183,0.07775765939573587,0.07914560997225621,,,0.39,0.22,0.19,0.82,0.08,0.77,0.1,0.01,0.0,0.202,0.8408408408408409,0.7154837655356857,0.099,,0.007,,0.0,,False,96.0,99.0,96.0,88.0,93.0,91.0,91.0,92.0,94.0,high,high,high,high,high,high,high,high,high,2026-05-19
hitter,SD,LAD,Ty France,664034,8.0,1B,Confirmed,2.9,,,,,0.67,0.14,,,,,0.697076195037629,0.6496172085449993,0.15126040370472077,0.12606616931792317,0.801980198019802,0.5982821037578387,0.1642175485673561,0.132996920939214,,,0.69,0.22,0.21,0.84,0.15,1.22,0.09,0.01,0.0,0.214,1.3893129770992367,1.0810829339572825,0.09,,0.007,,0.0,,False,96.0,99.0,96.0,88.0,93.0,91.0,91.0,92.0,94.0,high,high,high,high,high,high,high,high,high,2026-05-19
hitter,SD,LAD,Freddy Fermin,666023,9.0,C,Confirmed,3.1,,,,,0.66,0.19,,,,,0.700776575526047,0.6110382596152059,0.21187894150300918,0.17699986010757804,0.7715355805243446,0.6248015020484693,0.11362342357293445,0.12260443597456112,,,0.69,0.22,0.19,0.82,0.12,1.2,0.09,0.01,0.0,0.202,1.3148148148148149,1.1023553484536979,0.094,,0.007,,0.0,,False,96.0,99.0,96.0,88.0,93.0,91.0,91.0,92.0,94.0,high,high,high,high,high,high,high,high,high,2026-05-19
hitter,LAD,SD,Shohei Ohtani,660271,1.0,DH,Confirmed,4.93,,,,,1.82,0.7,,,,,1.728162205957457,1.9195110178776131,0.671601618851205,0.7185410439750132,0.7061469265367316,0.7499569938425893,0.05419349012052133,0.08787832722502416,,,0.73,0.68,0.42,2.2,0.07,1.34,0.25,0.02,0.0,0.377,1.239368165249089,1.4213866121600915,0.247,,0.025,,0.0,,False,96.0,99.0,96.0,88.0,93.0,91.0,91.0,92.0,94.0,high,high,high,high,high,high,high,high,high,2026-05-19
hitter,LAD,SD,Mookie Betts,605141,2.0,SS,Confirmed,4.68,,,,,0.9,0.42,,,,,0.8032425912041233,1.00397788923722,0.4056306432908361,0.4427186043226993,0.707983193277311,0.7936364987737388,0.029513094319788113,0.024415362646720062,,,0.76,0.6,0.39,2.09,0.03,1.03,0.2,0.01,0.0,0.341,1.001763668430335,1.0461524614993576,0.198,,0.012,,0.0,,False,96.0,99.0,96.0,88.0,93.0,91.0,91.0,92.0,94.0,high,high,high,high,high,high,high,high,high,2026-05-19
hitter,LAD,SD,Freddie Freeman,518692,3.0,1B,Confirmed,4.68,,,,,1.3,0.44,,,,,1.2191365533153389,1.3785571025556482,0.4201127137165831,0.4596270807598782,0.707983193277311,0.8160343406417727,0.029707030917055486,0.03386135518909223,,,0.77,0.61,0.45,2.15,0.03,1.05,0.24,0.01,0.0,0.349,1.001763668430335,1.0922292770793274,0.239,,0.014,,0.0,,False,96.0,99.0,96.0,88.0,93.0,91.0,91.0,92.0,94.0,high,high,high,high,high,high,high,high,high,2026-05-19
hitter,LAD,SD,Kyle Tucker,663656,4.0,RF,Confirmed,4.68,,,,,1.06,0.55,,,,,0.9861710152207722,1.129127317530578,0.5214951247554763,0.5717691861911773,0.7061469265367316,0.7636123270622888,0.03391839443526669,0.05644606202456869,,,0.74,0.65,0.45,2.19,0.05,1.05,0.21,0.01,0.0,0.375,1.001763668430335,1.090789056475348,0.206,,0.009,,0.0,,False,96.0,99.0,96.0,88.0,93.0,91.0,91.0,92.0,94.0,high,high,high,high,high,high,high,high,high,2026-05-19
hitter,LAD,SD,Will Smith,669257,5.0,C,Confirmed,4.61,,,,,1.42,0.45,,,,,1.3215768617683814,1.516627919815261,0.4395294124941235,0.4618180926444203,0.6506024096385542,0.6936960494478714,0.03338174993608892,0.026096862752442183,,,0.67,0.58,0.42,2.0,0.03,1.02,0.22,0.01,0.0,0.343,0.9875776397515532,1.0479537588518593,0.224,,0.007,,0.0,,False,96.0,99.0,96.0,88.0,93.0,91.0,91.0,92.0,94.0,high,high,high,high,high,high,high,high,high,2026-05-19
hitter,LAD,SD,Max Muncy,571970,6.0,3B,Confirmed,4.27,,,,,1.52,0.53,,,,,1.4708933112142304,1.559996743672615,0.5122890422589351,0.5471909806528898,0.5290322580645161,0.5733951095628248,0.04495338864310019,0.050011622923060495,,,0.55,0.48,0.39,1.74,0.05,0.9,0.16,0.01,0.0,0.348,0.8408408408408409,0.9527427779872163,0.164,,0.011,,0.0,,False,96.0,99.0,96.0,88.0,93.0,91.0,91.0,92.0,94.0,high,high,high,high,high,high,high,high,high,2026-05-19
hitter,LAD,SD,Andy Pages,681624,7.0,CF,Confirmed,4.57,,,,,1.38,0.25,,,,,1.2640136243199431,1.5021557670470285,0.24458697008500924,0.2525515361611075,0.7061469265367316,0.7066466110059417,0.038271103373250216,0.05693920197956429,,,0.71,0.47,0.38,1.85,0.05,1.03,0.22,0.01,0.0,0.304,0.9875776397515532,1.0602252765437743,0.216,,0.011,,0.0,,False,96.0,99.0,96.0,88.0,93.0,91.0,91.0,92.0,94.0,high,high,high,high,high,high,high,high,high,2026-05-19
hitter,LAD,SD,Teoscar Hernández,606192,8.0,LF,Confirmed,4.61,,,,,1.64,0.33,,,,,1.5245861196412476,1.7630432629437318,0.30097928086545267,0.3644099160284624,0.7061469265367316,0.7588772461094565,0.04043167120663737,0.038430234902081174,,,0.74,0.49,0.38,1.87,0.04,1.08,0.2,0.01,0.0,0.315,1.001763668430335,1.1373396259963653,0.199,,0.01,,0.0,,False,96.0,99.0,96.0,88.0,93.0,91.0,91.0,92.0,94.0,high,high,high,high,high,high,high,high,high,2026-05-19
hitter,LAD,SD,Hyeseong Kim,808975,9.0,2B,Confirmed,3.89,,,,,1.34,0.21,,,,,1.1219087814543833,1.5499426076409935,0.20624702359104297,0.2123434351540375,0.4803149606299212,0.5556544154209536,0.020337481182509234,0.002674329029502788,,,0.52,0.39,0.3,1.56,0.01,0.72,0.18,0.01,0.0,0.302,0.6720588235294118,0.7559349420839759,0.178,,0.013,,0.0,,False,96.0,99.0,96.0,88.0,93.0,91.0,91.0,92.0,94.0,high,high,high,high,high,high,high,high,high,2026-05-19
hitter,AZ,SF,Ketel Marte,606466,1.0,2B,Confirmed,4.57,,,,,0.38,0.4,,,,,0.39146737086576877,0.37688035280565974,0.39376786078403825,0.40464280741163317,1.607843137254902,1.4497051191913668,0.32877490535260406,0.3561369343019041,,,1.52,0.62,0.48,2.2,0.34,2.64,0.21,0.01,0.0,0.339,2.6,2.6809883160503705,0.21,,0.01,,0.0,,False,96.0,99.0,96.0,88.0,93.0,91.0,91.0,92.0,94.0,high,high,high,high,high,high,high,high,high,2026-05-19
hitter,AZ,SF,Corbin Carroll,682998,2.0,RF,Confirmed,4.61,,,,,0.7,0.5,,,,,0.6294531174243897,0.7790568901782956,0.49632832588925935,0.5086612995749558,1.4947368421052631,1.4055806837777696,0.39147130654277473,0.35244889212394565,,,1.45,0.62,0.47,2.09,0.37,2.79,0.17,0.02,0.0,0.339,2.775,2.797429049502086,0.17,,0.019,,0.0,,False,96.0,99.0,96.0,88.0,93.0,91.0,91.0,92.0,94.0,high,high,high,high,high,high,high,high,high,2026-05-19
hitter,AZ,SF,Geraldo Perdomo,672695,3.0,SS,Confirmed,4.68,,,,,0.28,0.45,,,,,0.33368438424926183,0.22642120853997458,0.4193755689466303,0.4755037980418642,1.607843137254902,1.4535018924245302,0.19756137615839228,0.16581766964728026,,,1.52,0.6,0.5,2.19,0.18,2.11,0.21,0.01,0.0,0.324,2.057017543859649,2.1503038689054406,0.214,,0.01,,0.0,,False,96.0,99.0,96.0,88.0,93.0,91.0,91.0,92.0,94.0,high,high,high,high,high,high,high,high,high,2026-05-19
hitter,AZ,SF,Nolan Arenado,571448,4.0,3B,Confirmed,4.26,,,,,0.3,0.37,,,,,0.32973213643014,0.26937826650132146,0.3868752643051149,0.3531975077249194,1.1391752577319587,1.1951628007572634,0.18876400991511544,0.17745452623595273,,,1.17,0.5,0.41,1.79,0.18,2.03,0.17,0.01,0.0,0.298,2.057017543859649,2.000531027807833,0.172,,0.009,,0.0,,False,96.0,99.0,96.0,88.0,93.0,91.0,91.0,92.0,94.0,high,high,high,high,high,high,high,high,high,2026-05-19
hitter,AZ,SF,Ildemaro Vargas,545121,5.0,1B,Confirmed,4.51,,,,,0.27,0.21,,,,,0.28338934101350255,0.2507104868126278,0.21495485709501183,0.2082791405961887,1.607843137254902,1.5050169552607726,0.17360228904339736,0.1901099870010574,,,1.55,0.57,0.52,2.22,0.18,2.16,0.22,0.01,0.0,0.309,2.057017543859649,2.25333002859405,0.225,,0.011,,0.0,,False,96.0,99.0,96.0,88.0,93.0,91.0,91.0,92.0,94.0,high,high,high,high,high,high,high,high,high,2026-05-19
hitter,AZ,SF,Lourdes Gurriel Jr.,666971,6.0,LF,Confirmed,4.18,,,,,0.6,0.38,,,,,0.6164625901310786,0.586239680030993,0.373778383182934,0.37734899946414324,1.4947368421052631,1.1942497054741323,0.23743137636550768,0.22400085108631837,,,1.33,0.47,0.48,1.95,0.23,2.02,0.19,0.01,0.0,0.318,2.057017543859649,1.9887112786700298,0.185,,0.009,,0.0,,False,96.0,99.0,96.0,88.0,93.0,91.0,91.0,92.0,94.0,high,high,high,high,high,high,high,high,high,2026-05-19
hitter,AZ,SF,Gabriel Moreno,672515,7.0,C,Confirmed,4.25,,,,,0.51,0.35,,,,,0.49546909173513776,0.5233210529589107,0.36684025050790336,0.3279818700476759,1.1391752577319587,1.2063196575704975,0.19816162634510215,0.1670615207897779,,,1.18,0.43,0.37,1.67,0.18,2.0,0.19,0.01,0.0,0.296,2.057017543859649,1.9477465917969297,0.185,,0.007,,0.0,,False,96.0,99.0,96.0,88.0,93.0,91.0,91.0,92.0,94.0,high,high,high,high,high,high,high,high,high,2026-05-19
hitter,AZ,SF,Adrian Del Castillo,680728,8.0,DH,Confirmed,3.1,,,,,0.96,0.23,,,,,1.0037913820053987,0.9135181968046585,0.24657507981835383,0.2038369555842167,0.8694581280788177,0.6687101946573586,0.18739365568578695,0.15044799947565987,,,0.76,0.3,0.27,1.22,0.17,1.4,0.12,0.01,0.0,0.279,1.5956790123456794,1.232481777094435,0.121,,0.014,,0.0,,False,96.0,99.0,96.0,88.0,93.0,91.0,91.0,92.0,94.0,high,high,high,high,high,high,high,high,high,2026-05-19
hitter,AZ,SF,Ryan Waldschmidt,814439,9.0,CF,Confirmed,3.93,,,,,0.59,0.26,,,,,0.4888389762376555,0.686224218941508,0.27580724254034295,0.23679173324825425,1.1391752577319587,1.0453625779508173,0.14617937140944276,0.11882834859853712,,,1.09,0.37,0.32,1.46,0.13,1.75,0.16,0.01,0.0,0.268,1.914285714285714,1.6169434811110543,0.159,,0.008,,0.0,,False,96.0,99.0,96.0,88.0,93.0,91.0,91.0,92.0,94.0,high,high,high,high,high,high,high,high,high,2026-05-19
hitter,SF,AZ,Harrison Bader,664056,1.0,CF,Confirmed,3.33,,,,,0.9,0.18,,,,,0.9072377107120022,0.8926174339840068,0.19960046091636238,0.1618725423081491,0.6434108527131783,0.5097571886467014,0.10102250583837172,0.08655477291598088,,,0.57,0.29,0.25,1.07,0.09,0.96,0.1,0.01,0.0,0.21,1.001763668430335,0.9188847691497266,0.098,,0.007,,0.0,,False,96.0,99.0,96.0,88.0,93.0,91.0,91.0,92.0,94.0,high,high,high,high,high,high,high,high,high,2026-05-19
hitter,SF,AZ,Luis Arraez,650333,2.0,2B,Confirmed,3.96,,,,,0.35,0.23,,,,,0.24266674799828789,0.45440825759376,0.22638759188033022,0.2432814651994231,0.801980198019802,0.7187713236762541,0.07358516740120838,0.07590665246813126,,,0.76,0.35,0.28,1.33,0.07,1.11,0.11,0.01,0.0,0.211,1.1521739130434783,1.0818836353543602,0.113,,0.012,,0.0,,False,96.0,99.0,96.0,88.0,93.0,91.0,91.0,92.0,94.0,high,high,high,high,high,high,high,high,high,2026-05-19
hitter,SF,AZ,Casey Schmitt,669477,3.0,DH,Confirmed,3.96,,,,,0.87,0.18,,,,,0.7857993186363982,0.9471771451987412,0.18361643189813004,0.17493242804520345,0.707983193277311,0.6688108771571389,0.15835037019151754,0.13867417949345587,,,0.69,0.39,0.38,1.48,0.15,1.31,0.11,0.01,0.0,0.231,1.3148148148148149,1.3069837041083177,0.11,,0.006,,0.0,,False,96.0,99.0,96.0,88.0,93.0,91.0,91.0,92.0,94.0,high,high,high,high,high,high,high,high,high,2026-05-19
hitter,SF,AZ,Rafael Devers,646240,4.0,1B,Confirmed,4.18,,,,,1.22,0.41,,,,,1.2611128337420283,1.1814737225235104,0.40278152562450065,0.41097897296645064,0.7715355805243446,0.7805257387397172,0.19997207033708972,0.19439838460685863,,,0.78,0.43,0.4,1.54,0.2,1.58,0.13,0.01,0.0,0.247,1.684375,1.4980130695397227,0.134,,0.007,,0.0,,False,96.0,99.0,96.0,88.0,93.0,91.0,91.0,92.0,94.0,high,high,high,high,high,high,high,high,high,2026-05-19
hitter,SF,AZ,Willy Adames,642715,5.0,SS,Confirmed,3.81,,,,,0.96,0.26,,,,,0.9406724641166415,0.9881474690072182,0.26983063887762215,0.25691137008196496,0.6434108527131783,0.5510273359484784,0.16280633871073003,0.14896873861026452,,,0.59,0.34,0.34,1.27,0.16,1.11,0.1,0.01,0.0,0.212,1.1238670694864048,1.092331780841611,0.096,,0.006,,0.0,,False,96.0,99.0,96.0,88.0,93.0,91.0,91.0,92.0,94.0,high,high,high,high,high,high,high,high,high,2026-05-19
hitter,SF,AZ,Matt Chapman,656305,6.0,3B,Confirmed,3.58,,,,,0.94,0.21,,,,,0.9357055108669169,0.9533921698204139,0.21996999061574737,0.2077178432433382,0.6434108527131783,0.5971151738568972,0.1734461730744994,0.15379910344374798,,,0.62,0.31,0.35,1.24,0.16,1.26,0.11,0.01,0.0,0.229,1.3148148148148149,1.2093521539262315,0.106,,0.007,,0.0,,False,96.0,99.0,96.0,88.0,93.0,91.0,91.0,92.0,94.0,high,high,high,high,high,high,high,high,high,2026-05-19
hitter,SF,AZ,Drew Gilbert,687551,7.0,LF,Confirmed,2.77,,,,,0.64,0.14,,,,,0.6284995380622012,0.6426420149693662,0.14724338710305757,0.12296436462771125,0.35424354243542433,0.37280038241433205,0.05181700473913679,0.060495224228733394,,,0.36,0.16,0.15,0.67,0.06,0.64,0.1,0.01,0.0,0.17,0.6720588235294118,0.6143321860706014,0.099,,0.009,,0.0,,False,96.0,99.0,96.0,88.0,93.0,91.0,91.0,92.0,94.0,high,high,high,high,high,high,high,high,high,2026-05-19
hitter,SF,AZ,Daniel Susac,691740,8.0,C,Confirmed,2.26,,,,,0.53,0.09,,,,,0.4712139440677452,0.5979985250370072,0.10384280768620129,0.08588193408760553,0.3344051446945337,0.2744383161986196,0.04714179691449816,0.034442840501526246,,,0.3,0.12,0.11,0.49,0.04,0.55,0.07,0.01,0.0,0.154,0.6289308176100628,0.4848506598179288,0.067,,0.007,,0.0,,False,96.0,99.0,96.0,88.0,93.0,91.0,91.0,92.0,94.0,high,high,high,high,high,high,high,high,high,2026-05-19
hitter,SF,AZ,Will Brennan,686823,9.0,RF,Confirmed,3.09,,,,,0.62,0.13,,,,,0.554296362959694,0.6864021590241256,0.13922648516420075,0.11458514188048707,0.6506024096385542,0.5747828605541129,0.07993168001519685,0.0681550251303658,,,0.61,0.28,0.26,1.18,0.07,1.0,0.11,0.01,0.0,0.245,1.1238670694864048,0.9030455030462574,0.107,,0.008,,0.0,,False,96.0,99.0,96.0,88.0,93.0,91.0,91.0,92.0,94.0,high,high,high,high,high,high,high,high,high,2026-05-19
hitter,SEA,CWS,Rob Refsnyder,608701,1.0,DH,Confirmed,1.84,,,,,0.7,0.06,,,,,0.7631680741582854,0.6403790289518484,0.06623216149142977,0.049004166546463813,0.2543859649122807,0.19008514764006898,0.05112443489087359,0.03326731785094403,,,0.22,0.18,0.12,0.63,0.04,0.39,0.09,0.01,0.0,0.254,0.4591194968553459,0.3328206889405294,0.088,,0.007,,0.0,,False,96.0,99.0,96.0,88.0,93.0,91.0,91.0,92.0,94.0,high,high,high,high,high,high,high,high,high,2026-05-19
hitter,SEA,CWS,Julio Rodríguez,677594,2.0,CF,Confirmed,4.51,,,,,1.16,0.14,,,,,1.0905479981010087,1.2305498734632274,0.13403201791703717,0.14570842980225354,1.0980834272829765,1.121614223646269,0.17459737087658106,0.1692569639372875,,,1.11,0.49,0.36,1.85,0.17,1.82,0.22,0.01,0.0,0.281,1.914285714285714,1.748164016861733,0.22,,0.009,,0.0,,False,96.0,99.0,96.0,88.0,93.0,91.0,91.0,92.0,94.0,high,high,high,high,high,high,high,high,high,2026-05-19
hitter,SEA,CWS,Randy Arozarena,668227,3.0,LF,Confirmed,4.45,,,,,1.25,0.15,,,,,1.2121057224804743,1.2867287332337525,0.1552073499024838,0.1424038592704418,0.8949771689497716,0.948465679605221,0.15631509427456056,0.17182527283560806,,,0.92,0.45,0.36,1.69,0.16,1.53,0.16,0.01,0.0,0.263,1.4759615384615385,1.5742217773359863,0.158,,0.008,,0.0,,False,96.0,99.0,96.0,88.0,93.0,91.0,91.0,92.0,94.0,high,high,high,high,high,high,high,high,high,2026-05-19
hitter,SEA,CWS,Josh Naylor,647304,4.0,1B,Confirmed,4.51,,,,,0.76,0.13,,,,,0.7212694866783655,0.7924284718448726,0.13203790341057953,0.13392089888540742,0.994208494208494,1.1112172922328705,0.13439097808482256,0.1523216472468196,,,1.06,0.49,0.4,1.88,0.14,1.65,0.2,0.01,0.0,0.277,1.5956790123456794,1.6997644899796014,0.199,,0.009,,0.0,,False,96.0,99.0,96.0,88.0,93.0,91.0,91.0,92.0,94.0,high,high,high,high,high,high,high,high,high,2026-05-19
hitter,SEA,CWS,Patrick Wisdom,621550,5.0,3B,Confirmed,2.55,,,,,0.66,0.15,,,,,0.6231560533090151,0.6883576200438017,0.17940128721889814,0.129020329380499,0.3344051446945337,0.2636984581784278,0.01901114604058455,0.009273070998866484,,,0.3,0.21,0.17,0.79,0.01,0.39,0.11,0.01,0.0,0.218,0.44025157232704404,0.3489184084156578,0.108,,0.008,,0.0,,False,96.0,99.0,96.0,88.0,93.0,91.0,91.0,92.0,94.0,high,high,high,high,high,high,high,high,high,2026-05-19
hitter,SEA,CWS,Connor Joe,656582,6.0,RF,Confirmed,1.84,,,,,0.63,0.05,,,,,0.6623821049794705,0.5888907920316522,0.0677881961564902,0.03166102373325689,0.3344051446945337,0.1707953732515015,0.05243958562249356,0.030465466412432824,,,0.24,0.15,0.14,0.62,0.04,0.37,0.08,0.01,0.0,0.25,0.4591194968553459,0.30450893176493926,0.078,,0.007,,0.0,,False,96.0,99.0,96.0,88.0,93.0,91.0,91.0,92.0,94.0,high,high,high,high,high,high,high,high,high,2026-05-19
hitter,SEA,CWS,Mitch Garver,641598,7.0,C,Confirmed,3.81,,,,,0.84,0.47,,,,,0.7655986446792813,0.919708200728984,0.4501550939989817,0.4925226949034669,0.3344051446945337,0.3008145957164023,0.04117823453119041,0.0306478978982443,,,0.32,0.29,0.21,1.09,0.04,0.52,0.12,0.01,0.0,0.231,0.4591194968553459,0.5754246162803717,0.121,,0.008,,0.0,,False,96.0,99.0,96.0,88.0,93.0,91.0,91.0,92.0,94.0,high,high,high,high,high,high,high,high,high,2026-05-19
hitter,SEA,CWS,Cole Young,702284,8.0,2B,Confirmed,4.18,,,,,0.87,0.15,,,,,0.8226186662466299,0.9227021302090411,0.13515822930373086,0.1561077905170142,0.994208494208494,0.9570739603012195,0.09917219412698453,0.09883902047407934,,,0.97,0.42,0.34,1.76,0.1,1.35,0.17,0.01,0.0,0.29,1.3148148148148149,1.3787735012661344,0.174,,0.009,,0.0,,False,96.0,99.0,96.0,88.0,93.0,91.0,91.0,92.0,94.0,high,high,high,high,high,high,high,high,high,2026-05-19
hitter,SEA,CWS,Colt Emerson,806068,9.0,SS,Confirmed,3.96,,,,,0.87,0.21,,,,,0.7620746601868377,0.9683969152748853,0.18412782369067782,0.2439972344664585,0.7061469265367316,0.6871832886501495,0.0742692836751768,0.10732984444840422,,,0.7,0.29,0.19,1.01,0.09,1.12,0.18,0.01,0.0,0.239,1.1521739130434783,1.1021684885617096,0.179,,0.013,,0.0,,False,96.0,99.0,96.0,88.0,93.0,91.0,91.0,92.0,94.0,high,high,high,high,high,high,high,high,high,2026-05-19
hitter,CWS,SEA,Sam Antonacci,803011,1.0,2B,Confirmed,4.08,,,,,0.85,0.31,,,,,0.7547226477256218,0.9404215226107481,0.29774132470488435,0.32875676816491073,0.6434108527131783,0.6622722635330235,0.028072527354468926,0.03089026774544126,,,0.65,0.52,0.41,2.03,0.03,0.93,0.18,0.01,0.0,0.311,0.8408408408408409,1.0082348178835956,0.178,,0.013,,0.0,,False,96.0,99.0,96.0,88.0,93.0,91.0,91.0,92.0,94.0,high,high,high,high,high,high,high,high,high,2026-05-19
hitter,CWS,SEA,Munetaka Murakami,808959,2.0,1B,Confirmed,4.68,,,,,1.91,0.79,,,,,1.8318539802099343,1.9814954578398112,0.7394825176374669,0.8330917386613019,0.5846774193548387,0.5315307424676861,0.06956450823126947,0.09400390467584445,,,0.56,0.67,0.5,2.27,0.08,0.97,0.22,0.01,0.0,0.362,0.9875776397515532,0.9481601457195596,0.216,,0.009,,0.0,,False,96.0,99.0,96.0,88.0,93.0,91.0,91.0,92.0,94.0,high,high,high,high,high,high,high,high,high,2026-05-19
hitter,CWS,SEA,Miguel Vargas,678246,3.0,1B,Confirmed,4.57,,,,,1.14,0.44,,,,,1.1117754376683737,1.175803836842306,0.4099465445306856,0.47227051784629887,0.7061469265367316,0.7102148774825677,0.051232952263801174,0.046139414717627024,,,0.71,0.59,0.54,2.23,0.05,0.99,0.17,0.01,0.0,0.316,0.9875776397515532,0.997137430402582,0.175,,0.009,,0.0,,False,96.0,99.0,96.0,88.0,93.0,91.0,91.0,92.0,94.0,high,high,high,high,high,high,high,high,high,2026-05-19
hitter,CWS,SEA,Colson Montgomery,695657,4.0,3B,Confirmed,4.51,,,,,1.75,0.49,,,,,1.7061672311675942,1.80040117390553,0.46822045390962264,0.5096449013848918,0.6434108527131783,0.6369071093207457,0.054619812160025046,0.10397940561486256,,,0.64,0.65,0.61,2.36,0.08,0.98,0.17,0.01,0.0,0.348,0.9875776397515532,0.9718940966856007,0.168,,0.009,,0.0,,False,96.0,99.0,96.0,88.0,93.0,91.0,91.0,92.0,94.0,high,high,high,high,high,high,high,high,high,2026-05-19
hitter,CWS,SEA,Chase Meidroth,805367,5.0,SS,Confirmed,4.25,,,,,1.0,0.33,,,,,0.933068330426203,1.059560243118181,0.3179590131194472,0.33664248720828405,0.6434108527131783,0.6416345385594477,0.023136359348914007,0.013146161728587178,,,0.64,0.52,0.45,2.07,0.02,0.82,0.19,0.01,0.0,0.3,0.7899761336515513,0.8373124660073654,0.192,,0.009,,0.0,,False,96.0,99.0,96.0,88.0,93.0,91.0,91.0,92.0,94.0,high,high,high,high,high,high,high,high,high,2026-05-19
hitter,CWS,SEA,Andrew Benintendi,643217,6.0,DH,Confirmed,3.81,,,,,1.06,0.35,,,,,1.0146772810012936,1.0957140633353575,0.33663609457339994,0.3611096796062937,0.4803149606299212,0.5264535730652775,0.027890094248496804,0.02377167416344246,,,0.51,0.41,0.43,1.73,0.03,0.71,0.19,0.01,0.0,0.304,0.6720588235294118,0.7413183418662164,0.186,,0.008,,0.0,,False,96.0,99.0,96.0,88.0,93.0,91.0,91.0,92.0,94.0,high,high,high,high,high,high,high,high,high,2026-05-19
hitter,CWS,SEA,Jarred Kelenic,672284,7.0,RF,Confirmed,3.1,,,,,1.29,0.25,,,,,1.2687118894620897,1.3183999584729582,0.2558981082147882,0.2421523875902624,0.35424354243542433,0.33597466627835226,0.030170522162438835,0.01582246052573905,,,0.34,0.36,0.33,1.5,0.02,0.49,0.17,0.01,0.0,0.329,0.5302013422818792,0.44980306526980696,0.169,,0.013,,0.0,,False,96.0,99.0,96.0,88.0,93.0,91.0,91.0,92.0,94.0,high,high,high,high,high,high,high,high,high,2026-05-19
hitter,CWS,SEA,Tristan Peters,671976,8.0,RF,Confirmed,3.1,,,,,1.02,0.23,,,,,0.9427855345398096,1.104368883270226,0.23796900367052148,0.21852937528066016,0.4125159642401022,0.39221021343016543,0.024798298903996097,0.019284712089802817,,,0.4,0.35,0.31,1.47,0.02,0.57,0.15,0.01,0.0,0.316,0.6289308176100628,0.5267090715723234,0.145,,0.009,,0.0,,False,96.0,99.0,96.0,88.0,93.0,91.0,91.0,92.0,94.0,high,high,high,high,high,high,high,high,high,2026-05-19
hitter,CWS,SEA,Edgar Quero,700337,9.0,C,Confirmed,2.55,,,,,0.88,0.15,,,,,0.9359265930022096,0.8280856782705697,0.15626491113185917,0.13838749885822604,0.3344051446945337,0.2835274695784717,0.02070372897370342,0.010650116852883706,,,0.31,0.3,0.27,1.28,0.02,0.41,0.12,0.01,0.0,0.327,0.44025157232704404,0.38479065569749726,0.124,,0.008,,0.0,,False,96.0,99.0,96.0,88.0,93.0,91.0,91.0,92.0,94.0,high,high,high,high,high,high,high,high,high,2026-05-19
