player_type,team,opponent,player_name,mlb_id,lineup_spot,pos,lineup_status,proj_pa,proj_ip,proj_outs,proj_runs_allowed,proj_hits_allowed,proj_strikeouts,proj_walks,proj_hr_allowed,proj_er_model,proj_fip,proj_war_contribution,direct_K,rate_K,direct_BB,rate_BB,direct_H,rate_H,direct_HR,rate_HR,direct_R,rate_R,proj_hits,proj_runs,proj_rbi,proj_hrrbi,proj_hr,proj_tb,proj_2b,proj_3b,proj_sb,proj_woba,direct_TB,rate_TB,direct_2B,rate_2B,direct_3B,rate_3B,direct_SB,rate_SB,used_fallback,confidence_score,proj_pa_confidence_score,proj_hits_confidence_score,proj_hr_confidence_score,proj_strikeouts_confidence_score,proj_runs_confidence_score,proj_rbi_confidence_score,proj_hrrbi_confidence_score,proj_walks_confidence_score,confidence,proj_pa_confidence,proj_hits_confidence,proj_hr_confidence,proj_strikeouts_confidence,proj_runs_confidence,proj_rbi_confidence,proj_hrrbi_confidence,proj_walks_confidence,game_date
pitcher,MIL,COL,Shane Drohan,675660,,,,,4.79,14.0,2.4,4.76,4.71,1.64,0.55,2.21,3.95,0.081,4.5344827586206895,4.882964964028157,1.610062893081761,1.7468702410277968,4.666666666666667,5.152155509786922,0.5409836065573771,0.5661210675823506,2.212,,,,,,,,,,,,,,,,,,,,,,,,,,,,,,,,,,,,,,,2026-07-24
pitcher,COL,MIL,Tomoyuki Sugano,608372,,,,,4.79,14.0,3.03,5.83,3.58,1.38,0.92,5.0,5.78,-0.175,3.6538461538461537,3.502400723636293,1.2772277227722773,1.6812829944533958,5.68,6.419312397160026,0.9130434782608695,0.9510542321979162,5.0,,,,,,,,,,,,,,,,,,,,,,,,,,,,,,,,,,,,,,,2026-07-24
pitcher,DET,KC,Tarik Skubal,669373,,,,,5.21,16.0,1.96,3.35,7.59,1.31,0.52,1.37,2.51,0.216,7.666666666666667,7.516544777237001,1.2772277227722773,1.3949231405521847,3.6666666666666665,2.084,0.5409836065573771,0.47907389125280486,1.367,,,,,,,,,,,,,,,,,,,,,,,,,,,,,,,,,,,,,,,2026-07-24
pitcher,PIT,CHC,Jared Jones,683003,,,,,4.61,14.0,2.19,3.94,4.9,1.7,0.72,2.21,4.52,0.069,4.676567656765677,5.1309150736938225,1.610062893081761,1.9646709666065398,3.68,4.95854632570307,0.6666666666666666,0.8399040024918583,2.212,,,,,,,,,,,,,,,,,,,,,,,,,,,,,,,,,,,,,,,2026-07-24
pitcher,CHC,PIT,Matthew Boyd,571510,,,,,4.79,14.0,2.4,4.93,4.52,1.43,0.61,2.28,3.8,0.073,4.5344827586206895,4.497510524090055,1.3455882352941178,1.6812829944533958,4.879746835443039,5.152155509786922,0.547945205479452,0.7592911695295503,2.28,,,,,,,,,,,,,,,,,,,,,,,,,,,,,,,,,,,,,,,2026-07-24
pitcher,WSH,AZ,Carson Palmquist,687223,,,,,4.58,14.0,2.15,3.82,4.42,1.91,0.77,1.37,4.73,0.166,4.5344827586206895,4.300333653514082,1.890295358649789,1.9518856891665841,3.6666666666666665,4.424675430418339,0.7441860465116279,0.8344382497641456,1.367,,,,,,,,,,,,,,,,,,,,,,,,,,,,,,,,,,,,,,,2026-07-24
pitcher,AZ,WSH,Eduardo Rodriguez,593958,,,,,5.13,15.0,2.63,5.18,4.75,1.96,0.56,2.43,4.03,0.08,4.676567656765677,4.816749266927345,1.890295358649789,2.18628244223244,5.093457943925234,5.51786174638975,0.5409836065573771,0.6063050264504087,2.432,,,,,,,,,,,,,,,,,,,,,,,,,,,,,,,,,,,,,,,2026-07-24
pitcher,PHI,NYY,Jesús Luzardo,666200,,,,,5.59,17.0,2.63,5.17,6.56,1.93,0.49,2.21,3.26,0.138,6.649122807017544,6.471370949799894,1.890295358649789,2.038623099654568,5.093457943925234,5.462538614084102,0.4827586206896552,0.5140159409027215,2.212,,,,,,,,,,,,,,,,,,,,,,,,,,,,,,,,,,,,,,,2026-07-24
pitcher,NYY,PHI,Cam Schlittler,693645,,,,,5.21,16.0,2.25,4.47,5.87,1.8,0.41,1.79,3.3,0.162,5.708333333333333,6.031456645520117,1.7846689185541507,1.8287023801883489,4.326530612244898,5.0333098236854905,0.38095238095238093,0.47907389125280486,1.789,,,,,,,,,,,,,,,,,,,,,,,,,,,,,,,,,,,,,,,2026-07-24
pitcher,BAL,ATL,Trevor Rogers,669432,,,,,5.21,16.0,2.6,4.68,5.54,1.86,0.83,2.21,4.47,0.111,5.275,5.798713131007553,1.8333333333333333,1.9257240242627596,4.525423728813561,5.2846795049817175,0.7948717948717948,0.8965857077382466,2.212,,,,,,,,,,,,,,,,,,,,,,,,,,,,,,,,,,,,,,,2026-07-24
pitcher,ATL,BAL,Grant Holmes,656550,,,,,4.61,14.0,2.36,3.88,4.69,2.33,0.77,2.21,4.88,0.069,4.676567656765677,4.699471499826681,2.3333333333333335,2.3178432489536314,3.68,4.676079178112422,0.7580645161290323,0.7933320753691587,2.212,,,,,,,,,,,,,,,,,,,,,,,,,,,,,,,,,,,,,,,2026-07-24
pitcher,NYM,LAD,Sean Manaea,640455,,,,,4.79,14.0,2.4,4.76,4.78,1.45,0.71,2.21,4.06,0.081,4.676567656765677,4.882964964028157,1.3455882352941178,1.7468702410277968,4.666666666666667,5.152155509786922,0.6666666666666666,0.8243081650798851,2.212,,,,,,,,,,,,,,,,,,,,,,,,,,,,,,,,,,,,,,,2026-07-24
pitcher,LAD,NYM,Roki Sasaki,808963,,,,,4.79,14.0,2.37,4.43,4.59,2.02,0.57,2.21,4.06,0.081,4.676567656765677,4.497510524090055,1.890295358649789,2.408344720713209,4.326530612244898,4.858659276173211,0.5409836065573771,0.6350989636681925,2.212,,,,,,,,,,,,,,,,,,,,,,,,,,,,,,,,,,,,,,,2026-07-24
pitcher,TB,CLE,Shane McClanahan,663556,,,,,4.79,14.0,2.36,4.71,4.59,1.64,0.47,1.79,3.73,0.13,4.676567656765677,4.497510524090055,1.610062893081761,1.7468702410277968,4.666666666666667,4.858659276173211,0.4827586206896552,0.44045373111342334,1.789,,,,,,,,,,,,,,,,,,,,,,,,,,,,,,,,,,,,,,,2026-07-24
pitcher,CLE,TB,Joey Cantillo,676282,,,,,4.79,14.0,2.44,4.59,4.59,1.93,0.55,2.21,4.08,0.081,4.676567656765677,4.497510524090055,1.890295358649789,2.041382631246275,4.525423728813561,4.858659276173211,0.547945205479452,0.5661210675823506,2.212,,,,,,,,,,,,,,,,,,,,,,,,,,,,,,,,,,,,,,,2026-07-24
pitcher,MIA,SD,Ryan Gusto,687473,,,,,4.61,14.0,2.6,4.84,4.43,1.7,0.76,2.28,4.54,0.061,4.5344827586206895,4.328501777882078,1.610062893081761,1.9503289764882537,4.879746835443039,4.676079178112422,0.7441860465116279,0.7933320753691587,2.28,,,,,,,,,,,,,,,,,,,,,,,,,,,,,,,,,,,,,,,2026-07-24
pitcher,SD,MIA,Germán Márquez,608566,,,,,4.79,14.0,2.78,5.12,3.74,1.93,0.98,3.08,5.5,-0.01,3.6538461538461537,3.8257426697625427,1.890295358649789,2.041382631246275,4.879746835443039,6.094132954135056,0.9130434782608695,1.1249553141128723,3.075,,,,,,,,,,,,,,,,,,,,,,,,,,,,,,,,,,,,,,,2026-07-24
pitcher,TOR,BOS,Trey Yesavage,702056,,,,,5.21,16.0,2.53,4.47,6.02,2.31,0.79,1.79,3.96,0.162,6.017094017094017,6.031456645520117,2.3333333333333335,2.220376515405656,4.326530612244898,5.0333098236854905,0.7441860465116279,0.8965857077382466,1.789,,,,,,,,,,,,,,,,,,,,,,,,,,,,,,,,,,,,,,,2026-07-24
pitcher,CWS,HOU,Davis Martin,663436,,,,,4.79,14.0,2.63,5.05,4.59,1.85,0.55,2.28,4.08,0.073,4.676567656765677,4.497510524090055,1.890295358649789,1.7468702410277968,5.093457943925234,4.858659276173211,0.5409836065573771,0.5661210675823506,2.28,,,,,,,,,,,,,,,,,,,,,,,,,,,,,,,,,,,,,,,2026-07-24
pitcher,HOU,CWS,Spencer Arrighetti,681293,,,,,4.79,14.0,2.52,4.55,4.59,2.22,0.55,2.21,4.25,0.081,4.676567656765677,4.497510524090055,2.163265306122449,2.408344720713209,4.525423728813561,4.62755356150739,0.547945205479452,0.5661210675823506,2.212,,,,,,,,,,,,,,,,,,,,,,,,,,,,,,,,,,,,,,,2026-07-24
pitcher,TEX,SEA,MacKenzie Gore,669022,,,,,5.21,16.0,2.5,4.47,6.17,1.97,0.56,1.79,3.65,0.162,6.017094017094017,6.323128873107073,1.890295358649789,2.220376515405656,4.326530612244898,5.0333098236854905,0.5409836065573771,0.5943699081420252,1.789,,,,,,,,,,,,,,,,,,,,,,,,,,,,,,,,,,,,,,,2026-07-24
pitcher,SEA,TEX,Bryce Miller,682243,,,,,4.79,14.0,2.4,4.4,6.21,1.43,0.88,2.21,4.05,0.081,6.017094017094017,6.412254782662888,1.3455882352941178,1.6812829944533958,4.326530612244898,4.680779957327881,0.869281045751634,0.907982663950451,2.212,,,,,,,,,,,,,,,,,,,,,,,,,,,,,,,,,,,,,,,2026-07-24
pitcher,MIN,ATH,Zebby Matthews,805673,,,,,5.21,16.0,2.77,5.4,4.99,1.66,0.95,2.43,4.77,0.086,4.676567656765677,5.311116380498267,1.610062893081761,1.8287023801883489,5.093457943925234,6.628482816501804,0.9130434782608695,1.0344452087163136,2.432,,,,,,,,,,,,,,,,,,,,,,,,,,,,,,,,,,,,,,,2026-07-24
pitcher,ATH,MIN,Jacob Lopez,682052,,,,,4.61,14.0,2.7,4.45,4.69,2.36,0.88,2.21,5.3,0.069,4.676567656765677,4.699471499826681,2.3736907335091058,2.3178432489536314,4.326530612244898,4.95854632570307,0.869281045751634,0.91531524226146,2.212,,,,,,,,,,,,,,,,,,,,,,,,,,,,,,,,,,,,,,,2026-07-24
pitcher,STL,CIN,Dustin May,669160,,,,,4.79,14.0,2.14,3.91,5.0,1.93,0.55,2.21,4.06,0.081,4.676567656765677,5.331254490887942,1.890295358649789,2.041382631246275,3.6666666666666665,4.858659276173211,0.5409836065573771,0.5661210675823506,2.212,,,,,,,,,,,,,,,,,,,,,,,,,,,,,,,,,,,,,,,2026-07-24
pitcher,CIN,STL,Rhett Lowder,695076,,,,,4.79,14.0,2.57,4.55,4.59,2.13,0.57,2.28,4.23,0.073,4.676567656765677,4.497510524090055,2.163265306122449,2.041382631246275,4.525423728813561,4.62755356150739,0.5409836065573771,0.6350989636681925,2.28,,,,,,,,,,,,,,,,,,,,,,,,,,,,,,,,,,,,,,,2026-07-24
pitcher,SF,LAA,Logan Webb,657277,,,,,5.59,17.0,2.52,5.28,5.86,1.33,0.53,2.21,3.15,0.138,6.017094017094017,5.69849147159027,1.2772277227722773,1.496664175755607,5.093457943925234,6.012640772381813,0.5409836065573771,0.5140159409027215,2.212,,,,,,,,,,,,,,,,,,,,,,,,,,,,,,,,,,,,,,,2026-07-24
pitcher,LAA,SF,Grayson Rodriguez,680570,,,,,4.79,14.0,2.52,4.55,4.59,2.13,0.57,2.37,4.25,0.064,4.676567656765677,4.497510524090055,2.163265306122449,2.041382631246275,4.525423728813561,4.62755356150739,0.543885558443552,0.6350989636681925,2.367,,,,,,,,,,,,,,,,,,,,,,,,,,,,,,,,,,,,,,,2026-07-24
hitter,MIL,COL,Christian Yelich,592885,1.0,DH,Confirmed,4.7,,,,,1.79,0.22,,,,,1.6969683608802293,1.8834719219601759,0.20313413743516776,0.2450584400059111,0.8949771689497716,1.0134348028664382,0.045604675212660296,0.04907482780039456,,,0.96,0.81,0.67,2.98,0.05,1.33,0.25,0.01,0.0,0.412,1.239368165249089,1.4111323756398308,0.249,,0.01,,0.0,,False,96.0,99.0,96.0,88.0,93.0,91.0,91.0,92.0,94.0,high,high,high,high,high,high,high,high,high,2026-07-24
hitter,MIL,COL,Jackson Chourio,694192,2.0,LF,Confirmed,4.74,,,,,1.61,0.17,,,,,1.5738203431279172,1.6472365080072036,0.17390016445069606,0.16549523087599624,1.0980834272829765,1.127157688898675,0.05360009893193537,0.02980212390021343,,,1.11,0.85,0.72,3.18,0.04,1.41,0.26,0.04,0.0,0.43,1.3148148148148149,1.4868647202456362,0.259,,0.035,,0.0,,False,96.0,99.0,96.0,88.0,93.0,91.0,91.0,92.0,94.0,high,high,high,high,high,high,high,high,high,2026-07-24
hitter,MIL,COL,Brice Turang,668930,3.0,2B,Confirmed,4.68,,,,,1.7,0.28,,,,,1.615049019365839,1.7786196606459617,0.24175576371494495,0.30827250619258156,0.8770949720670391,0.9582793157439826,0.045863324749936006,0.051330904315587504,,,0.92,0.81,0.75,3.05,0.05,1.31,0.21,0.02,0.0,0.416,1.239368165249089,1.3607177070778773,0.209,,0.015,,0.0,,False,96.0,99.0,96.0,88.0,93.0,91.0,91.0,92.0,94.0,high,high,high,high,high,high,high,high,high,2026-07-24
hitter,MIL,COL,William Contreras,661388,4.0,C,Confirmed,4.74,,,,,1.19,0.24,,,,,1.078321514925561,1.293304879887632,0.2147461470765895,0.26893041562179015,1.0980834272829765,1.142571551563847,0.057145786571085884,0.06856243177965032,,,1.12,0.86,0.82,3.17,0.06,1.49,0.23,0.01,0.0,0.43,1.3893129770992367,1.5718749224398039,0.228,,0.009,,0.0,,False,96.0,99.0,96.0,88.0,93.0,91.0,91.0,92.0,94.0,high,high,high,high,high,high,high,high,high,2026-07-24
hitter,MIL,COL,Garrett Mitchell,669003,5.0,CF,Confirmed,4.51,,,,,1.78,0.23,,,,,1.6051646230775665,1.9551433100638214,0.21928705069720492,0.24029499001387247,0.707983193277311,0.7726267333305973,0.0631835315551757,0.05565863995261654,,,0.74,0.67,0.64,2.41,0.06,1.13,0.19,0.01,0.0,0.358,1.1238670694864048,1.1327015656309953,0.187,,0.015,,0.0,,False,96.0,99.0,96.0,88.0,93.0,91.0,91.0,92.0,94.0,high,high,high,high,high,high,high,high,high,2026-07-24
hitter,MIL,COL,Luis Lara,800325,6.0,RF,Confirmed,2.55,,,,,0.78,0.13,,,,,0.6950834090377682,0.8598964581049546,0.13573115530310637,0.11494474416570116,0.35424354243542433,0.3541445948986089,0.04090868154063802,0.03700553242069174,,,0.35,0.24,0.23,1.0,0.04,0.48,0.09,0.01,0.0,0.265,0.4591194968553459,0.5010979409468985,0.086,,0.009,,0.0,,False,96.0,99.0,96.0,88.0,93.0,91.0,91.0,92.0,94.0,high,high,high,high,high,high,high,high,high,2026-07-24
hitter,MIL,COL,Jake Bauers,641343,7.0,RF,Confirmed,4.51,,,,,1.72,0.23,,,,,1.6045458723871175,1.8315021253006727,0.2105423790875939,0.24929930203736303,0.801980198019802,0.8840263901139743,0.04955393317351645,0.08305287475606694,,,0.85,0.6,0.59,2.29,0.07,1.18,0.14,0.01,0.0,0.357,1.1521739130434783,1.1972967683741742,0.14,,0.008,,0.0,,False,96.0,99.0,96.0,88.0,93.0,91.0,91.0,92.0,94.0,high,high,high,high,high,high,high,high,high,2026-07-24
hitter,MIL,COL,Joey Ortiz,687401,8.0,SS,Confirmed,3.49,,,,,0.8,0.12,,,,,0.6949911804007943,0.9037210458474633,0.11262249242139065,0.12458691947033648,0.707983193277311,0.7213181338480003,0.026141041439088797,0.02097416005045611,,,0.72,0.43,0.39,1.82,0.02,0.89,0.14,0.01,0.0,0.338,0.8408408408408409,0.9349505511162981,0.136,,0.012,,0.0,,False,96.0,99.0,96.0,88.0,93.0,91.0,91.0,92.0,94.0,high,high,high,high,high,high,high,high,high,2026-07-24
hitter,MIL,COL,David Hamilton,666152,9.0,3B,Confirmed,3.33,,,,,1.23,0.11,,,,,1.1737000169244385,1.2902648499163565,0.10457757556679678,0.10624471707742424,0.5846774193548387,0.5846960879049167,0.02054589079623835,0.023203450022612423,,,0.58,0.4,0.36,1.65,0.02,0.69,0.14,0.01,0.0,0.329,0.6720588235294118,0.7035708280502923,0.142,,0.012,,0.0,,False,96.0,99.0,96.0,88.0,93.0,91.0,91.0,92.0,94.0,high,high,high,high,high,high,high,high,high,2026-07-24
hitter,COL,MIL,Jake McCarthy,664983,1.0,LF,Confirmed,4.27,,,,,0.53,0.21,,,,,0.5474836309525255,0.5197160641241807,0.218246238075189,0.19560280901399005,0.994208494208494,0.9703837597820151,0.08313842905203428,0.08166920322804079,,,0.98,0.46,0.35,1.8,0.08,1.45,0.16,0.02,0.0,0.266,1.3893129770992367,1.4987623698933923,0.163,,0.02,,0.0,,False,96.0,99.0,96.0,88.0,93.0,91.0,91.0,92.0,94.0,high,high,high,high,high,high,high,high,high,2026-07-24
hitter,COL,MIL,Kyle Karros,691720,2.0,3B,Confirmed,4.18,,,,,0.73,0.39,,,,,0.6376747957873126,0.8167563275563477,0.3768864419721889,0.40289617875085193,0.801980198019802,0.8217109386453982,0.12044727471851385,0.10904665575736454,,,0.81,0.41,0.29,1.5,0.11,1.26,0.17,0.01,0.0,0.256,1.239368165249089,1.2688890386341254,0.17,,0.009,,0.0,,False,96.0,99.0,96.0,88.0,93.0,91.0,91.0,92.0,94.0,high,high,high,high,high,high,high,high,high,2026-07-24
hitter,COL,MIL,Cole Carrigg,694249,3.0,CF,Confirmed,3.33,,,,,0.65,0.28,,,,,0.606284052408713,0.7030960086119062,0.3058675488365936,0.2545376952822823,0.7061469265367316,0.5971386947252401,0.08262533355874002,0.08161702205625287,,,0.65,0.35,0.28,1.33,0.08,1.14,0.14,0.01,0.0,0.274,1.239368165249089,1.067359200135935,0.137,,0.011,,0.0,,False,96.0,99.0,96.0,88.0,93.0,91.0,91.0,92.0,94.0,high,high,high,high,high,high,high,high,high,2026-07-24
hitter,COL,MIL,Hunter Goodman,696100,4.0,C,Confirmed,4.48,,,,,0.92,0.41,,,,,0.8790072421975869,0.9596234610219668,0.4116702970712439,0.40984817351621444,0.8888888888888888,0.8860821005768319,0.2539144804079337,0.22589230453433873,,,0.89,0.46,0.37,1.71,0.24,1.89,0.2,0.01,0.0,0.264,1.914285714285714,1.8677046768368404,0.2,,0.013,,0.0,,False,96.0,99.0,96.0,88.0,93.0,91.0,91.0,92.0,94.0,high,high,high,high,high,high,high,high,high,2026-07-24
hitter,COL,MIL,Willi Castro,650489,5.0,2B,Confirmed,4.18,,,,,0.77,0.29,,,,,0.7038407498008448,0.8315923883345938,0.3147167888603426,0.2699439215897675,0.801980198019802,0.7870882808749825,0.11833214401817935,0.11604145885124162,,,0.79,0.39,0.32,1.52,0.12,1.39,0.15,0.01,0.0,0.24,1.3893129770992367,1.3913726337365175,0.151,,0.013,,0.0,,False,96.0,99.0,96.0,88.0,93.0,91.0,91.0,92.0,94.0,high,high,high,high,high,high,high,high,high,2026-07-24
hitter,COL,MIL,Troy Johnston,687859,6.0,RF,Confirmed,2.77,,,,,0.45,0.2,,,,,0.4566866325144364,0.44168043934617307,0.22383415041948843,0.17617127582980113,0.4125159642401022,0.3823412840882625,0.0596711543138738,0.04694488429914495,,,0.4,0.19,0.17,0.77,0.05,0.71,0.1,0.01,0.0,0.211,0.7899761336515513,0.6438274352695456,0.099,,0.011,,0.0,,False,96.0,99.0,96.0,88.0,93.0,91.0,91.0,92.0,94.0,high,high,high,high,high,high,high,high,high,2026-07-24
hitter,COL,MIL,Mickey Moniak,666160,7.0,DH,Confirmed,3.74,,,,,0.71,0.21,,,,,0.6551943648599535,0.7689582337938617,0.2122825270135639,0.19789928986372768,0.801980198019802,0.738201364779205,0.15717625823040626,0.1322401281310417,,,0.77,0.3,0.25,1.26,0.14,1.33,0.17,0.01,0.0,0.234,1.3893129770992367,1.275870214728017,0.175,,0.014,,0.0,,False,96.0,99.0,96.0,88.0,93.0,91.0,91.0,92.0,94.0,high,high,high,high,high,high,high,high,high,2026-07-24
hitter,COL,MIL,Tyler Freeman,671289,8.0,RF,Confirmed,4.25,,,,,0.33,0.24,,,,,0.3318875444313272,0.32469652203856325,0.2509824655426906,0.2234720144784599,0.994208494208494,0.9366585339640839,0.055346955469590314,0.059407944875704284,,,0.96,0.4,0.34,1.73,0.06,1.34,0.14,0.01,0.0,0.264,1.3148148148148149,1.3592649856731198,0.145,,0.01,,0.0,,False,96.0,99.0,96.0,88.0,93.0,91.0,91.0,92.0,94.0,high,high,high,high,high,high,high,high,high,2026-07-24
hitter,COL,MIL,Ezequiel Tovar,678662,9.0,SS,Confirmed,3.96,,,,,0.72,0.23,,,,,0.6700865920594863,0.7623160240728941,0.23724151363380933,0.21377815500103284,0.7715355805243446,0.7618267753232032,0.12634643744133123,0.11738462436112475,,,0.77,0.32,0.27,1.37,0.12,1.33,0.18,0.01,0.0,0.239,1.3148148148148149,1.334746357536197,0.177,,0.013,,0.0,,False,96.0,99.0,96.0,88.0,93.0,91.0,91.0,92.0,94.0,high,high,high,high,high,high,high,high,high,2026-07-24
hitter,DET,KC,Colt Keith,690993,1.0,3B,Confirmed,3.33,,,,,0.73,0.19,,,,,0.7043385178470594,0.746571364172823,0.1959661161424263,0.17710730567377408,0.801980198019802,0.6888585744101826,0.10850246043329564,0.09548342943674783,,,0.74,0.43,0.34,1.57,0.1,1.16,0.14,0.01,0.0,0.315,1.239368165249089,1.092011063398685,0.145,,0.011,,0.0,,False,82.0,86.0,82.0,74.0,79.0,77.0,77.0,78.0,80.0,high,high,high,medium,medium,medium,medium,medium,high,2026-07-24
hitter,DET,KC,Gleyber Torres,650402,2.0,DH,Confirmed,4.45,,,,,1.11,0.56,,,,,0.9639123033444489,1.2656006120205532,0.5527363697639622,0.5603289945725697,1.0980834272829765,1.037947575714353,0.33082813599833777,0.36282367776474217,,,1.07,0.76,0.61,2.47,0.35,2.09,0.16,0.01,0.0,0.422,2.057017543859649,2.1179395650733324,0.164,,0.009,,0.0,,False,82.0,86.0,82.0,74.0,79.0,77.0,77.0,78.0,80.0,high,high,high,medium,medium,medium,medium,medium,high,2026-07-24
hitter,DET,KC,Dillon Dingler,693307,3.0,C,Confirmed,4.45,,,,,1.07,0.22,,,,,1.0018338878996587,1.1409828276756553,0.22448334292443223,0.20884887279764042,1.0980834272829765,1.1320958516619184,0.1710025265316882,0.18174952872283356,,,1.12,0.59,0.54,2.23,0.18,1.89,0.23,0.01,0.0,0.323,1.914285714285714,1.878367366538465,0.232,,0.014,,0.0,,False,82.0,86.0,82.0,74.0,79.0,77.0,77.0,78.0,80.0,high,high,high,medium,medium,medium,medium,medium,high,2026-07-24
hitter,DET,KC,Riley Greene,682985,4.0,LF,Confirmed,4.61,,,,,1.29,0.34,,,,,1.2327086986407165,1.3482526617365338,0.325973795726617,0.3458782441831421,1.0980834272829765,1.0561278742250648,0.22360229683638183,0.2422273906533737,,,1.08,0.64,0.6,2.34,0.23,2.03,0.23,0.01,0.0,0.343,2.057017543859649,2.004280047238634,0.23,,0.011,,0.0,,False,82.0,86.0,82.0,74.0,79.0,77.0,77.0,78.0,80.0,high,high,high,medium,medium,medium,medium,medium,high,2026-07-24
hitter,DET,KC,Spencer Torkelson,679529,5.0,1B,Confirmed,4.45,,,,,1.22,0.41,,,,,1.1899886225030423,1.2463520849091654,0.4203782188806998,0.4082076753065967,0.994208494208494,1.0029936830750332,0.18325174905457067,0.20881268619667687,,,1.0,0.59,0.52,2.1,0.2,1.82,0.19,0.01,0.0,0.331,1.914285714285714,1.739159855318233,0.189,,0.011,,0.0,,False,82.0,86.0,82.0,74.0,79.0,77.0,77.0,78.0,80.0,high,high,high,medium,medium,medium,medium,medium,high,2026-07-24
hitter,DET,KC,Hao-Yu Lee,701678,6.0,2B,Confirmed,3.49,,,,,0.92,0.19,,,,,0.8529137740417418,0.9872971197921255,0.1975116682103059,0.18400813307647906,0.801980198019802,0.7279283378952404,0.11004732295708577,0.1034945643208666,,,0.76,0.38,0.39,1.57,0.11,1.24,0.18,0.01,0.0,0.306,1.3148148148148149,1.1781239618401167,0.18,,0.011,,0.0,,False,82.0,86.0,82.0,74.0,79.0,77.0,77.0,78.0,80.0,high,high,high,medium,medium,medium,medium,medium,high,2026-07-24
hitter,DET,KC,Zach McKinstry,656716,7.0,SS,Confirmed,3.96,,,,,0.74,0.25,,,,,0.6978695644344202,0.7769686617849026,0.261000767190679,0.23390189804354836,0.994208494208494,0.9000286048710527,0.09956266969635119,0.10390107672016327,,,0.94,0.45,0.4,1.84,0.1,1.42,0.19,0.03,0.0,0.325,1.4157766934277654,1.4220873321220677,0.189,,0.027,,0.0,,False,82.0,86.0,82.0,74.0,79.0,77.0,77.0,78.0,80.0,high,high,high,medium,medium,medium,medium,medium,high,2026-07-24
hitter,DET,KC,Matt Vierling,663837,8.0,CF,Confirmed,3.19,,,,,0.62,0.14,,,,,0.616110686783946,0.6244870639625321,0.15317800150673042,0.12701185268078766,0.707983193277311,0.6708709478510687,0.12371637466724786,0.09390006987908771,,,0.69,0.35,0.33,1.39,0.11,1.14,0.16,0.01,0.0,0.305,1.239368165249089,1.0663531983768064,0.165,,0.008,,0.0,,False,82.0,86.0,82.0,74.0,79.0,77.0,77.0,78.0,80.0,high,high,high,medium,medium,medium,medium,medium,high,2026-07-24
hitter,DET,KC,Ben Malgeri,701162,9.0,RF,Confirmed,2.55,,,,,0.58,0.18,,,,,0.5309999043621819,0.6240165880540277,0.19750363241099284,0.15900692957990273,0.3344051446945337,0.23600628176976995,0.06426871854496025,0.04985541766436196,,,0.28,0.19,0.15,0.68,0.06,0.57,0.07,0.01,0.0,0.216,0.6720588235294118,0.4846864992748247,0.067,,0.007,,0.0,,False,82.0,86.0,82.0,74.0,79.0,77.0,77.0,78.0,80.0,high,high,high,medium,medium,medium,medium,medium,high,2026-07-24
hitter,KC,DET,Carter Jensen,695600,1.0,DH,Confirmed,3.48,,,,,1.02,0.09,,,,,1.0795312144186442,0.9704248628211399,0.10051915105054143,0.08816088586334876,0.707983193277311,0.684351167908997,0.03423408736583271,0.04494472977154696,,,0.69,0.25,0.23,0.83,0.04,1.04,0.06,0.01,0.0,0.169,1.1238670694864048,0.968954847718291,0.064,,0.006,,0.0,,False,96.0,99.0,96.0,88.0,93.0,91.0,91.0,92.0,94.0,high,high,high,high,high,high,high,high,high,2026-07-24
hitter,KC,DET,Lane Thomas,657041,2.0,CF,Confirmed,2.55,,,,,0.54,0.19,,,,,0.582527339271147,0.4913524587556719,0.2288809561748791,0.1441679707086674,0.801980198019802,0.5425449058038464,0.11527043179522295,0.07895586647470702,,,0.66,0.15,0.13,0.53,0.1,1.05,0.05,0.01,0.0,0.151,1.3148148148148149,0.8267212276136485,0.055,,0.006,,0.0,,False,96.0,99.0,96.0,88.0,93.0,91.0,91.0,92.0,94.0,high,high,high,high,high,high,high,high,high,2026-07-24
hitter,KC,DET,Salvador Perez,521692,3.0,C,Confirmed,3.74,,,,,0.6,0.15,,,,,0.6630007287206598,0.5362525457282813,0.17885784053458506,0.12985583463717432,1.607843137254902,1.2151628125804859,0.4783554855809407,0.3402879320243124,,,1.39,0.3,0.31,1.02,0.41,2.56,0.08,0.01,0.0,0.184,2.775,2.390246940855725,0.076,,0.007,,0.0,,False,96.0,99.0,96.0,88.0,93.0,91.0,91.0,92.0,94.0,high,high,high,high,high,high,high,high,high,2026-07-24
hitter,KC,DET,Starling Marte,516782,4.0,RF,Confirmed,3.1,,,,,0.62,0.19,,,,,0.6664297551670519,0.5666019399485277,0.23335558652753344,0.13824334722581974,1.0980834272829765,0.830680765655411,0.2137427505859109,0.12414422752592824,,,0.95,0.21,0.2,0.74,0.17,1.6,0.07,0.01,0.0,0.163,1.914285714285714,1.337715738487997,0.066,,0.006,,0.0,,False,96.0,99.0,96.0,88.0,93.0,91.0,91.0,92.0,94.0,high,high,high,high,high,high,high,high,high,2026-07-24
hitter,KC,DET,Vinnie Pasquantino,686469,5.0,1B,Confirmed,3.49,,,,,0.64,0.38,,,,,0.723769561918898,0.5523907612755619,0.45802055202770764,0.3112193633711847,1.0980834272829765,0.839580039487336,0.2027258669178313,0.145897643046661,,,0.96,0.29,0.28,0.98,0.17,1.65,0.08,0.01,0.0,0.196,1.914285714285714,1.4402252112420668,0.077,,0.006,,0.0,,False,96.0,99.0,96.0,88.0,93.0,91.0,91.0,92.0,94.0,high,high,high,high,high,high,high,high,high,2026-07-24
hitter,KC,DET,Nick Loftin,679845,6.0,3B,Confirmed,3.33,,,,,0.36,0.22,,,,,0.4023212786482879,0.31183263380381904,0.25222130321920705,0.1946434774720785,1.4947368421052631,0.9384844120475403,0.13607250341125116,0.09787277455506548,,,1.19,0.2,0.21,0.82,0.12,1.59,0.07,0.01,0.0,0.165,1.914285714285714,1.320892718572141,0.075,,0.007,,0.0,,False,96.0,99.0,96.0,88.0,93.0,91.0,91.0,92.0,94.0,high,high,high,high,high,high,high,high,high,2026-07-24
hitter,KC,DET,Isaac Collins,686555,7.0,LF,Confirmed,3.02,,,,,0.56,0.22,,,,,0.5937862151912394,0.5204018827606542,0.27600713672765065,0.16831955096573034,1.0980834272829765,0.7917502914875804,0.14125945747242405,0.11147958514277154,,,0.93,0.17,0.16,0.67,0.13,1.49,0.06,0.01,0.0,0.159,1.914285714285714,1.1376778672154528,0.058,,0.006,,0.0,,False,96.0,99.0,96.0,88.0,93.0,91.0,91.0,92.0,94.0,high,high,high,high,high,high,high,high,high,2026-07-24
hitter,KC,DET,Michael Massey,686681,8.0,2B,Confirmed,3.02,,,,,0.36,0.15,,,,,0.41600336203232946,0.3021731770240889,0.18154652184870115,0.11355274043697998,1.0980834272829765,0.775266723863101,0.11765947156321704,0.12213018198817872,,,0.92,0.16,0.15,0.64,0.12,1.4,0.07,0.01,0.0,0.147,1.684375,1.159411499236987,0.065,,0.006,,0.0,,False,96.0,99.0,96.0,88.0,93.0,91.0,91.0,92.0,94.0,high,high,high,high,high,high,high,high,high,2026-07-24
hitter,KC,DET,Tyler Tolbert,686475,9.0,SS,Confirmed,3.02,,,,,0.53,0.13,,,,,0.5221818183784693,0.5356008575655801,0.1654335815370931,0.10307445477954726,1.0980834272829765,0.823143291632464,0.09446128569780451,0.08311520593120057,,,0.95,0.16,0.15,0.65,0.09,1.38,0.06,0.01,0.0,0.149,1.684375,1.1271152052578308,0.063,,0.006,,0.0,,False,96.0,99.0,96.0,88.0,93.0,91.0,91.0,92.0,94.0,high,high,high,high,high,high,high,high,high,2026-07-24
hitter,PIT,CHC,Jake Mangum,663968,1.0,CF,Confirmed,4.08,,,,,0.54,0.29,,,,,0.5513774186376811,0.5301323054822726,0.31181077302524474,0.26614666699681255,1.4947368421052631,1.176050212137021,0.08200356819666818,0.06596941269708725,,,1.32,0.52,0.43,2.05,0.07,1.75,0.16,0.01,0.0,0.302,1.914285714285714,1.6186520887137579,0.156,,0.009,,0.0,,False,96.0,99.0,96.0,88.0,93.0,91.0,91.0,92.0,94.0,high,high,high,high,high,high,high,high,high,2026-07-24
hitter,PIT,CHC,Nick Gonzales,693304,2.0,3B,Confirmed,4.39,,,,,0.74,0.34,,,,,0.7325891712937236,0.7452911986912447,0.3385962114673793,0.3340266661343433,1.607843137254902,1.3579080258677758,0.10506488572155742,0.10881960552495012,,,1.47,0.7,0.58,2.78,0.11,1.98,0.17,0.01,0.0,0.374,2.057017543859649,1.9163640419312329,0.166,,0.01,,0.0,,False,96.0,99.0,96.0,88.0,93.0,91.0,91.0,92.0,94.0,high,high,high,high,high,high,high,high,high,2026-07-24
hitter,PIT,CHC,Bryan Reynolds,668804,3.0,LF,Confirmed,4.25,,,,,1.09,0.49,,,,,1.1417776100473571,1.041032713573339,0.5025050886557487,0.46780193456737035,1.4947368421052631,1.1670827006936941,0.14069853795451157,0.16223500892524007,,,1.31,0.6,0.58,2.28,0.15,1.94,0.21,0.01,0.0,0.334,2.057017543859649,1.8371399766665335,0.211,,0.009,,0.0,,False,96.0,99.0,96.0,88.0,93.0,91.0,91.0,92.0,94.0,high,high,high,high,high,high,high,high,high,2026-07-24
hitter,PIT,CHC,Esmerlyn Valdez,699013,4.0,RF,Confirmed,3.89,,,,,1.14,0.48,,,,,1.2042770155501088,1.0810510922683758,0.5175415703637727,0.43475755869331983,1.0980834272829765,0.960129042115336,0.22526757803965575,0.20397959557334278,,,1.02,0.58,0.59,2.16,0.21,1.89,0.13,0.01,0.0,0.344,2.057017543859649,1.759715145087341,0.128,,0.011,,0.0,,False,96.0,99.0,96.0,88.0,93.0,91.0,91.0,92.0,94.0,high,high,high,high,high,high,high,high,high,2026-07-24
hitter,PIT,CHC,Ryan O'Hearn,656811,5.0,1B,Confirmed,4.27,,,,,0.96,0.5,,,,,0.9494814732283049,0.9801326866128106,0.5296588492839799,0.46115630597210716,1.4947368421052631,1.1202047394153694,0.14592118930509865,0.1461347051609944,,,1.29,0.6,0.58,2.27,0.15,1.88,0.18,0.01,0.0,0.333,2.057017543859649,1.734265678761582,0.177,,0.009,,0.0,,False,96.0,99.0,96.0,88.0,93.0,91.0,91.0,92.0,94.0,high,high,high,high,high,high,high,high,high,2026-07-24
hitter,PIT,CHC,Marcell Ozuna,542303,6.0,DH,Confirmed,4.25,,,,,1.19,0.85,,,,,1.206479839099692,1.1808740493610612,0.8827848973522029,0.8260808821469818,0.707983193277311,0.6992216065452624,0.06502407690190704,0.07365705827806927,,,0.7,0.54,0.61,2.14,0.07,1.13,0.14,0.01,0.0,0.337,1.1521739130434783,1.1200482995839651,0.136,,0.006,,0.0,,False,96.0,99.0,96.0,88.0,93.0,91.0,91.0,92.0,94.0,high,high,high,high,high,high,high,high,high,2026-07-24
hitter,PIT,CHC,Brandon Lowe,664040,7.0,2B,Confirmed,4.25,,,,,1.13,0.5,,,,,1.1524607710759465,1.1096021657094266,0.5294796480157823,0.4738766909225186,1.4947368421052631,1.131242226862253,0.26868602407173076,0.27366279419517475,,,1.29,0.61,0.63,2.37,0.27,2.34,0.22,0.01,0.0,0.382,2.552380952380952,2.1647275620506217,0.216,,0.008,,0.0,,False,96.0,99.0,96.0,88.0,93.0,91.0,91.0,92.0,94.0,high,high,high,high,high,high,high,high,high,2026-07-24
hitter,PIT,CHC,Jared Triolo,669707,8.0,SS,Confirmed,4.04,,,,,0.91,0.43,,,,,0.8824763211353283,0.9378315994100648,0.46820120331346604,0.3913086073767689,1.0980834272829765,1.03157527292962,0.08541147915044964,0.060672570401051965,,,1.06,0.43,0.4,1.83,0.07,1.58,0.14,0.01,0.0,0.291,1.684375,1.4962910821567046,0.139,,0.011,,0.0,,False,96.0,99.0,96.0,88.0,93.0,91.0,91.0,92.0,94.0,high,high,high,high,high,high,high,high,high,2026-07-24
hitter,PIT,CHC,Henry Davis,680779,9.0,C,Confirmed,3.33,,,,,0.88,0.3,,,,,0.9255437304467956,0.8361294745717431,0.3377704668588466,0.2645842903555876,0.994208494208494,0.8021020740567221,0.18809256405720765,0.1616951272780433,,,0.89,0.47,0.48,1.85,0.17,1.69,0.16,0.01,0.0,0.372,1.914285714285714,1.5104288749063624,0.157,,0.007,,0.0,,False,96.0,99.0,96.0,88.0,93.0,91.0,91.0,92.0,94.0,high,high,high,high,high,high,high,high,high,2026-07-24
hitter,CHC,PIT,Pete Crow-Armstrong,691718,1.0,CF,Confirmed,4.26,,,,,0.9,0.43,,,,,0.8980878428387763,0.9051975726552877,0.39887076995880877,0.4667844617342376,0.801980198019802,0.8409159463122305,0.06697074609974604,0.04897327871349962,,,0.82,0.4,0.27,1.38,0.06,1.35,0.14,0.01,0.0,0.25,1.3148148148148149,1.3802442133619475,0.143,,0.009,,0.0,,False,96.0,99.0,96.0,88.0,93.0,91.0,91.0,92.0,94.0,high,high,high,high,high,high,high,high,high,2026-07-24
hitter,CHC,PIT,Seiya Suzuki,673548,2.0,RF,Confirmed,4.45,,,,,0.93,0.57,,,,,0.9019311047186798,0.9644455662670098,0.5855480395524871,0.5546819057230782,0.801980198019802,0.8372897286357893,0.05470545184032194,0.04975017331051111,,,0.82,0.43,0.27,1.4,0.05,1.25,0.12,0.01,0.0,0.26,1.239368165249089,1.2595062130501753,0.121,,0.007,,0.0,,False,96.0,99.0,96.0,88.0,93.0,91.0,91.0,92.0,94.0,high,high,high,high,high,high,high,high,high,2026-07-24
hitter,CHC,PIT,Michael Busch,683737,3.0,1B,Confirmed,4.26,,,,,0.92,0.59,,,,,0.9088714842062025,0.925904773305123,0.628353771132831,0.5535042493854396,0.7715355805243446,0.8163162760598486,0.0507064702869766,0.03562126142740338,,,0.8,0.41,0.28,1.33,0.04,1.02,0.11,0.01,0.0,0.265,1.001763668430335,1.0430365427880424,0.115,,0.007,,0.0,,False,96.0,99.0,96.0,88.0,93.0,91.0,91.0,92.0,94.0,high,high,high,high,high,high,high,high,high,2026-07-24
hitter,CHC,PIT,Alex Bregman,608324,4.0,3B,Confirmed,4.18,,,,,0.52,0.55,,,,,0.546545793298506,0.4877508617572115,0.564739440254372,0.5355658745934354,0.8694581280788177,0.852728005760901,0.05027399205630998,0.03637854244221109,,,0.86,0.43,0.3,1.43,0.04,1.18,0.12,0.01,0.0,0.277,1.239368165249089,1.131937265739249,0.125,,0.008,,0.0,,False,96.0,99.0,96.0,88.0,93.0,91.0,91.0,92.0,94.0,high,high,high,high,high,high,high,high,high,2026-07-24
hitter,CHC,PIT,Ian Happ,664023,5.0,LF,Confirmed,4.25,,,,,0.91,0.59,,,,,0.8896883720380254,0.9277696807049367,0.6175386449232881,0.566175427921109,0.7715355805243446,0.7646914873986558,0.06596979649146359,0.04400363108936321,,,0.77,0.4,0.26,1.25,0.05,1.22,0.13,0.01,0.0,0.267,1.239368165249089,1.1979825386127327,0.128,,0.007,,0.0,,False,96.0,99.0,96.0,88.0,93.0,91.0,91.0,92.0,94.0,high,high,high,high,high,high,high,high,high,2026-07-24
hitter,CHC,PIT,Nico Hoerner,663538,6.0,2B,Confirmed,4.26,,,,,0.29,0.28,,,,,0.2652586382059783,0.31708776358851903,0.2783839672145789,0.2872226887709451,1.0980834272829765,1.0029066466593768,0.03117830424782777,0.02025239626163901,,,1.05,0.36,0.32,1.48,0.03,1.19,0.15,0.01,0.0,0.246,1.239368165249089,1.1535216217187636,0.151,,0.011,,0.0,,False,96.0,99.0,96.0,88.0,93.0,91.0,91.0,92.0,94.0,high,high,high,high,high,high,high,high,high,2026-07-24
hitter,CHC,PIT,Pedro Ramírez,699393,7.0,DH,Confirmed,2.55,,,,,0.43,0.17,,,,,0.42270872670333726,0.4302919100637274,0.20175922100325092,0.13345302163738004,0.4803149606299212,0.36901565131883013,0.025385981443587707,0.018813233626166628,,,0.42,0.2,0.15,0.76,0.02,0.58,0.1,0.01,0.0,0.233,0.6720588235294118,0.504502160008409,0.098,,0.008,,0.0,,False,96.0,99.0,96.0,88.0,93.0,91.0,91.0,92.0,94.0,high,high,high,high,high,high,high,high,high,2026-07-24
hitter,CHC,PIT,Carson Kelly,608348,8.0,C,Confirmed,3.49,,,,,0.55,0.41,,,,,0.559067496976752,0.5373248915725118,0.44463558897191136,0.382991183629792,0.707983193277311,0.5888876787015743,0.036663996021633095,0.025738217115068997,,,0.64,0.3,0.22,1.1,0.03,0.9,0.12,0.01,0.0,0.268,0.9875776397515532,0.8326155700937957,0.119,,0.007,,0.0,,False,96.0,99.0,96.0,88.0,93.0,91.0,91.0,92.0,94.0,high,high,high,high,high,high,high,high,high,2026-07-24
hitter,CHC,PIT,Dansby Swanson,621020,9.0,SS,Confirmed,3.96,,,,,0.85,0.42,,,,,0.8217602353543823,0.8718923385739151,0.46403068234030964,0.37602144890650857,0.7715355805243446,0.6692019826324866,0.05115365773691613,0.04611996906587953,,,0.72,0.33,0.25,1.22,0.05,0.98,0.12,0.01,0.0,0.256,1.001763668430335,0.9599295846783694,0.124,,0.007,,0.0,,False,96.0,99.0,96.0,88.0,93.0,91.0,91.0,92.0,94.0,high,high,high,high,high,high,high,high,high,2026-07-24
hitter,WSH,AZ,James Wood,695578,1.0,RF,Confirmed,4.18,,,,,1.02,0.67,,,,,1.0661566021409357,0.9716603891205042,0.724073622255784,0.6252013974305991,1.0980834272829765,1.04385610253511,0.43787682802460115,0.39166237713881996,,,1.07,0.52,0.45,1.85,0.41,2.52,0.18,0.01,0.0,0.3,2.552380952380952,2.500363586277811,0.178,,0.008,,0.0,,False,96.0,99.0,96.0,88.0,93.0,91.0,91.0,92.0,94.0,high,high,high,high,high,high,high,high,high,2026-07-24
hitter,WSH,AZ,Curtis Mead,678554,2.0,3B,Confirmed,3.49,,,,,0.72,0.29,,,,,0.7661847059354276,0.6832546585625078,0.31170259880372275,0.2652353975518508,0.994208494208494,0.8461129804046755,0.16488045465766257,0.16225148294143868,,,0.91,0.36,0.3,1.36,0.16,1.66,0.14,0.01,0.0,0.248,1.914285714285714,1.4541244098601713,0.142,,0.009,,0.0,,False,96.0,99.0,96.0,88.0,93.0,91.0,91.0,92.0,94.0,high,high,high,high,high,high,high,high,high,2026-07-24
hitter,WSH,AZ,Andrés Chaparro,665953,3.0,DH,Confirmed,1.84,,,,,0.45,0.22,,,,,0.46736201790088583,0.42362980797221966,0.260909488752328,0.17245607720965353,0.4125159642401022,0.24050907984079833,0.0679548813829998,0.03259408503483563,,,0.32,0.19,0.18,0.7,0.05,0.49,0.08,0.01,0.0,0.248,0.6720588235294118,0.33822506574368005,0.076,,0.007,,0.0,,False,96.0,99.0,96.0,88.0,93.0,91.0,91.0,92.0,94.0,high,high,high,high,high,high,high,high,high,2026-07-24
hitter,WSH,AZ,CJ Abrams,682928,4.0,SS,Confirmed,3.96,,,,,0.69,0.28,,,,,0.7092445354522589,0.6783468072650474,0.3081872162382986,0.25250318378365466,1.0980834272829765,1.13810694474854,0.2743915966280705,0.2538140071034142,,,1.12,0.45,0.44,1.75,0.26,2.0,0.17,0.01,0.0,0.27,2.057017543859649,1.9600699163712116,0.171,,0.01,,0.0,,False,96.0,99.0,96.0,88.0,93.0,91.0,91.0,92.0,94.0,high,high,high,high,high,high,high,high,high,2026-07-24
hitter,WSH,AZ,Dylan Crews,686611,5.0,CF,Confirmed,3.81,,,,,0.82,0.3,,,,,0.8384425740610999,0.8034572020778918,0.31348439748437407,0.27859538979659404,1.0980834272829765,1.0196950595448495,0.22156227365731107,0.22094036206650486,,,1.05,0.44,0.43,1.74,0.22,1.91,0.16,0.01,0.0,0.277,2.057017543859649,1.7868526322700327,0.158,,0.008,,0.0,,False,96.0,99.0,96.0,88.0,93.0,91.0,91.0,92.0,94.0,high,high,high,high,high,high,high,high,high,2026-07-24
hitter,WSH,AZ,Jacob Young,696285,6.0,CF,Confirmed,3.02,,,,,0.51,0.2,,,,,0.5823631938787074,0.4360582082427953,0.22238555777628732,0.17344260635295894,0.8949771689497716,0.7121027119141448,0.10068978641463786,0.1019648442325217,,,0.79,0.27,0.28,1.2,0.1,1.36,0.13,0.01,0.0,0.249,1.5956790123456794,1.1688776655560842,0.133,,0.01,,0.0,,False,96.0,99.0,96.0,88.0,93.0,91.0,91.0,92.0,94.0,high,high,high,high,high,high,high,high,high,2026-07-24
hitter,WSH,AZ,Harry Ford,695670,7.0,C,Confirmed,1.84,,,,,0.83,0.08,,,,,0.9150819054520178,0.7496616628769615,0.09597994731054996,0.061323588111372944,0.3344051446945337,0.2161426713639882,0.040427152688298634,0.03862067259880932,,,0.27,0.16,0.15,0.64,0.04,0.38,0.09,0.01,0.0,0.241,0.44025157232704404,0.33800627356625385,0.089,,0.007,,0.0,,False,96.0,99.0,96.0,88.0,93.0,91.0,91.0,92.0,94.0,high,high,high,high,high,high,high,high,high,2026-07-24
hitter,WSH,AZ,Luis García Jr.,671277,8.0,1B,Confirmed,3.58,,,,,0.49,0.26,,,,,0.5309060253848354,0.4420857731371419,0.29020883723231006,0.22645030449857292,1.0980834272829765,0.8877968003468767,0.22599190680624992,0.21211356970085632,,,0.98,0.33,0.32,1.36,0.22,1.9,0.18,0.01,0.0,0.255,2.057017543859649,1.7650786172520454,0.183,,0.012,,0.0,,False,96.0,99.0,96.0,88.0,93.0,91.0,91.0,92.0,94.0,high,high,high,high,high,high,high,high,high,2026-07-24
hitter,WSH,AZ,Nasim Nuñez,683083,9.0,2B,Confirmed,3.33,,,,,0.72,0.29,,,,,0.7718877744659417,0.6749361831483771,0.3200177966775195,0.25419006679075096,0.994208494208494,0.8179527307685753,0.09806615498727284,0.09079569233780703,,,0.9,0.29,0.27,1.27,0.09,1.24,0.14,0.01,0.0,0.246,1.3148148148148149,1.1722792186843616,0.141,,0.01,,0.0,,False,96.0,99.0,96.0,88.0,93.0,91.0,91.0,92.0,94.0,high,high,high,high,high,high,high,high,high,2026-07-24
hitter,AZ,WSH,Ketel Marte,606466,1.0,2B,Confirmed,4.64,,,,,0.58,0.29,,,,,0.5589840278386784,0.5984710292560229,0.28564983098686847,0.3040067949861763,1.0980834272829765,1.1993662204435154,0.3362889726061528,0.3779360143743721,,,1.15,0.7,0.54,2.73,0.36,2.5,0.33,0.02,0.0,0.377,2.456692913385827,2.5370959072303396,0.327,,0.017,,0.0,,False,96.0,99.0,96.0,88.0,93.0,91.0,91.0,92.0,94.0,high,high,high,high,high,high,high,high,high,2026-07-24
hitter,AZ,WSH,Corbin Carroll,682998,2.0,RF,Confirmed,4.57,,,,,0.99,0.32,,,,,0.9139323164332736,1.0629753085010292,0.3002121122299346,0.33153590275712036,1.0980834272829765,1.1023457738587148,0.331448064779955,0.4282815839010436,,,1.1,0.53,0.4,2.04,0.38,2.56,0.31,0.01,0.0,0.301,2.456692913385827,2.6441093704178114,0.308,,0.015,,0.0,,False,96.0,99.0,96.0,88.0,93.0,91.0,91.0,92.0,94.0,high,high,high,high,high,high,high,high,high,2026-07-24
hitter,AZ,WSH,Geraldo Perdomo,672695,3.0,SS,Confirmed,4.57,,,,,0.46,0.4,,,,,0.4654370228055593,0.4624491096700567,0.39589287345732815,0.41167835340357634,1.0980834272829765,1.085170990614441,0.18794533262913715,0.21112563411724444,,,1.09,0.55,0.46,2.14,0.2,1.92,0.23,0.01,0.0,0.305,1.914285714285714,1.933688843167176,0.232,,0.013,,0.0,,False,96.0,99.0,96.0,88.0,93.0,91.0,91.0,92.0,94.0,high,high,high,high,high,high,high,high,high,2026-07-24
hitter,AZ,WSH,Gabriel Moreno,672515,4.0,C,Confirmed,4.26,,,,,0.64,0.3,,,,,0.6094115108893353,0.6723086731370455,0.3014893922284396,0.2997666851919417,1.0980834272829765,1.0587809083058655,0.18863120592050803,0.209546010828859,,,1.08,0.52,0.44,2.06,0.2,1.84,0.26,0.01,0.0,0.31,1.914285714285714,1.7875906400798018,0.26,,0.01,,0.0,,False,96.0,99.0,96.0,88.0,93.0,91.0,91.0,92.0,94.0,high,high,high,high,high,high,high,high,high,2026-07-24
hitter,AZ,WSH,Nolan Arenado,571448,5.0,3B,Confirmed,3.96,,,,,0.56,0.19,,,,,0.561821026413731,0.5504667336692172,0.1924162208491832,0.1823669391913755,0.994208494208494,0.9802713899212138,0.191722654834219,0.21269766015492417,,,0.99,0.5,0.44,2.04,0.2,1.81,0.22,0.01,0.0,0.316,1.914285714285714,1.7156011209206874,0.217,,0.01,,0.0,,False,96.0,99.0,96.0,88.0,93.0,91.0,91.0,92.0,94.0,high,high,high,high,high,high,high,high,high,2026-07-24
hitter,AZ,WSH,Max Kepler,596146,6.0,LF,Confirmed,3.33,,,,,0.7,0.18,,,,,0.7280441973823355,0.674497171740429,0.18127917698693954,0.1745875021814897,0.7715355805243446,0.6951184452420259,0.23158375723999822,0.21375247104805967,,,0.73,0.37,0.37,1.62,0.22,1.56,0.18,0.01,0.0,0.315,1.684375,1.4649290182139973,0.18,,0.009,,0.0,,False,96.0,99.0,96.0,88.0,93.0,91.0,91.0,92.0,94.0,high,high,high,high,high,high,high,high,high,2026-07-24
hitter,AZ,WSH,Tyler Locklear,682988,7.0,1B,Confirmed,3.96,,,,,0.8,0.24,,,,,0.7235410532519287,0.8788401761319352,0.22397685208641055,0.24643001686007596,0.6434108527131783,0.684372036318373,0.03038829120896314,0.047141918864110004,,,0.67,0.46,0.39,1.95,0.04,0.97,0.2,0.01,0.0,0.328,0.9875776397515532,0.9470192627291668,0.204,,0.01,,0.0,,False,96.0,99.0,96.0,88.0,93.0,91.0,91.0,92.0,94.0,high,high,high,high,high,high,high,high,high,2026-07-24
hitter,AZ,WSH,Adrian Del Castillo,680728,8.0,DH,Confirmed,4.04,,,,,1.58,0.32,,,,,1.3516954466182596,1.8144780102896148,0.33816057106505926,0.30689232153772733,0.4125159642401022,0.570759538381725,0.21129261965434654,0.22444217290819043,,,0.5,0.4,0.34,1.64,0.22,1.26,0.22,0.01,0.0,0.293,1.1521739130434783,1.3401415410457431,0.216,,0.011,,0.0,,False,96.0,99.0,96.0,88.0,93.0,91.0,91.0,92.0,94.0,high,high,high,high,high,high,high,high,high,2026-07-24
hitter,AZ,WSH,Tim Tawa,694374,9.0,CF,Confirmed,2.77,,,,,0.86,0.32,,,,,0.9229170867946141,0.7976254838766741,0.36642259498976015,0.2739086913147461,0.4125159642401022,0.37019421218248766,0.027408843866840064,0.010916868369004407,,,0.39,0.24,0.2,0.96,0.02,0.61,0.15,0.01,0.0,0.254,0.6720588235294118,0.5612485339544454,0.148,,0.008,,0.0,,False,96.0,99.0,96.0,88.0,93.0,91.0,91.0,92.0,94.0,high,high,high,high,high,high,high,high,high,2026-07-24
hitter,PHI,NYY,Trea Turner,607208,1.0,SS,Confirmed,4.04,,,,,0.98,0.51,,,,,1.060764051498981,0.8985100674427836,0.5569600212051042,0.4723282783247821,1.0980834272829765,0.9773394800074628,0.05251965257401024,0.03939677192344834,,,1.03,0.31,0.25,1.27,0.05,1.51,0.12,0.01,0.0,0.187,1.684375,1.3595261390782256,0.122,,0.009,,0.0,,False,96.0,99.0,96.0,88.0,93.0,91.0,91.0,92.0,94.0,high,high,high,high,high,high,high,high,high,2026-07-24
hitter,PHI,NYY,Kyle Schwarber,656941,2.0,DH,Confirmed,4.25,,,,,1.5,1.08,,,,,1.5956413974323647,1.4005340033538878,1.2382310837847281,0.9158943632782617,1.0,0.9263624553027209,0.14340893289028558,0.1531891218121638,,,0.96,0.36,0.28,1.35,0.15,1.61,0.12,0.01,0.0,0.208,1.684375,1.5472761082134976,0.124,,0.007,,0.0,,False,96.0,99.0,96.0,88.0,93.0,91.0,91.0,92.0,94.0,high,high,high,high,high,high,high,high,high,2026-07-24
hitter,PHI,NYY,Bryce Harper,547180,3.0,1B,Confirmed,4.18,,,,,1.16,0.86,,,,,1.2151394289330095,1.1004951479217466,0.9517215765405199,0.7665421177228486,1.0,0.9328585417536006,0.06809100050478165,0.0385357977315311,,,0.96,0.33,0.29,1.33,0.05,1.34,0.12,0.01,0.0,0.191,1.3893129770992367,1.2919177336370622,0.122,,0.007,,0.0,,False,96.0,99.0,96.0,88.0,93.0,91.0,91.0,92.0,94.0,high,high,high,high,high,high,high,high,high,2026-07-24
hitter,PHI,NYY,Brandon Marsh,669016,4.0,RF,Confirmed,3.96,,,,,1.24,0.58,,,,,1.2743199999465522,1.2023708757736282,0.6217843727361694,0.5405544629356818,0.8949771689497716,0.7928215962232125,0.06036874326467908,0.035707868872711226,,,0.84,0.32,0.29,1.29,0.05,1.19,0.11,0.01,0.0,0.192,1.239368165249089,1.1420480690269694,0.115,,0.007,,0.0,,False,96.0,99.0,96.0,88.0,93.0,91.0,91.0,92.0,94.0,high,high,high,high,high,high,high,high,high,2026-07-24
hitter,PHI,NYY,Alec Bohm,664761,5.0,3B,Confirmed,3.96,,,,,0.74,0.53,,,,,0.7744679546891727,0.7055246845323127,0.537997242065684,0.5131426389257981,1.0980834272829765,1.0015143038390542,0.051088018218862545,0.050201417386947236,,,1.04,0.31,0.28,1.3,0.05,1.45,0.13,0.01,0.0,0.191,1.5956790123456794,1.3230667548791677,0.131,,0.008,,0.0,,False,96.0,99.0,96.0,88.0,93.0,91.0,91.0,92.0,94.0,high,high,high,high,high,high,high,high,high,2026-07-24
hitter,PHI,NYY,Bryson Stott,681082,6.0,2B,Confirmed,3.81,,,,,0.8,0.59,,,,,0.802025846027142,0.7903615063654817,0.6404170070950206,0.5431028139867613,0.994208494208494,0.8136601030464343,0.03552339336600088,0.036888804298242144,,,0.89,0.25,0.25,1.15,0.04,1.17,0.11,0.01,0.0,0.187,1.239368165249089,1.1055163151938319,0.109,,0.007,,0.0,,False,96.0,99.0,96.0,88.0,93.0,91.0,91.0,92.0,94.0,high,high,high,high,high,high,high,high,high,2026-07-24
hitter,PHI,NYY,J.T. Realmuto,592663,7.0,C,Confirmed,3.1,,,,,0.93,0.4,,,,,0.9427332949195554,0.9074382685614145,0.4310744564696364,0.3671155581391454,0.707983193277311,0.5913110394659739,0.04534951981942643,0.035479479285166884,,,0.64,0.17,0.15,0.73,0.04,0.96,0.08,0.01,0.0,0.152,1.1238670694864048,0.8226307581734623,0.084,,0.007,,0.0,,False,96.0,99.0,96.0,88.0,93.0,91.0,91.0,92.0,94.0,high,high,high,high,high,high,high,high,high,2026-07-24
hitter,PHI,NYY,Gabriel Rincones Jr.,687282,8.0,RF,Confirmed,3.09,,,,,1.04,0.41,,,,,1.0805190066062484,0.9914583635525314,0.4418729812476313,0.3840901686424417,0.707983193277311,0.5525755965106365,0.030283662480211155,0.016674182682505208,,,0.62,0.17,0.15,0.73,0.02,0.86,0.09,0.01,0.0,0.154,0.9875776397515532,0.7612227532126097,0.094,,0.007,,0.0,,False,96.0,99.0,96.0,88.0,93.0,91.0,91.0,92.0,94.0,high,high,high,high,high,high,high,high,high,2026-07-24
hitter,PHI,NYY,Justin Crawford,702222,9.0,CF,Confirmed,3.02,,,,,0.82,0.29,,,,,0.8545855688391405,0.7853174519109765,0.3129513561299406,0.2716026884718552,0.7061469265367316,0.5805841507223074,0.019037275872973356,0.00281965619156614,,,0.64,0.16,0.14,0.72,0.01,0.83,0.1,0.01,0.0,0.153,0.9875776397515532,0.7078349903793452,0.1,,0.007,,0.0,,False,96.0,99.0,96.0,88.0,93.0,91.0,91.0,92.0,94.0,high,high,high,high,high,high,high,high,high,2026-07-24
hitter,NYY,PHI,Paul Goldschmidt,502671,1.0,1B,Confirmed,3.48,,,,,1.21,0.26,,,,,1.1992886713501707,1.2143393000650218,0.26815880996339436,0.24962444999986413,0.4803149606299212,0.4770266237423796,0.1340295363992495,0.1206194001324178,,,0.48,0.29,0.23,1.17,0.13,1.05,0.14,0.01,0.0,0.207,1.1238670694864048,0.9928769837710293,0.138,,0.007,,0.0,,False,96.0,99.0,96.0,88.0,93.0,91.0,91.0,92.0,94.0,high,high,high,high,high,high,high,high,high,2026-07-24
hitter,NYY,PHI,Ben Rice,700250,2.0,DH,Confirmed,3.89,,,,,1.53,0.42,,,,,1.577745995077189,1.4915275750400636,0.4435888451646882,0.40180103462087413,0.5290322580645161,0.49525866859225254,0.21576333385923085,0.19248124307560535,,,0.51,0.34,0.26,1.3,0.2,1.18,0.14,0.01,0.0,0.214,1.239368165249089,1.1402133709181472,0.143,,0.009,,0.0,,False,96.0,99.0,96.0,88.0,93.0,91.0,91.0,92.0,94.0,high,high,high,high,high,high,high,high,high,2026-07-24
hitter,NYY,PHI,Amed Rosario,642708,3.0,3B,Confirmed,3.09,,,,,0.95,0.1,,,,,0.957615112279815,0.9338843093460599,0.11366826486825729,0.08297400124305375,0.35424354243542433,0.37772417137800524,0.027431602214892485,0.034204959849012125,,,0.37,0.22,0.2,0.91,0.03,0.59,0.11,0.01,0.0,0.179,0.6289308176100628,0.5650544935783771,0.106,,0.007,,0.0,,False,96.0,99.0,96.0,88.0,93.0,91.0,91.0,92.0,94.0,high,high,high,high,high,high,high,high,high,2026-07-24
hitter,NYY,PHI,Cody Bellinger,641355,4.0,LF,Confirmed,3.89,,,,,1.11,0.4,,,,,1.1095619503809986,1.109913064272791,0.4131270432544074,0.38637341385863366,0.5290322580645161,0.47768079353225734,0.1612221455181425,0.16309458664843698,,,0.5,0.32,0.28,1.31,0.16,1.0,0.12,0.01,0.0,0.204,1.001763668430335,1.0028317076245459,0.116,,0.008,,0.0,,False,96.0,99.0,96.0,88.0,93.0,91.0,91.0,92.0,94.0,high,high,high,high,high,high,high,high,high,2026-07-24
hitter,NYY,PHI,Jasson Domínguez,691176,5.0,RF,Confirmed,3.49,,,,,1.4,0.28,,,,,1.3671083562053334,1.4406534692210327,0.2874628309395778,0.27644111900102397,0.4803149606299212,0.4502206674853,0.14886069931015145,0.13348222559114567,,,0.46,0.28,0.25,1.13,0.14,0.89,0.13,0.01,0.0,0.197,0.8408408408408409,0.9270275139443678,0.131,,0.008,,0.0,,False,96.0,99.0,96.0,88.0,93.0,91.0,91.0,92.0,94.0,high,high,high,high,high,high,high,high,high,2026-07-24
hitter,NYY,PHI,Anthony Volpe,683011,6.0,SS,Confirmed,3.33,,,,,1.27,0.15,,,,,1.2750830919449698,1.2574031195820723,0.17206813466554755,0.12026876789244996,0.4125159642401022,0.42952223503245085,0.02603468387151535,0.030228014011838028,,,0.42,0.22,0.22,0.97,0.03,0.62,0.11,0.01,0.0,0.186,0.6289308176100628,0.6052712046836696,0.114,,0.007,,0.0,,False,96.0,99.0,96.0,88.0,93.0,91.0,91.0,92.0,94.0,high,high,high,high,high,high,high,high,high,2026-07-24
hitter,NYY,PHI,Trent Grisham,663757,7.0,CF,Confirmed,3.81,,,,,1.56,0.63,,,,,1.616781242010725,1.5086858067925544,0.6631051592478482,0.5976881027762456,0.5290322580645161,0.4465440440204018,0.25938560717049813,0.2267313646947867,,,0.48,0.28,0.24,1.16,0.24,1.18,0.13,0.01,0.0,0.208,1.239368165249089,1.129318876404114,0.131,,0.007,,0.0,,False,96.0,99.0,96.0,88.0,93.0,91.0,91.0,92.0,94.0,high,high,high,high,high,high,high,high,high,2026-07-24
hitter,NYY,PHI,José Caballero,676609,8.0,2B,Confirmed,3.1,,,,,1.27,0.28,,,,,1.2820877712323926,1.2556114758732906,0.30065493481186045,0.254658182148447,0.4125159642401022,0.33781481196784907,0.07726184897552907,0.06585248448296649,,,0.37,0.17,0.15,0.73,0.07,0.66,0.12,0.01,0.0,0.161,0.6720588235294118,0.6433961022212699,0.115,,0.007,,0.0,,False,96.0,99.0,96.0,88.0,93.0,91.0,91.0,92.0,94.0,high,high,high,high,high,high,high,high,high,2026-07-24
hitter,NYY,PHI,Ali Sánchez,645305,9.0,C,Confirmed,2.55,,,,,0.8,0.24,,,,,0.785304343473891,0.8164744169566313,0.2795211947107705,0.1910906338493187,0.35424354243542433,0.3003140950977137,0.10391754672750678,0.09550374119044779,,,0.32,0.16,0.15,0.72,0.1,0.68,0.11,0.01,0.0,0.186,0.7899761336515513,0.5963520069343037,0.105,,0.007,,0.0,,False,96.0,99.0,96.0,88.0,93.0,91.0,91.0,92.0,94.0,high,high,high,high,high,high,high,high,high,2026-07-24
hitter,BAL,ATL,Dylan Beavers,687637,1.0,LF,Confirmed,3.49,,,,,0.78,0.37,,,,,0.768926873413688,0.7932280595898652,0.3777355875347651,0.3540372420076417,0.6666666666666666,0.5870437104611809,0.032471527070752515,0.02304203671732675,,,0.62,0.38,0.29,1.31,0.03,0.9,0.11,0.01,0.0,0.272,0.9875776397515532,0.8211093105387383,0.114,,0.009,,0.0,,False,96.0,99.0,96.0,88.0,93.0,91.0,91.0,92.0,94.0,high,high,high,high,high,high,high,high,high,2026-07-24
hitter,BAL,ATL,Pete Alonso,624413,2.0,1B,Confirmed,4.51,,,,,0.92,0.55,,,,,0.8541013843636847,0.9782068819878189,0.4955807610718457,0.6085644778430613,0.994208494208494,0.9242321027753387,0.07090594792138263,0.07247944583589144,,,0.96,0.63,0.52,2.15,0.07,1.46,0.15,0.01,0.0,0.339,1.4476190476190476,1.4689864953841654,0.147,,0.01,,0.0,,False,96.0,99.0,96.0,88.0,93.0,91.0,91.0,92.0,94.0,high,high,high,high,high,high,high,high,high,2026-07-24
hitter,BAL,ATL,Gunnar Henderson,683002,3.0,SS,Confirmed,4.25,,,,,0.73,0.41,,,,,0.6663744052899416,0.7898176187123166,0.4412508102216963,0.38025734368791614,0.994208494208494,0.9001654474003542,0.03943369526743038,0.036423026093091476,,,0.94,0.54,0.48,2.02,0.04,1.28,0.15,0.01,0.0,0.317,1.3148148148148149,1.2437483371349884,0.152,,0.011,,0.0,,False,96.0,99.0,96.0,88.0,93.0,91.0,91.0,92.0,94.0,high,high,high,high,high,high,high,high,high,2026-07-24
hitter,BAL,ATL,Taylor Ward,621493,4.0,DH,Confirmed,4.45,,,,,0.94,0.47,,,,,0.8911711393881369,0.9815293874226957,0.44276109896511784,0.5047269809122742,0.8694581280788177,0.8191183306476567,0.03571337998923993,0.020039970203422488,,,0.84,0.5,0.44,1.82,0.03,1.22,0.16,0.01,0.0,0.28,1.239368165249089,1.2106679133966924,0.163,,0.007,,0.0,,False,96.0,99.0,96.0,88.0,93.0,91.0,91.0,92.0,94.0,high,high,high,high,high,high,high,high,high,2026-07-24
hitter,BAL,ATL,Colton Cowser,681297,5.0,CF,Confirmed,3.1,,,,,1.36,0.45,,,,,1.4416689569477583,1.2735063044299333,0.49767598536086877,0.4034372453814836,0.7715355805243446,0.5628545973982021,0.10100356983195141,0.08268735254686359,,,0.66,0.33,0.29,1.2,0.09,1.12,0.12,0.01,0.0,0.263,1.239368165249089,1.0268868453770508,0.119,,0.008,,0.0,,False,96.0,99.0,96.0,88.0,93.0,91.0,91.0,92.0,94.0,high,high,high,high,high,high,high,high,high,2026-07-24
hitter,BAL,ATL,Leody Taveras,665750,6.0,RF,Confirmed,3.96,,,,,0.84,0.27,,,,,0.8207896447914305,0.8566235850063106,0.2611220989297576,0.2720104960996832,0.8888888888888888,0.8563140508000854,0.032314973505067526,0.04411245018181568,,,0.87,0.38,0.4,1.65,0.04,1.23,0.16,0.01,0.0,0.271,1.239368165249089,1.223226088069905,0.156,,0.011,,0.0,,False,96.0,99.0,96.0,88.0,93.0,91.0,91.0,92.0,94.0,high,high,high,high,high,high,high,high,high,2026-07-24
hitter,BAL,ATL,Jackson Holliday,702616,7.0,2B,Confirmed,3.1,,,,,0.71,0.26,,,,,0.7235147112805976,0.6865130151433837,0.2849556909890637,0.2376602869246776,0.7061469265367316,0.5846971314566877,0.02837913517901344,0.020201429673297883,,,0.64,0.34,0.3,1.35,0.02,0.89,0.12,0.01,0.0,0.306,0.9875776397515532,0.8088283627262801,0.124,,0.011,,0.0,,False,96.0,99.0,96.0,88.0,93.0,91.0,91.0,92.0,94.0,high,high,high,high,high,high,high,high,high,2026-07-24
hitter,BAL,ATL,Christian Encarnacion-Strand,687952,8.0,3B,Confirmed,3.96,,,,,1.54,0.12,,,,,1.4947064532976118,1.586737311378983,0.1170413505002412,0.1283813465513469,0.7061469265367316,0.7578460468491929,0.12954675513145028,0.1769128751025972,,,0.73,0.45,0.42,1.86,0.15,1.28,0.16,0.01,0.0,0.31,1.239368165249089,1.3082579218614738,0.161,,0.008,,0.0,,False,96.0,99.0,96.0,88.0,93.0,91.0,91.0,92.0,94.0,high,high,high,high,high,high,high,high,high,2026-07-24
hitter,BAL,ATL,Chadwick Tromp,644433,9.0,C,Confirmed,1.64,,,,,0.79,0.08,,,,,0.8971773627501634,0.6775563455964141,0.10272572855861706,0.04962025418394982,0.2,0.11791763039063081,0.01678639900266414,0.006470604265184762,,,0.15,0.15,0.14,0.63,0.01,0.21,0.08,0.01,0.0,0.268,0.28125,0.1585206073285458,0.083,,0.007,,0.0,,False,96.0,99.0,96.0,88.0,93.0,91.0,91.0,92.0,94.0,high,high,high,high,high,high,high,high,high,2026-07-24
hitter,ATL,BAL,Drake Baldwin,686948,1.0,DH,Confirmed,4.45,,,,,0.97,0.26,,,,,0.944814564553237,0.9996748445871743,0.2698037351392626,0.24296538991699554,1.0980834272829765,1.034717384438993,0.14515320694387165,0.15930921654727992,,,1.06,0.37,0.2,1.1,0.15,1.79,0.13,0.01,0.0,0.239,1.914285714285714,1.6819513381783038,0.129,,0.007,,0.0,,False,96.0,99.0,96.0,88.0,93.0,91.0,91.0,92.0,94.0,high,high,high,high,high,high,high,high,high,2026-07-24
hitter,ATL,BAL,Ozzie Albies,645277,2.0,2B,Confirmed,4.51,,,,,0.63,0.27,,,,,0.6164268539145498,0.6467830923392193,0.2702995115782002,0.2706091291999339,1.0980834272829765,1.1502869163623073,0.1259456916079782,0.14094896174864682,,,1.13,0.4,0.24,1.28,0.13,1.69,0.12,0.01,0.0,0.244,1.684375,1.6965649867385102,0.116,,0.011,,0.0,,False,96.0,99.0,96.0,88.0,93.0,91.0,91.0,92.0,94.0,high,high,high,high,high,high,high,high,high,2026-07-24
hitter,ATL,BAL,Matt Olson,621566,3.0,1B,Confirmed,4.61,,,,,1.31,0.36,,,,,1.3181298085271507,1.300171216513552,0.3488377935391379,0.36765565495772096,0.994208494208494,1.0000728370368797,0.19187586675171217,0.21175029383343855,,,1.0,0.44,0.28,1.36,0.2,1.87,0.13,0.01,0.0,0.268,1.914285714285714,1.8277726771644958,0.127,,0.007,,0.0,,False,96.0,99.0,96.0,88.0,93.0,91.0,91.0,92.0,94.0,high,high,high,high,high,high,high,high,high,2026-07-24
hitter,ATL,BAL,Michael Harris II,671739,4.0,CF,Confirmed,4.51,,,,,0.99,0.15,,,,,0.980567982706687,0.9921225094967906,0.14203306902098528,0.1529420231082626,1.0980834272829765,1.190981041499835,0.15997071153081496,0.18243554960251612,,,1.15,0.37,0.28,1.29,0.17,1.93,0.12,0.01,0.0,0.215,1.914285714285714,1.935916172301368,0.117,,0.008,,0.0,,False,96.0,99.0,96.0,88.0,93.0,91.0,91.0,92.0,94.0,high,high,high,high,high,high,high,high,high,2026-07-24
hitter,ATL,BAL,Mauricio Dubón,643289,5.0,LF,Confirmed,4.25,,,,,0.54,0.2,,,,,0.48904723649774606,0.584603563130375,0.19433948491993921,0.21092352217812088,1.0980834272829765,1.0282446998710557,0.06735840381101443,0.09251409229587136,,,1.06,0.39,0.28,1.38,0.08,1.45,0.15,0.01,0.0,0.246,1.4759615384615385,1.4318788518911065,0.152,,0.008,,0.0,,False,96.0,99.0,96.0,88.0,93.0,91.0,91.0,92.0,94.0,high,high,high,high,high,high,high,high,high,2026-07-24
hitter,ATL,BAL,Austin Riley,663586,6.0,3B,Confirmed,4.25,,,,,1.31,0.25,,,,,1.2655436167945615,1.3486114546376995,0.22989358462897463,0.26910994019338025,1.0,0.9597732950311412,0.18371060243703702,0.19740084008693407,,,0.98,0.32,0.25,1.1,0.19,1.87,0.12,0.01,0.0,0.244,1.914285714285714,1.8253163806322432,0.121,,0.007,,0.0,,False,96.0,99.0,96.0,88.0,93.0,91.0,91.0,92.0,94.0,high,high,high,high,high,high,high,high,high,2026-07-24
hitter,ATL,BAL,Eli White,642201,7.0,RF,Confirmed,3.48,,,,,0.86,0.12,,,,,0.8062776940985124,0.91787699012878,0.13293222458852474,0.11483149395970671,0.6434108527131783,0.5686456028795467,0.023284744441241213,0.026339472004161,,,0.6,0.24,0.17,0.9,0.02,0.76,0.12,0.01,0.0,0.221,0.7899761336515513,0.7276976531859654,0.12,,0.007,,0.0,,False,96.0,99.0,96.0,88.0,93.0,91.0,91.0,92.0,94.0,high,high,high,high,high,high,high,high,high,2026-07-24
hitter,ATL,BAL,Joey Bart,663698,8.0,C,Confirmed,3.96,,,,,1.05,0.31,,,,,0.9686906734692943,1.1326260194498574,0.3125640776993106,0.29773523410315594,0.8694581280788177,0.8223026869681102,0.12913294769703001,0.11290122057199282,,,0.84,0.35,0.22,1.15,0.12,1.35,0.13,0.01,0.0,0.284,1.3148148148148149,1.3834333659951248,0.128,,0.007,,0.0,,False,96.0,99.0,96.0,88.0,93.0,91.0,91.0,92.0,94.0,high,high,high,high,high,high,high,high,high,2026-07-24
hitter,ATL,BAL,Jorge Mateo,622761,9.0,SS,Confirmed,2.55,,,,,0.87,0.13,,,,,0.8923503075843278,0.8440885723983453,0.15049271995386215,0.10872680729378778,0.5290322580645161,0.4217255872675877,0.07330840732417879,0.052063336277244396,,,0.47,0.2,0.13,0.66,0.06,0.74,0.07,0.01,0.0,0.246,0.8408408408408409,0.6569854235970918,0.073,,0.007,,0.0,,False,96.0,99.0,96.0,88.0,93.0,91.0,91.0,92.0,94.0,high,high,high,high,high,high,high,high,high,2026-07-24
hitter,NYM,LAD,A.J. Ewing,805999,1.0,LF,Confirmed,4.45,,,,,1.08,0.47,,,,,0.9562971250684403,1.2051957252036662,0.4711156081698248,0.46054918402811335,0.6506024096385542,0.6529962071225901,0.11852290969630438,0.15053476509762292,,,0.65,0.69,0.55,2.33,0.13,1.17,0.16,0.01,0.0,0.378,1.1238670694864048,1.2108028436545912,0.156,,0.01,,0.0,,False,96.0,99.0,96.0,88.0,93.0,91.0,91.0,92.0,94.0,high,high,high,high,high,high,high,high,high,2026-07-24
hitter,NYM,LAD,Juan Soto,665742,2.0,DH,Confirmed,4.74,,,,,0.96,0.69,,,,,0.9207584415873116,0.9961342146681942,0.6491716719422389,0.7370789312303874,0.7715355805243446,0.778451707318116,0.24484980883032864,0.31170672064697785,,,0.78,1.09,0.93,3.51,0.28,1.75,0.16,0.01,0.0,0.547,1.684375,1.8077381144407358,0.162,,0.008,,0.0,,False,96.0,99.0,96.0,88.0,93.0,91.0,91.0,92.0,94.0,high,high,high,high,high,high,high,high,high,2026-07-24
hitter,NYM,LAD,Bo Bichette,666182,3.0,3B,Confirmed,4.97,,,,,0.82,0.36,,,,,0.7936367215910345,0.8529298011292119,0.3297026126540157,0.3824121965893436,0.8694581280788177,0.9805054506545625,0.13021729927476663,0.15200981700443317,,,0.93,0.87,0.82,3.3,0.14,1.5,0.37,0.01,0.0,0.43,1.385818393793784,1.59938024428272,0.368,,0.008,,0.0,,False,96.0,99.0,96.0,88.0,93.0,91.0,91.0,92.0,94.0,high,high,high,high,high,high,high,high,high,2026-07-24
hitter,NYM,LAD,Francisco Lindor,596019,4.0,SS,Confirmed,4.64,,,,,0.94,0.45,,,,,0.8975661448571596,0.982812338190962,0.4362673195004536,0.47353431851823896,0.707983193277311,0.7717530987029523,0.14651007523585458,0.16859536800165956,,,0.74,0.88,0.82,3.2,0.16,1.4,0.19,0.01,0.0,0.455,1.3148148148148149,1.4656937080596815,0.194,,0.009,,0.0,,False,96.0,99.0,96.0,88.0,93.0,91.0,91.0,92.0,94.0,high,high,high,high,high,high,high,high,high,2026-07-24
hitter,NYM,LAD,Carson Benge,701807,5.0,RF,Confirmed,4.58,,,,,1.03,0.31,,,,,0.9640598183839036,1.092373981273193,0.2856851826168135,0.32525928413067556,0.707983193277311,0.7604615651982192,0.14023126414902218,0.17839774343385217,,,0.74,0.7,0.68,2.51,0.16,1.35,0.24,0.01,0.0,0.37,1.239368165249089,1.434046096394067,0.239,,0.009,,0.0,,False,96.0,99.0,96.0,88.0,93.0,91.0,91.0,92.0,94.0,high,high,high,high,high,high,high,high,high,2026-07-24
hitter,NYM,LAD,Luis Robert Jr.,673357,6.0,CF,Confirmed,4.26,,,,,1.06,0.37,,,,,0.9446070659887028,1.1761778328947277,0.36271532460117895,0.3788993856663631,0.6434108527131783,0.6638145620694087,0.2350417266141135,0.2451413438313975,,,0.65,0.76,0.91,2.76,0.24,1.41,0.18,0.01,0.0,0.471,1.3148148148148149,1.4805288161758257,0.181,,0.008,,0.0,,False,96.0,99.0,96.0,88.0,93.0,91.0,91.0,92.0,94.0,high,high,high,high,high,high,high,high,high,2026-07-24
hitter,NYM,LAD,Jared Young,676724,7.0,1B,Confirmed,3.33,,,,,0.95,0.2,,,,,0.8955109632962903,0.9977391736548026,0.20773657526261083,0.19377008355636902,0.4125159642401022,0.4229335492508026,0.12314749884411674,0.13797664389577904,,,0.42,0.53,0.54,1.95,0.13,0.92,0.13,0.01,0.0,0.427,0.9875776397515532,0.8648366913962857,0.13,,0.009,,0.0,,False,96.0,99.0,96.0,88.0,93.0,91.0,91.0,92.0,94.0,high,high,high,high,high,high,high,high,high,2026-07-24
hitter,NYM,LAD,Marcus Semien,543760,8.0,2B,Confirmed,4.51,,,,,0.78,0.29,,,,,0.7285179720185184,0.8354891647441967,0.28482226139827205,0.29770496966297366,0.801980198019802,0.8797300847940376,0.37309099499995213,0.4252804668759851,,,0.84,0.65,0.63,2.37,0.4,2.13,0.19,0.01,0.0,0.396,1.914285714285714,2.3118358190357853,0.195,,0.008,,0.0,,False,96.0,99.0,96.0,88.0,93.0,91.0,91.0,92.0,94.0,high,high,high,high,high,high,high,high,high,2026-07-24
hitter,NYM,LAD,Francisco Alvarez,682626,9.0,C,Confirmed,4.18,,,,,1.17,0.31,,,,,1.0597541701402364,1.2794276633933952,0.30317178836593983,0.32527797849870166,0.5846774193548387,0.6074749916525276,0.14588541245263226,0.167850774083686,,,0.6,0.64,0.63,2.37,0.16,1.18,0.15,0.01,0.0,0.412,1.1521739130434783,1.2104949840516206,0.15,,0.008,,0.0,,False,96.0,99.0,96.0,88.0,93.0,91.0,91.0,92.0,94.0,high,high,high,high,high,high,high,high,high,2026-07-24
hitter,LAD,NYM,Shohei Ohtani,660271,1.0,DH,Confirmed,4.57,,,,,0.83,0.33,,,,,0.8151739173514024,0.8415576812424534,0.3462045827884118,0.3201978107163433,1.607843137254902,1.4484201380627364,0.4276130616874984,0.3354000347617775,,,1.52,0.8,0.73,2.53,0.38,3.04,0.19,0.01,0.0,0.409,3.5,2.6703181481905482,0.187,,0.013,,0.0,,False,96.0,99.0,96.0,88.0,93.0,91.0,91.0,92.0,94.0,high,high,high,high,high,high,high,high,high,2026-07-24
hitter,LAD,NYM,Andy Pages,681624,2.0,CF,Confirmed,4.25,,,,,0.59,0.15,,,,,0.5803964324770293,0.5927641965065602,0.1597845176430761,0.13401856141925308,1.4947368421052631,1.3199575276263138,0.1609536334775229,0.15062364393832456,,,1.4,0.56,0.49,1.95,0.16,2.02,0.17,0.01,0.0,0.316,2.057017543859649,1.9917691041710037,0.169,,0.009,,0.0,,False,96.0,99.0,96.0,88.0,93.0,91.0,91.0,92.0,94.0,high,high,high,high,high,high,high,high,high,2026-07-24
hitter,LAD,NYM,Tommy Edman,669242,3.0,3B,Confirmed,3.81,,,,,0.49,0.11,,,,,0.5057419527572579,0.48154289043313553,0.12942774775073973,0.09137727663842395,1.4947368421052631,1.0879313901116063,0.11458180031804296,0.10962957041829903,,,1.27,0.48,0.46,1.81,0.11,1.85,0.16,0.01,0.0,0.304,2.057017543859649,1.682919004250049,0.165,,0.007,,0.0,,False,96.0,99.0,96.0,88.0,93.0,91.0,91.0,92.0,94.0,high,high,high,high,high,high,high,high,high,2026-07-24
hitter,LAD,NYM,Freddie Freeman,518692,4.0,1B,Confirmed,4.51,,,,,0.54,0.21,,,,,0.5440404496637073,0.5447489345651815,0.21020698013055095,0.21108502024782133,1.607843137254902,1.425966736821208,0.18306604889076816,0.17141364079428417,,,1.51,0.66,0.64,2.4,0.18,2.32,0.19,0.01,0.0,0.352,2.456692913385827,2.207534556990367,0.188,,0.012,,0.0,,False,96.0,99.0,96.0,88.0,93.0,91.0,91.0,92.0,94.0,high,high,high,high,high,high,high,high,high,2026-07-24
hitter,LAD,NYM,Mookie Betts,605141,5.0,SS,Confirmed,4.45,,,,,0.31,0.17,,,,,0.33864527567184877,0.29001528681462047,0.17098411122524748,0.16475352473862773,1.607843137254902,1.3654596011770246,0.17812022391975416,0.16273571784654686,,,1.47,0.6,0.58,2.18,0.17,2.02,0.15,0.01,0.0,0.326,2.057017543859649,1.9815406110369984,0.152,,0.011,,0.0,,False,96.0,99.0,96.0,88.0,93.0,91.0,91.0,92.0,94.0,high,high,high,high,high,high,high,high,high,2026-07-24
hitter,LAD,NYM,Miguel Rojas,500743,6.0,2B,Confirmed,3.02,,,,,0.35,0.11,,,,,0.3290577819640619,0.3658734909639596,0.11227402425227809,0.10739692926389269,0.994208494208494,0.7768155047817339,0.06723164660837318,0.05480610404363206,,,0.87,0.3,0.31,1.25,0.06,1.13,0.11,0.01,0.0,0.274,1.239368165249089,1.0371378389162835,0.112,,0.009,,0.0,,False,96.0,99.0,96.0,88.0,93.0,91.0,91.0,92.0,94.0,high,high,high,high,high,high,high,high,high,2026-07-24
hitter,LAD,NYM,Kyle Tucker,663656,7.0,RF,Confirmed,4.25,,,,,0.51,0.22,,,,,0.5424676118140322,0.4765541760104982,0.229269603340557,0.21101012866679267,1.5,1.2305718394930534,0.14092397986288108,0.1355094373820039,,,1.35,0.52,0.48,2.0,0.14,1.94,0.15,0.01,0.0,0.338,2.057017543859649,1.8380975113681048,0.155,,0.006,,0.0,,False,96.0,99.0,96.0,88.0,93.0,91.0,91.0,92.0,94.0,high,high,high,high,high,high,high,high,high,2026-07-24
hitter,LAD,NYM,Teoscar Hernández,606192,8.0,LF,Confirmed,4.18,,,,,0.74,0.13,,,,,0.6930731675147362,0.7772991678905893,0.1457528935062955,0.10915445522646308,1.607843137254902,1.3839232429423312,0.19701632946939093,0.18980091495847473,,,1.48,0.53,0.53,2.05,0.19,2.27,0.21,0.01,0.0,0.341,2.456692913385827,2.1103975910600927,0.209,,0.008,,0.0,,False,96.0,99.0,96.0,88.0,93.0,91.0,91.0,92.0,94.0,high,high,high,high,high,high,high,high,high,2026-07-24
hitter,LAD,NYM,Dalton Rushing,687221,9.0,C,Confirmed,3.96,,,,,0.81,0.18,,,,,0.7508269558015749,0.8608512433437518,0.1702985957300021,0.18354242802107962,1.4947368421052631,1.1678210858594464,0.17136300020012632,0.14853597249498118,,,1.31,0.44,0.43,1.67,0.16,1.87,0.15,0.01,0.0,0.306,1.914285714285714,1.838852148935777,0.154,,0.011,,0.0,,False,96.0,99.0,96.0,88.0,93.0,91.0,91.0,92.0,94.0,high,high,high,high,high,high,high,high,high,2026-07-24
hitter,TB,CLE,Yandy Díaz,650490,1.0,DH,Confirmed,4.26,,,,,0.82,0.13,,,,,0.8163259818807056,0.8190331088438204,0.09451941135023798,0.1711946706872256,0.6434108527131783,0.6708537382865676,0.025913469561509722,0.028424118462515743,,,0.66,0.45,0.26,1.41,0.03,0.84,0.13,0.01,0.0,0.29,0.7899761336515513,0.8849141180269519,0.134,,0.007,,0.0,,False,96.0,99.0,96.0,88.0,93.0,91.0,91.0,92.0,94.0,high,high,high,high,high,high,high,high,high,2026-07-24
hitter,TB,CLE,Jonathan Aranda,666018,2.0,1B,Confirmed,4.25,,,,,1.2,0.12,,,,,1.1514157247723407,1.2574544955888929,0.09406702969934905,0.1473144409247799,0.5846774193548387,0.6579482671387834,0.029461428062774717,0.04040220189464111,,,0.62,0.4,0.22,1.22,0.03,0.82,0.14,0.01,0.0,0.269,0.7899761336515513,0.844774650703667,0.142,,0.007,,0.0,,False,96.0,99.0,96.0,88.0,93.0,91.0,91.0,92.0,94.0,high,high,high,high,high,high,high,high,high,2026-07-24
hitter,TB,CLE,Junior Caminero,691406,3.0,3B,Confirmed,4.26,,,,,1.05,0.13,,,,,1.0535549839038802,1.0375177740597525,0.09265014608475602,0.16510436543145693,0.5290322580645161,0.5075711776876837,0.04071722300093353,0.04583897185459475,,,0.52,0.44,0.29,1.37,0.04,0.76,0.13,0.01,0.0,0.286,0.7899761336515513,0.7435664121076281,0.134,,0.007,,0.0,,False,96.0,99.0,96.0,88.0,93.0,91.0,91.0,92.0,94.0,high,high,high,high,high,high,high,high,high,2026-07-24
hitter,TB,CLE,Cedric Mullins,656775,4.0,CF,Confirmed,3.81,,,,,1.08,0.08,,,,,1.0392319337089901,1.1300386337166148,0.06805869058061995,0.09119297538955991,0.4125159642401022,0.4553597754266546,0.02787569167848752,0.027344719351832834,,,0.44,0.32,0.21,1.01,0.03,0.66,0.12,0.01,0.0,0.237,0.6720588235294118,0.6572850212570869,0.12,,0.006,,0.0,,False,96.0,99.0,96.0,88.0,93.0,91.0,91.0,92.0,94.0,high,high,high,high,high,high,high,high,high,2026-07-24
hitter,TB,CLE,Jonny DeLuca,676356,5.0,RF,Confirmed,3.81,,,,,0.93,0.08,,,,,0.8425571899830293,1.016476533241787,0.07060752175916354,0.09716364372823152,0.5290322580645161,0.5502957090997431,0.02371494020684824,0.018234777410055445,,,0.54,0.38,0.27,1.29,0.02,0.72,0.14,0.01,0.0,0.274,0.6720588235294118,0.7636951110573768,0.136,,0.008,,0.0,,False,96.0,99.0,96.0,88.0,93.0,91.0,91.0,92.0,94.0,high,high,high,high,high,high,high,high,high,2026-07-24
hitter,TB,CLE,Chandler Simpson,802415,6.0,LF,Confirmed,3.96,,,,,0.54,0.08,,,,,0.4650838817031473,0.6115909959532021,0.07023025496311722,0.09394773533465062,0.6434108527131783,0.7280983855467535,0.01254821776317543,0.0,,,0.69,0.32,0.27,1.29,0.01,0.73,0.14,0.01,0.0,0.24,0.6720588235294118,0.7708570364689269,0.137,,0.009,,0.0,,False,96.0,99.0,96.0,88.0,93.0,91.0,91.0,92.0,94.0,high,high,high,high,high,high,high,high,high,2026-07-24
hitter,TB,CLE,Ryan Vilade,668723,7.0,2B,Confirmed,2.9,,,,,0.88,0.12,,,,,0.8731442176001944,0.8958771566625503,0.15244365307719795,0.09276353404374951,0.3344051446945337,0.36249874616205147,0.02496363424156613,0.010025928962426,,,0.35,0.2,0.13,0.69,0.02,0.44,0.1,0.01,0.0,0.219,0.44025157232704404,0.43189473157121344,0.095,,0.006,,0.0,,False,96.0,99.0,96.0,88.0,93.0,91.0,91.0,92.0,94.0,high,high,high,high,high,high,high,high,high,2026-07-24
hitter,TB,CLE,Ben Williamson,810938,8.0,SS,Confirmed,3.81,,,,,0.89,0.17,,,,,0.8113240541100087,0.9639967525891282,0.16980117092197466,0.17087884219690372,0.6506024096385542,0.6843919157486883,0.02801108312985457,0.030286681346105643,,,0.67,0.32,0.23,1.19,0.03,0.87,0.12,0.01,0.0,0.256,0.7899761336515513,0.9340646202450879,0.118,,0.007,,0.0,,False,96.0,99.0,96.0,88.0,93.0,91.0,91.0,92.0,94.0,high,high,high,high,high,high,high,high,high,2026-07-24
hitter,TB,CLE,Nick Fortes,663743,9.0,C,Confirmed,3.1,,,,,0.66,0.05,,,,,0.6248532379582993,0.7045620041899017,0.05746124475521617,0.04748144311940932,0.4125159642401022,0.3929151437951245,0.018881722646913256,0.01533464897325753,,,0.4,0.25,0.19,0.97,0.02,0.56,0.12,0.01,0.0,0.245,0.5302013422818792,0.5832291907338312,0.116,,0.006,,0.0,,False,96.0,99.0,96.0,88.0,93.0,91.0,91.0,92.0,94.0,high,high,high,high,high,high,high,high,high,2026-07-24
hitter,CLE,TB,Angel Martínez,682657,1.0,RF,Confirmed,3.1,,,,,0.76,0.1,,,,,0.7301121373437773,0.7841447961567881,0.11315893353707183,0.085357132733157,0.7061469265367316,0.5764861142472006,0.08591702278404056,0.08979095421413874,,,0.63,0.24,0.19,0.96,0.09,0.94,0.09,0.01,0.0,0.187,1.001763668430335,0.8906098577874495,0.091,,0.007,,0.0,,False,96.0,99.0,96.0,88.0,93.0,91.0,91.0,92.0,94.0,high,high,high,high,high,high,high,high,high,2026-07-24
hitter,CLE,TB,Chase DeLauter,800050,2.0,DH,Confirmed,4.04,,,,,0.59,0.4,,,,,0.6746441974221874,0.5144849280723367,0.4188676946559797,0.3728252897625172,1.0980834272829765,1.0212962495893043,0.22657141755735657,0.1865853199142209,,,1.06,0.36,0.28,1.45,0.21,1.97,0.15,0.01,0.0,0.224,2.057017543859649,1.8989247109775165,0.151,,0.009,,0.0,,False,96.0,99.0,96.0,88.0,93.0,91.0,91.0,92.0,94.0,high,high,high,high,high,high,high,high,high,2026-07-24
hitter,CLE,TB,Rhys Hoskins,656555,3.0,1B,Confirmed,2.26,,,,,0.76,0.28,,,,,0.8485017794796039,0.6665986704200083,0.2989290335044529,0.2613155956147961,0.4125159642401022,0.3027612500793721,0.2934617198333471,0.1939008684667076,,,0.35,0.14,0.12,0.52,0.24,1.14,0.07,0.01,0.0,0.159,1.3148148148148149,0.9938082097829358,0.075,,0.006,,0.0,,False,96.0,99.0,96.0,88.0,93.0,91.0,91.0,92.0,94.0,high,high,high,high,high,high,high,high,high,2026-07-24
hitter,CLE,TB,Brayan Rocchio,677587,4.0,SS,Confirmed,3.49,,,,,0.6,0.33,,,,,0.6672651447687136,0.5235804817470723,0.349749135599694,0.3081834856602823,0.8949771689497716,0.755308689215758,0.1548831847638574,0.14473623900972507,,,0.82,0.32,0.28,1.3,0.15,1.49,0.13,0.01,0.0,0.224,1.684375,1.340027519408171,0.131,,0.007,,0.0,,False,96.0,99.0,96.0,88.0,93.0,91.0,91.0,92.0,94.0,high,high,high,high,high,high,high,high,high,2026-07-24
hitter,CLE,TB,David Fry,681807,5.0,LF,Confirmed,1.84,,,,,0.66,0.15,,,,,0.7152823057052531,0.6082194874811649,0.16868298797580347,0.13256454173213658,0.35424354243542433,0.23450703100653056,0.09711314874818691,0.08850870419626046,,,0.29,0.12,0.11,0.49,0.09,0.65,0.07,0.01,0.0,0.17,0.8408408408408409,0.4951901318273726,0.066,,0.006,,0.0,,False,96.0,99.0,96.0,88.0,93.0,91.0,91.0,92.0,94.0,high,high,high,high,high,high,high,high,high,2026-07-24
hitter,CLE,TB,Travis Bazzana,683953,6.0,2B,Confirmed,4.18,,,,,0.93,0.65,,,,,1.0226503292396278,0.828700539391329,0.7083195112904247,0.5873146053892812,1.0980834272829765,1.0127691392064393,0.3198357047082967,0.34941159018286494,,,1.05,0.34,0.33,1.47,0.33,2.06,0.13,0.01,0.0,0.231,2.057017543859649,2.064074589832399,0.127,,0.008,,0.0,,False,96.0,99.0,96.0,88.0,93.0,91.0,91.0,92.0,94.0,high,high,high,high,high,high,high,high,high,2026-07-24
hitter,CLE,TB,Gabriel Arias,672356,7.0,3B,Confirmed,3.74,,,,,1.09,0.33,,,,,1.1538473108874119,1.0195613060569604,0.3258421616807269,0.3371262386522526,0.8949771689497716,0.7934435700177764,0.2713024550428729,0.2644984439569027,,,0.84,0.29,0.26,1.26,0.27,2.03,0.1,0.01,0.0,0.213,1.914285714285714,2.12794928313468,0.104,,0.006,,0.0,,False,96.0,99.0,96.0,88.0,93.0,91.0,91.0,92.0,94.0,high,high,high,high,high,high,high,high,high,2026-07-24
hitter,CLE,TB,Austin Hedges,595978,8.0,C,Confirmed,3.54,,,,,1.23,0.13,,,,,1.0997855879124987,1.3699286159590265,0.12178290626359409,0.13479069186526377,0.801980198019802,0.7328317767984938,0.0887658839516359,0.09188665691371424,,,0.76,0.24,0.21,1.04,0.09,1.19,0.1,0.01,0.0,0.19,1.239368165249089,1.1421481326636302,0.097,,0.007,,0.0,,False,96.0,99.0,96.0,88.0,93.0,91.0,91.0,92.0,94.0,high,high,high,high,high,high,high,high,high,2026-07-24
hitter,CLE,TB,Petey Halpin,690984,9.0,CF,Confirmed,2.25,,,,,0.7,0.05,,,,,0.7308193081934173,0.6681549985087295,0.062338529731416896,0.03262618408924177,0.4125159642401022,0.2885472340874993,0.013731326979438107,0.009481030124968046,,,0.34,0.14,0.12,0.59,0.01,0.51,0.08,0.01,0.0,0.178,0.6720588235294118,0.37525424244464983,0.08,,0.006,,0.0,,False,96.0,99.0,96.0,88.0,93.0,91.0,91.0,92.0,94.0,high,high,high,high,high,high,high,high,high,2026-07-24
hitter,MIA,SD,Otto Lopez,672640,1.0,SS,Confirmed,5.03,,,,,0.4,0.34,,,,,0.40342592762919494,0.40253562244465896,0.3261996811622525,0.36355466934970215,1.607843137254902,1.5864059074296943,0.22248096169988738,0.23445003759594413,,,1.6,0.67,0.53,2.3,0.23,2.24,0.11,0.01,0.0,0.328,2.057017543859649,2.3947791397363742,0.114,,0.011,,0.0,,False,96.0,99.0,96.0,88.0,93.0,91.0,91.0,92.0,94.0,high,high,high,high,high,high,high,high,high,2026-07-24
hitter,MIA,SD,Kyle Stowers,669065,2.0,1B,Confirmed,4.68,,,,,1.5,0.52,,,,,1.4325208663641644,1.5744020133042484,0.5023476105373426,0.5315703467836713,0.994208494208494,1.0672528748934873,0.33006552414313334,0.35579941641767254,,,1.03,0.65,0.48,1.94,0.34,2.16,0.12,0.01,0.0,0.36,2.057017543859649,2.2465575128158974,0.122,,0.009,,0.0,,False,96.0,99.0,96.0,88.0,93.0,91.0,91.0,92.0,94.0,high,high,high,high,high,high,high,high,high,2026-07-24
hitter,MIA,SD,Heriberto Hernández,681715,3.0,LF,Confirmed,4.57,,,,,0.76,0.44,,,,,0.7084728109042,0.8189980011893754,0.4058620036666628,0.46744684675997267,1.1391752577319587,1.181866200416097,0.2499795835779971,0.2844346216795779,,,1.16,0.55,0.45,1.71,0.27,2.11,0.13,0.01,0.0,0.31,2.057017543859649,2.1531046637038798,0.128,,0.007,,0.0,,False,96.0,99.0,96.0,88.0,93.0,91.0,91.0,92.0,94.0,high,high,high,high,high,high,high,high,high,2026-07-24
hitter,MIA,SD,Xavier Edwards,669364,4.0,2B,Confirmed,4.97,,,,,0.38,0.48,,,,,0.3928024962271661,0.36116462650231174,0.44788758570490583,0.5021913356950016,1.607843137254902,1.5097849345501997,0.12059414811284952,0.10737971241363498,,,1.55,0.61,0.48,2.09,0.11,2.05,0.13,0.01,0.0,0.318,2.057017543859649,2.0358542090948673,0.132,,0.009,,0.0,,False,96.0,99.0,96.0,88.0,93.0,91.0,91.0,92.0,94.0,high,high,high,high,high,high,high,high,high,2026-07-24
hitter,MIA,SD,Liam Hicks,689414,5.0,DH,Confirmed,4.93,,,,,0.33,0.52,,,,,0.36053174058221615,0.3088875548580947,0.49396294568047305,0.5556595995983901,1.1702127659574468,1.220771394942291,0.11352601850629554,0.11015253568622542,,,1.2,0.52,0.39,1.71,0.11,1.89,0.11,0.01,0.0,0.278,1.914285714285714,1.8675582215798916,0.115,,0.011,,0.0,,False,96.0,99.0,96.0,88.0,93.0,91.0,91.0,92.0,94.0,high,high,high,high,high,high,high,high,high,2026-07-24
hitter,MIA,SD,Griffin Conine,665052,6.0,RF,Confirmed,4.61,,,,,0.87,0.55,,,,,0.8293788412603955,0.9136659062961175,0.5508057763377888,0.5590912106979012,1.0980834272829765,1.1520246216931793,0.19195777691393784,0.2145587335163701,,,1.13,0.53,0.46,1.76,0.2,2.05,0.13,0.01,0.0,0.352,2.057017543859649,2.041510260857166,0.128,,0.009,,0.0,,False,96.0,99.0,96.0,88.0,93.0,91.0,91.0,92.0,94.0,high,high,high,high,high,high,high,high,high,2026-07-24
hitter,MIA,SD,Jakob Marsee,805300,7.0,CF,Confirmed,4.18,,,,,0.69,0.42,,,,,0.6332370305255108,0.7466564285797932,0.41421125802326253,0.4179410331322087,1.0980834272829765,0.9802823406160366,0.19751717888290288,0.1907480582295733,,,1.03,0.45,0.36,1.52,0.19,1.68,0.1,0.01,0.0,0.32,1.684375,1.6687085815157738,0.103,,0.008,,0.0,,False,96.0,99.0,96.0,88.0,93.0,91.0,91.0,92.0,94.0,high,high,high,high,high,high,high,high,high,2026-07-24
hitter,MIA,SD,Javier Sanoja,691594,8.0,RF,Confirmed,3.89,,,,,0.29,0.25,,,,,0.3098899354443311,0.26425257343922615,0.25032857812935694,0.25558228759216495,1.0980834272829765,1.1089531324217687,0.07904296072227734,0.11124149721478539,,,1.1,0.39,0.32,1.48,0.1,1.62,0.13,0.01,0.0,0.294,1.684375,1.566352026845991,0.128,,0.01,,0.0,,False,96.0,99.0,96.0,88.0,93.0,91.0,91.0,92.0,94.0,high,high,high,high,high,high,high,high,high,2026-07-24
hitter,MIA,SD,Joe Mack,691788,9.0,C,Confirmed,3.89,,,,,0.61,0.36,,,,,0.5591235450747891,0.66256345278805,0.3676009434077112,0.34768425922915946,1.0980834272829765,0.9494606949032005,0.22792459942792154,0.2276010345450848,,,1.02,0.45,0.38,1.53,0.23,1.91,0.11,0.01,0.0,0.337,2.057017543859649,1.781956554310682,0.115,,0.008,,0.0,,False,96.0,99.0,96.0,88.0,93.0,91.0,91.0,92.0,94.0,high,high,high,high,high,high,high,high,high,2026-07-24
hitter,SD,MIA,Fernando Tatis Jr.,665487,1.0,RF,Confirmed,4.57,,,,,1.16,0.2,,,,,1.1580787836026443,1.155907553087929,0.2096110947045667,0.19655844933500355,0.994208494208494,1.0667856811985363,0.06420382161539373,0.07822363398816946,,,1.03,0.66,0.5,2.25,0.07,1.42,0.18,0.01,0.0,0.363,1.3148148148148149,1.5052776024051098,0.177,,0.01,,0.0,,False,96.0,99.0,96.0,88.0,93.0,91.0,91.0,92.0,94.0,high,high,high,high,high,high,high,high,high,2026-07-24
hitter,SD,MIA,Jake Cronenworth,630105,2.0,2B,Confirmed,3.33,,,,,0.97,0.15,,,,,0.9492958734110223,0.9992766621811694,0.16399980949811957,0.1360547110999502,0.5846774193548387,0.5742855597810511,0.031193303540728447,0.015391775644367937,,,0.58,0.43,0.3,1.44,0.02,0.81,0.14,0.01,0.0,0.336,0.7899761336515513,0.8230626739154349,0.138,,0.008,,0.0,,False,96.0,99.0,96.0,88.0,93.0,91.0,91.0,92.0,94.0,high,high,high,high,high,high,high,high,high,2026-07-24
hitter,SD,MIA,Manny Machado,592518,3.0,DH,Confirmed,4.48,,,,,1.27,0.2,,,,,1.1936814495105244,1.342676255545773,0.1982533018425123,0.2077243566819991,0.801980198019802,0.9376824812792299,0.0611423083000678,0.04629881243234378,,,0.88,0.6,0.51,2.1,0.05,1.34,0.16,0.01,0.0,0.335,1.239368165249089,1.429413689802693,0.163,,0.01,,0.0,,False,96.0,99.0,96.0,88.0,93.0,91.0,91.0,92.0,94.0,high,high,high,high,high,high,high,high,high,2026-07-24
hitter,SD,MIA,Ty France,664034,4.0,1B,Confirmed,3.96,,,,,0.97,0.09,,,,,0.9054100856986564,1.0297310617632875,0.10546557554363402,0.07036727696859445,0.7715355805243446,0.7820721480910582,0.043068844928509896,0.04336480166918919,,,0.78,0.53,0.48,2.0,0.04,1.03,0.14,0.01,0.0,0.325,1.001763668430335,1.060396459160663,0.143,,0.008,,0.0,,False,96.0,99.0,96.0,88.0,93.0,91.0,91.0,92.0,94.0,high,high,high,high,high,high,high,high,high,2026-07-24
hitter,SD,MIA,Jackson Merrill,701538,5.0,CF,Confirmed,4.25,,,,,1.3,0.1,,,,,1.2405964369767157,1.3594740352599028,0.10961262933363164,0.09680256582605343,0.7715355805243446,0.848509183087463,0.05091075836884611,0.06232017897933094,,,0.81,0.53,0.48,1.9,0.06,1.27,0.19,0.01,0.0,0.309,1.239368165249089,1.3040377535494043,0.189,,0.014,,0.0,,False,96.0,99.0,96.0,88.0,93.0,91.0,91.0,92.0,94.0,high,high,high,high,high,high,high,high,high,2026-07-24
hitter,SD,MIA,Luis Campusano,669134,6.0,C,Confirmed,3.32,,,,,1.19,0.13,,,,,1.1873875591266354,1.1848752235052227,0.15067457038666845,0.11234526794180646,0.4803149606299212,0.4687043930637849,0.03423355197279404,0.03872137204764253,,,0.47,0.34,0.32,1.3,0.04,0.76,0.1,0.01,0.0,0.299,0.7899761336515513,0.7437329555015639,0.1,,0.008,,0.0,,False,96.0,99.0,96.0,88.0,93.0,91.0,91.0,92.0,94.0,high,high,high,high,high,high,high,high,high,2026-07-24
hitter,SD,MIA,Gavin Sheets,657757,7.0,1B,Confirmed,3.81,,,,,0.99,0.14,,,,,0.9744589304445243,1.0134239553232587,0.14897710344606088,0.13256827177747818,0.7061469265367316,0.6812010704806883,0.04279465407504049,0.02403579902986356,,,0.69,0.43,0.37,1.59,0.03,0.99,0.14,0.01,0.0,0.322,0.9875776397515532,0.9957576504096349,0.144,,0.009,,0.0,,False,96.0,99.0,96.0,88.0,93.0,91.0,91.0,92.0,94.0,high,high,high,high,high,high,high,high,high,2026-07-24
hitter,SD,MIA,Xander Bogaerts,593428,8.0,SS,Confirmed,4.25,,,,,0.87,0.54,,,,,0.8266503208275235,0.9089043385729813,0.5454412180051653,0.537341634120761,0.7061469265367316,0.7273579646980907,0.03149758083086934,0.032155609887380775,,,0.72,0.44,0.36,1.68,0.03,0.98,0.15,0.01,0.0,0.304,1.001763668430335,0.9612926643552665,0.155,,0.01,,0.0,,False,96.0,99.0,96.0,88.0,93.0,91.0,91.0,92.0,94.0,high,high,high,high,high,high,high,high,high,2026-07-24
hitter,SD,MIA,Sung-Mun Song,823550,9.0,3B,Confirmed,3.1,,,,,0.85,0.13,,,,,0.82326153729637,0.8761990456003358,0.1364240811004655,0.13303736946653433,0.4125159642401022,0.4414391246744123,0.030982625551230235,0.023461768961908696,,,0.43,0.31,0.25,1.14,0.03,0.67,0.11,0.01,0.0,0.294,0.6720588235294118,0.6723454406857821,0.11,,0.009,,0.0,,False,96.0,99.0,96.0,88.0,93.0,91.0,91.0,92.0,94.0,high,high,high,high,high,high,high,high,high,2026-07-24
hitter,BOS,TOR,Anthony Seigler,678011,1.0,2B,Confirmed,3.74,,,,,1.03,0.24,,,,,0.9426418279781378,1.1153163904467427,0.24487112242445494,0.2366836698340247,0.801980198019802,0.7880694372334922,0.13181062895784684,0.1488000086192186,,,0.79,0.31,0.23,1.02,0.14,1.34,0.09,0.01,0.0,0.215,1.3893129770992367,1.2994818493749463,0.093,,0.008,,0.0,,False,96.0,99.0,96.0,88.0,93.0,91.0,91.0,92.0,94.0,high,high,high,high,high,high,high,high,high,2026-07-24
hitter,BOS,TOR,Ceddanne Rafaela,678882,2.0,CF,Confirmed,4.04,,,,,0.93,0.18,,,,,0.8913416957181775,0.9660478670976153,0.18720554954516308,0.1780967658110188,1.0980834272829765,1.0134448475279312,0.18967524555180362,0.17161822214164055,,,1.05,0.37,0.29,1.3,0.18,1.84,0.1,0.01,0.0,0.226,1.914285714285714,1.777252036506057,0.101,,0.009,,0.0,,False,96.0,99.0,96.0,88.0,93.0,91.0,91.0,92.0,94.0,high,high,high,high,high,high,high,high,high,2026-07-24
hitter,BOS,TOR,Wilyer Abreu,677800,3.0,RF,Confirmed,3.81,,,,,1.15,0.3,,,,,1.1403655534347468,1.163514163226181,0.3103041636771131,0.2831432590315564,0.8694581280788177,0.8180997441887743,0.25131693240117703,0.248696618825603,,,0.84,0.33,0.27,1.08,0.25,1.8,0.09,0.01,0.0,0.225,1.914285714285714,1.7155197479764892,0.087,,0.009,,0.0,,False,96.0,99.0,96.0,88.0,93.0,91.0,91.0,92.0,94.0,high,high,high,high,high,high,high,high,high,2026-07-24
hitter,BOS,TOR,Willson Contreras,575929,4.0,1B,Confirmed,3.96,,,,,1.32,0.28,,,,,1.3875710534339083,1.2562921648481546,0.3051905401032584,0.2645952765719432,0.994208494208494,0.9309273638146398,0.35287845244935173,0.3082064420898837,,,0.96,0.42,0.38,1.39,0.33,2.25,0.1,0.01,0.0,0.268,2.456692913385827,2.0720411234281375,0.099,,0.007,,0.0,,False,96.0,99.0,96.0,88.0,93.0,91.0,91.0,92.0,94.0,high,high,high,high,high,high,high,high,high,2026-07-24
hitter,BOS,TOR,Masataka Yoshida,807799,5.0,DH,Confirmed,3.02,,,,,0.6,0.16,,,,,0.6370410650842512,0.5700383384396279,0.17532189750828114,0.13986529678755946,0.8694581280788177,0.6771310479874451,0.1506562384903628,0.11373926832746417,,,0.76,0.25,0.21,0.87,0.13,1.31,0.09,0.01,0.0,0.21,1.4759615384615385,1.1824133319985148,0.092,,0.007,,0.0,,False,96.0,99.0,96.0,88.0,93.0,91.0,91.0,92.0,94.0,high,high,high,high,high,high,high,high,high,2026-07-24
hitter,BOS,TOR,Caleb Durbin,702332,6.0,3B,Confirmed,3.58,,,,,0.58,0.2,,,,,0.5809131794375283,0.5722948924426575,0.20755843366025672,0.18345079176969598,0.8949771689497716,0.9002009447576079,0.14141886204747903,0.13309731849500367,,,0.9,0.26,0.25,1.04,0.14,1.47,0.11,0.01,0.0,0.218,1.5956790123456794,1.360268110739067,0.11,,0.008,,0.0,,False,96.0,99.0,96.0,88.0,93.0,91.0,91.0,92.0,94.0,high,high,high,high,high,high,high,high,high,2026-07-24
hitter,BOS,TOR,Jarren Duran,680776,7.0,LF,Confirmed,3.96,,,,,1.33,0.29,,,,,1.3722232688169207,1.2824928815949157,0.3007544550956608,0.28152876792407083,1.0980834272829765,1.007201215548204,0.4412848052809261,0.31625668122972833,,,1.05,0.4,0.36,1.46,0.38,2.3,0.12,0.02,0.0,0.285,2.456692913385827,2.174620066215241,0.122,,0.018,,0.0,,False,96.0,99.0,96.0,88.0,93.0,91.0,91.0,92.0,94.0,high,high,high,high,high,high,high,high,high,2026-07-24
hitter,BOS,TOR,Andruw Monasterio,655316,8.0,SS,Confirmed,3.1,,,,,0.64,0.47,,,,,0.6493835798828155,0.6334828663219705,0.5372452914090848,0.40759111157730665,0.4125159642401022,0.37551434959685115,0.14231117493825562,0.09085699889768255,,,0.39,0.26,0.24,0.91,0.12,0.97,0.09,0.01,0.0,0.233,1.1238670694864048,0.8445274140817952,0.09,,0.007,,0.0,,False,96.0,99.0,96.0,88.0,93.0,91.0,91.0,92.0,94.0,high,high,high,high,high,high,high,high,high,2026-07-24
hitter,BOS,TOR,Connor Wong,657136,9.0,C,Confirmed,3.58,,,,,0.66,0.57,,,,,0.5829223418918552,0.7283812550064876,0.5888085724825541,0.5543060482687904,0.4125159642401022,0.3902273122135676,0.09309077234237167,0.09312265178573409,,,0.4,0.24,0.19,0.84,0.09,0.89,0.09,0.01,0.0,0.199,0.9875776397515532,0.817925825263134,0.087,,0.007,,0.0,,False,96.0,99.0,96.0,88.0,93.0,91.0,91.0,92.0,94.0,high,high,high,high,high,high,high,high,high,2026-07-24
hitter,TOR,BOS,Ernie Clement,676391,1.0,2B,Confirmed,3.48,,,,,0.34,0.15,,,,,0.33508923649139966,0.3436337238254282,0.13335208774384183,0.17140252313402243,0.4125159642401022,0.4223852237017298,0.05945241559265097,0.05634653648854591,,,0.42,0.22,0.18,0.81,0.06,0.74,0.11,0.01,0.0,0.164,0.6720588235294118,0.8032245946632589,0.114,,0.007,,0.0,,False,82.0,86.0,82.0,74.0,79.0,77.0,77.0,78.0,80.0,high,high,high,medium,medium,medium,medium,medium,high,2026-07-24
hitter,TOR,BOS,Vladimir Guerrero Jr.,665489,2.0,1B,Confirmed,3.81,,,,,0.51,0.28,,,,,0.5177403715881443,0.4998201542060337,0.2655767575247785,0.2910327679983899,0.4125159642401022,0.4927305950134466,0.10290350899713971,0.09575629837795473,,,0.46,0.28,0.21,0.9,0.1,0.92,0.09,0.01,0.0,0.187,0.8408408408408409,0.9888762137024467,0.085,,0.006,,0.0,,False,82.0,86.0,82.0,74.0,79.0,77.0,77.0,78.0,80.0,high,high,high,medium,medium,medium,medium,medium,high,2026-07-24
hitter,TOR,BOS,Kazuma Okamoto,672960,3.0,3B,Confirmed,3.74,,,,,0.94,0.24,,,,,0.9018954954514103,0.9723027876137542,0.22618682935573403,0.2602288234222789,0.4125159642401022,0.43011346850014165,0.13424556334644364,0.15843880218789047,,,0.42,0.29,0.26,0.96,0.15,1.0,0.08,0.01,0.0,0.193,0.9875776397515532,1.007462305385793,0.081,,0.007,,0.0,,False,82.0,86.0,82.0,74.0,79.0,77.0,77.0,78.0,80.0,high,high,high,medium,medium,medium,medium,medium,high,2026-07-24
hitter,TOR,BOS,George Springer,543807,4.0,DH,Confirmed,4.51,,,,,1.09,0.44,,,,,1.0958029357457442,1.081225957059367,0.4398415723905156,0.44403879295478554,0.8770949720670391,0.8757364989888778,0.03453235598796996,0.022760167178947216,,,0.88,0.46,0.36,1.71,0.03,1.21,0.19,0.01,0.0,0.269,1.239368165249089,1.18627892194906,0.192,,0.008,,0.0,,False,82.0,86.0,82.0,74.0,79.0,77.0,77.0,78.0,80.0,high,high,high,medium,medium,medium,medium,medium,high,2026-07-24
hitter,TOR,BOS,Alejandro Kirk,672386,5.0,C,Confirmed,3.49,,,,,0.43,0.24,,,,,0.4559017369807119,0.4112942276808396,0.23981311658980192,0.23713655280604237,0.4125159642401022,0.45518692680178274,0.09023937178736072,0.09245176788251996,,,0.44,0.26,0.23,0.9,0.09,0.8,0.09,0.01,0.0,0.193,0.7899761336515513,0.8029697451673139,0.09,,0.007,,0.0,,False,82.0,86.0,82.0,74.0,79.0,77.0,77.0,78.0,80.0,high,high,high,medium,medium,medium,medium,medium,high,2026-07-24
hitter,TOR,BOS,Davis Schneider,676914,6.0,LF,Confirmed,2.9,,,,,1.26,0.13,,,,,1.289251898789656,1.230001592622017,0.150634656306564,0.10859053930754824,0.4125159642401022,0.33343336558532405,0.025446769273021527,0.02112302866941442,,,0.37,0.18,0.17,0.77,0.02,0.57,0.09,0.01,0.0,0.185,0.6720588235294118,0.4889935706252939,0.087,,0.007,,0.0,,False,82.0,86.0,82.0,74.0,79.0,77.0,77.0,78.0,80.0,high,high,high,medium,medium,medium,medium,medium,high,2026-07-24
hitter,TOR,BOS,Daulton Varsho,662139,7.0,CF,Confirmed,3.48,,,,,0.81,0.19,,,,,0.7859840932834947,0.8284668894269887,0.19467500161763143,0.17683852905516567,0.35424354243542433,0.334715815203444,0.13020406528708633,0.11704145389647364,,,0.34,0.22,0.21,0.78,0.12,0.81,0.08,0.01,0.0,0.181,0.7899761336515513,0.8317659453122659,0.085,,0.008,,0.0,,False,82.0,86.0,82.0,74.0,79.0,77.0,77.0,78.0,80.0,high,high,high,medium,medium,medium,medium,medium,high,2026-07-24
hitter,TOR,BOS,Luis Urías,649966,8.0,2B,Confirmed,3.48,,,,,0.53,0.3,,,,,0.5090675790318464,0.5410279321145954,0.29036404884321776,0.30727216571464383,0.4125159642401022,0.41778713801867345,0.021425458680592854,0.022727402557360946,,,0.42,0.21,0.15,0.77,0.02,0.53,0.08,0.01,0.0,0.181,0.4591194968553459,0.5919774579288283,0.081,,0.006,,0.0,,False,82.0,86.0,82.0,74.0,79.0,77.0,77.0,78.0,80.0,high,high,high,medium,medium,medium,medium,medium,high,2026-07-24
hitter,TOR,BOS,Myles Straw,664702,9.0,RF,Confirmed,2.07,,,,,0.42,0.11,,,,,0.4211762904554749,0.4096757388568219,0.12406775186827573,0.08879597684191715,0.2543859649122807,0.14754596374586681,0.038753073137503806,0.03181835185421328,,,0.2,0.13,0.11,0.5,0.04,0.4,0.06,0.01,0.0,0.185,0.44025157232704404,0.36455010818203565,0.056,,0.007,,0.0,,False,82.0,86.0,82.0,74.0,79.0,77.0,77.0,78.0,80.0,high,high,high,medium,medium,medium,medium,medium,high,2026-07-24
hitter,CWS,HOU,Sam Antonacci,803011,1.0,LF,Confirmed,4.14,,,,,0.41,0.23,,,,,0.43009104830024136,0.3921377056665995,0.24427423620295186,0.22077118968087445,1.1391752577319587,1.0579914325170767,0.2203454230766671,0.20119744249075405,,,1.09,0.38,0.3,1.37,0.21,1.91,0.11,0.01,0.0,0.23,2.057017543859649,1.786722947260359,0.109,,0.009,,0.0,,False,96.0,99.0,96.0,88.0,93.0,91.0,91.0,92.0,94.0,high,high,high,high,high,high,high,high,high,2026-07-24
hitter,CWS,HOU,Munetaka Murakami,808959,2.0,1B,Confirmed,3.96,,,,,0.66,0.41,,,,,0.5232427968141334,0.7879153864759793,0.4026593402657148,0.407520732579177,0.801980198019802,0.7330766003095519,0.05101083874311478,0.07843118206685844,,,0.76,0.41,0.28,1.17,0.06,1.11,0.08,0.01,0.0,0.271,1.1521739130434783,1.0766796666639593,0.077,,0.009,,0.0,,False,96.0,99.0,96.0,88.0,93.0,91.0,91.0,92.0,94.0,high,high,high,high,high,high,high,high,high,2026-07-24
hitter,CWS,HOU,Miguel Vargas,678246,3.0,3B,Confirmed,4.18,,,,,0.47,0.36,,,,,0.49846534815614196,0.43824142940594907,0.36068400404955014,0.3587147961896422,1.0980834272829765,1.0551137360332776,0.42706922170478856,0.4516085185646801,,,1.07,0.41,0.35,1.35,0.44,2.49,0.1,0.01,0.0,0.246,2.456692913385827,2.5202734262661153,0.101,,0.007,,0.0,,False,96.0,99.0,96.0,88.0,93.0,91.0,91.0,92.0,94.0,high,high,high,high,high,high,high,high,high,2026-07-24
hitter,CWS,HOU,Colson Montgomery,695657,4.0,SS,Confirmed,3.81,,,,,0.74,0.29,,,,,0.6664531773054162,0.8130104313512846,0.3048498869697416,0.2745030720908643,0.994208494208494,0.8513806108139399,0.5443566972697682,0.47917957510625414,,,0.92,0.36,0.34,1.11,0.51,2.37,0.07,0.01,0.0,0.233,2.456692913385827,2.3018456603015105,0.071,,0.007,,0.0,,False,96.0,99.0,96.0,88.0,93.0,91.0,91.0,92.0,94.0,high,high,high,high,high,high,high,high,high,2026-07-24
hitter,CWS,HOU,Andrew Benintendi,643217,5.0,DH,Confirmed,3.19,,,,,0.42,0.2,,,,,0.463334393958979,0.3823795300922026,0.2234066341219684,0.17114827603825333,0.801980198019802,0.6786258889654943,0.31790924452571295,0.29162670601462026,,,0.73,0.28,0.26,0.96,0.3,1.79,0.09,0.01,0.0,0.223,1.914285714285714,1.682131642706138,0.089,,0.007,,0.0,,False,96.0,99.0,96.0,88.0,93.0,91.0,91.0,92.0,94.0,high,high,high,high,high,high,high,high,high,2026-07-24
hitter,CWS,HOU,Braden Montgomery,695731,6.0,RF,Confirmed,3.74,,,,,0.57,0.26,,,,,0.5235294482419204,0.6076688191826634,0.27783547239992823,0.2402889982402756,1.0980834272829765,0.8801604700967343,0.2932486499795926,0.2705231754188235,,,0.98,0.29,0.29,1.11,0.28,1.94,0.08,0.01,0.0,0.222,2.057017543859649,1.8432247359316147,0.084,,0.007,,0.0,,False,96.0,99.0,96.0,88.0,93.0,91.0,91.0,92.0,94.0,high,high,high,high,high,high,high,high,high,2026-07-24
hitter,CWS,HOU,Tristan Peters,671976,7.0,CF,Confirmed,3.1,,,,,0.37,0.17,,,,,0.39894096898020115,0.3471289994531991,0.19193976859430797,0.14327048278649537,0.8770949720670391,0.6415643200939788,0.13258837105347532,0.14834593207689487,,,0.75,0.21,0.18,0.8,0.14,1.23,0.08,0.01,0.0,0.197,1.3893129770992367,1.094364325800961,0.083,,0.007,,0.0,,False,96.0,99.0,96.0,88.0,93.0,91.0,91.0,92.0,94.0,high,high,high,high,high,high,high,high,high,2026-07-24
hitter,CWS,HOU,Chase Meidroth,805367,8.0,2B,Confirmed,3.74,,,,,0.47,0.23,,,,,0.4949572957957564,0.43824035024548924,0.24529685789465466,0.21101920870078592,1.0980834272829765,0.9097855318624934,0.1665864323621297,0.14652086403298756,,,0.99,0.26,0.23,1.02,0.16,1.7,0.08,0.01,0.0,0.203,1.914285714285714,1.518378660629657,0.082,,0.007,,0.0,,False,96.0,99.0,96.0,88.0,93.0,91.0,91.0,92.0,94.0,high,high,high,high,high,high,high,high,high,2026-07-24
hitter,CWS,HOU,Drew Romo,691011,9.0,C,Confirmed,3.33,,,,,0.8,0.39,,,,,0.8324431424844527,0.7697816192361591,0.42438681702593983,0.3622647662543689,0.707983193277311,0.6802200716860998,0.028423985534556218,0.030499967072749195,,,0.69,0.25,0.23,0.89,0.03,0.96,0.12,0.01,0.0,0.216,1.001763668430335,0.9212251511980964,0.12,,0.008,,0.0,,False,96.0,99.0,96.0,88.0,93.0,91.0,91.0,92.0,94.0,high,high,high,high,high,high,high,high,high,2026-07-24
hitter,HOU,CWS,Jeremy Peña,665161,1.0,SS,Confirmed,4.57,,,,,1.33,0.45,,,,,1.2498292027163476,1.4039086323124599,0.4270582640525181,0.4745693321595446,0.6434108527131783,0.6487504744300729,0.042866280712771085,0.04710468649774656,,,0.65,0.58,0.39,2.07,0.04,0.88,0.23,0.01,0.0,0.333,0.8408408408408409,0.9085188609464326,0.234,,0.012,,0.0,,False,96.0,99.0,96.0,88.0,93.0,91.0,91.0,92.0,94.0,high,high,high,high,high,high,high,high,high,2026-07-24
hitter,HOU,CWS,Yordan Alvarez,670541,2.0,DH,Confirmed,4.74,,,,,0.65,0.62,,,,,0.6281821014390031,0.6665232683862158,0.6190841086856809,0.6166591476522975,1.1391752577319587,1.2548357867357802,0.42289415054131935,0.4324569853326932,,,1.2,0.71,0.43,2.24,0.43,2.8,0.26,0.01,0.0,0.412,2.75,2.843467457909774,0.255,,0.014,,0.0,,False,96.0,99.0,96.0,88.0,93.0,91.0,91.0,92.0,94.0,high,high,high,high,high,high,high,high,high,2026-07-24
hitter,HOU,CWS,Isaac Paredes,670623,3.0,3B,Confirmed,4.61,,,,,0.53,0.34,,,,,0.529481337320912,0.5302401087428521,0.3255486931124072,0.36032211602365377,1.0980834272829765,1.1747895980182743,0.2524692706070067,0.23045595468576338,,,1.14,0.59,0.44,2.13,0.24,2.09,0.25,0.01,0.0,0.339,2.057017543859649,2.122842647817688,0.251,,0.01,,0.0,,False,96.0,99.0,96.0,88.0,93.0,91.0,91.0,92.0,94.0,high,high,high,high,high,high,high,high,high,2026-07-24
hitter,HOU,CWS,Jose Altuve,514888,4.0,2B,Confirmed,4.58,,,,,0.59,0.35,,,,,0.5668786214346867,0.6103107159435099,0.3480579089134981,0.34523527621069755,1.0980834272829765,1.2231026251541983,0.16386597270025413,0.19919115774401486,,,1.17,0.58,0.43,2.11,0.18,1.94,0.25,0.01,0.0,0.338,1.914285714285714,1.954204916880897,0.247,,0.01,,0.0,,False,96.0,99.0,96.0,88.0,93.0,91.0,91.0,92.0,94.0,high,high,high,high,high,high,high,high,high,2026-07-24
hitter,HOU,CWS,LaMonte Wade Jr.,664774,5.0,LF,Confirmed,3.33,,,,,0.63,0.27,,,,,0.5963911505200588,0.6688969711476687,0.3061769418277278,0.2329715620024696,0.801980198019802,0.6807591851906131,0.1222590447613712,0.13111567507928407,,,0.74,0.42,0.31,1.5,0.13,1.23,0.17,0.02,0.0,0.343,1.3148148148148149,1.167598544020999,0.168,,0.019,,0.0,,False,96.0,99.0,96.0,88.0,93.0,91.0,91.0,92.0,94.0,high,high,high,high,high,high,high,high,high,2026-07-24
hitter,HOU,CWS,Christian Walker,572233,6.0,1B,Confirmed,4.48,,,,,0.85,0.29,,,,,0.761479141210864,0.9371909114056252,0.29679839871516,0.28895675765858075,1.0980834272829765,1.216527055796523,0.3324258681703056,0.33486236128761077,,,1.16,0.52,0.46,2.07,0.33,2.37,0.25,0.01,0.0,0.345,2.456692913385827,2.296976568290377,0.245,,0.011,,0.0,,False,96.0,99.0,96.0,88.0,93.0,91.0,91.0,92.0,94.0,high,high,high,high,high,high,high,high,high,2026-07-24
hitter,HOU,CWS,Lucas Spence,828599,7.0,CF,Confirmed,2.9,,,,,0.99,0.08,,,,,0.9056206945200463,1.0666280597136812,0.09275229345679327,0.06585644165699142,0.5290322580645161,0.5352711481765043,0.02485176030237444,0.013196991755990102,,,0.53,0.32,0.25,1.27,0.02,0.68,0.13,0.01,0.0,0.332,0.6720588235294118,0.684747394512379,0.134,,0.011,,0.0,,False,96.0,99.0,96.0,88.0,93.0,91.0,91.0,92.0,94.0,high,high,high,high,high,high,high,high,high,2026-07-24
hitter,HOU,CWS,Cam Smith,701358,8.0,RF,Confirmed,3.96,,,,,0.67,0.26,,,,,0.6025957955745703,0.7473934891975273,0.2659799015078985,0.24802517963409537,0.994208494208494,0.9783743994419646,0.21182306652327174,0.21441583796024632,,,0.99,0.43,0.33,1.65,0.21,1.68,0.19,0.01,0.0,0.328,1.684375,1.6687699758949106,0.185,,0.012,,0.0,,False,96.0,99.0,96.0,88.0,93.0,91.0,91.0,92.0,94.0,high,high,high,high,high,high,high,high,high,2026-07-24
hitter,HOU,CWS,Christian Vázquez,543877,9.0,C,Confirmed,4.14,,,,,0.97,0.14,,,,,0.8598337146984967,1.082413765119712,0.1454600577939657,0.1375282120057413,0.801980198019802,0.8385851260678067,0.12670526680669086,0.1601748973014974,,,0.82,0.45,0.35,1.8,0.14,1.4,0.21,0.01,0.0,0.332,1.3148148148148149,1.461989126692361,0.212,,0.012,,0.0,,False,96.0,99.0,96.0,88.0,93.0,91.0,91.0,92.0,94.0,high,high,high,high,high,high,high,high,high,2026-07-24
hitter,TEX,SEA,Joc Pederson,592626,1.0,DH,Confirmed,3.49,,,,,0.77,0.33,,,,,0.7230152294193807,0.8102975649243774,0.3327947764556184,0.3175534644517806,0.6434108527131783,0.528016033014146,0.12695199183152017,0.11940884866175717,,,0.58,0.18,0.13,0.64,0.12,1.17,0.08,0.01,0.0,0.132,1.239368165249089,1.117213680389826,0.078,,0.006,,0.0,,False,96.0,99.0,96.0,88.0,93.0,91.0,91.0,92.0,94.0,high,high,high,high,high,high,high,high,high,2026-07-24
hitter,TEX,SEA,Wyatt Langford,694671,2.0,LF,Confirmed,4.04,,,,,1.18,0.36,,,,,1.2623324352773468,1.0931212944855035,0.36683283284699897,0.34451374587406697,1.0980834272829765,0.9952231918342547,0.19055021369720362,0.1656094749717995,,,1.04,0.22,0.16,0.79,0.18,1.89,0.1,0.01,0.0,0.14,2.057017543859649,1.7478392722749134,0.101,,0.007,,0.0,,False,96.0,99.0,96.0,88.0,93.0,91.0,91.0,92.0,94.0,high,high,high,high,high,high,high,high,high,2026-07-24
hitter,TEX,SEA,Ezequiel Duran,677649,3.0,3B,Confirmed,3.1,,,,,0.57,0.16,,,,,0.5586870300462482,0.5892077213213026,0.18536059772375657,0.14360080777327194,0.7061469265367316,0.5107126410872554,0.04932949906380797,0.04904440357482454,,,0.6,0.17,0.14,0.66,0.05,0.91,0.09,0.01,0.0,0.137,1.001763668430335,0.8268928145350224,0.086,,0.008,,0.0,,False,96.0,99.0,96.0,88.0,93.0,91.0,91.0,92.0,94.0,high,high,high,high,high,high,high,high,high,2026-07-24
hitter,TEX,SEA,Brandon Nimmo,607043,4.0,RF,Confirmed,3.74,,,,,0.67,0.28,,,,,0.6315414962165992,0.710282477315299,0.30354517339995535,0.260249303328251,0.801980198019802,0.7377606922121227,0.1265836812024417,0.11202786068679159,,,0.77,0.2,0.17,0.78,0.12,1.33,0.1,0.01,0.0,0.135,1.3893129770992367,1.2808166136806227,0.101,,0.008,,0.0,,False,96.0,99.0,96.0,88.0,93.0,91.0,91.0,92.0,94.0,high,high,high,high,high,high,high,high,high,2026-07-24
hitter,TEX,SEA,Evan Carter,694497,5.0,CF,Confirmed,2.77,,,,,0.63,0.22,,,,,0.6376609583180349,0.624958044527928,0.2511497161349867,0.19051313589311963,0.5290322580645161,0.43029672743569547,0.07042185316061025,0.057023756706611646,,,0.47,0.16,0.14,0.64,0.06,0.79,0.07,0.01,0.0,0.149,0.9875776397515532,0.6361817890112018,0.075,,0.007,,0.0,,False,96.0,99.0,96.0,88.0,93.0,91.0,91.0,92.0,94.0,high,high,high,high,high,high,high,high,high,2026-07-24
hitter,TEX,SEA,Jake Burger,669394,6.0,1B,Confirmed,3.48,,,,,0.76,0.23,,,,,0.746143607197411,0.7760655067207248,0.24968881959393632,0.2043125403119179,0.707983193277311,0.6489223785975686,0.15121676019301436,0.13357888180738828,,,0.68,0.15,0.15,0.66,0.14,1.24,0.09,0.01,0.0,0.127,1.3148148148148149,1.1812037559106332,0.092,,0.006,,0.0,,False,96.0,99.0,96.0,88.0,93.0,91.0,91.0,92.0,94.0,high,high,high,high,high,high,high,high,high,2026-07-24
hitter,TEX,SEA,Nicky Lopez,670032,7.0,SS,Confirmed,2.9,,,,,0.41,0.16,,,,,0.40094952842554565,0.4138377239048781,0.17340276907783092,0.15080350222213323,0.5846774193548387,0.48257742260323344,0.04073405390159808,0.0338614305440771,,,0.53,0.14,0.12,0.59,0.04,0.79,0.09,0.01,0.0,0.14,0.8408408408408409,0.743212062520423,0.088,,0.006,,0.0,,False,96.0,99.0,96.0,88.0,93.0,91.0,91.0,92.0,94.0,high,high,high,high,high,high,high,high,high,2026-07-24
hitter,TEX,SEA,Elias Díaz,553869,8.0,C,Confirmed,3.02,,,,,0.62,0.15,,,,,0.6003145173826608,0.6477281815347216,0.17356289636084588,0.13529388486682425,0.6434108527131783,0.5234166546619203,0.09458115406617731,0.07935360628944273,,,0.58,0.15,0.13,0.63,0.09,0.91,0.09,0.01,0.0,0.141,1.001763668430335,0.8380430566536333,0.089,,0.006,,0.0,,False,96.0,99.0,96.0,88.0,93.0,91.0,91.0,92.0,94.0,high,high,high,high,high,high,high,high,high,2026-07-24
hitter,TEX,SEA,Cam Cauley,695508,9.0,2B,Confirmed,2.55,,,,,0.51,0.18,,,,,0.520070779143452,0.49322205737162694,0.21514624452040945,0.1397248723563875,0.5290322580645161,0.43612767396454316,0.04317876460023227,0.04465576130135913,,,0.48,0.14,0.12,0.59,0.04,0.72,0.1,0.01,0.0,0.163,0.7899761336515513,0.6592910402329075,0.104,,0.009,,0.0,,False,96.0,99.0,96.0,88.0,93.0,91.0,91.0,92.0,94.0,high,high,high,high,high,high,high,high,high,2026-07-24
hitter,SEA,TEX,Randy Arozarena,668227,1.0,LF,Confirmed,4.51,,,,,1.37,0.44,,,,,1.317774350600754,1.4305782367988709,0.4107342883446645,0.4611991274135258,0.6434108527131783,0.6488570636978791,0.1379324886637333,0.18091121654591033,,,0.65,0.58,0.46,2.13,0.16,1.23,0.22,0.01,0.0,0.315,1.1521739130434783,1.2972084791246026,0.223,,0.011,,0.0,,False,96.0,99.0,96.0,88.0,93.0,91.0,91.0,92.0,94.0,high,high,high,high,high,high,high,high,high,2026-07-24
hitter,SEA,TEX,Julio Rodríguez,677594,2.0,CF,Confirmed,4.25,,,,,1.03,0.5,,,,,1.0047487063707403,1.0625686637946543,0.5000617935723044,0.49948526098712437,0.4125159642401022,0.5036255808238704,0.0422309995772091,0.03148011612354111,,,0.46,0.59,0.49,2.18,0.04,0.74,0.21,0.01,0.0,0.337,0.6720588235294118,0.7941628522660565,0.205,,0.011,,0.0,,False,96.0,99.0,96.0,88.0,93.0,91.0,91.0,92.0,94.0,high,high,high,high,high,high,high,high,high,2026-07-24
hitter,SEA,TEX,Dominic Canzone,686527,3.0,RF,Confirmed,3.96,,,,,0.82,0.38,,,,,0.7828627283673248,0.8622524911433904,0.38306720792075377,0.37706706644275517,0.8770949720670391,0.8142197124681334,0.18050275277797767,0.1870100649104986,,,0.84,0.46,0.42,1.78,0.18,1.59,0.15,0.01,0.0,0.282,1.5956790123456794,1.5778525557199292,0.152,,0.009,,0.0,,False,96.0,99.0,96.0,88.0,93.0,91.0,91.0,92.0,94.0,high,high,high,high,high,high,high,high,high,2026-07-24
hitter,SEA,TEX,Cal Raleigh,663728,4.0,C,Confirmed,4.26,,,,,1.49,0.55,,,,,1.5053003689968236,1.4786117633394733,0.5577059670885903,0.5424529192238076,0.6434108527131783,0.6258029632828721,0.3024834273627716,0.2609710736757505,,,0.63,0.68,0.65,2.43,0.28,1.42,0.25,0.01,0.0,0.388,1.3893129770992367,1.4420117991377017,0.251,,0.008,,0.0,,False,96.0,99.0,96.0,88.0,93.0,91.0,91.0,92.0,94.0,high,high,high,high,high,high,high,high,high,2026-07-24
hitter,SEA,TEX,Josh Naylor,647304,5.0,1B,Confirmed,4.45,,,,,0.76,0.35,,,,,0.7256571069826935,0.7856985431168093,0.3380816259597199,0.35979758286165636,0.7061469265367316,0.7030527667187884,0.11176424058122852,0.15545060689827747,,,0.7,0.55,0.5,2.15,0.13,1.24,0.24,0.01,0.0,0.308,1.1521739130434783,1.318489021251898,0.244,,0.009,,0.0,,False,96.0,99.0,96.0,88.0,93.0,91.0,91.0,92.0,94.0,high,high,high,high,high,high,high,high,high,2026-07-24
hitter,SEA,TEX,Cole Young,702284,6.0,2B,Confirmed,4.14,,,,,0.89,0.29,,,,,0.8378577188229182,0.9344435492239523,0.27177129912930864,0.31000436930882375,0.5290322580645161,0.5951189602728577,0.12133310322053725,0.12646201236177596,,,0.57,0.43,0.45,1.87,0.12,1.13,0.22,0.01,0.0,0.293,1.1238670694864048,1.1397882672392992,0.217,,0.01,,0.0,,False,96.0,99.0,96.0,88.0,93.0,91.0,91.0,92.0,94.0,high,high,high,high,high,high,high,high,high,2026-07-24
hitter,SEA,TEX,Mitch Garver,641598,7.0,DH,Confirmed,3.48,,,,,1.17,0.35,,,,,1.1142357143160757,1.2235262501675426,0.3611508162887659,0.3304931203979487,0.35424354243542433,0.3018425893016065,0.10796700772233708,0.10139029977534385,,,0.33,0.34,0.3,1.35,0.1,0.66,0.15,0.01,0.0,0.282,0.6720588235294118,0.65389905603721,0.152,,0.011,,0.0,,False,96.0,99.0,96.0,88.0,93.0,91.0,91.0,92.0,94.0,high,high,high,high,high,high,high,high,high,2026-07-24
hitter,SEA,TEX,Weston Wilson,642215,8.0,3B,Confirmed,2.77,,,,,0.63,0.25,,,,,0.5995018516984367,0.6509717555906154,0.278496203488501,0.2195521118431259,0.5846774193548387,0.43245436914325447,0.10209202553712993,0.09472564274929078,,,0.5,0.28,0.25,1.17,0.1,0.85,0.12,0.01,0.0,0.28,0.9875776397515532,0.7421235320605638,0.12,,0.009,,0.0,,False,96.0,99.0,96.0,88.0,93.0,91.0,91.0,92.0,94.0,high,high,high,high,high,high,high,high,high,2026-07-24
hitter,SEA,TEX,Colt Emerson,806068,9.0,SS,Confirmed,3.49,,,,,1.25,0.27,,,,,1.2325726090346103,1.2663744935235217,0.26616966999936853,0.2805456464955136,0.3344051446945337,0.37715875653547026,0.07596397005648783,0.07838550497812088,,,0.36,0.32,0.29,1.31,0.08,0.67,0.17,0.01,0.0,0.258,0.6720588235294118,0.6649986244702156,0.166,,0.009,,0.0,,False,96.0,99.0,96.0,88.0,93.0,91.0,91.0,92.0,94.0,high,high,high,high,high,high,high,high,high,2026-07-24
hitter,MIN,ATH,Austin Martin,668885,1.0,LF,Confirmed,3.33,,,,,0.85,0.3,,,,,0.8712692405130822,0.8355799378815618,0.299419511614173,0.295567272790616,0.7061469265367316,0.6109356362325391,0.024880875406783815,0.012455207852470934,,,0.65,0.38,0.25,1.33,0.02,0.85,0.12,0.01,0.0,0.299,0.8666666666666667,0.8395849984725469,0.123,,0.009,,0.0,,False,96.0,99.0,96.0,88.0,93.0,91.0,91.0,92.0,94.0,high,high,high,high,high,high,high,high,high,2026-07-24
hitter,MIN,ATH,Byron Buxton,621439,2.0,CF,Confirmed,4.18,,,,,1.35,0.37,,,,,1.3072350230830958,1.4022457488303142,0.37104385660350614,0.37511931904555595,0.8888888888888888,0.9131851609720297,0.06863389899137395,0.07431847522298947,,,0.9,0.56,0.41,2.07,0.07,1.36,0.25,0.01,0.0,0.348,1.3148148148148149,1.400952038288155,0.25,,0.014,,0.0,,False,96.0,99.0,96.0,88.0,93.0,91.0,91.0,92.0,94.0,high,high,high,high,high,high,high,high,high,2026-07-24
hitter,MIN,ATH,Ryan Jeffers,680777,3.0,C,Confirmed,4.48,,,,,0.96,0.19,,,,,0.9138320899929556,0.9994752380091931,0.19340237237477287,0.19196079081336576,0.994208494208494,0.9893012953439113,0.25819298353924486,0.298532976034872,,,0.99,0.58,0.45,2.13,0.28,1.98,0.19,0.01,0.0,0.333,1.914285714285714,2.026558190182685,0.189,,0.008,,0.0,,False,96.0,99.0,96.0,88.0,93.0,91.0,91.0,92.0,94.0,high,high,high,high,high,high,high,high,high,2026-07-24
hitter,MIN,ATH,Josh Bell,605137,4.0,DH,Confirmed,4.74,,,,,1.11,0.39,,,,,1.0818641609591404,1.1470530235247545,0.3852025229008552,0.386251272718722,1.0980834272829765,1.1464333733801535,0.09688568461224101,0.08762111983895539,,,1.12,0.63,0.52,2.32,0.09,1.83,0.28,0.01,0.0,0.342,1.914285714285714,1.7690124694762195,0.278,,0.012,,0.0,,False,96.0,99.0,96.0,88.0,93.0,91.0,91.0,92.0,94.0,high,high,high,high,high,high,high,high,high,2026-07-24
hitter,MIN,ATH,Royce Lewis,668904,5.0,2B,Confirmed,4.68,,,,,1.39,0.31,,,,,1.288060987786968,1.4834539181568651,0.3080888439258288,0.31378285632994224,0.994208494208494,1.0909391369668207,0.0635487657462363,0.07253401101242252,,,1.05,0.55,0.46,2.11,0.07,1.6,0.21,0.01,0.0,0.299,1.5956790123456794,1.6111203926039843,0.21,,0.009,,0.0,,False,96.0,99.0,96.0,88.0,93.0,91.0,91.0,92.0,94.0,high,high,high,high,high,high,high,high,high,2026-07-24
hitter,MIN,ATH,Victor Caratini,605170,6.0,1B,Confirmed,4.68,,,,,1.03,0.4,,,,,0.952199329923385,1.1124082029313376,0.3780672040734502,0.41898276691627506,1.0980834272829765,1.1314754222836476,0.06200687357639446,0.05560537482209714,,,1.12,0.51,0.47,2.12,0.06,1.57,0.23,0.01,0.0,0.324,1.4759615384615385,1.641049731541852,0.233,,0.009,,0.0,,False,96.0,99.0,96.0,88.0,93.0,91.0,91.0,92.0,94.0,high,high,high,high,high,high,high,high,high,2026-07-24
hitter,MIN,ATH,Luke Keaschall,807712,7.0,RF,Confirmed,4.51,,,,,0.8,0.44,,,,,0.7484444355752722,0.8527405608998787,0.42243882741883587,0.45655479911655483,1.0980834272829765,1.1466624046900242,0.0373414787261255,0.028813866663355957,,,1.12,0.51,0.4,2.04,0.03,1.51,0.24,0.01,0.0,0.336,1.4476190476190476,1.554596796076591,0.241,,0.01,,0.0,,False,96.0,99.0,96.0,88.0,93.0,91.0,91.0,92.0,94.0,high,high,high,high,high,high,high,high,high,2026-07-24
hitter,MIN,ATH,Brooks Lee,686797,8.0,3B,Confirmed,4.74,,,,,0.99,0.4,,,,,0.898556539504582,1.088156802162991,0.38714100495053017,0.4220368471172837,1.0980834272829765,1.1707484237410917,0.05780831142176728,0.07487233958078558,,,1.14,0.51,0.41,2.07,0.07,1.55,0.18,0.01,0.0,0.318,1.4759615384615385,1.6089488296118701,0.185,,0.01,,0.0,,False,96.0,99.0,96.0,88.0,93.0,91.0,91.0,92.0,94.0,high,high,high,high,high,high,high,high,high,2026-07-24
hitter,MIN,ATH,Ryan Kreidler,668952,9.0,SS,Confirmed,4.18,,,,,1.17,0.36,,,,,1.0186005209146363,1.3210999272295965,0.35069753652960967,0.37440819132156344,0.8694581280788177,0.8475745643340179,0.03665047361788862,0.04439223587964576,,,0.86,0.48,0.38,1.95,0.04,1.31,0.19,0.01,0.0,0.335,1.3148148148148149,1.3091895355435565,0.194,,0.012,,0.0,,False,96.0,99.0,96.0,88.0,93.0,91.0,91.0,92.0,94.0,high,high,high,high,high,high,high,high,high,2026-07-24
hitter,ATH,MIN,Jacob Wilson,805779,1.0,SS,Confirmed,4.26,,,,,0.44,0.32,,,,,0.37246709736848194,0.5076120390436506,0.30827372618035387,0.3391417445607743,0.6434108527131783,0.6214326105858404,0.026270646335972894,0.01292160121102102,,,0.63,0.49,0.36,1.66,0.02,0.82,0.12,0.01,0.0,0.293,0.7899761336515513,0.8424449127480819,0.125,,0.008,,0.0,,False,96.0,99.0,96.0,88.0,93.0,91.0,91.0,92.0,94.0,high,high,high,high,high,high,high,high,high,2026-07-24
hitter,ATH,MIN,Tyler Soderstrom,691016,2.0,LF,Confirmed,3.96,,,,,1.14,0.43,,,,,1.0665373229699582,1.2101821006270923,0.44589718002890033,0.4177410952336413,0.6434108527131783,0.6112585735760204,0.12916692112031353,0.12162886393373631,,,0.63,0.52,0.38,1.56,0.13,1.15,0.09,0.01,0.0,0.334,1.1521739130434783,1.150043703004291,0.09,,0.007,,0.0,,False,96.0,99.0,96.0,88.0,93.0,91.0,91.0,92.0,94.0,high,high,high,high,high,high,high,high,high,2026-07-24
hitter,ATH,MIN,Shea Langeliers,669127,3.0,C,Confirmed,4.45,,,,,0.66,0.39,,,,,0.7052308441915742,0.6247359513486214,0.3710657269291091,0.40273640646032033,1.4947368421052631,1.276373002160373,0.22275765547437346,0.22378040245778238,,,1.37,0.57,0.5,1.77,0.22,2.08,0.11,0.01,0.0,0.319,2.057017543859649,2.1016755092040578,0.11,,0.007,,0.0,,False,96.0,99.0,96.0,88.0,93.0,91.0,91.0,92.0,94.0,high,high,high,high,high,high,high,high,high,2026-07-24
hitter,ATH,MIN,Carlos Cortes,666126,4.0,DH,Confirmed,3.09,,,,,0.8,0.06,,,,,0.7197791658473183,0.8846732552293053,0.07879280754406576,0.041242496062908765,0.2543859649122807,0.2911105761803549,0.022174395636202784,0.030475951525913127,,,0.27,0.33,0.27,1.01,0.03,0.41,0.08,0.01,0.0,0.271,0.3888888888888889,0.42180182369039887,0.076,,0.007,,0.0,,False,96.0,99.0,96.0,88.0,93.0,91.0,91.0,92.0,94.0,high,high,high,high,high,high,high,high,high,2026-07-24
hitter,ATH,MIN,Donovan Walton,622268,5.0,2B,Confirmed,3.74,,,,,0.87,0.14,,,,,0.8352993103976788,0.8959880808308581,0.1418073160435803,0.12851579588496279,1.0980834272829765,0.955218743995291,0.04078599862929413,0.04884037926615274,,,1.02,0.45,0.39,1.48,0.04,1.28,0.1,0.01,0.0,0.309,1.3148148148148149,1.2537057872312378,0.099,,0.007,,0.0,,False,96.0,99.0,96.0,88.0,93.0,91.0,91.0,92.0,94.0,high,high,high,high,high,high,high,high,high,2026-07-24
hitter,ATH,MIN,Tommy White,695720,6.0,3B,Confirmed,2.55,,,,,0.64,0.12,,,,,0.5167661629712988,0.7678957355014742,0.1396071112481467,0.09871759885149556,0.4125159642401022,0.33148920630875434,0.07916155608181519,0.09551623842392239,,,0.37,0.2,0.19,0.73,0.09,0.74,0.07,0.01,0.0,0.235,0.7899761336515513,0.7017820221362767,0.072,,0.006,,0.0,,False,96.0,99.0,96.0,88.0,93.0,91.0,91.0,92.0,94.0,high,high,high,high,high,high,high,high,high,2026-07-24
hitter,ATH,MIN,Jeff McNeil,643446,7.0,1B,Confirmed,3.33,,,,,0.47,0.09,,,,,0.4562738252600935,0.49063259184580377,0.09023724280640591,0.09541581505076199,0.5290322580645161,0.5059865773113951,0.021156618442382966,0.02977034241886189,,,0.52,0.34,0.29,1.17,0.03,0.77,0.1,0.01,0.0,0.303,0.7899761336515513,0.7530173349625181,0.099,,0.01,,0.0,,False,96.0,99.0,96.0,88.0,93.0,91.0,91.0,92.0,94.0,high,high,high,high,high,high,high,high,high,2026-07-24
hitter,ATH,MIN,Lawrence Butler,671732,8.0,RF,Confirmed,3.55,,,,,1.35,0.13,,,,,1.2486215344114153,1.4491639946623789,0.1289941825273632,0.12339976375382183,0.3344051446945337,0.304215739717694,0.027601913558351326,0.03886758499499561,,,0.32,0.36,0.28,1.06,0.03,0.48,0.09,0.01,0.0,0.311,0.44025157232704404,0.5084166431633288,0.089,,0.007,,0.0,,False,96.0,99.0,96.0,88.0,93.0,91.0,91.0,92.0,94.0,high,high,high,high,high,high,high,high,high,2026-07-24
hitter,ATH,MIN,Henry Bolte,703607,9.0,CF,Confirmed,3.96,,,,,1.33,0.1,,,,,1.2033978919285744,1.4602024047296456,0.09917011548509351,0.09093838318877216,0.35424354243542433,0.4608090640291343,0.025200975798928233,0.012413361321567508,,,0.41,0.39,0.31,1.41,0.02,0.52,0.11,0.01,0.0,0.294,0.44025157232704404,0.5856161283648044,0.11,,0.006,,0.0,,False,96.0,99.0,96.0,88.0,93.0,91.0,91.0,92.0,94.0,high,high,high,high,high,high,high,high,high,2026-07-24
hitter,STL,CIN,JJ Wetherholt,802139,1.0,2B,Confirmed,4.74,,,,,0.45,0.4,,,,,0.4734475845500544,0.4363501374105168,0.39911987973751384,0.4031526113734627,0.994208494208494,0.9300193977877872,0.029302721321989945,0.02741106765431696,,,0.96,0.73,0.58,2.81,0.03,1.24,0.27,0.01,0.0,0.378,1.239368165249089,1.238565056556237,0.268,,0.01,,0.0,,False,96.0,99.0,96.0,88.0,93.0,91.0,91.0,92.0,94.0,high,high,high,high,high,high,high,high,high,2026-07-24
hitter,STL,CIN,Jordan Walker,691023,2.0,RF,Confirmed,4.74,,,,,0.8,0.39,,,,,0.6823728048614944,0.9149286548806241,0.3613246897925838,0.4112642991497412,0.8949771689497716,0.9748392911052267,0.04164995723734786,0.04074475589914212,,,0.94,0.73,0.59,2.81,0.04,1.29,0.29,0.01,0.0,0.373,1.239368165249089,1.330639731741098,0.287,,0.013,,0.0,,False,96.0,99.0,96.0,88.0,93.0,91.0,91.0,92.0,94.0,high,high,high,high,high,high,high,high,high,2026-07-24
hitter,STL,CIN,Alec Burleson,676475,3.0,1B,Confirmed,4.51,,,,,0.42,0.29,,,,,0.4446526361535955,0.40203007941025093,0.277043460487413,0.29321013171347815,0.8694581280788177,0.9314245185078537,0.03285745428563588,0.007650523158131985,,,0.9,0.73,0.68,2.9,0.02,1.22,0.32,0.01,0.0,0.393,1.239368165249089,1.210440955113404,0.319,,0.009,,0.0,,False,96.0,99.0,96.0,88.0,93.0,91.0,91.0,92.0,94.0,high,high,high,high,high,high,high,high,high,2026-07-24
hitter,STL,CIN,Iván Herrera,671056,4.0,DH,Confirmed,4.74,,,,,0.51,0.4,,,,,0.48927682423342045,0.5370702728730102,0.3687627198292768,0.42426147985035145,0.994208494208494,0.9842262190104032,0.035719582592183274,0.034014432767444605,,,0.99,0.74,0.67,2.92,0.03,1.32,0.3,0.01,0.0,0.385,1.239368165249089,1.3791697612575342,0.296,,0.009,,0.0,,False,96.0,99.0,96.0,88.0,93.0,91.0,91.0,92.0,94.0,high,high,high,high,high,high,high,high,high,2026-07-24
hitter,STL,CIN,Lars Nootbaar,663457,5.0,CF,Confirmed,4.51,,,,,0.61,0.41,,,,,0.5671110655286982,0.6613522480072872,0.40635792728141196,0.41105203014256464,0.8694581280788177,0.9024684753275195,0.028967472456222,0.027474989520708412,,,0.89,0.73,0.66,2.88,0.03,1.27,0.26,0.01,0.0,0.395,1.239368165249089,1.2918266760578538,0.259,,0.01,,0.0,,False,96.0,99.0,96.0,88.0,93.0,91.0,91.0,92.0,94.0,high,high,high,high,high,high,high,high,high,2026-07-24
hitter,STL,CIN,Masyn Winn,691026,6.0,SS,Confirmed,4.68,,,,,0.49,0.28,,,,,0.47153322145520493,0.5070132425763129,0.2687088059713234,0.2848545830018389,0.8949771689497716,1.0183674036106152,0.035356665675017586,0.040990149150537815,,,0.96,0.62,0.66,2.78,0.04,1.37,0.23,0.01,0.0,0.364,1.3148148148148149,1.4188132035046777,0.228,,0.011,,0.0,,False,96.0,99.0,96.0,88.0,93.0,91.0,91.0,92.0,94.0,high,high,high,high,high,high,high,high,high,2026-07-24
hitter,STL,CIN,Nathan Church,701675,7.0,CF,Confirmed,3.96,,,,,0.57,0.26,,,,,0.5306135342911148,0.6135758713900626,0.26707571373070726,0.2576327749015605,0.707983193277311,0.7205876133343172,0.02942427045984019,0.02311552266295603,,,0.71,0.46,0.42,1.98,0.03,1.04,0.19,0.01,0.0,0.328,1.001763668430335,1.0634668761987751,0.193,,0.011,,0.0,,False,96.0,99.0,96.0,88.0,93.0,91.0,91.0,92.0,94.0,high,high,high,high,high,high,high,high,high,2026-07-24
hitter,STL,CIN,Blaze Jordan,691458,8.0,3B,Confirmed,3.02,,,,,0.36,0.15,,,,,0.3441407186885693,0.3708272407322722,0.15651081247787144,0.13534719158910663,0.5290322580645161,0.49979073768897125,0.020795872933516528,0.015826894737052507,,,0.51,0.3,0.28,1.29,0.02,0.67,0.15,0.02,0.0,0.284,0.6720588235294118,0.672771705594044,0.147,,0.017,,0.0,,False,96.0,99.0,96.0,88.0,93.0,91.0,91.0,92.0,94.0,high,high,high,high,high,high,high,high,high,2026-07-24
hitter,STL,CIN,Jimmy Crooks,699625,9.0,C,Confirmed,3.33,,,,,0.81,0.3,,,,,0.8156553089431509,0.7986294767778567,0.3444579591267316,0.2636218217627978,0.8770949720670391,0.7344885859875079,0.09607088602505681,0.07688245583214601,,,0.8,0.37,0.34,1.58,0.09,1.19,0.17,0.01,0.0,0.316,1.3148148148148149,1.0962087978250805,0.169,,0.014,,0.0,,False,96.0,99.0,96.0,88.0,93.0,91.0,91.0,92.0,94.0,high,high,high,high,high,high,high,high,high,2026-07-24
hitter,CIN,STL,Elly De La Cruz,682829,1.0,SS,Confirmed,4.18,,,,,0.97,0.2,,,,,0.9407379064598763,0.9933201682812158,0.20229666291445095,0.19577421056012154,0.707983193277311,0.7582067833942849,0.11783049897414555,0.13464516966034085,,,0.74,0.42,0.32,1.61,0.13,1.27,0.21,0.01,0.0,0.253,1.239368165249089,1.2911922984234507,0.211,,0.014,,0.0,,False,96.0,99.0,96.0,88.0,93.0,91.0,91.0,92.0,94.0,high,high,high,high,high,high,high,high,high,2026-07-24
hitter,CIN,STL,Sal Stewart,701398,2.0,1B,Confirmed,4.08,,,,,0.92,0.17,,,,,0.8764297913834335,0.9651674852280421,0.17184763586461652,0.16273172036643843,0.7061469265367316,0.6950840773118973,0.16966085478267284,0.160780597863587,,,0.7,0.42,0.32,1.61,0.17,1.27,0.18,0.01,0.0,0.254,1.239368165249089,1.292707340218253,0.179,,0.01,,0.0,,False,96.0,99.0,96.0,88.0,93.0,91.0,91.0,92.0,94.0,high,high,high,high,high,high,high,high,high,2026-07-24
hitter,CIN,STL,JJ Bleday,668709,3.0,LF,Confirmed,3.74,,,,,0.83,0.15,,,,,0.7716366053561647,0.8834450572707022,0.16291499130843687,0.1443050918941003,0.5290322580645161,0.5795831783986712,0.08826733523638303,0.08957657135325522,,,0.56,0.33,0.29,1.33,0.09,0.97,0.14,0.01,0.0,0.225,0.9875776397515532,0.9518361343317933,0.145,,0.007,,0.0,,False,96.0,99.0,96.0,88.0,93.0,91.0,91.0,92.0,94.0,high,high,high,high,high,high,high,high,high,2026-07-24
hitter,CIN,STL,Eugenio Suárez,553993,4.0,3B,Confirmed,3.89,,,,,0.97,0.16,,,,,0.8965613414687922,1.0525814589955576,0.1516106232659913,0.17092208503301995,0.5290322580645161,0.5700823364773656,0.19667625046332987,0.17961180395693224,,,0.55,0.39,0.35,1.54,0.19,1.18,0.15,0.01,0.0,0.247,1.1521739130434783,1.195242239005491,0.152,,0.007,,0.0,,False,96.0,99.0,96.0,88.0,93.0,91.0,91.0,92.0,94.0,high,high,high,high,high,high,high,high,high,2026-07-24
hitter,CIN,STL,Nathaniel Lowe,663993,5.0,DH,Confirmed,3.09,,,,,0.87,0.3,,,,,0.9317264132794262,0.8021472150094209,0.3329581121713261,0.2702914224475148,0.801980198019802,0.6481245803731701,0.03848349362593402,0.029109723697970068,,,0.72,0.26,0.22,1.01,0.03,1.09,0.13,0.01,0.0,0.214,1.239368165249089,0.9648278751403784,0.129,,0.009,,0.0,,False,96.0,99.0,96.0,88.0,93.0,91.0,91.0,92.0,94.0,high,high,high,high,high,high,high,high,high,2026-07-24
hitter,CIN,STL,Spencer Steer,668715,6.0,RF,Confirmed,3.54,,,,,0.81,0.13,,,,,0.8045505494240033,0.819202406150508,0.1389179457927738,0.1271016645681323,0.5290322580645161,0.5248071065007532,0.09595423996029753,0.08223148517395709,,,0.53,0.29,0.29,1.29,0.09,0.94,0.15,0.01,0.0,0.235,0.9875776397515532,0.8963210424168935,0.145,,0.008,,0.0,,False,96.0,99.0,96.0,88.0,93.0,91.0,91.0,92.0,94.0,high,high,high,high,high,high,high,high,high,2026-07-24
hitter,CIN,STL,Tyler Stephenson,663886,7.0,C,Confirmed,3.49,,,,,0.84,0.19,,,,,0.765929918771757,0.9177479155203505,0.19962278748698128,0.1840304465172873,0.4125159642401022,0.46420205455443936,0.09861689706475985,0.07930017451975767,,,0.44,0.3,0.26,1.26,0.09,0.8,0.14,0.01,0.0,0.243,0.8408408408408409,0.7740056688610857,0.137,,0.008,,0.0,,False,96.0,99.0,96.0,88.0,93.0,91.0,91.0,92.0,94.0,high,high,high,high,high,high,high,high,high,2026-07-24
hitter,CIN,STL,Dane Myers,667472,8.0,CF,Confirmed,1.84,,,,,0.61,0.09,,,,,0.7176473069337549,0.49874827916426384,0.11322564833246766,0.06481470334458576,0.4125159642401022,0.2881327042415299,0.06415409470777739,0.03823042821415152,,,0.34,0.17,0.15,0.73,0.05,0.61,0.11,0.01,0.0,0.27,0.7899761336515513,0.4586033357641903,0.106,,0.008,,0.0,,False,96.0,99.0,96.0,88.0,93.0,91.0,91.0,92.0,94.0,high,high,high,high,high,high,high,high,high,2026-07-24
hitter,CIN,STL,Edwin Arroyo,695490,9.0,2B,Confirmed,3.1,,,,,0.65,0.09,,,,,0.6232286682854076,0.6853086962395006,0.0946633125000246,0.08430114737320332,0.4803149606299212,0.519397491409731,0.05796321736924658,0.05480043321119312,,,0.5,0.28,0.25,1.23,0.06,0.76,0.15,0.01,0.0,0.255,0.7899761336515513,0.7337163214857017,0.154,,0.008,,0.0,,False,96.0,99.0,96.0,88.0,93.0,91.0,91.0,92.0,94.0,high,high,high,high,high,high,high,high,high,2026-07-24
hitter,SF,LAA,Luis Arraez,650333,1.0,2B,Confirmed,4.64,,,,,0.54,0.45,,,,,0.37295715324718637,0.6995356753636386,0.3879167686534454,0.5187964069681988,1.0980834272829765,1.0986580348669237,0.028904977336293353,0.02812483001019382,,,1.1,0.55,0.39,2.08,0.03,1.36,0.14,0.02,0.0,0.294,1.3148148148148149,1.4060071891665185,0.143,,0.015,,0.0,,False,96.0,99.0,96.0,88.0,93.0,91.0,91.0,92.0,94.0,high,high,high,high,high,high,high,high,high,2026-07-24
hitter,SF,LAA,Heliot Ramos,671218,2.0,LF,Confirmed,4.68,,,,,1.35,0.61,,,,,1.2737402226787475,1.4313755971064734,0.5992759516844611,0.6281666548095679,0.8949771689497716,1.0065301078103854,0.05423640775692142,0.05868509875382771,,,0.96,0.59,0.41,2.1,0.06,1.31,0.24,0.01,0.0,0.326,1.3148148148148149,1.3141316578480389,0.236,,0.013,,0.0,,False,96.0,99.0,96.0,88.0,93.0,91.0,91.0,92.0,94.0,high,high,high,high,high,high,high,high,high,2026-07-24
hitter,SF,LAA,Bryce Eldridge,805811,3.0,DH,Confirmed,4.58,,,,,1.49,0.81,,,,,1.4667986898006609,1.5056045401791291,0.7619144661374706,0.8525892974470689,0.8694581280788177,0.8633547968972524,0.05641714813916495,0.08210688562296684,,,0.87,0.58,0.43,2.01,0.07,1.3,0.22,0.01,0.0,0.342,1.239368165249089,1.3457479563885886,0.218,,0.013,,0.0,,False,96.0,99.0,96.0,88.0,93.0,91.0,91.0,92.0,94.0,high,high,high,high,high,high,high,high,high,2026-07-24
hitter,SF,LAA,Rafael Devers,646240,4.0,1B,Confirmed,4.51,,,,,1.54,1.06,,,,,1.5287500553504645,1.552430331330928,1.1038050538782367,1.0062802667911415,0.7715355805243446,0.782438969342699,0.05635932900611582,0.052883616823148315,,,0.78,0.58,0.4,1.86,0.05,1.12,0.18,0.01,0.0,0.357,1.1521739130434783,1.0883648567486486,0.179,,0.01,,0.0,,False,96.0,99.0,96.0,88.0,93.0,91.0,91.0,92.0,94.0,high,high,high,high,high,high,high,high,high,2026-07-24
hitter,SF,LAA,Casey Schmitt,669477,5.0,3B,Confirmed,4.26,,,,,1.14,0.41,,,,,1.1024107716481968,1.1714645116343445,0.37914070444322123,0.4325495936229019,0.801980198019802,0.8324863803798802,0.05015990195460219,0.05387326653244451,,,0.82,0.47,0.39,1.75,0.05,1.22,0.19,0.01,0.0,0.283,1.239368165249089,1.2003823506611586,0.189,,0.008,,0.0,,False,96.0,99.0,96.0,88.0,93.0,91.0,91.0,92.0,94.0,high,high,high,high,high,high,high,high,high,2026-07-24
hitter,SF,LAA,Jung Hoo Lee,808982,6.0,RF,Confirmed,4.14,,,,,0.63,0.41,,,,,0.5819335341101756,0.6718360148341671,0.4043835048985457,0.40689611599578,0.8770949720670391,0.8970941091817065,0.024704185758641382,0.013765630935773893,,,0.89,0.38,0.35,1.61,0.02,1.11,0.18,0.02,0.0,0.278,1.1521739130434783,1.0701624687188174,0.185,,0.024,,0.0,,False,96.0,99.0,96.0,88.0,93.0,91.0,91.0,92.0,94.0,high,high,high,high,high,high,high,high,high,2026-07-24
hitter,SF,LAA,Willy Adames,642715,7.0,SS,Confirmed,4.25,,,,,1.4,0.67,,,,,1.3621441323646866,1.4300321056258858,0.6715830158286193,0.6706294165186831,0.707983193277311,0.7314081202943247,0.04538191524217489,0.039774741969476675,,,0.72,0.41,0.3,1.51,0.04,1.03,0.16,0.01,0.0,0.295,1.001763668430335,1.0480045711457315,0.16,,0.01,,0.0,,False,96.0,99.0,96.0,88.0,93.0,91.0,91.0,92.0,94.0,high,high,high,high,high,high,high,high,high,2026-07-24
hitter,SF,LAA,Drew Gilbert,687551,8.0,CF,Confirmed,3.54,,,,,0.88,0.27,,,,,0.8176700571648926,0.9373598510383678,0.26695429368614176,0.28057151353044507,0.801980198019802,0.682375538833644,0.19088126229684158,0.1908752707221109,,,0.74,0.33,0.25,1.29,0.19,1.6,0.12,0.01,0.0,0.275,1.684375,1.5309142515558605,0.125,,0.008,,0.0,,False,96.0,99.0,96.0,88.0,93.0,91.0,91.0,92.0,94.0,high,high,high,high,high,high,high,high,high,2026-07-24
hitter,SF,LAA,Daniel Susac,691740,9.0,C,Confirmed,3.02,,,,,0.93,0.17,,,,,0.8976618645987678,0.9609652890898275,0.18096698765538508,0.15282089182588812,0.4125159642401022,0.3903388947425804,0.06184688885408394,0.06955930719236604,,,0.4,0.28,0.23,1.16,0.07,0.64,0.14,0.01,0.0,0.281,0.6720588235294118,0.6186226323122682,0.136,,0.009,,0.0,,False,96.0,99.0,96.0,88.0,93.0,91.0,91.0,92.0,94.0,high,high,high,high,high,high,high,high,high,2026-07-24
hitter,LAA,SF,Zach Neto,687263,1.0,SS,Confirmed,4.74,,,,,1.67,0.27,,,,,1.5848552805543796,1.7569621272804365,0.2519924595497586,0.2960920638486696,1.1391752577319587,1.287593470800013,0.07889473475605452,0.09806019106284579,,,1.22,0.94,0.77,3.32,0.09,1.91,0.31,0.01,0.0,0.482,1.914285714285714,1.9002501977993822,0.309,,0.008,,0.0,,False,96.0,99.0,96.0,88.0,93.0,91.0,91.0,92.0,94.0,high,high,high,high,high,high,high,high,high,2026-07-24
hitter,LAA,SF,Mike Trout,545361,2.0,CF,Confirmed,4.97,,,,,1.32,0.78,,,,,1.2698591299195348,1.3639170098245041,0.702677673728757,0.8581829425609356,0.8770949720670391,0.9665312736767128,0.2714056748425758,0.2618638768641672,,,0.93,0.98,0.81,3.29,0.27,1.89,0.25,0.01,0.0,0.478,1.914285714285714,1.8694935014899456,0.252,,0.007,,0.0,,False,96.0,99.0,96.0,88.0,93.0,91.0,91.0,92.0,94.0,high,high,high,high,high,high,high,high,high,2026-07-24
hitter,LAA,SF,Nolan Schanuel,694384,3.0,1B,Confirmed,4.93,,,,,0.77,0.43,,,,,0.6335909650607943,0.9097938467499894,0.412148118061167,0.45337478283011473,0.8770949720670391,1.042137745633444,0.08874498538992834,0.10722733993837462,,,0.97,0.8,0.7,3.1,0.1,1.41,0.27,0.01,0.0,0.399,1.3148148148148149,1.488723369836374,0.269,,0.01,,0.0,,False,96.0,99.0,96.0,88.0,93.0,91.0,91.0,92.0,94.0,high,high,high,high,high,high,high,high,high,2026-07-24
hitter,LAA,SF,Jorge Soler,624585,4.0,DH,Confirmed,4.64,,,,,1.64,0.26,,,,,1.5568142203350301,1.7159023079309104,0.24727582801009926,0.26811125505014766,1.0980834272829765,1.1931927242720861,0.06605499525984627,0.08572811097464127,,,1.15,0.73,0.67,2.57,0.08,1.73,0.25,0.01,0.0,0.387,1.684375,1.7594866041944517,0.246,,0.008,,0.0,,False,96.0,99.0,96.0,88.0,93.0,91.0,91.0,92.0,94.0,high,high,high,high,high,high,high,high,high,2026-07-24
hitter,LAA,SF,Vaughn Grissom,687093,5.0,1B,Confirmed,4.04,,,,,0.83,0.18,,,,,0.7666542912460494,0.8881117552854628,0.16905401819683347,0.19631253162272683,1.0980834272829765,1.0974082829570582,0.036943209292771756,0.04126684375049176,,,1.1,0.61,0.54,2.29,0.04,1.36,0.26,0.01,0.0,0.374,1.3893129770992367,1.3443261282285504,0.257,,0.01,,0.0,,False,96.0,99.0,96.0,88.0,93.0,91.0,91.0,92.0,94.0,high,high,high,high,high,high,high,high,high,2026-07-24
hitter,LAA,SF,Wade Meckler,685133,6.0,LF,Confirmed,3.74,,,,,1.14,0.13,,,,,1.060303352636519,1.2129392609008145,0.13830800507678226,0.12117179646940816,1.0,0.9172435977035736,0.02809923567654967,0.023190570235311937,,,0.95,0.49,0.49,2.08,0.03,1.17,0.25,0.01,0.0,0.38,1.239368165249089,1.1152829545256584,0.247,,0.009,,0.0,,False,96.0,99.0,96.0,88.0,93.0,91.0,91.0,92.0,94.0,high,high,high,high,high,high,high,high,high,2026-07-24
hitter,LAA,SF,Jo Adell,666176,7.0,RF,Confirmed,4.51,,,,,1.36,0.15,,,,,1.2483020031254366,1.4786480152770873,0.15619379577969666,0.14089734221321054,1.1391752577319587,1.2616963201517328,0.07759994553553984,0.10095241942886539,,,1.21,0.8,0.79,3.2,0.09,1.9,0.35,0.01,0.0,0.485,1.914285714285714,1.88927961228178,0.347,,0.011,,0.0,,False,96.0,99.0,96.0,88.0,93.0,91.0,91.0,92.0,94.0,high,high,high,high,high,high,high,high,high,2026-07-24
hitter,LAA,SF,Denzer Guzman,694203,8.0,3B,Confirmed,4.68,,,,,1.52,0.18,,,,,1.3925647295027423,1.6395477943048689,0.174261127846213,0.1937596869946698,1.1391752577319587,1.2501203023039111,0.048319018464899055,0.0652902367244659,,,1.2,0.71,0.66,2.86,0.06,1.84,0.3,0.01,0.0,0.418,1.914285714285714,1.7774297050224264,0.296,,0.009,,0.0,,False,96.0,99.0,96.0,88.0,93.0,91.0,91.0,92.0,94.0,high,high,high,high,high,high,high,high,high,2026-07-24
hitter,LAA,SF,Tyler Heineman,623168,9.0,C,Confirmed,3.33,,,,,0.84,0.17,,,,,0.8056669412114074,0.8652595266300205,0.1737620546690957,0.15782982393173617,0.5290322580645161,0.5442380321617081,0.04212610563828316,0.04973105065148448,,,0.54,0.41,0.36,1.77,0.05,0.79,0.22,0.01,0.0,0.357,0.7899761336515513,0.7868240011673127,0.224,,0.01,,0.0,,False,96.0,99.0,96.0,88.0,93.0,91.0,91.0,92.0,94.0,high,high,high,high,high,high,high,high,high,2026-07-24
