player_type,team,opponent,player_name,mlb_id,lineup_spot,pos,lineup_status,proj_pa,proj_ip,proj_outs,proj_runs_allowed,proj_hits_allowed,proj_strikeouts,proj_walks,proj_hr_allowed,proj_er_model,proj_fip,proj_war_contribution,direct_K,rate_K,direct_BB,rate_BB,direct_H,rate_H,direct_HR,rate_HR,direct_R,rate_R,proj_hits,proj_runs,proj_rbi,proj_hrrbi,proj_hr,proj_tb,proj_2b,proj_3b,proj_sb,proj_woba,direct_TB,rate_TB,direct_2B,rate_2B,direct_3B,rate_3B,direct_SB,rate_SB,used_fallback,confidence_score,proj_pa_confidence_score,proj_hits_confidence_score,proj_hr_confidence_score,proj_strikeouts_confidence_score,proj_runs_confidence_score,proj_rbi_confidence_score,proj_hrrbi_confidence_score,proj_walks_confidence_score,confidence,proj_pa_confidence,proj_hits_confidence,proj_hr_confidence,proj_strikeouts_confidence,proj_runs_confidence,proj_rbi_confidence,proj_hrrbi_confidence,proj_walks_confidence,game_date
pitcher,CHC,STL,David Peterson,656849,,,,,4.61,14.0,2.56,5.0,3.76,1.91,0.55,2.43,4.47,0.045,3.8412698412698414,3.681977809520944,1.890295358649789,1.9646709666065398,4.879746835443039,5.505534915277983,0.547945205479452,0.5448472070051432,2.432,,,,,,,,,,,,,,,,,,,,,,,,,,,,,,,,,,,,,,,2026-07-03
pitcher,STL,CHC,Andre Pallante,669467,,,,,5.13,15.0,2.71,5.35,4.75,1.89,0.71,2.49,4.33,0.074,4.676567656765677,4.816749266927345,1.890295358649789,1.8708652059441744,5.3076923076923075,5.51786174638975,0.6666666666666666,0.813186576134988,2.49,,,,,,,,,,,,,,,,,,,,,,,,,,,,,,,,,,,,,,,2026-07-03
pitcher,WSH,PIT,Foster Griffin,656492,,,,,5.21,16.0,2.59,4.91,6.17,1.36,0.88,2.28,4.0,0.103,6.017094017094017,6.323128873107073,1.3455882352941178,1.3949231405521847,4.879746835443039,5.0333098236854905,0.869281045751634,0.8965857077382466,2.28,,,,,,,,,,,,,,,,,,,,,,,,,,,,,,,,,,,,,,,2026-07-03
pitcher,PIT,WSH,Mitch Keller,656605,,,,,4.79,14.0,2.76,4.88,4.78,1.93,0.87,2.48,4.96,0.051,4.676567656765677,4.882964964028157,1.890295358649789,2.041382631246275,4.879746835443039,4.858659276173211,0.869281045751634,0.8726985188581348,2.481,,,,,,,,,,,,,,,,,,,,,,,,,,,,,,,,,,,,,,,2026-07-03
pitcher,NYY,MIN,Gerrit Cole,543037,,,,,4.79,14.0,2.32,4.88,4.59,1.43,0.55,2.21,3.72,0.081,4.676567656765677,4.497510524090055,1.3455882352941178,1.6812829944533958,4.879746835443039,4.858659276173211,0.547945205479452,0.5661210675823506,2.212,,,,,,,,,,,,,,,,,,,,,,,,,,,,,,,,,,,,,,,2026-07-03
pitcher,MIN,NYY,Mike Paredes,702474,,,,,4.79,14.0,2.66,4.88,3.83,1.71,0.61,2.48,4.61,0.051,3.8412698412698414,3.8257426697625427,1.610062893081761,2.026480650190615,4.879746835443039,4.858659276173211,0.547945205479452,0.7592911695295503,2.481,,,,,,,,,,,,,,,,,,,,,,,,,,,,,,,,,,,,,,,2026-07-03
pitcher,CIN,BAL,Brady Singer,663903,,,,,5.13,15.0,2.61,4.94,4.95,1.96,0.67,2.28,4.23,0.097,4.676567656765677,5.229563729742055,1.890295358649789,2.170322700517297,4.879746835443039,5.203532794732478,0.625,0.7765544640205073,2.28,,,,,,,,,,,,,,,,,,,,,,,,,,,,,,,,,,,,,,,2026-07-03
pitcher,BAL,CIN,Trevor Rogers,669432,,,,,5.21,16.0,2.35,4.61,4.78,1.68,0.56,2.21,3.85,0.111,4.676567656765677,4.891864265242002,1.610062893081761,1.9000404918068519,4.486486486486487,5.091203252124897,0.5409836065573771,0.6157600755958343,2.212,,,,,,,,,,,,,,,,,,,,,,,,,,,,,,,,,,,,,,,2026-07-03
pitcher,CLE,CWS,Gavin Williams,668909,,,,,5.13,15.0,2.74,4.62,5.98,2.27,0.87,2.28,4.39,0.097,6.017094017094017,5.9388431077770045,2.163265306122449,2.579291945147967,4.525423728813561,5.0130273864492745,0.869281045751634,0.8828185567557015,2.28,,,,,,,,,,,,,,,,,,,,,,,,,,,,,,,,,,,,,,,2026-07-03
pitcher,CWS,CLE,Anthony Kay,641743,,,,,4.79,14.0,2.54,4.93,4.52,1.81,0.55,2.21,4.05,0.081,4.5344827586206895,4.497510524090055,1.836734693877551,1.7468702410277968,4.879746835443039,5.152155509786922,0.547945205479452,0.5661210675823506,2.212,,,,,,,,,,,,,,,,,,,,,,,,,,,,,,,,,,,,,,,2026-07-03
pitcher,ATL,NYM,Grant Holmes,656550,,,,,4.79,14.0,2.45,4.43,4.78,2.22,0.55,2.21,4.23,0.081,4.676567656765677,4.882964964028157,2.163265306122449,2.408344720713209,4.326530612244898,4.858659276173211,0.5409836065573771,0.5661210675823506,2.212,,,,,,,,,,,,,,,,,,,,,,,,,,,,,,,,,,,,,,,2026-07-03
pitcher,NYM,ATL,Christian Scott,681035,,,,,4.79,14.0,2.53,4.39,5.39,2.13,0.68,2.21,4.25,0.081,5.454545454545454,5.331254490887942,2.163265306122449,2.041382631246275,4.326530612244898,4.62755356150739,0.625,0.8243081650798851,2.212,,,,,,,,,,,,,,,,,,,,,,,,,,,,,,,,,,,,,,,2026-07-03
pitcher,COL,SF,Ryan Feltner,663372,,,,,4.79,14.0,2.93,5.52,3.83,1.93,0.84,3.08,5.3,-0.01,3.8412698412698414,3.8257426697625427,1.890295358649789,2.041382631246275,5.3076923076923075,6.386036678668229,0.7948717948717948,0.9510542321979162,3.075,,,,,,,,,,,,,,,,,,,,,,,,,,,,,,,,,,,,,,,2026-07-03
pitcher,SF,COL,Logan Webb,657277,,,,,5.67,17.0,2.55,5.66,5.3,1.34,0.58,2.28,3.44,0.136,5.275,5.323775505551276,1.2772277227722773,1.5180833410615906,5.387096774193548,6.771449668031706,0.547945205479452,0.6468478654827797,2.28,,,,,,,,,,,,,,,,,,,,,,,,,,,,,,,,,,,,,,,2026-07-03
pitcher,HOU,TB,Spencer Arrighetti,681293,,,,,5.21,16.0,2.56,4.63,5.63,1.97,0.79,2.21,4.21,0.111,5.454545454545454,5.798713131007553,1.890295358649789,2.220376515405656,4.525423728813561,5.0333098236854905,0.7441860465116279,0.8965857077382466,2.212,,,,,,,,,,,,,,,,,,,,,,,,,,,,,,,,,,,,,,,2026-07-03
pitcher,TB,HOU,Nick Martinez,607259,,,,,4.79,14.0,3.08,5.53,3.58,1.63,1.09,3.08,5.81,-0.01,3.6538461538461537,3.502400723636293,1.610062893081761,1.6812829944533958,5.387096774193548,6.094132954135056,1.1428571428571428,0.9510542321979162,3.075,,,,,,,,,,,,,,,,,,,,,,,,,,,,,,,,,,,,,,,2026-07-03
pitcher,BOS,LAA,Jake Bennett,687562,,,,,4.79,14.0,2.67,5.11,4.59,1.43,0.87,2.28,4.61,0.073,4.676567656765677,4.497510524090055,1.3455882352941178,1.6812829944533958,5.093457943925234,5.152155509786922,0.869281045751634,0.8726985188581348,2.28,,,,,,,,,,,,,,,,,,,,,,,,,,,,,,,,,,,,,,,2026-07-03
pitcher,ATH,MIA,Jack Perkins,678022,,,,,4.61,14.0,2.28,3.83,5.42,1.91,0.78,1.79,4.7,0.117,4.676567656765677,6.17129322506804,1.890295358649789,1.9646709666065398,3.68,4.453658020573918,0.7580645161290323,0.8399040024918583,1.789,,,,,,,,,,,,,,,,,,,,,,,,,,,,,,,,,,,,,,,2026-07-03
pitcher,AZ,MIL,Jose Cabrera,703615,,,,,4.61,14.0,2.77,5.41,3.61,1.7,0.76,3.0,4.84,-0.013,3.8412698412698414,3.370786500201109,1.610062893081761,1.9646709666065398,5.387096774193548,5.505534915277983,0.7441860465116279,0.7933320753691587,3.0,,,,,,,,,,,,,,,,,,,,,,,,,,,,,,,,,,,,,,,2026-07-03
pitcher,MIL,AZ,Kyle Harrison,690986,,,,,4.79,14.0,2.48,4.43,5.78,1.72,0.88,2.21,4.35,0.081,6.017094017094017,5.545235572368783,1.610062893081761,2.041382631246275,4.326530612244898,4.858659276173211,0.869281045751634,0.907982663950451,2.212,,,,,,,,,,,,,,,,,,,,,,,,,,,,,,,,,,,,,,,2026-07-03
pitcher,LAD,SD,Shohei Ohtani,660271,,,,,5.24,16.0,2.4,4.61,6.83,1.47,0.8,1.79,3.48,0.163,6.649122807017544,7.014658676650006,1.3455882352941178,1.839232336312274,4.500000000000001,5.062292413841068,0.7580645161290323,0.901748389356701,1.789,,,,,,,,,,,,,,,,,,,,,,,,,,,,,,,,,,,,,,,2026-07-03
pitcher,SD,LAD,Michael King,650633,,,,,5.13,15.0,2.89,4.86,4.75,2.39,0.91,2.43,5.11,0.08,4.676567656765677,4.816749266927345,2.3333333333333335,2.579291945147967,4.694367088607596,5.51786174638975,0.869281045751634,1.0185612131889998,2.432,,,,,,,,,,,,,,,,,,,,,,,,,,,,,,,,,,,,,,,2026-07-03
pitcher,SEA,TOR,Luis Castillo,622491,,,,,4.79,14.0,2.35,4.57,4.78,1.63,0.55,2.21,3.89,0.081,4.676567656765677,4.882964964028157,1.610062893081761,1.6812829944533958,4.500000000000001,4.858659276173211,0.5409836065573771,0.5661210675823506,2.212,,,,,,,,,,,,,,,,,,,,,,,,,,,,,,,,,,,,,,,2026-07-03
pitcher,TOR,SEA,Dylan Cease,656302,,,,,5.21,16.0,2.45,4.47,6.85,2.18,0.56,1.79,3.41,0.162,6.649122807017544,7.047496679501248,2.163265306122449,2.220376515405656,4.326530612244898,5.0333098236854905,0.5409836065573771,0.5943699081420252,1.789,,,,,,,,,,,,,,,,,,,,,,,,,,,,,,,,,,,,,,,2026-07-03
hitter,CHC,STL,Pete Crow-Armstrong,691718,1.0,CF,Confirmed,4.74,,,,,1.36,0.67,,,,,1.3705041219457557,1.3566723821575215,0.6540481952836147,0.6805893849499716,1.0980834272829765,1.1547371866423646,0.4349222540816678,0.4925901144349007,,,1.13,0.69,0.54,2.72,0.46,2.9,0.41,0.01,0.0,0.367,2.552380952380952,3.193476997557444,0.414,,0.011,,0.0,,False,96.0,99.0,96.0,88.0,93.0,91.0,91.0,92.0,94.0,high,high,high,high,high,high,high,high,high,2026-07-03
hitter,CHC,STL,Alex Bregman,608324,2.0,3B,Confirmed,4.93,,,,,0.85,0.86,,,,,0.8170524490177785,0.8847521172097111,0.8127656517641205,0.9103977289536475,1.0980834272829765,1.178249337242963,0.41516818035878145,0.4660795921763562,,,1.14,0.7,0.52,2.72,0.44,2.53,0.33,0.01,0.0,0.359,2.456692913385827,2.5837474898351847,0.326,,0.008,,0.0,,False,96.0,99.0,96.0,88.0,93.0,91.0,91.0,92.0,94.0,high,high,high,high,high,high,high,high,high,2026-07-03
hitter,CHC,STL,Michael Busch,683737,3.0,1B,Confirmed,4.74,,,,,1.31,0.81,,,,,1.2665046226884265,1.3488978315645177,0.8021492129002304,0.8204411639449906,1.0,0.9951113438707911,0.33680485943652794,0.43135676851328186,,,1.0,0.56,0.46,2.2,0.38,2.45,0.3,0.01,0.0,0.306,2.25,2.6186796292753916,0.3,,0.007,,0.0,,False,96.0,99.0,96.0,88.0,93.0,91.0,91.0,92.0,94.0,high,high,high,high,high,high,high,high,high,2026-07-03
hitter,CHC,STL,Seiya Suzuki,673548,4.0,RF,Confirmed,4.93,,,,,1.4,0.76,,,,,1.376998084362502,1.4310850616870459,0.7558879110042946,0.7737474714313095,1.0980834272829765,1.1792909033954515,0.4144948912901647,0.48912783810558713,,,1.14,0.69,0.59,2.77,0.45,2.64,0.28,0.01,0.0,0.348,2.456692913385827,2.78257198133498,0.283,,0.012,,0.0,,False,96.0,99.0,96.0,88.0,93.0,91.0,91.0,92.0,94.0,high,high,high,high,high,high,high,high,high,2026-07-03
hitter,CHC,STL,Ian Happ,664023,5.0,LF,Confirmed,4.74,,,,,1.39,0.87,,,,,1.3830506442042194,1.3937672705032993,0.8994334840301096,0.8470600208805612,1.0,1.063595394355215,0.40067547867187947,0.490056074859062,,,1.03,0.7,0.6,2.8,0.45,2.55,0.3,0.01,0.0,0.369,2.456692913385827,2.631038319708276,0.3,,0.008,,0.0,,False,96.0,99.0,96.0,88.0,93.0,91.0,91.0,92.0,94.0,high,high,high,high,high,high,high,high,high,2026-07-03
hitter,CHC,STL,Nico Hoerner,663538,6.0,SS,Confirmed,4.74,,,,,0.54,0.45,,,,,0.4456683889155886,0.6313602511599835,0.4491066135171816,0.44652559434149214,1.1391752577319587,1.2312762374035384,0.14301159500766786,0.16892074378381325,,,1.19,0.61,0.61,2.83,0.16,1.95,0.28,0.02,0.0,0.358,2.057017543859649,1.8679410608649754,0.276,,0.019,,0.0,,False,96.0,99.0,96.0,88.0,93.0,91.0,91.0,92.0,94.0,high,high,high,high,high,high,high,high,high,2026-07-03
hitter,CHC,STL,Michael Conforto,624424,7.0,DH,Confirmed,3.96,,,,,1.12,0.53,,,,,1.0415322542898136,1.2018805873034815,0.49382736732283217,0.5702860080470852,0.801980198019802,0.7531615040753882,0.22427768106537282,0.25274660960393575,,,0.78,0.37,0.32,1.58,0.24,1.55,0.18,0.01,0.0,0.27,1.4759615384615385,1.6031807842776187,0.184,,0.011,,0.0,,False,96.0,99.0,96.0,88.0,93.0,91.0,91.0,92.0,94.0,high,high,high,high,high,high,high,high,high,2026-07-03
hitter,CHC,STL,Carson Kelly,608348,8.0,C,Confirmed,4.14,,,,,0.67,0.5,,,,,0.6319250099293292,0.6983683733533953,0.5214294254731805,0.48407007083298675,0.994208494208494,0.989914105493387,0.2329380795143112,0.24652120812509787,,,0.99,0.45,0.38,1.93,0.24,1.88,0.25,0.01,0.0,0.317,1.914285714285714,1.859746634006662,0.253,,0.01,,0.0,,False,96.0,99.0,96.0,88.0,93.0,91.0,91.0,92.0,94.0,high,high,high,high,high,high,high,high,high,2026-07-03
hitter,CHC,STL,Dansby Swanson,621020,9.0,SS,Confirmed,4.64,,,,,1.29,0.58,,,,,1.2538312781197947,1.3321030761448305,0.5588476981646167,0.6012664186685227,1.0980834272829765,1.0752647282620982,0.3011696557240562,0.40210775430697854,,,1.09,0.59,0.52,2.6,0.35,2.18,0.27,0.01,0.0,0.356,2.057017543859649,2.280525773544079,0.272,,0.012,,0.0,,False,96.0,99.0,96.0,88.0,93.0,91.0,91.0,92.0,94.0,high,high,high,high,high,high,high,high,high,2026-07-03
hitter,STL,CHC,JJ Wetherholt,802139,1.0,2B,Confirmed,4.27,,,,,0.65,0.29,,,,,0.6588663721888895,0.6387253965746637,0.3075058216657779,0.2712995839745621,1.0,0.9350507175292782,0.15044071544249918,0.14039238196463744,,,0.96,0.52,0.43,1.94,0.15,1.57,0.21,0.01,0.0,0.293,1.684375,1.4722198388424756,0.207,,0.008,,0.0,,False,96.0,99.0,96.0,88.0,93.0,91.0,91.0,92.0,94.0,high,high,high,high,high,high,high,high,high,2026-07-03
hitter,STL,CHC,Iván Herrera,671056,2.0,C,Confirmed,4.18,,,,,0.7,0.3,,,,,0.6931490196972441,0.7081294697776233,0.31618316034158434,0.28582844555085685,1.0980834272829765,0.9423238325063139,0.14671692591102992,0.1613770951238229,,,1.01,0.57,0.47,2.14,0.15,1.61,0.18,0.01,0.0,0.326,1.684375,1.54692673440476,0.183,,0.009,,0.0,,False,96.0,99.0,96.0,88.0,93.0,91.0,91.0,92.0,94.0,high,high,high,high,high,high,high,high,high,2026-07-03
hitter,STL,CHC,Jordan Walker,691023,3.0,RF,Confirmed,3.81,,,,,0.95,0.18,,,,,0.9263963851477394,0.9685793406102593,0.1923164209313409,0.17189980403495855,0.8694581280788177,0.7577847878155892,0.10829994594446446,0.11436889801248491,,,0.81,0.45,0.42,1.76,0.11,1.34,0.15,0.01,0.0,0.28,1.3893129770992367,1.3022145260017626,0.154,,0.008,,0.0,,False,96.0,99.0,96.0,88.0,93.0,91.0,91.0,92.0,94.0,high,high,high,high,high,high,high,high,high,2026-07-03
hitter,STL,CHC,Nelson Velázquez,676369,4.0,DH,Confirmed,2.07,,,,,0.84,0.12,,,,,0.9375905169455239,0.7486832962748059,0.13381086418374455,0.10333148081123027,0.2543859649122807,0.17253102912950624,0.02285944511847081,0.021031182480088773,,,0.21,0.21,0.2,0.76,0.02,0.24,0.1,0.01,0.0,0.25,0.28125,0.20766054145996332,0.098,,0.007,,0.0,,False,96.0,99.0,96.0,88.0,93.0,91.0,91.0,92.0,94.0,high,high,high,high,high,high,high,high,high,2026-07-03
hitter,STL,CHC,Alec Burleson,676475,5.0,1B,Confirmed,4.25,,,,,0.63,0.2,,,,,0.6506599912117277,0.6127275852046976,0.20176201734367122,0.19807053585839357,1.0980834272829765,0.9988383257821519,0.1569465994802709,0.1513347248486941,,,1.04,0.56,0.53,2.19,0.15,1.63,0.22,0.01,0.0,0.315,1.684375,1.5943629827443346,0.218,,0.007,,0.0,,False,96.0,99.0,96.0,88.0,93.0,91.0,91.0,92.0,94.0,high,high,high,high,high,high,high,high,high,2026-07-03
hitter,STL,CHC,Masyn Winn,691026,6.0,SS,Confirmed,3.49,,,,,0.62,0.15,,,,,0.6645132021974772,0.5743193486036158,0.1704635356620562,0.13673947806269848,0.801980198019802,0.7305052905219249,0.1293994971823624,0.11092357635759534,,,0.76,0.39,0.42,1.68,0.12,1.2,0.15,0.01,0.0,0.303,1.3148148148148149,1.1110180958983484,0.153,,0.008,,0.0,,False,96.0,99.0,96.0,88.0,93.0,91.0,91.0,92.0,94.0,high,high,high,high,high,high,high,high,high,2026-07-03
hitter,STL,CHC,José Fermín,665877,7.0,SS,Confirmed,3.74,,,,,0.51,0.19,,,,,0.4895048251033519,0.5260667801997191,0.18294061528886874,0.19566953312556773,0.707983193277311,0.7933277671738695,0.10097327619983151,0.09486825707021473,,,0.75,0.32,0.3,1.33,0.1,1.11,0.14,0.01,0.0,0.238,1.1521739130434783,1.0770815271959406,0.145,,0.007,,0.0,,False,96.0,99.0,96.0,88.0,93.0,91.0,91.0,92.0,94.0,high,high,high,high,high,high,high,high,high,2026-07-03
hitter,STL,CHC,Blaze Jordan,691458,8.0,3B,Confirmed,3.33,,,,,0.52,0.13,,,,,0.5128426056848076,0.5247026741131644,0.14450160475611815,0.10670022641827133,0.7715355805243446,0.7000144779313118,0.09602963921275262,0.096482586494052,,,0.73,0.35,0.33,1.48,0.1,1.16,0.15,0.01,0.0,0.287,1.239368165249089,1.0930165628587265,0.147,,0.012,,0.0,,False,96.0,99.0,96.0,88.0,93.0,91.0,91.0,92.0,94.0,high,high,high,high,high,high,high,high,high,2026-07-03
hitter,STL,CHC,Nathan Church,701675,9.0,CF,Confirmed,3.1,,,,,0.7,0.14,,,,,0.7226882081270959,0.6755624228072628,0.15473691713830282,0.12115219179696901,0.5290322580645161,0.5079246144372974,0.07790303435258872,0.06241734199821996,,,0.52,0.28,0.26,1.19,0.07,0.89,0.14,0.01,0.0,0.25,1.001763668430335,0.804272827917414,0.136,,0.007,,0.0,,False,96.0,99.0,96.0,88.0,93.0,91.0,91.0,92.0,94.0,high,high,high,high,high,high,high,high,high,2026-07-03
hitter,WSH,PIT,James Wood,695578,1.0,RF,Confirmed,4.51,,,,,1.51,0.83,,,,,1.5707369995149458,1.4491834537568329,0.8649517220019336,0.7989429083535414,1.1391752577319587,1.1122544736457285,0.4221207181110176,0.45798969069268136,,,1.12,0.5,0.34,1.74,0.44,2.71,0.22,0.01,0.0,0.294,2.775,2.651822555264603,0.223,,0.008,,0.0,,False,96.0,99.0,96.0,88.0,93.0,91.0,91.0,92.0,94.0,high,high,high,high,high,high,high,high,high,2026-07-03
hitter,WSH,PIT,Luis García Jr.,671277,2.0,1B,Confirmed,3.96,,,,,0.8,0.33,,,,,0.8094467919362269,0.7828834513515249,0.32593093813028073,0.3346829671444778,1.0980834272829765,1.0811786872863831,0.22746310720422436,0.2437686324505257,,,1.09,0.38,0.29,1.47,0.24,1.98,0.2,0.01,0.0,0.245,2.057017543859649,1.9097314553397935,0.204,,0.009,,0.0,,False,96.0,99.0,96.0,88.0,93.0,91.0,91.0,92.0,94.0,high,high,high,high,high,high,high,high,high,2026-07-03
hitter,WSH,PIT,José Tena,677588,3.0,DH,Confirmed,2.55,,,,,1.03,0.22,,,,,1.0778143526341488,0.9826187691908815,0.26385229854032455,0.1730774354026137,0.4125159642401022,0.33800034308656113,0.03041238886839403,0.02396885069513098,,,0.37,0.2,0.17,0.79,0.03,0.59,0.09,0.01,0.0,0.206,0.6720588235294118,0.5181008534820158,0.089,,0.009,,0.0,,False,96.0,99.0,96.0,88.0,93.0,91.0,91.0,92.0,94.0,high,high,high,high,high,high,high,high,high,2026-07-03
hitter,WSH,PIT,CJ Abrams,682928,4.0,SS,Confirmed,4.18,,,,,1.24,0.39,,,,,1.2709652388169252,1.2152936785211075,0.4034374293464532,0.379927102530519,0.8949771689497716,0.874780695333221,0.05846502485451192,0.06823221750209023,,,0.88,0.42,0.36,1.66,0.06,1.22,0.19,0.01,0.0,0.254,1.239368165249089,1.2028430009147921,0.188,,0.012,,0.0,,False,96.0,99.0,96.0,88.0,93.0,91.0,91.0,92.0,94.0,high,high,high,high,high,high,high,high,high,2026-07-03
hitter,WSH,PIT,Dylan Crews,686611,5.0,CF,Confirmed,4.18,,,,,1.13,0.39,,,,,1.1071419166485352,1.1451045085670806,0.421010191815687,0.3679266506742671,1.1391752577319587,1.1068126119801505,0.2454592883310921,0.2269044100031735,,,1.12,0.46,0.4,1.85,0.24,2.13,0.19,0.01,0.0,0.273,2.25,2.025948714638051,0.191,,0.01,,0.0,,False,96.0,99.0,96.0,88.0,93.0,91.0,91.0,92.0,94.0,high,high,high,high,high,high,high,high,high,2026-07-03
hitter,WSH,PIT,Daylen Lile,695734,6.0,LF,Confirmed,3.96,,,,,0.78,0.35,,,,,0.7788106984302932,0.7769914164299149,0.3692744795613535,0.3302018757451081,1.1391752577319587,1.1432065124797026,0.25229348930371004,0.20722813676051874,,,1.14,0.37,0.36,1.62,0.23,1.9,0.18,0.02,0.0,0.266,2.057017543859649,1.7639353557975084,0.176,,0.019,,0.0,,False,96.0,99.0,96.0,88.0,93.0,91.0,91.0,92.0,94.0,high,high,high,high,high,high,high,high,high,2026-07-03
hitter,WSH,PIT,Keibert Ruiz,660688,7.0,C,Confirmed,3.89,,,,,0.63,0.25,,,,,0.5933808027312582,0.657575634536292,0.24869002566613066,0.24580743205021305,0.8770949720670391,0.8868457529348321,0.03945633095577735,0.03500154849982041,,,0.88,0.34,0.3,1.51,0.04,1.16,0.17,0.01,0.0,0.248,1.239368165249089,1.0965231908252588,0.172,,0.011,,0.0,,False,96.0,99.0,96.0,88.0,93.0,91.0,91.0,92.0,94.0,high,high,high,high,high,high,high,high,high,2026-07-03
hitter,WSH,PIT,Jorbit Vivas,678391,8.0,3B,Confirmed,3.81,,,,,0.74,0.41,,,,,0.7109629841024971,0.770418844891522,0.4096188428685891,0.40038244523329497,0.994208494208494,0.8378577334049915,0.12005246959305738,0.12589723465838873,,,0.91,0.3,0.25,1.25,0.12,1.48,0.13,0.01,0.0,0.225,1.5956790123456794,1.3857376557821752,0.134,,0.01,,0.0,,False,96.0,99.0,96.0,88.0,93.0,91.0,91.0,92.0,94.0,high,high,high,high,high,high,high,high,high,2026-07-03
hitter,WSH,PIT,Nasim Nuñez,683083,9.0,2B,Confirmed,3.74,,,,,0.99,0.34,,,,,0.9718824952244464,1.0138627321729394,0.34382510313687487,0.3383763220681506,1.0,0.9286282348734242,0.0941664979592004,0.08129482699726666,,,0.96,0.3,0.25,1.25,0.09,1.39,0.16,0.01,0.0,0.233,1.4476190476190476,1.3381965490906487,0.159,,0.01,,0.0,,False,96.0,99.0,96.0,88.0,93.0,91.0,91.0,92.0,94.0,high,high,high,high,high,high,high,high,high,2026-07-03
hitter,PIT,WSH,Konnor Griffin,804606,1.0,SS,Confirmed,4.18,,,,,1.75,0.16,,,,,1.798502759417998,1.69953429778713,0.16891958781052296,0.14688509947371153,1.4947368421052631,1.2221607053272552,0.13769112088441787,0.12910804807969192,,,1.34,0.29,0.21,1.09,0.13,1.99,0.11,0.01,0.0,0.181,2.057017543859649,1.9342290958692496,0.107,,0.01,,0.0,,False,96.0,99.0,96.0,88.0,93.0,91.0,91.0,92.0,94.0,high,high,high,high,high,high,high,high,high,2026-07-03
hitter,PIT,WSH,Brandon Lowe,664040,2.0,DH,Confirmed,4.18,,,,,1.22,0.69,,,,,1.2488819073425008,1.18773085597502,0.7140146264958896,0.6688477502443724,0.801980198019802,0.7196432995273409,0.0705227391107823,0.07698265435848323,,,0.76,0.3,0.21,1.03,0.07,1.14,0.11,0.01,0.0,0.187,1.239368165249089,1.0619274913250543,0.107,,0.007,,0.0,,False,96.0,99.0,96.0,88.0,93.0,91.0,91.0,92.0,94.0,high,high,high,high,high,high,high,high,high,2026-07-03
hitter,PIT,WSH,Bryan Reynolds,668804,3.0,LF,Confirmed,4.18,,,,,1.15,0.67,,,,,1.1963487804003523,1.1054955474144763,0.6907969946432693,0.6567462299372584,0.801980198019802,0.7877147408866242,0.05058282598875211,0.05277457845114023,,,0.79,0.33,0.24,1.15,0.05,1.15,0.13,0.01,0.0,0.209,1.239368165249089,1.078984536567414,0.127,,0.01,,0.0,,False,96.0,99.0,96.0,88.0,93.0,91.0,91.0,92.0,94.0,high,high,high,high,high,high,high,high,high,2026-07-03
hitter,PIT,WSH,Esmerlyn Valdez,699013,4.0,RF,Confirmed,3.89,,,,,1.2,0.59,,,,,1.2092385734563078,1.1849403114568386,0.5732343103589634,0.6116356275923195,0.6434108527131783,0.522366811674517,0.06288214671349449,0.05010020386179836,,,0.58,0.27,0.21,0.97,0.06,0.93,0.11,0.01,0.0,0.183,0.9875776397515532,0.8742911431854281,0.113,,0.006,,0.0,,False,96.0,99.0,96.0,88.0,93.0,91.0,91.0,92.0,94.0,high,high,high,high,high,high,high,high,high,2026-07-03
hitter,PIT,WSH,Ryan O'Hearn,656811,5.0,1B,Confirmed,3.96,,,,,0.97,0.61,,,,,0.9502119392670499,0.9824557405510546,0.6220606511696948,0.6007600884382338,0.7715355805243446,0.6890660152181084,0.042762646522171426,0.03833546499649556,,,0.73,0.28,0.22,1.03,0.04,0.96,0.11,0.01,0.0,0.186,1.001763668430335,0.918598442490052,0.105,,0.007,,0.0,,False,96.0,99.0,96.0,88.0,93.0,91.0,91.0,92.0,94.0,high,high,high,high,high,high,high,high,high,2026-07-03
hitter,PIT,WSH,Nick Gonzales,693304,6.0,2B,Confirmed,3.96,,,,,0.78,0.44,,,,,0.7810418951393584,0.7696475320193331,0.4433372039620238,0.43550380120468707,0.994208494208494,0.8203338283204353,0.03630781544288584,0.029843448929688907,,,0.9,0.25,0.23,1.07,0.03,1.16,0.09,0.01,0.0,0.187,1.239368165249089,1.0865541363667848,0.088,,0.008,,0.0,,False,96.0,99.0,96.0,88.0,93.0,91.0,91.0,92.0,94.0,high,high,high,high,high,high,high,high,high,2026-07-03
hitter,PIT,WSH,Jake Mangum,663968,7.0,CF,Confirmed,3.81,,,,,0.57,0.42,,,,,0.5711403715482924,0.5690300712696321,0.4545244494936024,0.39409681760046084,0.8949771689497716,0.8080416564490186,0.03428932401481296,0.02436553552773525,,,0.85,0.28,0.24,1.21,0.03,1.08,0.1,0.01,0.0,0.214,1.1521739130434783,1.0186074665725477,0.103,,0.007,,0.0,,False,96.0,99.0,96.0,88.0,93.0,91.0,91.0,92.0,94.0,high,high,high,high,high,high,high,high,high,2026-07-03
hitter,PIT,WSH,Endy Rodríguez,682848,8.0,C,Confirmed,3.96,,,,,0.98,0.73,,,,,0.9390119678033318,1.0162931868990197,0.7180860981478429,0.748729342516012,0.707983193277311,0.6933988428562062,0.055364303530094076,0.0573515937224293,,,0.7,0.28,0.2,1.01,0.06,1.17,0.13,0.01,0.0,0.222,1.239368165249089,1.1198317352574738,0.133,,0.007,,0.0,,False,96.0,99.0,96.0,88.0,93.0,91.0,91.0,92.0,94.0,high,high,high,high,high,high,high,high,high,2026-07-03
hitter,PIT,WSH,Jared Triolo,669707,9.0,3B,Confirmed,3.58,,,,,0.9,0.52,,,,,0.8635872869266147,0.9302757105211372,0.5244302814012699,0.5096671644109663,0.7061469265367316,0.5854096491109783,0.028794814002723663,0.016511619209714903,,,0.64,0.22,0.17,0.87,0.02,0.82,0.09,0.01,0.0,0.188,0.8408408408408409,0.8015701579244833,0.085,,0.007,,0.0,,False,96.0,99.0,96.0,88.0,93.0,91.0,91.0,92.0,94.0,high,high,high,high,high,high,high,high,high,2026-07-03
hitter,NYY,MIN,Trent Grisham,663757,1.0,CF,Confirmed,4.45,,,,,0.8,0.95,,,,,0.7405328307785006,0.8548583051584993,0.926732360008573,0.9710813725749119,0.707983193277311,0.7078028050342173,0.22650254247518076,0.2155944931047862,,,0.71,0.67,0.58,2.35,0.22,1.43,0.18,0.01,0.0,0.353,1.3893129770992367,1.4571387649667151,0.181,,0.009,,0.0,,False,96.0,99.0,96.0,88.0,93.0,91.0,91.0,92.0,94.0,high,high,high,high,high,high,high,high,high,2026-07-03
hitter,NYY,MIN,Ben Rice,700250,2.0,DH,Confirmed,4.25,,,,,1.23,0.26,,,,,1.164102272063953,1.2871826950684966,0.2525767622393703,0.258213899062767,0.4125159642401022,0.511982633068228,0.04461171837599538,0.032506338238539115,,,0.47,0.62,0.54,2.26,0.04,0.68,0.19,0.01,0.0,0.343,0.6720588235294118,0.6908683825704034,0.188,,0.009,,0.0,,False,96.0,99.0,96.0,88.0,93.0,91.0,91.0,92.0,94.0,high,high,high,high,high,high,high,high,high,2026-07-03
hitter,NYY,MIN,Jasson Domínguez,691176,3.0,RF,Confirmed,3.89,,,,,1.17,0.16,,,,,1.0306745380295115,1.3004298648853112,0.16430440455779577,0.15520194876871873,0.4125159642401022,0.4513731267851891,0.025454536615991202,0.022728380314828343,,,0.43,0.53,0.52,2.05,0.02,0.6,0.15,0.01,0.0,0.319,0.5302013422818792,0.6591351192732398,0.148,,0.01,,0.0,,False,96.0,99.0,96.0,88.0,93.0,91.0,91.0,92.0,94.0,high,high,high,high,high,high,high,high,high,2026-07-03
hitter,NYY,MIN,Cody Bellinger,641355,4.0,LF,Confirmed,4.26,,,,,0.86,0.3,,,,,0.8411794096704643,0.8856587514363218,0.2913476247921045,0.2998688298756047,0.4125159642401022,0.49878626829953426,0.027667526555387522,0.020582870554046943,,,0.46,0.6,0.59,2.29,0.02,0.59,0.2,0.01,0.0,0.336,0.5302013422818792,0.6325657433116071,0.202,,0.008,,0.0,,False,96.0,99.0,96.0,88.0,93.0,91.0,91.0,92.0,94.0,high,high,high,high,high,high,high,high,high,2026-07-03
hitter,NYY,MIN,Paul Goldschmidt,502671,5.0,1B,Confirmed,3.19,,,,,1.12,0.08,,,,,1.105902511028746,1.1251994570438062,0.08773981645945701,0.0720102249556457,0.3344051446945337,0.2945067859327095,0.10304533013766157,0.10203133652628353,,,0.31,0.43,0.42,1.65,0.1,0.72,0.13,0.01,0.0,0.316,0.6720588235294118,0.7515563857477754,0.132,,0.009,,0.0,,False,96.0,99.0,96.0,88.0,93.0,91.0,91.0,92.0,94.0,high,high,high,high,high,high,high,high,high,2026-07-03
hitter,NYY,MIN,Jazz Chisholm Jr.,665862,6.0,2B,Confirmed,4.25,,,,,1.5,0.28,,,,,1.4058940208948354,1.6033215918704147,0.24688029301643874,0.3061817977314813,0.4125159642401022,0.5186051744428196,0.05405492775001195,0.07752238083731271,,,0.47,0.52,0.61,2.03,0.07,0.69,0.15,0.01,0.0,0.324,0.6289308176100628,0.7397051634678856,0.15,,0.008,,0.0,,False,96.0,99.0,96.0,88.0,93.0,91.0,91.0,92.0,94.0,high,high,high,high,high,high,high,high,high,2026-07-03
hitter,NYY,MIN,Ryan McMahon,641857,7.0,3B,Confirmed,3.49,,,,,1.38,0.41,,,,,1.4011073990681273,1.3669665576827652,0.41881023721913313,0.39593972280053175,0.7061469265367316,0.5591639047402419,0.15632722764001897,0.12499102590708303,,,0.63,0.43,0.44,1.67,0.14,1.13,0.14,0.01,0.0,0.328,1.1521739130434783,1.1032058481495486,0.141,,0.009,,0.0,,False,96.0,99.0,96.0,88.0,93.0,91.0,91.0,92.0,94.0,high,high,high,high,high,high,high,high,high,2026-07-03
hitter,NYY,MIN,José Caballero,676609,8.0,SS,Confirmed,3.54,,,,,1.07,0.18,,,,,0.9934182945429605,1.1461728779535223,0.18684468917271427,0.18019676647721383,0.35424354243542433,0.3989834983396172,0.023577481773687934,0.00388518577992721,,,0.38,0.35,0.33,1.49,0.01,0.48,0.13,0.01,0.0,0.27,0.4591194968553459,0.498570780011853,0.133,,0.009,,0.0,,False,96.0,99.0,96.0,88.0,93.0,91.0,91.0,92.0,94.0,high,high,high,high,high,high,high,high,high,2026-07-03
hitter,NYY,MIN,Austin Wells,669224,9.0,C,Confirmed,3.33,,,,,1.16,0.11,,,,,1.1188567943084906,1.1990881593666356,0.1364355902489322,0.08871325924369265,0.3344051446945337,0.34983405304711457,0.03346062178425922,0.03794298688803303,,,0.34,0.42,0.44,1.66,0.04,0.47,0.15,0.01,0.0,0.337,0.44025157232704404,0.4881743846603759,0.153,,0.008,,0.0,,False,96.0,99.0,96.0,88.0,93.0,91.0,91.0,92.0,94.0,high,high,high,high,high,high,high,high,high,2026-07-03
hitter,MIN,NYY,Trevor Larnach,663616,1.0,LF,Confirmed,3.96,,,,,0.71,0.56,,,,,0.7094711398803367,0.7203016025717524,0.5599517522328747,0.5540272211080562,0.994208494208494,0.8240710279397581,0.25873313710053675,0.21836363276350954,,,0.9,0.56,0.46,2.02,0.24,1.75,0.17,0.01,0.0,0.339,1.914285714285714,1.6071004316603559,0.17,,0.013,,0.0,,False,96.0,99.0,96.0,88.0,93.0,91.0,91.0,92.0,94.0,high,high,high,high,high,high,high,high,high,2026-07-03
hitter,MIN,NYY,Brooks Lee,686797,2.0,3B,Confirmed,4.14,,,,,0.62,0.55,,,,,0.6259628379603239,0.6230153672542839,0.555528942483483,0.5376518413948969,0.994208494208494,0.8862114780121036,0.27311246143807344,0.31607265958529634,,,0.93,0.61,0.52,2.23,0.29,1.82,0.15,0.01,0.0,0.349,1.914285714285714,1.7417138260114886,0.152,,0.01,,0.0,,False,96.0,99.0,96.0,88.0,93.0,91.0,91.0,92.0,94.0,high,high,high,high,high,high,high,high,high,2026-07-03
hitter,MIN,NYY,Kody Clemens,665019,3.0,2B,Confirmed,4.04,,,,,0.86,0.55,,,,,0.8302194357816937,0.887716651252771,0.5708062626896002,0.5313491450417932,0.994208494208494,0.8633082194243094,0.4088597850770445,0.3913286937455464,,,0.92,0.64,0.64,2.38,0.4,2.02,0.18,0.01,0.0,0.377,2.057017543859649,1.9891586764495754,0.178,,0.01,,0.0,,False,96.0,99.0,96.0,88.0,93.0,91.0,91.0,92.0,94.0,high,high,high,high,high,high,high,high,high,2026-07-03
hitter,MIN,NYY,Josh Bell,605137,4.0,DH,Confirmed,3.96,,,,,0.67,0.48,,,,,0.6910078300131127,0.6455352537651478,0.4756458856968431,0.48096735094537413,0.8770949720670391,0.8552806304270847,0.3955769456827028,0.38271843911041675,,,0.87,0.6,0.6,2.19,0.39,2.07,0.18,0.01,0.0,0.358,2.057017543859649,2.082734087399245,0.18,,0.008,,0.0,,False,96.0,99.0,96.0,88.0,93.0,91.0,91.0,92.0,94.0,high,high,high,high,high,high,high,high,high,2026-07-03
hitter,MIN,NYY,Royce Lewis,668904,5.0,1B,Confirmed,4.04,,,,,0.9,0.43,,,,,0.918072639580237,0.8891765238262944,0.43947392721315226,0.42411759549454947,0.994208494208494,0.8535251418614807,0.39931211273063466,0.3769056705100546,,,0.92,0.6,0.6,2.2,0.39,2.01,0.15,0.01,0.0,0.344,2.057017543859649,1.9685811016215173,0.148,,0.009,,0.0,,False,96.0,99.0,96.0,88.0,93.0,91.0,91.0,92.0,94.0,high,high,high,high,high,high,high,high,high,2026-07-03
hitter,MIN,NYY,Victor Caratini,605170,6.0,C,Confirmed,3.96,,,,,0.65,0.55,,,,,0.6621188756900478,0.6405291029409904,0.5272318024101356,0.5688532287044782,0.994208494208494,0.8395087494071314,0.28505341691526065,0.29900013865688246,,,0.91,0.53,0.58,2.21,0.29,1.82,0.16,0.01,0.0,0.362,1.914285714285714,1.7403771636362615,0.155,,0.009,,0.0,,False,96.0,99.0,96.0,88.0,93.0,91.0,91.0,92.0,94.0,high,high,high,high,high,high,high,high,high,2026-07-03
hitter,MIN,NYY,Ryan Kreidler,668952,7.0,CF,Confirmed,3.1,,,,,0.7,0.35,,,,,0.7044668635483404,0.70392199846385,0.3617588290016256,0.32851420526132774,0.7061469265367316,0.5370581143339701,0.14264527345489403,0.17461183127724134,,,0.61,0.34,0.32,1.37,0.16,1.16,0.12,0.01,0.0,0.306,1.3148148148148149,1.0368205704665088,0.122,,0.013,,0.0,,False,96.0,99.0,96.0,88.0,93.0,91.0,91.0,92.0,94.0,high,high,high,high,high,high,high,high,high,2026-07-03
hitter,MIN,NYY,Tristan Gray,656484,8.0,SS,Confirmed,3.1,,,,,0.74,0.38,,,,,0.7552114658490469,0.7248618877736946,0.41488903207081806,0.3464377412657976,0.7061469265367316,0.5382339144760347,0.14224092076317524,0.13908601889064262,,,0.61,0.34,0.33,1.38,0.14,1.13,0.14,0.01,0.0,0.304,1.3148148148148149,0.9816827556058874,0.139,,0.009,,0.0,,False,96.0,99.0,96.0,88.0,93.0,91.0,91.0,92.0,94.0,high,high,high,high,high,high,high,high,high,2026-07-03
hitter,MIN,NYY,Luke Keaschall,807712,9.0,RF,Confirmed,3.49,,,,,0.49,0.49,,,,,0.538990090750539,0.4477035406192826,0.5352418165210098,0.44707684368559536,0.8770949720670391,0.7462311901004157,0.12409477654344528,0.1290565421272166,,,0.81,0.4,0.37,1.66,0.13,1.38,0.16,0.01,0.0,0.324,1.4759615384615385,1.2949267574159364,0.162,,0.009,,0.0,,False,96.0,99.0,96.0,88.0,93.0,91.0,91.0,92.0,94.0,high,high,high,high,high,high,high,high,high,2026-07-03
hitter,CIN,BAL,Elly De La Cruz,682829,1.0,SS,Confirmed,4.25,,,,,1.89,0.27,,,,,1.941661661984583,1.8353990467614971,0.2709866165722108,0.26221932630088723,0.8694581280788177,0.8378023658461248,0.24331055550171765,0.27809582401508853,,,0.85,0.43,0.32,1.64,0.26,1.9,0.2,0.01,0.0,0.254,1.914285714285714,1.8878802986556957,0.204,,0.012,,0.0,,False,96.0,99.0,96.0,88.0,93.0,91.0,91.0,92.0,94.0,high,high,high,high,high,high,high,high,high,2026-07-03
hitter,CIN,BAL,Sal Stewart,701398,2.0,3B,Confirmed,4.18,,,,,1.71,0.2,,,,,1.6953773058118262,1.7243811597106595,0.19886225648056616,0.20457444732887028,0.8694581280788177,0.8943954721647289,0.30011915822502483,0.3037077020972321,,,0.88,0.41,0.31,1.59,0.3,1.99,0.18,0.01,0.0,0.243,2.057017543859649,1.9410413613648194,0.181,,0.008,,0.0,,False,96.0,99.0,96.0,88.0,93.0,91.0,91.0,92.0,94.0,high,high,high,high,high,high,high,high,high,2026-07-03
hitter,CIN,BAL,Spencer Steer,668715,3.0,1B,Confirmed,3.74,,,,,1.54,0.11,,,,,1.555659489871279,1.5219701879197318,0.12433511880640907,0.08637289269680236,0.7061469265367316,0.6523526492427552,0.22237115142736175,0.23452628193268707,,,0.68,0.32,0.29,1.31,0.23,1.43,0.13,0.01,0.0,0.212,1.3893129770992367,1.4563397989810543,0.134,,0.008,,0.0,,False,96.0,99.0,96.0,88.0,93.0,91.0,91.0,92.0,94.0,high,high,high,high,high,high,high,high,high,2026-07-03
hitter,CIN,BAL,Eugenio Suárez,553993,4.0,DH,Confirmed,4.04,,,,,1.92,0.2,,,,,1.9181403762486253,1.91799921263419,0.1854737464877105,0.2200520049144819,0.8694581280788177,0.8120876156370992,0.5271321451440194,0.42020990029929595,,,0.84,0.38,0.34,1.53,0.47,2.01,0.18,0.01,0.0,0.237,2.057017543859649,1.9754112870950493,0.179,,0.007,,0.0,,False,96.0,99.0,96.0,88.0,93.0,91.0,91.0,92.0,94.0,high,high,high,high,high,high,high,high,high,2026-07-03
hitter,CIN,BAL,Noelvi Marte,682622,5.0,RF,Confirmed,3.49,,,,,1.46,0.07,,,,,1.5315448432967576,1.3965674634576202,0.08966500117455434,0.051231626014954325,0.707983193277311,0.6704755615309665,0.20947707036651037,0.21202228903839962,,,0.69,0.32,0.29,1.32,0.21,1.53,0.16,0.01,0.0,0.227,1.5956790123456794,1.4786817946826691,0.164,,0.009,,0.0,,False,96.0,99.0,96.0,88.0,93.0,91.0,91.0,92.0,94.0,high,high,high,high,high,high,high,high,high,2026-07-03
hitter,CIN,BAL,JJ Bleday,668709,6.0,LF,Confirmed,3.81,,,,,1.53,0.17,,,,,1.4929775313334708,1.5711495390600156,0.17253053163041548,0.16707947649941227,0.7061469265367316,0.6606576684148079,0.209522925205587,0.22408241991351793,,,0.68,0.29,0.29,1.28,0.22,1.47,0.15,0.01,0.0,0.217,1.3893129770992367,1.5271868863101734,0.147,,0.006,,0.0,,False,96.0,99.0,96.0,88.0,93.0,91.0,91.0,92.0,94.0,high,high,high,high,high,high,high,high,high,2026-07-03
hitter,CIN,BAL,Tyler Stephenson,663886,7.0,C,Confirmed,3.96,,,,,1.39,0.35,,,,,1.3373908040659863,1.4354019044105113,0.3474642311246877,0.34808860348365495,0.801980198019802,0.7285531848721333,0.13605945507069261,0.1292488754475236,,,0.76,0.3,0.25,1.25,0.13,1.29,0.15,0.01,0.0,0.215,1.3148148148148149,1.2778785541694544,0.146,,0.007,,0.0,,False,96.0,99.0,96.0,88.0,93.0,91.0,91.0,92.0,94.0,high,high,high,high,high,high,high,high,high,2026-07-03
hitter,CIN,BAL,Matt McLain,680574,8.0,CF,Confirmed,3.02,,,,,1.47,0.09,,,,,1.5398455475736739,1.40125817090278,0.11510691578538515,0.06958561612358242,0.5846774193548387,0.48035855360705043,0.17050049693290217,0.1537372378807861,,,0.53,0.22,0.19,0.94,0.16,1.08,0.13,0.01,0.0,0.209,1.1521739130434783,1.0252147567097543,0.131,,0.007,,0.0,,False,96.0,99.0,96.0,88.0,93.0,91.0,91.0,92.0,94.0,high,high,high,high,high,high,high,high,high,2026-07-03
hitter,CIN,BAL,Edwin Arroyo,695490,9.0,2B,Confirmed,3.1,,,,,1.17,0.08,,,,,1.0874971534984506,1.255308907527205,0.08584372840231196,0.06539166078027076,0.6434108527131783,0.590997140596869,0.10168004805290995,0.0930132117626648,,,0.61,0.25,0.22,1.11,0.1,1.07,0.14,0.01,0.0,0.225,1.1521739130434783,1.009063836829922,0.135,,0.008,,0.0,,False,96.0,99.0,96.0,88.0,93.0,91.0,91.0,92.0,94.0,high,high,high,high,high,high,high,high,high,2026-07-03
hitter,BAL,CIN,Gunnar Henderson,683002,1.0,SS,Confirmed,4.68,,,,,1.47,0.67,,,,,1.3624955279147815,1.5749055689689118,0.6298856947205569,0.7139503880496979,0.7061469265367316,0.7622566719660423,0.1847851942803721,0.22365995611088732,,,0.74,0.82,0.7,3.02,0.2,1.38,0.2,0.01,0.0,0.409,1.3148148148148149,1.437353380720821,0.2,,0.009,,0.0,,False,96.0,99.0,96.0,88.0,93.0,91.0,91.0,92.0,94.0,high,high,high,high,high,high,high,high,high,2026-07-03
hitter,BAL,CIN,Adley Rutschman,668939,2.0,DH,Confirmed,4.57,,,,,1.04,0.67,,,,,0.9301889942731313,1.150073864912521,0.6296908928163303,0.7112050690158531,0.7061469265367316,0.7578218581597695,0.16473380669197477,0.16652178118697755,,,0.73,0.79,0.68,2.97,0.17,1.33,0.23,0.01,0.0,0.41,1.239368165249089,1.3952981389667263,0.234,,0.009,,0.0,,False,96.0,99.0,96.0,88.0,93.0,91.0,91.0,92.0,94.0,high,high,high,high,high,high,high,high,high,2026-07-03
hitter,BAL,CIN,Taylor Ward,621493,3.0,LF,Confirmed,4.68,,,,,1.77,0.86,,,,,1.7124736895281663,1.8275002127735234,0.8247092043563216,0.8876472216362115,0.6434108527131783,0.6862573207267163,0.16822130721895978,0.2180881928750528,,,0.67,0.68,0.67,2.49,0.19,1.34,0.22,0.01,0.0,0.348,1.3148148148148149,1.3615598310946913,0.218,,0.007,,0.0,,False,96.0,99.0,96.0,88.0,93.0,91.0,91.0,92.0,94.0,high,high,high,high,high,high,high,high,high,2026-07-03
hitter,BAL,CIN,Pete Alonso,624413,4.0,1B,Confirmed,4.74,,,,,1.76,0.77,,,,,1.7309835262989703,1.7854213866046567,0.7049455352447807,0.8376905368607207,0.7061469265367316,0.7864006550819286,0.26150864113401645,0.32015890731566893,,,0.75,0.89,0.88,3.26,0.29,1.71,0.25,0.01,0.0,0.441,1.684375,1.72368432889664,0.25,,0.012,,0.0,,False,96.0,99.0,96.0,88.0,93.0,91.0,91.0,92.0,94.0,high,high,high,high,high,high,high,high,high,2026-07-03
hitter,BAL,CIN,Samuel Basallo,694212,5.0,C,Confirmed,3.96,,,,,1.47,0.47,,,,,1.4422364201373985,1.5037537639107388,0.44820713382704,0.4904244390917021,0.5290322580645161,0.5621456228323534,0.15280379113446318,0.1678287604542413,,,0.55,0.61,0.62,2.33,0.16,1.17,0.18,0.01,0.0,0.361,1.1521739130434783,1.182689032089245,0.176,,0.008,,0.0,,False,96.0,99.0,96.0,88.0,93.0,91.0,91.0,92.0,94.0,high,high,high,high,high,high,high,high,high,2026-07-03
hitter,BAL,CIN,Dylan Beavers,687637,6.0,RF,Confirmed,4.18,,,,,0.9,0.61,,,,,0.8657583731613412,0.9251787874567738,0.6292329994312972,0.5934355303112553,0.7715355805243446,0.7925357844149286,0.061780473596271535,0.06035817627295219,,,0.78,0.57,0.62,2.29,0.06,1.21,0.17,0.01,0.0,0.37,1.239368165249089,1.1868432365207444,0.165,,0.008,,0.0,,False,96.0,99.0,96.0,88.0,93.0,91.0,91.0,92.0,94.0,high,high,high,high,high,high,high,high,high,2026-07-03
hitter,BAL,CIN,Colton Cowser,681297,7.0,CF,Confirmed,3.58,,,,,1.57,0.51,,,,,1.5600373350826309,1.5705327169504657,0.4864370222490959,0.54033914361754,0.4125159642401022,0.4057637386725186,0.125220925244597,0.1396386319538201,,,0.41,0.45,0.46,1.79,0.13,0.85,0.16,0.01,0.0,0.34,0.8408408408408409,0.8556974559246033,0.164,,0.008,,0.0,,False,96.0,99.0,96.0,88.0,93.0,91.0,91.0,92.0,94.0,high,high,high,high,high,high,high,high,high,2026-07-03
hitter,BAL,CIN,Blaze Alexander,677942,8.0,3B,Confirmed,3.96,,,,,1.5,0.55,,,,,1.3944042242718446,1.6057042426774306,0.5427168171215753,0.5544774573483411,0.5290322580645161,0.5627916134302238,0.09672847465137549,0.09600459169045111,,,0.55,0.5,0.48,2.07,0.1,0.88,0.19,0.01,0.0,0.345,0.7899761336515513,0.9580408581047694,0.189,,0.01,,0.0,,False,96.0,99.0,96.0,88.0,93.0,91.0,91.0,92.0,94.0,high,high,high,high,high,high,high,high,high,2026-07-03
hitter,BAL,CIN,Jackson Holliday,702616,9.0,2B,Confirmed,3.96,,,,,1.5,0.57,,,,,1.4890399461538129,1.5169125237242918,0.5528273832858523,0.5786315090033243,0.4125159642401022,0.5470441456430563,0.11989762663299441,0.12847983295352303,,,0.49,0.48,0.46,1.95,0.12,1.04,0.17,0.01,0.0,0.332,1.001763668430335,1.0723666187746763,0.175,,0.01,,0.0,,False,96.0,99.0,96.0,88.0,93.0,91.0,91.0,92.0,94.0,high,high,high,high,high,high,high,high,high,2026-07-03
hitter,CLE,CWS,Travis Bazzana,683953,1.0,2B,Confirmed,4.61,,,,,0.66,0.76,,,,,0.6466311295145415,0.6810485058560016,0.7597403261782705,0.7559583767845408,1.0980834272829765,1.1314038888906706,0.057443233041683875,0.05573719483766591,,,1.12,0.53,0.39,2.02,0.06,1.61,0.22,0.02,0.0,0.297,1.684375,1.5440817278846088,0.219,,0.022,,0.0,,False,96.0,99.0,96.0,88.0,93.0,91.0,91.0,92.0,94.0,high,high,high,high,high,high,high,high,high,2026-07-03
hitter,CLE,CWS,David Fry,681807,2.0,LF,Confirmed,1.84,,,,,0.53,0.19,,,,,0.5312564688154846,0.5248498383472969,0.23175494655337397,0.14102540505662128,0.35424354243542433,0.2610246428969078,0.020785818152796502,0.012424834484199806,,,0.3,0.17,0.13,0.65,0.02,0.38,0.1,0.01,0.0,0.244,0.4591194968553459,0.317043660386704,0.103,,0.007,,0.0,,False,96.0,99.0,96.0,88.0,93.0,91.0,91.0,92.0,94.0,high,high,high,high,high,high,high,high,high,2026-07-03
hitter,CLE,CWS,Chase DeLauter,800050,3.0,RF,Confirmed,4.58,,,,,0.4,0.64,,,,,0.4151867926583779,0.39211532860165405,0.6978118059161408,0.5785111362398304,1.0980834272829765,1.1747596308105552,0.037992423837586636,0.04218935445017762,,,1.14,0.53,0.45,2.12,0.04,1.56,0.22,0.02,0.0,0.295,1.5956790123456794,1.5281394687522378,0.222,,0.02,,0.0,,False,96.0,99.0,96.0,88.0,93.0,91.0,91.0,92.0,94.0,high,high,high,high,high,high,high,high,high,2026-07-03
hitter,CLE,CWS,Rhys Hoskins,656555,4.0,1B,Confirmed,4.04,,,,,0.83,0.73,,,,,0.759559795357582,0.89392507191028,0.7523701147555603,0.7135291669571713,0.8770949720670391,0.8638278403021094,0.0788303947678533,0.07754432152549777,,,0.87,0.45,0.37,1.7,0.08,1.29,0.19,0.01,0.0,0.29,1.3893129770992367,1.2157085819285862,0.192,,0.007,,0.0,,False,96.0,99.0,96.0,88.0,93.0,91.0,91.0,92.0,94.0,high,high,high,high,high,high,high,high,high,2026-07-03
hitter,CLE,CWS,Kyle Manzardo,700932,5.0,DH,Confirmed,4.18,,,,,0.76,0.72,,,,,0.7054619553183616,0.8176227051143954,0.7612664804741819,0.6761513101341018,0.994208494208494,0.8721731091006257,0.05711984570094602,0.06412210495295956,,,0.93,0.49,0.41,1.89,0.06,1.27,0.19,0.01,0.0,0.296,1.3148148148148149,1.2258338637191855,0.194,,0.013,,0.0,,False,96.0,99.0,96.0,88.0,93.0,91.0,91.0,92.0,94.0,high,high,high,high,high,high,high,high,high,2026-07-03
hitter,CLE,CWS,Brayan Rocchio,677587,6.0,SS,Confirmed,4.25,,,,,0.48,0.47,,,,,0.5117112973594208,0.44799863519521305,0.47339712760116437,0.47109767370886235,1.0980834272829765,1.0457204017697448,0.03872997996160677,0.04441572088535582,,,1.07,0.43,0.43,1.96,0.04,1.45,0.21,0.02,0.0,0.29,1.4759615384615385,1.4199032191155485,0.207,,0.017,,0.0,,False,96.0,99.0,96.0,88.0,93.0,91.0,91.0,92.0,94.0,high,high,high,high,high,high,high,high,high,2026-07-03
hitter,CLE,CWS,Gabriel Arias,672356,7.0,3B,Confirmed,3.96,,,,,0.82,0.55,,,,,0.7615478842348439,0.8685682910403811,0.5931597959171864,0.5018497450070755,0.994208494208494,0.9473027728657754,0.06933093763106829,0.0705338745743683,,,0.97,0.45,0.4,1.94,0.07,1.33,0.17,0.01,0.0,0.318,1.3148148148148149,1.3467668222163356,0.173,,0.011,,0.0,,False,96.0,99.0,96.0,88.0,93.0,91.0,91.0,92.0,94.0,high,high,high,high,high,high,high,high,high,2026-07-03
hitter,CLE,CWS,Austin Hedges,595978,8.0,C,Confirmed,3.81,,,,,0.99,0.18,,,,,0.8628993488897779,1.1179617870502347,0.18383747524956398,0.17187373922231075,0.801980198019802,0.8556965283192093,0.09222008734128104,0.09858648480147687,,,0.83,0.36,0.31,1.53,0.1,1.26,0.14,0.01,0.0,0.266,1.239368165249089,1.2683735048916724,0.138,,0.009,,0.0,,False,96.0,99.0,96.0,88.0,93.0,91.0,91.0,92.0,94.0,high,high,high,high,high,high,high,high,high,2026-07-03
hitter,CLE,CWS,Steven Kwan,680757,9.0,LF,Confirmed,4.18,,,,,0.23,0.54,,,,,0.239034634474127,0.22647886557066657,0.5749220048256811,0.49933706043764226,1.1391752577319587,1.1006414770568178,0.026533802788642234,0.03146883799199708,,,1.12,0.46,0.39,1.99,0.03,1.52,0.24,0.01,0.0,0.324,1.5956790123456794,1.4494594280002893,0.243,,0.014,,0.0,,False,96.0,99.0,96.0,88.0,93.0,91.0,91.0,92.0,94.0,high,high,high,high,high,high,high,high,high,2026-07-03
hitter,CWS,CLE,Sam Antonacci,803011,1.0,2B,Confirmed,4.26,,,,,0.47,0.22,,,,,0.4948025446485145,0.4466532689937382,0.23973034491336112,0.19203992486961136,1.1391752577319587,1.1799815321126865,0.11276525649205443,0.08399267959309624,,,1.16,0.51,0.35,1.86,0.1,1.76,0.18,0.01,0.0,0.313,1.914285714285714,1.6338224412354065,0.183,,0.013,,0.0,,False,96.0,99.0,96.0,88.0,93.0,91.0,91.0,92.0,94.0,high,high,high,high,high,high,high,high,high,2026-07-03
hitter,CWS,CLE,Miguel Vargas,678246,2.0,1B,Confirmed,4.61,,,,,0.61,0.3,,,,,0.6417167332582198,0.5819997471547603,0.3065218924949433,0.2920797448349951,1.0980834272829765,1.2558311970123777,0.16126213921237478,0.15350272449848953,,,1.18,0.53,0.35,1.89,0.16,1.98,0.2,0.01,0.0,0.307,2.057017543859649,1.9180232345422936,0.196,,0.008,,0.0,,False,96.0,99.0,96.0,88.0,93.0,91.0,91.0,92.0,94.0,high,high,high,high,high,high,high,high,high,2026-07-03
hitter,CWS,CLE,Kyle Teel,691019,3.0,C,Confirmed,4.26,,,,,0.9,0.34,,,,,0.9003973672409082,0.8910307726915908,0.3553923566139907,0.33287583244452656,1.0,1.0702294476874672,0.10590475330043464,0.12311726248275508,,,1.04,0.45,0.33,1.58,0.11,1.75,0.16,0.01,0.0,0.284,1.914285714285714,1.6156753712487884,0.161,,0.008,,0.0,,False,96.0,99.0,96.0,88.0,93.0,91.0,91.0,92.0,94.0,high,high,high,high,high,high,high,high,high,2026-07-03
hitter,CWS,CLE,Andrew Benintendi,643217,4.0,DH,Confirmed,3.58,,,,,0.55,0.18,,,,,0.5896635379913363,0.5187489703654001,0.19954942034490136,0.15660589923782972,0.8770949720670391,0.8200550448589049,0.1279660229316329,0.11519946928071575,,,0.85,0.38,0.29,1.37,0.12,1.4,0.17,0.01,0.0,0.281,1.4759615384615385,1.3426263731733765,0.166,,0.011,,0.0,,False,96.0,99.0,96.0,88.0,93.0,91.0,91.0,92.0,94.0,high,high,high,high,high,high,high,high,high,2026-07-03
hitter,CWS,CLE,Colson Montgomery,695657,5.0,3B,Confirmed,4.18,,,,,0.97,0.29,,,,,0.9341513980330073,0.9966647680507782,0.3141259957174396,0.26677277030855984,1.0980834272829765,1.0647839668840866,0.23192078632905885,0.2140123899732978,,,1.08,0.46,0.35,1.62,0.22,1.98,0.18,0.01,0.0,0.291,2.057017543859649,1.9238736260697484,0.184,,0.008,,0.0,,False,96.0,99.0,96.0,88.0,93.0,91.0,91.0,92.0,94.0,high,high,high,high,high,high,high,high,high,2026-07-03
hitter,CWS,CLE,Braden Montgomery,695731,6.0,RF,Confirmed,4.04,,,,,0.73,0.22,,,,,0.70785653572431,0.7596613166890963,0.239075957102268,0.20674135548274125,1.0980834272829765,1.0199582426198206,0.11317553663116112,0.11335729508928988,,,1.06,0.4,0.35,1.62,0.11,1.77,0.17,0.01,0.0,0.295,1.914285714285714,1.6490802154153903,0.17,,0.01,,0.0,,False,96.0,99.0,96.0,88.0,93.0,91.0,91.0,92.0,94.0,high,high,high,high,high,high,high,high,high,2026-07-03
hitter,CWS,CLE,Chase Meidroth,805367,7.0,2B,Confirmed,4.18,,,,,0.61,0.2,,,,,0.633253851302385,0.5911127731221592,0.2175830638681437,0.18492171668385612,1.1391752577319587,1.131045924421613,0.06804850057440553,0.07072434788945801,,,1.13,0.43,0.34,1.77,0.07,1.64,0.16,0.01,0.0,0.299,1.684375,1.6086276823774464,0.157,,0.008,,0.0,,False,96.0,99.0,96.0,88.0,93.0,91.0,91.0,92.0,94.0,high,high,high,high,high,high,high,high,high,2026-07-03
hitter,CWS,CLE,Tristan Peters,671976,8.0,CF,Confirmed,3.49,,,,,0.49,0.14,,,,,0.49662210838388654,0.47712742610358105,0.15574855951446065,0.11744413190807867,0.994208494208494,0.8213777550607547,0.06251211221828532,0.05901666296255347,,,0.9,0.31,0.25,1.26,0.06,1.29,0.16,0.01,0.0,0.26,1.3893129770992367,1.2049944273597506,0.156,,0.01,,0.0,,False,96.0,99.0,96.0,88.0,93.0,91.0,91.0,92.0,94.0,high,high,high,high,high,high,high,high,high,2026-07-03
hitter,CWS,CLE,Jacob Gonzalez,694378,9.0,1B,Confirmed,3.19,,,,,0.66,0.16,,,,,0.6684660847628963,0.6555959959567319,0.18554648077380054,0.13477976752142437,0.8949771689497716,0.7396375598237318,0.07357953168501186,0.05930749547464103,,,0.81,0.32,0.25,1.27,0.07,1.2,0.16,0.01,0.0,0.305,1.3148148148148149,1.1075888412952417,0.162,,0.009,,0.0,,False,96.0,99.0,96.0,88.0,93.0,91.0,91.0,92.0,94.0,high,high,high,high,high,high,high,high,high,2026-07-03
hitter,ATL,NYM,Drake Baldwin,686948,1.0,C,Confirmed,4.18,,,,,0.68,0.64,,,,,0.7311488684708907,0.6363136220351528,0.6577752755364364,0.6167287365773335,1.1391752577319587,1.1193957834397228,0.07700617973758317,0.05268743037625223,,,1.13,0.52,0.41,1.8,0.06,1.75,0.18,0.01,0.0,0.315,1.914285714285714,1.6151301055347977,0.178,,0.008,,0.0,,False,96.0,99.0,96.0,88.0,93.0,91.0,91.0,92.0,94.0,high,high,high,high,high,high,high,high,high,2026-07-03
hitter,ATL,NYM,Ozzie Albies,645277,2.0,2B,Confirmed,4.48,,,,,0.4,0.56,,,,,0.442393542344771,0.3490985532965434,0.5898971436554324,0.5388706035338773,1.4947368421052631,1.2812398256667417,0.05667304612088589,0.06794456952085663,,,1.38,0.5,0.39,1.77,0.06,1.76,0.16,0.01,0.0,0.28,1.914285714285714,1.6289164209383868,0.158,,0.01,,0.0,,False,96.0,99.0,96.0,88.0,93.0,91.0,91.0,92.0,94.0,high,high,high,high,high,high,high,high,high,2026-07-03
hitter,ATL,NYM,Matt Olson,621566,3.0,1B,Confirmed,4.48,,,,,0.97,0.71,,,,,1.0259986159570242,0.9052900333474663,0.7198439071712042,0.7061011129396818,1.1391752577319587,1.1825212883608232,0.0637204827036171,0.05280860880395904,,,1.16,0.52,0.46,1.78,0.06,1.74,0.15,0.01,0.0,0.292,1.914285714285714,1.59171674250681,0.147,,0.007,,0.0,,False,96.0,99.0,96.0,88.0,93.0,91.0,91.0,92.0,94.0,high,high,high,high,high,high,high,high,high,2026-07-03
hitter,ATL,NYM,Mauricio Dubón,643289,4.0,LF,Confirmed,4.18,,,,,0.35,0.47,,,,,0.37969514387786707,0.3105370507485728,0.5057476661368011,0.44265035153099286,1.4947368421052631,1.1597329054316958,0.037484387228360554,0.03929662370446381,,,1.31,0.45,0.39,1.71,0.04,1.74,0.18,0.01,0.0,0.27,1.914285714285714,1.5912105015477662,0.176,,0.011,,0.0,,False,96.0,99.0,96.0,88.0,93.0,91.0,91.0,92.0,94.0,high,high,high,high,high,high,high,high,high,2026-07-03
hitter,ATL,NYM,Michael Harris II,671739,5.0,CF,Confirmed,4.25,,,,,0.67,0.46,,,,,0.7221622573452884,0.6140737853137785,0.45385450519922366,0.4606196044021244,1.4947368421052631,1.2063196575704975,0.07708270613327756,0.058428735095050456,,,1.34,0.5,0.47,1.85,0.07,1.85,0.16,0.01,0.0,0.287,2.057017543859649,1.687752464201467,0.157,,0.008,,0.0,,False,96.0,99.0,96.0,88.0,93.0,91.0,91.0,92.0,94.0,high,high,high,high,high,high,high,high,high,2026-07-03
hitter,ATL,NYM,Dominic Smith,642086,6.0,DH,Confirmed,3.58,,,,,0.54,0.45,,,,,0.566480191183974,0.5183020584459939,0.46595485890109756,0.43742372895705983,1.0980834272829765,0.9459137630779875,0.031374165276419896,0.029344965488012853,,,1.01,0.34,0.33,1.37,0.03,1.22,0.11,0.01,0.0,0.268,1.3148148148148149,1.1468290075857475,0.11,,0.007,,0.0,,False,96.0,99.0,96.0,88.0,93.0,91.0,91.0,92.0,94.0,high,high,high,high,high,high,high,high,high,2026-07-03
hitter,ATL,NYM,Austin Riley,663586,7.0,3B,Confirmed,4.18,,,,,0.98,0.61,,,,,1.0252181319100648,0.9355530684508823,0.6059859324163579,0.6075637833423528,1.4947368421052631,1.143023019852174,0.10675908809430101,0.07194854467487417,,,1.3,0.45,0.41,1.67,0.09,1.87,0.14,0.01,0.0,0.309,2.057017543859649,1.7103228772962813,0.144,,0.009,,0.0,,False,96.0,99.0,96.0,88.0,93.0,91.0,91.0,92.0,94.0,high,high,high,high,high,high,high,high,high,2026-07-03
hitter,ATL,NYM,Mike Yastrzemski,573262,8.0,RF,Confirmed,3.74,,,,,0.69,0.5,,,,,0.6902371210591294,0.6833967684007737,0.4912547635713207,0.5036059713089158,0.994208494208494,0.8322171082655399,0.05997284083212787,0.05667979359633089,,,0.91,0.35,0.31,1.31,0.06,1.25,0.11,0.01,0.0,0.265,1.3148148148148149,1.200901107629745,0.109,,0.007,,0.0,,False,96.0,99.0,96.0,88.0,93.0,91.0,91.0,92.0,94.0,high,high,high,high,high,high,high,high,high,2026-07-03
hitter,ATL,NYM,Jorge Mateo,622761,9.0,SS,Confirmed,2.55,,,,,0.65,0.1,,,,,0.6201091441334994,0.6879018532357117,0.11762507184539715,0.08287180269056657,0.3344051446945337,0.24460217001983436,0.07094010036153356,0.04610020401796036,,,0.29,0.2,0.17,0.72,0.06,0.55,0.1,0.01,0.0,0.229,0.6720588235294118,0.4548355917973634,0.101,,0.008,,0.0,,False,96.0,99.0,96.0,88.0,93.0,91.0,91.0,92.0,94.0,high,high,high,high,high,high,high,high,high,2026-07-03
hitter,NYM,ATL,A.J. Ewing,805999,1.0,CF,Confirmed,4.45,,,,,1.08,0.69,,,,,1.0002342637562445,1.1532065637894506,0.6732227898510819,0.7163372439360579,0.8694581280788177,0.7608650281436401,0.13496294360648023,0.1390780577507376,,,0.81,0.5,0.31,1.51,0.14,1.38,0.1,0.01,0.0,0.302,1.3893129770992367,1.3664205752307323,0.103,,0.009,,0.0,,False,96.0,99.0,96.0,88.0,93.0,91.0,91.0,92.0,94.0,high,high,high,high,high,high,high,high,high,2026-07-03
hitter,NYM,ATL,Juan Soto,665742,2.0,LF,Confirmed,4.68,,,,,0.94,1.05,,,,,0.8971114126098909,0.9813076760884845,1.0395366736930514,1.055028645946911,0.801980198019802,0.8365123897220188,0.21000254454467393,0.19670278103250058,,,0.82,0.66,0.43,1.8,0.2,1.8,0.11,0.01,0.0,0.384,1.914285714285714,1.7021581465965694,0.108,,0.007,,0.0,,False,96.0,99.0,96.0,88.0,93.0,91.0,91.0,92.0,94.0,high,high,high,high,high,high,high,high,high,2026-07-03
hitter,NYM,ATL,Bo Bichette,666182,3.0,3B,Confirmed,4.74,,,,,0.83,0.54,,,,,0.822880689518088,0.8400876683380839,0.5137943564599248,0.5642348339103249,0.994208494208494,0.9933583582157672,0.08937925541170214,0.0961465299145264,,,0.99,0.54,0.43,1.83,0.09,1.44,0.17,0.01,0.0,0.297,1.3893129770992367,1.4750946722445275,0.169,,0.007,,0.0,,False,96.0,99.0,96.0,88.0,93.0,91.0,91.0,92.0,94.0,high,high,high,high,high,high,high,high,high,2026-07-03
hitter,NYM,ATL,Francisco Lindor,596019,4.0,SS,Confirmed,4.61,,,,,0.93,0.63,,,,,0.8973105325233026,0.9630380641069448,0.6149700149186899,0.6353480195779275,0.994208494208494,0.9055116593711215,0.16424314134914264,0.13240620136675163,,,0.95,0.55,0.43,1.75,0.15,1.56,0.11,0.01,0.0,0.311,1.684375,1.4501431131372087,0.113,,0.007,,0.0,,False,96.0,99.0,96.0,88.0,93.0,91.0,91.0,92.0,94.0,high,high,high,high,high,high,high,high,high,2026-07-03
hitter,NYM,ATL,Carson Benge,701807,5.0,RF,Confirmed,4.74,,,,,1.13,0.64,,,,,1.0410758717021722,1.2095620707233097,0.6658058353906092,0.6176891763003469,0.801980198019802,0.7897636689178803,0.12159900294094345,0.11486119578290395,,,0.8,0.54,0.4,1.71,0.12,1.25,0.14,0.01,0.0,0.306,1.3148148148148149,1.193509850529799,0.139,,0.008,,0.0,,False,96.0,99.0,96.0,88.0,93.0,91.0,91.0,92.0,94.0,high,high,high,high,high,high,high,high,high,2026-07-03
hitter,NYM,ATL,Jared Young,676724,6.0,1B,Confirmed,4.18,,,,,1.15,0.62,,,,,0.9974469023416278,1.2978561325539746,0.6014500916436614,0.6341904086107314,0.801980198019802,0.7184266884731182,0.21131281540909314,0.16806929713758476,,,0.76,0.46,0.43,1.6,0.19,1.44,0.11,0.01,0.0,0.326,1.3893129770992367,1.4783912931165881,0.115,,0.007,,0.0,,False,96.0,99.0,96.0,88.0,93.0,91.0,91.0,92.0,94.0,high,high,high,high,high,high,high,high,high,2026-07-03
hitter,NYM,ATL,Francisco Alvarez,682626,7.0,DH,Confirmed,4.25,,,,,1.23,0.67,,,,,1.1612619093335255,1.2913155895911594,0.6316207209282834,0.703822260902623,0.8694581280788177,0.76179600414931,0.15443177052677046,0.14517769469483202,,,0.81,0.44,0.34,1.48,0.15,1.19,0.12,0.01,0.0,0.313,1.3148148148148149,1.0964407146844684,0.116,,0.007,,0.0,,False,96.0,99.0,96.0,88.0,93.0,91.0,91.0,92.0,94.0,high,high,high,high,high,high,high,high,high,2026-07-03
hitter,NYM,ATL,Brett Baty,683146,8.0,2B,Confirmed,4.18,,,,,1.09,0.64,,,,,0.9790136794488883,1.199002269467586,0.5786966523008104,0.7037218854202516,0.7715355805243446,0.7684084455195289,0.09517742610027788,0.08316977210483631,,,0.77,0.42,0.33,1.39,0.09,1.03,0.13,0.01,0.0,0.301,1.001763668430335,1.0585163068000158,0.128,,0.007,,0.0,,False,96.0,99.0,96.0,88.0,93.0,91.0,91.0,92.0,94.0,high,high,high,high,high,high,high,high,high,2026-07-03
hitter,NYM,ATL,Luis Torrens,620443,9.0,C,Confirmed,3.96,,,,,1.01,0.24,,,,,0.915624994383848,1.1057741201990965,0.222081227633072,0.25442925837705926,0.707983193277311,0.7355138089983324,0.07382546107931931,0.082017152942688,,,0.72,0.37,0.28,1.36,0.08,1.14,0.1,0.01,0.0,0.282,1.1521739130434783,1.1321566891644954,0.102,,0.007,,0.0,,False,96.0,99.0,96.0,88.0,93.0,91.0,91.0,92.0,94.0,high,high,high,high,high,high,high,high,high,2026-07-03
hitter,COL,SF,Jake McCarthy,664983,1.0,LF,Confirmed,3.96,,,,,0.58,0.3,,,,,0.6418108661340851,0.5149220443378391,0.338336828817025,0.2711499658367557,1.0980834272829765,0.9155040708421488,0.07826482081138791,0.0848139309864564,,,1.0,0.23,0.15,0.79,0.08,1.43,0.1,0.05,0.0,0.16,1.4759615384615385,1.3984267218240802,0.101,,0.046,,0.0,,False,96.0,99.0,96.0,88.0,93.0,91.0,91.0,92.0,94.0,high,high,high,high,high,high,high,high,high,2026-07-03
hitter,COL,SF,Mickey Moniak,666160,2.0,DH,Confirmed,3.81,,,,,0.83,0.33,,,,,0.8633121878814357,0.7971988591734077,0.38104798522083805,0.2864452188523519,0.994208494208494,0.8600922011212421,0.18218521960052378,0.17811561863016354,,,0.92,0.26,0.17,0.91,0.18,1.74,0.14,0.01,0.0,0.181,1.914285714285714,1.5951530841523645,0.136,,0.014,,0.0,,False,96.0,99.0,96.0,88.0,93.0,91.0,91.0,92.0,94.0,high,high,high,high,high,high,high,high,high,2026-07-03
hitter,COL,SF,Hunter Goodman,696100,3.0,C,Confirmed,4.08,,,,,1.15,0.14,,,,,1.215173705233055,1.0754008227677512,0.13533060161427046,0.145991672497498,1.0,0.9549952302870364,0.46777455439680654,0.36928954597045205,,,0.98,0.26,0.19,0.86,0.42,2.33,0.11,0.01,0.0,0.172,2.456692913385827,2.2199773980520803,0.114,,0.013,,0.0,,False,96.0,99.0,96.0,88.0,93.0,91.0,91.0,92.0,94.0,high,high,high,high,high,high,high,high,high,2026-07-03
hitter,COL,SF,TJ Rumfield,681198,4.0,1B,Confirmed,4.18,,,,,0.48,0.56,,,,,0.5069851668548299,0.4598728691138274,0.6011484989705417,0.5109984449485613,1.0980834272829765,0.9573461327965713,0.09065533405444434,0.11654606703356565,,,1.02,0.26,0.17,0.85,0.1,1.59,0.1,0.01,0.0,0.177,1.684375,1.5071045846703828,0.103,,0.01,,0.0,,False,96.0,99.0,96.0,88.0,93.0,91.0,91.0,92.0,94.0,high,high,high,high,high,high,high,high,high,2026-07-03
hitter,COL,SF,Cole Carrigg,694249,5.0,CF,Confirmed,3.96,,,,,0.78,0.53,,,,,0.7816450945455274,0.77864676850898,0.5589657331655156,0.5095734827144278,1.0,0.8922989364815036,0.12095592131114002,0.12670489195099136,,,0.94,0.25,0.17,0.84,0.12,1.59,0.11,0.02,0.0,0.179,1.684375,1.5112077021864507,0.105,,0.018,,0.0,,False,96.0,99.0,96.0,88.0,93.0,91.0,91.0,92.0,94.0,high,high,high,high,high,high,high,high,high,2026-07-03
hitter,COL,SF,Tyler Freeman,671289,6.0,RF,Confirmed,3.48,,,,,0.42,0.07,,,,,0.44208016809787465,0.3946876365783772,0.09316653449610744,0.05104202553998444,0.994208494208494,0.8819095860685889,0.09148612481511798,0.10170221596999406,,,0.93,0.17,0.14,0.67,0.1,1.34,0.07,0.01,0.0,0.149,1.4271065998002577,1.2710770067612538,0.073,,0.009,,0.0,,False,96.0,99.0,96.0,88.0,93.0,91.0,91.0,92.0,94.0,high,high,high,high,high,high,high,high,high,2026-07-03
hitter,COL,SF,Edouard Julien,666397,7.0,2B,Confirmed,3.48,,,,,0.78,0.44,,,,,0.8037653047798154,0.7578567334721685,0.4777875586720054,0.40877383840158094,0.801980198019802,0.6437172878471454,0.08772897184376532,0.0919766243722471,,,0.71,0.2,0.13,0.69,0.09,1.13,0.09,0.01,0.0,0.189,1.239368165249089,1.0487357079255237,0.092,,0.007,,0.0,,False,96.0,99.0,96.0,88.0,93.0,91.0,91.0,92.0,94.0,high,high,high,high,high,high,high,high,high,2026-07-03
hitter,COL,SF,Kyle Karros,691720,8.0,3B,Confirmed,3.81,,,,,0.78,0.42,,,,,0.7639055224062988,0.7960340792894602,0.42047700328544213,0.4118684151374386,0.8694581280788177,0.7497978569849688,0.13759735582741647,0.1254868644233003,,,0.8,0.23,0.16,0.8,0.13,1.27,0.1,0.01,0.0,0.187,1.3148148148148149,1.226122623406415,0.099,,0.009,,0.0,,False,96.0,99.0,96.0,88.0,93.0,91.0,91.0,92.0,94.0,high,high,high,high,high,high,high,high,high,2026-07-03
hitter,COL,SF,Ezequiel Tovar,678662,9.0,SS,Confirmed,3.1,,,,,0.68,0.26,,,,,0.75462330993012,0.6149485366562644,0.2985784312860722,0.21873018826533988,0.801980198019802,0.6313295162640479,0.1561280282783622,0.1053921384956917,,,0.71,0.16,0.13,0.62,0.13,1.19,0.08,0.01,0.0,0.163,1.3148148148148149,1.0943630769565045,0.084,,0.01,,0.0,,False,96.0,99.0,96.0,88.0,93.0,91.0,91.0,92.0,94.0,high,high,high,high,high,high,high,high,high,2026-07-03
hitter,SF,COL,Luis Arraez,650333,1.0,2B,Confirmed,4.18,,,,,0.29,0.2,,,,,0.21048114356909883,0.3664155795036552,0.20381797512616093,0.1893097121554651,1.4947368421052631,1.1343561210555066,0.14160937577593882,0.12152353659459235,,,1.3,0.52,0.42,2.04,0.13,1.87,0.14,0.01,0.0,0.294,2.057017543859649,1.721041176964305,0.14,,0.013,,0.0,,False,96.0,99.0,96.0,88.0,93.0,91.0,91.0,92.0,94.0,high,high,high,high,high,high,high,high,high,2026-07-03
hitter,SF,COL,Casey Schmitt,669477,2.0,3B,Confirmed,4.18,,,,,0.73,0.18,,,,,0.6946640956338798,0.767699952219949,0.18710817802821209,0.1748660918785889,1.0980834272829765,1.0986432676686029,0.34094147512477385,0.3278438436486452,,,1.1,0.51,0.45,1.85,0.33,2.27,0.18,0.01,0.0,0.288,2.456692913385827,2.1222681449887957,0.185,,0.008,,0.0,,False,96.0,99.0,96.0,88.0,93.0,91.0,91.0,92.0,94.0,high,high,high,high,high,high,high,high,high,2026-07-03
hitter,SF,COL,Heliot Ramos,671218,3.0,RF,Confirmed,4.04,,,,,0.87,0.21,,,,,0.8460572445400709,0.888379147595204,0.2116333345086201,0.2148532958671068,1.0980834272829765,1.0995934443434292,0.27332767949423703,0.27710392444766196,,,1.1,0.52,0.51,2.02,0.28,2.03,0.17,0.01,0.0,0.307,2.057017543859649,2.0155966480655034,0.172,,0.01,,0.0,,False,96.0,99.0,96.0,88.0,93.0,91.0,91.0,92.0,94.0,high,high,high,high,high,high,high,high,high,2026-07-03
hitter,SF,COL,Rafael Devers,646240,4.0,DH,Confirmed,4.04,,,,,1.01,0.37,,,,,1.0495918819230774,0.9651613162546192,0.3646125385532827,0.37128221781987575,1.0980834272829765,1.0237716688249077,0.3916478569555758,0.31555416812252257,,,1.06,0.56,0.55,2.11,0.35,2.21,0.18,0.01,0.0,0.332,2.456692913385827,2.00408504587329,0.177,,0.008,,0.0,,False,96.0,99.0,96.0,88.0,93.0,91.0,91.0,92.0,94.0,high,high,high,high,high,high,high,high,high,2026-07-03
hitter,SF,COL,Jung Hoo Lee,808982,5.0,CF,Confirmed,3.74,,,,,0.37,0.14,,,,,0.37559385762817754,0.3709012747834334,0.1660201507342034,0.11793599225214683,1.0,0.9765176590041681,0.11144350202710301,0.11297397956428676,,,0.99,0.41,0.37,1.66,0.11,1.72,0.15,0.02,0.0,0.265,1.914285714285714,1.5579439260135628,0.151,,0.017,,0.0,,False,96.0,99.0,96.0,88.0,93.0,91.0,91.0,92.0,94.0,high,high,high,high,high,high,high,high,high,2026-07-03
hitter,SF,COL,Willy Adames,642715,6.0,SS,Confirmed,3.33,,,,,1.43,0.18,,,,,1.5023928501081592,1.356066800339057,0.1927227439119913,0.15844184434931075,0.801980198019802,0.7129051311623689,0.031455314616959024,0.0194992904843262,,,0.75,0.37,0.4,1.54,0.03,0.97,0.12,0.01,0.0,0.299,1.001763668430335,0.9374091940058883,0.124,,0.01,,0.0,,False,96.0,99.0,96.0,88.0,93.0,91.0,91.0,92.0,94.0,high,high,high,high,high,high,high,high,high,2026-07-03
hitter,SF,COL,Bryce Eldridge,805811,7.0,1B,Confirmed,4.18,,,,,0.97,0.34,,,,,0.9875255638188619,0.9573040918042697,0.35479432242115716,0.3221189735185155,1.0980834272829765,1.109281969330532,0.28756028956354246,0.2690339212850406,,,1.1,0.47,0.44,1.9,0.28,2.03,0.17,0.01,0.0,0.308,2.057017543859649,1.999530838406558,0.169,,0.012,,0.0,,False,96.0,99.0,96.0,88.0,93.0,91.0,91.0,92.0,94.0,high,high,high,high,high,high,high,high,high,2026-07-03
hitter,SF,COL,Victor Bericoto,682674,8.0,LF,Confirmed,3.02,,,,,0.69,0.15,,,,,0.6311432563897756,0.7571611737420944,0.14778364007225905,0.14819449467449775,0.707983193277311,0.6574354063053127,0.14776894836856153,0.1352640600078653,,,0.68,0.28,0.27,1.19,0.14,1.23,0.12,0.01,0.0,0.26,1.3893129770992367,1.1075881906149274,0.119,,0.01,,0.0,,False,96.0,99.0,96.0,88.0,93.0,91.0,91.0,92.0,94.0,high,high,high,high,high,high,high,high,high,2026-07-03
hitter,SF,COL,Drew Cavanaugh,701852,9.0,C,Confirmed,2.9,,,,,0.55,0.14,,,,,0.5181852652678074,0.5718723879173873,0.1461818668443503,0.12932786157439397,0.7061469265367316,0.5471302174992855,0.08707662111838221,0.07483264974469081,,,0.62,0.21,0.2,0.89,0.08,1.09,0.1,0.01,0.0,0.205,1.239368165249089,0.9591765955851835,0.097,,0.008,,0.0,,False,96.0,99.0,96.0,88.0,93.0,91.0,91.0,92.0,94.0,high,high,high,high,high,high,high,high,high,2026-07-03
hitter,HOU,TB,Jose Altuve,514888,1.0,2B,Confirmed,4.04,,,,,1.28,0.4,,,,,1.2625798593839708,1.291335675647929,0.39809662518982114,0.3926412727480961,0.7715355805243446,0.8067340765825481,0.03223172237389982,0.0324362377267509,,,0.79,0.47,0.38,1.84,0.03,1.09,0.18,0.01,0.0,0.278,1.1238670694864048,1.0560258981714832,0.184,,0.008,,0.0,,False,96.0,99.0,96.0,88.0,93.0,91.0,91.0,92.0,94.0,high,high,high,high,high,high,high,high,high,2026-07-03
hitter,HOU,TB,Yordan Alvarez,670541,2.0,DH,Confirmed,4.25,,,,,1.44,0.79,,,,,1.4578222346158125,1.413524879374404,0.8153693684822031,0.7654090972914264,0.801980198019802,0.7528188108364908,0.07975104536571684,0.10684812580915867,,,0.77,0.53,0.46,1.89,0.09,1.34,0.19,0.01,0.0,0.299,1.3148148148148149,1.3536002473605344,0.187,,0.008,,0.0,,False,96.0,99.0,96.0,88.0,93.0,91.0,91.0,92.0,94.0,high,high,high,high,high,high,high,high,high,2026-07-03
hitter,HOU,TB,Isaac Paredes,670623,3.0,3B,Confirmed,4.18,,,,,1.25,0.57,,,,,1.2264141735105303,1.274243959012471,0.5935632342519295,0.5561895764881467,0.7777777777777778,0.7650253993113472,0.047559986947043005,0.04790417902542283,,,0.77,0.51,0.49,2.0,0.05,1.12,0.17,0.01,0.0,0.293,1.1238670694864048,1.119978025054317,0.172,,0.008,,0.0,,False,96.0,99.0,96.0,88.0,93.0,91.0,91.0,92.0,94.0,high,high,high,high,high,high,high,high,high,2026-07-03
hitter,HOU,TB,Christian Walker,572233,4.0,1B,Confirmed,4.08,,,,,1.76,0.43,,,,,1.7835688293867435,1.742374585507231,0.43017718441666875,0.43453882565139673,0.7715355805243446,0.7266986069713628,0.055712690244854264,0.052888439682691364,,,0.75,0.53,0.52,2.05,0.05,1.12,0.17,0.01,0.0,0.305,1.1521739130434783,1.1006499264559195,0.166,,0.008,,0.0,,False,96.0,99.0,96.0,88.0,93.0,91.0,91.0,92.0,94.0,high,high,high,high,high,high,high,high,high,2026-07-03
hitter,HOU,TB,Cam Smith,701358,5.0,RF,Confirmed,3.58,,,,,1.46,0.35,,,,,1.4155250264612909,1.5092974506492274,0.3520471975922569,0.3388527906767329,0.7061469265367316,0.587235404265108,0.05122634190021537,0.05354193213481672,,,0.64,0.41,0.39,1.6,0.05,0.94,0.16,0.01,0.0,0.274,0.9875776397515532,0.8969588116104098,0.159,,0.011,,0.0,,False,96.0,99.0,96.0,88.0,93.0,91.0,91.0,92.0,94.0,high,high,high,high,high,high,high,high,high,2026-07-03
hitter,HOU,TB,Taylor Trammell,666211,6.0,LF,Confirmed,3.74,,,,,1.71,0.37,,,,,1.5795367413306711,1.831672008107765,0.351611115662502,0.39213649377166787,0.6434108527131783,0.5873359067781401,0.04069315849277439,0.05513487870349557,,,0.61,0.37,0.4,1.56,0.05,0.95,0.14,0.01,0.0,0.268,0.9875776397515532,0.9218092477505657,0.14,,0.01,,0.0,,False,96.0,99.0,96.0,88.0,93.0,91.0,91.0,92.0,94.0,high,high,high,high,high,high,high,high,high,2026-07-03
hitter,HOU,TB,Yainer Diaz,673237,7.0,C,Confirmed,4.25,,,,,1.29,0.33,,,,,1.2756244035871682,1.305036744061311,0.3220507361630758,0.3359872392877677,0.994208494208494,0.9774020229575475,0.04444941637978995,0.04398086613569963,,,0.98,0.46,0.44,2.01,0.04,1.22,0.19,0.01,0.0,0.297,1.239368165249089,1.2051831676088733,0.186,,0.009,,0.0,,False,96.0,99.0,96.0,88.0,93.0,91.0,91.0,92.0,94.0,high,high,high,high,high,high,high,high,high,2026-07-03
hitter,HOU,TB,Jake Meyers,676694,8.0,CF,Confirmed,2.55,,,,,0.97,0.22,,,,,1.0280774100801469,0.912368749590391,0.22776742398435432,0.20934353394506575,0.35424354243542433,0.30600081666294116,0.02162777260423,0.013164109306775805,,,0.33,0.22,0.2,0.96,0.02,0.5,0.11,0.01,0.0,0.244,0.5302013422818792,0.4795685795931627,0.113,,0.009,,0.0,,False,96.0,99.0,96.0,88.0,93.0,91.0,91.0,92.0,94.0,high,high,high,high,high,high,high,high,high,2026-07-03
hitter,HOU,TB,Nick Allen,669397,9.0,SS,Confirmed,2.77,,,,,1.12,0.21,,,,,1.112123659486983,1.125727877998182,0.22927853691232078,0.18097578484699914,0.4803149606299212,0.42425901466705,0.01835232915964774,0.011717007165375343,,,0.45,0.26,0.23,1.13,0.02,0.61,0.1,0.01,0.0,0.256,0.6720588235294118,0.5558066472351919,0.104,,0.009,,0.0,,False,96.0,99.0,96.0,88.0,93.0,91.0,91.0,92.0,94.0,high,high,high,high,high,high,high,high,high,2026-07-03
hitter,TB,HOU,Yandy Díaz,650490,1.0,DH,Confirmed,4.68,,,,,0.41,0.52,,,,,0.41336472167513205,0.40743053903592524,0.5198370420620515,0.5185273273391392,1.4947368421052631,1.3657107602291836,0.06781178060338863,0.08156748299760695,,,1.42,0.85,0.7,2.64,0.07,1.86,0.16,0.01,0.0,0.44,1.914285714285714,1.8084110705305525,0.161,,0.008,,0.0,,False,96.0,99.0,96.0,88.0,93.0,91.0,91.0,92.0,94.0,high,high,high,high,high,high,high,high,high,2026-07-03
hitter,TB,HOU,Jonathan Aranda,666018,2.0,1B,Confirmed,4.64,,,,,0.71,0.48,,,,,0.6095918423123519,0.8089831438929431,0.48381167068670894,0.474110919081823,1.0980834272829765,1.2556952107608113,0.06108336865403372,0.07174917342083162,,,1.18,0.72,0.57,2.16,0.07,1.61,0.15,0.01,0.0,0.386,1.5956790123456794,1.6190977218378921,0.146,,0.008,,0.0,,False,96.0,99.0,96.0,88.0,93.0,91.0,91.0,92.0,94.0,high,high,high,high,high,high,high,high,high,2026-07-03
hitter,TB,HOU,Junior Caminero,691406,3.0,3B,Confirmed,4.61,,,,,0.64,0.51,,,,,0.6786251357739398,0.6006106970500468,0.5044632039586904,0.5100773337468077,1.1391752577319587,1.2693295721083637,0.12536213640171875,0.11750015514151617,,,1.21,0.79,0.73,2.52,0.12,2.06,0.16,0.01,0.0,0.421,2.057017543859649,2.0544568428037397,0.157,,0.008,,0.0,,False,96.0,99.0,96.0,88.0,93.0,91.0,91.0,92.0,94.0,high,high,high,high,high,high,high,high,high,2026-07-03
hitter,TB,HOU,Cedric Mullins,656775,4.0,CF,Confirmed,4.45,,,,,0.76,0.36,,,,,0.7142089497167949,0.8135561298630916,0.3528493352006098,0.3707085154478909,1.0980834272829765,1.0535645234487536,0.06512489654953561,0.06411663555598397,,,1.07,0.59,0.53,1.93,0.06,1.41,0.13,0.01,0.0,0.333,1.3893129770992367,1.425673482974396,0.135,,0.008,,0.0,,False,96.0,99.0,96.0,88.0,93.0,91.0,91.0,92.0,94.0,high,high,high,high,high,high,high,high,high,2026-07-03
hitter,TB,HOU,Jonny DeLuca,676356,5.0,RF,Confirmed,4.26,,,,,0.61,0.36,,,,,0.5637267886962544,0.6594147542246296,0.3773433345617032,0.3424168260157061,1.4947368421052631,1.2041314311515419,0.16117690066246598,0.13036010134994708,,,1.33,0.63,0.54,2.16,0.15,2.23,0.16,0.01,0.0,0.37,2.456692913385827,2.0481912556914725,0.157,,0.009,,0.0,,False,96.0,99.0,96.0,88.0,93.0,91.0,91.0,92.0,94.0,high,high,high,high,high,high,high,high,high,2026-07-03
hitter,TB,HOU,Victor Mesa Jr.,683748,6.0,LF,Confirmed,3.74,,,,,0.61,0.39,,,,,0.5713687532660022,0.6393821584533176,0.40705215558470376,0.38112480547323063,0.8949771689497716,0.8228529846084391,0.03612570224668605,0.03391944987146474,,,0.86,0.45,0.43,1.59,0.04,1.1,0.12,0.01,0.0,0.356,1.1521739130434783,1.0662889457224995,0.121,,0.007,,0.0,,False,96.0,99.0,96.0,88.0,93.0,91.0,91.0,92.0,94.0,high,high,high,high,high,high,high,high,high,2026-07-03
hitter,TB,HOU,Ben Williamson,810938,7.0,2B,Confirmed,3.02,,,,,0.51,0.22,,,,,0.511257898079376,0.5056929294672106,0.2454058415831405,0.18507335135309158,0.707983193277311,0.6235664402523904,0.027611535714975093,0.01938179181124348,,,0.66,0.34,0.27,1.25,0.02,0.8,0.09,0.01,0.0,0.325,0.8408408408408409,0.7701567641768762,0.088,,0.007,,0.0,,False,96.0,99.0,96.0,88.0,93.0,91.0,91.0,92.0,94.0,high,high,high,high,high,high,high,high,high,2026-07-03
hitter,TB,HOU,Taylor Walls,670764,8.0,SS,Confirmed,4.45,,,,,0.71,0.41,,,,,0.6470002979609561,0.7724402624152968,0.39048395633509003,0.4360009468533703,1.0980834272829765,1.1196041676215613,0.03411238904725962,0.023601856607470807,,,1.11,0.46,0.37,1.7,0.03,1.36,0.12,0.01,0.0,0.301,1.3148148148148149,1.4030316120362396,0.118,,0.008,,0.0,,False,96.0,99.0,96.0,88.0,93.0,91.0,91.0,92.0,94.0,high,high,high,high,high,high,high,high,high,2026-07-03
hitter,TB,HOU,Nick Fortes,663743,9.0,C,Confirmed,4.18,,,,,0.8,0.12,,,,,0.6957155528750867,0.8988629688772566,0.10956803506271848,0.13676528949751343,1.0980834272829765,1.1461279868427643,0.1415284203703394,0.15933679048563346,,,1.12,0.52,0.47,1.99,0.15,1.94,0.14,0.01,0.0,0.352,1.914285714285714,1.958042724795673,0.143,,0.007,,0.0,,False,96.0,99.0,96.0,88.0,93.0,91.0,91.0,92.0,94.0,high,high,high,high,high,high,high,high,high,2026-07-03
hitter,LAA,BOS,Zach Neto,687263,1.0,SS,Confirmed,3.96,,,,,1.51,0.1,,,,,1.4873937951068184,1.5382536733940837,0.09324291138353447,0.1038249331854346,0.35424354243542433,0.36917380275360134,0.03835434621659999,0.052675494863733054,,,0.36,0.38,0.3,1.2,0.05,0.68,0.11,0.01,0.0,0.241,0.5302013422818792,0.8088459228262879,0.109,,0.007,,0.0,,False,96.0,99.0,96.0,88.0,93.0,91.0,91.0,92.0,94.0,high,high,high,high,high,high,high,high,high,2026-07-03
hitter,LAA,BOS,Nolan Schanuel,694384,2.0,1B,Confirmed,3.89,,,,,0.67,0.1,,,,,0.6125445551373725,0.7195147503793615,0.11155574742137177,0.08219346618575103,0.4125159642401022,0.47059398982991024,0.019795626960976857,0.01699726426881375,,,0.44,0.37,0.27,1.28,0.02,0.54,0.12,0.01,0.0,0.245,0.4591194968553459,0.5982922117728247,0.124,,0.009,,0.0,,False,96.0,99.0,96.0,88.0,93.0,91.0,91.0,92.0,94.0,high,high,high,high,high,high,high,high,high,2026-07-03
hitter,LAA,BOS,Denzer Guzman,694203,3.0,3B,Confirmed,3.74,,,,,1.31,0.1,,,,,1.2673631805299337,1.3568894354682566,0.09416671923533265,0.09880795538663675,0.3344051446945337,0.37845749858130134,0.02314446649241906,0.012015726900921477,,,0.36,0.3,0.25,1.03,0.02,0.51,0.1,0.01,0.0,0.205,0.44025157232704404,0.5665191390534875,0.104,,0.008,,0.0,,False,96.0,99.0,96.0,88.0,93.0,91.0,91.0,92.0,94.0,high,high,high,high,high,high,high,high,high,2026-07-03
hitter,LAA,BOS,Jorge Soler,624585,4.0,DH,Confirmed,3.81,,,,,1.44,0.1,,,,,1.425321700811299,1.4489326793708306,0.10546729750062966,0.10045985479400193,0.35424354243542433,0.3992701871136046,0.02726263018281211,0.02132296722380661,,,0.38,0.36,0.31,1.2,0.02,0.54,0.11,0.01,0.0,0.246,0.4591194968553459,0.6096789779144492,0.105,,0.006,,0.0,,False,96.0,99.0,96.0,88.0,93.0,91.0,91.0,92.0,94.0,high,high,high,high,high,high,high,high,high,2026-07-03
hitter,LAA,BOS,Vaughn Grissom,687093,5.0,2B,Confirmed,3.09,,,,,0.48,0.14,,,,,0.5004084969955666,0.46561676362272975,0.15275395855836402,0.1281204519998581,0.6434108527131783,0.5082247244527389,0.02324701332130551,0.02084513000818263,,,0.57,0.29,0.25,1.02,0.02,0.65,0.1,0.01,0.0,0.24,0.6720588235294118,0.6311780367332381,0.098,,0.007,,0.0,,False,96.0,99.0,96.0,88.0,93.0,91.0,91.0,92.0,94.0,high,high,high,high,high,high,high,high,high,2026-07-03
hitter,LAA,BOS,Jo Adell,666176,6.0,RF,Confirmed,3.89,,,,,1.27,0.07,,,,,1.2225738314635937,1.3075611089060422,0.07577463270234695,0.06456257640765388,0.4125159642401022,0.463055495118478,0.03063240722870618,0.05233568803390435,,,0.44,0.37,0.41,1.47,0.04,0.63,0.13,0.01,0.0,0.264,0.5302013422818792,0.705777242559171,0.127,,0.007,,0.0,,False,96.0,99.0,96.0,88.0,93.0,91.0,91.0,92.0,94.0,high,high,high,high,high,high,high,high,high,2026-07-03
hitter,LAA,BOS,Jose Siri,642350,7.0,CF,Confirmed,2.55,,,,,0.85,0.05,,,,,0.8359572884092907,0.8647652762763333,0.06955662023526282,0.032019264305765946,0.4125159642401022,0.32203120863181867,0.05610383215478299,0.04266229880262337,,,0.36,0.15,0.13,0.54,0.05,0.61,0.08,0.01,0.0,0.173,0.6720588235294118,0.5579409172858437,0.076,,0.006,,0.0,,False,96.0,99.0,96.0,88.0,93.0,91.0,91.0,92.0,94.0,high,high,high,high,high,high,high,high,high,2026-07-03
hitter,LAA,BOS,Josh Lowe,666139,8.0,LF,Confirmed,3.19,,,,,1.09,0.08,,,,,1.1217170880726481,1.0512308888130009,0.08487456832417088,0.07053373747583795,0.3344051446945337,0.33707417636755005,0.021867562383010415,0.01920249792332516,,,0.34,0.23,0.2,0.84,0.02,0.48,0.09,0.01,0.0,0.21,0.44025157232704404,0.5205941800150543,0.092,,0.008,,0.0,,False,96.0,99.0,96.0,88.0,93.0,91.0,91.0,92.0,94.0,high,high,high,high,high,high,high,high,high,2026-07-03
hitter,BOS,LAA,Nate Eaton,681987,1.0,RF,Confirmed,3.74,,,,,0.67,0.33,,,,,0.6161967583818377,0.7244851395944444,0.3328959745436708,0.325239187833293,0.5290322580645161,0.48849618468944683,0.02946995788499451,0.02338898026044948,,,0.51,0.29,0.21,0.97,0.03,0.76,0.11,0.01,0.0,0.202,0.6720588235294118,0.8292822574862069,0.108,,0.008,,0.0,,False,96.0,99.0,96.0,88.0,93.0,91.0,91.0,92.0,94.0,high,high,high,high,high,high,high,high,high,2026-07-03
hitter,BOS,LAA,Ceddanne Rafaela,678882,2.0,CF,Confirmed,4.25,,,,,0.58,0.34,,,,,0.6258822251805876,0.5323566230111608,0.3598340637375913,0.32811982532214445,0.8770949720670391,0.8620339990639201,0.045328644463609076,0.051673487802030786,,,0.87,0.44,0.34,1.58,0.05,1.19,0.14,0.01,0.0,0.26,1.239368165249089,1.1532643325914926,0.142,,0.012,,0.0,,False,96.0,99.0,96.0,88.0,93.0,91.0,91.0,92.0,94.0,high,high,high,high,high,high,high,high,high,2026-07-03
hitter,BOS,LAA,Wilyer Abreu,677800,3.0,DH,Confirmed,4.18,,,,,0.78,0.54,,,,,0.7608893349515645,0.8020334204637243,0.5493493833765731,0.5372666685798655,0.707983193277311,0.6735012593908875,0.042143728854342394,0.04580095764290874,,,0.69,0.44,0.36,1.51,0.04,1.0,0.12,0.01,0.0,0.275,1.001763668430335,0.99840706157821,0.119,,0.01,,0.0,,False,96.0,99.0,96.0,88.0,93.0,91.0,91.0,92.0,94.0,high,high,high,high,high,high,high,high,high,2026-07-03
hitter,BOS,LAA,Willson Contreras,575929,4.0,1B,Confirmed,4.25,,,,,0.9,0.56,,,,,0.9529244006186043,0.8494622601555578,0.5445435632950875,0.5702875160517393,0.8949771689497716,0.8522965625537616,0.11335991074409388,0.10815525271707627,,,0.87,0.53,0.48,1.81,0.11,1.39,0.15,0.01,0.0,0.313,1.3893129770992367,1.3874464566807776,0.147,,0.008,,0.0,,False,96.0,99.0,96.0,88.0,93.0,91.0,91.0,92.0,94.0,high,high,high,high,high,high,high,high,high,2026-07-03
hitter,BOS,LAA,Caleb Durbin,702332,5.0,3B,Confirmed,3.96,,,,,0.32,0.35,,,,,0.36388526395656373,0.27642529195438076,0.3430393314787712,0.36499157685440364,0.801980198019802,0.8030241879409658,0.03399279749200587,0.04259488696667811,,,0.8,0.4,0.33,1.5,0.04,1.07,0.16,0.01,0.0,0.258,1.1238670694864048,1.0280730612282676,0.164,,0.009,,0.0,,False,96.0,99.0,96.0,88.0,93.0,91.0,91.0,92.0,94.0,high,high,high,high,high,high,high,high,high,2026-07-03
hitter,BOS,LAA,Romy Gonzalez,663853,6.0,2B,Confirmed,3.81,,,,,0.73,0.31,,,,,0.7415224637303665,0.7163117462379636,0.3401142122233284,0.2815597577091912,0.801980198019802,0.7643489496030192,0.05242407414244443,0.04221069796054151,,,0.78,0.37,0.38,1.52,0.05,1.08,0.16,0.01,0.0,0.279,1.1521739130434783,1.0155441727820749,0.157,,0.011,,0.0,,False,96.0,99.0,96.0,88.0,93.0,91.0,91.0,92.0,94.0,high,high,high,high,high,high,high,high,high,2026-07-03
hitter,BOS,LAA,Jarren Duran,680776,7.0,LF,Confirmed,3.81,,,,,1.62,0.09,,,,,1.5761875659684588,1.6679439195761872,0.09195354089210701,0.0806547186624097,0.3344051446945337,0.4667625395811679,0.03672330033165636,0.05728707539130203,,,0.41,0.4,0.36,1.47,0.05,0.61,0.14,0.02,0.0,0.303,0.4591194968553459,0.7359315105219751,0.143,,0.016,,0.0,,False,96.0,99.0,96.0,88.0,93.0,91.0,91.0,92.0,94.0,high,high,high,high,high,high,high,high,high,2026-07-03
hitter,BOS,LAA,Andruw Monasterio,655316,8.0,SS,Confirmed,3.1,,,,,0.64,0.33,,,,,0.6616694118370453,0.6223363816710554,0.360194821086972,0.2935986714546125,0.5846774193548387,0.4487917622564816,0.03798434155753539,0.03525059942099454,,,0.51,0.3,0.26,1.15,0.04,0.73,0.11,0.01,0.0,0.281,0.7899761336515513,0.6855232473920589,0.108,,0.007,,0.0,,False,96.0,99.0,96.0,88.0,93.0,91.0,91.0,92.0,94.0,high,high,high,high,high,high,high,high,high,2026-07-03
hitter,BOS,LAA,Carlos Narváez,665966,9.0,C,Confirmed,3.19,,,,,1.44,0.09,,,,,1.4296646349763087,1.4514156524410262,0.0916118796042807,0.08159016935471043,0.2543859649122807,0.2733515066818217,0.02734089039001873,0.03399023040154818,,,0.26,0.26,0.22,0.9,0.03,0.47,0.11,0.01,0.0,0.249,0.44025157232704404,0.4980717956945362,0.107,,0.007,,0.0,,False,96.0,99.0,96.0,88.0,93.0,91.0,91.0,92.0,94.0,high,high,high,high,high,high,high,high,high,2026-07-03
hitter,ATH,MIA,Nick Kurtz,701762,1.0,1B,Confirmed,3.74,,,,,1.54,0.37,,,,,1.5060004941625655,1.5810314340123457,0.42130354264335745,0.3138921201482277,0.4803149606299212,0.5786187764596822,0.13344986652203847,0.08070679301055275,,,0.53,0.46,0.4,1.63,0.11,0.9,0.13,0.01,0.0,0.291,1.001763668430335,0.811816733216189,0.132,,0.008,,0.0,,False,96.0,99.0,96.0,88.0,93.0,91.0,91.0,92.0,94.0,high,high,high,high,high,high,high,high,high,2026-07-03
hitter,ATH,MIA,Shea Langeliers,669127,2.0,C,Confirmed,3.74,,,,,1.09,0.28,,,,,1.0952044969368036,1.0903037641215263,0.32854828332851693,0.22499696774099534,0.5290322580645161,0.5238978653654275,0.07595982614751981,0.06650749271520828,,,0.53,0.41,0.34,1.52,0.07,0.89,0.16,0.01,0.0,0.261,1.001763668430335,0.7960947279434162,0.157,,0.007,,0.0,,False,96.0,99.0,96.0,88.0,93.0,91.0,91.0,92.0,94.0,high,high,high,high,high,high,high,high,high,2026-07-03
hitter,ATH,MIA,Lawrence Butler,671732,3.0,RF,Confirmed,2.55,,,,,1.03,0.19,,,,,1.0523370327089343,1.0123577609628445,0.22062119942931002,0.1531525592329769,0.3344051446945337,0.3096050830295089,0.05659527323737391,0.03842072238539019,,,0.32,0.22,0.21,0.84,0.05,0.46,0.11,0.01,0.0,0.218,0.4591194968553459,0.4626158323341618,0.108,,0.008,,0.0,,False,96.0,99.0,96.0,88.0,93.0,91.0,91.0,92.0,94.0,high,high,high,high,high,high,high,high,high,2026-07-03
hitter,ATH,MIA,Colby Thomas,687515,4.0,LF,Confirmed,2.07,,,,,0.95,0.13,,,,,0.9763858297787421,0.925755885661484,0.15418340362847666,0.10008658218060972,0.2543859649122807,0.22036037436135691,0.05159650568538435,0.03847059978728944,,,0.24,0.18,0.17,0.69,0.05,0.54,0.07,0.01,0.0,0.216,0.6720588235294118,0.43050405261974456,0.075,,0.006,,0.0,,False,96.0,99.0,96.0,88.0,93.0,91.0,91.0,92.0,94.0,high,high,high,high,high,high,high,high,high,2026-07-03
hitter,ATH,MIA,Joshua Kuroda-Grauer,811965,5.0,3B,Confirmed,2.26,,,,,0.69,0.1,,,,,0.6919487779239882,0.6903708414049227,0.11504181256512629,0.08320646149581466,0.3344051446945337,0.264152697184716,0.03462613430548006,0.025957945611704926,,,0.3,0.2,0.19,0.8,0.03,0.41,0.09,0.01,0.0,0.216,0.4591194968553459,0.3764283031847219,0.086,,0.006,,0.0,,False,96.0,99.0,96.0,88.0,93.0,91.0,91.0,92.0,94.0,high,high,high,high,high,high,high,high,high,2026-07-03
hitter,ATH,MIA,Carlos Cortes,666126,6.0,DH,Confirmed,2.77,,,,,0.82,0.07,,,,,0.8073447026239992,0.8278498315691146,0.08130262609435092,0.052111658408871615,0.6434108527131783,0.47137511716205555,0.08441422259383949,0.05860333131049106,,,0.55,0.22,0.24,0.94,0.07,0.88,0.1,0.01,0.0,0.22,1.001763668430335,0.7724127090116322,0.104,,0.008,,0.0,,False,96.0,99.0,96.0,88.0,93.0,91.0,91.0,92.0,94.0,high,high,high,high,high,high,high,high,high,2026-07-03
hitter,ATH,MIA,Henry Bolte,703607,7.0,CF,Confirmed,3.48,,,,,1.2,0.19,,,,,1.1004820315497172,1.3039100525845118,0.1994719028449345,0.1783318940526706,0.6434108527131783,0.5872699386528879,0.05681355115591949,0.053010426870171996,,,0.61,0.3,0.28,1.28,0.05,0.89,0.12,0.01,0.0,0.234,0.8408408408408409,0.9271984038960628,0.122,,0.007,,0.0,,False,96.0,99.0,96.0,88.0,93.0,91.0,91.0,92.0,94.0,high,high,high,high,high,high,high,high,high,2026-07-03
hitter,ATH,MIA,Jeff McNeil,643446,8.0,2B,Confirmed,2.55,,,,,0.53,0.16,,,,,0.5204222381681767,0.5477650576902494,0.19831838298639942,0.12447991406110205,0.4125159642401022,0.4229263617228647,0.0489030808856162,0.03773196721741433,,,0.42,0.19,0.18,0.79,0.04,0.59,0.11,0.01,0.0,0.216,0.6720588235294118,0.53079643501549,0.112,,0.008,,0.0,,False,96.0,99.0,96.0,88.0,93.0,91.0,91.0,92.0,94.0,high,high,high,high,high,high,high,high,high,2026-07-03
hitter,ATH,MIA,Alika Williams,675961,9.0,SS,Confirmed,2.55,,,,,0.97,0.16,,,,,0.9271381496705734,1.0153335280367952,0.18468068962693296,0.1255158151757421,0.3344051446945337,0.28662727996286447,0.04664087788331556,0.03525851442643349,,,0.31,0.19,0.18,0.78,0.04,0.48,0.1,0.01,0.0,0.209,0.5302013422818792,0.4315739703834386,0.098,,0.007,,0.0,,False,96.0,99.0,96.0,88.0,93.0,91.0,91.0,92.0,94.0,high,high,high,high,high,high,high,high,high,2026-07-03
hitter,MIA,ATH,Liam Hicks,689414,1.0,1B,Confirmed,4.14,,,,,0.26,0.62,,,,,0.2965214484683899,0.2330789426380278,0.6165019973767404,0.6317918990942982,0.801980198019802,0.7994561875635099,0.0361194996437427,0.034483471912205466,,,0.8,0.42,0.3,1.6,0.04,1.07,0.13,0.01,0.0,0.26,1.1238670694864048,1.0234802544372885,0.127,,0.013,,0.0,,False,96.0,99.0,96.0,88.0,93.0,91.0,91.0,92.0,94.0,high,high,high,high,high,high,high,high,high,2026-07-03
hitter,MIA,ATH,Kyle Stowers,669065,2.0,1B,Confirmed,3.96,,,,,0.72,0.68,,,,,0.6362445219559744,0.7950334004159594,0.7164816463201631,0.6452436653228523,0.707983193277311,0.7652067188258947,0.06853887418604628,0.0606800508391958,,,0.74,0.37,0.27,1.35,0.06,1.12,0.14,0.01,0.0,0.245,1.239368165249089,1.0288913427901392,0.137,,0.012,,0.0,,False,96.0,99.0,96.0,88.0,93.0,91.0,91.0,92.0,94.0,high,high,high,high,high,high,high,high,high,2026-07-03
hitter,MIA,ATH,Otto Lopez,672640,3.0,SS,Confirmed,3.96,,,,,0.31,0.52,,,,,0.33331064562950763,0.29430325556016124,0.5380148442927507,0.4926398731900587,0.994208494208494,0.8872468236859807,0.04516298755870313,0.05015660643107581,,,0.94,0.41,0.36,1.66,0.05,1.2,0.18,0.01,0.0,0.26,1.239368165249089,1.1740401767247364,0.181,,0.011,,0.0,,False,96.0,99.0,96.0,88.0,93.0,91.0,91.0,92.0,94.0,high,high,high,high,high,high,high,high,high,2026-07-03
hitter,MIA,ATH,Xavier Edwards,669364,4.0,2B,Confirmed,3.89,,,,,0.28,0.65,,,,,0.3264777286900903,0.24139219358793554,0.6489251230226556,0.6443646283217268,0.8949771689497716,0.7518045032840776,0.026166909376430826,0.02020912006422551,,,0.82,0.46,0.38,1.84,0.02,1.02,0.13,0.01,0.0,0.296,1.1238670694864048,0.9316815762745289,0.126,,0.01,,0.0,,False,96.0,99.0,96.0,88.0,93.0,91.0,91.0,92.0,94.0,high,high,high,high,high,high,high,high,high,2026-07-03
hitter,MIA,ATH,Heriberto Hernández,681715,5.0,LF,Confirmed,3.89,,,,,0.68,0.67,,,,,0.6499243837279759,0.700646524768268,0.7037945026574616,0.6285241861877106,0.7715355805243446,0.6623390731537377,0.059696737150278824,0.04417295197668838,,,0.71,0.35,0.3,1.36,0.05,1.03,0.15,0.01,0.0,0.232,1.1521739130434783,0.9351536916520372,0.15,,0.008,,0.0,,False,96.0,99.0,96.0,88.0,93.0,91.0,91.0,92.0,94.0,high,high,high,high,high,high,high,high,high,2026-07-03
hitter,MIA,ATH,Griffin Conine,665052,6.0,RF,Confirmed,3.33,,,,,0.62,0.57,,,,,0.6147853999901542,0.634031475446522,0.6539498229711448,0.49479168809568225,0.6506024096385542,0.5136854835314197,0.03850418664975677,0.029014255070316367,,,0.58,0.28,0.26,1.19,0.03,0.76,0.13,0.01,0.0,0.25,0.8408408408408409,0.6879090314487541,0.127,,0.008,,0.0,,False,96.0,99.0,96.0,88.0,93.0,91.0,91.0,92.0,94.0,high,high,high,high,high,high,high,high,high,2026-07-03
hitter,MIA,ATH,Owen Caissie,683357,7.0,DH,Confirmed,3.09,,,,,0.67,0.4,,,,,0.6365905221625436,0.6945610963988916,0.41761487527736174,0.390189202082066,0.6434108527131783,0.4586776882261984,0.05959067297146031,0.05574499059859574,,,0.54,0.23,0.2,0.97,0.06,0.75,0.11,0.01,0.0,0.22,0.8408408408408409,0.6804502992269335,0.113,,0.009,,0.0,,False,96.0,99.0,96.0,88.0,93.0,91.0,91.0,92.0,94.0,high,high,high,high,high,high,high,high,high,2026-07-03
hitter,MIA,ATH,Jakob Marsee,805300,8.0,CF,Confirmed,4.18,,,,,0.63,0.76,,,,,0.5913895401225105,0.6686015465321606,0.7530096819624258,0.7612558728859642,0.8694581280788177,0.7714619313721687,0.04423982409444136,0.03191909020995783,,,0.82,0.36,0.29,1.45,0.04,1.14,0.15,0.01,0.0,0.252,1.1521739130434783,1.1209587434118085,0.148,,0.014,,0.0,,False,96.0,99.0,96.0,88.0,93.0,91.0,91.0,92.0,94.0,high,high,high,high,high,high,high,high,high,2026-07-03
hitter,MIA,ATH,Leo Jiménez,677870,9.0,3B,Confirmed,3.02,,,,,0.5,0.46,,,,,0.44113842675412773,0.5640765247553391,0.5042424696764608,0.4078827208662545,0.4125159642401022,0.39781026276153825,0.030871444473618,0.01654643637062596,,,0.4,0.18,0.15,0.74,0.02,0.65,0.11,0.01,0.0,0.18,0.6720588235294118,0.6311390176917991,0.108,,0.007,,0.0,,False,96.0,99.0,96.0,88.0,93.0,91.0,91.0,92.0,94.0,high,high,high,high,high,high,high,high,high,2026-07-03
hitter,AZ,MIL,Ketel Marte,606466,1.0,2B,Confirmed,4.14,,,,,0.73,0.14,,,,,0.7083106332252816,0.7531127383138788,0.13030561467294868,0.145136697534495,0.4125159642401022,0.5395603126005807,0.03532645160594989,0.04276094247329151,,,0.48,0.45,0.36,1.58,0.04,0.72,0.13,0.01,0.0,0.269,0.6720588235294118,0.7530706166293807,0.127,,0.01,,0.0,,False,96.0,99.0,96.0,88.0,93.0,91.0,91.0,92.0,94.0,high,high,high,high,high,high,high,high,high,2026-07-03
hitter,AZ,MIL,Geraldo Perdomo,672695,2.0,SS,Confirmed,4.25,,,,,0.58,0.25,,,,,0.539826305522387,0.6256638771311663,0.22586691329407083,0.27811419313075003,0.4125159642401022,0.5205194717595399,0.02916966703528086,0.024186795873197376,,,0.47,0.43,0.29,1.43,0.03,0.71,0.12,0.01,0.0,0.261,0.6720588235294118,0.7428777890248679,0.121,,0.008,,0.0,,False,96.0,99.0,96.0,88.0,93.0,91.0,91.0,92.0,94.0,high,high,high,high,high,high,high,high,high,2026-07-03
hitter,AZ,MIL,Corbin Carroll,682998,3.0,RF,Confirmed,4.25,,,,,1.13,0.15,,,,,1.0322927602394318,1.2309062865617282,0.15227715308154097,0.15768630908423398,0.4125159642401022,0.5294090534027772,0.04149118916671036,0.03668896068665066,,,0.48,0.46,0.4,1.57,0.04,0.77,0.13,0.02,0.0,0.271,0.6720588235294118,0.856457795379001,0.132,,0.018,,0.0,,False,96.0,99.0,96.0,88.0,93.0,91.0,91.0,92.0,94.0,high,high,high,high,high,high,high,high,high,2026-07-03
hitter,AZ,MIL,Gabriel Moreno,672515,4.0,C,Confirmed,4.18,,,,,0.8,0.19,,,,,0.7150255508280613,0.8921392720930262,0.1747761843164695,0.21513399550090898,0.4125159642401022,0.5797494744595352,0.030410166075623576,0.029534861356484823,,,0.5,0.41,0.35,1.48,0.03,0.72,0.12,0.01,0.0,0.25,0.6720588235294118,0.7679900002191344,0.123,,0.009,,0.0,,False,96.0,99.0,96.0,88.0,93.0,91.0,91.0,92.0,94.0,high,high,high,high,high,high,high,high,high,2026-07-03
hitter,AZ,MIL,Lourdes Gurriel Jr.,666971,5.0,LF,Confirmed,4.14,,,,,0.68,0.11,,,,,0.6238955962198091,0.7399896633859299,0.10990944615166506,0.10886972422650118,0.4125159642401022,0.5677445045915095,0.03026219703175676,0.040263123770278984,,,0.5,0.45,0.43,1.69,0.04,0.75,0.12,0.01,0.0,0.263,0.6720588235294118,0.8071624176358069,0.125,,0.009,,0.0,,False,96.0,99.0,96.0,88.0,93.0,91.0,91.0,92.0,94.0,high,high,high,high,high,high,high,high,high,2026-07-03
hitter,AZ,MIL,Nolan Arenado,571448,6.0,3B,Confirmed,3.49,,,,,0.66,0.11,,,,,0.6613002433906306,0.6556911904322347,0.1091768785494529,0.10911666857553372,0.35424354243542433,0.4040537957994314,0.026914621392549805,0.030387188604097854,,,0.38,0.31,0.32,1.28,0.03,0.51,0.11,0.01,0.0,0.251,0.4591194968553459,0.558031436437712,0.106,,0.008,,0.0,,False,96.0,99.0,96.0,88.0,93.0,91.0,91.0,92.0,94.0,high,high,high,high,high,high,high,high,high,2026-07-03
hitter,AZ,MIL,Ildemaro Vargas,545121,7.0,1B,Confirmed,3.1,,,,,0.44,0.1,,,,,0.4566608618147726,0.4191620400446513,0.10504081143379082,0.09253655540617843,0.4125159642401022,0.535223637634858,0.03291257822029219,0.038270164548661126,,,0.48,0.32,0.31,1.31,0.04,0.67,0.12,0.01,0.0,0.282,0.6720588235294118,0.6664263342428787,0.12,,0.009,,0.0,,False,96.0,99.0,96.0,88.0,93.0,91.0,91.0,92.0,94.0,high,high,high,high,high,high,high,high,high,2026-07-03
hitter,AZ,MIL,LuJames Groover,694410,8.0,DH,Confirmed,3.33,,,,,0.54,0.21,,,,,0.5501267145338029,0.5378953490717103,0.21009222715025064,0.20841575661931144,0.707983193277311,0.6482567673679782,0.05785918536338599,0.04913733699181876,,,0.68,0.28,0.24,1.05,0.05,1.05,0.1,0.01,0.0,0.246,1.1521739130434783,0.9660311837500185,0.101,,0.008,,0.0,,False,96.0,99.0,96.0,88.0,93.0,91.0,91.0,92.0,94.0,high,high,high,high,high,high,high,high,high,2026-07-03
hitter,AZ,MIL,Tommy Troy,694371,9.0,CF,Confirmed,3.33,,,,,0.81,0.1,,,,,0.7463101011511499,0.8667914861819941,0.10283594852392026,0.09469952844445324,0.3344051446945337,0.33336878571880735,0.024990614404075177,0.014535845934898562,,,0.33,0.24,0.21,0.93,0.02,0.5,0.1,0.01,0.0,0.211,0.44025157232704404,0.5521404897970237,0.1,,0.007,,0.0,,False,96.0,99.0,96.0,88.0,93.0,91.0,91.0,92.0,94.0,high,high,high,high,high,high,high,high,high,2026-07-03
hitter,MIL,AZ,Christian Yelich,592885,1.0,DH,Confirmed,4.57,,,,,1.05,0.46,,,,,0.9755708790078484,1.1199722719764111,0.4662492399594491,0.45753670891908393,0.707983193277311,0.7349638064885826,0.15942781304422265,0.1769302791861314,,,0.72,0.69,0.57,2.36,0.17,1.46,0.21,0.01,0.0,0.371,1.3893129770992367,1.5110071595049555,0.206,,0.01,,0.0,,False,96.0,99.0,96.0,88.0,93.0,91.0,91.0,92.0,94.0,high,high,high,high,high,high,high,high,high,2026-07-03
hitter,MIL,AZ,Jackson Chourio,694192,2.0,LF,Confirmed,4.57,,,,,0.89,0.35,,,,,0.8430187774903072,0.9292351430528358,0.36107864127075995,0.3453202992591439,0.801980198019802,0.8614240314639279,0.1398531805250335,0.1418226176356772,,,0.83,0.69,0.58,2.41,0.14,1.5,0.21,0.02,0.0,0.368,1.4759615384615385,1.5177233904732232,0.206,,0.019,,0.0,,False,96.0,99.0,96.0,88.0,93.0,91.0,91.0,92.0,94.0,high,high,high,high,high,high,high,high,high,2026-07-03
hitter,MIL,AZ,Brice Turang,668930,3.0,2B,Confirmed,4.51,,,,,0.98,0.48,,,,,0.911345598323182,1.0476837821330596,0.4699148007230244,0.487380361503523,0.707983193277311,0.7662242624536706,0.12979419622374927,0.1577598190381442,,,0.74,0.66,0.6,2.36,0.14,1.24,0.17,0.01,0.0,0.36,1.239368165249089,1.2462254881262782,0.17,,0.01,,0.0,,False,96.0,99.0,96.0,88.0,93.0,91.0,91.0,92.0,94.0,high,high,high,high,high,high,high,high,high,2026-07-03
hitter,MIL,AZ,William Contreras,661388,4.0,C,Confirmed,4.68,,,,,0.68,0.52,,,,,0.6463323544324792,0.7079123742889193,0.5382400232844905,0.5111330941272044,0.8694581280788177,0.9098608578839554,0.1596691808235381,0.18420053760990274,,,0.89,0.75,0.7,2.59,0.17,1.52,0.21,0.01,0.0,0.391,1.4476190476190476,1.5728846942966899,0.206,,0.009,,0.0,,False,96.0,99.0,96.0,88.0,93.0,91.0,91.0,92.0,94.0,high,high,high,high,high,high,high,high,high,2026-07-03
hitter,MIL,AZ,Jake Bauers,641343,5.0,1B,Confirmed,4.39,,,,,1.05,0.54,,,,,1.0169528464765287,1.077014376622227,0.4879590261871204,0.582277621322063,0.6875,0.7033617516888595,0.14963822923764078,0.1792337963871078,,,0.7,0.69,0.65,2.34,0.16,1.27,0.13,0.01,0.0,0.384,1.239368165249089,1.2904734147881418,0.125,,0.008,,0.0,,False,96.0,99.0,96.0,88.0,93.0,91.0,91.0,92.0,94.0,high,high,high,high,high,high,high,high,high,2026-07-03
hitter,MIL,AZ,Garrett Mitchell,669003,6.0,CF,Confirmed,4.26,,,,,1.05,0.44,,,,,0.9594094765871907,1.1340251938705015,0.416696645388823,0.46341711953983056,0.7061469265367316,0.6764449828736695,0.12463775459308976,0.1155675295289779,,,0.69,0.55,0.57,2.11,0.12,1.08,0.18,0.01,0.0,0.362,1.1238670694864048,1.0513453023559443,0.181,,0.011,,0.0,,False,96.0,99.0,96.0,88.0,93.0,91.0,91.0,92.0,94.0,high,high,high,high,high,high,high,high,high,2026-07-03
hitter,MIL,AZ,Sal Frelick,686217,7.0,RF,Confirmed,4.18,,,,,0.39,0.29,,,,,0.36870117932488466,0.41752263575054016,0.28318757965889074,0.30533718249890845,0.7715355805243446,0.7939379939473646,0.06329638511444743,0.06522244960382911,,,0.78,0.49,0.44,2.03,0.06,1.19,0.14,0.02,0.0,0.324,1.239368165249089,1.152311420188014,0.142,,0.018,,0.0,,False,96.0,99.0,96.0,88.0,93.0,91.0,91.0,92.0,94.0,high,high,high,high,high,high,high,high,high,2026-07-03
hitter,MIL,AZ,Cooper Pratt,806198,8.0,SS,Confirmed,3.89,,,,,0.64,0.39,,,,,0.5837885801635577,0.6990976226195281,0.3826388674386888,0.40504745028018513,0.7061469265367316,0.6641109694357533,0.07390676788839923,0.08247933368969951,,,0.68,0.48,0.41,1.89,0.08,0.99,0.17,0.01,0.0,0.351,1.001763668430335,0.9821231295501255,0.173,,0.011,,0.0,,False,96.0,99.0,96.0,88.0,93.0,91.0,91.0,92.0,94.0,high,high,high,high,high,high,high,high,high,2026-07-03
hitter,MIL,AZ,David Hamilton,666152,9.0,3B,Confirmed,3.19,,,,,0.75,0.21,,,,,0.7651494981994273,0.7444473321514256,0.21489588374730587,0.2033016282963407,0.5290322580645161,0.48755777986265714,0.06302692494745593,0.06400958611010217,,,0.51,0.37,0.33,1.5,0.06,0.74,0.15,0.01,0.0,0.324,0.7899761336515513,0.7010970144160383,0.153,,0.013,,0.0,,False,96.0,99.0,96.0,88.0,93.0,91.0,91.0,92.0,94.0,high,high,high,high,high,high,high,high,high,2026-07-03
hitter,LAD,SD,Shohei Ohtani,660271,1.0,DH,Confirmed,4.61,,,,,0.86,0.58,,,,,0.8688784685849168,0.8500151654408222,0.6127565495826316,0.5542751537385601,1.4947368421052631,1.2879254911669022,0.345846325123912,0.3149858674182982,,,1.38,0.51,0.28,1.5,0.33,2.74,0.16,0.02,0.0,0.318,2.775,2.709082073501273,0.156,,0.015,,0.0,,False,96.0,99.0,96.0,88.0,93.0,91.0,91.0,92.0,94.0,high,high,high,high,high,high,high,high,high,2026-07-03
hitter,LAD,SD,Andy Pages,681624,2.0,CF,Confirmed,4.45,,,,,0.69,0.29,,,,,0.7058031314530727,0.6805750644707605,0.3030763890048642,0.2809439049544068,1.4947368421052631,1.2705695575100697,0.16601222581450212,0.17001459768120705,,,1.37,0.4,0.26,1.37,0.17,2.03,0.14,0.01,0.0,0.239,2.057017543859649,2.0039652072108853,0.135,,0.007,,0.0,,False,96.0,99.0,96.0,88.0,93.0,91.0,91.0,92.0,94.0,high,high,high,high,high,high,high,high,high,2026-07-03
hitter,LAD,SD,Freddie Freeman,518692,3.0,1B,Confirmed,4.57,,,,,0.57,0.43,,,,,0.5860391366346857,0.5580326993253026,0.43054680174990745,0.4313901764360725,1.4947368421052631,1.3565404418915308,0.1783654637676093,0.1847872334763666,,,1.42,0.46,0.31,1.47,0.18,2.08,0.12,0.01,0.0,0.274,2.057017543859649,2.096583678945451,0.124,,0.009,,0.0,,False,96.0,99.0,96.0,88.0,93.0,91.0,91.0,92.0,94.0,high,high,high,high,high,high,high,high,high,2026-07-03
hitter,LAD,SD,Mookie Betts,605141,4.0,SS,Confirmed,4.57,,,,,0.32,0.38,,,,,0.3331307585288992,0.3037659845855206,0.3963563595232018,0.37352497731875345,1.4947368421052631,1.2996548287584124,0.15157483370937821,0.1658442833359054,,,1.39,0.43,0.3,1.44,0.16,2.02,0.13,0.01,0.0,0.258,2.057017543859649,1.9812577171388228,0.131,,0.012,,0.0,,False,96.0,99.0,96.0,88.0,93.0,91.0,91.0,92.0,94.0,high,high,high,high,high,high,high,high,high,2026-07-03
hitter,LAD,SD,Max Muncy,571970,5.0,3B,Confirmed,4.18,,,,,0.74,0.45,,,,,0.7141638827296982,0.7608036331263833,0.4908753148938675,0.4086531200386197,1.0980834272829765,1.1086735769398584,0.2444825457814373,0.2137522374794887,,,1.1,0.45,0.29,1.38,0.23,1.98,0.14,0.01,0.0,0.301,2.057017543859649,1.925747610907386,0.145,,0.006,,0.0,,False,96.0,99.0,96.0,88.0,93.0,91.0,91.0,92.0,94.0,high,high,high,high,high,high,high,high,high,2026-07-03
hitter,LAD,SD,Kyle Tucker,663656,6.0,RF,Confirmed,4.26,,,,,0.53,0.53,,,,,0.5826248997770169,0.48675755143843724,0.5641407290528051,0.49962105366414244,1.4947368421052631,1.1547321398697892,0.1644706253758516,0.12541815114642133,,,1.31,0.41,0.3,1.41,0.14,1.96,0.13,0.01,0.0,0.307,2.057017543859649,1.878165701229739,0.129,,0.007,,0.0,,False,96.0,99.0,96.0,88.0,93.0,91.0,91.0,92.0,94.0,high,high,high,high,high,high,high,high,high,2026-07-03
hitter,LAD,SD,Teoscar Hernández,606192,7.0,LF,Confirmed,4.18,,,,,0.75,0.3,,,,,0.7371860039775878,0.7693802470283986,0.28814740450962906,0.3044964526515642,1.4947368421052631,1.2906080342753317,0.1895275897874548,0.20146806608281462,,,1.38,0.35,0.26,1.32,0.2,2.05,0.15,0.01,0.0,0.256,2.057017543859649,2.03524623001894,0.151,,0.007,,0.0,,False,96.0,99.0,96.0,88.0,93.0,91.0,91.0,92.0,94.0,high,high,high,high,high,high,high,high,high,2026-07-03
hitter,LAD,SD,Dalton Rushing,687221,8.0,C,Confirmed,3.96,,,,,0.81,0.33,,,,,0.7713187878851884,0.8558059003831431,0.35976527376325196,0.3041934652758076,1.2097705547206217,1.0896179852626373,0.15414196210918235,0.15346642460053317,,,1.14,0.35,0.26,1.31,0.15,1.97,0.13,0.01,0.0,0.27,2.057017543859649,1.901744329618899,0.128,,0.008,,0.0,,False,96.0,99.0,96.0,88.0,93.0,91.0,91.0,92.0,94.0,high,high,high,high,high,high,high,high,high,2026-07-03
hitter,LAD,SD,Alex Freeland,690976,9.0,2B,Confirmed,3.81,,,,,0.89,0.62,,,,,0.8363390248323888,0.9499586153072349,0.6179183585172022,0.6138413511606443,0.4803149606299212,0.5371578845629918,0.11243055462227028,0.12049424140767426,,,0.51,0.33,0.21,1.12,0.12,0.99,0.12,0.01,0.0,0.278,0.9875776397515532,0.9874114359822137,0.118,,0.007,,0.0,,False,96.0,99.0,96.0,88.0,93.0,91.0,91.0,92.0,94.0,high,high,high,high,high,high,high,high,high,2026-07-03
hitter,SD,LAD,Fernando Tatis Jr.,665487,1.0,RF,Confirmed,4.25,,,,,0.75,0.51,,,,,0.7901596448499492,0.7084103889082181,0.5080268896254799,0.5082926161413525,1.4947368421052631,1.1969300181922071,0.5055675876476194,0.4053731565897639,,,1.33,0.46,0.32,1.66,0.46,2.63,0.18,0.01,0.0,0.283,2.6,2.6500929878105053,0.175,,0.008,,0.0,,False,96.0,99.0,96.0,88.0,93.0,91.0,91.0,92.0,94.0,high,high,high,high,high,high,high,high,high,2026-07-03
hitter,SD,LAD,Jake Cronenworth,630105,2.0,2B,Confirmed,3.54,,,,,0.76,0.36,,,,,0.8071194311631453,0.7048976445762746,0.37274824080725866,0.3375214024635305,1.0980834272829765,0.8631706867584642,0.19441581110868603,0.1671513658589713,,,0.97,0.36,0.25,1.32,0.18,1.71,0.16,0.01,0.0,0.271,1.914285714285714,1.5342250848488763,0.156,,0.007,,0.0,,False,96.0,99.0,96.0,88.0,93.0,91.0,91.0,92.0,94.0,high,high,high,high,high,high,high,high,high,2026-07-03
hitter,SD,LAD,Manny Machado,592518,3.0,DH,Confirmed,4.48,,,,,0.93,0.46,,,,,0.9772554322058195,0.8845993043728018,0.4721261172922333,0.44441126711734347,1.4947368421052631,1.2567300327405582,0.4254433507333642,0.5014949773601765,,,1.36,0.46,0.36,1.69,0.46,2.83,0.16,0.01,0.0,0.268,2.6,3.022540909732983,0.163,,0.009,,0.0,,False,96.0,99.0,96.0,88.0,93.0,91.0,91.0,92.0,94.0,high,high,high,high,high,high,high,high,high,2026-07-03
hitter,SD,LAD,Gavin Sheets,657757,4.0,LF,Confirmed,3.89,,,,,0.78,0.32,,,,,0.8047635702813224,0.7564999577810729,0.31514233300198724,0.3170328890675414,1.0980834272829765,0.9581362448673548,0.36597763379823034,0.30995580714962107,,,1.02,0.36,0.29,1.35,0.34,2.44,0.13,0.01,0.0,0.235,2.552380952380952,2.3472228300588966,0.132,,0.009,,0.0,,False,96.0,99.0,96.0,88.0,93.0,91.0,91.0,92.0,94.0,high,high,high,high,high,high,high,high,high,2026-07-03
hitter,SD,LAD,Ty France,664034,5.0,1B,Confirmed,3.58,,,,,0.7,0.23,,,,,0.7707739851383559,0.6298133713896492,0.2391694431777929,0.21355844174948804,1.0980834272829765,0.9763241027570306,0.26411783186740967,0.22798171175942739,,,1.03,0.37,0.31,1.45,0.25,1.82,0.13,0.01,0.0,0.258,1.914285714285714,1.7378903850061205,0.133,,0.009,,0.0,,False,96.0,99.0,96.0,88.0,93.0,91.0,91.0,92.0,94.0,high,high,high,high,high,high,high,high,high,2026-07-03
hitter,SD,LAD,Jackson Merrill,701538,6.0,CF,Confirmed,4.14,,,,,0.94,0.29,,,,,0.9663287190230189,0.9233279109956236,0.2866834172765351,0.2971662014450091,1.1391752577319587,1.0680862369443365,0.3568329483111435,0.3577025899182223,,,1.1,0.33,0.31,1.42,0.36,2.44,0.16,0.01,0.0,0.234,2.552380952380952,2.3490678892617307,0.164,,0.012,,0.0,,False,96.0,99.0,96.0,88.0,93.0,91.0,91.0,92.0,94.0,high,high,high,high,high,high,high,high,high,2026-07-03
hitter,SD,LAD,Xander Bogaerts,593428,7.0,SS,Confirmed,3.81,,,,,0.65,0.39,,,,,0.683976364431951,0.6124113463648403,0.41463847996915937,0.3725025893178431,1.0980834272829765,0.9183538412803985,0.18086284189166357,0.18329199122668616,,,1.0,0.35,0.27,1.39,0.18,1.84,0.14,0.01,0.0,0.274,2.057017543859649,1.6681752465027244,0.141,,0.008,,0.0,,False,96.0,99.0,96.0,88.0,93.0,91.0,91.0,92.0,94.0,high,high,high,high,high,high,high,high,high,2026-07-03
hitter,SD,LAD,Sung-Mun Song,823550,8.0,3B,Confirmed,3.81,,,,,0.77,0.36,,,,,0.7067711830308359,0.8237262698416773,0.3739144030680097,0.35371659588798127,0.7715355805243446,0.7605863047785408,0.09332422359799458,0.10234568700041563,,,0.77,0.31,0.25,1.26,0.1,1.18,0.14,0.01,0.0,0.241,1.239368165249089,1.123158726329823,0.14,,0.009,,0.0,,False,96.0,99.0,96.0,88.0,93.0,91.0,91.0,92.0,94.0,high,high,high,high,high,high,high,high,high,2026-07-03
hitter,SD,LAD,Rodolfo Durán,660710,9.0,C,Confirmed,3.09,,,,,0.68,0.24,,,,,0.656870856779951,0.6954410759892444,0.26042975447685424,0.21638386556338557,0.801980198019802,0.6111730474612876,0.17991906496663124,0.16586692888313734,,,0.7,0.22,0.17,0.87,0.17,1.63,0.11,0.01,0.0,0.213,1.914285714285714,1.3937448041769003,0.111,,0.009,,0.0,,False,96.0,99.0,96.0,88.0,93.0,91.0,91.0,92.0,94.0,high,high,high,high,high,high,high,high,high,2026-07-03
hitter,SEA,TOR,J.P. Crawford,641487,1.0,3B,Confirmed,4.26,,,,,0.85,0.54,,,,,0.811907259007818,0.8851388090674775,0.5433167645999595,0.5436705512291524,0.4125159642401022,0.520679343928698,0.030852941091293953,0.01951706897555314,,,0.47,0.43,0.26,1.39,0.03,0.69,0.16,0.01,0.0,0.279,0.6720588235294118,0.7056933532536476,0.158,,0.007,,0.0,,False,96.0,99.0,96.0,88.0,93.0,91.0,91.0,92.0,94.0,high,high,high,high,high,high,high,high,high,2026-07-03
hitter,SEA,TOR,Randy Arozarena,668227,2.0,LF,Confirmed,4.25,,,,,1.16,0.54,,,,,1.0971082280311761,1.2203774368263232,0.5313958182124194,0.5485560250406873,0.4125159642401022,0.44102645411953767,0.0334844741242792,0.03276658515293094,,,0.43,0.43,0.26,1.4,0.03,0.64,0.14,0.01,0.0,0.276,0.6289308176100628,0.6472601474879438,0.144,,0.007,,0.0,,False,96.0,99.0,96.0,88.0,93.0,91.0,91.0,92.0,94.0,high,high,high,high,high,high,high,high,high,2026-07-03
hitter,SEA,TOR,Dominic Canzone,686527,3.0,DH,Confirmed,3.48,,,,,0.93,0.37,,,,,0.8662042824350797,1.0030461320915602,0.35894989033185554,0.37497665789181994,0.35424354243542433,0.3356234662817001,0.03234563345874019,0.018831396579046186,,,0.34,0.31,0.22,1.06,0.03,0.49,0.11,0.01,0.0,0.245,0.4591194968553459,0.5162806027032973,0.115,,0.008,,0.0,,False,96.0,99.0,96.0,88.0,93.0,91.0,91.0,92.0,94.0,high,high,high,high,high,high,high,high,high,2026-07-03
hitter,SEA,TOR,Cal Raleigh,663728,4.0,C,Confirmed,4.25,,,,,1.26,0.75,,,,,1.2136684678640248,1.3102423647719283,0.7785178404060554,0.7243623459395473,0.4125159642401022,0.4524485017078151,0.0623474233305143,0.09760597461307478,,,0.43,0.52,0.32,1.55,0.08,0.72,0.12,0.01,0.0,0.343,0.6720588235294118,0.7578418226574037,0.119,,0.007,,0.0,,False,96.0,99.0,96.0,88.0,93.0,91.0,91.0,92.0,94.0,high,high,high,high,high,high,high,high,high,2026-07-03
hitter,SEA,TOR,Josh Naylor,647304,5.0,1B,Confirmed,4.25,,,,,0.7,0.52,,,,,0.6830298942282904,0.7242059464962478,0.509872356562227,0.5339612384444882,0.4125159642401022,0.4998135311360968,0.03619001571386987,0.027444794955892964,,,0.46,0.48,0.33,1.61,0.03,0.71,0.16,0.01,0.0,0.307,0.6720588235294118,0.7451716376516562,0.159,,0.007,,0.0,,False,96.0,99.0,96.0,88.0,93.0,91.0,91.0,92.0,94.0,high,high,high,high,high,high,high,high,high,2026-07-03
hitter,SEA,TOR,Luke Raley,670042,6.0,RF,Confirmed,3.96,,,,,1.17,0.45,,,,,1.0422727493200532,1.2925718356594977,0.4633718351021252,0.4377626931448717,0.4125159642401022,0.5154495821344766,0.03618693264559765,0.029889992695243783,,,0.47,0.37,0.29,1.36,0.03,0.72,0.13,0.01,0.0,0.29,0.6720588235294118,0.7537324687582004,0.13,,0.008,,0.0,,False,96.0,99.0,96.0,88.0,93.0,91.0,91.0,92.0,94.0,high,high,high,high,high,high,high,high,high,2026-07-03
hitter,SEA,TOR,Cole Young,702284,7.0,2B,Confirmed,4.18,,,,,0.77,0.43,,,,,0.7048793851668496,0.828682236119271,0.4219915306922376,0.447671747755359,0.4803149606299212,0.5179975020335513,0.03854040109901018,0.044632900390610845,,,0.5,0.4,0.29,1.49,0.04,0.93,0.19,0.01,0.0,0.299,0.8408408408408409,1.010520718254526,0.189,,0.008,,0.0,,False,96.0,99.0,96.0,88.0,93.0,91.0,91.0,92.0,94.0,high,high,high,high,high,high,high,high,high,2026-07-03
hitter,SEA,TOR,Victor Robles,645302,8.0,CF,Confirmed,3.48,,,,,0.79,0.35,,,,,0.7609611882324004,0.8290084378674684,0.3406276497596573,0.3568538515577275,0.3344051446945337,0.33284494946008925,0.020854176075133117,0.015827665132810552,,,0.33,0.29,0.21,1.08,0.02,0.49,0.13,0.01,0.0,0.259,0.4591194968553459,0.5223088022894198,0.126,,0.007,,0.0,,False,96.0,99.0,96.0,88.0,93.0,91.0,91.0,92.0,94.0,high,high,high,high,high,high,high,high,high,2026-07-03
hitter,SEA,TOR,Colt Emerson,806068,9.0,SS,Confirmed,4.18,,,,,1.28,0.54,,,,,1.214453649033583,1.3369090552706746,0.5130920923573199,0.5676294274369168,0.4125159642401022,0.5146500409314108,0.04330439134450705,0.06115246122559083,,,0.47,0.38,0.26,1.34,0.05,0.78,0.14,0.01,0.0,0.28,0.6720588235294118,0.8764561483217768,0.14,,0.007,,0.0,,False,96.0,99.0,96.0,88.0,93.0,91.0,91.0,92.0,94.0,high,high,high,high,high,high,high,high,high,2026-07-03
hitter,TOR,SEA,Nathan Lukes,664770,1.0,RF,Confirmed,3.89,,,,,0.52,0.42,,,,,0.5343799918690647,0.5001106492452153,0.44169060098190327,0.4009549612097844,1.0980834272829765,1.0572713601458368,0.11059881425331422,0.08057587708281382,,,1.08,0.37,0.27,1.41,0.1,1.55,0.14,0.01,0.0,0.238,1.684375,1.4490199245270698,0.142,,0.008,,0.0,,False,96.0,99.0,96.0,88.0,93.0,91.0,91.0,92.0,94.0,high,high,high,high,high,high,high,high,high,2026-07-03
hitter,TOR,SEA,Vladimir Guerrero Jr.,665489,2.0,1B,Confirmed,4.18,,,,,0.53,0.56,,,,,0.555818675004117,0.4986968988669467,0.5894430768415008,0.5286788751377128,1.4947368421052631,1.1275416166803955,0.23060446867267348,0.1699146589360729,,,1.29,0.42,0.31,1.6,0.2,1.91,0.16,0.01,0.0,0.257,2.057017543859649,1.7972711485799522,0.163,,0.009,,0.0,,False,96.0,99.0,96.0,88.0,93.0,91.0,91.0,92.0,94.0,high,high,high,high,high,high,high,high,high,2026-07-03
hitter,TOR,SEA,Kazuma Okamoto,672960,3.0,3B,Confirmed,4.04,,,,,1.12,0.58,,,,,1.1393830931160385,1.0980971852194588,0.6274559398117792,0.5295028959467594,1.0980834272829765,0.9393441902357373,0.21966424400537524,0.2213275282091911,,,1.01,0.4,0.33,1.49,0.22,1.94,0.16,0.01,0.0,0.252,2.057017543859649,1.8370821827173418,0.162,,0.007,,0.0,,False,96.0,99.0,96.0,88.0,93.0,91.0,91.0,92.0,94.0,high,high,high,high,high,high,high,high,high,2026-07-03
hitter,TOR,SEA,Daulton Varsho,662139,4.0,CF,Confirmed,3.96,,,,,1.02,0.41,,,,,1.077524781373395,0.9653740928295704,0.4435580265497403,0.3845222281881372,1.0980834272829765,0.991395814336718,0.23809872472622787,0.17998515827869704,,,1.04,0.35,0.29,1.34,0.21,1.81,0.16,0.01,0.0,0.223,1.914285714285714,1.715689394081118,0.157,,0.007,,0.0,,False,96.0,99.0,96.0,88.0,93.0,91.0,91.0,92.0,94.0,high,high,high,high,high,high,high,high,high,2026-07-03
hitter,TOR,SEA,Alejandro Kirk,672386,5.0,C,Confirmed,3.96,,,,,0.53,0.48,,,,,0.5547922267670172,0.5038690238687884,0.5213422973927164,0.4382217332171515,1.0980834272829765,1.0627994181437135,0.14061109816015896,0.13549892928376397,,,1.08,0.38,0.31,1.46,0.14,1.76,0.17,0.01,0.0,0.245,1.914285714285714,1.6316706809236006,0.175,,0.007,,0.0,,False,96.0,99.0,96.0,88.0,93.0,91.0,91.0,92.0,94.0,high,high,high,high,high,high,high,high,high,2026-07-03
hitter,TOR,SEA,Yohendrick Piñango,682818,6.0,LF,Confirmed,3.1,,,,,0.82,0.29,,,,,0.8700717916235338,0.7633753160038366,0.3484410664214035,0.22251686480807523,0.8770949720670391,0.7111281575295538,0.12164142330826735,0.11359798047798367,,,0.79,0.22,0.22,0.97,0.12,1.28,0.13,0.01,0.0,0.214,1.4476190476190476,1.148367940126078,0.134,,0.008,,0.0,,False,96.0,99.0,96.0,88.0,93.0,91.0,91.0,92.0,94.0,high,high,high,high,high,high,high,high,high,2026-07-03
hitter,TOR,SEA,Ernie Clement,676391,7.0,2B,Confirmed,3.89,,,,,0.4,0.27,,,,,0.41124882663094164,0.38580514067505967,0.27952234268210097,0.2649588031587921,1.1391752577319587,1.090879779566924,0.08517206066591276,0.06963445156026915,,,1.11,0.32,0.28,1.4,0.08,1.72,0.17,0.01,0.0,0.233,1.914285714285714,1.559397871134653,0.165,,0.009,,0.0,,False,96.0,99.0,96.0,88.0,93.0,91.0,91.0,92.0,94.0,high,high,high,high,high,high,high,high,high,2026-07-03
hitter,TOR,SEA,Sean Keys,815873,8.0,DH,Confirmed,3.48,,,,,0.89,0.31,,,,,0.8757951720355562,0.9095107464912873,0.3165246670948084,0.2979056950869627,1.0980834272829765,0.8566809695948524,0.17811739943140154,0.14797057950187326,,,0.97,0.27,0.24,1.15,0.16,1.64,0.14,0.01,0.0,0.226,1.914285714285714,1.420226696807925,0.144,,0.009,,0.0,,False,96.0,99.0,96.0,88.0,93.0,91.0,91.0,92.0,94.0,high,high,high,high,high,high,high,high,high,2026-07-03
hitter,TOR,SEA,Andrés Giménez,665926,9.0,SS,Confirmed,3.54,,,,,0.65,0.3,,,,,0.6949724553850287,0.604940338126406,0.33260397773346717,0.2638989344018504,1.0980834272829765,0.9694756892127555,0.08815747192182263,0.07806923078942037,,,1.03,0.29,0.25,1.24,0.08,1.52,0.17,0.01,0.0,0.235,1.684375,1.3908483386384551,0.166,,0.009,,0.0,,False,96.0,99.0,96.0,88.0,93.0,91.0,91.0,92.0,94.0,high,high,high,high,high,high,high,high,high,2026-07-03
