player_type,team,opponent,player_name,mlb_id,lineup_spot,pos,lineup_status,proj_pa,proj_ip,proj_outs,proj_runs_allowed,proj_hits_allowed,proj_strikeouts,proj_walks,proj_hr_allowed,proj_er_model,proj_fip,proj_war_contribution,direct_K,rate_K,direct_BB,rate_BB,direct_H,rate_H,direct_HR,rate_HR,direct_R,rate_R,proj_hits,proj_runs,proj_rbi,proj_hrrbi,proj_hr,proj_tb,proj_2b,proj_3b,proj_sb,proj_woba,direct_TB,rate_TB,direct_2B,rate_2B,direct_3B,rate_3B,direct_SB,rate_SB,used_fallback,confidence_score,proj_pa_confidence_score,proj_hits_confidence_score,proj_hr_confidence_score,proj_strikeouts_confidence_score,proj_runs_confidence_score,proj_rbi_confidence_score,proj_hrrbi_confidence_score,proj_walks_confidence_score,confidence,proj_pa_confidence,proj_hits_confidence,proj_hr_confidence,proj_strikeouts_confidence,proj_runs_confidence,proj_rbi_confidence,proj_hrrbi_confidence,proj_walks_confidence,game_date
pitcher,DET,CLE,Framber Valdez,664285,,,,,4.79,14.0,2.56,4.88,4.59,1.93,0.51,2.21,4.06,0.081,4.676567656765677,4.497510524090055,1.890295358649789,2.041382631246275,4.879746835443039,4.858659276173211,0.5409836065573771,0.44045373111342334,2.212,,,,,,,,,,,,,,,,,,,,,,,,,,,,,,,,,,,,,,,2026-05-18
pitcher,CLE,DET,Slade Cecconi,677944,,,,,4.79,14.0,2.7,5.05,4.78,1.64,0.92,2.48,4.9,0.051,4.676567656765677,4.882964964028157,1.610062893081761,1.7468702410277968,4.879746835443039,5.720501571405975,0.9130434782608695,0.9510542321979162,2.481,,,,,,,,,,,,,,,,,,,,,,,,,,,,,,,,,,,,,,,2026-05-18
pitcher,TB,BAL,Shane McClanahan,663556,,,,,4.79,14.0,2.6,4.93,4.78,1.64,0.78,2.21,4.48,0.081,4.676567656765677,4.882964964028157,1.610062893081761,1.7468702410277968,4.879746835443039,5.152155509786922,0.7580645161290323,0.8243081650798851,2.212,,,,,,,,,,,,,,,,,,,,,,,,,,,,,,,,,,,,,,,2026-05-18
pitcher,BAL,TB,Trevor Rogers,669432,,,,,4.79,14.0,2.54,4.43,5.0,1.93,0.83,2.21,4.62,0.081,4.676567656765677,5.331254490887942,1.890295358649789,2.041382631246275,4.326530612244898,4.858659276173211,0.8333333333333334,0.8243081650798851,2.212,,,,,,,,,,,,,,,,,,,,,,,,,,,,,,,,,,,,,,,2026-05-18
pitcher,PHI,CIN,Andrew Painter,691725,,,,,4.79,14.0,2.43,4.55,3.97,1.92,0.63,2.43,4.43,0.057,3.8412698412698414,4.0935217530038726,1.890295358649789,2.026480650190615,4.525423728813561,4.62755356150739,0.547945205479452,0.8243081650798851,2.432,,,,,,,,,,,,,,,,,,,,,,,,,,,,,,,,,,,,,,,2026-05-18
pitcher,CIN,PHI,Nick Lodolo,666157,,,,,4.61,14.0,2.19,4.4,4.69,1.36,0.55,2.21,3.71,0.069,4.676567656765677,4.699471499826681,1.2772277227722773,1.6181032577098442,4.326530612244898,4.676079178112422,0.547945205479452,0.5448472070051432,2.212,,,,,,,,,,,,,,,,,,,,,,,,,,,,,,,,,,,,,,,2026-05-18
pitcher,MIA,ATL,Max Meyer,676974,,,,,4.79,14.0,2.6,4.93,5.19,1.63,0.86,2.21,4.48,0.081,5.052788627336304,5.331254490887942,1.610062893081761,1.6812829944533958,4.879746835443039,5.152155509786922,0.869281045751634,0.8243081650798851,2.212,,,,,,,,,,,,,,,,,,,,,,,,,,,,,,,,,,,,,,,2026-05-18
pitcher,ATL,MIA,JR Ritchie,702275,,,,,4.79,14.0,2.84,4.76,3.97,2.22,0.89,2.28,5.48,0.073,3.8412698412698414,4.0935217530038726,2.163265306122449,2.408344720713209,4.666666666666667,5.152155509786922,0.869281045751634,0.9510542321979162,2.28,,,,,,,,,,,,,,,,,,,,,,,,,,,,,,,,,,,,,,,2026-05-18
pitcher,WSH,NYM,Jake Irvin,663623,,,,,4.79,14.0,2.71,4.93,4.59,1.93,0.92,3.0,5.07,-0.002,4.676567656765677,4.497510524090055,1.890295358649789,2.041382631246275,4.879746835443039,5.152155509786922,0.9130434782608695,0.9510542321979162,3.0,,,,,,,,,,,,,,,,,,,,,,,,,,,,,,,,,,,,,,,2026-05-18
pitcher,NYM,WSH,Christian Scott,681035,,,,,4.61,14.0,2.14,3.66,5.94,2.0,0.54,1.79,3.64,0.117,5.708333333333333,6.17129322506804,1.890295358649789,2.3178432489536314,3.6666666666666665,3.6205972539213067,0.5409836065573771,0.5448472070051432,1.789,,,,,,,,,,,,,,,,,,,,,,,,,,,,,,,,,,,,,,,2026-05-18
pitcher,NYY,TOR,Ryan Weathers,677960,,,,,4.79,14.0,2.44,4.39,5.92,1.72,0.86,2.21,4.02,0.081,6.017094017094017,5.813394875658903,1.610062893081761,2.041382631246275,4.326530612244898,4.62755356150739,0.869281045751634,0.8243081650798851,2.212,,,,,,,,,,,,,,,,,,,,,,,,,,,,,,,,,,,,,,,2026-05-18
pitcher,TOR,NYY,Patrick Corbin,571578,,,,,4.61,14.0,2.55,4.9,3.76,1.63,0.7,2.28,4.62,0.061,3.8412698412698414,3.681977809520944,1.610062893081761,1.681225847836773,4.879746835443039,4.95854632570307,0.6666666666666666,0.7933320753691587,2.28,,,,,,,,,,,,,,,,,,,,,,,,,,,,,,,,,,,,,,,2026-05-18
pitcher,KC,BOS,Seth Lugo,607625,,,,,4.79,14.0,2.7,4.56,4.59,2.22,0.87,2.48,5.13,0.051,4.676567656765677,4.497510524090055,2.163265306122449,2.408344720713209,4.486486486486487,4.858659276173211,0.869281045751634,0.8726985188581348,2.481,,,,,,,,,,,,,,,,,,,,,,,,,,,,,,,,,,,,,,,2026-05-18
pitcher,BOS,KC,Sonny Gray,543243,,,,,4.79,14.0,2.52,4.93,5.08,1.43,0.87,2.28,4.36,0.073,5.275,4.882964964028157,1.3455882352941178,1.6812829944533958,4.879746835443039,5.152155509786922,0.869281045751634,0.8726985188581348,2.28,,,,,,,,,,,,,,,,,,,,,,,,,,,,,,,,,,,,,,,2026-05-18
pitcher,HOU,MIN,Tatsuya Imai,837227,,,,,4.61,14.0,2.52,4.45,4.62,1.91,0.84,2.21,4.81,0.069,4.5344827586206895,4.699471499826681,1.890295358649789,1.9646709666065398,4.326530612244898,4.95854632570307,0.8333333333333334,0.8399040024918583,2.212,,,,,,,,,,,,,,,,,,,,,,,,,,,,,,,,,,,,,,,2026-05-18
pitcher,CHC,MIL,Shota Imanaga,684007,,,,,5.21,16.0,2.57,5.2,4.78,1.31,0.88,2.21,4.47,0.111,4.676567656765677,4.891864265242002,1.2772277227722773,1.3949231405521847,5.093457943925234,5.60391027264924,0.869281045751634,0.8965857077382466,2.212,,,,,,,,,,,,,,,,,,,,,,,,,,,,,,,,,,,,,,,2026-05-18
pitcher,MIL,CHC,Brandon Sproat,687075,,,,,4.79,14.0,2.45,4.93,4.59,1.85,0.47,2.21,3.91,0.081,4.676567656765677,4.497510524090055,1.890295358649789,1.7468702410277968,4.879746835443039,5.152155509786922,0.4827586206896552,0.44045373111342334,2.212,,,,,,,,,,,,,,,,,,,,,,,,,,,,,,,,,,,,,,,2026-05-18
pitcher,COL,TEX,Jose Quintana,500779,,,,,4.79,14.0,2.93,5.53,3.83,1.93,0.89,3.21,5.3,-0.022,3.8412698412698414,3.8257426697625427,1.890295358649789,2.041382631246275,5.387096774193548,6.094132954135056,0.869281045751634,0.9510542321979162,3.207,,,,,,,,,,,,,,,,,,,,,,,,,,,,,,,,,,,,,,,2026-05-18
pitcher,TEX,COL,MacKenzie Gore,669022,,,,,4.79,14.0,2.37,4.39,4.78,2.13,0.55,2.21,4.06,0.081,4.676567656765677,4.882964964028157,2.163265306122449,2.041382631246275,4.326530612244898,4.62755356150739,0.5409836065573771,0.5661210675823506,2.212,,,,,,,,,,,,,,,,,,,,,,,,,,,,,,,,,,,,,,,2026-05-18
pitcher,LAA,ATH,Walbert Ureña,700712,,,,,4.61,14.0,2.33,4.4,4.9,2.0,0.39,2.21,3.93,0.069,4.676567656765677,5.1309150736938225,1.890295358649789,2.3178432489536314,4.326530612244898,4.676079178112422,0.38095238095238093,0.4239022339108312,2.212,,,,,,,,,,,,,,,,,,,,,,,,,,,,,,,,,,,,,,,2026-05-18
pitcher,ATH,LAA,J.T. Ginn,669372,,,,,4.79,14.0,2.43,4.57,4.78,1.88,0.57,2.25,4.06,0.076,4.676567656765677,4.882964964028157,1.836734693877551,2.026480650190615,4.500000000000001,4.858659276173211,0.5409836065573771,0.6350989636681925,2.251,,,,,,,,,,,,,,,,,,,,,,,,,,,,,,,,,,,,,,,2026-05-18
pitcher,SD,LAD,Michael King,650633,,,,,4.79,14.0,2.38,4.57,4.78,1.93,0.5,2.21,3.95,0.081,4.676567656765677,4.882964964028157,1.890295358649789,2.041382631246275,4.500000000000001,4.858659276173211,0.4827586206896552,0.5464552514395971,2.212,,,,,,,,,,,,,,,,,,,,,,,,,,,,,,,,,,,,,,,2026-05-18
pitcher,LAD,SD,Yoshinobu Yamamoto,808967,,,,,5.59,17.0,2.46,4.81,6.56,1.93,0.5,1.79,3.16,0.191,6.649122807017544,6.471370949799894,1.890295358649789,2.038623099654568,4.666666666666667,5.400422632322819,0.5,0.5140159409027215,1.789,,,,,,,,,,,,,,,,,,,,,,,,,,,,,,,,,,,,,,,2026-05-18
pitcher,AZ,SF,Zac Gallen,668678,,,,,4.79,14.0,2.61,4.88,4.59,1.92,0.67,2.48,4.29,0.051,4.676567656765677,4.497510524090055,1.890295358649789,2.026480650190615,4.879746835443039,4.858659276173211,0.625,0.7592911695295503,2.481,,,,,,,,,,,,,,,,,,,,,,,,,,,,,,,,,,,,,,,2026-05-18
pitcher,SF,AZ,Robbie Ray,592662,,,,,5.13,15.0,2.71,5.21,4.75,2.39,0.56,2.43,4.31,0.08,4.676567656765677,4.816749266927345,2.3333333333333335,2.579291945147967,4.879746835443039,6.5267018903367084,0.5409836065573771,0.6063050264504087,2.432,,,,,,,,,,,,,,,,,,,,,,,,,,,,,,,,,,,,,,,2026-05-18
pitcher,SEA,CWS,Bryan Woo,693433,,,,,4.79,14.0,2.4,4.53,5.78,1.33,0.86,2.21,4.05,0.081,6.017094017094017,5.545235572368783,1.3455882352941178,1.2824725226957707,4.486486486486487,4.680779957327881,0.869281045751634,0.8243081650798851,2.212,,,,,,,,,,,,,,,,,,,,,,,,,,,,,,,,,,,,,,,2026-05-18
pitcher,CWS,SEA,Noah Schultz,702273,,,,,4.79,14.0,2.37,4.39,4.66,2.02,0.55,2.21,4.06,0.081,4.676567656765677,4.647578953046305,1.890295358649789,2.408344720713209,4.326530612244898,4.62755356150739,0.5409836065573771,0.5661210675823506,2.212,,,,,,,,,,,,,,,,,,,,,,,,,,,,,,,,,,,,,,,2026-05-18
hitter,DET,CLE,Colt Keith,690993,1.0,DH,Confirmed,3.1,,,,,0.74,0.09,,,,,0.6851795260381737,0.7964589645182476,0.08635386920046118,0.0862982802633943,0.4125159642401022,0.4726583406167922,0.02371376830939208,0.01433522883723801,,,0.45,0.34,0.25,1.29,0.02,0.65,0.14,0.01,0.0,0.273,0.6720588235294118,0.6354519528638052,0.141,,0.011,,0.0,,False,96.0,99.0,96.0,88.0,93.0,91.0,91.0,92.0,94.0,high,high,high,high,high,high,high,high,high,2026-05-18
hitter,DET,CLE,Kevin McGonigle,805808,2.0,SS,Confirmed,4.51,,,,,0.71,0.25,,,,,0.6507854170800419,0.7615152391087741,0.23444595324531325,0.2693517515203625,0.801980198019802,0.8217182790637956,0.03582073375252929,0.04381441981452021,,,0.81,0.52,0.35,1.87,0.04,1.12,0.23,0.01,0.0,0.305,1.1521739130434783,1.1002237915896682,0.232,,0.011,,0.0,,False,96.0,99.0,96.0,88.0,93.0,91.0,91.0,92.0,94.0,high,high,high,high,high,high,high,high,high,2026-05-18
hitter,DET,CLE,Dillon Dingler,693307,3.0,C,Confirmed,4.18,,,,,1.02,0.11,,,,,0.9235603386921325,1.1237412560220894,0.1103622251772453,0.10122984358321797,0.801980198019802,0.7962494912504421,0.03886983523171418,0.026768504209990125,,,0.8,0.48,0.41,1.89,0.03,1.11,0.19,0.01,0.0,0.284,1.1238670694864048,1.0937123757107312,0.191,,0.011,,0.0,,False,96.0,99.0,96.0,88.0,93.0,91.0,91.0,92.0,94.0,high,high,high,high,high,high,high,high,high,2026-05-18
hitter,DET,CLE,Riley Greene,682985,4.0,LF,Confirmed,4.45,,,,,1.28,0.22,,,,,1.1721645656316648,1.385476818181529,0.18697841311512914,0.25056391148910634,0.7715355805243446,0.7833688502075785,0.049403549059503074,0.044842239657630865,,,0.78,0.5,0.42,1.92,0.05,1.13,0.18,0.01,0.0,0.288,1.1521739130434783,1.1104648077549353,0.183,,0.013,,0.0,,False,96.0,99.0,96.0,88.0,93.0,91.0,91.0,92.0,94.0,high,high,high,high,high,high,high,high,high,2026-05-18
hitter,DET,CLE,Spencer Torkelson,679529,5.0,1B,Confirmed,4.04,,,,,1.15,0.14,,,,,1.0758289931659646,1.2189949419179273,0.13853391994758,0.13832440823275854,0.6434108527131783,0.6136150519972164,0.04543738726518452,0.061948185782570775,,,0.63,0.43,0.34,1.58,0.05,0.95,0.17,0.01,0.0,0.28,0.9875776397515532,0.9190230107444189,0.174,,0.007,,0.0,,False,96.0,99.0,96.0,88.0,93.0,91.0,91.0,92.0,94.0,high,high,high,high,high,high,high,high,high,2026-05-18
hitter,DET,CLE,Zach McKinstry,656716,6.0,2B,Confirmed,3.48,,,,,0.76,0.1,,,,,0.6625402837567169,0.8582949923267847,0.10203560646046879,0.10376189768193564,0.4125159642401022,0.5021053993242233,0.019950253608991705,0.011623064278901968,,,0.46,0.3,0.28,1.29,0.02,0.71,0.17,0.02,0.0,0.261,0.6720588235294118,0.7413122492837416,0.166,,0.019,,0.0,,False,96.0,99.0,96.0,88.0,93.0,91.0,91.0,92.0,94.0,high,high,high,high,high,high,high,high,high,2026-05-18
hitter,DET,CLE,Matt Vierling,663837,7.0,CF,Confirmed,4.08,,,,,0.81,0.12,,,,,0.747573246282452,0.8694472239682719,0.11622713711654693,0.12490215830613918,0.7061469265367316,0.6625452728001722,0.026488688880489088,0.023280088098828762,,,0.68,0.37,0.31,1.56,0.02,0.87,0.17,0.01,0.0,0.266,0.8408408408408409,0.8902567173326832,0.171,,0.009,,0.0,,False,96.0,99.0,96.0,88.0,93.0,91.0,91.0,92.0,94.0,high,high,high,high,high,high,high,high,high,2026-05-18
hitter,DET,CLE,Wenceel Pérez,672761,8.0,RF,Confirmed,3.49,,,,,0.84,0.1,,,,,0.7781000364760189,0.8995153936940951,0.10077900466349286,0.09661586278460615,0.5290322580645161,0.5078767551519716,0.027691881137174423,0.03063400639837492,,,0.52,0.31,0.26,1.27,0.03,0.75,0.17,0.02,0.0,0.259,0.7899761336515513,0.7145278702819484,0.17,,0.015,,0.0,,False,96.0,99.0,96.0,88.0,93.0,91.0,91.0,92.0,94.0,high,high,high,high,high,high,high,high,high,2026-05-18
hitter,DET,CLE,Zack Short,670097,9.0,SS,Confirmed,3.1,,,,,1.04,0.21,,,,,1.090835665122871,0.9793559789402284,0.21946497153584163,0.20883803841804197,0.7061469265367316,0.6095485251087538,0.024669347087165363,0.030560180909824042,,,0.65,0.25,0.21,1.04,0.03,0.85,0.13,0.01,0.0,0.237,0.9875776397515532,0.7383258896313911,0.132,,0.007,,0.0,,False,96.0,99.0,96.0,88.0,93.0,91.0,91.0,92.0,94.0,high,high,high,high,high,high,high,high,high,2026-05-18
hitter,CLE,DET,Angel Martínez,682657,1.0,LF,Confirmed,3.96,,,,,1.18,0.15,,,,,1.1665283993608688,1.1983572915894027,0.1521609283431247,0.13800256855541518,1.0980834272829765,1.057958795263672,0.25033419610159086,0.2992453121578936,,,1.08,0.33,0.25,1.29,0.27,2.1,0.13,0.01,0.0,0.209,2.057017543859649,2.135698834483283,0.131,,0.009,,0.0,,False,96.0,99.0,96.0,88.0,93.0,91.0,91.0,92.0,94.0,high,high,high,high,high,high,high,high,high,2026-05-18
hitter,CLE,DET,José Ramírez,608070,2.0,3B,Confirmed,4.03,,,,,0.78,0.45,,,,,0.8535568989900008,0.7138004223384868,0.5268542081479084,0.3687173384667286,1.4947368421052631,1.15658099817999,0.3848125686212447,0.41366797849202197,,,1.31,0.42,0.28,1.5,0.4,2.49,0.14,0.01,0.0,0.275,2.552380952380952,2.4424601252151414,0.144,,0.007,,0.0,,False,96.0,99.0,96.0,88.0,93.0,91.0,91.0,92.0,94.0,high,high,high,high,high,high,high,high,high,2026-05-18
hitter,CLE,DET,Chase DeLauter,800050,3.0,RF,Confirmed,4.26,,,,,0.72,0.33,,,,,0.7526596587852977,0.6874941385313004,0.35905606296233994,0.29325507284252716,1.4947368421052631,1.179975276273737,0.2855973099400053,0.2568527235682994,,,1.32,0.42,0.34,1.63,0.27,2.37,0.15,0.01,0.0,0.251,2.456692913385827,2.3011981186947867,0.149,,0.012,,0.0,,False,96.0,99.0,96.0,88.0,93.0,91.0,91.0,92.0,94.0,high,high,high,high,high,high,high,high,high,2026-05-18
hitter,CLE,DET,Rhys Hoskins,656555,4.0,1B,Confirmed,2.77,,,,,0.65,0.23,,,,,0.6426824997493134,0.6607280075796242,0.2363038565381401,0.2149217176499519,0.5290322580645161,0.4456432107143936,0.04488318087980024,0.037809074848624946,,,0.48,0.24,0.18,0.83,0.04,0.62,0.1,0.01,0.0,0.232,0.6720588235294118,0.5801977935378323,0.098,,0.007,,0.0,,False,96.0,99.0,96.0,88.0,93.0,91.0,91.0,92.0,94.0,high,high,high,high,high,high,high,high,high,2026-05-18
hitter,CLE,DET,David Fry,681807,5.0,DH,Confirmed,2.55,,,,,0.59,0.22,,,,,0.5258118055025349,0.6597567170099276,0.23651015287325225,0.21192289490422223,0.3344051446945337,0.26472552836784435,0.0603040485578702,0.05310333588741693,,,0.3,0.17,0.14,0.64,0.06,0.56,0.09,0.01,0.0,0.179,0.6289308176100628,0.5020183795967341,0.088,,0.007,,0.0,,False,96.0,99.0,96.0,88.0,93.0,91.0,91.0,92.0,94.0,high,high,high,high,high,high,high,high,high,2026-05-18
hitter,CLE,DET,Travis Bazzana,683953,6.0,2B,Confirmed,4.18,,,,,0.94,0.44,,,,,0.9032313190337347,0.968668722704715,0.49901502032991885,0.3864409189712872,1.1391752577319587,1.1220849635118821,0.3267046482137026,0.2919113498823934,,,1.13,0.37,0.33,1.5,0.31,2.07,0.13,0.01,0.0,0.263,2.057017543859649,2.0753640771152257,0.128,,0.008,,0.0,,False,96.0,99.0,96.0,88.0,93.0,91.0,91.0,92.0,94.0,high,high,high,high,high,high,high,high,high,2026-05-18
hitter,CLE,DET,Steven Kwan,680757,7.0,CF,Confirmed,4.25,,,,,0.56,0.38,,,,,0.48823215877759274,0.635036775501001,0.38372113948683084,0.37549707820128464,1.4947368421052631,1.2275227414278882,0.15801400412789182,0.16932349442209116,,,1.35,0.41,0.34,1.75,0.16,1.97,0.16,0.01,0.0,0.281,2.057017543859649,1.906086698422477,0.162,,0.01,,0.0,,False,96.0,99.0,96.0,88.0,93.0,91.0,91.0,92.0,94.0,high,high,high,high,high,high,high,high,high,2026-05-18
hitter,CLE,DET,Austin Hedges,595978,8.0,C,Confirmed,3.02,,,,,0.6,0.18,,,,,0.5716167486442936,0.635285282775114,0.19222187518997252,0.16420036750216008,0.6434108527131783,0.5051095939379301,0.02777535769699,0.015288940478573588,,,0.57,0.19,0.15,0.75,0.02,0.76,0.09,0.01,0.0,0.19,0.7899761336515513,0.7297939802773229,0.091,,0.007,,0.0,,False,96.0,99.0,96.0,88.0,93.0,91.0,91.0,92.0,94.0,high,high,high,high,high,high,high,high,high,2026-05-18
hitter,CLE,DET,Brayan Rocchio,677587,9.0,SS,Confirmed,3.49,,,,,0.79,0.19,,,,,0.8104665753372068,0.7597386156738006,0.1952112366871764,0.17698085727635177,1.0980834272829765,0.9125780318778861,0.12438973003840809,0.11538338609752138,,,1.0,0.29,0.24,1.24,0.12,1.59,0.14,0.01,0.0,0.239,1.914285714285714,1.329872572131686,0.135,,0.008,,0.0,,False,96.0,99.0,96.0,88.0,93.0,91.0,91.0,92.0,94.0,high,high,high,high,high,high,high,high,high,2026-05-18
hitter,TB,BAL,Yandy Díaz,650490,1.0,DH,Confirmed,4.57,,,,,0.67,0.63,,,,,0.6523845334264184,0.6857433069096687,0.6172558907540526,0.6454715125692779,0.994208494208494,1.072052989534047,0.2730681448180058,0.3451204564212118,,,1.04,0.7,0.55,2.35,0.31,2.08,0.22,0.01,0.0,0.385,2.057017543859649,2.102020633669091,0.219,,0.008,,0.0,,False,96.0,99.0,96.0,88.0,93.0,91.0,91.0,92.0,94.0,high,high,high,high,high,high,high,high,high,2026-05-18
hitter,TB,BAL,Jonathan Aranda,666018,2.0,1B,Confirmed,4.39,,,,,1.08,0.67,,,,,1.021677136216858,1.1457543035154163,0.6585168061455747,0.6744695126348083,0.801980198019802,0.8475412536893994,0.23711458281271974,0.2963008920269344,,,0.83,0.65,0.51,2.16,0.27,1.84,0.18,0.01,0.0,0.372,1.914285714285714,1.7794226792963195,0.183,,0.007,,0.0,,False,96.0,99.0,96.0,88.0,93.0,91.0,91.0,92.0,94.0,high,high,high,high,high,high,high,high,high,2026-05-18
hitter,TB,BAL,Junior Caminero,691406,3.0,3B,Confirmed,4.61,,,,,0.85,0.5,,,,,0.8235650729756607,0.8817047859224577,0.4885660969747858,0.5213167030258758,1.0980834272829765,1.1056460150867102,0.48740811661664823,0.47663174815904913,,,1.1,0.89,0.92,2.95,0.48,2.58,0.2,0.01,0.0,0.456,2.456692913385827,2.6774215842290863,0.199,,0.009,,0.0,,False,96.0,99.0,96.0,88.0,93.0,91.0,91.0,92.0,94.0,high,high,high,high,high,high,high,high,high,2026-05-18
hitter,TB,BAL,Ryan Vilade,668723,4.0,RF,Confirmed,3.74,,,,,0.59,0.19,,,,,0.5241834273518603,0.6650847332617996,0.18110443514583327,0.19009802213887583,0.994208494208494,0.9860530776062156,0.030896826744828975,0.024498671950219715,,,0.99,0.47,0.42,1.7,0.03,1.24,0.15,0.01,0.0,0.312,1.239368165249089,1.2471275637810375,0.153,,0.01,,0.0,,False,96.0,99.0,96.0,88.0,93.0,91.0,91.0,92.0,94.0,high,high,high,high,high,high,high,high,high,2026-05-18
hitter,TB,BAL,Jonny DeLuca,676356,5.0,CF,Confirmed,3.81,,,,,0.89,0.38,,,,,0.8132841506755669,0.9750773251457311,0.38937987283166964,0.3801172097316593,0.707983193277311,0.7567980601400782,0.10333632537077814,0.12538007601298135,,,0.73,0.48,0.41,1.78,0.11,1.23,0.16,0.01,0.0,0.318,1.239368165249089,1.2273519520498577,0.161,,0.011,,0.0,,False,96.0,99.0,96.0,88.0,93.0,91.0,91.0,92.0,94.0,high,high,high,high,high,high,high,high,high,2026-05-18
hitter,TB,BAL,Chandler Simpson,802415,6.0,LF,Confirmed,4.25,,,,,0.46,0.34,,,,,0.42463391222255287,0.4953481229776162,0.33238542165324914,0.35428256277060716,1.0,1.0092886669262464,0.05880876707610074,0.0802281500516153,,,1.01,0.46,0.45,2.01,0.07,1.32,0.15,0.01,0.0,0.305,1.3148148148148149,1.3174995112283425,0.154,,0.014,,0.0,,False,96.0,99.0,96.0,88.0,93.0,91.0,91.0,92.0,94.0,high,high,high,high,high,high,high,high,high,2026-05-18
hitter,TB,BAL,Nick Fortes,663743,7.0,C,Confirmed,3.96,,,,,0.74,0.29,,,,,0.6657423884018825,0.8051036522791911,0.26724367076689903,0.30985663360734755,0.707983193277311,0.7886711272048444,0.1606838351675596,0.16072363717052898,,,0.75,0.43,0.4,1.69,0.16,1.39,0.16,0.01,0.0,0.299,1.3148148148148149,1.4565937359472338,0.161,,0.007,,0.0,,False,96.0,99.0,96.0,88.0,93.0,91.0,91.0,92.0,94.0,high,high,high,high,high,high,high,high,high,2026-05-18
hitter,TB,BAL,Taylor Walls,670764,8.0,SS,Confirmed,4.03,,,,,0.9,0.46,,,,,0.8070150153972664,0.9964550581291475,0.4317091963098817,0.4972492931783906,0.801980198019802,0.7853495163273444,0.09862120673008659,0.11545611331117567,,,0.79,0.46,0.39,1.85,0.11,1.17,0.15,0.01,0.0,0.327,1.239368165249089,1.1210068444837926,0.152,,0.01,,0.0,,False,96.0,99.0,96.0,88.0,93.0,91.0,91.0,92.0,94.0,high,high,high,high,high,high,high,high,high,2026-05-18
hitter,TB,BAL,Carson Williams,700246,9.0,2B,Confirmed,3.74,,,,,1.23,0.24,,,,,1.1933912435034735,1.2605192236210563,0.24300596336411648,0.23545368965007893,0.8770949720670391,0.7636102703863966,0.048938599158162975,0.03291431523629328,,,0.81,0.43,0.41,1.61,0.04,1.19,0.14,0.01,0.0,0.326,1.239368165249089,1.149052360180388,0.144,,0.008,,0.0,,False,96.0,99.0,96.0,88.0,93.0,91.0,91.0,92.0,94.0,high,high,high,high,high,high,high,high,high,2026-05-18
hitter,BAL,TB,Taylor Ward,621493,1.0,LF,Confirmed,3.96,,,,,0.93,0.34,,,,,0.9415971625223102,0.9111824553664304,0.3585291146865066,0.3243644624434108,1.0,0.9701383073404034,0.3586428486222744,0.42678167019242147,,,0.98,0.33,0.21,1.07,0.39,2.54,0.13,0.01,0.0,0.229,2.552380952380952,2.5322603709981375,0.127,,0.007,,0.0,,False,96.0,99.0,96.0,88.0,93.0,91.0,91.0,92.0,94.0,high,high,high,high,high,high,high,high,high,2026-05-18
hitter,BAL,TB,Gunnar Henderson,683002,2.0,SS,Confirmed,4.14,,,,,0.85,0.28,,,,,0.8194463946774297,0.8816390953966525,0.295703763898844,0.26026902396577306,1.0980834272829765,1.0976377694665305,0.28132408449115576,0.2722254600497133,,,1.1,0.28,0.19,0.95,0.28,2.21,0.13,0.01,0.0,0.186,2.456692913385827,2.0059659032845145,0.13,,0.012,,0.0,,False,96.0,99.0,96.0,88.0,93.0,91.0,91.0,92.0,94.0,high,high,high,high,high,high,high,high,high,2026-05-18
hitter,BAL,TB,Adley Rutschman,668939,3.0,C,Confirmed,4.04,,,,,0.9,0.16,,,,,0.9124723999498591,0.877759016878917,0.16289997937565423,0.16418190200667557,1.0980834272829765,1.0565101348454902,0.2341655782834394,0.21556463094832848,,,1.08,0.32,0.26,1.16,0.22,1.91,0.12,0.01,0.0,0.206,2.057017543859649,1.7890437902295278,0.119,,0.008,,0.0,,False,96.0,99.0,96.0,88.0,93.0,91.0,91.0,92.0,94.0,high,high,high,high,high,high,high,high,high,2026-05-18
hitter,BAL,TB,Pete Alonso,624413,4.0,1B,Confirmed,4.18,,,,,0.93,0.29,,,,,0.9273146091411774,0.9290288705278941,0.3059523809743968,0.26485934588948445,1.0980834272829765,1.182091354743475,0.5973479177912179,0.5583422017440716,,,1.14,0.31,0.26,1.1,0.58,2.91,0.14,0.01,0.0,0.198,2.775,3.0292505371638434,0.135,,0.009,,0.0,,False,96.0,99.0,96.0,88.0,93.0,91.0,91.0,92.0,94.0,high,high,high,high,high,high,high,high,high,2026-05-18
hitter,BAL,TB,Tyler O'Neill,641933,5.0,RF,Confirmed,3.48,,,,,0.88,0.25,,,,,0.940757710544347,0.8115512613457196,0.27009537872751854,0.23165876619432477,0.8949771689497716,0.77281673872669,0.30210637805846136,0.29431037582020403,,,0.83,0.25,0.18,0.84,0.3,1.89,0.1,0.01,0.0,0.191,1.914285714285714,1.8623030157206657,0.102,,0.007,,0.0,,False,96.0,99.0,96.0,88.0,93.0,91.0,91.0,92.0,94.0,high,high,high,high,high,high,high,high,high,2026-05-18
hitter,BAL,TB,Coby Mayo,691723,6.0,3B,Confirmed,3.1,,,,,0.85,0.15,,,,,0.9197198696959364,0.7705508181900204,0.17068772857585826,0.12838920683842286,0.7715355805243446,0.6385488466782828,0.3385969111029518,0.3068650194402877,,,0.7,0.18,0.17,0.7,0.32,1.72,0.09,0.01,0.0,0.173,1.914285714285714,1.5639010348120872,0.09,,0.007,,0.0,,False,96.0,99.0,96.0,88.0,93.0,91.0,91.0,92.0,94.0,high,high,high,high,high,high,high,high,high,2026-05-18
hitter,BAL,TB,Jeremiah Jackson,669236,7.0,2B,Confirmed,3.54,,,,,0.81,0.17,,,,,0.8274936447578994,0.7872781890683089,0.19362783100055464,0.15105938736769736,0.8949771689497716,0.8772513034640147,0.28565106804226575,0.3085937327964562,,,0.89,0.2,0.16,0.77,0.3,1.79,0.11,0.01,0.0,0.164,1.914285714285714,1.6889607159571565,0.108,,0.008,,0.0,,False,96.0,99.0,96.0,88.0,93.0,91.0,91.0,92.0,94.0,high,high,high,high,high,high,high,high,high,2026-05-18
hitter,BAL,TB,Weston Wilson,642215,8.0,P,Confirmed,3.19,,,,,0.72,0.32,,,,,0.7131779947809854,0.7269123033207475,0.3682440722692173,0.2800813333054087,0.801980198019802,0.5992415978369119,0.02770116349326281,0.024278931368300397,,,0.69,0.18,0.13,0.67,0.03,1.01,0.09,0.01,0.0,0.177,1.1521739130434783,0.8903612406440573,0.089,,0.006,,0.0,,False,96.0,99.0,96.0,88.0,93.0,91.0,91.0,92.0,94.0,high,high,high,high,high,high,high,high,high,2026-05-18
hitter,BAL,TB,Blaze Alexander,677942,9.0,SS,Confirmed,2.55,,,,,0.69,0.25,,,,,0.6856216268341293,0.7001897912805686,0.2730783969472427,0.21722256519696,0.2543859649122807,0.20966971931146058,0.02098976809169422,0.01185460446490848,,,0.23,0.13,0.1,0.48,0.02,0.35,0.08,0.01,0.0,0.154,0.39285714285714285,0.3128052993234409,0.076,,0.008,,0.0,,False,96.0,99.0,96.0,88.0,93.0,91.0,91.0,92.0,94.0,high,high,high,high,high,high,high,high,high,2026-05-18
hitter,PHI,CIN,Trea Turner,607208,1.0,SS,Confirmed,4.57,,,,,1.05,0.22,,,,,1.0530911113099328,1.0464320936170723,0.2281067231004045,0.2208604685269861,1.0980834272829765,1.105078004870049,0.11020724469197998,0.12376480837200311,,,1.1,0.6,0.43,2.13,0.12,1.61,0.21,0.02,0.0,0.34,1.5956790123456794,1.6244681493709605,0.21,,0.02,,0.0,,False,96.0,99.0,96.0,88.0,93.0,91.0,91.0,92.0,94.0,high,high,high,high,high,high,high,high,high,2026-05-18
hitter,PHI,CIN,Bryce Harper,547180,2.0,1B,Confirmed,4.68,,,,,1.21,0.39,,,,,1.193575319929643,1.2353505947404355,0.3655740086952679,0.41530871135467184,1.0,1.0830978759146401,0.14768808578652298,0.1767513378671911,,,1.05,0.7,0.47,2.27,0.16,1.74,0.23,0.01,0.0,0.396,1.684375,1.7898154639574815,0.226,,0.009,,0.0,,False,96.0,99.0,96.0,88.0,93.0,91.0,91.0,92.0,94.0,high,high,high,high,high,high,high,high,high,2026-05-18
hitter,PHI,CIN,Alec Bohm,664761,3.0,1B,Confirmed,4.39,,,,,0.85,0.2,,,,,0.8042906842899555,0.9009204620953563,0.18790510561283458,0.20388151850398742,1.0980834272829765,1.1577972955172233,0.11988748234384067,0.13732493700850162,,,1.13,0.59,0.51,2.2,0.13,1.68,0.2,0.01,0.0,0.339,1.684375,1.6774082684544864,0.201,,0.014,,0.0,,False,96.0,99.0,96.0,88.0,93.0,91.0,91.0,92.0,94.0,high,high,high,high,high,high,high,high,high,2026-05-18
hitter,PHI,CIN,Edmundo Sosa,624641,4.0,3B,Confirmed,3.89,,,,,0.77,0.1,,,,,0.6680749540946006,0.8619418150745645,0.0942464664488452,0.09994622895863008,0.7715355805243446,0.7961781128145533,0.08203272142504006,0.06949724777160542,,,0.79,0.43,0.38,1.61,0.08,1.3,0.18,0.01,0.0,0.281,1.3148148148148149,1.2940660738298324,0.178,,0.009,,0.0,,False,96.0,99.0,96.0,88.0,93.0,91.0,91.0,92.0,94.0,high,high,high,high,high,high,high,high,high,2026-05-18
hitter,PHI,CIN,Adolis García,666969,5.0,RF,Confirmed,4.08,,,,,1.25,0.14,,,,,1.1864086533871911,1.3067402841037885,0.15379937778328284,0.12939724147795656,0.8694581280788177,0.8736043283874458,0.19042596273070622,0.20080175884391996,,,0.87,0.56,0.51,2.06,0.2,1.64,0.18,0.01,0.0,0.34,1.684375,1.5957981449184893,0.182,,0.013,,0.0,,False,96.0,99.0,96.0,88.0,93.0,91.0,91.0,92.0,94.0,high,high,high,high,high,high,high,high,high,2026-05-18
hitter,PHI,CIN,Bryson Stott,681082,6.0,2B,Confirmed,3.96,,,,,0.85,0.23,,,,,0.7944849330678982,0.8980445808361178,0.22857936350175945,0.22219147205238832,0.7715355805243446,0.8053811346981381,0.09913588685417024,0.09821318945820325,,,0.79,0.44,0.42,1.72,0.1,1.24,0.16,0.01,0.0,0.321,1.239368165249089,1.2443076331384426,0.158,,0.011,,0.0,,False,96.0,99.0,96.0,88.0,93.0,91.0,91.0,92.0,94.0,high,high,high,high,high,high,high,high,high,2026-05-18
hitter,PHI,CIN,J.T. Realmuto,592663,7.0,C,Confirmed,3.96,,,,,1.01,0.15,,,,,0.9251664372477776,1.0995191067900558,0.1498736690551329,0.14139761274039978,0.8949771689497716,0.8855939106733918,0.14378900559057892,0.13816439849192158,,,0.89,0.48,0.43,1.9,0.14,1.52,0.19,0.02,0.0,0.344,1.5956790123456794,1.4531052444589374,0.192,,0.015,,0.0,,False,96.0,99.0,96.0,88.0,93.0,91.0,91.0,92.0,94.0,high,high,high,high,high,high,high,high,high,2026-05-18
hitter,PHI,CIN,Justin Crawford,702222,8.0,CF,Confirmed,3.48,,,,,0.9,0.2,,,,,0.8741693328700703,0.9323916212801612,0.20728899890197047,0.18818044162540087,0.707983193277311,0.7123359311355417,0.06376533637428705,0.06920148459158328,,,0.71,0.39,0.31,1.5,0.07,1.11,0.18,0.01,0.0,0.335,1.1521739130434783,1.0756339515058346,0.18,,0.009,,0.0,,False,96.0,99.0,96.0,88.0,93.0,91.0,91.0,92.0,94.0,high,high,high,high,high,high,high,high,high,2026-05-18
hitter,PHI,CIN,Otto Kemp,805249,9.0,LF,Confirmed,2.55,,,,,0.71,0.13,,,,,0.7016622370344419,0.7259031749849365,0.14405254191978067,0.1190340542983592,0.3344051446945337,0.2652170545632988,0.02770761307318065,0.01974732494862456,,,0.3,0.25,0.22,0.95,0.02,0.39,0.12,0.01,0.0,0.294,0.44025157232704404,0.3558582692893511,0.117,,0.008,,0.0,,False,96.0,99.0,96.0,88.0,93.0,91.0,91.0,92.0,94.0,high,high,high,high,high,high,high,high,high,2026-05-18
hitter,CIN,PHI,Matt McLain,680574,1.0,2B,Confirmed,3.96,,,,,1.28,0.22,,,,,1.2926498226674883,1.2668392328846283,0.2064061353609579,0.2305063073119466,0.994208494208494,0.9398687514683216,0.14590635079586592,0.1400065028661457,,,0.96,0.45,0.37,1.63,0.14,1.59,0.13,0.01,0.0,0.279,1.684375,1.5162656479259222,0.129,,0.008,,0.0,,False,96.0,99.0,96.0,88.0,93.0,91.0,91.0,92.0,94.0,high,high,high,high,high,high,high,high,high,2026-05-18
hitter,CIN,PHI,Elly De La Cruz,682829,2.0,SS,Confirmed,4.26,,,,,1.41,0.19,,,,,1.4909220958740825,1.320611138184509,0.18094101112463862,0.1965866822112101,1.0980834272829765,0.9836205443690288,0.15869908178874084,0.1401248431406918,,,1.04,0.49,0.41,1.79,0.15,1.83,0.15,0.01,0.0,0.279,1.914285714285714,1.7695558065644716,0.149,,0.009,,0.0,,False,96.0,99.0,96.0,88.0,93.0,91.0,91.0,92.0,94.0,high,high,high,high,high,high,high,high,high,2026-05-18
hitter,CIN,PHI,Spencer Steer,668715,3.0,RF,Confirmed,3.96,,,,,1.09,0.12,,,,,1.057936002846718,1.119284448947199,0.13061480897673722,0.11885407886507163,0.994208494208494,0.9343978282928291,0.11673166692091108,0.10835412897968189,,,0.96,0.42,0.39,1.62,0.11,1.51,0.13,0.01,0.0,0.255,1.5956790123456794,1.4411622049122852,0.129,,0.009,,0.0,,False,96.0,99.0,96.0,88.0,93.0,91.0,91.0,92.0,94.0,high,high,high,high,high,high,high,high,high,2026-05-18
hitter,CIN,PHI,JJ Bleday,668709,4.0,LF,Confirmed,3.74,,,,,1.12,0.16,,,,,1.1261236238166306,1.1209294893752793,0.1696041319454118,0.15789829466174732,0.8694581280788177,0.8303916720267538,0.14326219210103688,0.1316066342830119,,,0.85,0.41,0.39,1.51,0.14,1.53,0.14,0.01,0.0,0.267,1.5956790123456794,1.4776064518034828,0.141,,0.007,,0.0,,False,96.0,99.0,96.0,88.0,93.0,91.0,91.0,92.0,94.0,high,high,high,high,high,high,high,high,high,2026-05-18
hitter,CIN,PHI,Sal Stewart,701398,5.0,1B,Confirmed,3.96,,,,,1.18,0.14,,,,,1.154215336790492,1.1977632213105607,0.14242847155641533,0.13764140464219463,0.994208494208494,0.9266609730864375,0.19803836991675708,0.16813048490400312,,,0.96,0.46,0.45,1.71,0.18,1.79,0.16,0.01,0.0,0.279,1.914285714285714,1.696938898567182,0.162,,0.007,,0.0,,False,96.0,99.0,96.0,88.0,93.0,91.0,91.0,92.0,94.0,high,high,high,high,high,high,high,high,high,2026-05-18
hitter,CIN,PHI,Nathaniel Lowe,663993,6.0,DH,Confirmed,3.33,,,,,1.12,0.1,,,,,1.1684622174297257,1.0691904349722265,0.11187011495493786,0.08091154850349147,0.801980198019802,0.6603724737695971,0.11793232642043516,0.10522379823046256,,,0.72,0.31,0.34,1.29,0.11,1.3,0.13,0.01,0.0,0.26,1.3893129770992367,1.2199304846990389,0.131,,0.007,,0.0,,False,96.0,99.0,96.0,88.0,93.0,91.0,91.0,92.0,94.0,high,high,high,high,high,high,high,high,high,2026-05-18
hitter,CIN,PHI,Tyler Stephenson,663886,7.0,C,Confirmed,3.33,,,,,1.22,0.14,,,,,1.2752330190203536,1.163284147365055,0.14241163464356893,0.13359723876504825,0.801980198019802,0.6788067786678927,0.10365646057175787,0.09487663084048853,,,0.73,0.31,0.29,1.24,0.1,1.24,0.12,0.01,0.0,0.255,1.3148148148148149,1.1697016593196143,0.118,,0.007,,0.0,,False,96.0,99.0,96.0,88.0,93.0,91.0,91.0,92.0,94.0,high,high,high,high,high,high,high,high,high,2026-05-18
hitter,CIN,PHI,TJ Friedl,670770,8.0,LF,Confirmed,3.49,,,,,0.82,0.11,,,,,0.8548260107364959,0.784027833339946,0.11137879058430099,0.10221610031297167,0.8888888888888888,0.7631815507331821,0.07314899611886946,0.05734487878112072,,,0.82,0.34,0.31,1.46,0.07,1.25,0.15,0.01,0.0,0.274,1.3148148148148149,1.1924399798868688,0.148,,0.008,,0.0,,False,96.0,99.0,96.0,88.0,93.0,91.0,91.0,92.0,94.0,high,high,high,high,high,high,high,high,high,2026-05-18
hitter,CIN,PHI,Ke'Bryan Hayes,663647,9.0,3B,Confirmed,3.81,,,,,0.69,0.38,,,,,0.6838297380373124,0.6882441543419664,0.3715965606463686,0.38781551041639706,0.801980198019802,0.7669213350350309,0.09402802509712474,0.09386221122067347,,,0.78,0.37,0.34,1.58,0.09,1.14,0.14,0.01,0.0,0.265,1.239368165249089,1.0604990861244667,0.138,,0.008,,0.0,,False,96.0,99.0,96.0,88.0,93.0,91.0,91.0,92.0,94.0,high,high,high,high,high,high,high,high,high,2026-05-18
hitter,MIA,ATL,Xavier Edwards,669364,1.0,2B,Confirmed,4.03,,,,,0.32,0.41,,,,,0.3633653750018939,0.2821516738897485,0.3928664678083459,0.4281454955873062,1.0980834272829765,1.0175052804646534,0.022573576729529494,0.002219596404037034,,,1.05,0.37,0.22,1.24,0.01,1.29,0.13,0.01,0.0,0.253,1.3148148148148149,1.2617089042646918,0.13,,0.012,,0.0,,False,96.0,99.0,96.0,88.0,93.0,91.0,91.0,92.0,94.0,high,high,high,high,high,high,high,high,high,2026-05-18
hitter,MIA,ATL,Liam Hicks,689414,2.0,DH,Confirmed,3.96,,,,,0.34,0.36,,,,,0.3612927696551682,0.31712687357552716,0.38053027958597285,0.34799391797511736,1.0240427342643508,0.8971244725322957,0.03734549997538807,0.031149327470960816,,,0.95,0.38,0.23,1.25,0.03,1.33,0.16,0.01,0.0,0.262,1.3893129770992367,1.2881683331391252,0.164,,0.008,,0.0,,False,96.0,99.0,96.0,88.0,93.0,91.0,91.0,92.0,94.0,high,high,high,high,high,high,high,high,high,2026-05-18
hitter,MIA,ATL,Otto Lopez,672640,3.0,SS,Confirmed,4.26,,,,,0.39,0.25,,,,,0.4117799505950708,0.3723186382518064,0.2522997773619493,0.2489883827547566,1.0980834272829765,1.1277502343419836,0.05506799746324408,0.06608429190448921,,,1.11,0.38,0.3,1.39,0.06,1.62,0.15,0.01,0.0,0.231,1.684375,1.5643563030473207,0.154,,0.007,,0.0,,False,96.0,99.0,96.0,88.0,93.0,91.0,91.0,92.0,94.0,high,high,high,high,high,high,high,high,high,2026-05-18
hitter,MIA,ATL,Kyle Stowers,669065,4.0,LF,Confirmed,4.18,,,,,0.77,0.44,,,,,0.7272893570857806,0.8030106382826736,0.4722548961273786,0.4090627887331509,0.994208494208494,0.9621946252105773,0.05807234472557426,0.052503346477233925,,,0.98,0.37,0.24,1.14,0.06,1.39,0.13,0.01,0.0,0.251,1.3893129770992367,1.3847400992494578,0.134,,0.009,,0.0,,False,96.0,99.0,96.0,88.0,93.0,91.0,91.0,92.0,94.0,high,high,high,high,high,high,high,high,high,2026-05-18
hitter,MIA,ATL,Owen Caissie,683357,5.0,RF,Confirmed,2.77,,,,,0.61,0.2,,,,,0.5866089483856253,0.6305053733060278,0.21357143390118485,0.17810517892388772,0.7061469265367316,0.5514369982454446,0.025490509060960873,0.0100409274504062,,,0.62,0.21,0.15,0.69,0.02,0.84,0.09,0.01,0.0,0.217,0.9875776397515532,0.717723570124619,0.095,,0.007,,0.0,,False,96.0,99.0,96.0,88.0,93.0,91.0,91.0,92.0,94.0,high,high,high,high,high,high,high,high,high,2026-05-18
hitter,MIA,ATL,Jakob Marsee,805300,6.0,CF,Confirmed,4.25,,,,,0.72,0.53,,,,,0.6933186873824687,0.7418347409767458,0.5498050985595947,0.5096765760988973,0.994208494208494,1.0061156878444146,0.038272346545940625,0.018581976011861293,,,1.0,0.32,0.22,1.07,0.03,1.35,0.15,0.01,0.0,0.249,1.3148148148148149,1.374667608778869,0.152,,0.014,,0.0,,False,96.0,99.0,96.0,88.0,93.0,91.0,91.0,92.0,94.0,high,high,high,high,high,high,high,high,high,2026-05-18
hitter,MIA,ATL,Connor Norby,681393,7.0,3B,Confirmed,3.89,,,,,0.71,0.35,,,,,0.7200305253809843,0.7084396029437202,0.3614301265440102,0.3369717985638801,1.0980834272829765,0.9598671297721809,0.04739990277091726,0.045298478478474395,,,1.02,0.36,0.26,1.32,0.05,1.34,0.15,0.01,0.0,0.282,1.3893129770992367,1.291458840040815,0.147,,0.007,,0.0,,False,96.0,99.0,96.0,88.0,93.0,91.0,91.0,92.0,94.0,high,high,high,high,high,high,high,high,high,2026-05-18
hitter,MIA,ATL,Joe Mack,691788,8.0,C,Confirmed,3.1,,,,,0.62,0.2,,,,,0.6040362888212923,0.6373535813911592,0.21319726883536788,0.18822200570783737,0.801980198019802,0.6984408282078872,0.03425186307774197,0.02041229350070313,,,0.75,0.2,0.14,0.7,0.03,1.01,0.1,0.01,0.0,0.206,1.1238670694864048,0.9107622110150696,0.1,,0.008,,0.0,,False,96.0,99.0,96.0,88.0,93.0,91.0,91.0,92.0,94.0,high,high,high,high,high,high,high,high,high,2026-05-18
hitter,MIA,ATL,Javier Sanoja,691594,9.0,SS,Confirmed,3.48,,,,,0.36,0.13,,,,,0.34895580888670397,0.37936076773726635,0.14436749815659314,0.1253013401495558,0.707983193277311,0.677237148550306,0.02296581760411654,0.02393597507915556,,,0.69,0.26,0.21,1.06,0.02,0.96,0.13,0.01,0.0,0.228,1.001763668430335,0.9284166798632113,0.128,,0.008,,0.0,,False,96.0,99.0,96.0,88.0,93.0,91.0,91.0,92.0,94.0,high,high,high,high,high,high,high,high,high,2026-05-18
hitter,ATL,MIA,Drake Baldwin,686948,1.0,C,Confirmed,4.25,,,,,0.45,0.43,,,,,0.41628509417631354,0.48422071610444617,0.4379823886681279,0.41620456928269406,1.0980834272829765,1.1297841520063896,0.25475535578547187,0.23644343323267994,,,1.12,0.62,0.52,2.13,0.25,2.07,0.2,0.01,0.0,0.355,2.057017543859649,2.0896083997109534,0.197,,0.009,,0.0,,False,96.0,99.0,96.0,88.0,93.0,91.0,91.0,92.0,94.0,high,high,high,high,high,high,high,high,high,2026-05-18
hitter,ATL,MIA,Ozzie Albies,645277,2.0,2B,Confirmed,4.18,,,,,0.27,0.4,,,,,0.2611716020106595,0.27344458537823657,0.4199869667031567,0.3899340953551878,1.0980834272829765,1.0806750186158907,0.18483412555746662,0.20070649797724982,,,1.09,0.58,0.48,2.05,0.19,1.85,0.2,0.01,0.0,0.337,1.914285714285714,1.8053890178412757,0.202,,0.01,,0.0,,False,96.0,99.0,96.0,88.0,93.0,91.0,91.0,92.0,94.0,high,high,high,high,high,high,high,high,high,2026-05-18
hitter,ATL,MIA,Matt Olson,621566,3.0,1B,Confirmed,4.25,,,,,0.65,0.55,,,,,0.5418869459014116,0.752938972093888,0.5595131683143229,0.5444891504750746,1.0980834272829765,1.0959218884401438,0.3497393187463638,0.39886536961075514,,,1.1,0.62,0.6,2.11,0.37,2.44,0.17,0.01,0.0,0.351,2.456692913385827,2.430445553358052,0.173,,0.009,,0.0,,False,96.0,99.0,96.0,88.0,93.0,91.0,91.0,92.0,94.0,high,high,high,high,high,high,high,high,high,2026-05-18
hitter,ATL,MIA,Austin Riley,663586,4.0,3B,Confirmed,4.18,,,,,0.66,0.35,,,,,0.5172034396953963,0.7972489859728985,0.3496107314664705,0.3414061769044182,1.1391752577319587,1.11376737205393,0.4149125177510899,0.39698184382072477,,,1.13,0.71,0.72,2.53,0.41,2.54,0.17,0.01,0.0,0.398,2.552380952380952,2.529881008508656,0.168,,0.01,,0.0,,False,96.0,99.0,96.0,88.0,93.0,91.0,91.0,92.0,94.0,high,high,high,high,high,high,high,high,high,2026-05-18
hitter,ATL,MIA,Michael Harris II,671739,5.0,CF,Confirmed,3.96,,,,,0.43,0.21,,,,,0.375560501710263,0.4759200671011425,0.19814277280800474,0.21648794790036094,1.0980834272829765,1.0236320344085836,0.3039199647910103,0.2760444861848157,,,1.06,0.61,0.62,2.22,0.29,2.27,0.16,0.01,0.0,0.356,2.456692913385827,2.118521090169888,0.156,,0.01,,0.0,,False,96.0,99.0,96.0,88.0,93.0,91.0,91.0,92.0,94.0,high,high,high,high,high,high,high,high,high,2026-05-18
hitter,ATL,MIA,Mauricio Dubón,643289,6.0,LF,Confirmed,3.48,,,,,0.32,0.07,,,,,0.29237595213910483,0.3543125662399459,0.09380869935604762,0.05005636530907486,0.4803149606299212,0.45860762013074097,0.04257971117443238,0.053861043019369115,,,0.47,0.32,0.32,1.35,0.05,0.66,0.11,0.01,0.0,0.253,0.6289308176100628,0.6784805658489229,0.115,,0.009,,0.0,,False,96.0,99.0,96.0,88.0,93.0,91.0,91.0,92.0,94.0,high,high,high,high,high,high,high,high,high,2026-05-18
hitter,ATL,MIA,Dominic Smith,642086,7.0,1B,Confirmed,2.9,,,,,0.39,0.21,,,,,0.3372819993121733,0.43401918364833636,0.23275050261332453,0.19307391706370827,0.707983193277311,0.5694549676279487,0.11139254852243213,0.09944342601638194,,,0.63,0.32,0.29,1.26,0.11,1.07,0.11,0.01,0.0,0.303,1.239368165249089,0.93002107558657,0.111,,0.007,,0.0,,False,96.0,99.0,96.0,88.0,93.0,91.0,91.0,92.0,94.0,high,high,high,high,high,high,high,high,high,2026-05-18
hitter,ATL,MIA,Ha-Seong Kim,673490,8.0,SS,Confirmed,3.33,,,,,0.52,0.12,,,,,0.4740714766855102,0.575649842304579,0.1414139592519314,0.10461746147547739,0.4125159642401022,0.42243708596320895,0.10937113646731858,0.10291224880507205,,,0.42,0.42,0.4,1.59,0.11,0.72,0.13,0.01,0.0,0.347,0.6720588235294118,0.7550909819633408,0.127,,0.009,,0.0,,False,96.0,99.0,96.0,88.0,93.0,91.0,91.0,92.0,94.0,high,high,high,high,high,high,high,high,high,2026-05-18
hitter,ATL,MIA,Mike Yastrzemski,573262,9.0,RF,Confirmed,3.02,,,,,0.43,0.29,,,,,0.36205621076404937,0.4943002242820204,0.2959946421728795,0.28702387712794086,0.707983193277311,0.5904899807681843,0.17221294576561377,0.13054001376673455,,,0.64,0.36,0.34,1.36,0.15,1.11,0.11,0.01,0.0,0.331,1.239368165249089,1.0086584755347292,0.114,,0.007,,0.0,,False,96.0,99.0,96.0,88.0,93.0,91.0,91.0,92.0,94.0,high,high,high,high,high,high,high,high,high,2026-05-18
hitter,WSH,NYM,James Wood,695578,1.0,RF,Confirmed,4.48,,,,,1.1,0.96,,,,,1.0678833659676663,1.139147448808867,1.0181577975601694,0.9068486600390991,1.0,0.9355911946053858,0.32754467491868416,0.3155268311249767,,,0.96,0.61,0.41,2.12,0.32,2.04,0.24,0.02,0.0,0.36,2.057017543859649,2.0302802515725755,0.236,,0.017,,0.0,,False,96.0,99.0,96.0,88.0,93.0,91.0,91.0,92.0,94.0,high,high,high,high,high,high,high,high,high,2026-05-18
hitter,WSH,NYM,Luis García Jr.,671277,2.0,1B,Confirmed,3.74,,,,,0.54,0.35,,,,,0.5648316915756803,0.5249504310125978,0.37423041897066567,0.3172169240658631,0.8949771689497716,0.816880614850665,0.17434502339606395,0.1421621296823635,,,0.85,0.5,0.38,1.98,0.16,1.48,0.17,0.01,0.0,0.328,1.5956790123456794,1.3864326022334081,0.172,,0.01,,0.0,,False,96.0,99.0,96.0,88.0,93.0,91.0,91.0,92.0,94.0,high,high,high,high,high,high,high,high,high,2026-05-18
hitter,WSH,NYM,Brady House,691781,3.0,3B,Confirmed,3.96,,,,,0.9,0.25,,,,,0.9102742735228746,0.8993316686461914,0.23442035937167693,0.2683792108323208,0.8949771689497716,0.8593147388460401,0.1594177748391385,0.14854527163058387,,,0.88,0.46,0.41,1.86,0.15,1.55,0.2,0.01,0.0,0.285,1.5956790123456794,1.521006129347459,0.198,,0.011,,0.0,,False,96.0,99.0,96.0,88.0,93.0,91.0,91.0,92.0,94.0,high,high,high,high,high,high,high,high,high,2026-05-18
hitter,WSH,NYM,CJ Abrams,682928,4.0,SS,Confirmed,4.25,,,,,0.75,0.44,,,,,0.7807605755804674,0.7169988398225378,0.44817869946024,0.42737862944897204,1.0980834272829765,0.9739768070528065,0.13274402290456888,0.16275806185372418,,,1.03,0.51,0.44,2.05,0.15,1.75,0.21,0.01,0.0,0.301,1.914285714285714,1.6141295853762696,0.207,,0.014,,0.0,,False,96.0,99.0,96.0,88.0,93.0,91.0,91.0,92.0,94.0,high,high,high,high,high,high,high,high,high,2026-05-18
hitter,WSH,NYM,Daylen Lile,695734,5.0,LF,Confirmed,4.26,,,,,0.68,0.45,,,,,0.7020899290894526,0.6535294476380478,0.4657311811026361,0.430767623363729,1.0980834272829765,1.0332311767760456,0.15301207394457786,0.14719012139909363,,,1.06,0.55,0.47,2.19,0.15,1.77,0.18,0.03,0.0,0.325,1.914285714285714,1.6559954940845663,0.184,,0.027,,0.0,,False,96.0,99.0,96.0,88.0,93.0,91.0,91.0,92.0,94.0,high,high,high,high,high,high,high,high,high,2026-05-18
hitter,WSH,NYM,Jacob Young,696285,6.0,CF,Confirmed,3.96,,,,,0.58,0.36,,,,,0.6004604455563726,0.5682579653348736,0.34684247219102515,0.3658255183629836,0.994208494208494,0.8372890653655319,0.061163617937544996,0.06487177550015667,,,0.91,0.43,0.43,1.96,0.06,1.3,0.17,0.01,0.0,0.305,1.3148148148148149,1.2935541658106542,0.166,,0.014,,0.0,,False,96.0,99.0,96.0,88.0,93.0,91.0,91.0,92.0,94.0,high,high,high,high,high,high,high,high,high,2026-05-18
hitter,WSH,NYM,José Tena,677588,7.0,3B,Confirmed,2.9,,,,,0.73,0.27,,,,,0.7693108949234557,0.6874241534581912,0.29927698655822477,0.23827065894982682,0.7061469265367316,0.5083675245898231,0.12107778538607183,0.09967177869303522,,,0.6,0.29,0.26,1.26,0.11,1.06,0.13,0.02,0.0,0.292,1.239368165249089,0.907824729236892,0.13,,0.021,,0.0,,False,96.0,99.0,96.0,88.0,93.0,91.0,91.0,92.0,94.0,high,high,high,high,high,high,high,high,high,2026-05-18
hitter,WSH,NYM,Jorbit Vivas,678391,8.0,P,Confirmed,2.77,,,,,0.52,0.28,,,,,0.5311786489194557,0.5077655161990844,0.3168538993853456,0.24716012452809835,0.6434108527131783,0.5077192821745619,0.05345558259302071,0.042097007287333524,,,0.57,0.28,0.24,1.23,0.05,0.85,0.12,0.01,0.0,0.29,0.9875776397515532,0.7383244776642259,0.118,,0.011,,0.0,,False,96.0,99.0,96.0,88.0,93.0,91.0,91.0,92.0,94.0,high,high,high,high,high,high,high,high,high,2026-05-18
hitter,WSH,NYM,Drew Millas,686452,9.0,C,Confirmed,3.09,,,,,0.56,0.22,,,,,0.5280256736376884,0.5893605046264112,0.2322273661910115,0.20438882239989867,0.5290322580645161,0.5053834052755517,0.05615267392344377,0.042259833130456254,,,0.52,0.33,0.27,1.4,0.05,0.87,0.14,0.01,0.0,0.302,0.9875776397515532,0.7680702781528579,0.136,,0.014,,0.0,,False,96.0,99.0,96.0,88.0,93.0,91.0,91.0,92.0,94.0,high,high,high,high,high,high,high,high,high,2026-05-18
hitter,NYM,WSH,Carson Benge,701807,1.0,RF,Confirmed,4.39,,,,,0.46,0.18,,,,,0.46509889345307454,0.4531901716242583,0.18439170992086695,0.17219353211407956,1.0980834272829765,1.0489125659281724,0.047020297503555526,0.04549587597806797,,,1.07,0.6,0.43,2.02,0.05,1.45,0.17,0.01,0.0,0.349,1.4476190476190476,1.4605824006537762,0.174,,0.009,,0.0,,False,96.0,99.0,96.0,88.0,93.0,91.0,91.0,92.0,94.0,high,high,high,high,high,high,high,high,high,2026-05-18
hitter,NYM,WSH,Bo Bichette,666182,2.0,3B,Confirmed,4.68,,,,,0.37,0.25,,,,,0.3797731541977851,0.3628608347746718,0.24391988100137552,0.2634742191714671,1.1391752577319587,1.1752927313771042,0.04901135293913288,0.04681007847005733,,,1.16,0.69,0.49,2.28,0.05,1.43,0.21,0.01,0.0,0.379,1.3893129770992367,1.4680043068199615,0.205,,0.008,,0.0,,False,96.0,99.0,96.0,88.0,93.0,91.0,91.0,92.0,94.0,high,high,high,high,high,high,high,high,high,2026-05-18
hitter,NYM,WSH,Juan Soto,665742,3.0,DH,Confirmed,4.93,,,,,0.56,0.52,,,,,0.5315245856513952,0.5887678540610435,0.49765220174971514,0.5401703047880497,1.0980834272829765,1.1431360591102704,0.11944301661331133,0.15973009875684088,,,1.12,0.89,0.73,2.71,0.14,1.74,0.17,0.01,0.0,0.465,1.684375,1.7922264908738588,0.165,,0.007,,0.0,,False,96.0,99.0,96.0,88.0,93.0,91.0,91.0,92.0,94.0,high,high,high,high,high,high,high,high,high,2026-05-18
hitter,NYM,WSH,Mark Vientos,668901,4.0,1B,Confirmed,4.51,,,,,0.67,0.21,,,,,0.5749642736661332,0.7617684427282665,0.22135949217059323,0.1980464203257571,1.0980834272829765,1.0556201822895397,0.06236401222689512,0.07151993909206578,,,1.07,0.63,0.54,2.16,0.07,1.45,0.18,0.01,0.0,0.349,1.3893129770992367,1.4953763711800974,0.181,,0.009,,0.0,,False,96.0,99.0,96.0,88.0,93.0,91.0,91.0,92.0,94.0,high,high,high,high,high,high,high,high,high,2026-05-18
hitter,NYM,WSH,Brett Baty,683146,5.0,1B,Confirmed,4.45,,,,,0.71,0.24,,,,,0.6072757800233594,0.8115135526130958,0.23607892774528005,0.2509744292855107,0.8770949720670391,0.935739973767756,0.04920004003251955,0.04866042160302539,,,0.91,0.52,0.41,1.73,0.05,1.31,0.14,0.01,0.0,0.301,1.239368165249089,1.3711829321100504,0.136,,0.009,,0.0,,False,96.0,99.0,96.0,88.0,93.0,91.0,91.0,92.0,94.0,high,high,high,high,high,high,high,high,high,2026-05-18
hitter,NYM,WSH,Marcus Semien,543760,6.0,2B,Confirmed,4.61,,,,,0.49,0.28,,,,,0.46259186774058847,0.5227665451727951,0.25941110653206445,0.3003143620315772,0.994208494208494,1.0075994677373252,0.04836243005524814,0.04662928961933645,,,1.0,0.53,0.49,2.01,0.05,1.38,0.16,0.01,0.0,0.336,1.3148148148148149,1.4360918968462146,0.164,,0.008,,0.0,,False,96.0,99.0,96.0,88.0,93.0,91.0,91.0,92.0,94.0,high,high,high,high,high,high,high,high,high,2026-05-18
hitter,NYM,WSH,A.J. Ewing,805999,7.0,CF,Confirmed,4.45,,,,,0.74,0.36,,,,,0.6692572960222771,0.8064579602303393,0.31230387086441136,0.40080311679505704,0.8694581280788177,0.8800950032484177,0.05164818520290644,0.05454800780707787,,,0.88,0.49,0.36,1.66,0.05,1.34,0.16,0.01,0.0,0.34,1.239368165249089,1.4302237041515258,0.157,,0.014,,0.0,,False,96.0,99.0,96.0,88.0,93.0,91.0,91.0,92.0,94.0,high,high,high,high,high,high,high,high,high,2026-05-18
hitter,NYM,WSH,Tyrone Taylor,621438,8.0,LF,Confirmed,3.81,,,,,0.55,0.14,,,,,0.4805198643181221,0.6142735925484984,0.1563179827295202,0.133430044975147,0.801980198019802,0.831387367224675,0.028915063610721537,0.024430118138559335,,,0.82,0.36,0.3,1.43,0.03,1.15,0.14,0.01,0.0,0.279,1.1521739130434783,1.1533960770416476,0.135,,0.008,,0.0,,False,96.0,99.0,96.0,88.0,93.0,91.0,91.0,92.0,94.0,high,high,high,high,high,high,high,high,high,2026-05-18
hitter,NYM,WSH,Luis Torrens,620443,9.0,C,Confirmed,4.18,,,,,0.59,0.19,,,,,0.5324276392083316,0.6469262538174371,0.19232141019135396,0.18925398573717117,0.8694581280788177,0.9556233388100357,0.030753469042861782,0.02904977441294823,,,0.92,0.41,0.32,1.53,0.03,1.24,0.13,0.01,0.0,0.293,1.239368165249089,1.2480741446854162,0.134,,0.009,,0.0,,False,96.0,99.0,96.0,88.0,93.0,91.0,91.0,92.0,94.0,high,high,high,high,high,high,high,high,high,2026-05-18
hitter,NYY,TOR,Paul Goldschmidt,502671,1.0,1B,Confirmed,3.19,,,,,0.6,0.45,,,,,0.6223177438743867,0.5836995113962357,0.47711784985892536,0.413008734084381,0.4125159642401022,0.3261158960401381,0.11455870714214592,0.09333237507997459,,,0.36,0.41,0.31,1.59,0.1,0.77,0.2,0.01,0.0,0.322,0.7899761336515513,0.7512203317758246,0.201,,0.01,,0.0,,False,96.0,99.0,96.0,88.0,93.0,91.0,91.0,92.0,94.0,high,high,high,high,high,high,high,high,high,2026-05-18
hitter,NYY,TOR,Ben Rice,700250,2.0,DH,Confirmed,4.74,,,,,0.9,0.84,,,,,0.8863089192774398,0.9071456941130045,0.8264293952422392,0.8632502267382588,0.5846774193548387,0.5840202506403771,0.14077847230094126,0.13050731422895076,,,0.58,0.56,0.41,2.1,0.14,1.32,0.28,0.01,0.0,0.304,1.3148148148148149,1.3298449880772623,0.284,,0.014,,0.0,,False,96.0,99.0,96.0,88.0,93.0,91.0,91.0,92.0,94.0,high,high,high,high,high,high,high,high,high,2026-05-18
hitter,NYY,TOR,Aaron Judge,592450,3.0,RF,Confirmed,4.97,,,,,1.17,1.25,,,,,1.1507260094458718,1.1834559445467046,1.2782716173465076,1.2267340656530483,0.6434108527131783,0.738094534031978,0.2938187192485065,0.3513074238257914,,,0.7,0.76,0.64,2.89,0.32,1.71,0.27,0.01,0.0,0.382,1.5956790123456794,1.8048554002682602,0.268,,0.01,,0.0,,False,96.0,99.0,96.0,88.0,93.0,91.0,91.0,92.0,94.0,high,high,high,high,high,high,high,high,high,2026-05-18
hitter,NYY,TOR,Cody Bellinger,641355,4.0,LF,Confirmed,4.93,,,,,0.59,0.8,,,,,0.5583077056590793,0.613747469807913,0.7574748783455569,0.8483098349495339,0.6434108527131783,0.6363002707917459,0.15393301627363276,0.15461364651985415,,,0.64,0.69,0.59,2.77,0.15,1.21,0.24,0.02,0.0,0.349,1.1521739130434783,1.2591650437367976,0.241,,0.025,,0.0,,False,96.0,99.0,96.0,88.0,93.0,91.0,91.0,92.0,94.0,high,high,high,high,high,high,high,high,high,2026-05-18
hitter,NYY,TOR,Amed Rosario,642708,5.0,3B,Confirmed,2.55,,,,,0.52,0.26,,,,,0.5440674263813357,0.48809111102237146,0.26658970976565954,0.25257454437924365,0.35424354243542433,0.23902457444143688,0.11117551377657695,0.08061300134187838,,,0.29,0.33,0.29,1.32,0.1,0.61,0.16,0.01,0.0,0.321,0.6720588235294118,0.561192551725938,0.164,,0.009,,0.0,,False,96.0,99.0,96.0,88.0,93.0,91.0,91.0,92.0,94.0,high,high,high,high,high,high,high,high,high,2026-05-18
hitter,NYY,TOR,Jazz Chisholm Jr.,665862,6.0,2B,Confirmed,4.57,,,,,1.1,0.78,,,,,1.0571444742141884,1.1386442399951227,0.7358619926722395,0.8144317393636674,0.5290322580645161,0.6528938674622997,0.15963043361712342,0.208921511857478,,,0.6,0.48,0.45,2.02,0.18,1.31,0.21,0.01,0.0,0.302,1.239368165249089,1.3617015194024842,0.211,,0.012,,0.0,,False,96.0,99.0,96.0,88.0,93.0,91.0,91.0,92.0,94.0,high,high,high,high,high,high,high,high,high,2026-05-18
hitter,NYY,TOR,Anthony Volpe,683011,7.0,SS,Confirmed,4.26,,,,,1.04,0.66,,,,,1.0022369517983405,1.0832496109191216,0.6476302702322463,0.6728722301847311,0.4125159642401022,0.5841666959986096,0.1447117646093254,0.18413173270850458,,,0.51,0.47,0.41,2.02,0.16,1.21,0.25,0.01,0.0,0.319,1.1521739130434783,1.2528880821451942,0.249,,0.008,,0.0,,False,96.0,99.0,96.0,88.0,93.0,91.0,91.0,92.0,94.0,high,high,high,high,high,high,high,high,high,2026-05-18
hitter,NYY,TOR,Max Schuemann,680474,8.0,3B,Confirmed,4.18,,,,,0.59,0.52,,,,,0.5219222071429405,0.6524760236395218,0.4995820298616682,0.544734008631251,0.4125159642401022,0.6099959459589428,0.09046099466922528,0.10664252409691116,,,0.52,0.44,0.37,1.91,0.1,0.9,0.2,0.01,0.0,0.296,0.8408408408408409,0.9539133650248891,0.197,,0.01,,0.0,,False,96.0,99.0,96.0,88.0,93.0,91.0,91.0,92.0,94.0,high,high,high,high,high,high,high,high,high,2026-05-18
hitter,NYY,TOR,J.C. Escarra,641555,9.0,C,Confirmed,3.54,,,,,0.57,0.53,,,,,0.5504908050098405,0.5989982084113665,0.5315872056378171,0.5256567761141929,0.4125159642401022,0.46179415208771624,0.0990315598019911,0.08493994896552162,,,0.44,0.43,0.37,1.91,0.09,0.82,0.2,0.01,0.0,0.348,0.8408408408408409,0.8059977281667589,0.196,,0.015,,0.0,,False,96.0,99.0,96.0,88.0,93.0,91.0,91.0,92.0,94.0,high,high,high,high,high,high,high,high,high,2026-05-18
hitter,TOR,NYY,George Springer,543807,1.0,DH,Confirmed,3.96,,,,,0.76,0.16,,,,,0.7535974964393173,0.772122051318833,0.1436929325417304,0.16802071089562448,0.5290322580645161,0.5757878470354295,0.038743896865484996,0.04382211418842318,,,0.55,0.26,0.14,0.75,0.04,0.78,0.09,0.01,0.0,0.19,0.7899761336515513,0.7636239017972771,0.094,,0.007,,0.0,,False,96.0,99.0,96.0,88.0,93.0,91.0,91.0,92.0,94.0,high,high,high,high,high,high,high,high,high,2026-05-18
hitter,TOR,NYY,Vladimir Guerrero Jr.,665489,2.0,1B,Confirmed,3.89,,,,,0.51,0.12,,,,,0.5233718407363414,0.5040016160591547,0.13282915000887446,0.10834024417084814,0.8888888888888888,0.8200314291731154,0.13492891714116195,0.14546702073851153,,,0.85,0.28,0.16,0.85,0.14,1.43,0.09,0.01,0.0,0.201,1.4759615384615385,1.3889992213029636,0.093,,0.008,,0.0,,False,96.0,99.0,96.0,88.0,93.0,91.0,91.0,92.0,94.0,high,high,high,high,high,high,high,high,high,2026-05-18
hitter,TOR,NYY,Kazuma Okamoto,672960,3.0,3B,Confirmed,4.18,,,,,1.1,0.19,,,,,1.0833170952332865,1.109035903740585,0.17567541380773138,0.21083242743181907,0.5846774193548387,0.6018121822960457,0.0561918023694835,0.07784513149826058,,,0.59,0.31,0.19,0.92,0.07,0.9,0.1,0.01,0.0,0.213,0.8408408408408409,0.9466908952163301,0.102,,0.008,,0.0,,False,96.0,99.0,96.0,88.0,93.0,91.0,91.0,92.0,94.0,high,high,high,high,high,high,high,high,high,2026-05-18
hitter,TOR,NYY,Lenyn Sosa,672820,4.0,2B,Confirmed,3.49,,,,,0.71,0.07,,,,,0.657421562667347,0.7527464278170323,0.0816131449804438,0.0651315457307745,0.7061469265367316,0.7134877718870107,0.15297689381500287,0.11887884503173075,,,0.71,0.2,0.16,0.72,0.14,1.24,0.11,0.01,0.0,0.156,1.3148148148148149,1.177211495652151,0.11,,0.007,,0.0,,False,96.0,99.0,96.0,88.0,93.0,91.0,91.0,92.0,94.0,high,high,high,high,high,high,high,high,high,2026-05-18
hitter,TOR,NYY,Daulton Varsho,662139,5.0,CF,Confirmed,3.81,,,,,0.85,0.14,,,,,0.834042766627867,0.8733812065481126,0.1294611272248094,0.15657437637417446,0.801980198019802,0.731896619637878,0.18858688930044032,0.17040154396593016,,,0.76,0.24,0.16,0.75,0.18,1.37,0.1,0.01,0.0,0.174,1.3893129770992367,1.348731118531454,0.104,,0.007,,0.0,,False,96.0,99.0,96.0,88.0,93.0,91.0,91.0,92.0,94.0,high,high,high,high,high,high,high,high,high,2026-05-18
hitter,TOR,NYY,Ernie Clement,676391,6.0,2B,Confirmed,3.96,,,,,0.37,0.09,,,,,0.35741507278864515,0.380263568267315,0.0965635656326378,0.07690675894307313,0.8949771689497716,0.9260223887501987,0.07128255962890587,0.07370899876153778,,,0.91,0.2,0.17,0.78,0.07,1.32,0.12,0.01,0.0,0.153,1.3148148148148149,1.3214926210869578,0.12,,0.01,,0.0,,False,96.0,99.0,96.0,88.0,93.0,91.0,91.0,92.0,94.0,high,high,high,high,high,high,high,high,high,2026-05-18
hitter,TOR,NYY,Myles Straw,664702,7.0,LF,Confirmed,1.84,,,,,0.42,0.04,,,,,0.4430780210142884,0.3920573450678383,0.0638075577360579,0.023693755267980145,0.3344051446945337,0.20544414938504652,0.039474471331675795,0.02471896105716753,,,0.26,0.04,0.01,0.05,0.03,0.38,0.0,0.0,0.0,0.083,0.4591194968553459,0.3109441891131577,0.056,,0.006,,0.0,,False,96.0,99.0,96.0,88.0,93.0,91.0,91.0,92.0,94.0,high,high,high,high,high,high,high,high,high,2026-05-18
hitter,TOR,NYY,Brandon Valenzuela,678218,8.0,C,Confirmed,3.49,,,,,0.71,0.25,,,,,0.6710413139650097,0.7420324394804098,0.2197177018395119,0.27099028649216605,0.6434108527131783,0.6196960374751284,0.1011106351791766,0.09745942769314024,,,0.63,0.23,0.14,0.72,0.1,1.04,0.1,0.01,0.0,0.221,1.1238670694864048,0.971068090517796,0.096,,0.006,,0.0,,False,96.0,99.0,96.0,88.0,93.0,91.0,91.0,92.0,94.0,high,high,high,high,high,high,high,high,high,2026-05-18
hitter,TOR,NYY,Davis Schneider,676914,9.0,LF,Confirmed,3.09,,,,,0.91,0.17,,,,,0.9060573999724765,0.9108436822599635,0.1740958641273734,0.17003588186675272,0.5290322580645161,0.4361604916673493,0.1077893765780771,0.07986890461545192,,,0.48,0.17,0.1,0.53,0.09,0.99,0.08,0.01,0.0,0.186,1.1238670694864048,0.8808947505305628,0.084,,0.007,,0.0,,False,96.0,99.0,96.0,88.0,93.0,91.0,91.0,92.0,94.0,high,high,high,high,high,high,high,high,high,2026-05-18
hitter,KC,BOS,Maikel Garcia,672580,1.0,3B,Confirmed,3.96,,,,,0.64,0.11,,,,,0.6585403030160504,0.6179492754849324,0.1263825035978734,0.09758429403829191,1.0980834272829765,1.0259548575010533,0.11659445380716169,0.11233841725233595,,,1.06,0.33,0.25,1.11,0.11,1.61,0.1,0.01,0.0,0.213,1.684375,1.5575567481324297,0.099,,0.01,,0.0,,False,96.0,99.0,96.0,88.0,93.0,91.0,91.0,92.0,94.0,high,high,high,high,high,high,high,high,high,2026-05-18
hitter,KC,BOS,Bobby Witt Jr.,677951,2.0,SS,Confirmed,3.96,,,,,0.92,0.13,,,,,0.9773887289282183,0.8579318804033785,0.1385815901929555,0.12550493079144096,1.0980834272829765,1.067833042715756,0.1980485407269282,0.16058531750301233,,,1.08,0.42,0.34,1.4,0.18,1.91,0.1,0.01,0.0,0.259,2.057017543859649,1.7821492993905135,0.101,,0.01,,0.0,,False,96.0,99.0,96.0,88.0,93.0,91.0,91.0,92.0,94.0,high,high,high,high,high,high,high,high,high,2026-05-18
hitter,KC,BOS,Vinnie Pasquantino,686469,3.0,1B,Confirmed,3.96,,,,,0.82,0.16,,,,,0.8525275309199342,0.7823925827346216,0.15859710319513082,0.15758856881278213,1.0980834272829765,1.0033499594997541,0.18353913079906714,0.17326225467275955,,,1.05,0.37,0.34,1.25,0.18,1.8,0.12,0.01,0.0,0.236,1.914285714285714,1.7120295675790218,0.117,,0.008,,0.0,,False,96.0,99.0,96.0,88.0,93.0,91.0,91.0,92.0,94.0,high,high,high,high,high,high,high,high,high,2026-05-18
hitter,KC,BOS,Salvador Perez,521692,4.0,C,Confirmed,3.81,,,,,0.99,0.07,,,,,1.025512273344158,0.9615788776860044,0.07855026180655784,0.05831589514301797,1.0980834272829765,0.9992618686369058,0.21360529215275062,0.18805401151760293,,,1.04,0.39,0.4,1.38,0.2,1.79,0.09,0.01,0.0,0.24,1.914285714285714,1.692449012840612,0.089,,0.007,,0.0,,False,96.0,99.0,96.0,88.0,93.0,91.0,91.0,92.0,94.0,high,high,high,high,high,high,high,high,high,2026-05-18
hitter,KC,BOS,Carter Jensen,695600,5.0,DH,Confirmed,3.81,,,,,1.11,0.17,,,,,1.1197012607822012,1.0923121940954728,0.1809295755640777,0.16329817425714185,0.8949771689497716,0.8773508039626442,0.14826636331032075,0.14878041985871007,,,0.89,0.31,0.27,0.99,0.15,1.52,0.07,0.01,0.0,0.212,1.5956790123456794,1.4555964508100756,0.07,,0.007,,0.0,,False,96.0,99.0,96.0,88.0,93.0,91.0,91.0,92.0,94.0,high,high,high,high,high,high,high,high,high,2026-05-18
hitter,KC,BOS,Jac Caglianone,695506,6.0,RF,Confirmed,3.09,,,,,0.57,0.25,,,,,0.5650885099275017,0.5819540893808972,0.28088910557405544,0.22219220647936339,0.6434108527131783,0.5040582297305408,0.04230931614157769,0.042483854921860416,,,0.57,0.25,0.28,0.95,0.04,0.79,0.08,0.01,0.0,0.227,0.8408408408408409,0.7428100169475872,0.077,,0.008,,0.0,,False,96.0,99.0,96.0,88.0,93.0,91.0,91.0,92.0,94.0,high,high,high,high,high,high,high,high,high,2026-05-18
hitter,KC,BOS,Isaac Collins,686555,7.0,LF,Confirmed,3.81,,,,,0.99,0.14,,,,,0.934776178813279,1.045434966852976,0.13950410289761164,0.13894043629374334,0.994208494208494,0.8925882355110824,0.08845233259322458,0.07561307124370964,,,0.94,0.26,0.22,0.97,0.08,1.42,0.08,0.01,0.0,0.203,1.4759615384615385,1.3720742419517364,0.081,,0.007,,0.0,,False,96.0,99.0,96.0,88.0,93.0,91.0,91.0,92.0,94.0,high,high,high,high,high,high,high,high,high,2026-05-18
hitter,KC,BOS,Michael Massey,686681,8.0,2B,Confirmed,3.09,,,,,0.66,0.08,,,,,0.6913274882483508,0.6311229930034128,0.08624212596550797,0.08109536334861188,0.801980198019802,0.7334127431756586,0.08934349844999878,0.06937685207598211,,,0.76,0.21,0.2,0.83,0.08,1.19,0.08,0.01,0.0,0.193,1.3148148148148149,1.0860468881974452,0.079,,0.007,,0.0,,False,96.0,99.0,96.0,88.0,93.0,91.0,91.0,92.0,94.0,high,high,high,high,high,high,high,high,high,2026-05-18
hitter,KC,BOS,Kyle Isbel,664728,9.0,CF,Confirmed,3.09,,,,,0.72,0.09,,,,,0.742089863445377,0.6979403789823876,0.09628036257717687,0.07899972613631,0.8694581280788177,0.7254693526017606,0.0435333804389532,0.03562987083332377,,,0.79,0.2,0.17,0.78,0.04,1.15,0.08,0.01,0.0,0.188,1.239368165249089,1.0798887838109448,0.081,,0.008,,0.0,,False,96.0,99.0,96.0,88.0,93.0,91.0,91.0,92.0,94.0,high,high,high,high,high,high,high,high,high,2026-05-18
hitter,BOS,KC,Jarren Duran,680776,1.0,LF,Confirmed,4.26,,,,,0.95,0.21,,,,,0.903421425549727,0.990254333159217,0.20694466637316372,0.2068342983388806,0.801980198019802,0.8445971534298958,0.036246770691096,0.0423158939556843,,,0.83,0.53,0.39,2.02,0.04,1.18,0.26,0.03,0.0,0.322,1.1521739130434783,1.1986958289249139,0.262,,0.027,,0.0,,False,96.0,99.0,96.0,88.0,93.0,91.0,91.0,92.0,94.0,high,high,high,high,high,high,high,high,high,2026-05-18
hitter,BOS,KC,Mickey Gasper,681508,2.0,DH,Confirmed,3.48,,,,,0.53,0.17,,,,,0.4748390753826376,0.5874030589427107,0.16748719922417843,0.16393708711795799,0.5290322580645161,0.5387870571226588,0.02466490150162446,0.020136544913262274,,,0.53,0.42,0.3,1.59,0.02,0.77,0.17,0.01,0.0,0.304,0.7899761336515513,0.7451953578947965,0.171,,0.009,,0.0,,False,96.0,99.0,96.0,88.0,93.0,91.0,91.0,92.0,94.0,high,high,high,high,high,high,high,high,high,2026-05-18
hitter,BOS,KC,Wilyer Abreu,677800,3.0,RF,Confirmed,4.18,,,,,0.84,0.25,,,,,0.7532159504401084,0.9333499396554664,0.2621048212589371,0.23953521260548835,0.7061469265367316,0.6740447357459676,0.0347991806288578,0.03358548077315028,,,0.69,0.46,0.37,1.72,0.03,1.0,0.18,0.01,0.0,0.285,1.001763668430335,0.9896435190530228,0.183,,0.012,,0.0,,False,96.0,99.0,96.0,88.0,93.0,91.0,91.0,92.0,94.0,high,high,high,high,high,high,high,high,high,2026-05-18
hitter,BOS,KC,Willson Contreras,575929,4.0,1B,Confirmed,4.25,,,,,0.99,0.21,,,,,0.9682719313370732,1.0028001185333666,0.2179483542325215,0.19880506605052764,0.801980198019802,0.7989759120340559,0.04613553647248228,0.03500167222177098,,,0.8,0.54,0.46,2.1,0.04,1.17,0.27,0.01,0.0,0.328,1.1521739130434783,1.1829573821011061,0.272,,0.009,,0.0,,False,96.0,99.0,96.0,88.0,93.0,91.0,91.0,92.0,94.0,high,high,high,high,high,high,high,high,high,2026-05-18
hitter,BOS,KC,Masataka Yoshida,807799,5.0,LF,Confirmed,3.33,,,,,0.32,0.06,,,,,0.3182363097173264,0.32524026119330945,0.06255913155541605,0.048802906729778314,0.7061469265367316,0.6824723445257238,0.04448651265287175,0.044077465634769275,,,0.69,0.45,0.39,1.83,0.04,0.82,0.13,0.01,0.0,0.33,0.8408408408408409,0.8068094991070549,0.13,,0.011,,0.0,,False,96.0,99.0,96.0,88.0,93.0,91.0,91.0,92.0,94.0,high,high,high,high,high,high,high,high,high,2026-05-18
hitter,BOS,KC,Andruw Monasterio,655316,6.0,SS,Confirmed,3.81,,,,,0.73,0.15,,,,,0.6380928396986068,0.8189343054887104,0.1585917607131699,0.14918271385611542,0.5846774193548387,0.6257651747373059,0.023571657095242473,0.02415135086700636,,,0.61,0.37,0.35,1.62,0.02,0.81,0.16,0.01,0.0,0.281,0.7899761336515513,0.8213673954490395,0.158,,0.011,,0.0,,False,96.0,99.0,96.0,88.0,93.0,91.0,91.0,92.0,94.0,high,high,high,high,high,high,high,high,high,2026-05-18
hitter,BOS,KC,Marcelo Mayer,691785,7.0,2B,Confirmed,3.49,,,,,0.72,0.15,,,,,0.6516980553060651,0.7909840035894573,0.15605761400122817,0.15007990842868396,0.5846774193548387,0.5652004856503478,0.020851656578480558,0.014650889335416271,,,0.57,0.36,0.3,1.54,0.02,0.76,0.17,0.01,0.0,0.304,0.7899761336515513,0.729833635294476,0.171,,0.012,,0.0,,False,96.0,99.0,96.0,88.0,93.0,91.0,91.0,92.0,94.0,high,high,high,high,high,high,high,high,high,2026-05-18
hitter,BOS,KC,Connor Wong,657136,8.0,C,Confirmed,3.48,,,,,0.66,0.15,,,,,0.5855929099877986,0.7264979631654478,0.16383927012283217,0.14326410322071612,0.5290322580645161,0.5596164838591253,0.018570065054900303,0.01139183424291848,,,0.55,0.36,0.3,1.52,0.01,0.77,0.17,0.01,0.0,0.297,0.7899761336515513,0.7585755047970536,0.166,,0.01,,0.0,,False,96.0,99.0,96.0,88.0,93.0,91.0,91.0,92.0,94.0,high,high,high,high,high,high,high,high,high,2026-05-18
hitter,BOS,KC,Nick Sogard,686765,9.0,3B,Confirmed,3.1,,,,,0.74,0.13,,,,,0.7368911008479381,0.7378295351347892,0.147516162752267,0.11864109283917117,0.5290322580645161,0.603943010237596,0.020508141443103187,0.017997659092411303,,,0.57,0.36,0.3,1.54,0.02,0.68,0.18,0.01,0.0,0.336,0.6720588235294118,0.6790921979782375,0.181,,0.011,,0.0,,False,96.0,99.0,96.0,88.0,93.0,91.0,91.0,92.0,94.0,high,high,high,high,high,high,high,high,high,2026-05-18
hitter,MIN,HOU,Austin Martin,668885,1.0,RF,Confirmed,3.1,,,,,0.53,0.27,,,,,0.5365585681100974,0.5302424693322404,0.2962461067645701,0.2439944182943708,0.5290322580645161,0.3783294972121724,0.02864485422498861,0.009261108269430239,,,0.45,0.41,0.3,1.42,0.02,0.54,0.1,0.01,0.0,0.337,0.6289308176100628,0.4601197693259626,0.104,,0.007,,0.0,,False,96.0,99.0,96.0,88.0,93.0,91.0,91.0,92.0,94.0,high,high,high,high,high,high,high,high,high,2026-05-18
hitter,MIN,HOU,Trevor Larnach,663616,2.0,LF,Confirmed,4.14,,,,,0.77,0.37,,,,,0.7025188271624279,0.828715764224847,0.3789489343607134,0.3690933785866893,0.7061469265367316,0.6398796325903032,0.036595077842804,0.025467534544017907,,,0.67,0.55,0.43,1.85,0.03,0.9,0.14,0.01,0.0,0.332,0.9875776397515532,0.8350326062398751,0.142,,0.012,,0.0,,False,96.0,99.0,96.0,88.0,93.0,91.0,91.0,92.0,94.0,high,high,high,high,high,high,high,high,high,2026-05-18
hitter,MIN,HOU,Ryan Jeffers,680777,3.0,C,Confirmed,4.26,,,,,0.66,0.49,,,,,0.6531429917768671,0.6686078456786757,0.4676174746095195,0.5138193871614898,0.707983193277311,0.7439250061183762,0.04550144878270309,0.04155223706533381,,,0.73,0.63,0.56,2.19,0.04,0.98,0.15,0.01,0.0,0.371,1.001763668430335,0.9561817602689631,0.147,,0.007,,0.0,,False,96.0,99.0,96.0,88.0,93.0,91.0,91.0,92.0,94.0,high,high,high,high,high,high,high,high,high,2026-05-18
hitter,MIN,HOU,Kody Clemens,665019,4.0,1B,Confirmed,4.18,,,,,0.91,0.39,,,,,0.8588539203142365,0.9587024209643608,0.40060179298445986,0.3887504936728454,0.707983193277311,0.6774193272340808,0.05073193377880334,0.05855151389072782,,,0.69,0.58,0.52,1.97,0.05,0.99,0.15,0.01,0.0,0.348,0.9875776397515532,0.9919231054732635,0.149,,0.01,,0.0,,False,96.0,99.0,96.0,88.0,93.0,91.0,91.0,92.0,94.0,high,high,high,high,high,high,high,high,high,2026-05-18
hitter,MIN,HOU,Josh Bell,605137,5.0,DH,Confirmed,3.96,,,,,1.04,0.24,,,,,1.058206658667817,1.0129624999081592,0.25030834145526265,0.22253975519128052,0.8949771689497716,0.8727087161314633,0.19175812669498535,0.1852685795712907,,,0.88,0.61,0.57,2.06,0.19,1.57,0.16,0.01,0.0,0.377,1.5956790123456794,1.5467580690752158,0.157,,0.008,,0.0,,False,96.0,99.0,96.0,88.0,93.0,91.0,91.0,92.0,94.0,high,high,high,high,high,high,high,high,high,2026-05-18
hitter,MIN,HOU,Luke Keaschall,807712,6.0,2B,Confirmed,4.26,,,,,0.56,0.42,,,,,0.5848686644627655,0.5424852075274915,0.3820549032534437,0.45328887349051666,0.7715355805243446,0.7283408260350449,0.033918094416257406,0.0297101503156884,,,0.75,0.49,0.47,1.95,0.03,0.95,0.16,0.01,0.0,0.328,0.9875776397515532,0.9119457744520046,0.16,,0.009,,0.0,,False,96.0,99.0,96.0,88.0,93.0,91.0,91.0,92.0,94.0,high,high,high,high,high,high,high,high,high,2026-05-18
hitter,MIN,HOU,Brooks Lee,686797,7.0,SS,Confirmed,3.33,,,,,0.57,0.21,,,,,0.5548769653976849,0.5889016014012487,0.23250795687581663,0.19714366739371586,0.5290322580645161,0.43359654174686146,0.029842435628931234,0.021561924926640032,,,0.48,0.35,0.31,1.37,0.03,0.56,0.11,0.01,0.0,0.302,0.6720588235294118,0.4762187072106758,0.11,,0.008,,0.0,,False,96.0,99.0,96.0,88.0,93.0,91.0,91.0,92.0,94.0,high,high,high,high,high,high,high,high,high,2026-05-18
hitter,MIN,HOU,Tristan Gray,656484,8.0,3B,Confirmed,3.48,,,,,1.2,0.14,,,,,1.1361994595881195,1.271140593908203,0.15361415702439102,0.12053335161455506,0.707983193277311,0.6742645810241042,0.1283053328281895,0.12738559116835743,,,0.69,0.39,0.36,1.46,0.13,1.22,0.13,0.01,0.0,0.314,1.3148148148148149,1.1489251906885247,0.13,,0.007,,0.0,,False,96.0,99.0,96.0,88.0,93.0,91.0,91.0,92.0,94.0,high,high,high,high,high,high,high,high,high,2026-05-18
hitter,MIN,HOU,James Outman,681546,9.0,CF,Confirmed,1.84,,,,,0.64,0.16,,,,,0.7261925154843283,0.5566979445375145,0.19680891842752282,0.11454530769787769,0.2543859649122807,0.12445630716027369,0.022658974405542646,0.008456514842931931,,,0.18,0.24,0.21,0.78,0.02,0.29,0.08,0.01,0.0,0.387,0.37908720208697416,0.21929042876105564,0.081,,0.007,,0.0,,False,96.0,99.0,96.0,88.0,93.0,91.0,91.0,92.0,94.0,high,high,high,high,high,high,high,high,high,2026-05-18
hitter,HOU,MIN,Jeremy Peña,665161,1.0,SS,Confirmed,4.18,,,,,1.07,0.1,,,,,1.126716349908897,1.013017414817505,0.1133216216792085,0.0953466213044702,0.994208494208494,0.9537864061025773,0.03642340398207647,0.03382503733610564,,,0.97,0.44,0.35,1.78,0.04,1.23,0.2,0.01,0.0,0.259,1.239368165249089,1.2148608422158653,0.196,,0.01,,0.0,,False,82.0,86.0,82.0,74.0,79.0,77.0,77.0,78.0,80.0,high,high,high,medium,medium,medium,medium,medium,high,2026-05-18
hitter,HOU,MIN,Isaac Paredes,670623,2.0,3B,Confirmed,3.96,,,,,0.63,0.13,,,,,0.6249867885792169,0.6315254186595426,0.14343126866629635,0.12549364534237345,0.8694581280788177,0.8092017233373133,0.3770564705629456,0.3848880959187371,,,0.84,0.58,0.54,1.99,0.38,1.95,0.13,0.01,0.0,0.339,1.914285714285714,1.9853736836916733,0.128,,0.006,,0.0,,False,82.0,86.0,82.0,74.0,79.0,77.0,77.0,78.0,80.0,high,high,high,medium,medium,medium,medium,medium,high,2026-05-18
hitter,HOU,MIN,Yordan Alvarez,670541,3.0,DH,Confirmed,4.04,,,,,1.03,0.47,,,,,1.0809310839023496,0.9805052681713549,0.44656738923973993,0.4884592076730958,0.707983193277311,0.7449594712804606,0.04197591711677307,0.05608784380040894,,,0.73,0.42,0.32,1.51,0.05,1.18,0.14,0.01,0.0,0.271,1.239368165249089,1.1354742466936385,0.141,,0.007,,0.0,,False,82.0,86.0,82.0,74.0,79.0,77.0,77.0,78.0,80.0,high,high,high,medium,medium,medium,medium,medium,high,2026-05-18
hitter,HOU,MIN,Christian Walker,572233,4.0,1B,Confirmed,3.89,,,,,1.28,0.21,,,,,1.2440565659916674,1.3150269426391294,0.22466330950685012,0.20250345685930773,0.7061469265367316,0.6764417055469226,0.045675303997111394,0.04545512131659573,,,0.69,0.35,0.3,1.35,0.05,1.07,0.14,0.01,0.0,0.23,1.1238670694864048,1.0202703782473532,0.135,,0.008,,0.0,,False,82.0,86.0,82.0,74.0,79.0,77.0,77.0,78.0,80.0,high,high,high,medium,medium,medium,medium,medium,high,2026-05-18
hitter,HOU,MIN,Zach Dezenzo,701305,5.0,LF,Confirmed,3.02,,,,,1.11,0.2,,,,,1.129822163540787,1.092532525441548,0.21896420583689097,0.1766595070774741,0.4125159642401022,0.3766844944015543,0.026012920061615256,0.009446660541700418,,,0.39,0.22,0.17,0.81,0.02,0.6,0.1,0.01,0.0,0.196,0.6720588235294118,0.5464529991358797,0.096,,0.008,,0.0,,False,82.0,86.0,82.0,74.0,79.0,77.0,77.0,78.0,80.0,high,high,high,medium,medium,medium,medium,medium,high,2026-05-18
hitter,HOU,MIN,Braden Shewmake,669699,6.0,2B,Confirmed,3.1,,,,,0.81,0.18,,,,,0.8118878357711256,0.8004491728902268,0.18309313358242424,0.17187164736740881,0.5846774193548387,0.4193777761764564,0.03259352540833489,0.02426133233038078,,,0.49,0.25,0.24,1.08,0.03,0.7,0.12,0.01,0.0,0.237,0.7899761336515513,0.6262611653415915,0.115,,0.007,,0.0,,False,82.0,86.0,82.0,74.0,79.0,77.0,77.0,78.0,80.0,high,high,high,medium,medium,medium,medium,medium,high,2026-05-18
hitter,HOU,MIN,Brice Matthews,694728,7.0,CF,Confirmed,3.49,,,,,1.25,0.22,,,,,1.2517098290455042,1.2461628212215259,0.23795054782374753,0.19879151663919017,0.6434108527131783,0.5732555779165799,0.03565635317158549,0.03195932528718331,,,0.6,0.29,0.23,1.16,0.03,0.91,0.15,0.01,0.0,0.244,1.001763668430335,0.8397135447470236,0.147,,0.008,,0.0,,False,82.0,86.0,82.0,74.0,79.0,77.0,77.0,78.0,80.0,high,high,high,medium,medium,medium,medium,medium,high,2026-05-18
hitter,HOU,MIN,Cam Smith,701358,8.0,RF,Confirmed,3.1,,,,,1.07,0.23,,,,,1.0645470124806564,1.0687639159745983,0.25504211897697276,0.2121269494570041,0.4803149606299212,0.48593764996469235,0.027097904828642168,0.013664624413118115,,,0.48,0.22,0.17,0.88,0.02,0.72,0.11,0.01,0.0,0.22,0.7899761336515513,0.6561118781067451,0.114,,0.007,,0.0,,False,82.0,86.0,82.0,74.0,79.0,77.0,77.0,78.0,80.0,high,high,high,medium,medium,medium,medium,medium,high,2026-05-18
hitter,HOU,MIN,Christian Vázquez,543877,9.0,C,Confirmed,3.1,,,,,0.72,0.21,,,,,0.7334321143763212,0.7059225525133114,0.22616378162363832,0.1958189022251177,0.5846774193548387,0.5381098838379208,0.023286199782070784,0.018951169423663886,,,0.56,0.26,0.21,1.05,0.02,0.78,0.11,0.01,0.0,0.245,0.8408408408408409,0.7211631867766272,0.106,,0.008,,0.0,,False,82.0,86.0,82.0,74.0,79.0,77.0,77.0,78.0,80.0,high,high,high,medium,medium,medium,medium,medium,high,2026-05-18
hitter,CHC,MIL,Nico Hoerner,663538,1.0,2B,Confirmed,4.68,,,,,0.28,0.52,,,,,0.2566423063328106,0.30769113141048293,0.49837144994097793,0.5348355183323321,1.4947368421052631,1.2643607429767973,0.0724314169512024,0.05555263982326614,,,1.37,0.56,0.44,2.17,0.06,1.83,0.23,0.02,0.0,0.298,1.914285714285714,1.7623388426411224,0.227,,0.018,,0.0,,False,96.0,99.0,96.0,88.0,93.0,91.0,91.0,92.0,94.0,high,high,high,high,high,high,high,high,high,2026-05-18
hitter,CHC,MIL,Michael Busch,683737,2.0,1B,Confirmed,4.58,,,,,0.92,0.89,,,,,0.9187786044119124,0.9165786139461313,0.8803425441939527,0.8984257787882823,0.994208494208494,0.9507520653181666,0.20381915607843015,0.18271836283869627,,,0.97,0.61,0.46,2.06,0.19,1.81,0.2,0.01,0.0,0.344,1.914285714285714,1.7190716731220173,0.202,,0.011,,0.0,,False,96.0,99.0,96.0,88.0,93.0,91.0,91.0,92.0,94.0,high,high,high,high,high,high,high,high,high,2026-05-18
hitter,CHC,MIL,Alex Bregman,608324,3.0,3B,Confirmed,4.68,,,,,0.61,0.72,,,,,0.6448682486235037,0.5652130788209574,0.7041546713035959,0.7331374562768734,1.0980834272829765,1.047458715523663,0.13026038266752543,0.0988454831660667,,,1.07,0.57,0.48,2.04,0.11,1.78,0.21,0.01,0.0,0.309,1.914285714285714,1.6674209079734534,0.208,,0.009,,0.0,,False,96.0,99.0,96.0,88.0,93.0,91.0,91.0,92.0,94.0,high,high,high,high,high,high,high,high,high,2026-05-18
hitter,CHC,MIL,Ian Happ,664023,4.0,LF,Confirmed,4.61,,,,,0.95,0.99,,,,,0.9601138545531235,0.9386023984518592,1.060803107505875,0.9250133151987586,0.994208494208494,0.9683563114066921,0.18972387183719808,0.21835546031156386,,,0.98,0.63,0.51,2.14,0.2,1.87,0.16,0.01,0.0,0.352,1.914285714285714,1.8351641443648867,0.164,,0.007,,0.0,,False,96.0,99.0,96.0,88.0,93.0,91.0,91.0,92.0,94.0,high,high,high,high,high,high,high,high,high,2026-05-18
hitter,CHC,MIL,Seiya Suzuki,673548,5.0,RF,Confirmed,4.61,,,,,0.92,0.81,,,,,0.8985112820935962,0.9369738493482882,0.8119902118479909,0.8161596218569572,1.0980834272829765,1.0280337751260489,0.2115068564328665,0.23687852370755727,,,1.06,0.63,0.55,2.17,0.22,1.89,0.19,0.01,0.0,0.343,1.914285714285714,1.8775802708000946,0.187,,0.009,,0.0,,False,96.0,99.0,96.0,88.0,93.0,91.0,91.0,92.0,94.0,high,high,high,high,high,high,high,high,high,2026-05-18
hitter,CHC,MIL,Michael Conforto,624424,6.0,DH,Confirmed,3.81,,,,,0.78,0.67,,,,,0.7479380984540462,0.8041665760362855,0.66814893318152,0.6712505648536824,0.801980198019802,0.754249321546551,0.1340209303291047,0.11017728379709993,,,0.78,0.42,0.41,1.63,0.12,1.35,0.16,0.01,0.0,0.319,1.239368165249089,1.439231153940674,0.157,,0.012,,0.0,,False,96.0,99.0,96.0,88.0,93.0,91.0,91.0,92.0,94.0,high,high,high,high,high,high,high,high,high,2026-05-18
hitter,CHC,MIL,Carson Kelly,608348,7.0,C,Confirmed,4.45,,,,,0.63,0.69,,,,,0.6297207899378923,0.6214733909067526,0.7231971608625758,0.6633211388275825,0.994208494208494,0.9565873949769275,0.11804854151866176,0.12119792197009323,,,0.97,0.45,0.39,1.73,0.12,1.63,0.17,0.01,0.0,0.292,1.684375,1.5783913493798944,0.175,,0.01,,0.0,,False,96.0,99.0,96.0,88.0,93.0,91.0,91.0,92.0,94.0,high,high,high,high,high,high,high,high,high,2026-05-18
hitter,CHC,MIL,Pete Crow-Armstrong,691718,8.0,CF,Confirmed,4.45,,,,,0.86,0.6,,,,,0.837471793074259,0.8770157554986738,0.586372224097417,0.6077593619202887,0.994208494208494,0.9953083234145833,0.19069232656891683,0.2135233335503687,,,0.99,0.49,0.46,1.94,0.2,1.92,0.2,0.01,0.0,0.312,1.914285714285714,1.9241732610248394,0.199,,0.011,,0.0,,False,96.0,99.0,96.0,88.0,93.0,91.0,91.0,92.0,94.0,high,high,high,high,high,high,high,high,high,2026-05-18
hitter,CHC,MIL,Dansby Swanson,621020,9.0,SS,Confirmed,4.18,,,,,0.77,0.67,,,,,0.7224536693703039,0.8130235487269674,0.6897284982510924,0.6497688582598147,0.8694581280788177,0.8490923603134162,0.13840903156480236,0.13977242399053036,,,0.86,0.42,0.37,1.59,0.14,1.57,0.16,0.01,0.0,0.29,1.5956790123456794,1.5487755726178467,0.163,,0.01,,0.0,,False,96.0,99.0,96.0,88.0,93.0,91.0,91.0,92.0,94.0,high,high,high,high,high,high,high,high,high,2026-05-18
hitter,MIL,CHC,Jackson Chourio,694192,1.0,LF,Confirmed,3.96,,,,,0.56,0.26,,,,,0.5180486043900339,0.6087411217021295,0.2961220375553959,0.23354633254027096,1.0980834272829765,0.9818125506749611,0.33712687762974275,0.2684425423210867,,,1.03,0.48,0.42,1.79,0.3,1.98,0.15,0.01,0.0,0.286,2.057017543859649,1.9247591632540733,0.151,,0.012,,0.0,,False,96.0,99.0,96.0,88.0,93.0,91.0,91.0,92.0,94.0,high,high,high,high,high,high,high,high,high,2026-05-18
hitter,MIL,CHC,Brice Turang,668930,2.0,2B,Confirmed,3.96,,,,,0.59,0.43,,,,,0.5095475741817411,0.664257943279032,0.457990587032467,0.4026944600622556,0.994208494208494,0.89640299292698,0.2383378382190647,0.24692272414197758,,,0.94,0.42,0.35,1.58,0.24,1.82,0.14,0.01,0.0,0.255,1.914285714285714,1.7480619271943796,0.141,,0.007,,0.0,,False,96.0,99.0,96.0,88.0,93.0,91.0,91.0,92.0,94.0,high,high,high,high,high,high,high,high,high,2026-05-18
hitter,MIL,CHC,William Contreras,661388,3.0,C,Confirmed,3.96,,,,,0.41,0.43,,,,,0.41166902867964617,0.40361679581078064,0.44264076802155805,0.41080320293256023,1.0980834272829765,0.9238278859981468,0.28786103790080614,0.22424482530935302,,,1.0,0.49,0.48,1.84,0.26,1.9,0.16,0.01,0.0,0.291,2.057017543859649,1.7727969175726932,0.159,,0.007,,0.0,,False,96.0,99.0,96.0,88.0,93.0,91.0,91.0,92.0,94.0,high,high,high,high,high,high,high,high,high,2026-05-18
hitter,MIL,CHC,Christian Yelich,592885,4.0,DH,Confirmed,3.96,,,,,0.64,0.43,,,,,0.577585966297197,0.7008768065607818,0.46818092248662835,0.39002997047898563,0.8888888888888888,0.84789005909787,0.22608313910609007,0.2257818225240026,,,0.87,0.4,0.37,1.54,0.23,1.86,0.14,0.01,0.0,0.246,1.914285714285714,1.820351796160796,0.141,,0.007,,0.0,,False,96.0,99.0,96.0,88.0,93.0,91.0,91.0,92.0,94.0,high,high,high,high,high,high,high,high,high,2026-05-18
hitter,MIL,CHC,Andrew Vaughn,683734,5.0,1B,Confirmed,3.49,,,,,0.38,0.31,,,,,0.3860836431973441,0.37658322445871273,0.3464263178661603,0.26709306310002806,0.8694581280788177,0.7337751454731435,0.29781952080667057,0.22725315349137737,,,0.79,0.41,0.41,1.52,0.26,1.72,0.13,0.01,0.0,0.278,1.914285714285714,1.5556657280735726,0.133,,0.007,,0.0,,False,96.0,99.0,96.0,88.0,93.0,91.0,91.0,92.0,94.0,high,high,high,high,high,high,high,high,high,2026-05-18
hitter,MIL,CHC,Jake Bauers,641343,6.0,1B,Confirmed,3.89,,,,,0.64,0.44,,,,,0.5717676913137526,0.7031595569246413,0.45934204364001563,0.4261807702649721,0.994208494208494,0.8223485450386083,0.19305546856342432,0.19194848215854504,,,0.9,0.33,0.35,1.39,0.19,1.75,0.14,0.01,0.0,0.235,1.914285714285714,1.606996394553681,0.136,,0.007,,0.0,,False,96.0,99.0,96.0,88.0,93.0,91.0,91.0,92.0,94.0,high,high,high,high,high,high,high,high,high,2026-05-18
hitter,MIL,CHC,Luis Rengifo,650859,7.0,3B,Confirmed,3.74,,,,,0.38,0.24,,,,,0.3856990821532239,0.3773390487454401,0.24824708534355555,0.23080627164137585,1.0980834272829765,0.8741889293526077,0.09312047588185451,0.11001618821830415,,,0.97,0.33,0.3,1.43,0.1,1.45,0.13,0.01,0.0,0.241,1.5956790123456794,1.3227302760086228,0.134,,0.008,,0.0,,False,96.0,99.0,96.0,88.0,93.0,91.0,91.0,92.0,94.0,high,high,high,high,high,high,high,high,high,2026-05-18
hitter,MIL,CHC,Sal Frelick,686217,8.0,RF,Confirmed,3.96,,,,,0.29,0.31,,,,,0.31710617567258936,0.26937492957230474,0.34352006654976386,0.2790943311190718,1.0980834272829765,0.9876517570677362,0.13467613206385778,0.12996391397427948,,,1.04,0.36,0.33,1.56,0.13,1.62,0.14,0.01,0.0,0.251,1.684375,1.5643382539176112,0.144,,0.008,,0.0,,False,96.0,99.0,96.0,88.0,93.0,91.0,91.0,92.0,94.0,high,high,high,high,high,high,high,high,high,2026-05-18
hitter,MIL,CHC,Joey Ortiz,687401,9.0,SS,Confirmed,3.49,,,,,0.3,0.19,,,,,0.31618760256868794,0.28947736819275866,0.19954379822889845,0.17096035507301968,0.8949771689497716,0.8273965915599258,0.10891929789395333,0.11460131099206815,,,0.86,0.31,0.29,1.37,0.11,1.47,0.12,0.01,0.0,0.244,1.5956790123456794,1.3709925070598126,0.115,,0.008,,0.0,,False,96.0,99.0,96.0,88.0,93.0,91.0,91.0,92.0,94.0,high,high,high,high,high,high,high,high,high,2026-05-18
hitter,COL,TEX,Willi Castro,650489,1.0,3B,Confirmed,3.1,,,,,1.07,0.26,,,,,1.1387614225926228,1.009019888587747,0.2933179556874085,0.22123499664017873,0.707983193277311,0.5934734586694619,0.030981626040387147,0.010861103096624995,,,0.65,0.22,0.18,0.76,0.02,0.96,0.09,0.01,0.0,0.178,1.1238670694864048,0.8349789991353537,0.091,,0.008,,0.0,,False,96.0,99.0,96.0,88.0,93.0,91.0,91.0,92.0,94.0,high,high,high,high,high,high,high,high,high,2026-05-18
hitter,COL,TEX,Brenton Doyle,686668,2.0,CF,Confirmed,2.26,,,,,0.8,0.07,,,,,0.9090603847042303,0.7008947699852358,0.08119095644730351,0.05905472938139198,0.7061469265367316,0.5000681415637751,0.027170431523400623,0.02252795778981377,,,0.59,0.16,0.13,0.54,0.02,0.73,0.07,0.01,0.0,0.173,0.8408408408408409,0.6368343367444592,0.065,,0.007,,0.0,,False,96.0,99.0,96.0,88.0,93.0,91.0,91.0,92.0,94.0,high,high,high,high,high,high,high,high,high,2026-05-18
hitter,COL,TEX,TJ Rumfield,681198,3.0,1B,Confirmed,3.74,,,,,0.9,0.39,,,,,0.9271779482634038,0.8825124427101138,0.4146129891185911,0.36562282803595686,0.8770949720670391,0.7826024031073174,0.03124904906172997,0.03078915285359064,,,0.83,0.25,0.21,0.87,0.03,1.14,0.1,0.01,0.0,0.169,1.239368165249089,1.0565611784494153,0.101,,0.007,,0.0,,False,96.0,99.0,96.0,88.0,93.0,91.0,91.0,92.0,94.0,high,high,high,high,high,high,high,high,high,2026-05-18
hitter,COL,TEX,Hunter Goodman,696100,4.0,C,Confirmed,3.81,,,,,1.44,0.33,,,,,1.5646007801112656,1.3222122439373976,0.34303644683286394,0.31896921610793316,0.8949771689497716,0.7513534283621478,0.06491237700689201,0.07918000452819282,,,0.82,0.31,0.32,1.04,0.07,1.28,0.1,0.01,0.0,0.197,1.3148148148148149,1.2465368053342802,0.101,,0.007,,0.0,,False,96.0,99.0,96.0,88.0,93.0,91.0,91.0,92.0,94.0,high,high,high,high,high,high,high,high,high,2026-05-18
hitter,COL,TEX,Ezequiel Tovar,678662,5.0,SS,Confirmed,3.49,,,,,1.01,0.16,,,,,1.062780894383503,0.9600131573837839,0.1472080501906937,0.16279347951707349,1.1391752577319587,1.0073698354880565,0.04993035260366357,0.05674346600625375,,,1.07,0.28,0.28,0.97,0.05,1.48,0.11,0.01,0.0,0.195,1.5956790123456794,1.3810062962388063,0.105,,0.008,,0.0,,False,96.0,99.0,96.0,88.0,93.0,91.0,91.0,92.0,94.0,high,high,high,high,high,high,high,high,high,2026-05-18
hitter,COL,TEX,Jake McCarthy,664983,6.0,LF,Confirmed,2.77,,,,,0.72,0.17,,,,,0.783955380643216,0.6614818667811153,0.1901937336358742,0.15595142081893465,0.7061469265367316,0.5269942275537992,0.02209244071976027,0.014940712720891368,,,0.61,0.17,0.17,0.69,0.02,0.78,0.08,0.02,0.0,0.174,0.8408408408408409,0.7236626288048399,0.082,,0.015,,0.0,,False,96.0,99.0,96.0,88.0,93.0,91.0,91.0,92.0,94.0,high,high,high,high,high,high,high,high,high,2026-05-18
hitter,COL,TEX,Kyle Karros,691720,7.0,3B,Confirmed,3.1,,,,,1.06,0.24,,,,,1.1226840605817061,1.0067874630322378,0.2620314982696007,0.2204687018763438,0.7061469265367316,0.5979987731909518,0.024413472311334644,0.013269558000411468,,,0.65,0.18,0.17,0.7,0.02,0.88,0.07,0.01,0.0,0.171,0.9875776397515532,0.7941511101090858,0.074,,0.007,,0.0,,False,96.0,99.0,96.0,88.0,93.0,91.0,91.0,92.0,94.0,high,high,high,high,high,high,high,high,high,2026-05-18
hitter,COL,TEX,Sterlin Thompson,694514,8.0,RF,Confirmed,2.26,,,,,0.7,0.04,,,,,0.689329814702002,0.711380953865955,0.0726946808137113,0.01454948559950055,0.4803149606299212,0.4368372546465754,0.014572316728863848,0.0009507599914277652,,,0.46,0.12,0.11,0.48,0.01,0.6,0.06,0.01,0.0,0.152,0.6720588235294118,0.5375553351781599,0.058,,0.007,,0.0,,False,96.0,99.0,96.0,88.0,93.0,91.0,91.0,92.0,94.0,high,high,high,high,high,high,high,high,high,2026-05-18
hitter,COL,TEX,Braxton Fulford,690924,9.0,DH,Confirmed,2.99,,,,,1.24,0.11,,,,,1.2090466261760535,1.269351215607784,0.11917584865458837,0.10844578836222153,0.4125159642401022,0.39657088156827885,0.08516280483084177,0.054516718632499114,,,0.4,0.18,0.17,0.71,0.07,0.75,0.08,0.01,0.0,0.174,0.7899761336515513,0.7119195278014753,0.081,,0.007,,0.0,,False,96.0,99.0,96.0,88.0,93.0,91.0,91.0,92.0,94.0,high,high,high,high,high,high,high,high,high,2026-05-18
hitter,TEX,COL,Andrew McCutchen,457705,1.0,DH,Confirmed,3.02,,,,,0.84,0.22,,,,,0.8140036356033714,0.8701342370855875,0.2366774329007107,0.20990509156868722,0.35424354243542433,0.32575063443764485,0.09408111354369594,0.08482334504769629,,,0.34,0.32,0.21,1.12,0.09,0.68,0.11,0.01,0.0,0.285,0.6720588235294118,0.6915369968262509,0.113,,0.007,,0.0,,False,96.0,99.0,96.0,88.0,93.0,91.0,91.0,92.0,94.0,high,high,high,high,high,high,high,high,high,2026-05-18
hitter,TEX,COL,Brandon Nimmo,607043,2.0,RF,Confirmed,4.51,,,,,1.02,0.38,,,,,0.9333419695548986,1.1061661098044082,0.37701174745818056,0.38023010155202397,0.6434108527131783,0.6695919446419208,0.1531855213983437,0.1767860778376575,,,0.66,0.58,0.4,2.08,0.16,1.25,0.26,0.01,0.0,0.338,1.1521739130434783,1.3232437024318002,0.257,,0.012,,0.0,,False,96.0,99.0,96.0,88.0,93.0,91.0,91.0,92.0,94.0,high,high,high,high,high,high,high,high,high,2026-05-18
hitter,TEX,COL,Josh Jung,673962,3.0,3B,Confirmed,4.48,,,,,1.08,0.25,,,,,0.9546380251969843,1.2153103339202382,0.25050383508580376,0.2528185140211112,0.5846774193548387,0.677953551710365,0.13872788049643844,0.16086904798784823,,,0.64,0.51,0.42,1.93,0.15,1.22,0.2,0.01,0.0,0.292,1.1238670694864048,1.2932206541031337,0.198,,0.012,,0.0,,False,96.0,99.0,96.0,88.0,93.0,91.0,91.0,92.0,94.0,high,high,high,high,high,high,high,high,high,2026-05-18
hitter,TEX,COL,Jake Burger,669394,4.0,1B,Confirmed,4.08,,,,,1.1,0.23,,,,,1.0335359743370038,1.1638738438625074,0.23305631923223696,0.22974860318459264,0.4803149606299212,0.5840978969039006,0.16520655708755627,0.1658476101451702,,,0.54,0.45,0.37,1.7,0.17,1.18,0.18,0.01,0.0,0.28,1.1238670694864048,1.2239930885750758,0.184,,0.01,,0.0,,False,96.0,99.0,96.0,88.0,93.0,91.0,91.0,92.0,94.0,high,high,high,high,high,high,high,high,high,2026-05-18
hitter,TEX,COL,Danny Jansen,643376,5.0,C,Confirmed,3.49,,,,,1.2,0.45,,,,,1.1501640050743869,1.2474658178146592,0.4443453288362845,0.452845063409684,0.35424354243542433,0.3335425593091393,0.03446594404528473,0.02683733836009353,,,0.34,0.39,0.29,1.38,0.03,0.53,0.16,0.01,0.0,0.298,0.5302013422818792,0.528368880621189,0.163,,0.007,,0.0,,False,96.0,99.0,96.0,88.0,93.0,91.0,91.0,92.0,94.0,high,high,high,high,high,high,high,high,high,2026-05-18
hitter,TEX,COL,Ezequiel Duran,677649,6.0,SS,Confirmed,4.18,,,,,0.93,0.24,,,,,0.778760616947449,1.0830466182562593,0.22779188460424132,0.24687355862818183,0.4803149606299212,0.5560616072805663,0.07661592296661002,0.10328383484028944,,,0.52,0.38,0.35,1.6,0.09,1.04,0.14,0.01,0.0,0.266,1.001763668430335,1.0631751680449673,0.135,,0.01,,0.0,,False,96.0,99.0,96.0,88.0,93.0,91.0,91.0,92.0,94.0,high,high,high,high,high,high,high,high,high,2026-05-18
hitter,TEX,COL,Justin Foscue,679822,7.0,2B,Confirmed,3.09,,,,,0.83,0.18,,,,,0.6757555112392144,0.9784450271926531,0.18935600891627768,0.16238263468482042,0.3344051446945337,0.3583454054083523,0.08748605258493225,0.07526141381486852,,,0.35,0.25,0.19,0.97,0.08,0.66,0.12,0.01,0.0,0.246,0.6720588235294118,0.6441600560512545,0.122,,0.007,,0.0,,False,96.0,99.0,96.0,88.0,93.0,91.0,91.0,92.0,94.0,high,high,high,high,high,high,high,high,high,2026-05-18
hitter,TEX,COL,Sam Haggerty,664059,8.0,LF,Confirmed,2.55,,,,,0.67,0.16,,,,,0.6618731019237964,0.6781364059857214,0.1745803521815617,0.14715340718763562,0.4125159642401022,0.3735707515913638,0.06605249565395677,0.07384578785526631,,,0.39,0.2,0.15,0.76,0.07,0.86,0.1,0.01,0.0,0.249,0.9875776397515532,0.7589309210532588,0.1,,0.009,,0.0,,False,96.0,99.0,96.0,88.0,93.0,91.0,91.0,92.0,94.0,high,high,high,high,high,high,high,high,high,2026-05-18
hitter,TEX,COL,Michael Helman,680737,9.0,CF,Confirmed,3.89,,,,,0.71,0.28,,,,,0.6684371403317468,0.7521004576628312,0.2888461658279179,0.2782112543282495,0.7061469265367316,0.7008608280146997,0.022750268035235513,0.03336686028899669,,,0.7,0.36,0.27,1.4,0.03,0.98,0.16,0.01,0.0,0.279,0.9875776397515532,0.9660873253850408,0.159,,0.008,,0.0,,False,96.0,99.0,96.0,88.0,93.0,91.0,91.0,92.0,94.0,high,high,high,high,high,high,high,high,high,2026-05-18
hitter,LAA,ATH,Zach Neto,687263,1.0,SS,Confirmed,4.45,,,,,1.56,0.18,,,,,1.4661292863557003,1.6457013626544783,0.14568252875077212,0.2095838409134221,0.7061469265367316,0.6877607122590872,0.03274544111110286,0.027953037277976323,,,0.7,0.53,0.4,2.02,0.03,1.03,0.25,0.01,0.0,0.3,0.9875776397515532,1.0676624560288643,0.249,,0.009,,0.0,,False,96.0,99.0,96.0,88.0,93.0,91.0,91.0,92.0,94.0,high,high,high,high,high,high,high,high,high,2026-05-18
hitter,LAA,ATH,Mike Trout,545361,2.0,CF,Confirmed,4.26,,,,,1.63,0.17,,,,,1.5968050143442758,1.6595546201512381,0.16923910649749485,0.1745827500957242,0.5846774193548387,0.5631042895507067,0.04333408825373554,0.05355882335507774,,,0.57,0.51,0.38,1.88,0.05,0.84,0.18,0.01,0.0,0.298,0.8408408408408409,0.8427150353869309,0.177,,0.007,,0.0,,False,96.0,99.0,96.0,88.0,93.0,91.0,91.0,92.0,94.0,high,high,high,high,high,high,high,high,high,2026-05-18
hitter,LAA,ATH,Nolan Schanuel,694384,3.0,1B,Confirmed,4.25,,,,,0.72,0.11,,,,,0.6316912328680938,0.8026432896421042,0.11183312231469354,0.10138100207566848,0.7061469265367316,0.7032732341117516,0.019502837415277134,0.016113951252866795,,,0.7,0.5,0.43,2.02,0.02,0.88,0.2,0.01,0.0,0.292,0.8408408408408409,0.920417381010448,0.2,,0.009,,0.0,,False,96.0,99.0,96.0,88.0,93.0,91.0,91.0,92.0,94.0,high,high,high,high,high,high,high,high,high,2026-05-18
hitter,LAA,ATH,Jorge Soler,624585,4.0,DH,Confirmed,4.18,,,,,1.56,0.13,,,,,1.4966843227594897,1.6201918587984045,0.12119969267498813,0.14044158033481186,0.5290322580645161,0.5524105580280253,0.030507539648554335,0.027328338262144765,,,0.54,0.47,0.41,1.87,0.03,0.84,0.2,0.01,0.0,0.284,0.7899761336515513,0.8809605935753444,0.197,,0.01,,0.0,,False,96.0,99.0,96.0,88.0,93.0,91.0,91.0,92.0,94.0,high,high,high,high,high,high,high,high,high,2026-05-18
hitter,LAA,ATH,Yoán Moncada,660162,5.0,3B,Confirmed,3.02,,,,,1.19,0.09,,,,,1.2095381737085562,1.1607458008388662,0.09614455609702795,0.08996309641725435,0.35424354243542433,0.3497338529678127,0.02004780039731733,0.00929651789847159,,,0.35,0.33,0.28,1.32,0.01,0.48,0.14,0.01,0.0,0.271,0.4591194968553459,0.4976704605216695,0.138,,0.009,,0.0,,False,96.0,99.0,96.0,88.0,93.0,91.0,91.0,92.0,94.0,high,high,high,high,high,high,high,high,high,2026-05-18
hitter,LAA,ATH,Jo Adell,666176,6.0,RF,Confirmed,4.04,,,,,1.35,0.09,,,,,1.2906880757615575,1.4042792674059592,0.08928360977638808,0.08898893485176246,0.6506024096385542,0.6738046569074019,0.038359822806692145,0.05663178300230594,,,0.66,0.44,0.45,1.99,0.05,1.02,0.24,0.01,0.0,0.307,0.9875776397515532,1.0504976252554876,0.244,,0.01,,0.0,,False,96.0,99.0,96.0,88.0,93.0,91.0,91.0,92.0,94.0,high,high,high,high,high,high,high,high,high,2026-05-18
hitter,LAA,ATH,Josh Lowe,666139,7.0,LF,Confirmed,3.48,,,,,1.13,0.08,,,,,1.0793877617554912,1.1772345082039029,0.08291718154149666,0.06721164592749143,0.4125159642401022,0.4952316171483837,0.02046391930415996,0.023602974683374817,,,0.46,0.34,0.3,1.52,0.02,0.67,0.18,0.01,0.0,0.282,0.6720588235294118,0.6735587683264062,0.18,,0.01,,0.0,,False,96.0,99.0,96.0,88.0,93.0,91.0,91.0,92.0,94.0,high,high,high,high,high,high,high,high,high,2026-05-18
hitter,LAA,ATH,Logan O'Hoppe,681351,8.0,C,Confirmed,4.18,,,,,1.55,0.12,,,,,1.4797725232663572,1.6238756474572205,0.1179103353622204,0.12436043910044703,0.6434108527131783,0.6878204280984721,0.03293239770810449,0.051414228332737774,,,0.67,0.44,0.39,1.92,0.04,0.83,0.19,0.01,0.0,0.295,0.7899761336515513,0.8598607793895343,0.195,,0.01,,0.0,,False,96.0,99.0,96.0,88.0,93.0,91.0,91.0,92.0,94.0,high,high,high,high,high,high,high,high,high,2026-05-18
hitter,LAA,ATH,Adam Frazier,624428,9.0,2B,Confirmed,2.77,,,,,0.77,0.06,,,,,0.7625240605652105,0.7769649892730233,0.07198728027528183,0.043099813613717626,0.35424354243542433,0.35301708168249296,0.01667813938087436,0.005084018085116184,,,0.35,0.26,0.22,1.12,0.01,0.51,0.15,0.01,0.0,0.266,0.5302013422818792,0.4922393844783807,0.146,,0.009,,0.0,,False,96.0,99.0,96.0,88.0,93.0,91.0,91.0,92.0,94.0,high,high,high,high,high,high,high,high,high,2026-05-18
hitter,ATH,LAA,Carlos Cortes,666126,1.0,RF,Confirmed,3.1,,,,,0.46,0.42,,,,,0.4778948710063132,0.4327269016112036,0.4853529546560523,0.3628368053698719,0.5846774193548387,0.4869155508060544,0.025593026053702752,0.008982606419415614,,,0.53,0.35,0.27,1.27,0.02,0.64,0.12,0.01,0.0,0.286,0.6720588235294118,0.6147220090749972,0.124,,0.008,,0.0,,False,96.0,99.0,96.0,88.0,93.0,91.0,91.0,92.0,94.0,high,high,high,high,high,high,high,high,high,2026-05-18
hitter,ATH,LAA,Shea Langeliers,669127,2.0,C,Confirmed,4.39,,,,,0.79,0.26,,,,,0.7678289527435307,0.8092818755944957,0.24764843301231332,0.27818843862201614,0.8949771689497716,0.9089950312639973,0.04249756895330451,0.06466364704916504,,,0.9,0.54,0.45,1.86,0.05,1.37,0.18,0.01,0.0,0.3,1.3148148148148149,1.4230472283502729,0.18,,0.012,,0.0,,False,96.0,99.0,96.0,88.0,93.0,91.0,91.0,92.0,94.0,high,high,high,high,high,high,high,high,high,2026-05-18
hitter,ATH,LAA,Nick Kurtz,701762,3.0,1B,Confirmed,4.45,,,,,1.04,1.17,,,,,1.0502614123172973,1.0242637137504345,1.3049890899988479,1.03125218322208,0.801980198019802,0.7344215514636887,0.0862124536573165,0.11198645032396815,,,0.76,0.63,0.56,2.07,0.1,1.22,0.15,0.01,0.0,0.357,1.239368165249089,1.2120638260736256,0.151,,0.011,,0.0,,False,96.0,99.0,96.0,88.0,93.0,91.0,91.0,92.0,94.0,high,high,high,high,high,high,high,high,high,2026-05-18
hitter,ATH,LAA,Brent Rooker,667670,4.0,DH,Confirmed,4.04,,,,,0.84,0.71,,,,,0.8251049674925145,0.8487846334641906,0.7626047206938493,0.6647065238026347,0.707983193277311,0.7098699502628006,0.0448876065745781,0.040761397260452734,,,0.71,0.48,0.42,1.67,0.04,0.98,0.11,0.01,0.0,0.295,1.001763668430335,0.95311084434158,0.114,,0.01,,0.0,,False,96.0,99.0,96.0,88.0,93.0,91.0,91.0,92.0,94.0,high,high,high,high,high,high,high,high,high,2026-05-18
hitter,ATH,LAA,Tyler Soderstrom,691016,5.0,LF,Confirmed,3.96,,,,,0.7,0.58,,,,,0.6699489155876374,0.7277290925760469,0.5985636796266679,0.5645058491964162,0.7061469265367316,0.6819608318370991,0.04056661014314511,0.036802032892677944,,,0.69,0.46,0.42,1.65,0.04,0.94,0.14,0.01,0.0,0.287,1.001763668430335,0.8910517392456113,0.137,,0.012,,0.0,,False,96.0,99.0,96.0,88.0,93.0,91.0,91.0,92.0,94.0,high,high,high,high,high,high,high,high,high,2026-05-18
hitter,ATH,LAA,Henry Bolte,703607,6.0,CF,Confirmed,3.09,,,,,0.61,0.13,,,,,0.5909974573347692,0.6367856453201842,0.13851865781591766,0.1252681036507635,0.4803149606299212,0.5340668462144887,0.02952803559796324,0.03572785982653508,,,0.51,0.24,0.26,0.91,0.03,0.74,0.1,0.01,0.0,0.218,0.7899761336515513,0.7071241733979023,0.097,,0.007,,0.0,,False,96.0,99.0,96.0,88.0,93.0,91.0,91.0,92.0,94.0,high,high,high,high,high,high,high,high,high,2026-05-18
hitter,ATH,LAA,Jeff McNeil,643446,7.0,2B,Confirmed,3.33,,,,,0.3,0.47,,,,,0.33974678265858493,0.2657521284995147,0.5349326884463365,0.4148925349960224,0.6434108527131783,0.5493503837986802,0.02549011787595429,0.01617247324317009,,,0.59,0.34,0.3,1.35,0.02,0.79,0.14,0.01,0.0,0.293,0.8408408408408409,0.7521254606082299,0.143,,0.009,,0.0,,False,96.0,99.0,96.0,88.0,93.0,91.0,91.0,92.0,94.0,high,high,high,high,high,high,high,high,high,2026-05-18
hitter,ATH,LAA,Zack Gelof,680869,8.0,3B,Confirmed,3.49,,,,,0.82,0.48,,,,,0.7906955611486217,0.8450925050782429,0.5046182095234618,0.4630042662592687,0.5290322580645161,0.4954979736546002,0.03471324590224239,0.01103576374718498,,,0.51,0.3,0.26,1.14,0.02,0.65,0.1,0.01,0.0,0.242,0.6720588235294118,0.6255886614886893,0.101,,0.008,,0.0,,False,96.0,99.0,96.0,88.0,93.0,91.0,91.0,92.0,94.0,high,high,high,high,high,high,high,high,high,2026-05-18
hitter,ATH,LAA,Darell Hernaiz,687231,9.0,SS,Confirmed,3.74,,,,,0.42,0.57,,,,,0.43540463650283223,0.41017789958270284,0.6085663364858838,0.5221085339888986,0.6434108527131783,0.6811335160484355,0.019029461289441447,0.015980759636879005,,,0.66,0.32,0.26,1.29,0.02,0.81,0.12,0.01,0.0,0.249,0.7899761336515513,0.8210021493643955,0.122,,0.008,,0.0,,False,96.0,99.0,96.0,88.0,93.0,91.0,91.0,92.0,94.0,high,high,high,high,high,high,high,high,high,2026-05-18
hitter,SD,LAD,Fernando Tatis Jr.,665487,1.0,RF,Confirmed,3.96,,,,,0.95,0.47,,,,,1.0196723535119814,0.8787135107567263,0.49550155105004545,0.4350708181116678,1.0980834272829765,0.9286421755034984,0.26686501145431113,0.2967937893962411,,,1.0,0.59,0.52,2.11,0.28,1.94,0.13,0.01,0.0,0.344,2.057017543859649,1.8492179704472644,0.134,,0.007,,0.0,,False,96.0,99.0,96.0,88.0,93.0,91.0,91.0,92.0,94.0,high,high,high,high,high,high,high,high,high,2026-05-18
hitter,SD,LAD,Miguel Andujar,609280,2.0,DH,Confirmed,3.58,,,,,0.63,0.2,,,,,0.6494569565547644,0.6189957020049494,0.2028345610706669,0.1917330466289249,1.0980834272829765,0.8699201517606951,0.18494259651861375,0.17015662646566454,,,0.97,0.49,0.43,1.82,0.18,1.68,0.14,0.01,0.0,0.318,1.914285714285714,1.4902496594572636,0.141,,0.008,,0.0,,False,96.0,99.0,96.0,88.0,93.0,91.0,91.0,92.0,94.0,high,high,high,high,high,high,high,high,high,2026-05-18
hitter,SD,LAD,Gavin Sheets,657757,3.0,1B,Confirmed,3.33,,,,,0.81,0.35,,,,,0.8782794420932899,0.7478266039769786,0.3899083223007812,0.3002841936838176,0.707983193277311,0.6206603931562857,0.227857421690859,0.20333411736407722,,,0.66,0.45,0.46,1.62,0.22,1.55,0.1,0.01,0.0,0.315,1.684375,1.4390700726589605,0.099,,0.007,,0.0,,False,96.0,99.0,96.0,88.0,93.0,91.0,91.0,92.0,94.0,high,high,high,high,high,high,high,high,high,2026-05-18
hitter,SD,LAD,Manny Machado,592518,4.0,3B,Confirmed,3.81,,,,,0.94,0.29,,,,,0.9657552257435557,0.9130451214674027,0.319577122862443,0.26119739738223646,0.994208494208494,0.8942640468393052,0.39547178984873005,0.30563323307564916,,,0.94,0.62,0.67,2.16,0.35,1.95,0.13,0.01,0.0,0.366,2.057017543859649,1.864286113677114,0.134,,0.008,,0.0,,False,96.0,99.0,96.0,88.0,93.0,91.0,91.0,92.0,94.0,high,high,high,high,high,high,high,high,high,2026-05-18
hitter,SD,LAD,Xander Bogaerts,593428,5.0,SS,Confirmed,3.49,,,,,0.77,0.3,,,,,0.815661275558344,0.7196005714225614,0.3212487162953722,0.26989333482974726,0.8694581280788177,0.7679810029169007,0.2139774615898601,0.16451347399313304,,,0.81,0.47,0.48,1.75,0.19,1.52,0.13,0.01,0.0,0.314,1.684375,1.3852873420188931,0.131,,0.008,,0.0,,False,96.0,99.0,96.0,88.0,93.0,91.0,91.0,92.0,94.0,high,high,high,high,high,high,high,high,high,2026-05-18
hitter,SD,LAD,Jackson Merrill,701538,6.0,CF,Confirmed,3.81,,,,,1.11,0.31,,,,,1.145142400168479,1.074005657328313,0.31403289229902476,0.29947682930410946,0.8949771689497716,0.7787136650186396,0.2788990026605213,0.29151176445095356,,,0.83,0.5,0.6,1.97,0.29,1.88,0.13,0.01,0.0,0.34,2.057017543859649,1.7358650653981917,0.127,,0.011,,0.0,,False,96.0,99.0,96.0,88.0,93.0,91.0,91.0,92.0,94.0,high,high,high,high,high,high,high,high,high,2026-05-18
hitter,SD,LAD,Nick Castellanos,592206,7.0,RF,Confirmed,3.33,,,,,0.75,0.18,,,,,0.7379058697531705,0.76352244078361,0.18704314103706843,0.1817449400429478,0.6434108527131783,0.5996945706774092,0.1703341438512896,0.1715275145218521,,,0.62,0.36,0.37,1.43,0.17,1.2,0.13,0.01,0.0,0.288,1.239368165249089,1.1739154023205314,0.125,,0.009,,0.0,,False,96.0,99.0,96.0,88.0,93.0,91.0,91.0,92.0,94.0,high,high,high,high,high,high,high,high,high,2026-05-18
hitter,SD,LAD,Ramón Laureano,657656,8.0,LF,Confirmed,3.19,,,,,1.07,0.25,,,,,1.1219412804647968,1.0154494351441459,0.2830348994719425,0.22104370500483128,0.707983193277311,0.6368057484214266,0.28069837412774634,0.21101655577883352,,,0.67,0.44,0.47,1.62,0.25,1.62,0.13,0.01,0.0,0.358,1.914285714285714,1.3785069433036918,0.129,,0.007,,0.0,,False,96.0,99.0,96.0,88.0,93.0,91.0,91.0,92.0,94.0,high,high,high,high,high,high,high,high,high,2026-05-18
hitter,SD,LAD,Rodolfo Durán,660710,9.0,C,Confirmed,2.26,,,,,0.66,0.13,,,,,0.6806130342273126,0.6468435508263669,0.1604388318662634,0.10200276776646551,0.4803149606299212,0.4360711382532838,0.15018403177563788,0.12663563506742037,,,0.46,0.22,0.23,0.86,0.14,0.91,0.1,0.01,0.0,0.269,1.001763668430335,0.8317127343644558,0.104,,0.007,,0.0,,False,96.0,99.0,96.0,88.0,93.0,91.0,91.0,92.0,94.0,high,high,high,high,high,high,high,high,high,2026-05-18
hitter,LAD,SD,Shohei Ohtani,660271,1.0,DH,Confirmed,4.61,,,,,1.22,1.0,,,,,1.2838945130925625,1.1605853027067141,1.0628622737210576,0.9437882093903578,1.0980834272829765,1.0488252222591672,0.1101424074347026,0.12649999058655337,,,1.07,0.53,0.34,1.75,0.12,1.89,0.19,0.02,0.0,0.311,2.057017543859649,1.757723853935545,0.188,,0.018,,0.0,,False,96.0,99.0,96.0,88.0,93.0,91.0,91.0,92.0,94.0,high,high,high,high,high,high,high,high,high,2026-05-18
hitter,LAD,SD,Mookie Betts,605141,2.0,SS,Confirmed,4.18,,,,,0.6,0.68,,,,,0.5698966496536827,0.6239986498676651,0.669622987240127,0.6896514481583297,0.4803149606299212,0.5242628839220297,0.041852677264063866,0.04583642948234799,,,0.5,0.49,0.34,1.83,0.04,0.76,0.2,0.01,0.0,0.301,0.7899761336515513,0.7269424577156183,0.199,,0.01,,0.0,,False,96.0,99.0,96.0,88.0,93.0,91.0,91.0,92.0,94.0,high,high,high,high,high,high,high,high,high,2026-05-18
hitter,LAD,SD,Freddie Freeman,518692,3.0,1B,Confirmed,4.45,,,,,0.81,0.7,,,,,0.7982145753606142,0.8125618602222148,0.7254911608027386,0.6732893628014116,1.1391752577319587,1.1336354882164423,0.058036004301488225,0.044794548532716555,,,1.14,0.51,0.39,1.89,0.05,1.57,0.21,0.01,0.0,0.297,1.684375,1.4705046288483503,0.206,,0.011,,0.0,,False,96.0,99.0,96.0,88.0,93.0,91.0,91.0,92.0,94.0,high,high,high,high,high,high,high,high,high,2026-05-18
hitter,LAD,SD,Kyle Tucker,663656,4.0,RF,Confirmed,3.96,,,,,0.64,0.79,,,,,0.7132676844327709,0.5715165207456533,0.8436011624952025,0.7447637775203806,1.0980834272829765,0.9505328904387188,0.05883507261022979,0.059392896591651693,,,1.02,0.43,0.32,1.56,0.06,1.3,0.16,0.01,0.0,0.292,1.3893129770992367,1.233477579885654,0.156,,0.008,,0.0,,False,96.0,99.0,96.0,88.0,93.0,91.0,91.0,92.0,94.0,high,high,high,high,high,high,high,high,high,2026-05-18
hitter,LAD,SD,Will Smith,669257,5.0,C,Confirmed,4.04,,,,,0.97,0.76,,,,,0.9482538104150128,0.984681875547564,0.7565631536278907,0.75733834082759,0.4803149606299212,0.44724262218152366,0.05089113281597352,0.03900469233999496,,,0.46,0.45,0.35,1.67,0.04,0.73,0.18,0.01,0.0,0.294,0.7899761336515513,0.6809561636776212,0.183,,0.007,,0.0,,False,96.0,99.0,96.0,88.0,93.0,91.0,91.0,92.0,94.0,high,high,high,high,high,high,high,high,high,2026-05-18
hitter,LAD,SD,Max Muncy,571970,6.0,3B,Confirmed,4.25,,,,,0.97,0.86,,,,,0.9656847689045737,0.9736874948064017,0.8756113716841079,0.8504302575965006,0.994208494208494,0.956204591465936,0.10004610806194306,0.09056328240794281,,,0.97,0.41,0.34,1.56,0.1,1.51,0.15,0.01,0.0,0.297,1.5956790123456794,1.4385807958102217,0.153,,0.009,,0.0,,False,96.0,99.0,96.0,88.0,93.0,91.0,91.0,92.0,94.0,high,high,high,high,high,high,high,high,high,2026-05-18
hitter,LAD,SD,Andy Pages,681624,7.0,CF,Confirmed,3.96,,,,,0.82,0.42,,,,,0.7932797402735248,0.8529988280705633,0.41470635745346685,0.4299074001896198,0.994208494208494,0.901911825189787,0.06278206302409864,0.06319966887593027,,,0.94,0.34,0.29,1.43,0.06,1.38,0.17,0.01,0.0,0.25,1.3893129770992367,1.379559556843888,0.174,,0.009,,0.0,,False,96.0,99.0,96.0,88.0,93.0,91.0,91.0,92.0,94.0,high,high,high,high,high,high,high,high,high,2026-05-18
hitter,LAD,SD,Teoscar Hernández,606192,8.0,LF,Confirmed,4.18,,,,,1.03,0.51,,,,,1.0233830803650426,1.0286311265115549,0.4996594149034047,0.5224280050646303,1.0980834272829765,0.9978568081861122,0.06933146805141618,0.06696805757456033,,,1.04,0.38,0.31,1.56,0.07,1.51,0.19,0.01,0.0,0.264,1.5956790123456794,1.4330310483717061,0.189,,0.008,,0.0,,False,96.0,99.0,96.0,88.0,93.0,91.0,91.0,92.0,94.0,high,high,high,high,high,high,high,high,high,2026-05-18
hitter,LAD,SD,Hyeseong Kim,808975,9.0,2B,Confirmed,3.81,,,,,0.94,0.45,,,,,0.9056599218412095,0.9742916677489021,0.4814045808529168,0.4219044765430388,1.0,0.9231798548729759,0.026772569850689338,0.024528840303471133,,,0.96,0.32,0.27,1.36,0.03,1.21,0.17,0.01,0.0,0.246,1.239368165249089,1.1771923964467648,0.174,,0.011,,0.0,,False,96.0,99.0,96.0,88.0,93.0,91.0,91.0,92.0,94.0,high,high,high,high,high,high,high,high,high,2026-05-18
hitter,AZ,SF,Ketel Marte,606466,1.0,2B,Confirmed,4.39,,,,,0.39,0.46,,,,,0.39052442350405725,0.3809882444355898,0.45660575095084865,0.45396571197818464,1.4947368421052631,1.2352694094511367,0.07773687354835224,0.09452732923278309,,,1.35,0.72,0.62,2.44,0.09,1.77,0.2,0.01,0.0,0.399,1.914285714285714,1.6578282219674432,0.202,,0.009,,0.0,,False,96.0,99.0,96.0,88.0,93.0,91.0,91.0,92.0,94.0,high,high,high,high,high,high,high,high,high,2026-05-18
hitter,AZ,SF,Corbin Carroll,682998,2.0,RF,Confirmed,4.48,,,,,1.06,0.63,,,,,1.0335614911381488,1.0791413083826487,0.6084322298863588,0.6424997239233871,1.4947368421052631,1.2618644378861414,0.398382869323135,0.3324268595327336,,,1.37,0.76,0.63,2.49,0.37,2.69,0.19,0.01,0.0,0.409,2.75,2.6386060962882367,0.191,,0.012,,0.0,,False,96.0,99.0,96.0,88.0,93.0,91.0,91.0,92.0,94.0,high,high,high,high,high,high,high,high,high,2026-05-18
hitter,AZ,SF,Geraldo Perdomo,672695,3.0,SS,Confirmed,4.48,,,,,0.52,0.57,,,,,0.5412031971901359,0.4989412537290911,0.5378980455686693,0.6103222581121075,1.4947368421052631,1.2818983373631205,0.15945043547206092,0.18624029615005258,,,1.38,0.61,0.53,2.24,0.17,1.97,0.24,0.01,0.0,0.342,2.057017543859649,1.8908821642711444,0.24,,0.009,,0.0,,False,96.0,99.0,96.0,88.0,93.0,91.0,91.0,92.0,94.0,high,high,high,high,high,high,high,high,high,2026-05-18
hitter,AZ,SF,Nolan Arenado,571448,4.0,3B,Confirmed,3.96,,,,,0.55,0.41,,,,,0.5831245085874932,0.5231048209585825,0.43190355668667346,0.39716299469391714,1.0980834272829765,1.0233990937649693,0.22566169361865993,0.19961865807650112,,,1.06,0.59,0.53,2.11,0.21,1.95,0.17,0.01,0.0,0.363,2.057017543859649,1.869163769635996,0.168,,0.007,,0.0,,False,96.0,99.0,96.0,88.0,93.0,91.0,91.0,92.0,94.0,high,high,high,high,high,high,high,high,high,2026-05-18
hitter,AZ,SF,Ildemaro Vargas,545121,5.0,3B,Confirmed,4.25,,,,,0.52,0.24,,,,,0.5217213734145264,0.5168615892565166,0.23967505096094502,0.248463749128874,1.5,1.2950469628480694,0.19477819429037663,0.20655679340186966,,,1.39,0.57,0.54,2.21,0.2,2.03,0.25,0.01,0.0,0.327,2.057017543859649,2.003237947809003,0.246,,0.009,,0.0,,False,96.0,99.0,96.0,88.0,93.0,91.0,91.0,92.0,94.0,high,high,high,high,high,high,high,high,high,2026-05-18
hitter,AZ,SF,Gabriel Moreno,672515,6.0,C,Confirmed,3.96,,,,,0.77,0.39,,,,,0.7734548361243129,0.7594791064327205,0.4054393441709254,0.37838637089041904,1.0980834272829765,0.99332089374897,0.1918704829851809,0.19514075948177023,,,1.04,0.46,0.48,1.83,0.19,1.79,0.17,0.01,0.0,0.331,1.914285714285714,1.6919819883727818,0.173,,0.007,,0.0,,False,96.0,99.0,96.0,88.0,93.0,91.0,91.0,92.0,94.0,high,high,high,high,high,high,high,high,high,2026-05-18
hitter,AZ,SF,Jose Fernandez,699912,7.0,1B,Confirmed,3.33,,,,,0.81,0.25,,,,,0.7619337465088734,0.8599638532739378,0.26753622684518685,0.23143084708874184,0.994208494208494,0.83702441305677,0.16899906257509698,0.15222696532384802,,,0.91,0.43,0.4,1.7,0.16,1.54,0.16,0.01,0.0,0.354,1.684375,1.422434749029736,0.155,,0.007,,0.0,,False,96.0,99.0,96.0,88.0,93.0,91.0,91.0,92.0,94.0,high,high,high,high,high,high,high,high,high,2026-05-18
hitter,AZ,SF,Tim Tawa,694374,8.0,LF,Confirmed,2.77,,,,,0.81,0.08,,,,,0.8095381319283849,0.802695309876869,0.09453082483442714,0.07376548347450496,0.3344051446945337,0.24549046513757222,0.06441553226700678,0.062296427175930924,,,0.29,0.34,0.32,1.37,0.06,0.51,0.11,0.01,0.0,0.343,0.5302013422818792,0.49813514612414367,0.108,,0.006,,0.0,,False,96.0,99.0,96.0,88.0,93.0,91.0,91.0,92.0,94.0,high,high,high,high,high,high,high,high,high,2026-05-18
hitter,AZ,SF,Ryan Waldschmidt,814439,9.0,CF,Confirmed,3.1,,,,,0.76,0.28,,,,,0.7507405033559048,0.7754469149790996,0.321799889709794,0.23865734432367722,0.801980198019802,0.6864178444336526,0.1279204996052737,0.09579370710695581,,,0.74,0.38,0.34,1.49,0.11,1.25,0.12,0.01,0.0,0.339,1.3893129770992367,1.1414579172349937,0.123,,0.006,,0.0,,False,96.0,99.0,96.0,88.0,93.0,91.0,91.0,92.0,94.0,high,high,high,high,high,high,high,high,high,2026-05-18
hitter,SF,AZ,Jung Hoo Lee,808982,1.0,RF,Confirmed,4.57,,,,,0.37,0.17,,,,,0.3478929579494634,0.3930403088082127,0.184624394878998,0.15399868575005837,0.994208494208494,1.073436294258103,0.07091033051950724,0.06646257823812612,,,1.04,0.55,0.43,2.08,0.07,1.46,0.2,0.03,0.0,0.298,1.3893129770992367,1.521620623380798,0.201,,0.025,,0.0,,False,96.0,99.0,96.0,88.0,93.0,91.0,91.0,92.0,94.0,high,high,high,high,high,high,high,high,high,2026-05-18
hitter,SF,AZ,Luis Arraez,650333,2.0,2B,Confirmed,4.61,,,,,0.25,0.24,,,,,0.17730650919702617,0.3252191564901671,0.2272231089627528,0.24454635322613347,0.994208494208494,1.0557699042201774,0.07747629792218819,0.08025832754900837,,,1.03,0.56,0.44,2.1,0.08,1.45,0.16,0.02,0.0,0.299,1.3893129770992367,1.4993603798781432,0.158,,0.017,,0.0,,False,96.0,99.0,96.0,88.0,93.0,91.0,91.0,92.0,94.0,high,high,high,high,high,high,high,high,high,2026-05-18
hitter,SF,AZ,Casey Schmitt,669477,3.0,SS,Confirmed,4.18,,,,,0.73,0.2,,,,,0.6514861769920808,0.804185994124794,0.196159725922579,0.2045199370998956,0.801980198019802,0.7893489919486081,0.17780234300525302,0.15405798707096707,,,0.8,0.63,0.61,2.24,0.17,1.47,0.16,0.01,0.0,0.361,1.4476190476190476,1.4917650314325173,0.156,,0.007,,0.0,,False,96.0,99.0,96.0,88.0,93.0,91.0,91.0,92.0,94.0,high,high,high,high,high,high,high,high,high,2026-05-18
hitter,SF,AZ,Rafael Devers,646240,4.0,1B,Confirmed,4.61,,,,,1.02,0.44,,,,,0.9779987201197665,1.0684357779946534,0.440281951853969,0.44448592104954776,0.8949771689497716,0.921159323418844,0.2122667631442966,0.21689758393575914,,,0.91,0.73,0.65,2.38,0.21,1.73,0.16,0.01,0.0,0.396,1.684375,1.7663144226407232,0.156,,0.008,,0.0,,False,96.0,99.0,96.0,88.0,93.0,91.0,91.0,92.0,94.0,high,high,high,high,high,high,high,high,high,2026-05-18
hitter,SF,AZ,Willy Adames,642715,5.0,SS,Confirmed,4.51,,,,,0.87,0.34,,,,,0.8039709625800878,0.9341623729954767,0.3249095674329765,0.3558916396521887,0.801980198019802,0.887590920210574,0.18454585535888743,0.19937754401272534,,,0.85,0.61,0.55,2.05,0.19,1.57,0.17,0.01,0.0,0.339,1.4759615384615385,1.6477810107446156,0.166,,0.008,,0.0,,False,96.0,99.0,96.0,88.0,93.0,91.0,91.0,92.0,94.0,high,high,high,high,high,high,high,high,high,2026-05-18
hitter,SF,AZ,Matt Chapman,656305,6.0,3B,Confirmed,4.25,,,,,0.85,0.27,,,,,0.7777479427049971,0.9202143842399215,0.2541233739730934,0.29377305212666516,0.801980198019802,0.8768321870686342,0.2160387015828472,0.20024302817928816,,,0.84,0.59,0.66,2.25,0.21,1.64,0.16,0.01,0.0,0.378,1.684375,1.6032273411253959,0.161,,0.007,,0.0,,False,96.0,99.0,96.0,88.0,93.0,91.0,91.0,92.0,94.0,high,high,high,high,high,high,high,high,high,2026-05-18
hitter,SF,AZ,Bryce Eldridge,805811,7.0,DH,Confirmed,3.48,,,,,0.72,0.25,,,,,0.6647580873189126,0.7700531860848733,0.2598841148729484,0.24065047414856516,0.7061469265367316,0.6471271805761656,0.14299425026229126,0.178492482319856,,,0.67,0.37,0.31,1.32,0.16,1.27,0.14,0.01,0.0,0.308,1.3893129770992367,1.1791740436606477,0.135,,0.011,,0.0,,False,96.0,99.0,96.0,88.0,93.0,91.0,91.0,92.0,94.0,high,high,high,high,high,high,high,high,high,2026-05-18
hitter,SF,AZ,Harrison Bader,664056,8.0,CF,Confirmed,4.18,,,,,0.83,0.24,,,,,0.7593229080394905,0.9008524460954894,0.2308699783982556,0.2464457718312283,0.7715355805243446,0.7655352305132787,0.13030040288277508,0.12242760116677256,,,0.77,0.47,0.44,1.78,0.13,1.27,0.16,0.01,0.0,0.313,1.239368165249089,1.2894519050287403,0.165,,0.008,,0.0,,False,96.0,99.0,96.0,88.0,93.0,91.0,91.0,92.0,94.0,high,high,high,high,high,high,high,high,high,2026-05-18
hitter,SF,AZ,Eric Haase,606992,9.0,C,Confirmed,2.55,,,,,0.65,0.12,,,,,0.6416685560142671,0.6674018108818798,0.13067080201425837,0.10359011509845821,0.35424354243542433,0.32480871052128,0.048962640460431896,0.060132969921504374,,,0.34,0.23,0.21,0.84,0.05,0.62,0.09,0.01,0.0,0.254,0.6720588235294118,0.5709641996332661,0.094,,0.009,,0.0,,False,96.0,99.0,96.0,88.0,93.0,91.0,91.0,92.0,94.0,high,high,high,high,high,high,high,high,high,2026-05-18
hitter,SEA,CWS,J.P. Crawford,641487,1.0,SS,Confirmed,4.45,,,,,0.61,0.62,,,,,0.5948009206218422,0.6348993631585075,0.6182820593828149,0.6151512385509319,0.4125159642401022,0.514059667069542,0.032511321857354294,0.027476390627556996,,,0.47,0.39,0.23,1.27,0.03,0.73,0.13,0.01,0.0,0.244,0.6720588235294118,0.7779455006977151,0.133,,0.01,,0.0,,False,96.0,99.0,96.0,88.0,93.0,91.0,91.0,92.0,94.0,high,high,high,high,high,high,high,high,high,2026-05-18
hitter,SEA,CWS,Julio Rodríguez,677594,2.0,CF,Confirmed,4.57,,,,,0.87,0.47,,,,,0.7633318387029466,0.9826650911238463,0.44509816254775325,0.48700204248319573,0.4803149606299212,0.5827752152752599,0.05023941527988074,0.038986896300296385,,,0.54,0.42,0.27,1.4,0.04,0.85,0.17,0.01,0.0,0.253,0.7899761336515513,0.9008746238680596,0.165,,0.011,,0.0,,False,96.0,99.0,96.0,88.0,93.0,91.0,91.0,92.0,94.0,high,high,high,high,high,high,high,high,high,2026-05-18
hitter,SEA,CWS,Randy Arozarena,668227,3.0,LF,Confirmed,4.61,,,,,0.98,0.62,,,,,0.8978845970744331,1.0634728380115293,0.6191862486989275,0.6227677289104171,0.4803149606299212,0.5800382417800749,0.048566326952111064,0.0443379262752366,,,0.54,0.41,0.29,1.35,0.05,0.75,0.15,0.01,0.0,0.243,0.6720588235294118,0.8227559962188847,0.154,,0.01,,0.0,,False,96.0,99.0,96.0,88.0,93.0,91.0,91.0,92.0,94.0,high,high,high,high,high,high,high,high,high,2026-05-18
hitter,SEA,CWS,Josh Naylor,647304,4.0,1B,Confirmed,4.68,,,,,0.56,0.58,,,,,0.5495938450173565,0.574066745355223,0.5747945505728402,0.5782726451035475,0.5846774193548387,0.6276618215047196,0.03954927386123949,0.030439933548845534,,,0.61,0.42,0.3,1.42,0.03,0.84,0.18,0.01,0.0,0.243,0.7899761336515513,0.8832979942824324,0.175,,0.011,,0.0,,False,96.0,99.0,96.0,88.0,93.0,91.0,91.0,92.0,94.0,high,high,high,high,high,high,high,high,high,2026-05-18
hitter,SEA,CWS,Rob Refsnyder,608701,5.0,DH,Confirmed,3.02,,,,,0.76,0.34,,,,,0.7180129842755353,0.7991018632134045,0.35859758087406035,0.31486555460613874,0.3344051446945337,0.2721396277064595,0.028764566782384222,0.02814335641951862,,,0.3,0.24,0.15,0.74,0.03,0.46,0.1,0.01,0.0,0.223,0.4591194968553459,0.4594054474035945,0.103,,0.007,,0.0,,False,96.0,99.0,96.0,88.0,93.0,91.0,91.0,92.0,94.0,high,high,high,high,high,high,high,high,high,2026-05-18
hitter,SEA,CWS,Connor Joe,656582,6.0,RF,Confirmed,2.55,,,,,0.8,0.18,,,,,0.8164734334455305,0.7885389002555151,0.18992437246549373,0.16390573691249838,0.4125159642401022,0.30505390408573474,0.05899621762705135,0.048015791582334405,,,0.35,0.18,0.14,0.65,0.05,0.61,0.07,0.01,0.0,0.216,0.6720588235294118,0.5579898498316255,0.072,,0.007,,0.0,,False,96.0,99.0,96.0,88.0,93.0,91.0,91.0,92.0,94.0,high,high,high,high,high,high,high,high,high,2026-05-18
hitter,SEA,CWS,Cole Young,702284,7.0,2B,Confirmed,4.18,,,,,0.66,0.47,,,,,0.651957666541594,0.6728474973982015,0.4535925322545853,0.47809877754028035,0.5290322580645161,0.5432611031880034,0.03478880096567468,0.027707540032145504,,,0.54,0.35,0.26,1.31,0.03,0.77,0.17,0.01,0.0,0.26,0.6720588235294118,0.8463117444029064,0.168,,0.01,,0.0,,False,96.0,99.0,96.0,88.0,93.0,91.0,91.0,92.0,94.0,high,high,high,high,high,high,high,high,high,2026-05-18
hitter,SEA,CWS,Colt Emerson,806068,8.0,3B,Confirmed,2.55,,,,,0.59,0.25,,,,,0.5634539112631153,0.6198788646723478,0.2762483873180166,0.2222962691256246,0.2543859649122807,0.16436993774955677,0.02182658078088019,0.00737737927790771,,,0.2,0.17,0.12,0.63,0.01,0.33,0.09,0.01,0.0,0.215,0.3888888888888889,0.28597942648081776,0.09,,0.008,,0.0,,False,96.0,99.0,96.0,88.0,93.0,91.0,91.0,92.0,94.0,high,high,high,high,high,high,high,high,high,2026-05-18
hitter,SEA,CWS,Jhonny Pereda,640902,9.0,C,Confirmed,3.02,,,,,0.98,0.23,,,,,0.9548765628554482,0.9972459548105356,0.26222995013395484,0.19494901870921943,0.5846774193548387,0.48756215465104347,0.08726619335072447,0.07871724936513773,,,0.53,0.2,0.14,0.69,0.08,0.88,0.1,0.01,0.0,0.22,1.001763668430335,0.7849114800643123,0.101,,0.009,,0.0,,False,96.0,99.0,96.0,88.0,93.0,91.0,91.0,92.0,94.0,high,high,high,high,high,high,high,high,high,2026-05-18
hitter,CWS,SEA,Sam Antonacci,803011,1.0,2B,Confirmed,3.74,,,,,0.52,0.23,,,,,0.5348670327028577,0.5104909785894115,0.2398338536616556,0.21338119197082853,1.0980834272829765,0.9423657164020292,0.030659133783986384,0.02827543926682167,,,1.01,0.35,0.25,1.3,0.03,1.28,0.12,0.01,0.0,0.239,1.3148148148148149,1.2561440821763998,0.117,,0.011,,0.0,,False,96.0,99.0,96.0,88.0,93.0,91.0,91.0,92.0,94.0,high,high,high,high,high,high,high,high,high,2026-05-18
hitter,CWS,SEA,Munetaka Murakami,808959,2.0,1B,Confirmed,4.39,,,,,1.3,0.55,,,,,1.3568865287855032,1.2391700356377,0.5497966801031715,0.5558391647577262,0.994208494208494,0.9523508499055445,0.1181236225189081,0.13286334931924593,,,0.97,0.46,0.28,1.44,0.13,1.59,0.17,0.01,0.0,0.287,1.5956790123456794,1.5776244391078473,0.171,,0.007,,0.0,,False,96.0,99.0,96.0,88.0,93.0,91.0,91.0,92.0,94.0,high,high,high,high,high,high,high,high,high,2026-05-18
hitter,CWS,SEA,Miguel Vargas,678246,3.0,3B,Confirmed,4.25,,,,,0.73,0.33,,,,,0.7528499557251793,0.7016438291431171,0.33706855597818963,0.33112094703997264,1.0980834272829765,1.005603206680409,0.07806738509738795,0.06023475475236077,,,1.05,0.43,0.34,1.57,0.07,1.48,0.14,0.01,0.0,0.26,1.4759615384615385,1.4786298074057644,0.138,,0.008,,0.0,,False,96.0,99.0,96.0,88.0,93.0,91.0,91.0,92.0,94.0,high,high,high,high,high,high,high,high,high,2026-05-18
hitter,CWS,SEA,Colson Montgomery,695657,4.0,SS,Confirmed,4.25,,,,,1.15,0.31,,,,,1.1831101307794905,1.1107720225286135,0.3275414536013982,0.2928603468793999,0.994208494208494,0.9552193134560013,0.0834969998374743,0.11392188313555016,,,0.97,0.39,0.3,1.4,0.1,1.5,0.13,0.01,0.0,0.244,1.4759615384615385,1.5241271446551516,0.132,,0.008,,0.0,,False,96.0,99.0,96.0,88.0,93.0,91.0,91.0,92.0,94.0,high,high,high,high,high,high,high,high,high,2026-05-18
hitter,CWS,SEA,Andrew Benintendi,643217,5.0,DH,Confirmed,3.89,,,,,0.76,0.29,,,,,0.7772426211778466,0.7347322501622607,0.2792278438831002,0.2946976421981523,0.994208494208494,0.9178269652100738,0.040936382743307506,0.0399236317987152,,,0.95,0.35,0.26,1.25,0.04,1.22,0.14,0.01,0.0,0.239,1.239368165249089,1.2032114565654464,0.144,,0.007,,0.0,,False,96.0,99.0,96.0,88.0,93.0,91.0,91.0,92.0,94.0,high,high,high,high,high,high,high,high,high,2026-05-18
hitter,CWS,SEA,Jarred Kelenic,672284,6.0,RF,Confirmed,3.09,,,,,0.6,0.15,,,,,0.5633680300891126,0.6400621672118771,0.17560759519374858,0.13072438618282947,0.801980198019802,0.6556598360573493,0.27379643847670054,0.23452751055034643,,,0.72,0.2,0.18,0.79,0.25,1.52,0.12,0.01,0.0,0.202,1.684375,1.3902097759099132,0.124,,0.008,,0.0,,False,96.0,99.0,96.0,88.0,93.0,91.0,91.0,92.0,94.0,high,high,high,high,high,high,high,high,high,2026-05-18
hitter,CWS,SEA,Tristan Peters,671976,7.0,CF,Confirmed,3.02,,,,,0.71,0.16,,,,,0.7013075408036018,0.7255306981154009,0.17352284982251098,0.14545013348497401,0.707983193277311,0.6064278058268133,0.02414810135371279,0.018689255917346412,,,0.65,0.19,0.15,0.75,0.02,0.91,0.1,0.01,0.0,0.191,1.001763668430335,0.8330310033965401,0.104,,0.007,,0.0,,False,96.0,99.0,96.0,88.0,93.0,91.0,91.0,92.0,94.0,high,high,high,high,high,high,high,high,high,2026-05-18
hitter,CWS,SEA,Drew Romo,691011,8.0,C,Confirmed,3.33,,,,,0.62,0.22,,,,,0.5513439040331922,0.6925821217468774,0.250820057034596,0.18380552016169133,0.8949771689497716,0.7433579396423271,0.3486872299862887,0.3411568955611718,,,0.81,0.22,0.16,0.79,0.34,1.95,0.12,0.01,0.0,0.211,2.057017543859649,1.8534546177209432,0.116,,0.006,,0.0,,False,96.0,99.0,96.0,88.0,93.0,91.0,91.0,92.0,94.0,high,high,high,high,high,high,high,high,high,2026-05-18
hitter,CWS,SEA,Luisangel Acuña,682668,9.0,CF,Confirmed,2.77,,,,,0.58,0.12,,,,,0.6028943802327434,0.5615285865236933,0.14543940902759897,0.10391809788029922,0.6434108527131783,0.4427488432531358,0.016963817978784945,0.005239853522492739,,,0.53,0.18,0.14,0.74,0.01,0.64,0.08,0.01,0.0,0.191,0.6720588235294118,0.6104370524302727,0.082,,0.007,,0.0,,False,96.0,99.0,96.0,88.0,93.0,91.0,91.0,92.0,94.0,high,high,high,high,high,high,high,high,high,2026-05-18
